date,strike,expiry,type,product,oi,iv,days_to_expiry,settlement
2026-07-30,20000,2026-08-13,put,regular,2494,1.7035,14,1.0
2026-07-30,22000,2026-08-13,put,regular,531,1.6466,14,2.0
2026-07-30,24000,2026-08-13,put,regular,429,1.5137,14,2.0
2026-07-30,25000,2026-08-13,put,regular,5333,1.499,14,3.0
2026-07-30,26000,2026-08-13,put,regular,122,1.4373,14,3.0
2026-07-30,27000,2026-08-13,put,regular,180,1.4115,14,4.0
2026-07-30,28000,2026-08-13,put,regular,292,1.353,14,4.0
2026-07-30,29000,2026-08-13,put,regular,281,1.2965,14,4.0
2026-07-30,30000,2026-08-13,put,regular,5592,1.2664,14,5.0
2026-07-30,31000,2026-08-13,put,regular,350,1.2328,14,6.0
2026-07-30,32000,2026-08-13,put,regular,238,1.1799,14,6.0
2026-07-30,33000,2026-08-13,put,regular,181,1.1598,14,8.0
2026-07-30,34000,2026-08-13,put,regular,151,1.1216,14,9.0
2026-07-30,35000,2026-08-13,put,regular,2148,1.0828,14,10.0
2026-07-30,36000,2026-08-13,put,regular,249,1.0436,14,11.0
2026-07-30,37000,2026-08-13,put,regular,201,1.0209,14,14.0
2026-07-30,37250,2026-08-13,put,regular,3,1.0087,14,14.0
2026-07-30,37500,2026-08-13,put,regular,53,1.0041,14,15.0
2026-07-30,37750,2026-08-13,put,regular,46000,0.992,14,15.0
2026-07-30,38000,2026-08-13,put,regular,1586,0.987,14,16.0
2026-07-30,38250,2026-08-13,put,regular,4,0.9749,14,16.0
2026-07-30,38500,2026-08-13,put,regular,82,0.9758,14,18.0
2026-07-30,38750,2026-08-13,put,regular,3,0.9637,14,18.0
2026-07-30,39000,2026-08-13,put,regular,226,0.9518,14,18.0
2026-07-30,39250,2026-08-13,put,regular,5,0.9457,14,19.0
2026-07-30,39500,2026-08-13,put,regular,8,0.9394,14,20.0
2026-07-30,39750,2026-08-13,put,regular,12,0.9329,14,21.0
2026-07-30,40000,2026-08-13,put,regular,2081,0.921,14,21.0
2026-07-30,40250,2026-08-13,put,regular,7,0.9142,14,22.0
2026-07-30,40500,2026-08-13,put,regular,34,0.9119,14,24.0
2026-07-30,40750,2026-08-13,put,regular,14,0.9001,14,24.0
2026-07-30,41000,2026-08-13,put,regular,172,0.8927,14,25.0
2026-07-30,41250,2026-08-13,put,regular,25,0.8852,14,26.0
2026-07-30,41500,2026-08-13,put,regular,22,0.8776,14,27.0
2026-07-30,41750,2026-08-13,put,regular,20,0.8698,14,28.0
2026-07-30,42000,2026-08-13,put,regular,491,0.8581,14,28.0
2026-07-30,42250,2026-08-13,put,regular,1,0.8502,14,29.0
2026-07-30,42500,2026-08-13,put,regular,139,0.8422,14,30.0
2026-07-30,42750,2026-08-13,put,regular,37,0.8376,14,32.0
2026-07-30,43000,2026-08-13,put,regular,174,0.8325,14,34.0
2026-07-30,43250,2026-08-13,put,regular,10,0.8271,14,36.0
2026-07-30,43500,2026-08-13,put,regular,14,0.8214,14,38.0
2026-07-30,43750,2026-08-13,put,regular,49,0.8154,14,40.0
2026-07-30,44000,2026-08-13,put,regular,258,0.8144,14,44.0
2026-07-30,44250,2026-08-13,put,regular,9,0.8052,14,45.0
2026-07-30,44500,2026-08-13,put,regular,121,0.7959,14,46.0
2026-07-30,44750,2026-08-13,put,regular,57,0.7866,14,47.0
2026-07-30,45000,2026-08-13,put,regular,2392,0.7772,14,48.0
2026-07-30,45250,2026-08-13,put,regular,130,0.7701,14,50.0
2026-07-30,45500,2026-08-13,put,regular,201,0.7628,14,52.0
2026-07-30,45750,2026-08-13,put,regular,33,0.7594,14,56.0
2026-07-30,46000,2026-08-13,put,regular,415,0.7555,14,60.0
2026-07-30,46250,2026-08-13,put,regular,21,0.7475,14,62.0
2026-07-30,46500,2026-08-13,put,regular,282,0.7411,14,65.0
2026-07-30,46750,2026-08-13,put,regular,57,0.7328,14,67.0
2026-07-30,47000,2026-08-13,put,regular,460,0.726,14,70.0
2026-07-30,47250,2026-08-13,put,regular,69,0.7174,14,72.0
2026-07-30,47500,2026-08-13,put,regular,349,0.7102,14,75.0
2026-07-30,47750,2026-08-13,put,regular,184,0.7029,14,78.0
2026-07-30,48000,2026-08-13,put,regular,1068,0.6939,14,80.0
2026-07-30,48250,2026-08-13,put,regular,127,0.6863,14,83.0
2026-07-30,48500,2026-08-13,put,regular,334,0.6838,14,90.0
2026-07-30,48750,2026-08-13,put,regular,167,0.6782,14,95.0
2026-07-30,49000,2026-08-13,put,regular,1441,0.6771,14,104.0
2026-07-30,49250,2026-08-13,put,regular,141,0.6672,14,106.0
2026-07-30,49500,2026-08-13,put,regular,615,0.6573,14,108.0
2026-07-30,49750,2026-08-13,put,regular,56,0.6474,14,110.0
2026-07-30,50000,2026-08-13,put,regular,3182,0.6406,14,115.0
2026-07-30,50250,2026-08-13,put,regular,180,0.6335,14,120.0
2026-07-30,50500,2026-08-13,put,regular,458,0.6252,14,124.0
2026-07-30,50750,2026-08-13,put,regular,811,0.6187,14,130.0
2026-07-30,51000,2026-08-13,put,regular,1012,0.6092,14,133.0
2026-07-30,51250,2026-08-13,put,regular,57,0.603,14,140.0
2026-07-30,51500,2026-08-13,put,regular,268,0.5924,14,142.0
2026-07-30,51750,2026-08-13,put,regular,48,0.5947,14,160.0
2026-07-30,52000,2026-08-13,put,regular,942,0.5897,14,170.0
2026-07-30,52250,2026-08-13,put,regular,84,0.5844,14,180.0
2026-07-30,52500,2026-08-13,put,regular,519,0.5786,14,190.0
2026-07-30,52750,2026-08-13,put,regular,6,0.5691,14,195.0
2026-07-30,53000,2026-08-13,put,regular,1560,0.5602,14,201.0
2026-07-30,53250,2026-08-13,put,regular,54,0.5529,14,210.0
2026-07-30,53500,2026-08-13,put,regular,332,0.5484,14,224.0
2026-07-30,53750,2026-08-13,put,regular,72,0.5456,14,242.0
2026-07-30,54000,2026-08-13,put,regular,761,0.5362,14,249.0
2026-07-30,54250,2026-08-13,put,regular,191,0.5297,14,262.0
2026-07-30,54500,2026-08-13,put,regular,689,0.5173,14,264.0
2026-07-30,54750,2026-08-13,put,regular,79,0.5007,14,258.0
2026-07-30,55000,2026-08-13,put,regular,2369,0.5078,14,300.0
2026-07-30,55250,2026-08-13,put,regular,166,0.5009,14,315.0
2026-07-30,55500,2026-08-13,put,regular,609,0.4935,14,330.0
2026-07-30,55750,2026-08-13,put,regular,345,0.4859,14,345.0
2026-07-30,56000,2026-08-13,put,regular,907,0.4919,14,395.0
2026-07-30,56250,2026-08-13,put,regular,149,0.4868,14,420.0
2026-07-30,56500,2026-08-13,put,regular,1758,0.4794,14,440.0
2026-07-30,56750,2026-08-13,put,regular,39,0.4608,14,430.0
2026-07-30,56875,2026-08-13,put,regular,12,0.4569,14,440.0
2026-07-30,57000,2026-08-13,put,regular,1770,0.4718,14,505.0
2026-07-30,57125,2026-08-13,put,regular,103,0.4607,14,495.0
2026-07-30,57250,2026-08-13,put,regular,452,0.4563,14,505.0
2026-07-30,57375,2026-08-13,put,regular,16,0.4502,14,510.0
2026-07-30,57500,2026-08-13,put,regular,1309,0.4615,14,570.0
2026-07-30,57625,2026-08-13,put,regular,53,0.4488,14,555.0
2026-07-30,57750,2026-08-13,put,regular,62,0.4424,14,560.0
2026-07-30,57875,2026-08-13,put,regular,32,0.4389,14,575.0
2026-07-30,58000,2026-08-13,put,regular,4136,0.4428,14,615.0
2026-07-30,58125,2026-08-13,put,regular,25,0.4346,14,615.0
2026-07-30,58250,2026-08-13,put,regular,35,0.435,14,645.0
2026-07-30,58375,2026-08-13,put,regular,13,0.4295,14,655.0
2026-07-30,58500,2026-08-13,put,regular,361,0.4295,14,685.0
2026-07-30,58625,2026-08-13,put,regular,11,0.4237,14,695.0
2026-07-30,58750,2026-08-13,put,regular,76,0.4259,14,735.0
2026-07-30,58875,2026-08-13,put,regular,15,0.4186,14,740.0
2026-07-30,59000,2026-08-13,put,regular,1640,0.4332,14,830.0
2026-07-30,59125,2026-08-13,put,regular,43,0.4139,14,790.0
2026-07-30,59250,2026-08-13,put,regular,79,0.4101,14,810.0
2026-07-30,59375,2026-08-13,put,regular,30,0.4085,14,840.0
2026-07-30,59500,2026-08-13,put,regular,2035,0.4092,14,880.0
2026-07-30,59625,2026-08-13,put,regular,25,0.4108,14,925.0
2026-07-30,59750,2026-08-13,put,regular,30,0.4085,14,955.0
2026-07-30,59875,2026-08-13,put,regular,57,0.406,14,985.0
2026-07-30,60000,2026-08-13,put,regular,4250,0.4068,14,1030.0
2026-07-30,60125,2026-08-13,put,regular,102,0.4027,14,1055.0
2026-07-30,60250,2026-08-13,put,regular,97,0.3984,14,1080.0
2026-07-30,60375,2026-08-13,put,regular,40,0.3984,14,1125.0
2026-07-30,60500,2026-08-13,put,regular,609,0.3937,14,1150.0
2026-07-30,60625,2026-08-13,put,regular,363,0.3943,14,1200.0
2026-07-30,60750,2026-08-13,put,regular,45,0.3924,14,1240.0
2026-07-30,60875,2026-08-13,put,regular,28,0.3903,14,1280.0
2026-07-30,61000,2026-08-13,put,regular,1805,0.3998,14,1375.0
2026-07-30,61125,2026-08-13,put,regular,27,0.3886,14,1375.0
2026-07-30,61250,2026-08-13,put,regular,8,0.3868,14,1420.0
2026-07-30,61375,2026-08-13,put,regular,33,0.3847,14,1465.0
2026-07-30,61500,2026-08-13,put,regular,682,0.4034,14,1610.0
2026-07-30,61625,2026-08-13,put,regular,42,0.382,14,1565.0
2026-07-30,61750,2026-08-13,put,regular,63,0.3791,14,1610.0
2026-07-30,61875,2026-08-13,put,regular,11,0.3791,14,1670.0
2026-07-30,62000,2026-08-13,put,regular,2642,0.3964,14,1815.0
2026-07-30,62125,2026-08-13,put,regular,164,0.3763,14,1780.0
2026-07-30,62250,2026-08-13,put,regular,131,0.3713,14,1820.0
2026-07-30,62375,2026-08-13,put,regular,28,0.3733,14,1895.0
2026-07-30,62500,2026-08-13,put,regular,997,0.3411,14,1805.0
2026-07-30,62625,2026-08-13,put,regular,34,0.3703,14,2015.0
2026-07-30,62750,2026-08-13,put,regular,372,0.3683,14,2075.0
2026-07-30,62875,2026-08-13,put,regular,510,0.3671,14,2140.0
2026-07-30,63000,2026-08-13,put,regular,2969,0.3397,14,2080.0
2026-07-30,63125,2026-08-13,put,regular,81,0.3639,14,2270.0
2026-07-30,63250,2026-08-13,put,regular,144,0.3869,14,2455.0
2026-07-30,63375,2026-08-13,put,regular,60,0.3615,14,2410.0
2026-07-30,63500,2026-08-13,put,regular,818,0.3375,14,2375.0
2026-07-30,63625,2026-08-13,put,regular,36,0.3558,14,2540.0
2026-07-30,63750,2026-08-13,put,regular,8,0.3546,14,2615.0
2026-07-30,63875,2026-08-13,put,regular,50,0.3542,14,2695.0
2026-07-30,64000,2026-08-13,put,regular,2971,0.3864,14,2925.0
2026-07-30,64125,2026-08-13,put,regular,54,0.3514,14,2850.0
2026-07-30,64250,2026-08-13,put,regular,46,0.3489,14,2925.0
2026-07-30,64375,2026-08-13,put,regular,21,0.3473,14,3005.0
2026-07-30,64500,2026-08-13,put,regular,795,0.3441,14,3080.0
2026-07-30,64625,2026-08-13,put,regular,20,0.3453,14,3175.0
2026-07-30,64750,2026-08-13,put,regular,34,0.3427,14,3255.0
2026-07-30,64875,2026-08-13,put,regular,6,0.3421,14,3345.0
2026-07-30,65000,2026-08-13,put,regular,4978,0.3222,14,3360.0
2026-07-30,65125,2026-08-13,put,regular,7,0.3387,14,3520.0
2026-07-30,65250,2026-08-13,put,regular,80,0.3358,14,3605.0
2026-07-30,65375,2026-08-13,put,regular,8,0.3147,14,3625.0
2026-07-30,65500,2026-08-13,put,regular,995,0.3314,14,3785.0
2026-07-30,65625,2026-08-13,put,regular,65,0.3314,14,3885.0
2026-07-30,65750,2026-08-13,put,regular,153,0.3297,14,3980.0
2026-07-30,65875,2026-08-13,put,regular,512,0.3277,14,4075.0
2026-07-30,66000,2026-08-13,put,regular,1788,0.3063,14,4110.0
2026-07-30,66125,2026-08-13,put,regular,221,0.3238,14,4270.0
2026-07-30,66250,2026-08-13,put,regular,24,0.3204,14,4365.0
2026-07-30,66375,2026-08-13,put,regular,5,0.3199,14,4470.0
2026-07-30,66500,2026-08-13,put,regular,684,0.3083,14,4545.0
2026-07-30,66625,2026-08-13,put,regular,16,0.316,14,4675.0
2026-07-30,66750,2026-08-13,put,regular,15,0.3143,14,4780.0
2026-07-30,66875,2026-08-13,put,regular,82,0.3122,14,4885.0
2026-07-30,67000,2026-08-13,put,regular,1641,0.2922,14,4950.0
2026-07-30,67125,2026-08-13,put,regular,1,0.3715,14,5265.0
2026-07-30,67250,2026-08-13,put,regular,56,0.3687,14,5365.0
2026-07-30,67375,2026-08-13,put,regular,1,0.3674,14,5470.0
2026-07-30,67500,2026-08-13,put,regular,398,0.3034,14,5430.0
2026-07-30,67625,2026-08-13,put,regular,1,0.3656,14,5685.0
2026-07-30,67750,2026-08-13,put,regular,7,0.3632,14,5790.0
2026-07-30,68000,2026-08-13,put,regular,2402,0.2736,14,5850.0
2026-07-30,68125,2026-08-13,put,regular,2,0.3579,14,6115.0
2026-07-30,68250,2026-08-13,put,regular,191,0.3561,14,6225.0
2026-07-30,68375,2026-08-13,put,regular,27,0.2909,14,6230.0
2026-07-30,68500,2026-08-13,put,regular,221,0.2573,14,6315.0
2026-07-30,68625,2026-08-13,put,regular,1,0.3482,14,6555.0
2026-07-30,68750,2026-08-13,put,regular,9,0.3474,14,6670.0
2026-07-30,68875,2026-08-13,put,regular,6,0.3433,14,6780.0
2026-07-30,69000,2026-08-13,put,regular,1726,0.2,14,6780.0
2026-07-30,69125,2026-08-13,put,regular,10,0.3396,14,7010.0
2026-07-30,69500,2026-08-13,put,regular,602,0.2,14,7240.0
2026-07-30,69750,2026-08-13,put,regular,1,0.325,14,7590.0
2026-07-30,70000,2026-08-13,put,regular,3125,0.2,14,7740.0
2026-07-30,70125,2026-08-13,put,regular,1,0.315,14,7945.0
2026-07-30,70250,2026-08-13,put,regular,1,0.3122,14,8065.0
2026-07-30,70375,2026-08-13,put,regular,1,0.3005,14,8180.0
2026-07-30,70500,2026-08-13,put,regular,5,0.2,14,8220.0
2026-07-30,71000,2026-08-13,put,regular,186,0.2,14,8710.0
2026-07-30,72000,2026-08-13,put,regular,200,0.2,14,9690.0
2026-07-30,72250,2026-08-13,put,regular,1,0.2,14,9955.0
2026-07-30,73000,2026-08-13,put,regular,13,0.2,14,10680.0
2026-07-30,73750,2026-08-13,put,regular,5,0.2,14,11430.0
2026-07-30,74000,2026-08-13,put,regular,10,0.2,14,11675.0
2026-07-30,75000,2026-08-13,put,regular,61,0.2,14,12665.0
2026-07-30,77500,2026-08-13,put,regular,5,0.2,14,15160.0
2026-07-30,20000,2026-09-10,put,regular,981,1.1486,42,7.0
2026-07-30,21000,2026-09-10,put,regular,33,1.1146,42,8.0
2026-07-30,22000,2026-09-10,put,regular,20,1.0915,42,10.0
2026-07-30,23000,2026-09-10,put,regular,17,1.0823,42,14.0
2026-07-30,24000,2026-09-10,put,regular,19,1.0592,42,17.0
2026-07-30,25000,2026-09-10,put,regular,4697,0.996,42,14.0
2026-07-30,26000,2026-09-10,put,regular,120,1.0121,42,24.0
2026-07-30,27000,2026-09-10,put,regular,4,0.9616,42,22.0
2026-07-30,27500,2026-09-10,put,regular,15,0.9718,42,29.0
2026-07-30,28000,2026-09-10,put,regular,21,0.9592,42,31.0
2026-07-30,28750,2026-09-10,put,regular,65,0.9399,42,34.0
2026-07-30,29000,2026-09-10,put,regular,41,0.9301,42,34.0
2026-07-30,29250,2026-09-10,put,regular,360000,0.9237,42,35.0
2026-07-30,29750,2026-09-10,put,regular,294000,0.9136,42,38.0
2026-07-30,30000,2026-09-10,put,regular,4267,0.8949,42,35.0
2026-07-30,30500,2026-09-10,put,regular,86,0.8988,42,43.0
2026-07-30,31000,2026-09-10,put,regular,5,0.89,42,47.0
2026-07-30,31500,2026-09-10,put,regular,15,0.8806,42,51.0
2026-07-30,32000,2026-09-10,put,regular,37,0.8684,42,54.0
2026-07-30,33000,2026-09-10,put,regular,186,0.8358,42,56.0
2026-07-30,33500,2026-09-10,put,regular,432000,0.8292,42,62.0
2026-07-30,34000,2026-09-10,put,regular,19,0.8217,42,68.0
2026-07-30,34750,2026-09-10,put,regular,69,0.8107,42,78.0
2026-07-30,35000,2026-09-10,put,regular,1050,0.8062,42,81.0
2026-07-30,35500,2026-09-10,put,regular,199000,0.7954,42,86.0
2026-07-30,35750,2026-09-10,put,regular,50,0.7892,42,88.0
2026-07-30,36000,2026-09-10,put,regular,46,0.7591,42,73.0
2026-07-30,36750,2026-09-10,put,regular,56,0.7604,42,93.0
2026-07-30,37000,2026-09-10,put,regular,504,0.7566,42,97.0
2026-07-30,37500,2026-09-10,put,regular,2,0.7485,42,105.0
2026-07-30,37750,2026-09-10,put,regular,1,0.7398,42,105.0
2026-07-30,38000,2026-09-10,put,regular,763,0.7356,42,109.0
2026-07-30,38500,2026-09-10,put,regular,226,0.7246,42,115.0
2026-07-30,39000,2026-09-10,put,regular,61,0.7144,42,122.0
2026-07-30,39250,2026-09-10,put,regular,165,0.7097,42,126.0
2026-07-30,39500,2026-09-10,put,regular,350,0.7057,42,131.0
2026-07-30,40000,2026-09-10,put,regular,2614,0.6948,42,138.0
2026-07-30,40250,2026-09-10,put,regular,1,0.6897,42,142.0
2026-07-30,40500,2026-09-10,put,regular,176,0.6665,42,125.0
2026-07-30,40750,2026-09-10,put,regular,42,0.6617,42,129.0
2026-07-30,41000,2026-09-10,put,regular,865,0.6577,42,134.0
2026-07-30,41250,2026-09-10,put,regular,1,0.6568,42,143.0
2026-07-30,41500,2026-09-10,put,regular,77,0.6524,42,148.0
2026-07-30,42000,2026-09-10,put,regular,1948,0.6404,42,154.0
2026-07-30,42250,2026-09-10,put,regular,27,0.6328,42,155.0
2026-07-30,42500,2026-09-10,put,regular,50,0.6296,42,162.0
2026-07-30,42750,2026-09-10,put,regular,17,0.6248,42,167.0
2026-07-30,43000,2026-09-10,put,regular,1027,0.6298,42,187.0
2026-07-30,43250,2026-09-10,put,regular,65,0.6156,42,178.0
2026-07-30,43500,2026-09-10,put,regular,582,0.6106,42,183.0
2026-07-30,43750,2026-09-10,put,regular,9,0.6067,42,190.0
2026-07-30,44000,2026-09-10,put,regular,1455,0.605,42,201.0
2026-07-30,44250,2026-09-10,put,regular,27,0.5967,42,201.0
2026-07-30,44500,2026-09-10,put,regular,126,0.593,42,209.0
2026-07-30,44750,2026-09-10,put,regular,14,0.6014,42,240.0
2026-07-30,45000,2026-09-10,put,regular,2492,0.5867,42,228.0
2026-07-30,45250,2026-09-10,put,regular,1065000,0.5795,42,230.0
2026-07-30,45500,2026-09-10,put,regular,101,0.5747,42,237.0
2026-07-30,45750,2026-09-10,put,regular,33,0.5709,42,246.0
2026-07-30,46000,2026-09-10,put,regular,1945,0.5711,42,264.0
2026-07-30,46250,2026-09-10,put,regular,26,0.5641,42,267.0
2026-07-30,46500,2026-09-10,put,regular,341,0.5598,42,276.0
2026-07-30,46750,2026-09-10,put,regular,24,0.5563,42,287.0
2026-07-30,47000,2026-09-10,put,regular,1033,0.5517,42,296.0
2026-07-30,47250,2026-09-10,put,regular,19,0.5491,42,310.0
2026-07-30,47500,2026-09-10,put,regular,1016,0.5426,42,315.0
2026-07-30,47750,2026-09-10,put,regular,70,0.54,42,330.0
2026-07-30,48000,2026-09-10,put,regular,3224,0.5353,42,340.0
2026-07-30,48250,2026-09-10,put,regular,72,0.5287,42,345.0
2026-07-30,48500,2026-09-10,put,regular,676,0.5274,42,365.0
2026-07-30,48750,2026-09-10,put,regular,26,0.5224,42,375.0
2026-07-30,49000,2026-09-10,put,regular,1356,0.5189,42,390.0
2026-07-30,49250,2026-09-10,put,regular,209,0.5086,42,385.0
2026-07-30,49500,2026-09-10,put,regular,182,0.5082,42,410.0
2026-07-30,49750,2026-09-10,put,regular,141,0.5012,42,415.0
2026-07-30,50000,2026-09-10,put,regular,8919,0.5033,42,450.0
2026-07-30,50250,2026-09-10,put,regular,40,0.496,42,455.0
2026-07-30,50500,2026-09-10,put,regular,1330,0.4946,42,480.0
2026-07-30,50750,2026-09-10,put,regular,145,0.4914,42,500.0
2026-07-30,51000,2026-09-10,put,regular,1199,0.492,42,535.0
2026-07-30,51250,2026-09-10,put,regular,211,0.4831,42,535.0
2026-07-30,51500,2026-09-10,put,regular,241,0.4793,42,555.0
2026-07-30,51750,2026-09-10,put,regular,44,0.4754,42,575.0
2026-07-30,52000,2026-09-10,put,regular,1419,0.4713,42,595.0
2026-07-30,52250,2026-09-10,put,regular,61,0.467,42,615.0
2026-07-30,52500,2026-09-10,put,regular,643,0.4649,42,645.0
2026-07-30,52750,2026-09-10,put,regular,25,0.4603,42,665.0
2026-07-30,53000,2026-09-10,put,regular,1687,0.4696,42,750.0
2026-07-30,53250,2026-09-10,put,regular,15,0.4537,42,720.0
2026-07-30,53500,2026-09-10,put,regular,1760,0.4496,42,745.0
2026-07-30,53750,2026-09-10,put,regular,95,0.4433,42,760.0
2026-07-30,54000,2026-09-10,put,regular,2610,0.4418,42,800.0
2026-07-30,54250,2026-09-10,put,regular,2,0.4391,42,835.0
2026-07-30,54500,2026-09-10,put,regular,407,0.4352,42,865.0
2026-07-30,54750,2026-09-10,put,regular,236,0.4329,42,905.0
2026-07-30,55000,2026-09-10,put,regular,3705,0.4276,42,930.0
2026-07-30,55250,2026-09-10,put,regular,8,0.4248,42,970.0
2026-07-30,55500,2026-09-10,put,regular,650,0.4209,42,1005.0
2026-07-30,56000,2026-09-10,put,regular,2368,0.4141,42,1085.0
2026-07-30,56250,2026-09-10,put,regular,24,0.4119,42,1135.0
2026-07-30,56500,2026-09-10,put,regular,552,0.4174,42,1235.0
2026-07-30,56750,2026-09-10,put,regular,42,0.4059,42,1230.0
2026-07-30,57000,2026-09-10,put,regular,2935,0.4135,42,1350.0
2026-07-30,57250,2026-09-10,put,regular,27,0.4025,42,1350.0
2026-07-30,57500,2026-09-10,put,regular,597,0.396,42,1380.0
2026-07-30,57750,2026-09-10,put,regular,142,0.3928,42,1435.0
2026-07-30,58000,2026-09-10,put,regular,1979,0.3887,42,1485.0
2026-07-30,58250,2026-09-10,put,regular,175,0.3864,42,1550.0
2026-07-30,58500,2026-09-10,put,regular,918,0.3838,42,1615.0
2026-07-30,58750,2026-09-10,put,regular,69,0.3808,42,1680.0
2026-07-30,59000,2026-09-10,put,regular,2768,0.3762,42,1735.0
2026-07-30,59250,2026-09-10,put,regular,45,0.3746,42,1815.0
2026-07-30,59375,2026-09-10,put,regular,1,0.3698,42,1825.0
2026-07-30,59500,2026-09-10,put,regular,250,0.372,42,1890.0
2026-07-30,59750,2026-09-10,put,regular,24,0.3691,42,1965.0
2026-07-30,59875,2026-09-10,put,regular,1,0.3653,42,1985.0
2026-07-30,60000,2026-09-10,put,regular,4738,0.3652,42,2035.0
2026-07-30,60125,2026-09-10,put,regular,2895000,0.3632,42,2070.0
2026-07-30,60250,2026-09-10,put,regular,2,0.3629,42,2120.0
2026-07-30,60375,2026-09-10,put,regular,1,0.3606,42,2155.0
2026-07-30,60500,2026-09-10,put,regular,321,0.3608,42,2210.0
2026-07-30,60750,2026-09-10,put,regular,138,0.3584,42,2300.0
2026-07-30,61000,2026-09-10,put,regular,1019,0.3549,42,2385.0
2026-07-30,61250,2026-09-10,put,regular,3,0.3524,42,2480.0
2026-07-30,61500,2026-09-10,put,regular,46,0.35,42,2580.0
2026-07-30,61625,2026-09-10,put,regular,1,0.3487,42,2630.0
2026-07-30,61750,2026-09-10,put,regular,230,0.3467,42,2675.0
2026-07-30,62000,2026-09-10,put,regular,2924,0.3752,42,3040.0
2026-07-30,62125,2026-09-10,put,regular,3020000,0.3431,42,2835.0
2026-07-30,62250,2026-09-10,put,regular,21,0.3425,42,2895.0
2026-07-30,62375,2026-09-10,put,regular,102,0.3412,42,2950.0
2026-07-30,62500,2026-09-10,put,regular,723,0.3398,42,3005.0
2026-07-30,62625,2026-09-10,put,regular,3245000,0.3383,42,3060.0
2026-07-30,62750,2026-09-10,put,regular,6,0.3372,42,3120.0
2026-07-30,62875,2026-09-10,put,regular,3370000,0.3361,42,3180.0
2026-07-30,63000,2026-09-10,put,regular,3263,0.3349,42,3240.0
2026-07-30,63125,2026-09-10,put,regular,5,0.333,42,3295.0
2026-07-30,63250,2026-09-10,put,regular,34,0.3327,42,3365.0
2026-07-30,63375,2026-09-10,put,regular,7,0.3306,42,3420.0
2026-07-30,63500,2026-09-10,put,regular,222,0.3313,42,3500.0
2026-07-30,63750,2026-09-10,put,regular,6,0.3295,42,3635.0
2026-07-30,63875,2026-09-10,put,regular,37,0.3258,42,3680.0
2026-07-30,64000,2026-09-10,put,regular,2195,0.3261,42,3760.0
2026-07-30,64375,2026-09-10,put,regular,22,0.3234,42,3975.0
2026-07-30,64500,2026-09-10,put,regular,415,0.3233,42,4055.0
2026-07-30,64750,2026-09-10,put,regular,480,0.321,42,4200.0
2026-07-30,65000,2026-09-10,put,regular,3109,0.3182,42,4345.0
2026-07-30,65250,2026-09-10,put,regular,80,0.3162,42,4500.0
2026-07-30,65375,2026-09-10,put,regular,19,0.3069,42,4515.0
2026-07-30,65500,2026-09-10,put,regular,281,0.3143,42,4660.0
2026-07-30,65625,2026-09-10,put,regular,15,0.3113,42,4725.0
2026-07-30,65750,2026-09-10,put,regular,2,0.3127,42,4825.0
2026-07-30,66000,2026-09-10,put,regular,1786,0.2942,42,4870.0
2026-07-30,66125,2026-09-10,put,regular,37500000,0.3063,42,5050.0
2026-07-30,66250,2026-09-10,put,regular,8,0.308,42,5155.0
2026-07-30,66500,2026-09-10,put,regular,1559,0.3063,42,5330.0
2026-07-30,66625,2026-09-10,put,regular,15,0.3225,42,5540.0
2026-07-30,66750,2026-09-10,put,regular,9,0.3048,42,5510.0
2026-07-30,67000,2026-09-10,put,regular,1140,0.3073,42,5720.0
2026-07-30,67250,2026-09-10,put,regular,8,0.3011,42,5875.0
2026-07-30,67500,2026-09-10,put,regular,333,0.2981,42,6055.0
2026-07-30,67750,2026-09-10,put,regular,172,0.2953,42,6240.0
2026-07-30,68000,2026-09-10,put,regular,756,0.2936,42,6435.0
2026-07-30,68250,2026-09-10,put,regular,8,0.2922,42,6635.0
2026-07-30,68500,2026-09-10,put,regular,33,0.2904,42,6835.0
2026-07-30,68750,2026-09-10,put,regular,18,0.2889,42,7040.0
2026-07-30,69000,2026-09-10,put,regular,1146,0.2859,42,7240.0
2026-07-30,69500,2026-09-10,put,regular,4,0.2831,42,7665.0
2026-07-30,70000,2026-09-10,put,regular,1476,0.2641,42,8035.0
2026-07-30,71000,2026-09-10,put,regular,100,0.2626,42,8955.0
2026-07-30,71250,2026-09-10,put,regular,1,0.2645,42,9195.0
2026-07-30,73000,2026-09-10,put,regular,19,0.2,42,10755.0
2026-07-30,75000,2026-09-10,put,regular,1,0.2,42,12695.0
2026-07-30,80000,2026-09-10,put,regular,1,0.2,42,17560.0
2026-07-30,25000,2026-10-08,put,regular,19,0.8413,70,31.0
2026-07-30,30000,2026-10-08,put,regular,4,0.7554,70,68.0
2026-07-30,35000,2026-10-08,put,regular,1,0.671,70,129.0
2026-07-30,36000,2026-10-08,put,regular,1,0.6552,70,146.0
2026-07-30,37000,2026-10-08,put,regular,1,0.6389,70,164.0
2026-07-30,38000,2026-10-08,put,regular,2,0.6234,70,185.0
2026-07-30,39000,2026-10-08,put,regular,1,0.6079,70,208.0
2026-07-30,40000,2026-10-08,put,regular,104,0.6039,70,257.0
2026-07-30,41000,2026-10-08,put,regular,101,0.5853,70,280.0
2026-07-30,42000,2026-10-08,put,regular,101,0.569,70,310.0
2026-07-30,42750,2026-10-08,put,regular,1,0.5551,70,330.0
2026-07-30,43000,2026-10-08,put,regular,126,0.5517,70,340.0
2026-07-30,43750,2026-10-08,put,regular,9,0.539,70,365.0
2026-07-30,44000,2026-10-08,put,regular,20,0.5777,70,515.0
2026-07-30,44500,2026-10-08,put,regular,1,0.5274,70,395.0
2026-07-30,44750,2026-10-08,put,regular,11,0.5324,70,435.0
2026-07-30,45000,2026-10-08,put,regular,211,0.5178,70,410.0
2026-07-30,45250,2026-10-08,put,regular,8,0.5136,70,420.0
2026-07-30,45500,2026-10-08,put,regular,204,0.4914,70,370.0
2026-07-30,46000,2026-10-08,put,regular,190,0.5009,70,450.0
2026-07-30,46500,2026-10-08,put,regular,65,0.4812,70,430.0
2026-07-30,46750,2026-10-08,put,regular,106,0.4954,70,510.0
2026-07-30,47000,2026-10-08,put,regular,208,0.4932,70,530.0
2026-07-30,47250,2026-10-08,put,regular,18,0.4908,70,550.0
2026-07-30,47750,2026-10-08,put,regular,28,0.4868,70,595.0
2026-07-30,48000,2026-10-08,put,regular,407,0.484,70,615.0
2026-07-30,48250,2026-10-08,put,regular,12,0.4811,70,635.0
2026-07-30,48500,2026-10-08,put,regular,1,0.478,70,655.0
2026-07-30,48750,2026-10-08,put,regular,1,0.4759,70,680.0
2026-07-30,49000,2026-10-08,put,regular,104,0.4726,70,700.0
2026-07-30,49250,2026-10-08,put,regular,2,0.4701,70,725.0
2026-07-30,49500,2026-10-08,put,regular,5,0.4666,70,745.0
2026-07-30,49750,2026-10-08,put,regular,2,0.4639,70,770.0
2026-07-30,50000,2026-10-08,put,regular,556,0.4592,70,785.0
2026-07-30,50250,2026-10-08,put,regular,4,0.4562,70,810.0
2026-07-30,50500,2026-10-08,put,regular,105,0.4549,70,845.0
2026-07-30,50750,2026-10-08,put,regular,1,0.4517,70,870.0
2026-07-30,51000,2026-10-08,put,regular,1,0.4406,70,850.0
2026-07-30,51250,2026-10-08,put,regular,1,0.4356,70,865.0
2026-07-30,51500,2026-10-08,put,regular,176,0.428,70,865.0
2026-07-30,51750,2026-10-08,put,regular,1,0.4254,70,895.0
2026-07-30,52000,2026-10-08,put,regular,354,0.4234,70,930.0
2026-07-30,52500,2026-10-08,put,regular,152,0.4151,70,975.0
2026-07-30,52750,2026-10-08,put,regular,1,0.4127,70,1010.0
2026-07-30,53000,2026-10-08,put,regular,238,0.4124,70,1060.0
2026-07-30,53250,2026-10-08,put,regular,1,0.4089,70,1090.0
2026-07-30,53500,2026-10-08,put,regular,201,0.4067,70,1130.0
2026-07-30,54000,2026-10-08,put,regular,109,0.4039,70,1225.0
2026-07-30,54250,2026-10-08,put,regular,7,0.3991,70,1250.0
2026-07-30,54750,2026-10-08,put,regular,6,0.3945,70,1340.0
2026-07-30,55000,2026-10-08,put,regular,707,0.3926,70,1390.0
2026-07-30,55250,2026-10-08,put,regular,31,0.3893,70,1430.0
2026-07-30,55500,2026-10-08,put,regular,100,0.3882,70,1490.0
2026-07-30,55750,2026-10-08,put,regular,101,0.3845,70,1530.0
2026-07-30,56000,2026-10-08,put,regular,252,0.3783,70,1550.0
2026-07-30,56250,2026-10-08,put,regular,5,0.3802,70,1640.0
2026-07-30,56500,2026-10-08,put,regular,4,0.3783,70,1700.0
2026-07-30,56750,2026-10-08,put,regular,20,0.3763,70,1760.0
2026-07-30,57000,2026-10-08,put,regular,252,0.374,70,1820.0
2026-07-30,57500,2026-10-08,put,regular,200,0.37,70,1950.0
2026-07-30,57750,2026-10-08,put,regular,31,0.3682,70,2020.0
2026-07-30,58000,2026-10-08,put,regular,1206,0.3662,70,2090.0
2026-07-30,58250,2026-10-08,put,regular,5,0.364,70,2160.0
2026-07-30,58500,2026-10-08,put,regular,6,0.3626,70,2240.0
2026-07-30,58750,2026-10-08,put,regular,7,0.36,70,2310.0
2026-07-30,59000,2026-10-08,put,regular,125,0.3542,70,2350.0
2026-07-30,59250,2026-10-08,put,regular,17,0.3522,70,2430.0
2026-07-30,59500,2026-10-08,put,regular,7,0.3534,70,2545.0
2026-07-30,59750,2026-10-08,put,regular,1,0.3534,70,2650.0
2026-07-30,60000,2026-10-08,put,regular,1739,0.3512,70,2735.0
2026-07-30,60500,2026-10-08,put,regular,102,0.347,70,2915.0
2026-07-30,60750,2026-10-08,put,regular,48,0.3456,70,3015.0
2026-07-30,61000,2026-10-08,put,regular,202,0.3443,70,3120.0
2026-07-30,62000,2026-10-08,put,regular,523,0.3385,70,3555.0
2026-07-30,64000,2026-10-08,put,regular,950,0.3274,70,4560.0
2026-07-30,64500,2026-10-08,put,regular,230,0.322,70,4810.0
2026-07-30,64750,2026-10-08,put,regular,1,0.3217,70,4965.0
2026-07-30,65000,2026-10-08,put,regular,850,0.3216,70,5125.0
2026-07-30,65500,2026-10-08,put,regular,60,0.3189,70,5425.0
2026-07-30,66000,2026-10-08,put,regular,1,0.3185,70,5760.0
2026-07-30,67000,2026-10-08,put,regular,201,0.3136,70,6420.0
2026-07-30,68000,2026-10-08,put,regular,536,0.312,70,7150.0
2026-07-30,68500,2026-10-08,put,regular,2,0.328,70,7680.0
2026-07-30,69000,2026-10-08,put,regular,200,0.3242,70,8035.0
2026-07-30,69500,2026-10-08,put,regular,75,0.3215,70,8410.0
2026-07-30,70000,2026-10-08,put,regular,112,0.319,70,8795.0
2026-07-30,72500,2026-10-08,put,regular,1,0.3275,70,10975.0
2026-07-30,79000,2026-10-08,put,regular,2,0.3363,70,16995.0
2026-07-30,85000,2026-10-08,put,regular,20,0.355,70,22860.0
2026-07-30,25000,2026-11-12,put,regular,8,0.7454,105,60.0
2026-07-30,30000,2026-11-12,put,regular,1,0.6684,105,118.0
2026-07-30,35000,2026-11-12,put,regular,2,0.5973,105,213.0
2026-07-30,37000,2026-11-12,put,regular,2,0.5699,105,265.0
2026-07-30,38000,2026-11-12,put,regular,1,0.5569,105,296.0
2026-07-30,40000,2026-11-12,put,regular,2,0.5241,105,345.0
2026-07-30,42000,2026-11-12,put,regular,150,0.4916,105,400.0
2026-07-30,43000,2026-11-12,put,regular,67,0.4805,105,450.0
2026-07-30,48750,2026-11-12,put,regular,40,0.4262,105,915.0
2026-07-30,51000,2026-11-12,put,regular,100,0.4009,105,1155.0
2026-07-30,51250,2026-11-12,put,regular,40,0.4018,105,1215.0
2026-07-30,52000,2026-11-12,put,regular,25,0.392,105,1300.0
2026-07-30,53000,2026-11-12,put,regular,55,0.3837,105,1465.0
2026-07-30,53750,2026-11-12,put,regular,1,0.3774,105,1600.0
2026-07-30,56000,2026-11-12,put,regular,150,0.3675,105,2170.0
2026-07-30,56500,2026-11-12,put,regular,33,0.3666,105,2330.0
2026-07-30,58000,2026-11-12,put,regular,125,0.3463,105,2645.0
2026-07-30,59000,2026-11-12,put,regular,125,0.3402,105,2975.0
2026-07-30,59500,2026-11-12,put,regular,459,0.3371,105,3150.0
2026-07-30,60000,2026-11-12,put,regular,470,0.3337,105,3330.0
2026-07-30,60500,2026-11-12,put,regular,100,0.3313,105,3530.0
2026-07-30,61000,2026-11-12,put,regular,620,0.3289,105,3740.0
2026-07-30,62000,2026-11-12,put,regular,300,0.3238,105,4180.0
2026-07-30,63000,2026-11-12,put,regular,50,0.3145,105,4600.0
2026-07-30,64000,2026-11-12,put,regular,560,0.3103,105,5125.0
2026-07-30,64500,2026-11-12,put,regular,350,0.3081,105,5400.0
2026-07-30,65000,2026-11-12,put,regular,300,0.3059,105,5685.0
2026-07-30,66000,2026-11-12,put,regular,150,0.3014,105,6280.0
2026-07-30,67000,2026-11-12,put,regular,350,0.2984,105,6930.0
2026-07-30,67500,2026-11-12,put,regular,4,0.3027,105,7340.0
2026-07-30,68500,2026-11-12,put,regular,328,0.2998,105,8040.0
2026-07-30,70000,2026-11-12,put,regular,460,0.2884,105,9075.0
2026-07-30,72500,2026-11-12,put,regular,330,0.2916,105,11175.0
2026-07-30,12500,2026-12-10,put,regular,445,0.9438,133,11.0
2026-07-30,13000,2026-12-10,put,regular,4,0.9288,133,12.0
2026-07-30,13500,2026-12-10,put,regular,100,0.9067,133,12.0
2026-07-30,14000,2026-12-10,put,regular,11,0.8855,133,12.0
2026-07-30,14500,2026-12-10,put,regular,1,0.8719,133,13.0
2026-07-30,14750,2026-12-10,put,regular,1,0.8619,133,13.0
2026-07-30,15000,2026-12-10,put,regular,5,0.8521,133,13.0
2026-07-30,16000,2026-12-10,put,regular,3,0.8261,133,15.0
2026-07-30,17000,2026-12-10,put,regular,3,0.8004,133,17.0
2026-07-30,18000,2026-12-10,put,regular,153,0.7834,133,21.0
2026-07-30,19000,2026-12-10,put,regular,650,0.7715,133,27.0
2026-07-30,20000,2026-12-10,put,regular,2350,0.7566,133,33.0
2026-07-30,21000,2026-12-10,put,regular,350,0.7422,133,40.0
2026-07-30,21500,2026-12-10,put,regular,500,0.7354,133,44.0
2026-07-30,22000,2026-12-10,put,regular,1715,0.7281,133,48.0
2026-07-30,22500,2026-12-10,put,regular,150,0.7222,133,53.0
2026-07-30,23000,2026-12-10,put,regular,2105,0.7141,133,57.0
2026-07-30,23500,2026-12-10,put,regular,127,0.7074,133,62.0
2026-07-30,24000,2026-12-10,put,regular,400,0.7016,133,68.0
2026-07-30,24500,2026-12-10,put,regular,250,0.6914,133,71.0
2026-07-30,24750,2026-12-10,put,regular,1,0.6857,133,72.0
2026-07-30,25000,2026-12-10,put,regular,2461,0.6813,133,74.0
2026-07-30,25250,2026-12-10,put,regular,1,0.678,133,77.0
2026-07-30,25500,2026-12-10,put,regular,2,0.6747,133,80.0
2026-07-30,26000,2026-12-10,put,regular,1425,0.6679,133,86.0
2026-07-30,26500,2026-12-10,put,regular,1,0.6607,133,92.0
2026-07-30,27000,2026-12-10,put,regular,2630,0.6533,133,98.0
2026-07-30,27500,2026-12-10,put,regular,25,0.6467,133,105.0
2026-07-30,27750,2026-12-10,put,regular,72,0.6437,133,109.0
2026-07-30,28000,2026-12-10,put,regular,1326,0.6397,133,112.0
2026-07-30,28500,2026-12-10,put,regular,400,0.6334,133,120.0
2026-07-30,29000,2026-12-10,put,regular,1450,0.6268,133,128.0
2026-07-30,30000,2026-12-10,put,regular,5896,0.6136,133,145.0
2026-07-30,30500,2026-12-10,put,regular,51,0.6069,133,154.0
2026-07-30,31000,2026-12-10,put,regular,2237,0.6007,133,164.0
2026-07-30,31500,2026-12-10,put,regular,350,0.5942,133,174.0
2026-07-30,32000,2026-12-10,put,regular,4655,0.5881,133,185.0
2026-07-30,32250,2026-12-10,put,regular,600,0.5847,133,190.0
2026-07-30,32500,2026-12-10,put,regular,900,0.5817,133,196.0
2026-07-30,33000,2026-12-10,put,regular,3362,0.5756,133,208.0
2026-07-30,33250,2026-12-10,put,regular,37,0.5725,133,214.0
2026-07-30,33500,2026-12-10,put,regular,72,0.5693,133,220.0
2026-07-30,34000,2026-12-10,put,regular,2820,0.5632,133,233.0
2026-07-30,34500,2026-12-10,put,regular,560,0.5569,133,246.0
2026-07-30,34750,2026-12-10,put,regular,1,0.5539,133,253.0
2026-07-30,35000,2026-12-10,put,regular,4977,0.5512,133,261.0
2026-07-30,36000,2026-12-10,put,regular,2905,0.5391,133,291.0
2026-07-30,36500,2026-12-10,put,regular,225,0.5341,133,310.0
2026-07-30,36750,2026-12-10,put,regular,400,0.5317,133,320.0
2026-07-30,37000,2026-12-10,put,regular,2537,0.5292,133,330.0
2026-07-30,37500,2026-12-10,put,regular,188,0.5223,133,345.0
2026-07-30,37750,2026-12-10,put,regular,100,0.5196,133,355.0
2026-07-30,38000,2026-12-10,put,regular,2686,0.5169,133,365.0
2026-07-30,38500,2026-12-10,put,regular,1150,0.5112,133,385.0
2026-07-30,38750,2026-12-10,put,regular,50,0.5082,133,395.0
2026-07-30,39000,2026-12-10,put,regular,2505,0.5052,133,405.0
2026-07-30,39250,2026-12-10,put,regular,650,0.5035,133,420.0
2026-07-30,39500,2026-12-10,put,regular,1008,0.5004,133,430.0
2026-07-30,40000,2026-12-10,put,regular,6178,0.4953,133,455.0
2026-07-30,40250,2026-12-10,put,regular,5,0.492,133,465.0
2026-07-30,40500,2026-12-10,put,regular,1469,0.4899,133,480.0
2026-07-30,41000,2026-12-10,put,regular,1825,0.4843,133,505.0
2026-07-30,41250,2026-12-10,put,regular,3,0.4819,133,520.0
2026-07-30,41500,2026-12-10,put,regular,101,0.4795,133,535.0
2026-07-30,42000,2026-12-10,put,regular,3599,0.4734,133,560.0
2026-07-30,42500,2026-12-10,put,regular,300,0.4691,133,595.0
2026-07-30,43000,2026-12-10,put,regular,1690,0.4636,133,625.0
2026-07-30,43500,2026-12-10,put,regular,100,0.4587,133,660.0
2026-07-30,43750,2026-12-10,put,regular,9,0.4566,133,680.0
2026-07-30,44000,2026-12-10,put,regular,3190,0.4535,133,695.0
2026-07-30,45000,2026-12-10,put,regular,2723,0.4441,133,775.0
2026-07-30,45250,2026-12-10,put,regular,51,0.4424,133,800.0
2026-07-30,45500,2026-12-10,put,regular,350,0.4397,133,820.0
2026-07-30,46000,2026-12-10,put,regular,3657,0.4351,133,865.0
2026-07-30,47000,2026-12-10,put,regular,2846,0.4262,133,965.0
2026-07-30,47500,2026-12-10,put,regular,1117,0.4199,133,1005.0
2026-07-30,48000,2026-12-10,put,regular,4167,0.4174,133,1075.0
2026-07-30,48500,2026-12-10,put,regular,300,0.4131,133,1135.0
2026-07-30,49000,2026-12-10,put,regular,3177,0.4085,133,1195.0
2026-07-30,49500,2026-12-10,put,regular,2717,0.4083,133,1295.0
2026-07-30,50000,2026-12-10,put,regular,6001,0.3967,133,1300.0
2026-07-30,50250,2026-12-10,put,regular,16,0.4045,133,1425.0
2026-07-30,50500,2026-12-10,put,regular,685,0.4016,133,1455.0
2026-07-30,50750,2026-12-10,put,regular,45,0.3986,133,1485.0
2026-07-30,51000,2026-12-10,put,regular,1680,0.3956,133,1515.0
2026-07-30,51500,2026-12-10,put,regular,20,0.3883,133,1565.0
2026-07-30,52000,2026-12-10,put,regular,2825,0.3817,133,1625.0
2026-07-30,52250,2026-12-10,put,regular,525,0.3799,133,1670.0
2026-07-30,52500,2026-12-10,put,regular,417,0.3779,133,1715.0
2026-07-30,53000,2026-12-10,put,regular,1398,0.3741,133,1810.0
2026-07-30,53250,2026-12-10,put,regular,186,0.3723,133,1860.0
2026-07-30,53500,2026-12-10,put,regular,205,0.3704,133,1910.0
2026-07-30,53750,2026-12-10,put,regular,4,0.3689,133,1965.0
2026-07-30,54000,2026-12-10,put,regular,2817,0.3672,133,2020.0
2026-07-30,54500,2026-12-10,put,regular,440,0.3657,133,2155.0
2026-07-30,55000,2026-12-10,put,regular,4713,0.3641,133,2295.0
2026-07-30,55500,2026-12-10,put,regular,100,0.3627,133,2445.0
2026-07-30,56000,2026-12-10,put,regular,2276,0.3613,133,2600.0
2026-07-30,56500,2026-12-10,put,regular,151,0.3597,133,2760.0
2026-07-30,57000,2026-12-10,put,regular,1750,0.3564,133,2905.0
2026-07-30,57500,2026-12-10,put,regular,850,0.3531,133,3055.0
2026-07-30,58000,2026-12-10,put,regular,1549,0.339,133,3065.0
2026-07-30,58500,2026-12-10,put,regular,850,0.3378,133,3255.0
2026-07-30,59000,2026-12-10,put,regular,2240,0.3361,133,3445.0
2026-07-30,59500,2026-12-10,put,regular,250,0.3332,133,3625.0
2026-07-30,60000,2026-12-10,put,regular,8923,0.3311,133,3825.0
2026-07-30,60500,2026-12-10,put,regular,100,0.3289,133,4030.0
2026-07-30,61000,2026-12-10,put,regular,1650,0.3265,133,4240.0
2026-07-30,61500,2026-12-10,put,regular,1,0.3249,133,4470.0
2026-07-30,62000,2026-12-10,put,regular,2231,0.3224,133,4695.0
2026-07-30,62250,2026-12-10,put,regular,350,0.3215,133,4815.0
2026-07-30,62500,2026-12-10,put,regular,385,0.3168,133,4880.0
2026-07-30,63000,2026-12-10,put,regular,1851,0.3153,133,5135.0
2026-07-30,63750,2026-12-10,put,regular,25,0.3129,133,5530.0
2026-07-30,64000,2026-12-10,put,regular,1125,0.3117,133,5660.0
2026-07-30,65000,2026-12-10,put,regular,2979,0.3079,133,6215.0
2026-07-30,65500,2026-12-10,put,regular,580,0.3067,133,6515.0
2026-07-30,66000,2026-12-10,put,regular,301,0.3056,133,6825.0
2026-07-30,67000,2026-12-10,put,regular,1405,0.3026,133,7455.0
2026-07-30,67250,2026-12-10,put,regular,25,0.302,133,7620.0
2026-07-30,67500,2026-12-10,put,regular,25,0.3013,133,7785.0
2026-07-30,68000,2026-12-10,put,regular,1500,0.3041,133,8180.0
2026-07-30,68500,2026-12-10,put,regular,203,0.3036,133,8535.0
2026-07-30,68750,2026-12-10,put,regular,100,0.3034,133,8715.0
2026-07-30,69000,2026-12-10,put,regular,1470,0.3026,133,8890.0
2026-07-30,70000,2026-12-10,put,regular,1668,0.2955,133,9555.0
2026-07-30,71000,2026-12-10,put,regular,31,0.2992,133,10385.0
2026-07-30,72000,2026-12-10,put,regular,120,0.2915,133,11100.0
2026-07-30,72500,2026-12-10,put,regular,320,0.2976,133,11580.0
2026-07-30,74000,2026-12-10,put,regular,100,0.2971,133,12835.0
2026-07-30,76000,2026-12-10,put,regular,300,0.297,133,14575.0
2026-07-30,80000,2026-12-10,put,regular,3700,0.2954,133,18205.0
2026-07-30,44000,2027-01-07,put,regular,331,0.4349,161,840.0
2026-07-30,45000,2027-01-07,put,regular,600,0.4261,161,930.0
2026-07-30,47000,2027-01-07,put,regular,98,0.4091,161,1140.0
2026-07-30,48000,2027-01-07,put,regular,200,0.3962,161,1220.0
2026-07-30,50000,2027-01-07,put,regular,15,0.3809,161,1500.0
2026-07-30,52500,2027-01-07,put,regular,20,0.363,161,1940.0
2026-07-30,58000,2027-01-07,put,regular,57,0.3266,161,3340.0
2026-07-30,60000,2027-01-07,put,regular,1,0.3169,161,4075.0
2026-07-30,60500,2027-01-07,put,regular,41,0.3144,161,4275.0
2026-07-30,64000,2027-01-07,put,regular,100,0.2993,161,5920.0
2026-07-30,65000,2027-01-07,put,regular,3,0.2953,161,6465.0
2026-07-30,66000,2027-01-07,put,regular,78,0.2919,161,7050.0
2026-07-30,47000,2027-02-10,put,regular,125,0.3915,195,1325.0
2026-07-30,29000,2027-03-11,put,regular,1,0.5487,224,271.0
2026-07-30,30000,2027-03-11,put,regular,1,0.5388,224,305.0
2026-07-30,33000,2027-03-11,put,regular,113,0.506,224,410.0
2026-07-30,35000,2027-03-11,put,regular,600,0.4862,224,500.0
2026-07-30,37000,2027-03-11,put,regular,500,0.4679,224,610.0
2026-07-30,38000,2027-03-11,put,regular,265,0.4586,224,670.0
2026-07-30,40000,2027-03-11,put,regular,471,0.4404,224,805.0
2026-07-30,41000,2027-03-11,put,regular,250,0.432,224,885.0
2026-07-30,42000,2027-03-11,put,regular,749,0.4242,224,975.0
2026-07-30,42500,2027-03-11,put,regular,200,0.42,224,1020.0
2026-07-30,43000,2027-03-11,put,regular,62,0.4162,224,1070.0
2026-07-30,43500,2027-03-11,put,regular,66,0.4087,224,1090.0
2026-07-30,44000,2027-03-11,put,regular,450,0.4018,224,1115.0
2026-07-30,45000,2027-03-11,put,regular,1568,0.3948,224,1230.0
2026-07-30,46000,2027-03-11,put,regular,116,0.3879,224,1355.0
2026-07-30,47000,2027-03-11,put,regular,800,0.381,224,1490.0
2026-07-30,48000,2027-03-11,put,regular,299,0.3741,224,1635.0
2026-07-30,48500,2027-03-11,put,regular,51,0.3709,224,1715.0
2026-07-30,49000,2027-03-11,put,regular,100,0.3675,224,1795.0
2026-07-30,50000,2027-03-11,put,regular,1275,0.3615,224,1975.0
2026-07-30,50250,2027-03-11,put,regular,108,0.3599,224,2020.0
2026-07-30,51000,2027-03-11,put,regular,24,0.3553,224,2165.0
2026-07-30,51250,2027-03-11,put,regular,105,0.3537,224,2215.0
2026-07-30,52000,2027-03-11,put,regular,1585,0.3494,224,2375.0
2026-07-30,52500,2027-03-11,put,regular,50,0.3467,224,2490.0
2026-07-30,53000,2027-03-11,put,regular,525,0.3438,224,2605.0
2026-07-30,53500,2027-03-11,put,regular,200,0.3412,224,2730.0
2026-07-30,54000,2027-03-11,put,regular,224,0.3384,224,2855.0
2026-07-30,55000,2027-03-11,put,regular,416,0.3322,224,3110.0
2026-07-30,55500,2027-03-11,put,regular,100,0.3291,224,3245.0
2026-07-30,56000,2027-03-11,put,regular,401,0.3261,224,3385.0
2026-07-30,56250,2027-03-11,put,regular,120,0.3245,224,3455.0
2026-07-30,57000,2027-03-11,put,regular,1640,0.3212,224,3700.0
2026-07-30,58000,2027-03-11,put,regular,1950,0.3167,224,4045.0
2026-07-30,58500,2027-03-11,put,regular,15,0.3147,224,4230.0
2026-07-30,59500,2027-03-11,put,regular,253,0.3106,224,4615.0
2026-07-30,60000,2027-03-11,put,regular,1410,0.31,224,4845.0
2026-07-30,61000,2027-03-11,put,regular,160,0.3084,224,5315.0
2026-07-30,62000,2027-03-11,put,regular,200,0.3067,224,5810.0
2026-07-30,62500,2027-03-11,put,regular,500,0.3044,224,6040.0
2026-07-30,63000,2027-03-11,put,regular,1070,0.3034,224,6300.0
2026-07-30,64000,2027-03-11,put,regular,800,0.3003,224,6820.0
2026-07-30,65000,2027-03-11,put,regular,150,0.2975,224,7370.0
2026-07-30,66000,2027-03-11,put,regular,300,0.2923,224,7900.0
2026-07-30,66250,2027-03-11,put,regular,15,0.2898,224,8015.0
2026-07-30,66500,2027-03-11,put,regular,6,0.2878,224,8140.0
2026-07-30,67000,2027-03-11,put,regular,150,0.2862,224,8440.0
2026-07-30,68000,2027-03-11,put,regular,130,0.2834,224,9070.0
2026-07-30,69000,2027-03-11,put,regular,350,0.2807,224,9725.0
2026-07-30,70000,2027-03-11,put,regular,250,0.2788,224,10420.0
2026-07-30,72000,2027-03-11,put,regular,100,0.2732,224,11850.0
2026-07-30,48000,2027-05-13,put,regular,100,0.3701,287,2165.0
2026-07-30,12500,2027-06-10,put,regular,10,0.6755,315,28.0
2026-07-30,14500,2027-06-10,put,regular,4,0.6574,315,50.0
2026-07-30,15000,2027-06-10,put,regular,1,0.6516,315,56.0
2026-07-30,16250,2027-06-10,put,regular,167,0.6376,315,73.0
2026-07-30,23000,2027-06-10,put,regular,140,0.5637,315,212.0
2026-07-30,24000,2027-06-10,put,regular,100,0.5532,315,240.0
2026-07-30,25000,2027-06-10,put,regular,250,0.533,315,244.0
2026-07-30,26000,2027-06-10,put,regular,200,0.5229,315,274.0
2026-07-30,28000,2027-06-10,put,regular,895,0.5043,315,345.0
2026-07-30,28500,2027-06-10,put,regular,100,0.4985,315,360.0
2026-07-30,29000,2027-06-10,put,regular,66,0.494,315,380.0
2026-07-30,30000,2027-06-10,put,regular,275,0.4844,315,420.0
2026-07-30,31000,2027-06-10,put,regular,100,0.4766,315,470.0
2026-07-30,31500,2027-06-10,put,regular,1,0.4713,315,490.0
2026-07-30,32000,2027-06-10,put,regular,250,0.467,315,515.0
2026-07-30,33000,2027-06-10,put,regular,150,0.4589,315,570.0
2026-07-30,34000,2027-06-10,put,regular,750,0.451,315,630.0
2026-07-30,35000,2027-06-10,put,regular,1327,0.4425,315,690.0
2026-07-30,35500,2027-06-10,put,regular,145,0.4388,315,725.0
2026-07-30,36000,2027-06-10,put,regular,300,0.4349,315,760.0
2026-07-30,37000,2027-06-10,put,regular,50,0.4274,315,835.0
2026-07-30,38000,2027-06-10,put,regular,200,0.4199,315,915.0
2026-07-30,38500,2027-06-10,put,regular,140,0.4159,315,955.0
2026-07-30,39000,2027-06-10,put,regular,50,0.4106,315,985.0
2026-07-30,39500,2027-06-10,put,regular,101,0.4035,315,1000.0
2026-07-30,40000,2027-06-10,put,regular,1095,0.4004,315,1050.0
2026-07-30,41000,2027-06-10,put,regular,100,0.3941,315,1155.0
2026-07-30,42000,2027-06-10,put,regular,400,0.3876,315,1265.0
2026-07-30,42500,2027-06-10,put,regular,61,0.3846,315,1325.0
2026-07-30,43000,2027-06-10,put,regular,35,0.3818,315,1390.0
2026-07-30,44000,2027-06-10,put,regular,196,0.3757,315,1520.0
2026-07-30,45000,2027-06-10,put,regular,720,0.37,315,1665.0
2026-07-30,46000,2027-06-10,put,regular,773,0.3644,315,1820.0
2026-07-30,46500,2027-06-10,put,regular,70,0.3615,315,1900.0
2026-07-30,47000,2027-06-10,put,regular,201,0.3587,315,1985.0
2026-07-30,47750,2027-06-10,put,regular,100,0.3548,315,2120.0
2026-07-30,48000,2027-06-10,put,regular,904,0.3537,315,2170.0
2026-07-30,49000,2027-06-10,put,regular,300,0.3485,315,2365.0
2026-07-30,50000,2027-06-10,put,regular,2067,0.3437,315,2580.0
2026-07-30,50500,2027-06-10,put,regular,175,0.3412,315,2690.0
2026-07-30,51000,2027-06-10,put,regular,100,0.3387,315,2805.0
2026-07-30,51250,2027-06-10,put,regular,3,0.3379,315,2870.0
2026-07-30,52000,2027-06-10,put,regular,1000,0.3343,315,3055.0
2026-07-30,52250,2027-06-10,put,regular,86,0.3332,315,3120.0
2026-07-30,52500,2027-06-10,put,regular,57,0.3326,315,3195.0
2026-07-30,53000,2027-06-10,put,regular,720,0.3315,315,3350.0
2026-07-30,53500,2027-06-10,put,regular,1,0.3307,315,3515.0
2026-07-30,53750,2027-06-10,put,regular,35,0.3295,315,3585.0
2026-07-30,54000,2027-06-10,put,regular,1352,0.3283,315,3655.0
2026-07-30,55000,2027-06-10,put,regular,1300,0.3243,315,3965.0
2026-07-30,56000,2027-06-10,put,regular,785,0.3202,315,4290.0
2026-07-30,56500,2027-06-10,put,regular,40,0.3185,315,4465.0
2026-07-30,57000,2027-06-10,put,regular,775,0.3153,315,4615.0
2026-07-30,57750,2027-06-10,put,regular,103,0.3124,315,4890.0
2026-07-30,58000,2027-06-10,put,regular,317,0.3118,315,4990.0
2026-07-30,59000,2027-06-10,put,regular,400,0.3083,315,5385.0
2026-07-30,59500,2027-06-10,put,regular,112,0.3067,315,5595.0
2026-07-30,60000,2027-06-10,put,regular,895,0.3052,315,5810.0
2026-07-30,61000,2027-06-10,put,regular,3,0.3023,315,6260.0
2026-07-30,62000,2027-06-10,put,regular,805,0.3006,315,6760.0
2026-07-30,63000,2027-06-10,put,regular,925,0.2993,315,7290.0
2026-07-30,64000,2027-06-10,put,regular,150,0.2975,315,7830.0
2026-07-30,64750,2027-06-10,put,regular,95,0.2938,315,8195.0
2026-07-30,65000,2027-06-10,put,regular,1486,0.2925,315,8320.0
2026-07-30,65500,2027-06-10,put,regular,26,0.2912,315,8600.0
2026-07-30,66000,2027-06-10,put,regular,50,0.2901,315,8890.0
2026-07-30,66750,2027-06-10,put,regular,150,0.2884,315,9335.0
2026-07-30,67000,2027-06-10,put,regular,870,0.2878,315,9485.0
2026-07-30,67500,2027-06-10,put,regular,100,0.2869,315,9795.0
2026-07-30,68000,2027-06-10,put,regular,450,0.2857,315,10105.0
2026-07-30,68500,2027-06-10,put,regular,200,0.2848,315,10425.0
2026-07-30,69000,2027-06-10,put,regular,15,0.284,315,10755.0
2026-07-30,70000,2027-06-10,put,regular,800,0.2819,315,11415.0
2026-07-30,72000,2027-06-10,put,regular,100,0.2785,315,12815.0
2026-07-30,77500,2027-06-10,put,regular,50,0.2711,315,17065.0
2026-07-30,67000,2027-07-08,put,regular,58,0.2936,343,9905.0
2026-07-30,31000,2027-09-09,put,regular,200,0.4347,406,550.0
2026-07-30,45000,2027-09-09,put,regular,100,0.3534,406,2060.0
2026-07-30,48000,2027-09-09,put,regular,100,0.3394,406,2640.0
2026-07-30,50000,2027-09-09,put,regular,25,0.3306,406,3095.0
2026-07-30,54250,2027-09-09,put,regular,200,0.314,406,4290.0
2026-07-30,58000,2027-09-09,put,regular,1,0.3019,406,5645.0
2026-07-30,60000,2027-09-09,put,regular,225,0.2991,406,6565.0
2026-07-30,68250,2027-09-09,put,regular,200,0.2801,406,10995.0
2026-07-30,68750,2027-09-09,put,regular,81,0.2774,406,11265.0
2026-07-30,12500,2027-12-09,put,regular,11,0.4841,497,10.0
2026-07-30,13000,2027-12-09,put,regular,1,0.4845,497,13.0
2026-07-30,16000,2027-12-09,put,regular,350,0.4828,497,45.0
2026-07-30,19000,2027-12-09,put,regular,300,0.4818,497,117.0
2026-07-30,20000,2027-12-09,put,regular,400,0.4817,497,154.0
2026-07-30,21000,2027-12-09,put,regular,50,0.4814,497,198.0
2026-07-30,22000,2027-12-09,put,regular,408,0.4779,497,241.0
2026-07-30,22500,2027-12-09,put,regular,36,0.4743,497,259.0
2026-07-30,23000,2027-12-09,put,regular,132,0.4708,497,278.0
2026-07-30,23750,2027-12-09,put,regular,39,0.4661,497,310.0
2026-07-30,24000,2027-12-09,put,regular,1721,0.4642,497,320.0
2026-07-30,25000,2027-12-09,put,regular,1210,0.4562,497,360.0
2026-07-30,26000,2027-12-09,put,regular,200,0.45,497,410.0
2026-07-30,26500,2027-12-09,put,regular,100,0.4465,497,435.0
2026-07-30,27000,2027-12-09,put,regular,1300,0.4429,497,460.0
2026-07-30,28000,2027-12-09,put,regular,2125,0.4352,497,510.0
2026-07-30,29000,2027-12-09,put,regular,350,0.4288,497,570.0
2026-07-30,29500,2027-12-09,put,regular,249,0.4253,497,600.0
2026-07-30,30000,2027-12-09,put,regular,2445,0.4217,497,630.0
2026-07-30,31000,2027-12-09,put,regular,1750,0.4155,497,700.0
2026-07-30,31500,2027-12-09,put,regular,204,0.4122,497,735.0
2026-07-30,32000,2027-12-09,put,regular,1425,0.4095,497,775.0
2026-07-30,32250,2027-12-09,put,regular,30,0.408,497,795.0
2026-07-30,32750,2027-12-09,put,regular,35,0.405,497,835.0
2026-07-30,33000,2027-12-09,put,regular,450,0.4034,497,855.0
2026-07-30,34000,2027-12-09,put,regular,1794,0.3974,497,940.0
2026-07-30,34500,2027-12-09,put,regular,100,0.3944,497,985.0
2026-07-30,35000,2027-12-09,put,regular,1450,0.3918,497,1035.0
2026-07-30,35500,2027-12-09,put,regular,40,0.3886,497,1080.0
2026-07-30,36000,2027-12-09,put,regular,1130,0.3862,497,1135.0
2026-07-30,36500,2027-12-09,put,regular,300,0.3832,497,1185.0
2026-07-30,37000,2027-12-09,put,regular,1150,0.3805,497,1240.0
2026-07-30,38000,2027-12-09,put,regular,1175,0.3751,497,1355.0
2026-07-30,39000,2027-12-09,put,regular,800,0.37,497,1480.0
2026-07-30,39500,2027-12-09,put,regular,50,0.3675,497,1545.0
2026-07-30,40000,2027-12-09,put,regular,2950,0.3651,497,1615.0
2026-07-30,40500,2027-12-09,put,regular,450,0.3626,497,1685.0
2026-07-30,42000,2027-12-09,put,regular,550,0.3554,497,1910.0
2026-07-30,43000,2027-12-09,put,regular,240,0.3508,497,2075.0
2026-07-30,44000,2027-12-09,put,regular,100,0.3462,497,2250.0
2026-07-30,45000,2027-12-09,put,regular,1705,0.3417,497,2435.0
2026-07-30,46000,2027-12-09,put,regular,700,0.3374,497,2635.0
2026-07-30,47000,2027-12-09,put,regular,250,0.3334,497,2850.0
2026-07-30,47500,2027-12-09,put,regular,35,0.3313,497,2960.0
2026-07-30,48000,2027-12-09,put,regular,615,0.3293,497,3075.0
2026-07-30,49000,2027-12-09,put,regular,700,0.3253,497,3315.0
2026-07-30,50000,2027-12-09,put,regular,2795,0.3216,497,3575.0
2026-07-30,51000,2027-12-09,put,regular,350,0.3181,497,3850.0
2026-07-30,52000,2027-12-09,put,regular,535,0.3143,497,4135.0
2026-07-30,53000,2027-12-09,put,regular,802,0.3111,497,4445.0
2026-07-30,54000,2027-12-09,put,regular,275,0.308,497,4775.0
2026-07-30,54500,2027-12-09,put,regular,400,0.3064,497,4945.0
2026-07-30,55000,2027-12-09,put,regular,1062,0.3049,497,5120.0
2026-07-30,55500,2027-12-09,put,regular,75,0.3034,497,5300.0
2026-07-30,56000,2027-12-09,put,regular,270,0.302,497,5485.0
2026-07-30,57000,2027-12-09,put,regular,220,0.2992,497,5870.0
2026-07-30,58000,2027-12-09,put,regular,1000,0.2965,497,6275.0
2026-07-30,58500,2027-12-09,put,regular,210,0.2954,497,6490.0
2026-07-30,59000,2027-12-09,put,regular,100,0.2941,497,6705.0
2026-07-30,60000,2027-12-09,put,regular,850,0.292,497,7160.0
2026-07-30,62000,2027-12-09,put,regular,300,0.2892,497,8165.0
2026-07-30,62500,2027-12-09,put,regular,70,0.2889,497,8440.0
2026-07-30,63000,2027-12-09,put,regular,300,0.2888,497,8725.0
2026-07-30,63500,2027-12-09,put,regular,50,0.2884,497,9005.0
2026-07-30,64000,2027-12-09,put,regular,130,0.2882,497,9295.0
2026-07-30,65000,2027-12-09,put,regular,1100,0.2866,497,9855.0
2026-07-30,66000,2027-12-09,put,regular,600,0.2851,497,10435.0
2026-07-30,67000,2027-12-09,put,regular,400,0.2837,497,11035.0
2026-07-30,68000,2027-12-09,put,regular,200,0.2824,497,11655.0
2026-07-30,69000,2027-12-09,put,regular,750,0.2784,497,12215.0
2026-07-30,70000,2027-12-09,put,regular,550,0.2742,497,12785.0
2026-07-30,75000,2027-12-09,put,regular,175,0.2668,497,16265.0
2026-07-30,80000,2027-12-09,put,regular,400,0.2604,497,20130.0
2026-07-30,15000,2028-06-08,put,regular,3,0.4554,679,68.0
2026-07-30,25000,2028-06-08,put,regular,630,0.4539,679,730.0
2026-07-30,26000,2028-06-08,put,regular,250,0.4456,679,795.0
2026-07-30,27000,2028-06-08,put,regular,100,0.4376,679,865.0
2026-07-30,30000,2028-06-08,put,regular,300,0.416,679,1110.0
2026-07-30,32000,2028-06-08,put,regular,250,0.4026,679,1300.0
2026-07-30,33000,2028-06-08,put,regular,100,0.3963,679,1405.0
2026-07-30,35000,2028-06-08,put,regular,200,0.3842,679,1635.0
2026-07-30,40000,2028-06-08,put,regular,250,0.3573,679,2350.0
2026-07-30,41500,2028-06-08,put,regular,100,0.35,679,2610.0
2026-07-30,45000,2028-06-08,put,regular,15,0.3343,679,3310.0
2026-07-30,48000,2028-06-08,put,regular,300,0.3222,679,4030.0
2026-07-30,50000,2028-06-08,put,regular,200,0.3077,679,4395.0
2026-07-30,53000,2028-06-08,put,regular,50,0.2984,679,5340.0
2026-07-30,54000,2028-06-08,put,regular,100,0.2956,679,5690.0
2026-07-30,60000,2028-06-08,put,regular,250,0.281,679,8160.0
2026-07-30,12000,2028-12-07,put,regular,300,0.4341,861,38.0
2026-07-30,16000,2028-12-07,put,regular,1950,0.4323,861,149.0
2026-07-30,18000,2028-12-07,put,regular,100,0.432,861,252.0
2026-07-30,20000,2028-12-07,put,regular,200,0.4317,861,395.0
2026-07-30,23000,2028-12-07,put,regular,100,0.4312,861,695.0
2026-07-30,23500,2028-12-07,put,regular,38,0.431,861,755.0
2026-07-30,24000,2028-12-07,put,regular,1000,0.431,861,820.0
2026-07-30,25000,2028-12-07,put,regular,1200,0.4311,861,960.0
2026-07-30,27000,2028-12-07,put,regular,120,0.416,861,1125.0
2026-07-30,27500,2028-12-07,put,regular,50,0.4125,861,1170.0
2026-07-30,28000,2028-12-07,put,regular,1250,0.4094,861,1220.0
2026-07-30,30000,2028-12-07,put,regular,350,0.3962,861,1420.0
2026-07-30,31000,2028-12-07,put,regular,400,0.39,861,1530.0
2026-07-30,32000,2028-12-07,put,regular,850,0.3839,861,1645.0
2026-07-30,32250,2028-12-07,put,regular,51,0.3824,861,1675.0
2026-07-30,33000,2028-12-07,put,regular,125,0.3782,861,1770.0
2026-07-30,34000,2028-12-07,put,regular,775,0.3723,861,1895.0
2026-07-30,34750,2028-12-07,put,regular,100,0.3683,861,2000.0
2026-07-30,35000,2028-12-07,put,regular,1305,0.367,861,2035.0
2026-07-30,36000,2028-12-07,put,regular,2750,0.3617,861,2180.0
2026-07-30,37000,2028-12-07,put,regular,580,0.3567,861,2335.0
2026-07-30,38000,2028-12-07,put,regular,2860,0.3519,861,2500.0
2026-07-30,39000,2028-12-07,put,regular,50,0.3468,861,2665.0
2026-07-30,40000,2028-12-07,put,regular,1210,0.3421,861,2845.0
2026-07-30,42000,2028-12-07,put,regular,350,0.3333,861,3235.0
2026-07-30,43000,2028-12-07,put,regular,100,0.329,861,3445.0
2026-07-30,45000,2028-12-07,put,regular,130,0.3209,861,3900.0
2026-07-30,48000,2028-12-07,put,regular,600,0.3098,861,4675.0
2026-07-30,50000,2028-12-07,put,regular,2450,0.2957,861,5045.0
2026-07-30,51000,2028-12-07,put,regular,150,0.2928,861,5360.0
2026-07-30,53000,2028-12-07,put,regular,50,0.2871,861,6035.0
2026-07-30,55000,2028-12-07,put,regular,705,0.2818,861,6770.0
2026-07-30,56000,2028-12-07,put,regular,450,0.2794,861,7165.0
2026-07-30,57000,2028-12-07,put,regular,150,0.2772,861,7580.0
2026-07-30,60000,2028-12-07,put,regular,550,0.2708,861,8920.0
2026-07-30,65000,2028-12-07,put,regular,900,0.2657,861,11640.0
2026-07-30,68000,2028-12-07,put,regular,100,0.2629,861,13450.0
2026-07-30,70000,2028-12-07,put,regular,100,0.2608,861,14715.0
2026-07-30,75000,2028-12-07,put,regular,80,0.2553,861,18090.0
2026-07-30,15000,2029-06-07,put,regular,1,0.4138,1043,156.0
2026-07-30,15000,2029-12-13,put,regular,1,0.3963,1232,200.0
2026-07-30,23250,2029-12-13,put,regular,40,0.394,1232,1040.0
2026-07-30,32000,2029-12-13,put,regular,113,0.3522,1232,2180.0
2026-07-30,34250,2029-12-13,put,regular,6,0.341,1232,2525.0
2026-07-30,44000,2029-12-13,put,regular,100,0.3019,1232,4550.0
2026-07-30,50000,2029-12-13,put,regular,30,0.2849,1232,6370.0
2026-07-30,64000,2029-12-13,put,regular,100,0.2539,1232,12420.0
2026-07-30,65000,2029-12-13,put,regular,50,0.252,1232,12950.0
2026-07-30,70000,2029-12-13,put,regular,100,0.2446,1232,15875.0
2026-07-30,19000,2030-06-13,put,regular,2,0.3795,1414,575.0
2026-07-30,23500,2030-12-12,put,regular,100,0.3633,1596,1290.0
2026-07-30,31750,2030-12-12,put,regular,74,0.3134,1596,2195.0
2026-07-30,34000,2030-12-12,put,regular,24,0.3054,1596,2585.0
2026-07-30,44000,2030-12-12,put,regular,80,0.2784,1596,4990.0
2026-07-30,49500,2030-12-12,put,regular,100,0.2672,1596,6820.0
2026-07-30,64000,2030-12-12,put,regular,3,0.2409,1596,13285.0
2026-07-30,31500,2031-12-11,put,regular,52,0.3174,1960,2945.0
2026-07-30,68000,2031-12-11,put,regular,100,0.2234,1960,16140.0
2026-07-30,31250,2032-12-09,call,regular,40,0.2,2324,3375.0
2026-07-30,42750,2026-08-13,call,regular,27,1.0919,14,19645.0
2026-07-30,49000,2026-08-13,call,regular,27,0.7856,14,13440.0
2026-07-30,55000,2026-08-13,call,regular,1,0.5605,14,7640.0
2026-07-30,56000,2026-08-13,call,regular,1,0.5369,14,6735.0
2026-07-30,57000,2026-08-13,call,regular,4,0.5109,14,5845.0
2026-07-30,58000,2026-08-13,call,regular,851,0.4774,14,4955.0
2026-07-30,59000,2026-08-13,call,regular,1,0.4636,14,4170.0
2026-07-30,59500,2026-08-13,call,regular,20,0.4384,14,3720.0
2026-07-30,59750,2026-08-13,call,regular,50,0.4369,14,3545.0
2026-07-30,60000,2026-08-13,call,regular,236,0.4345,14,3370.0
2026-07-30,60250,2026-08-13,call,regular,13600000,0.4255,14,3170.0
2026-07-30,60500,2026-08-13,call,regular,168,0.4203,14,2990.0
2026-07-30,60750,2026-08-13,call,regular,46,0.4185,14,2830.0
2026-07-30,61000,2026-08-13,call,regular,430,0.4254,14,2715.0
2026-07-30,61125,2026-08-13,call,regular,3070000,0.4141,14,2590.0
2026-07-30,61250,2026-08-13,call,regular,46,0.4121,14,2510.0
2026-07-30,61500,2026-08-13,call,regular,203,0.4284,14,2450.0
2026-07-30,61625,2026-08-13,call,regular,5460000,0.4069,14,2280.0
2026-07-30,61750,2026-08-13,call,regular,5375000,0.404,14,2200.0
2026-07-30,61875,2026-08-13,call,regular,2510000,0.4039,14,2135.0
2026-07-30,62000,2026-08-13,call,regular,140,0.3664,14,1890.0
2026-07-30,62125,2026-08-13,call,regular,4835000,0.4009,14,1995.0
2026-07-30,62250,2026-08-13,call,regular,37,0.396,14,1910.0
2026-07-30,62375,2026-08-13,call,regular,2095000,0.399,14,1865.0
2026-07-30,62500,2026-08-13,call,regular,270,0.3657,14,1645.0
2026-07-30,62625,2026-08-13,call,regular,86,0.3949,14,1730.0
2026-07-30,62750,2026-08-13,call,regular,120,0.393,14,1665.0
2026-07-30,62875,2026-08-13,call,regular,85,0.3919,14,1605.0
2026-07-30,63000,2026-08-13,call,regular,3001,0.3645,14,1420.0
2026-07-30,63125,2026-08-13,call,regular,85,0.3888,14,1485.0
2026-07-30,63250,2026-08-13,call,regular,9,0.3847,14,1415.0
2026-07-30,63375,2026-08-13,call,regular,5,0.3867,14,1375.0
2026-07-30,63500,2026-08-13,call,regular,66,0.363,14,1215.0
2026-07-30,63625,2026-08-13,call,regular,10,0.3813,14,1255.0
2026-07-30,63750,2026-08-13,call,regular,11,0.3803,14,1205.0
2026-07-30,63875,2026-08-13,call,regular,10,0.3802,14,1160.0
2026-07-30,64000,2026-08-13,call,regular,813,0.36,14,1025.0
2026-07-30,64125,2026-08-13,call,regular,30,0.3779,14,1065.0
2026-07-30,64250,2026-08-13,call,regular,21,0.3758,14,1015.0
2026-07-30,64375,2026-08-13,call,regular,20,0.3745,14,970.0
2026-07-30,64500,2026-08-13,call,regular,156,0.3717,14,920.0
2026-07-30,64625,2026-08-13,call,regular,16,0.3732,14,890.0
2026-07-30,64750,2026-08-13,call,regular,129,0.371,14,845.0
2026-07-30,64875,2026-08-13,call,regular,15,0.3709,14,810.0
2026-07-30,65000,2026-08-13,call,regular,3298,0.3522,14,700.0
2026-07-30,65125,2026-08-13,call,regular,80,0.3685,14,735.0
2026-07-30,65250,2026-08-13,call,regular,122,0.3663,14,695.0
2026-07-30,65375,2026-08-13,call,regular,20,0.3469,14,590.0
2026-07-30,65500,2026-08-13,call,regular,662,0.3633,14,625.0
2026-07-30,65625,2026-08-13,call,regular,10,0.364,14,600.0
2026-07-30,65750,2026-08-13,call,regular,458,0.3631,14,570.0
2026-07-30,65875,2026-08-13,call,regular,5,0.3619,14,540.0
2026-07-30,66000,2026-08-13,call,regular,1144,0.343,14,450.0
2026-07-30,66125,2026-08-13,call,regular,2,0.3599,14,485.0
2026-07-30,66250,2026-08-13,call,regular,4,0.3577,14,455.0
2026-07-30,66375,2026-08-13,call,regular,3,0.3582,14,435.0
2026-07-30,66500,2026-08-13,call,regular,296,0.3489,14,385.0
2026-07-30,66625,2026-08-13,call,regular,1470000,0.3568,14,390.0
2026-07-30,66750,2026-08-13,call,regular,14,0.3565,14,370.0
2026-07-30,66875,2026-08-13,call,regular,121,0.3559,14,350.0
2026-07-30,67000,2026-08-13,call,regular,1016,0.3406,14,290.0
2026-07-30,67125,2026-08-13,call,regular,248,0.4102,14,480.0
2026-07-30,67250,2026-08-13,call,regular,81,0.4086,14,455.0
2026-07-30,67375,2026-08-13,call,regular,79,0.4083,14,435.0
2026-07-30,67500,2026-08-13,call,regular,434,0.3551,14,268.0
2026-07-30,67625,2026-08-13,call,regular,18,0.4087,14,400.0
2026-07-30,67750,2026-08-13,call,regular,238,0.4077,14,380.0
2026-07-30,67875,2026-08-13,call,regular,2,0.4083,14,365.0
2026-07-30,68000,2026-08-13,call,regular,3466,0.3432,14,190.0
2026-07-30,68125,2026-08-13,call,regular,475,0.4069,14,330.0
2026-07-30,68250,2026-08-13,call,regular,284,0.4067,14,315.0
2026-07-30,68375,2026-08-13,call,regular,28,0.361,14,195.0
2026-07-30,68500,2026-08-13,call,regular,1263,0.3457,14,155.0
2026-07-30,68625,2026-08-13,call,regular,34,0.4057,14,272.0
2026-07-30,68750,2026-08-13,call,regular,101,0.4059,14,260.0
2026-07-30,68875,2026-08-13,call,regular,76,0.4059,14,248.0
2026-07-30,69000,2026-08-13,call,regular,1595,0.3463,14,123.0
2026-07-30,69125,2026-08-13,call,regular,69,0.4061,14,226.0
2026-07-30,69250,2026-08-13,call,regular,65,0.4064,14,216.0
2026-07-30,69375,2026-08-13,call,regular,49,0.407,14,207.0
2026-07-30,69500,2026-08-13,call,regular,487,0.3338,14,80.0
2026-07-30,69625,2026-08-13,call,regular,21,0.4076,14,189.0
2026-07-30,69750,2026-08-13,call,regular,553,0.4087,14,182.0
2026-07-30,69875,2026-08-13,call,regular,16,0.4097,14,175.0
2026-07-30,70000,2026-08-13,call,regular,4838,0.35,14,79.0
2026-07-30,70125,2026-08-13,call,regular,8,0.4111,14,161.0
2026-07-30,70250,2026-08-13,call,regular,45,0.4116,14,154.0
2026-07-30,70375,2026-08-13,call,regular,39,0.4125,14,148.0
2026-07-30,70500,2026-08-13,call,regular,112,0.3528,14,64.0
2026-07-30,70625,2026-08-13,call,regular,6,0.3921,14,105.0
2026-07-30,70750,2026-08-13,call,regular,49,0.3933,14,101.0
2026-07-30,70875,2026-08-13,call,regular,17,0.4145,14,124.0
2026-07-30,71000,2026-08-13,call,regular,2262,0.357,14,53.0
2026-07-30,71125,2026-08-13,call,regular,3,0.416,14,114.0
2026-07-30,71250,2026-08-13,call,regular,104,0.3789,14,66.0
2026-07-30,71375,2026-08-13,call,regular,1,0.3787,14,62.0
2026-07-30,71500,2026-08-13,call,regular,239,0.35,14,36.0
2026-07-30,71625,2026-08-13,call,regular,2,0.3865,14,62.0
2026-07-30,71750,2026-08-13,call,regular,34,0.3871,14,59.0
2026-07-30,71875,2026-08-13,call,regular,35,0.3887,14,57.0
2026-07-30,72000,2026-08-13,call,regular,1612,0.3615,14,34.0
2026-07-30,72125,2026-08-13,call,regular,15,0.3584,14,30.0
2026-07-30,72250,2026-08-13,call,regular,8,0.389,14,48.0
2026-07-30,72375,2026-08-13,call,regular,1,0.4225,14,74.0
2026-07-30,72500,2026-08-13,call,regular,404,0.3852,14,40.0
2026-07-30,72625,2026-08-13,call,regular,128000,0.3858,14,38.0
2026-07-30,72750,2026-08-13,call,regular,3,0.4234,14,64.0
2026-07-30,72875,2026-08-13,call,regular,2,0.4005,14,43.0
2026-07-30,73000,2026-08-13,call,regular,2023,0.371,14,24.0
2026-07-30,73125,2026-08-13,call,regular,11,0.4239,14,55.0
2026-07-30,73250,2026-08-13,call,regular,23,0.4251,14,53.0
2026-07-30,73375,2026-08-13,call,regular,1,0.4248,14,50.0
2026-07-30,73500,2026-08-13,call,regular,725,0.3985,14,31.0
2026-07-30,73625,2026-08-13,call,regular,1,0.4278,14,47.0
2026-07-30,73750,2026-08-13,call,regular,27,0.3933,14,25.0
2026-07-30,74000,2026-08-13,call,regular,922,0.3802,14,17.0
2026-07-30,74125,2026-08-13,call,regular,34,0.3964,14,22.0
2026-07-30,74250,2026-08-13,call,regular,12,0.3997,14,22.0
2026-07-30,74375,2026-08-13,call,regular,25,0.3953,14,19.0
2026-07-30,74500,2026-08-13,call,regular,196,0.3727,14,11.0
2026-07-30,74625,2026-08-13,call,regular,28,0.396,14,17.0
2026-07-30,74750,2026-08-13,call,regular,10,0.3992,14,17.0
2026-07-30,74875,2026-08-13,call,regular,16,0.3961,14,15.0
2026-07-30,75000,2026-08-13,call,regular,1736,0.3848,14,11.0
2026-07-30,75125,2026-08-13,call,regular,17,0.399,14,14.0
2026-07-30,75250,2026-08-13,call,regular,3,0.3985,14,13.0
2026-07-30,75375,2026-08-13,call,regular,19,0.4015,14,13.0
2026-07-30,75500,2026-08-13,call,regular,353,0.3828,14,8.0
2026-07-30,76000,2026-08-13,call,regular,769,0.3824,14,6.0
2026-07-30,76500,2026-08-13,call,regular,130,0.3999,14,7.0
2026-07-30,77000,2026-08-13,call,regular,690,0.3886,14,4.0
2026-07-30,77500,2026-08-13,call,regular,869,0.3991,14,4.0
2026-07-30,78000,2026-08-13,call,regular,1817,0.3987,14,3.0
2026-07-30,78500,2026-08-13,call,regular,53,0.3944,14,2.0
2026-07-30,79000,2026-08-13,call,regular,206,0.4042,14,2.0
2026-07-30,79500,2026-08-13,call,regular,35,0.4138,14,2.0
2026-07-30,80000,2026-08-13,call,regular,1283,0.4234,14,2.0
2026-07-30,80500,2026-08-13,call,regular,111,0.4329,14,2.0
2026-07-30,81000,2026-08-13,call,regular,193,0.4581,14,3.0
2026-07-30,81500,2026-08-13,call,regular,23,0.48,14,4.0
2026-07-30,82000,2026-08-13,call,regular,1029,0.4772,14,3.0
2026-07-30,82500,2026-08-13,call,regular,30,0.4866,14,3.0
2026-07-30,83000,2026-08-13,call,regular,275,0.4791,14,2.0
2026-07-30,83500,2026-08-13,call,regular,38,0.4882,14,2.0
2026-07-30,84000,2026-08-13,call,regular,161,0.4971,14,2.0
2026-07-30,84500,2026-08-13,call,regular,53,0.4791,14,1.0
2026-07-30,85000,2026-08-13,call,regular,944,0.4876,14,1.0
2026-07-30,85750,2026-08-13,call,regular,134,0.5001,14,1.0
2026-07-30,87500,2026-08-13,call,regular,221,0.558,14,2.0
2026-07-30,88000,2026-08-13,call,regular,244,0.5664,14,2.0
2026-07-30,90000,2026-08-13,call,regular,682,0.5995,14,2.0
2026-07-30,92000,2026-08-13,call,regular,110,0.6318,14,2.0
2026-07-30,94000,2026-08-13,call,regular,96,0.6632,14,2.0
2026-07-30,95000,2026-08-13,call,regular,283,0.6785,14,2.0
2026-07-30,96000,2026-08-13,call,regular,31,0.6937,14,2.0
2026-07-30,98000,2026-08-13,call,regular,37,0.6872,14,1.0
2026-07-30,100000,2026-08-13,call,regular,119,0.7151,14,1.0
2026-07-30,30000,2026-09-10,call,regular,3750,1.1744,42,32445.0
2026-07-30,37000,2026-09-10,call,regular,1,0.9187,42,25515.0
2026-07-30,42000,2026-09-10,call,regular,101,0.7574,42,20580.0
2026-07-30,42500,2026-09-10,call,regular,10,0.7408,42,20085.0
2026-07-30,43000,2026-09-10,call,regular,100,0.7353,42,19615.0
2026-07-30,43500,2026-09-10,call,regular,57,0.7144,42,19110.0
2026-07-30,45000,2026-09-10,call,regular,42,0.6767,42,17655.0
2026-07-30,48000,2026-09-10,call,regular,400,0.6045,42,14770.0
2026-07-30,48500,2026-09-10,call,regular,240,0.5948,42,14300.0
2026-07-30,49000,2026-09-10,call,regular,200,0.5833,42,13825.0
2026-07-30,50000,2026-09-10,call,regular,4650,0.5619,42,12885.0
2026-07-30,50500,2026-09-10,call,regular,50,0.5506,42,12415.0
2026-07-30,51000,2026-09-10,call,regular,141,0.5448,42,11970.0
2026-07-30,51250,2026-09-10,call,regular,210,0.5352,42,11720.0
2026-07-30,52000,2026-09-10,call,regular,350,0.5211,42,11035.0
2026-07-30,53000,2026-09-10,call,regular,1100,0.5139,42,10190.0
2026-07-30,53500,2026-09-10,call,regular,400,0.493,42,9685.0
2026-07-30,53750,2026-09-10,call,regular,150,0.4859,42,9450.0
2026-07-30,54000,2026-09-10,call,regular,1056,0.4834,42,9240.0
2026-07-30,54250,2026-09-10,call,regular,50,0.4797,42,9025.0
2026-07-30,54500,2026-09-10,call,regular,200,0.4749,42,8805.0
2026-07-30,54750,2026-09-10,call,regular,90,0.4717,42,8595.0
2026-07-30,55000,2026-09-10,call,regular,661,0.4657,42,8370.0
2026-07-30,56000,2026-09-10,call,regular,1250,0.4499,42,7530.0
2026-07-30,56500,2026-09-10,call,regular,75,0.4515,42,7180.0
2026-07-30,57000,2026-09-10,call,regular,850,0.4464,42,6795.0
2026-07-30,57500,2026-09-10,call,regular,384,0.428,42,6325.0
2026-07-30,58000,2026-09-10,call,regular,1102,0.4197,42,5930.0
2026-07-30,59000,2026-09-10,call,regular,1096,0.4061,42,5185.0
2026-07-30,60000,2026-09-10,call,regular,786,0.3936,42,4485.0
2026-07-30,60500,2026-09-10,call,regular,750,0.3886,42,4160.0
2026-07-30,60750,2026-09-10,call,regular,120,0.386,42,4000.0
2026-07-30,61000,2026-09-10,call,regular,222,0.3823,42,3835.0
2026-07-30,61250,2026-09-10,call,regular,22,0.3796,42,3680.0
2026-07-30,61375,2026-09-10,call,regular,12,0.3784,42,3605.0
2026-07-30,61500,2026-09-10,call,regular,2,0.3771,42,3530.0
2026-07-30,62000,2026-09-10,call,regular,1315,0.402,42,3490.0
2026-07-30,62500,2026-09-10,call,regular,501,0.3671,42,2960.0
2026-07-30,63000,2026-09-10,call,regular,962,0.3616,42,2690.0
2026-07-30,63125,2026-09-10,call,regular,2695000,0.3597,42,2620.0
2026-07-30,63250,2026-09-10,call,regular,27,0.3595,42,2565.0
2026-07-30,63500,2026-09-10,call,regular,5,0.3582,42,2450.0
2026-07-30,64000,2026-09-10,call,regular,1268,0.3532,42,2210.0
2026-07-30,64250,2026-09-10,call,regular,100,0.3513,42,2100.0
2026-07-30,64500,2026-09-10,call,regular,102,0.3509,42,2005.0
2026-07-30,64625,2026-09-10,call,regular,1,0.3453,42,1915.0
2026-07-30,65000,2026-09-10,call,regular,4892,0.3463,42,1795.0
2026-07-30,65125,2026-09-10,call,regular,6,0.3415,42,1715.0
2026-07-30,65375,2026-09-10,call,regular,9,0.3358,42,1590.0
2026-07-30,65500,2026-09-10,call,regular,160,0.3433,42,1610.0
2026-07-30,65750,2026-09-10,call,regular,1,0.3421,42,1525.0
2026-07-30,66000,2026-09-10,call,regular,1782,0.3246,42,1320.0
2026-07-30,66125,2026-09-10,call,regular,39,0.3372,42,1380.0
2026-07-30,66250,2026-09-10,call,regular,28,0.3391,42,1360.0
2026-07-30,66500,2026-09-10,call,regular,10,0.338,42,1285.0
2026-07-30,66750,2026-09-10,call,regular,1355000,0.3372,42,1215.0
2026-07-30,67000,2026-09-10,call,regular,2714,0.3403,42,1175.0
2026-07-30,67125,2026-09-10,call,regular,1600000,0.3515,42,1225.0
2026-07-30,67250,2026-09-10,call,regular,1,0.3351,42,1080.0
2026-07-30,67500,2026-09-10,call,regular,2263,0.3331,42,1010.0
2026-07-30,67750,2026-09-10,call,regular,180,0.3313,42,945.0
2026-07-30,68000,2026-09-10,call,regular,1700,0.3307,42,890.0
2026-07-30,68250,2026-09-10,call,regular,4,0.3305,42,840.0
2026-07-30,68500,2026-09-10,call,regular,108,0.3298,42,790.0
2026-07-30,68625,2026-09-10,call,regular,1,0.3457,42,865.0
2026-07-30,68750,2026-09-10,call,regular,22,0.3297,42,745.0
2026-07-30,69000,2026-09-10,call,regular,1008,0.3283,42,695.0
2026-07-30,69250,2026-09-10,call,regular,47,0.3282,42,655.0
2026-07-30,69500,2026-09-10,call,regular,620,0.3287,42,620.0
2026-07-30,69625,2026-09-10,call,regular,1270000,0.3439,42,685.0
2026-07-30,69750,2026-09-10,call,regular,461,0.326,42,570.0
2026-07-30,70000,2026-09-10,call,regular,2591,0.3177,42,495.0
2026-07-30,70250,2026-09-10,call,regular,8,0.3292,42,520.0
2026-07-30,70500,2026-09-10,call,regular,25,0.3294,42,490.0
2026-07-30,70750,2026-09-10,call,regular,2,0.3292,42,460.0
2026-07-30,71000,2026-09-10,call,regular,1829,0.3253,42,415.0
2026-07-30,71125,2026-09-10,call,regular,16,0.3417,42,475.0
2026-07-30,71250,2026-09-10,call,regular,4,0.329,42,405.0
2026-07-30,71500,2026-09-10,call,regular,1304,0.329,42,380.0
2026-07-30,71625,2026-09-10,call,regular,2,0.3413,42,420.0
2026-07-30,71750,2026-09-10,call,regular,1,0.3286,42,355.0
2026-07-30,72000,2026-09-10,call,regular,1709,0.3157,42,285.0
2026-07-30,72500,2026-09-10,call,regular,930,0.324,42,276.0
2026-07-30,72750,2026-09-10,call,regular,3,0.3279,42,271.0
2026-07-30,73000,2026-09-10,call,regular,2091,0.3162,42,217.0
2026-07-30,73250,2026-09-10,call,regular,1,0.3282,42,238.0
2026-07-30,73500,2026-09-10,call,regular,404,0.3287,42,224.0
2026-07-30,73625,2026-09-10,call,regular,2,0.341,42,254.0
2026-07-30,73750,2026-09-10,call,regular,3,0.3289,42,210.0
2026-07-30,74000,2026-09-10,call,regular,1202,0.3293,42,197.0
2026-07-30,74500,2026-09-10,call,regular,103,0.3408,42,202.0
2026-07-30,74750,2026-09-10,call,regular,1,0.3408,42,189.0
2026-07-30,75000,2026-09-10,call,regular,2652,0.3343,42,161.0
2026-07-30,75250,2026-09-10,call,regular,25,0.3406,42,165.0
2026-07-30,75500,2026-09-10,call,regular,121,0.3139,42,100.0
2026-07-30,76000,2026-09-10,call,regular,377,0.3408,42,135.0
2026-07-30,76500,2026-09-10,call,regular,24,0.3426,42,121.0
2026-07-30,77000,2026-09-10,call,regular,583,0.3418,42,104.0
2026-07-30,77500,2026-09-10,call,regular,964,0.3453,42,96.0
2026-07-30,78000,2026-09-10,call,regular,2158,0.3386,42,74.0
2026-07-30,78500,2026-09-10,call,regular,6,0.3486,42,77.0
2026-07-30,79000,2026-09-10,call,regular,6,0.3495,42,68.0
2026-07-30,79500,2026-09-10,call,regular,200,0.3512,42,61.0
2026-07-30,80000,2026-09-10,call,regular,803,0.3275,42,32.0
2026-07-30,80500,2026-09-10,call,regular,3,0.3545,42,49.0
2026-07-30,81000,2026-09-10,call,regular,182,0.3562,42,44.0
2026-07-30,81500,2026-09-10,call,regular,2,0.3585,42,40.0
2026-07-30,82000,2026-09-10,call,regular,31,0.3602,42,36.0
2026-07-30,82500,2026-09-10,call,regular,1,0.3613,42,32.0
2026-07-30,83000,2026-09-10,call,regular,822,0.3549,42,24.0
2026-07-30,83500,2026-09-10,call,regular,1,0.3648,42,26.0
2026-07-30,84000,2026-09-10,call,regular,785,0.3396,42,12.0
2026-07-30,84500,2026-09-10,call,regular,4,0.3679,42,21.0
2026-07-30,85000,2026-09-10,call,regular,802,0.341,42,9.0
2026-07-30,87500,2026-09-10,call,regular,131,0.3727,42,10.0
2026-07-30,90000,2026-09-10,call,regular,271,0.3805,42,6.0
2026-07-30,92000,2026-09-10,call,regular,54,0.3769,42,3.0
2026-07-30,94000,2026-09-10,call,regular,1,0.4133,42,5.0
2026-07-30,95000,2026-09-10,call,regular,11,0.4146,42,4.0
2026-07-30,98000,2026-09-10,call,regular,17,0.4313,42,3.0
2026-07-30,100000,2026-09-10,call,regular,79,0.4344,42,2.0
2026-07-30,35000,2026-10-08,call,regular,20,0.2,70,27215.0
2026-07-30,47500,2026-10-08,call,regular,34,0.4607,70,15185.0
2026-07-30,53000,2026-10-08,call,regular,34,0.3968,70,10185.0
2026-07-30,55000,2026-10-08,call,regular,4,0.38,70,8520.0
2026-07-30,57000,2026-10-08,call,regular,2,0.3635,70,6955.0
2026-07-30,60000,2026-10-08,call,regular,1,0.343,70,4880.0
2026-07-30,60500,2026-10-08,call,regular,100,0.339,70,4560.0
2026-07-30,61000,2026-10-08,call,regular,201,0.3364,70,4265.0
2026-07-30,62000,2026-10-08,call,regular,29,0.3306,70,3700.0
2026-07-30,63000,2026-10-08,call,regular,4,0.3241,70,3170.0
2026-07-30,64000,2026-10-08,call,regular,31,0.3195,70,2705.0
2026-07-30,65000,2026-10-08,call,regular,1,0.314,70,2275.0
2026-07-30,65250,2026-10-08,call,regular,1,0.3127,70,2175.0
2026-07-30,65500,2026-10-08,call,regular,60,0.3111,70,2075.0
2026-07-30,66000,2026-10-08,call,regular,200,0.3105,70,1910.0
2026-07-30,66250,2026-10-08,call,regular,4,0.3096,70,1825.0
2026-07-30,67000,2026-10-08,call,regular,250,0.3058,70,1575.0
2026-07-30,67500,2026-10-08,call,regular,1,0.3052,70,1440.0
2026-07-30,68000,2026-10-08,call,regular,180,0.3036,70,1305.0
2026-07-30,69000,2026-10-08,call,regular,175,0.316,70,1195.0
2026-07-30,69500,2026-10-08,call,regular,1,0.313,70,1070.0
2026-07-30,70000,2026-10-08,call,regular,680,0.31,70,955.0
2026-07-30,70750,2026-10-08,call,regular,1,0.3079,70,815.0
2026-07-30,71500,2026-10-08,call,regular,2,0.3077,70,705.0
2026-07-30,72000,2026-10-08,call,regular,182,0.3077,70,640.0
2026-07-30,72500,2026-10-08,call,regular,2,0.3173,70,640.0
2026-07-30,73000,2026-10-08,call,regular,305,0.3077,70,525.0
2026-07-30,73500,2026-10-08,call,regular,2,0.3069,70,470.0
2026-07-30,74000,2026-10-08,call,regular,3,0.307,70,425.0
2026-07-30,74500,2026-10-08,call,regular,127,0.3094,70,395.0
2026-07-30,75000,2026-10-08,call,regular,1276,0.3124,70,370.0
2026-07-30,76000,2026-10-08,call,regular,301,0.3171,70,320.0
2026-07-30,77000,2026-10-08,call,regular,993,0.3173,70,261.0
2026-07-30,77500,2026-10-08,call,regular,1,0.3179,70,237.0
2026-07-30,78000,2026-10-08,call,regular,1,0.3181,70,214.0
2026-07-30,78500,2026-10-08,call,regular,1,0.3183,70,193.0
2026-07-30,79000,2026-10-08,call,regular,4,0.3189,70,175.0
2026-07-30,80000,2026-10-08,call,regular,962,0.3194,70,142.0
2026-07-30,81000,2026-10-08,call,regular,403,0.3204,70,116.0
2026-07-30,82000,2026-10-08,call,regular,2,0.3221,70,96.0
2026-07-30,83500,2026-10-08,call,regular,6,0.3258,70,74.0
2026-07-30,84000,2026-10-08,call,regular,2,0.3264,70,67.0
2026-07-30,85000,2026-10-08,call,regular,100,0.3286,70,56.0
2026-07-30,87500,2026-10-08,call,regular,2,0.3339,70,36.0
2026-07-30,90000,2026-10-08,call,regular,13,0.3386,70,23.0
2026-07-30,95000,2026-10-08,call,regular,5,0.3492,70,10.0
2026-07-30,100000,2026-10-08,call,regular,30,0.3474,70,3.0
2026-07-30,50250,2026-11-12,call,regular,35,0.4098,105,13055.0
2026-07-30,56000,2026-11-12,call,regular,34,0.3708,105,8440.0
2026-07-30,57500,2026-11-12,call,regular,100,0.351,105,7245.0
2026-07-30,60500,2026-11-12,call,regular,100,0.3355,105,5320.0
2026-07-30,61000,2026-11-12,call,regular,200,0.3331,105,5030.0
2026-07-30,64000,2026-11-12,call,regular,125,0.3151,105,3425.0
2026-07-30,65000,2026-11-12,call,regular,10,0.3112,105,2990.0
2026-07-30,66000,2026-11-12,call,regular,200,0.3071,105,2590.0
2026-07-30,67000,2026-11-12,call,regular,938,0.3046,105,2245.0
2026-07-30,69000,2026-11-12,call,regular,937,0.3058,105,1725.0
2026-07-30,70000,2026-11-12,call,regular,138,0.2965,105,1400.0
2026-07-30,71000,2026-11-12,call,regular,4,0.3033,105,1275.0
2026-07-30,72500,2026-11-12,call,regular,301,0.3028,105,1015.0
2026-07-30,74000,2026-11-12,call,regular,100,0.302,105,800.0
2026-07-30,75000,2026-11-12,call,regular,102,0.3016,105,680.0
2026-07-30,95000,2026-11-12,call,regular,2,0.322,105,31.0
2026-07-30,100000,2026-11-12,call,regular,3,0.3365,105,19.0
2026-07-30,12500,2026-12-10,call,regular,84,0.2,133,49365.0
2026-07-30,20000,2026-12-10,call,regular,150,0.2,133,41930.0
2026-07-30,22000,2026-12-10,call,regular,100,0.2,133,39955.0
2026-07-30,25000,2026-12-10,call,regular,300,0.2,133,37000.0
2026-07-30,26000,2026-12-10,call,regular,350,0.2,133,36015.0
2026-07-30,27000,2026-12-10,call,regular,250,0.2,133,35035.0
2026-07-30,28000,2026-12-10,call,regular,75,0.2,133,34050.0
2026-07-30,28500,2026-12-10,call,regular,125,0.2,133,33565.0
2026-07-30,29000,2026-12-10,call,regular,150,0.2,133,33075.0
2026-07-30,30000,2026-12-10,call,regular,100,0.2,133,32095.0
2026-07-30,30500,2026-12-10,call,regular,50,0.2,133,31610.0
2026-07-30,31000,2026-12-10,call,regular,241,0.2,133,31120.0
2026-07-30,31500,2026-12-10,call,regular,50,0.2,133,30635.0
2026-07-30,32000,2026-12-10,call,regular,700,0.2,133,30150.0
2026-07-30,32500,2026-12-10,call,regular,250,0.2,133,29660.0
2026-07-30,33000,2026-12-10,call,regular,1950,0.2,133,29175.0
2026-07-30,34000,2026-12-10,call,regular,280,0.2,133,28205.0
2026-07-30,34500,2026-12-10,call,regular,400,0.2,133,27725.0
2026-07-30,35000,2026-12-10,call,regular,435,0.2,133,27240.0
2026-07-30,36000,2026-12-10,call,regular,975,0.3978,133,26275.0
2026-07-30,36500,2026-12-10,call,regular,252,0.4135,133,25800.0
2026-07-30,37000,2026-12-10,call,regular,450,0.4194,133,25320.0
2026-07-30,37500,2026-12-10,call,regular,88,0.4229,133,24840.0
2026-07-30,37750,2026-12-10,call,regular,100,0.4239,133,24600.0
2026-07-30,38000,2026-12-10,call,regular,1225,0.4246,133,24360.0
2026-07-30,38500,2026-12-10,call,regular,700,0.4274,133,23885.0
2026-07-30,38750,2026-12-10,call,regular,50,0.427,133,23645.0
2026-07-30,39000,2026-12-10,call,regular,750,0.4265,133,23405.0
2026-07-30,39500,2026-12-10,call,regular,500,0.4287,133,22935.0
2026-07-30,40000,2026-12-10,call,regular,1200,0.4297,133,22465.0
2026-07-30,40500,2026-12-10,call,regular,400,0.4279,133,21990.0
2026-07-30,41000,2026-12-10,call,regular,1300,0.427,133,21520.0
2026-07-30,41500,2026-12-10,call,regular,100,0.4253,133,21050.0
2026-07-30,42000,2026-12-10,call,regular,1071,0.4231,133,20580.0
2026-07-30,42500,2026-12-10,call,regular,250,0.4215,133,20115.0
2026-07-30,43000,2026-12-10,call,regular,1400,0.4192,133,19650.0
2026-07-30,43750,2026-12-10,call,regular,100,0.4165,133,18960.0
2026-07-30,44000,2026-12-10,call,regular,600,0.4143,133,18725.0
2026-07-30,45000,2026-12-10,call,regular,1842,0.4092,133,17810.0
2026-07-30,45250,2026-12-10,call,regular,413,0.4092,133,17590.0
2026-07-30,45500,2026-12-10,call,regular,200,0.4073,133,17360.0
2026-07-30,46000,2026-12-10,call,regular,2300,0.4039,133,16905.0
2026-07-30,46250,2026-12-10,call,regular,315,0.4034,133,16685.0
2026-07-30,47000,2026-12-10,call,regular,350,0.3984,133,16010.0
2026-07-30,47500,2026-12-10,call,regular,200,0.3938,133,15555.0
2026-07-30,48000,2026-12-10,call,regular,750,0.3931,133,15130.0
2026-07-30,49000,2026-12-10,call,regular,1000,0.3866,133,14255.0
2026-07-30,49500,2026-12-10,call,regular,260,0.3874,133,13855.0
2026-07-30,50000,2026-12-10,call,regular,3342,0.3767,133,13365.0
2026-07-30,50250,2026-12-10,call,regular,58,0.3854,133,13240.0
2026-07-30,50500,2026-12-10,call,regular,600,0.3827,133,13020.0
2026-07-30,50750,2026-12-10,call,regular,45,0.3806,133,12805.0
2026-07-30,51000,2026-12-10,call,regular,731,0.3778,133,12585.0
2026-07-30,52000,2026-12-10,call,regular,802,0.3654,133,11700.0
2026-07-30,52250,2026-12-10,call,regular,250,0.3638,133,11495.0
2026-07-30,52500,2026-12-10,call,regular,50,0.3626,133,11295.0
2026-07-30,53000,2026-12-10,call,regular,1135,0.3592,133,10890.0
2026-07-30,53500,2026-12-10,call,regular,106,0.3564,133,10495.0
2026-07-30,54000,2026-12-10,call,regular,1941,0.3536,133,10105.0
2026-07-30,54500,2026-12-10,call,regular,540,0.3529,133,9745.0
2026-07-30,55000,2026-12-10,call,regular,1829,0.3516,133,9385.0
2026-07-30,55500,2026-12-10,call,regular,300,0.351,133,9040.0
2026-07-30,56000,2026-12-10,call,regular,791,0.3502,133,8700.0
2026-07-30,56500,2026-12-10,call,regular,283,0.3489,133,8360.0
2026-07-30,57000,2026-12-10,call,regular,500,0.3462,133,8010.0
2026-07-30,57250,2026-12-10,call,regular,113,0.345,133,7840.0
2026-07-30,57500,2026-12-10,call,regular,90,0.343,133,7660.0
2026-07-30,58000,2026-12-10,call,regular,2603,0.3294,133,7175.0
2026-07-30,58500,2026-12-10,call,regular,350,0.3284,133,6865.0
2026-07-30,59000,2026-12-10,call,regular,1900,0.3272,133,6560.0
2026-07-30,59500,2026-12-10,call,regular,100,0.3247,133,6245.0
2026-07-30,60000,2026-12-10,call,regular,7264,0.3228,133,5945.0
2026-07-30,60500,2026-12-10,call,regular,102,0.321,133,5655.0
2026-07-30,61000,2026-12-10,call,regular,813,0.3186,133,5365.0
2026-07-30,62000,2026-12-10,call,regular,1350,0.315,133,4825.0
2026-07-30,62500,2026-12-10,call,regular,387,0.3094,133,4510.0
2026-07-30,63000,2026-12-10,call,regular,1415,0.3079,133,4265.0
2026-07-30,63750,2026-12-10,call,regular,25,0.3058,133,3915.0
2026-07-30,64000,2026-12-10,call,regular,1990,0.3049,133,3800.0
2026-07-30,65000,2026-12-10,call,regular,3236,0.3014,133,3360.0
2026-07-30,65500,2026-12-10,call,regular,584,0.3001,133,3160.0
2026-07-30,66000,2026-12-10,call,regular,720,0.2993,133,2975.0
2026-07-30,67000,2026-12-10,call,regular,1077,0.2964,133,2610.0
2026-07-30,67250,2026-12-10,call,regular,25,0.2958,133,2525.0
2026-07-30,67500,2026-12-10,call,regular,25,0.2954,133,2445.0
2026-07-30,68000,2026-12-10,call,regular,3342,0.2981,133,2340.0
2026-07-30,68500,2026-12-10,call,regular,220,0.2979,133,2200.0
2026-07-30,69000,2026-12-10,call,regular,1055,0.2968,133,2055.0
2026-07-30,69250,2026-12-10,call,regular,50,0.2958,133,1980.0
2026-07-30,69750,2026-12-10,call,regular,158,0.295,133,1850.0
2026-07-30,70000,2026-12-10,call,regular,3289,0.2897,133,1725.0
2026-07-30,71000,2026-12-10,call,regular,200,0.2936,133,1560.0
2026-07-30,72000,2026-12-10,call,regular,660,0.2863,133,1285.0
2026-07-30,72500,2026-12-10,call,regular,2293,0.2922,133,1265.0
2026-07-30,73000,2026-12-10,call,regular,426,0.292,133,1180.0
2026-07-30,73500,2026-12-10,call,regular,400,0.2923,133,1105.0
2026-07-30,74000,2026-12-10,call,regular,1029,0.2921,133,1030.0
2026-07-30,75000,2026-12-10,call,regular,2933,0.292,133,895.0
2026-07-30,76000,2026-12-10,call,regular,100,0.2924,133,780.0
2026-07-30,77000,2026-12-10,call,regular,359,0.2923,133,675.0
2026-07-30,77500,2026-12-10,call,regular,1301,0.292,133,625.0
2026-07-30,78000,2026-12-10,call,regular,3,0.2925,133,585.0
2026-07-30,79000,2026-12-10,call,regular,204,0.2926,133,505.0
2026-07-30,80000,2026-12-10,call,regular,6976,0.2926,133,435.0
2026-07-30,81000,2026-12-10,call,regular,120,0.2929,133,375.0
2026-07-30,82500,2026-12-10,call,regular,801,0.2931,133,299.0
2026-07-30,84000,2026-12-10,call,regular,401,0.2937,133,239.0
2026-07-30,85000,2026-12-10,call,regular,689,0.2945,133,207.0
2026-07-30,87500,2026-12-10,call,regular,2578,0.2954,133,141.0
2026-07-30,90000,2026-12-10,call,regular,2526,0.2959,133,95.0
2026-07-30,95000,2026-12-10,call,regular,1072,0.3002,133,46.0
2026-07-30,100000,2026-12-10,call,regular,501,0.319,133,34.0
2026-07-30,54250,2027-01-07,call,regular,27,0.3591,161,10410.0
2026-07-30,61000,2027-01-07,call,regular,26,0.3204,161,5865.0
2026-07-30,64000,2027-01-07,call,regular,100,0.3083,161,4315.0
2026-07-30,71000,2027-01-07,call,regular,1,0.2974,161,1980.0
2026-07-30,71500,2027-01-07,call,regular,125,0.2955,161,1845.0
2026-07-30,72000,2027-01-07,call,regular,2,0.2942,161,1725.0
2026-07-30,73000,2027-01-07,call,regular,1,0.2938,161,1530.0
2026-07-30,74000,2027-01-07,call,regular,2,0.2935,161,1355.0
2026-07-30,80000,2027-01-07,call,regular,1,0.2928,161,635.0
2026-07-30,100000,2027-01-07,call,regular,2,0.2946,161,39.0
2026-07-30,56000,2027-02-10,call,regular,8,0.3409,195,9500.0
2026-07-30,56750,2027-02-10,call,regular,60,0.3369,195,8980.0
2026-07-30,64000,2027-02-10,call,regular,60,0.3158,195,4965.0
2026-07-30,66000,2027-02-10,call,regular,8,0.3081,195,4065.0
2026-07-30,52000,2027-03-11,call,regular,560,0.3616,224,12800.0
2026-07-30,52750,2027-03-11,call,regular,8,0.3573,224,12225.0
2026-07-30,53000,2027-03-11,call,regular,275,0.3558,224,12035.0
2026-07-30,53500,2027-03-11,call,regular,202,0.3533,224,11665.0
2026-07-30,53750,2027-03-11,call,regular,44,0.3519,224,11480.0
2026-07-30,54000,2027-03-11,call,regular,267,0.3505,224,11295.0
2026-07-30,55000,2027-03-11,call,regular,550,0.3444,224,10560.0
2026-07-30,56000,2027-03-11,call,regular,50,0.3381,224,9840.0
2026-07-30,56500,2027-03-11,call,regular,1,0.3355,224,9495.0
2026-07-30,57000,2027-03-11,call,regular,365,0.3334,224,9165.0
2026-07-30,58000,2027-03-11,call,regular,150,0.3291,224,8520.0
2026-07-30,59500,2027-03-11,call,regular,200,0.323,224,7600.0
2026-07-30,59750,2027-03-11,call,regular,2,0.323,224,7470.0
2026-07-30,60000,2027-03-11,call,regular,12,0.3226,224,7335.0
2026-07-30,60250,2027-03-11,call,regular,44,0.3224,224,7205.0
2026-07-30,61000,2027-03-11,call,regular,160,0.3212,224,6815.0
2026-07-30,61750,2027-03-11,call,regular,1,0.3196,224,6430.0
2026-07-30,62500,2027-03-11,call,regular,508,0.3176,224,6050.0
2026-07-30,63000,2027-03-11,call,regular,292,0.3165,224,5810.0
2026-07-30,64000,2027-03-11,call,regular,1,0.3138,224,5340.0
2026-07-30,64250,2027-03-11,call,regular,100,0.3129,224,5220.0
2026-07-30,65000,2027-03-11,call,regular,801,0.3115,224,4900.0
2026-07-30,66250,2027-03-11,call,regular,15,0.3045,224,4305.0
2026-07-30,66500,2027-03-11,call,regular,6,0.3025,224,4180.0
2026-07-30,67000,2027-03-11,call,regular,200,0.3012,224,3985.0
2026-07-30,69000,2027-03-11,call,regular,250,0.2973,224,3290.0
2026-07-30,70000,2027-03-11,call,regular,235,0.296,224,2990.0
2026-07-30,70500,2027-03-11,call,regular,150,0.2958,224,2855.0
2026-07-30,71000,2027-03-11,call,regular,100,0.2956,224,2725.0
2026-07-30,72000,2027-03-11,call,regular,500,0.2928,224,2440.0
2026-07-30,72500,2027-03-11,call,regular,85,0.2926,224,2325.0
2026-07-30,73000,2027-03-11,call,regular,400,0.2924,224,2215.0
2026-07-30,73500,2027-03-11,call,regular,1,0.2922,224,2110.0
2026-07-30,74000,2027-03-11,call,regular,3,0.2921,224,2010.0
2026-07-30,75000,2027-03-11,call,regular,182,0.2917,224,1820.0
2026-07-30,77500,2027-03-11,call,regular,150,0.2892,224,1390.0
2026-07-30,80000,2027-03-11,call,regular,200,0.2899,224,1085.0
2026-07-30,82500,2027-03-11,call,regular,737,0.2902,224,840.0
2026-07-30,90000,2027-03-11,call,regular,328,0.2903,224,375.0
2026-07-30,100000,2027-03-11,call,regular,78,0.2901,224,120.0
2026-07-30,57000,2027-04-08,call,regular,25,0.322,252,9310.0
2026-07-30,57750,2027-04-08,call,regular,88,0.3191,252,8830.0
2026-07-30,65000,2027-04-08,call,regular,88,0.3009,252,5050.0
2026-07-30,67000,2027-04-08,call,regular,25,0.294,252,4190.0
2026-07-30,60250,2027-05-13,call,regular,8,0.3078,287,7700.0
2026-07-30,61250,2027-05-13,call,regular,23,0.3055,287,7170.0
2026-07-30,71000,2027-05-13,call,regular,23,0.2885,287,3280.0
2026-07-30,72000,2027-05-13,call,regular,8,0.2876,287,3010.0
2026-07-30,16250,2027-06-10,call,regular,114,0.2,315,45595.0
2026-07-30,30000,2027-06-10,call,regular,300,0.3827,315,32355.0
2026-07-30,33000,2027-06-10,call,regular,50,0.399,315,29540.0
2026-07-30,36000,2027-06-10,call,regular,150,0.3969,315,26770.0
2026-07-30,37000,2027-06-10,call,regular,50,0.3939,315,25855.0
2026-07-30,37250,2027-06-10,call,regular,480,0.3936,315,25630.0
2026-07-30,38500,2027-06-10,call,regular,140,0.3888,315,24495.0
2026-07-30,39000,2027-06-10,call,regular,50,0.3849,315,24030.0
2026-07-30,44500,2027-06-10,call,regular,300,0.3604,315,19200.0
2026-07-30,50000,2027-06-10,call,regular,300,0.3384,315,14755.0
2026-07-30,50500,2027-06-10,call,regular,175,0.3362,315,14370.0
2026-07-30,53000,2027-06-10,call,regular,100,0.3286,315,12560.0
2026-07-30,54000,2027-06-10,call,regular,1050,0.3262,315,11880.0
2026-07-30,55000,2027-06-10,call,regular,300,0.3228,315,11200.0
2026-07-30,56000,2027-06-10,call,regular,175,0.3192,315,10535.0
2026-07-30,57000,2027-06-10,call,regular,50,0.3149,315,9875.0
2026-07-30,58500,2027-06-10,call,regular,58,0.3103,315,8960.0
2026-07-30,60000,2027-06-10,call,regular,850,0.3063,315,8105.0
2026-07-30,62500,2027-06-10,call,regular,150,0.3022,315,6845.0
2026-07-30,63000,2027-06-10,call,regular,100,0.3016,315,6615.0
2026-07-30,64000,2027-06-10,call,regular,200,0.3004,315,6170.0
2026-07-30,65000,2027-06-10,call,regular,374,0.2958,315,5670.0
2026-07-30,65500,2027-06-10,call,regular,62,0.2947,315,5455.0
2026-07-30,67000,2027-06-10,call,regular,470,0.2922,315,4860.0
2026-07-30,68000,2027-06-10,call,regular,400,0.2905,315,4490.0
2026-07-30,68250,2027-06-10,call,regular,15,0.2903,315,4405.0
2026-07-30,68500,2027-06-10,call,regular,200,0.2898,315,4315.0
2026-07-30,69250,2027-06-10,call,regular,36,0.2889,315,4065.0
2026-07-30,70000,2027-06-10,call,regular,550,0.2879,315,3825.0
2026-07-30,71000,2027-06-10,call,regular,100,0.2869,315,3530.0
2026-07-30,75000,2027-06-10,call,regular,600,0.284,315,2540.0
2026-07-30,77500,2027-06-10,call,regular,36,0.2832,315,2065.0
2026-07-30,80000,2027-06-10,call,regular,15,0.2827,315,1675.0
2026-07-30,85000,2027-06-10,call,regular,550,0.2832,315,1105.0
2026-07-30,90000,2027-06-10,call,regular,100,0.2849,315,735.0
2026-07-30,65750,2027-07-08,call,regular,20,0.2987,343,5755.0
2026-07-30,66750,2027-07-08,call,regular,32,0.2979,343,5375.0
2026-07-30,75000,2027-07-08,call,regular,32,0.283,343,2765.0
2026-07-30,77000,2027-07-08,call,regular,20,0.2827,343,2370.0
2026-07-30,65000,2027-09-09,call,regular,1,0.2997,406,6700.0
2026-07-30,28000,2027-12-09,call,regular,50,0.2446,497,34265.0
2026-07-30,30000,2027-12-09,call,regular,225,0.325,497,32425.0
2026-07-30,31500,2027-12-09,call,regular,50,0.3394,497,31060.0
2026-07-30,32000,2027-12-09,call,regular,100,0.3417,497,30605.0
2026-07-30,33000,2027-12-09,call,regular,100,0.3455,497,29705.0
2026-07-30,34000,2027-12-09,call,regular,375,0.3475,497,28810.0
2026-07-30,35000,2027-12-09,call,regular,201,0.3486,497,27925.0
2026-07-30,36000,2027-12-09,call,regular,80,0.348,497,27040.0
2026-07-30,36750,2027-12-09,call,regular,442,0.347,497,26380.0
2026-07-30,37000,2027-12-09,call,regular,200,0.3471,497,26165.0
2026-07-30,38000,2027-12-09,call,regular,575,0.3458,497,25300.0
2026-07-30,39000,2027-12-09,call,regular,125,0.3444,497,24445.0
2026-07-30,39250,2027-12-09,call,regular,50,0.3441,497,24235.0
2026-07-30,39500,2027-12-09,call,regular,50,0.3434,497,24020.0
2026-07-30,40000,2027-12-09,call,regular,350,0.3422,497,23595.0
2026-07-30,40500,2027-12-09,call,regular,450,0.3412,497,23175.0
2026-07-30,41000,2027-12-09,call,regular,375,0.3399,497,22755.0
2026-07-30,42000,2027-12-09,call,regular,200,0.3377,497,21930.0
2026-07-30,43000,2027-12-09,call,regular,400,0.3354,497,21115.0
2026-07-30,43500,2027-12-09,call,regular,150,0.334,497,20710.0
2026-07-30,45000,2027-12-09,call,regular,1950,0.3298,497,19510.0
2026-07-30,46000,2027-12-09,call,regular,500,0.3271,497,18730.0
2026-07-30,48000,2027-12-09,call,regular,225,0.3215,497,17205.0
2026-07-30,49000,2027-12-09,call,regular,700,0.3187,497,16465.0
2026-07-30,50000,2027-12-09,call,regular,1950,0.3162,497,15745.0
2026-07-30,51000,2027-12-09,call,regular,300,0.3137,497,15040.0
2026-07-30,52500,2027-12-09,call,regular,100,0.3096,497,14005.0
2026-07-30,54000,2027-12-09,call,regular,300,0.3061,497,13020.0
2026-07-30,54500,2027-12-09,call,regular,100,0.3049,497,12700.0
2026-07-30,55000,2027-12-09,call,regular,704,0.3038,497,12385.0
2026-07-30,57000,2027-12-09,call,regular,250,0.2993,497,11170.0
2026-07-30,58000,2027-12-09,call,regular,500,0.2973,497,10595.0
2026-07-30,60000,2027-12-09,call,regular,1225,0.2939,497,9515.0
2026-07-30,61000,2027-12-09,call,regular,200,0.2924,497,9005.0
2026-07-30,62000,2027-12-09,call,regular,200,0.2924,497,8560.0
2026-07-30,62500,2027-12-09,call,regular,70,0.2925,497,8345.0
2026-07-30,63000,2027-12-09,call,regular,300,0.2925,497,8135.0
2026-07-30,63500,2027-12-09,call,regular,50,0.2924,497,7925.0
2026-07-30,64000,2027-12-09,call,regular,780,0.2925,497,7725.0
2026-07-30,65000,2027-12-09,call,regular,550,0.2914,497,7300.0
2026-07-30,66000,2027-12-09,call,regular,300,0.2905,497,6900.0
2026-07-30,67000,2027-12-09,call,regular,100,0.2898,497,6520.0
2026-07-30,68000,2027-12-09,call,regular,200,0.2891,497,6160.0
2026-07-30,69000,2027-12-09,call,regular,850,0.2857,497,5735.0
2026-07-30,70000,2027-12-09,call,regular,850,0.2822,497,5325.0
2026-07-30,72500,2027-12-09,call,regular,100,0.2801,497,4560.0
2026-07-30,75000,2027-12-09,call,regular,177,0.2787,497,3900.0
2026-07-30,80000,2027-12-09,call,regular,800,0.2775,497,2860.0
2026-07-30,87500,2027-12-09,call,regular,100,0.2785,497,1815.0
2026-07-30,41500,2028-06-08,call,regular,100,0.332,679,23075.0
2026-07-30,28000,2028-12-07,call,regular,50,0.3326,861,34805.0
2026-07-30,30000,2028-12-07,call,regular,80,0.3376,861,33070.0
2026-07-30,31000,2028-12-07,call,regular,200,0.3382,861,32210.0
2026-07-30,32000,2028-12-07,call,regular,75,0.3384,861,31360.0
2026-07-30,33000,2028-12-07,call,regular,125,0.3379,861,30515.0
2026-07-30,34500,2028-12-07,call,regular,330,0.3361,861,29260.0
2026-07-30,34750,2028-12-07,call,regular,100,0.3356,861,29050.0
2026-07-30,35500,2028-12-07,call,regular,443,0.3347,861,28435.0
2026-07-30,36000,2028-12-07,call,regular,450,0.3336,861,28020.0
2026-07-30,36500,2028-12-07,call,regular,52,0.3329,861,27615.0
2026-07-30,38000,2028-12-07,call,regular,120,0.33,861,26405.0
2026-07-30,39000,2028-12-07,call,regular,575,0.3277,861,25605.0
2026-07-30,40000,2028-12-07,call,regular,30,0.3253,861,24815.0
2026-07-30,41000,2028-12-07,call,regular,375,0.3231,861,24040.0
2026-07-30,42000,2028-12-07,call,regular,65,0.3206,861,23270.0
2026-07-30,42500,2028-12-07,call,regular,100,0.3194,861,22890.0
2026-07-30,50000,2028-12-07,call,regular,400,0.2944,861,17340.0
2026-07-30,53000,2028-12-07,call,regular,50,0.2886,861,15425.0
2026-07-30,55000,2028-12-07,call,regular,50,0.285,861,14225.0
2026-07-30,56000,2028-12-07,call,regular,650,0.2834,861,13650.0
2026-07-30,60000,2028-12-07,call,regular,250,0.2779,861,11535.0
2026-07-30,67500,2028-12-07,call,regular,100,0.2759,861,8495.0
2026-07-30,75000,2028-12-07,call,regular,80,0.2742,861,6185.0
2026-07-30,80000,2028-12-07,call,regular,200,0.2678,861,4790.0
2026-07-30,50000,2029-12-13,call,regular,100,0.2926,1232,19035.0
2026-07-30,60000,2029-12-13,call,regular,375,0.2783,1232,13555.0
2026-07-30,65000,2029-12-13,call,regular,50,0.2722,1232,11295.0
2026-07-30,57000,2030-12-12,call,regular,300,0.2781,1596,16505.0
2026-07-30,64000,2030-12-12,call,regular,3,0.2713,1596,13325.0
2026-07-30,59375,2026-07-31,put,mini,329,0.7717,1,150.0
2026-07-30,59500,2026-07-31,put,mini,105,0.7605,1,159.0
2026-07-30,59625,2026-07-31,put,mini,2,0.7208,1,149.0
2026-07-30,59750,2026-07-31,put,mini,6,0.7326,1,175.0
2026-07-30,60000,2026-07-31,put,mini,160,0.7117,1,199.0
2026-07-30,60250,2026-07-31,put,mini,6,0.6758,1,214.0
2026-07-30,60375,2026-07-31,put,mini,3,0.681,1,243.0
2026-07-30,60500,2026-07-31,put,mini,44,0.691,1,279.0
2026-07-30,60625,2026-07-31,put,mini,8,0.6539,1,272.0
2026-07-30,60750,2026-07-31,put,mini,32,0.7249,1,375.0
2026-07-30,60875,2026-07-31,put,mini,2,0.6501,1,330.0
2026-07-30,61000,2026-07-31,put,mini,44,0.6734,1,390.0
2026-07-30,61125,2026-07-31,put,mini,704,0.7102,1,470.0
2026-07-30,61250,2026-07-31,put,mini,511,0.6054,1,390.0
2026-07-30,61375,2026-07-31,put,mini,23,0.6004,1,425.0
2026-07-30,61500,2026-07-31,put,mini,603,0.6999,1,590.0
2026-07-30,61625,2026-07-31,put,mini,13,0.5878,1,500.0
2026-07-30,61750,2026-07-31,put,mini,283,0.5882,1,550.0
2026-07-30,61875,2026-07-31,put,mini,46,0.5978,1,615.0
2026-07-30,62000,2026-07-31,put,mini,547,0.6164,1,695.0
2026-07-30,62125,2026-07-31,put,mini,14,0.6554,1,805.0
2026-07-30,62250,2026-07-31,put,mini,27,0.6495,1,860.0
2026-07-30,62375,2026-07-31,put,mini,4,0.6413,1,915.0
2026-07-30,62500,2026-07-31,put,mini,1448,0.4205,1,700.0
2026-07-30,62625,2026-07-31,put,mini,3,0.5393,1,925.0
2026-07-30,62750,2026-07-31,put,mini,226,0.622,1,1105.0
2026-07-30,62875,2026-07-31,put,mini,6,0.5426,1,1085.0
2026-07-30,63000,2026-07-31,put,mini,2470,0.7011,1,1360.0
2026-07-30,63125,2026-07-31,put,mini,6,0.535,1,1245.0
2026-07-30,63250,2026-07-31,put,mini,65,0.3583,1,1155.0
2026-07-30,63375,2026-07-31,put,mini,2,0.3665,1,1265.0
2026-07-30,63500,2026-07-31,put,mini,230,0.3975,1,1395.0
2026-07-30,63750,2026-07-31,put,mini,19,0.4396,1,1640.0
2026-07-30,63875,2026-07-31,put,mini,11,0.442,1,1750.0
2026-07-30,64000,2026-07-31,put,mini,246,0.7702,1,2145.0
2026-07-30,64125,2026-07-31,put,mini,1,0.2888,1,1915.0
2026-07-30,64250,2026-07-31,put,mini,27,0.2,1,1960.0
2026-07-30,64375,2026-07-31,put,mini,3,0.2,1,2130.0
2026-07-30,64500,2026-07-31,put,mini,222,0.2,1,2200.0
2026-07-30,64625,2026-07-31,put,mini,1,0.2,1,2340.0
2026-07-30,64750,2026-07-31,put,mini,57,0.5165,1,2585.0
2026-07-30,64875,2026-07-31,put,mini,5,0.2,1,2530.0
2026-07-30,65000,2026-07-31,put,mini,456,0.2,1,2650.0
2026-07-30,65125,2026-07-31,put,mini,2,0.2,1,2855.0
2026-07-30,65250,2026-07-31,put,mini,14,0.2,1,2915.0
2026-07-30,65375,2026-07-31,put,mini,3,0.2,1,3080.0
2026-07-30,65500,2026-07-31,put,mini,66,0.2,1,3130.0
2026-07-30,65625,2026-07-31,put,mini,12,0.2,1,3240.0
2026-07-30,65750,2026-07-31,put,mini,3,0.2,1,3370.0
2026-07-30,65875,2026-07-31,put,mini,1,0.2,1,3490.0
2026-07-30,66000,2026-07-31,put,mini,62,0.2,1,3615.0
2026-07-30,66125,2026-07-31,put,mini,3770,0.2,1,3770.0
2026-07-30,66250,2026-07-31,put,mini,6,0.2,1,3890.0
2026-07-30,66375,2026-07-31,put,mini,2,0.2,1,4010.0
2026-07-30,66500,2026-07-31,put,mini,20,0.2,1,4110.0
2026-07-30,66750,2026-07-31,put,mini,16,0.2,1,4370.0
2026-07-30,67000,2026-07-31,put,mini,12,0.2,1,4605.0
2026-07-30,67250,2026-07-31,put,mini,4,0.2,1,4860.0
2026-07-30,67500,2026-07-31,put,mini,5,0.2,1,5100.0
2026-07-30,67750,2026-07-31,put,mini,4,0.2,1,5350.0
2026-07-30,68000,2026-07-31,put,mini,5600,0.2,1,5600.0
2026-07-30,68500,2026-07-31,put,mini,6100,0.2,1,6100.0
2026-07-30,68750,2026-07-31,put,mini,6350,0.2,1,6350.0
2026-07-30,70750,2026-07-31,put,mini,8350,0.2,1,8350.0
2026-07-30,66500,2026-08-05,put,mini,4370,0.351,6,4370.0
2026-07-30,67750,2026-08-05,put,mini,2,0.2,6,5475.0
2026-07-30,59375,2026-08-07,put,mini,19,0.4656,8,620.0
2026-07-30,59500,2026-08-07,put,mini,7,0.4645,8,650.0
2026-07-30,60000,2026-08-07,put,mini,7,0.434,8,700.0
2026-07-30,60500,2026-08-07,put,mini,1,0.4747,8,995.0
2026-07-30,61000,2026-08-07,put,mini,4,0.4387,8,1060.0
2026-07-30,61125,2026-08-07,put,mini,51,0.4259,8,1065.0
2026-07-30,61250,2026-08-07,put,mini,5,0.468,8,1265.0
2026-07-30,61375,2026-08-07,put,mini,2,0.4656,8,1310.0
2026-07-30,61500,2026-08-07,put,mini,28,0.4628,8,1355.0
2026-07-30,61625,2026-08-07,put,mini,2,0.461,8,1405.0
2026-07-30,61750,2026-08-07,put,mini,1,0.4574,8,1450.0
2026-07-30,62000,2026-08-07,put,mini,14,0.4533,8,1555.0
2026-07-30,62500,2026-08-07,put,mini,5,0.4116,8,1660.0
2026-07-30,63000,2026-08-07,put,mini,1,0.4326,8,2020.0
2026-07-30,63125,2026-08-07,put,mini,1,0.4286,8,2080.0
2026-07-30,64000,2026-08-07,put,mini,5,0.4024,8,2555.0
2026-07-30,64375,2026-08-07,put,mini,1,0.3957,8,2800.0
2026-07-30,64500,2026-08-07,put,mini,14,0.3935,8,2885.0
2026-07-30,64875,2026-08-07,put,mini,3150,0.387,8,3150.0
2026-07-30,65000,2026-08-07,put,mini,11,0.3661,8,3190.0
2026-07-30,65250,2026-08-07,put,mini,3425,0.3789,8,3425.0
2026-07-30,65500,2026-08-07,put,mini,3555,0.3476,8,3555.0
2026-07-30,66000,2026-08-07,put,mini,3820,0.233,8,3820.0
2026-07-30,66500,2026-08-07,put,mini,2,0.336,8,4415.0
2026-07-30,67750,2026-08-07,put,mini,4,0.2,8,5505.0
2026-07-30,68500,2026-08-07,put,mini,20,0.2,8,6145.0
2026-07-30,68750,2026-08-07,put,mini,8,0.2,8,6425.0
2026-07-30,56750,2026-08-14,put,mini,733,0.4452,15,430.0
2026-07-30,56875,2026-08-14,put,mini,4,0.4414,15,440.0
2026-07-30,57000,2026-08-14,put,mini,690,0.4558,15,505.0
2026-07-30,57125,2026-08-14,put,mini,495,0.4451,15,495.0
2026-07-30,57250,2026-08-14,put,mini,37,0.4408,15,505.0
2026-07-30,57375,2026-08-14,put,mini,510,0.4349,15,510.0
2026-07-30,57500,2026-08-14,put,mini,188,0.4458,15,570.0
2026-07-30,57750,2026-08-14,put,mini,24,0.4274,15,560.0
2026-07-30,57875,2026-08-14,put,mini,4,0.4241,15,575.0
2026-07-30,58000,2026-08-14,put,mini,462,0.4278,15,615.0
2026-07-30,58125,2026-08-14,put,mini,7,0.4199,15,615.0
2026-07-30,58250,2026-08-14,put,mini,46,0.4203,15,645.0
2026-07-30,58375,2026-08-14,put,mini,655,0.415,15,655.0
2026-07-30,58500,2026-08-14,put,mini,72,0.4149,15,685.0
2026-07-30,58625,2026-08-14,put,mini,695,0.4094,15,695.0
2026-07-30,58750,2026-08-14,put,mini,63,0.4115,15,735.0
2026-07-30,58875,2026-08-14,put,mini,1,0.4044,15,740.0
2026-07-30,59000,2026-08-14,put,mini,473,0.4185,15,830.0
2026-07-30,59250,2026-08-14,put,mini,10,0.3962,15,810.0
2026-07-30,59375,2026-08-14,put,mini,1,0.3947,15,840.0
2026-07-30,59500,2026-08-14,put,mini,121,0.3954,15,880.0
2026-07-30,59625,2026-08-14,put,mini,1,0.3969,15,925.0
2026-07-30,59750,2026-08-14,put,mini,56,0.3947,15,955.0
2026-07-30,59875,2026-08-14,put,mini,4,0.3923,15,985.0
2026-07-30,60000,2026-08-14,put,mini,563,0.393,15,1030.0
2026-07-30,60125,2026-08-14,put,mini,1055,0.389,15,1055.0
2026-07-30,60250,2026-08-14,put,mini,25,0.3849,15,1080.0
2026-07-30,60375,2026-08-14,put,mini,2,0.3849,15,1125.0
2026-07-30,60500,2026-08-14,put,mini,53,0.3803,15,1150.0
2026-07-30,60625,2026-08-14,put,mini,1,0.3809,15,1200.0
2026-07-30,60750,2026-08-14,put,mini,22,0.3791,15,1240.0
2026-07-30,60875,2026-08-14,put,mini,3,0.3771,15,1280.0
2026-07-30,61000,2026-08-14,put,mini,369,0.3863,15,1375.0
2026-07-30,61125,2026-08-14,put,mini,1,0.3754,15,1375.0
2026-07-30,61250,2026-08-14,put,mini,13,0.3737,15,1420.0
2026-07-30,61375,2026-08-14,put,mini,1,0.3717,15,1465.0
2026-07-30,61500,2026-08-14,put,mini,158,0.3897,15,1610.0
2026-07-30,61625,2026-08-14,put,mini,1,0.369,15,1565.0
2026-07-30,61750,2026-08-14,put,mini,18,0.3663,15,1610.0
2026-07-30,61875,2026-08-14,put,mini,2,0.3663,15,1670.0
2026-07-30,62000,2026-08-14,put,mini,868,0.383,15,1815.0
2026-07-30,62125,2026-08-14,put,mini,2,0.3635,15,1780.0
2026-07-30,62250,2026-08-14,put,mini,509,0.3588,15,1820.0
2026-07-30,62375,2026-08-14,put,mini,507,0.3607,15,1895.0
2026-07-30,62500,2026-08-14,put,mini,167,0.3295,15,1805.0
2026-07-30,62625,2026-08-14,put,mini,2,0.3577,15,2015.0
2026-07-30,62750,2026-08-14,put,mini,51,0.3559,15,2075.0
2026-07-30,62875,2026-08-14,put,mini,2140,0.3547,15,2140.0
2026-07-30,63000,2026-08-14,put,mini,470,0.3282,15,2080.0
2026-07-30,63125,2026-08-14,put,mini,4,0.3515,15,2270.0
2026-07-30,63250,2026-08-14,put,mini,127,0.3738,15,2455.0
2026-07-30,63375,2026-08-14,put,mini,1,0.3493,15,2410.0
2026-07-30,63500,2026-08-14,put,mini,268,0.3261,15,2375.0
2026-07-30,63625,2026-08-14,put,mini,3,0.3438,15,2540.0
2026-07-30,63750,2026-08-14,put,mini,30,0.3426,15,2615.0
2026-07-30,63875,2026-08-14,put,mini,2695,0.3422,15,2695.0
2026-07-30,64000,2026-08-14,put,mini,310,0.3733,15,2925.0
2026-07-30,64125,2026-08-14,put,mini,2,0.3395,15,2850.0
2026-07-30,64250,2026-08-14,put,mini,39,0.3371,15,2925.0
2026-07-30,64375,2026-08-14,put,mini,3005,0.3355,15,3005.0
2026-07-30,64500,2026-08-14,put,mini,72,0.3325,15,3080.0
2026-07-30,64625,2026-08-14,put,mini,3,0.3336,15,3175.0
2026-07-30,64750,2026-08-14,put,mini,31,0.3311,15,3255.0
2026-07-30,64875,2026-08-14,put,mini,2,0.3305,15,3345.0
2026-07-30,65000,2026-08-14,put,mini,267,0.3113,15,3360.0
2026-07-30,65125,2026-08-14,put,mini,1,0.3272,15,3520.0
2026-07-30,65250,2026-08-14,put,mini,4,0.3244,15,3605.0
2026-07-30,65375,2026-08-14,put,mini,3625,0.3041,15,3625.0
2026-07-30,65500,2026-08-14,put,mini,53,0.3202,15,3785.0
2026-07-30,65625,2026-08-14,put,mini,4,0.3202,15,3885.0
2026-07-30,65750,2026-08-14,put,mini,29,0.3186,15,3980.0
2026-07-30,65875,2026-08-14,put,mini,1,0.3166,15,4075.0
2026-07-30,66000,2026-08-14,put,mini,255,0.2959,15,4110.0
2026-07-30,66125,2026-08-14,put,mini,4270,0.3129,15,4270.0
2026-07-30,66250,2026-08-14,put,mini,24,0.3096,15,4365.0
2026-07-30,66375,2026-08-14,put,mini,1,0.3091,15,4470.0
2026-07-30,66500,2026-08-14,put,mini,60,0.2979,15,4545.0
2026-07-30,66625,2026-08-14,put,mini,4675,0.3053,15,4675.0
2026-07-30,66750,2026-08-14,put,mini,15,0.3037,15,4780.0
2026-07-30,66875,2026-08-14,put,mini,10,0.3017,15,4885.0
2026-07-30,67000,2026-08-14,put,mini,140,0.2824,15,4950.0
2026-07-30,67125,2026-08-14,put,mini,5265,0.3589,15,5265.0
2026-07-30,67250,2026-08-14,put,mini,29,0.3563,15,5365.0
2026-07-30,67375,2026-08-14,put,mini,1,0.355,15,5470.0
2026-07-30,67500,2026-08-14,put,mini,123,0.2932,15,5430.0
2026-07-30,67625,2026-08-14,put,mini,1,0.3532,15,5685.0
2026-07-30,67750,2026-08-14,put,mini,472,0.3509,15,5790.0
2026-07-30,67875,2026-08-14,put,mini,5900,0.3503,15,5900.0
2026-07-30,68000,2026-08-14,put,mini,681,0.2645,15,5850.0
2026-07-30,68125,2026-08-14,put,mini,6115,0.3458,15,6115.0
2026-07-30,68250,2026-08-14,put,mini,60,0.3441,15,6225.0
2026-07-30,68375,2026-08-14,put,mini,6230,0.2812,15,6230.0
2026-07-30,68500,2026-08-14,put,mini,569,0.2488,15,6315.0
2026-07-30,68625,2026-08-14,put,mini,6555,0.3365,15,6555.0
2026-07-30,68750,2026-08-14,put,mini,1126,0.3358,15,6670.0
2026-07-30,68875,2026-08-14,put,mini,6780,0.3318,15,6780.0
2026-07-30,69000,2026-08-14,put,mini,1015,0.2,15,6780.0
2026-07-30,69125,2026-08-14,put,mini,2,0.3282,15,7010.0
2026-07-30,69250,2026-08-14,put,mini,42,0.3257,15,7125.0
2026-07-30,69375,2026-08-14,put,mini,7240,0.3228,15,7240.0
2026-07-30,69500,2026-08-14,put,mini,17,0.2,15,7240.0
2026-07-30,69625,2026-08-14,put,mini,7475,0.3191,15,7475.0
2026-07-30,69750,2026-08-14,put,mini,5,0.3142,15,7590.0
2026-07-30,70000,2026-08-14,put,mini,48,0.2,15,7740.0
2026-07-30,70125,2026-08-14,put,mini,7945,0.3045,15,7945.0
2026-07-30,70250,2026-08-14,put,mini,72,0.3019,15,8065.0
2026-07-30,70500,2026-08-14,put,mini,254,0.2,15,8220.0
2026-07-30,70750,2026-08-14,put,mini,70,0.2,15,8510.0
2026-07-30,70875,2026-08-14,put,mini,8655,0.2,15,8655.0
2026-07-30,71000,2026-08-14,put,mini,642,0.2,15,8710.0
2026-07-30,71250,2026-08-14,put,mini,503,0.2,15,8975.0
2026-07-30,71375,2026-08-14,put,mini,483,0.2,15,9095.0
2026-07-30,71500,2026-08-14,put,mini,1,0.2,15,9195.0
2026-07-30,71750,2026-08-14,put,mini,2,0.2,15,9465.0
2026-07-30,72000,2026-08-14,put,mini,12,0.2,15,9690.0
2026-07-30,72125,2026-08-14,put,mini,9815,0.2,15,9815.0
2026-07-30,72250,2026-08-14,put,mini,14,0.2,15,9955.0
2026-07-30,72500,2026-08-14,put,mini,10,0.2,15,10195.0
2026-07-30,72750,2026-08-14,put,mini,2,0.2,15,10470.0
2026-07-30,73000,2026-08-14,put,mini,24,0.2,15,10680.0
2026-07-30,73250,2026-08-14,put,mini,24,0.2,15,10960.0
2026-07-30,73375,2026-08-14,put,mini,5,0.2,15,11080.0
2026-07-30,73500,2026-08-14,put,mini,266,0.2,15,11190.0
2026-07-30,73750,2026-08-14,put,mini,460,0.2,15,11430.0
2026-07-30,74000,2026-08-14,put,mini,39,0.2,15,11675.0
2026-07-30,74250,2026-08-14,put,mini,45,0.2,15,11930.0
2026-07-30,74500,2026-08-14,put,mini,25,0.2,15,12165.0
2026-07-30,74750,2026-08-14,put,mini,132,0.2,15,12425.0
2026-07-30,75000,2026-08-14,put,mini,11,0.2,15,12665.0
2026-07-30,75250,2026-08-14,put,mini,5,0.2,15,12920.0
2026-07-30,64500,2026-08-21,put,mini,4,0.3723,22,3625.0
2026-07-30,59500,2026-09-11,put,mini,8,0.3677,43,1890.0
2026-07-30,59750,2026-09-11,put,mini,2,0.3648,43,1965.0
2026-07-30,60000,2026-09-11,put,mini,9,0.361,43,2035.0
2026-07-30,61000,2026-09-11,put,mini,2,0.3508,43,2385.0
2026-07-30,61125,2026-09-11,put,mini,4,0.3499,43,2435.0
2026-07-30,61250,2026-09-11,put,mini,73,0.3483,43,2480.0
2026-07-30,61375,2026-09-11,put,mini,3,0.3471,43,2530.0
2026-07-30,61500,2026-09-11,put,mini,40,0.3459,43,2580.0
2026-07-30,61625,2026-09-11,put,mini,1,0.3446,43,2630.0
2026-07-30,61750,2026-09-11,put,mini,6,0.3427,43,2675.0
2026-07-30,62000,2026-09-11,put,mini,281,0.3708,43,3040.0
2026-07-30,62250,2026-09-11,put,mini,403,0.3385,43,2895.0
2026-07-30,62500,2026-09-11,put,mini,86,0.3358,43,3005.0
2026-07-30,62750,2026-09-11,put,mini,76,0.3333,43,3120.0
2026-07-30,63000,2026-09-11,put,mini,130,0.331,43,3240.0
2026-07-30,63125,2026-09-11,put,mini,3295,0.3291,43,3295.0
2026-07-30,63250,2026-09-11,put,mini,201,0.3289,43,3365.0
2026-07-30,63500,2026-09-11,put,mini,135,0.3275,43,3500.0
2026-07-30,63625,2026-09-11,put,mini,3545,0.324,43,3545.0
2026-07-30,63750,2026-09-11,put,mini,46,0.3257,43,3635.0
2026-07-30,64000,2026-09-11,put,mini,144,0.3223,43,3760.0
2026-07-30,64125,2026-09-11,put,mini,20,0.3207,43,3825.0
2026-07-30,64250,2026-09-11,put,mini,336,0.3202,43,3900.0
2026-07-30,64375,2026-09-11,put,mini,3975,0.3196,43,3975.0
2026-07-30,64500,2026-09-11,put,mini,164,0.3196,43,4055.0
2026-07-30,64750,2026-09-11,put,mini,3,0.3172,43,4200.0
2026-07-30,65000,2026-09-11,put,mini,103,0.3145,43,4345.0
2026-07-30,65125,2026-09-11,put,mini,1,0.3094,43,4390.0
2026-07-30,65250,2026-09-11,put,mini,16,0.3125,43,4500.0
2026-07-30,65375,2026-09-11,put,mini,6,0.3033,43,4515.0
2026-07-30,65500,2026-09-11,put,mini,8,0.3107,43,4660.0
2026-07-30,65625,2026-09-11,put,mini,4725,0.3076,43,4725.0
2026-07-30,65750,2026-09-11,put,mini,42,0.309,43,4825.0
2026-07-30,65875,2026-09-11,put,mini,4890,0.3058,43,4890.0
2026-07-30,66000,2026-09-11,put,mini,84,0.2908,43,4870.0
2026-07-30,66250,2026-09-11,put,mini,202,0.3044,43,5155.0
2026-07-30,66500,2026-09-11,put,mini,274,0.3027,43,5330.0
2026-07-30,66750,2026-09-11,put,mini,2,0.3013,43,5510.0
2026-07-30,66875,2026-09-11,put,mini,5720,0.3175,43,5720.0
2026-07-30,67000,2026-09-11,put,mini,44,0.3037,43,5720.0
2026-07-30,67125,2026-09-11,put,mini,5895,0.315,43,5895.0
2026-07-30,67250,2026-09-11,put,mini,43,0.2976,43,5875.0
2026-07-30,67500,2026-09-11,put,mini,161,0.2947,43,6055.0
2026-07-30,67750,2026-09-11,put,mini,849,0.2919,43,6240.0
2026-07-30,68000,2026-09-11,put,mini,1020,0.2902,43,6435.0
2026-07-30,68250,2026-09-11,put,mini,108,0.2889,43,6635.0
2026-07-30,68500,2026-09-11,put,mini,1001,0.287,43,6835.0
2026-07-30,68750,2026-09-11,put,mini,1981,0.2855,43,7040.0
2026-07-30,68875,2026-09-11,put,mini,7240,0.3027,43,7240.0
2026-07-30,69000,2026-09-11,put,mini,1734,0.2826,43,7240.0
2026-07-30,69250,2026-09-11,put,mini,48,0.281,43,7450.0
2026-07-30,69500,2026-09-11,put,mini,6,0.2799,43,7665.0
2026-07-30,69750,2026-09-11,put,mini,7860,0.2737,43,7860.0
2026-07-30,70000,2026-09-11,put,mini,4,0.2611,43,8035.0
2026-07-30,71000,2026-09-11,put,mini,8955,0.2596,43,8955.0
2026-07-30,71250,2026-09-11,put,mini,4,0.2615,43,9195.0
2026-07-30,71500,2026-09-11,put,mini,4,0.2576,43,9420.0
2026-07-30,71750,2026-09-11,put,mini,3,0.2526,43,9645.0
2026-07-30,72000,2026-09-11,put,mini,9,0.2201,43,9825.0
2026-07-30,72250,2026-09-11,put,mini,63,0.2429,43,10105.0
2026-07-30,72375,2026-09-11,put,mini,10265,0.2624,43,10265.0
2026-07-30,72500,2026-09-11,put,mini,53,0.221,43,10315.0
2026-07-30,72750,2026-09-11,put,mini,24,0.2208,43,10560.0
2026-07-30,73000,2026-09-11,put,mini,79,0.2,43,10755.0
2026-07-30,73250,2026-09-11,put,mini,333,0.2,43,11025.0
2026-07-30,73500,2026-09-11,put,mini,162,0.2,43,11260.0
2026-07-30,73750,2026-09-11,put,mini,3,0.2,43,11495.0
2026-07-30,74000,2026-09-11,put,mini,99,0.2,43,11735.0
2026-07-30,74250,2026-09-11,put,mini,1,0.2,43,11975.0
2026-07-30,75000,2026-09-11,call,mini,67,2.0008,43,12695.0
2026-07-30,75250,2026-09-11,call,mini,10,2.0387,43,12950.0
2026-07-30,59375,2026-10-09,call,mini,3,0.2,71,2500.0
2026-07-30,61125,2026-10-09,call,mini,9,0.2379,71,3170.0
2026-07-30,61250,2026-10-09,call,mini,3220,0.2489,71,3220.0
2026-07-30,61500,2026-10-09,call,mini,3330,0.2713,71,3330.0
2026-07-30,62000,2026-10-09,call,mini,3,0.315,71,3555.0
2026-07-30,62375,2026-10-09,call,mini,1,0.3459,71,3715.0
2026-07-30,63000,2026-10-09,call,mini,8,0.3999,71,4025.0
2026-07-30,64000,2026-10-09,call,mini,3,0.4872,71,4560.0
2026-07-30,64750,2026-10-09,call,mini,5,0.5514,71,4965.0
2026-07-30,65000,2026-10-09,call,mini,12,0.5748,71,5125.0
2026-07-30,66000,2026-10-09,call,mini,5760,0.667,71,5760.0
2026-07-30,71750,2026-10-09,call,mini,10,1.2499,71,10255.0
2026-07-30,60500,2026-07-31,call,mini,8,0.2,1,1600.0
2026-07-30,61000,2026-07-31,call,mini,21,0.5625,1,1490.0
2026-07-30,61125,2026-07-31,call,mini,2,0.8694,1,1750.0
2026-07-30,61250,2026-07-31,call,mini,2,0.7651,1,1545.0
2026-07-30,61375,2026-07-31,call,mini,4,0.7564,1,1455.0
2026-07-30,61500,2026-07-31,call,mini,301,0.8507,1,1495.0
2026-07-30,61625,2026-07-31,call,mini,1,0.738,1,1280.0
2026-07-30,61750,2026-07-31,call,mini,1,0.7361,1,1205.0
2026-07-30,61875,2026-07-31,call,mini,1145,0.7439,1,1145.0
2026-07-30,62000,2026-07-31,call,mini,144,0.6139,1,910.0
2026-07-30,62125,2026-07-31,call,mini,2,0.7994,1,1085.0
2026-07-30,62250,2026-07-31,call,mini,18,0.7933,1,1015.0
2026-07-30,62375,2026-07-31,call,mini,11,0.7853,1,945.0
2026-07-30,62500,2026-07-31,call,mini,142,0.5624,1,600.0
2026-07-30,62625,2026-07-31,call,mini,7,0.6818,1,700.0
2026-07-30,62750,2026-07-31,call,mini,33,0.7653,1,755.0
2026-07-30,62875,2026-07-31,call,mini,14,0.6896,1,610.0
2026-07-30,63000,2026-07-31,call,mini,327,0.592,1,445.0
2026-07-30,63125,2026-07-31,call,mini,22,0.6891,1,520.0
2026-07-30,63250,2026-07-31,call,mini,39,0.5373,1,305.0
2026-07-30,63375,2026-07-31,call,mini,7,0.5523,1,288.0
2026-07-30,63500,2026-07-31,call,mini,230,0.5886,1,295.0
2026-07-30,63625,2026-07-31,call,mini,14,0.5974,1,274.0
2026-07-30,63750,2026-07-31,call,mini,23,0.6397,1,288.0
2026-07-30,63875,2026-07-31,call,mini,18,0.6525,1,273.0
2026-07-30,64000,2026-07-31,call,mini,858,0.5788,1,181.0
2026-07-30,64125,2026-07-31,call,mini,11,0.6145,1,190.0
2026-07-30,64250,2026-07-31,call,mini,95,0.5313,1,108.0
2026-07-30,64375,2026-07-31,call,mini,27,0.6169,1,153.0
2026-07-30,64500,2026-07-31,call,mini,289,0.5645,1,101.0
2026-07-30,64625,2026-07-31,call,mini,7,0.605,1,113.0
2026-07-30,64750,2026-07-31,call,mini,72,0.6345,1,118.0
2026-07-30,64875,2026-07-31,call,mini,54,0.5419,1,56.0
2026-07-30,65000,2026-07-31,call,mini,3701,0.5492,1,51.0
2026-07-30,65125,2026-07-31,call,mini,7,0.6498,1,90.0
2026-07-30,65250,2026-07-31,call,mini,107,0.6234,1,67.0
2026-07-30,65375,2026-07-31,call,mini,11,0.6265,1,60.0
2026-07-30,65500,2026-07-31,call,mini,515,0.5669,1,32.0
2026-07-30,65625,2026-07-31,call,mini,5,0.5175,1,16.0
2026-07-30,65750,2026-07-31,call,mini,40,0.548,1,19.0
2026-07-30,65875,2026-07-31,call,mini,7,0.5535,1,17.0
2026-07-30,66000,2026-07-31,call,mini,643,0.5577,1,15.0
2026-07-30,66125,2026-07-31,call,mini,27,0.6997,1,47.0
2026-07-30,66250,2026-07-31,call,mini,56,0.698,1,41.0
2026-07-30,66375,2026-07-31,call,mini,55,0.6976,1,36.0
2026-07-30,66500,2026-07-31,call,mini,993,0.5646,1,8.0
2026-07-30,66625,2026-07-31,call,mini,20,0.6898,1,26.0
2026-07-30,66750,2026-07-31,call,mini,53,0.681,1,21.0
2026-07-30,66875,2026-07-31,call,mini,5,0.6736,1,17.0
2026-07-30,67000,2026-07-31,call,mini,3129,0.5505,1,3.0
2026-07-30,67125,2026-07-31,call,mini,5,0.6601,1,11.0
2026-07-30,67250,2026-07-31,call,mini,119,0.6652,1,10.0
2026-07-30,67375,2026-07-31,call,mini,17,0.5872,1,3.0
2026-07-30,67500,2026-07-31,call,mini,566,0.5745,1,2.0
2026-07-30,67625,2026-07-31,call,mini,13,0.5861,1,2.0
2026-07-30,67750,2026-07-31,call,mini,112,0.5977,1,2.0
2026-07-30,67875,2026-07-31,call,mini,6,0.5705,1,1.0
2026-07-30,68000,2026-07-31,call,mini,708,0.5814,1,1.0
2026-07-30,68125,2026-07-31,call,mini,32,0.6592,1,3.0
2026-07-30,68250,2026-07-31,call,mini,119,0.671,1,3.0
2026-07-30,68375,2026-07-31,call,mini,22,0.6139,1,1.0
2026-07-30,68500,2026-07-31,call,mini,498,0.6665,1,2.0
2026-07-30,68625,2026-07-31,call,mini,4,0.6778,1,2.0
2026-07-30,68750,2026-07-31,call,mini,55,0.6891,1,2.0
2026-07-30,68875,2026-07-31,call,mini,7,0.7004,1,2.0
2026-07-30,69000,2026-07-31,call,mini,1048,0.6673,1,1.0
2026-07-30,69125,2026-07-31,call,mini,8,0.6779,1,1.0
2026-07-30,69250,2026-07-31,call,mini,220,0.6885,1,1.0
2026-07-30,69375,2026-07-31,call,mini,17,0.699,1,1.0
2026-07-30,69500,2026-07-31,call,mini,1725,0.7095,1,1.0
2026-07-30,69625,2026-07-31,call,mini,45,0.7199,1,1.0
2026-07-30,69750,2026-07-31,call,mini,220,0.7304,1,1.0
2026-07-30,69875,2026-07-31,call,mini,6,0.7408,1,1.0
2026-07-30,70000,2026-07-31,call,mini,736,0.7511,1,1.0
2026-07-30,70125,2026-07-31,call,mini,7,0.7614,1,1.0
2026-07-30,70250,2026-07-31,call,mini,125,0.7717,1,1.0
2026-07-30,70375,2026-07-31,call,mini,118,0.782,1,1.0
2026-07-30,70500,2026-07-31,call,mini,382,0.7922,1,1.0
2026-07-30,70625,2026-07-31,call,mini,45,0.8024,1,1.0
2026-07-30,70750,2026-07-31,call,mini,104,0.8126,1,1.0
2026-07-30,70875,2026-07-31,call,mini,30,0.8227,1,1.0
2026-07-30,71000,2026-07-31,call,mini,977,0.8329,1,1.0
2026-07-30,71125,2026-07-31,call,mini,23,0.8429,1,1.0
2026-07-30,71250,2026-07-31,call,mini,30,0.853,1,1.0
2026-07-30,71375,2026-07-31,call,mini,22,0.863,1,1.0
2026-07-30,71500,2026-07-31,call,mini,337,0.873,1,1.0
2026-07-30,71625,2026-07-31,call,mini,22,0.883,1,1.0
2026-07-30,71750,2026-07-31,call,mini,31,0.893,1,1.0
2026-07-30,71875,2026-07-31,call,mini,1,0.9029,1,1.0
2026-07-30,72000,2026-07-31,call,mini,615,0.9128,1,1.0
2026-07-30,72125,2026-07-31,call,mini,15,0.9226,1,1.0
2026-07-30,72250,2026-07-31,call,mini,52,0.9325,1,1.0
2026-07-30,72375,2026-07-31,call,mini,5,0.9423,1,1.0
2026-07-30,72500,2026-07-31,call,mini,800,0.9521,1,1.0
2026-07-30,72625,2026-07-31,call,mini,1,0.9618,1,1.0
2026-07-30,72750,2026-07-31,call,mini,18,0.9716,1,1.0
2026-07-30,72875,2026-07-31,call,mini,2,0.9813,1,1.0
2026-07-30,73000,2026-07-31,call,mini,2179,0.991,1,1.0
2026-07-30,73125,2026-07-31,call,mini,10,1.0006,1,1.0
2026-07-30,73250,2026-07-31,call,mini,244,1.0102,1,1.0
2026-07-30,73375,2026-07-31,call,mini,1,1.0199,1,1.0
2026-07-30,73500,2026-07-31,call,mini,21,1.0294,1,1.0
2026-07-30,73625,2026-07-31,call,mini,15,1.039,1,1.0
2026-07-30,73750,2026-07-31,call,mini,11,1.0485,1,1.0
2026-07-30,73875,2026-07-31,call,mini,1,1.058,1,1.0
2026-07-30,74000,2026-07-31,call,mini,115,1.0675,1,1.0
2026-07-30,74125,2026-07-31,call,mini,2,1.077,1,1.0
2026-07-30,74250,2026-07-31,call,mini,6,1.0864,1,1.0
2026-07-30,74375,2026-07-31,call,mini,1,1.0959,1,1.0
2026-07-30,74500,2026-07-31,call,mini,15,1.1053,1,1.0
2026-07-30,74625,2026-07-31,call,mini,15,1.1146,1,1.0
2026-07-30,74750,2026-07-31,call,mini,15,1.124,1,1.0
2026-07-30,74875,2026-07-31,call,mini,1,1.1333,1,1.0
2026-07-30,75000,2026-07-31,call,mini,100,1.1426,1,1.0
2026-07-30,75125,2026-07-31,call,mini,10,1.1519,1,1.0
2026-07-30,75250,2026-07-31,call,mini,10,1.1611,1,1.0
2026-07-30,75375,2026-07-31,call,mini,30,1.1704,1,1.0
2026-07-30,66000,2026-08-05,call,mini,1,0.4823,6,360.0
2026-07-30,66250,2026-08-05,call,mini,1,0.4817,6,320.0
2026-07-30,66500,2026-08-05,call,mini,278,0.4779,6,278.0
2026-07-30,67750,2026-08-05,call,mini,2,0.4648,6,133.0
2026-07-30,61125,2026-08-07,call,mini,2,0.357,8,1920.0
2026-07-30,61250,2026-08-07,call,mini,5,0.523,8,2430.0
2026-07-30,61500,2026-08-07,call,mini,16,0.5171,8,2270.0
2026-07-30,61750,2026-08-07,call,mini,4,0.5112,8,2115.0
2026-07-30,62000,2026-08-07,call,mini,1,0.5067,8,1970.0
2026-07-30,62250,2026-08-07,call,mini,909,0.5008,8,1825.0
2026-07-30,62500,2026-08-07,call,mini,22,0.4635,8,1570.0
2026-07-30,62625,2026-08-07,call,mini,11,0.4926,8,1620.0
2026-07-30,62750,2026-08-07,call,mini,10,0.49,8,1555.0
2026-07-30,62875,2026-08-07,call,mini,13,0.4871,8,1490.0
2026-07-30,63000,2026-08-07,call,mini,44,0.4851,8,1430.0
2026-07-30,63125,2026-08-07,call,mini,14,0.4814,8,1365.0
2026-07-30,63250,2026-08-07,call,mini,11,0.4786,8,1305.0
2026-07-30,63375,2026-08-07,call,mini,9,0.4754,8,1245.0
2026-07-30,63500,2026-08-07,call,mini,6,0.4718,8,1185.0
2026-07-30,63625,2026-08-07,call,mini,7,0.4692,8,1130.0
2026-07-30,63750,2026-08-07,call,mini,5,0.4648,8,1070.0
2026-07-30,63875,2026-08-07,call,mini,5,0.4628,8,1020.0
2026-07-30,64000,2026-08-07,call,mini,33,0.4588,8,965.0
2026-07-30,64250,2026-08-07,call,mini,5,0.4571,8,880.0
2026-07-30,64500,2026-08-07,call,mini,9,0.4537,8,795.0
2026-07-30,64750,2026-08-07,call,mini,5,0.4516,8,720.0
2026-07-30,65000,2026-08-07,call,mini,83,0.4329,8,600.0
2026-07-30,65250,2026-08-07,call,mini,5,0.4475,8,585.0
2026-07-30,65500,2026-08-07,call,mini,52,0.4236,8,465.0
2026-07-30,65750,2026-08-07,call,mini,5,0.4418,8,465.0
2026-07-30,66000,2026-08-07,call,mini,48,0.3594,8,230.0
2026-07-30,66500,2026-08-07,call,mini,60,0.4356,8,325.0
2026-07-30,67000,2026-08-07,call,mini,67,0.3535,8,120.0
2026-07-30,67500,2026-08-07,call,mini,10,0.4264,8,190.0
2026-07-30,67750,2026-08-07,call,mini,4,0.4245,8,165.0
2026-07-30,67875,2026-08-07,call,mini,1,0.4232,8,153.0
2026-07-30,68000,2026-08-07,call,mini,48,0.3761,8,85.0
2026-07-30,68500,2026-08-07,call,mini,84,0.3675,8,55.0
2026-07-30,68750,2026-08-07,call,mini,8,0.4159,8,89.0
2026-07-30,69000,2026-08-07,call,mini,22,0.4144,8,76.0
2026-07-30,69500,2026-08-07,call,mini,3,0.4104,8,54.0
2026-07-30,70000,2026-08-07,call,mini,22,0.4104,8,40.0
2026-07-30,70500,2026-08-07,call,mini,1,0.4118,8,30.0
2026-07-30,71000,2026-08-07,call,mini,1,0.4122,8,22.0
2026-07-30,72000,2026-08-07,call,mini,9,0.4059,8,10.0
2026-07-30,72500,2026-08-07,call,mini,3,0.4226,8,10.0
2026-07-30,72750,2026-08-07,call,mini,4,0.42,8,8.0
2026-07-30,56750,2026-08-14,call,mini,25,0.4854,15,6020.0
2026-07-30,57000,2026-08-14,call,mini,5845,0.4935,15,5845.0
2026-07-30,57250,2026-08-14,call,mini,9,0.4779,15,5595.0
2026-07-30,57875,2026-08-14,call,mini,1,0.4583,15,5040.0
2026-07-30,58000,2026-08-14,call,mini,7,0.4612,15,4955.0
2026-07-30,58500,2026-08-14,call,mini,4525,0.4464,15,4525.0
2026-07-30,58750,2026-08-14,call,mini,4325,0.442,15,4325.0
2026-07-30,58875,2026-08-14,call,mini,1,0.4346,15,4205.0
2026-07-30,59000,2026-08-14,call,mini,10,0.4479,15,4170.0
2026-07-30,59500,2026-08-14,call,mini,2,0.4235,15,3720.0
2026-07-30,60000,2026-08-14,call,mini,26,0.4197,15,3370.0
2026-07-30,60250,2026-08-14,call,mini,1,0.411,15,3170.0
2026-07-30,60500,2026-08-14,call,mini,7,0.406,15,2990.0
2026-07-30,60625,2026-08-14,call,mini,2915,0.4063,15,2915.0
2026-07-30,60750,2026-08-14,call,mini,10,0.4043,15,2830.0
2026-07-30,61000,2026-08-14,call,mini,34,0.411,15,2715.0
2026-07-30,61250,2026-08-14,call,mini,6,0.3981,15,2510.0
2026-07-30,61500,2026-08-14,call,mini,93,0.4139,15,2450.0
2026-07-30,61625,2026-08-14,call,mini,12,0.3931,15,2280.0
2026-07-30,61750,2026-08-14,call,mini,23,0.3903,15,2200.0
2026-07-30,62000,2026-08-14,call,mini,875,0.354,15,1890.0
2026-07-30,62250,2026-08-14,call,mini,976,0.3825,15,1910.0
2026-07-30,62375,2026-08-14,call,mini,483,0.3854,15,1865.0
2026-07-30,62500,2026-08-14,call,mini,69,0.3533,15,1645.0
2026-07-30,62625,2026-08-14,call,mini,1,0.3815,15,1730.0
2026-07-30,62750,2026-08-14,call,mini,30,0.3797,15,1665.0
2026-07-30,63000,2026-08-14,call,mini,109,0.3522,15,1420.0
2026-07-30,63250,2026-08-14,call,mini,126,0.3717,15,1415.0
2026-07-30,63375,2026-08-14,call,mini,10,0.3735,15,1375.0
2026-07-30,63500,2026-08-14,call,mini,62,0.3506,15,1215.0
2026-07-30,63625,2026-08-14,call,mini,1,0.3684,15,1255.0
2026-07-30,63750,2026-08-14,call,mini,24,0.3674,15,1205.0
2026-07-30,64000,2026-08-14,call,mini,132,0.3478,15,1025.0
2026-07-30,64125,2026-08-14,call,mini,1065,0.3651,15,1065.0
2026-07-30,64250,2026-08-14,call,mini,13,0.363,15,1015.0
2026-07-30,64500,2026-08-14,call,mini,93,0.3591,15,920.0
2026-07-30,64625,2026-08-14,call,mini,2,0.3606,15,890.0
2026-07-30,64750,2026-08-14,call,mini,5,0.3584,15,845.0
2026-07-30,64875,2026-08-14,call,mini,1,0.3583,15,810.0
2026-07-30,65000,2026-08-14,call,mini,286,0.3402,15,700.0
2026-07-30,65125,2026-08-14,call,mini,29,0.356,15,735.0
2026-07-30,65250,2026-08-14,call,mini,29,0.3539,15,695.0
2026-07-30,65375,2026-08-14,call,mini,590,0.3351,15,590.0
2026-07-30,65500,2026-08-14,call,mini,57,0.351,15,625.0
2026-07-30,65625,2026-08-14,call,mini,10,0.3516,15,600.0
2026-07-30,65750,2026-08-14,call,mini,36,0.3508,15,570.0
2026-07-30,65875,2026-08-14,call,mini,1,0.3496,15,540.0
2026-07-30,66000,2026-08-14,call,mini,228,0.3314,15,450.0
2026-07-30,66125,2026-08-14,call,mini,1,0.3477,15,485.0
2026-07-30,66250,2026-08-14,call,mini,16,0.3456,15,455.0
2026-07-30,66375,2026-08-14,call,mini,2,0.346,15,435.0
2026-07-30,66500,2026-08-14,call,mini,90,0.3371,15,385.0
2026-07-30,66625,2026-08-14,call,mini,390,0.3447,15,390.0
2026-07-30,66750,2026-08-14,call,mini,24,0.3444,15,370.0
2026-07-30,66875,2026-08-14,call,mini,10,0.3438,15,350.0
2026-07-30,67000,2026-08-14,call,mini,327,0.3291,15,290.0
2026-07-30,67125,2026-08-14,call,mini,2,0.3963,15,480.0
2026-07-30,67250,2026-08-14,call,mini,127,0.3947,15,455.0
2026-07-30,67375,2026-08-14,call,mini,435,0.3945,15,435.0
2026-07-30,67500,2026-08-14,call,mini,411,0.343,15,268.0
2026-07-30,67625,2026-08-14,call,mini,5,0.3949,15,400.0
2026-07-30,67750,2026-08-14,call,mini,566,0.3939,15,380.0
2026-07-30,67875,2026-08-14,call,mini,2,0.3944,15,365.0
2026-07-30,68000,2026-08-14,call,mini,754,0.3315,15,190.0
2026-07-30,68125,2026-08-14,call,mini,330,0.3931,15,330.0
2026-07-30,68250,2026-08-14,call,mini,125,0.3929,15,315.0
2026-07-30,68375,2026-08-14,call,mini,195,0.3487,15,195.0
2026-07-30,68500,2026-08-14,call,mini,772,0.334,15,155.0
2026-07-30,68625,2026-08-14,call,mini,1,0.392,15,272.0
2026-07-30,68750,2026-08-14,call,mini,1437,0.3922,15,260.0
2026-07-30,68875,2026-08-14,call,mini,10,0.3921,15,248.0
2026-07-30,69000,2026-08-14,call,mini,1557,0.3346,15,123.0
2026-07-30,69125,2026-08-14,call,mini,226,0.3924,15,226.0
2026-07-30,69250,2026-08-14,call,mini,90,0.3926,15,216.0
2026-07-30,69375,2026-08-14,call,mini,15,0.3932,15,207.0
2026-07-30,69500,2026-08-14,call,mini,132,0.3224,15,80.0
2026-07-30,69625,2026-08-14,call,mini,1,0.3938,15,189.0
2026-07-30,69750,2026-08-14,call,mini,68,0.3949,15,182.0
2026-07-30,69875,2026-08-14,call,mini,5,0.3958,15,175.0
2026-07-30,70000,2026-08-14,call,mini,650,0.3381,15,79.0
2026-07-30,70125,2026-08-14,call,mini,7,0.3971,15,161.0
2026-07-30,70250,2026-08-14,call,mini,24,0.3976,15,154.0
2026-07-30,70375,2026-08-14,call,mini,148,0.3985,15,148.0
2026-07-30,70500,2026-08-14,call,mini,141,0.3409,15,64.0
2026-07-30,70750,2026-08-14,call,mini,41,0.38,15,101.0
2026-07-30,70875,2026-08-14,call,mini,124,0.4005,15,124.0
2026-07-30,71000,2026-08-14,call,mini,983,0.3449,15,53.0
2026-07-30,71125,2026-08-14,call,mini,15,0.4019,15,114.0
2026-07-30,71250,2026-08-14,call,mini,524,0.3661,15,66.0
2026-07-30,71375,2026-08-14,call,mini,492,0.3659,15,62.0
2026-07-30,71500,2026-08-14,call,mini,156,0.3382,15,36.0
2026-07-30,71625,2026-08-14,call,mini,4,0.3734,15,62.0
2026-07-30,71750,2026-08-14,call,mini,69,0.374,15,59.0
2026-07-30,71875,2026-08-14,call,mini,1,0.3755,15,57.0
2026-07-30,72000,2026-08-14,call,mini,396,0.3492,15,34.0
2026-07-30,72125,2026-08-14,call,mini,2,0.3462,15,30.0
2026-07-30,72250,2026-08-14,call,mini,43,0.3758,15,48.0
2026-07-30,72375,2026-08-14,call,mini,2,0.4082,15,74.0
2026-07-30,72500,2026-08-14,call,mini,206,0.3721,15,40.0
2026-07-30,72625,2026-08-14,call,mini,1,0.3727,15,38.0
2026-07-30,72750,2026-08-14,call,mini,34,0.409,15,64.0
2026-07-30,72875,2026-08-14,call,mini,7,0.3869,15,43.0
2026-07-30,73000,2026-08-14,call,mini,315,0.3584,15,24.0
2026-07-30,73125,2026-08-14,call,mini,1,0.4096,15,55.0
2026-07-30,73250,2026-08-14,call,mini,25,0.4107,15,53.0
2026-07-30,73375,2026-08-14,call,mini,1,0.4103,15,50.0
2026-07-30,73500,2026-08-14,call,mini,209,0.385,15,31.0
2026-07-30,73625,2026-08-14,call,mini,3,0.4133,15,47.0
2026-07-30,73750,2026-08-14,call,mini,239,0.38,15,25.0
2026-07-30,73875,2026-08-14,call,mini,1,0.3789,15,23.0
2026-07-30,74000,2026-08-14,call,mini,356,0.3673,15,17.0
2026-07-30,74125,2026-08-14,call,mini,22,0.383,15,22.0
2026-07-30,74250,2026-08-14,call,mini,74,0.3861,15,22.0
2026-07-30,74375,2026-08-14,call,mini,19,0.3819,15,19.0
2026-07-30,74500,2026-08-14,call,mini,200,0.3601,15,11.0
2026-07-30,74625,2026-08-14,call,mini,1,0.3826,15,17.0
2026-07-30,74750,2026-08-14,call,mini,117,0.3857,15,17.0
2026-07-30,74875,2026-08-14,call,mini,4,0.3827,15,15.0
2026-07-30,75000,2026-08-14,call,mini,519,0.3717,15,11.0
2026-07-30,75125,2026-08-14,call,mini,11,0.3854,15,14.0
2026-07-30,75250,2026-08-14,call,mini,137,0.3849,15,13.0
2026-07-30,75375,2026-08-14,call,mini,90,0.3879,15,13.0
2026-07-30,64500,2026-08-21,call,mini,4,0.4109,22,1570.0
2026-07-30,59375,2026-09-11,call,mini,1,0.3944,43,4900.0
2026-07-30,60000,2026-09-11,call,mini,1,0.389,43,4485.0
2026-07-30,61000,2026-09-11,call,mini,1,0.3778,43,3835.0
2026-07-30,61250,2026-09-11,call,mini,32,0.3751,43,3680.0
2026-07-30,61500,2026-09-11,call,mini,8,0.3727,43,3530.0
2026-07-30,62000,2026-09-11,call,mini,10,0.3973,43,3490.0
2026-07-30,62250,2026-09-11,call,mini,5,0.3649,43,3095.0
2026-07-30,62500,2026-09-11,call,mini,8,0.3628,43,2960.0
2026-07-30,62750,2026-09-11,call,mini,3,0.3597,43,2820.0
2026-07-30,62875,2026-09-11,call,mini,2755,0.3586,43,2755.0
2026-07-30,63000,2026-09-11,call,mini,56,0.3574,43,2690.0
2026-07-30,63250,2026-09-11,call,mini,63,0.3553,43,2565.0
2026-07-30,63500,2026-09-11,call,mini,66,0.354,43,2450.0
2026-07-30,63750,2026-09-11,call,mini,24,0.3523,43,2335.0
2026-07-30,64000,2026-09-11,call,mini,118,0.3491,43,2210.0
2026-07-30,64250,2026-09-11,call,mini,328,0.3472,43,2100.0
2026-07-30,64500,2026-09-11,call,mini,164,0.3468,43,2005.0
2026-07-30,64750,2026-09-11,call,mini,9,0.3447,43,1900.0
2026-07-30,65000,2026-09-11,call,mini,62,0.3423,43,1795.0
2026-07-30,65125,2026-09-11,call,mini,3,0.3375,43,1715.0
2026-07-30,65250,2026-09-11,call,mini,2,0.3406,43,1700.0
2026-07-30,65500,2026-09-11,call,mini,17,0.3392,43,1610.0
2026-07-30,65750,2026-09-11,call,mini,1,0.3381,43,1525.0
2026-07-30,66000,2026-09-11,call,mini,51,0.3208,43,1320.0
2026-07-30,66125,2026-09-11,call,mini,2,0.3332,43,1380.0
2026-07-30,66250,2026-09-11,call,mini,23,0.3351,43,1360.0
2026-07-30,66500,2026-09-11,call,mini,64,0.3341,43,1285.0
2026-07-30,66625,2026-09-11,call,mini,1370,0.3499,43,1370.0
2026-07-30,66750,2026-09-11,call,mini,1215,0.3333,43,1215.0
2026-07-30,66875,2026-09-11,call,mini,1300,0.3492,43,1300.0
2026-07-30,67000,2026-09-11,call,mini,37,0.3363,43,1175.0
2026-07-30,67125,2026-09-11,call,mini,1,0.3474,43,1225.0
2026-07-30,67250,2026-09-11,call,mini,40,0.3312,43,1080.0
2026-07-30,67375,2026-09-11,call,mini,1155,0.346,43,1155.0
2026-07-30,67500,2026-09-11,call,mini,165,0.3292,43,1010.0
2026-07-30,67625,2026-09-11,call,mini,1090,0.3448,43,1090.0
2026-07-30,67750,2026-09-11,call,mini,858,0.3275,43,945.0
2026-07-30,68000,2026-09-11,call,mini,1036,0.3268,43,890.0
2026-07-30,68125,2026-09-11,call,mini,3,0.3428,43,970.0
2026-07-30,68250,2026-09-11,call,mini,110,0.3266,43,840.0
2026-07-30,68500,2026-09-11,call,mini,1057,0.326,43,790.0
2026-07-30,68625,2026-09-11,call,mini,865,0.3417,43,865.0
2026-07-30,68750,2026-09-11,call,mini,2047,0.3258,43,745.0
2026-07-30,68875,2026-09-11,call,mini,2,0.3417,43,820.0
2026-07-30,69000,2026-09-11,call,mini,1949,0.3244,43,695.0
2026-07-30,69125,2026-09-11,call,mini,3,0.3406,43,770.0
2026-07-30,69250,2026-09-11,call,mini,85,0.3243,43,655.0
2026-07-30,69375,2026-09-11,call,mini,725,0.34,43,725.0
2026-07-30,69500,2026-09-11,call,mini,18,0.3248,43,620.0
2026-07-30,69625,2026-09-11,call,mini,685,0.3399,43,685.0
2026-07-30,69750,2026-09-11,call,mini,5,0.3222,43,570.0
2026-07-30,69875,2026-09-11,call,mini,645,0.3394,43,645.0
2026-07-30,70000,2026-09-11,call,mini,118,0.314,43,495.0
2026-07-30,70125,2026-09-11,call,mini,2,0.3386,43,605.0
2026-07-30,70250,2026-09-11,call,mini,5,0.3253,43,520.0
2026-07-30,70500,2026-09-11,call,mini,12,0.3255,43,490.0
2026-07-30,70625,2026-09-11,call,mini,540,0.3388,43,540.0
2026-07-30,70750,2026-09-11,call,mini,20,0.3254,43,460.0
2026-07-30,71000,2026-09-11,call,mini,45,0.3215,43,415.0
2026-07-30,71125,2026-09-11,call,mini,475,0.3377,43,475.0
2026-07-30,71250,2026-09-11,call,mini,7,0.3252,43,405.0
2026-07-30,71375,2026-09-11,call,mini,450,0.3382,43,450.0
2026-07-30,71500,2026-09-11,call,mini,8,0.3251,43,380.0
2026-07-30,71625,2026-09-11,call,mini,420,0.3374,43,420.0
2026-07-30,71750,2026-09-11,call,mini,12,0.3247,43,355.0
2026-07-30,71875,2026-09-11,call,mini,395,0.3373,43,395.0
2026-07-30,72000,2026-09-11,call,mini,50,0.312,43,285.0
2026-07-30,72250,2026-09-11,call,mini,71,0.3256,43,315.0
2026-07-30,72500,2026-09-11,call,mini,77,0.3202,43,276.0
2026-07-30,72750,2026-09-11,call,mini,30,0.324,43,271.0
2026-07-30,72875,2026-09-11,call,mini,310,0.3377,43,310.0
2026-07-30,73000,2026-09-11,call,mini,134,0.3125,43,217.0
2026-07-30,73125,2026-09-11,call,mini,1,0.3368,43,288.0
2026-07-30,73250,2026-09-11,call,mini,346,0.3243,43,238.0
2026-07-30,73375,2026-09-11,call,mini,4,0.3367,43,270.0
2026-07-30,73500,2026-09-11,call,mini,366,0.3248,43,224.0
2026-07-30,73750,2026-09-11,call,mini,384,0.3251,43,210.0
2026-07-30,73875,2026-09-11,call,mini,3,0.3369,43,238.0
2026-07-30,74000,2026-09-11,call,mini,186,0.3254,43,197.0
2026-07-30,74125,2026-09-11,call,mini,1,0.3369,43,223.0
2026-07-30,74250,2026-09-11,call,mini,84,0.3277,43,190.0
2026-07-30,74375,2026-09-11,call,mini,209,0.3369,43,209.0
2026-07-30,74500,2026-09-11,call,mini,110,0.3369,43,202.0
2026-07-30,74625,2026-09-11,call,mini,195,0.3367,43,195.0
2026-07-30,74750,2026-09-11,call,mini,156,0.3368,43,189.0
2026-07-30,74875,2026-09-11,call,mini,1,0.3369,43,183.0
2026-07-30,75000,2026-09-11,call,mini,184,0.3304,43,161.0
2026-07-30,75250,2026-09-11,call,mini,18,0.3367,43,165.0
2026-07-30,75375,2026-09-11,call,mini,13,0.3368,43,160.0
2026-07-30,61125,2026-10-09,call,mini,1,0.3331,71,4190.0
2026-07-30,61250,2026-10-09,call,mini,10,0.3321,71,4115.0
2026-07-30,61875,2026-10-09,call,mini,4,0.3287,71,3765.0
2026-07-30,62500,2026-10-09,call,mini,3,0.3242,71,3420.0
2026-07-30,63000,2026-10-09,call,mini,15,0.3218,71,3170.0
2026-07-30,63875,2026-10-09,call,mini,12,0.3177,71,2760.0
2026-07-30,64000,2026-10-09,call,mini,5,0.3172,71,2705.0
2026-07-30,64250,2026-10-09,call,mini,4,0.3156,71,2590.0
2026-07-30,65000,2026-10-09,call,mini,5,0.3118,71,2275.0
2026-07-30,66000,2026-10-09,call,mini,6,0.3083,71,1910.0
2026-07-30,67000,2026-10-09,call,mini,6,0.3037,71,1575.0
2026-07-30,67500,2026-10-09,call,mini,1,0.3031,71,1440.0
2026-07-30,68000,2026-10-09,call,mini,4,0.3015,71,1305.0
2026-07-30,69000,2026-10-09,call,mini,1,0.3137,71,1195.0
2026-07-30,70000,2026-10-09,call,mini,51,0.3079,71,955.0
2026-07-30,70125,2026-10-09,call,mini,1,0.3068,71,925.0
2026-07-30,70500,2026-10-09,call,mini,1,0.3064,71,860.0
2026-07-30,70750,2026-10-09,call,mini,2,0.3057,71,815.0
2026-07-30,71000,2026-10-09,call,mini,5,0.3061,71,780.0
2026-07-30,71750,2026-10-09,call,mini,29,0.3052,71,670.0
