date,strike,expiry,type,product,oi,iv,days_to_expiry,settlement
2026-09-25,20000,2026-10-08,put,regular,1510,1.8442,13,1.0
2026-09-25,22500,2026-10-08,put,regular,451,1.6667,13,1.0
2026-09-25,25000,2026-10-08,put,regular,1564,1.5081,13,1.0
2026-09-25,26000,2026-10-08,put,regular,184,1.4491,13,1.0
2026-09-25,27000,2026-10-08,put,regular,206,1.3923,13,1.0
2026-09-25,28000,2026-10-08,put,regular,243,1.3376,13,1.0
2026-09-25,29000,2026-10-08,put,regular,175,1.2848,13,1.0
2026-09-25,30000,2026-10-08,put,regular,6441,1.2338,13,1.0
2026-09-25,31000,2026-10-08,put,regular,114,1.1844,13,1.0
2026-09-25,32000,2026-10-08,put,regular,299,1.1366,13,1.0
2026-09-25,33000,2026-10-08,put,regular,2929,1.0902,13,1.0
2026-09-25,34000,2026-10-08,put,regular,177,1.0452,13,1.0
2026-09-25,35000,2026-10-08,put,regular,2229,1.0014,13,1.0
2026-09-25,36000,2026-10-08,put,regular,86,0.9589,13,1.0
2026-09-25,37000,2026-10-08,put,regular,329,0.9174,13,1.0
2026-09-25,38000,2026-10-08,put,regular,214,0.9249,13,2.0
2026-09-25,39000,2026-10-08,put,regular,160,0.8836,13,2.0
2026-09-25,40000,2026-10-08,put,regular,4464,0.8433,13,2.0
2026-09-25,41000,2026-10-08,put,regular,227,0.8039,13,2.0
2026-09-25,42000,2026-10-08,put,regular,292,0.7919,13,3.0
2026-09-25,42750,2026-10-08,put,regular,31,0.7627,13,3.0
2026-09-25,43000,2026-10-08,put,regular,422,0.753,13,3.0
2026-09-25,43250,2026-10-08,put,regular,19,0.7184,13,2.0
2026-09-25,43500,2026-10-08,put,regular,45,0.7529,13,4.0
2026-09-25,43750,2026-10-08,put,regular,25,0.7432,13,4.0
2026-09-25,44000,2026-10-08,put,regular,314,0.7336,13,4.0
2026-09-25,44250,2026-10-08,put,regular,37,0.724,13,4.0
2026-09-25,44500,2026-10-08,put,regular,24,0.7144,13,4.0
2026-09-25,44750,2026-10-08,put,regular,37,0.7049,13,4.0
2026-09-25,45000,2026-10-08,put,regular,2074,0.71,13,5.0
2026-09-25,45250,2026-10-08,put,regular,29,0.686,13,4.0
2026-09-25,45500,2026-10-08,put,regular,805,0.6909,13,5.0
2026-09-25,45750,2026-10-08,put,regular,132,0.6814,13,5.0
2026-09-25,46000,2026-10-08,put,regular,555,0.6839,13,6.0
2026-09-25,46250,2026-10-08,put,regular,13,0.6744,13,6.0
2026-09-25,46500,2026-10-08,put,regular,260,0.6648,13,6.0
2026-09-25,46750,2026-10-08,put,regular,133,0.6439,13,5.0
2026-09-25,47000,2026-10-08,put,regular,503,0.665,13,8.0
2026-09-25,47250,2026-10-08,put,regular,152,0.6366,13,6.0
2026-09-25,47500,2026-10-08,put,regular,56,0.6458,13,8.0
2026-09-25,47750,2026-10-08,put,regular,46,0.618,13,6.0
2026-09-25,48000,2026-10-08,put,regular,946,0.6268,13,8.0
2026-09-25,48250,2026-10-08,put,regular,53,0.6174,13,8.0
2026-09-25,48500,2026-10-08,put,regular,207,0.6156,13,9.0
2026-09-25,48750,2026-10-08,put,regular,275,0.613,13,10.0
2026-09-25,49000,2026-10-08,put,regular,478,0.6035,13,10.0
2026-09-25,49250,2026-10-08,put,regular,80,0.6003,13,11.0
2026-09-25,49500,2026-10-08,put,regular,311,0.5907,13,11.0
2026-09-25,49750,2026-10-08,put,regular,67,0.587,13,12.0
2026-09-25,50000,2026-10-08,put,regular,2694,0.5827,13,13.0
2026-09-25,50250,2026-10-08,put,regular,73,0.5732,13,13.0
2026-09-25,50500,2026-10-08,put,regular,305,0.5685,13,14.0
2026-09-25,50750,2026-10-08,put,regular,165,0.5635,13,15.0
2026-09-25,51000,2026-10-08,put,regular,554,0.5539,13,15.0
2026-09-25,51250,2026-10-08,put,regular,293,0.5486,13,16.0
2026-09-25,51500,2026-10-08,put,regular,413,0.543,13,17.0
2026-09-25,51750,2026-10-08,put,regular,145,0.5372,13,18.0
2026-09-25,52000,2026-10-08,put,regular,1417,0.5276,13,18.0
2026-09-25,52250,2026-10-08,put,regular,64,0.5249,13,20.0
2026-09-25,52500,2026-10-08,put,regular,521,0.5185,13,21.0
2026-09-25,52750,2026-10-08,put,regular,121,0.5088,13,21.0
2026-09-25,53000,2026-10-08,put,regular,1672,0.5051,13,23.0
2026-09-25,53250,2026-10-08,put,regular,132,0.5036,13,26.0
2026-09-25,53500,2026-10-08,put,regular,1327,0.4938,13,26.0
2026-09-25,53750,2026-10-08,put,regular,160,0.489,13,28.0
2026-09-25,54000,2026-10-08,put,regular,1272,0.4815,13,29.0
2026-09-25,54250,2026-10-08,put,regular,222,0.4739,13,30.0
2026-09-25,54500,2026-10-08,put,regular,542,0.4704,13,33.0
2026-09-25,54750,2026-10-08,put,regular,66,0.4625,13,34.0
2026-09-25,55000,2026-10-08,put,regular,3344,0.4525,13,34.0
2026-09-25,55250,2026-10-08,put,regular,157,0.45,13,38.0
2026-09-25,55500,2026-10-08,put,regular,286,0.4451,13,41.0
2026-09-25,55750,2026-10-08,put,regular,80,0.4398,13,44.0
2026-09-25,56000,2026-10-08,put,regular,2039,0.428,13,43.0
2026-09-25,56250,2026-10-08,put,regular,77,0.4268,13,49.0
2026-09-25,56500,2026-10-08,put,regular,660,0.422,13,53.0
2026-09-25,56750,2026-10-08,put,regular,132,0.4155,13,56.0
2026-09-25,57000,2026-10-08,put,regular,1558,0.4099,13,60.0
2026-09-25,57250,2026-10-08,put,regular,163,0.4084,13,68.0
2026-09-25,57500,2026-10-08,put,regular,505,0.3987,13,69.0
2026-09-25,57750,2026-10-08,put,regular,82,0.3931,13,74.0
2026-09-25,58000,2026-10-08,put,regular,2432,0.3899,13,82.0
2026-09-25,58250,2026-10-08,put,regular,127,0.3825,13,86.0
2026-09-25,58375,2026-10-08,put,regular,483,0.3804,13,90.0
2026-09-25,58500,2026-10-08,put,regular,786,0.3782,13,94.0
2026-09-25,58625,2026-10-08,put,regular,58,0.3773,13,100.0
2026-09-25,58750,2026-10-08,put,regular,64,0.3733,13,102.0
2026-09-25,58875,2026-10-08,put,regular,10,0.3706,13,106.0
2026-09-25,59000,2026-10-08,put,regular,1137,0.3707,13,114.0
2026-09-25,59125,2026-10-08,put,regular,112,0.3649,13,114.0
2026-09-25,59250,2026-10-08,put,regular,201,0.3646,13,122.0
2026-09-25,59375,2026-10-08,put,regular,2,0.3614,13,126.0
2026-09-25,59500,2026-10-08,put,regular,428,0.3643,13,140.0
2026-09-25,59625,2026-10-08,put,regular,139,0.3578,13,139.0
2026-09-25,59750,2026-10-08,put,regular,104,0.3554,13,145.0
2026-09-25,59875,2026-10-08,put,regular,53,0.3534,13,152.0
2026-09-25,60000,2026-10-08,put,regular,11776,0.354,13,164.0
2026-09-25,60125,2026-10-08,put,regular,50,0.3473,13,163.0
2026-09-25,60250,2026-10-08,put,regular,170,0.348,13,176.0
2026-09-25,60375,2026-10-08,put,regular,660,0.3452,13,183.0
2026-09-25,60500,2026-10-08,put,regular,500,0.3443,13,194.0
2026-09-25,60625,2026-10-08,put,regular,155,0.3422,13,203.0
2026-09-25,60750,2026-10-08,put,regular,490,0.3426,13,218.0
2026-09-25,60875,2026-10-08,put,regular,469,0.3387,13,224.0
2026-09-25,61000,2026-10-08,put,regular,1421,0.3406,13,244.0
2026-09-25,61125,2026-10-08,put,regular,1230,0.3356,13,248.0
2026-09-25,61250,2026-10-08,put,regular,106,0.3345,13,262.0
2026-09-25,61375,2026-10-08,put,regular,127,0.3304,13,269.0
2026-09-25,61500,2026-10-08,put,regular,414,0.3318,13,291.0
2026-09-25,61625,2026-10-08,put,regular,136,0.3274,13,298.0
2026-09-25,61750,2026-10-08,put,regular,305,0.3282,13,320.0
2026-09-25,61875,2026-10-08,put,regular,88,0.3262,13,335.0
2026-09-25,62000,2026-10-08,put,regular,1563,0.3306,13,370.0
2026-09-25,62125,2026-10-08,put,regular,9,0.3232,13,370.0
2026-09-25,62250,2026-10-08,put,regular,111,0.3237,13,395.0
2026-09-25,62375,2026-10-08,put,regular,6,0.3222,13,415.0
2026-09-25,62500,2026-10-08,put,regular,1692,0.325,13,450.0
2026-09-25,62625,2026-10-08,put,regular,692,0.32,13,460.0
2026-09-25,62750,2026-10-08,put,regular,296,0.3192,13,485.0
2026-09-25,62875,2026-10-08,put,regular,86,0.3181,13,510.0
2026-09-25,63000,2026-10-08,put,regular,1915,0.3194,13,545.0
2026-09-25,63125,2026-10-08,put,regular,1,0.3163,13,565.0
2026-09-25,63250,2026-10-08,put,regular,231,0.3194,13,610.0
2026-09-25,63375,2026-10-08,put,regular,302,0.3146,13,625.0
2026-09-25,63500,2026-10-08,put,regular,326,0.3218,13,690.0
2026-09-25,63750,2026-10-08,put,regular,128,0.3133,13,730.0
2026-09-25,63875,2026-10-08,put,regular,489,0.3123,13,765.0
2026-09-25,64000,2026-10-08,put,regular,1612,0.3121,13,805.0
2026-09-25,64125,2026-10-08,put,regular,1030,0.3115,13,845.0
2026-09-25,64250,2026-10-08,put,regular,120,0.3172,13,915.0
2026-09-25,64375,2026-10-08,put,regular,1,0.3105,13,930.0
2026-09-25,64500,2026-10-08,put,regular,614,0.3155,13,1000.0
2026-09-25,64625,2026-10-08,put,regular,25,0.3093,13,1020.0
2026-09-25,64750,2026-10-08,put,regular,7,0.3114,13,1080.0
2026-09-25,65000,2026-10-08,put,regular,1997,0.3176,13,1215.0
2026-09-25,65250,2026-10-08,put,regular,5,0.312,13,1300.0
2026-09-25,65375,2026-10-08,put,regular,231,0.3104,13,1350.0
2026-09-25,65500,2026-10-08,put,regular,150,0.3124,13,1420.0
2026-09-25,65625,2026-10-08,put,regular,5,0.307,13,1455.0
2026-09-25,65750,2026-10-08,put,regular,127,0.3115,13,1540.0
2026-09-25,65875,2026-10-08,put,regular,18,0.3085,13,1590.0
2026-09-25,66000,2026-10-08,put,regular,1054,0.3113,13,1670.0
2026-09-25,66125,2026-10-08,put,regular,18,0.3117,13,1740.0
2026-09-25,66250,2026-10-08,put,regular,53,0.3098,13,1800.0
2026-09-25,66375,2026-10-08,put,regular,1,0.3095,13,1870.0
2026-09-25,66500,2026-10-08,put,regular,97,0.3161,13,1975.0
2026-09-25,66750,2026-10-08,put,regular,10,0.3141,13,2115.0
2026-09-25,66875,2026-10-08,put,regular,1,0.3137,13,2190.0
2026-09-25,67000,2026-10-08,put,regular,508,0.316,13,2280.0
2026-09-25,67500,2026-10-08,put,regular,36,0.3239,13,2645.0
2026-09-25,67625,2026-10-08,put,regular,6,0.325,13,2735.0
2026-09-25,67750,2026-10-08,put,regular,9,0.328,13,2835.0
2026-09-25,68000,2026-10-08,put,regular,560,0.3322,13,3030.0
2026-09-25,68500,2026-10-08,put,regular,3,0.3426,13,3440.0
2026-09-25,69000,2026-10-08,put,regular,200,0.3549,13,3870.0
2026-09-25,70000,2026-10-08,put,regular,105,0.3843,13,4775.0
2026-09-25,72000,2026-10-08,put,regular,1,0.4542,13,6685.0
2026-09-25,72500,2026-10-08,put,regular,1,0.4751,13,7180.0
2026-09-25,73000,2026-10-08,put,regular,10,0.4937,13,7670.0
2026-09-25,79000,2026-10-08,put,regular,1,0.7244,13,13655.0
2026-09-25,85000,2026-10-08,put,regular,26,0.9231,13,19650.0
2026-09-25,20000,2026-11-12,put,regular,228,0.9598,48,1.0
2026-09-25,22500,2026-11-12,put,regular,52,0.9125,48,2.0
2026-09-25,25000,2026-11-12,put,regular,200,0.8527,48,3.0
2026-09-25,26000,2026-11-12,put,regular,2,0.8392,48,4.0
2026-09-25,27000,2026-11-12,put,regular,17,0.8221,48,5.0
2026-09-25,28000,2026-11-12,put,regular,44,0.803,48,6.0
2026-09-25,29000,2026-11-12,put,regular,306,0.7922,48,8.0
2026-09-25,30000,2026-11-12,put,regular,5503,0.7612,48,8.0
2026-09-25,34000,2026-11-12,put,regular,5,0.6464,48,8.0
2026-09-25,35000,2026-11-12,put,regular,1038,0.6505,48,13.0
2026-09-25,36000,2026-11-12,put,regular,1,0.5939,48,8.0
2026-09-25,37000,2026-11-12,put,regular,12,0.6144,48,17.0
2026-09-25,38000,2026-11-12,put,regular,13,0.5842,48,16.0
2026-09-25,39000,2026-11-12,put,regular,104,0.5904,48,26.0
2026-09-25,40000,2026-11-12,put,regular,1423,0.5741,48,30.0
2026-09-25,41000,2026-11-12,put,regular,236,0.5568,48,34.0
2026-09-25,42000,2026-11-12,put,regular,381,0.5387,48,38.0
2026-09-25,43000,2026-11-12,put,regular,379,0.5217,48,43.0
2026-09-25,44000,2026-11-12,put,regular,1115,0.5039,48,48.0
2026-09-25,44500,2026-11-12,put,regular,127,0.4968,48,52.0
2026-09-25,44750,2026-11-12,put,regular,7,0.4944,48,55.0
2026-09-25,45000,2026-11-12,put,regular,1152,0.4855,48,53.0
2026-09-25,45250,2026-11-12,put,regular,105,0.4854,48,58.0
2026-09-25,45500,2026-11-12,put,regular,201,0.4838,48,62.0
2026-09-25,45750,2026-11-12,put,regular,13,0.4774,48,62.0
2026-09-25,46000,2026-11-12,put,regular,967,0.4722,48,63.0
2026-09-25,46250,2026-11-12,put,regular,5,0.4681,48,65.0
2026-09-25,46500,2026-11-12,put,regular,200,0.465,48,68.0
2026-09-25,46750,2026-11-12,put,regular,105,0.4607,48,70.0
2026-09-25,47000,2026-11-12,put,regular,1260,0.4564,48,72.0
2026-09-25,47250,2026-11-12,put,regular,34,0.452,48,74.0
2026-09-25,47500,2026-11-12,put,regular,231,0.4485,48,77.0
2026-09-25,47750,2026-11-12,put,regular,98,0.444,48,79.0
2026-09-25,48000,2026-11-12,put,regular,207,0.4412,48,83.0
2026-09-25,48250,2026-11-12,put,regular,32,0.4366,48,85.0
2026-09-25,48500,2026-11-12,put,regular,202,0.4343,48,90.0
2026-09-25,48750,2026-11-12,put,regular,140,0.4311,48,94.0
2026-09-25,49000,2026-11-12,put,regular,377,0.4255,48,95.0
2026-09-25,49250,2026-11-12,put,regular,160,0.4221,48,99.0
2026-09-25,49500,2026-11-12,put,regular,409,0.4165,48,100.0
2026-09-25,49750,2026-11-12,put,regular,63,0.4164,48,109.0
2026-09-25,50000,2026-11-12,put,regular,1962,0.4113,48,111.0
2026-09-25,50250,2026-11-12,put,regular,77,0.4075,48,115.0
2026-09-25,50500,2026-11-12,put,regular,189,0.4049,48,121.0
2026-09-25,50750,2026-11-12,put,regular,194,0.4014,48,126.0
2026-09-25,51000,2026-11-12,put,regular,613,0.395,48,126.0
2026-09-25,51250,2026-11-12,put,regular,20,0.3926,48,133.0
2026-09-25,51500,2026-11-12,put,regular,666,0.391,48,142.0
2026-09-25,51750,2026-11-12,put,regular,57,0.3871,48,147.0
2026-09-25,52000,2026-11-12,put,regular,1872,0.3836,48,153.0
2026-09-25,52250,2026-11-12,put,regular,7,0.3814,48,162.0
2026-09-25,52500,2026-11-12,put,regular,739,0.3749,48,162.0
2026-09-25,52750,2026-11-12,put,regular,18,0.3738,48,174.0
2026-09-25,53000,2026-11-12,put,regular,465,0.3702,48,181.0
2026-09-25,53250,2026-11-12,put,regular,41,0.3666,48,188.0
2026-09-25,53500,2026-11-12,put,regular,529,0.3644,48,199.0
2026-09-25,53750,2026-11-12,put,regular,50,0.3612,48,208.0
2026-09-25,54000,2026-11-12,put,regular,656,0.3575,48,216.0
2026-09-25,54250,2026-11-12,put,regular,5,0.3551,48,228.0
2026-09-25,54500,2026-11-12,put,regular,702,0.3521,48,239.0
2026-09-25,54750,2026-11-12,put,regular,16,0.3493,48,251.0
2026-09-25,55000,2026-11-12,put,regular,1029,0.345,48,259.0
2026-09-25,55250,2026-11-12,put,regular,38,0.3435,48,276.0
2026-09-25,55500,2026-11-12,put,regular,213,0.3407,48,290.0
2026-09-25,55750,2026-11-12,put,regular,80,0.338,48,305.0
2026-09-25,56000,2026-11-12,put,regular,1068,0.3351,48,320.0
2026-09-25,56250,2026-11-12,put,regular,112,0.3334,48,340.0
2026-09-25,56500,2026-11-12,put,regular,412,0.3301,48,355.0
2026-09-25,56750,2026-11-12,put,regular,93,0.3278,48,375.0
2026-09-25,57000,2026-11-12,put,regular,710,0.3253,48,395.0
2026-09-25,57250,2026-11-12,put,regular,105,0.3226,48,415.0
2026-09-25,57500,2026-11-12,put,regular,470,0.3207,48,440.0
2026-09-25,57750,2026-11-12,put,regular,127,0.3186,48,465.0
2026-09-25,58000,2026-11-12,put,regular,839,0.3162,48,490.0
2026-09-25,58250,2026-11-12,put,regular,113,0.3115,48,505.0
2026-09-25,58500,2026-11-12,put,regular,358,0.3125,48,550.0
2026-09-25,58750,2026-11-12,put,regular,35,0.3103,48,580.0
2026-09-25,59000,2026-11-12,put,regular,1863,0.3077,48,610.0
2026-09-25,59250,2026-11-12,put,regular,17,0.3067,48,650.0
2026-09-25,59500,2026-11-12,put,regular,1979,0.3044,48,685.0
2026-09-25,59750,2026-11-12,put,regular,6,0.3027,48,725.0
2026-09-25,60000,2026-11-12,put,regular,1380,0.3007,48,765.0
2026-09-25,60250,2026-11-12,put,regular,21,0.2998,48,815.0
2026-09-25,60500,2026-11-12,put,regular,107,0.2979,48,860.0
2026-09-25,60750,2026-11-12,put,regular,31,0.2949,48,900.0
2026-09-25,61000,2026-11-12,put,regular,962,0.2931,48,950.0
2026-09-25,61125,2026-11-12,put,regular,5,0.2921,48,975.0
2026-09-25,61250,2026-11-12,put,regular,18,0.2937,48,1020.0
2026-09-25,61500,2026-11-12,put,regular,512,0.2932,48,1085.0
2026-09-25,61750,2026-11-12,put,regular,8,0.291,48,1140.0
2026-09-25,61875,2026-11-12,put,regular,1115000,0.2888,48,1160.0
2026-09-25,62000,2026-11-12,put,regular,1142,0.2891,48,1200.0
2026-09-25,62250,2026-11-12,put,regular,6,0.2887,48,1275.0
2026-09-25,62500,2026-11-12,put,regular,425,0.2873,48,1345.0
2026-09-25,62625,2026-11-12,put,regular,3,0.2883,48,1395.0
2026-09-25,62875,2026-11-12,put,regular,4,0.2863,48,1465.0
2026-09-25,63000,2026-11-12,put,regular,710,0.2858,48,1505.0
2026-09-25,63250,2026-11-12,put,regular,15,0.2845,48,1585.0
2026-09-25,63500,2026-11-12,put,regular,14,0.2834,48,1670.0
2026-09-25,64000,2026-11-12,put,regular,516,0.2811,48,1850.0
2026-09-25,64375,2026-11-12,put,regular,2,0.2806,48,2005.0
2026-09-25,64500,2026-11-12,put,regular,316,0.28,48,2055.0
2026-09-25,64625,2026-11-12,put,regular,494,0.2799,48,2110.0
2026-09-25,64750,2026-11-12,put,regular,4,0.2792,48,2160.0
2026-09-25,65000,2026-11-12,put,regular,1107,0.279,48,2275.0
2026-09-25,65250,2026-11-12,put,regular,9750000,0.2784,48,2390.0
2026-09-25,65375,2026-11-12,put,regular,30,0.2788,48,2455.0
2026-09-25,65500,2026-11-12,put,regular,100,0.278,48,2510.0
2026-09-25,65625,2026-11-12,put,regular,2845000,0.2776,48,2570.0
2026-09-25,66000,2026-11-12,put,regular,2025,0.2775,48,2765.0
2026-09-25,66250,2026-11-12,put,regular,11705000,0.2769,48,2895.0
2026-09-25,66500,2026-11-12,put,regular,239,0.2759,48,3025.0
2026-09-25,66875,2026-11-12,put,regular,3575000,0.2764,48,3245.0
2026-09-25,67000,2026-11-12,put,regular,870,0.276,48,3315.0
2026-09-25,67125,2026-11-12,put,regular,22410000,0.2771,48,3400.0
2026-09-25,67500,2026-11-12,put,regular,4,0.2783,48,3640.0
2026-09-25,68375,2026-11-12,put,regular,16,0.2811,48,4230.0
2026-09-25,68500,2026-11-12,put,regular,478,0.2801,48,4305.0
2026-09-25,69000,2026-11-12,put,regular,450,0.2814,48,4660.0
2026-09-25,69500,2026-11-12,put,regular,1,0.2831,48,5030.0
2026-09-25,70000,2026-11-12,put,regular,460,0.2865,48,5425.0
2026-09-25,70750,2026-11-12,put,regular,160,0.2911,48,6030.0
2026-09-25,72500,2026-11-12,put,regular,330,0.3041,48,7525.0
2026-09-25,79500,2026-11-12,put,regular,2,0.395,48,14185.0
2026-09-25,12500,2026-12-10,put,regular,1399,1.0578,76,1.0
2026-09-25,12750,2026-12-10,put,regular,2,1.0453,76,1.0
2026-09-25,13000,2026-12-10,put,regular,33,1.033,76,1.0
2026-09-25,13500,2026-12-10,put,regular,100,1.0092,76,1.0
2026-09-25,14000,2026-12-10,put,regular,12,0.9863,76,1.0
2026-09-25,14500,2026-12-10,put,regular,1,0.9642,76,1.0
2026-09-25,14750,2026-12-10,put,regular,1,0.9535,76,1.0
2026-09-25,15000,2026-12-10,put,regular,6,0.9429,76,1.0
2026-09-25,16000,2026-12-10,put,regular,3,0.9024,76,1.0
2026-09-25,17000,2026-12-10,put,regular,3,0.8644,76,1.0
2026-09-25,18000,2026-12-10,put,regular,153,0.8714,76,2.0
2026-09-25,19000,2026-12-10,put,regular,650,0.7949,76,1.0
2026-09-25,20000,2026-12-10,put,regular,2558,0.8477,76,4.0
2026-09-25,20250,2026-12-10,put,regular,3,0.7551,76,1.0
2026-09-25,21000,2026-12-10,put,regular,350,0.7324,76,1.0
2026-09-25,21500,2026-12-10,put,regular,500,0.7178,76,1.0
2026-09-25,22000,2026-12-10,put,regular,1716,0.7034,76,1.0
2026-09-25,22500,2026-12-10,put,regular,150,0.6894,76,1.0
2026-09-25,23000,2026-12-10,put,regular,2106,0.7109,76,2.0
2026-09-25,23250,2026-12-10,put,regular,1,0.7038,76,2.0
2026-09-25,23500,2026-12-10,put,regular,127,0.6969,76,2.0
2026-09-25,24000,2026-12-10,put,regular,405,0.6831,76,2.0
2026-09-25,24500,2026-12-10,put,regular,250,0.6696,76,2.0
2026-09-25,24750,2026-12-10,put,regular,1,0.663,76,2.0
2026-09-25,25000,2026-12-10,put,regular,2015,0.7187,76,6.0
2026-09-25,25250,2026-12-10,put,regular,1,0.65,76,2.0
2026-09-25,25500,2026-12-10,put,regular,2,0.6435,76,2.0
2026-09-25,26000,2026-12-10,put,regular,1425,0.6308,76,2.0
2026-09-25,26500,2026-12-10,put,regular,1,0.7101,76,10.0
2026-09-25,27000,2026-12-10,put,regular,2631,0.6534,76,5.0
2026-09-25,27500,2026-12-10,put,regular,25,0.6406,76,5.0
2026-09-25,27750,2026-12-10,put,regular,72,0.6343,76,5.0
2026-09-25,28000,2026-12-10,put,regular,1334,0.628,76,5.0
2026-09-25,28500,2026-12-10,put,regular,400,0.6256,76,6.0
2026-09-25,29000,2026-12-10,put,regular,1450,0.6219,76,7.0
2026-09-25,30000,2026-12-10,put,regular,7971,0.6437,76,15.0
2026-09-25,30250,2026-12-10,put,regular,1,0.6057,76,9.0
2026-09-25,30500,2026-12-10,put,regular,51,0.6058,76,10.0
2026-09-25,31000,2026-12-10,put,regular,2037,0.5993,76,11.0
2026-09-25,31500,2026-12-10,put,regular,350,0.5924,76,12.0
2026-09-25,32000,2026-12-10,put,regular,4655,0.5853,76,13.0
2026-09-25,32250,2026-12-10,put,regular,600,0.5838,76,14.0
2026-09-25,32500,2026-12-10,put,regular,900,0.582,76,15.0
2026-09-25,33000,2026-12-10,put,regular,3362,0.5741,76,16.0
2026-09-25,33250,2026-12-10,put,regular,37,0.572,76,17.0
2026-09-25,33500,2026-12-10,put,regular,72,0.5696,76,18.0
2026-09-25,34000,2026-12-10,put,regular,2820,0.5613,76,19.0
2026-09-25,34500,2026-12-10,put,regular,560,0.5559,76,21.0
2026-09-25,34750,2026-12-10,put,regular,1,0.553,76,22.0
2026-09-25,35000,2026-12-10,put,regular,5052,0.55,76,23.0
2026-09-25,36000,2026-12-10,put,regular,2905,0.5372,76,27.0
2026-09-25,36500,2026-12-10,put,regular,225,0.5325,76,30.0
2026-09-25,36750,2026-12-10,put,regular,400,0.5289,76,31.0
2026-09-25,37000,2026-12-10,put,regular,2635,0.5253,76,32.0
2026-09-25,37500,2026-12-10,put,regular,188,0.5197,76,35.0
2026-09-25,37750,2026-12-10,put,regular,100,0.5159,76,36.0
2026-09-25,38000,2026-12-10,put,regular,2587,0.5138,76,38.0
2026-09-25,38500,2026-12-10,put,regular,1150,0.5076,76,41.0
2026-09-25,38750,2026-12-10,put,regular,50,0.5036,76,42.0
2026-09-25,39000,2026-12-10,put,regular,2311,0.501,76,44.0
2026-09-25,39250,2026-12-10,put,regular,650,0.4984,76,46.0
2026-09-25,39500,2026-12-10,put,regular,1008,0.4943,76,47.0
2026-09-25,40000,2026-12-10,put,regular,6036,0.4911,76,53.0
2026-09-25,40250,2026-12-10,put,regular,5,0.4856,76,53.0
2026-09-25,40500,2026-12-10,put,regular,1399,0.4826,76,55.0
2026-09-25,40750,2026-12-10,put,regular,1,0.4794,76,57.0
2026-09-25,41000,2026-12-10,put,regular,1929,0.4762,76,59.0
2026-09-25,41250,2026-12-10,put,regular,3,0.473,76,61.0
2026-09-25,41500,2026-12-10,put,regular,101,0.4728,76,66.0
2026-09-25,42000,2026-12-10,put,regular,3702,0.4638,76,68.0
2026-09-25,42500,2026-12-10,put,regular,302,0.4604,76,76.0
2026-09-25,43000,2026-12-10,put,regular,2191,0.4547,76,82.0
2026-09-25,43500,2026-12-10,put,regular,102,0.4563,76,98.0
2026-09-25,43750,2026-12-10,put,regular,9,0.4537,76,102.0
2026-09-25,44000,2026-12-10,put,regular,2803,0.4488,76,103.0
2026-09-25,44500,2026-12-10,put,regular,101,0.4406,76,107.0
2026-09-25,44750,2026-12-10,put,regular,1,0.4377,76,111.0
2026-09-25,45000,2026-12-10,put,regular,2736,0.4335,76,113.0
2026-09-25,45250,2026-12-10,put,regular,52,0.4317,76,119.0
2026-09-25,45500,2026-12-10,put,regular,350,0.428,76,122.0
2026-09-25,46000,2026-12-10,put,regular,3957,0.4222,76,131.0
2026-09-25,46250,2026-12-10,put,regular,71,0.42,76,137.0
2026-09-25,46500,2026-12-10,put,regular,119,0.4177,76,143.0
2026-09-25,46750,2026-12-10,put,regular,24,0.4142,76,147.0
2026-09-25,47000,2026-12-10,put,regular,2828,0.4092,76,148.0
2026-09-25,47500,2026-12-10,put,regular,1121,0.4026,76,157.0
2026-09-25,47750,2026-12-10,put,regular,5,0.3994,76,162.0
2026-09-25,48000,2026-12-10,put,regular,4326,0.3961,76,167.0
2026-09-25,48250,2026-12-10,put,regular,10,0.3937,76,174.0
2026-09-25,48500,2026-12-10,put,regular,309,0.3916,76,182.0
2026-09-25,48750,2026-12-10,put,regular,4,0.3877,76,186.0
2026-09-25,49000,2026-12-10,put,regular,3639,0.3845,76,192.0
2026-09-25,49250,2026-12-10,put,regular,210,0.3848,76,207.0
2026-09-25,49500,2026-12-10,put,regular,2325,0.3817,76,214.0
2026-09-25,49750,2026-12-10,put,regular,78,0.379,76,222.0
2026-09-25,50000,2026-12-10,put,regular,9253,0.3748,76,226.0
2026-09-25,50250,2026-12-10,put,regular,16,0.3736,76,239.0
2026-09-25,50500,2026-12-10,put,regular,1709,0.3667,76,235.0
2026-09-25,50750,2026-12-10,put,regular,49,0.3681,76,257.0
2026-09-25,51000,2026-12-10,put,regular,1885,0.3637,76,261.0
2026-09-25,51250,2026-12-10,put,regular,11,0.3595,76,266.0
2026-09-25,51500,2026-12-10,put,regular,270,0.3586,76,282.0
2026-09-25,51750,2026-12-10,put,regular,3,0.3593,76,305.0
2026-09-25,52000,2026-12-10,put,regular,2906,0.3563,76,315.0
2026-09-25,52250,2026-12-10,put,regular,525,0.3544,76,330.0
2026-09-25,52500,2026-12-10,put,regular,734,0.3512,76,340.0
2026-09-25,53000,2026-12-10,put,regular,2011,0.3444,76,360.0
2026-09-25,53250,2026-12-10,put,regular,188,0.3421,76,375.0
2026-09-25,53500,2026-12-10,put,regular,207,0.3407,76,395.0
2026-09-25,53750,2026-12-10,put,regular,45,0.3359,76,400.0
2026-09-25,54000,2026-12-10,put,regular,3605,0.3311,76,405.0
2026-09-25,54250,2026-12-10,put,regular,3,0.3315,76,435.0
2026-09-25,54500,2026-12-10,put,regular,784,0.3265,76,440.0
2026-09-25,54750,2026-12-10,put,regular,32,0.3275,76,475.0
2026-09-25,55000,2026-12-10,put,regular,4912,0.3252,76,495.0
2026-09-25,55250,2026-12-10,put,regular,1,0.3219,76,510.0
2026-09-25,55500,2026-12-10,put,regular,101,0.3194,76,530.0
2026-09-25,55750,2026-12-10,put,regular,23,0.3158,76,545.0
2026-09-25,56000,2026-12-10,put,regular,2644,0.3148,76,575.0
2026-09-25,56250,2026-12-10,put,regular,46,0.3094,76,580.0
2026-09-25,56500,2026-12-10,put,regular,321,0.3104,76,625.0
2026-09-25,56750,2026-12-10,put,regular,12,0.3072,76,645.0
2026-09-25,57000,2026-12-10,put,regular,2434,0.3047,76,670.0
2026-09-25,57250,2026-12-10,put,regular,28,0.305,76,715.0
2026-09-25,57500,2026-12-10,put,regular,986,0.3028,76,745.0
2026-09-25,57750,2026-12-10,put,regular,1,0.2997,76,770.0
2026-09-25,58000,2026-12-10,put,regular,1976,0.2979,76,805.0
2026-09-25,58250,2026-12-10,put,regular,65,0.2946,76,830.0
2026-09-25,58500,2026-12-10,put,regular,862,0.2937,76,875.0
2026-09-25,59000,2026-12-10,put,regular,2405,0.2925,76,975.0
2026-09-25,59250,2026-12-10,put,regular,61,0.2928,76,1035.0
2026-09-25,59500,2026-12-10,put,regular,250,0.2915,76,1085.0
2026-09-25,60000,2026-12-10,put,regular,9987,0.2873,76,1175.0
2026-09-25,60250,2026-12-10,put,regular,48,0.2837,76,1210.0
2026-09-25,60500,2026-12-10,put,regular,200,0.2855,76,1295.0
2026-09-25,61000,2026-12-10,put,regular,1342,0.2791,76,1380.0
2026-09-25,61250,2026-12-10,put,regular,10,0.277,76,1435.0
2026-09-25,61500,2026-12-10,put,regular,1,0.2781,76,1525.0
2026-09-25,62000,2026-12-10,put,regular,3460,0.2761,76,1670.0
2026-09-25,62250,2026-12-10,put,regular,250,0.2735,76,1730.0
2026-09-25,62500,2026-12-10,put,regular,1087,0.2726,76,1810.0
2026-09-25,63000,2026-12-10,put,regular,2956,0.27,76,1970.0
2026-09-25,63250,2026-12-10,put,regular,55,0.2706,76,2075.0
2026-09-25,63500,2026-12-10,put,regular,600,0.2692,76,2160.0
2026-09-25,63750,2026-12-10,put,regular,55,0.2683,76,2255.0
2026-09-25,64000,2026-12-10,put,regular,2031,0.2673,76,2350.0
2026-09-25,64500,2026-12-10,put,regular,175,0.2656,76,2555.0
2026-09-25,64625,2026-12-10,put,regular,25,0.2667,76,2625.0
2026-09-25,65000,2026-12-10,put,regular,4548,0.2651,76,2785.0
2026-09-25,65500,2026-12-10,put,regular,605,0.2643,76,3025.0
2026-09-25,65750,2026-12-10,put,regular,15,0.264,76,3150.0
2026-09-25,66000,2026-12-10,put,regular,1038,0.2625,76,3265.0
2026-09-25,66500,2026-12-10,put,regular,750,0.2618,76,3530.0
2026-09-25,67000,2026-12-10,put,regular,1591,0.2608,76,3805.0
2026-09-25,67250,2026-12-10,put,regular,25,0.261,76,3955.0
2026-09-25,67500,2026-12-10,put,regular,25,0.2609,76,4105.0
2026-09-25,68000,2026-12-10,put,regular,1900,0.26,76,4405.0
2026-09-25,68500,2026-12-10,put,regular,203,0.2607,76,4735.0
2026-09-25,68750,2026-12-10,put,regular,100,0.2606,76,4900.0
2026-09-25,69000,2026-12-10,put,regular,1570,0.2603,76,5065.0
2026-09-25,70000,2026-12-10,put,regular,1653,0.2636,76,5800.0
2026-09-25,71000,2026-12-10,put,regular,31,0.2618,76,6520.0
2026-09-25,72000,2026-12-10,put,regular,120,0.266,76,7335.0
2026-09-25,72500,2026-12-10,put,regular,420,0.2677,76,7750.0
2026-09-25,73000,2026-12-10,put,regular,4,0.2693,76,8170.0
2026-09-25,74000,2026-12-10,put,regular,101,0.2702,76,9010.0
2026-09-25,76000,2026-12-10,put,regular,300,0.2802,76,10815.0
2026-09-25,80000,2026-12-10,put,regular,3700,0.3059,76,14600.0
2026-09-25,90000,2026-12-10,put,regular,3,0.3969,76,24465.0
2026-09-25,36000,2027-01-07,put,regular,1,0.4957,104,50.0
2026-09-25,40000,2027-01-07,put,regular,1,0.4401,104,74.0
2026-09-25,41000,2027-01-07,put,regular,1,0.4301,104,86.0
2026-09-25,44000,2027-01-07,put,regular,331,0.4009,104,134.0
2026-09-25,45000,2027-01-07,put,regular,1001,0.4005,104,176.0
2026-09-25,47000,2027-01-07,put,regular,98,0.3738,104,210.0
2026-09-25,48000,2027-01-07,put,regular,200,0.3651,104,244.0
2026-09-25,48750,2027-01-07,put,regular,10,0.3586,104,273.0
2026-09-25,50000,2027-01-07,put,regular,315,0.3507,104,340.0
2026-09-25,52000,2027-01-07,put,regular,300,0.3309,104,440.0
2026-09-25,52500,2027-01-07,put,regular,20,0.3262,104,470.0
2026-09-25,53750,2027-01-07,put,regular,10,0.316,104,565.0
2026-09-25,55000,2027-01-07,put,regular,100,0.311,104,715.0
2026-09-25,57000,2027-01-07,put,regular,60,0.2978,104,975.0
2026-09-25,58000,2027-01-07,put,regular,57,0.2918,104,1140.0
2026-09-25,60000,2027-01-07,put,regular,186,0.2805,104,1550.0
2026-09-25,60500,2027-01-07,put,regular,42,0.2781,104,1675.0
2026-09-25,61000,2027-01-07,put,regular,1,0.2755,104,1805.0
2026-09-25,61500,2027-01-07,put,regular,50,0.2689,104,1895.0
2026-09-25,64000,2027-01-07,put,regular,100,0.2602,104,2775.0
2026-09-25,65000,2027-01-07,put,regular,3,0.2575,104,3210.0
2026-09-25,65500,2027-01-07,put,regular,1,0.2566,104,3450.0
2026-09-25,65750,2027-01-07,put,regular,3550000,0.2559,104,3570.0
2026-09-25,66000,2027-01-07,put,regular,210,0.2553,104,3695.0
2026-09-25,66500,2027-01-07,put,regular,2,0.2543,104,3955.0
2026-09-25,67000,2027-01-07,put,regular,1,0.254,104,4235.0
2026-09-25,67500,2027-01-07,put,regular,1,0.2536,104,4525.0
2026-09-25,67750,2027-01-07,put,regular,1,0.2527,104,4665.0
2026-09-25,45000,2027-02-10,put,regular,400,0.3691,138,240.0
2026-09-25,47000,2027-02-10,put,regular,125,0.3554,138,325.0
2026-09-25,57500,2027-02-10,put,regular,100,0.2829,138,1345.0
2026-09-25,65000,2027-02-10,put,regular,253,0.2517,138,3655.0
2026-09-25,67000,2027-02-10,put,regular,2,0.2471,138,4660.0
2026-09-25,67250,2027-02-10,put,regular,12,0.2467,138,4800.0
2026-09-25,20000,2027-03-11,put,regular,16,0.5587,167,3.0
2026-09-25,22000,2027-03-11,put,regular,2,0.6198,167,22.0
2026-09-25,29000,2027-03-11,put,regular,1,0.4708,167,22.0
2026-09-25,30000,2027-03-11,put,regular,2,0.463,167,27.0
2026-09-25,33000,2027-03-11,put,regular,113,0.4391,167,47.0
2026-09-25,35000,2027-03-11,put,regular,700,0.4234,167,66.0
2026-09-25,37000,2027-03-11,put,regular,500,0.4073,167,90.0
2026-09-25,38000,2027-03-11,put,regular,300,0.3996,167,105.0
2026-09-25,40000,2027-03-11,put,regular,1571,0.3846,167,142.0
2026-09-25,41000,2027-03-11,put,regular,250,0.3771,167,164.0
2026-09-25,42000,2027-03-11,put,regular,534,0.3696,167,189.0
2026-09-25,42500,2027-03-11,put,regular,200,0.366,167,203.0
2026-09-25,43000,2027-03-11,put,regular,114,0.3624,167,218.0
2026-09-25,43500,2027-03-11,put,regular,66,0.3589,167,234.0
2026-09-25,43750,2027-03-11,put,regular,12,0.357,167,242.0
2026-09-25,44000,2027-03-11,put,regular,375,0.3554,167,251.0
2026-09-25,45000,2027-03-11,put,regular,1694,0.3482,167,288.0
2026-09-25,46000,2027-03-11,put,regular,341,0.3423,167,335.0
2026-09-25,47000,2027-03-11,put,regular,950,0.3347,167,380.0
2026-09-25,47750,2027-03-11,put,regular,310,0.3296,167,420.0
2026-09-25,48000,2027-03-11,put,regular,1199,0.328,167,435.0
2026-09-25,48500,2027-03-11,put,regular,51,0.3247,167,465.0
2026-09-25,49000,2027-03-11,put,regular,102,0.3218,167,500.0
2026-09-25,50000,2027-03-11,put,regular,3847,0.3152,167,570.0
2026-09-25,50250,2027-03-11,put,regular,112,0.3137,167,590.0
2026-09-25,51000,2027-03-11,put,regular,24,0.3094,167,655.0
2026-09-25,51250,2027-03-11,put,regular,108,0.3075,167,675.0
2026-09-25,51500,2027-03-11,put,regular,1,0.3044,167,685.0
2026-09-25,52000,2027-03-11,put,regular,2220,0.3035,167,750.0
2026-09-25,52500,2027-03-11,put,regular,50,0.3003,167,800.0
2026-09-25,53000,2027-03-11,put,regular,775,0.2974,167,855.0
2026-09-25,53500,2027-03-11,put,regular,200,0.2947,167,915.0
2026-09-25,54000,2027-03-11,put,regular,634,0.2921,167,980.0
2026-09-25,55000,2027-03-11,put,regular,1116,0.2863,167,1115.0
2026-09-25,55500,2027-03-11,put,regular,200,0.284,167,1195.0
2026-09-25,56000,2027-03-11,put,regular,1350,0.2813,167,1275.0
2026-09-25,56250,2027-03-11,put,regular,120,0.2802,167,1320.0
2026-09-25,57000,2027-03-11,put,regular,1785,0.2764,167,1455.0
2026-09-25,58000,2027-03-11,put,regular,2905,0.2718,167,1660.0
2026-09-25,58500,2027-03-11,put,regular,110,0.2694,167,1770.0
2026-09-25,59500,2027-03-11,put,regular,453,0.2652,167,2015.0
2026-09-25,60000,2027-03-11,put,regular,2290,0.2632,167,2150.0
2026-09-25,60500,2027-03-11,put,regular,75,0.2611,167,2290.0
2026-09-25,61000,2027-03-11,put,regular,160,0.2593,167,2440.0
2026-09-25,61500,2027-03-11,put,regular,12,0.2572,167,2595.0
2026-09-25,62000,2027-03-11,put,regular,1300,0.256,167,2770.0
2026-09-25,62500,2027-03-11,put,regular,500,0.2542,167,2945.0
2026-09-25,63000,2027-03-11,put,regular,2092,0.2523,167,3125.0
2026-09-25,64000,2027-03-11,put,regular,1270,0.2496,167,3530.0
2026-09-25,65000,2027-03-11,put,regular,880,0.2469,167,3970.0
2026-09-25,66000,2027-03-11,put,regular,478,0.245,167,4460.0
2026-09-25,66250,2027-03-11,put,regular,15,0.2444,167,4585.0
2026-09-25,66500,2027-03-11,put,regular,16,0.2436,167,4710.0
2026-09-25,67000,2027-03-11,put,regular,300,0.2426,167,4975.0
2026-09-25,68000,2027-03-11,put,regular,130,0.2412,167,5545.0
2026-09-25,69000,2027-03-11,put,regular,350,0.2395,167,6145.0
2026-09-25,69250,2027-03-11,put,regular,10,0.2391,167,6300.0
2026-09-25,70000,2027-03-11,put,regular,480,0.2379,167,6780.0
2026-09-25,72000,2027-03-11,put,regular,100,0.2376,167,8195.0
2026-09-25,53750,2027-04-08,put,regular,9,0.293,195,1175.0
2026-09-25,55500,2027-04-08,put,regular,1,0.2838,195,1450.0
2026-09-25,62000,2027-04-08,put,regular,30,0.2589,195,3155.0
2026-09-25,48000,2027-05-13,put,regular,100,0.3199,230,730.0
2026-09-25,12500,2027-06-10,put,regular,12,0.6375,258,4.0
2026-09-25,14500,2027-06-10,put,regular,4,0.5504,258,2.0
2026-09-25,15000,2027-06-10,put,regular,1,0.5382,258,2.0
2026-09-25,16250,2027-06-10,put,regular,167,0.5258,258,3.0
2026-09-25,23000,2027-06-10,put,regular,140,0.4746,258,20.0
2026-09-25,24000,2027-06-10,put,regular,100,0.4653,258,24.0
2026-09-25,25000,2027-06-10,put,regular,250,0.4588,258,30.0
2026-09-25,26000,2027-06-10,put,regular,200,0.4507,258,36.0
2026-09-25,28000,2027-06-10,put,regular,875,0.4361,258,52.0
2026-09-25,28500,2027-06-10,put,regular,100,0.4328,258,57.0
2026-09-25,29000,2027-06-10,put,regular,165,0.4292,258,62.0
2026-09-25,30000,2027-06-10,put,regular,1201,0.4219,258,73.0
2026-09-25,31000,2027-06-10,put,regular,100,0.4144,258,85.0
2026-09-25,31500,2027-06-10,put,regular,1,0.411,258,92.0
2026-09-25,32000,2027-06-10,put,regular,250,0.4079,258,100.0
2026-09-25,33000,2027-06-10,put,regular,150,0.4009,258,116.0
2026-09-25,34000,2027-06-10,put,regular,1300,0.394,258,134.0
2026-09-25,35000,2027-06-10,put,regular,1628,0.3871,258,154.0
2026-09-25,35500,2027-06-10,put,regular,145,0.3837,258,165.0
2026-09-25,36000,2027-06-10,put,regular,300,0.3805,258,177.0
2026-09-25,37000,2027-06-10,put,regular,50,0.3741,258,203.0
2026-09-25,38000,2027-06-10,put,regular,201,0.3677,258,232.0
2026-09-25,38500,2027-06-10,put,regular,140,0.3643,258,247.0
2026-09-25,39000,2027-06-10,put,regular,50,0.3612,258,264.0
2026-09-25,39500,2027-06-10,put,regular,101,0.3579,258,281.0
2026-09-25,40000,2027-06-10,put,regular,1150,0.3549,258,300.0
2026-09-25,41000,2027-06-10,put,regular,100,0.3487,258,340.0
2026-09-25,42000,2027-06-10,put,regular,400,0.3427,258,385.0
2026-09-25,42500,2027-06-10,put,regular,61,0.3398,258,410.0
2026-09-25,43000,2027-06-10,put,regular,35,0.3376,258,440.0
2026-09-25,43750,2027-06-10,put,regular,2,0.3329,258,480.0
2026-09-25,44000,2027-06-10,put,regular,196,0.3315,258,495.0
2026-09-25,45000,2027-06-10,put,regular,2075,0.3253,258,555.0
2026-09-25,46000,2027-06-10,put,regular,1173,0.3197,258,625.0
2026-09-25,46500,2027-06-10,put,regular,70,0.3172,258,665.0
2026-09-25,47000,2027-06-10,put,regular,201,0.3145,258,705.0
2026-09-25,47750,2027-06-10,put,regular,100,0.3105,258,770.0
2026-09-25,48000,2027-06-10,put,regular,1229,0.3095,258,795.0
2026-09-25,49000,2027-06-10,put,regular,400,0.304,258,890.0
2026-09-25,50000,2027-06-10,put,regular,2132,0.2991,258,1000.0
2026-09-25,50500,2027-06-10,put,regular,325,0.2967,258,1060.0
2026-09-25,51000,2027-06-10,put,regular,100,0.2946,258,1125.0
2026-09-25,51250,2027-06-10,put,regular,3,0.2932,258,1155.0
2026-09-25,52000,2027-06-10,put,regular,1105,0.2898,258,1260.0
2026-09-25,52250,2027-06-10,put,regular,88,0.2886,258,1295.0
2026-09-25,52500,2027-06-10,put,regular,187,0.2877,258,1335.0
2026-09-25,52750,2027-06-10,put,regular,750,0.2863,258,1370.0
2026-09-25,53000,2027-06-10,put,regular,720,0.2852,258,1410.0
2026-09-25,53500,2027-06-10,put,regular,1,0.2829,258,1490.0
2026-09-25,53750,2027-06-10,put,regular,35,0.282,258,1535.0
2026-09-25,54000,2027-06-10,put,regular,2055,0.2811,258,1580.0
2026-09-25,55000,2027-06-10,put,regular,1500,0.2768,258,1765.0
2026-09-25,55500,2027-06-10,put,regular,255,0.2748,258,1865.0
2026-09-25,56000,2027-06-10,put,regular,1346,0.2728,258,1970.0
2026-09-25,56500,2027-06-10,put,regular,40,0.2711,258,2085.0
2026-09-25,57000,2027-06-10,put,regular,1345,0.2691,258,2200.0
2026-09-25,57500,2027-06-10,put,regular,2,0.2671,258,2320.0
2026-09-25,57750,2027-06-10,put,regular,112,0.2663,258,2385.0
2026-09-25,58000,2027-06-10,put,regular,1187,0.2654,258,2450.0
2026-09-25,58500,2027-06-10,put,regular,401,0.2637,258,2585.0
2026-09-25,59000,2027-06-10,put,regular,535,0.262,258,2725.0
2026-09-25,59500,2027-06-10,put,regular,212,0.2605,258,2875.0
2026-09-25,60000,2027-06-10,put,regular,2206,0.2589,258,3030.0
2026-09-25,61000,2027-06-10,put,regular,3,0.2558,258,3360.0
2026-09-25,62000,2027-06-10,put,regular,800,0.253,258,3720.0
2026-09-25,63000,2027-06-10,put,regular,950,0.2503,258,4110.0
2026-09-25,64000,2027-06-10,put,regular,270,0.248,258,4535.0
2026-09-25,64750,2027-06-10,put,regular,104,0.2462,258,4870.0
2026-09-25,65000,2027-06-10,put,regular,1988,0.2456,258,4985.0
2026-09-25,65500,2027-06-10,put,regular,26,0.2446,258,5225.0
2026-09-25,66000,2027-06-10,put,regular,425,0.2437,258,5475.0
2026-09-25,66750,2027-06-10,put,regular,150,0.2422,258,5860.0
2026-09-25,67000,2027-06-10,put,regular,1070,0.2418,258,5995.0
2026-09-25,67500,2027-06-10,put,regular,100,0.2409,258,6265.0
2026-09-25,68000,2027-06-10,put,regular,600,0.2401,258,6545.0
2026-09-25,68500,2027-06-10,put,regular,200,0.2394,258,6835.0
2026-09-25,69000,2027-06-10,put,regular,500,0.2388,258,7135.0
2026-09-25,70000,2027-06-10,put,regular,700,0.2374,258,7750.0
2026-09-25,72000,2027-06-10,put,regular,100,0.2353,258,9075.0
2026-09-25,77500,2027-06-10,put,regular,50,0.2329,258,13265.0
2026-09-25,67000,2027-07-08,put,regular,58,0.2423,286,6285.0
2026-09-25,27000,2027-09-09,put,regular,150,0.4235,349,96.0
2026-09-25,31000,2027-09-09,put,regular,200,0.3946,349,166.0
2026-09-25,32000,2027-09-09,put,regular,150,0.3879,349,189.0
2026-09-25,45000,2027-09-09,put,regular,100,0.3105,349,825.0
2026-09-25,47000,2027-09-09,put,regular,200,0.3005,349,1015.0
2026-09-25,48000,2027-09-09,put,regular,116,0.2961,349,1130.0
2026-09-25,49000,2027-09-09,put,regular,200,0.2914,349,1250.0
2026-09-25,50000,2027-09-09,put,regular,126,0.2873,349,1390.0
2026-09-25,51000,2027-09-09,put,regular,16,0.2829,349,1535.0
2026-09-25,52000,2027-09-09,put,regular,6,0.2789,349,1700.0
2026-09-25,53000,2027-09-09,put,regular,316,0.275,349,1880.0
2026-09-25,54250,2027-09-09,put,regular,200,0.2704,349,2130.0
2026-09-25,55000,2027-09-09,put,regular,800,0.2676,349,2290.0
2026-09-25,56000,2027-09-09,put,regular,80,0.2642,349,2525.0
2026-09-25,58000,2027-09-09,put,regular,1,0.2579,349,3060.0
2026-09-25,60000,2027-09-09,put,regular,435,0.252,349,3685.0
2026-09-25,60750,2027-09-09,put,regular,4,0.2497,349,3940.0
2026-09-25,62000,2027-09-09,put,regular,189,0.2465,349,4405.0
2026-09-25,64500,2027-09-09,put,regular,92,0.2405,349,5460.0
2026-09-25,65000,2027-09-09,put,regular,300,0.2394,349,5690.0
2026-09-25,67000,2027-09-09,put,regular,30,0.2352,349,6685.0
2026-09-25,68250,2027-09-09,put,regular,200,0.2327,349,7360.0
2026-09-25,68750,2027-09-09,put,regular,93,0.2319,349,7645.0
2026-09-25,12500,2027-12-09,put,regular,11,0.5539,440,16.0
2026-09-25,13000,2027-12-09,put,regular,1,0.5003,440,7.0
2026-09-25,16000,2027-12-09,put,regular,350,0.4758,440,17.0
2026-09-25,19000,2027-12-09,put,regular,301,0.4567,440,37.0
2026-09-25,20000,2027-12-09,put,regular,400,0.4489,440,45.0
2026-09-25,21000,2027-12-09,put,regular,50,0.4421,440,55.0
2026-09-25,22000,2027-12-09,put,regular,408,0.4463,440,80.0
2026-09-25,22500,2027-12-09,put,regular,36,0.4315,440,72.0
2026-09-25,23000,2027-12-09,put,regular,132,0.4285,440,79.0
2026-09-25,23750,2027-12-09,put,regular,39,0.423,440,89.0
2026-09-25,24000,2027-12-09,put,regular,1721,0.4216,440,93.0
2026-09-25,25000,2027-12-09,put,regular,1350,0.4144,440,108.0
2026-09-25,26000,2027-12-09,put,regular,300,0.4079,440,126.0
2026-09-25,26500,2027-12-09,put,regular,100,0.4044,440,135.0
2026-09-25,27000,2027-12-09,put,regular,1300,0.4011,440,145.0
2026-09-25,28000,2027-12-09,put,regular,2125,0.3941,440,165.0
2026-09-25,29000,2027-12-09,put,regular,450,0.3875,440,188.0
2026-09-25,29500,2027-12-09,put,regular,249,0.3844,440,201.0
2026-09-25,30000,2027-12-09,put,regular,2645,0.3812,440,214.0
2026-09-25,31000,2027-12-09,put,regular,1750,0.3746,440,241.0
2026-09-25,31500,2027-12-09,put,regular,204,0.3715,440,256.0
2026-09-25,32000,2027-12-09,put,regular,1425,0.3685,440,272.0
2026-09-25,32250,2027-12-09,put,regular,30,0.3669,440,280.0
2026-09-25,32750,2027-12-09,put,regular,35,0.3637,440,296.0
2026-09-25,33000,2027-12-09,put,regular,450,0.3622,440,305.0
2026-09-25,34000,2027-12-09,put,regular,1794,0.3568,440,345.0
2026-09-25,34500,2027-12-09,put,regular,100,0.3539,440,365.0
2026-09-25,35000,2027-12-09,put,regular,1600,0.3508,440,385.0
2026-09-25,35500,2027-12-09,put,regular,40,0.3476,440,405.0
2026-09-25,36000,2027-12-09,put,regular,1230,0.3452,440,430.0
2026-09-25,36500,2027-12-09,put,regular,300,0.3417,440,450.0
2026-09-25,37000,2027-12-09,put,regular,1150,0.3389,440,475.0
2026-09-25,38000,2027-12-09,put,regular,1175,0.3337,440,530.0
2026-09-25,39000,2027-12-09,put,regular,800,0.3285,440,590.0
2026-09-25,39500,2027-12-09,put,regular,50,0.3257,440,620.0
2026-09-25,40000,2027-12-09,put,regular,3320,0.3233,440,655.0
2026-09-25,40500,2027-12-09,put,regular,450,0.3208,440,690.0
2026-09-25,42000,2027-12-09,put,regular,550,0.3135,440,805.0
2026-09-25,43000,2027-12-09,put,regular,240,0.3087,440,890.0
2026-09-25,44000,2027-12-09,put,regular,100,0.3042,440,985.0
2026-09-25,45000,2027-12-09,put,regular,2076,0.2999,440,1090.0
2026-09-25,46000,2027-12-09,put,regular,1000,0.2954,440,1200.0
2026-09-25,47000,2027-12-09,put,regular,250,0.2913,440,1325.0
2026-09-25,47500,2027-12-09,put,regular,35,0.2896,440,1395.0
2026-09-25,48000,2027-12-09,put,regular,715,0.2876,440,1465.0
2026-09-25,49000,2027-12-09,put,regular,700,0.2839,440,1615.0
2026-09-25,50000,2027-12-09,put,regular,3970,0.2801,440,1775.0
2026-09-25,51000,2027-12-09,put,regular,350,0.2767,440,1955.0
2026-09-25,52000,2027-12-09,put,regular,685,0.2735,440,2150.0
2026-09-25,53000,2027-12-09,put,regular,822,0.2703,440,2360.0
2026-09-25,54000,2027-12-09,put,regular,775,0.2671,440,2585.0
2026-09-25,54500,2027-12-09,put,regular,400,0.2656,440,2705.0
2026-09-25,55000,2027-12-09,put,regular,1400,0.2641,440,2830.0
2026-09-25,55500,2027-12-09,put,regular,75,0.2627,440,2960.0
2026-09-25,56000,2027-12-09,put,regular,470,0.2613,440,3095.0
2026-09-25,57000,2027-12-09,put,regular,820,0.2588,440,3385.0
2026-09-25,58000,2027-12-09,put,regular,1700,0.2562,440,3690.0
2026-09-25,58500,2027-12-09,put,regular,610,0.2549,440,3850.0
2026-09-25,59000,2027-12-09,put,regular,100,0.2536,440,4015.0
2026-09-25,60000,2027-12-09,put,regular,1262,0.2512,440,4365.0
2026-09-25,62000,2027-12-09,put,regular,425,0.2468,440,5135.0
2026-09-25,62500,2027-12-09,put,regular,70,0.2459,440,5345.0
2026-09-25,63000,2027-12-09,put,regular,650,0.2448,440,5555.0
2026-09-25,63500,2027-12-09,put,regular,50,0.2438,440,5775.0
2026-09-25,64000,2027-12-09,put,regular,130,0.2428,440,6000.0
2026-09-25,65000,2027-12-09,put,regular,1300,0.2408,440,6465.0
2026-09-25,66000,2027-12-09,put,regular,825,0.2389,440,6955.0
2026-09-25,67000,2027-12-09,put,regular,400,0.2371,440,7470.0
2026-09-25,68000,2027-12-09,put,regular,400,0.2354,440,8010.0
2026-09-25,69000,2027-12-09,put,regular,750,0.2337,440,8570.0
2026-09-25,70000,2027-12-09,put,regular,550,0.232,440,9155.0
2026-09-25,75000,2027-12-09,put,regular,175,0.2239,440,12400.0
2026-09-25,80000,2027-12-09,put,regular,400,0.2159,440,16130.0
2026-09-25,15000,2028-06-08,put,regular,3,0.3732,622,5.0
2026-09-25,20000,2028-06-08,put,regular,3,0.3735,622,41.0
2026-09-25,25000,2028-06-08,put,regular,630,0.3722,622,166.0
2026-09-25,26000,2028-06-08,put,regular,250,0.372,622,209.0
2026-09-25,27000,2028-06-08,put,regular,100,0.3719,622,260.0
2026-09-25,30000,2028-06-08,put,regular,300,0.3528,622,360.0
2026-09-25,32000,2028-06-08,put,regular,250,0.3406,622,440.0
2026-09-25,33000,2028-06-08,put,regular,100,0.3355,622,490.0
2026-09-25,35000,2028-06-08,put,regular,200,0.3257,622,605.0
2026-09-25,40000,2028-06-08,put,regular,250,0.3039,622,1000.0
2026-09-25,41500,2028-06-08,put,regular,100,0.2981,622,1155.0
2026-09-25,45000,2028-06-08,put,regular,65,0.2852,622,1595.0
2026-09-25,48000,2028-06-08,put,regular,400,0.2753,622,2080.0
2026-09-25,50000,2028-06-08,put,regular,430,0.2689,622,2460.0
2026-09-25,54000,2028-06-08,put,regular,100,0.2573,622,3395.0
2026-09-25,55000,2028-06-08,put,regular,50,0.2546,622,3670.0
2026-09-25,58000,2028-06-08,put,regular,200,0.247,622,4595.0
2026-09-25,60000,2028-06-08,put,regular,250,0.2424,622,5310.0
2026-09-25,12000,2028-12-07,put,regular,300,0.3703,804,4.0
2026-09-25,16000,2028-12-07,put,regular,1950,0.3683,804,26.0
2026-09-25,18000,2028-12-07,put,regular,100,0.3678,804,53.0
2026-09-25,20000,2028-12-07,put,regular,200,0.3672,804,97.0
2026-09-25,23000,2028-12-07,put,regular,100,0.3665,804,207.0
2026-09-25,23500,2028-12-07,put,regular,38,0.3665,804,232.0
2026-09-25,24000,2028-12-07,put,regular,1000,0.3664,804,259.0
2026-09-25,25000,2028-12-07,put,regular,1200,0.3665,804,320.0
2026-09-25,27000,2028-12-07,put,regular,120,0.3664,804,470.0
2026-09-25,27500,2028-12-07,put,regular,50,0.3635,804,495.0
2026-09-25,28000,2028-12-07,put,regular,1250,0.3606,804,520.0
2026-09-25,30000,2028-12-07,put,regular,750,0.3497,804,635.0
2026-09-25,31000,2028-12-07,put,regular,400,0.3441,804,695.0
2026-09-25,32000,2028-12-07,put,regular,850,0.3386,804,760.0
2026-09-25,32250,2028-12-07,put,regular,51,0.3371,804,775.0
2026-09-25,33000,2028-12-07,put,regular,525,0.3333,804,830.0
2026-09-25,34000,2028-12-07,put,regular,775,0.3278,804,900.0
2026-09-25,34750,2028-12-07,put,regular,100,0.3241,804,960.0
2026-09-25,35000,2028-12-07,put,regular,1305,0.3228,804,980.0
2026-09-25,36000,2028-12-07,put,regular,2750,0.3175,804,1060.0
2026-09-25,37000,2028-12-07,put,regular,580,0.3126,804,1150.0
2026-09-25,38000,2028-12-07,put,regular,2860,0.3075,804,1240.0
2026-09-25,39000,2028-12-07,put,regular,50,0.3027,804,1340.0
2026-09-25,40000,2028-12-07,put,regular,1210,0.2983,804,1450.0
2026-09-25,42000,2028-12-07,put,regular,350,0.2894,804,1685.0
2026-09-25,43000,2028-12-07,put,regular,100,0.2854,804,1820.0
2026-09-25,44500,2028-12-07,put,regular,75,0.2793,804,2035.0
2026-09-25,45000,2028-12-07,put,regular,770,0.2773,804,2110.0
2026-09-25,46000,2028-12-07,put,regular,100,0.2737,804,2275.0
2026-09-25,48000,2028-12-07,put,regular,600,0.2666,804,2635.0
2026-09-25,50000,2028-12-07,put,regular,2450,0.2602,804,3050.0
2026-09-25,51000,2028-12-07,put,regular,150,0.2573,804,3280.0
2026-09-25,52000,2028-12-07,put,regular,250,0.2545,804,3525.0
2026-09-25,53000,2028-12-07,put,regular,50,0.2517,804,3785.0
2026-09-25,55000,2028-12-07,put,regular,725,0.2468,804,4360.0
2026-09-25,56000,2028-12-07,put,regular,450,0.2446,804,4675.0
2026-09-25,57000,2028-12-07,put,regular,150,0.2423,804,5005.0
2026-09-25,60000,2028-12-07,put,regular,550,0.2366,804,6120.0
2026-09-25,63000,2028-12-07,put,regular,25,0.2316,804,7405.0
2026-09-25,65000,2028-12-07,put,regular,925,0.2287,804,8360.0
2026-09-25,68000,2028-12-07,put,regular,100,0.2247,804,9935.0
2026-09-25,69000,2028-12-07,put,regular,270,0.2234,804,10495.0
2026-09-25,70000,2028-12-07,put,regular,225,0.2222,804,11075.0
2026-09-25,75000,2028-12-07,put,regular,80,0.2161,804,14210.0
2026-09-25,15000,2029-06-07,put,regular,1,0.3569,986,33.0
2026-09-25,15000,2029-12-13,put,regular,1,0.3417,1175,48.0
2026-09-25,23250,2029-12-13,put,regular,40,0.3398,1175,410.0
2026-09-25,30000,2029-12-13,put,regular,100,0.3263,1175,1040.0
2026-09-25,32000,2029-12-13,put,regular,113,0.3153,1175,1200.0
2026-09-25,34250,2029-12-13,put,regular,6,0.3034,1175,1400.0
2026-09-25,44000,2029-12-13,put,regular,100,0.263,1175,2700.0
2026-09-25,45000,2029-12-13,put,regular,75,0.2597,1175,2885.0
2026-09-25,50000,2029-12-13,put,regular,570,0.2456,1175,4005.0
2026-09-25,64000,2029-12-13,put,regular,100,0.2203,1175,9200.0
2026-09-25,65000,2029-12-13,put,regular,50,0.219,1175,9695.0
2026-09-25,70000,2029-12-13,put,regular,100,0.2126,1175,12385.0
2026-09-25,19000,2030-06-13,put,regular,2,0.3296,1357,204.0
2026-09-25,23500,2030-12-12,put,regular,100,0.3076,1539,510.0
2026-09-25,31750,2030-12-12,put,regular,74,0.2888,1539,1370.0
2026-09-25,34000,2030-12-12,put,regular,24,0.2798,1539,1620.0
2026-09-25,44000,2030-12-12,put,regular,80,0.2493,1539,3280.0
2026-09-25,45000,2030-12-12,put,regular,40,0.2471,1539,3510.0
2026-09-25,49500,2030-12-12,put,regular,100,0.2375,1539,4680.0
2026-09-25,50000,2030-12-12,call,regular,100,0.2,1539,4830.0
2026-09-25,64000,2030-12-12,call,regular,3,0.1753,1539,10290.0
2026-09-25,31500,2031-12-11,call,regular,52,0.2,1903,1680.0
2026-09-25,68000,2031-12-11,call,regular,100,0.234,1903,13120.0
2026-09-25,31250,2032-12-09,call,regular,40,0.2,2267,1900.0
2026-09-25,35000,2026-10-08,call,regular,24,0.2,13,30335.0
2026-09-25,42750,2026-10-08,call,regular,3,0.2,13,22590.0
2026-09-25,45000,2026-10-08,call,regular,2,0.2,13,20340.0
2026-09-25,47500,2026-10-08,call,regular,34,0.2,13,17845.0
2026-09-25,50000,2026-10-08,call,regular,1,0.2,13,15350.0
2026-09-25,53000,2026-10-08,call,regular,34,0.2,13,12365.0
2026-09-25,55000,2026-10-08,call,regular,4,0.2,13,10380.0
2026-09-25,57000,2026-10-08,call,regular,1,0.2,13,8405.0
2026-09-25,59500,2026-10-08,call,regular,14,0.2,13,5955.0
2026-09-25,60000,2026-10-08,call,regular,5,0.2,13,5465.0
2026-09-25,60500,2026-10-08,call,regular,100,0.2,13,5035.0
2026-09-25,61000,2026-10-08,call,regular,201,0.2,13,4580.0
2026-09-25,62000,2026-10-08,call,regular,49,0.2,13,3690.0
2026-09-25,63000,2026-10-08,call,regular,157,0.1837,13,2870.0
2026-09-25,63250,2026-10-08,call,regular,6,0.1946,13,2680.0
2026-09-25,63500,2026-10-08,call,regular,11,0.2007,13,2490.0
2026-09-25,63750,2026-10-08,call,regular,4,0.2066,13,2310.0
2026-09-25,63875,2026-10-08,call,regular,50,0.2084,13,2220.0
2026-09-25,64000,2026-10-08,call,regular,730,0.2056,13,2115.0
2026-09-25,64125,2026-10-08,call,regular,1,0.2113,13,2045.0
2026-09-25,64250,2026-10-08,call,regular,6,0.2138,13,1965.0
2026-09-25,64375,2026-10-08,call,regular,61,0.2167,13,1890.0
2026-09-25,64500,2026-10-08,call,regular,212,0.2168,13,1805.0
2026-09-25,64625,2026-10-08,call,regular,687,0.2175,13,1725.0
2026-09-25,64750,2026-10-08,call,regular,755,0.2155,13,1635.0
2026-09-25,64875,2026-10-08,call,regular,7,0.2195,13,1575.0
2026-09-25,65000,2026-10-08,call,regular,1412,0.2071,13,1440.0
2026-09-25,65125,2026-10-08,call,regular,4,0.2186,13,1420.0
2026-09-25,65250,2026-10-08,call,regular,20,0.2169,13,1340.0
2026-09-25,65375,2026-10-08,call,regular,6,0.2189,13,1280.0
2026-09-25,65500,2026-10-08,call,regular,226,0.2153,13,1195.0
2026-09-25,65625,2026-10-08,call,regular,18,0.2214,13,1160.0
2026-09-25,65750,2026-10-08,call,regular,112,0.2199,13,1090.0
2026-09-25,65875,2026-10-08,call,regular,16,0.221,13,1035.0
2026-09-25,66000,2026-10-08,call,regular,2965,0.2216,13,980.0
2026-09-25,66125,2026-10-08,call,regular,35,0.2238,13,935.0
2026-09-25,66250,2026-10-08,call,regular,85,0.2225,13,875.0
2026-09-25,66375,2026-10-08,call,regular,96,0.2249,13,835.0
2026-09-25,66500,2026-10-08,call,regular,185,0.2216,13,770.0
2026-09-25,66625,2026-10-08,call,regular,66,0.2263,13,745.0
2026-09-25,66750,2026-10-08,call,regular,196,0.2253,13,695.0
2026-09-25,66875,2026-10-08,call,regular,22,0.2271,13,660.0
2026-09-25,67000,2026-10-08,call,regular,1482,0.2296,13,630.0
2026-09-25,67125,2026-10-08,call,regular,28,0.2284,13,585.0
2026-09-25,67250,2026-10-08,call,regular,24,0.2255,13,535.0
2026-09-25,67375,2026-10-08,call,regular,75,0.2292,13,515.0
2026-09-25,67500,2026-10-08,call,regular,716,0.2301,13,485.0
2026-09-25,67625,2026-10-08,call,regular,88,0.2307,13,455.0
2026-09-25,67750,2026-10-08,call,regular,1134,0.2309,13,425.0
2026-09-25,67875,2026-10-08,call,regular,1,0.2319,13,400.0
2026-09-25,68000,2026-10-08,call,regular,2156,0.2286,13,360.0
2026-09-25,68125,2026-10-08,call,regular,20,0.233,13,350.0
2026-09-25,68250,2026-10-08,call,regular,104,0.2315,13,320.0
2026-09-25,68375,2026-10-08,call,regular,4,0.2339,13,305.0
2026-09-25,68500,2026-10-08,call,regular,1187,0.2318,13,276.0
2026-09-25,68625,2026-10-08,call,regular,670000,0.2345,13,264.0
2026-09-25,68750,2026-10-08,call,regular,149,0.2346,13,245.0
2026-09-25,68875,2026-10-08,call,regular,146,0.2361,13,231.0
2026-09-25,69000,2026-10-08,call,regular,2531,0.2345,13,209.0
2026-09-25,69125,2026-10-08,call,regular,1,0.2368,13,199.0
2026-09-25,69250,2026-10-08,call,regular,15,0.2373,13,185.0
2026-09-25,69500,2026-10-08,call,regular,530,0.2376,13,158.0
2026-09-25,69625,2026-10-08,call,regular,96,0.2392,13,149.0
2026-09-25,69750,2026-10-08,call,regular,93,0.2396,13,138.0
2026-09-25,69875,2026-10-08,call,regular,107,0.2407,13,129.0
2026-09-25,70000,2026-10-08,call,regular,2476,0.2378,13,113.0
2026-09-25,70125,2026-10-08,call,regular,4,0.2418,13,111.0
2026-09-25,70250,2026-10-08,call,regular,22,0.2419,13,102.0
2026-09-25,70375,2026-10-08,call,regular,127,0.2434,13,96.0
2026-09-25,70500,2026-10-08,call,regular,346,0.2421,13,86.0
2026-09-25,70625,2026-10-08,call,regular,22,0.2417,13,78.0
2026-09-25,70750,2026-10-08,call,regular,11,0.2436,13,74.0
2026-09-25,70875,2026-10-08,call,regular,1,0.246,13,71.0
2026-09-25,71000,2026-10-08,call,regular,1768,0.2445,13,63.0
2026-09-25,71125,2026-10-08,call,regular,1,0.2466,13,60.0
2026-09-25,71250,2026-10-08,call,regular,140,0.2442,13,52.0
2026-09-25,71500,2026-10-08,call,regular,370,0.2471,13,46.0
2026-09-25,71625,2026-10-08,call,regular,7,0.2482,13,43.0
2026-09-25,71750,2026-10-08,call,regular,20,0.2492,13,40.0
2026-09-25,71875,2026-10-08,call,regular,2,0.251,13,38.0
2026-09-25,72000,2026-10-08,call,regular,3059,0.2491,13,33.0
2026-09-25,72125,2026-10-08,call,regular,1,0.2505,13,31.0
2026-09-25,72250,2026-10-08,call,regular,89,0.2502,13,28.0
2026-09-25,72500,2026-10-08,call,regular,432,0.2502,13,23.0
2026-09-25,72750,2026-10-08,call,regular,23,0.2542,13,21.0
2026-09-25,73000,2026-10-08,call,regular,1733,0.2537,13,17.0
2026-09-25,73250,2026-10-08,call,regular,15,0.2586,13,16.0
2026-09-25,73500,2026-10-08,call,regular,89,0.2584,13,13.0
2026-09-25,73750,2026-10-08,call,regular,6,0.2596,13,11.0
2026-09-25,74000,2026-10-08,call,regular,1049,0.2597,13,9.0
2026-09-25,74250,2026-10-08,call,regular,38,0.2662,13,9.0
2026-09-25,74500,2026-10-08,call,regular,143,0.2647,13,7.0
2026-09-25,74750,2026-10-08,call,regular,18,0.2663,13,6.0
2026-09-25,75000,2026-10-08,call,regular,2433,0.2724,13,6.0
2026-09-25,75250,2026-10-08,call,regular,16,0.273,13,5.0
2026-09-25,75500,2026-10-08,call,regular,66,0.2725,13,4.0
2026-09-25,75750,2026-10-08,call,regular,25,0.2783,13,4.0
2026-09-25,76000,2026-10-08,call,regular,929,0.2761,13,3.0
2026-09-25,76250,2026-10-08,call,regular,45,0.2817,13,3.0
2026-09-25,76500,2026-10-08,call,regular,70,0.2872,13,3.0
2026-09-25,77000,2026-10-08,call,regular,1411,0.2983,13,3.0
2026-09-25,77500,2026-10-08,call,regular,117,0.2979,13,2.0
2026-09-25,78000,2026-10-08,call,regular,740,0.3084,13,2.0
2026-09-25,78500,2026-10-08,call,regular,62,0.3188,13,2.0
2026-09-25,79000,2026-10-08,call,regular,153,0.3291,13,2.0
2026-09-25,79500,2026-10-08,call,regular,43,0.3201,13,1.0
2026-09-25,80000,2026-10-08,call,regular,1917,0.3298,13,1.0
2026-09-25,80500,2026-10-08,call,regular,50,0.3393,13,1.0
2026-09-25,81000,2026-10-08,call,regular,636,0.3488,13,1.0
2026-09-25,81500,2026-10-08,call,regular,26,0.3582,13,1.0
2026-09-25,82000,2026-10-08,call,regular,282,0.3675,13,1.0
2026-09-25,82500,2026-10-08,call,regular,19,0.3767,13,1.0
2026-09-25,83000,2026-10-08,call,regular,74,0.3858,13,1.0
2026-09-25,83500,2026-10-08,call,regular,12,0.3949,13,1.0
2026-09-25,84000,2026-10-08,call,regular,25,0.4039,13,1.0
2026-09-25,84500,2026-10-08,call,regular,2,0.4128,13,1.0
2026-09-25,85000,2026-10-08,call,regular,178,0.4217,13,1.0
2026-09-25,87500,2026-10-08,call,regular,75,0.465,13,1.0
2026-09-25,90000,2026-10-08,call,regular,199,0.5067,13,1.0
2026-09-25,92500,2026-10-08,call,regular,15,0.547,13,1.0
2026-09-25,95000,2026-10-08,call,regular,59,0.5859,13,1.0
2026-09-25,97500,2026-10-08,call,regular,14,0.6236,13,1.0
2026-09-25,100000,2026-10-08,call,regular,297,0.6602,13,1.0
2026-09-25,44500,2026-11-12,call,regular,2,0.2,48,20845.0
2026-09-25,50250,2026-11-12,call,regular,35,0.2,48,15170.0
2026-09-25,56000,2026-11-12,call,regular,34,0.2,48,9640.0
2026-09-25,57500,2026-11-12,call,regular,100,0.1268,48,8260.0
2026-09-25,58000,2026-11-12,call,regular,1,0.1863,48,7810.0
2026-09-25,60000,2026-11-12,call,regular,100,0.2241,48,6090.0
2026-09-25,60500,2026-11-12,call,regular,100,0.2277,48,5685.0
2026-09-25,61000,2026-11-12,call,regular,200,0.2303,48,5290.0
2026-09-25,62500,2026-11-12,call,regular,40,0.233,48,4170.0
2026-09-25,63000,2026-11-12,call,regular,7650000,0.2334,48,3825.0
2026-09-25,63250,2026-11-12,call,regular,15,0.2337,48,3660.0
2026-09-25,63500,2026-11-12,call,regular,17,0.2335,48,3495.0
2026-09-25,64000,2026-11-12,call,regular,131,0.2333,48,3180.0
2026-09-25,64375,2026-11-12,call,regular,2,0.2337,48,2960.0
2026-09-25,64500,2026-11-12,call,regular,201,0.2328,48,2880.0
2026-09-25,64625,2026-11-12,call,regular,1,0.2335,48,2815.0
2026-09-25,65000,2026-11-12,call,regular,425,0.2321,48,2595.0
2026-09-25,65125,2026-11-12,call,regular,2555000,0.2333,48,2540.0
2026-09-25,65375,2026-11-12,call,regular,11,0.2333,48,2410.0
2026-09-25,65500,2026-11-12,call,regular,172,0.2326,48,2340.0
2026-09-25,65750,2026-11-12,call,regular,1,0.2319,48,2210.0
2026-09-25,65875,2026-11-12,call,regular,50,0.2314,48,2145.0
2026-09-25,66000,2026-11-12,call,regular,509,0.2323,48,2095.0
2026-09-25,66125,2026-11-12,call,regular,4,0.2315,48,2030.0
2026-09-25,66250,2026-11-12,call,regular,6315000,0.2317,48,1975.0
2026-09-25,66375,2026-11-12,call,regular,1790000,0.2307,48,1910.0
2026-09-25,66500,2026-11-12,call,regular,3,0.2322,48,1870.0
2026-09-25,66750,2026-11-12,call,regular,6,0.2317,48,1760.0
2026-09-25,67000,2026-11-12,call,regular,1235,0.2302,48,1645.0
2026-09-25,67250,2026-11-12,call,regular,2985000,0.2315,48,1560.0
2026-09-25,67375,2026-11-12,call,regular,1625000,0.2317,48,1515.0
2026-09-25,67500,2026-11-12,call,regular,939,0.2323,48,1475.0
2026-09-25,67750,2026-11-12,call,regular,35,0.2327,48,1390.0
2026-09-25,67875,2026-11-12,call,regular,2,0.2325,48,1345.0
2026-09-25,68000,2026-11-12,call,regular,510,0.2315,48,1295.0
2026-09-25,68250,2026-11-12,call,regular,4785000,0.2316,48,1215.0
2026-09-25,68375,2026-11-12,call,regular,16,0.2332,48,1190.0
2026-09-25,68500,2026-11-12,call,regular,14,0.2329,48,1150.0
2026-09-25,68750,2026-11-12,call,regular,10,0.2315,48,1065.0
2026-09-25,69000,2026-11-12,call,regular,3467,0.2332,48,1010.0
2026-09-25,69250,2026-11-12,call,regular,1,0.2321,48,935.0
2026-09-25,69500,2026-11-12,call,regular,16,0.2324,48,875.0
2026-09-25,69750,2026-11-12,call,regular,1,0.2322,48,815.0
2026-09-25,69875,2026-11-12,call,regular,16,0.232,48,785.0
2026-09-25,70000,2026-11-12,call,regular,1032,0.2343,48,775.0
2026-09-25,70250,2026-11-12,call,regular,4,0.2341,48,720.0
2026-09-25,70500,2026-11-12,call,regular,30,0.2341,48,670.0
2026-09-25,70625,2026-11-12,call,regular,3750000,0.2346,48,650.0
2026-09-25,70750,2026-11-12,call,regular,4,0.2344,48,625.0
2026-09-25,71000,2026-11-12,call,regular,625,0.235,48,585.0
2026-09-25,71125,2026-11-12,call,regular,2,0.2345,48,560.0
2026-09-25,71250,2026-11-12,call,regular,5,0.2353,48,545.0
2026-09-25,71500,2026-11-12,call,regular,356,0.2353,48,505.0
2026-09-25,71625,2026-11-12,call,regular,8,0.2342,48,480.0
2026-09-25,71750,2026-11-12,call,regular,1030000,0.2356,48,470.0
2026-09-25,72000,2026-11-12,call,regular,519,0.2356,48,435.0
2026-09-25,72250,2026-11-12,call,regular,2,0.2361,48,405.0
2026-09-25,72500,2026-11-12,call,regular,608,0.2362,48,375.0
2026-09-25,73000,2026-11-12,call,regular,128,0.2373,48,325.0
2026-09-25,73500,2026-11-12,call,regular,10,0.2375,48,277.0
2026-09-25,73750,2026-11-12,call,regular,2,0.2375,48,255.0
2026-09-25,74000,2026-11-12,call,regular,116,0.2373,48,234.0
2026-09-25,74250,2026-11-12,call,regular,1,0.2376,48,216.0
2026-09-25,74500,2026-11-12,call,regular,117,0.2377,48,199.0
2026-09-25,75000,2026-11-12,call,regular,403,0.2398,48,174.0
2026-09-25,75250,2026-11-12,call,regular,504000,0.2386,48,156.0
2026-09-25,75500,2026-11-12,call,regular,77,0.2387,48,143.0
2026-09-25,75750,2026-11-12,call,regular,1,0.2387,48,131.0
2026-09-25,76000,2026-11-12,call,regular,42,0.2415,48,127.0
2026-09-25,76250,2026-11-12,call,regular,1,0.2419,48,117.0
2026-09-25,76500,2026-11-12,call,regular,282,0.2406,48,104.0
2026-09-25,77000,2026-11-12,call,regular,130,0.2408,48,87.0
2026-09-25,77500,2026-11-12,call,regular,1,0.2418,48,74.0
2026-09-25,78000,2026-11-12,call,regular,145,0.2422,48,62.0
2026-09-25,78500,2026-11-12,call,regular,2,0.2435,48,53.0
2026-09-25,79000,2026-11-12,call,regular,39,0.2437,48,44.0
2026-09-25,79500,2026-11-12,call,regular,11,0.2472,48,40.0
2026-09-25,80000,2026-11-12,call,regular,169,0.2462,48,32.0
2026-09-25,82500,2026-11-12,call,regular,125,0.2535,48,15.0
2026-09-25,85000,2026-11-12,call,regular,123,0.2638,48,8.0
2026-09-25,87500,2026-11-12,call,regular,150,0.2713,48,4.0
2026-09-25,90000,2026-11-12,call,regular,208,0.2783,48,2.0
2026-09-25,92500,2026-11-12,call,regular,1,0.2846,48,1.0
2026-09-25,95000,2026-11-12,call,regular,28,0.3049,48,1.0
2026-09-25,100000,2026-11-12,call,regular,93,0.3435,48,1.0
2026-09-25,12500,2026-12-10,call,regular,84,0.2,76,52775.0
2026-09-25,20000,2026-12-10,call,regular,150,0.2,76,45305.0
2026-09-25,22000,2026-12-10,call,regular,100,0.2,76,43310.0
2026-09-25,25000,2026-12-10,call,regular,300,0.2,76,40320.0
2026-09-25,26000,2026-12-10,call,regular,350,0.2,76,39325.0
2026-09-25,27000,2026-12-10,call,regular,250,0.2,76,38330.0
2026-09-25,28000,2026-12-10,call,regular,75,0.2,76,37335.0
2026-09-25,28500,2026-12-10,call,regular,125,0.2,76,36840.0
2026-09-25,29000,2026-12-10,call,regular,150,0.2,76,36340.0
2026-09-25,30000,2026-12-10,call,regular,2553,0.2,76,35345.0
2026-09-25,30500,2026-12-10,call,regular,50,0.2,76,34850.0
2026-09-25,31000,2026-12-10,call,regular,241,0.2,76,34350.0
2026-09-25,31500,2026-12-10,call,regular,50,0.2,76,33855.0
2026-09-25,32000,2026-12-10,call,regular,700,0.2,76,33360.0
2026-09-25,32500,2026-12-10,call,regular,250,0.2,76,32860.0
2026-09-25,33000,2026-12-10,call,regular,1950,0.2,76,32365.0
2026-09-25,34000,2026-12-10,call,regular,280,0.2,76,31370.0
2026-09-25,34500,2026-12-10,call,regular,400,0.2,76,30875.0
2026-09-25,35000,2026-12-10,call,regular,435,0.2,76,30380.0
2026-09-25,36000,2026-12-10,call,regular,975,0.2,76,29385.0
2026-09-25,36500,2026-12-10,call,regular,252,0.2,76,28890.0
2026-09-25,37000,2026-12-10,call,regular,450,0.2,76,28395.0
2026-09-25,37500,2026-12-10,call,regular,88,0.2,76,27900.0
2026-09-25,37750,2026-12-10,call,regular,100,0.2,76,27650.0
2026-09-25,38000,2026-12-10,call,regular,1225,0.2,76,27405.0
2026-09-25,38500,2026-12-10,call,regular,700,0.2,76,26910.0
2026-09-25,38750,2026-12-10,call,regular,50,0.2,76,26660.0
2026-09-25,39000,2026-12-10,call,regular,750,0.2,76,26415.0
2026-09-25,39500,2026-12-10,call,regular,500,0.2,76,25920.0
2026-09-25,40000,2026-12-10,call,regular,1200,0.2,76,25425.0
2026-09-25,40500,2026-12-10,call,regular,400,0.2,76,24930.0
2026-09-25,41000,2026-12-10,call,regular,1300,0.2,76,24435.0
2026-09-25,41500,2026-12-10,call,regular,100,0.2,76,23945.0
2026-09-25,42000,2026-12-10,call,regular,1071,0.2,76,23450.0
2026-09-25,42500,2026-12-10,call,regular,250,0.2,76,22955.0
2026-09-25,43000,2026-12-10,call,regular,1400,0.2,76,22465.0
2026-09-25,43250,2026-12-10,call,regular,4,0.2,76,22230.0
2026-09-25,43750,2026-12-10,call,regular,131,0.2,76,21740.0
2026-09-25,44000,2026-12-10,call,regular,600,0.2,76,21490.0
2026-09-25,45000,2026-12-10,call,regular,1842,0.2,76,20505.0
2026-09-25,45250,2026-12-10,call,regular,413,0.2,76,20260.0
2026-09-25,45500,2026-12-10,call,regular,200,0.2,76,20015.0
2026-09-25,46000,2026-12-10,call,regular,2300,0.2,76,19525.0
2026-09-25,46250,2026-12-10,call,regular,315,0.2,76,19280.0
2026-09-25,47000,2026-12-10,call,regular,350,0.2,76,18545.0
2026-09-25,47500,2026-12-10,call,regular,200,0.2,76,18055.0
2026-09-25,48000,2026-12-10,call,regular,750,0.2,76,17570.0
2026-09-25,49000,2026-12-10,call,regular,1000,0.2,76,16595.0
2026-09-25,49500,2026-12-10,call,regular,260,0.2,76,16120.0
2026-09-25,50000,2026-12-10,call,regular,5692,0.2,76,15645.0
2026-09-25,50250,2026-12-10,call,regular,58,0.2,76,15400.0
2026-09-25,50500,2026-12-10,call,regular,600,0.2,76,15160.0
2026-09-25,50750,2026-12-10,call,regular,45,0.2,76,14915.0
2026-09-25,51000,2026-12-10,call,regular,731,0.2,76,14670.0
2026-09-25,52000,2026-12-10,call,regular,802,0.2,76,13730.0
2026-09-25,52250,2026-12-10,call,regular,250,0.2,76,13495.0
2026-09-25,52500,2026-12-10,call,regular,50,0.2,76,13250.0
2026-09-25,53000,2026-12-10,call,regular,1135,0.2025,76,12780.0
2026-09-25,53500,2026-12-10,call,regular,106,0.2233,76,12310.0
2026-09-25,54000,2026-12-10,call,regular,1941,0.2242,76,11825.0
2026-09-25,54500,2026-12-10,call,regular,540,0.2326,76,11360.0
2026-09-25,55000,2026-12-10,call,regular,1829,0.2454,76,10920.0
2026-09-25,55500,2026-12-10,call,regular,300,0.2458,76,10455.0
2026-09-25,56000,2026-12-10,call,regular,791,0.2485,76,10005.0
2026-09-25,56500,2026-12-10,call,regular,283,0.2492,76,9555.0
2026-09-25,57000,2026-12-10,call,regular,500,0.2474,76,9100.0
2026-09-25,57250,2026-12-10,call,regular,113,0.2504,76,8895.0
2026-09-25,57500,2026-12-10,call,regular,80,0.2501,76,8675.0
2026-09-25,58000,2026-12-10,call,regular,2603,0.2492,76,8240.0
2026-09-25,58500,2026-12-10,call,regular,350,0.248,76,7810.0
2026-09-25,59000,2026-12-10,call,regular,1900,0.2498,76,7410.0
2026-09-25,59500,2026-12-10,call,regular,100,0.2514,76,7020.0
2026-09-25,60000,2026-12-10,call,regular,7478,0.2497,76,6615.0
2026-09-25,60500,2026-12-10,call,regular,102,0.2503,76,6240.0
2026-09-25,61000,2026-12-10,call,regular,813,0.2453,76,5825.0
2026-09-25,61500,2026-12-10,call,regular,1,0.2463,76,5475.0
2026-09-25,62000,2026-12-10,call,regular,1850,0.2455,76,5120.0
2026-09-25,62500,2026-12-10,call,regular,812,0.243,76,4760.0
2026-09-25,63000,2026-12-10,call,regular,1417,0.2417,76,4425.0
2026-09-25,63500,2026-12-10,call,regular,300,0.2407,76,4105.0
2026-09-25,63750,2026-12-10,call,regular,32,0.2411,76,3960.0
2026-09-25,64000,2026-12-10,call,regular,2242,0.2403,76,3805.0
2026-09-25,64500,2026-12-10,call,regular,296,0.2395,76,3515.0
2026-09-25,65000,2026-12-10,call,regular,3593,0.2393,76,3245.0
2026-09-25,65500,2026-12-10,call,regular,734,0.2388,76,2985.0
2026-09-25,65750,2026-12-10,call,regular,15,0.2385,76,2860.0
2026-09-25,66000,2026-12-10,call,regular,1042,0.2371,76,2725.0
2026-09-25,66250,2026-12-10,call,regular,15,0.2366,76,2605.0
2026-09-25,66500,2026-12-10,call,regular,2784,0.2367,76,2495.0
2026-09-25,67000,2026-12-10,call,regular,1587,0.236,76,2275.0
2026-09-25,67250,2026-12-10,call,regular,25,0.2361,76,2175.0
2026-09-25,67500,2026-12-10,call,regular,25,0.2359,76,2075.0
2026-09-25,68000,2026-12-10,call,regular,4264,0.2346,76,1875.0
2026-09-25,68500,2026-12-10,call,regular,437,0.2353,76,1710.0
2026-09-25,69000,2026-12-10,call,regular,1646,0.2339,76,1535.0
2026-09-25,69250,2026-12-10,call,regular,50,0.2339,76,1460.0
2026-09-25,69750,2026-12-10,call,regular,158,0.2337,76,1315.0
2026-09-25,70000,2026-12-10,call,regular,5961,0.2362,76,1275.0
2026-09-25,71000,2026-12-10,call,regular,1314,0.2328,76,1000.0
2026-09-25,71500,2026-12-10,call,regular,1,0.2328,76,895.0
2026-09-25,71750,2026-12-10,call,regular,24,0.2333,76,850.0
2026-09-25,72000,2026-12-10,call,regular,3210,0.2346,76,815.0
2026-09-25,72250,2026-12-10,call,regular,2,0.2329,76,755.0
2026-09-25,72500,2026-12-10,call,regular,2913,0.235,76,730.0
2026-09-25,73000,2026-12-10,call,regular,805,0.2356,76,655.0
2026-09-25,73500,2026-12-10,call,regular,400,0.2346,76,575.0
2026-09-25,74000,2026-12-10,call,regular,1550,0.2332,76,500.0
2026-09-25,74500,2026-12-10,call,regular,1,0.2337,76,445.0
2026-09-25,74750,2026-12-10,call,regular,1,0.234,76,420.0
2026-09-25,75000,2026-12-10,call,regular,3825,0.2341,76,395.0
2026-09-25,75500,2026-12-10,call,regular,1,0.2345,76,350.0
2026-09-25,76000,2026-12-10,call,regular,460,0.2349,76,310.0
2026-09-25,76250,2026-12-10,call,regular,12,0.235,76,291.0
2026-09-25,77000,2026-12-10,call,regular,410,0.2342,76,235.0
2026-09-25,77500,2026-12-10,call,regular,1055,0.2356,76,211.0
2026-09-25,78000,2026-12-10,call,regular,385,0.2395,76,199.0
2026-09-25,79000,2026-12-10,call,regular,209,0.2351,76,138.0
2026-09-25,80000,2026-12-10,call,regular,7260,0.2372,76,109.0
2026-09-25,81000,2026-12-10,call,regular,4,0.2369,76,81.0
2026-09-25,82000,2026-12-10,call,regular,1,0.2408,76,67.0
2026-09-25,82500,2026-12-10,call,regular,1126,0.2377,76,53.0
2026-09-25,83000,2026-12-10,call,regular,121,0.2423,76,52.0
2026-09-25,84000,2026-12-10,call,regular,523,0.2475,76,45.0
2026-09-25,85000,2026-12-10,call,regular,1009,0.248,76,34.0
2026-09-25,87500,2026-12-10,call,regular,2457,0.2574,76,22.0
2026-09-25,90000,2026-12-10,call,regular,1799,0.2561,76,10.0
2026-09-25,95000,2026-12-10,call,regular,1078,0.2759,76,5.0
2026-09-25,100000,2026-12-10,call,regular,509,0.2969,76,3.0
2026-09-25,54250,2027-01-07,call,regular,27,0.2562,104,11810.0
2026-09-25,61000,2027-01-07,call,regular,26,0.252,104,6300.0
2026-09-25,63750,2027-01-07,call,regular,50,0.2412,104,4430.0
2026-09-25,64000,2027-01-07,call,regular,100,0.2406,104,4280.0
2026-09-25,65000,2027-01-07,call,regular,14,0.2387,104,3720.0
2026-09-25,66000,2027-01-07,call,regular,160,0.2375,104,3215.0
2026-09-25,67000,2027-01-07,call,regular,100,0.2361,104,2755.0
2026-09-25,67500,2027-01-07,call,regular,5,0.2359,104,2550.0
2026-09-25,67750,2027-01-07,call,regular,3,0.2349,104,2440.0
2026-09-25,68000,2027-01-07,call,regular,1,0.2353,104,2350.0
2026-09-25,68500,2027-01-07,call,regular,5,0.2349,104,2165.0
2026-09-25,69000,2027-01-07,call,regular,944,0.2345,104,1990.0
2026-09-25,69500,2027-01-07,call,regular,2,0.2344,104,1830.0
2026-09-25,70000,2027-01-07,call,regular,2,0.2335,104,1670.0
2026-09-25,70250,2027-01-07,call,regular,1,0.2339,104,1605.0
2026-09-25,70500,2027-01-07,call,regular,2,0.2342,104,1540.0
2026-09-25,71000,2027-01-07,call,regular,1,0.2337,104,1405.0
2026-09-25,71250,2027-01-07,call,regular,3,0.233,104,1335.0
2026-09-25,71500,2027-01-07,call,regular,50,0.2299,104,1240.0
2026-09-25,72000,2027-01-07,call,regular,15,0.2294,104,1125.0
2026-09-25,73000,2027-01-07,call,regular,1,0.229,104,925.0
2026-09-25,74000,2027-01-07,call,regular,1,0.2286,104,755.0
2026-09-25,75000,2027-01-07,call,regular,1,0.2292,104,620.0
2026-09-25,80000,2027-01-07,call,regular,1,0.2341,104,227.0
2026-09-25,100000,2027-01-07,call,regular,6,0.2694,104,6.0
2026-09-25,56000,2027-02-10,call,regular,8,0.27,138,10660.0
2026-09-25,56750,2027-02-10,call,regular,60,0.2676,138,10035.0
2026-09-25,64000,2027-02-10,call,regular,110,0.244,138,4830.0
2026-09-25,66000,2027-02-10,call,regular,8,0.2401,138,3765.0
2026-09-25,66250,2027-02-10,call,regular,50,0.2401,138,3650.0
2026-09-25,67250,2027-02-10,call,regular,12,0.2386,138,3195.0
2026-09-25,69000,2027-02-10,call,regular,3,0.2364,138,2500.0
2026-09-25,70000,2027-02-10,call,regular,1,0.2351,138,2155.0
2026-09-25,71000,2027-02-10,call,regular,2,0.2351,138,1865.0
2026-09-25,72500,2027-02-10,call,regular,77,0.2363,138,1505.0
2026-09-25,75000,2027-02-10,call,regular,100,0.2348,138,1000.0
2026-09-25,52000,2027-03-11,call,regular,560,0.2774,167,14325.0
2026-09-25,52750,2027-03-11,call,regular,8,0.2757,167,13660.0
2026-09-25,53000,2027-03-11,call,regular,275,0.2751,167,13440.0
2026-09-25,53500,2027-03-11,call,regular,202,0.2734,167,13000.0
2026-09-25,53750,2027-03-11,call,regular,44,0.2729,167,12785.0
2026-09-25,54000,2027-03-11,call,regular,267,0.2723,167,12570.0
2026-09-25,55000,2027-03-11,call,regular,550,0.2696,167,11720.0
2026-09-25,56000,2027-03-11,call,regular,50,0.2664,167,10885.0
2026-09-25,56500,2027-03-11,call,regular,1,0.2647,167,10475.0
2026-09-25,57000,2027-03-11,call,regular,365,0.2634,167,10075.0
2026-09-25,58000,2027-03-11,call,regular,150,0.26,167,9285.0
2026-09-25,59500,2027-03-11,call,regular,200,0.2555,167,8155.0
2026-09-25,59750,2027-03-11,call,regular,2,0.2545,167,7970.0
2026-09-25,60000,2027-03-11,call,regular,12,0.2538,167,7790.0
2026-09-25,60250,2027-03-11,call,regular,44,0.2533,167,7615.0
2026-09-25,61000,2027-03-11,call,regular,160,0.2509,167,7090.0
2026-09-25,61750,2027-03-11,call,regular,1,0.249,167,6590.0
2026-09-25,62000,2027-03-11,call,regular,200,0.2486,167,6430.0
2026-09-25,62500,2027-03-11,call,regular,508,0.2469,167,6105.0
2026-09-25,63000,2027-03-11,call,regular,1052,0.2457,167,5795.0
2026-09-25,64000,2027-03-11,call,regular,150,0.2434,167,5205.0
2026-09-25,64250,2027-03-11,call,regular,100,0.243,167,5065.0
2026-09-25,65000,2027-03-11,call,regular,1401,0.2414,167,4655.0
2026-09-25,66000,2027-03-11,call,regular,1372,0.2402,167,4155.0
2026-09-25,66250,2027-03-11,call,regular,15,0.2395,167,4030.0
2026-09-25,66500,2027-03-11,call,regular,22,0.239,167,3910.0
2026-09-25,67000,2027-03-11,call,regular,501,0.238,167,3675.0
2026-09-25,68000,2027-03-11,call,regular,700,0.2368,167,3250.0
2026-09-25,69000,2027-03-11,call,regular,350,0.2356,167,2860.0
2026-09-25,69250,2027-03-11,call,regular,10,0.2354,167,2770.0
2026-09-25,70000,2027-03-11,call,regular,933,0.2345,167,2505.0
2026-09-25,70500,2027-03-11,call,regular,150,0.2339,167,2340.0
2026-09-25,71000,2027-03-11,call,regular,103,0.2337,167,2190.0
2026-09-25,72000,2027-03-11,call,regular,665,0.2351,167,1940.0
2026-09-25,72500,2027-03-11,call,regular,85,0.2309,167,1750.0
2026-09-25,73000,2027-03-11,call,regular,400,0.2344,167,1685.0
2026-09-25,73500,2027-03-11,call,regular,1,0.2305,167,1515.0
2026-09-25,74000,2027-03-11,call,regular,3,0.2304,167,1410.0
2026-09-25,75000,2027-03-11,call,regular,1593,0.2304,167,1220.0
2026-09-25,76000,2027-03-11,call,regular,950,0.2311,167,1060.0
2026-09-25,77500,2027-03-11,call,regular,400,0.2316,167,850.0
2026-09-25,80000,2027-03-11,call,regular,391,0.2344,167,600.0
2026-09-25,82500,2027-03-11,call,regular,773,0.2377,167,425.0
2026-09-25,85000,2027-03-11,call,regular,225,0.2416,167,305.0
2026-09-25,90000,2027-03-11,call,regular,350,0.2501,167,162.0
2026-09-25,95000,2027-03-11,call,regular,500,0.2556,167,82.0
2026-09-25,100000,2027-03-11,call,regular,85,0.2525,167,32.0
2026-09-25,57000,2027-04-08,call,regular,25,0.236,195,9980.0
2026-09-25,57750,2027-04-08,call,regular,88,0.2353,195,9400.0
2026-09-25,65000,2027-04-08,call,regular,88,0.2272,195,4730.0
2026-09-25,67000,2027-04-08,call,regular,25,0.2258,195,3785.0
2026-09-25,60250,2027-05-13,call,regular,8,0.239,230,8030.0
2026-09-25,61250,2027-05-13,call,regular,23,0.2372,230,7370.0
2026-09-25,71000,2027-05-13,call,regular,23,0.2272,230,2740.0
2026-09-25,72000,2027-05-13,call,regular,8,0.2273,230,2450.0
2026-09-25,16250,2027-06-10,call,regular,114,0.2,258,48760.0
2026-09-25,30000,2027-06-10,call,regular,300,0.2,258,35235.0
2026-09-25,33000,2027-06-10,call,regular,50,0.2,258,32310.0
2026-09-25,36000,2027-06-10,call,regular,150,0.2,258,29410.0
2026-09-25,37000,2027-06-10,call,regular,50,0.2,258,28445.0
2026-09-25,37250,2027-06-10,call,regular,480,0.2,258,28205.0
2026-09-25,38500,2027-06-10,call,regular,140,0.2,258,27005.0
2026-09-25,39000,2027-06-10,call,regular,50,0.2,258,26530.0
2026-09-25,44500,2027-06-10,call,regular,300,0.2228,258,21350.0
2026-09-25,50000,2027-06-10,call,regular,300,0.2571,258,16385.0
2026-09-25,50500,2027-06-10,call,regular,175,0.2572,258,15950.0
2026-09-25,53000,2027-06-10,call,regular,100,0.2558,258,13830.0
2026-09-25,54000,2027-06-10,call,regular,1050,0.2544,258,13010.0
2026-09-25,55000,2027-06-10,call,regular,300,0.2527,258,12205.0
2026-09-25,56000,2027-06-10,call,regular,175,0.2511,258,11425.0
2026-09-25,57000,2027-06-10,call,regular,50,0.2492,258,10665.0
2026-09-25,58500,2027-06-10,call,regular,58,0.2462,258,9565.0
2026-09-25,60000,2027-06-10,call,regular,750,0.2432,258,8525.0
2026-09-25,62500,2027-06-10,call,regular,150,0.2386,258,6935.0
2026-09-25,63000,2027-06-10,call,regular,100,0.2377,258,6640.0
2026-09-25,64000,2027-06-10,call,regular,470,0.2361,258,6075.0
2026-09-25,65000,2027-06-10,call,regular,552,0.2345,258,5540.0
2026-09-25,65500,2027-06-10,call,regular,62,0.2337,258,5285.0
2026-09-25,66000,2027-06-10,call,regular,306,0.2331,258,5040.0
2026-09-25,66500,2027-06-10,call,regular,125,0.2324,258,4800.0
2026-09-25,67000,2027-06-10,call,regular,770,0.2317,258,4570.0
2026-09-25,67500,2027-06-10,call,regular,400,0.2312,258,4350.0
2026-09-25,68000,2027-06-10,call,regular,450,0.2305,258,4135.0
2026-09-25,68250,2027-06-10,call,regular,15,0.2302,258,4030.0
2026-09-25,68500,2027-06-10,call,regular,206,0.23,258,3930.0
2026-09-25,69000,2027-06-10,call,regular,1,0.2294,258,3730.0
2026-09-25,69250,2027-06-10,call,regular,36,0.2292,258,3635.0
2026-09-25,69500,2027-06-10,call,regular,62,0.2289,258,3540.0
2026-09-25,70000,2027-06-10,call,regular,450,0.2286,258,3360.0
2026-09-25,71000,2027-06-10,call,regular,100,0.2278,258,3020.0
2026-09-25,72000,2027-06-10,call,regular,620,0.2292,258,2750.0
2026-09-25,73000,2027-06-10,call,regular,2,0.2266,258,2425.0
2026-09-25,74000,2027-06-10,call,regular,850,0.2263,258,2170.0
2026-09-25,75000,2027-06-10,call,regular,1248,0.2262,258,1940.0
2026-09-25,77500,2027-06-10,call,regular,671,0.2262,258,1460.0
2026-09-25,80000,2027-06-10,call,regular,915,0.2272,258,1100.0
2026-09-25,85000,2027-06-10,call,regular,2684,0.2312,258,635.0
2026-09-25,90000,2027-06-10,call,regular,400,0.2365,258,375.0
2026-09-25,95000,2027-06-10,call,regular,1,0.2403,258,217.0
2026-09-25,65750,2027-07-08,call,regular,20,0.2324,286,5410.0
2026-09-25,66750,2027-07-08,call,regular,32,0.2311,286,4935.0
2026-09-25,75000,2027-07-08,call,regular,32,0.2262,286,2165.0
2026-09-25,77000,2027-07-08,call,regular,20,0.226,286,1750.0
2026-09-25,68000,2027-08-12,call,regular,22,0.233,321,4785.0
2026-09-25,69000,2027-08-12,call,regular,53,0.2319,321,4375.0
2026-09-25,78000,2027-08-12,call,regular,75,0.2264,321,1820.0
2026-09-25,62500,2027-09-09,call,regular,34,0.2437,349,7875.0
2026-09-25,63250,2027-09-09,call,regular,32,0.2423,349,7445.0
2026-09-25,65000,2027-09-09,call,regular,101,0.2393,349,6500.0
2026-09-25,67000,2027-09-09,call,regular,80,0.236,349,5520.0
2026-09-25,70000,2027-09-09,call,regular,250,0.2322,349,4265.0
2026-09-25,71250,2027-09-09,call,regular,31,0.231,349,3815.0
2026-09-25,72250,2027-09-09,call,regular,34,0.23,349,3480.0
2026-09-25,77500,2027-09-09,call,regular,417,0.2266,349,2110.0
2026-09-25,28000,2027-12-09,call,regular,50,0.2,440,37190.0
2026-09-25,30000,2027-12-09,call,regular,225,0.2,440,35275.0
2026-09-25,31500,2027-12-09,call,regular,50,0.2,440,33850.0
2026-09-25,32000,2027-12-09,call,regular,100,0.2,440,33375.0
2026-09-25,33000,2027-12-09,call,regular,100,0.2,440,32425.0
2026-09-25,34000,2027-12-09,call,regular,375,0.2,440,31480.0
2026-09-25,35000,2027-12-09,call,regular,201,0.2,440,30540.0
2026-09-25,36000,2027-12-09,call,regular,80,0.2,440,29605.0
2026-09-25,36750,2027-12-09,call,regular,442,0.2,440,28905.0
2026-09-25,37000,2027-12-09,call,regular,200,0.2,440,28670.0
2026-09-25,38000,2027-12-09,call,regular,575,0.2,440,27745.0
2026-09-25,39000,2027-12-09,call,regular,125,0.1916,440,26820.0
2026-09-25,39250,2027-12-09,call,regular,50,0.2049,440,26590.0
2026-09-25,39500,2027-12-09,call,regular,50,0.2134,440,26360.0
2026-09-25,40000,2027-12-09,call,regular,350,0.2262,440,25905.0
2026-09-25,40500,2027-12-09,call,regular,450,0.2343,440,25450.0
2026-09-25,41000,2027-12-09,call,regular,375,0.2398,440,24995.0
2026-09-25,42000,2027-12-09,call,regular,200,0.2473,440,24090.0
2026-09-25,43000,2027-12-09,call,regular,400,0.2522,440,23195.0
2026-09-25,43500,2027-12-09,call,regular,150,0.2544,440,22755.0
2026-09-25,45000,2027-12-09,call,regular,1950,0.2575,440,21435.0
2026-09-25,46000,2027-12-09,call,regular,500,0.2581,440,20565.0
2026-09-25,48000,2027-12-09,call,regular,225,0.2583,440,18865.0
2026-09-25,49000,2027-12-09,call,regular,700,0.2579,440,18035.0
2026-09-25,50000,2027-12-09,call,regular,1950,0.257,440,17215.0
2026-09-25,51000,2027-12-09,call,regular,300,0.2562,440,16415.0
2026-09-25,52500,2027-12-09,call,regular,100,0.2544,440,15240.0
2026-09-25,54000,2027-12-09,call,regular,300,0.2525,440,14105.0
2026-09-25,54500,2027-12-09,call,regular,100,0.2518,440,13735.0
2026-09-25,55000,2027-12-09,call,regular,704,0.2511,440,13370.0
2026-09-25,57000,2027-12-09,call,regular,250,0.2481,440,11955.0
2026-09-25,58000,2027-12-09,call,regular,500,0.2466,440,11280.0
2026-09-25,60000,2027-12-09,call,regular,1225,0.2439,440,10000.0
2026-09-25,61000,2027-12-09,call,regular,200,0.2425,440,9390.0
2026-09-25,62000,2027-12-09,call,regular,200,0.2411,440,8805.0
2026-09-25,62500,2027-12-09,call,regular,70,0.2404,440,8520.0
2026-09-25,63000,2027-12-09,call,regular,300,0.2398,440,8245.0
2026-09-25,63500,2027-12-09,call,regular,50,0.239,440,7970.0
2026-09-25,64000,2027-12-09,call,regular,780,0.2384,440,7705.0
2026-09-25,65000,2027-12-09,call,regular,600,0.2371,440,7190.0
2026-09-25,66000,2027-12-09,call,regular,475,0.2359,440,6700.0
2026-09-25,67000,2027-12-09,call,regular,100,0.2348,440,6235.0
2026-09-25,68000,2027-12-09,call,regular,200,0.2336,440,5790.0
2026-09-25,69000,2027-12-09,call,regular,850,0.2325,440,5370.0
2026-09-25,70000,2027-12-09,call,regular,850,0.2315,440,4975.0
2026-09-25,70500,2027-12-09,call,regular,62,0.231,440,4785.0
2026-09-25,72000,2027-12-09,call,regular,500,0.2294,440,4245.0
2026-09-25,72500,2027-12-09,call,regular,100,0.229,440,4080.0
2026-09-25,73500,2027-12-09,call,regular,100,0.2281,440,3760.0
2026-09-25,75000,2027-12-09,call,regular,552,0.2267,440,3315.0
2026-09-25,77500,2027-12-09,call,regular,600,0.2248,440,2675.0
2026-09-25,80000,2027-12-09,call,regular,1000,0.2233,440,2145.0
2026-09-25,85000,2027-12-09,call,regular,100,0.2212,440,1360.0
2026-09-25,87500,2027-12-09,call,regular,100,0.2207,440,1080.0
2026-09-25,95000,2027-12-09,call,regular,1700,0.2242,440,580.0
2026-09-25,100000,2027-12-09,call,regular,800,0.2328,440,440.0
2026-09-25,41500,2028-06-08,call,regular,100,0.2569,622,24990.0
2026-09-25,28000,2028-12-07,call,regular,50,0.2,804,37505.0
2026-09-25,30000,2028-12-07,call,regular,80,0.2,804,35685.0
2026-09-25,31000,2028-12-07,call,regular,200,0.2,804,34780.0
2026-09-25,32000,2028-12-07,call,regular,75,0.2149,804,33880.0
2026-09-25,33000,2028-12-07,call,regular,125,0.2398,804,32985.0
2026-09-25,34500,2028-12-07,call,regular,330,0.2551,804,31645.0
2026-09-25,34750,2028-12-07,call,regular,100,0.2571,804,31425.0
2026-09-25,35500,2028-12-07,call,regular,443,0.2609,804,30760.0
2026-09-25,36000,2028-12-07,call,regular,450,0.263,804,30320.0
2026-09-25,36500,2028-12-07,call,regular,52,0.2645,804,29880.0
2026-09-25,38000,2028-12-07,call,regular,120,0.2672,804,28570.0
2026-09-25,39000,2028-12-07,call,regular,575,0.268,804,27705.0
2026-09-25,40000,2028-12-07,call,regular,30,0.268,804,26845.0
2026-09-25,41000,2028-12-07,call,regular,375,0.2677,804,25995.0
2026-09-25,42000,2028-12-07,call,regular,65,0.2668,804,25150.0
2026-09-25,42500,2028-12-07,call,regular,100,0.2665,804,24735.0
2026-09-25,50000,2028-12-07,call,regular,400,0.2555,804,18790.0
2026-09-25,53000,2028-12-07,call,regular,50,0.251,804,16630.0
2026-09-25,55000,2028-12-07,call,regular,50,0.248,804,15270.0
2026-09-25,56000,2028-12-07,call,regular,650,0.2468,804,14620.0
2026-09-25,60000,2028-12-07,call,regular,250,0.2422,804,12200.0
2026-09-25,65000,2028-12-07,call,regular,250,0.2382,804,9615.0
2026-09-25,66500,2028-12-07,call,regular,130,0.2373,804,8935.0
2026-09-25,67500,2028-12-07,call,regular,100,0.2368,804,8505.0
2026-09-25,70000,2028-12-07,call,regular,125,0.2356,804,7500.0
2026-09-25,75000,2028-12-07,call,regular,80,0.234,804,5805.0
2026-09-25,80000,2028-12-07,call,regular,200,0.2328,804,4460.0
2026-09-25,50000,2029-12-13,call,regular,100,0.2573,1175,20305.0
2026-09-25,60000,2029-12-13,call,regular,375,0.246,1175,14185.0
2026-09-25,65000,2029-12-13,call,regular,50,0.2428,1175,11740.0
2026-09-25,57000,2030-12-12,call,regular,300,0.2567,1539,17710.0
2026-09-25,64000,2030-12-12,call,regular,3,0.2514,1539,14220.0
2026-09-25,60500,2026-09-30,put,mini,1,0.3813,5,34.0
2026-09-25,64000,2026-09-30,put,mini,375,0.337,5,375.0
2026-09-25,64750,2026-09-30,put,mini,4,0.3272,5,575.0
2026-09-25,60500,2026-10-02,put,mini,306,0.3428,7,48.0
2026-09-25,61000,2026-10-02,put,mini,55,0.329,7,60.0
2026-09-25,61125,2026-10-02,put,mini,1,0.3302,7,68.0
2026-09-25,61250,2026-10-02,put,mini,1,0.3296,7,75.0
2026-09-25,61375,2026-10-02,put,mini,9,0.3276,7,81.0
2026-09-25,61500,2026-10-02,put,mini,37,0.3253,7,87.0
2026-09-25,61625,2026-10-02,put,mini,3,0.3217,7,92.0
2026-09-25,61750,2026-10-02,put,mini,6,0.3155,7,94.0
2026-09-25,61875,2026-10-02,put,mini,3,0.3085,7,95.0
2026-09-25,62000,2026-10-02,put,mini,190,0.3103,7,108.0
2026-09-25,62250,2026-10-02,put,mini,50,0.3095,7,131.0
2026-09-25,62375,2026-10-02,put,mini,4,0.3017,7,132.0
2026-09-25,62500,2026-10-02,put,mini,150,0.3041,7,150.0
2026-09-25,62750,2026-10-02,put,mini,1,0.2929,7,161.0
2026-09-25,63000,2026-10-02,put,mini,678,0.3016,7,214.0
2026-09-25,63250,2026-10-02,put,mini,52,0.2966,7,245.0
2026-09-25,63375,2026-10-02,put,mini,2,0.3118,7,305.0
2026-09-25,63500,2026-10-02,put,mini,109,0.3016,7,305.0
2026-09-25,63750,2026-10-02,put,mini,112,0.3014,7,360.0
2026-09-25,64000,2026-10-02,put,mini,292,0.3039,7,430.0
2026-09-25,64125,2026-10-02,put,mini,1,0.2991,7,450.0
2026-09-25,64250,2026-10-02,put,mini,106,0.3085,7,515.0
2026-09-25,64375,2026-10-02,put,mini,1,0.3074,7,550.0
2026-09-25,64500,2026-10-02,put,mini,156,0.301,7,570.0
2026-09-25,64625,2026-10-02,put,mini,1,0.3018,7,615.0
2026-09-25,64750,2026-10-02,put,mini,134,0.299,7,650.0
2026-09-25,65000,2026-10-02,put,mini,111,0.3061,7,770.0
2026-09-25,65250,2026-10-02,put,mini,8,0.3062,7,875.0
2026-09-25,65375,2026-10-02,put,mini,1,0.3144,7,960.0
2026-09-25,65500,2026-10-02,put,mini,70,0.308,7,995.0
2026-09-25,65750,2026-10-02,put,mini,4,0.3114,7,1130.0
2026-09-25,66000,2026-10-02,put,mini,21,0.322,7,1300.0
2026-09-25,66250,2026-10-02,put,mini,12,0.3193,7,1430.0
2026-09-25,66500,2026-10-02,put,mini,4,0.3438,7,1665.0
2026-09-25,66750,2026-10-02,put,mini,10,0.3482,7,1835.0
2026-09-25,67000,2026-10-02,put,mini,7,0.3478,7,1995.0
2026-09-25,62250,2026-10-07,put,mini,4,0.3119,12,320.0
2026-09-25,62375,2026-10-07,put,mini,3,0.3094,12,335.0
2026-09-25,64750,2026-10-07,put,mini,4,0.2988,12,965.0
2026-09-25,58375,2026-10-09,put,mini,332,0.3666,14,90.0
2026-09-25,58500,2026-10-09,put,mini,518,0.3644,14,94.0
2026-09-25,58625,2026-10-09,put,mini,4,0.3636,14,100.0
2026-09-25,58750,2026-10-09,put,mini,92,0.3597,14,102.0
2026-09-25,58875,2026-10-09,put,mini,3,0.3571,14,106.0
2026-09-25,59000,2026-10-09,put,mini,445,0.3572,14,114.0
2026-09-25,59125,2026-10-09,put,mini,114,0.3517,14,114.0
2026-09-25,59250,2026-10-09,put,mini,22,0.3514,14,122.0
2026-09-25,59375,2026-10-09,put,mini,2,0.3483,14,126.0
2026-09-25,59500,2026-10-09,put,mini,156,0.3511,14,140.0
2026-09-25,59625,2026-10-09,put,mini,139,0.3448,14,139.0
2026-09-25,59750,2026-10-09,put,mini,68,0.3425,14,145.0
2026-09-25,59875,2026-10-09,put,mini,2,0.3406,14,152.0
2026-09-25,60000,2026-10-09,put,mini,869,0.3411,14,164.0
2026-09-25,60125,2026-10-09,put,mini,163,0.3347,14,163.0
2026-09-25,60250,2026-10-09,put,mini,19,0.3353,14,176.0
2026-09-25,60375,2026-10-09,put,mini,1,0.3327,14,183.0
2026-09-25,60500,2026-10-09,put,mini,159,0.3318,14,194.0
2026-09-25,60625,2026-10-09,put,mini,4,0.3297,14,203.0
2026-09-25,60750,2026-10-09,put,mini,52,0.3301,14,218.0
2026-09-25,60875,2026-10-09,put,mini,3,0.3264,14,224.0
2026-09-25,61000,2026-10-09,put,mini,335,0.3282,14,244.0
2026-09-25,61125,2026-10-09,put,mini,7,0.3234,14,248.0
2026-09-25,61250,2026-10-09,put,mini,294,0.3223,14,262.0
2026-09-25,61375,2026-10-09,put,mini,1,0.3184,14,269.0
2026-09-25,61500,2026-10-09,put,mini,105,0.3198,14,291.0
2026-09-25,61625,2026-10-09,put,mini,1,0.3155,14,298.0
2026-09-25,61750,2026-10-09,put,mini,24,0.3163,14,320.0
2026-09-25,61875,2026-10-09,put,mini,4,0.3144,14,335.0
2026-09-25,62000,2026-10-09,put,mini,389,0.3186,14,370.0
2026-09-25,62125,2026-10-09,put,mini,370,0.3115,14,370.0
2026-09-25,62250,2026-10-09,put,mini,10,0.3119,14,395.0
2026-09-25,62375,2026-10-09,put,mini,4,0.3105,14,415.0
2026-09-25,62500,2026-10-09,put,mini,729,0.3131,14,450.0
2026-09-25,62625,2026-10-09,put,mini,460,0.3084,14,460.0
2026-09-25,62750,2026-10-09,put,mini,906,0.3076,14,485.0
2026-09-25,62875,2026-10-09,put,mini,3,0.3065,14,510.0
2026-09-25,63000,2026-10-09,put,mini,492,0.3078,14,545.0
2026-09-25,63125,2026-10-09,put,mini,565,0.3048,14,565.0
2026-09-25,63250,2026-10-09,put,mini,157,0.3078,14,610.0
2026-09-25,63375,2026-10-09,put,mini,2,0.3032,14,625.0
2026-09-25,63500,2026-10-09,put,mini,93,0.3101,14,690.0
2026-09-25,63625,2026-10-09,put,mini,2,0.3015,14,690.0
2026-09-25,63750,2026-10-09,put,mini,89,0.302,14,730.0
2026-09-25,63875,2026-10-09,put,mini,6,0.3009,14,765.0
2026-09-25,64000,2026-10-09,put,mini,707,0.3007,14,805.0
2026-09-25,64125,2026-10-09,put,mini,1,0.3002,14,845.0
2026-09-25,64250,2026-10-09,put,mini,394,0.3057,14,915.0
2026-09-25,64375,2026-10-09,put,mini,930,0.2992,14,930.0
2026-09-25,64500,2026-10-09,put,mini,237,0.304,14,1000.0
2026-09-25,64625,2026-10-09,put,mini,3,0.2981,14,1020.0
2026-09-25,64750,2026-10-09,put,mini,116,0.3001,14,1080.0
2026-09-25,64875,2026-10-09,put,mini,2,0.2977,14,1120.0
2026-09-25,65000,2026-10-09,put,mini,293,0.306,14,1215.0
2026-09-25,65125,2026-10-09,put,mini,1230,0.2981,14,1230.0
2026-09-25,65250,2026-10-09,put,mini,11,0.3007,14,1300.0
2026-09-25,65375,2026-10-09,put,mini,1,0.2991,14,1350.0
2026-09-25,65500,2026-10-09,put,mini,73,0.3011,14,1420.0
2026-09-25,65625,2026-10-09,put,mini,1455,0.2959,14,1455.0
2026-09-25,65750,2026-10-09,put,mini,82,0.3002,14,1540.0
2026-09-25,65875,2026-10-09,put,mini,1590,0.2973,14,1590.0
2026-09-25,66000,2026-10-09,put,mini,120,0.3,14,1670.0
2026-09-25,66125,2026-10-09,put,mini,1740,0.3004,14,1740.0
2026-09-25,66250,2026-10-09,put,mini,17,0.2985,14,1800.0
2026-09-25,66375,2026-10-09,put,mini,1870,0.2983,14,1870.0
2026-09-25,66500,2026-10-09,put,mini,40,0.3046,14,1975.0
2026-09-25,66625,2026-10-09,put,mini,1,0.2999,14,2025.0
2026-09-25,66750,2026-10-09,put,mini,21,0.3027,14,2115.0
2026-09-25,66875,2026-10-09,put,mini,2190,0.3023,14,2190.0
2026-09-25,67000,2026-10-09,put,mini,103,0.3046,14,2280.0
2026-09-25,67125,2026-10-09,put,mini,1,0.3066,14,2370.0
2026-09-25,67250,2026-10-09,put,mini,134,0.3084,14,2460.0
2026-09-25,67375,2026-10-09,put,mini,2545,0.3088,14,2545.0
2026-09-25,67500,2026-10-09,put,mini,43,0.3122,14,2645.0
2026-09-25,67750,2026-10-09,put,mini,53,0.3161,14,2835.0
2026-09-25,68000,2026-10-09,put,mini,83,0.3201,14,3030.0
2026-09-25,68250,2026-10-09,put,mini,59,0.3256,14,3235.0
2026-09-25,68500,2026-10-09,put,mini,29,0.3302,14,3440.0
2026-09-25,68750,2026-10-09,put,mini,93,0.3365,14,3655.0
2026-09-25,69000,2026-10-09,put,mini,124,0.3421,14,3870.0
2026-09-25,69250,2026-10-09,put,mini,9,0.3483,14,4090.0
2026-09-25,69500,2026-10-09,put,mini,2,0.3552,14,4315.0
2026-09-25,69750,2026-10-09,put,mini,5,0.363,14,4545.0
2026-09-25,70000,2026-10-09,put,mini,10,0.3704,14,4775.0
2026-09-25,70250,2026-10-09,put,mini,35,0.3773,14,5005.0
2026-09-25,70500,2026-10-09,put,mini,1,0.3867,14,5245.0
2026-09-25,71000,2026-10-09,put,mini,6,0.4032,14,5720.0
2026-09-25,71250,2026-10-09,put,mini,5960,0.4118,14,5960.0
2026-09-25,71375,2026-10-09,put,mini,6080,0.416,14,6080.0
2026-09-25,71500,2026-10-09,put,mini,6200,0.4202,14,6200.0
2026-09-25,71750,2026-10-09,put,mini,907,0.4299,14,6445.0
2026-09-25,72000,2026-10-09,put,mini,6685,0.4377,14,6685.0
2026-09-25,72250,2026-10-09,put,mini,2,0.4471,14,6930.0
2026-09-25,64750,2026-10-14,put,mini,2,0.2933,19,1285.0
2026-09-25,61250,2026-10-16,put,mini,1,0.3143,21,445.0
2026-09-25,63750,2026-10-16,put,mini,4,0.2946,21,995.0
2026-09-25,64750,2026-10-16,put,mini,2,0.2913,21,1360.0
2026-09-25,65000,2026-10-16,put,mini,4,0.2906,21,1465.0
2026-09-25,66750,2026-10-16,put,mini,4,0.2951,21,2410.0
2026-09-25,60500,2026-10-21,put,mini,5,0.3115,26,435.0
2026-09-25,66750,2026-10-23,put,mini,4,0.2857,28,2625.0
2026-09-25,60500,2026-11-13,put,mini,169,0.2949,49,860.0
2026-09-25,60625,2026-11-13,put,mini,85,0.2963,49,900.0
2026-09-25,60750,2026-11-13,put,mini,4,0.2919,49,900.0
2026-09-25,60875,2026-11-13,put,mini,960,0.296,49,960.0
2026-09-25,61000,2026-11-13,put,mini,54,0.2901,49,950.0
2026-09-25,61250,2026-11-13,put,mini,673,0.2907,49,1020.0
2026-09-25,61375,2026-11-13,put,mini,1,0.2921,49,1065.0
2026-09-25,61500,2026-11-13,put,mini,19,0.2902,49,1085.0
2026-09-25,61625,2026-11-13,put,mini,1,0.2881,49,1105.0
2026-09-25,61750,2026-11-13,put,mini,3,0.288,49,1140.0
2026-09-25,61875,2026-11-13,put,mini,1160,0.2858,49,1160.0
2026-09-25,62000,2026-11-13,put,mini,34,0.2861,49,1200.0
2026-09-25,62250,2026-11-13,put,mini,1,0.2857,49,1275.0
2026-09-25,62375,2026-11-13,put,mini,5,0.2845,49,1305.0
2026-09-25,62500,2026-11-13,put,mini,32,0.2844,49,1345.0
2026-09-25,62750,2026-11-13,put,mini,160,0.2844,49,1430.0
2026-09-25,62875,2026-11-13,put,mini,1,0.2834,49,1465.0
2026-09-25,63000,2026-11-13,put,mini,337,0.2829,49,1505.0
2026-09-25,63125,2026-11-13,put,mini,1,0.28,49,1525.0
2026-09-25,63250,2026-11-13,put,mini,291,0.2816,49,1585.0
2026-09-25,63375,2026-11-13,put,mini,1615,0.2797,49,1615.0
2026-09-25,63500,2026-11-13,put,mini,94,0.2805,49,1670.0
2026-09-25,63625,2026-11-13,put,mini,1,0.2801,49,1715.0
2026-09-25,63750,2026-11-13,put,mini,132,0.2795,49,1760.0
2026-09-25,64000,2026-11-13,put,mini,667,0.2782,49,1850.0
2026-09-25,64250,2026-11-13,put,mini,650,0.2776,49,1950.0
2026-09-25,64375,2026-11-13,put,mini,1,0.2777,49,2005.0
2026-09-25,64500,2026-11-13,put,mini,182,0.2772,49,2055.0
2026-09-25,64750,2026-11-13,put,mini,196,0.2763,49,2160.0
2026-09-25,65000,2026-11-13,put,mini,244,0.2761,49,2275.0
2026-09-25,65250,2026-11-13,put,mini,48,0.2756,49,2390.0
2026-09-25,65375,2026-11-13,put,mini,1,0.2759,49,2455.0
2026-09-25,65500,2026-11-13,put,mini,48,0.2751,49,2510.0
2026-09-25,65750,2026-11-13,put,mini,13,0.2743,49,2630.0
2026-09-25,66000,2026-11-13,put,mini,9,0.2746,49,2765.0
2026-09-25,66250,2026-11-13,put,mini,7,0.2741,49,2895.0
2026-09-25,66375,2026-11-13,put,mini,2955,0.2731,49,2955.0
2026-09-25,66500,2026-11-13,put,mini,4,0.2731,49,3025.0
2026-09-25,66750,2026-11-13,put,mini,3180,0.2744,49,3180.0
2026-09-25,66875,2026-11-13,put,mini,3245,0.2736,49,3245.0
2026-09-25,67000,2026-11-13,put,mini,2,0.2732,49,3315.0
2026-09-25,67250,2026-11-13,put,mini,6,0.2747,49,3480.0
2026-09-25,67500,2026-11-13,put,mini,1,0.2754,49,3640.0
2026-09-25,67750,2026-11-13,put,mini,3,0.2763,49,3805.0
2026-09-25,68000,2026-11-13,put,mini,4,0.2757,49,3960.0
2026-09-25,70000,2026-11-13,put,mini,5425,0.2836,49,5425.0
2026-09-25,70250,2026-11-13,call,mini,200,0.7732,49,5620.0
2026-09-25,71000,2026-11-13,call,mini,2,0.8653,49,6240.0
2026-09-25,71500,2026-11-13,call,mini,1,0.9269,49,6660.0
2026-09-25,72000,2026-11-13,call,mini,17,0.9893,49,7090.0
2026-09-25,72250,2026-11-13,call,mini,2,1.0204,49,7305.0
2026-09-25,60500,2026-12-11,call,mini,21,0.2,77,1295.0
2026-09-25,60750,2026-12-11,call,mini,1,0.2,77,1355.0
2026-09-25,61000,2026-12-11,call,mini,3,0.2,77,1380.0
2026-09-25,61500,2026-12-11,call,mini,1,0.2,77,1525.0
2026-09-25,61750,2026-12-11,call,mini,4,0.2,77,1585.0
2026-09-25,62000,2026-12-11,call,mini,4,0.2,77,1670.0
2026-09-25,62250,2026-12-11,call,mini,1,0.2,77,1730.0
2026-09-25,62500,2026-12-11,call,mini,3,0.2,77,1810.0
2026-09-25,63000,2026-12-11,call,mini,1,0.2,77,1970.0
2026-09-25,64000,2026-12-11,call,mini,7,0.1076,77,2350.0
2026-09-25,64250,2026-12-11,call,mini,6,0.1335,77,2460.0
2026-09-25,65000,2026-12-11,call,mini,1,0.199,77,2785.0
2026-09-25,65250,2026-12-11,call,mini,6,0.2196,77,2900.0
2026-09-25,65500,2026-12-11,call,mini,6,0.2405,77,3025.0
2026-09-25,67250,2026-12-11,call,mini,12,0.383,77,3955.0
2026-09-25,64000,2026-09-30,call,mini,1615,0.2,5,1615.0
2026-09-25,64750,2026-09-30,call,mini,4,0.1196,5,1065.0
2026-09-25,69000,2026-09-30,call,mini,34,0.2411,5,34.0
2026-09-25,63500,2026-10-02,call,mini,2055,0.2,7,2055.0
2026-09-25,63750,2026-10-02,call,mini,4,0.2,7,1860.0
2026-09-25,64250,2026-10-02,call,mini,1515,0.0939,7,1515.0
2026-09-25,64500,2026-10-02,call,mini,1,0.1208,7,1320.0
2026-09-25,64750,2026-10-02,call,mini,6,0.1376,7,1150.0
2026-09-25,65000,2026-10-02,call,mini,22,0.1568,7,1020.0
2026-09-25,65250,2026-10-02,call,mini,1,0.1631,7,875.0
2026-09-25,65500,2026-10-02,call,mini,4,0.1684,7,745.0
2026-09-25,65750,2026-10-02,call,mini,9,0.1731,7,630.0
2026-09-25,66000,2026-10-02,call,mini,58,0.1832,7,550.0
2026-09-25,66250,2026-10-02,call,mini,2,0.1779,7,430.0
2026-09-25,66500,2026-10-02,call,mini,76,0.189,7,380.0
2026-09-25,66750,2026-10-02,call,mini,54,0.1988,7,335.0
2026-09-25,67000,2026-10-02,call,mini,82,0.1898,7,243.0
2026-09-25,67125,2026-10-02,call,mini,1,0.1964,7,233.0
2026-09-25,67250,2026-10-02,call,mini,54,0.193,7,198.0
2026-09-25,67500,2026-10-02,call,mini,71,0.2009,7,172.0
2026-09-25,68000,2026-10-02,call,mini,150,0.2098,7,119.0
2026-09-25,68250,2026-10-02,call,mini,90,0.203,7,81.0
2026-09-25,68500,2026-10-02,call,mini,61,0.2068,7,66.0
2026-09-25,68750,2026-10-02,call,mini,56,0.2125,7,56.0
2026-09-25,69000,2026-10-02,call,mini,109,0.2155,7,45.0
2026-09-25,69125,2026-10-02,call,mini,4,0.2187,7,42.0
2026-09-25,69250,2026-10-02,call,mini,46,0.2194,7,37.0
2026-09-25,69375,2026-10-02,call,mini,50,0.2182,7,31.0
2026-09-25,64750,2026-10-07,call,mini,4,0.1874,12,1475.0
2026-09-25,58375,2026-10-09,call,mini,6,0.2,14,7060.0
2026-09-25,58500,2026-10-09,call,mini,42,0.2,14,6900.0
2026-09-25,59000,2026-10-09,call,mini,6425,0.2,14,6425.0
2026-09-25,59250,2026-10-09,call,mini,6190,0.2,14,6190.0
2026-09-25,59500,2026-10-09,call,mini,5,0.2,14,5955.0
2026-09-25,59750,2026-10-09,call,mini,3,0.2,14,5725.0
2026-09-25,60000,2026-10-09,call,mini,15,0.2,14,5465.0
2026-09-25,60250,2026-10-09,call,mini,5265,0.2,14,5265.0
2026-09-25,60500,2026-10-09,call,mini,37,0.2,14,5035.0
2026-09-25,60750,2026-10-09,call,mini,4805,0.2,14,4805.0
2026-09-25,61000,2026-10-09,call,mini,75,0.2,14,4580.0
2026-09-25,61125,2026-10-09,call,mini,8,0.2,14,4460.0
2026-09-25,61250,2026-10-09,call,mini,619,0.2,14,4350.0
2026-09-25,61500,2026-10-09,call,mini,9,0.2,14,4125.0
2026-09-25,61750,2026-10-09,call,mini,3910,0.2,14,3910.0
2026-09-25,61875,2026-10-09,call,mini,3800,0.2,14,3800.0
2026-09-25,62000,2026-10-09,call,mini,9,0.2,14,3690.0
2026-09-25,62250,2026-10-09,call,mini,3480,0.2,14,3480.0
2026-09-25,62500,2026-10-09,call,mini,9,0.1395,14,3275.0
2026-09-25,62750,2026-10-09,call,mini,959,0.1639,14,3070.0
2026-09-25,62875,2026-10-09,call,mini,1,0.1715,14,2970.0
2026-09-25,63000,2026-10-09,call,mini,150,0.177,14,2870.0
2026-09-25,63250,2026-10-09,call,mini,136,0.1874,14,2680.0
2026-09-25,63375,2026-10-09,call,mini,2,0.1909,14,2585.0
2026-09-25,63500,2026-10-09,call,mini,66,0.1934,14,2490.0
2026-09-25,63750,2026-10-09,call,mini,73,0.199,14,2310.0
2026-09-25,63875,2026-10-09,call,mini,5,0.2007,14,2220.0
2026-09-25,64000,2026-10-09,call,mini,411,0.1981,14,2115.0
2026-09-25,64125,2026-10-09,call,mini,1,0.2036,14,2045.0
2026-09-25,64250,2026-10-09,call,mini,369,0.206,14,1965.0
2026-09-25,64375,2026-10-09,call,mini,1890,0.2088,14,1890.0
2026-09-25,64500,2026-10-09,call,mini,118,0.2089,14,1805.0
2026-09-25,64625,2026-10-09,call,mini,1,0.2096,14,1725.0
2026-09-25,64750,2026-10-09,call,mini,108,0.2076,14,1635.0
2026-09-25,64875,2026-10-09,call,mini,1,0.2115,14,1575.0
2026-09-25,65000,2026-10-09,call,mini,221,0.1996,14,1440.0
2026-09-25,65125,2026-10-09,call,mini,4,0.2106,14,1420.0
2026-09-25,65250,2026-10-09,call,mini,13,0.209,14,1340.0
2026-09-25,65375,2026-10-09,call,mini,1280,0.2109,14,1280.0
2026-09-25,65500,2026-10-09,call,mini,175,0.2074,14,1195.0
2026-09-25,65625,2026-10-09,call,mini,1,0.2133,14,1160.0
2026-09-25,65750,2026-10-09,call,mini,15,0.2119,14,1090.0
2026-09-25,65875,2026-10-09,call,mini,1035,0.2129,14,1035.0
2026-09-25,66000,2026-10-09,call,mini,408,0.2135,14,980.0
2026-09-25,66125,2026-10-09,call,mini,935,0.2156,14,935.0
2026-09-25,66250,2026-10-09,call,mini,10,0.2144,14,875.0
2026-09-25,66375,2026-10-09,call,mini,835,0.2167,14,835.0
2026-09-25,66500,2026-10-09,call,mini,79,0.2136,14,770.0
2026-09-25,66625,2026-10-09,call,mini,745,0.2181,14,745.0
2026-09-25,66750,2026-10-09,call,mini,27,0.2171,14,695.0
2026-09-25,66875,2026-10-09,call,mini,660,0.2188,14,660.0
2026-09-25,67000,2026-10-09,call,mini,458,0.2212,14,630.0
2026-09-25,67125,2026-10-09,call,mini,6,0.2201,14,585.0
2026-09-25,67250,2026-10-09,call,mini,65,0.2173,14,535.0
2026-09-25,67375,2026-10-09,call,mini,2,0.2208,14,515.0
2026-09-25,67500,2026-10-09,call,mini,264,0.2217,14,485.0
2026-09-25,67625,2026-10-09,call,mini,1,0.2223,14,455.0
2026-09-25,67750,2026-10-09,call,mini,39,0.2225,14,425.0
2026-09-25,67875,2026-10-09,call,mini,400,0.2235,14,400.0
2026-09-25,68000,2026-10-09,call,mini,702,0.2203,14,360.0
2026-09-25,68125,2026-10-09,call,mini,1,0.2245,14,350.0
2026-09-25,68250,2026-10-09,call,mini,130,0.223,14,320.0
2026-09-25,68375,2026-10-09,call,mini,305,0.2254,14,305.0
2026-09-25,68500,2026-10-09,call,mini,265,0.2233,14,276.0
2026-09-25,68625,2026-10-09,call,mini,2,0.2259,14,264.0
2026-09-25,68750,2026-10-09,call,mini,99,0.2261,14,245.0
2026-09-25,68875,2026-10-09,call,mini,1,0.2275,14,231.0
2026-09-25,69000,2026-10-09,call,mini,513,0.226,14,209.0
2026-09-25,69125,2026-10-09,call,mini,1,0.2282,14,199.0
2026-09-25,69250,2026-10-09,call,mini,44,0.2286,14,185.0
2026-09-25,69375,2026-10-09,call,mini,173,0.2296,14,173.0
2026-09-25,69500,2026-10-09,call,mini,155,0.229,14,158.0
2026-09-25,69625,2026-10-09,call,mini,1,0.2305,14,149.0
2026-09-25,69750,2026-10-09,call,mini,15,0.2309,14,138.0
2026-09-25,69875,2026-10-09,call,mini,129,0.2319,14,129.0
2026-09-25,70000,2026-10-09,call,mini,690,0.2292,14,113.0
2026-09-25,70125,2026-10-09,call,mini,4,0.233,14,111.0
2026-09-25,70250,2026-10-09,call,mini,40,0.2331,14,102.0
2026-09-25,70375,2026-10-09,call,mini,3,0.2345,14,96.0
2026-09-25,70500,2026-10-09,call,mini,109,0.2333,14,86.0
2026-09-25,70625,2026-10-09,call,mini,1,0.2329,14,78.0
2026-09-25,70750,2026-10-09,call,mini,21,0.2347,14,74.0
2026-09-25,71000,2026-10-09,call,mini,321,0.2356,14,63.0
2026-09-25,71125,2026-10-09,call,mini,3,0.2376,14,60.0
2026-09-25,71250,2026-10-09,call,mini,26,0.2353,14,52.0
2026-09-25,71500,2026-10-09,call,mini,132,0.2381,14,46.0
2026-09-25,71625,2026-10-09,call,mini,2,0.2392,14,43.0
2026-09-25,71750,2026-10-09,call,mini,961,0.2401,14,40.0
2026-09-25,71875,2026-10-09,call,mini,38,0.2419,14,38.0
2026-09-25,72000,2026-10-09,call,mini,493,0.24,14,33.0
2026-09-25,72125,2026-10-09,call,mini,4,0.2413,14,31.0
2026-09-25,72250,2026-10-09,call,mini,182,0.2411,14,28.0
2026-09-25,64750,2026-10-14,call,mini,2,0.2103,19,1815.0
2026-09-25,63750,2026-10-16,call,mini,4,0.2068,21,2525.0
2026-09-25,64750,2026-10-16,call,mini,2,0.2127,21,1890.0
2026-09-25,65000,2026-10-16,call,mini,4,0.2132,21,1745.0
2026-09-25,66750,2026-10-16,call,mini,4,0.2187,21,945.0
2026-09-25,69375,2026-10-16,call,mini,1,0.2269,21,315.0
2026-09-25,66750,2026-10-23,call,mini,4,0.2219,28,1175.0
2026-09-25,61000,2026-11-13,call,mini,5290,0.2279,49,5290.0
2026-09-25,61250,2026-11-13,call,mini,215,0.2286,49,5095.0
2026-09-25,61500,2026-11-13,call,mini,3,0.2294,49,4905.0
2026-09-25,62000,2026-11-13,call,mini,4,0.2308,49,4535.0
2026-09-25,62500,2026-11-13,call,mini,4170,0.2306,49,4170.0
2026-09-25,62750,2026-11-13,call,mini,32,0.232,49,4005.0
2026-09-25,63000,2026-11-13,call,mini,312,0.231,49,3825.0
2026-09-25,63250,2026-11-13,call,mini,280,0.2313,49,3660.0
2026-09-25,63500,2026-11-13,call,mini,71,0.2311,49,3495.0
2026-09-25,63750,2026-11-13,call,mini,144,0.2309,49,3335.0
2026-09-25,64000,2026-11-13,call,mini,666,0.2309,49,3180.0
2026-09-25,64250,2026-11-13,call,mini,708,0.2309,49,3030.0
2026-09-25,64500,2026-11-13,call,mini,188,0.2304,49,2880.0
2026-09-25,64750,2026-11-13,call,mini,227,0.23,49,2735.0
2026-09-25,64875,2026-11-13,call,mini,2675,0.231,49,2675.0
2026-09-25,65000,2026-11-13,call,mini,196,0.2297,49,2595.0
2026-09-25,65125,2026-11-13,call,mini,2,0.2309,49,2540.0
2026-09-25,65250,2026-11-13,call,mini,26,0.2299,49,2465.0
2026-09-25,65500,2026-11-13,call,mini,91,0.2302,49,2340.0
2026-09-25,65625,2026-11-13,call,mini,2275,0.2299,49,2275.0
2026-09-25,65750,2026-11-13,call,mini,17,0.2295,49,2210.0
2026-09-25,65875,2026-11-13,call,mini,2145,0.229,49,2145.0
2026-09-25,66000,2026-11-13,call,mini,28,0.2299,49,2095.0
2026-09-25,66250,2026-11-13,call,mini,4,0.2293,49,1975.0
2026-09-25,66500,2026-11-13,call,mini,25,0.2298,49,1870.0
2026-09-25,66625,2026-11-13,call,mini,3,0.2291,49,1810.0
2026-09-25,66750,2026-11-13,call,mini,28,0.2293,49,1760.0
2026-09-25,67000,2026-11-13,call,mini,51,0.2279,49,1645.0
2026-09-25,67125,2026-11-13,call,mini,6,0.2288,49,1605.0
2026-09-25,67250,2026-11-13,call,mini,78,0.2291,49,1560.0
2026-09-25,67500,2026-11-13,call,mini,27,0.2299,49,1475.0
2026-09-25,67625,2026-11-13,call,mini,20,0.2294,49,1425.0
2026-09-25,67750,2026-11-13,call,mini,35,0.2303,49,1390.0
2026-09-25,68000,2026-11-13,call,mini,86,0.2291,49,1295.0
2026-09-25,68250,2026-11-13,call,mini,67,0.2292,49,1215.0
2026-09-25,68500,2026-11-13,call,mini,51,0.2305,49,1150.0
2026-09-25,68625,2026-11-13,call,mini,1,0.2313,49,1120.0
2026-09-25,68750,2026-11-13,call,mini,81,0.2291,49,1065.0
2026-09-25,69000,2026-11-13,call,mini,79,0.2308,49,1010.0
2026-09-25,69250,2026-11-13,call,mini,7,0.2297,49,935.0
2026-09-25,69375,2026-11-13,call,mini,915,0.2311,49,915.0
2026-09-25,69500,2026-11-13,call,mini,8,0.23,49,875.0
2026-09-25,69750,2026-11-13,call,mini,6,0.2298,49,815.0
2026-09-25,70000,2026-11-13,call,mini,61,0.2319,49,775.0
2026-09-25,70125,2026-11-13,call,mini,6,0.2295,49,730.0
2026-09-25,70250,2026-11-13,call,mini,217,0.2316,49,720.0
2026-09-25,70500,2026-11-13,call,mini,3,0.2316,49,670.0
2026-09-25,70750,2026-11-13,call,mini,2,0.232,49,625.0
2026-09-25,71000,2026-11-13,call,mini,27,0.2326,49,585.0
2026-09-25,71250,2026-11-13,call,mini,1,0.2329,49,545.0
2026-09-25,71500,2026-11-13,call,mini,18,0.2329,49,505.0
2026-09-25,71625,2026-11-13,call,mini,480,0.2318,49,480.0
2026-09-25,71750,2026-11-13,call,mini,21,0.2332,49,470.0
2026-09-25,71875,2026-11-13,call,mini,1,0.2328,49,450.0
2026-09-25,72000,2026-11-13,call,mini,193,0.2332,49,435.0
2026-09-25,72125,2026-11-13,call,mini,1,0.2334,49,420.0
2026-09-25,72250,2026-11-13,call,mini,61,0.2336,49,405.0
2026-09-25,60500,2026-12-11,call,mini,6240,0.2487,77,6240.0
2026-09-25,61000,2026-12-11,call,mini,5825,0.2437,77,5825.0
2026-09-25,63000,2026-12-11,call,mini,2,0.2402,77,4425.0
2026-09-25,63500,2026-12-11,call,mini,1,0.2391,77,4105.0
2026-09-25,63750,2026-12-11,call,mini,6,0.2395,77,3960.0
2026-09-25,64000,2026-12-11,call,mini,6,0.2387,77,3805.0
2026-09-25,64500,2026-12-11,call,mini,3515,0.238,77,3515.0
2026-09-25,64750,2026-12-11,call,mini,6,0.2384,77,3385.0
2026-09-25,65000,2026-12-11,call,mini,10,0.2378,77,3245.0
2026-09-25,65125,2026-12-11,call,mini,1,0.2377,77,3180.0
2026-09-25,65250,2026-12-11,call,mini,1,0.2372,77,3110.0
2026-09-25,65500,2026-12-11,call,mini,7,0.2372,77,2985.0
2026-09-25,65750,2026-12-11,call,mini,4,0.2369,77,2860.0
2026-09-25,66000,2026-12-11,call,mini,6,0.2355,77,2725.0
2026-09-25,66250,2026-12-11,call,mini,13,0.2351,77,2605.0
2026-09-25,66500,2026-12-11,call,mini,1,0.2351,77,2495.0
2026-09-25,66750,2026-12-11,call,mini,13,0.2345,77,2380.0
2026-09-25,67000,2026-12-11,call,mini,15,0.2345,77,2275.0
2026-09-25,67125,2026-12-11,call,mini,4,0.2345,77,2225.0
2026-09-25,67250,2026-12-11,call,mini,3,0.2345,77,2175.0
2026-09-25,67375,2026-12-11,call,mini,1,0.2341,77,2120.0
2026-09-25,67500,2026-12-11,call,mini,2,0.2343,77,2075.0
2026-09-25,67750,2026-12-11,call,mini,9,0.2339,77,1975.0
2026-09-25,68000,2026-12-11,call,mini,11,0.2331,77,1875.0
2026-09-25,68250,2026-12-11,call,mini,4,0.2333,77,1790.0
