date,strike,expiry,type,product,oi,iv,days_to_expiry,settlement
2026-08-18,20000,2026-09-10,put,regular,1437,1.4131,23,1.0
2026-08-18,21000,2026-09-10,put,regular,252,1.3579,23,1.0
2026-08-18,22000,2026-09-10,put,regular,426,1.3053,23,1.0
2026-08-18,23000,2026-09-10,put,regular,210,1.255,23,1.0
2026-08-18,24000,2026-09-10,put,regular,142,1.2069,23,1.0
2026-08-18,25000,2026-09-10,put,regular,3925,1.1608,23,1.0
2026-08-18,26000,2026-09-10,put,regular,168,1.1165,23,1.0
2026-08-18,27000,2026-09-10,put,regular,98,1.0739,23,1.0
2026-08-18,27250,2026-09-10,put,regular,1,1.0635,23,1.0
2026-08-18,27500,2026-09-10,put,regular,7,1.0531,23,1.0
2026-08-18,27750,2026-09-10,put,regular,1,1.0429,23,1.0
2026-08-18,28000,2026-09-10,put,regular,33,1.0328,23,1.0
2026-08-18,28250,2026-09-10,put,regular,1,1.0228,23,1.0
2026-08-18,28500,2026-09-10,put,regular,3,1.0128,23,1.0
2026-08-18,28750,2026-09-10,put,regular,66,1.003,23,1.0
2026-08-18,29000,2026-09-10,put,regular,55,0.9932,23,1.0
2026-08-18,29500,2026-09-10,put,regular,20,0.9739,23,1.0
2026-08-18,29750,2026-09-10,put,regular,2000,0.9643,23,1.0
2026-08-18,30000,2026-09-10,put,regular,6346,1.0052,23,2.0
2026-08-18,30500,2026-09-10,put,regular,86,0.9856,23,2.0
2026-08-18,30750,2026-09-10,put,regular,2,0.976,23,2.0
2026-08-18,31000,2026-09-10,put,regular,210,0.9664,23,2.0
2026-08-18,31500,2026-09-10,put,regular,160,0.9474,23,2.0
2026-08-18,32000,2026-09-10,put,regular,96,0.9287,23,2.0
2026-08-18,32500,2026-09-10,put,regular,13,0.9103,23,2.0
2026-08-18,33000,2026-09-10,put,regular,426,0.9217,23,3.0
2026-08-18,33250,2026-09-10,put,regular,1,0.8833,23,2.0
2026-08-18,33500,2026-09-10,put,regular,2,0.8744,23,2.0
2026-08-18,33750,2026-09-10,put,regular,3,0.8942,23,3.0
2026-08-18,34000,2026-09-10,put,regular,87,0.8852,23,3.0
2026-08-18,34250,2026-09-10,put,regular,1,0.8481,23,2.0
2026-08-18,34500,2026-09-10,put,regular,29,0.8887,23,4.0
2026-08-18,34750,2026-09-10,put,regular,69,0.8796,23,4.0
2026-08-18,35000,2026-09-10,put,regular,4021,0.8878,23,5.0
2026-08-18,35500,2026-09-10,put,regular,8,0.8529,23,4.0
2026-08-18,35750,2026-09-10,put,regular,50,0.8441,23,4.0
2026-08-18,36000,2026-09-10,put,regular,85,0.8354,23,4.0
2026-08-18,36500,2026-09-10,put,regular,32,0.8344,23,5.0
2026-08-18,36750,2026-09-10,put,regular,56,0.8257,23,5.0
2026-08-18,37000,2026-09-10,put,regular,573,0.817,23,5.0
2026-08-18,37500,2026-09-10,put,regular,2,0.7999,23,5.0
2026-08-18,37750,2026-09-10,put,regular,1,0.7914,23,5.0
2026-08-18,38000,2026-09-10,put,regular,928,0.7961,23,6.0
2026-08-18,38500,2026-09-10,put,regular,230,0.7791,23,6.0
2026-08-18,38750,2026-09-10,put,regular,1,0.7707,23,6.0
2026-08-18,39000,2026-09-10,put,regular,276,0.7735,23,7.0
2026-08-18,39250,2026-09-10,put,regular,165,0.7651,23,7.0
2026-08-18,39500,2026-09-10,put,regular,345,0.7665,23,8.0
2026-08-18,39750,2026-09-10,put,regular,3,0.7484,23,7.0
2026-08-18,40000,2026-09-10,put,regular,4761,0.7585,23,9.0
2026-08-18,40250,2026-09-10,put,regular,9000,0.7501,23,9.0
2026-08-18,40500,2026-09-10,put,regular,177,0.7418,23,9.0
2026-08-18,40750,2026-09-10,put,regular,42,0.7335,23,9.0
2026-08-18,41000,2026-09-10,put,regular,929,0.7253,23,9.0
2026-08-18,41250,2026-09-10,put,regular,1,0.7171,23,9.0
2026-08-18,41500,2026-09-10,put,regular,22,0.7165,23,10.0
2026-08-18,42000,2026-09-10,put,regular,2025,0.7071,23,11.0
2026-08-18,42250,2026-09-10,put,regular,21,0.6989,23,11.0
2026-08-18,42500,2026-09-10,put,regular,29,0.6971,23,12.0
2026-08-18,42750,2026-09-10,put,regular,17,0.689,23,12.0
2026-08-18,43000,2026-09-10,put,regular,1041,0.6809,23,12.0
2026-08-18,43250,2026-09-10,put,regular,60,0.6728,23,12.0
2026-08-18,43500,2026-09-10,put,regular,783,0.6705,23,13.0
2026-08-18,43750,2026-09-10,put,regular,14,0.6678,23,14.0
2026-08-18,44000,2026-09-10,put,regular,1441,0.6648,23,15.0
2026-08-18,44250,2026-09-10,put,regular,31,0.6567,23,15.0
2026-08-18,44500,2026-09-10,put,regular,129,0.6487,23,15.0
2026-08-18,44750,2026-09-10,put,regular,14,0.6453,23,16.0
2026-08-18,45000,2026-09-10,put,regular,2433,0.6417,23,17.0
2026-08-18,45250,2026-09-10,put,regular,105,0.6337,23,17.0
2026-08-18,45500,2026-09-10,put,regular,160,0.6299,23,18.0
2026-08-18,45750,2026-09-10,put,regular,60,0.6219,23,18.0
2026-08-18,46000,2026-09-10,put,regular,2061,0.6179,23,19.0
2026-08-18,46250,2026-09-10,put,regular,67,0.6172,23,21.0
2026-08-18,46500,2026-09-10,put,regular,391,0.6092,23,21.0
2026-08-18,46750,2026-09-10,put,regular,27,0.6046,23,22.0
2026-08-18,47000,2026-09-10,put,regular,1088,0.5999,23,23.0
2026-08-18,47250,2026-09-10,put,regular,124,0.592,23,23.0
2026-08-18,47500,2026-09-10,put,regular,1016,0.5871,23,24.0
2026-08-18,47750,2026-09-10,put,regular,92,0.585,23,26.0
2026-08-18,48000,2026-09-10,put,regular,3931,0.5798,23,27.0
2026-08-18,48250,2026-09-10,put,regular,123,0.5771,23,29.0
2026-08-18,48500,2026-09-10,put,regular,751,0.5717,23,30.0
2026-08-18,48750,2026-09-10,put,regular,150,0.5637,23,30.0
2026-08-18,49000,2026-09-10,put,regular,1436,0.5582,23,31.0
2026-08-18,49250,2026-09-10,put,regular,216,0.5525,23,32.0
2026-08-18,49500,2026-09-10,put,regular,202,0.5512,23,35.0
2026-08-18,49750,2026-09-10,put,regular,151,0.5432,23,35.0
2026-08-18,50000,2026-09-10,put,regular,9292,0.5413,23,38.0
2026-08-18,50250,2026-09-10,put,regular,83,0.5334,23,38.0
2026-08-18,50500,2026-09-10,put,regular,1325,0.5273,23,39.0
2026-08-18,50750,2026-09-10,put,regular,171,0.5194,23,39.0
2026-08-18,51000,2026-09-10,put,regular,1591,0.5186,23,43.0
2026-08-18,51250,2026-09-10,put,regular,214,0.5123,23,44.0
2026-08-18,51500,2026-09-10,put,regular,236,0.5076,23,46.0
2026-08-18,51750,2026-09-10,put,regular,48,0.5012,23,47.0
2026-08-18,52000,2026-09-10,put,regular,1904,0.4948,23,48.0
2026-08-18,52250,2026-09-10,put,regular,63,0.4912,23,51.0
2026-08-18,52500,2026-09-10,put,regular,652,0.4874,23,54.0
2026-08-18,52750,2026-09-10,put,regular,26,0.4794,23,54.0
2026-08-18,53000,2026-09-10,put,regular,2531,0.4714,23,54.0
2026-08-18,53250,2026-09-10,put,regular,37,0.4699,23,59.0
2026-08-18,53500,2026-09-10,put,regular,1712,0.4631,23,60.0
2026-08-18,53750,2026-09-10,put,regular,78,0.4586,23,63.0
2026-08-18,54000,2026-09-10,put,regular,2670,0.454,23,66.0
2026-08-18,54250,2026-09-10,put,regular,108,0.4448,23,65.0
2026-08-18,54500,2026-09-10,put,regular,456,0.4462,23,74.0
2026-08-18,54750,2026-09-10,put,regular,293,0.435,23,71.0
2026-08-18,55000,2026-09-10,put,regular,4533,0.4329,23,77.0
2026-08-18,55250,2026-09-10,put,regular,10,0.4266,23,79.0
2026-08-18,55500,2026-09-10,put,regular,795,0.4256,23,87.0
2026-08-18,55750,2026-09-10,put,regular,19,0.4121,23,81.0
2026-08-18,56000,2026-09-10,put,regular,1838,0.4141,23,93.0
2026-08-18,56250,2026-09-10,put,regular,30,0.405,23,92.0
2026-08-18,56500,2026-09-10,put,regular,800,0.4044,23,102.0
2026-08-18,56750,2026-09-10,put,regular,101,0.3953,23,101.0
2026-08-18,57000,2026-09-10,put,regular,2882,0.3947,23,112.0
2026-08-18,57250,2026-09-10,put,regular,49,0.3903,23,118.0
2026-08-18,57500,2026-09-10,put,regular,478,0.3843,23,122.0
2026-08-18,57750,2026-09-10,put,regular,102,0.3733,23,118.0
2026-08-18,58000,2026-09-10,put,regular,1947,0.3745,23,134.0
2026-08-18,58250,2026-09-10,put,regular,217,0.3641,23,131.0
2026-08-18,58500,2026-09-10,put,regular,874,0.3649,23,148.0
2026-08-18,58625,2026-09-10,put,regular,1,0.3568,23,141.0
2026-08-18,58750,2026-09-10,put,regular,94,0.3546,23,145.0
2026-08-18,58875,2026-09-10,put,regular,5,0.3523,23,149.0
2026-08-18,59000,2026-09-10,put,regular,3301,0.355,23,163.0
2026-08-18,59125,2026-09-10,put,regular,17,0.3471,23,156.0
2026-08-18,59250,2026-09-10,put,regular,105,0.3452,23,161.0
2026-08-18,59375,2026-09-10,put,regular,15,0.3445,23,169.0
2026-08-18,59500,2026-09-10,put,regular,873,0.3442,23,178.0
2026-08-18,59625,2026-09-10,put,regular,3,0.337,23,172.0
2026-08-18,59750,2026-09-10,put,regular,49,0.3339,23,175.0
2026-08-18,59875,2026-09-10,put,regular,19,0.3351,23,188.0
2026-08-18,60000,2026-09-10,put,regular,8489,0.3344,23,197.0
2026-08-18,60250,2026-09-10,put,regular,71,0.3244,23,195.0
2026-08-18,60375,2026-09-10,put,regular,2,0.3219,23,200.0
2026-08-18,60500,2026-09-10,put,regular,637,0.3266,23,224.0
2026-08-18,60625,2026-09-10,put,regular,1,0.3177,23,213.0
2026-08-18,60750,2026-09-10,put,regular,146,0.3157,23,220.0
2026-08-18,60875,2026-09-10,put,regular,67,0.3137,23,227.0
2026-08-18,61000,2026-09-10,put,regular,2402,0.3164,23,248.0
2026-08-18,61125,2026-09-10,put,regular,16,0.3067,23,234.0
2026-08-18,61250,2026-09-10,put,regular,6,0.3048,23,242.0
2026-08-18,61500,2026-09-10,put,regular,1528,0.3068,23,277.0
2026-08-18,61625,2026-09-10,put,regular,6,0.2987,23,267.0
2026-08-18,61750,2026-09-10,put,regular,238,0.2967,23,276.0
2026-08-18,61875,2026-09-10,put,regular,57,0.2946,23,285.0
2026-08-18,62000,2026-09-10,put,regular,3010,0.3,23,320.0
2026-08-18,62125,2026-09-10,put,regular,11,0.2906,23,305.0
2026-08-18,62250,2026-09-10,put,regular,91,0.2885,23,315.0
2026-08-18,62375,2026-09-10,put,regular,219,0.2862,23,325.0
2026-08-18,62500,2026-09-10,put,regular,787,0.2866,23,345.0
2026-08-18,62625,2026-09-10,put,regular,10,0.2814,23,345.0
2026-08-18,62750,2026-09-10,put,regular,704,0.2802,23,360.0
2026-08-18,62875,2026-09-10,put,regular,1,0.2776,23,370.0
2026-08-18,63000,2026-09-10,put,regular,3869,0.281,23,405.0
2026-08-18,63125,2026-09-10,put,regular,73,0.2732,23,395.0
2026-08-18,63250,2026-09-10,put,regular,41,0.2715,23,410.0
2026-08-18,63375,2026-09-10,put,regular,58,0.2707,23,430.0
2026-08-18,63500,2026-09-10,put,regular,797,0.2721,23,460.0
2026-08-18,63625,2026-09-10,put,regular,40,0.2665,23,460.0
2026-08-18,63750,2026-09-10,put,regular,23,0.2642,23,475.0
2026-08-18,63875,2026-09-10,put,regular,93,0.265,23,505.0
2026-08-18,64000,2026-09-10,put,regular,2601,0.2635,23,525.0
2026-08-18,64125,2026-09-10,put,regular,25,0.2608,23,540.0
2026-08-18,64250,2026-09-10,put,regular,10,0.2579,23,555.0
2026-08-18,64375,2026-09-10,put,regular,27,0.2559,23,575.0
2026-08-18,64500,2026-09-10,put,regular,649,0.2538,23,595.0
2026-08-18,64625,2026-09-10,put,regular,52,0.2515,23,615.0
2026-08-18,64750,2026-09-10,put,regular,480,0.2491,23,635.0
2026-08-18,64875,2026-09-10,put,regular,11,0.2475,23,660.0
2026-08-18,65000,2026-09-10,put,regular,3641,0.2421,23,665.0
2026-08-18,65250,2026-09-10,put,regular,84,0.2398,23,725.0
2026-08-18,65375,2026-09-10,put,regular,31,0.2376,23,750.0
2026-08-18,65500,2026-09-10,put,regular,797,0.236,23,780.0
2026-08-18,65625,2026-09-10,put,regular,25,0.2333,23,805.0
2026-08-18,65750,2026-09-10,put,regular,696,0.2305,23,830.0
2026-08-18,66000,2026-09-10,put,regular,2329,0.2253,23,885.0
2026-08-18,66125,2026-09-10,put,regular,1170000,0.2236,23,920.0
2026-08-18,66250,2026-09-10,put,regular,22,0.2201,23,945.0
2026-08-18,66500,2026-09-10,put,regular,2231,0.2156,23,1015.0
2026-08-18,66625,2026-09-10,put,regular,18,0.2123,23,1045.0
2026-08-18,66750,2026-09-10,put,regular,149,0.2096,23,1080.0
2026-08-18,67000,2026-09-10,put,regular,2482,0.2027,23,1145.0
2026-08-18,67250,2026-09-10,put,regular,112,0.1979,23,1230.0
2026-08-18,67375,2026-09-10,put,regular,58,0.1947,23,1270.0
2026-08-18,67500,2026-09-10,put,regular,608,0.192,23,1315.0
2026-08-18,67750,2026-09-10,put,regular,256,0.1842,23,1395.0
2026-08-18,68000,2026-09-10,put,regular,2185,0.1782,23,1495.0
2026-08-18,68125,2026-09-10,put,regular,1835000,0.1746,23,1545.0
2026-08-18,68250,2026-09-10,put,regular,110,0.1692,23,1585.0
2026-08-18,68375,2026-09-10,put,regular,1,0.1657,23,1640.0
2026-08-18,68500,2026-09-10,put,regular,153,0.1601,23,1685.0
2026-08-18,68750,2026-09-10,put,regular,47,0.1514,23,1800.0
2026-08-18,69000,2026-09-10,put,regular,1162,0.1375,23,1900.0
2026-08-18,69250,2026-09-10,put,regular,1,0.1242,23,2025.0
2026-08-18,69500,2026-09-10,put,regular,8,0.1028,23,2145.0
2026-08-18,70000,2026-09-10,put,regular,1481,0.2,23,2415.0
2026-08-18,70500,2026-09-10,put,regular,2,0.2,23,2700.0
2026-08-18,71000,2026-09-10,put,regular,100,0.2,23,2995.0
2026-08-18,71250,2026-09-10,put,regular,1,0.2,23,3155.0
2026-08-18,73000,2026-09-10,put,regular,3,0.2,23,4395.0
2026-08-18,77500,2026-09-10,put,regular,4,0.2,23,8325.0
2026-08-18,78000,2026-09-10,put,regular,1,0.2,23,8800.0
2026-08-18,80000,2026-09-10,put,regular,1,0.2,23,10745.0
2026-08-18,85000,2026-09-10,put,regular,5,0.2,23,15705.0
2026-08-18,20000,2026-10-08,put,regular,63,0.9979,51,2.0
2026-08-18,25000,2026-10-08,put,regular,3419,0.8975,51,6.0
2026-08-18,26000,2026-10-08,put,regular,21,0.8635,51,6.0
2026-08-18,27000,2026-10-08,put,regular,3,0.7212,51,1.0
2026-08-18,28000,2026-10-08,put,regular,3,0.73,51,2.0
2026-08-18,29000,2026-10-08,put,regular,4,0.7983,51,9.0
2026-08-18,30000,2026-10-08,put,regular,1430,0.7757,51,10.0
2026-08-18,31000,2026-10-08,put,regular,1,0.6866,51,4.0
2026-08-18,32000,2026-10-08,put,regular,4,0.7363,51,13.0
2026-08-18,33000,2026-10-08,put,regular,2,0.7183,51,15.0
2026-08-18,34000,2026-10-08,put,regular,2,0.7037,51,18.0
2026-08-18,35000,2026-10-08,put,regular,117,0.6838,51,20.0
2026-08-18,36000,2026-10-08,put,regular,1,0.6409,51,16.0
2026-08-18,37000,2026-10-08,put,regular,163,0.6462,51,25.0
2026-08-18,38000,2026-10-08,put,regular,4,0.6042,51,20.0
2026-08-18,39000,2026-10-08,put,regular,101,0.6093,51,31.0
2026-08-18,40000,2026-10-08,put,regular,405,0.5945,51,36.0
2026-08-18,41000,2026-10-08,put,regular,103,0.5585,51,31.0
2026-08-18,42000,2026-10-08,put,regular,114,0.5647,51,48.0
2026-08-18,42750,2026-10-08,put,regular,30,0.5532,51,53.0
2026-08-18,43000,2026-10-08,put,regular,135,0.5483,51,54.0
2026-08-18,43250,2026-10-08,put,regular,15,0.5447,51,56.0
2026-08-18,43500,2026-10-08,put,regular,15,0.5397,51,57.0
2026-08-18,43750,2026-10-08,put,regular,12,0.536,51,59.0
2026-08-18,44000,2026-10-08,put,regular,179,0.5347,51,63.0
2026-08-18,44250,2026-10-08,put,regular,36,0.5284,51,63.0
2026-08-18,44500,2026-10-08,put,regular,1,0.5245,51,65.0
2026-08-18,44750,2026-10-08,put,regular,34,0.5206,51,67.0
2026-08-18,45000,2026-10-08,put,regular,719,0.5187,51,71.0
2026-08-18,45250,2026-10-08,put,regular,28,0.5125,51,71.0
2026-08-18,45500,2026-10-08,put,regular,207,0.5094,51,74.0
2026-08-18,45750,2026-10-08,put,regular,43,0.5052,51,76.0
2026-08-18,46000,2026-10-08,put,regular,256,0.5009,51,78.0
2026-08-18,46250,2026-10-08,put,regular,6,0.4994,51,83.0
2026-08-18,46500,2026-10-08,put,regular,157,0.4932,51,83.0
2026-08-18,46750,2026-10-08,put,regular,131,0.4897,51,86.0
2026-08-18,47000,2026-10-08,put,regular,255,0.4835,51,86.0
2026-08-18,47250,2026-10-08,put,regular,25,0.4824,51,92.0
2026-08-18,47500,2026-10-08,put,regular,50,0.4795,51,96.0
2026-08-18,47750,2026-10-08,put,regular,31,0.474,51,97.0
2026-08-18,48000,2026-10-08,put,regular,520,0.4702,51,100.0
2026-08-18,48250,2026-10-08,put,regular,51,0.4692,51,107.0
2026-08-18,48500,2026-10-08,put,regular,179,0.4707,51,118.0
2026-08-18,48750,2026-10-08,put,regular,23,0.4617,51,114.0
2026-08-18,49000,2026-10-08,put,regular,117,0.4582,51,118.0
2026-08-18,49250,2026-10-08,put,regular,31,0.4526,51,119.0
2026-08-18,49500,2026-10-08,put,regular,26,0.4502,51,125.0
2026-08-18,49750,2026-10-08,put,regular,51,0.4464,51,129.0
2026-08-18,50000,2026-10-08,put,regular,870,0.4414,51,131.0
2026-08-18,50250,2026-10-08,put,regular,46,0.4393,51,138.0
2026-08-18,50500,2026-10-08,put,regular,236,0.4358,51,143.0
2026-08-18,50750,2026-10-08,put,regular,29,0.4318,51,147.0
2026-08-18,51000,2026-10-08,put,regular,286,0.4271,51,150.0
2026-08-18,51250,2026-10-08,put,regular,39,0.4229,51,154.0
2026-08-18,51500,2026-10-08,put,regular,175,0.4207,51,162.0
2026-08-18,51750,2026-10-08,put,regular,60,0.4173,51,168.0
2026-08-18,52000,2026-10-08,put,regular,440,0.4115,51,169.0
2026-08-18,52250,2026-10-08,put,regular,45,0.4075,51,174.0
2026-08-18,52500,2026-10-08,put,regular,152,0.4039,51,180.0
2026-08-18,52750,2026-10-08,put,regular,40,0.402,51,190.0
2026-08-18,53000,2026-10-08,put,regular,1136,0.3982,51,196.0
2026-08-18,53250,2026-10-08,put,regular,4,0.3938,51,201.0
2026-08-18,53500,2026-10-08,put,regular,134,0.3911,51,210.0
2026-08-18,53750,2026-10-08,put,regular,2,0.3854,51,212.0
2026-08-18,54000,2026-10-08,put,regular,409,0.3828,51,222.0
2026-08-18,54250,2026-10-08,put,regular,31,0.3804,51,233.0
2026-08-18,54500,2026-10-08,put,regular,480,0.375,51,236.0
2026-08-18,54750,2026-10-08,put,regular,6,0.3724,51,247.0
2026-08-18,55000,2026-10-08,put,regular,1918,0.3689,51,256.0
2026-08-18,55250,2026-10-08,put,regular,39,0.3646,51,263.0
2026-08-18,55500,2026-10-08,put,regular,252,0.3622,51,276.0
2026-08-18,55750,2026-10-08,put,regular,90,0.3596,51,289.0
2026-08-18,56000,2026-10-08,put,regular,324,0.3559,51,299.0
2026-08-18,56250,2026-10-08,put,regular,14,0.3538,51,315.0
2026-08-18,56500,2026-10-08,put,regular,117,0.3499,51,325.0
2026-08-18,56750,2026-10-08,put,regular,27,0.3472,51,340.0
2026-08-18,57000,2026-10-08,put,regular,381,0.3443,51,355.0
2026-08-18,57250,2026-10-08,put,regular,11,0.3413,51,370.0
2026-08-18,57500,2026-10-08,put,regular,160,0.3368,51,380.0
2026-08-18,57750,2026-10-08,put,regular,31,0.3347,51,400.0
2026-08-18,58000,2026-10-08,put,regular,1587,0.3312,51,415.0
2026-08-18,58250,2026-10-08,put,regular,16,0.3287,51,435.0
2026-08-18,58375,2026-10-08,put,regular,441,0.3262,51,440.0
2026-08-18,58500,2026-10-08,put,regular,22,0.3248,51,450.0
2026-08-18,58625,2026-10-08,put,regular,10,0.3245,51,465.0
2026-08-18,58750,2026-10-08,put,regular,13,0.323,51,475.0
2026-08-18,59000,2026-10-08,put,regular,140,0.3199,51,495.0
2026-08-18,59125,2026-10-08,put,regular,10,0.3173,51,500.0
2026-08-18,59250,2026-10-08,put,regular,42,0.3166,51,515.0
2026-08-18,59500,2026-10-08,put,regular,29,0.3131,51,535.0
2026-08-18,59625,2026-10-08,put,regular,11,0.3113,51,545.0
2026-08-18,59750,2026-10-08,put,regular,3,0.3104,51,560.0
2026-08-18,60000,2026-10-08,put,regular,1641,0.3075,51,585.0
2026-08-18,60250,2026-10-08,put,regular,4,0.3044,51,610.0
2026-08-18,60375,2026-10-08,put,regular,300,0.3032,51,625.0
2026-08-18,60500,2026-10-08,put,regular,134,0.302,51,640.0
2026-08-18,60625,2026-10-08,put,regular,795000,0.3006,51,655.0
2026-08-18,60750,2026-10-08,put,regular,48,0.2993,51,670.0
2026-08-18,60875,2026-10-08,put,regular,7,0.2978,51,685.0
2026-08-18,61000,2026-10-08,put,regular,519,0.2971,51,705.0
2026-08-18,61500,2026-10-08,put,regular,6870000,0.2914,51,770.0
2026-08-18,61750,2026-10-08,put,regular,4305000,0.2885,51,805.0
2026-08-18,61875,2026-10-08,put,regular,6,0.2874,51,825.0
2026-08-18,62000,2026-10-08,put,regular,856,0.2869,51,850.0
2026-08-18,62250,2026-10-08,put,regular,1,0.2835,51,885.0
2026-08-18,62375,2026-10-08,put,regular,6,0.2821,51,905.0
2026-08-18,62500,2026-10-08,put,regular,458,0.2813,51,930.0
2026-08-18,62875,2026-10-08,put,regular,6,0.2758,51,985.0
2026-08-18,63000,2026-10-08,put,regular,116,0.2761,51,1020.0
2026-08-18,63250,2026-10-08,put,regular,3380000,0.2743,51,1075.0
2026-08-18,63500,2026-10-08,put,regular,2,0.2722,51,1130.0
2026-08-18,63625,2026-10-08,put,regular,6,0.2689,51,1140.0
2026-08-18,63875,2026-10-08,put,regular,55,0.2659,51,1190.0
2026-08-18,64000,2026-10-08,put,regular,1305,0.2666,51,1235.0
2026-08-18,64250,2026-10-08,put,regular,7,0.2642,51,1295.0
2026-08-18,64500,2026-10-08,put,regular,232,0.2621,51,1360.0
2026-08-18,64750,2026-10-08,put,regular,1,0.2596,51,1425.0
2026-08-18,65000,2026-10-08,put,regular,1455,0.2569,51,1490.0
2026-08-18,65375,2026-10-08,put,regular,231,0.2513,51,1580.0
2026-08-18,65500,2026-10-08,put,regular,63,0.252,51,1635.0
2026-08-18,66000,2026-10-08,put,regular,11,0.2468,51,1790.0
2026-08-18,66500,2026-10-08,put,regular,34,0.2412,51,1955.0
2026-08-18,66750,2026-10-08,put,regular,9,0.2377,51,2035.0
2026-08-18,67000,2026-10-08,put,regular,501,0.2347,51,2125.0
2026-08-18,67500,2026-10-08,put,regular,39,0.2286,51,2315.0
2026-08-18,67625,2026-10-08,put,regular,6,0.2261,51,2355.0
2026-08-18,67750,2026-10-08,put,regular,9,0.2269,51,2430.0
2026-08-18,68000,2026-10-08,put,regular,536,0.2268,51,2565.0
2026-08-18,68125,2026-10-08,put,regular,4,0.2214,51,2580.0
2026-08-18,68250,2026-10-08,put,regular,8480000,0.2193,51,2630.0
2026-08-18,68500,2026-10-08,put,regular,7,0.2172,51,2755.0
2026-08-18,69000,2026-10-08,put,regular,211,0.2087,51,2975.0
2026-08-18,70000,2026-10-08,put,regular,101,0.1947,51,3510.0
2026-08-18,70500,2026-10-08,put,regular,4140000,0.1839,51,3780.0
2026-08-18,71500,2026-10-08,put,regular,4710000,0.1551,51,4365.0
2026-08-18,72250,2026-10-08,put,regular,10430000,0.1129,51,4845.0
2026-08-18,72500,2026-10-08,put,regular,1,0.2,51,5025.0
2026-08-18,72750,2026-10-08,put,regular,11110000,0.2,51,5225.0
2026-08-18,79000,2026-10-08,put,regular,1,0.2,51,10355.0
2026-08-18,85000,2026-10-08,put,regular,22,0.2,51,16085.0
2026-08-18,25000,2026-11-12,put,regular,63,0.7485,86,14.0
2026-08-18,27000,2026-11-12,put,regular,1,0.7231,86,21.0
2026-08-18,30000,2026-11-12,put,regular,1,0.6302,86,17.0
2026-08-18,35000,2026-11-12,put,regular,2,0.5675,86,38.0
2026-08-18,37000,2026-11-12,put,regular,2,0.5693,86,72.0
2026-08-18,38000,2026-11-12,put,regular,1,0.5557,86,81.0
2026-08-18,40000,2026-11-12,put,regular,100,0.5337,86,108.0
2026-08-18,41000,2026-11-12,put,regular,103,0.5135,86,111.0
2026-08-18,42000,2026-11-12,put,regular,251,0.5036,86,129.0
2026-08-18,43000,2026-11-12,put,regular,137,0.4835,86,132.0
2026-08-18,44000,2026-11-12,put,regular,102,0.4727,86,151.0
2026-08-18,44500,2026-11-12,put,regular,1,0.4665,86,160.0
2026-08-18,44750,2026-11-12,put,regular,1,0.4621,86,162.0
2026-08-18,45000,2026-11-12,put,regular,1,0.4602,86,169.0
2026-08-18,45250,2026-11-12,put,regular,2,0.4686,86,199.0
2026-08-18,45500,2026-11-12,put,regular,2,0.4532,86,177.0
2026-08-18,45750,2026-11-12,put,regular,2,0.4519,86,186.0
2026-08-18,46000,2026-11-12,put,regular,2,0.4483,86,190.0
2026-08-18,46250,2026-11-12,put,regular,2,0.4455,86,196.0
2026-08-18,46500,2026-11-12,put,regular,3,0.4413,86,199.0
2026-08-18,46750,2026-11-12,put,regular,2,0.4384,86,205.0
2026-08-18,47000,2026-11-12,put,regular,102,0.4338,86,207.0
2026-08-18,47250,2026-11-12,put,regular,2,0.4328,86,218.0
2026-08-18,47500,2026-11-12,put,regular,3,0.4334,86,234.0
2026-08-18,47750,2026-11-12,put,regular,2,0.4258,86,228.0
2026-08-18,48000,2026-11-12,put,regular,6,0.4244,86,239.0
2026-08-18,48250,2026-11-12,put,regular,3,0.4211,86,245.0
2026-08-18,48500,2026-11-12,put,regular,3,0.416,86,246.0
2026-08-18,48750,2026-11-12,put,regular,99,0.413,86,253.0
2026-08-18,49000,2026-11-12,put,regular,49,0.4106,86,262.0
2026-08-18,49250,2026-11-12,put,regular,41,0.4084,86,272.0
2026-08-18,49500,2026-11-12,put,regular,218,0.407,86,285.0
2026-08-18,49750,2026-11-12,put,regular,28,0.4031,86,290.0
2026-08-18,50000,2026-11-12,put,regular,248,0.3989,86,294.0
2026-08-18,50250,2026-11-12,put,regular,59,0.3995,86,315.0
2026-08-18,50500,2026-11-12,put,regular,103,0.394,86,315.0
2026-08-18,50750,2026-11-12,put,regular,28,0.3914,86,325.0
2026-08-18,51000,2026-11-12,put,regular,608,0.3886,86,335.0
2026-08-18,51250,2026-11-12,put,regular,40,0.3857,86,345.0
2026-08-18,51500,2026-11-12,put,regular,18,0.3815,86,350.0
2026-08-18,52000,2026-11-12,put,regular,482,0.3792,86,385.0
2026-08-18,52750,2026-11-12,put,regular,2,0.3706,86,420.0
2026-08-18,53000,2026-11-12,put,regular,55,0.365,86,420.0
2026-08-18,53250,2026-11-12,put,regular,15,0.3637,86,440.0
2026-08-18,53500,2026-11-12,put,regular,400,0.3603,86,450.0
2026-08-18,53750,2026-11-12,put,regular,2,0.3567,86,460.0
2026-08-18,54000,2026-11-12,put,regular,100,0.3541,86,475.0
2026-08-18,54250,2026-11-12,put,regular,1,0.3534,86,500.0
2026-08-18,54500,2026-11-12,put,regular,400,0.3515,86,520.0
2026-08-18,54750,2026-11-12,put,regular,1,0.3476,86,530.0
2026-08-18,55000,2026-11-12,put,regular,13,0.3447,86,545.0
2026-08-18,55250,2026-11-12,put,regular,16,0.3433,86,570.0
2026-08-18,55500,2026-11-12,put,regular,150,0.3384,86,575.0
2026-08-18,55750,2026-11-12,put,regular,1,0.3369,86,600.0
2026-08-18,56000,2026-11-12,put,regular,201,0.3344,86,620.0
2026-08-18,56500,2026-11-12,put,regular,45,0.3298,86,665.0
2026-08-18,56750,2026-11-12,put,regular,30,0.3262,86,680.0
2026-08-18,57000,2026-11-12,put,regular,333,0.3233,86,700.0
2026-08-18,57250,2026-11-12,put,regular,13,0.3225,86,735.0
2026-08-18,57500,2026-11-12,put,regular,400,0.3201,86,760.0
2026-08-18,57750,2026-11-12,put,regular,2,0.3175,86,785.0
2026-08-18,58000,2026-11-12,put,regular,236,0.3135,86,800.0
2026-08-18,58250,2026-11-12,put,regular,21,0.3128,86,840.0
2026-08-18,58500,2026-11-12,put,regular,11,0.3105,86,870.0
2026-08-18,59000,2026-11-12,put,regular,136,0.3038,86,915.0
2026-08-18,59500,2026-11-12,put,regular,465,0.302,86,1005.0
2026-08-18,59750,2026-11-12,put,regular,1,0.2985,86,1030.0
2026-08-18,60000,2026-11-12,put,regular,474,0.2973,86,1075.0
2026-08-18,60500,2026-11-12,put,regular,103,0.2919,86,1145.0
2026-08-18,60750,2026-11-12,put,regular,28,0.2918,86,1205.0
2026-08-18,61000,2026-11-12,put,regular,620,0.2893,86,1245.0
2026-08-18,61500,2026-11-12,put,regular,5,0.2854,86,1340.0
2026-08-18,62000,2026-11-12,put,regular,406,0.2803,86,1430.0
2026-08-18,62500,2026-11-12,put,regular,144,0.2775,86,1550.0
2026-08-18,63000,2026-11-12,put,regular,398,0.2731,86,1660.0
2026-08-18,64000,2026-11-12,put,regular,616,0.2651,86,1915.0
2026-08-18,64500,2026-11-12,put,regular,340,0.2607,86,2050.0
2026-08-18,65000,2026-11-12,put,regular,801,0.258,86,2215.0
2026-08-18,66000,2026-11-12,put,regular,270,0.2493,86,2535.0
2026-08-18,67000,2026-11-12,put,regular,870,0.2411,86,2905.0
2026-08-18,67500,2026-11-12,put,regular,4,0.2369,86,3105.0
2026-08-18,68500,2026-11-12,put,regular,478,0.2281,86,3540.0
2026-08-18,69000,2026-11-12,put,regular,450,0.225,86,3795.0
2026-08-18,69500,2026-11-12,put,regular,1,0.2205,86,4045.0
2026-08-18,70000,2026-11-12,put,regular,460,0.2153,86,4300.0
2026-08-18,70750,2026-11-12,put,regular,160,0.2072,86,4710.0
2026-08-18,72500,2026-11-12,put,regular,330,0.1801,86,5730.0
2026-08-18,79500,2026-11-12,put,regular,1,0.2,86,11140.0
2026-08-18,12500,2026-12-10,put,regular,547,0.9715,114,4.0
2026-08-18,13000,2026-12-10,put,regular,4,0.9274,114,3.0
2026-08-18,13500,2026-12-10,put,regular,100,0.8358,114,1.0
2026-08-18,14000,2026-12-10,put,regular,11,0.8589,114,2.0
2026-08-18,14500,2026-12-10,put,regular,1,0.7991,114,1.0
2026-08-18,14750,2026-12-10,put,regular,1,0.7903,114,1.0
2026-08-18,15000,2026-12-10,put,regular,5,0.8217,114,2.0
2026-08-18,16000,2026-12-10,put,regular,3,0.7487,114,1.0
2026-08-18,17000,2026-12-10,put,regular,3,0.7177,114,1.0
2026-08-18,18000,2026-12-10,put,regular,153,0.7239,114,2.0
2026-08-18,19000,2026-12-10,put,regular,650,0.661,114,1.0
2026-08-18,20000,2026-12-10,put,regular,2350,0.7839,114,13.0
2026-08-18,21000,2026-12-10,put,regular,350,0.662,114,3.0
2026-08-18,21500,2026-12-10,put,regular,500,0.6645,114,4.0
2026-08-18,22000,2026-12-10,put,regular,1715,0.6516,114,4.0
2026-08-18,22500,2026-12-10,put,regular,150,0.6511,114,5.0
2026-08-18,23000,2026-12-10,put,regular,2106,0.6487,114,6.0
2026-08-18,23500,2026-12-10,put,regular,127,0.645,114,7.0
2026-08-18,24000,2026-12-10,put,regular,400,0.6404,114,8.0
2026-08-18,24500,2026-12-10,put,regular,250,0.635,114,9.0
2026-08-18,24750,2026-12-10,put,regular,1,0.6352,114,10.0
2026-08-18,25000,2026-12-10,put,regular,2461,0.6292,114,10.0
2026-08-18,25250,2026-12-10,put,regular,1,0.6289,114,11.0
2026-08-18,25500,2026-12-10,put,regular,2,0.6228,114,11.0
2026-08-18,26000,2026-12-10,put,regular,1425,0.6211,114,13.0
2026-08-18,26500,2026-12-10,put,regular,1,0.6138,114,14.0
2026-08-18,27000,2026-12-10,put,regular,2630,0.6104,114,16.0
2026-08-18,27500,2026-12-10,put,regular,25,0.6062,114,18.0
2026-08-18,27750,2026-12-10,put,regular,72,0.6039,114,19.0
2026-08-18,28000,2026-12-10,put,regular,1326,0.6014,114,20.0
2026-08-18,28500,2026-12-10,put,regular,400,0.5961,114,22.0
2026-08-18,29000,2026-12-10,put,regular,1450,0.5904,114,24.0
2026-08-18,30000,2026-12-10,put,regular,5895,0.5804,114,29.0
2026-08-18,30500,2026-12-10,put,regular,51,0.5932,114,41.0
2026-08-18,31000,2026-12-10,put,regular,2237,0.5709,114,35.0
2026-08-18,31500,2026-12-10,put,regular,350,0.5655,114,38.0
2026-08-18,32000,2026-12-10,put,regular,4655,0.5615,114,42.0
2026-08-18,32250,2026-12-10,put,regular,600,0.5593,114,44.0
2026-08-18,32500,2026-12-10,put,regular,900,0.5555,114,45.0
2026-08-18,33000,2026-12-10,put,regular,3362,0.5507,114,49.0
2026-08-18,33250,2026-12-10,put,regular,37,0.5481,114,51.0
2026-08-18,33500,2026-12-10,put,regular,72,0.5705,114,74.0
2026-08-18,34000,2026-12-10,put,regular,2820,0.5636,114,78.0
2026-08-18,34500,2026-12-10,put,regular,560,0.5565,114,82.0
2026-08-18,34750,2026-12-10,put,regular,1,0.5539,114,85.0
2026-08-18,35000,2026-12-10,put,regular,5158,0.5503,114,87.0
2026-08-18,36000,2026-12-10,put,regular,2905,0.5366,114,96.0
2026-08-18,36500,2026-12-10,put,regular,225,0.5323,114,104.0
2026-08-18,36750,2026-12-10,put,regular,400,0.5293,114,107.0
2026-08-18,37000,2026-12-10,put,regular,2535,0.5262,114,110.0
2026-08-18,37500,2026-12-10,put,regular,188,0.5192,114,115.0
2026-08-18,37750,2026-12-10,put,regular,100,0.516,114,118.0
2026-08-18,38000,2026-12-10,put,regular,2686,0.5128,114,121.0
2026-08-18,38500,2026-12-10,put,regular,1150,0.5063,114,127.0
2026-08-18,38750,2026-12-10,put,regular,50,0.503,114,130.0
2026-08-18,39000,2026-12-10,put,regular,2405,0.5003,114,134.0
2026-08-18,39250,2026-12-10,put,regular,650,0.4963,114,136.0
2026-08-18,39500,2026-12-10,put,regular,1008,0.4935,114,140.0
2026-08-18,40000,2026-12-10,put,regular,6228,0.4883,114,149.0
2026-08-18,40250,2026-12-10,put,regular,5,0.4858,114,154.0
2026-08-18,40500,2026-12-10,put,regular,1399,0.4828,114,158.0
2026-08-18,41000,2026-12-10,put,regular,1825,0.4767,114,166.0
2026-08-18,41250,2026-12-10,put,regular,3,0.474,114,171.0
2026-08-18,41500,2026-12-10,put,regular,101,0.4708,114,175.0
2026-08-18,42000,2026-12-10,put,regular,3599,0.4653,114,185.0
2026-08-18,42500,2026-12-10,put,regular,300,0.4596,114,195.0
2026-08-18,43000,2026-12-10,put,regular,1692,0.4557,114,210.0
2026-08-18,43500,2026-12-10,put,regular,100,0.4499,114,221.0
2026-08-18,43750,2026-12-10,put,regular,9,0.4472,114,227.0
2026-08-18,44000,2026-12-10,put,regular,3190,0.4444,114,233.0
2026-08-18,45000,2026-12-10,put,regular,2724,0.433,114,258.0
2026-08-18,45250,2026-12-10,put,regular,51,0.43,114,264.0
2026-08-18,45500,2026-12-10,put,regular,350,0.4275,114,272.0
2026-08-18,46000,2026-12-10,put,regular,3657,0.4222,114,287.0
2026-08-18,47000,2026-12-10,put,regular,2846,0.4058,114,299.0
2026-08-18,47500,2026-12-10,put,regular,1119,0.4004,114,315.0
2026-08-18,48000,2026-12-10,put,regular,4167,0.3945,114,330.0
2026-08-18,48500,2026-12-10,put,regular,300,0.3897,114,350.0
2026-08-18,49000,2026-12-10,put,regular,3177,0.3846,114,370.0
2026-08-18,49500,2026-12-10,put,regular,2717,0.3782,114,385.0
2026-08-18,50000,2026-12-10,put,regular,6537,0.3738,114,410.0
2026-08-18,50250,2026-12-10,put,regular,16,0.371,114,420.0
2026-08-18,50500,2026-12-10,put,regular,686,0.3692,114,435.0
2026-08-18,50750,2026-12-10,put,regular,45,0.3662,114,445.0
2026-08-18,51000,2026-12-10,put,regular,1565,0.3632,114,455.0
2026-08-18,51500,2026-12-10,put,regular,20,0.359,114,485.0
2026-08-18,52000,2026-12-10,put,regular,2765,0.3545,114,515.0
2026-08-18,52250,2026-12-10,put,regular,525,0.3521,114,530.0
2026-08-18,52500,2026-12-10,put,regular,417,0.3496,114,545.0
2026-08-18,53000,2026-12-10,put,regular,1412,0.3445,114,575.0
2026-08-18,53250,2026-12-10,put,regular,186,0.3427,114,595.0
2026-08-18,53500,2026-12-10,put,regular,205,0.34,114,610.0
2026-08-18,53750,2026-12-10,put,regular,4,0.3379,114,630.0
2026-08-18,54000,2026-12-10,put,regular,2599,0.3358,114,650.0
2026-08-18,54500,2026-12-10,put,regular,440,0.3306,114,685.0
2026-08-18,55000,2026-12-10,put,regular,4679,0.3265,114,730.0
2026-08-18,55500,2026-12-10,put,regular,100,0.3214,114,770.0
2026-08-18,56000,2026-12-10,put,regular,2476,0.3179,114,825.0
2026-08-18,56500,2026-12-10,put,regular,151,0.314,114,880.0
2026-08-18,57000,2026-12-10,put,regular,2281,0.3097,114,935.0
2026-08-18,57500,2026-12-10,put,regular,850,0.3062,114,1000.0
2026-08-18,58000,2026-12-10,put,regular,1768,0.3043,114,1085.0
2026-08-18,58500,2026-12-10,put,regular,850,0.3003,114,1155.0
2026-08-18,59000,2026-12-10,put,regular,2405,0.2964,114,1230.0
2026-08-18,59500,2026-12-10,put,regular,250,0.2926,114,1310.0
2026-08-18,60000,2026-12-10,put,regular,9878,0.2892,114,1400.0
2026-08-18,60500,2026-12-10,put,regular,200,0.2853,114,1490.0
2026-08-18,61000,2026-12-10,put,regular,1460,0.2818,114,1590.0
2026-08-18,61500,2026-12-10,put,regular,1,0.2782,114,1695.0
2026-08-18,62000,2026-12-10,put,regular,2506,0.275,114,1810.0
2026-08-18,62250,2026-12-10,put,regular,250,0.2733,114,1870.0
2026-08-18,62500,2026-12-10,put,regular,1087,0.2716,114,1930.0
2026-08-18,63000,2026-12-10,put,regular,2251,0.2684,114,2060.0
2026-08-18,63750,2026-12-10,put,regular,48,0.2629,114,2260.0
2026-08-18,64000,2026-12-10,put,regular,1730,0.2614,114,2335.0
2026-08-18,65000,2026-12-10,put,regular,3099,0.2557,114,2660.0
2026-08-18,65500,2026-12-10,put,regular,580,0.252,114,2825.0
2026-08-18,66000,2026-12-10,put,regular,326,0.2488,114,3005.0
2026-08-18,66500,2026-12-10,put,regular,350,0.2456,114,3195.0
2026-08-18,67000,2026-12-10,put,regular,1410,0.2421,114,3390.0
2026-08-18,67250,2026-12-10,put,regular,25,0.2399,114,3485.0
2026-08-18,67500,2026-12-10,put,regular,25,0.2382,114,3590.0
2026-08-18,68000,2026-12-10,put,regular,1900,0.2349,114,3810.0
2026-08-18,68500,2026-12-10,put,regular,203,0.2316,114,4040.0
2026-08-18,68750,2026-12-10,put,regular,100,0.2297,114,4155.0
2026-08-18,69000,2026-12-10,put,regular,1570,0.2282,114,4280.0
2026-08-18,70000,2026-12-10,put,regular,1653,0.2203,114,4780.0
2026-08-18,71000,2026-12-10,put,regular,31,0.212,114,5325.0
2026-08-18,72000,2026-12-10,put,regular,120,0.2032,114,5915.0
2026-08-18,72500,2026-12-10,put,regular,320,0.1971,114,6210.0
2026-08-18,74000,2026-12-10,put,regular,100,0.1787,114,7195.0
2026-08-18,76000,2026-12-10,put,regular,300,0.1257,114,8610.0
2026-08-18,80000,2026-12-10,put,regular,3700,0.2,114,11815.0
2026-08-18,44000,2027-01-07,put,regular,331,0.4089,142,267.0
2026-08-18,45000,2027-01-07,put,regular,1000,0.4041,142,315.0
2026-08-18,47000,2027-01-07,put,regular,98,0.3854,142,390.0
2026-08-18,48000,2027-01-07,put,regular,200,0.3754,142,430.0
2026-08-18,50000,2027-01-07,put,regular,115,0.3587,142,540.0
2026-08-18,52500,2027-01-07,put,regular,20,0.3368,142,705.0
2026-08-18,57000,2027-01-07,put,regular,60,0.3085,142,1245.0
2026-08-18,58000,2027-01-07,put,regular,57,0.3018,142,1400.0
2026-08-18,60000,2027-01-07,put,regular,1,0.2885,142,1765.0
2026-08-18,60500,2027-01-07,put,regular,42,0.285,142,1865.0
2026-08-18,61000,2027-01-07,put,regular,1,0.2817,142,1975.0
2026-08-18,61500,2027-01-07,put,regular,50,0.2784,142,2090.0
2026-08-18,64000,2027-01-07,put,regular,100,0.2623,142,2765.0
2026-08-18,65000,2027-01-07,put,regular,3,0.2503,142,2995.0
2026-08-18,65500,2027-01-07,put,regular,1,0.2473,142,3170.0
2026-08-18,66000,2027-01-07,put,regular,50,0.2448,142,3360.0
2026-08-18,66500,2027-01-07,put,regular,3,0.242,142,3555.0
2026-08-18,67000,2027-01-07,put,regular,1,0.2387,142,3750.0
2026-08-18,67500,2027-01-07,put,regular,1,0.2363,142,3970.0
2026-08-18,45000,2027-02-10,put,regular,100,0.3822,176,400.0
2026-08-18,47000,2027-02-10,put,regular,125,0.3678,176,505.0
2026-08-18,57500,2027-02-10,put,regular,100,0.2984,176,1620.0
2026-08-18,65000,2027-02-10,put,regular,150,0.2511,176,3460.0
2026-08-18,29000,2027-03-11,put,regular,1,0.5143,205,84.0
2026-08-18,30000,2027-03-11,put,regular,1,0.5062,205,98.0
2026-08-18,33000,2027-03-11,put,regular,113,0.4782,205,143.0
2026-08-18,35000,2027-03-11,put,regular,600,0.4602,205,181.0
2026-08-18,37000,2027-03-11,put,regular,500,0.442,205,225.0
2026-08-18,38000,2027-03-11,put,regular,265,0.4327,205,249.0
2026-08-18,40000,2027-03-11,put,regular,1071,0.4162,205,310.0
2026-08-18,41000,2027-03-11,put,regular,250,0.4069,205,340.0
2026-08-18,42000,2027-03-11,put,regular,749,0.3982,205,375.0
2026-08-18,42500,2027-03-11,put,regular,200,0.3942,205,395.0
2026-08-18,43000,2027-03-11,put,regular,114,0.39,205,415.0
2026-08-18,43500,2027-03-11,put,regular,66,0.3857,205,435.0
2026-08-18,44000,2027-03-11,put,regular,275,0.3822,205,460.0
2026-08-18,45000,2027-03-11,put,regular,1568,0.3736,205,505.0
2026-08-18,46000,2027-03-11,put,regular,116,0.3662,205,560.0
2026-08-18,47000,2027-03-11,put,regular,800,0.3587,205,620.0
2026-08-18,48000,2027-03-11,put,regular,349,0.3513,205,685.0
2026-08-18,48500,2027-03-11,put,regular,51,0.3476,205,720.0
2026-08-18,49000,2027-03-11,put,regular,102,0.3437,205,755.0
2026-08-18,50000,2027-03-11,put,regular,1200,0.3372,205,840.0
2026-08-18,50250,2027-03-11,put,regular,112,0.3353,205,860.0
2026-08-18,51000,2027-03-11,put,regular,24,0.3304,205,930.0
2026-08-18,51250,2027-03-11,put,regular,108,0.3288,205,955.0
2026-08-18,52000,2027-03-11,put,regular,1470,0.3237,205,1030.0
2026-08-18,52500,2027-03-11,put,regular,50,0.3206,205,1085.0
2026-08-18,53000,2027-03-11,put,regular,525,0.3171,205,1140.0
2026-08-18,53500,2027-03-11,put,regular,200,0.3144,205,1205.0
2026-08-18,54000,2027-03-11,put,regular,234,0.311,205,1265.0
2026-08-18,55000,2027-03-11,put,regular,752,0.3052,205,1405.0
2026-08-18,55500,2027-03-11,put,regular,100,0.3022,205,1480.0
2026-08-18,56000,2027-03-11,put,regular,651,0.2995,205,1560.0
2026-08-18,56250,2027-03-11,put,regular,120,0.298,205,1600.0
2026-08-18,57000,2027-03-11,put,regular,1775,0.2938,205,1730.0
2026-08-18,58000,2027-03-11,put,regular,2325,0.2884,205,1920.0
2026-08-18,58500,2027-03-11,put,regular,35,0.2857,205,2020.0
2026-08-18,59500,2027-03-11,put,regular,253,0.2802,205,2235.0
2026-08-18,60000,2027-03-11,put,regular,1750,0.2778,205,2355.0
2026-08-18,61000,2027-03-11,put,regular,160,0.2727,205,2605.0
2026-08-18,62000,2027-03-11,put,regular,900,0.2678,205,2880.0
2026-08-18,62500,2027-03-11,put,regular,500,0.2653,205,3025.0
2026-08-18,63000,2027-03-11,put,regular,1490,0.2627,205,3175.0
2026-08-18,64000,2027-03-11,put,regular,950,0.2579,205,3500.0
2026-08-18,65000,2027-03-11,put,regular,365,0.253,205,3850.0
2026-08-18,66000,2027-03-11,put,regular,400,0.2482,205,4230.0
2026-08-18,66250,2027-03-11,put,regular,15,0.2467,205,4325.0
2026-08-18,66500,2027-03-11,put,regular,6,0.2457,205,4430.0
2026-08-18,67000,2027-03-11,put,regular,300,0.2432,205,4635.0
2026-08-18,68000,2027-03-11,put,regular,130,0.2382,205,5070.0
2026-08-18,69000,2027-03-11,put,regular,350,0.2331,205,5535.0
2026-08-18,69250,2027-03-11,put,regular,10,0.2317,205,5655.0
2026-08-18,70000,2027-03-11,put,regular,470,0.2276,205,6025.0
2026-08-18,72000,2027-03-11,put,regular,100,0.2161,205,7100.0
2026-08-18,48000,2027-05-13,put,regular,100,0.3395,268,975.0
2026-08-18,12500,2027-06-10,put,regular,10,0.6647,296,12.0
2026-08-18,14500,2027-06-10,put,regular,4,0.5775,296,7.0
2026-08-18,15000,2027-06-10,put,regular,1,0.5718,296,8.0
2026-08-18,16250,2027-06-10,put,regular,167,0.5672,296,13.0
2026-08-18,23000,2027-06-10,put,regular,140,0.5249,296,71.0
2026-08-18,24000,2027-06-10,put,regular,100,0.5177,296,85.0
2026-08-18,25000,2027-06-10,put,regular,250,0.5099,296,100.0
2026-08-18,26000,2027-06-10,put,regular,200,0.5017,296,116.0
2026-08-18,28000,2027-06-10,put,regular,895,0.4856,296,153.0
2026-08-18,28500,2027-06-10,put,regular,100,0.4814,296,163.0
2026-08-18,29000,2027-06-10,put,regular,66,0.4771,296,173.0
2026-08-18,30000,2027-06-10,put,regular,275,0.4688,296,195.0
2026-08-18,31000,2027-06-10,put,regular,100,0.4602,296,218.0
2026-08-18,31500,2027-06-10,put,regular,1,0.4563,296,231.0
2026-08-18,32000,2027-06-10,put,regular,250,0.4521,296,244.0
2026-08-18,33000,2027-06-10,put,regular,150,0.4435,296,270.0
2026-08-18,34000,2027-06-10,put,regular,750,0.4353,296,299.0
2026-08-18,35000,2027-06-10,put,regular,1327,0.427,296,330.0
2026-08-18,35500,2027-06-10,put,regular,145,0.4238,296,350.0
2026-08-18,36000,2027-06-10,put,regular,300,0.4193,296,365.0
2026-08-18,37000,2027-06-10,put,regular,50,0.411,296,400.0
2026-08-18,38000,2027-06-10,put,regular,200,0.4034,296,440.0
2026-08-18,38500,2027-06-10,put,regular,140,0.3993,296,460.0
2026-08-18,39000,2027-06-10,put,regular,50,0.3961,296,485.0
2026-08-18,39500,2027-06-10,put,regular,101,0.3918,296,505.0
2026-08-18,40000,2027-06-10,put,regular,1095,0.3883,296,530.0
2026-08-18,41000,2027-06-10,put,regular,100,0.3809,296,580.0
2026-08-18,42000,2027-06-10,put,regular,400,0.3737,296,635.0
2026-08-18,42500,2027-06-10,put,regular,61,0.3695,296,660.0
2026-08-18,43000,2027-06-10,put,regular,35,0.366,296,690.0
2026-08-18,44000,2027-06-10,put,regular,196,0.3591,296,755.0
2026-08-18,45000,2027-06-10,put,regular,1220,0.3529,296,830.0
2026-08-18,46000,2027-06-10,put,regular,773,0.346,296,905.0
2026-08-18,46500,2027-06-10,put,regular,70,0.3432,296,950.0
2026-08-18,47000,2027-06-10,put,regular,201,0.3397,296,990.0
2026-08-18,47750,2027-06-10,put,regular,100,0.3351,296,1060.0
2026-08-18,48000,2027-06-10,put,regular,1104,0.3337,296,1085.0
2026-08-18,49000,2027-06-10,put,regular,300,0.3279,296,1190.0
2026-08-18,50000,2027-06-10,put,regular,2067,0.3219,296,1300.0
2026-08-18,50500,2027-06-10,put,regular,175,0.3191,296,1360.0
2026-08-18,51000,2027-06-10,put,regular,100,0.3165,296,1425.0
2026-08-18,51250,2027-06-10,put,regular,3,0.3153,296,1460.0
2026-08-18,52000,2027-06-10,put,regular,1030,0.311,296,1560.0
2026-08-18,52250,2027-06-10,put,regular,88,0.3097,296,1595.0
2026-08-18,52500,2027-06-10,put,regular,57,0.3086,296,1635.0
2026-08-18,53000,2027-06-10,put,regular,720,0.3059,296,1710.0
2026-08-18,53500,2027-06-10,put,regular,1,0.3035,296,1790.0
2026-08-18,53750,2027-06-10,put,regular,35,0.3021,296,1830.0
2026-08-18,54000,2027-06-10,put,regular,1402,0.3008,296,1870.0
2026-08-18,55000,2027-06-10,put,regular,1300,0.2961,296,2050.0
2026-08-18,55500,2027-06-10,put,regular,255,0.2937,296,2145.0
2026-08-18,56000,2027-06-10,put,regular,785,0.2912,296,2240.0
2026-08-18,56500,2027-06-10,put,regular,40,0.289,296,2345.0
2026-08-18,57000,2027-06-10,put,regular,775,0.2866,296,2450.0
2026-08-18,57750,2027-06-10,put,regular,112,0.2833,296,2620.0
2026-08-18,58000,2027-06-10,put,regular,317,0.2823,296,2680.0
2026-08-18,59000,2027-06-10,put,regular,400,0.2779,296,2925.0
2026-08-18,59500,2027-06-10,put,regular,112,0.2757,296,3055.0
2026-08-18,60000,2027-06-10,put,regular,1476,0.2736,296,3190.0
2026-08-18,61000,2027-06-10,put,regular,3,0.2694,296,3475.0
2026-08-18,62000,2027-06-10,put,regular,805,0.2654,296,3785.0
2026-08-18,63000,2027-06-10,put,regular,925,0.2614,296,4115.0
2026-08-18,64000,2027-06-10,put,regular,250,0.2573,296,4465.0
2026-08-18,64750,2027-06-10,put,regular,104,0.2544,296,4745.0
2026-08-18,65000,2027-06-10,put,regular,1486,0.2534,296,4840.0
2026-08-18,65500,2027-06-10,put,regular,26,0.2516,296,5040.0
2026-08-18,66000,2027-06-10,put,regular,50,0.2495,296,5240.0
2026-08-18,66750,2027-06-10,put,regular,150,0.2465,296,5555.0
2026-08-18,67000,2027-06-10,put,regular,870,0.2456,296,5665.0
2026-08-18,67500,2027-06-10,put,regular,100,0.2436,296,5885.0
2026-08-18,68000,2027-06-10,put,regular,600,0.2416,296,6110.0
2026-08-18,68500,2027-06-10,put,regular,200,0.2397,296,6345.0
2026-08-18,69000,2027-06-10,put,regular,15,0.2377,296,6585.0
2026-08-18,70000,2027-06-10,put,regular,700,0.2336,296,7080.0
2026-08-18,72000,2027-06-10,put,regular,100,0.2252,296,8150.0
2026-08-18,77500,2027-06-10,put,regular,50,0.1969,296,11575.0
2026-08-18,67000,2027-07-08,put,regular,58,0.2441,324,5895.0
2026-08-18,31000,2027-09-09,put,regular,200,0.4124,387,250.0
2026-08-18,45000,2027-09-09,put,regular,100,0.3344,387,1100.0
2026-08-18,48000,2027-09-09,put,regular,100,0.3193,387,1435.0
2026-08-18,50000,2027-09-09,put,regular,25,0.31,387,1710.0
2026-08-18,54250,2027-09-09,put,regular,200,0.2907,387,2435.0
2026-08-18,55000,2027-09-09,put,regular,300,0.2873,387,2585.0
2026-08-18,58000,2027-09-09,put,regular,1,0.2746,387,3275.0
2026-08-18,60000,2027-09-09,put,regular,225,0.2665,387,3820.0
2026-08-18,62000,2027-09-09,put,regular,188,0.2587,387,4440.0
2026-08-18,68250,2027-09-09,put,regular,200,0.2355,387,6910.0
2026-08-18,68750,2027-09-09,put,regular,91,0.2339,387,7150.0
2026-08-18,12500,2027-12-09,put,regular,11,0.5415,478,17.0
2026-08-18,13000,2027-12-09,put,regular,1,0.4393,478,2.0
2026-08-18,16000,2027-12-09,put,regular,350,0.4203,478,6.0
2026-08-18,19000,2027-12-09,put,regular,300,0.4164,478,20.0
2026-08-18,20000,2027-12-09,put,regular,400,0.4439,478,50.0
2026-08-18,21000,2027-12-09,put,regular,50,0.4168,478,41.0
2026-08-18,22000,2027-12-09,put,regular,408,0.4286,478,70.0
2026-08-18,22500,2027-12-09,put,regular,36,0.4155,478,64.0
2026-08-18,23000,2027-12-09,put,regular,132,0.4155,478,74.0
2026-08-18,23750,2027-12-09,put,regular,39,0.4153,478,91.0
2026-08-18,24000,2027-12-09,put,regular,1721,0.4151,478,97.0
2026-08-18,25000,2027-12-09,put,regular,1211,0.4147,478,125.0
2026-08-18,26000,2027-12-09,put,regular,200,0.4144,478,159.0
2026-08-18,26500,2027-12-09,put,regular,100,0.4141,478,178.0
2026-08-18,27000,2027-12-09,put,regular,1300,0.4139,478,199.0
2026-08-18,28000,2027-12-09,put,regular,2125,0.4135,478,246.0
2026-08-18,29000,2027-12-09,put,regular,350,0.4076,478,279.0
2026-08-18,29500,2027-12-09,put,regular,249,0.4044,478,296.0
2026-08-18,30000,2027-12-09,put,regular,2445,0.4017,478,315.0
2026-08-18,31000,2027-12-09,put,regular,1750,0.396,478,355.0
2026-08-18,31500,2027-12-09,put,regular,204,0.393,478,375.0
2026-08-18,32000,2027-12-09,put,regular,1425,0.3898,478,395.0
2026-08-18,32250,2027-12-09,put,regular,30,0.3891,478,410.0
2026-08-18,32750,2027-12-09,put,regular,35,0.3857,478,430.0
2026-08-18,33000,2027-12-09,put,regular,450,0.3848,478,445.0
2026-08-18,34000,2027-12-09,put,regular,1794,0.3792,478,495.0
2026-08-18,34500,2027-12-09,put,regular,100,0.3762,478,520.0
2026-08-18,35000,2027-12-09,put,regular,1600,0.3731,478,545.0
2026-08-18,35500,2027-12-09,put,regular,40,0.3705,478,575.0
2026-08-18,36000,2027-12-09,put,regular,1130,0.3679,478,605.0
2026-08-18,36500,2027-12-09,put,regular,300,0.3657,478,640.0
2026-08-18,37000,2027-12-09,put,regular,1150,0.3628,478,670.0
2026-08-18,38000,2027-12-09,put,regular,1175,0.3578,478,740.0
2026-08-18,39000,2027-12-09,put,regular,800,0.3527,478,815.0
2026-08-18,39500,2027-12-09,put,regular,50,0.3503,478,855.0
2026-08-18,40000,2027-12-09,put,regular,3150,0.3477,478,895.0
2026-08-18,40500,2027-12-09,put,regular,450,0.345,478,935.0
2026-08-18,42000,2027-12-09,put,regular,550,0.338,478,1075.0
2026-08-18,43000,2027-12-09,put,regular,240,0.3333,478,1175.0
2026-08-18,44000,2027-12-09,put,regular,100,0.3288,478,1285.0
2026-08-18,45000,2027-12-09,put,regular,1875,0.3242,478,1400.0
2026-08-18,46000,2027-12-09,put,regular,700,0.3197,478,1525.0
2026-08-18,47000,2027-12-09,put,regular,250,0.3151,478,1655.0
2026-08-18,47500,2027-12-09,put,regular,35,0.3129,478,1725.0
2026-08-18,48000,2027-12-09,put,regular,615,0.3109,478,1800.0
2026-08-18,49000,2027-12-09,put,regular,700,0.3065,478,1950.0
2026-08-18,50000,2027-12-09,put,regular,3170,0.3025,478,2115.0
2026-08-18,51000,2027-12-09,put,regular,350,0.2984,478,2290.0
2026-08-18,52000,2027-12-09,put,regular,635,0.2943,478,2475.0
2026-08-18,53000,2027-12-09,put,regular,822,0.2904,478,2675.0
2026-08-18,54000,2027-12-09,put,regular,450,0.2864,478,2885.0
2026-08-18,54500,2027-12-09,put,regular,400,0.2844,478,2995.0
2026-08-18,55000,2027-12-09,put,regular,1200,0.2826,478,3110.0
2026-08-18,55500,2027-12-09,put,regular,75,0.2808,478,3230.0
2026-08-18,56000,2027-12-09,put,regular,270,0.2788,478,3350.0
2026-08-18,57000,2027-12-09,put,regular,220,0.2751,478,3605.0
2026-08-18,58000,2027-12-09,put,regular,1000,0.2715,478,3875.0
2026-08-18,58500,2027-12-09,put,regular,210,0.2697,478,4015.0
2026-08-18,59000,2027-12-09,put,regular,100,0.2679,478,4160.0
2026-08-18,60000,2027-12-09,put,regular,850,0.2642,478,4460.0
2026-08-18,62000,2027-12-09,put,regular,425,0.2574,478,5120.0
2026-08-18,62500,2027-12-09,put,regular,70,0.2557,478,5295.0
2026-08-18,63000,2027-12-09,put,regular,300,0.254,478,5475.0
2026-08-18,63500,2027-12-09,put,regular,50,0.2523,478,5660.0
2026-08-18,64000,2027-12-09,put,regular,130,0.2506,478,5850.0
2026-08-18,65000,2027-12-09,put,regular,1200,0.2474,478,6245.0
2026-08-18,66000,2027-12-09,put,regular,625,0.2441,478,6660.0
2026-08-18,67000,2027-12-09,put,regular,400,0.2409,478,7095.0
2026-08-18,68000,2027-12-09,put,regular,200,0.2377,478,7550.0
2026-08-18,69000,2027-12-09,put,regular,750,0.2345,478,8025.0
2026-08-18,70000,2027-12-09,put,regular,550,0.2314,478,8525.0
2026-08-18,75000,2027-12-09,put,regular,175,0.2153,478,11315.0
2026-08-18,80000,2027-12-09,put,regular,400,0.1969,478,14595.0
2026-08-18,15000,2028-06-08,put,regular,3,0.4118,660,17.0
2026-08-18,25000,2028-06-08,put,regular,630,0.4064,660,296.0
2026-08-18,26000,2028-06-08,put,regular,250,0.4061,660,360.0
2026-08-18,27000,2028-06-08,put,regular,100,0.4062,660,435.0
2026-08-18,30000,2028-06-08,put,regular,300,0.3925,660,620.0
2026-08-18,32000,2028-06-08,put,regular,250,0.3802,660,740.0
2026-08-18,33000,2028-06-08,put,regular,100,0.3742,660,805.0
2026-08-18,35000,2028-06-08,put,regular,200,0.3627,660,950.0
2026-08-18,40000,2028-06-08,put,regular,250,0.3363,660,1405.0
2026-08-18,41500,2028-06-08,put,regular,100,0.3292,660,1575.0
2026-08-18,45000,2028-06-08,put,regular,15,0.313,660,2030.0
2026-08-18,48000,2028-06-08,put,regular,300,0.3005,660,2510.0
2026-08-18,50000,2028-06-08,put,regular,400,0.2923,660,2875.0
2026-08-18,53000,2028-06-08,put,regular,50,0.2811,660,3515.0
2026-08-18,54000,2028-06-08,put,regular,100,0.2776,660,3755.0
2026-08-18,58000,2028-06-08,put,regular,200,0.2642,660,4850.0
2026-08-18,60000,2028-06-08,put,regular,250,0.2582,660,5495.0
2026-08-18,12000,2028-12-07,put,regular,300,0.389,842,8.0
2026-08-18,16000,2028-12-07,put,regular,1950,0.3857,842,42.0
2026-08-18,18000,2028-12-07,put,regular,100,0.3849,842,80.0
2026-08-18,20000,2028-12-07,put,regular,200,0.384,842,138.0
2026-08-18,23000,2028-12-07,put,regular,100,0.3828,842,275.0
2026-08-18,23500,2028-12-07,put,regular,38,0.3827,842,305.0
2026-08-18,24000,2028-12-07,put,regular,1000,0.3831,842,340.0
2026-08-18,25000,2028-12-07,put,regular,1200,0.3826,842,410.0
2026-08-18,27000,2028-12-07,put,regular,120,0.3818,842,580.0
2026-08-18,27500,2028-12-07,put,regular,50,0.3811,842,625.0
2026-08-18,28000,2028-12-07,put,regular,1250,0.3814,842,680.0
2026-08-18,30000,2028-12-07,put,regular,350,0.3756,842,865.0
2026-08-18,31000,2028-12-07,put,regular,400,0.37,842,940.0
2026-08-18,32000,2028-12-07,put,regular,850,0.3645,842,1020.0
2026-08-18,32250,2028-12-07,put,regular,51,0.3631,842,1040.0
2026-08-18,33000,2028-12-07,put,regular,125,0.3592,842,1105.0
2026-08-18,34000,2028-12-07,put,regular,775,0.354,842,1195.0
2026-08-18,34750,2028-12-07,put,regular,100,0.3501,842,1265.0
2026-08-18,35000,2028-12-07,put,regular,1305,0.3489,842,1290.0
2026-08-18,36000,2028-12-07,put,regular,2750,0.3439,842,1390.0
2026-08-18,37000,2028-12-07,put,regular,580,0.3389,842,1495.0
2026-08-18,38000,2028-12-07,put,regular,2860,0.334,842,1605.0
2026-08-18,39000,2028-12-07,put,regular,50,0.3292,842,1720.0
2026-08-18,40000,2028-12-07,put,regular,1210,0.3243,842,1840.0
2026-08-18,42000,2028-12-07,put,regular,350,0.3153,842,2105.0
2026-08-18,43000,2028-12-07,put,regular,100,0.3109,842,2250.0
2026-08-18,44500,2028-12-07,put,regular,75,0.3045,842,2480.0
2026-08-18,45000,2028-12-07,put,regular,670,0.3024,842,2560.0
2026-08-18,48000,2028-12-07,put,regular,600,0.2906,842,3100.0
2026-08-18,50000,2028-12-07,put,regular,2400,0.2832,842,3510.0
2026-08-18,51000,2028-12-07,put,regular,150,0.2798,842,3735.0
2026-08-18,53000,2028-12-07,put,regular,50,0.2732,842,4220.0
2026-08-18,55000,2028-12-07,put,regular,705,0.2668,842,4755.0
2026-08-18,56000,2028-12-07,put,regular,450,0.2637,842,5040.0
2026-08-18,57000,2028-12-07,put,regular,150,0.2609,842,5345.0
2026-08-18,60000,2028-12-07,put,regular,550,0.2526,842,6345.0
2026-08-18,65000,2028-12-07,put,regular,900,0.2399,842,8315.0
2026-08-18,68000,2028-12-07,put,regular,100,0.2328,842,9685.0
2026-08-18,69000,2028-12-07,put,regular,270,0.2305,842,10175.0
2026-08-18,70000,2028-12-07,put,regular,100,0.2282,842,10680.0
2026-08-18,75000,2028-12-07,put,regular,80,0.2163,842,13420.0
2026-08-18,15000,2029-06-07,put,regular,1,0.3719,1024,49.0
2026-08-18,15000,2029-12-13,put,regular,1,0.3581,1213,71.0
2026-08-18,23250,2029-12-13,put,regular,40,0.3548,1213,505.0
2026-08-18,32000,2029-12-13,put,regular,113,0.3378,1213,1500.0
2026-08-18,34250,2029-12-13,put,regular,6,0.3272,1213,1755.0
2026-08-18,44000,2029-12-13,put,regular,100,0.2858,1213,3185.0
2026-08-18,50000,2029-12-13,put,regular,70,0.2656,1213,4470.0
2026-08-18,64000,2029-12-13,put,regular,100,0.2321,1213,9255.0
2026-08-18,65000,2029-12-13,put,regular,50,0.2302,1213,9700.0
2026-08-18,70000,2029-12-13,put,regular,100,0.2206,1213,12125.0
2026-08-18,19000,2030-06-13,put,regular,2,0.3471,1395,275.0
2026-08-18,23500,2030-12-12,put,regular,100,0.3221,1577,620.0
2026-08-18,31750,2030-12-12,put,regular,74,0.3065,1577,1630.0
2026-08-18,34000,2030-12-12,put,regular,24,0.2976,1577,1910.0
2026-08-18,44000,2030-12-12,put,regular,80,0.2682,1577,3725.0
2026-08-18,49500,2030-12-12,put,regular,100,0.2555,1577,5145.0
2026-08-18,64000,2030-12-12,call,regular,3,0.1541,1577,10345.0
2026-08-18,31500,2031-12-11,call,regular,52,0.2,1941,1980.0
2026-08-18,68000,2031-12-11,call,regular,100,0.2122,1941,12970.0
2026-08-18,31250,2032-12-09,call,regular,40,0.2,2305,2285.0
2026-08-18,30000,2026-09-10,call,regular,3750,2.7651,23,39260.0
2026-08-18,37000,2026-09-10,call,regular,1,2.168,23,32270.0
2026-08-18,40000,2026-09-10,call,regular,5,1.9446,23,29270.0
2026-08-18,42000,2026-09-10,call,regular,101,1.806,23,27275.0
2026-08-18,42500,2026-09-10,call,regular,10,1.7718,23,26775.0
2026-08-18,43000,2026-09-10,call,regular,100,1.7397,23,26280.0
2026-08-18,43500,2026-09-10,call,regular,57,1.7062,23,25780.0
2026-08-18,45000,2026-09-10,call,regular,42,1.6093,23,24285.0
2026-08-18,48000,2026-09-10,call,regular,400,1.4243,23,21300.0
2026-08-18,48500,2026-09-10,call,regular,240,1.395,23,20805.0
2026-08-18,49000,2026-09-10,call,regular,200,1.3645,23,20305.0
2026-08-18,50000,2026-09-10,call,regular,4650,1.3054,23,19310.0
2026-08-18,50500,2026-09-10,call,regular,50,1.2769,23,18815.0
2026-08-18,51000,2026-09-10,call,regular,141,1.2484,23,18320.0
2026-08-18,51250,2026-09-10,call,regular,210,1.2336,23,18070.0
2026-08-18,52000,2026-09-10,call,regular,350,1.1908,23,17325.0
2026-08-18,53000,2026-09-10,call,regular,1100,1.1348,23,16335.0
2026-08-18,53500,2026-09-10,call,regular,400,1.1071,23,15840.0
2026-08-18,53750,2026-09-10,call,regular,150,1.0938,23,15595.0
2026-08-18,54000,2026-09-10,call,regular,1056,1.0794,23,15345.0
2026-08-18,54250,2026-09-10,call,regular,50,1.065,23,15095.0
2026-08-18,54500,2026-09-10,call,regular,200,1.0517,23,14850.0
2026-08-18,54750,2026-09-10,call,regular,90,1.0374,23,14600.0
2026-08-18,55000,2026-09-10,call,regular,660,1.0242,23,14355.0
2026-08-18,56000,2026-09-10,call,regular,1250,0.9704,23,13370.0
2026-08-18,56500,2026-09-10,call,regular,75,0.943,23,12875.0
2026-08-18,57000,2026-09-10,call,regular,850,0.9166,23,12385.0
2026-08-18,57500,2026-09-10,call,regular,384,0.8903,23,11895.0
2026-08-18,58000,2026-09-10,call,regular,1101,0.8639,23,11405.0
2026-08-18,59000,2026-09-10,call,regular,1096,0.8129,23,10435.0
2026-08-18,60000,2026-09-10,call,regular,786,0.7614,23,9465.0
2026-08-18,60500,2026-09-10,call,regular,750,0.7372,23,8990.0
2026-08-18,60750,2026-09-10,call,regular,120,0.7255,23,8755.0
2026-08-18,61000,2026-09-10,call,regular,221,0.7128,23,8515.0
2026-08-18,61250,2026-09-10,call,regular,22,0.7001,23,8275.0
2026-08-18,61500,2026-09-10,call,regular,2,0.689,23,8045.0
2026-08-18,61875,2026-09-10,call,regular,2,0.6705,23,7690.0
2026-08-18,62000,2026-09-10,call,regular,2002,0.6658,23,7580.0
2026-08-18,62250,2026-09-10,call,regular,1,0.6544,23,7350.0
2026-08-18,62500,2026-09-10,call,regular,801,0.6421,23,7115.0
2026-08-18,62750,2026-09-10,call,regular,25950000,0.6305,23,6885.0
2026-08-18,63000,2026-09-10,call,regular,962,0.6196,23,6660.0
2026-08-18,63250,2026-09-10,call,regular,1,0.6095,23,6440.0
2026-08-18,63500,2026-09-10,call,regular,4,0.5983,23,6215.0
2026-08-18,64000,2026-09-10,call,regular,1685,0.577,23,5775.0
2026-08-18,64250,2026-09-10,call,regular,100,0.5678,23,5565.0
2026-08-18,64500,2026-09-10,call,regular,102,0.5574,23,5350.0
2026-08-18,64750,2026-09-10,call,regular,1,0.5469,23,5135.0
2026-08-18,65000,2026-09-10,call,regular,5254,0.5377,23,4930.0
2026-08-18,65250,2026-09-10,call,regular,2,0.5283,23,4725.0
2026-08-18,65375,2026-09-10,call,regular,1,0.5238,23,4625.0
2026-08-18,65500,2026-09-10,call,regular,158,0.5185,23,4520.0
2026-08-18,65750,2026-09-10,call,regular,2,0.51,23,4325.0
2026-08-18,66000,2026-09-10,call,regular,1625,0.5012,23,4130.0
2026-08-18,66125,2026-09-10,call,regular,39,0.4963,23,4030.0
2026-08-18,66250,2026-09-10,call,regular,37,0.4921,23,3935.0
2026-08-18,66500,2026-09-10,call,regular,759,0.4841,23,3750.0
2026-08-18,66750,2026-09-10,call,regular,8,0.4773,23,3575.0
2026-08-18,67000,2026-09-10,call,regular,3114,0.4685,23,3390.0
2026-08-18,67125,2026-09-10,call,regular,1,0.4651,23,3305.0
2026-08-18,67250,2026-09-10,call,regular,2,0.4601,23,3210.0
2026-08-18,67375,2026-09-10,call,regular,1,0.4557,23,3120.0
2026-08-18,67500,2026-09-10,call,regular,2123,0.4528,23,3040.0
2026-08-18,67625,2026-09-10,call,regular,31,0.4504,23,2965.0
2026-08-18,67750,2026-09-10,call,regular,477,0.4457,23,2875.0
2026-08-18,67875,2026-09-10,call,regular,23,0.4431,23,2800.0
2026-08-18,68000,2026-09-10,call,regular,2235,0.4389,23,2715.0
2026-08-18,68250,2026-09-10,call,regular,20,0.4338,23,2570.0
2026-08-18,68375,2026-09-10,call,regular,5,0.43,23,2490.0
2026-08-18,68500,2026-09-10,call,regular,215,0.426,23,2410.0
2026-08-18,68625,2026-09-10,call,regular,1,0.4241,23,2345.0
2026-08-18,68750,2026-09-10,call,regular,308,0.4198,23,2265.0
2026-08-18,68875,2026-09-10,call,regular,68,0.4184,23,2205.0
2026-08-18,69000,2026-09-10,call,regular,1604,0.4147,23,2130.0
2026-08-18,69125,2026-09-10,call,regular,52,0.4107,23,2055.0
2026-08-18,69250,2026-09-10,call,regular,115,0.4089,23,1995.0
2026-08-18,69500,2026-09-10,call,regular,679,0.4025,23,1860.0
2026-08-18,69750,2026-09-10,call,regular,1415,0.3994,23,1750.0
2026-08-18,69875,2026-09-10,call,regular,44,0.3961,23,1685.0
2026-08-18,70000,2026-09-10,call,regular,3224,0.3988,23,1660.0
2026-08-18,70250,2026-09-10,call,regular,629,0.389,23,1515.0
2026-08-18,70375,2026-09-10,call,regular,1440000,0.3882,23,1470.0
2026-08-18,70500,2026-09-10,call,regular,324,0.3848,23,1410.0
2026-08-18,70625,2026-09-10,call,regular,55,0.3853,23,1375.0
2026-08-18,70750,2026-09-10,call,regular,31,0.3848,23,1335.0
2026-08-18,70875,2026-09-10,call,regular,61,0.3817,23,1280.0
2026-08-18,71000,2026-09-10,call,regular,1873,0.3776,23,1220.0
2026-08-18,71125,2026-09-10,call,regular,57,0.3775,23,1185.0
2026-08-18,71250,2026-09-10,call,regular,14,0.3748,23,1135.0
2026-08-18,71500,2026-09-10,call,regular,1355,0.3765,23,1080.0
2026-08-18,71625,2026-09-10,call,regular,2,0.3723,23,1025.0
2026-08-18,71750,2026-09-10,call,regular,3,0.3715,23,990.0
2026-08-18,71875,2026-09-10,call,regular,820000,0.3678,23,940.0
2026-08-18,72000,2026-09-10,call,regular,2611,0.3685,23,915.0
2026-08-18,72125,2026-09-10,call,regular,79,0.3672,23,880.0
2026-08-18,72250,2026-09-10,call,regular,34,0.3666,23,850.0
2026-08-18,72375,2026-09-10,call,regular,10,0.3631,23,805.0
2026-08-18,72500,2026-09-10,call,regular,2160,0.3651,23,790.0
2026-08-18,72750,2026-09-10,call,regular,4,0.363,23,730.0
2026-08-18,72875,2026-09-10,call,regular,34,0.3607,23,695.0
2026-08-18,73000,2026-09-10,call,regular,2341,0.3623,23,680.0
2026-08-18,73125,2026-09-10,call,regular,5,0.3585,23,640.0
2026-08-18,73250,2026-09-10,call,regular,16,0.3588,23,620.0
2026-08-18,73375,2026-09-10,call,regular,2,0.3568,23,590.0
2026-08-18,73500,2026-09-10,call,regular,441,0.3557,23,565.0
2026-08-18,73625,2026-09-10,call,regular,5,0.3544,23,540.0
2026-08-18,73750,2026-09-10,call,regular,51,0.3541,23,520.0
2026-08-18,73875,2026-09-10,call,regular,18,0.3525,23,495.0
2026-08-18,74000,2026-09-10,call,regular,974,0.3519,23,475.0
2026-08-18,74125,2026-09-10,call,regular,2,0.3511,23,455.0
2026-08-18,74250,2026-09-10,call,regular,6,0.3502,23,435.0
2026-08-18,74500,2026-09-10,call,regular,154,0.3505,23,405.0
2026-08-18,74625,2026-09-10,call,regular,47,0.3477,23,380.0
2026-08-18,74750,2026-09-10,call,regular,63,0.3475,23,365.0
2026-08-18,74875,2026-09-10,call,regular,3,0.3471,23,350.0
2026-08-18,75000,2026-09-10,call,regular,3156,0.3466,23,335.0
2026-08-18,75125,2026-09-10,call,regular,585000,0.3444,23,315.0
2026-08-18,75250,2026-09-10,call,regular,32,0.3451,23,305.0
2026-08-18,75375,2026-09-10,call,regular,1,0.3392,23,275.0
2026-08-18,75500,2026-09-10,call,regular,158,0.3445,23,280.0
2026-08-18,76000,2026-09-10,call,regular,491,0.3407,23,228.0
2026-08-18,76500,2026-09-10,call,regular,58,0.3375,23,185.0
2026-08-18,77000,2026-09-10,call,regular,696,0.3353,23,151.0
2026-08-18,77500,2026-09-10,call,regular,981,0.3346,23,125.0
2026-08-18,78000,2026-09-10,call,regular,2153,0.3321,23,100.0
2026-08-18,78500,2026-09-10,call,regular,29,0.3286,23,78.0
2026-08-18,79000,2026-09-10,call,regular,154,0.3267,23,62.0
2026-08-18,79500,2026-09-10,call,regular,219,0.326,23,50.0
2026-08-18,80000,2026-09-10,call,regular,1610,0.3263,23,41.0
2026-08-18,80500,2026-09-10,call,regular,30,0.3215,23,30.0
2026-08-18,81000,2026-09-10,call,regular,280,0.3247,23,26.0
2026-08-18,81500,2026-09-10,call,regular,55,0.3208,23,19.0
2026-08-18,82000,2026-09-10,call,regular,248,0.3203,23,15.0
2026-08-18,82500,2026-09-10,call,regular,18,0.3205,23,12.0
2026-08-18,83000,2026-09-10,call,regular,1005,0.3186,23,9.0
2026-08-18,83500,2026-09-10,call,regular,7,0.3182,23,7.0
2026-08-18,84000,2026-09-10,call,regular,906,0.321,23,6.0
2026-08-18,84500,2026-09-10,call,regular,26,0.3287,23,6.0
2026-08-18,85000,2026-09-10,call,regular,1517,0.3234,23,4.0
2026-08-18,87500,2026-09-10,call,regular,765,0.3383,23,2.0
2026-08-18,90000,2026-09-10,call,regular,469,0.3517,23,1.0
2026-08-18,92000,2026-09-10,call,regular,56,0.3761,23,1.0
2026-08-18,94000,2026-09-10,call,regular,17,0.3999,23,1.0
2026-08-18,95000,2026-09-10,call,regular,43,0.4115,23,1.0
2026-08-18,96000,2026-09-10,call,regular,20,0.423,23,1.0
2026-08-18,98000,2026-09-10,call,regular,15,0.4456,23,1.0
2026-08-18,100000,2026-09-10,call,regular,89,0.4676,23,1.0
2026-08-18,35000,2026-10-08,call,regular,20,1.4577,51,33900.0
2026-08-18,45000,2026-10-08,call,regular,2,1.0166,51,23985.0
2026-08-18,47500,2026-10-08,call,regular,34,0.9197,51,21510.0
2026-08-18,53000,2026-10-08,call,regular,34,0.7261,51,16120.0
2026-08-18,55000,2026-10-08,call,regular,4,0.6611,51,14185.0
2026-08-18,57000,2026-10-08,call,regular,1,0.6008,51,12285.0
2026-08-18,58000,2026-10-08,call,regular,1,0.5721,51,11350.0
2026-08-18,60000,2026-10-08,call,regular,1,0.5179,51,9520.0
2026-08-18,60500,2026-10-08,call,regular,100,0.5053,51,9075.0
2026-08-18,61000,2026-10-08,call,regular,201,0.493,51,8635.0
2026-08-18,62000,2026-10-08,call,regular,29,0.4702,51,7780.0
2026-08-18,63000,2026-10-08,call,regular,4,0.4491,51,6955.0
2026-08-18,63875,2026-10-08,call,regular,50,0.4317,51,6260.0
2026-08-18,64000,2026-10-08,call,regular,31,0.429,51,6160.0
2026-08-18,65000,2026-10-08,call,regular,100,0.4112,51,5410.0
2026-08-18,65250,2026-10-08,call,regular,1,0.4071,51,5230.0
2026-08-18,65500,2026-10-08,call,regular,60,0.4033,51,5055.0
2026-08-18,66000,2026-10-08,call,regular,301,0.3945,51,4700.0
2026-08-18,66250,2026-10-08,call,regular,4,0.3916,51,4540.0
2026-08-18,66500,2026-10-08,call,regular,4260000,0.3874,51,4370.0
2026-08-18,67000,2026-10-08,call,regular,380,0.3799,51,4045.0
2026-08-18,67500,2026-10-08,call,regular,80,0.3735,51,3740.0
2026-08-18,67750,2026-10-08,call,regular,1,0.3702,51,3590.0
2026-08-18,68000,2026-10-08,call,regular,283,0.3666,51,3440.0
2026-08-18,68125,2026-10-08,call,regular,13,0.3657,51,3375.0
2026-08-18,68250,2026-10-08,call,regular,2,0.3637,51,3300.0
2026-08-18,68375,2026-10-08,call,regular,1,0.3627,51,3235.0
2026-08-18,68500,2026-10-08,call,regular,1,0.3606,51,3160.0
2026-08-18,68750,2026-10-08,call,regular,2870000,0.3582,51,3030.0
2026-08-18,68875,2026-10-08,call,regular,2775000,0.3563,51,2960.0
2026-08-18,69000,2026-10-08,call,regular,337,0.3545,51,2890.0
2026-08-18,69500,2026-10-08,call,regular,2,0.3492,51,2640.0
2026-08-18,69750,2026-10-08,call,regular,1,0.3472,51,2525.0
2026-08-18,69875,2026-10-08,call,regular,17360000,0.3458,51,2465.0
2026-08-18,70000,2026-10-08,call,regular,739,0.3459,51,2420.0
2026-08-18,70125,2026-10-08,call,regular,2370000,0.3439,51,2355.0
2026-08-18,70375,2026-10-08,call,regular,2265000,0.3411,51,2240.0
2026-08-18,70500,2026-10-08,call,regular,100,0.3399,51,2185.0
2026-08-18,70750,2026-10-08,call,regular,1,0.3382,51,2085.0
2026-08-18,71000,2026-10-08,call,regular,16,0.3362,51,1985.0
2026-08-18,71500,2026-10-08,call,regular,3,0.3335,51,1805.0
2026-08-18,71750,2026-10-08,call,regular,18845000,0.3328,51,1725.0
2026-08-18,72000,2026-10-08,call,regular,208,0.3302,51,1630.0
2026-08-18,72250,2026-10-08,call,regular,6,0.3289,51,1550.0
2026-08-18,72500,2026-10-08,call,regular,1,0.3272,51,1470.0
2026-08-18,72750,2026-10-08,call,regular,6,0.3265,51,1400.0
2026-08-18,73000,2026-10-08,call,regular,623,0.3248,51,1325.0
2026-08-18,73250,2026-10-08,call,regular,1215000,0.3229,51,1250.0
2026-08-18,73500,2026-10-08,call,regular,2,0.3218,51,1185.0
2026-08-18,74000,2026-10-08,call,regular,400,0.32,51,1065.0
2026-08-18,74250,2026-10-08,call,regular,3670000,0.3193,51,1010.0
2026-08-18,74500,2026-10-08,call,regular,55,0.3183,51,955.0
2026-08-18,74750,2026-10-08,call,regular,935000,0.3177,51,905.0
2026-08-18,75000,2026-10-08,call,regular,1499,0.3175,51,860.0
2026-08-18,75250,2026-10-08,call,regular,1470000,0.3156,51,805.0
2026-08-18,75500,2026-10-08,call,regular,2,0.3156,51,765.0
2026-08-18,75750,2026-10-08,call,regular,1935000,0.3137,51,715.0
2026-08-18,76000,2026-10-08,call,regular,301,0.3147,51,685.0
2026-08-18,76250,2026-10-08,call,regular,3175000,0.3131,51,640.0
2026-08-18,76500,2026-10-08,call,regular,6540000,0.3127,51,605.0
2026-08-18,77000,2026-10-08,call,regular,1099,0.3121,51,540.0
2026-08-18,77500,2026-10-08,call,regular,101,0.3103,51,475.0
2026-08-18,78000,2026-10-08,call,regular,303,0.3093,51,420.0
2026-08-18,78500,2026-10-08,call,regular,3,0.3083,51,370.0
2026-08-18,79000,2026-10-08,call,regular,6,0.3072,51,325.0
2026-08-18,79500,2026-10-08,call,regular,3,0.3049,51,280.0
2026-08-18,80000,2026-10-08,call,regular,1769,0.3043,51,246.0
2026-08-18,80500,2026-10-08,call,regular,3,0.3032,51,214.0
2026-08-18,81000,2026-10-08,call,regular,402,0.3023,51,186.0
2026-08-18,81500,2026-10-08,call,regular,1,0.3027,51,165.0
2026-08-18,82000,2026-10-08,call,regular,5,0.3027,51,145.0
2026-08-18,83000,2026-10-08,call,regular,5,0.3014,51,109.0
2026-08-18,83500,2026-10-08,call,regular,8,0.3023,51,97.0
2026-08-18,84000,2026-10-08,call,regular,9,0.3025,51,85.0
2026-08-18,85000,2026-10-08,call,regular,146,0.3005,51,62.0
2026-08-18,87500,2026-10-08,call,regular,7,0.3027,51,32.0
2026-08-18,90000,2026-10-08,call,regular,49,0.3064,51,17.0
2026-08-18,95000,2026-10-08,call,regular,14,0.3088,51,4.0
2026-08-18,100000,2026-10-08,call,regular,31,0.3307,51,2.0
2026-08-18,44500,2026-11-12,call,regular,1,0.8187,86,24605.0
2026-08-18,50250,2026-11-12,call,regular,35,0.6617,86,19025.0
2026-08-18,56000,2026-11-12,call,regular,34,0.5273,86,13605.0
2026-08-18,57500,2026-11-12,call,regular,100,0.4972,86,12250.0
2026-08-18,60500,2026-11-12,call,regular,100,0.4424,86,9645.0
2026-08-18,61000,2026-11-12,call,regular,200,0.4355,86,9245.0
2026-08-18,63000,2026-11-12,call,regular,1,0.4066,86,7670.0
2026-08-18,64000,2026-11-12,call,regular,125,0.3924,86,6915.0
2026-08-18,65000,2026-11-12,call,regular,10,0.3821,86,6230.0
2026-08-18,66000,2026-11-12,call,regular,321,0.3705,86,5555.0
2026-08-18,67000,2026-11-12,call,regular,938,0.3606,86,4930.0
2026-08-18,67500,2026-11-12,call,regular,300,0.3557,86,4630.0
2026-08-18,68000,2026-11-12,call,regular,130,0.351,86,4340.0
2026-08-18,68500,2026-11-12,call,regular,1,0.3467,86,4065.0
2026-08-18,69000,2026-11-12,call,regular,1162,0.3419,86,3790.0
2026-08-18,70000,2026-11-12,call,regular,1017,0.3347,86,3300.0
2026-08-18,70500,2026-11-12,call,regular,1,0.3312,86,3070.0
2026-08-18,71000,2026-11-12,call,regular,103,0.3282,86,2855.0
2026-08-18,72000,2026-11-12,call,regular,195,0.3232,86,2465.0
2026-08-18,72500,2026-11-12,call,regular,201,0.3201,86,2275.0
2026-08-18,74000,2026-11-12,call,regular,100,0.3151,86,1810.0
2026-08-18,74500,2026-11-12,call,regular,116,0.3134,86,1670.0
2026-08-18,75000,2026-11-12,call,regular,831,0.3114,86,1535.0
2026-08-18,75500,2026-11-12,call,regular,75,0.3115,86,1430.0
2026-08-18,76000,2026-11-12,call,regular,1,0.3096,86,1310.0
2026-08-18,79000,2026-11-12,call,regular,5,0.3021,86,770.0
2026-08-18,80000,2026-11-12,call,regular,50,0.301,86,645.0
2026-08-18,82500,2026-11-12,call,regular,1,0.2991,86,410.0
2026-08-18,87500,2026-11-12,call,regular,1,0.2994,86,164.0
2026-08-18,90000,2026-11-12,call,regular,2,0.2986,86,99.0
2026-08-18,92500,2026-11-12,call,regular,1,0.2995,86,61.0
2026-08-18,95000,2026-11-12,call,regular,5,0.3041,86,41.0
2026-08-18,100000,2026-11-12,call,regular,4,0.315,86,20.0
2026-08-18,12500,2026-12-10,call,regular,84,2.2678,114,56330.0
2026-08-18,20000,2026-12-10,call,regular,150,1.6589,114,48870.0
2026-08-18,22000,2026-12-10,call,regular,100,1.5427,114,46885.0
2026-08-18,25000,2026-12-10,call,regular,300,1.3882,114,43905.0
2026-08-18,26000,2026-12-10,call,regular,350,1.3408,114,42910.0
2026-08-18,27000,2026-12-10,call,regular,250,1.2965,114,41920.0
2026-08-18,28000,2026-12-10,call,regular,75,1.2539,114,40930.0
2026-08-18,28500,2026-12-10,call,regular,125,1.2333,114,40435.0
2026-08-18,29000,2026-12-10,call,regular,150,1.213,114,39940.0
2026-08-18,30000,2026-12-10,call,regular,100,1.1734,114,38950.0
2026-08-18,30500,2026-12-10,call,regular,50,1.1541,114,38455.0
2026-08-18,31000,2026-12-10,call,regular,241,1.1352,114,37960.0
2026-08-18,31500,2026-12-10,call,regular,50,1.1165,114,37465.0
2026-08-18,32000,2026-12-10,call,regular,700,1.0981,114,36970.0
2026-08-18,32500,2026-12-10,call,regular,250,1.0801,114,36475.0
2026-08-18,33000,2026-12-10,call,regular,1950,1.0622,114,35980.0
2026-08-18,34000,2026-12-10,call,regular,280,1.0324,114,35015.0
2026-08-18,34500,2026-12-10,call,regular,400,1.0152,114,34520.0
2026-08-18,35000,2026-12-10,call,regular,435,0.9993,114,34030.0
2026-08-18,36000,2026-12-10,call,regular,975,0.9671,114,33045.0
2026-08-18,36500,2026-12-10,call,regular,252,0.9518,114,32555.0
2026-08-18,37000,2026-12-10,call,regular,450,0.9357,114,32060.0
2026-08-18,37500,2026-12-10,call,regular,88,0.9207,114,31570.0
2026-08-18,37750,2026-12-10,call,regular,100,0.9133,114,31325.0
2026-08-18,38000,2026-12-10,call,regular,1225,0.9059,114,31080.0
2026-08-18,38500,2026-12-10,call,regular,700,0.8904,114,30585.0
2026-08-18,38750,2026-12-10,call,regular,50,0.8831,114,30340.0
2026-08-18,39000,2026-12-10,call,regular,750,0.8759,114,30095.0
2026-08-18,39500,2026-12-10,call,regular,500,0.8615,114,29605.0
2026-08-18,40000,2026-12-10,call,regular,1200,0.8473,114,29115.0
2026-08-18,40500,2026-12-10,call,regular,400,0.834,114,28630.0
2026-08-18,41000,2026-12-10,call,regular,1300,0.8201,114,28140.0
2026-08-18,41500,2026-12-10,call,regular,100,0.8062,114,27650.0
2026-08-18,42000,2026-12-10,call,regular,1071,0.7933,114,27165.0
2026-08-18,42500,2026-12-10,call,regular,250,0.7797,114,26675.0
2026-08-18,43000,2026-12-10,call,regular,1400,0.767,114,26190.0
2026-08-18,43750,2026-12-10,call,regular,131,0.7484,114,25465.0
2026-08-18,44000,2026-12-10,call,regular,600,0.7417,114,25220.0
2026-08-18,45000,2026-12-10,call,regular,1842,0.7168,114,24250.0
2026-08-18,45250,2026-12-10,call,regular,413,0.7109,114,24010.0
2026-08-18,45500,2026-12-10,call,regular,200,0.7044,114,23765.0
2026-08-18,46000,2026-12-10,call,regular,2300,0.6928,114,23285.0
2026-08-18,46250,2026-12-10,call,regular,315,0.6857,114,23035.0
2026-08-18,47000,2026-12-10,call,regular,350,0.6665,114,22300.0
2026-08-18,47500,2026-12-10,call,regular,200,0.655,114,21820.0
2026-08-18,48000,2026-12-10,call,regular,750,0.643,114,21335.0
2026-08-18,49000,2026-12-10,call,regular,1000,0.6209,114,20380.0
2026-08-18,49500,2026-12-10,call,regular,260,0.6095,114,19900.0
2026-08-18,50000,2026-12-10,call,regular,3342,0.5988,114,19425.0
2026-08-18,50250,2026-12-10,call,regular,58,0.5931,114,19185.0
2026-08-18,50500,2026-12-10,call,regular,600,0.5881,114,18950.0
2026-08-18,50750,2026-12-10,call,regular,45,0.5824,114,18710.0
2026-08-18,51000,2026-12-10,call,regular,731,0.5773,114,18475.0
2026-08-18,52000,2026-12-10,call,regular,802,0.5575,114,17540.0
2026-08-18,52250,2026-12-10,call,regular,250,0.5524,114,17305.0
2026-08-18,52500,2026-12-10,call,regular,50,0.5472,114,17070.0
2026-08-18,53000,2026-12-10,call,regular,1135,0.5375,114,16605.0
2026-08-18,53500,2026-12-10,call,regular,106,0.5282,114,16145.0
2026-08-18,54000,2026-12-10,call,regular,1941,0.5188,114,15685.0
2026-08-18,54500,2026-12-10,call,regular,540,0.5093,114,15225.0
2026-08-18,55000,2026-12-10,call,regular,1829,0.5003,114,14770.0
2026-08-18,55500,2026-12-10,call,regular,300,0.4911,114,14315.0
2026-08-18,56000,2026-12-10,call,regular,791,0.4828,114,13870.0
2026-08-18,56500,2026-12-10,call,regular,283,0.4744,114,13425.0
2026-08-18,57000,2026-12-10,call,regular,500,0.4662,114,12985.0
2026-08-18,57250,2026-12-10,call,regular,113,0.4621,114,12765.0
2026-08-18,57500,2026-12-10,call,regular,80,0.4584,114,12550.0
2026-08-18,58000,2026-12-10,call,regular,2603,0.4525,114,12140.0
2026-08-18,58500,2026-12-10,call,regular,350,0.4447,114,11710.0
2026-08-18,59000,2026-12-10,call,regular,1900,0.4375,114,11290.0
2026-08-18,59500,2026-12-10,call,regular,100,0.4301,114,10870.0
2026-08-18,60000,2026-12-10,call,regular,7264,0.4237,114,10465.0
2026-08-18,60500,2026-12-10,call,regular,102,0.417,114,10060.0
2026-08-18,61000,2026-12-10,call,regular,813,0.4105,114,9660.0
2026-08-18,62000,2026-12-10,call,regular,1350,0.3984,114,8885.0
2026-08-18,62500,2026-12-10,call,regular,828,0.3925,114,8505.0
2026-08-18,63000,2026-12-10,call,regular,1615,0.3873,114,8140.0
2026-08-18,63750,2026-12-10,call,regular,25,0.379,114,7595.0
2026-08-18,64000,2026-12-10,call,regular,1990,0.3765,114,7420.0
2026-08-18,65000,2026-12-10,call,regular,3132,0.3678,114,6750.0
2026-08-18,65500,2026-12-10,call,regular,584,0.3628,114,6415.0
2026-08-18,66000,2026-12-10,call,regular,720,0.3587,114,6100.0
2026-08-18,66250,2026-12-10,call,regular,15,0.3564,114,5940.0
2026-08-18,66500,2026-12-10,call,regular,350,0.3546,114,5790.0
2026-08-18,67000,2026-12-10,call,regular,1128,0.3503,114,5485.0
2026-08-18,67250,2026-12-10,call,regular,25,0.3485,114,5340.0
2026-08-18,67500,2026-12-10,call,regular,25,0.3462,114,5190.0
2026-08-18,68000,2026-12-10,call,regular,3143,0.343,114,4915.0
2026-08-18,68500,2026-12-10,call,regular,276,0.3396,114,4645.0
2026-08-18,69000,2026-12-10,call,regular,1394,0.3367,114,4390.0
2026-08-18,69250,2026-12-10,call,regular,50,0.3349,114,4260.0
2026-08-18,69750,2026-12-10,call,regular,158,0.3319,114,4015.0
2026-08-18,70000,2026-12-10,call,regular,5362,0.3301,114,3890.0
2026-08-18,71000,2026-12-10,call,regular,200,0.3247,114,3440.0
2026-08-18,72000,2026-12-10,call,regular,885,0.3207,114,3040.0
2026-08-18,72250,2026-12-10,call,regular,2,0.3193,114,2940.0
2026-08-18,72500,2026-12-10,call,regular,2202,0.3175,114,2835.0
2026-08-18,73000,2026-12-10,call,regular,800,0.3162,114,2665.0
2026-08-18,73500,2026-12-10,call,regular,400,0.3133,114,2480.0
2026-08-18,74000,2026-12-10,call,regular,1050,0.3124,114,2330.0
2026-08-18,75000,2026-12-10,call,regular,3782,0.308,114,2015.0
2026-08-18,75750,2026-12-10,call,regular,1,0.306,114,1815.0
2026-08-18,76000,2026-12-10,call,regular,400,0.3056,114,1755.0
2026-08-18,77000,2026-12-10,call,regular,459,0.3032,114,1520.0
2026-08-18,77500,2026-12-10,call,regular,1055,0.3022,114,1415.0
2026-08-18,78000,2026-12-10,call,regular,380,0.3013,114,1315.0
2026-08-18,79000,2026-12-10,call,regular,204,0.2996,114,1135.0
2026-08-18,80000,2026-12-10,call,regular,7196,0.298,114,975.0
2026-08-18,81000,2026-12-10,call,regular,1,0.2954,114,825.0
2026-08-18,82500,2026-12-10,call,regular,951,0.2973,114,680.0
2026-08-18,84000,2026-12-10,call,regular,402,0.2927,114,515.0
2026-08-18,85000,2026-12-10,call,regular,689,0.2923,114,440.0
2026-08-18,87500,2026-12-10,call,regular,2457,0.2928,114,300.0
2026-08-18,90000,2026-12-10,call,regular,1777,0.2934,114,203.0
2026-08-18,95000,2026-12-10,call,regular,1072,0.2898,114,81.0
2026-08-18,100000,2026-12-10,call,regular,500,0.2992,114,43.0
2026-08-18,54250,2027-01-07,call,regular,27,0.4916,142,15810.0
2026-08-18,61000,2027-01-07,call,regular,26,0.4031,142,10175.0
2026-08-18,63750,2027-01-07,call,regular,50,0.3751,142,8155.0
2026-08-18,64000,2027-01-07,call,regular,100,0.3727,142,7980.0
2026-08-18,69000,2027-01-07,call,regular,1,0.3305,142,4875.0
2026-08-18,69500,2027-01-07,call,regular,2,0.3269,142,4610.0
2026-08-18,70000,2027-01-07,call,regular,2,0.3243,142,4370.0
2026-08-18,70250,2027-01-07,call,regular,1,0.3229,142,4250.0
2026-08-18,70500,2027-01-07,call,regular,2,0.3214,142,4130.0
2026-08-18,71000,2027-01-07,call,regular,1,0.319,142,3905.0
2026-08-18,71500,2027-01-07,call,regular,50,0.3167,142,3690.0
2026-08-18,72000,2027-01-07,call,regular,2,0.3143,142,3480.0
2026-08-18,73000,2027-01-07,call,regular,1,0.3106,142,3100.0
2026-08-18,74000,2027-01-07,call,regular,1,0.3068,142,2745.0
2026-08-18,75000,2027-01-07,call,regular,1,0.3045,142,2440.0
2026-08-18,80000,2027-01-07,call,regular,1,0.2942,142,1285.0
2026-08-18,100000,2027-01-07,call,regular,3,0.3015,142,102.0
2026-08-18,56000,2027-02-10,call,regular,8,0.4433,176,14625.0
2026-08-18,56750,2027-02-10,call,regular,60,0.4347,176,14000.0
2026-08-18,64000,2027-02-10,call,regular,60,0.3635,176,8490.0
2026-08-18,66000,2027-02-10,call,regular,8,0.3461,176,7155.0
2026-08-18,72500,2027-02-10,call,regular,75,0.3124,176,3865.0
2026-08-18,75000,2027-02-10,call,regular,100,0.3041,176,2965.0
2026-08-18,52000,2027-03-11,call,regular,560,0.4715,205,18265.0
2026-08-18,52750,2027-03-11,call,regular,8,0.4619,205,17605.0
2026-08-18,53000,2027-03-11,call,regular,275,0.4587,205,17385.0
2026-08-18,53500,2027-03-11,call,regular,202,0.4526,205,16950.0
2026-08-18,53750,2027-03-11,call,regular,44,0.4496,205,16735.0
2026-08-18,54000,2027-03-11,call,regular,267,0.4467,205,16520.0
2026-08-18,55000,2027-03-11,call,regular,550,0.4349,205,15665.0
2026-08-18,56000,2027-03-11,call,regular,50,0.4241,205,14830.0
2026-08-18,56500,2027-03-11,call,regular,1,0.4186,205,14415.0
2026-08-18,57000,2027-03-11,call,regular,365,0.4134,205,14005.0
2026-08-18,58000,2027-03-11,call,regular,150,0.4037,205,13205.0
2026-08-18,59500,2027-03-11,call,regular,200,0.3897,205,12035.0
2026-08-18,59750,2027-03-11,call,regular,2,0.3875,205,11845.0
2026-08-18,60000,2027-03-11,call,regular,12,0.3853,205,11655.0
2026-08-18,60250,2027-03-11,call,regular,44,0.3833,205,11470.0
2026-08-18,61000,2027-03-11,call,regular,160,0.377,205,10915.0
2026-08-18,61750,2027-03-11,call,regular,1,0.3711,205,10375.0
2026-08-18,62500,2027-03-11,call,regular,508,0.3652,205,9845.0
2026-08-18,63000,2027-03-11,call,regular,392,0.3618,205,9505.0
2026-08-18,64000,2027-03-11,call,regular,100,0.3548,205,8835.0
2026-08-18,64250,2027-03-11,call,regular,100,0.353,205,8670.0
2026-08-18,65000,2027-03-11,call,regular,801,0.3483,205,8195.0
2026-08-18,66000,2027-03-11,call,regular,700,0.3421,205,7580.0
2026-08-18,66250,2027-03-11,call,regular,15,0.3406,205,7430.0
2026-08-18,66500,2027-03-11,call,regular,6,0.3393,205,7285.0
2026-08-18,67000,2027-03-11,call,regular,200,0.3365,205,6995.0
2026-08-18,68000,2027-03-11,call,regular,300,0.3312,205,6440.0
2026-08-18,69000,2027-03-11,call,regular,350,0.3261,205,5910.0
2026-08-18,69250,2027-03-11,call,regular,10,0.325,205,5785.0
2026-08-18,70000,2027-03-11,call,regular,666,0.3214,205,5410.0
2026-08-18,70500,2027-03-11,call,regular,150,0.3193,205,5175.0
2026-08-18,71000,2027-03-11,call,regular,100,0.3172,205,4945.0
2026-08-18,72000,2027-03-11,call,regular,650,0.3131,205,4505.0
2026-08-18,72500,2027-03-11,call,regular,85,0.3111,205,4295.0
2026-08-18,73000,2027-03-11,call,regular,400,0.3094,205,4095.0
2026-08-18,73500,2027-03-11,call,regular,1,0.3076,205,3900.0
2026-08-18,74000,2027-03-11,call,regular,3,0.3057,205,3710.0
2026-08-18,75000,2027-03-11,call,regular,455,0.3024,205,3355.0
2026-08-18,77500,2027-03-11,call,regular,400,0.2953,205,2585.0
2026-08-18,80000,2027-03-11,call,regular,288,0.2898,205,1970.0
2026-08-18,82500,2027-03-11,call,regular,737,0.2852,205,1485.0
2026-08-18,85000,2027-03-11,call,regular,330,0.2821,205,1115.0
2026-08-18,90000,2027-03-11,call,regular,300,0.2799,205,635.0
2026-08-18,95000,2027-03-11,call,regular,500,0.2864,205,405.0
2026-08-18,100000,2027-03-11,call,regular,78,0.3031,205,315.0
2026-08-18,57000,2027-04-08,call,regular,25,0.3855,233,13970.0
2026-08-18,57750,2027-04-08,call,regular,88,0.3793,233,13380.0
2026-08-18,65000,2027-04-08,call,regular,88,0.3302,233,8270.0
2026-08-18,67000,2027-04-08,call,regular,25,0.3197,233,7085.0
2026-08-18,60250,2027-05-13,call,regular,8,0.3536,268,11845.0
2026-08-18,61250,2027-05-13,call,regular,23,0.3472,268,11135.0
2026-08-18,71000,2027-05-13,call,regular,23,0.3018,268,5510.0
2026-08-18,72000,2027-05-13,call,regular,8,0.2988,268,5080.0
2026-08-18,16250,2027-06-10,call,regular,114,1.1398,296,52390.0
2026-08-18,30000,2027-06-10,call,regular,300,0.7314,296,38985.0
2026-08-18,33000,2027-06-10,call,regular,50,0.6726,296,36100.0
2026-08-18,36000,2027-06-10,call,regular,150,0.6194,296,33230.0
2026-08-18,37000,2027-06-10,call,regular,50,0.6025,296,32275.0
2026-08-18,37250,2027-06-10,call,regular,480,0.5987,296,32040.0
2026-08-18,38500,2027-06-10,call,regular,140,0.5789,296,30855.0
2026-08-18,39000,2027-06-10,call,regular,50,0.571,296,30380.0
2026-08-18,44500,2027-06-10,call,regular,300,0.4947,296,25255.0
2026-08-18,50000,2027-06-10,call,regular,300,0.4326,296,20330.0
2026-08-18,50500,2027-06-10,call,regular,175,0.4279,296,19900.0
2026-08-18,53000,2027-06-10,call,regular,100,0.4045,296,17775.0
2026-08-18,54000,2027-06-10,call,regular,1050,0.396,296,16950.0
2026-08-18,55000,2027-06-10,call,regular,300,0.3879,296,16140.0
2026-08-18,56000,2027-06-10,call,regular,175,0.3799,296,15340.0
2026-08-18,57000,2027-06-10,call,regular,50,0.3728,296,14565.0
2026-08-18,58500,2027-06-10,call,regular,58,0.3624,296,13430.0
2026-08-18,60000,2027-06-10,call,regular,750,0.3529,296,12340.0
2026-08-18,62500,2027-06-10,call,regular,150,0.3386,296,10625.0
2026-08-18,63000,2027-06-10,call,regular,100,0.336,296,10300.0
2026-08-18,64000,2027-06-10,call,regular,200,0.3308,296,9660.0
2026-08-18,65000,2027-06-10,call,regular,250,0.3262,296,9050.0
2026-08-18,65500,2027-06-10,call,regular,62,0.324,296,8755.0
2026-08-18,66500,2027-06-10,call,regular,125,0.3195,296,8175.0
2026-08-18,67000,2027-06-10,call,regular,470,0.3173,296,7895.0
2026-08-18,68000,2027-06-10,call,regular,400,0.3133,296,7355.0
2026-08-18,68250,2027-06-10,call,regular,15,0.3124,296,7225.0
2026-08-18,68500,2027-06-10,call,regular,200,0.3114,296,7095.0
2026-08-18,69000,2027-06-10,call,regular,1,0.3095,296,6840.0
2026-08-18,69250,2027-06-10,call,regular,36,0.3086,296,6715.0
2026-08-18,70000,2027-06-10,call,regular,550,0.3059,296,6350.0
2026-08-18,71000,2027-06-10,call,regular,100,0.3026,296,5885.0
2026-08-18,72000,2027-06-10,call,regular,100,0.2994,296,5445.0
2026-08-18,75000,2027-06-10,call,regular,475,0.2906,296,4260.0
2026-08-18,77500,2027-06-10,call,regular,36,0.2846,296,3435.0
2026-08-18,80000,2027-06-10,call,regular,16,0.2794,296,2745.0
2026-08-18,85000,2027-06-10,call,regular,550,0.2725,296,1730.0
2026-08-18,90000,2027-06-10,call,regular,100,0.2692,296,1085.0
2026-08-18,65750,2027-07-08,call,regular,20,0.3181,324,8845.0
2026-08-18,66750,2027-07-08,call,regular,32,0.3137,324,8270.0
2026-08-18,75000,2027-07-08,call,regular,32,0.2877,324,4505.0
2026-08-18,77000,2027-07-08,call,regular,20,0.2843,324,3855.0
2026-08-18,65000,2027-09-09,call,regular,1,0.318,387,9930.0
2026-08-18,77500,2027-09-09,call,regular,2,0.283,387,4325.0
2026-08-18,28000,2027-12-09,call,regular,50,0.6085,478,40920.0
2026-08-18,30000,2027-12-09,call,regular,225,0.5791,478,39030.0
2026-08-18,31500,2027-12-09,call,regular,50,0.5581,478,37615.0
2026-08-18,32000,2027-12-09,call,regular,100,0.5519,478,37150.0
2026-08-18,33000,2027-12-09,call,regular,100,0.5391,478,36215.0
2026-08-18,34000,2027-12-09,call,regular,375,0.5265,478,35280.0
2026-08-18,35000,2027-12-09,call,regular,201,0.5149,478,34355.0
2026-08-18,36000,2027-12-09,call,regular,80,0.5038,478,33435.0
2026-08-18,36750,2027-12-09,call,regular,442,0.4955,478,32745.0
2026-08-18,37000,2027-12-09,call,regular,200,0.4927,478,32515.0
2026-08-18,38000,2027-12-09,call,regular,575,0.4824,478,31605.0
2026-08-18,39000,2027-12-09,call,regular,125,0.4725,478,30700.0
2026-08-18,39250,2027-12-09,call,regular,50,0.4701,478,30475.0
2026-08-18,39500,2027-12-09,call,regular,50,0.4677,478,30250.0
2026-08-18,40000,2027-12-09,call,regular,350,0.4629,478,29800.0
2026-08-18,40500,2027-12-09,call,regular,450,0.4581,478,29350.0
2026-08-18,41000,2027-12-09,call,regular,375,0.4535,478,28905.0
2026-08-18,42000,2027-12-09,call,regular,200,0.4444,478,28015.0
2026-08-18,43000,2027-12-09,call,regular,400,0.4359,478,27135.0
2026-08-18,43500,2027-12-09,call,regular,150,0.4318,478,26700.0
2026-08-18,45000,2027-12-09,call,regular,1950,0.4197,478,25400.0
2026-08-18,46000,2027-12-09,call,regular,500,0.4118,478,24540.0
2026-08-18,48000,2027-12-09,call,regular,225,0.3973,478,22855.0
2026-08-18,49000,2027-12-09,call,regular,700,0.3905,478,22030.0
2026-08-18,50000,2027-12-09,call,regular,1950,0.3837,478,21210.0
2026-08-18,51000,2027-12-09,call,regular,300,0.3774,478,20405.0
2026-08-18,52500,2027-12-09,call,regular,100,0.3681,478,19215.0
2026-08-18,54000,2027-12-09,call,regular,300,0.3595,478,18060.0
2026-08-18,54500,2027-12-09,call,regular,100,0.3567,478,17680.0
2026-08-18,55000,2027-12-09,call,regular,704,0.3538,478,17300.0
2026-08-18,57000,2027-12-09,call,regular,250,0.3435,478,15835.0
2026-08-18,58000,2027-12-09,call,regular,500,0.3387,478,15125.0
2026-08-18,60000,2027-12-09,call,regular,1225,0.3294,478,13750.0
2026-08-18,61000,2027-12-09,call,regular,200,0.325,478,13090.0
2026-08-18,62000,2027-12-09,call,regular,200,0.3208,478,12445.0
2026-08-18,62500,2027-12-09,call,regular,70,0.3188,478,12130.0
2026-08-18,63000,2027-12-09,call,regular,300,0.3168,478,11820.0
2026-08-18,63500,2027-12-09,call,regular,50,0.3149,478,11515.0
2026-08-18,64000,2027-12-09,call,regular,780,0.3131,478,11215.0
2026-08-18,65000,2027-12-09,call,regular,550,0.3095,478,10630.0
2026-08-18,66000,2027-12-09,call,regular,475,0.3061,478,10065.0
2026-08-18,67000,2027-12-09,call,regular,100,0.3029,478,9520.0
2026-08-18,68000,2027-12-09,call,regular,200,0.2996,478,8990.0
2026-08-18,69000,2027-12-09,call,regular,850,0.2967,478,8485.0
2026-08-18,70000,2027-12-09,call,regular,850,0.2941,478,8005.0
2026-08-18,72500,2027-12-09,call,regular,100,0.2879,478,6885.0
2026-08-18,75000,2027-12-09,call,regular,177,0.2825,478,5890.0
2026-08-18,80000,2027-12-09,call,regular,1000,0.2747,478,4270.0
2026-08-18,87500,2027-12-09,call,regular,100,0.2684,478,2610.0
2026-08-18,41500,2028-06-08,call,regular,100,0.4155,660,29080.0
2026-08-18,28000,2028-12-07,call,regular,50,0.4924,842,41340.0
2026-08-18,30000,2028-12-07,call,regular,80,0.4778,842,39590.0
2026-08-18,31000,2028-12-07,call,regular,200,0.4693,842,38700.0
2026-08-18,32000,2028-12-07,call,regular,75,0.4611,842,37815.0
2026-08-18,33000,2028-12-07,call,regular,125,0.4531,842,36935.0
2026-08-18,34500,2028-12-07,call,regular,330,0.4415,842,35620.0
2026-08-18,34750,2028-12-07,call,regular,100,0.4398,842,35405.0
2026-08-18,35500,2028-12-07,call,regular,443,0.434,842,34750.0
2026-08-18,36000,2028-12-07,call,regular,450,0.4303,842,34315.0
2026-08-18,36500,2028-12-07,call,regular,52,0.4268,842,33885.0
2026-08-18,38000,2028-12-07,call,regular,120,0.4164,842,32600.0
2026-08-18,39000,2028-12-07,call,regular,575,0.4097,842,31750.0
2026-08-18,40000,2028-12-07,call,regular,30,0.4032,842,30905.0
2026-08-18,41000,2028-12-07,call,regular,375,0.3967,842,30065.0
2026-08-18,42000,2028-12-07,call,regular,65,0.3906,842,29235.0
2026-08-18,42500,2028-12-07,call,regular,100,0.3878,842,28825.0
2026-08-18,50000,2028-12-07,call,regular,400,0.3485,842,22910.0
2026-08-18,53000,2028-12-07,call,regular,50,0.3356,842,20715.0
2026-08-18,55000,2028-12-07,call,regular,50,0.328,842,19320.0
2026-08-18,56000,2028-12-07,call,regular,650,0.3244,842,18640.0
2026-08-18,60000,2028-12-07,call,regular,250,0.3115,842,16075.0
2026-08-18,67500,2028-12-07,call,regular,100,0.2931,842,11930.0
2026-08-18,75000,2028-12-07,call,regular,80,0.2803,842,8655.0
2026-08-18,80000,2028-12-07,call,regular,200,0.2737,842,6910.0
2026-08-18,50000,2029-12-13,call,regular,100,0.3323,1213,24415.0
2026-08-18,60000,2029-12-13,call,regular,375,0.3039,1213,18035.0
2026-08-18,65000,2029-12-13,call,regular,50,0.2944,1213,15365.0
2026-08-18,57000,2030-12-12,call,regular,300,0.3096,1577,21570.0
2026-08-18,64000,2030-12-12,call,regular,3,0.2958,1577,17775.0
2026-08-18,58375,2026-08-19,put,mini,42,0.9098,1,1.0
2026-08-18,62000,2026-08-19,put,mini,1,0.5551,1,1.0
2026-08-18,66000,2026-08-19,put,mini,8,0.2178,1,8.0
2026-08-18,58375,2026-08-21,put,mini,4199,0.5253,3,1.0
2026-08-18,58500,2026-08-21,put,mini,2601,0.5182,3,1.0
2026-08-18,58625,2026-08-21,put,mini,503,0.511,3,1.0
2026-08-18,58750,2026-08-21,put,mini,700,0.5039,3,1.0
2026-08-18,58875,2026-08-21,put,mini,607,0.4967,3,1.0
2026-08-18,59000,2026-08-21,put,mini,654,0.4896,3,1.0
2026-08-18,59125,2026-08-21,put,mini,1070,0.4825,3,1.0
2026-08-18,59250,2026-08-21,put,mini,500,0.4754,3,1.0
2026-08-18,59375,2026-08-21,put,mini,500,0.4985,3,2.0
2026-08-18,59500,2026-08-21,put,mini,511,0.5109,3,3.0
2026-08-18,59750,2026-08-21,put,mini,3,0.4954,3,3.0
2026-08-18,59875,2026-08-21,put,mini,10,0.4877,3,3.0
2026-08-18,60000,2026-08-21,put,mini,2822,0.48,3,3.0
2026-08-18,60125,2026-08-21,put,mini,10,0.4723,3,3.0
2026-08-18,60250,2026-08-21,put,mini,3,0.4646,3,3.0
2026-08-18,60375,2026-08-21,put,mini,1,0.4569,3,3.0
2026-08-18,60500,2026-08-21,put,mini,11,0.4492,3,3.0
2026-08-18,60750,2026-08-21,put,mini,4,0.4473,3,4.0
2026-08-18,60875,2026-08-21,put,mini,2,0.4394,3,4.0
2026-08-18,61000,2026-08-21,put,mini,259,0.4315,3,4.0
2026-08-18,61250,2026-08-21,put,mini,13,0.4158,3,4.0
2026-08-18,61375,2026-08-21,put,mini,2,0.4183,3,5.0
2026-08-18,61500,2026-08-21,put,mini,92,0.4103,3,5.0
2026-08-18,61625,2026-08-21,put,mini,2,0.4023,3,5.0
2026-08-18,61750,2026-08-21,put,mini,1,0.3943,3,5.0
2026-08-18,62000,2026-08-21,put,mini,154,0.3782,3,5.0
2026-08-18,62125,2026-08-21,put,mini,2,0.3783,3,6.0
2026-08-18,62250,2026-08-21,put,mini,27,0.3622,3,5.0
2026-08-18,62500,2026-08-21,put,mini,267,0.3538,3,6.0
2026-08-18,62625,2026-08-21,put,mini,14,0.3585,3,8.0
2026-08-18,62750,2026-08-21,put,mini,23,0.3501,3,8.0
2026-08-18,62875,2026-08-21,put,mini,2,0.3417,3,8.0
2026-08-18,63000,2026-08-21,put,mini,125,0.3434,3,10.0
2026-08-18,63250,2026-08-21,put,mini,14,0.3347,3,12.0
2026-08-18,63375,2026-08-21,put,mini,3,0.3259,3,12.0
2026-08-18,63500,2026-08-21,put,mini,93,0.317,3,12.0
2026-08-18,63625,2026-08-21,put,mini,12,0.3082,3,12.0
2026-08-18,63750,2026-08-21,put,mini,16,0.3029,3,13.0
2026-08-18,63875,2026-08-21,put,mini,3,0.2973,3,14.0
2026-08-18,64000,2026-08-21,put,mini,910,0.2914,3,15.0
2026-08-18,64125,2026-08-21,put,mini,50,0.2907,3,18.0
2026-08-18,64250,2026-08-21,put,mini,79,0.2813,3,18.0
2026-08-18,64375,2026-08-21,put,mini,2,0.2719,3,18.0
2026-08-18,64500,2026-08-21,put,mini,270,0.2718,3,22.0
2026-08-18,64625,2026-08-21,put,mini,4,0.2599,3,21.0
2026-08-18,64750,2026-08-21,put,mini,13,0.2502,3,21.0
2026-08-18,64875,2026-08-21,put,mini,106,0.2465,3,24.0
2026-08-18,65000,2026-08-21,put,mini,853,0.2455,3,29.0
2026-08-18,65250,2026-08-21,put,mini,17,0.2339,3,35.0
2026-08-18,65500,2026-08-21,put,mini,273,0.219,3,40.0
2026-08-18,65625,2026-08-21,put,mini,3,0.2127,3,44.0
2026-08-18,65750,2026-08-21,put,mini,149,0.2058,3,48.0
2026-08-18,65875,2026-08-21,put,mini,302,0.2003,3,54.0
2026-08-18,66000,2026-08-21,put,mini,953,0.1931,3,59.0
2026-08-18,66125,2026-08-21,put,mini,65,0.186,3,65.0
2026-08-18,66250,2026-08-21,put,mini,7,0.1766,3,69.0
2026-08-18,66375,2026-08-21,put,mini,3,0.1702,3,78.0
2026-08-18,66500,2026-08-21,put,mini,247,0.1622,3,86.0
2026-08-18,66625,2026-08-21,put,mini,1,0.152,3,92.0
2026-08-18,66750,2026-08-21,put,mini,65,0.1478,3,110.0
2026-08-18,66875,2026-08-21,put,mini,14,0.1366,3,118.0
2026-08-18,67000,2026-08-21,put,mini,727,0.1252,3,128.0
2026-08-18,67125,2026-08-21,put,mini,55,0.1166,3,147.0
2026-08-18,67250,2026-08-21,put,mini,220,0.1041,3,162.0
2026-08-18,67375,2026-08-21,put,mini,1,0.0911,3,182.0
2026-08-18,67500,2026-08-21,put,mini,295,0.0752,3,204.0
2026-08-18,67625,2026-08-21,put,mini,2,0.0511,3,224.0
2026-08-18,67750,2026-08-21,put,mini,17,0.2,3,255.0
2026-08-18,67875,2026-08-21,put,mini,277,0.2,3,277.0
2026-08-18,68000,2026-08-21,put,mini,604,0.2,3,320.0
2026-08-18,68125,2026-08-21,put,mini,1,0.2,3,335.0
2026-08-18,68250,2026-08-21,put,mini,18,0.2,3,380.0
2026-08-18,68375,2026-08-21,put,mini,6,0.2,3,405.0
2026-08-18,68500,2026-08-21,put,mini,180,0.2,3,470.0
2026-08-18,68625,2026-08-21,put,mini,11,0.2,3,500.0
2026-08-18,68750,2026-08-21,put,mini,31,0.2,3,570.0
2026-08-18,68875,2026-08-21,put,mini,7,0.2,3,595.0
2026-08-18,69000,2026-08-21,put,mini,416,0.2,3,655.0
2026-08-18,69125,2026-08-21,put,mini,2,0.2,3,705.0
2026-08-18,69250,2026-08-21,put,mini,13,0.2,3,765.0
2026-08-18,69375,2026-08-21,put,mini,2,0.2,3,820.0
2026-08-18,69500,2026-08-21,put,mini,53,0.2,3,885.0
2026-08-18,70000,2026-08-21,put,mini,3,0.2,3,1185.0
2026-08-18,70500,2026-08-21,put,mini,2,0.2,3,1535.0
2026-08-18,71000,2026-08-21,put,mini,1,0.2,3,1920.0
2026-08-18,59875,2026-08-26,put,mini,24,0.3853,8,24.0
2026-08-18,62000,2026-08-26,put,mini,42,0.3151,8,42.0
2026-08-18,62625,2026-08-26,put,mini,57,0.301,8,57.0
2026-08-18,65500,2026-08-26,put,mini,2,0.2033,8,173.0
2026-08-18,68250,2026-08-26,put,mini,2,0.2,8,720.0
2026-08-18,58375,2026-08-28,put,mini,63,0.3672,10,11.0
2026-08-18,58500,2026-08-28,put,mini,24,0.3663,10,12.0
2026-08-18,58625,2026-08-28,put,mini,3,0.3651,10,13.0
2026-08-18,58875,2026-08-28,put,mini,3,0.3651,10,16.0
2026-08-18,59000,2026-08-28,put,mini,11,0.3631,10,17.0
2026-08-18,59125,2026-08-28,put,mini,3,0.3636,10,19.0
2026-08-18,59500,2026-08-28,put,mini,4,0.3602,10,24.0
2026-08-18,60000,2026-08-28,put,mini,16,0.3581,10,34.0
2026-08-18,60375,2026-08-28,put,mini,1,0.3467,10,37.0
2026-08-18,60875,2026-08-28,put,mini,1,0.3305,10,41.0
2026-08-18,61000,2026-08-28,put,mini,36,0.325,10,41.0
2026-08-18,61125,2026-08-28,put,mini,2,0.3259,10,46.0
2026-08-18,61250,2026-08-28,put,mini,1,0.3239,10,49.0
2026-08-18,61375,2026-08-28,put,mini,1,0.3206,10,51.0
2026-08-18,61875,2026-08-28,put,mini,2,0.3031,10,56.0
2026-08-18,62000,2026-08-28,put,mini,21,0.2983,10,57.0
2026-08-18,62500,2026-08-28,put,mini,1,0.2909,10,75.0
2026-08-18,62750,2026-08-28,put,mini,4,0.2842,10,82.0
2026-08-18,62875,2026-08-28,put,mini,2,0.278,10,82.0
2026-08-18,63000,2026-08-28,put,mini,12,0.2719,10,82.0
2026-08-18,63375,2026-08-28,put,mini,2,0.2672,10,103.0
2026-08-18,63500,2026-08-28,put,mini,3,0.2607,10,103.0
2026-08-18,64000,2026-08-28,put,mini,11,0.25,10,131.0
2026-08-18,64500,2026-08-28,put,mini,50,0.235,10,158.0
2026-08-18,64750,2026-08-28,put,mini,50,0.2298,10,180.0
2026-08-18,64875,2026-08-28,put,mini,2,0.224,10,184.0
2026-08-18,65000,2026-08-28,put,mini,100,0.2165,10,184.0
2026-08-18,65500,2026-08-28,put,mini,37,0.2029,10,233.0
2026-08-18,66000,2026-08-28,put,mini,2,0.191,10,305.0
2026-08-18,66250,2026-08-28,put,mini,4,0.181,10,335.0
2026-08-18,66375,2026-08-28,put,mini,1,0.1794,10,365.0
2026-08-18,67000,2026-08-28,put,mini,10,0.1558,10,485.0
2026-08-18,67500,2026-08-28,put,mini,4,0.1359,10,625.0
2026-08-18,67750,2026-08-28,put,mini,4,0.1172,10,680.0
2026-08-18,68000,2026-08-28,put,mini,21,0.1033,10,780.0
2026-08-18,68125,2026-08-28,put,mini,800,0.0849,10,800.0
2026-08-18,68250,2026-08-28,put,mini,4,0.0669,10,845.0
2026-08-18,68500,2026-08-28,put,mini,4,0.2,10,960.0
2026-08-18,68750,2026-08-28,put,mini,8,0.2,10,1050.0
2026-08-18,69000,2026-08-28,put,mini,4,0.2,10,1175.0
2026-08-18,69250,2026-08-28,put,mini,5,0.2,10,1310.0
2026-08-18,69500,2026-08-28,put,mini,4,0.2,10,1435.0
2026-08-18,69625,2026-08-28,put,mini,1,0.2,10,1480.0
2026-08-18,65500,2026-09-02,put,mini,2,0.2103,15,410.0
2026-08-18,68250,2026-09-02,put,mini,2,0.1168,15,1110.0
2026-08-18,58875,2026-09-04,put,mini,1,0.3524,17,70.0
2026-08-18,66000,2026-09-04,put,mini,3,0.2035,17,580.0
2026-08-18,66250,2026-09-04,put,mini,4,0.1962,17,625.0
2026-08-18,67750,2026-09-04,put,mini,4,0.1511,17,1030.0
2026-08-18,68250,2026-09-04,put,mini,2,0.1287,17,1210.0
2026-08-18,68750,2026-09-04,put,mini,4,0.0972,17,1430.0
2026-08-18,58375,2026-09-11,put,mini,30,0.3545,24,135.0
2026-08-18,58500,2026-09-11,put,mini,223,0.3572,24,148.0
2026-08-18,58750,2026-09-11,put,mini,37,0.3471,24,145.0
2026-08-18,59000,2026-09-11,put,mini,274,0.3475,24,163.0
2026-08-18,59250,2026-09-11,put,mini,6,0.3379,24,161.0
2026-08-18,59375,2026-09-11,put,mini,169,0.3373,24,169.0
2026-08-18,59500,2026-09-11,put,mini,51,0.337,24,178.0
2026-08-18,59750,2026-09-11,put,mini,3,0.3269,24,175.0
2026-08-18,59875,2026-09-11,put,mini,1,0.3281,24,188.0
2026-08-18,60000,2026-09-11,put,mini,411,0.3273,24,197.0
2026-08-18,60250,2026-09-11,put,mini,3,0.3176,24,195.0
2026-08-18,60375,2026-09-11,put,mini,4,0.3151,24,200.0
2026-08-18,60500,2026-09-11,put,mini,32,0.3197,24,224.0
2026-08-18,60625,2026-09-11,put,mini,1,0.3111,24,213.0
2026-08-18,60750,2026-09-11,put,mini,220,0.3091,24,220.0
2026-08-18,60875,2026-09-11,put,mini,1,0.3071,24,227.0
2026-08-18,61000,2026-09-11,put,mini,77,0.3098,24,248.0
2026-08-18,61125,2026-09-11,put,mini,1,0.3003,24,234.0
2026-08-18,61250,2026-09-11,put,mini,55,0.2984,24,242.0
2026-08-18,61375,2026-09-11,put,mini,2,0.2977,24,254.0
2026-08-18,61500,2026-09-11,put,mini,78,0.3003,24,277.0
2026-08-18,61625,2026-09-11,put,mini,1,0.2924,24,267.0
2026-08-18,61750,2026-09-11,put,mini,11,0.2904,24,276.0
2026-08-18,61875,2026-09-11,put,mini,1,0.2884,24,285.0
2026-08-18,62000,2026-09-11,put,mini,189,0.2937,24,320.0
2026-08-18,62250,2026-09-11,put,mini,5,0.2824,24,315.0
2026-08-18,62500,2026-09-11,put,mini,499,0.2806,24,345.0
2026-08-18,62750,2026-09-11,put,mini,60,0.2743,24,360.0
2026-08-18,63000,2026-09-11,put,mini,553,0.2751,24,405.0
2026-08-18,63125,2026-09-11,put,mini,395,0.2675,24,395.0
2026-08-18,63250,2026-09-11,put,mini,56,0.2658,24,410.0
2026-08-18,63500,2026-09-11,put,mini,48,0.2664,24,460.0
2026-08-18,63625,2026-09-11,put,mini,1,0.2609,24,460.0
2026-08-18,63750,2026-09-11,put,mini,74,0.2587,24,475.0
2026-08-18,64000,2026-09-11,put,mini,200,0.2579,24,525.0
2026-08-18,64125,2026-09-11,put,mini,20,0.2553,24,540.0
2026-08-18,64250,2026-09-11,put,mini,248,0.2525,24,555.0
2026-08-18,64375,2026-09-11,put,mini,1,0.2506,24,575.0
2026-08-18,64500,2026-09-11,put,mini,684,0.2485,24,595.0
2026-08-18,64750,2026-09-11,put,mini,185,0.2439,24,635.0
2026-08-18,65000,2026-09-11,put,mini,438,0.237,24,665.0
2026-08-18,65125,2026-09-11,put,mini,1,0.2377,24,705.0
2026-08-18,65250,2026-09-11,put,mini,8,0.2348,24,725.0
2026-08-18,65375,2026-09-11,put,mini,6,0.2326,24,750.0
2026-08-18,65500,2026-09-11,put,mini,61,0.231,24,780.0
2026-08-18,65625,2026-09-11,put,mini,805,0.2284,24,805.0
2026-08-18,65750,2026-09-11,put,mini,19,0.2257,24,830.0
2026-08-18,65875,2026-09-11,put,mini,860,0.2236,24,860.0
2026-08-18,66000,2026-09-11,put,mini,91,0.2205,24,885.0
2026-08-18,66250,2026-09-11,put,mini,5,0.2155,24,945.0
2026-08-18,66500,2026-09-11,put,mini,73,0.2111,24,1015.0
2026-08-18,66750,2026-09-11,put,mini,7,0.2052,24,1080.0
2026-08-18,66875,2026-09-11,put,mini,1115,0.2023,24,1115.0
2026-08-18,67000,2026-09-11,put,mini,109,0.1985,24,1145.0
2026-08-18,67125,2026-09-11,put,mini,1190,0.1966,24,1190.0
2026-08-18,67250,2026-09-11,put,mini,3,0.1937,24,1230.0
2026-08-18,67500,2026-09-11,put,mini,31,0.1879,24,1315.0
2026-08-18,67750,2026-09-11,put,mini,11,0.1803,24,1395.0
2026-08-18,68000,2026-09-11,put,mini,79,0.1744,24,1495.0
2026-08-18,68250,2026-09-11,put,mini,236,0.1657,24,1585.0
2026-08-18,68375,2026-09-11,put,mini,4,0.1622,24,1640.0
2026-08-18,68500,2026-09-11,put,mini,177,0.1567,24,1685.0
2026-08-18,68625,2026-09-11,put,mini,1,0.1515,24,1735.0
2026-08-18,68750,2026-09-11,put,mini,1501,0.1482,24,1800.0
2026-08-18,68875,2026-09-11,put,mini,2,0.1418,24,1850.0
2026-08-18,69000,2026-09-11,put,mini,646,0.1346,24,1900.0
2026-08-18,69125,2026-09-11,put,mini,1,0.1253,24,1945.0
2026-08-18,69250,2026-09-11,put,mini,8,0.1216,24,2025.0
2026-08-18,69500,2026-09-11,put,mini,11,0.1007,24,2145.0
2026-08-18,69625,2026-09-11,put,mini,1,0.087,24,2215.0
2026-08-18,69750,2026-09-11,put,mini,12,0.2,24,2280.0
2026-08-18,70000,2026-09-11,put,mini,12,0.2,24,2415.0
2026-08-18,70250,2026-09-11,put,mini,45,0.2,24,2555.0
2026-08-18,70500,2026-09-11,put,mini,64,0.2,24,2700.0
2026-08-18,71000,2026-09-11,put,mini,6,0.2,24,2995.0
2026-08-18,71250,2026-09-11,put,mini,6,0.2,24,3155.0
2026-08-18,71500,2026-09-11,put,mini,9,0.2,24,3325.0
2026-08-18,71750,2026-09-11,put,mini,743,0.2,24,3495.0
2026-08-18,72000,2026-09-11,put,mini,9,0.2,24,3655.0
2026-08-18,72250,2026-09-11,put,mini,44,0.2,24,3860.0
2026-08-18,72375,2026-09-11,put,mini,3885,0.2,24,3885.0
2026-08-18,72500,2026-09-11,put,mini,20,0.2,24,4045.0
2026-08-18,72750,2026-09-11,put,mini,32,0.2,24,4235.0
2026-08-18,73000,2026-09-11,put,mini,72,0.2,24,4395.0
2026-08-18,73250,2026-09-11,put,mini,248,0.2,24,4595.0
2026-08-18,73500,2026-09-11,put,mini,105,0.2,24,4795.0
2026-08-18,73750,2026-09-11,put,mini,3,0.2,24,5005.0
2026-08-18,74000,2026-09-11,put,mini,34,0.2,24,5205.0
2026-08-18,74250,2026-09-11,put,mini,1,0.2,24,5425.0
2026-08-18,75000,2026-09-11,put,mini,67,0.2,24,6030.0
2026-08-18,75250,2026-09-11,put,mini,12,0.2,24,6255.0
2026-08-18,68250,2026-09-18,put,mini,6,0.1727,31,1790.0
2026-08-18,68750,2026-09-18,put,mini,3,0.1578,31,1995.0
2026-08-18,69250,2026-09-18,put,mini,6,0.1408,31,2230.0
2026-08-18,58375,2026-10-09,put,mini,14,0.3231,52,440.0
2026-08-18,58500,2026-10-09,put,mini,8,0.3217,52,450.0
2026-08-18,58750,2026-10-09,put,mini,3,0.3199,52,475.0
2026-08-18,59000,2026-10-09,put,mini,7,0.3168,52,495.0
2026-08-18,59375,2026-10-09,put,mini,2,0.3109,52,520.0
2026-08-18,59500,2026-10-09,put,mini,7,0.3101,52,535.0
2026-08-18,59750,2026-10-09,put,mini,4,0.3074,52,560.0
2026-08-18,59875,2026-10-09,put,mini,1,0.3056,52,570.0
2026-08-18,60000,2026-10-09,put,mini,23,0.3046,52,585.0
2026-08-18,60500,2026-10-09,put,mini,2,0.299,52,640.0
2026-08-18,60750,2026-10-09,put,mini,1,0.2964,52,670.0
2026-08-18,61000,2026-10-09,put,mini,5,0.2943,52,705.0
2026-08-18,61125,2026-10-09,put,mini,4,0.292,52,715.0
2026-08-18,61250,2026-10-09,put,mini,1,0.2911,52,735.0
2026-08-18,61500,2026-10-09,put,mini,770,0.2886,52,770.0
2026-08-18,62000,2026-10-09,put,mini,16,0.2841,52,850.0
2026-08-18,62250,2026-10-09,put,mini,3,0.2808,52,885.0
2026-08-18,62375,2026-10-09,put,mini,1,0.2794,52,905.0
2026-08-18,62750,2026-10-09,put,mini,973,0.2761,52,975.0
2026-08-18,63000,2026-10-09,put,mini,8,0.2734,52,1020.0
2026-08-18,63250,2026-10-09,put,mini,6,0.2717,52,1075.0
2026-08-18,63500,2026-10-09,put,mini,3,0.2696,52,1130.0
2026-08-18,63625,2026-10-09,put,mini,2,0.2663,52,1140.0
2026-08-18,63750,2026-10-09,put,mini,219,0.2666,52,1180.0
2026-08-18,63875,2026-10-09,put,mini,1,0.2633,52,1190.0
2026-08-18,64000,2026-10-09,put,mini,74,0.264,52,1235.0
2026-08-18,64250,2026-10-09,put,mini,183,0.2616,52,1295.0
2026-08-18,64500,2026-10-09,put,mini,111,0.2596,52,1360.0
2026-08-18,64750,2026-10-09,put,mini,81,0.2571,52,1425.0
2026-08-18,64875,2026-10-09,put,mini,2,0.2539,52,1440.0
2026-08-18,65000,2026-10-09,put,mini,16,0.2544,52,1490.0
2026-08-18,65250,2026-10-09,put,mini,37,0.2519,52,1560.0
2026-08-18,65375,2026-10-09,put,mini,1,0.2489,52,1580.0
2026-08-18,65500,2026-10-09,put,mini,15,0.2496,52,1635.0
2026-08-18,65750,2026-10-09,call,mini,2,0.2,52,1710.0
2026-08-18,66000,2026-10-09,call,mini,6,0.086,52,1790.0
2026-08-18,66500,2026-10-09,call,mini,29,0.1406,52,1955.0
2026-08-18,67000,2026-10-09,call,mini,22,0.1858,52,2125.0
2026-08-18,67250,2026-10-09,call,mini,59,0.2089,52,2230.0
2026-08-18,67500,2026-10-09,call,mini,110,0.2294,52,2315.0
2026-08-18,68000,2026-10-09,call,mini,11,0.2769,52,2565.0
2026-08-18,68250,2026-10-09,call,mini,493,0.2942,52,2630.0
2026-08-18,68500,2026-10-09,call,mini,317,0.3171,52,2755.0
2026-08-18,68750,2026-10-09,call,mini,2609,0.3389,52,2870.0
2026-08-18,69000,2026-10-09,call,mini,1018,0.3594,52,2975.0
2026-08-18,69500,2026-10-09,call,mini,18,0.4045,52,3230.0
2026-08-18,69750,2026-10-09,call,mini,6,0.4281,52,3370.0
2026-08-18,70000,2026-10-09,call,mini,1,0.4515,52,3510.0
2026-08-18,70500,2026-10-09,call,mini,1,0.497,52,3780.0
2026-08-18,71250,2026-10-09,call,mini,3,0.5675,52,4215.0
2026-08-18,71500,2026-10-09,call,mini,4365,0.5913,52,4365.0
2026-08-18,71750,2026-10-09,call,mini,1011,0.6156,52,4520.0
2026-08-18,65250,2026-11-13,call,mini,2,0.0513,87,2295.0
2026-08-18,65375,2026-11-13,call,mini,1,0.072,87,2335.0
2026-08-18,65500,2026-11-13,call,mini,1,0.0861,87,2370.0
2026-08-18,62000,2026-08-19,call,mini,7270,2.9304,1,7270.0
2026-08-18,71750,2026-08-19,call,mini,208,0.6025,1,21.0
2026-08-18,62000,2026-08-21,call,mini,7285,1.6992,3,7285.0
2026-08-18,62750,2026-08-21,call,mini,6540,1.5818,3,6540.0
2026-08-18,64000,2026-08-21,call,mini,13,1.3802,3,5295.0
2026-08-18,64500,2026-08-21,call,mini,4,1.2989,3,4800.0
2026-08-18,65000,2026-08-21,call,mini,2,1.2181,3,4310.0
2026-08-18,65250,2026-08-21,call,mini,4065,1.177,3,4065.0
2026-08-18,65500,2026-08-21,call,mini,13,1.1353,3,3820.0
2026-08-18,66000,2026-08-21,call,mini,16,1.0542,3,3340.0
2026-08-18,66125,2026-08-21,call,mini,3220,1.0335,3,3220.0
2026-08-18,66250,2026-08-21,call,mini,4,1.0125,3,3100.0
2026-08-18,66375,2026-08-21,call,mini,2985,0.9934,3,2985.0
2026-08-18,66500,2026-08-21,call,mini,20,0.9719,3,2865.0
2026-08-18,66625,2026-08-21,call,mini,2750,0.9522,3,2750.0
2026-08-18,66750,2026-08-21,call,mini,2,0.9344,3,2640.0
2026-08-18,66875,2026-08-21,call,mini,1,0.9141,3,2525.0
2026-08-18,67000,2026-08-21,call,mini,16,0.8935,3,2410.0
2026-08-18,67125,2026-08-21,call,mini,2300,0.8746,3,2300.0
2026-08-18,67250,2026-08-21,call,mini,21,0.8573,3,2195.0
2026-08-18,67375,2026-08-21,call,mini,3,0.8397,3,2090.0
2026-08-18,67500,2026-08-21,call,mini,87,0.8236,3,1990.0
2026-08-18,67625,2026-08-21,call,mini,34,0.803,3,1880.0
2026-08-18,67750,2026-08-21,call,mini,74,0.7839,3,1775.0
2026-08-18,67875,2026-08-21,call,mini,84,0.7704,3,1685.0
2026-08-18,68000,2026-08-21,call,mini,248,0.7522,3,1585.0
2026-08-18,68125,2026-08-21,call,mini,6,0.7354,3,1490.0
2026-08-18,68250,2026-08-21,call,mini,10,0.7242,3,1410.0
2026-08-18,68375,2026-08-21,call,mini,1,0.7039,3,1310.0
2026-08-18,68500,2026-08-21,call,mini,65,0.6703,3,1180.0
2026-08-18,68625,2026-08-21,call,mini,1,0.68,3,1155.0
2026-08-18,68750,2026-08-21,call,mini,26,0.6508,3,1040.0
2026-08-18,68875,2026-08-21,call,mini,7,0.6528,3,1000.0
2026-08-18,69000,2026-08-21,call,mini,693,0.628,3,900.0
2026-08-18,69125,2026-08-21,call,mini,2,0.6152,3,830.0
2026-08-18,69250,2026-08-21,call,mini,114,0.6082,3,775.0
2026-08-18,69375,2026-08-21,call,mini,29,0.5979,3,715.0
2026-08-18,69500,2026-08-21,call,mini,383,0.5866,3,655.0
2026-08-18,69625,2026-08-21,call,mini,6,0.5741,3,595.0
2026-08-18,69750,2026-08-21,call,mini,80,0.5727,3,560.0
2026-08-18,69875,2026-08-21,call,mini,105,0.5553,3,495.0
2026-08-18,70000,2026-08-21,call,mini,459,0.544,3,445.0
2026-08-18,70125,2026-08-21,call,mini,12,0.5395,3,410.0
2026-08-18,70250,2026-08-21,call,mini,101,0.5311,3,370.0
2026-08-18,70375,2026-08-21,call,mini,15,0.5272,3,340.0
2026-08-18,70500,2026-08-21,call,mini,568,0.5162,3,300.0
2026-08-18,70625,2026-08-21,call,mini,10,0.5118,3,273.0
2026-08-18,70750,2026-08-21,call,mini,69,0.5084,3,249.0
2026-08-18,71000,2026-08-21,call,mini,499,0.4896,3,190.0
2026-08-18,71125,2026-08-21,call,mini,1,0.4917,3,178.0
2026-08-18,71250,2026-08-21,call,mini,583,0.4802,3,151.0
2026-08-18,71375,2026-08-21,call,mini,144,0.485,3,144.0
2026-08-18,71500,2026-08-21,call,mini,96,0.4728,3,120.0
2026-08-18,71625,2026-08-21,call,mini,17,0.4665,3,104.0
2026-08-18,71750,2026-08-21,call,mini,249,0.4631,3,92.0
2026-08-18,62000,2026-08-26,call,mini,7330,1.0541,8,7330.0
2026-08-18,65500,2026-08-26,call,mini,2,0.7335,8,3965.0
2026-08-18,68250,2026-08-26,call,mini,2,0.5319,8,1760.0
2026-08-18,62000,2026-08-28,call,mini,7305,0.9359,10,7305.0
2026-08-18,62750,2026-08-28,call,mini,4,0.8768,10,6580.0
2026-08-18,64000,2026-08-28,call,mini,4,0.7772,10,5380.0
2026-08-18,65375,2026-08-28,call,mini,1,0.673,10,4110.0
2026-08-18,65500,2026-08-28,call,mini,2,0.6608,10,3985.0
2026-08-18,65750,2026-08-28,call,mini,1,0.6478,10,3785.0
2026-08-18,66250,2026-08-28,call,mini,4,0.6086,10,3335.0
2026-08-18,67750,2026-08-28,call,mini,4,0.5201,10,2180.0
2026-08-18,68250,2026-08-28,call,mini,2,0.4949,10,1845.0
2026-08-18,68500,2026-08-28,call,mini,4,0.488,10,1710.0
2026-08-18,68750,2026-08-28,call,mini,9,0.4743,10,1550.0
2026-08-18,69000,2026-08-28,call,mini,8,0.4674,10,1425.0
2026-08-18,69250,2026-08-28,call,mini,9,0.4616,10,1310.0
2026-08-18,69500,2026-08-28,call,mini,1,0.4523,10,1185.0
2026-08-18,69750,2026-08-28,call,mini,2,0.4378,10,1045.0
2026-08-18,70000,2026-08-28,call,mini,3,0.4341,10,955.0
2026-08-18,70500,2026-08-28,call,mini,2,0.4173,10,755.0
2026-08-18,70875,2026-08-28,call,mini,1,0.4058,10,625.0
2026-08-18,71000,2026-08-28,call,mini,5,0.402,10,585.0
2026-08-18,71250,2026-08-28,call,mini,204,0.3977,10,520.0
2026-08-18,71750,2026-08-28,call,mini,9,0.3874,10,400.0
2026-08-18,65500,2026-09-02,call,mini,2,0.577,15,4180.0
2026-08-18,68250,2026-09-02,call,mini,2,0.4565,15,2130.0
2026-08-18,65500,2026-09-04,call,mini,3,0.5555,17,4255.0
2026-08-18,66250,2026-09-04,call,mini,4,0.5205,17,3640.0
2026-08-18,67750,2026-09-04,call,mini,4,0.4617,17,2545.0
2026-08-18,68250,2026-09-04,call,mini,2,0.446,17,2230.0
2026-08-18,68750,2026-09-04,call,mini,4,0.431,17,1935.0
2026-08-18,58500,2026-09-11,call,mini,2,0.8208,24,10920.0
2026-08-18,58750,2026-09-11,call,mini,10680,0.8087,24,10680.0
2026-08-18,59000,2026-09-11,call,mini,3,0.7957,24,10435.0
2026-08-18,59250,2026-09-11,call,mini,10195,0.7837,24,10195.0
2026-08-18,59375,2026-09-11,call,mini,1,0.7767,24,10070.0
2026-08-18,59500,2026-09-11,call,mini,9950,0.7706,24,9950.0
2026-08-18,59750,2026-09-11,call,mini,9710,0.7584,24,9710.0
2026-08-18,60000,2026-09-11,call,mini,1,0.7453,24,9465.0
2026-08-18,60250,2026-09-11,call,mini,9230,0.734,24,9230.0
2026-08-18,61000,2026-09-11,call,mini,1,0.6978,24,8515.0
2026-08-18,61250,2026-09-11,call,mini,32,0.6853,24,8275.0
2026-08-18,61500,2026-09-11,call,mini,26,0.6745,24,8045.0
2026-08-18,62000,2026-09-11,call,mini,3,0.6517,24,7580.0
2026-08-18,62250,2026-09-11,call,mini,2,0.6406,24,7350.0
2026-08-18,62500,2026-09-11,call,mini,6,0.6285,24,7115.0
2026-08-18,62750,2026-09-11,call,mini,26,0.6172,24,6885.0
2026-08-18,62875,2026-09-11,call,mini,6770,0.6115,24,6770.0
2026-08-18,63000,2026-09-11,call,mini,71,0.6066,24,6660.0
2026-08-18,63250,2026-09-11,call,mini,59,0.5966,24,6440.0
2026-08-18,63500,2026-09-11,call,mini,31,0.5857,24,6215.0
2026-08-18,63750,2026-09-11,call,mini,324,0.5754,24,5995.0
2026-08-18,64000,2026-09-11,call,mini,189,0.5649,24,5775.0
2026-08-18,64250,2026-09-11,call,mini,352,0.5558,24,5565.0
2026-08-18,64375,2026-09-11,call,mini,1,0.5504,24,5455.0
2026-08-18,64500,2026-09-11,call,mini,184,0.5457,24,5350.0
2026-08-18,64750,2026-09-11,call,mini,134,0.5354,24,5135.0
2026-08-18,65000,2026-09-11,call,mini,26,0.5264,24,4930.0
2026-08-18,65125,2026-09-11,call,mini,3,0.5214,24,4825.0
2026-08-18,65250,2026-09-11,call,mini,15,0.5171,24,4725.0
2026-08-18,65500,2026-09-11,call,mini,17,0.5076,24,4520.0
2026-08-18,65750,2026-09-11,call,mini,4,0.4993,24,4325.0
2026-08-18,66000,2026-09-11,call,mini,26,0.4907,24,4130.0
2026-08-18,66125,2026-09-11,call,mini,2,0.4859,24,4030.0
2026-08-18,66250,2026-09-11,call,mini,8,0.4817,24,3935.0
2026-08-18,66500,2026-09-11,call,mini,26,0.4739,24,3750.0
2026-08-18,66625,2026-09-11,call,mini,1,0.4688,24,3650.0
2026-08-18,66750,2026-09-11,call,mini,19,0.4672,24,3575.0
2026-08-18,66875,2026-09-11,call,mini,3475,0.4619,24,3475.0
2026-08-18,67000,2026-09-11,call,mini,59,0.4586,24,3390.0
2026-08-18,67125,2026-09-11,call,mini,2,0.4553,24,3305.0
2026-08-18,67250,2026-09-11,call,mini,48,0.4504,24,3210.0
2026-08-18,67375,2026-09-11,call,mini,3120,0.4461,24,3120.0
2026-08-18,67500,2026-09-11,call,mini,82,0.4432,24,3040.0
2026-08-18,67625,2026-09-11,call,mini,2965,0.4409,24,2965.0
2026-08-18,67750,2026-09-11,call,mini,14,0.4363,24,2875.0
2026-08-18,68000,2026-09-11,call,mini,71,0.4296,24,2715.0
2026-08-18,68125,2026-09-11,call,mini,4,0.4276,24,2645.0
2026-08-18,68250,2026-09-11,call,mini,241,0.4246,24,2570.0
2026-08-18,68375,2026-09-11,call,mini,1,0.4209,24,2490.0
2026-08-18,68500,2026-09-11,call,mini,204,0.417,24,2410.0
2026-08-18,68625,2026-09-11,call,mini,2345,0.4152,24,2345.0
2026-08-18,68750,2026-09-11,call,mini,1502,0.411,24,2265.0
2026-08-18,68875,2026-09-11,call,mini,2205,0.4096,24,2205.0
2026-08-18,69000,2026-09-11,call,mini,689,0.4059,24,2130.0
2026-08-18,69125,2026-09-11,call,mini,3,0.4021,24,2055.0
2026-08-18,69250,2026-09-11,call,mini,15,0.4003,24,1995.0
2026-08-18,69375,2026-09-11,call,mini,1930,0.3976,24,1930.0
2026-08-18,69500,2026-09-11,call,mini,40,0.3941,24,1860.0
2026-08-18,69625,2026-09-11,call,mini,1,0.3926,24,1805.0
2026-08-18,69750,2026-09-11,call,mini,4,0.391,24,1750.0
2026-08-18,69875,2026-09-11,call,mini,1685,0.3877,24,1685.0
2026-08-18,70000,2026-09-11,call,mini,255,0.3904,24,1660.0
2026-08-18,70125,2026-09-11,call,mini,3,0.3845,24,1580.0
2026-08-18,70250,2026-09-11,call,mini,10,0.3808,24,1515.0
2026-08-18,70375,2026-09-11,call,mini,1470,0.38,24,1470.0
2026-08-18,70500,2026-09-11,call,mini,71,0.3767,24,1410.0
2026-08-18,70625,2026-09-11,call,mini,1375,0.3771,24,1375.0
2026-08-18,70750,2026-09-11,call,mini,5,0.3767,24,1335.0
2026-08-18,71000,2026-09-11,call,mini,167,0.3697,24,1220.0
2026-08-18,71125,2026-09-11,call,mini,1,0.3696,24,1185.0
2026-08-18,71250,2026-09-11,call,mini,10,0.3669,24,1135.0
2026-08-18,71375,2026-09-11,call,mini,1100,0.3665,24,1100.0
2026-08-18,71500,2026-09-11,call,mini,73,0.3685,24,1080.0
2026-08-18,71625,2026-09-11,call,mini,3,0.3645,24,1025.0
2026-08-18,71750,2026-09-11,call,mini,1101,0.3637,24,990.0
2026-08-18,71875,2026-09-11,call,mini,940,0.36,24,940.0
2026-08-18,72000,2026-09-11,call,mini,429,0.3607,24,915.0
2026-08-18,72250,2026-09-11,call,mini,47,0.3589,24,850.0
2026-08-18,72375,2026-09-11,call,mini,1,0.3554,24,805.0
2026-08-18,72500,2026-09-11,call,mini,105,0.3574,24,790.0
2026-08-18,72625,2026-09-11,call,mini,1,0.3545,24,750.0
2026-08-18,72750,2026-09-11,call,mini,42,0.3554,24,730.0
2026-08-18,72875,2026-09-11,call,mini,695,0.3531,24,695.0
2026-08-18,73000,2026-09-11,call,mini,301,0.3546,24,680.0
2026-08-18,73125,2026-09-11,call,mini,1,0.351,24,640.0
2026-08-18,73250,2026-09-11,call,mini,250,0.3513,24,620.0
2026-08-18,73375,2026-09-11,call,mini,590,0.3493,24,590.0
2026-08-18,73500,2026-09-11,call,mini,110,0.3482,24,565.0
2026-08-18,73750,2026-09-11,call,mini,9,0.3467,24,520.0
2026-08-18,73875,2026-09-11,call,mini,495,0.3451,24,495.0
2026-08-18,74000,2026-09-11,call,mini,231,0.3445,24,475.0
2026-08-18,74125,2026-09-11,call,mini,455,0.3437,24,455.0
2026-08-18,74250,2026-09-11,call,mini,19,0.3428,24,435.0
2026-08-18,74375,2026-09-11,call,mini,415,0.3418,24,415.0
2026-08-18,74500,2026-09-11,call,mini,72,0.3431,24,405.0
2026-08-18,74625,2026-09-11,call,mini,380,0.3404,24,380.0
2026-08-18,74750,2026-09-11,call,mini,16,0.3402,24,365.0
2026-08-18,74875,2026-09-11,call,mini,1,0.3398,24,350.0
2026-08-18,75000,2026-09-11,call,mini,547,0.3393,24,335.0
2026-08-18,75125,2026-09-11,call,mini,1,0.3371,24,315.0
2026-08-18,75250,2026-09-11,call,mini,72,0.3378,24,305.0
2026-08-18,75375,2026-09-11,call,mini,67,0.3321,24,275.0
2026-08-18,67750,2026-09-18,call,mini,6,0.4176,31,3140.0
2026-08-18,68250,2026-09-18,call,mini,3,0.4074,31,2835.0
2026-08-18,68750,2026-09-18,call,mini,6,0.3962,31,2535.0
2026-08-18,58500,2026-10-09,call,mini,20,0.5518,52,10880.0
2026-08-18,60000,2026-10-09,call,mini,9520,0.5129,52,9520.0
2026-08-18,61125,2026-10-09,call,mini,8525,0.4851,52,8525.0
2026-08-18,61250,2026-10-09,call,mini,10,0.4826,52,8420.0
2026-08-18,61750,2026-10-09,call,mini,7990,0.471,52,7990.0
2026-08-18,61875,2026-10-09,call,mini,7880,0.4678,52,7880.0
2026-08-18,62250,2026-10-09,call,mini,3,0.4602,52,7570.0
2026-08-18,62500,2026-10-09,call,mini,4,0.4552,52,7365.0
2026-08-18,62750,2026-10-09,call,mini,975,0.4495,52,7155.0
2026-08-18,63000,2026-10-09,call,mini,15,0.4447,52,6955.0
2026-08-18,63750,2026-10-09,call,mini,10,0.4297,52,6355.0
2026-08-18,63875,2026-10-09,call,mini,12,0.4276,52,6260.0
2026-08-18,64000,2026-10-09,call,mini,7,0.4249,52,6160.0
2026-08-18,64250,2026-10-09,call,mini,4,0.421,52,5975.0
2026-08-18,64750,2026-10-09,call,mini,4,0.4122,52,5600.0
2026-08-18,65000,2026-10-09,call,mini,10,0.4072,52,5410.0
2026-08-18,65500,2026-10-09,call,mini,5,0.3993,52,5055.0
2026-08-18,65750,2026-10-09,call,mini,1,0.3949,52,4875.0
2026-08-18,66000,2026-10-09,call,mini,23,0.3907,52,4700.0
2026-08-18,66500,2026-10-09,call,mini,1,0.3837,52,4370.0
2026-08-18,66750,2026-10-09,call,mini,1,0.3798,52,4205.0
2026-08-18,67000,2026-10-09,call,mini,22,0.3763,52,4045.0
2026-08-18,67125,2026-10-09,call,mini,2,0.3749,52,3970.0
2026-08-18,67250,2026-10-09,call,mini,2,0.373,52,3890.0
2026-08-18,67500,2026-10-09,call,mini,4,0.3699,52,3740.0
2026-08-18,67750,2026-10-09,call,mini,3590,0.3666,52,3590.0
2026-08-18,68000,2026-10-09,call,mini,19,0.363,52,3440.0
2026-08-18,68250,2026-10-09,call,mini,474,0.3602,52,3300.0
2026-08-18,68500,2026-10-09,call,mini,326,0.3571,52,3160.0
2026-08-18,68625,2026-10-09,call,mini,2,0.3564,52,3100.0
2026-08-18,68750,2026-10-09,call,mini,2709,0.3547,52,3030.0
2026-08-18,69000,2026-10-09,call,mini,1063,0.351,52,2890.0
2026-08-18,69125,2026-10-09,call,mini,1,0.3501,52,2830.0
2026-08-18,69500,2026-10-09,call,mini,18,0.3459,52,2640.0
2026-08-18,69625,2026-10-09,call,mini,1,0.3446,52,2580.0
2026-08-18,69750,2026-10-09,call,mini,1,0.3439,52,2525.0
2026-08-18,70000,2026-10-09,call,mini,27,0.3426,52,2420.0
2026-08-18,70125,2026-10-09,call,mini,1,0.3405,52,2355.0
2026-08-18,70250,2026-10-09,call,mini,1,0.339,52,2295.0
2026-08-18,70500,2026-10-09,call,mini,13,0.3366,52,2185.0
2026-08-18,70625,2026-10-09,call,mini,3,0.3358,52,2135.0
2026-08-18,70750,2026-10-09,call,mini,5,0.3349,52,2085.0
2026-08-18,71000,2026-10-09,call,mini,14,0.333,52,1985.0
2026-08-18,71250,2026-10-09,call,mini,3,0.3318,52,1895.0
2026-08-18,71500,2026-10-09,call,mini,20,0.3303,52,1805.0
2026-08-18,71750,2026-10-09,call,mini,1749,0.3296,52,1725.0
2026-08-18,65500,2026-11-13,call,mini,2,0.3738,87,5885.0
2026-08-18,69000,2026-11-13,call,mini,1,0.3399,87,3790.0
2026-08-18,70500,2026-11-13,call,mini,1,0.3293,87,3070.0
2026-08-18,71000,2026-11-13,call,mini,2855,0.3263,87,2855.0
2026-08-18,71750,2026-11-13,call,mini,1,0.3219,87,2550.0
