date,strike,expiry,type,product,oi,iv,days_to_expiry,settlement
2026-08-13,20000,2026-09-10,put,regular,1364,1.2968,28,1.0
2026-08-13,21000,2026-09-10,put,regular,240,1.2468,28,1.0
2026-08-13,22000,2026-09-10,put,regular,67,1.1991,28,1.0
2026-08-13,23000,2026-09-10,put,regular,20,1.1536,28,1.0
2026-08-13,24000,2026-09-10,put,regular,27,1.11,28,1.0
2026-08-13,25000,2026-09-10,put,regular,3798,1.0683,28,1.0
2026-08-13,26000,2026-09-10,put,regular,156,1.0282,28,1.0
2026-08-13,27000,2026-09-10,put,regular,16,0.9896,28,1.0
2026-08-13,27500,2026-09-10,put,regular,6,0.9708,28,1.0
2026-08-13,28000,2026-09-10,put,regular,29,1.0022,28,2.0
2026-08-13,28500,2026-09-10,put,regular,3,0.9343,28,1.0
2026-08-13,28750,2026-09-10,put,regular,65,0.9254,28,1.0
2026-08-13,29000,2026-09-10,put,regular,35,0.9645,28,2.0
2026-08-13,29500,2026-09-10,put,regular,6,0.8991,28,1.0
2026-08-13,29750,2026-09-10,put,regular,1,0.9372,28,2.0
2026-08-13,30000,2026-09-10,put,regular,6893,0.9584,28,3.0
2026-08-13,30500,2026-09-10,put,regular,86,0.865,28,1.0
2026-08-13,30750,2026-09-10,put,regular,2,0.9017,28,2.0
2026-08-13,31000,2026-09-10,put,regular,9,0.9222,28,3.0
2026-08-13,31500,2026-09-10,put,regular,152,0.8759,28,2.0
2026-08-13,32000,2026-09-10,put,regular,41,0.9086,28,4.0
2026-08-13,33000,2026-09-10,put,regular,192,0.8739,28,4.0
2026-08-13,33250,2026-09-10,put,regular,1,0.8178,28,2.0
2026-08-13,34000,2026-09-10,put,regular,28,0.8401,28,4.0
2026-08-13,34750,2026-09-10,put,regular,69,0.8154,28,4.0
2026-08-13,35000,2026-09-10,put,regular,2497,0.8486,28,7.0
2026-08-13,35750,2026-09-10,put,regular,50,0.7833,28,4.0
2026-08-13,36000,2026-09-10,put,regular,63,0.7754,28,4.0
2026-08-13,36500,2026-09-10,put,regular,4,0.7748,28,5.0
2026-08-13,36750,2026-09-10,put,regular,56,0.7669,28,5.0
2026-08-13,37000,2026-09-10,put,regular,568,0.7828,28,7.0
2026-08-13,37500,2026-09-10,put,regular,2,0.756,28,6.0
2026-08-13,37750,2026-09-10,put,regular,1,0.7482,28,6.0
2026-08-13,38000,2026-09-10,put,regular,803,0.7694,28,9.0
2026-08-13,38500,2026-09-10,put,regular,230,0.7536,28,9.0
2026-08-13,39000,2026-09-10,put,regular,157,0.7456,28,10.0
2026-08-13,39250,2026-09-10,put,regular,165,0.7378,28,10.0
2026-08-13,39500,2026-09-10,put,regular,276,0.7371,28,11.0
2026-08-13,40000,2026-09-10,put,regular,4347,0.734,28,13.0
2026-08-13,40250,2026-09-10,put,regular,1,0.7202,28,12.0
2026-08-13,40500,2026-09-10,put,regular,177,0.7124,28,12.0
2026-08-13,40750,2026-09-10,put,regular,42,0.7106,28,13.0
2026-08-13,41000,2026-09-10,put,regular,873,0.7235,28,17.0
2026-08-13,41250,2026-09-10,put,regular,1,0.7008,28,14.0
2026-08-13,41500,2026-09-10,put,regular,22,0.6982,28,15.0
2026-08-13,42000,2026-09-10,put,regular,1969,0.6877,28,16.0
2026-08-13,42250,2026-09-10,put,regular,21,0.6847,28,17.0
2026-08-13,42500,2026-09-10,put,regular,29,0.677,28,17.0
2026-08-13,42750,2026-09-10,put,regular,17,0.6737,28,18.0
2026-08-13,43000,2026-09-10,put,regular,994,0.6741,28,20.0
2026-08-13,43250,2026-09-10,put,regular,60,0.6664,28,20.0
2026-08-13,43500,2026-09-10,put,regular,782,0.6589,28,20.0
2026-08-13,43750,2026-09-10,put,regular,14,0.655,28,21.0
2026-08-13,44000,2026-09-10,put,regular,1431,0.6509,28,22.0
2026-08-13,44250,2026-09-10,put,regular,31,0.6467,28,23.0
2026-08-13,44500,2026-09-10,put,regular,127,0.6392,28,23.0
2026-08-13,44750,2026-09-10,put,regular,14,0.6349,28,24.0
2026-08-13,45000,2026-09-10,put,regular,2658,0.6392,28,28.0
2026-08-13,45250,2026-09-10,put,regular,105,0.6259,28,26.0
2026-08-13,45500,2026-09-10,put,regular,160,0.6241,28,28.0
2026-08-13,45750,2026-09-10,put,regular,60,0.6165,28,28.0
2026-08-13,46000,2026-09-10,put,regular,1931,0.6169,28,31.0
2026-08-13,46250,2026-09-10,put,regular,67,0.6093,28,31.0
2026-08-13,46500,2026-09-10,put,regular,399,0.6066,28,33.0
2026-08-13,46750,2026-09-10,put,regular,27,0.6015,28,34.0
2026-08-13,47000,2026-09-10,put,regular,1051,0.5962,28,35.0
2026-08-13,47250,2026-09-10,put,regular,24,0.5909,28,36.0
2026-08-13,47500,2026-09-10,put,regular,1041,0.5855,28,37.0
2026-08-13,47750,2026-09-10,put,regular,92,0.5821,28,39.0
2026-08-13,48000,2026-09-10,put,regular,3953,0.5785,28,41.0
2026-08-13,48250,2026-09-10,put,regular,122,0.5729,28,42.0
2026-08-13,48500,2026-09-10,put,regular,751,0.569,28,44.0
2026-08-13,48750,2026-09-10,put,regular,150,0.5633,28,45.0
2026-08-13,49000,2026-09-10,put,regular,1467,0.5609,28,48.0
2026-08-13,49250,2026-09-10,put,regular,216,0.555,28,49.0
2026-08-13,49500,2026-09-10,put,regular,196,0.5507,28,51.0
2026-08-13,49750,2026-09-10,put,regular,151,0.5462,28,53.0
2026-08-13,50000,2026-09-10,put,regular,8912,0.543,28,56.0
2026-08-13,50250,2026-09-10,put,regular,81,0.5369,28,57.0
2026-08-13,50500,2026-09-10,put,regular,1320,0.5322,28,59.0
2026-08-13,50750,2026-09-10,put,regular,148,0.5286,28,62.0
2026-08-13,51000,2026-09-10,put,regular,1464,0.5236,28,64.0
2026-08-13,51250,2026-09-10,put,regular,210,0.5197,28,67.0
2026-08-13,51500,2026-09-10,put,regular,236,0.5157,28,70.0
2026-08-13,51750,2026-09-10,put,regular,48,0.5059,28,68.0
2026-08-13,52000,2026-09-10,put,regular,1999,0.5072,28,76.0
2026-08-13,52250,2026-09-10,put,regular,62,0.4986,28,75.0
2026-08-13,52500,2026-09-10,put,regular,651,0.4972,28,81.0
2026-08-13,52750,2026-09-10,put,regular,26,0.4906,28,82.0
2026-08-13,53000,2026-09-10,put,regular,1645,0.4887,28,88.0
2026-08-13,53250,2026-09-10,put,regular,25,0.482,28,89.0
2026-08-13,53500,2026-09-10,put,regular,1712,0.4771,28,92.0
2026-08-13,53750,2026-09-10,put,regular,75,0.4721,28,95.0
2026-08-13,54000,2026-09-10,put,regular,2643,0.4727,28,105.0
2026-08-13,54250,2026-09-10,put,regular,83,0.465,28,105.0
2026-08-13,54500,2026-09-10,put,regular,451,0.4634,28,113.0
2026-08-13,54750,2026-09-10,put,regular,252,0.4614,28,121.0
2026-08-13,55000,2026-09-10,put,regular,3884,0.4584,28,128.0
2026-08-13,55250,2026-09-10,put,regular,10,0.4506,28,128.0
2026-08-13,55500,2026-09-10,put,regular,788,0.4479,28,136.0
2026-08-13,56000,2026-09-10,put,regular,2103,0.4441,28,156.0
2026-08-13,56250,2026-09-10,put,regular,28,0.4412,28,165.0
2026-08-13,56500,2026-09-10,put,regular,501,0.4348,28,168.0
2026-08-13,56750,2026-09-10,put,regular,102,0.4278,28,170.0
2026-08-13,57000,2026-09-10,put,regular,3301,0.4283,28,187.0
2026-08-13,57250,2026-09-10,put,regular,48,0.4207,28,188.0
2026-08-13,57500,2026-09-10,put,regular,624,0.4223,28,209.0
2026-08-13,57750,2026-09-10,put,regular,102,0.4141,28,209.0
2026-08-13,58000,2026-09-10,put,regular,1891,0.4178,28,237.0
2026-08-13,58250,2026-09-10,put,regular,215,0.4081,28,234.0
2026-08-13,58375,2026-09-10,put,regular,262000,0.4052,28,237.0
2026-08-13,58500,2026-09-10,put,regular,1030,0.4104,28,261.0
2026-08-13,58625,2026-09-10,put,regular,279000,0.4027,28,252.0
2026-08-13,58750,2026-09-10,put,regular,85,0.4019,28,261.0
2026-08-13,58875,2026-09-10,put,regular,4,0.4002,28,268.0
2026-08-13,59000,2026-09-10,put,regular,3109,0.4046,28,292.0
2026-08-13,59125,2026-09-10,put,regular,17,0.3975,28,284.0
2026-08-13,59250,2026-09-10,put,regular,105,0.396,28,292.0
2026-08-13,59375,2026-09-10,put,regular,15,0.394,28,299.0
2026-08-13,59500,2026-09-10,put,regular,657,0.3984,28,325.0
2026-08-13,59625,2026-09-10,put,regular,3,0.3923,28,320.0
2026-08-13,59750,2026-09-10,put,regular,49,0.3927,28,335.0
2026-08-13,59875,2026-09-10,put,regular,19,0.3899,28,340.0
2026-08-13,60000,2026-09-10,put,regular,8066,0.3946,28,370.0
2026-08-13,60250,2026-09-10,put,regular,71,0.3871,28,375.0
2026-08-13,60375,2026-09-10,put,regular,2,0.3883,28,395.0
2026-08-13,60500,2026-09-10,put,regular,632,0.388,28,410.0
2026-08-13,60625,2026-09-10,put,regular,1,0.3875,28,425.0
2026-08-13,60750,2026-09-10,put,regular,146,0.3815,28,420.0
2026-08-13,60875,2026-09-10,put,regular,67,0.3849,28,450.0
2026-08-13,61000,2026-09-10,put,regular,2572,0.3829,28,460.0
2026-08-13,61125,2026-09-10,put,regular,16,0.3833,28,480.0
2026-08-13,61250,2026-09-10,put,regular,3,0.3785,28,480.0
2026-08-13,61500,2026-09-10,put,regular,1522,0.38,28,525.0
2026-08-13,61625,2026-09-10,put,regular,6,0.3787,28,540.0
2026-08-13,61750,2026-09-10,put,regular,237,0.375,28,545.0
2026-08-13,61875,2026-09-10,put,regular,57,0.3759,28,570.0
2026-08-13,62000,2026-09-10,put,regular,2752,0.3777,28,600.0
2026-08-13,62250,2026-09-10,put,regular,29,0.3721,28,620.0
2026-08-13,62375,2026-09-10,put,regular,302,0.3745,28,655.0
2026-08-13,62500,2026-09-10,put,regular,773,0.3746,28,680.0
2026-08-13,62625,2026-09-10,put,regular,10,0.3685,28,675.0
2026-08-13,62750,2026-09-10,put,regular,703,0.3694,28,705.0
2026-08-13,62875,2026-09-10,put,regular,1,0.3712,28,740.0
2026-08-13,63000,2026-09-10,put,regular,2846,0.3718,28,770.0
2026-08-13,63125,2026-09-10,put,regular,73,0.3694,28,785.0
2026-08-13,63250,2026-09-10,put,regular,34,0.3679,28,805.0
2026-08-13,63375,2026-09-10,put,regular,57,0.3681,28,835.0
2026-08-13,63500,2026-09-10,put,regular,760,0.3682,28,865.0
2026-08-13,63625,2026-09-10,put,regular,21,0.3664,28,885.0
2026-08-13,63750,2026-09-10,put,regular,5,0.3662,28,915.0
2026-08-13,63875,2026-09-10,put,regular,37,0.366,28,945.0
2026-08-13,64000,2026-09-10,put,regular,2253,0.3664,28,980.0
2026-08-13,64125,2026-09-10,put,regular,1,0.3693,28,1030.0
2026-08-13,64250,2026-09-10,put,regular,12,0.3678,28,1055.0
2026-08-13,64375,2026-09-10,put,regular,22,0.3686,28,1095.0
2026-08-13,64500,2026-09-10,put,regular,399,0.3652,28,1110.0
2026-08-13,64750,2026-09-10,put,regular,480,0.3631,28,1170.0
2026-08-13,64875,2026-09-10,put,regular,10,0.365,28,1220.0
2026-08-13,65000,2026-09-10,put,regular,3431,0.3652,28,1260.0
2026-08-13,65250,2026-09-10,put,regular,80,0.3606,28,1310.0
2026-08-13,65375,2026-09-10,put,regular,64,0.3635,28,1370.0
2026-08-13,65500,2026-09-10,put,regular,456,0.3655,28,1425.0
2026-08-13,65625,2026-09-10,put,regular,24,0.3613,28,1440.0
2026-08-13,65750,2026-09-10,put,regular,692,0.3615,28,1485.0
2026-08-13,66000,2026-09-10,put,regular,2169,0.3673,28,1615.0
2026-08-13,66125,2026-09-10,put,regular,1845000,0.3606,28,1615.0
2026-08-13,66250,2026-09-10,put,regular,12,0.361,28,1665.0
2026-08-13,66500,2026-09-10,put,regular,1975,0.3635,28,1780.0
2026-08-13,66625,2026-09-10,put,regular,15,0.3621,28,1820.0
2026-08-13,66750,2026-09-10,put,regular,65,0.362,28,1870.0
2026-08-13,67000,2026-09-10,put,regular,1218,0.369,28,2025.0
2026-08-13,67250,2026-09-10,put,regular,8,0.3623,28,2085.0
2026-08-13,67500,2026-09-10,put,regular,335,0.3648,28,2215.0
2026-08-13,67750,2026-09-10,put,regular,174,0.3641,28,2325.0
2026-08-13,68000,2026-09-10,put,regular,756,0.3649,28,2450.0
2026-08-13,68250,2026-09-10,put,regular,8,0.3665,28,2585.0
2026-08-13,68500,2026-09-10,put,regular,32,0.3676,28,2720.0
2026-08-13,68750,2026-09-10,put,regular,12,0.3676,28,2850.0
2026-08-13,69000,2026-09-10,put,regular,1146,0.3704,28,3005.0
2026-08-13,69500,2026-09-10,put,regular,4,0.3714,28,3290.0
2026-08-13,70000,2026-09-10,put,regular,1481,0.3759,28,3615.0
2026-08-13,71000,2026-09-10,put,regular,100,0.3859,28,4310.0
2026-08-13,71250,2026-09-10,put,regular,1,0.3897,28,4500.0
2026-08-13,73000,2026-09-10,put,regular,14,0.4146,28,5885.0
2026-08-13,80000,2026-09-10,put,regular,1,0.5664,28,12380.0
2026-08-13,85000,2026-09-10,put,regular,5,0.6909,28,17335.0
2026-08-13,25000,2026-10-08,put,regular,3379,0.8813,56,7.0
2026-08-13,26000,2026-10-08,put,regular,3,0.8369,56,6.0
2026-08-13,27000,2026-10-08,put,regular,3,0.6998,56,1.0
2026-08-13,28000,2026-10-08,put,regular,3,0.7087,56,2.0
2026-08-13,30000,2026-10-08,put,regular,18,0.7608,56,11.0
2026-08-13,31000,2026-10-08,put,regular,1,0.6522,56,3.0
2026-08-13,32000,2026-10-08,put,regular,3,0.655,56,5.0
2026-08-13,35000,2026-10-08,put,regular,83,0.6513,56,16.0
2026-08-13,36000,2026-10-08,put,regular,1,0.6376,56,19.0
2026-08-13,37000,2026-10-08,put,regular,151,0.6548,56,34.0
2026-08-13,38000,2026-10-08,put,regular,4,0.6396,56,39.0
2026-08-13,39000,2026-10-08,put,regular,101,0.6252,56,45.0
2026-08-13,40000,2026-10-08,put,regular,113,0.6064,56,49.0
2026-08-13,41000,2026-10-08,put,regular,103,0.5889,56,54.0
2026-08-13,42000,2026-10-08,put,regular,114,0.5774,56,64.0
2026-08-13,42750,2026-10-08,put,regular,30,0.5624,56,67.0
2026-08-13,43000,2026-10-08,put,regular,135,0.5574,56,68.0
2026-08-13,43250,2026-10-08,put,regular,15,0.558,56,74.0
2026-08-13,43500,2026-10-08,put,regular,15,0.554,56,76.0
2026-08-13,43750,2026-10-08,put,regular,11,0.551,56,79.0
2026-08-13,44000,2026-10-08,put,regular,179,0.5468,56,81.0
2026-08-13,44250,2026-10-08,put,regular,36,0.5436,56,84.0
2026-08-13,44500,2026-10-08,put,regular,1,0.5394,56,86.0
2026-08-13,44750,2026-10-08,put,regular,34,0.536,56,89.0
2026-08-13,45000,2026-10-08,put,regular,219,0.5326,56,92.0
2026-08-13,45250,2026-10-08,put,regular,28,0.5264,56,92.0
2026-08-13,45500,2026-10-08,put,regular,207,0.5414,56,118.0
2026-08-13,45750,2026-10-08,put,regular,38,0.5202,56,99.0
2026-08-13,46000,2026-10-08,put,regular,231,0.5197,56,106.0
2026-08-13,46250,2026-10-08,put,regular,5,0.5136,56,106.0
2026-08-13,46500,2026-10-08,put,regular,126,0.5098,56,109.0
2026-08-13,46750,2026-10-08,put,regular,118,0.5066,56,113.0
2026-08-13,47000,2026-10-08,put,regular,252,0.5055,56,120.0
2026-08-13,47250,2026-10-08,put,regular,25,0.4987,56,119.0
2026-08-13,47500,2026-10-08,put,regular,4,0.4954,56,123.0
2026-08-13,47750,2026-10-08,put,regular,31,0.4919,56,127.0
2026-08-13,48000,2026-10-08,put,regular,461,0.4903,56,134.0
2026-08-13,48250,2026-10-08,put,regular,14,0.4939,56,150.0
2026-08-13,48500,2026-10-08,put,regular,155,0.4818,56,140.0
2026-08-13,48750,2026-10-08,put,regular,12,0.4833,56,153.0
2026-08-13,49000,2026-10-08,put,regular,117,0.4799,56,158.0
2026-08-13,49250,2026-10-08,put,regular,18,0.477,56,164.0
2026-08-13,49500,2026-10-08,put,regular,26,0.4745,56,171.0
2026-08-13,49750,2026-10-08,put,regular,38,0.4718,56,178.0
2026-08-13,50000,2026-10-08,put,regular,563,0.4691,56,185.0
2026-08-13,50250,2026-10-08,put,regular,35,0.4681,56,196.0
2026-08-13,50500,2026-10-08,put,regular,236,0.4618,56,196.0
2026-08-13,50750,2026-10-08,put,regular,17,0.4547,56,194.0
2026-08-13,51000,2026-10-08,put,regular,267,0.4556,56,210.0
2026-08-13,51250,2026-10-08,put,regular,21,0.4565,56,227.0
2026-08-13,51500,2026-10-08,put,regular,175,0.4486,56,223.0
2026-08-13,51750,2026-10-08,put,regular,60,0.4483,56,238.0
2026-08-13,52000,2026-10-08,put,regular,303,0.4428,56,240.0
2026-08-13,52500,2026-10-08,put,regular,152,0.4377,56,260.0
2026-08-13,53000,2026-10-08,put,regular,393,0.4306,56,276.0
2026-08-13,53250,2026-10-08,put,regular,4,0.4243,56,276.0
2026-08-13,53500,2026-10-08,put,regular,102,0.4275,56,305.0
2026-08-13,53750,2026-10-08,put,regular,2,0.4242,56,315.0
2026-08-13,54000,2026-10-08,put,regular,354,0.4208,56,325.0
2026-08-13,54250,2026-10-08,put,regular,31,0.4189,56,340.0
2026-08-13,54500,2026-10-08,put,regular,420,0.4153,56,350.0
2026-08-13,54750,2026-10-08,put,regular,6,0.4157,56,375.0
2026-08-13,55000,2026-10-08,put,regular,2011,0.4092,56,375.0
2026-08-13,55250,2026-10-08,put,regular,39,0.4079,56,395.0
2026-08-13,55500,2026-10-08,put,regular,203,0.4039,56,405.0
2026-08-13,55750,2026-10-08,put,regular,101,0.4023,56,425.0
2026-08-13,56000,2026-10-08,put,regular,294,0.4005,56,445.0
2026-08-13,56250,2026-10-08,put,regular,9,0.395,56,450.0
2026-08-13,56500,2026-10-08,put,regular,4,0.393,56,470.0
2026-08-13,56750,2026-10-08,put,regular,22,0.394,56,505.0
2026-08-13,57000,2026-10-08,put,regular,357,0.3883,56,510.0
2026-08-13,57250,2026-10-08,put,regular,10,0.3889,56,545.0
2026-08-13,57500,2026-10-08,put,regular,208,0.3871,56,570.0
2026-08-13,57750,2026-10-08,put,regular,31,0.3841,56,590.0
2026-08-13,58000,2026-10-08,put,regular,1616,0.3829,56,620.0
2026-08-13,58250,2026-10-08,put,regular,16,0.3806,56,645.0
2026-08-13,58375,2026-10-08,put,regular,441,0.3789,56,655.0
2026-08-13,58500,2026-10-08,put,regular,10,0.3781,56,670.0
2026-08-13,58625,2026-10-08,put,regular,10,0.3772,56,685.0
2026-08-13,58750,2026-10-08,put,regular,13,0.3763,56,700.0
2026-08-13,59000,2026-10-08,put,regular,128,0.3751,56,735.0
2026-08-13,59125,2026-10-08,put,regular,5,0.374,56,750.0
2026-08-13,59250,2026-10-08,put,regular,42,0.3712,56,755.0
2026-08-13,59500,2026-10-08,put,regular,14,0.3721,56,805.0
2026-08-13,59750,2026-10-08,put,regular,2,0.3695,56,835.0
2026-08-13,60000,2026-10-08,put,regular,1738,0.3683,56,875.0
2026-08-13,60250,2026-10-08,put,regular,4,0.3661,56,910.0
2026-08-13,60375,2026-10-08,put,regular,300,0.3653,56,930.0
2026-08-13,60500,2026-10-08,put,regular,123,0.3659,56,960.0
2026-08-13,60750,2026-10-08,put,regular,48,0.3654,56,1010.0
2026-08-13,60875,2026-10-08,put,regular,7,0.3643,56,1030.0
2026-08-13,61000,2026-10-08,put,regular,403,0.3632,56,1050.0
2026-08-13,61875,2026-10-08,put,regular,6,0.3581,56,1220.0
2026-08-13,62000,2026-10-08,put,regular,738,0.3573,56,1245.0
2026-08-13,62250,2026-10-08,put,regular,1,0.3572,56,1310.0
2026-08-13,63000,2026-10-08,put,regular,100,0.3532,56,1485.0
2026-08-13,63500,2026-10-08,put,regular,2,0.3525,56,1630.0
2026-08-13,63625,2026-10-08,put,regular,6,0.3509,56,1655.0
2026-08-13,64000,2026-10-08,put,regular,1050,0.3509,56,1775.0
2026-08-13,64250,2026-10-08,put,regular,7,0.351,56,1860.0
2026-08-13,64500,2026-10-08,put,regular,231,0.3514,56,1950.0
2026-08-13,64750,2026-10-08,put,regular,1,0.3504,56,2030.0
2026-08-13,65000,2026-10-08,put,regular,1150,0.3492,56,2110.0
2026-08-13,65375,2026-10-08,put,regular,231,0.3459,56,2220.0
2026-08-13,65500,2026-10-08,put,regular,62,0.3481,56,2290.0
2026-08-13,66000,2026-10-08,put,regular,10,0.348,56,2490.0
2026-08-13,66375,2026-10-08,put,regular,2955000,0.3482,56,2650.0
2026-08-13,66500,2026-10-08,put,regular,2995000,0.3483,56,2705.0
2026-08-13,66875,2026-10-08,put,regular,3135000,0.3472,56,2860.0
2026-08-13,67000,2026-10-08,put,regular,201,0.3485,56,2930.0
2026-08-13,67125,2026-10-08,put,regular,6595000,0.3473,56,2975.0
2026-08-13,67500,2026-10-08,put,regular,6,0.3486,56,3165.0
2026-08-13,67625,2026-10-08,put,regular,6,0.3495,56,3235.0
2026-08-13,67750,2026-10-08,put,regular,9,0.349,56,3290.0
2026-08-13,68000,2026-10-08,put,regular,536,0.3496,56,3420.0
2026-08-13,68500,2026-10-08,put,regular,2,0.3514,56,3695.0
2026-08-13,69000,2026-10-08,put,regular,200,0.3513,56,3960.0
2026-08-13,69500,2026-10-08,put,regular,75,0.353,56,4255.0
2026-08-13,70000,2026-10-08,put,regular,101,0.3552,56,4565.0
2026-08-13,72500,2026-10-08,put,regular,1,0.3718,56,6315.0
2026-08-13,79000,2026-10-08,put,regular,1,0.4468,56,11900.0
2026-08-13,85000,2026-10-08,put,regular,20,0.5376,56,17660.0
2026-08-13,25000,2026-11-12,put,regular,12,0.753,91,17.0
2026-08-13,30000,2026-11-12,put,regular,1,0.6378,91,21.0
2026-08-13,35000,2026-11-12,put,regular,2,0.6064,91,67.0
2026-08-13,37000,2026-11-12,put,regular,2,0.5798,91,85.0
2026-08-13,38000,2026-11-12,put,regular,1,0.5655,91,94.0
2026-08-13,40000,2026-11-12,put,regular,100,0.5399,91,118.0
2026-08-13,41000,2026-11-12,put,regular,1,0.5343,91,143.0
2026-08-13,42000,2026-11-12,put,regular,250,0.514,91,146.0
2026-08-13,43000,2026-11-12,put,regular,133,0.4969,91,154.0
2026-08-13,44000,2026-11-12,put,regular,102,0.4954,91,194.0
2026-08-13,44500,2026-11-12,put,regular,1,0.4841,91,193.0
2026-08-13,44750,2026-11-12,put,regular,1,0.4805,91,197.0
2026-08-13,45000,2026-11-12,put,regular,1,0.4774,91,202.0
2026-08-13,45250,2026-11-12,put,regular,1,0.4746,91,208.0
2026-08-13,45500,2026-11-12,put,regular,2,0.4717,91,214.0
2026-08-13,45750,2026-11-12,put,regular,2,0.4684,91,219.0
2026-08-13,46000,2026-11-12,put,regular,2,0.4658,91,226.0
2026-08-13,46250,2026-11-12,put,regular,2,0.4628,91,232.0
2026-08-13,46500,2026-11-12,put,regular,3,0.466,91,255.0
2026-08-13,46750,2026-11-12,put,regular,2,0.457,91,245.0
2026-08-13,47000,2026-11-12,put,regular,2,0.4542,91,252.0
2026-08-13,47250,2026-11-12,put,regular,2,0.452,91,261.0
2026-08-13,47500,2026-11-12,put,regular,2,0.4487,91,267.0
2026-08-13,47750,2026-11-12,put,regular,2,0.4464,91,276.0
2026-08-13,48000,2026-11-12,put,regular,2,0.4439,91,285.0
2026-08-13,48250,2026-11-12,put,regular,3,0.4479,91,315.0
2026-08-13,48500,2026-11-12,put,regular,2,0.4395,91,305.0
2026-08-13,48750,2026-11-12,put,regular,98,0.4371,91,315.0
2026-08-13,49000,2026-11-12,put,regular,15,0.4332,91,320.0
2026-08-13,49250,2026-11-12,put,regular,15,0.4307,91,330.0
2026-08-13,49500,2026-11-12,put,regular,215,0.4281,91,340.0
2026-08-13,49750,2026-11-12,put,regular,2,0.4255,91,350.0
2026-08-13,50000,2026-11-12,put,regular,241,0.4228,91,360.0
2026-08-13,50250,2026-11-12,put,regular,2,0.4213,91,375.0
2026-08-13,50500,2026-11-12,put,regular,2,0.4184,91,385.0
2026-08-13,50750,2026-11-12,put,regular,17,0.4142,91,390.0
2026-08-13,51000,2026-11-12,put,regular,606,0.4172,91,425.0
2026-08-13,51250,2026-11-12,put,regular,40,0.4141,91,435.0
2026-08-13,52000,2026-11-12,put,regular,475,0.4021,91,455.0
2026-08-13,53000,2026-11-12,put,regular,55,0.3966,91,535.0
2026-08-13,53500,2026-11-12,put,regular,400,0.3921,91,570.0
2026-08-13,53750,2026-11-12,put,regular,1,0.3874,91,575.0
2026-08-13,54000,2026-11-12,put,regular,61,0.3854,91,595.0
2026-08-13,54750,2026-11-12,put,regular,1,0.3863,91,700.0
2026-08-13,55000,2026-11-12,put,regular,12,0.3773,91,680.0
2026-08-13,55250,2026-11-12,put,regular,16,0.3756,91,705.0
2026-08-13,55500,2026-11-12,put,regular,150,0.3738,91,730.0
2026-08-13,56000,2026-11-12,put,regular,150,0.3706,91,785.0
2026-08-13,56500,2026-11-12,put,regular,38,0.3647,91,825.0
2026-08-13,56750,2026-11-12,put,regular,23,0.3631,91,855.0
2026-08-13,57000,2026-11-12,put,regular,233,0.3647,91,910.0
2026-08-13,57250,2026-11-12,put,regular,1,0.3601,91,920.0
2026-08-13,58000,2026-11-12,put,regular,226,0.3593,91,1055.0
2026-08-13,59000,2026-11-12,put,regular,125,0.3511,91,1195.0
2026-08-13,59500,2026-11-12,put,regular,459,0.3486,91,1285.0
2026-08-13,60000,2026-11-12,put,regular,470,0.346,91,1380.0
2026-08-13,60500,2026-11-12,put,regular,100,0.3433,91,1480.0
2026-08-13,60750,2026-11-12,put,regular,28,0.3423,91,1535.0
2026-08-13,61000,2026-11-12,put,regular,620,0.3411,91,1590.0
2026-08-13,62000,2026-11-12,put,regular,400,0.3376,91,1840.0
2026-08-13,63000,2026-11-12,put,regular,50,0.3342,91,2120.0
2026-08-13,64000,2026-11-12,put,regular,660,0.3329,91,2455.0
2026-08-13,64500,2026-11-12,put,regular,340,0.331,91,2620.0
2026-08-13,65000,2026-11-12,put,regular,800,0.3301,91,2805.0
2026-08-13,66000,2026-11-12,put,regular,270,0.3286,91,3205.0
2026-08-13,67000,2026-11-12,put,regular,350,0.3278,91,3650.0
2026-08-13,67500,2026-11-12,put,regular,4,0.328,91,3895.0
2026-08-13,68500,2026-11-12,put,regular,328,0.328,91,4405.0
2026-08-13,70000,2026-11-12,put,regular,460,0.3298,91,5260.0
2026-08-13,70750,2026-11-12,put,regular,160,0.331,91,5720.0
2026-08-13,72500,2026-11-12,put,regular,330,0.3342,91,6870.0
2026-08-13,12500,2026-12-10,put,regular,535,0.9591,119,4.0
2026-08-13,13000,2026-12-10,put,regular,4,0.9158,119,3.0
2026-08-13,13500,2026-12-10,put,regular,100,0.8257,119,1.0
2026-08-13,14000,2026-12-10,put,regular,11,0.8486,119,2.0
2026-08-13,14500,2026-12-10,put,regular,1,0.7898,119,1.0
2026-08-13,14750,2026-12-10,put,regular,1,0.7812,119,1.0
2026-08-13,15000,2026-12-10,put,regular,5,0.8123,119,2.0
2026-08-13,16000,2026-12-10,put,regular,3,0.7405,119,1.0
2026-08-13,17000,2026-12-10,put,regular,3,0.7102,119,1.0
2026-08-13,18000,2026-12-10,put,regular,153,0.7166,119,2.0
2026-08-13,19000,2026-12-10,put,regular,650,0.6883,119,2.0
2026-08-13,20000,2026-12-10,put,regular,2350,0.7118,119,5.0
2026-08-13,21000,2026-12-10,put,regular,350,0.6718,119,4.0
2026-08-13,21500,2026-12-10,put,regular,500,0.6713,119,5.0
2026-08-13,22000,2026-12-10,put,regular,1715,0.6584,119,5.0
2026-08-13,22500,2026-12-10,put,regular,150,0.6561,119,6.0
2026-08-13,23000,2026-12-10,put,regular,2106,0.6525,119,7.0
2026-08-13,23500,2026-12-10,put,regular,127,0.6479,119,8.0
2026-08-13,24000,2026-12-10,put,regular,400,0.6427,119,9.0
2026-08-13,24500,2026-12-10,put,regular,250,0.6427,119,11.0
2026-08-13,24750,2026-12-10,put,regular,1,0.6366,119,11.0
2026-08-13,25000,2026-12-10,put,regular,2461,0.6359,119,12.0
2026-08-13,25250,2026-12-10,put,regular,1,0.6349,119,13.0
2026-08-13,25500,2026-12-10,put,regular,2,0.6336,119,14.0
2026-08-13,26000,2026-12-10,put,regular,1425,0.6302,119,16.0
2026-08-13,26500,2026-12-10,put,regular,1,0.6223,119,17.0
2026-08-13,27000,2026-12-10,put,regular,2630,0.6179,119,19.0
2026-08-13,27500,2026-12-10,put,regular,25,0.6129,119,21.0
2026-08-13,27750,2026-12-10,put,regular,72,0.6102,119,22.0
2026-08-13,28000,2026-12-10,put,regular,1326,0.6074,119,23.0
2026-08-13,28500,2026-12-10,put,regular,400,0.6042,119,26.0
2026-08-13,29000,2026-12-10,put,regular,1450,0.5979,119,28.0
2026-08-13,30000,2026-12-10,put,regular,5895,0.6057,119,43.0
2026-08-13,30500,2026-12-10,put,regular,51,0.5856,119,38.0
2026-08-13,31000,2026-12-10,put,regular,2237,0.6137,119,64.0
2026-08-13,31500,2026-12-10,put,regular,350,0.6071,119,68.0
2026-08-13,32000,2026-12-10,put,regular,4655,0.6004,119,72.0
2026-08-13,32250,2026-12-10,put,regular,600,0.5981,119,75.0
2026-08-13,32500,2026-12-10,put,regular,900,0.5947,119,77.0
2026-08-13,33000,2026-12-10,put,regular,3362,0.5856,119,79.0
2026-08-13,33250,2026-12-10,put,regular,37,0.5831,119,82.0
2026-08-13,33500,2026-12-10,put,regular,72,0.5796,119,84.0
2026-08-13,34000,2026-12-10,put,regular,2820,0.5734,119,89.0
2026-08-13,34500,2026-12-10,put,regular,560,0.567,119,94.0
2026-08-13,34750,2026-12-10,put,regular,1,0.5641,119,97.0
2026-08-13,35000,2026-12-10,put,regular,5157,0.5613,119,100.0
2026-08-13,36000,2026-12-10,put,regular,2905,0.5507,119,114.0
2026-08-13,36500,2026-12-10,put,regular,225,0.5444,119,120.0
2026-08-13,36750,2026-12-10,put,regular,400,0.5412,119,123.0
2026-08-13,37000,2026-12-10,put,regular,2535,0.5379,119,126.0
2026-08-13,37500,2026-12-10,put,regular,188,0.532,119,133.0
2026-08-13,37750,2026-12-10,put,regular,100,0.5293,119,137.0
2026-08-13,38000,2026-12-10,put,regular,2686,0.5259,119,140.0
2026-08-13,38500,2026-12-10,put,regular,1150,0.5185,119,145.0
2026-08-13,38750,2026-12-10,put,regular,50,0.5156,119,149.0
2026-08-13,39000,2026-12-10,put,regular,2405,0.5127,119,153.0
2026-08-13,39250,2026-12-10,put,regular,650,0.5098,119,157.0
2026-08-13,39500,2026-12-10,put,regular,1008,0.5068,119,161.0
2026-08-13,40000,2026-12-10,put,regular,6228,0.4987,119,165.0
2026-08-13,40250,2026-12-10,put,regular,5,0.4941,119,166.0
2026-08-13,40500,2026-12-10,put,regular,1469,0.4896,119,167.0
2026-08-13,41000,2026-12-10,put,regular,1825,0.49,119,189.0
2026-08-13,41250,2026-12-10,put,regular,3,0.4872,119,194.0
2026-08-13,41500,2026-12-10,put,regular,101,0.4857,119,202.0
2026-08-13,42000,2026-12-10,put,regular,3599,0.4798,119,212.0
2026-08-13,42500,2026-12-10,put,regular,300,0.4742,119,223.0
2026-08-13,43000,2026-12-10,put,regular,1692,0.4688,119,235.0
2026-08-13,43500,2026-12-10,put,regular,100,0.4632,119,247.0
2026-08-13,43750,2026-12-10,put,regular,9,0.4603,119,253.0
2026-08-13,44000,2026-12-10,put,regular,3190,0.4585,119,262.0
2026-08-13,45000,2026-12-10,put,regular,2724,0.4471,119,288.0
2026-08-13,45250,2026-12-10,put,regular,51,0.4449,119,297.0
2026-08-13,45500,2026-12-10,put,regular,396,0.4424,119,305.0
2026-08-13,46000,2026-12-10,put,regular,3657,0.4382,119,325.0
2026-08-13,47000,2026-12-10,put,regular,2846,0.4266,119,355.0
2026-08-13,47500,2026-12-10,put,regular,1119,0.4218,119,375.0
2026-08-13,48000,2026-12-10,put,regular,4167,0.4167,119,395.0
2026-08-13,48500,2026-12-10,put,regular,300,0.4126,119,420.0
2026-08-13,49000,2026-12-10,put,regular,3177,0.4082,119,445.0
2026-08-13,49500,2026-12-10,put,regular,2717,0.4036,119,470.0
2026-08-13,50000,2026-12-10,put,regular,6537,0.3987,119,495.0
2026-08-13,50250,2026-12-10,put,regular,16,0.3966,119,510.0
2026-08-13,50500,2026-12-10,put,regular,686,0.3945,119,525.0
2026-08-13,50750,2026-12-10,put,regular,45,0.3923,119,540.0
2026-08-13,51000,2026-12-10,put,regular,1615,0.39,119,555.0
2026-08-13,51500,2026-12-10,put,regular,20,0.3862,119,590.0
2026-08-13,52000,2026-12-10,put,regular,2765,0.3828,119,630.0
2026-08-13,52250,2026-12-10,put,regular,525,0.381,119,650.0
2026-08-13,52500,2026-12-10,put,regular,417,0.3791,119,670.0
2026-08-13,53000,2026-12-10,put,regular,1398,0.3781,119,730.0
2026-08-13,53250,2026-12-10,put,regular,186,0.3766,119,755.0
2026-08-13,53500,2026-12-10,put,regular,205,0.375,119,780.0
2026-08-13,53750,2026-12-10,put,regular,4,0.3733,119,805.0
2026-08-13,54000,2026-12-10,put,regular,2717,0.3688,119,810.0
2026-08-13,54500,2026-12-10,put,regular,472,0.3651,119,860.0
2026-08-13,55000,2026-12-10,put,regular,4679,0.3617,119,915.0
2026-08-13,55500,2026-12-10,put,regular,100,0.3586,119,975.0
2026-08-13,56000,2026-12-10,put,regular,2476,0.3556,119,1040.0
2026-08-13,56500,2026-12-10,put,regular,151,0.3523,119,1105.0
2026-08-13,57000,2026-12-10,put,regular,2231,0.3491,119,1175.0
2026-08-13,57500,2026-12-10,put,regular,850,0.3465,119,1255.0
2026-08-13,58000,2026-12-10,put,regular,1768,0.3436,119,1335.0
2026-08-13,58500,2026-12-10,put,regular,850,0.3411,119,1425.0
2026-08-13,59000,2026-12-10,put,regular,2405,0.3387,119,1520.0
2026-08-13,59500,2026-12-10,put,regular,250,0.3363,119,1620.0
2026-08-13,60000,2026-12-10,put,regular,10078,0.3343,119,1730.0
2026-08-13,60500,2026-12-10,put,regular,200,0.3318,119,1840.0
2026-08-13,61000,2026-12-10,put,regular,1460,0.3301,119,1965.0
2026-08-13,61500,2026-12-10,put,regular,1,0.3283,119,2095.0
2026-08-13,62000,2026-12-10,put,regular,2081,0.3268,119,2235.0
2026-08-13,62250,2026-12-10,put,regular,250,0.3258,119,2305.0
2026-08-13,62500,2026-12-10,put,regular,1137,0.3252,119,2380.0
2026-08-13,63000,2026-12-10,put,regular,2151,0.323,119,2525.0
2026-08-13,63750,2026-12-10,put,regular,40,0.3226,119,2795.0
2026-08-13,64000,2026-12-10,put,regular,1530,0.3219,119,2880.0
2026-08-13,65000,2026-12-10,put,regular,3099,0.3197,119,3250.0
2026-08-13,65500,2026-12-10,put,regular,580,0.3188,119,3450.0
2026-08-13,66000,2026-12-10,put,regular,326,0.3187,119,3670.0
2026-08-13,67000,2026-12-10,put,regular,1410,0.3166,119,4105.0
2026-08-13,67250,2026-12-10,put,regular,25,0.3162,119,4220.0
2026-08-13,67500,2026-12-10,put,regular,25,0.3163,119,4345.0
2026-08-13,68000,2026-12-10,put,regular,1500,0.3154,119,4585.0
2026-08-13,68500,2026-12-10,put,regular,203,0.3153,119,4845.0
2026-08-13,68750,2026-12-10,put,regular,100,0.3151,119,4975.0
2026-08-13,69000,2026-12-10,put,regular,1470,0.315,119,5110.0
2026-08-13,70000,2026-12-10,put,regular,1653,0.3158,119,5685.0
2026-08-13,71000,2026-12-10,put,regular,31,0.3165,119,6290.0
2026-08-13,72000,2026-12-10,put,regular,120,0.317,119,6920.0
2026-08-13,72500,2026-12-10,put,regular,320,0.3178,119,7255.0
2026-08-13,74000,2026-12-10,put,regular,100,0.3212,119,8315.0
2026-08-13,76000,2026-12-10,put,regular,300,0.3277,119,9840.0
2026-08-13,80000,2026-12-10,put,regular,3700,0.3444,119,13165.0
2026-08-13,44000,2027-01-07,put,regular,331,0.4348,147,340.0
2026-08-13,45000,2027-01-07,put,regular,900,0.4251,147,375.0
2026-08-13,47000,2027-01-07,put,regular,98,0.4069,147,460.0
2026-08-13,48000,2027-01-07,put,regular,200,0.3981,147,510.0
2026-08-13,50000,2027-01-07,put,regular,15,0.3832,147,640.0
2026-08-13,52500,2027-01-07,put,regular,20,0.3688,147,875.0
2026-08-13,58000,2027-01-07,put,regular,57,0.3383,147,1665.0
2026-08-13,60000,2027-01-07,put,regular,1,0.3292,147,2095.0
2026-08-13,60500,2027-01-07,put,regular,42,0.327,147,2215.0
2026-08-13,61000,2027-01-07,put,regular,1,0.325,147,2345.0
2026-08-13,64000,2027-01-07,put,regular,100,0.3128,147,3240.0
2026-08-13,65000,2027-01-07,put,regular,3,0.3106,147,3620.0
2026-08-13,66000,2027-01-07,put,regular,78,0.3089,147,4035.0
2026-08-13,47000,2027-02-10,put,regular,125,0.3927,181,610.0
2026-08-13,57500,2027-02-10,put,regular,100,0.3305,181,1870.0
2026-08-13,29000,2027-03-11,put,regular,1,0.5254,210,95.0
2026-08-13,30000,2027-03-11,put,regular,1,0.5158,210,108.0
2026-08-13,33000,2027-03-11,put,regular,113,0.4876,210,155.0
2026-08-13,35000,2027-03-11,put,regular,600,0.4697,210,195.0
2026-08-13,37000,2027-03-11,put,regular,500,0.4524,210,243.0
2026-08-13,38000,2027-03-11,put,regular,265,0.4441,210,271.0
2026-08-13,40000,2027-03-11,put,regular,1071,0.4291,210,340.0
2026-08-13,41000,2027-03-11,put,regular,250,0.4206,210,375.0
2026-08-13,42000,2027-03-11,put,regular,749,0.4138,210,420.0
2026-08-13,42500,2027-03-11,put,regular,200,0.4095,210,440.0
2026-08-13,43000,2027-03-11,put,regular,114,0.4061,210,465.0
2026-08-13,43500,2027-03-11,put,regular,66,0.4025,210,490.0
2026-08-13,44000,2027-03-11,put,regular,450,0.3987,210,515.0
2026-08-13,45000,2027-03-11,put,regular,1568,0.3922,210,575.0
2026-08-13,46000,2027-03-11,put,regular,116,0.3857,210,640.0
2026-08-13,47000,2027-03-11,put,regular,800,0.3791,210,710.0
2026-08-13,48000,2027-03-11,put,regular,349,0.3724,210,785.0
2026-08-13,48500,2027-03-11,put,regular,51,0.3697,210,830.0
2026-08-13,49000,2027-03-11,put,regular,100,0.3667,210,875.0
2026-08-13,50000,2027-03-11,put,regular,1291,0.3607,210,970.0
2026-08-13,50250,2027-03-11,put,regular,112,0.3597,210,1000.0
2026-08-13,51000,2027-03-11,put,regular,24,0.3553,210,1080.0
2026-08-13,51250,2027-03-11,put,regular,108,0.3541,210,1110.0
2026-08-13,52000,2027-03-11,put,regular,1470,0.35,210,1200.0
2026-08-13,52500,2027-03-11,put,regular,50,0.3474,210,1265.0
2026-08-13,53000,2027-03-11,put,regular,525,0.3446,210,1330.0
2026-08-13,53500,2027-03-11,put,regular,200,0.3425,210,1405.0
2026-08-13,54000,2027-03-11,put,regular,234,0.34,210,1480.0
2026-08-13,55000,2027-03-11,put,regular,702,0.3352,210,1640.0
2026-08-13,55500,2027-03-11,put,regular,100,0.3327,210,1725.0
2026-08-13,56000,2027-03-11,put,regular,651,0.3308,210,1820.0
2026-08-13,56250,2027-03-11,put,regular,120,0.3295,210,1865.0
2026-08-13,57000,2027-03-11,put,regular,1775,0.3264,210,2015.0
2026-08-13,58000,2027-03-11,put,regular,2125,0.3223,210,2230.0
2026-08-13,58500,2027-03-11,put,regular,35,0.3203,210,2345.0
2026-08-13,59500,2027-03-11,put,regular,253,0.3167,210,2595.0
2026-08-13,60000,2027-03-11,put,regular,1560,0.3151,210,2730.0
2026-08-13,61000,2027-03-11,put,regular,160,0.3116,210,3010.0
2026-08-13,62000,2027-03-11,put,regular,800,0.3086,210,3320.0
2026-08-13,62500,2027-03-11,put,regular,500,0.3072,210,3485.0
2026-08-13,63000,2027-03-11,put,regular,1190,0.3057,210,3655.0
2026-08-13,64000,2027-03-11,put,regular,800,0.3032,210,4020.0
2026-08-13,65000,2027-03-11,put,regular,360,0.3008,210,4410.0
2026-08-13,66000,2027-03-11,put,regular,400,0.2987,210,4830.0
2026-08-13,66250,2027-03-11,put,regular,15,0.2982,210,4940.0
2026-08-13,66500,2027-03-11,put,regular,6,0.2976,210,5050.0
2026-08-13,67000,2027-03-11,put,regular,150,0.2968,210,5280.0
2026-08-13,68000,2027-03-11,put,regular,130,0.2951,210,5760.0
2026-08-13,69000,2027-03-11,put,regular,350,0.2936,210,6270.0
2026-08-13,69250,2027-03-11,put,regular,10,0.2932,210,6400.0
2026-08-13,70000,2027-03-11,put,regular,250,0.2924,210,6810.0
2026-08-13,72000,2027-03-11,put,regular,100,0.2907,210,7980.0
2026-08-13,48000,2027-05-13,put,regular,100,0.363,273,1130.0
2026-08-13,12500,2027-06-10,put,regular,10,0.6647,301,12.0
2026-08-13,14500,2027-06-10,put,regular,4,0.5971,301,10.0
2026-08-13,15000,2027-06-10,put,regular,1,0.5944,301,12.0
2026-08-13,16250,2027-06-10,put,regular,167,0.5868,301,18.0
2026-08-13,23000,2027-06-10,put,regular,140,0.5319,301,76.0
2026-08-13,24000,2027-06-10,put,regular,100,0.5242,301,90.0
2026-08-13,25000,2027-06-10,put,regular,250,0.5154,301,104.0
2026-08-13,26000,2027-06-10,put,regular,200,0.5071,301,120.0
2026-08-13,28000,2027-06-10,put,regular,895,0.4903,301,156.0
2026-08-13,28500,2027-06-10,put,regular,100,0.4857,301,165.0
2026-08-13,29000,2027-06-10,put,regular,66,0.4819,301,176.0
2026-08-13,30000,2027-06-10,put,regular,275,0.4732,301,197.0
2026-08-13,31000,2027-06-10,put,regular,100,0.4651,301,221.0
2026-08-13,31500,2027-06-10,put,regular,1,0.4609,301,233.0
2026-08-13,32000,2027-06-10,put,regular,250,0.4568,301,246.0
2026-08-13,33000,2027-06-10,put,regular,150,0.4489,301,274.0
2026-08-13,34000,2027-06-10,put,regular,750,0.4413,301,305.0
2026-08-13,35000,2027-06-10,put,regular,1327,0.4342,301,340.0
2026-08-13,35500,2027-06-10,put,regular,145,0.4298,301,355.0
2026-08-13,36000,2027-06-10,put,regular,300,0.4264,301,375.0
2026-08-13,37000,2027-06-10,put,regular,50,0.4193,301,415.0
2026-08-13,38000,2027-06-10,put,regular,200,0.4116,301,455.0
2026-08-13,38500,2027-06-10,put,regular,140,0.4085,301,480.0
2026-08-13,39000,2027-06-10,put,regular,50,0.4043,301,500.0
2026-08-13,39500,2027-06-10,put,regular,101,0.4009,301,525.0
2026-08-13,40000,2027-06-10,put,regular,1095,0.3974,301,550.0
2026-08-13,41000,2027-06-10,put,regular,100,0.3915,301,610.0
2026-08-13,42000,2027-06-10,put,regular,400,0.3849,301,670.0
2026-08-13,42500,2027-06-10,put,regular,61,0.3814,301,700.0
2026-08-13,43000,2027-06-10,put,regular,35,0.3784,301,735.0
2026-08-13,44000,2027-06-10,put,regular,196,0.3726,301,810.0
2026-08-13,45000,2027-06-10,put,regular,1220,0.3668,301,890.0
2026-08-13,46000,2027-06-10,put,regular,773,0.3613,301,980.0
2026-08-13,46500,2027-06-10,put,regular,70,0.3584,301,1025.0
2026-08-13,47000,2027-06-10,put,regular,201,0.3557,301,1075.0
2026-08-13,47750,2027-06-10,put,regular,100,0.3519,301,1155.0
2026-08-13,48000,2027-06-10,put,regular,1104,0.3509,301,1185.0
2026-08-13,49000,2027-06-10,put,regular,300,0.3461,301,1305.0
2026-08-13,50000,2027-06-10,put,regular,2067,0.3415,301,1435.0
2026-08-13,50500,2027-06-10,put,regular,175,0.3389,301,1500.0
2026-08-13,51000,2027-06-10,put,regular,100,0.3369,301,1575.0
2026-08-13,51250,2027-06-10,put,regular,3,0.3356,301,1610.0
2026-08-13,52000,2027-06-10,put,regular,1030,0.3326,301,1730.0
2026-08-13,52250,2027-06-10,put,regular,88,0.3315,301,1770.0
2026-08-13,52500,2027-06-10,put,regular,57,0.3307,301,1815.0
2026-08-13,53000,2027-06-10,put,regular,720,0.3286,301,1900.0
2026-08-13,53500,2027-06-10,put,regular,1,0.3266,301,1990.0
2026-08-13,53750,2027-06-10,put,regular,35,0.3255,301,2035.0
2026-08-13,54000,2027-06-10,put,regular,1402,0.3247,301,2085.0
2026-08-13,55000,2027-06-10,put,regular,1300,0.321,301,2285.0
2026-08-13,55500,2027-06-10,put,regular,255,0.3194,301,2395.0
2026-08-13,56000,2027-06-10,put,regular,785,0.3176,301,2505.0
2026-08-13,56500,2027-06-10,put,regular,40,0.3161,301,2625.0
2026-08-13,57000,2027-06-10,put,regular,775,0.3144,301,2745.0
2026-08-13,57750,2027-06-10,put,regular,112,0.312,301,2935.0
2026-08-13,58000,2027-06-10,put,regular,317,0.3112,301,3000.0
2026-08-13,59000,2027-06-10,put,regular,400,0.3085,301,3280.0
2026-08-13,59500,2027-06-10,put,regular,112,0.307,301,3425.0
2026-08-13,60000,2027-06-10,put,regular,1625,0.3058,301,3580.0
2026-08-13,61000,2027-06-10,put,regular,3,0.3032,301,3900.0
2026-08-13,62000,2027-06-10,put,regular,805,0.3006,301,4240.0
2026-08-13,63000,2027-06-10,put,regular,925,0.2985,301,4610.0
2026-08-13,64000,2027-06-10,put,regular,250,0.2964,301,5000.0
2026-08-13,64750,2027-06-10,put,regular,104,0.295,301,5310.0
2026-08-13,65000,2027-06-10,put,regular,1486,0.2945,301,5415.0
2026-08-13,65500,2027-06-10,put,regular,26,0.2935,301,5630.0
2026-08-13,66000,2027-06-10,put,regular,50,0.2927,301,5855.0
2026-08-13,66750,2027-06-10,put,regular,150,0.2914,301,6200.0
2026-08-13,67000,2027-06-10,put,regular,870,0.2909,301,6315.0
2026-08-13,67500,2027-06-10,put,regular,100,0.2903,301,6560.0
2026-08-13,68000,2027-06-10,put,regular,450,0.2894,301,6805.0
2026-08-13,68500,2027-06-10,put,regular,200,0.2888,301,7060.0
2026-08-13,69000,2027-06-10,put,regular,15,0.2881,301,7320.0
2026-08-13,70000,2027-06-10,put,regular,700,0.2869,301,7860.0
2026-08-13,72000,2027-06-10,put,regular,100,0.2848,301,9010.0
2026-08-13,77500,2027-06-10,put,regular,50,0.282,301,12655.0
2026-08-13,67000,2027-07-08,put,regular,58,0.2912,329,6640.0
2026-08-13,31000,2027-09-09,put,regular,200,0.4183,392,256.0
2026-08-13,45000,2027-09-09,put,regular,100,0.348,392,1175.0
2026-08-13,48000,2027-09-09,put,regular,100,0.3358,392,1555.0
2026-08-13,50000,2027-09-09,put,regular,25,0.3281,392,1860.0
2026-08-13,54250,2027-09-09,put,regular,200,0.3133,392,2680.0
2026-08-13,55000,2027-09-09,put,regular,300,0.311,392,2855.0
2026-08-13,58000,2027-09-09,put,regular,1,0.3021,392,3640.0
2026-08-13,60000,2027-09-09,put,regular,225,0.297,392,4260.0
2026-08-13,62000,2027-09-09,put,regular,188,0.2923,392,4955.0
2026-08-13,68250,2027-09-09,put,regular,200,0.2815,392,7710.0
2026-08-13,68750,2027-09-09,put,regular,91,0.2807,392,7965.0
2026-08-13,12500,2027-12-09,put,regular,11,0.5432,483,17.0
2026-08-13,13000,2027-12-09,put,regular,1,0.4195,483,1.0
2026-08-13,16000,2027-12-09,put,regular,350,0.4158,483,5.0
2026-08-13,19000,2027-12-09,put,regular,300,0.4167,483,19.0
2026-08-13,20000,2027-12-09,put,regular,400,0.4159,483,27.0
2026-08-13,21000,2027-12-09,put,regular,50,0.4158,483,38.0
2026-08-13,22000,2027-12-09,put,regular,408,0.4156,483,52.0
2026-08-13,22500,2027-12-09,put,regular,36,0.416,483,61.0
2026-08-13,23000,2027-12-09,put,regular,132,0.4155,483,70.0
2026-08-13,23750,2027-12-09,put,regular,39,0.4159,483,87.0
2026-08-13,24000,2027-12-09,put,regular,1721,0.4159,483,93.0
2026-08-13,25000,2027-12-09,put,regular,1211,0.4156,483,120.0
2026-08-13,26000,2027-12-09,put,regular,200,0.4154,483,153.0
2026-08-13,26500,2027-12-09,put,regular,100,0.4158,483,173.0
2026-08-13,27000,2027-12-09,put,regular,1300,0.4156,483,193.0
2026-08-13,28000,2027-12-09,put,regular,2125,0.4156,483,240.0
2026-08-13,29000,2027-12-09,put,regular,350,0.4105,483,275.0
2026-08-13,29500,2027-12-09,put,regular,249,0.4078,483,293.0
2026-08-13,30000,2027-12-09,put,regular,2445,0.4058,483,315.0
2026-08-13,31000,2027-12-09,put,regular,1750,0.4003,483,355.0
2026-08-13,31500,2027-12-09,put,regular,204,0.3974,483,375.0
2026-08-13,32000,2027-12-09,put,regular,1425,0.3952,483,400.0
2026-08-13,32250,2027-12-09,put,regular,30,0.3936,483,410.0
2026-08-13,32750,2027-12-09,put,regular,35,0.3912,483,435.0
2026-08-13,33000,2027-12-09,put,regular,450,0.3903,483,450.0
2026-08-13,34000,2027-12-09,put,regular,1794,0.3848,483,500.0
2026-08-13,34500,2027-12-09,put,regular,100,0.3826,483,530.0
2026-08-13,35000,2027-12-09,put,regular,1600,0.3803,483,560.0
2026-08-13,35500,2027-12-09,put,regular,40,0.3777,483,590.0
2026-08-13,36000,2027-12-09,put,regular,1130,0.3751,483,620.0
2026-08-13,36500,2027-12-09,put,regular,300,0.3723,483,650.0
2026-08-13,37000,2027-12-09,put,regular,1150,0.37,483,685.0
2026-08-13,38000,2027-12-09,put,regular,1175,0.3656,483,760.0
2026-08-13,39000,2027-12-09,put,regular,800,0.3605,483,835.0
2026-08-13,39500,2027-12-09,put,regular,50,0.3586,483,880.0
2026-08-13,40000,2027-12-09,put,regular,3150,0.3561,483,920.0
2026-08-13,40500,2027-12-09,put,regular,450,0.3538,483,965.0
2026-08-13,42000,2027-12-09,put,regular,550,0.3473,483,1110.0
2026-08-13,43000,2027-12-09,put,regular,240,0.3434,483,1220.0
2026-08-13,44000,2027-12-09,put,regular,100,0.3393,483,1335.0
2026-08-13,45000,2027-12-09,put,regular,1875,0.3353,483,1460.0
2026-08-13,46000,2027-12-09,put,regular,700,0.3312,483,1590.0
2026-08-13,47000,2027-12-09,put,regular,250,0.3275,483,1735.0
2026-08-13,47500,2027-12-09,put,regular,35,0.326,483,1815.0
2026-08-13,48000,2027-12-09,put,regular,615,0.3239,483,1890.0
2026-08-13,49000,2027-12-09,put,regular,700,0.3206,483,2060.0
2026-08-13,50000,2027-12-09,put,regular,3170,0.3171,483,2235.0
2026-08-13,51000,2027-12-09,put,regular,350,0.314,483,2430.0
2026-08-13,52000,2027-12-09,put,regular,635,0.3108,483,2635.0
2026-08-13,53000,2027-12-09,put,regular,822,0.3078,483,2855.0
2026-08-13,54000,2027-12-09,put,regular,275,0.3049,483,3090.0
2026-08-13,54500,2027-12-09,put,regular,400,0.3036,483,3215.0
2026-08-13,55000,2027-12-09,put,regular,1050,0.3024,483,3345.0
2026-08-13,55500,2027-12-09,put,regular,75,0.301,483,3475.0
2026-08-13,56000,2027-12-09,put,regular,270,0.2996,483,3610.0
2026-08-13,57000,2027-12-09,put,regular,220,0.2973,483,3900.0
2026-08-13,58000,2027-12-09,put,regular,1000,0.2948,483,4200.0
2026-08-13,58500,2027-12-09,put,regular,210,0.2938,483,4360.0
2026-08-13,59000,2027-12-09,put,regular,100,0.2927,483,4525.0
2026-08-13,60000,2027-12-09,put,regular,850,0.2906,483,4865.0
2026-08-13,62000,2027-12-09,put,regular,300,0.2867,483,5605.0
2026-08-13,62500,2027-12-09,put,regular,70,0.2857,483,5800.0
2026-08-13,63000,2027-12-09,put,regular,300,0.285,483,6005.0
2026-08-13,63500,2027-12-09,put,regular,50,0.284,483,6210.0
2026-08-13,64000,2027-12-09,put,regular,130,0.2833,483,6425.0
2026-08-13,65000,2027-12-09,put,regular,1200,0.2817,483,6865.0
2026-08-13,66000,2027-12-09,put,regular,550,0.2802,483,7325.0
2026-08-13,67000,2027-12-09,put,regular,400,0.279,483,7810.0
2026-08-13,68000,2027-12-09,put,regular,200,0.2777,483,8310.0
2026-08-13,69000,2027-12-09,put,regular,750,0.2766,483,8835.0
2026-08-13,70000,2027-12-09,put,regular,550,0.2756,483,9380.0
2026-08-13,75000,2027-12-09,put,regular,175,0.2717,483,12395.0
2026-08-13,80000,2027-12-09,put,regular,400,0.2696,483,15855.0
2026-08-13,15000,2028-06-08,put,regular,3,0.3969,665,11.0
2026-08-13,25000,2028-06-08,put,regular,630,0.395,665,239.0
2026-08-13,26000,2028-06-08,put,regular,250,0.3949,665,294.0
2026-08-13,27000,2028-06-08,put,regular,100,0.3953,665,360.0
2026-08-13,30000,2028-06-08,put,regular,300,0.3851,665,540.0
2026-08-13,32000,2028-06-08,put,regular,250,0.3754,665,665.0
2026-08-13,33000,2028-06-08,put,regular,100,0.3707,665,735.0
2026-08-13,35000,2028-06-08,put,regular,200,0.3616,665,890.0
2026-08-13,40000,2028-06-08,put,regular,250,0.3401,665,1380.0
2026-08-13,41500,2028-06-08,put,regular,100,0.334,665,1560.0
2026-08-13,45000,2028-06-08,put,regular,15,0.3211,665,2060.0
2026-08-13,48000,2028-06-08,put,regular,300,0.311,665,2585.0
2026-08-13,50000,2028-06-08,put,regular,400,0.3047,665,2990.0
2026-08-13,53000,2028-06-08,put,regular,50,0.2963,665,3700.0
2026-08-13,54000,2028-06-08,put,regular,100,0.2937,665,3965.0
2026-08-13,58000,2028-06-08,put,regular,200,0.2843,665,5175.0
2026-08-13,60000,2028-06-08,put,regular,250,0.2802,665,5880.0
2026-08-13,12000,2028-12-07,put,regular,300,0.3953,847,9.0
2026-08-13,16000,2028-12-07,put,regular,1950,0.3954,847,49.0
2026-08-13,18000,2028-12-07,put,regular,100,0.3951,847,92.0
2026-08-13,20000,2028-12-07,put,regular,200,0.3946,847,157.0
2026-08-13,23000,2028-12-07,put,regular,100,0.3944,847,310.0
2026-08-13,23500,2028-12-07,put,regular,38,0.3948,847,345.0
2026-08-13,24000,2028-12-07,put,regular,1000,0.3947,847,380.0
2026-08-13,25000,2028-12-07,put,regular,1200,0.3942,847,455.0
2026-08-13,27000,2028-12-07,put,regular,120,0.3946,847,645.0
2026-08-13,27500,2028-12-07,put,regular,50,0.3942,847,695.0
2026-08-13,28000,2028-12-07,put,regular,1250,0.394,847,750.0
2026-08-13,30000,2028-12-07,put,regular,350,0.3829,847,895.0
2026-08-13,31000,2028-12-07,put,regular,400,0.3777,847,975.0
2026-08-13,32000,2028-12-07,put,regular,850,0.3721,847,1055.0
2026-08-13,32250,2028-12-07,put,regular,51,0.3707,847,1075.0
2026-08-13,33000,2028-12-07,put,regular,125,0.3667,847,1140.0
2026-08-13,34000,2028-12-07,put,regular,775,0.361,847,1225.0
2026-08-13,34750,2028-12-07,put,regular,100,0.3571,847,1295.0
2026-08-13,35000,2028-12-07,put,regular,1305,0.3559,847,1320.0
2026-08-13,36000,2028-12-07,put,regular,2750,0.3509,847,1420.0
2026-08-13,37000,2028-12-07,put,regular,580,0.3459,847,1525.0
2026-08-13,38000,2028-12-07,put,regular,2860,0.341,847,1635.0
2026-08-13,39000,2028-12-07,put,regular,50,0.3362,847,1750.0
2026-08-13,40000,2028-12-07,put,regular,1210,0.3317,847,1875.0
2026-08-13,42000,2028-12-07,put,regular,350,0.3229,847,2145.0
2026-08-13,43000,2028-12-07,put,regular,100,0.3187,847,2290.0
2026-08-13,44500,2028-12-07,put,regular,75,0.3128,847,2530.0
2026-08-13,45000,2028-12-07,put,regular,130,0.3109,847,2615.0
2026-08-13,48000,2028-12-07,put,regular,600,0.3005,847,3185.0
2026-08-13,50000,2028-12-07,put,regular,2450,0.2943,847,3625.0
2026-08-13,51000,2028-12-07,put,regular,150,0.2915,847,3865.0
2026-08-13,53000,2028-12-07,put,regular,50,0.2861,847,4385.0
2026-08-13,55000,2028-12-07,put,regular,705,0.2814,847,4970.0
2026-08-13,56000,2028-12-07,put,regular,450,0.2792,847,5285.0
2026-08-13,57000,2028-12-07,put,regular,150,0.2771,847,5615.0
2026-08-13,60000,2028-12-07,put,regular,550,0.2717,847,6710.0
2026-08-13,65000,2028-12-07,put,regular,900,0.2642,847,8860.0
2026-08-13,68000,2028-12-07,put,regular,100,0.2605,847,10345.0
2026-08-13,70000,2028-12-07,put,regular,100,0.2583,847,11415.0
2026-08-13,75000,2028-12-07,put,regular,80,0.2529,847,14330.0
2026-08-13,15000,2029-06-07,put,regular,1,0.3814,1029,57.0
2026-08-13,15000,2029-12-13,put,regular,1,0.368,1218,83.0
2026-08-13,23250,2029-12-13,put,regular,40,0.3664,1218,565.0
2026-08-13,32000,2029-12-13,put,regular,113,0.3399,1218,1470.0
2026-08-13,34250,2029-12-13,put,regular,6,0.3277,1218,1690.0
2026-08-13,44000,2029-12-13,put,regular,100,0.2916,1218,3200.0
2026-08-13,50000,2029-12-13,put,regular,70,0.2774,1218,4665.0
2026-08-13,64000,2029-12-13,put,regular,100,0.253,1218,9830.0
2026-08-13,65000,2029-12-13,put,regular,50,0.2516,1218,10295.0
2026-08-13,70000,2029-12-13,put,regular,100,0.244,1218,12785.0
2026-08-13,19000,2030-06-13,put,regular,2,0.3416,1400,239.0
2026-08-13,23500,2030-12-12,put,regular,100,0.3291,1582,655.0
2026-08-13,31750,2030-12-12,put,regular,74,0.3117,1582,1655.0
2026-08-13,34000,2030-12-12,put,regular,24,0.304,1582,1960.0
2026-08-13,44000,2030-12-12,put,regular,80,0.2784,1582,3900.0
2026-08-13,49500,2030-12-12,put,regular,100,0.2678,1582,5410.0
2026-08-13,64000,2030-12-12,put,regular,3,0.2424,1582,10870.0
2026-08-13,31500,2031-12-11,put,regular,52,0.3082,1946,2165.0
2026-08-13,68000,2031-12-11,call,regular,100,0.2102,1946,13560.0
2026-08-13,31250,2032-12-09,call,regular,40,0.2,2310,2705.0
2026-08-13,30000,2026-09-10,call,regular,3750,0.2,28,37625.0
2026-08-13,37000,2026-09-10,call,regular,1,0.2,28,30635.0
2026-08-13,40000,2026-09-10,call,regular,5,0.2,28,27645.0
2026-08-13,42000,2026-09-10,call,regular,101,0.2,28,25655.0
2026-08-13,42500,2026-09-10,call,regular,10,0.2,28,25155.0
2026-08-13,43000,2026-09-10,call,regular,100,0.2,28,24655.0
2026-08-13,43500,2026-09-10,call,regular,57,0.2,28,24160.0
2026-08-13,45000,2026-09-10,call,regular,42,0.2,28,22665.0
2026-08-13,48000,2026-09-10,call,regular,400,0.2,28,19680.0
2026-08-13,48500,2026-09-10,call,regular,240,0.2,28,19185.0
2026-08-13,49000,2026-09-10,call,regular,200,0.2,28,18690.0
2026-08-13,50000,2026-09-10,call,regular,4650,0.2,28,17700.0
2026-08-13,50500,2026-09-10,call,regular,50,0.2,28,17200.0
2026-08-13,51000,2026-09-10,call,regular,141,0.2,28,16705.0
2026-08-13,51250,2026-09-10,call,regular,210,0.2,28,16460.0
2026-08-13,52000,2026-09-10,call,regular,350,0.2,28,15720.0
2026-08-13,53000,2026-09-10,call,regular,1100,0.2,28,14735.0
2026-08-13,53500,2026-09-10,call,regular,400,0.2,28,14240.0
2026-08-13,53750,2026-09-10,call,regular,150,0.2,28,13995.0
2026-08-13,54000,2026-09-10,call,regular,1056,0.2,28,13750.0
2026-08-13,54250,2026-09-10,call,regular,50,0.2,28,13505.0
2026-08-13,54500,2026-09-10,call,regular,200,0.2,28,13260.0
2026-08-13,54750,2026-09-10,call,regular,90,0.2,28,13015.0
2026-08-13,55000,2026-09-10,call,regular,660,0.2,28,12770.0
2026-08-13,56000,2026-09-10,call,regular,1250,0.2,28,11795.0
2026-08-13,56500,2026-09-10,call,regular,75,0.2,28,11310.0
2026-08-13,57000,2026-09-10,call,regular,850,0.2,28,10830.0
2026-08-13,57500,2026-09-10,call,regular,384,0.2,28,10350.0
2026-08-13,58000,2026-09-10,call,regular,1101,0.2,28,9870.0
2026-08-13,59000,2026-09-10,call,regular,1096,0.2,28,8930.0
2026-08-13,60000,2026-09-10,call,regular,786,0.2,28,8005.0
2026-08-13,60500,2026-09-10,call,regular,750,0.2,28,7555.0
2026-08-13,60750,2026-09-10,call,regular,120,0.2,28,7325.0
2026-08-13,61000,2026-09-10,call,regular,221,0.2,28,7105.0
2026-08-13,61250,2026-09-10,call,regular,22,0.2,28,6880.0
2026-08-13,61375,2026-09-10,call,regular,12585000,0.2,28,6785.0
2026-08-13,61500,2026-09-10,call,regular,2,0.2,28,6665.0
2026-08-13,61875,2026-09-10,call,regular,2,0.2,28,6350.0
2026-08-13,62000,2026-09-10,call,regular,2002,0.2,28,6235.0
2026-08-13,62250,2026-09-10,call,regular,1,0.2,28,6020.0
2026-08-13,62500,2026-09-10,call,regular,801,0.2,28,5810.0
2026-08-13,63000,2026-09-10,call,regular,961,0.2,28,5405.0
2026-08-13,63250,2026-09-10,call,regular,1,0.2,28,5210.0
2026-08-13,63500,2026-09-10,call,regular,4,0.2,28,5005.0
2026-08-13,64000,2026-09-10,call,regular,1684,0.2,28,4620.0
2026-08-13,64250,2026-09-10,call,regular,100,0.148,28,4440.0
2026-08-13,64500,2026-09-10,call,regular,102,0.1649,28,4250.0
2026-08-13,64750,2026-09-10,call,regular,1,0.1807,28,4080.0
2026-08-13,65000,2026-09-10,call,regular,5234,0.1857,28,3885.0
2026-08-13,65250,2026-09-10,call,regular,2,0.1953,28,3720.0
2026-08-13,65375,2026-09-10,call,regular,1,0.2016,28,3650.0
2026-08-13,65500,2026-09-10,call,regular,160,0.2015,28,3550.0
2026-08-13,65750,2026-09-10,call,regular,2,0.2078,28,3390.0
2026-08-13,66000,2026-09-10,call,regular,1629,0.2109,28,3220.0
2026-08-13,66125,2026-09-10,call,regular,39,0.2136,28,3145.0
2026-08-13,66250,2026-09-10,call,regular,47,0.2168,28,3075.0
2026-08-13,66500,2026-09-10,call,regular,759,0.2191,28,2915.0
2026-08-13,66750,2026-09-10,call,regular,8,0.2234,28,2775.0
2026-08-13,66875,2026-09-10,call,regular,2240000,0.2245,28,2700.0
2026-08-13,67000,2026-09-10,call,regular,3143,0.2253,28,2625.0
2026-08-13,67125,2026-09-10,call,regular,1,0.2273,28,2560.0
2026-08-13,67250,2026-09-10,call,regular,2,0.229,28,2495.0
2026-08-13,67375,2026-09-10,call,regular,1,0.2298,28,2425.0
2026-08-13,67500,2026-09-10,call,regular,2124,0.2298,28,2350.0
2026-08-13,67625,2026-09-10,call,regular,31,0.2309,28,2285.0
2026-08-13,67750,2026-09-10,call,regular,477,0.2318,28,2220.0
2026-08-13,67875,2026-09-10,call,regular,23,0.2331,28,2160.0
2026-08-13,68000,2026-09-10,call,regular,2241,0.241,28,2150.0
2026-08-13,68250,2026-09-10,call,regular,4,0.236,28,1980.0
2026-08-13,68375,2026-09-10,call,regular,9,0.236,28,1915.0
2026-08-13,68500,2026-09-10,call,regular,214,0.241,28,1890.0
2026-08-13,68625,2026-09-10,call,regular,1,0.2385,28,1810.0
2026-08-13,68750,2026-09-10,call,regular,316,0.2379,28,1745.0
2026-08-13,68875,2026-09-10,call,regular,67,0.2397,28,1700.0
2026-08-13,69000,2026-09-10,call,regular,1512,0.2486,28,1710.0
2026-08-13,69125,2026-09-10,call,regular,1,0.2415,28,1600.0
2026-08-13,69250,2026-09-10,call,regular,107,0.2422,28,1550.0
2026-08-13,69500,2026-09-10,call,regular,633,0.2436,28,1455.0
2026-08-13,69750,2026-09-10,call,regular,482,0.2437,28,1355.0
2026-08-13,70000,2026-09-10,call,regular,2646,0.2465,28,1280.0
2026-08-13,70250,2026-09-10,call,regular,8,0.2466,28,1190.0
2026-08-13,70500,2026-09-10,call,regular,311,0.2481,28,1115.0
2026-08-13,70625,2026-09-10,call,regular,55,0.2476,28,1070.0
2026-08-13,70750,2026-09-10,call,regular,2,0.249,28,1040.0
2026-08-13,70875,2026-09-10,call,regular,61,0.2489,28,1000.0
2026-08-13,71000,2026-09-10,call,regular,1651,0.2537,28,995.0
2026-08-13,71125,2026-09-10,call,regular,57,0.2503,28,935.0
2026-08-13,71250,2026-09-10,call,regular,14,0.252,28,910.0
2026-08-13,71500,2026-09-10,call,regular,1349,0.2533,28,850.0
2026-08-13,71625,2026-09-10,call,regular,2,0.253,28,815.0
2026-08-13,71750,2026-09-10,call,regular,3,0.2533,28,785.0
2026-08-13,72000,2026-09-10,call,regular,2373,0.2559,28,740.0
2026-08-13,72250,2026-09-10,call,regular,10,0.2555,28,680.0
2026-08-13,72500,2026-09-10,call,regular,1680,0.2579,28,640.0
2026-08-13,72750,2026-09-10,call,regular,3,0.259,28,595.0
2026-08-13,73000,2026-09-10,call,regular,2118,0.2595,28,550.0
2026-08-13,73250,2026-09-10,call,regular,4,0.2614,28,515.0
2026-08-13,73500,2026-09-10,call,regular,424,0.2638,28,485.0
2026-08-13,73625,2026-09-10,call,regular,2,0.2598,28,445.0
2026-08-13,73750,2026-09-10,call,regular,50,0.2627,28,440.0
2026-08-13,73875,2026-09-10,call,regular,18,0.2614,28,415.0
2026-08-13,74000,2026-09-10,call,regular,1009,0.2663,28,420.0
2026-08-13,74250,2026-09-10,call,regular,3,0.2641,28,375.0
2026-08-13,74500,2026-09-10,call,regular,119,0.2657,28,350.0
2026-08-13,74625,2026-09-10,call,regular,1,0.2634,28,325.0
2026-08-13,74750,2026-09-10,call,regular,1,0.2657,28,320.0
2026-08-13,75000,2026-09-10,call,regular,2815,0.2667,28,296.0
2026-08-13,75125,2026-09-10,call,regular,251000,0.2657,28,279.0
2026-08-13,75250,2026-09-10,call,regular,27,0.2667,28,270.0
2026-08-13,75500,2026-09-10,call,regular,133,0.2678,28,250.0
2026-08-13,76000,2026-09-10,call,regular,439,0.2694,28,212.0
2026-08-13,76500,2026-09-10,call,regular,25,0.2708,28,179.0
2026-08-13,77000,2026-09-10,call,regular,617,0.2718,28,150.0
2026-08-13,77500,2026-09-10,call,regular,964,0.2718,28,123.0
2026-08-13,78000,2026-09-10,call,regular,1976,0.2751,28,107.0
2026-08-13,78500,2026-09-10,call,regular,8,0.2761,28,89.0
2026-08-13,79000,2026-09-10,call,regular,27,0.2758,28,72.0
2026-08-13,79500,2026-09-10,call,regular,200,0.2778,28,61.0
2026-08-13,80000,2026-09-10,call,regular,1124,0.2793,28,51.0
2026-08-13,80500,2026-09-10,call,regular,6,0.2811,28,43.0
2026-08-13,81000,2026-09-10,call,regular,211,0.2827,28,36.0
2026-08-13,81500,2026-09-10,call,regular,15,0.2814,28,28.0
2026-08-13,82000,2026-09-10,call,regular,81,0.2855,28,25.0
2026-08-13,82500,2026-09-10,call,regular,8,0.2836,28,19.0
2026-08-13,83000,2026-09-10,call,regular,863,0.2876,28,17.0
2026-08-13,83500,2026-09-10,call,regular,1,0.2862,28,13.0
2026-08-13,84000,2026-09-10,call,regular,803,0.2911,28,12.0
2026-08-13,84500,2026-09-10,call,regular,5,0.2956,28,11.0
2026-08-13,85000,2026-09-10,call,regular,882,0.2927,28,8.0
2026-08-13,87500,2026-09-10,call,regular,158,0.3061,28,4.0
2026-08-13,90000,2026-09-10,call,regular,291,0.318,28,2.0
2026-08-13,92000,2026-09-10,call,regular,63,0.3413,28,2.0
2026-08-13,94000,2026-09-10,call,regular,12,0.3449,28,1.0
2026-08-13,95000,2026-09-10,call,regular,43,0.3555,28,1.0
2026-08-13,96000,2026-09-10,call,regular,20,0.3659,28,1.0
2026-08-13,98000,2026-09-10,call,regular,15,0.3864,28,1.0
2026-08-13,100000,2026-09-10,call,regular,89,0.4064,28,1.0
2026-08-13,35000,2026-10-08,call,regular,20,0.2,56,32330.0
2026-08-13,47500,2026-10-08,call,regular,34,0.2,56,19960.0
2026-08-13,53000,2026-10-08,call,regular,34,0.2,56,14620.0
2026-08-13,55000,2026-10-08,call,regular,4,0.2,56,12725.0
2026-08-13,57000,2026-10-08,call,regular,1,0.2,56,10860.0
2026-08-13,58000,2026-10-08,call,regular,1,0.2,56,9960.0
2026-08-13,60000,2026-10-08,call,regular,1,0.2,56,8230.0
2026-08-13,60500,2026-10-08,call,regular,100,0.2,56,7815.0
2026-08-13,61000,2026-10-08,call,regular,201,0.2,56,7405.0
2026-08-13,62000,2026-10-08,call,regular,29,0.2,56,6605.0
2026-08-13,63000,2026-10-08,call,regular,4,0.1716,56,5845.0
2026-08-13,63875,2026-10-08,call,regular,50,0.1952,56,5230.0
2026-08-13,64000,2026-10-08,call,regular,31,0.1962,56,5135.0
2026-08-13,65000,2026-10-08,call,regular,103,0.2118,56,4485.0
2026-08-13,65250,2026-10-08,call,regular,1,0.2141,56,4325.0
2026-08-13,65500,2026-10-08,call,regular,60,0.2148,56,4155.0
2026-08-13,66000,2026-10-08,call,regular,301,0.2185,56,3850.0
2026-08-13,66250,2026-10-08,call,regular,4,0.2204,56,3705.0
2026-08-13,67000,2026-10-08,call,regular,380,0.2252,56,3290.0
2026-08-13,67500,2026-10-08,call,regular,4,0.2278,56,3030.0
2026-08-13,68000,2026-10-08,call,regular,291,0.2306,56,2790.0
2026-08-13,68125,2026-10-08,call,regular,13,0.231,56,2730.0
2026-08-13,68250,2026-10-08,call,regular,21525000,0.2314,56,2670.0
2026-08-13,68375,2026-10-08,call,regular,1,0.2317,56,2610.0
2026-08-13,68500,2026-10-08,call,regular,1,0.2323,56,2555.0
2026-08-13,69000,2026-10-08,call,regular,337,0.2339,56,2335.0
2026-08-13,69500,2026-10-08,call,regular,1,0.2354,56,2130.0
2026-08-13,70000,2026-10-08,call,regular,721,0.237,56,1940.0
2026-08-13,70500,2026-10-08,call,regular,100,0.2386,56,1765.0
2026-08-13,70750,2026-10-08,call,regular,1,0.2401,56,1690.0
2026-08-13,71000,2026-10-08,call,regular,15,0.2413,56,1615.0
2026-08-13,71500,2026-10-08,call,regular,3,0.2422,56,1460.0
2026-08-13,72000,2026-10-08,call,regular,212,0.2439,56,1325.0
2026-08-13,72250,2026-10-08,call,regular,3,0.2441,56,1255.0
2026-08-13,73000,2026-10-08,call,regular,315,0.247,56,1085.0
2026-08-13,73250,2026-10-08,call,regular,1,0.2464,56,1020.0
2026-08-13,73500,2026-10-08,call,regular,2,0.2478,56,975.0
2026-08-13,74000,2026-10-08,call,regular,52,0.2488,56,875.0
2026-08-13,74500,2026-10-08,call,regular,130,0.2498,56,785.0
2026-08-13,75000,2026-10-08,call,regular,1357,0.251,56,705.0
2026-08-13,76000,2026-10-08,call,regular,361,0.2532,56,565.0
2026-08-13,77000,2026-10-08,call,regular,1004,0.2569,56,460.0
2026-08-13,77500,2026-10-08,call,regular,1,0.256,56,400.0
2026-08-13,78000,2026-10-08,call,regular,1,0.2567,56,355.0
2026-08-13,78500,2026-10-08,call,regular,1,0.2586,56,320.0
2026-08-13,79000,2026-10-08,call,regular,3,0.2602,56,287.0
2026-08-13,80000,2026-10-08,call,regular,1762,0.2625,56,228.0
2026-08-13,81000,2026-10-08,call,regular,402,0.2618,56,171.0
2026-08-13,82000,2026-10-08,call,regular,3,0.2645,56,136.0
2026-08-13,83500,2026-10-08,call,regular,6,0.2668,56,93.0
2026-08-13,84000,2026-10-08,call,regular,2,0.2683,56,83.0
2026-08-13,85000,2026-10-08,call,regular,136,0.2656,56,58.0
2026-08-13,87500,2026-10-08,call,regular,2,0.2762,56,36.0
2026-08-13,90000,2026-10-08,call,regular,24,0.2748,56,16.0
2026-08-13,95000,2026-10-08,call,regular,6,0.3065,56,10.0
2026-08-13,100000,2026-10-08,call,regular,31,0.3206,56,4.0
2026-08-13,50250,2026-11-12,call,regular,35,0.2,91,17525.0
2026-08-13,56000,2026-11-12,call,regular,34,0.2,91,12215.0
2026-08-13,57500,2026-11-12,call,regular,100,0.2,91,10905.0
2026-08-13,60500,2026-11-12,call,regular,100,0.1949,91,8425.0
2026-08-13,61000,2026-11-12,call,regular,200,0.2032,91,8035.0
2026-08-13,63000,2026-11-12,call,regular,1,0.2235,91,6570.0
2026-08-13,64000,2026-11-12,call,regular,125,0.2312,91,5915.0
2026-08-13,65000,2026-11-12,call,regular,10,0.2341,91,5265.0
2026-08-13,66000,2026-11-12,call,regular,321,0.2368,91,4665.0
2026-08-13,67000,2026-11-12,call,regular,938,0.2392,91,4115.0
2026-08-13,67500,2026-11-12,call,regular,300,0.2409,91,3865.0
2026-08-13,68000,2026-11-12,call,regular,130,0.2416,91,3615.0
2026-08-13,69000,2026-11-12,call,regular,1137,0.2433,91,3155.0
2026-08-13,70000,2026-11-12,call,regular,488,0.2447,91,2740.0
2026-08-13,71000,2026-11-12,call,regular,4,0.2458,91,2365.0
2026-08-13,72000,2026-11-12,call,regular,195,0.2468,91,2030.0
2026-08-13,72500,2026-11-12,call,regular,201,0.2458,91,1860.0
2026-08-13,74000,2026-11-12,call,regular,100,0.2497,91,1490.0
2026-08-13,75000,2026-11-12,call,regular,102,0.2507,91,1265.0
2026-08-13,80000,2026-11-12,call,regular,50,0.257,91,540.0
2026-08-13,82500,2026-11-12,call,regular,1,0.261,91,350.0
2026-08-13,85000,2026-11-12,call,regular,1,0.2635,91,220.0
2026-08-13,95000,2026-11-12,call,regular,2,0.2858,91,45.0
2026-08-13,100000,2026-11-12,call,regular,4,0.3055,91,28.0
2026-08-13,12500,2026-12-10,call,regular,84,0.2,119,54770.0
2026-08-13,20000,2026-12-10,call,regular,150,0.2,119,47310.0
2026-08-13,22000,2026-12-10,call,regular,100,0.2,119,45320.0
2026-08-13,25000,2026-12-10,call,regular,300,0.2,119,42345.0
2026-08-13,26000,2026-12-10,call,regular,350,0.2,119,41350.0
2026-08-13,27000,2026-12-10,call,regular,250,0.2,119,40360.0
2026-08-13,28000,2026-12-10,call,regular,75,0.2,119,39370.0
2026-08-13,28500,2026-12-10,call,regular,125,0.2,119,38875.0
2026-08-13,29000,2026-12-10,call,regular,150,0.2,119,38380.0
2026-08-13,30000,2026-12-10,call,regular,100,0.2,119,37395.0
2026-08-13,30500,2026-12-10,call,regular,50,0.2,119,36900.0
2026-08-13,31000,2026-12-10,call,regular,241,0.2,119,36425.0
2026-08-13,31500,2026-12-10,call,regular,50,0.2,119,35935.0
2026-08-13,32000,2026-12-10,call,regular,700,0.2,119,35440.0
2026-08-13,32500,2026-12-10,call,regular,250,0.2,119,34945.0
2026-08-13,33000,2026-12-10,call,regular,1950,0.2,119,34455.0
2026-08-13,34000,2026-12-10,call,regular,280,0.2,119,33470.0
2026-08-13,34500,2026-12-10,call,regular,400,0.2,119,32975.0
2026-08-13,35000,2026-12-10,call,regular,435,0.2,119,32485.0
2026-08-13,36000,2026-12-10,call,regular,975,0.2,119,31505.0
2026-08-13,36500,2026-12-10,call,regular,252,0.2,119,31010.0
2026-08-13,37000,2026-12-10,call,regular,450,0.2,119,30520.0
2026-08-13,37500,2026-12-10,call,regular,88,0.2,119,30030.0
2026-08-13,37750,2026-12-10,call,regular,100,0.2,119,29785.0
2026-08-13,38000,2026-12-10,call,regular,1225,0.2,119,29540.0
2026-08-13,38500,2026-12-10,call,regular,700,0.2,119,29045.0
2026-08-13,38750,2026-12-10,call,regular,50,0.2,119,28800.0
2026-08-13,39000,2026-12-10,call,regular,750,0.2,119,28555.0
2026-08-13,39500,2026-12-10,call,regular,500,0.2,119,28070.0
2026-08-13,40000,2026-12-10,call,regular,1200,0.2,119,27575.0
2026-08-13,40500,2026-12-10,call,regular,400,0.2,119,27080.0
2026-08-13,41000,2026-12-10,call,regular,1300,0.2,119,26605.0
2026-08-13,41500,2026-12-10,call,regular,100,0.2,119,26120.0
2026-08-13,42000,2026-12-10,call,regular,1071,0.2,119,25630.0
2026-08-13,42500,2026-12-10,call,regular,250,0.2,119,25145.0
2026-08-13,43000,2026-12-10,call,regular,1400,0.2,119,24660.0
2026-08-13,43750,2026-12-10,call,regular,100,0.2,119,23930.0
2026-08-13,44000,2026-12-10,call,regular,600,0.2,119,23690.0
2026-08-13,45000,2026-12-10,call,regular,1842,0.2,119,22725.0
2026-08-13,45250,2026-12-10,call,regular,413,0.2,119,22485.0
2026-08-13,45500,2026-12-10,call,regular,200,0.2,119,22240.0
2026-08-13,46000,2026-12-10,call,regular,2300,0.2,119,21760.0
2026-08-13,46250,2026-12-10,call,regular,315,0.2,119,21525.0
2026-08-13,47000,2026-12-10,call,regular,350,0.2,119,20800.0
2026-08-13,47500,2026-12-10,call,regular,200,0.2,119,20325.0
2026-08-13,48000,2026-12-10,call,regular,750,0.2,119,19845.0
2026-08-13,49000,2026-12-10,call,regular,1000,0.2,119,18900.0
2026-08-13,49500,2026-12-10,call,regular,260,0.2,119,18425.0
2026-08-13,50000,2026-12-10,call,regular,3342,0.2,119,17955.0
2026-08-13,50250,2026-12-10,call,regular,58,0.2,119,17720.0
2026-08-13,50500,2026-12-10,call,regular,600,0.2,119,17485.0
2026-08-13,50750,2026-12-10,call,regular,45,0.2,119,17255.0
2026-08-13,51000,2026-12-10,call,regular,731,0.2,119,17020.0
2026-08-13,52000,2026-12-10,call,regular,802,0.2,119,16100.0
2026-08-13,52250,2026-12-10,call,regular,250,0.2,119,15870.0
2026-08-13,52500,2026-12-10,call,regular,50,0.2,119,15640.0
2026-08-13,53000,2026-12-10,call,regular,1135,0.2,119,15180.0
2026-08-13,53500,2026-12-10,call,regular,106,0.2,119,14755.0
2026-08-13,54000,2026-12-10,call,regular,1941,0.2,119,14290.0
2026-08-13,54500,2026-12-10,call,regular,540,0.2,119,13845.0
2026-08-13,55000,2026-12-10,call,regular,1829,0.2,119,13400.0
2026-08-13,55500,2026-12-10,call,regular,300,0.2,119,12965.0
2026-08-13,56000,2026-12-10,call,regular,791,0.2,119,12530.0
2026-08-13,56500,2026-12-10,call,regular,283,0.2,119,12100.0
2026-08-13,57000,2026-12-10,call,regular,500,0.15,119,11670.0
2026-08-13,57250,2026-12-10,call,regular,113,0.1683,119,11460.0
2026-08-13,57500,2026-12-10,call,regular,80,0.1806,119,11255.0
2026-08-13,58000,2026-12-10,call,regular,2603,0.1936,119,10835.0
2026-08-13,58500,2026-12-10,call,regular,350,0.2042,119,10430.0
2026-08-13,59000,2026-12-10,call,regular,1900,0.2111,119,10025.0
2026-08-13,59500,2026-12-10,call,regular,100,0.2171,119,9630.0
2026-08-13,60000,2026-12-10,call,regular,7264,0.2216,119,9240.0
2026-08-13,60500,2026-12-10,call,regular,102,0.2251,119,8855.0
2026-08-13,61000,2026-12-10,call,regular,813,0.2283,119,8480.0
2026-08-13,62000,2026-12-10,call,regular,1350,0.2335,119,7755.0
2026-08-13,62500,2026-12-10,call,regular,828,0.2355,119,7405.0
2026-08-13,63000,2026-12-10,call,regular,1615,0.2361,119,7050.0
2026-08-13,63750,2026-12-10,call,regular,25,0.24,119,6575.0
2026-08-13,64000,2026-12-10,call,regular,1990,0.2403,119,6410.0
2026-08-13,65000,2026-12-10,call,regular,3176,0.2421,119,5785.0
2026-08-13,65500,2026-12-10,call,regular,584,0.243,119,5490.0
2026-08-13,66000,2026-12-10,call,regular,720,0.2435,119,5200.0
2026-08-13,66250,2026-12-10,call,regular,15,0.2435,119,5055.0
2026-08-13,67000,2026-12-10,call,regular,1228,0.2447,119,4655.0
2026-08-13,67250,2026-12-10,call,regular,25,0.2446,119,4520.0
2026-08-13,67500,2026-12-10,call,regular,25,0.245,119,4395.0
2026-08-13,68000,2026-12-10,call,regular,3242,0.245,119,4140.0
2026-08-13,68500,2026-12-10,call,regular,220,0.2453,119,3900.0
2026-08-13,69000,2026-12-10,call,regular,1344,0.2452,119,3665.0
2026-08-13,69250,2026-12-10,call,regular,50,0.2457,119,3560.0
2026-08-13,69750,2026-12-10,call,regular,158,0.2463,119,3350.0
2026-08-13,70000,2026-12-10,call,regular,5062,0.2466,119,3250.0
2026-08-13,70500,2026-12-10,call,regular,10,0.2465,119,3045.0
2026-08-13,71000,2026-12-10,call,regular,200,0.2471,119,2860.0
2026-08-13,72000,2026-12-10,call,regular,885,0.2467,119,2495.0
2026-08-13,72250,2026-12-10,call,regular,2,0.247,119,2415.0
2026-08-13,72500,2026-12-10,call,regular,2193,0.2468,119,2330.0
2026-08-13,73000,2026-12-10,call,regular,800,0.248,119,2190.0
2026-08-13,73500,2026-12-10,call,regular,400,0.2476,119,2035.0
2026-08-13,74000,2026-12-10,call,regular,1030,0.248,119,1900.0
2026-08-13,75000,2026-12-10,call,regular,3732,0.249,119,1655.0
2026-08-13,75750,2026-12-10,call,regular,1,0.2494,119,1485.0
2026-08-13,76000,2026-12-10,call,regular,400,0.2497,119,1435.0
2026-08-13,77000,2026-12-10,call,regular,459,0.2504,119,1240.0
2026-08-13,77500,2026-12-10,call,regular,1301,0.251,119,1155.0
2026-08-13,78000,2026-12-10,call,regular,314,0.2516,119,1075.0
2026-08-13,79000,2026-12-10,call,regular,204,0.2523,119,925.0
2026-08-13,80000,2026-12-10,call,regular,7276,0.2516,119,780.0
2026-08-13,81000,2026-12-10,call,regular,1,0.2532,119,675.0
2026-08-13,82500,2026-12-10,call,regular,601,0.2545,119,535.0
2026-08-13,84000,2026-12-10,call,regular,402,0.2562,119,425.0
2026-08-13,85000,2026-12-10,call,regular,689,0.2575,119,365.0
2026-08-13,87500,2026-12-10,call,regular,2458,0.2603,119,247.0
2026-08-13,90000,2026-12-10,call,regular,2126,0.2651,119,174.0
2026-08-13,95000,2026-12-10,call,regular,1074,0.2687,119,76.0
2026-08-13,100000,2026-12-10,call,regular,500,0.2838,119,46.0
2026-08-13,54250,2027-01-07,call,regular,27,0.2,147,14350.0
2026-08-13,61000,2027-01-07,call,regular,26,0.2428,147,8915.0
2026-08-13,63750,2027-01-07,call,regular,50,0.244,147,6990.0
2026-08-13,64000,2027-01-07,call,regular,100,0.2442,147,6830.0
2026-08-13,68000,2027-01-07,call,regular,2,0.2459,147,4580.0
2026-08-13,69000,2027-01-07,call,regular,1,0.2455,147,4100.0
2026-08-13,69500,2027-01-07,call,regular,1,0.2457,147,3880.0
2026-08-13,70000,2027-01-07,call,regular,2,0.246,147,3670.0
2026-08-13,70500,2027-01-07,call,regular,2,0.246,147,3465.0
2026-08-13,71000,2027-01-07,call,regular,1,0.2464,147,3275.0
2026-08-13,71500,2027-01-07,call,regular,125,0.2465,147,3090.0
2026-08-13,72000,2027-01-07,call,regular,2,0.2453,147,2890.0
2026-08-13,73000,2027-01-07,call,regular,1,0.2459,147,2565.0
2026-08-13,74000,2027-01-07,call,regular,2,0.2445,147,2240.0
2026-08-13,80000,2027-01-07,call,regular,1,0.2483,147,1025.0
2026-08-13,100000,2027-01-07,call,regular,3,0.2683,147,67.0
2026-08-13,56000,2027-02-10,call,regular,8,0.2376,181,13210.0
2026-08-13,56750,2027-02-10,call,regular,60,0.2416,181,12600.0
2026-08-13,64000,2027-02-10,call,regular,60,0.2517,181,7370.0
2026-08-13,66000,2027-02-10,call,regular,8,0.2513,181,6190.0
2026-08-13,75000,2027-02-10,call,regular,100,0.2506,181,2495.0
2026-08-13,52000,2027-03-11,call,regular,560,0.2199,210,16850.0
2026-08-13,52750,2027-03-11,call,regular,8,0.2305,210,16205.0
2026-08-13,53000,2027-03-11,call,regular,275,0.2329,210,15990.0
2026-08-13,53500,2027-03-11,call,regular,202,0.2374,210,15565.0
2026-08-13,53750,2027-03-11,call,regular,44,0.2394,210,15355.0
2026-08-13,54000,2027-03-11,call,regular,267,0.2411,210,15145.0
2026-08-13,55000,2027-03-11,call,regular,550,0.2465,210,14315.0
2026-08-13,56000,2027-03-11,call,regular,50,0.2505,210,13505.0
2026-08-13,56500,2027-03-11,call,regular,1,0.2518,210,13105.0
2026-08-13,57000,2027-03-11,call,regular,365,0.2529,210,12710.0
2026-08-13,58000,2027-03-11,call,regular,150,0.2542,210,11930.0
2026-08-13,59500,2027-03-11,call,regular,200,0.2557,210,10810.0
2026-08-13,59750,2027-03-11,call,regular,2,0.2556,210,10625.0
2026-08-13,60000,2027-03-11,call,regular,12,0.2557,210,10445.0
2026-08-13,60250,2027-03-11,call,regular,44,0.2557,210,10265.0
2026-08-13,61000,2027-03-11,call,regular,160,0.2557,210,9735.0
2026-08-13,61750,2027-03-11,call,regular,1,0.2556,210,9220.0
2026-08-13,62500,2027-03-11,call,regular,508,0.2554,210,8720.0
2026-08-13,63000,2027-03-11,call,regular,392,0.2553,210,8395.0
2026-08-13,64000,2027-03-11,call,regular,100,0.2547,210,7765.0
2026-08-13,64250,2027-03-11,call,regular,100,0.2547,210,7615.0
2026-08-13,65000,2027-03-11,call,regular,801,0.2542,210,7165.0
2026-08-13,66000,2027-03-11,call,regular,700,0.2536,210,6595.0
2026-08-13,66250,2027-03-11,call,regular,15,0.2534,210,6455.0
2026-08-13,66500,2027-03-11,call,regular,6,0.2532,210,6320.0
2026-08-13,67000,2027-03-11,call,regular,200,0.2528,210,6050.0
2026-08-13,68000,2027-03-11,call,regular,300,0.2521,210,5540.0
2026-08-13,69000,2027-03-11,call,regular,250,0.2515,210,5060.0
2026-08-13,69250,2027-03-11,call,regular,10,0.2511,210,4940.0
2026-08-13,70000,2027-03-11,call,regular,642,0.2506,210,4605.0
2026-08-13,70500,2027-03-11,call,regular,150,0.2505,210,4395.0
2026-08-13,71000,2027-03-11,call,regular,100,0.25,210,4185.0
2026-08-13,72000,2027-03-11,call,regular,650,0.2494,210,3795.0
2026-08-13,72500,2027-03-11,call,regular,85,0.2491,210,3610.0
2026-08-13,73000,2027-03-11,call,regular,400,0.249,210,3435.0
2026-08-13,73500,2027-03-11,call,regular,1,0.2488,210,3265.0
2026-08-13,74000,2027-03-11,call,regular,3,0.2485,210,3100.0
2026-08-13,75000,2027-03-11,call,regular,454,0.2481,210,2795.0
2026-08-13,77500,2027-03-11,call,regular,400,0.2475,210,2140.0
2026-08-13,80000,2027-03-11,call,regular,240,0.2477,210,1630.0
2026-08-13,82500,2027-03-11,call,regular,737,0.2483,210,1235.0
2026-08-13,85000,2027-03-11,call,regular,300,0.2499,210,940.0
2026-08-13,90000,2027-03-11,call,regular,352,0.2548,210,555.0
2026-08-13,95000,2027-03-11,call,regular,500,0.2631,210,350.0
2026-08-13,100000,2027-03-11,call,regular,78,0.2737,210,238.0
2026-08-13,57000,2027-04-08,call,regular,25,0.2279,238,12595.0
2026-08-13,57750,2027-04-08,call,regular,88,0.2305,238,12020.0
2026-08-13,65000,2027-04-08,call,regular,88,0.2403,238,7200.0
2026-08-13,67000,2027-04-08,call,regular,25,0.2408,238,6125.0
2026-08-13,60250,2027-05-13,call,regular,8,0.2426,273,10600.0
2026-08-13,61250,2027-05-13,call,regular,23,0.2431,273,9925.0
2026-08-13,71000,2027-05-13,call,regular,23,0.2442,273,4780.0
2026-08-13,72000,2027-05-13,call,regular,8,0.2444,273,4400.0
2026-08-13,16250,2027-06-10,call,regular,114,0.2,301,50805.0
2026-08-13,30000,2027-06-10,call,regular,300,0.2,301,37395.0
2026-08-13,33000,2027-06-10,call,regular,50,0.2,301,34505.0
2026-08-13,36000,2027-06-10,call,regular,150,0.2,301,31640.0
2026-08-13,37000,2027-06-10,call,regular,50,0.2,301,30690.0
2026-08-13,37250,2027-06-10,call,regular,480,0.2,301,30450.0
2026-08-13,38500,2027-06-10,call,regular,140,0.2,301,29270.0
2026-08-13,39000,2027-06-10,call,regular,50,0.2,301,28800.0
2026-08-13,44500,2027-06-10,call,regular,300,0.2,301,23710.0
2026-08-13,50000,2027-06-10,call,regular,300,0.2049,301,18860.0
2026-08-13,50500,2027-06-10,call,regular,175,0.213,301,18435.0
2026-08-13,53000,2027-06-10,call,regular,100,0.2346,301,16360.0
2026-08-13,54000,2027-06-10,call,regular,1050,0.2393,301,15560.0
2026-08-13,55000,2027-06-10,call,regular,300,0.2423,301,14770.0
2026-08-13,56000,2027-06-10,call,regular,175,0.2446,301,14000.0
2026-08-13,57000,2027-06-10,call,regular,50,0.2464,301,13250.0
2026-08-13,58500,2027-06-10,call,regular,58,0.248,301,12160.0
2026-08-13,60000,2027-06-10,call,regular,850,0.249,301,11120.0
2026-08-13,62500,2027-06-10,call,regular,150,0.2493,301,9495.0
2026-08-13,63000,2027-06-10,call,regular,100,0.2491,301,9185.0
2026-08-13,64000,2027-06-10,call,regular,200,0.2487,301,8585.0
2026-08-13,65000,2027-06-10,call,regular,250,0.2485,301,8015.0
2026-08-13,65500,2027-06-10,call,regular,62,0.2482,301,7735.0
2026-08-13,66500,2027-06-10,call,regular,125,0.2478,301,7200.0
2026-08-13,67000,2027-06-10,call,regular,470,0.2475,301,6940.0
2026-08-13,68000,2027-06-10,call,regular,400,0.2469,301,6440.0
2026-08-13,68250,2027-06-10,call,regular,15,0.2468,301,6320.0
2026-08-13,68500,2027-06-10,call,regular,200,0.2466,301,6200.0
2026-08-13,69250,2027-06-10,call,regular,36,0.2461,301,5850.0
2026-08-13,70000,2027-06-10,call,regular,550,0.2456,301,5515.0
2026-08-13,71000,2027-06-10,call,regular,100,0.245,301,5090.0
2026-08-13,72000,2027-06-10,call,regular,100,0.2444,301,4690.0
2026-08-13,75000,2027-06-10,call,regular,500,0.2425,301,3630.0
2026-08-13,77500,2027-06-10,call,regular,36,0.2411,301,2900.0
2026-08-13,80000,2027-06-10,call,regular,16,0.2446,301,2395.0
2026-08-13,85000,2027-06-10,call,regular,550,0.2392,301,1425.0
2026-08-13,90000,2027-06-10,call,regular,100,0.2415,301,900.0
2026-08-13,65750,2027-07-08,call,regular,20,0.2467,329,7835.0
2026-08-13,66750,2027-07-08,call,regular,32,0.2465,329,7315.0
2026-08-13,75000,2027-07-08,call,regular,32,0.2453,329,3965.0
2026-08-13,77000,2027-07-08,call,regular,20,0.2447,329,3370.0
2026-08-13,65000,2027-09-09,call,regular,1,0.2532,392,8970.0
2026-08-13,77500,2027-09-09,call,regular,2,0.2491,392,3900.0
2026-08-13,28000,2027-12-09,call,regular,50,0.2,483,39320.0
2026-08-13,30000,2027-12-09,call,regular,225,0.2,483,37430.0
2026-08-13,31500,2027-12-09,call,regular,50,0.2,483,36020.0
2026-08-13,32000,2027-12-09,call,regular,100,0.2,483,35550.0
2026-08-13,33000,2027-12-09,call,regular,100,0.2,483,34615.0
2026-08-13,34000,2027-12-09,call,regular,375,0.2,483,33690.0
2026-08-13,35000,2027-12-09,call,regular,201,0.2,483,32765.0
2026-08-13,36000,2027-12-09,call,regular,80,0.2,483,31845.0
2026-08-13,36750,2027-12-09,call,regular,442,0.2,483,31155.0
2026-08-13,37000,2027-12-09,call,regular,200,0.2,483,30930.0
2026-08-13,38000,2027-12-09,call,regular,575,0.2,483,30020.0
2026-08-13,39000,2027-12-09,call,regular,125,0.2,483,29115.0
2026-08-13,39250,2027-12-09,call,regular,50,0.2,483,28890.0
2026-08-13,39500,2027-12-09,call,regular,50,0.2,483,28665.0
2026-08-13,40000,2027-12-09,call,regular,350,0.2,483,28220.0
2026-08-13,40500,2027-12-09,call,regular,450,0.2,483,27775.0
2026-08-13,41000,2027-12-09,call,regular,375,0.2,483,27330.0
2026-08-13,42000,2027-12-09,call,regular,200,0.2,483,26445.0
2026-08-13,43000,2027-12-09,call,regular,400,0.2,483,25570.0
2026-08-13,43500,2027-12-09,call,regular,150,0.2,483,25140.0
2026-08-13,45000,2027-12-09,call,regular,1950,0.2007,483,23850.0
2026-08-13,46000,2027-12-09,call,regular,500,0.2167,483,23000.0
2026-08-13,48000,2027-12-09,call,regular,225,0.2337,483,21335.0
2026-08-13,49000,2027-12-09,call,regular,700,0.2388,483,20520.0
2026-08-13,50000,2027-12-09,call,regular,1950,0.2427,483,19720.0
2026-08-13,51000,2027-12-09,call,regular,300,0.2454,483,18930.0
2026-08-13,52500,2027-12-09,call,regular,100,0.2481,483,17770.0
2026-08-13,54000,2027-12-09,call,regular,300,0.2501,483,16650.0
2026-08-13,54500,2027-12-09,call,regular,100,0.2503,483,16280.0
2026-08-13,55000,2027-12-09,call,regular,704,0.2508,483,15920.0
2026-08-13,57000,2027-12-09,call,regular,250,0.2515,483,14510.0
2026-08-13,58000,2027-12-09,call,regular,500,0.2515,483,13830.0
2026-08-13,60000,2027-12-09,call,regular,1225,0.2513,483,12530.0
2026-08-13,61000,2027-12-09,call,regular,200,0.2512,483,11910.0
2026-08-13,62000,2027-12-09,call,regular,200,0.2508,483,11305.0
2026-08-13,62500,2027-12-09,call,regular,70,0.2507,483,11015.0
2026-08-13,63000,2027-12-09,call,regular,300,0.2505,483,10725.0
2026-08-13,63500,2027-12-09,call,regular,50,0.2503,483,10440.0
2026-08-13,64000,2027-12-09,call,regular,780,0.2502,483,10165.0
2026-08-13,65000,2027-12-09,call,regular,550,0.2498,483,9625.0
2026-08-13,66000,2027-12-09,call,regular,300,0.2495,483,9105.0
2026-08-13,67000,2027-12-09,call,regular,100,0.2491,483,8605.0
2026-08-13,68000,2027-12-09,call,regular,200,0.2486,483,8125.0
2026-08-13,69000,2027-12-09,call,regular,850,0.2482,483,7665.0
2026-08-13,70000,2027-12-09,call,regular,850,0.248,483,7230.0
2026-08-13,72500,2027-12-09,call,regular,100,0.2473,483,6225.0
2026-08-13,75000,2027-12-09,call,regular,177,0.2466,483,5335.0
2026-08-13,80000,2027-12-09,call,regular,1000,0.2459,483,3885.0
2026-08-13,87500,2027-12-09,call,regular,100,0.2465,483,2390.0
2026-08-13,41500,2028-06-08,call,regular,100,0.2144,665,27450.0
2026-08-13,28000,2028-12-07,call,regular,50,0.2,847,39800.0
2026-08-13,30000,2028-12-07,call,regular,80,0.2,847,38010.0
2026-08-13,31000,2028-12-07,call,regular,200,0.2,847,37115.0
2026-08-13,32000,2028-12-07,call,regular,75,0.2,847,36230.0
2026-08-13,33000,2028-12-07,call,regular,125,0.2,847,35345.0
2026-08-13,34500,2028-12-07,call,regular,330,0.2,847,34030.0
2026-08-13,34750,2028-12-07,call,regular,100,0.2,847,33810.0
2026-08-13,35500,2028-12-07,call,regular,443,0.2,847,33160.0
2026-08-13,36000,2028-12-07,call,regular,450,0.164,847,32725.0
2026-08-13,36500,2028-12-07,call,regular,52,0.1935,847,32290.0
2026-08-13,38000,2028-12-07,call,regular,120,0.2244,847,31000.0
2026-08-13,39000,2028-12-07,call,regular,575,0.2346,847,30150.0
2026-08-13,40000,2028-12-07,call,regular,30,0.2412,847,29305.0
2026-08-13,41000,2028-12-07,call,regular,375,0.2461,847,28470.0
2026-08-13,42000,2028-12-07,call,regular,65,0.2494,847,27640.0
2026-08-13,42500,2028-12-07,call,regular,100,0.2508,847,27230.0
2026-08-13,50000,2028-12-07,call,regular,400,0.2563,847,21375.0
2026-08-13,53000,2028-12-07,call,regular,50,0.2555,847,19235.0
2026-08-13,55000,2028-12-07,call,regular,50,0.2546,847,17880.0
2026-08-13,56000,2028-12-07,call,regular,650,0.2543,847,17230.0
2026-08-13,60000,2028-12-07,call,regular,250,0.2525,847,14780.0
2026-08-13,67500,2028-12-07,call,regular,100,0.2497,847,10905.0
2026-08-13,75000,2028-12-07,call,regular,80,0.2471,847,7885.0
2026-08-13,80000,2028-12-07,call,regular,200,0.2453,847,6280.0
2026-08-13,50000,2029-12-13,call,regular,100,0.2614,1218,22920.0
2026-08-13,60000,2029-12-13,call,regular,375,0.2569,1218,16820.0
2026-08-13,65000,2029-12-13,call,regular,50,0.2537,1218,14235.0
2026-08-13,57000,2030-12-12,call,regular,300,0.263,1582,20240.0
2026-08-13,64000,2030-12-12,call,regular,3,0.2573,1582,16555.0
2026-08-13,56750,2026-08-14,put,mini,816,1.1688,1,1.0
2026-08-13,56875,2026-08-14,put,mini,5,1.1562,1,1.0
2026-08-13,57000,2026-08-14,put,mini,509,1.1437,1,1.0
2026-08-13,57125,2026-08-14,put,mini,2,1.1312,1,1.0
2026-08-13,57250,2026-08-14,put,mini,44,1.1187,1,1.0
2026-08-13,57375,2026-08-14,put,mini,2,1.1062,1,1.0
2026-08-13,57500,2026-08-14,put,mini,126,1.0938,1,1.0
2026-08-13,57625,2026-08-14,put,mini,1,1.0814,1,1.0
2026-08-13,57750,2026-08-14,put,mini,17,1.0689,1,1.0
2026-08-13,57875,2026-08-14,put,mini,4,1.0566,1,1.0
2026-08-13,58000,2026-08-14,put,mini,323,1.0442,1,1.0
2026-08-13,58125,2026-08-14,put,mini,2,1.0318,1,1.0
2026-08-13,58250,2026-08-14,put,mini,49,1.0195,1,1.0
2026-08-13,58375,2026-08-14,put,mini,3,1.0072,1,1.0
2026-08-13,58500,2026-08-14,put,mini,108,0.9949,1,1.0
2026-08-13,58625,2026-08-14,put,mini,1,0.9826,1,1.0
2026-08-13,58750,2026-08-14,put,mini,110,0.9703,1,1.0
2026-08-13,58875,2026-08-14,put,mini,10,0.958,1,1.0
2026-08-13,59000,2026-08-14,put,mini,603,0.9458,1,1.0
2026-08-13,59125,2026-08-14,put,mini,1,0.9336,1,1.0
2026-08-13,59250,2026-08-14,put,mini,12,0.9213,1,1.0
2026-08-13,59375,2026-08-14,put,mini,1,0.9092,1,1.0
2026-08-13,59500,2026-08-14,put,mini,180,0.897,1,1.0
2026-08-13,59625,2026-08-14,put,mini,2,0.8848,1,1.0
2026-08-13,59750,2026-08-14,put,mini,56,0.8727,1,1.0
2026-08-13,59875,2026-08-14,put,mini,1,0.8605,1,1.0
2026-08-13,60000,2026-08-14,put,mini,1145,0.9026,1,2.0
2026-08-13,60125,2026-08-14,put,mini,1,0.8363,1,1.0
2026-08-13,60250,2026-08-14,put,mini,22,0.8771,1,2.0
2026-08-13,60375,2026-08-14,put,mini,4,0.8644,1,2.0
2026-08-13,60500,2026-08-14,put,mini,233,0.8516,1,2.0
2026-08-13,60625,2026-08-14,put,mini,1,0.8389,1,2.0
2026-08-13,60750,2026-08-14,put,mini,20,0.8597,1,3.0
2026-08-13,60875,2026-08-14,put,mini,3,0.8466,1,3.0
2026-08-13,61000,2026-08-14,put,mini,798,0.8588,1,4.0
2026-08-13,61125,2026-08-14,put,mini,1,0.8454,1,4.0
2026-08-13,61250,2026-08-14,put,mini,97,0.832,1,4.0
2026-08-13,61375,2026-08-14,put,mini,1,0.8185,1,4.0
2026-08-13,61500,2026-08-14,put,mini,310,0.8251,1,5.0
2026-08-13,61625,2026-08-14,put,mini,13,0.8114,1,5.0
2026-08-13,61750,2026-08-14,put,mini,38,0.8145,1,6.0
2026-08-13,61875,2026-08-14,put,mini,4,0.8153,1,7.0
2026-08-13,62000,2026-08-14,put,mini,1109,0.8012,1,7.0
2026-08-13,62125,2026-08-14,put,mini,1,0.8,1,8.0
2026-08-13,62250,2026-08-14,put,mini,465,0.7857,1,8.0
2026-08-13,62375,2026-08-14,put,mini,495,0.7829,1,9.0
2026-08-13,62500,2026-08-14,put,mini,329,0.7685,1,9.0
2026-08-13,62625,2026-08-14,put,mini,7,0.7644,1,10.0
2026-08-13,62750,2026-08-14,put,mini,48,0.7593,1,11.0
2026-08-13,62875,2026-08-14,put,mini,5,0.7533,1,12.0
2026-08-13,63000,2026-08-14,put,mini,767,0.7544,1,14.0
2026-08-13,63125,2026-08-14,put,mini,5,0.7535,1,16.0
2026-08-13,63250,2026-08-14,put,mini,140,0.7382,1,16.0
2026-08-13,63375,2026-08-14,put,mini,9,0.7355,1,18.0
2026-08-13,63500,2026-08-14,put,mini,688,0.7426,1,22.0
2026-08-13,63625,2026-08-14,put,mini,6,0.7368,1,24.0
2026-08-13,63750,2026-08-14,put,mini,65,0.7254,1,25.0
2026-08-13,63875,2026-08-14,put,mini,4,0.7183,1,27.0
2026-08-13,64000,2026-08-14,put,mini,635,0.7265,1,33.0
2026-08-13,64125,2026-08-14,put,mini,2,0.7208,1,36.0
2026-08-13,64250,2026-08-14,put,mini,62,0.7175,1,40.0
2026-08-13,64375,2026-08-14,put,mini,1,0.713,1,44.0
2026-08-13,64500,2026-08-14,put,mini,352,0.7102,1,49.0
2026-08-13,64625,2026-08-14,put,mini,3,0.7087,1,55.0
2026-08-13,64750,2026-08-14,put,mini,43,0.7082,1,62.0
2026-08-13,64875,2026-08-14,put,mini,3,0.7082,1,70.0
2026-08-13,65000,2026-08-14,put,mini,476,0.7106,1,80.0
2026-08-13,65125,2026-08-14,put,mini,1,0.7032,1,86.0
2026-08-13,65250,2026-08-14,put,mini,71,0.7058,1,98.0
2026-08-13,65375,2026-08-14,put,mini,2,0.7064,1,110.0
2026-08-13,65500,2026-08-14,put,mini,346,0.7145,1,128.0
2026-08-13,65625,2026-08-14,put,mini,8,0.7051,1,136.0
2026-08-13,65750,2026-08-14,put,mini,117,0.6949,1,144.0
2026-08-13,65875,2026-08-14,put,mini,2,0.708,1,170.0
2026-08-13,66000,2026-08-14,put,mini,440,0.7104,1,190.0
2026-08-13,66125,2026-08-14,put,mini,3,0.7095,1,209.0
2026-08-13,66250,2026-08-14,put,mini,115,0.7104,1,231.0
2026-08-13,66375,2026-08-14,put,mini,257,0.7136,1,257.0
2026-08-13,66500,2026-08-14,put,mini,181,0.7138,1,282.0
2026-08-13,66625,2026-08-14,put,mini,10,0.7152,1,310.0
2026-08-13,66750,2026-08-14,put,mini,103,0.7305,1,355.0
2026-08-13,66875,2026-08-14,put,mini,11,0.7072,1,360.0
2026-08-13,67000,2026-08-14,put,mini,259,0.727,1,415.0
2026-08-13,67125,2026-08-14,put,mini,1,0.7271,1,450.0
2026-08-13,67250,2026-08-14,put,mini,33,0.7417,1,505.0
2026-08-13,67375,2026-08-14,put,mini,12,0.7499,1,555.0
2026-08-13,67500,2026-08-14,put,mini,114,0.7599,1,610.0
2026-08-13,67625,2026-08-14,put,mini,2,0.7717,1,670.0
2026-08-13,67750,2026-08-14,put,mini,404,0.7666,1,710.0
2026-08-13,67875,2026-08-14,put,mini,775,0.7783,1,775.0
2026-08-13,68000,2026-08-14,put,mini,566,0.7882,1,840.0
2026-08-13,68125,2026-08-14,put,mini,920,0.8069,1,920.0
2026-08-13,68250,2026-08-14,put,mini,47,0.8203,1,995.0
2026-08-13,68375,2026-08-14,put,mini,1080,0.839,1,1080.0
2026-08-13,68500,2026-08-14,put,mini,490,0.8561,1,1165.0
2026-08-13,68625,2026-08-14,put,mini,1255,0.8752,1,1255.0
2026-08-13,68750,2026-08-14,put,mini,961,0.8964,1,1350.0
2026-08-13,68875,2026-08-14,put,mini,1445,0.9163,1,1445.0
2026-08-13,69000,2026-08-14,put,mini,900,0.9384,1,1545.0
2026-08-13,69125,2026-08-14,put,mini,2,0.9629,1,1650.0
2026-08-13,69250,2026-08-14,put,mini,27,0.9863,1,1755.0
2026-08-13,69375,2026-08-14,put,mini,1860,1.0088,1,1860.0
2026-08-13,69500,2026-08-14,put,mini,13,1.0374,1,1975.0
2026-08-13,69625,2026-08-14,put,mini,2085,1.0617,1,2085.0
2026-08-13,69750,2026-08-14,put,mini,5,1.0888,1,2200.0
2026-08-13,70000,2026-08-14,put,mini,45,1.141,1,2430.0
2026-08-13,70125,2026-08-14,put,mini,2545,1.1661,1,2545.0
2026-08-13,70250,2026-08-14,put,mini,36,1.198,1,2670.0
2026-08-13,70500,2026-08-14,put,mini,147,1.2456,1,2900.0
2026-08-13,70750,2026-08-14,put,mini,43,1.3024,1,3145.0
2026-08-13,70875,2026-08-14,put,mini,3265,1.3284,1,3265.0
2026-08-13,71000,2026-08-14,put,mini,624,1.3539,1,3385.0
2026-08-13,71250,2026-08-14,put,mini,463,1.4077,1,3630.0
2026-08-13,71375,2026-08-14,put,mini,471,1.4321,1,3750.0
2026-08-13,71500,2026-08-14,put,mini,3875,1.4602,1,3875.0
2026-08-13,71750,2026-08-14,put,mini,2,1.5114,1,4120.0
2026-08-13,72000,2026-08-14,put,mini,11,1.5616,1,4365.0
2026-08-13,72125,2026-08-14,put,mini,4490,1.5883,1,4490.0
2026-08-13,72250,2026-08-14,put,mini,14,1.6148,1,4615.0
2026-08-13,72500,2026-08-14,put,mini,10,1.6629,1,4860.0
2026-08-13,72750,2026-08-14,put,mini,2,1.7143,1,5110.0
2026-08-13,73000,2026-08-14,put,mini,1,1.7649,1,5360.0
2026-08-13,73250,2026-08-14,put,mini,19,1.8148,1,5610.0
2026-08-13,73375,2026-08-14,put,mini,5,1.8395,1,5735.0
2026-08-13,73500,2026-08-14,put,mini,211,1.864,1,5860.0
2026-08-13,73750,2026-08-14,put,mini,415,1.9125,1,6110.0
2026-08-13,74000,2026-08-14,put,mini,9,1.9604,1,6360.0
2026-08-13,74250,2026-08-14,put,mini,45,2.0076,1,6610.0
2026-08-13,74500,2026-08-14,put,mini,25,2.0498,1,6855.0
2026-08-13,74750,2026-08-14,put,mini,120,2.0959,1,7105.0
2026-08-13,75000,2026-08-14,put,mini,11,2.1415,1,7355.0
2026-08-13,75250,2026-08-14,put,mini,2,2.1866,1,7605.0
2026-08-13,62000,2026-08-19,put,mini,80,0.4766,6,80.0
2026-08-13,58375,2026-08-21,put,mini,114,0.5004,8,24.0
2026-08-13,58500,2026-08-21,put,mini,21,0.4946,8,24.0
2026-08-13,58625,2026-08-21,put,mini,8,0.4971,8,27.0
2026-08-13,58750,2026-08-21,put,mini,2,0.4963,8,29.0
2026-08-13,58875,2026-08-21,put,mini,4,0.4929,8,30.0
2026-08-13,59000,2026-08-21,put,mini,36,0.487,8,30.0
2026-08-13,59125,2026-08-21,put,mini,3,0.4835,8,31.0
2026-08-13,59375,2026-08-21,put,mini,3,0.4783,8,34.0
2026-08-13,59500,2026-08-21,put,mini,30,0.4765,8,36.0
2026-08-13,59750,2026-08-21,put,mini,3,0.4741,8,41.0
2026-08-13,60000,2026-08-21,put,mini,76,0.4673,8,44.0
2026-08-13,60125,2026-08-21,put,mini,4,0.4645,8,46.0
2026-08-13,60250,2026-08-21,put,mini,3,0.46,8,47.0
2026-08-13,60500,2026-08-21,put,mini,60,0.4523,8,50.0
2026-08-13,60750,2026-08-21,put,mini,50,0.4458,8,54.0
2026-08-13,60875,2026-08-21,put,mini,1,0.4437,8,57.0
2026-08-13,61000,2026-08-21,put,mini,90,0.4441,8,62.0
2026-08-13,61250,2026-08-21,put,mini,52,0.4375,8,67.0
2026-08-13,61375,2026-08-21,put,mini,1,0.4346,8,70.0
2026-08-13,61500,2026-08-21,put,mini,72,0.4315,8,73.0
2026-08-13,61625,2026-08-21,put,mini,2,0.4305,8,78.0
2026-08-13,61750,2026-08-21,put,mini,102,0.4281,8,82.0
2026-08-13,62000,2026-08-21,put,mini,112,0.4208,8,88.0
2026-08-13,62125,2026-08-21,put,mini,93,0.4188,8,93.0
2026-08-13,62250,2026-08-21,put,mini,51,0.4175,8,99.0
2026-08-13,62500,2026-08-21,put,mini,138,0.4123,8,109.0
2026-08-13,62750,2026-08-21,put,mini,20,0.4102,8,124.0
2026-08-13,62875,2026-08-21,put,mini,10,0.4098,8,133.0
2026-08-13,63000,2026-08-21,put,mini,150,0.4069,8,139.0
2026-08-13,63250,2026-08-21,put,mini,106,0.4017,8,153.0
2026-08-13,63500,2026-08-21,put,mini,233,0.4,8,174.0
2026-08-13,63625,2026-08-21,put,mini,193,0.4035,8,193.0
2026-08-13,63750,2026-08-21,put,mini,104,0.4036,8,207.0
2026-08-13,64000,2026-08-21,put,mini,284,0.3947,8,220.0
2026-08-13,64125,2026-08-21,put,mini,50,0.3919,8,230.0
2026-08-13,64250,2026-08-21,put,mini,60,0.3951,8,253.0
2026-08-13,64375,2026-08-21,put,mini,1,0.3972,8,275.0
2026-08-13,64500,2026-08-21,put,mini,85,0.3969,8,293.0
2026-08-13,65000,2026-08-21,put,mini,25,0.3921,8,365.0
2026-08-13,65250,2026-08-21,put,mini,2,0.4002,8,435.0
2026-08-13,65500,2026-08-21,put,mini,24,0.3972,8,480.0
2026-08-13,65750,2026-08-21,put,mini,2,0.4027,8,555.0
2026-08-13,66000,2026-08-21,put,mini,12,0.4077,8,635.0
2026-08-13,66125,2026-08-21,put,mini,660,0.4048,8,660.0
2026-08-13,66250,2026-08-21,put,mini,13,0.4092,8,710.0
2026-08-13,66375,2026-08-21,put,mini,2,0.4115,8,755.0
2026-08-13,66500,2026-08-21,put,mini,8,0.4148,8,805.0
2026-08-13,66625,2026-08-21,put,mini,1,0.4148,8,845.0
2026-08-13,66750,2026-08-21,put,mini,7,0.4172,8,895.0
2026-08-13,66875,2026-08-21,put,mini,1,0.4204,8,950.0
2026-08-13,67000,2026-08-21,put,mini,24,0.4192,8,990.0
2026-08-13,67125,2026-08-21,put,mini,1,0.4243,8,1055.0
2026-08-13,67250,2026-08-21,put,mini,6,0.421,8,1090.0
2026-08-13,67375,2026-08-21,put,mini,1,0.4239,8,1150.0
2026-08-13,67500,2026-08-21,put,mini,9,0.4264,8,1210.0
2026-08-13,67625,2026-08-21,put,mini,1,0.4247,8,1255.0
2026-08-13,68500,2026-08-21,put,mini,3,0.44,8,1720.0
2026-08-13,69000,2026-08-21,put,mini,2,0.4519,8,2030.0
2026-08-13,59875,2026-08-26,put,mini,109,0.4378,13,109.0
2026-08-13,62000,2026-08-26,put,mini,208,0.4023,13,208.0
2026-08-13,62625,2026-08-26,put,mini,266,0.398,13,266.0
2026-08-13,65500,2026-08-26,put,mini,2,0.382,13,755.0
2026-08-13,58375,2026-08-28,put,mini,7,0.4412,15,79.0
2026-08-13,58500,2026-08-28,put,mini,15,0.4363,15,79.0
2026-08-13,60375,2026-08-28,put,mini,1,0.4177,15,155.0
2026-08-13,61250,2026-08-28,put,mini,1,0.4067,15,205.0
2026-08-13,62000,2026-08-28,put,mini,263,0.3987,15,263.0
2026-08-13,62750,2026-08-28,put,mini,4,0.3922,15,340.0
2026-08-13,63500,2026-08-28,put,mini,1,0.3793,15,415.0
2026-08-13,64000,2026-08-28,put,mini,4,0.3837,15,520.0
2026-08-13,65500,2026-08-28,put,mini,2,0.3792,15,860.0
2026-08-13,66250,2026-08-28,put,mini,4,0.3816,15,1105.0
2026-08-13,65500,2026-09-02,put,mini,2,0.368,20,1070.0
2026-08-13,66000,2026-09-04,put,mini,3,0.3631,22,1305.0
2026-08-13,66250,2026-09-04,put,mini,4,0.3658,22,1410.0
2026-08-13,58375,2026-09-11,put,mini,20,0.3981,29,237.0
2026-08-13,58500,2026-09-11,put,mini,138,0.4033,29,261.0
2026-08-13,58750,2026-09-11,put,mini,37,0.3949,29,261.0
2026-08-13,59000,2026-09-11,put,mini,255,0.3976,29,292.0
2026-08-13,59250,2026-09-11,put,mini,5,0.3891,29,292.0
2026-08-13,59375,2026-09-11,put,mini,2,0.3872,29,299.0
2026-08-13,59500,2026-09-11,put,mini,26,0.3914,29,325.0
2026-08-13,59750,2026-09-11,put,mini,3,0.3859,29,335.0
2026-08-13,59875,2026-09-11,put,mini,1,0.3831,29,340.0
2026-08-13,60000,2026-09-11,put,mini,179,0.3878,29,370.0
2026-08-13,60250,2026-09-11,put,mini,2,0.3803,29,375.0
2026-08-13,60500,2026-09-11,put,mini,20,0.3813,29,410.0
2026-08-13,60625,2026-09-11,put,mini,8,0.3808,29,425.0
2026-08-13,60750,2026-09-11,put,mini,420,0.3749,29,420.0
2026-08-13,60875,2026-09-11,put,mini,1,0.3782,29,450.0
2026-08-13,61000,2026-09-11,put,mini,49,0.3762,29,460.0
2026-08-13,61125,2026-09-11,put,mini,1,0.3766,29,480.0
2026-08-13,61250,2026-09-11,put,mini,56,0.3719,29,480.0
2026-08-13,61375,2026-09-11,put,mini,2,0.3746,29,510.0
2026-08-13,61500,2026-09-11,put,mini,83,0.3734,29,525.0
2026-08-13,61625,2026-09-11,put,mini,1,0.3721,29,540.0
2026-08-13,61750,2026-09-11,put,mini,13,0.3685,29,545.0
2026-08-13,62000,2026-09-11,put,mini,216,0.3711,29,600.0
2026-08-13,62250,2026-09-11,put,mini,330,0.3656,29,620.0
2026-08-13,62500,2026-09-11,put,mini,507,0.3681,29,680.0
2026-08-13,62750,2026-09-11,put,mini,63,0.363,29,705.0
2026-08-13,63000,2026-09-11,put,mini,180,0.3654,29,770.0
2026-08-13,63125,2026-09-11,put,mini,785,0.363,29,785.0
2026-08-13,63250,2026-09-11,put,mini,189,0.3615,29,805.0
2026-08-13,63500,2026-09-11,put,mini,112,0.3618,29,865.0
2026-08-13,63625,2026-09-11,put,mini,885,0.36,29,885.0
2026-08-13,63750,2026-09-11,put,mini,29,0.3599,29,915.0
2026-08-13,64000,2026-09-11,put,mini,190,0.3601,29,980.0
2026-08-13,64125,2026-09-11,put,mini,20,0.3629,29,1030.0
2026-08-13,64250,2026-09-11,put,mini,286,0.3614,29,1055.0
2026-08-13,64375,2026-09-11,put,mini,1,0.3622,29,1095.0
2026-08-13,64500,2026-09-11,put,mini,153,0.3589,29,1110.0
2026-08-13,64750,2026-09-11,put,mini,5,0.3568,29,1170.0
2026-08-13,65000,2026-09-11,put,mini,78,0.3589,29,1260.0
2026-08-13,65125,2026-09-11,put,mini,1,0.3589,29,1300.0
2026-08-13,65250,2026-09-11,put,mini,22,0.3544,29,1310.0
2026-08-13,65375,2026-09-11,put,mini,6,0.3572,29,1370.0
2026-08-13,65500,2026-09-11,put,mini,18,0.3591,29,1425.0
2026-08-13,65625,2026-09-11,put,mini,1440,0.355,29,1440.0
2026-08-13,65750,2026-09-11,put,mini,67,0.3552,29,1485.0
2026-08-13,65875,2026-09-11,put,mini,1530,0.3553,29,1530.0
2026-08-13,66000,2026-09-11,put,mini,72,0.3609,29,1615.0
2026-08-13,66250,2026-09-11,put,mini,72,0.3547,29,1665.0
2026-08-13,66500,2026-09-11,put,mini,180,0.3572,29,1780.0
2026-08-13,66750,2026-09-11,put,mini,8,0.3557,29,1870.0
2026-08-13,66875,2026-09-11,put,mini,1925,0.3562,29,1925.0
2026-08-13,67000,2026-09-11,put,mini,99,0.3625,29,2025.0
2026-08-13,67125,2026-09-11,put,mini,2035,0.3567,29,2035.0
2026-08-13,67250,2026-09-11,put,mini,37,0.3561,29,2085.0
2026-08-13,67500,2026-09-11,put,mini,98,0.3585,29,2215.0
2026-08-13,67750,2026-09-11,put,mini,691,0.3578,29,2325.0
2026-08-13,68000,2026-09-11,put,mini,857,0.3585,29,2450.0
2026-08-13,68250,2026-09-11,put,mini,66,0.3601,29,2585.0
2026-08-13,68500,2026-09-11,put,mini,842,0.3612,29,2720.0
2026-08-13,68750,2026-09-11,put,mini,1684,0.3612,29,2850.0
2026-08-13,68875,2026-09-11,put,mini,2915,0.3611,29,2915.0
2026-08-13,69000,2026-09-11,put,mini,1554,0.364,29,3005.0
2026-08-13,69250,2026-09-11,put,mini,26,0.3631,29,3135.0
2026-08-13,69500,2026-09-11,put,mini,6,0.365,29,3290.0
2026-08-13,69750,2026-09-11,put,mini,3440,0.3658,29,3440.0
2026-08-13,70000,2026-09-11,put,mini,4,0.3694,29,3615.0
2026-08-13,70500,2026-09-11,put,mini,1,0.3741,29,3955.0
2026-08-13,71000,2026-09-11,put,mini,4310,0.3792,29,4310.0
2026-08-13,71250,2026-09-11,put,mini,4,0.3829,29,4500.0
2026-08-13,71500,2026-09-11,put,mini,4,0.3856,29,4685.0
2026-08-13,71750,2026-09-11,put,mini,4870,0.3879,29,4870.0
2026-08-13,72000,2026-09-11,put,mini,9,0.3927,29,5075.0
2026-08-13,72250,2026-09-11,put,mini,56,0.395,29,5265.0
2026-08-13,72375,2026-09-11,put,mini,5370,0.3975,29,5370.0
2026-08-13,72500,2026-09-11,put,mini,23,0.3999,29,5475.0
2026-08-13,72750,2026-09-11,put,mini,21,0.4038,29,5680.0
2026-08-13,73000,2026-09-11,put,mini,76,0.4074,29,5885.0
2026-08-13,73250,2026-09-11,put,mini,282,0.4122,29,6100.0
2026-08-13,73500,2026-09-11,put,mini,147,0.4161,29,6310.0
2026-08-13,73750,2026-09-11,put,mini,3,0.4204,29,6525.0
2026-08-13,74000,2026-09-11,put,mini,27,0.4246,29,6740.0
2026-08-13,74250,2026-09-11,put,mini,1,0.4292,29,6960.0
2026-08-13,75000,2026-09-11,put,mini,62,0.4437,29,7630.0
2026-08-13,75250,2026-09-11,put,mini,11,0.4484,29,7855.0
2026-08-13,58375,2026-10-09,put,mini,10,0.3755,57,655.0
2026-08-13,58500,2026-10-09,put,mini,3,0.3747,57,670.0
2026-08-13,58750,2026-10-09,put,mini,3,0.3729,57,700.0
2026-08-13,59000,2026-10-09,put,mini,6,0.3718,57,735.0
2026-08-13,59375,2026-10-09,put,mini,2,0.3685,57,780.0
2026-08-13,59500,2026-10-09,put,mini,2,0.3689,57,805.0
2026-08-13,59750,2026-10-09,put,mini,4,0.3663,57,835.0
2026-08-13,59875,2026-10-09,put,mini,1,0.3657,57,855.0
2026-08-13,60000,2026-10-09,put,mini,18,0.365,57,875.0
2026-08-13,60500,2026-10-09,put,mini,1,0.3627,57,960.0
2026-08-13,60750,2026-10-09,put,mini,1,0.3622,57,1010.0
2026-08-13,61000,2026-10-09,put,mini,3,0.36,57,1050.0
2026-08-13,61125,2026-10-09,put,mini,7,0.3589,57,1070.0
2026-08-13,61250,2026-10-09,put,mini,1,0.3577,57,1090.0
2026-08-13,61500,2026-10-09,put,mini,1145,0.3572,57,1145.0
2026-08-13,62000,2026-10-09,put,mini,4,0.3541,57,1245.0
2026-08-13,62250,2026-10-09,put,mini,1310,0.3541,57,1310.0
2026-08-13,62375,2026-10-09,put,mini,1,0.3537,57,1340.0
2026-08-13,63000,2026-10-09,put,mini,8,0.3501,57,1485.0
2026-08-13,63625,2026-10-09,put,mini,2,0.3479,57,1655.0
2026-08-13,63750,2026-10-09,put,mini,1,0.3479,57,1695.0
2026-08-13,63875,2026-10-09,put,mini,1,0.3484,57,1740.0
2026-08-13,64000,2026-10-09,put,mini,4,0.3478,57,1775.0
2026-08-13,64250,2026-10-09,put,mini,8,0.3479,57,1860.0
2026-08-13,64500,2026-10-09,put,mini,1,0.3483,57,1950.0
2026-08-13,64750,2026-10-09,put,mini,5,0.3473,57,2030.0
2026-08-13,65000,2026-10-09,put,mini,12,0.3461,57,2110.0
2026-08-13,65250,2026-10-09,put,mini,1,0.3467,57,2210.0
2026-08-13,65375,2026-10-09,put,mini,1,0.3429,57,2220.0
2026-08-13,65500,2026-10-09,call,mini,5,0.2,57,2290.0
2026-08-13,66000,2026-10-09,call,mini,1,0.2,57,2490.0
2026-08-13,66500,2026-10-09,call,mini,12,0.13,57,2705.0
2026-08-13,67000,2026-10-09,call,mini,3,0.1879,57,2930.0
2026-08-13,71750,2026-10-09,call,mini,30,0.6532,57,5755.0
2026-08-13,56750,2026-08-14,call,mini,22,0.2,1,10895.0
2026-08-13,57000,2026-08-14,call,mini,10645,0.2,1,10645.0
2026-08-13,57250,2026-08-14,call,mini,9,0.2,1,10395.0
2026-08-13,57875,2026-08-14,call,mini,1,0.2,1,9770.0
2026-08-13,58000,2026-08-14,call,mini,7,0.2,1,9645.0
2026-08-13,58500,2026-08-14,call,mini,9150,0.2,1,9150.0
2026-08-13,58750,2026-08-14,call,mini,8900,0.2,1,8900.0
2026-08-13,58875,2026-08-14,call,mini,1,0.2,1,8775.0
2026-08-13,59000,2026-08-14,call,mini,10,0.2,1,8650.0
2026-08-13,59500,2026-08-14,call,mini,2,0.2,1,8150.0
2026-08-13,59750,2026-08-14,call,mini,7900,0.2,1,7900.0
2026-08-13,60000,2026-08-14,call,mini,27,0.2,1,7650.0
2026-08-13,60250,2026-08-14,call,mini,1,0.2,1,7400.0
2026-08-13,60500,2026-08-14,call,mini,10,0.2,1,7150.0
2026-08-13,60625,2026-08-14,call,mini,7025,0.2,1,7025.0
2026-08-13,60750,2026-08-14,call,mini,10,0.2,1,6900.0
2026-08-13,61000,2026-08-14,call,mini,35,0.2,1,6650.0
2026-08-13,61250,2026-08-14,call,mini,2,0.2,1,6400.0
2026-08-13,61500,2026-08-14,call,mini,76,0.2,1,6150.0
2026-08-13,61625,2026-08-14,call,mini,12,0.2,1,6025.0
2026-08-13,61750,2026-08-14,call,mini,19,0.2,1,5900.0
2026-08-13,61875,2026-08-14,call,mini,1,0.2,1,5780.0
2026-08-13,62000,2026-08-14,call,mini,808,0.2,1,5655.0
2026-08-13,62250,2026-08-14,call,mini,890,0.2,1,5405.0
2026-08-13,62375,2026-08-14,call,mini,471,0.2,1,5280.0
2026-08-13,62500,2026-08-14,call,mini,28,0.2,1,5155.0
2026-08-13,62625,2026-08-14,call,mini,2,0.2,1,5030.0
2026-08-13,62750,2026-08-14,call,mini,27,0.2,1,4905.0
2026-08-13,63000,2026-08-14,call,mini,96,0.2,1,4650.0
2026-08-13,63125,2026-08-14,call,mini,1,0.2,1,4535.0
2026-08-13,63250,2026-08-14,call,mini,130,0.2,1,4410.0
2026-08-13,63375,2026-08-14,call,mini,1,0.2,1,4290.0
2026-08-13,63500,2026-08-14,call,mini,51,0.2,1,4165.0
2026-08-13,63625,2026-08-14,call,mini,1,0.2,1,4040.0
2026-08-13,63750,2026-08-14,call,mini,20,0.2,1,3920.0
2026-08-13,63875,2026-08-14,call,mini,3795,0.2,1,3795.0
2026-08-13,64000,2026-08-14,call,mini,121,0.2,1,3670.0
2026-08-13,64125,2026-08-14,call,mini,3550,0.2,1,3550.0
2026-08-13,64250,2026-08-14,call,mini,18,0.2,1,3425.0
2026-08-13,64500,2026-08-14,call,mini,166,0.2,1,3185.0
2026-08-13,64625,2026-08-14,call,mini,2,0.2,1,3070.0
2026-08-13,64750,2026-08-14,call,mini,17,0.2,1,2950.0
2026-08-13,64875,2026-08-14,call,mini,1,0.2,1,2830.0
2026-08-13,65000,2026-08-14,call,mini,225,0.2,1,2700.0
2026-08-13,65125,2026-08-14,call,mini,29,0.2,1,2595.0
2026-08-13,65250,2026-08-14,call,mini,28,0.2,1,2480.0
2026-08-13,65375,2026-08-14,call,mini,2,0.2,1,2365.0
2026-08-13,65500,2026-08-14,call,mini,152,0.2,1,2250.0
2026-08-13,65625,2026-08-14,call,mini,10,0.2,1,2135.0
2026-08-13,65750,2026-08-14,call,mini,46,0.2,1,2025.0
2026-08-13,65875,2026-08-14,call,mini,1,0.2,1,1925.0
2026-08-13,66000,2026-08-14,call,mini,388,0.2,1,1830.0
2026-08-13,66125,2026-08-14,call,mini,3,0.2,1,1705.0
2026-08-13,66250,2026-08-14,call,mini,57,0.2,1,1600.0
2026-08-13,66375,2026-08-14,call,mini,7,0.2,1,1500.0
2026-08-13,66500,2026-08-14,call,mini,228,0.2,1,1410.0
2026-08-13,66625,2026-08-14,call,mini,2,0.2,1,1305.0
2026-08-13,66750,2026-08-14,call,mini,53,0.2,1,1220.0
2026-08-13,66875,2026-08-14,call,mini,10,0.2,1,1125.0
2026-08-13,67000,2026-08-14,call,mini,695,0.2,1,1020.0
2026-08-13,67125,2026-08-14,call,mini,2,0.2,1,960.0
2026-08-13,67250,2026-08-14,call,mini,126,0.2,1,875.0
2026-08-13,67375,2026-08-14,call,mini,11,0.2,1,800.0
2026-08-13,67500,2026-08-14,call,mini,480,0.2,1,710.0
2026-08-13,67625,2026-08-14,call,mini,4,0.2,1,655.0
2026-08-13,67750,2026-08-14,call,mini,495,0.2,1,590.0
2026-08-13,67875,2026-08-14,call,mini,4,0.2,1,535.0
2026-08-13,68000,2026-08-14,call,mini,1899,0.2,1,460.0
2026-08-13,68125,2026-08-14,call,mini,14,0.2,1,425.0
2026-08-13,68250,2026-08-14,call,mini,175,0.0684,1,380.0
2026-08-13,68375,2026-08-14,call,mini,2,0.1334,1,340.0
2026-08-13,68500,2026-08-14,call,mini,989,0.1701,1,310.0
2026-08-13,68625,2026-08-14,call,mini,1,0.1856,1,265.0
2026-08-13,68750,2026-08-14,call,mini,1297,0.2022,1,231.0
2026-08-13,68875,2026-08-14,call,mini,13,0.2275,1,216.0
2026-08-13,69000,2026-08-14,call,mini,2089,0.2279,1,173.0
2026-08-13,69125,2026-08-14,call,mini,157,0.2451,1,157.0
2026-08-13,69250,2026-08-14,call,mini,80,0.2561,1,137.0
2026-08-13,69375,2026-08-14,call,mini,15,0.2669,1,120.0
2026-08-13,69500,2026-08-14,call,mini,510,0.2769,1,105.0
2026-08-13,69625,2026-08-14,call,mini,4,0.2876,1,93.0
2026-08-13,69750,2026-08-14,call,mini,272,0.2973,1,82.0
2026-08-13,69875,2026-08-14,call,mini,5,0.3061,1,72.0
2026-08-13,70000,2026-08-14,call,mini,1321,0.3143,1,63.0
2026-08-13,70125,2026-08-14,call,mini,5,0.3312,1,61.0
2026-08-13,70250,2026-08-14,call,mini,69,0.3311,1,49.0
2026-08-13,70375,2026-08-14,call,mini,5,0.3478,1,48.0
2026-08-13,70500,2026-08-14,call,mini,396,0.3485,1,39.0
2026-08-13,70750,2026-08-14,call,mini,47,0.3647,1,31.0
2026-08-13,70875,2026-08-14,call,mini,27,0.3707,1,27.0
2026-08-13,71000,2026-08-14,call,mini,997,0.381,1,25.0
2026-08-13,71125,2026-08-14,call,mini,15,0.384,1,21.0
2026-08-13,71250,2026-08-14,call,mini,470,0.3846,1,17.0
2026-08-13,71375,2026-08-14,call,mini,481,0.4072,1,19.0
2026-08-13,71500,2026-08-14,call,mini,347,0.4055,1,15.0
2026-08-13,71625,2026-08-14,call,mini,3,0.4151,1,14.0
2026-08-13,71750,2026-08-14,call,mini,23,0.4135,1,11.0
2026-08-13,71875,2026-08-14,call,mini,6,0.4271,1,11.0
2026-08-13,72000,2026-08-14,call,mini,560,0.4132,1,7.0
2026-08-13,72125,2026-08-14,call,mini,3,0.4339,1,8.0
2026-08-13,72250,2026-08-14,call,mini,41,0.4299,1,6.0
2026-08-13,72375,2026-08-14,call,mini,6,0.4424,1,6.0
2026-08-13,72500,2026-08-14,call,mini,120,0.4445,1,5.0
2026-08-13,72625,2026-08-14,call,mini,1,0.4566,1,5.0
2026-08-13,72750,2026-08-14,call,mini,48,0.4687,1,5.0
2026-08-13,72875,2026-08-14,call,mini,6,0.468,1,4.0
2026-08-13,73000,2026-08-14,call,mini,303,0.4444,1,2.0
2026-08-13,73125,2026-08-14,call,mini,1,0.4554,1,2.0
2026-08-13,73250,2026-08-14,call,mini,67,0.4663,1,2.0
2026-08-13,73375,2026-08-14,call,mini,2,0.4771,1,2.0
2026-08-13,73500,2026-08-14,call,mini,158,0.4562,1,1.0
2026-08-13,73625,2026-08-14,call,mini,2,0.4664,1,1.0
2026-08-13,73750,2026-08-14,call,mini,159,0.4766,1,1.0
2026-08-13,73875,2026-08-14,call,mini,2,0.4867,1,1.0
2026-08-13,74000,2026-08-14,call,mini,233,0.4968,1,1.0
2026-08-13,74125,2026-08-14,call,mini,1,0.5068,1,1.0
2026-08-13,74250,2026-08-14,call,mini,49,0.5169,1,1.0
2026-08-13,74375,2026-08-14,call,mini,1,0.5268,1,1.0
2026-08-13,74500,2026-08-14,call,mini,174,0.5368,1,1.0
2026-08-13,74625,2026-08-14,call,mini,2,0.5467,1,1.0
2026-08-13,74750,2026-08-14,call,mini,102,0.5566,1,1.0
2026-08-13,74875,2026-08-14,call,mini,3,0.5665,1,1.0
2026-08-13,75000,2026-08-14,call,mini,336,0.5763,1,1.0
2026-08-13,75125,2026-08-14,call,mini,10,0.5861,1,1.0
2026-08-13,75250,2026-08-14,call,mini,120,0.5958,1,1.0
2026-08-13,75375,2026-08-14,call,mini,95,0.6056,1,1.0
2026-08-13,62000,2026-08-19,call,mini,5720,0.2,6,5720.0
2026-08-13,62000,2026-08-21,call,mini,5740,0.2,8,5740.0
2026-08-13,62750,2026-08-21,call,mini,4,0.2,8,5025.0
2026-08-13,64000,2026-08-21,call,mini,4,0.2,8,3880.0
2026-08-13,64500,2026-08-21,call,mini,4,0.2,8,3445.0
2026-08-13,65000,2026-08-21,call,mini,4,0.2,8,3025.0
2026-08-13,65250,2026-08-21,call,mini,2,0.2,8,2835.0
2026-08-13,65500,2026-08-21,call,mini,10,0.2,8,2635.0
2026-08-13,66000,2026-08-21,call,mini,16,0.2,8,2285.0
2026-08-13,66125,2026-08-21,call,mini,2185,0.2,8,2185.0
2026-08-13,66250,2026-08-21,call,mini,4,0.2,8,2110.0
2026-08-13,66375,2026-08-21,call,mini,2030,0.2,8,2030.0
2026-08-13,66500,2026-08-21,call,mini,20,0.2,8,1955.0
2026-08-13,66625,2026-08-21,call,mini,1,0.2,8,1870.0
2026-08-13,66750,2026-08-21,call,mini,11,0.2,8,1750.0
2026-08-13,66875,2026-08-21,call,mini,2,0.2,8,1725.0
2026-08-13,67000,2026-08-21,call,mini,36,0.0931,8,1640.0
2026-08-13,67125,2026-08-21,call,mini,1,0.1296,8,1580.0
2026-08-13,67250,2026-08-21,call,mini,24,0.1286,8,1470.0
2026-08-13,67375,2026-08-21,call,mini,4,0.1509,8,1425.0
2026-08-13,67500,2026-08-21,call,mini,72,0.1613,8,1360.0
2026-08-13,67625,2026-08-21,call,mini,35,0.165,8,1280.0
2026-08-13,67750,2026-08-21,call,mini,55,0.1689,8,1205.0
2026-08-13,67875,2026-08-21,call,mini,84,0.1743,8,1140.0
2026-08-13,68000,2026-08-21,call,mini,235,0.1785,8,1075.0
2026-08-13,68125,2026-08-21,call,mini,5,0.1816,8,1010.0
2026-08-13,68250,2026-08-21,call,mini,3,0.1901,8,970.0
2026-08-13,68375,2026-08-21,call,mini,1,0.1925,8,910.0
2026-08-13,68500,2026-08-21,call,mini,16,0.1991,8,870.0
2026-08-13,68750,2026-08-21,call,mini,1,0.2061,8,775.0
2026-08-13,69000,2026-08-21,call,mini,170,0.214,8,695.0
2026-08-13,69500,2026-08-21,call,mini,58,0.2248,8,545.0
2026-08-13,69750,2026-08-21,call,mini,22,0.228,8,475.0
2026-08-13,69875,2026-08-21,call,mini,63,0.2315,8,450.0
2026-08-13,70000,2026-08-21,call,mini,38,0.2345,8,425.0
2026-08-13,62000,2026-08-26,call,mini,5860,0.2,13,5860.0
2026-08-13,65500,2026-08-26,call,mini,2,0.2,13,2905.0
2026-08-13,62000,2026-08-28,call,mini,5890,0.2,15,5890.0
2026-08-13,62750,2026-08-28,call,mini,4,0.2,15,5220.0
2026-08-13,64000,2026-08-28,call,mini,4,0.2,15,4150.0
2026-08-13,65500,2026-08-28,call,mini,2,0.2,15,2990.0
2026-08-13,66250,2026-08-28,call,mini,4,0.1442,15,2485.0
2026-08-13,68750,2026-08-28,call,mini,1,0.2126,15,1120.0
2026-08-13,69000,2026-08-28,call,mini,3,0.2116,15,1000.0
2026-08-13,69750,2026-08-28,call,mini,2,0.2249,15,775.0
2026-08-13,65500,2026-09-02,call,mini,2,0.1429,20,3210.0
2026-08-13,65500,2026-09-04,call,mini,3,0.1635,22,3290.0
2026-08-13,66250,2026-09-04,call,mini,4,0.1929,22,2800.0
2026-08-13,58500,2026-09-11,call,mini,1,0.2,29,9400.0
2026-08-13,58750,2026-09-11,call,mini,9165,0.2,29,9165.0
2026-08-13,59000,2026-09-11,call,mini,3,0.2,29,8930.0
2026-08-13,59250,2026-09-11,call,mini,8695,0.2,29,8695.0
2026-08-13,59375,2026-09-11,call,mini,1,0.2,29,8580.0
2026-08-13,59500,2026-09-11,call,mini,8465,0.2,29,8465.0
2026-08-13,59750,2026-09-11,call,mini,8235,0.2,29,8235.0
2026-08-13,60000,2026-09-11,call,mini,1,0.2,29,8005.0
2026-08-13,60250,2026-09-11,call,mini,7780,0.2,29,7780.0
2026-08-13,61000,2026-09-11,call,mini,1,0.2,29,7105.0
2026-08-13,61250,2026-09-11,call,mini,32,0.2,29,6880.0
2026-08-13,61500,2026-09-11,call,mini,26,0.2,29,6665.0
2026-08-13,62000,2026-09-11,call,mini,3,0.2,29,6235.0
2026-08-13,62250,2026-09-11,call,mini,5,0.2,29,6020.0
2026-08-13,62500,2026-09-11,call,mini,6,0.2,29,5810.0
2026-08-13,62750,2026-09-11,call,mini,1,0.2,29,5605.0
2026-08-13,62875,2026-09-11,call,mini,5525,0.2,29,5525.0
2026-08-13,63000,2026-09-11,call,mini,56,0.2,29,5405.0
2026-08-13,63250,2026-09-11,call,mini,56,0.2,29,5210.0
2026-08-13,63500,2026-09-11,call,mini,34,0.2,29,5005.0
2026-08-13,63750,2026-09-11,call,mini,24,0.2,29,4820.0
2026-08-13,64000,2026-09-11,call,mini,92,0.2,29,4620.0
2026-08-13,64250,2026-09-11,call,mini,278,0.1454,29,4440.0
2026-08-13,64375,2026-09-11,call,mini,1,0.1658,29,4375.0
2026-08-13,64500,2026-09-11,call,mini,147,0.162,29,4250.0
2026-08-13,64750,2026-09-11,call,mini,11,0.1775,29,4080.0
2026-08-13,65000,2026-09-11,call,mini,29,0.1825,29,3885.0
2026-08-13,65125,2026-09-11,call,mini,3,0.1934,29,3830.0
2026-08-13,65250,2026-09-11,call,mini,4,0.1919,29,3720.0
2026-08-13,65500,2026-09-11,call,mini,19,0.198,29,3550.0
2026-08-13,65750,2026-09-11,call,mini,21,0.2042,29,3390.0
2026-08-13,66000,2026-09-11,call,mini,41,0.2072,29,3220.0
2026-08-13,66125,2026-09-11,call,mini,2,0.2099,29,3145.0
2026-08-13,66250,2026-09-11,call,mini,37,0.213,29,3075.0
2026-08-13,66500,2026-09-11,call,mini,27,0.2153,29,2915.0
2026-08-13,66625,2026-09-11,call,mini,1,0.2183,29,2850.0
2026-08-13,66750,2026-09-11,call,mini,1,0.2195,29,2775.0
2026-08-13,66875,2026-09-11,call,mini,2700,0.2205,29,2700.0
2026-08-13,67000,2026-09-11,call,mini,59,0.2213,29,2625.0
2026-08-13,67125,2026-09-11,call,mini,2,0.2233,29,2560.0
2026-08-13,67250,2026-09-11,call,mini,34,0.225,29,2495.0
2026-08-13,67375,2026-09-11,call,mini,2425,0.2258,29,2425.0
2026-08-13,67500,2026-09-11,call,mini,107,0.2258,29,2350.0
2026-08-13,67625,2026-09-11,call,mini,2285,0.2268,29,2285.0
2026-08-13,67750,2026-09-11,call,mini,703,0.2277,29,2220.0
2026-08-13,68000,2026-09-11,call,mini,1073,0.2368,29,2150.0
2026-08-13,68125,2026-09-11,call,mini,4,0.2312,29,2040.0
2026-08-13,68250,2026-09-11,call,mini,80,0.2319,29,1980.0
2026-08-13,68375,2026-09-11,call,mini,1,0.2318,29,1915.0
2026-08-13,68500,2026-09-11,call,mini,903,0.2368,29,1890.0
2026-08-13,68625,2026-09-11,call,mini,1,0.2344,29,1810.0
2026-08-13,68750,2026-09-11,call,mini,1720,0.2338,29,1745.0
2026-08-13,68875,2026-09-11,call,mini,1700,0.2356,29,1700.0
2026-08-13,69000,2026-09-11,call,mini,1696,0.2443,29,1710.0
2026-08-13,69125,2026-09-11,call,mini,3,0.2373,29,1600.0
2026-08-13,69250,2026-09-11,call,mini,40,0.2379,29,1550.0
2026-08-13,69375,2026-09-11,call,mini,8,0.2391,29,1505.0
2026-08-13,69500,2026-09-11,call,mini,21,0.2393,29,1455.0
2026-08-13,69625,2026-09-11,call,mini,1405,0.2395,29,1405.0
2026-08-13,69750,2026-09-11,call,mini,3,0.2394,29,1355.0
2026-08-13,69875,2026-09-11,call,mini,1310,0.2399,29,1310.0
2026-08-13,70000,2026-09-11,call,mini,158,0.2422,29,1280.0
2026-08-13,70125,2026-09-11,call,mini,3,0.2409,29,1225.0
2026-08-13,70250,2026-09-11,call,mini,7,0.2423,29,1190.0
2026-08-13,70500,2026-09-11,call,mini,39,0.2438,29,1115.0
2026-08-13,70625,2026-09-11,call,mini,1070,0.2433,29,1070.0
2026-08-13,70750,2026-09-11,call,mini,22,0.2447,29,1040.0
2026-08-13,71000,2026-09-11,call,mini,119,0.2493,29,995.0
2026-08-13,71125,2026-09-11,call,mini,935,0.246,29,935.0
2026-08-13,71250,2026-09-11,call,mini,5,0.2476,29,910.0
2026-08-13,71375,2026-09-11,call,mini,870,0.2468,29,870.0
2026-08-13,71500,2026-09-11,call,mini,26,0.2489,29,850.0
2026-08-13,71625,2026-09-11,call,mini,2,0.2486,29,815.0
2026-08-13,71750,2026-09-11,call,mini,12,0.2489,29,785.0
2026-08-13,71875,2026-09-11,call,mini,755,0.249,29,755.0
2026-08-13,72000,2026-09-11,call,mini,89,0.2514,29,740.0
2026-08-13,72250,2026-09-11,call,mini,64,0.251,29,680.0
2026-08-13,72375,2026-09-11,call,mini,1,0.2523,29,660.0
2026-08-13,72500,2026-09-11,call,mini,37,0.2534,29,640.0
2026-08-13,72750,2026-09-11,call,mini,24,0.2545,29,595.0
2026-08-13,72875,2026-09-11,call,mini,565,0.2534,29,565.0
2026-08-13,73000,2026-09-11,call,mini,133,0.255,29,550.0
2026-08-13,73125,2026-09-11,call,mini,1,0.2546,29,525.0
2026-08-13,73250,2026-09-11,call,mini,290,0.2568,29,515.0
2026-08-13,73375,2026-09-11,call,mini,3,0.2552,29,485.0
2026-08-13,73500,2026-09-11,call,mini,296,0.2592,29,485.0
2026-08-13,73750,2026-09-11,call,mini,317,0.2581,29,440.0
2026-08-13,73875,2026-09-11,call,mini,3,0.2568,29,415.0
2026-08-13,74000,2026-09-11,call,mini,105,0.2617,29,420.0
2026-08-13,74125,2026-09-11,call,mini,1,0.258,29,385.0
2026-08-13,74250,2026-09-11,call,mini,73,0.2595,29,375.0
2026-08-13,74375,2026-09-11,call,mini,360,0.2598,29,360.0
2026-08-13,74500,2026-09-11,call,mini,117,0.2611,29,350.0
2026-08-13,74625,2026-09-11,call,mini,325,0.2588,29,325.0
2026-08-13,74750,2026-09-11,call,mini,141,0.2611,29,320.0
2026-08-13,74875,2026-09-11,call,mini,1,0.2621,29,310.0
2026-08-13,75000,2026-09-11,call,mini,261,0.2621,29,296.0
2026-08-13,75125,2026-09-11,call,mini,279,0.2611,29,279.0
2026-08-13,75250,2026-09-11,call,mini,64,0.262,29,270.0
2026-08-13,75375,2026-09-11,call,mini,21,0.2618,29,257.0
2026-08-13,58500,2026-10-09,call,mini,20,0.2,57,9520.0
2026-08-13,60000,2026-10-09,call,mini,2,0.2,57,8230.0
2026-08-13,61125,2026-10-09,call,mini,5,0.2,57,7305.0
2026-08-13,61250,2026-10-09,call,mini,10,0.2,57,7200.0
2026-08-13,61750,2026-10-09,call,mini,6805,0.2,57,6805.0
2026-08-13,61875,2026-10-09,call,mini,6700,0.2,57,6700.0
2026-08-13,62500,2026-10-09,call,mini,8,0.1492,57,6225.0
2026-08-13,63000,2026-10-09,call,mini,15,0.17,57,5845.0
2026-08-13,63750,2026-10-09,call,mini,8,0.1892,57,5305.0
2026-08-13,63875,2026-10-09,call,mini,12,0.1935,57,5230.0
2026-08-13,64000,2026-10-09,call,mini,7,0.1944,57,5135.0
2026-08-13,64250,2026-10-09,call,mini,4,0.1999,57,4975.0
2026-08-13,64750,2026-10-09,call,mini,4,0.2069,57,4645.0
2026-08-13,65000,2026-10-09,call,mini,9,0.2099,57,4485.0
2026-08-13,65500,2026-10-09,call,mini,5,0.2129,57,4155.0
2026-08-13,65750,2026-10-09,call,mini,1,0.2142,57,3995.0
2026-08-13,66000,2026-10-09,call,mini,24,0.2166,57,3850.0
2026-08-13,66500,2026-10-09,call,mini,1,0.2203,57,3565.0
2026-08-13,66750,2026-10-09,call,mini,1,0.2217,57,3425.0
2026-08-13,67000,2026-10-09,call,mini,23,0.2232,57,3290.0
2026-08-13,67125,2026-10-09,call,mini,2,0.2235,57,3220.0
2026-08-13,67250,2026-10-09,call,mini,2,0.2237,57,3150.0
2026-08-13,67500,2026-10-09,call,mini,4,0.2257,57,3030.0
2026-08-13,67750,2026-10-09,call,mini,2,0.2273,57,2910.0
2026-08-13,68000,2026-10-09,call,mini,16,0.2285,57,2790.0
2026-08-13,68500,2026-10-09,call,mini,5,0.2302,57,2555.0
2026-08-13,68625,2026-10-09,call,mini,2,0.2303,57,2495.0
2026-08-13,68750,2026-10-09,call,mini,2,0.2308,57,2440.0
2026-08-13,69000,2026-10-09,call,mini,9,0.2318,57,2335.0
2026-08-13,69125,2026-10-09,call,mini,1,0.2325,57,2285.0
2026-08-13,69500,2026-10-09,call,mini,2,0.2334,57,2130.0
2026-08-13,69625,2026-10-09,call,mini,1,0.2336,57,2080.0
2026-08-13,70000,2026-10-09,call,mini,31,0.2349,57,1940.0
2026-08-13,70125,2026-10-09,call,mini,1,0.2353,57,1895.0
2026-08-13,70500,2026-10-09,call,mini,12,0.2365,57,1765.0
2026-08-13,70625,2026-10-09,call,mini,1,0.237,57,1725.0
2026-08-13,70750,2026-10-09,call,mini,3,0.2379,57,1690.0
2026-08-13,71000,2026-10-09,call,mini,9,0.2391,57,1615.0
2026-08-13,71250,2026-10-09,call,mini,2,0.239,57,1530.0
2026-08-13,71500,2026-10-09,call,mini,2,0.2401,57,1460.0
2026-08-13,71750,2026-10-09,call,mini,71,0.2403,57,1385.0
