date,strike,expiry,type,product,oi,iv,days_to_expiry,settlement
2026-07-10,20000,2026-08-13,put,regular,1614,1.2259,34,2.0
2026-07-10,22000,2026-08-13,put,regular,187,1.1328,34,2.0
2026-07-10,24000,2026-08-13,put,regular,64,1.0479,34,2.0
2026-07-10,25000,2026-08-13,put,regular,5120,1.0407,34,3.0
2026-07-10,26000,2026-08-13,put,regular,25,1.0013,34,3.0
2026-07-10,27000,2026-08-13,put,regular,39,0.9634,34,3.0
2026-07-10,28000,2026-08-13,put,regular,41,0.9492,34,4.0
2026-07-10,29000,2026-08-13,put,regular,23,0.9309,34,5.0
2026-07-10,30000,2026-08-13,put,regular,5823,0.8955,34,5.0
2026-07-10,31000,2026-08-13,put,regular,14,0.8987,34,8.0
2026-07-10,32000,2026-08-13,put,regular,118,0.8739,34,9.0
2026-07-10,33000,2026-08-13,put,regular,51,0.8487,34,10.0
2026-07-10,34000,2026-08-13,put,regular,21,0.8373,34,13.0
2026-07-10,35000,2026-08-13,put,regular,998,0.8106,34,14.0
2026-07-10,36000,2026-08-13,put,regular,62,0.7893,34,16.0
2026-07-10,37000,2026-08-13,put,regular,41,0.7625,34,17.0
2026-07-10,37500,2026-08-13,put,regular,50,0.7515,34,18.0
2026-07-10,38000,2026-08-13,put,regular,1540,0.7526,34,22.0
2026-07-10,38500,2026-08-13,put,regular,81,0.7512,34,26.0
2026-07-10,39000,2026-08-13,put,regular,119,0.7481,34,30.0
2026-07-10,39500,2026-08-13,put,regular,2,0.7488,34,36.0
2026-07-10,39750,2026-08-13,put,regular,1,0.7484,34,39.0
2026-07-10,40000,2026-08-13,put,regular,1147,0.7167,34,30.0
2026-07-10,40250,2026-08-13,put,regular,7,0.7348,34,40.0
2026-07-10,40500,2026-08-13,put,regular,30,0.7269,34,40.0
2026-07-10,40750,2026-08-13,put,regular,5,0.719,34,40.0
2026-07-10,41000,2026-08-13,put,regular,130,0.7111,34,40.0
2026-07-10,41250,2026-08-13,put,regular,25,0.7033,34,40.0
2026-07-10,41500,2026-08-13,put,regular,8,0.7021,34,43.0
2026-07-10,41750,2026-08-13,put,regular,20,0.7026,34,47.0
2026-07-10,42000,2026-08-13,put,regular,442,0.6986,34,49.0
2026-07-10,42250,2026-08-13,put,regular,1,0.6946,34,51.0
2026-07-10,42500,2026-08-13,put,regular,137,0.6904,34,53.0
2026-07-10,42750,2026-08-13,put,regular,36,0.6844,34,54.0
2026-07-10,43000,2026-08-13,put,regular,119,0.6658,34,48.0
2026-07-10,43250,2026-08-13,put,regular,9,0.6706,34,55.0
2026-07-10,43500,2026-08-13,put,regular,5,0.6694,34,59.0
2026-07-10,43750,2026-08-13,put,regular,3,0.6633,34,60.0
2026-07-10,44000,2026-08-13,put,regular,191,0.6556,34,60.0
2026-07-10,44250,2026-08-13,put,regular,6,0.6832,34,86.0
2026-07-10,44500,2026-08-13,put,regular,206,0.6388,34,59.0
2026-07-10,44750,2026-08-13,put,regular,52,0.672,34,90.0
2026-07-10,45000,2026-08-13,put,regular,1321,0.631,34,64.0
2026-07-10,45250,2026-08-13,put,regular,102,0.6618,34,95.0
2026-07-10,45500,2026-08-13,put,regular,151,0.62,34,67.0
2026-07-10,45750,2026-08-13,put,regular,29,0.6164,34,70.0
2026-07-10,46000,2026-08-13,put,regular,437,0.6152,34,75.0
2026-07-10,46250,2026-08-13,put,regular,14,0.6355,34,100.0
2026-07-10,46500,2026-08-13,put,regular,255,0.6267,34,99.0
2026-07-10,46750,2026-08-13,put,regular,55,0.603,34,84.0
2026-07-10,47000,2026-08-13,put,regular,562,0.5976,34,86.0
2026-07-10,47250,2026-08-13,put,regular,65,0.5954,34,91.0
2026-07-10,47500,2026-08-13,put,regular,252,0.6062,34,110.0
2026-07-10,47750,2026-08-13,put,regular,42,0.5862,34,97.0
2026-07-10,48000,2026-08-13,put,regular,701,0.5805,34,99.0
2026-07-10,48250,2026-08-13,put,regular,119,0.6008,34,131.0
2026-07-10,48500,2026-08-13,put,regular,228,0.5709,34,105.0
2026-07-10,48750,2026-08-13,put,regular,152,0.5695,34,112.0
2026-07-10,49000,2026-08-13,put,regular,1199,0.5644,34,115.0
2026-07-10,49250,2026-08-13,put,regular,141,0.5815,34,147.0
2026-07-10,49500,2026-08-13,put,regular,568,0.5549,34,122.0
2026-07-10,49750,2026-08-13,put,regular,34,0.5542,34,131.0
2026-07-10,50000,2026-08-13,put,regular,3263,0.5495,34,135.0
2026-07-10,50250,2026-08-13,put,regular,77,0.5433,34,137.0
2026-07-10,50500,2026-08-13,put,regular,235,0.5391,34,142.0
2026-07-10,50750,2026-08-13,put,regular,807,0.5301,34,140.0
2026-07-10,51000,2026-08-13,put,regular,413,0.5311,34,153.0
2026-07-10,51250,2026-08-13,put,regular,51,0.5446,34,188.0
2026-07-10,51500,2026-08-13,put,regular,139,0.5232,34,165.0
2026-07-10,51750,2026-08-13,put,regular,43,0.5143,34,163.0
2026-07-10,52000,2026-08-13,put,regular,604,0.516,34,179.0
2026-07-10,52250,2026-08-13,put,regular,7,0.5275,34,215.0
2026-07-10,52500,2026-08-13,put,regular,328,0.5118,34,200.0
2026-07-10,52750,2026-08-13,put,regular,3,0.5029,34,198.0
2026-07-10,53000,2026-08-13,put,regular,1062,0.5007,34,209.0
2026-07-10,53250,2026-08-13,put,regular,9,0.5108,34,247.0
2026-07-10,53500,2026-08-13,put,regular,233,0.4959,34,232.0
2026-07-10,53750,2026-08-13,put,regular,8,0.4907,34,238.0
2026-07-10,54000,2026-08-13,put,regular,379,0.4863,34,246.0
2026-07-10,54250,2026-08-13,put,regular,9,0.4826,34,256.0
2026-07-10,54500,2026-08-13,put,regular,333,0.4791,34,267.0
2026-07-10,54750,2026-08-13,put,regular,14,0.4779,34,284.0
2026-07-10,55000,2026-08-13,put,regular,2035,0.4721,34,290.0
2026-07-10,55250,2026-08-13,put,regular,12,0.4696,34,305.0
2026-07-10,55500,2026-08-13,put,regular,223,0.4651,34,315.0
2026-07-10,55750,2026-08-13,put,regular,1006,0.4639,34,335.0
2026-07-10,56000,2026-08-13,put,regular,1214,0.459,34,345.0
2026-07-10,56250,2026-08-13,put,regular,25,0.4573,34,365.0
2026-07-10,56500,2026-08-13,put,regular,36,0.4521,34,375.0
2026-07-10,56750,2026-08-13,put,regular,33,0.4483,34,390.0
2026-07-10,56875,2026-08-13,put,regular,9,0.4471,34,400.0
2026-07-10,57000,2026-08-13,put,regular,535,0.4459,34,410.0
2026-07-10,57125,2026-08-13,put,regular,1,0.4431,34,415.0
2026-07-10,57250,2026-08-13,put,regular,19,0.4446,34,435.0
2026-07-10,57375,2026-08-13,put,regular,13,0.4417,34,440.0
2026-07-10,57500,2026-08-13,put,regular,430,0.4402,34,450.0
2026-07-10,57625,2026-08-13,put,regular,3,0.44,34,465.0
2026-07-10,57750,2026-08-13,put,regular,8,0.4384,34,475.0
2026-07-10,57875,2026-08-13,put,regular,1,0.438,34,490.0
2026-07-10,58000,2026-08-13,put,regular,1482,0.4349,34,495.0
2026-07-10,58250,2026-08-13,put,regular,8,0.4325,34,520.0
2026-07-10,58375,2026-08-13,put,regular,11,0.4281,34,520.0
2026-07-10,58500,2026-08-13,put,regular,135,0.4274,34,535.0
2026-07-10,58625,2026-08-13,put,regular,4,0.4241,34,540.0
2026-07-10,58750,2026-08-13,put,regular,8,0.4245,34,560.0
2026-07-10,58875,2026-08-13,put,regular,13,0.4247,34,580.0
2026-07-10,59000,2026-08-13,put,regular,521,0.4214,34,585.0
2026-07-10,59125,2026-08-13,put,regular,34,0.418,34,590.0
2026-07-10,59250,2026-08-13,put,regular,70,0.4191,34,615.0
2026-07-10,59375,2026-08-13,put,regular,12,0.4146,34,615.0
2026-07-10,59500,2026-08-13,put,regular,841,0.4166,34,645.0
2026-07-10,59625,2026-08-13,put,regular,10,0.412,34,645.0
2026-07-10,59750,2026-08-13,put,regular,11,0.4138,34,675.0
2026-07-10,59875,2026-08-13,put,regular,13,0.4102,34,680.0
2026-07-10,60000,2026-08-13,put,regular,4194,0.4127,34,715.0
2026-07-10,60125,2026-08-13,put,regular,100,0.4111,34,730.0
2026-07-10,60250,2026-08-13,put,regular,6,0.4083,34,740.0
2026-07-10,60375,2026-08-13,put,regular,7,0.4046,34,745.0
2026-07-10,60500,2026-08-13,put,regular,109,0.4057,34,775.0
2026-07-10,60625,2026-08-13,put,regular,112,0.4019,34,780.0
2026-07-10,60750,2026-08-13,put,regular,31,0.4028,34,810.0
2026-07-10,61000,2026-08-13,put,regular,1214,0.4005,34,850.0
2026-07-10,61125,2026-08-13,put,regular,11,0.3974,34,860.0
2026-07-10,61250,2026-08-13,put,regular,1,0.3988,34,895.0
2026-07-10,61375,2026-08-13,put,regular,5,0.3947,34,900.0
2026-07-10,61500,2026-08-13,put,regular,233,0.3959,34,935.0
2026-07-10,61750,2026-08-13,put,regular,9,0.3927,34,975.0
2026-07-10,61875,2026-08-13,put,regular,5,0.3919,34,1000.0
2026-07-10,62000,2026-08-13,put,regular,3215,0.3909,34,1025.0
2026-07-10,62125,2026-08-13,put,regular,125,0.3899,34,1050.0
2026-07-10,62250,2026-08-13,put,regular,125,0.3855,34,1055.0
2026-07-10,62375,2026-08-13,put,regular,3,0.3835,34,1075.0
2026-07-10,62500,2026-08-13,put,regular,1265,0.3815,34,1095.0
2026-07-10,62625,2026-08-13,put,regular,16,0.3842,34,1145.0
2026-07-10,62750,2026-08-13,put,regular,311,0.3827,34,1170.0
2026-07-10,62875,2026-08-13,put,regular,10,0.3797,34,1185.0
2026-07-10,63000,2026-08-13,put,regular,2778,0.3766,34,1200.0
2026-07-10,63125,2026-08-13,put,regular,25,0.3803,34,1260.0
2026-07-10,63250,2026-08-13,put,regular,10,0.3778,34,1280.0
2026-07-10,63375,2026-08-13,put,regular,28,0.3782,34,1320.0
2026-07-10,63500,2026-08-13,put,regular,509,0.3777,34,1355.0
2026-07-10,63625,2026-08-13,put,regular,6,0.3757,34,1380.0
2026-07-10,63750,2026-08-13,put,regular,5,0.3736,34,1405.0
2026-07-10,63875,2026-08-13,put,regular,50,0.3737,34,1445.0
2026-07-10,64000,2026-08-13,put,regular,1747,0.37,34,1460.0
2026-07-10,64125,2026-08-13,put,regular,30,0.3712,34,1510.0
2026-07-10,64250,2026-08-13,put,regular,21,0.3688,34,1535.0
2026-07-10,64375,2026-08-13,put,regular,20,0.3691,34,1580.0
2026-07-10,64500,2026-08-13,put,regular,203,0.3659,34,1600.0
2026-07-10,64625,2026-08-13,put,regular,20,0.3667,34,1650.0
2026-07-10,64750,2026-08-13,put,regular,10,0.3647,34,1680.0
2026-07-10,64875,2026-08-13,put,regular,6,0.3646,34,1725.0
2026-07-10,65000,2026-08-13,put,regular,9383,0.3617,34,1750.0
2026-07-10,65125,2026-08-13,put,regular,8,0.3621,34,1800.0
2026-07-10,65250,2026-08-13,put,regular,21,0.3597,34,1830.0
2026-07-10,65375,2026-08-13,put,regular,8,0.3599,34,1880.0
2026-07-10,65500,2026-08-13,put,regular,1796,0.3593,34,1925.0
2026-07-10,65625,2026-08-13,put,regular,43,0.3579,34,1965.0
2026-07-10,65750,2026-08-13,put,regular,102,0.3552,34,1995.0
2026-07-10,66000,2026-08-13,put,regular,1662,0.3546,34,2095.0
2026-07-10,66125,2026-08-13,put,regular,110,0.3535,34,2140.0
2026-07-10,66250,2026-08-13,put,regular,37,0.3505,34,2170.0
2026-07-10,66375,2026-08-13,put,regular,5,0.3511,34,2230.0
2026-07-10,66500,2026-08-13,put,regular,535,0.3497,34,2275.0
2026-07-10,66625,2026-08-13,put,regular,15,0.3494,34,2330.0
2026-07-10,66750,2026-08-13,put,regular,26,0.3485,34,2380.0
2026-07-10,66875,2026-08-13,put,regular,1,0.3474,34,2430.0
2026-07-10,67000,2026-08-13,put,regular,1037,0.3469,34,2485.0
2026-07-10,67125,2026-08-13,put,regular,1,0.3456,34,2535.0
2026-07-10,67250,2026-08-13,put,regular,75,0.3424,34,2570.0
2026-07-10,67375,2026-08-13,put,regular,1,0.3428,34,2635.0
2026-07-10,67500,2026-08-13,put,regular,79,0.3412,34,2685.0
2026-07-10,67750,2026-08-13,put,regular,4,0.339,34,2795.0
2026-07-10,68000,2026-08-13,put,regular,3584,0.3321,34,2870.0
2026-07-10,68125,2026-08-13,put,regular,1,0.3348,34,2960.0
2026-07-10,68250,2026-08-13,put,regular,189,0.3356,34,3035.0
2026-07-10,68375,2026-08-13,put,regular,33,0.3333,34,3085.0
2026-07-10,68500,2026-08-13,put,regular,232,0.3345,34,3165.0
2026-07-10,69000,2026-08-13,put,regular,1668,0.3286,34,3405.0
2026-07-10,69125,2026-08-13,put,regular,10,0.3293,34,3485.0
2026-07-10,69250,2026-08-13,put,regular,34,0.3286,34,3555.0
2026-07-10,69500,2026-08-13,put,regular,601,0.3252,34,3680.0
2026-07-10,69750,2026-08-13,put,regular,1,0.3268,34,3850.0
2026-07-10,70000,2026-08-13,put,regular,6150,0.3262,34,4005.0
2026-07-10,70125,2026-08-13,put,regular,1,0.3235,34,4065.0
2026-07-10,70250,2026-08-13,put,regular,4,0.3244,34,4155.0
2026-07-10,70375,2026-08-13,put,regular,1,0.3221,34,4220.0
2026-07-10,70500,2026-08-13,put,regular,6,0.3197,34,4285.0
2026-07-10,71000,2026-08-13,put,regular,186,0.3231,34,4655.0
2026-07-10,71500,2026-08-13,put,regular,1,0.3154,34,4955.0
2026-07-10,72000,2026-08-13,put,regular,201,0.3132,34,5310.0
2026-07-10,72250,2026-08-13,put,regular,1,0.3147,34,5510.0
2026-07-10,73000,2026-08-13,put,regular,14,0.3108,34,6070.0
2026-07-10,75000,2026-08-13,put,regular,60,0.2993,34,7685.0
2026-07-10,77500,2026-08-13,put,regular,5,0.2728,34,9885.0
2026-07-10,20000,2026-09-10,put,regular,858,0.9925,62,6.0
2026-07-10,22000,2026-09-10,put,regular,13,0.9413,62,8.0
2026-07-10,23000,2026-09-10,put,regular,3,0.9154,62,9.0
2026-07-10,24000,2026-09-10,put,regular,5,0.8977,62,11.0
2026-07-10,25000,2026-09-10,put,regular,4611,0.8781,62,13.0
2026-07-10,26000,2026-09-10,put,regular,117,0.8685,62,17.0
2026-07-10,27000,2026-09-10,put,regular,1,0.8458,62,19.0
2026-07-10,27500,2026-09-10,put,regular,10,0.8299,62,19.0
2026-07-10,28000,2026-09-10,put,regular,20,0.8142,62,19.0
2026-07-10,28750,2026-09-10,put,regular,65,0.8115,62,24.0
2026-07-10,29000,2026-09-10,put,regular,19,0.8074,62,25.0
2026-07-10,30000,2026-09-10,put,regular,4109,0.7772,62,25.0
2026-07-10,30500,2026-09-10,put,regular,86,0.7753,62,29.0
2026-07-10,31500,2026-09-10,put,regular,15,0.7678,62,37.0
2026-07-10,32000,2026-09-10,put,regular,15,0.7648,62,42.0
2026-07-10,33000,2026-09-10,put,regular,130,0.7401,62,44.0
2026-07-10,34000,2026-09-10,put,regular,11,0.7252,62,51.0
2026-07-10,34750,2026-09-10,put,regular,69,0.7077,62,53.0
2026-07-10,35000,2026-09-10,put,regular,1089,0.7024,62,54.0
2026-07-10,35750,2026-09-10,put,regular,50,0.6883,62,58.0
2026-07-10,36000,2026-09-10,put,regular,12,0.683,62,59.0
2026-07-10,36750,2026-09-10,put,regular,60,0.6701,62,64.0
2026-07-10,37000,2026-09-10,put,regular,502,0.6662,62,66.0
2026-07-10,37500,2026-09-10,put,regular,2,0.662,62,73.0
2026-07-10,37750,2026-09-10,put,regular,1,0.6603,62,77.0
2026-07-10,38000,2026-09-10,put,regular,704,0.6583,62,81.0
2026-07-10,38500,2026-09-10,put,regular,226,0.6495,62,85.0
2026-07-10,39000,2026-09-10,put,regular,62,0.6415,62,90.0
2026-07-10,39250,2026-09-10,put,regular,165,0.638,62,93.0
2026-07-10,39500,2026-09-10,put,regular,250,0.6344,62,96.0
2026-07-10,40000,2026-09-10,put,regular,3049,0.6325,62,108.0
2026-07-10,40250,2026-09-10,put,regular,1,0.6259,62,108.0
2026-07-10,40500,2026-09-10,put,regular,176,0.6254,62,115.0
2026-07-10,40750,2026-09-10,put,regular,42,0.6255,62,123.0
2026-07-10,41000,2026-09-10,put,regular,862,0.6252,62,131.0
2026-07-10,41250,2026-09-10,put,regular,1,0.6208,62,134.0
2026-07-10,41500,2026-09-10,put,regular,1,0.6164,62,137.0
2026-07-10,42000,2026-09-10,put,regular,2043,0.6089,62,145.0
2026-07-10,42250,2026-09-10,put,regular,3,0.6051,62,149.0
2026-07-10,42750,2026-09-10,put,regular,2,0.5973,62,157.0
2026-07-10,43000,2026-09-10,put,regular,889,0.5907,62,157.0
2026-07-10,43250,2026-09-10,put,regular,61,0.588,62,163.0
2026-07-10,43500,2026-09-10,put,regular,548,0.5851,62,169.0
2026-07-10,43750,2026-09-10,put,regular,3,0.5822,62,175.0
2026-07-10,44000,2026-09-10,put,regular,1449,0.5756,62,175.0
2026-07-10,44250,2026-09-10,put,regular,13,0.5691,62,175.0
2026-07-10,44500,2026-09-10,put,regular,5,0.5655,62,180.0
2026-07-10,44750,2026-09-10,put,regular,1,0.5624,62,186.0
2026-07-10,45000,2026-09-10,put,regular,1986,0.5607,62,195.0
2026-07-10,45500,2026-09-10,put,regular,1,0.5534,62,206.0
2026-07-10,45750,2026-09-10,put,regular,30,0.5485,62,209.0
2026-07-10,46000,2026-09-10,put,regular,2191,0.5516,62,229.0
2026-07-10,46250,2026-09-10,put,regular,3,0.5455,62,230.0
2026-07-10,46500,2026-09-10,put,regular,340,0.539,62,230.0
2026-07-10,46750,2026-09-10,put,regular,1,0.537,62,240.0
2026-07-10,47000,2026-09-10,put,regular,659,0.5349,62,250.0
2026-07-10,47250,2026-09-10,put,regular,6,0.5326,62,260.0
2026-07-10,47500,2026-09-10,put,regular,1015,0.5293,62,268.0
2026-07-10,47750,2026-09-10,put,regular,4,0.5232,62,269.0
2026-07-10,48000,2026-09-10,put,regular,3313,0.5171,62,270.0
2026-07-10,48250,2026-09-10,put,regular,17,0.5191,62,292.0
2026-07-10,48500,2026-09-10,put,regular,650,0.5133,62,294.0
2026-07-10,48750,2026-09-10,put,regular,12,0.5108,62,305.0
2026-07-10,49000,2026-09-10,put,regular,1385,0.5079,62,315.0
2026-07-10,49250,2026-09-10,put,regular,15,0.5048,62,325.0
2026-07-10,49500,2026-09-10,put,regular,104,0.5016,62,335.0
2026-07-10,49750,2026-09-10,put,regular,18,0.4951,62,335.0
2026-07-10,50000,2026-09-10,put,regular,8416,0.4885,62,335.0
2026-07-10,50250,2026-09-10,put,regular,22,0.4915,62,365.0
2026-07-10,50500,2026-09-10,put,regular,1069,0.485,62,365.0
2026-07-10,50750,2026-09-10,put,regular,30,0.4829,62,380.0
2026-07-10,51000,2026-09-10,put,regular,921,0.4837,62,405.0
2026-07-10,51250,2026-09-10,put,regular,228,0.477,62,405.0
2026-07-10,51500,2026-09-10,put,regular,241,0.4787,62,435.0
2026-07-10,51750,2026-09-10,put,regular,10,0.4707,62,430.0
2026-07-10,52000,2026-09-10,put,regular,1593,0.4746,62,470.0
2026-07-10,52250,2026-09-10,put,regular,46,0.4653,62,460.0
2026-07-10,52500,2026-09-10,put,regular,120,0.4674,62,495.0
2026-07-10,52750,2026-09-10,put,regular,4,0.4655,62,515.0
2026-07-10,53000,2026-09-10,put,regular,1441,0.4563,62,505.0
2026-07-10,53250,2026-09-10,put,regular,15,0.4531,62,520.0
2026-07-10,53500,2026-09-10,put,regular,297,0.4475,62,525.0
2026-07-10,53750,2026-09-10,put,regular,75,0.4475,62,555.0
2026-07-10,54000,2026-09-10,put,regular,2577,0.444,62,570.0
2026-07-10,54250,2026-09-10,put,regular,2,0.4425,62,595.0
2026-07-10,54500,2026-09-10,put,regular,376,0.4388,62,610.0
2026-07-10,54750,2026-09-10,put,regular,219,0.435,62,625.0
2026-07-10,55000,2026-09-10,put,regular,3014,0.4321,62,645.0
2026-07-10,55250,2026-09-10,put,regular,8,0.4271,62,655.0
2026-07-10,55500,2026-09-10,put,regular,300,0.425,62,680.0
2026-07-10,56000,2026-09-10,put,regular,1927,0.4184,62,720.0
2026-07-10,56500,2026-09-10,put,regular,155,0.4141,62,775.0
2026-07-10,56750,2026-09-10,put,regular,6,0.4163,62,830.0
2026-07-10,57000,2026-09-10,put,regular,2397,0.4165,62,875.0
2026-07-10,57250,2026-09-10,put,regular,11,0.4124,62,895.0
2026-07-10,57500,2026-09-10,put,regular,385,0.4091,62,920.0
2026-07-10,57750,2026-09-10,put,regular,120,0.4087,62,965.0
2026-07-10,58000,2026-09-10,put,regular,1649,0.4088,62,1015.0
2026-07-10,58250,2026-09-10,put,regular,149,0.402,62,1020.0
2026-07-10,58500,2026-09-10,put,regular,208,0.3953,62,1025.0
2026-07-10,58750,2026-09-10,put,regular,2,0.3935,62,1065.0
2026-07-10,59000,2026-09-10,put,regular,1758,0.3916,62,1105.0
2026-07-10,59250,2026-09-10,put,regular,18,0.3901,62,1150.0
2026-07-10,59500,2026-09-10,put,regular,205,0.3865,62,1180.0
2026-07-10,59750,2026-09-10,put,regular,15,0.3853,62,1230.0
2026-07-10,60000,2026-09-10,put,regular,3023,0.3833,62,1275.0
2026-07-10,60250,2026-09-10,put,regular,15,0.3824,62,1330.0
2026-07-10,60500,2026-09-10,put,regular,321,0.3794,62,1370.0
2026-07-10,60750,2026-09-10,put,regular,128,0.3775,62,1420.0
2026-07-10,61000,2026-09-10,put,regular,816,0.3754,62,1470.0
2026-07-10,61250,2026-09-10,put,regular,2,0.3731,62,1520.0
2026-07-10,61500,2026-09-10,put,regular,17,0.3712,62,1575.0
2026-07-10,61750,2026-09-10,put,regular,8,0.3691,62,1630.0
2026-07-10,62000,2026-09-10,put,regular,3175,0.3674,62,1690.0
2026-07-10,62500,2026-09-10,put,regular,560,0.3563,62,1745.0
2026-07-10,62750,2026-09-10,put,regular,6,0.3616,62,1875.0
2026-07-10,63000,2026-09-10,put,regular,2874,0.3586,62,1930.0
2026-07-10,63125,2026-09-10,put,regular,5,0.3531,62,1920.0
2026-07-10,63500,2026-09-10,put,regular,10,0.3562,62,2080.0
2026-07-10,63750,2026-09-10,put,regular,5,0.3495,62,2105.0
2026-07-10,64000,2026-09-10,put,regular,1935,0.3523,62,2225.0
2026-07-10,64125,2026-09-10,put,regular,8,0.3511,62,2260.0
2026-07-10,64250,2026-09-10,put,regular,15,0.3454,62,2250.0
2026-07-10,64500,2026-09-10,put,regular,303,0.3487,62,2380.0
2026-07-10,65000,2026-09-10,put,regular,2512,0.3452,62,2545.0
2026-07-10,65250,2026-09-10,put,regular,78,0.3395,62,2590.0
2026-07-10,65500,2026-09-10,put,regular,277,0.3417,62,2720.0
2026-07-10,65625,2026-09-10,put,regular,15,0.3413,62,2770.0
2026-07-10,66000,2026-09-10,put,regular,1620,0.3383,62,2905.0
2026-07-10,66125,2026-09-10,put,regular,6,0.3381,62,2960.0
2026-07-10,66250,2026-09-10,put,regular,2,0.337,62,3005.0
2026-07-10,66500,2026-09-10,put,regular,1400,0.3354,62,3105.0
2026-07-10,66625,2026-09-10,put,regular,15,0.3345,62,3155.0
2026-07-10,67000,2026-09-10,put,regular,1150,0.332,62,3310.0
2026-07-10,67500,2026-09-10,put,regular,300,0.3295,62,3535.0
2026-07-10,67750,2026-09-10,put,regular,172,0.3286,62,3655.0
2026-07-10,68000,2026-09-10,put,regular,397,0.3274,62,3775.0
2026-07-10,68500,2026-09-10,put,regular,7,0.323,62,4000.0
2026-07-10,69000,2026-09-10,put,regular,1131,0.3208,62,4260.0
2026-07-10,69500,2026-09-10,put,regular,50,0.3185,62,4530.0
2026-07-10,70000,2026-09-10,put,regular,1225,0.3165,62,4815.0
2026-07-10,71000,2026-09-10,put,regular,100,0.3124,62,5415.0
2026-07-10,73000,2026-09-10,put,regular,23,0.305,62,6750.0
2026-07-10,75000,2026-09-10,put,regular,2,0.2985,62,8250.0
2026-07-10,25000,2026-10-08,put,regular,8,0.7617,90,20.0
2026-07-10,30000,2026-10-08,put,regular,1,0.6771,90,38.0
2026-07-10,32000,2026-10-08,put,regular,1,0.6522,90,52.0
2026-07-10,35000,2026-10-08,put,regular,1,0.6151,90,80.0
2026-07-10,38000,2026-10-08,put,regular,2,0.5805,90,121.0
2026-07-10,40000,2026-10-08,put,regular,2,0.5578,90,157.0
2026-07-10,43000,2026-10-08,put,regular,23,0.5192,90,216.0
2026-07-10,43750,2026-10-08,put,regular,9,0.5115,90,238.0
2026-07-10,45000,2026-10-08,put,regular,120,0.4988,90,279.0
2026-07-10,45500,2026-10-08,put,regular,195,0.4938,90,297.0
2026-07-10,46000,2026-10-08,put,regular,150,0.49,90,320.0
2026-07-10,46500,2026-10-08,put,regular,63,0.4849,90,340.0
2026-07-10,46750,2026-10-08,put,regular,31,0.4822,90,350.0
2026-07-10,47000,2026-10-08,put,regular,75,0.4794,90,360.0
2026-07-10,47750,2026-10-08,put,regular,28,0.4721,90,395.0
2026-07-10,48000,2026-10-08,put,regular,400,0.4704,90,410.0
2026-07-10,49000,2026-10-08,put,regular,6,0.4599,90,460.0
2026-07-10,49500,2026-10-08,put,regular,1,0.4554,90,490.0
2026-07-10,49750,2026-10-08,put,regular,1,0.453,90,505.0
2026-07-10,50000,2026-10-08,put,regular,252,0.4505,90,520.0
2026-07-10,50500,2026-10-08,put,regular,4,0.4463,90,555.0
2026-07-10,52500,2026-10-08,put,regular,1,0.4371,90,760.0
2026-07-10,54000,2026-10-08,put,regular,75,0.4234,90,905.0
2026-07-10,54750,2026-10-08,put,regular,6,0.4185,90,1000.0
2026-07-10,55000,2026-10-08,put,regular,601,0.415,90,1020.0
2026-07-10,55250,2026-10-08,put,regular,31,0.4121,90,1045.0
2026-07-10,55750,2026-10-08,put,regular,1,0.4075,90,1105.0
2026-07-10,56500,2026-10-08,put,regular,4,0.4022,90,1215.0
2026-07-10,57500,2026-10-08,put,regular,3,0.3934,90,1360.0
2026-07-10,57750,2026-10-08,put,regular,14,0.3879,90,1370.0
2026-07-10,58000,2026-10-08,put,regular,806,0.3892,90,1440.0
2026-07-10,58250,2026-10-08,put,regular,5,0.388,90,1490.0
2026-07-10,58500,2026-10-08,put,regular,5,0.3862,90,1535.0
2026-07-10,59000,2026-10-08,put,regular,25,0.3816,90,1620.0
2026-07-10,59250,2026-10-08,put,regular,17,0.3804,90,1675.0
2026-07-10,59500,2026-10-08,put,regular,5,0.3785,90,1725.0
2026-07-10,60000,2026-10-08,put,regular,1864,0.374,90,1820.0
2026-07-10,60500,2026-10-08,put,regular,100,0.3709,90,1935.0
2026-07-10,60750,2026-10-08,put,regular,9,0.3694,90,1995.0
2026-07-10,61000,2026-10-08,put,regular,200,0.3687,90,2065.0
2026-07-10,62000,2026-10-08,put,regular,14,0.3629,90,2330.0
2026-07-10,64000,2026-10-08,put,regular,700,0.3517,90,2945.0
2026-07-10,64750,2026-10-08,put,regular,1,0.3434,90,3155.0
2026-07-10,65000,2026-10-08,put,regular,850,0.342,90,3245.0
2026-07-10,67000,2026-10-08,put,regular,201,0.3331,90,4070.0
2026-07-10,68000,2026-10-08,put,regular,530,0.3257,90,4495.0
2026-07-10,68500,2026-10-08,put,regular,2,0.3242,90,4750.0
2026-07-10,69000,2026-10-08,put,regular,200,0.3228,90,5015.0
2026-07-10,70000,2026-10-08,put,regular,101,0.3195,90,5565.0
2026-07-10,72500,2026-10-08,put,regular,1,0.3161,90,7155.0
2026-07-10,25000,2026-11-12,put,regular,5,0.6807,125,32.0
2026-07-10,38000,2026-11-12,put,regular,1,0.5373,125,204.0
2026-07-10,40000,2026-11-12,put,regular,1,0.5173,125,258.0
2026-07-10,43000,2026-11-12,put,regular,1,0.489,125,365.0
2026-07-10,51000,2026-11-12,put,regular,100,0.4248,125,915.0
2026-07-10,53000,2026-11-12,put,regular,55,0.4084,125,1125.0
2026-07-10,53750,2026-11-12,put,regular,1,0.403,125,1220.0
2026-07-10,58000,2026-11-12,put,regular,100,0.3707,125,1880.0
2026-07-10,59500,2026-11-12,put,regular,250,0.3608,125,2195.0
2026-07-10,60000,2026-11-12,put,regular,120,0.3575,125,2310.0
2026-07-10,60500,2026-11-12,put,regular,100,0.3542,125,2430.0
2026-07-10,61000,2026-11-12,put,regular,200,0.3514,125,2560.0
2026-07-10,63000,2026-11-12,put,regular,100,0.3435,125,3190.0
2026-07-10,64000,2026-11-12,put,regular,560,0.3397,125,3545.0
2026-07-10,65000,2026-11-12,put,regular,100,0.3303,125,3845.0
2026-07-10,66000,2026-11-12,put,regular,150,0.3272,125,4265.0
2026-07-10,67000,2026-11-12,put,regular,350,0.3228,125,4695.0
2026-07-10,67500,2026-11-12,put,regular,4,0.3208,125,4925.0
2026-07-10,68500,2026-11-12,put,regular,328,0.3133,125,5350.0
2026-07-10,70000,2026-11-12,put,regular,460,0.3086,125,6150.0
2026-07-10,72500,2026-11-12,put,regular,330,0.3031,125,7675.0
2026-07-10,12500,2026-12-10,put,regular,289,0.9016,153,9.0
2026-07-10,13000,2026-12-10,put,regular,4,0.8809,153,9.0
2026-07-10,13500,2026-12-10,put,regular,100,0.8694,153,10.0
2026-07-10,14000,2026-12-10,put,regular,11,0.8501,153,10.0
2026-07-10,14500,2026-12-10,put,regular,1,0.8389,153,11.0
2026-07-10,14750,2026-12-10,put,regular,1,0.8297,153,11.0
2026-07-10,15000,2026-12-10,put,regular,5,0.8208,153,11.0
2026-07-10,16000,2026-12-10,put,regular,3,0.799,153,13.0
2026-07-10,17000,2026-12-10,put,regular,3,0.7771,153,15.0
2026-07-10,18000,2026-12-10,put,regular,153,0.7552,153,17.0
2026-07-10,19000,2026-12-10,put,regular,650,0.7376,153,20.0
2026-07-10,20000,2026-12-10,put,regular,2350,0.7227,153,24.0
2026-07-10,21000,2026-12-10,put,regular,350,0.7122,153,30.0
2026-07-10,21500,2026-12-10,put,regular,500,0.706,153,33.0
2026-07-10,22000,2026-12-10,put,regular,1715,0.6995,153,36.0
2026-07-10,22500,2026-12-10,put,regular,154,0.6947,153,40.0
2026-07-10,23000,2026-12-10,put,regular,2105,0.6893,153,44.0
2026-07-10,23500,2026-12-10,put,regular,127,0.6835,153,48.0
2026-07-10,24000,2026-12-10,put,regular,400,0.6773,153,52.0
2026-07-10,24500,2026-12-10,put,regular,250,0.6708,153,56.0
2026-07-10,24750,2026-12-10,put,regular,1,0.6674,153,58.0
2026-07-10,25000,2026-12-10,put,regular,2464,0.6655,153,61.0
2026-07-10,25250,2026-12-10,put,regular,1,0.662,153,63.0
2026-07-10,25500,2026-12-10,put,regular,2,0.6597,153,66.0
2026-07-10,26000,2026-12-10,put,regular,1425,0.6537,153,71.0
2026-07-10,26500,2026-12-10,put,regular,1,0.6428,153,72.0
2026-07-10,27000,2026-12-10,put,regular,2630,0.6343,153,75.0
2026-07-10,27500,2026-12-10,put,regular,25,0.6258,153,78.0
2026-07-10,27750,2026-12-10,put,regular,72,0.6221,153,80.0
2026-07-10,28000,2026-12-10,put,regular,1326,0.6174,153,81.0
2026-07-10,28500,2026-12-10,put,regular,400,0.6089,153,84.0
2026-07-10,29000,2026-12-10,put,regular,1450,0.6005,153,87.0
2026-07-10,30000,2026-12-10,put,regular,5997,0.5839,153,93.0
2026-07-10,30500,2026-12-10,put,regular,51,0.5756,153,96.0
2026-07-10,31000,2026-12-10,put,regular,2257,0.5665,153,98.0
2026-07-10,31500,2026-12-10,put,regular,350,0.5623,153,106.0
2026-07-10,32000,2026-12-10,put,regular,4655,0.5577,153,114.0
2026-07-10,32250,2026-12-10,put,regular,600,0.5553,153,118.0
2026-07-10,32500,2026-12-10,put,regular,900,0.5529,153,122.0
2026-07-10,32750,2026-12-10,put,regular,20,0.551,153,127.0
2026-07-10,33000,2026-12-10,put,regular,3362,0.5484,153,131.0
2026-07-10,33250,2026-12-10,put,regular,37,0.5464,153,136.0
2026-07-10,33500,2026-12-10,put,regular,72,0.5443,153,141.0
2026-07-10,34000,2026-12-10,put,regular,2820,0.5398,153,151.0
2026-07-10,34500,2026-12-10,put,regular,560,0.5351,153,161.0
2026-07-10,34750,2026-12-10,put,regular,1,0.5332,153,167.0
2026-07-10,35000,2026-12-10,put,regular,5064,0.5307,153,172.0
2026-07-10,36000,2026-12-10,put,regular,2935,0.5224,153,197.0
2026-07-10,36500,2026-12-10,put,regular,225,0.518,153,210.0
2026-07-10,36750,2026-12-10,put,regular,400,0.5155,153,216.0
2026-07-10,37000,2026-12-10,put,regular,2537,0.5138,153,224.0
2026-07-10,37500,2026-12-10,put,regular,188,0.5093,153,238.0
2026-07-10,37750,2026-12-10,put,regular,100,0.5074,153,246.0
2026-07-10,38000,2026-12-10,put,regular,2686,0.505,153,253.0
2026-07-10,38500,2026-12-10,put,regular,1150,0.5008,153,269.0
2026-07-10,38750,2026-12-10,put,regular,50,0.4989,153,278.0
2026-07-10,39000,2026-12-10,put,regular,2505,0.4966,153,286.0
2026-07-10,39250,2026-12-10,put,regular,650,0.4946,153,295.0
2026-07-10,39500,2026-12-10,put,regular,1008,0.4929,153,305.0
2026-07-10,40000,2026-12-10,put,regular,6177,0.4891,153,325.0
2026-07-10,40250,2026-12-10,put,regular,5,0.4871,153,335.0
2026-07-10,40500,2026-12-10,put,regular,1469,0.4851,153,345.0
2026-07-10,41000,2026-12-10,put,regular,1825,0.4808,153,365.0
2026-07-10,41250,2026-12-10,put,regular,3,0.4785,153,375.0
2026-07-10,41500,2026-12-10,put,regular,101,0.4762,153,385.0
2026-07-10,42000,2026-12-10,put,regular,3599,0.4728,153,410.0
2026-07-10,42500,2026-12-10,put,regular,300,0.469,153,435.0
2026-07-10,43000,2026-12-10,put,regular,1690,0.4649,153,460.0
2026-07-10,43500,2026-12-10,put,regular,100,0.4606,153,485.0
2026-07-10,43750,2026-12-10,put,regular,8,0.4589,153,500.0
2026-07-10,44000,2026-12-10,put,regular,3390,0.4572,153,515.0
2026-07-10,45000,2026-12-10,put,regular,3048,0.4494,153,575.0
2026-07-10,45250,2026-12-10,put,regular,51,0.4473,153,590.0
2026-07-10,45500,2026-12-10,put,regular,350,0.4451,153,605.0
2026-07-10,46000,2026-12-10,put,regular,3757,0.4415,153,640.0
2026-07-10,46500,2026-12-10,put,regular,2,0.4376,153,675.0
2026-07-10,47000,2026-12-10,put,regular,2846,0.4335,153,710.0
2026-07-10,47500,2026-12-10,put,regular,1077,0.43,153,750.0
2026-07-10,48000,2026-12-10,put,regular,4124,0.4261,153,790.0
2026-07-10,48500,2026-12-10,put,regular,300,0.4242,153,845.0
2026-07-10,49000,2026-12-10,put,regular,3177,0.4225,153,905.0
2026-07-10,49500,2026-12-10,put,regular,2717,0.4218,153,975.0
2026-07-10,50000,2026-12-10,put,regular,6363,0.4193,153,1035.0
2026-07-10,50250,2026-12-10,put,regular,16,0.4167,153,1055.0
2026-07-10,50500,2026-12-10,put,regular,635,0.4153,153,1085.0
2026-07-10,50750,2026-12-10,put,regular,45,0.4132,153,1110.0
2026-07-10,51000,2026-12-10,put,regular,1680,0.411,153,1135.0
2026-07-10,51500,2026-12-10,put,regular,20,0.4071,153,1190.0
2026-07-10,52000,2026-12-10,put,regular,2275,0.4034,153,1250.0
2026-07-10,52250,2026-12-10,put,regular,525,0.401,153,1275.0
2026-07-10,52500,2026-12-10,put,regular,117,0.3985,153,1300.0
2026-07-10,53000,2026-12-10,put,regular,1398,0.3938,153,1355.0
2026-07-10,53250,2026-12-10,put,regular,186,0.3912,153,1380.0
2026-07-10,53500,2026-12-10,put,regular,205,0.3895,153,1415.0
2026-07-10,53750,2026-12-10,put,regular,4,0.3877,153,1450.0
2026-07-10,54000,2026-12-10,put,regular,2140,0.3864,153,1490.0
2026-07-10,54500,2026-12-10,put,regular,440,0.383,153,1565.0
2026-07-10,55000,2026-12-10,put,regular,3912,0.3793,153,1640.0
2026-07-10,55500,2026-12-10,put,regular,100,0.3758,153,1720.0
2026-07-10,56000,2026-12-10,put,regular,2126,0.3724,153,1805.0
2026-07-10,56500,2026-12-10,put,regular,151,0.3696,153,1900.0
2026-07-10,57000,2026-12-10,put,regular,1215,0.3665,153,1995.0
2026-07-10,57500,2026-12-10,put,regular,850,0.3626,153,2085.0
2026-07-10,58000,2026-12-10,put,regular,1497,0.3601,153,2195.0
2026-07-10,58500,2026-12-10,put,regular,450,0.356,153,2290.0
2026-07-10,59000,2026-12-10,put,regular,2290,0.3539,153,2415.0
2026-07-10,59500,2026-12-10,put,regular,250,0.35,153,2520.0
2026-07-10,60000,2026-12-10,put,regular,7345,0.3483,153,2660.0
2026-07-10,61000,2026-12-10,put,regular,1350,0.342,153,2915.0
2026-07-10,61500,2026-12-10,put,regular,2,0.3408,153,3080.0
2026-07-10,62000,2026-12-10,put,regular,2231,0.3396,153,3250.0
2026-07-10,62250,2026-12-10,put,regular,350,0.3392,153,3340.0
2026-07-10,62500,2026-12-10,put,regular,385,0.3383,153,3425.0
2026-07-10,63000,2026-12-10,put,regular,1501,0.335,153,3575.0
2026-07-10,63750,2026-12-10,put,regular,25,0.3335,153,3865.0
2026-07-10,64000,2026-12-10,put,regular,1055,0.3323,153,3955.0
2026-07-10,65000,2026-12-10,put,regular,2740,0.3242,153,4270.0
2026-07-10,65500,2026-12-10,put,regular,580,0.3218,153,4465.0
2026-07-10,66000,2026-12-10,put,regular,100,0.3197,153,4670.0
2026-07-10,67000,2026-12-10,put,regular,856,0.3159,153,5110.0
2026-07-10,67250,2026-12-10,put,regular,25,0.315,153,5225.0
2026-07-10,67500,2026-12-10,put,regular,25,0.3143,153,5345.0
2026-07-10,68000,2026-12-10,put,regular,1725,0.3123,153,5580.0
2026-07-10,68500,2026-12-10,put,regular,3,0.3071,153,5765.0
2026-07-10,68750,2026-12-10,put,regular,100,0.3059,153,5885.0
2026-07-10,69000,2026-12-10,put,regular,1470,0.3054,153,6020.0
2026-07-10,70000,2026-12-10,put,regular,1644,0.3023,153,6555.0
2026-07-10,71000,2026-12-10,put,regular,31,0.2996,153,7125.0
2026-07-10,72000,2026-12-10,put,regular,120,0.2966,153,7720.0
2026-07-10,72500,2026-12-10,put,regular,320,0.2977,153,8070.0
2026-07-10,76000,2026-12-10,put,regular,300,0.2901,153,10455.0
2026-07-10,80000,2026-12-10,put,regular,3700,0.2797,153,13520.0
2026-07-10,44000,2027-01-07,put,regular,331,0.4456,181,655.0
2026-07-10,45000,2027-01-07,put,regular,150,0.4381,181,725.0
2026-07-10,48000,2027-01-07,put,regular,200,0.4117,181,940.0
2026-07-10,47000,2027-02-10,put,regular,125,0.4265,215,1210.0
2026-07-10,29000,2027-03-11,put,regular,1,0.5406,244,201.0
2026-07-10,33000,2027-03-11,put,regular,113,0.5063,244,320.0
2026-07-10,35000,2027-03-11,put,regular,600,0.4896,244,395.0
2026-07-10,37000,2027-03-11,put,regular,500,0.4728,244,480.0
2026-07-10,38000,2027-03-11,put,regular,265,0.465,244,530.0
2026-07-10,40000,2027-03-11,put,regular,470,0.4451,244,615.0
2026-07-10,41000,2027-03-11,put,regular,250,0.4367,244,670.0
2026-07-10,42000,2027-03-11,put,regular,749,0.4293,244,735.0
2026-07-10,42500,2027-03-11,put,regular,200,0.4265,244,775.0
2026-07-10,43000,2027-03-11,put,regular,62,0.4227,244,810.0
2026-07-10,43500,2027-03-11,put,regular,66,0.4194,244,850.0
2026-07-10,44000,2027-03-11,put,regular,450,0.416,244,890.0
2026-07-10,45000,2027-03-11,put,regular,698,0.4097,244,980.0
2026-07-10,46000,2027-03-11,put,regular,116,0.4033,244,1075.0
2026-07-10,47000,2027-03-11,put,regular,800,0.3968,244,1175.0
2026-07-10,48000,2027-03-11,put,regular,299,0.3909,244,1290.0
2026-07-10,48500,2027-03-11,put,regular,51,0.3875,244,1345.0
2026-07-10,49000,2027-03-11,put,regular,100,0.3848,244,1410.0
2026-07-10,50000,2027-03-11,put,regular,1270,0.3788,244,1540.0
2026-07-10,50250,2027-03-11,put,regular,108,0.3774,244,1575.0
2026-07-10,51000,2027-03-11,put,regular,24,0.3733,244,1685.0
2026-07-10,51250,2027-03-11,put,regular,105,0.3717,244,1720.0
2026-07-10,52000,2027-03-11,put,regular,1470,0.3674,244,1835.0
2026-07-10,53000,2027-03-11,put,regular,525,0.3622,244,2005.0
2026-07-10,53500,2027-03-11,put,regular,200,0.3596,244,2095.0
2026-07-10,54000,2027-03-11,put,regular,224,0.3569,244,2185.0
2026-07-10,55000,2027-03-11,put,regular,400,0.3517,244,2380.0
2026-07-10,55500,2027-03-11,put,regular,100,0.3493,244,2485.0
2026-07-10,56000,2027-03-11,put,regular,401,0.3466,244,2590.0
2026-07-10,56250,2027-03-11,put,regular,120,0.3457,244,2650.0
2026-07-10,57000,2027-03-11,put,regular,950,0.3419,244,2820.0
2026-07-10,58000,2027-03-11,put,regular,1600,0.3384,244,3085.0
2026-07-10,59500,2027-03-11,put,regular,203,0.3319,244,3495.0
2026-07-10,60000,2027-03-11,put,regular,1150,0.3289,244,3625.0
2026-07-10,61000,2027-03-11,put,regular,160,0.3245,244,3925.0
2026-07-10,62000,2027-03-11,put,regular,200,0.3203,244,4250.0
2026-07-10,62500,2027-03-11,put,regular,101,0.3187,244,4430.0
2026-07-10,63000,2027-03-11,put,regular,992,0.3164,244,4600.0
2026-07-10,64000,2027-03-11,put,regular,800,0.3128,244,4975.0
2026-07-10,66000,2027-03-11,put,regular,200,0.306,244,5800.0
2026-07-10,66500,2027-03-11,put,regular,6,0.3048,244,6030.0
2026-07-10,67000,2027-03-11,put,regular,150,0.3031,244,6255.0
2026-07-10,68000,2027-03-11,put,regular,130,0.3003,244,6735.0
2026-07-10,69000,2027-03-11,put,regular,350,0.2978,244,7245.0
2026-07-10,70000,2027-03-11,put,regular,216,0.296,244,7795.0
2026-07-10,72000,2027-03-11,put,regular,100,0.2901,244,8910.0
2026-07-10,12500,2027-06-10,put,regular,10,0.6622,335,21.0
2026-07-10,14500,2027-06-10,put,regular,4,0.6494,335,40.0
2026-07-10,15000,2027-06-10,put,regular,1,0.6443,335,45.0
2026-07-10,16250,2027-06-10,put,regular,167,0.6328,335,60.0
2026-07-10,23000,2027-06-10,put,regular,140,0.5688,335,185.0
2026-07-10,24000,2027-06-10,put,regular,100,0.5521,335,194.0
2026-07-10,25000,2027-06-10,put,regular,250,0.5337,335,198.0
2026-07-10,26000,2027-06-10,put,regular,200,0.5159,335,202.0
2026-07-10,28000,2027-06-10,put,regular,895,0.4823,335,210.0
2026-07-10,28500,2027-06-10,put,regular,100,0.4739,335,211.0
2026-07-10,29000,2027-06-10,put,regular,66,0.4711,335,227.0
2026-07-10,30000,2027-06-10,put,regular,275,0.4655,335,262.0
2026-07-10,31000,2027-06-10,put,regular,100,0.4599,335,300.0
2026-07-10,31500,2027-06-10,put,regular,1,0.4583,335,325.0
2026-07-10,32000,2027-06-10,put,regular,250,0.4551,335,345.0
2026-07-10,33000,2027-06-10,put,regular,150,0.4492,335,390.0
2026-07-10,34000,2027-06-10,put,regular,750,0.4436,335,440.0
2026-07-10,35000,2027-06-10,put,regular,1327,0.4391,335,500.0
2026-07-10,35500,2027-06-10,put,regular,145,0.4365,335,530.0
2026-07-10,36000,2027-06-10,put,regular,300,0.4336,335,560.0
2026-07-10,37000,2027-06-10,put,regular,50,0.4282,335,625.0
2026-07-10,38000,2027-06-10,put,regular,200,0.4228,335,695.0
2026-07-10,38500,2027-06-10,put,regular,140,0.4205,335,735.0
2026-07-10,39000,2027-06-10,put,regular,50,0.418,335,775.0
2026-07-10,39500,2027-06-10,put,regular,101,0.4153,335,815.0
2026-07-10,40000,2027-06-10,put,regular,1095,0.413,335,860.0
2026-07-10,41000,2027-06-10,put,regular,100,0.4079,335,950.0
2026-07-10,42000,2027-06-10,put,regular,300,0.4037,335,1055.0
2026-07-10,42500,2027-06-10,put,regular,61,0.4031,335,1125.0
2026-07-10,43000,2027-06-10,put,regular,35,0.4002,335,1175.0
2026-07-10,44000,2027-06-10,put,regular,196,0.3949,335,1285.0
2026-07-10,45000,2027-06-10,put,regular,720,0.3894,335,1400.0
2026-07-10,46000,2027-06-10,put,regular,773,0.3829,335,1510.0
2026-07-10,47000,2027-06-10,put,regular,201,0.3768,335,1630.0
2026-07-10,47750,2027-06-10,put,regular,100,0.3729,335,1735.0
2026-07-10,48000,2027-06-10,put,regular,804,0.3716,335,1770.0
2026-07-10,49000,2027-06-10,put,regular,300,0.3665,335,1920.0
2026-07-10,50000,2027-06-10,put,regular,1317,0.3614,335,2080.0
2026-07-10,50500,2027-06-10,put,regular,175,0.359,335,2165.0
2026-07-10,51250,2027-06-10,put,regular,3,0.3555,335,2300.0
2026-07-10,52000,2027-06-10,put,regular,1070,0.352,335,2440.0
2026-07-10,52250,2027-06-10,put,regular,86,0.3509,335,2490.0
2026-07-10,52500,2027-06-10,put,regular,57,0.3498,335,2540.0
2026-07-10,53000,2027-06-10,put,regular,720,0.3475,335,2640.0
2026-07-10,53500,2027-06-10,put,regular,1,0.3453,335,2745.0
2026-07-10,53750,2027-06-10,put,regular,35,0.3443,335,2800.0
2026-07-10,54000,2027-06-10,put,regular,1402,0.3432,335,2855.0
2026-07-10,55000,2027-06-10,put,regular,1350,0.339,335,3085.0
2026-07-10,56000,2027-06-10,put,regular,185,0.3349,335,3330.0
2026-07-10,56500,2027-06-10,put,regular,40,0.333,335,3460.0
2026-07-10,57000,2027-06-10,put,regular,675,0.3319,335,3610.0
2026-07-10,57750,2027-06-10,put,regular,103,0.3287,335,3810.0
2026-07-10,58000,2027-06-10,put,regular,117,0.3279,335,3885.0
2026-07-10,59000,2027-06-10,put,regular,400,0.3241,335,4180.0
2026-07-10,59500,2027-06-10,put,regular,112,0.3227,335,4345.0
2026-07-10,60000,2027-06-10,put,regular,845,0.3203,335,4490.0
2026-07-10,61000,2027-06-10,put,regular,3,0.3166,335,4820.0
2026-07-10,62000,2027-06-10,put,regular,805,0.3133,335,5175.0
2026-07-10,63000,2027-06-10,put,regular,225,0.3104,335,5555.0
2026-07-10,64000,2027-06-10,put,regular,150,0.3073,335,5950.0
2026-07-10,64750,2027-06-10,put,regular,95,0.3046,335,6250.0
2026-07-10,65000,2027-06-10,put,regular,1186,0.3046,335,6375.0
2026-07-10,65500,2027-06-10,put,regular,26,0.3027,335,6580.0
2026-07-10,67000,2027-06-10,put,regular,220,0.2996,335,7290.0
2026-07-10,67500,2027-06-10,put,regular,100,0.2978,335,7515.0
2026-07-10,68000,2027-06-10,put,regular,450,0.2967,335,7765.0
2026-07-10,69000,2027-06-10,put,regular,15,0.2948,335,8285.0
2026-07-10,70000,2027-06-10,put,regular,500,0.2926,335,8820.0
2026-07-10,72000,2027-06-10,put,regular,100,0.2887,335,9955.0
2026-07-10,77500,2027-06-10,put,regular,150,0.2799,335,13520.0
2026-07-10,50000,2027-09-09,put,regular,25,0.3482,426,2555.0
2026-07-10,54250,2027-09-09,put,regular,200,0.3302,426,3465.0
2026-07-10,58000,2027-09-09,put,regular,1,0.3164,426,4490.0
2026-07-10,68250,2027-09-09,put,regular,200,0.2909,426,8700.0
2026-07-10,68750,2027-09-09,put,regular,81,0.2905,426,8975.0
2026-07-10,12500,2027-12-09,put,regular,5,0.466,517,5.0
2026-07-10,13000,2027-12-09,put,regular,1,0.4625,517,6.0
2026-07-10,16000,2027-12-09,put,regular,350,0.463,517,24.0
2026-07-10,19000,2027-12-09,put,regular,300,0.462,517,67.0
2026-07-10,20000,2027-12-09,put,regular,400,0.4612,517,89.0
2026-07-10,21000,2027-12-09,put,regular,50,0.4615,517,118.0
2026-07-10,22000,2027-12-09,put,regular,408,0.4613,517,152.0
2026-07-10,22500,2027-12-09,put,regular,36,0.461,517,171.0
2026-07-10,23000,2027-12-09,put,regular,132,0.4612,517,193.0
2026-07-10,23750,2027-12-09,put,regular,39,0.4609,517,228.0
2026-07-10,24000,2027-12-09,put,regular,1721,0.4609,517,241.0
2026-07-10,25000,2027-12-09,put,regular,1210,0.4607,517,297.0
2026-07-10,26000,2027-12-09,put,regular,200,0.4614,517,365.0
2026-07-10,26500,2027-12-09,put,regular,100,0.461,517,400.0
2026-07-10,27000,2027-12-09,put,regular,1300,0.4613,517,440.0
2026-07-10,28000,2027-12-09,put,regular,1575,0.4528,517,480.0
2026-07-10,29000,2027-12-09,put,regular,350,0.4376,517,485.0
2026-07-10,29500,2027-12-09,put,regular,249,0.4307,517,490.0
2026-07-10,30000,2027-12-09,put,regular,2445,0.4247,517,500.0
2026-07-10,31000,2027-12-09,put,regular,1750,0.4105,517,505.0
2026-07-10,31500,2027-12-09,put,regular,204,0.4039,517,510.0
2026-07-10,32000,2027-12-09,put,regular,1425,0.3975,517,515.0
2026-07-10,32250,2027-12-09,put,regular,30,0.3963,517,530.0
2026-07-10,32750,2027-12-09,put,regular,35,0.3946,517,565.0
2026-07-10,33000,2027-12-09,put,regular,450,0.3933,517,580.0
2026-07-10,34000,2027-12-09,put,regular,1569,0.3897,517,655.0
2026-07-10,34500,2027-12-09,put,regular,100,0.3873,517,690.0
2026-07-10,35000,2027-12-09,put,regular,1450,0.3854,517,730.0
2026-07-10,35500,2027-12-09,put,regular,40,0.3838,517,775.0
2026-07-10,36000,2027-12-09,put,regular,1130,0.3815,517,815.0
2026-07-10,36500,2027-12-09,put,regular,300,0.3796,517,860.0
2026-07-10,37000,2027-12-09,put,regular,1150,0.3781,517,910.0
2026-07-10,38000,2027-12-09,put,regular,1175,0.3744,517,1010.0
2026-07-10,39000,2027-12-09,put,regular,800,0.3706,517,1115.0
2026-07-10,39500,2027-12-09,put,regular,50,0.3686,517,1170.0
2026-07-10,40000,2027-12-09,put,regular,2950,0.367,517,1230.0
2026-07-10,40500,2027-12-09,put,regular,450,0.3651,517,1290.0
2026-07-10,42000,2027-12-09,put,regular,450,0.3599,517,1485.0
2026-07-10,43000,2027-12-09,put,regular,240,0.3564,517,1625.0
2026-07-10,44000,2027-12-09,put,regular,100,0.3529,517,1775.0
2026-07-10,45000,2027-12-09,put,regular,1675,0.3496,517,1935.0
2026-07-10,46000,2027-12-09,put,regular,700,0.3462,517,2105.0
2026-07-10,47000,2027-12-09,put,regular,250,0.3429,517,2285.0
2026-07-10,47500,2027-12-09,put,regular,35,0.341,517,2375.0
2026-07-10,48000,2027-12-09,put,regular,615,0.3396,517,2475.0
2026-07-10,49000,2027-12-09,put,regular,700,0.3362,517,2675.0
2026-07-10,50000,2027-12-09,put,regular,2915,0.3331,517,2890.0
2026-07-10,51000,2027-12-09,put,regular,350,0.3299,517,3115.0
2026-07-10,52000,2027-12-09,put,regular,500,0.3267,517,3350.0
2026-07-10,53000,2027-12-09,put,regular,802,0.3236,517,3600.0
2026-07-10,54000,2027-12-09,put,regular,275,0.3206,517,3865.0
2026-07-10,54500,2027-12-09,put,regular,400,0.319,517,4000.0
2026-07-10,55000,2027-12-09,put,regular,1062,0.3175,517,4140.0
2026-07-10,55500,2027-12-09,put,regular,75,0.3161,517,4285.0
2026-07-10,56000,2027-12-09,put,regular,270,0.3147,517,4435.0
2026-07-10,57000,2027-12-09,put,regular,220,0.3118,517,4740.0
2026-07-10,58000,2027-12-09,put,regular,1000,0.3089,517,5060.0
2026-07-10,58500,2027-12-09,put,regular,210,0.3075,517,5225.0
2026-07-10,59000,2027-12-09,put,regular,65,0.3063,517,5400.0
2026-07-10,60000,2027-12-09,put,regular,500,0.3035,517,5750.0
2026-07-10,62000,2027-12-09,put,regular,100,0.2984,517,6510.0
2026-07-10,63000,2027-12-09,put,regular,100,0.2961,517,6920.0
2026-07-10,63500,2027-12-09,put,regular,50,0.295,517,7130.0
2026-07-10,64000,2027-12-09,put,regular,130,0.2938,517,7345.0
2026-07-10,65000,2027-12-09,put,regular,700,0.2917,517,7790.0
2026-07-10,66000,2027-12-09,put,regular,600,0.2896,517,8255.0
2026-07-10,67000,2027-12-09,put,regular,100,0.2876,517,8735.0
2026-07-10,68000,2027-12-09,put,regular,200,0.2858,517,9240.0
2026-07-10,69000,2027-12-09,put,regular,750,0.2885,517,9905.0
2026-07-10,70000,2027-12-09,put,regular,300,0.287,517,10450.0
2026-07-10,75000,2027-12-09,put,regular,175,0.2797,517,13425.0
2026-07-10,15000,2028-06-08,put,regular,3,0.4099,699,21.0
2026-07-10,25000,2028-06-08,put,regular,630,0.4085,699,350.0
2026-07-10,26000,2028-06-08,put,regular,250,0.4079,699,420.0
2026-07-10,27000,2028-06-08,put,regular,100,0.4082,699,505.0
2026-07-10,30000,2028-06-08,put,regular,300,0.3985,699,740.0
2026-07-10,32000,2028-06-08,put,regular,250,0.3894,699,905.0
2026-07-10,33000,2028-06-08,put,regular,100,0.3849,699,995.0
2026-07-10,35000,2028-06-08,put,regular,200,0.3762,699,1195.0
2026-07-10,41500,2028-06-08,put,regular,100,0.3502,699,2040.0
2026-07-10,45000,2028-06-08,put,regular,15,0.3378,699,2645.0
2026-07-10,48000,2028-06-08,put,regular,300,0.3275,699,3255.0
2026-07-10,50000,2028-06-08,put,regular,150,0.3212,699,3720.0
2026-07-10,54000,2028-06-08,put,regular,100,0.3094,699,4795.0
2026-07-10,60000,2028-06-08,put,regular,250,0.294,699,6820.0
2026-07-10,12000,2028-12-07,put,regular,300,0.4095,881,17.0
2026-07-10,16000,2028-12-07,put,regular,1950,0.4083,881,78.0
2026-07-10,18000,2028-12-07,put,regular,100,0.4078,881,139.0
2026-07-10,20000,2028-12-07,put,regular,200,0.4074,881,228.0
2026-07-10,23000,2028-12-07,put,regular,100,0.4077,881,430.0
2026-07-10,23500,2028-12-07,put,regular,38,0.4073,881,470.0
2026-07-10,24000,2028-12-07,put,regular,1000,0.4074,881,515.0
2026-07-10,25000,2028-12-07,put,regular,800,0.407,881,610.0
2026-07-10,27000,2028-12-07,put,regular,120,0.4066,881,835.0
2026-07-10,28000,2028-12-07,put,regular,1250,0.4063,881,965.0
2026-07-10,30000,2028-12-07,put,regular,350,0.4045,881,1245.0
2026-07-10,31000,2028-12-07,put,regular,400,0.3993,881,1350.0
2026-07-10,32000,2028-12-07,put,regular,850,0.3942,881,1460.0
2026-07-10,32250,2028-12-07,put,regular,51,0.3931,881,1490.0
2026-07-10,33000,2028-12-07,put,regular,125,0.3892,881,1575.0
2026-07-10,34000,2028-12-07,put,regular,775,0.3843,881,1695.0
2026-07-10,34750,2028-12-07,put,regular,100,0.381,881,1795.0
2026-07-10,35000,2028-12-07,put,regular,955,0.3797,881,1825.0
2026-07-10,36000,2028-12-07,put,regular,2750,0.3751,881,1960.0
2026-07-10,37000,2028-12-07,put,regular,580,0.3707,881,2105.0
2026-07-10,38000,2028-12-07,put,regular,2860,0.3661,881,2250.0
2026-07-10,39000,2028-12-07,put,regular,50,0.362,881,2410.0
2026-07-10,40000,2028-12-07,put,regular,1210,0.3576,881,2570.0
2026-07-10,42000,2028-12-07,put,regular,350,0.3497,881,2925.0
2026-07-10,43000,2028-12-07,put,regular,100,0.3459,881,3115.0
2026-07-10,45000,2028-12-07,put,regular,100,0.3382,881,3515.0
2026-07-10,48000,2028-12-07,put,regular,600,0.3274,881,4190.0
2026-07-10,50000,2028-12-07,put,regular,1600,0.321,881,4700.0
2026-07-10,51000,2028-12-07,put,regular,150,0.3176,881,4965.0
2026-07-10,53000,2028-12-07,put,regular,50,0.3116,881,5540.0
2026-07-10,55000,2028-12-07,put,regular,610,0.3057,881,6160.0
2026-07-10,56000,2028-12-07,put,regular,400,0.303,881,6490.0
2026-07-10,57000,2028-12-07,put,regular,150,0.3002,881,6830.0
2026-07-10,60000,2028-12-07,put,regular,100,0.2925,881,7940.0
2026-07-10,65000,2028-12-07,put,regular,400,0.2807,881,10050.0
2026-07-10,68000,2028-12-07,put,regular,100,0.2744,881,11490.0
2026-07-10,70000,2028-12-07,put,regular,100,0.2706,881,12525.0
2026-07-10,75000,2028-12-07,call,regular,80,0.4311,881,15355.0
2026-07-10,15000,2029-06-07,call,regular,1,0.2,1063,109.0
2026-07-10,15000,2029-12-13,call,regular,1,0.2,1252,148.0
2026-07-10,23250,2029-12-13,call,regular,40,0.2,1252,820.0
2026-07-10,32000,2029-12-13,call,regular,113,0.2,1252,2085.0
2026-07-10,34250,2029-12-13,call,regular,6,0.2,1252,2425.0
2026-07-10,44000,2029-12-13,call,regular,100,0.2,1252,4305.0
2026-07-10,70000,2029-12-13,call,regular,100,0.2991,1252,14015.0
2026-07-10,19000,2030-06-13,call,regular,2,0.2,1434,450.0
2026-07-10,23500,2030-12-12,call,regular,100,0.2,1616,710.0
2026-07-10,31750,2030-12-12,call,regular,74,0.2,1616,1890.0
2026-07-10,34000,2030-12-12,call,regular,24,0.2,1616,2245.0
2026-07-10,44000,2030-12-12,call,regular,80,0.2,1616,4290.0
2026-07-10,49500,2030-12-12,call,regular,100,0.2,1616,5790.0
2026-07-10,64000,2030-12-12,call,regular,3,0.1662,1616,11275.0
2026-07-10,31500,2031-12-11,call,regular,52,0.2,1980,1930.0
2026-07-10,68000,2031-12-11,call,regular,100,0.2185,1980,13650.0
2026-07-10,31250,2032-12-09,call,regular,40,0.2,2344,1910.0
2026-07-10,42750,2026-08-13,call,regular,27,0.8284,34,25180.0
2026-07-10,49000,2026-08-13,call,regular,27,0.6515,34,18995.0
2026-07-10,56000,2026-08-13,call,regular,1,0.503,34,12235.0
2026-07-10,58000,2026-08-13,call,regular,850,0.47,34,10385.0
2026-07-10,59500,2026-08-13,call,regular,20,0.4474,34,9040.0
2026-07-10,59750,2026-08-13,call,regular,50,0.4438,34,8820.0
2026-07-10,60000,2026-08-13,call,regular,227,0.4419,34,8610.0
2026-07-10,60500,2026-08-13,call,regular,120,0.4335,34,8170.0
2026-07-10,61000,2026-08-13,call,regular,402,0.427,34,7745.0
2026-07-10,61500,2026-08-13,call,regular,200,0.4211,34,7330.0
2026-07-10,62000,2026-08-13,call,regular,104,0.415,34,6920.0
2026-07-10,62500,2026-08-13,call,regular,15,0.4047,34,6490.0
2026-07-10,63000,2026-08-13,call,regular,2130,0.3988,34,6095.0
2026-07-10,63375,2026-08-13,call,regular,5,0.3997,34,5840.0
2026-07-10,63625,2026-08-13,call,regular,5,0.3975,34,5655.0
2026-07-10,63750,2026-08-13,call,regular,5,0.3953,34,5555.0
2026-07-10,63875,2026-08-13,call,regular,10,0.3951,34,5470.0
2026-07-10,64000,2026-08-13,call,regular,425,0.3913,34,5360.0
2026-07-10,64125,2026-08-13,call,regular,30,0.3923,34,5285.0
2026-07-10,64250,2026-08-13,call,regular,20,0.3898,34,5185.0
2026-07-10,64375,2026-08-13,call,regular,20,0.3899,34,5105.0
2026-07-10,64500,2026-08-13,call,regular,11,0.3865,34,5000.0
2026-07-10,64625,2026-08-13,call,regular,15,0.3871,34,4925.0
2026-07-10,64750,2026-08-13,call,regular,10,0.385,34,4830.0
2026-07-10,64875,2026-08-13,call,regular,15,0.3847,34,4750.0
2026-07-10,65000,2026-08-13,call,regular,796,0.3817,34,4650.0
2026-07-10,65125,2026-08-13,call,regular,15,0.3819,34,4575.0
2026-07-10,65250,2026-08-13,call,regular,15,0.3794,34,4480.0
2026-07-10,65375,2026-08-13,call,regular,20,0.3795,34,4405.0
2026-07-10,65500,2026-08-13,call,regular,20,0.3788,34,4325.0
2026-07-10,65625,2026-08-13,call,regular,10,0.3773,34,4240.0
2026-07-10,65750,2026-08-13,call,regular,455,0.3745,34,4145.0
2026-07-10,66000,2026-08-13,call,regular,118,0.3737,34,3995.0
2026-07-10,66250,2026-08-13,call,regular,2,0.3694,34,3820.0
2026-07-10,66375,2026-08-13,call,regular,2,0.3699,34,3755.0
2026-07-10,66500,2026-08-13,call,regular,4,0.3684,34,3675.0
2026-07-10,66750,2026-08-13,call,regular,11995000,0.3671,34,3530.0
2026-07-10,67000,2026-08-13,call,regular,280,0.3654,34,3385.0
2026-07-10,67250,2026-08-13,call,regular,16550000,0.3608,34,3220.0
2026-07-10,67500,2026-08-13,call,regular,1,0.3595,34,3085.0
2026-07-10,67625,2026-08-13,call,regular,2,0.3597,34,3025.0
2026-07-10,67750,2026-08-13,call,regular,226,0.3573,34,2945.0
2026-07-10,68000,2026-08-13,call,regular,735,0.3546,34,2805.0
2026-07-10,68250,2026-08-13,call,regular,258,0.3539,34,2685.0
2026-07-10,68500,2026-08-13,call,regular,2,0.3528,34,2565.0
2026-07-10,68750,2026-08-13,call,regular,86,0.3489,34,2425.0
2026-07-10,69000,2026-08-13,call,regular,443,0.347,34,2305.0
2026-07-10,69125,2026-08-13,call,regular,10,0.3477,34,2260.0
2026-07-10,69250,2026-08-13,call,regular,4140000,0.3471,34,2205.0
2026-07-10,69375,2026-08-13,call,regular,1,0.3458,34,2145.0
2026-07-10,69500,2026-08-13,call,regular,134,0.3438,34,2080.0
2026-07-10,69750,2026-08-13,call,regular,1,0.3456,34,2000.0
2026-07-10,70000,2026-08-13,call,regular,1732,0.3451,34,1905.0
2026-07-10,70125,2026-08-13,call,regular,1425000,0.3425,34,1840.0
2026-07-10,70250,2026-08-13,call,regular,2730000,0.3436,34,1805.0
2026-07-10,70375,2026-08-13,call,regular,26,0.3414,34,1745.0
2026-07-10,70500,2026-08-13,call,regular,7,0.339,34,1685.0
2026-07-10,70750,2026-08-13,call,regular,1,0.3412,34,1620.0
2026-07-10,71000,2026-08-13,call,regular,377,0.3429,34,1555.0
2026-07-10,71250,2026-08-13,call,regular,75,0.3397,34,1455.0
2026-07-10,71500,2026-08-13,call,regular,14,0.3359,34,1355.0
2026-07-10,71750,2026-08-13,call,regular,920000,0.3379,34,1300.0
2026-07-10,72000,2026-08-13,call,regular,716,0.3346,34,1210.0
2026-07-10,72125,2026-08-13,call,regular,15,0.3356,34,1185.0
2026-07-10,72250,2026-08-13,call,regular,2,0.3365,34,1160.0
2026-07-10,72500,2026-08-13,call,regular,652,0.3373,34,1105.0
2026-07-10,72750,2026-08-13,call,regular,2,0.3349,34,1030.0
2026-07-10,73000,2026-08-13,call,regular,217,0.335,34,975.0
2026-07-10,73125,2026-08-13,call,regular,10,0.3353,34,950.0
2026-07-10,73250,2026-08-13,call,regular,20,0.3339,34,915.0
2026-07-10,73500,2026-08-13,call,regular,348,0.3332,34,860.0
2026-07-10,73750,2026-08-13,call,regular,1,0.3329,34,810.0
2026-07-10,74000,2026-08-13,call,regular,326,0.3338,34,770.0
2026-07-10,74250,2026-08-13,call,regular,3,0.3336,34,725.0
2026-07-10,74375,2026-08-13,call,regular,20,0.333,34,700.0
2026-07-10,74500,2026-08-13,call,regular,350,0.3313,34,670.0
2026-07-10,74750,2026-08-13,call,regular,920000,0.332,34,635.0
2026-07-10,74875,2026-08-13,call,regular,13,0.3328,34,620.0
2026-07-10,75000,2026-08-13,call,regular,2430,0.3306,34,590.0
2026-07-10,75125,2026-08-13,call,regular,16,0.3321,34,580.0
2026-07-10,75500,2026-08-13,call,regular,155,0.3304,34,520.0
2026-07-10,76000,2026-08-13,call,regular,440,0.3274,34,445.0
2026-07-10,76500,2026-08-13,call,regular,57,0.3285,34,395.0
2026-07-10,77000,2026-08-13,call,regular,724,0.3269,34,340.0
2026-07-10,77500,2026-08-13,call,regular,851,0.3261,34,294.0
2026-07-10,78000,2026-08-13,call,regular,654,0.3258,34,255.0
2026-07-10,78500,2026-08-13,call,regular,14,0.3249,34,219.0
2026-07-10,79000,2026-08-13,call,regular,94,0.3265,34,194.0
2026-07-10,79500,2026-08-13,call,regular,13,0.3237,34,161.0
2026-07-10,80000,2026-08-13,call,regular,1375,0.322,34,135.0
2026-07-10,80500,2026-08-13,call,regular,13,0.3236,34,119.0
2026-07-10,81000,2026-08-13,call,regular,123,0.3224,34,100.0
2026-07-10,81500,2026-08-13,call,regular,8,0.3201,34,82.0
2026-07-10,82000,2026-08-13,call,regular,881,0.3232,34,74.0
2026-07-10,82500,2026-08-13,call,regular,20,0.3247,34,65.0
2026-07-10,83000,2026-08-13,call,regular,212,0.3254,34,56.0
2026-07-10,83500,2026-08-13,call,regular,9,0.3248,34,47.0
2026-07-10,84000,2026-08-13,call,regular,49,0.3226,34,38.0
2026-07-10,84500,2026-08-13,call,regular,3,0.3264,34,35.0
2026-07-10,85000,2026-08-13,call,regular,961,0.3226,34,27.0
2026-07-10,85750,2026-08-13,call,regular,22,0.33,34,25.0
2026-07-10,87500,2026-08-13,call,regular,104,0.3281,34,13.0
2026-07-10,88000,2026-08-13,call,regular,220,0.3315,34,12.0
2026-07-10,90000,2026-08-13,call,regular,478,0.3265,34,5.0
2026-07-10,92000,2026-08-13,call,regular,94,0.342,34,4.0
2026-07-10,94000,2026-08-13,call,regular,12,0.3545,34,3.0
2026-07-10,95000,2026-08-13,call,regular,56,0.3529,34,2.0
2026-07-10,96000,2026-08-13,call,regular,13,0.3627,34,2.0
2026-07-10,98000,2026-08-13,call,regular,33,0.3626,34,1.0
2026-07-10,100000,2026-08-13,call,regular,68,0.3807,34,1.0
2026-07-10,30000,2026-09-10,call,regular,3750,0.954,62,37870.0
2026-07-10,37000,2026-09-10,call,regular,1,0.7735,62,30925.0
2026-07-10,42000,2026-09-10,call,regular,101,0.6789,62,26015.0
2026-07-10,42500,2026-09-10,call,regular,10,0.6693,62,25525.0
2026-07-10,43000,2026-09-10,call,regular,100,0.6572,62,25030.0
2026-07-10,43500,2026-09-10,call,regular,57,0.6498,62,24545.0
2026-07-10,45000,2026-09-10,call,regular,41,0.6178,62,23070.0
2026-07-10,48000,2026-09-10,call,regular,400,0.5646,62,20155.0
2026-07-10,48500,2026-09-10,call,regular,240,0.5586,62,19680.0
2026-07-10,49000,2026-09-10,call,regular,200,0.5507,62,19200.0
2026-07-10,50000,2026-09-10,call,regular,4650,0.5287,62,18220.0
2026-07-10,50500,2026-09-10,call,regular,50,0.5243,62,17755.0
2026-07-10,51000,2026-09-10,call,regular,141,0.5206,62,17295.0
2026-07-10,51250,2026-09-10,call,regular,210,0.5136,62,17045.0
2026-07-10,52000,2026-09-10,call,regular,350,0.508,62,16360.0
2026-07-10,53000,2026-09-10,call,regular,1100,0.4886,62,15400.0
2026-07-10,53500,2026-09-10,call,regular,400,0.4787,62,14920.0
2026-07-10,53750,2026-09-10,call,regular,150,0.4778,62,14700.0
2026-07-10,54000,2026-09-10,call,regular,1056,0.4736,62,14465.0
2026-07-10,54250,2026-09-10,call,regular,50,0.4714,62,14240.0
2026-07-10,54500,2026-09-10,call,regular,200,0.4671,62,14005.0
2026-07-10,54750,2026-09-10,call,regular,90,0.4628,62,13770.0
2026-07-10,55000,2026-09-10,call,regular,661,0.4593,62,13540.0
2026-07-10,56000,2026-09-10,call,regular,1250,0.4444,62,12620.0
2026-07-10,56500,2026-09-10,call,regular,79,0.4389,62,12175.0
2026-07-10,57000,2026-09-10,call,regular,850,0.4399,62,11775.0
2026-07-10,57500,2026-09-10,call,regular,384,0.4316,62,11320.0
2026-07-10,58000,2026-09-10,call,regular,1101,0.431,62,10920.0
2026-07-10,59000,2026-09-10,call,regular,1096,0.4124,62,10010.0
2026-07-10,60000,2026-09-10,call,regular,786,0.4026,62,9180.0
2026-07-10,60500,2026-09-10,call,regular,700,0.3986,62,8780.0
2026-07-10,60750,2026-09-10,call,regular,120,0.3963,62,8580.0
2026-07-10,61000,2026-09-10,call,regular,220,0.3939,62,8380.0
2026-07-10,61250,2026-09-10,call,regular,21,0.3913,62,8180.0
2026-07-10,61500,2026-09-10,call,regular,1,0.3891,62,7985.0
2026-07-10,62000,2026-09-10,call,regular,1300,0.3847,62,7600.0
2026-07-10,62500,2026-09-10,call,regular,500,0.3732,62,7155.0
2026-07-10,63000,2026-09-10,call,regular,955,0.3755,62,6845.0
2026-07-10,63250,2026-09-10,call,regular,1,0.3742,62,6670.0
2026-07-10,64000,2026-09-10,call,regular,1210,0.3684,62,6140.0
2026-07-10,64250,2026-09-10,call,regular,100,0.3613,62,5915.0
2026-07-10,65000,2026-09-10,call,regular,3885,0.3606,62,5460.0
2026-07-10,65500,2026-09-10,call,regular,150,0.3573,62,5140.0
2026-07-10,66000,2026-09-10,call,regular,1390,0.3537,62,4825.0
2026-07-10,66250,2026-09-10,call,regular,28,0.3523,62,4675.0
2026-07-10,67000,2026-09-10,call,regular,633,0.3471,62,4230.0
2026-07-10,67500,2026-09-10,call,regular,1495,0.3445,62,3955.0
2026-07-10,67750,2026-09-10,call,regular,173,0.3435,62,3825.0
2026-07-10,68000,2026-09-10,call,regular,783,0.3423,62,3695.0
2026-07-10,68500,2026-09-10,call,regular,101,0.3379,62,3420.0
2026-07-10,69000,2026-09-10,call,regular,796,0.3357,62,3180.0
2026-07-10,69500,2026-09-10,call,regular,17,0.3334,62,2950.0
2026-07-10,69625,2026-09-10,call,regular,3,0.3329,62,2895.0
2026-07-10,69750,2026-09-10,call,regular,474,0.3324,62,2840.0
2026-07-10,70000,2026-09-10,call,regular,1844,0.3316,62,2735.0
2026-07-10,70125,2026-09-10,call,regular,1,0.3313,62,2685.0
2026-07-10,70250,2026-09-10,call,regular,1,0.3305,62,2630.0
2026-07-10,70500,2026-09-10,call,regular,1,0.3297,62,2530.0
2026-07-10,71000,2026-09-10,call,regular,1260,0.3283,62,2340.0
2026-07-10,71125,2026-09-10,call,regular,15,0.328,62,2295.0
2026-07-10,71625,2026-09-10,call,regular,2,0.3264,62,2115.0
2026-07-10,72000,2026-09-10,call,regular,1609,0.3255,62,1990.0
2026-07-10,72500,2026-09-10,call,regular,604,0.3241,62,1830.0
2026-07-10,72750,2026-09-10,call,regular,2,0.3236,62,1755.0
2026-07-10,73000,2026-09-10,call,regular,616,0.3228,62,1680.0
2026-07-10,73500,2026-09-10,call,regular,477,0.3216,62,1540.0
2026-07-10,73625,2026-09-10,call,regular,2,0.3217,62,1510.0
2026-07-10,73750,2026-09-10,call,regular,1010000,0.3212,62,1475.0
2026-07-10,74000,2026-09-10,call,regular,1540,0.3211,62,1415.0
2026-07-10,74500,2026-09-10,call,regular,1,0.3202,62,1295.0
2026-07-10,75000,2026-09-10,call,regular,2313,0.319,62,1180.0
2026-07-10,75500,2026-09-10,call,regular,1,0.318,62,1075.0
2026-07-10,76000,2026-09-10,call,regular,285,0.318,62,985.0
2026-07-10,76500,2026-09-10,call,regular,22,0.3191,62,910.0
2026-07-10,77000,2026-09-10,call,regular,739,0.3188,62,830.0
2026-07-10,77500,2026-09-10,call,regular,961,0.3176,62,750.0
2026-07-10,78000,2026-09-10,call,regular,1451,0.317,62,680.0
2026-07-10,78500,2026-09-10,call,regular,7,0.3164,62,615.0
2026-07-10,79000,2026-09-10,call,regular,1,0.3165,62,560.0
2026-07-10,79500,2026-09-10,call,regular,200,0.3158,62,505.0
2026-07-10,80000,2026-09-10,call,regular,762,0.3153,62,455.0
2026-07-10,80500,2026-09-10,call,regular,1,0.3148,62,410.0
2026-07-10,81000,2026-09-10,call,regular,2,0.3147,62,370.0
2026-07-10,81500,2026-09-10,call,regular,2,0.3148,62,335.0
2026-07-10,82000,2026-09-10,call,regular,1,0.314,62,299.0
2026-07-10,82500,2026-09-10,call,regular,1,0.3147,62,272.0
2026-07-10,83000,2026-09-10,call,regular,801,0.3141,62,243.0
2026-07-10,84000,2026-09-10,call,regular,751,0.313,62,193.0
2026-07-10,85000,2026-09-10,call,regular,910,0.3156,62,162.0
2026-07-10,87500,2026-09-10,call,regular,2,0.3184,62,98.0
2026-07-10,90000,2026-09-10,call,regular,50,0.3213,62,59.0
2026-07-10,92000,2026-09-10,call,regular,2,0.3333,62,49.0
2026-07-10,94000,2026-09-10,call,regular,1,0.3355,62,33.0
2026-07-10,95000,2026-09-10,call,regular,3,0.3365,62,27.0
2026-07-10,98000,2026-09-10,call,regular,5,0.3401,62,15.0
2026-07-10,100000,2026-09-10,call,regular,17,0.342,62,10.0
2026-07-10,47500,2026-10-08,call,regular,34,0.4024,90,20425.0
2026-07-10,53000,2026-10-08,call,regular,34,0.3986,90,15365.0
2026-07-10,60500,2026-10-08,call,regular,100,0.3542,90,9020.0
2026-07-10,61000,2026-10-08,call,regular,200,0.3529,90,8655.0
2026-07-10,62000,2026-10-08,call,regular,28,0.3479,90,7920.0
2026-07-10,63000,2026-10-08,call,regular,4,0.3427,90,7210.0
2026-07-10,64000,2026-10-08,call,regular,31,0.3387,90,6545.0
2026-07-10,65000,2026-10-08,call,regular,1,0.3299,90,5850.0
2026-07-10,67500,2026-10-08,call,regular,1,0.3205,90,4420.0
2026-07-10,69500,2026-10-08,call,regular,1,0.3103,90,3400.0
2026-07-10,70000,2026-10-08,call,regular,400,0.3086,90,3180.0
2026-07-10,70750,2026-10-08,call,regular,1,0.3071,90,2880.0
2026-07-10,73000,2026-10-08,call,regular,2,0.3046,90,2125.0
2026-07-10,74500,2026-10-08,call,regular,52,0.3041,90,1725.0
2026-07-10,75000,2026-10-08,call,regular,1883,0.3033,90,1600.0
2026-07-10,76000,2026-10-08,call,regular,300,0.3028,90,1380.0
2026-07-10,77000,2026-10-08,call,regular,988,0.3001,90,1165.0
2026-07-10,77500,2026-10-08,call,regular,1,0.3012,90,1090.0
2026-07-10,78000,2026-10-08,call,regular,1,0.3006,90,1005.0
2026-07-10,80000,2026-10-08,call,regular,7,0.3007,90,735.0
2026-07-10,81000,2026-10-08,call,regular,400,0.3007,90,625.0
2026-07-10,83000,2026-10-08,call,regular,4,0.301,90,450.0
2026-07-10,83500,2026-10-08,call,regular,5,0.3013,90,415.0
2026-07-10,85000,2026-10-08,call,regular,100,0.3022,90,325.0
2026-07-10,90000,2026-10-08,call,regular,3,0.3067,90,144.0
2026-07-10,95000,2026-10-08,call,regular,4,0.3179,90,73.0
2026-07-10,50250,2026-11-12,call,regular,35,0.4195,125,18280.0
2026-07-10,56000,2026-11-12,call,regular,34,0.3823,125,13265.0
2026-07-10,57500,2026-11-12,call,regular,100,0.3721,125,12025.0
2026-07-10,60500,2026-11-12,call,regular,100,0.3536,125,9685.0
2026-07-10,61000,2026-11-12,call,regular,200,0.3511,125,9320.0
2026-07-10,65000,2026-11-12,call,regular,10,0.3313,125,6625.0
2026-07-10,66000,2026-11-12,call,regular,200,0.3285,125,6050.0
2026-07-10,70000,2026-11-12,call,regular,103,0.3107,125,3950.0
2026-07-10,71000,2026-11-12,call,regular,4,0.3087,125,3540.0
2026-07-10,72500,2026-11-12,call,regular,1,0.3063,125,2990.0
2026-07-10,74000,2026-11-12,call,regular,100,0.3039,125,2505.0
2026-07-10,75000,2026-11-12,call,regular,102,0.3058,125,2265.0
2026-07-10,80000,2026-11-12,call,regular,1235000,0.2981,125,1170.0
2026-07-10,95000,2026-11-12,call,regular,1,0.3034,125,156.0
2026-07-10,100000,2026-11-12,call,regular,1,0.3095,125,84.0
2026-07-10,12500,2026-12-10,call,regular,84,0.2,153,55065.0
2026-07-10,20000,2026-12-10,call,regular,150,0.2,153,47625.0
2026-07-10,22000,2026-12-10,call,regular,100,0.2,153,45650.0
2026-07-10,25000,2026-12-10,call,regular,300,0.2,153,42695.0
2026-07-10,26000,2026-12-10,call,regular,350,0.2,153,41715.0
2026-07-10,27000,2026-12-10,call,regular,250,0.2,153,40725.0
2026-07-10,28000,2026-12-10,call,regular,75,0.2,153,39735.0
2026-07-10,28500,2026-12-10,call,regular,125,0.2,153,39240.0
2026-07-10,29000,2026-12-10,call,regular,150,0.2,153,38750.0
2026-07-10,30000,2026-12-10,call,regular,100,0.2,153,37760.0
2026-07-10,30500,2026-12-10,call,regular,50,0.2,153,37265.0
2026-07-10,31000,2026-12-10,call,regular,241,0.2,153,36770.0
2026-07-10,31500,2026-12-10,call,regular,50,0.4747,153,36285.0
2026-07-10,32000,2026-12-10,call,regular,700,0.482,153,35795.0
2026-07-10,32500,2026-12-10,call,regular,250,0.4863,153,35305.0
2026-07-10,33000,2026-12-10,call,regular,1950,0.4938,153,34820.0
2026-07-10,34000,2026-12-10,call,regular,280,0.4972,153,33845.0
2026-07-10,34500,2026-12-10,call,regular,400,0.4988,153,33360.0
2026-07-10,35000,2026-12-10,call,regular,435,0.4959,153,32870.0
2026-07-10,36000,2026-12-10,call,regular,975,0.4974,153,31905.0
2026-07-10,36500,2026-12-10,call,regular,252,0.4954,153,31420.0
2026-07-10,37000,2026-12-10,call,regular,450,0.4929,153,30935.0
2026-07-10,37500,2026-12-10,call,regular,88,0.4922,153,30455.0
2026-07-10,37750,2026-12-10,call,regular,100,0.4915,153,30215.0
2026-07-10,38000,2026-12-10,call,regular,1225,0.4887,153,29970.0
2026-07-10,38500,2026-12-10,call,regular,700,0.4868,153,29490.0
2026-07-10,38750,2026-12-10,call,regular,50,0.4856,153,29250.0
2026-07-10,39000,2026-12-10,call,regular,750,0.4844,153,29010.0
2026-07-10,39500,2026-12-10,call,regular,500,0.4832,153,28535.0
2026-07-10,40000,2026-12-10,call,regular,1200,0.4799,153,28055.0
2026-07-10,40500,2026-12-10,call,regular,400,0.4778,153,27580.0
2026-07-10,41000,2026-12-10,call,regular,1300,0.4752,153,27105.0
2026-07-10,41500,2026-12-10,call,regular,100,0.4708,153,26625.0
2026-07-10,42000,2026-12-10,call,regular,1071,0.4688,153,26155.0
2026-07-10,42500,2026-12-10,call,regular,250,0.4664,153,25685.0
2026-07-10,43000,2026-12-10,call,regular,1400,0.4624,153,25210.0
2026-07-10,43750,2026-12-10,call,regular,100,0.4576,153,24505.0
2026-07-10,44000,2026-12-10,call,regular,600,0.4569,153,24275.0
2026-07-10,45000,2026-12-10,call,regular,1842,0.45,153,23340.0
2026-07-10,45250,2026-12-10,call,regular,413,0.4478,153,23105.0
2026-07-10,45500,2026-12-10,call,regular,200,0.4466,153,22875.0
2026-07-10,46000,2026-12-10,call,regular,2300,0.4429,153,22410.0
2026-07-10,46250,2026-12-10,call,regular,315,0.4413,153,22180.0
2026-07-10,47000,2026-12-10,call,regular,350,0.4355,153,21485.0
2026-07-10,47500,2026-12-10,call,regular,200,0.4326,153,21030.0
2026-07-10,48000,2026-12-10,call,regular,750,0.4294,153,20575.0
2026-07-10,49000,2026-12-10,call,regular,1000,0.4261,153,19695.0
2026-07-10,49500,2026-12-10,call,regular,260,0.4259,153,19270.0
2026-07-10,50000,2026-12-10,call,regular,3342,0.4232,153,18830.0
2026-07-10,50250,2026-12-10,call,regular,58,0.4211,153,18605.0
2026-07-10,50500,2026-12-10,call,regular,600,0.4196,153,18385.0
2026-07-10,50750,2026-12-10,call,regular,45,0.4174,153,18160.0
2026-07-10,51000,2026-12-10,call,regular,731,0.4157,153,17940.0
2026-07-10,52000,2026-12-10,call,regular,802,0.4084,153,17060.0
2026-07-10,52250,2026-12-10,call,regular,250,0.4058,153,16835.0
2026-07-10,52500,2026-12-10,call,regular,50,0.4038,153,16615.0
2026-07-10,53000,2026-12-10,call,regular,1135,0.399,153,16170.0
2026-07-10,53500,2026-12-10,call,regular,106,0.395,153,15735.0
2026-07-10,54000,2026-12-10,call,regular,1941,0.3922,153,15315.0
2026-07-10,54500,2026-12-10,call,regular,540,0.3886,153,14890.0
2026-07-10,55000,2026-12-10,call,regular,1829,0.3852,153,14470.0
2026-07-10,55500,2026-12-10,call,regular,300,0.3815,153,14050.0
2026-07-10,56000,2026-12-10,call,regular,791,0.3783,153,13640.0
2026-07-10,56500,2026-12-10,call,regular,283,0.3758,153,13240.0
2026-07-10,57000,2026-12-10,call,regular,500,0.3724,153,12835.0
2026-07-10,57250,2026-12-10,call,regular,113,0.3705,153,12630.0
2026-07-10,57500,2026-12-10,call,regular,90,0.3688,153,12430.0
2026-07-10,58000,2026-12-10,call,regular,2603,0.3665,153,12045.0
2026-07-10,58500,2026-12-10,call,regular,350,0.3623,153,11640.0
2026-07-10,59000,2026-12-10,call,regular,1900,0.3604,153,11270.0
2026-07-10,59500,2026-12-10,call,regular,100,0.3566,153,10880.0
2026-07-10,60000,2026-12-10,call,regular,7846,0.3548,153,10520.0
2026-07-10,60500,2026-12-10,call,regular,2,0.3508,153,10135.0
2026-07-10,61000,2026-12-10,call,regular,813,0.3488,153,9785.0
2026-07-10,62000,2026-12-10,call,regular,1350,0.3465,153,9125.0
2026-07-10,62500,2026-12-10,call,regular,385,0.3454,153,8805.0
2026-07-10,63000,2026-12-10,call,regular,1590,0.342,153,8455.0
2026-07-10,63750,2026-12-10,call,regular,25,0.3406,153,8000.0
2026-07-10,64000,2026-12-10,call,regular,1855,0.3394,153,7840.0
2026-07-10,65000,2026-12-10,call,regular,3226,0.3316,153,7165.0
2026-07-10,65500,2026-12-10,call,regular,584,0.3292,153,6860.0
2026-07-10,66000,2026-12-10,call,regular,620,0.3273,153,6570.0
2026-07-10,67000,2026-12-10,call,regular,677,0.3237,153,6015.0
2026-07-10,67250,2026-12-10,call,regular,25,0.3231,153,5885.0
2026-07-10,67500,2026-12-10,call,regular,25,0.3223,153,5755.0
2026-07-10,68000,2026-12-10,call,regular,2812,0.3206,153,5495.0
2026-07-10,69000,2026-12-10,call,regular,971,0.3136,153,4935.0
2026-07-10,69250,2026-12-10,call,regular,50,0.3128,153,4815.0
2026-07-10,69750,2026-12-10,call,regular,158,0.3113,153,4585.0
2026-07-10,70000,2026-12-10,call,regular,2939,0.3108,153,4475.0
2026-07-10,71000,2026-12-10,call,regular,30,0.3084,153,4050.0
2026-07-10,72000,2026-12-10,call,regular,405,0.3061,153,3655.0
2026-07-10,72500,2026-12-10,call,regular,2403,0.3072,153,3505.0
2026-07-10,73000,2026-12-10,call,regular,25,0.3043,153,3295.0
2026-07-10,73500,2026-12-10,call,regular,400,0.3038,153,3130.0
2026-07-10,74000,2026-12-10,call,regular,630,0.3031,153,2970.0
2026-07-10,75000,2026-12-10,call,regular,2832,0.3047,153,2715.0
2026-07-10,76000,2026-12-10,call,regular,100,0.3021,153,2415.0
2026-07-10,77000,2026-12-10,call,regular,159,0.3002,153,2150.0
2026-07-10,77500,2026-12-10,call,regular,1301,0.2999,153,2035.0
2026-07-10,78000,2026-12-10,call,regular,3,0.2988,153,1915.0
2026-07-10,79000,2026-12-10,call,regular,4,0.2971,153,1695.0
2026-07-10,80000,2026-12-10,call,regular,6796,0.2961,153,1505.0
2026-07-10,81000,2026-12-10,call,regular,120,0.2957,153,1340.0
2026-07-10,82000,2026-12-10,call,regular,6225000,0.2952,153,1190.0
2026-07-10,82500,2026-12-10,call,regular,1,0.2945,153,1115.0
2026-07-10,84000,2026-12-10,call,regular,101,0.2941,153,930.0
2026-07-10,85000,2026-12-10,call,regular,426,0.2946,153,830.0
2026-07-10,87500,2026-12-10,call,regular,1477,0.2949,153,615.0
2026-07-10,90000,2026-12-10,call,regular,2527,0.2949,153,450.0
2026-07-10,95000,2026-12-10,call,regular,1114,0.2995,153,256.0
2026-07-10,100000,2026-12-10,call,regular,601,0.296,153,123.0
2026-07-10,54250,2027-01-07,call,regular,27,0.3731,181,15270.0
2026-07-10,61000,2027-01-07,call,regular,26,0.3394,181,10090.0
2026-07-10,71500,2027-01-07,call,regular,50,0.3077,181,4325.0
2026-07-10,56000,2027-02-10,call,regular,8,0.3657,215,14315.0
2026-07-10,56750,2027-02-10,call,regular,60,0.3587,215,13685.0
2026-07-10,64000,2027-02-10,call,regular,60,0.3246,215,8590.0
2026-07-10,66000,2027-02-10,call,regular,8,0.3181,215,7425.0
2026-07-10,52000,2027-03-11,call,regular,560,0.3756,244,17720.0
2026-07-10,52750,2027-03-11,call,regular,8,0.3716,244,17100.0
2026-07-10,53000,2027-03-11,call,regular,275,0.3707,244,16900.0
2026-07-10,53500,2027-03-11,call,regular,200,0.3678,244,16490.0
2026-07-10,53750,2027-03-11,call,regular,44,0.3667,244,16290.0
2026-07-10,54000,2027-03-11,call,regular,267,0.3652,244,16085.0
2026-07-10,55000,2027-03-11,call,regular,550,0.3602,244,15290.0
2026-07-10,56000,2027-03-11,call,regular,50,0.3554,244,14510.0
2026-07-10,57000,2027-03-11,call,regular,365,0.3509,244,13750.0
2026-07-10,58000,2027-03-11,call,regular,150,0.3475,244,13025.0
2026-07-10,59500,2027-03-11,call,regular,200,0.3413,244,11950.0
2026-07-10,60000,2027-03-11,call,regular,12,0.3384,244,11585.0
2026-07-10,60250,2027-03-11,call,regular,44,0.3378,244,11420.0
2026-07-10,61000,2027-03-11,call,regular,160,0.3339,244,10890.0
2026-07-10,62500,2027-03-11,call,regular,8,0.3285,244,9910.0
2026-07-10,63000,2027-03-11,call,regular,292,0.3263,244,9585.0
2026-07-10,64250,2027-03-11,call,regular,100,0.322,244,8820.0
2026-07-10,65000,2027-03-11,call,regular,301,0.3197,244,8380.0
2026-07-10,66500,2027-03-11,call,regular,6,0.3156,244,7550.0
2026-07-10,67000,2027-03-11,call,regular,200,0.314,244,7280.0
2026-07-10,69000,2027-03-11,call,regular,250,0.3089,244,6280.0
2026-07-10,70000,2027-03-11,call,regular,222,0.3076,244,5840.0
2026-07-10,72000,2027-03-11,call,regular,100,0.3026,244,4975.0
2026-07-10,72500,2027-03-11,call,regular,35,0.3018,244,4780.0
2026-07-10,75000,2027-03-11,call,regular,150,0.2979,244,3895.0
2026-07-10,77500,2027-03-11,call,regular,60,0.295,244,3155.0
2026-07-10,80000,2027-03-11,call,regular,200,0.294,244,2565.0
2026-07-10,82500,2027-03-11,call,regular,36,0.291,244,2035.0
2026-07-10,90000,2027-03-11,call,regular,56,0.2905,244,1050.0
2026-07-10,100000,2027-03-11,call,regular,78,0.2935,244,435.0
2026-07-10,57000,2027-04-08,call,regular,25,0.331,272,13730.0
2026-07-10,57750,2027-04-08,call,regular,88,0.3284,272,13180.0
2026-07-10,65000,2027-04-08,call,regular,88,0.306,272,8455.0
2026-07-10,67000,2027-04-08,call,regular,25,0.3016,272,7380.0
2026-07-10,60250,2027-05-13,call,regular,8,0.3183,307,11790.0
2026-07-10,61250,2027-05-13,call,regular,23,0.3152,307,11130.0
2026-07-10,71000,2027-05-13,call,regular,23,0.2958,307,5990.0
2026-07-10,72000,2027-05-13,call,regular,8,0.2978,307,5670.0
2026-07-10,16250,2027-06-10,call,regular,114,0.2,335,51015.0
2026-07-10,30000,2027-06-10,call,regular,300,0.2,335,37645.0
2026-07-10,33000,2027-06-10,call,regular,50,0.3117,335,34810.0
2026-07-10,36000,2027-06-10,call,regular,150,0.3655,335,32015.0
2026-07-10,37000,2027-06-10,call,regular,50,0.371,335,31095.0
2026-07-10,37250,2027-06-10,call,regular,480,0.3718,335,30865.0
2026-07-10,38500,2027-06-10,call,regular,140,0.3751,335,29725.0
2026-07-10,39000,2027-06-10,call,regular,50,0.3755,335,29270.0
2026-07-10,44500,2027-06-10,call,regular,300,0.3714,335,24405.0
2026-07-10,50000,2027-06-10,call,regular,300,0.351,335,19715.0
2026-07-10,50500,2027-06-10,call,regular,175,0.3491,335,19305.0
2026-07-10,53000,2027-06-10,call,regular,100,0.3407,335,17315.0
2026-07-10,54000,2027-06-10,call,regular,1050,0.3372,335,16540.0
2026-07-10,55000,2027-06-10,call,regular,300,0.334,335,15785.0
2026-07-10,56000,2027-06-10,call,regular,175,0.3306,335,15040.0
2026-07-10,57000,2027-06-10,call,regular,50,0.3284,335,14335.0
2026-07-10,58500,2027-06-10,call,regular,58,0.3242,335,13290.0
2026-07-10,60000,2027-06-10,call,regular,850,0.3188,335,12255.0
2026-07-10,62500,2027-06-10,call,regular,150,0.3113,335,10650.0
2026-07-10,63000,2027-06-10,call,regular,100,0.3103,335,10355.0
2026-07-10,64000,2027-06-10,call,regular,200,0.3078,335,9765.0
2026-07-10,65000,2027-06-10,call,regular,124,0.3055,335,9200.0
2026-07-10,65500,2027-06-10,call,regular,62,0.3038,335,8910.0
2026-07-10,67000,2027-06-10,call,regular,370,0.3014,335,8140.0
2026-07-10,68000,2027-06-10,call,regular,300,0.2988,335,7625.0
2026-07-10,68250,2027-06-10,call,regular,15,0.2984,335,7505.0
2026-07-10,69250,2027-06-10,call,regular,36,0.2968,335,7040.0
2026-07-10,70000,2027-06-10,call,regular,550,0.2957,335,6705.0
2026-07-10,71000,2027-06-10,call,regular,100,0.2941,335,6275.0
2026-07-10,75000,2027-06-10,call,regular,500,0.2889,335,4770.0
2026-07-10,77500,2027-06-10,call,regular,36,0.2868,335,4000.0
2026-07-10,80000,2027-06-10,call,regular,15,0.2863,335,3370.0
2026-07-10,85000,2027-06-10,call,regular,550,0.2839,335,2335.0
2026-07-10,90000,2027-06-10,call,regular,100,0.283,335,1610.0
2026-07-10,65000,2027-09-09,call,regular,1,0.3037,426,10125.0
2026-07-10,28000,2027-12-09,call,regular,50,0.2,517,39720.0
2026-07-10,30000,2027-12-09,call,regular,225,0.2,517,37630.0
2026-07-10,31500,2027-12-09,call,regular,50,0.2,517,36245.0
2026-07-10,32000,2027-12-09,call,regular,100,0.2,517,35785.0
2026-07-10,33000,2027-12-09,call,regular,100,0.2779,517,34870.0
2026-07-10,34000,2027-12-09,call,regular,375,0.3009,517,33965.0
2026-07-10,35000,2027-12-09,call,regular,201,0.3123,517,33060.0
2026-07-10,36000,2027-12-09,call,regular,80,0.3201,517,32165.0
2026-07-10,36750,2027-12-09,call,regular,442,0.3245,517,31500.0
2026-07-10,37000,2027-12-09,call,regular,200,0.3258,517,31280.0
2026-07-10,38000,2027-12-09,call,regular,575,0.3294,517,30400.0
2026-07-10,39000,2027-12-09,call,regular,125,0.3308,517,29520.0
2026-07-10,39250,2027-12-09,call,regular,50,0.3309,517,29300.0
2026-07-10,39500,2027-12-09,call,regular,50,0.3315,517,29085.0
2026-07-10,40000,2027-12-09,call,regular,350,0.3322,517,28655.0
2026-07-10,40500,2027-12-09,call,regular,450,0.3326,517,28225.0
2026-07-10,41000,2027-12-09,call,regular,375,0.3327,517,27795.0
2026-07-10,42000,2027-12-09,call,regular,200,0.3331,517,26950.0
2026-07-10,43000,2027-12-09,call,regular,400,0.3328,517,26110.0
2026-07-10,43500,2027-12-09,call,regular,150,0.3326,517,25695.0
2026-07-10,45000,2027-12-09,call,regular,1950,0.3312,517,24460.0
2026-07-10,46000,2027-12-09,call,regular,500,0.3301,517,23650.0
2026-07-10,48000,2027-12-09,call,regular,225,0.3271,517,22060.0
2026-07-10,49000,2027-12-09,call,regular,700,0.3251,517,21275.0
2026-07-10,50000,2027-12-09,call,regular,1950,0.3234,517,20510.0
2026-07-10,51000,2027-12-09,call,regular,300,0.3215,517,19755.0
2026-07-10,52500,2027-12-09,call,regular,100,0.3186,517,18645.0
2026-07-10,54000,2027-12-09,call,regular,300,0.3155,517,17565.0
2026-07-10,54500,2027-12-09,call,regular,100,0.3144,517,17210.0
2026-07-10,55000,2027-12-09,call,regular,704,0.3134,517,16860.0
2026-07-10,57000,2027-12-09,call,regular,250,0.3093,517,15500.0
2026-07-10,58000,2027-12-09,call,regular,500,0.3072,517,14840.0
2026-07-10,60000,2027-12-09,call,regular,1025,0.303,517,13565.0
2026-07-10,61000,2027-12-09,call,regular,200,0.301,517,12955.0
2026-07-10,63000,2027-12-09,call,regular,100,0.2976,517,11795.0
2026-07-10,63500,2027-12-09,call,regular,50,0.2967,517,11515.0
2026-07-10,64000,2027-12-09,call,regular,780,0.2958,517,11240.0
2026-07-10,65000,2027-12-09,call,regular,100,0.2943,517,10705.0
2026-07-10,66000,2027-12-09,call,regular,300,0.2928,517,10190.0
2026-07-10,67000,2027-12-09,call,regular,100,0.2913,517,9690.0
2026-07-10,68000,2027-12-09,call,regular,200,0.2901,517,9215.0
2026-07-10,69000,2027-12-09,call,regular,850,0.2932,517,8895.0
2026-07-10,70000,2027-12-09,call,regular,500,0.2921,517,8455.0
2026-07-10,72500,2027-12-09,call,regular,100,0.2896,517,7435.0
2026-07-10,75000,2027-12-09,call,regular,175,0.2878,517,6530.0
2026-07-10,80000,2027-12-09,call,regular,400,0.2792,517,4830.0
2026-07-10,87500,2027-12-09,call,regular,100,0.2771,517,3180.0
2026-07-10,41500,2028-06-08,call,regular,100,0.3266,699,27975.0
2026-07-10,28000,2028-12-07,call,regular,50,0.2966,881,40015.0
2026-07-10,30000,2028-12-07,call,regular,80,0.3317,881,38360.0
2026-07-10,31000,2028-12-07,call,regular,200,0.3363,881,37500.0
2026-07-10,32000,2028-12-07,call,regular,75,0.3392,881,36645.0
2026-07-10,33000,2028-12-07,call,regular,125,0.3406,881,35790.0
2026-07-10,34500,2028-12-07,call,regular,330,0.3416,881,34525.0
2026-07-10,34750,2028-12-07,call,regular,100,0.342,881,34320.0
2026-07-10,35500,2028-12-07,call,regular,443,0.3417,881,33690.0
2026-07-10,36000,2028-12-07,call,regular,450,0.3415,881,33275.0
2026-07-10,36500,2028-12-07,call,regular,52,0.3411,881,32860.0
2026-07-10,38000,2028-12-07,call,regular,120,0.3398,881,31630.0
2026-07-10,39000,2028-12-07,call,regular,575,0.3389,881,30825.0
2026-07-10,40000,2028-12-07,call,regular,30,0.3371,881,30015.0
2026-07-10,41000,2028-12-07,call,regular,375,0.3358,881,29225.0
2026-07-10,42000,2028-12-07,call,regular,65,0.3342,881,28440.0
2026-07-10,42500,2028-12-07,call,regular,100,0.3333,881,28050.0
2026-07-10,50000,2028-12-07,call,regular,400,0.3179,881,22475.0
2026-07-10,53000,2028-12-07,call,regular,50,0.3117,881,20415.0
2026-07-10,55000,2028-12-07,call,regular,50,0.3077,881,19100.0
2026-07-10,56000,2028-12-07,call,regular,650,0.3058,881,18465.0
2026-07-10,60000,2028-12-07,call,regular,250,0.2984,881,16045.0
2026-07-10,67500,2028-12-07,call,regular,100,0.2865,881,12100.0
2026-07-10,75000,2028-12-07,call,regular,80,0.2776,881,8950.0
2026-07-10,80000,2028-12-07,call,regular,200,0.2743,881,7310.0
2026-07-10,50000,2029-12-13,call,regular,100,0.3134,1252,24150.0
2026-07-10,60000,2029-12-13,call,regular,375,0.2961,1252,18100.0
2026-07-10,57000,2030-12-12,call,regular,300,0.2832,1616,20695.0
2026-07-10,64000,2030-12-12,call,regular,3,0.2748,1616,17050.0
2026-07-10,63875,2026-07-15,put,mini,98,0.4044,5,160.0
2026-07-10,71250,2026-07-15,put,mini,2,0.3529,5,3660.0
2026-07-10,72000,2026-07-15,put,mini,4325,0.3331,5,4325.0
2026-07-10,72500,2026-07-15,put,mini,2,0.3076,5,4785.0
2026-07-10,61000,2026-07-17,put,mini,578,0.4852,7,110.0
2026-07-10,61125,2026-07-17,put,mini,3,0.4895,7,123.0
2026-07-10,61250,2026-07-17,put,mini,45,0.4871,7,129.0
2026-07-10,61500,2026-07-17,put,mini,69,0.4862,7,147.0
2026-07-10,61750,2026-07-17,put,mini,11,0.4779,7,157.0
2026-07-10,62000,2026-07-17,put,mini,135,0.4684,7,166.0
2026-07-10,62125,2026-07-17,put,mini,2,0.4713,7,182.0
2026-07-10,62250,2026-07-17,put,mini,5,0.469,7,191.0
2026-07-10,62500,2026-07-17,put,mini,138,0.4648,7,211.0
2026-07-10,62625,2026-07-17,put,mini,50,0.4617,7,220.0
2026-07-10,62750,2026-07-17,put,mini,53,0.4589,7,230.0
2026-07-10,63000,2026-07-17,put,mini,256,0.451,7,247.0
2026-07-10,63125,2026-07-17,put,mini,100,0.4512,7,264.0
2026-07-10,63250,2026-07-17,put,mini,52,0.447,7,273.0
2026-07-10,63375,2026-07-17,put,mini,3,0.446,7,289.0
2026-07-10,63500,2026-07-17,put,mini,305,0.4422,7,300.0
2026-07-10,63625,2026-07-17,put,mini,2,0.447,7,330.0
2026-07-10,63750,2026-07-17,put,mini,188,0.4444,7,345.0
2026-07-10,63875,2026-07-17,put,mini,1,0.4371,7,350.0
2026-07-10,64000,2026-07-17,put,mini,476,0.4297,7,355.0
2026-07-10,64125,2026-07-17,put,mini,395,0.4369,7,395.0
2026-07-10,64250,2026-07-17,put,mini,104,0.4332,7,410.0
2026-07-10,64375,2026-07-17,put,mini,52,0.4311,7,430.0
2026-07-10,64500,2026-07-17,put,mini,211,0.4287,7,450.0
2026-07-10,64625,2026-07-17,put,mini,1,0.4298,7,480.0
2026-07-10,64750,2026-07-17,put,mini,126,0.4249,7,495.0
2026-07-10,64875,2026-07-17,put,mini,95,0.4197,7,510.0
2026-07-10,65000,2026-07-17,put,mini,623,0.4125,7,520.0
2026-07-10,65250,2026-07-17,put,mini,4,0.4214,7,610.0
2026-07-10,65500,2026-07-17,put,mini,68,0.4117,7,650.0
2026-07-10,65625,2026-07-17,put,mini,705,0.4175,7,705.0
2026-07-10,65750,2026-07-17,put,mini,31,0.4165,7,740.0
2026-07-10,65875,2026-07-17,put,mini,1,0.4105,7,760.0
2026-07-10,66000,2026-07-17,put,mini,188,0.4041,7,780.0
2026-07-10,66250,2026-07-17,put,mini,5,0.4083,7,880.0
2026-07-10,66500,2026-07-17,put,mini,20,0.4048,7,960.0
2026-07-10,66750,2026-07-17,put,mini,2,0.394,7,1020.0
2026-07-10,66875,2026-07-17,put,mini,1065,0.3923,7,1065.0
2026-07-10,67000,2026-07-17,put,mini,524,0.3942,7,1125.0
2026-07-10,67250,2026-07-17,put,mini,5,0.3886,7,1215.0
2026-07-10,67500,2026-07-17,put,mini,46,0.3892,7,1335.0
2026-07-10,67750,2026-07-17,put,mini,4,0.3867,7,1450.0
2026-07-10,68000,2026-07-17,put,mini,28,0.3716,7,1525.0
2026-07-10,68125,2026-07-17,put,mini,1585,0.3694,7,1585.0
2026-07-10,68250,2026-07-17,put,mini,5,0.3694,7,1655.0
2026-07-10,68500,2026-07-17,put,mini,21,0.3665,7,1790.0
2026-07-10,68750,2026-07-17,put,mini,5,0.3631,7,1930.0
2026-07-10,69000,2026-07-17,put,mini,8,0.3561,7,2065.0
2026-07-10,69250,2026-07-17,put,mini,10,0.3541,7,2225.0
2026-07-10,69375,2026-07-17,put,mini,2305,0.3523,7,2305.0
2026-07-10,69500,2026-07-17,put,mini,25,0.3514,7,2390.0
2026-07-10,69750,2026-07-17,put,mini,14,0.3466,7,2555.0
2026-07-10,69875,2026-07-17,put,mini,1,0.3424,7,2635.0
2026-07-10,70000,2026-07-17,put,mini,6,0.3492,7,2750.0
2026-07-10,70250,2026-07-17,put,mini,2,0.3622,7,2980.0
2026-07-10,70500,2026-07-17,put,mini,2,0.3436,7,3125.0
2026-07-10,70750,2026-07-17,put,mini,20,0.342,7,3325.0
2026-07-10,71500,2026-07-17,put,mini,2,0.3214,7,3925.0
2026-07-10,71750,2026-07-17,put,mini,8,0.3245,7,4155.0
2026-07-10,72500,2026-07-17,put,mini,2,0.2862,7,4805.0
2026-07-10,74000,2026-07-17,put,mini,5,0.2,7,6220.0
2026-07-10,75000,2026-07-17,put,mini,5,0.2,7,7185.0
2026-07-10,72500,2026-07-22,put,mini,2,0.311,12,4975.0
2026-07-10,63875,2026-07-24,put,mini,7,0.391,14,640.0
2026-07-10,64000,2026-07-24,put,mini,1,0.3899,14,665.0
2026-07-10,65250,2026-07-24,put,mini,3,0.3774,14,960.0
2026-07-10,65750,2026-07-24,put,mini,30,0.3641,14,1065.0
2026-07-10,65875,2026-07-24,put,mini,1,0.3632,14,1105.0
2026-07-10,66000,2026-07-24,put,mini,20,0.361,14,1140.0
2026-07-10,66500,2026-07-24,put,mini,2,0.3591,14,1325.0
2026-07-10,67000,2026-07-24,put,mini,1510,0.3533,14,1510.0
2026-07-10,67250,2026-07-24,put,mini,2,0.3484,14,1600.0
2026-07-10,67750,2026-07-24,put,mini,2,0.3435,14,1820.0
2026-07-10,68000,2026-07-24,put,mini,1,0.3423,14,1945.0
2026-07-10,69250,2026-07-24,put,mini,8,0.3322,14,2630.0
2026-07-10,69500,2026-07-24,put,mini,20,0.3274,14,2770.0
2026-07-10,69750,2026-07-24,put,mini,8,0.3276,14,2940.0
2026-07-10,70750,2026-07-24,put,mini,20,0.3183,14,3625.0
2026-07-10,72500,2026-07-24,put,mini,2,0.3129,14,5045.0
2026-07-10,66000,2026-07-31,put,mini,20,0.3552,21,1505.0
2026-07-10,70750,2026-07-31,put,mini,30,0.3172,21,3935.0
2026-07-10,66000,2026-08-07,put,mini,30,0.3529,28,1825.0
2026-07-10,56750,2026-08-14,put,mini,146,0.4419,35,390.0
2026-07-10,56875,2026-08-14,put,mini,2,0.4407,35,400.0
2026-07-10,57000,2026-08-14,put,mini,162,0.4395,35,410.0
2026-07-10,57125,2026-08-14,put,mini,415,0.4367,35,415.0
2026-07-10,57250,2026-08-14,put,mini,10,0.4382,35,435.0
2026-07-10,57375,2026-08-14,put,mini,1,0.4354,35,440.0
2026-07-10,57500,2026-08-14,put,mini,15,0.4339,35,450.0
2026-07-10,57750,2026-08-14,put,mini,2,0.4321,35,475.0
2026-07-10,57875,2026-08-14,put,mini,3,0.4317,35,490.0
2026-07-10,58000,2026-08-14,put,mini,81,0.4287,35,495.0
2026-07-10,58125,2026-08-14,put,mini,1,0.4307,35,520.0
2026-07-10,58250,2026-08-14,put,mini,3,0.4263,35,520.0
2026-07-10,58375,2026-08-14,put,mini,1,0.4219,35,520.0
2026-07-10,58500,2026-08-14,put,mini,17,0.4212,35,535.0
2026-07-10,58750,2026-08-14,put,mini,560,0.4184,35,560.0
2026-07-10,58875,2026-08-14,put,mini,1,0.4186,35,580.0
2026-07-10,59000,2026-08-14,put,mini,275,0.4153,35,585.0
2026-07-10,59250,2026-08-14,put,mini,1,0.4131,35,615.0
2026-07-10,59375,2026-08-14,put,mini,1,0.4086,35,615.0
2026-07-10,59500,2026-08-14,put,mini,22,0.4106,35,645.0
2026-07-10,59625,2026-08-14,put,mini,645,0.4061,35,645.0
2026-07-10,59750,2026-08-14,put,mini,6,0.4078,35,675.0
2026-07-10,59875,2026-08-14,put,mini,3,0.4043,35,680.0
2026-07-10,60000,2026-08-14,put,mini,150,0.4068,35,715.0
2026-07-10,60125,2026-08-14,put,mini,730,0.4052,35,730.0
2026-07-10,60250,2026-08-14,put,mini,7,0.4025,35,740.0
2026-07-10,60500,2026-08-14,put,mini,9,0.3999,35,775.0
2026-07-10,60625,2026-08-14,put,mini,1,0.3961,35,780.0
2026-07-10,60750,2026-08-14,put,mini,3,0.397,35,810.0
2026-07-10,60875,2026-08-14,put,mini,2,0.3931,35,815.0
2026-07-10,61000,2026-08-14,put,mini,143,0.3947,35,850.0
2026-07-10,61125,2026-08-14,put,mini,860,0.3917,35,860.0
2026-07-10,61250,2026-08-14,put,mini,3,0.3931,35,895.0
2026-07-10,61375,2026-08-14,put,mini,10,0.3891,35,900.0
2026-07-10,61500,2026-08-14,put,mini,62,0.3902,35,935.0
2026-07-10,61625,2026-08-14,put,mini,940,0.3861,35,940.0
2026-07-10,61750,2026-08-14,put,mini,15,0.3871,35,975.0
2026-07-10,61875,2026-08-14,put,mini,2,0.3862,35,1000.0
2026-07-10,62000,2026-08-14,put,mini,766,0.3853,35,1025.0
2026-07-10,62125,2026-08-14,put,mini,1,0.3843,35,1050.0
2026-07-10,62250,2026-08-14,put,mini,498,0.38,35,1055.0
2026-07-10,62375,2026-08-14,put,mini,495,0.378,35,1075.0
2026-07-10,62500,2026-08-14,put,mini,21,0.376,35,1095.0
2026-07-10,62625,2026-08-14,put,mini,1145,0.3786,35,1145.0
2026-07-10,62750,2026-08-14,put,mini,5,0.3772,35,1170.0
2026-07-10,63000,2026-08-14,put,mini,189,0.3712,35,1200.0
2026-07-10,63125,2026-08-14,put,mini,2,0.3748,35,1260.0
2026-07-10,63250,2026-08-14,put,mini,8,0.3723,35,1280.0
2026-07-10,63375,2026-08-14,put,mini,10,0.3727,35,1320.0
2026-07-10,63500,2026-08-14,put,mini,18,0.3723,35,1355.0
2026-07-10,63625,2026-08-14,put,mini,1380,0.3703,35,1380.0
2026-07-10,63750,2026-08-14,put,mini,2,0.3683,35,1405.0
2026-07-10,63875,2026-08-14,put,mini,1445,0.3683,35,1445.0
2026-07-10,64000,2026-08-14,put,mini,128,0.3647,35,1460.0
2026-07-10,64125,2026-08-14,put,mini,1,0.3659,35,1510.0
2026-07-10,64250,2026-08-14,put,mini,2,0.3635,35,1535.0
2026-07-10,64375,2026-08-14,put,mini,1580,0.3638,35,1580.0
2026-07-10,64500,2026-08-14,put,mini,14,0.3607,35,1600.0
2026-07-10,64625,2026-08-14,put,mini,1650,0.3614,35,1650.0
2026-07-10,64750,2026-08-14,put,mini,2,0.3594,35,1680.0
2026-07-10,64875,2026-08-14,put,mini,2,0.3593,35,1725.0
2026-07-10,65000,2026-08-14,put,mini,104,0.3565,35,1750.0
2026-07-10,65250,2026-08-14,put,mini,1830,0.3545,35,1830.0
2026-07-10,65500,2026-08-14,put,mini,14,0.3541,35,1925.0
2026-07-10,65625,2026-08-14,put,mini,1965,0.3528,35,1965.0
2026-07-10,65750,2026-08-14,put,mini,3,0.3501,35,1995.0
2026-07-10,65875,2026-08-14,put,mini,1,0.3505,35,2050.0
2026-07-10,66000,2026-08-14,put,mini,182,0.3495,35,2095.0
2026-07-10,66125,2026-08-14,put,mini,2140,0.3484,35,2140.0
2026-07-10,66250,2026-08-14,put,mini,11,0.3454,35,2170.0
2026-07-10,66375,2026-08-14,put,mini,2230,0.346,35,2230.0
2026-07-10,66500,2026-08-14,put,mini,36,0.3447,35,2275.0
2026-07-10,66625,2026-08-14,put,mini,2330,0.3444,35,2330.0
2026-07-10,66750,2026-08-14,put,mini,23,0.3435,35,2380.0
2026-07-10,66875,2026-08-14,put,mini,2430,0.3424,35,2430.0
2026-07-10,67000,2026-08-14,put,mini,138,0.3419,35,2485.0
2026-07-10,67125,2026-08-14,put,mini,1,0.3406,35,2535.0
2026-07-10,67250,2026-08-14,put,mini,1,0.3375,35,2570.0
2026-07-10,67375,2026-08-14,put,mini,2635,0.3378,35,2635.0
2026-07-10,67500,2026-08-14,put,mini,6,0.3363,35,2685.0
2026-07-10,67625,2026-08-14,put,mini,9,0.3364,35,2750.0
2026-07-10,67750,2026-08-14,put,mini,8,0.3341,35,2795.0
2026-07-10,67875,2026-08-14,put,mini,2865,0.3346,35,2865.0
2026-07-10,68000,2026-08-14,put,mini,157,0.3273,35,2870.0
2026-07-10,68125,2026-08-14,put,mini,2960,0.33,35,2960.0
2026-07-10,68250,2026-08-14,put,mini,14,0.3308,35,3035.0
2026-07-10,68375,2026-08-14,put,mini,3085,0.3285,35,3085.0
2026-07-10,68500,2026-08-14,put,mini,11,0.3297,35,3165.0
2026-07-10,68625,2026-08-14,put,mini,3210,0.3267,35,3210.0
2026-07-10,68750,2026-08-14,put,mini,6,0.3258,35,3275.0
2026-07-10,68875,2026-08-14,put,mini,3345,0.3255,35,3345.0
2026-07-10,69000,2026-08-14,put,mini,49,0.3239,35,3405.0
2026-07-10,69125,2026-08-14,put,mini,1,0.3246,35,3485.0
2026-07-10,69250,2026-08-14,put,mini,27,0.3239,35,3555.0
2026-07-10,69375,2026-08-14,put,mini,3620,0.3226,35,3620.0
2026-07-10,69500,2026-08-14,put,mini,113,0.3205,35,3680.0
2026-07-10,69625,2026-08-14,put,mini,3765,0.3214,35,3765.0
2026-07-10,69750,2026-08-14,put,mini,34,0.3221,35,3850.0
2026-07-10,70000,2026-08-14,put,mini,34,0.3215,35,4005.0
2026-07-10,70125,2026-08-14,put,mini,4065,0.3188,35,4065.0
2026-07-10,70250,2026-08-14,put,mini,1,0.3198,35,4155.0
2026-07-10,70500,2026-08-14,put,mini,56,0.3151,35,4285.0
2026-07-10,70750,2026-08-14,put,mini,60,0.317,35,4470.0
2026-07-10,70875,2026-08-14,put,mini,4540,0.3148,35,4540.0
2026-07-10,71000,2026-08-14,put,mini,651,0.3184,35,4655.0
2026-07-10,71250,2026-08-14,put,mini,512,0.3149,35,4805.0
2026-07-10,71375,2026-08-14,put,mini,492,0.3129,35,4880.0
2026-07-10,71500,2026-08-14,put,mini,1,0.3108,35,4955.0
2026-07-10,71750,2026-08-14,put,mini,2,0.3124,35,5150.0
2026-07-10,72000,2026-08-14,put,mini,10,0.3087,35,5310.0
2026-07-10,72125,2026-08-14,put,mini,5410,0.3095,35,5410.0
2026-07-10,72250,2026-08-14,put,mini,3,0.3102,35,5510.0
2026-07-10,72500,2026-08-14,put,mini,14,0.3099,35,5700.0
2026-07-10,72750,2026-08-14,put,mini,2,0.3068,35,5875.0
2026-07-10,73000,2026-08-14,put,mini,4,0.3063,35,6070.0
2026-07-10,73250,2026-08-14,put,mini,6260,0.3046,35,6260.0
2026-07-10,73750,2026-08-14,put,mini,15,0.3021,35,6655.0
2026-07-10,74000,2026-08-14,put,mini,4,0.3024,35,6865.0
2026-07-10,74250,2026-08-14,put,mini,15,0.3013,35,7070.0
2026-07-10,75000,2026-08-14,put,mini,1,0.295,35,7685.0
2026-07-10,75250,2026-08-14,put,mini,5,0.2961,35,7910.0
2026-07-10,61250,2026-09-11,put,mini,36,0.3701,63,1520.0
2026-07-10,61375,2026-09-11,put,mini,1,0.3689,63,1545.0
2026-07-10,61500,2026-09-11,put,mini,20,0.3682,63,1575.0
2026-07-10,61625,2026-09-11,put,mini,1,0.3669,63,1600.0
2026-07-10,61750,2026-09-11,put,mini,3,0.3662,63,1630.0
2026-07-10,62000,2026-09-11,put,mini,15,0.3645,63,1690.0
2026-07-10,62250,2026-09-11,put,mini,30,0.3626,63,1750.0
2026-07-10,63000,2026-09-11,put,mini,34,0.3557,63,1930.0
2026-07-10,63500,2026-09-11,put,mini,2,0.3533,63,2080.0
2026-07-10,63625,2026-09-11,put,mini,4,0.3523,63,2115.0
2026-07-10,63750,2026-09-11,put,mini,2105,0.3468,63,2105.0
2026-07-10,64000,2026-09-11,put,mini,33,0.3495,63,2225.0
2026-07-10,64250,2026-09-11,put,mini,2250,0.3427,63,2250.0
2026-07-10,64500,2026-09-11,put,mini,9,0.3459,63,2380.0
2026-07-10,65000,2026-09-11,put,mini,11,0.3424,63,2545.0
2026-07-10,65125,2026-09-11,put,mini,2,0.3413,63,2585.0
2026-07-10,65250,2026-09-11,put,mini,1,0.3368,63,2590.0
2026-07-10,65375,2026-09-11,put,mini,2,0.3398,63,2675.0
2026-07-10,65500,2026-09-11,put,mini,3,0.339,63,2720.0
2026-07-10,66000,2026-09-11,put,mini,40,0.3356,63,2905.0
2026-07-10,66500,2026-09-11,put,mini,7,0.3327,63,3105.0
2026-07-10,66750,2026-09-11,put,mini,3205,0.331,63,3205.0
2026-07-10,67000,2026-09-11,put,mini,5,0.3294,63,3310.0
2026-07-10,67250,2026-09-11,put,mini,2,0.3285,63,3425.0
2026-07-10,67500,2026-09-11,put,mini,6,0.3269,63,3535.0
2026-07-10,67750,2026-09-11,put,mini,1,0.326,63,3655.0
2026-07-10,68000,2026-09-11,put,mini,49,0.3248,63,3775.0
2026-07-10,68250,2026-09-11,put,mini,16,0.3239,63,3900.0
2026-07-10,68500,2026-09-11,put,mini,4000,0.3205,63,4000.0
2026-07-10,69000,2026-09-11,put,mini,20,0.3182,63,4260.0
2026-07-10,69250,2026-09-11,put,mini,3,0.3172,63,4395.0
2026-07-10,70000,2026-09-11,put,mini,5,0.314,63,4815.0
2026-07-10,71000,2026-09-11,put,mini,5415,0.3099,63,5415.0
2026-07-10,71250,2026-09-11,put,mini,3,0.3092,63,5575.0
2026-07-10,71500,2026-09-11,put,mini,3,0.3082,63,5735.0
2026-07-10,71750,2026-09-11,put,mini,12,0.3075,63,5900.0
2026-07-10,72000,2026-09-11,put,mini,2,0.3065,63,6065.0
2026-07-10,72250,2026-09-11,put,mini,6235,0.3058,63,6235.0
2026-07-10,72375,2026-09-11,put,mini,6320,0.3053,63,6320.0
2026-07-10,72500,2026-09-11,put,mini,1,0.3048,63,6405.0
2026-07-10,73000,2026-09-11,put,mini,6750,0.3025,63,6750.0
2026-07-10,73500,2026-09-11,put,mini,16,0.3008,63,7110.0
2026-07-10,74000,2026-09-11,put,mini,12,0.2997,63,7485.0
2026-07-10,74250,2026-09-11,put,mini,1,0.2985,63,7670.0
2026-07-10,75000,2026-09-11,put,mini,56,0.2961,63,8250.0
2026-07-10,75250,2026-09-11,call,mini,2,1.0054,63,8445.0
2026-07-10,71250,2026-07-15,call,mini,2,0.4049,5,242.0
2026-07-10,72500,2026-07-15,call,mini,2,0.4079,5,117.0
2026-07-10,72875,2026-07-15,call,mini,93,0.409,5,93.0
2026-07-10,75000,2026-07-15,call,mini,44,0.4608,5,44.0
2026-07-10,75375,2026-07-15,call,mini,64,0.4595,5,34.0
2026-07-10,64750,2026-07-17,call,mini,3585,0.4593,7,3585.0
2026-07-10,66000,2026-07-17,call,mini,30,0.4328,7,2620.0
2026-07-10,66500,2026-07-17,call,mini,12,0.432,7,2300.0
2026-07-10,66750,2026-07-17,call,mini,4,0.4207,7,2110.0
2026-07-10,67000,2026-07-17,call,mini,30,0.4205,7,1965.0
2026-07-10,67250,2026-07-17,call,mini,6,0.4145,7,1805.0
2026-07-10,67500,2026-07-17,call,mini,21,0.4149,7,1675.0
2026-07-10,67750,2026-07-17,call,mini,4,0.4123,7,1540.0
2026-07-10,67875,2026-07-17,call,mini,1,0.411,7,1475.0
2026-07-10,68000,2026-07-17,call,mini,46,0.3959,7,1360.0
2026-07-10,68250,2026-07-17,call,mini,102,0.3938,7,1240.0
2026-07-10,68500,2026-07-17,call,mini,27,0.3912,7,1125.0
2026-07-10,68625,2026-07-17,call,mini,1070,0.3899,7,1070.0
2026-07-10,68750,2026-07-17,call,mini,2,0.3881,7,1015.0
2026-07-10,69000,2026-07-17,call,mini,48,0.3817,7,900.0
2026-07-10,69250,2026-07-17,call,mini,114,0.3804,7,810.0
2026-07-10,69375,2026-07-17,call,mini,3,0.379,7,765.0
2026-07-10,69500,2026-07-17,call,mini,226,0.3786,7,725.0
2026-07-10,69750,2026-07-17,call,mini,205,0.3749,7,640.0
2026-07-10,69875,2026-07-17,call,mini,595,0.3715,7,595.0
2026-07-10,70000,2026-07-17,call,mini,2314,0.3787,7,585.0
2026-07-10,70125,2026-07-17,call,mini,1,0.3857,7,575.0
2026-07-10,70250,2026-07-17,call,mini,102,0.3925,7,565.0
2026-07-10,70500,2026-07-17,call,mini,85,0.3763,7,460.0
2026-07-10,70625,2026-07-17,call,mini,5,0.3731,7,425.0
2026-07-10,70750,2026-07-17,call,mini,20,0.3767,7,410.0
2026-07-10,70875,2026-07-17,call,mini,370,0.3705,7,370.0
2026-07-10,71000,2026-07-17,call,mini,143,0.3773,7,365.0
2026-07-10,71250,2026-07-17,call,mini,3,0.3699,7,305.0
2026-07-10,71375,2026-07-17,call,mini,276,0.3655,7,276.0
2026-07-10,71500,2026-07-17,call,mini,127,0.3649,7,257.0
2026-07-10,71625,2026-07-17,call,mini,1,0.3671,7,245.0
2026-07-10,71750,2026-07-17,call,mini,77,0.3724,7,240.0
2026-07-10,71875,2026-07-17,call,mini,2,0.363,7,206.0
2026-07-10,72000,2026-07-17,call,mini,192,0.3569,7,181.0
2026-07-10,72125,2026-07-17,call,mini,120,0.3619,7,177.0
2026-07-10,72250,2026-07-17,call,mini,11,0.3596,7,161.0
2026-07-10,72500,2026-07-17,call,mini,30,0.359,7,138.0
2026-07-10,72625,2026-07-17,call,mini,50,0.3548,7,122.0
2026-07-10,72750,2026-07-17,call,mini,58,0.3526,7,110.0
2026-07-10,72875,2026-07-17,call,mini,1,0.3513,7,100.0
2026-07-10,73000,2026-07-17,call,mini,120,0.351,7,92.0
2026-07-10,73125,2026-07-17,call,mini,1,0.3467,7,80.0
2026-07-10,73250,2026-07-17,call,mini,11,0.3461,7,73.0
2026-07-10,73500,2026-07-17,call,mini,110,0.3518,7,67.0
2026-07-10,73625,2026-07-17,call,mini,2,0.3511,7,61.0
2026-07-10,74000,2026-07-17,call,mini,245,0.3574,7,52.0
2026-07-10,74125,2026-07-17,call,mini,1,0.3494,7,42.0
2026-07-10,74250,2026-07-17,call,mini,57,0.3518,7,40.0
2026-07-10,74375,2026-07-17,call,mini,2,0.3525,7,37.0
2026-07-10,74500,2026-07-17,call,mini,118,0.3577,7,37.0
2026-07-10,74625,2026-07-17,call,mini,34,0.3579,7,34.0
2026-07-10,74750,2026-07-17,call,mini,1,0.3577,7,31.0
2026-07-10,74875,2026-07-17,call,mini,2,0.357,7,28.0
2026-07-10,75000,2026-07-17,call,mini,218,0.3443,7,20.0
2026-07-10,75125,2026-07-17,call,mini,4,0.3465,7,19.0
2026-07-10,75250,2026-07-17,call,mini,39,0.3486,7,18.0
2026-07-10,75375,2026-07-17,call,mini,224,0.3505,7,17.0
2026-07-10,72500,2026-07-22,call,mini,2,0.3485,12,320.0
2026-07-10,66000,2026-07-24,call,mini,20,0.3823,14,2990.0
2026-07-10,68000,2026-07-24,call,mini,2,0.3611,14,1790.0
2026-07-10,69250,2026-07-24,call,mini,8,0.3518,14,1225.0
2026-07-10,69375,2026-07-24,call,mini,1,0.3507,14,1175.0
2026-07-10,69500,2026-07-24,call,mini,20,0.3474,14,1115.0
2026-07-10,69750,2026-07-24,call,mini,8,0.348,14,1035.0
2026-07-10,70000,2026-07-24,call,mini,28,0.3497,14,965.0
2026-07-10,70750,2026-07-24,call,mini,20,0.3414,14,720.0
2026-07-10,71000,2026-07-24,call,mini,1,0.3413,14,660.0
2026-07-10,72000,2026-07-24,call,mini,2206,0.3429,14,465.0
2026-07-10,72375,2026-07-24,call,mini,410,0.3448,14,410.0
2026-07-10,72500,2026-07-24,call,mini,2,0.3446,14,390.0
2026-07-10,72625,2026-07-24,call,mini,1,0.3456,14,375.0
2026-07-10,72750,2026-07-24,call,mini,360,0.3464,14,360.0
2026-07-10,73000,2026-07-24,call,mini,26,0.3476,14,330.0
2026-07-10,73500,2026-07-24,call,mini,4,0.3458,14,266.0
2026-07-10,74000,2026-07-24,call,mini,1,0.3456,14,216.0
2026-07-10,74500,2026-07-24,call,mini,2,0.3458,14,175.0
2026-07-10,75000,2026-07-24,call,mini,2,0.3454,14,140.0
2026-07-10,75375,2026-07-24,call,mini,6,0.3452,14,118.0
2026-07-10,66000,2026-07-31,call,mini,20,0.3754,21,3375.0
2026-07-10,70750,2026-07-31,call,mini,30,0.3379,21,1050.0
2026-07-10,66000,2026-08-07,call,mini,30,0.3714,28,3705.0
2026-07-10,56750,2026-08-14,call,mini,26,0.4818,35,11530.0
2026-07-10,57000,2026-08-14,call,mini,12,0.4782,35,11300.0
2026-07-10,57250,2026-08-14,call,mini,9,0.4757,35,11075.0
2026-07-10,57875,2026-08-14,call,mini,1,0.4665,35,10505.0
2026-07-10,58000,2026-08-14,call,mini,10385,0.4632,35,10385.0
2026-07-10,58875,2026-08-14,call,mini,1,0.45,35,9595.0
2026-07-10,59000,2026-08-14,call,mini,10,0.4464,35,9475.0
2026-07-10,60000,2026-08-14,call,mini,22,0.4355,35,8610.0
2026-07-10,60250,2026-08-14,call,mini,1,0.4306,35,8385.0
2026-07-10,60500,2026-08-14,call,mini,1,0.4273,35,8170.0
2026-07-10,61000,2026-08-14,call,mini,30,0.4208,35,7745.0
2026-07-10,61250,2026-08-14,call,mini,7540,0.4185,35,7540.0
2026-07-10,61500,2026-08-14,call,mini,54,0.415,35,7330.0
2026-07-10,61750,2026-08-14,call,mini,12,0.4113,35,7120.0
2026-07-10,62000,2026-08-14,call,mini,648,0.409,35,6920.0
2026-07-10,62250,2026-08-14,call,mini,528,0.4032,35,6700.0
2026-07-10,62375,2026-08-14,call,mini,495,0.405,35,6620.0
2026-07-10,62500,2026-08-14,call,mini,10,0.3988,35,6490.0
2026-07-10,62750,2026-08-14,call,mini,6,0.3995,35,6315.0
2026-07-10,63000,2026-08-14,call,mini,2,0.393,35,6095.0
2026-07-10,63250,2026-08-14,call,mini,6,0.3937,35,5925.0
2026-07-10,63500,2026-08-14,call,mini,4,0.394,35,5755.0
2026-07-10,63750,2026-08-14,call,mini,5555,0.3896,35,5555.0
2026-07-10,64000,2026-08-14,call,mini,3,0.3856,35,5360.0
2026-07-10,64250,2026-08-14,call,mini,2,0.3841,35,5185.0
2026-07-10,64500,2026-08-14,call,mini,3,0.3809,35,5000.0
2026-07-10,64750,2026-08-14,call,mini,4830,0.3794,35,4830.0
2026-07-10,64875,2026-08-14,call,mini,1,0.3791,35,4750.0
2026-07-10,65000,2026-08-14,call,mini,3,0.3762,35,4650.0
2026-07-10,65250,2026-08-14,call,mini,4480,0.374,35,4480.0
2026-07-10,65500,2026-08-14,call,mini,10,0.3733,35,4325.0
2026-07-10,65750,2026-08-14,call,mini,3,0.3691,35,4145.0
2026-07-10,65875,2026-08-14,call,mini,1,0.3694,35,4075.0
2026-07-10,66000,2026-08-14,call,mini,59,0.3683,35,3995.0
2026-07-10,66250,2026-08-14,call,mini,9,0.364,35,3820.0
2026-07-10,66375,2026-08-14,call,mini,1,0.3645,35,3755.0
2026-07-10,66500,2026-08-14,call,mini,7,0.3631,35,3675.0
2026-07-10,66750,2026-08-14,call,mini,19,0.3618,35,3530.0
2026-07-10,67000,2026-08-14,call,mini,116,0.3601,35,3385.0
2026-07-10,67250,2026-08-14,call,mini,2,0.3556,35,3220.0
2026-07-10,67500,2026-08-14,call,mini,20,0.3544,35,3085.0
2026-07-10,67750,2026-08-14,call,mini,8,0.3521,35,2945.0
2026-07-10,68000,2026-08-14,call,mini,62,0.3495,35,2805.0
2026-07-10,68125,2026-08-14,call,mini,2735,0.348,35,2735.0
2026-07-10,68250,2026-08-14,call,mini,16,0.3488,35,2685.0
2026-07-10,68500,2026-08-14,call,mini,10,0.3477,35,2565.0
2026-07-10,68750,2026-08-14,call,mini,1,0.3439,35,2425.0
2026-07-10,68875,2026-08-14,call,mini,1,0.3436,35,2370.0
2026-07-10,69000,2026-08-14,call,mini,78,0.342,35,2305.0
2026-07-10,69125,2026-08-14,call,mini,2260,0.3427,35,2260.0
2026-07-10,69250,2026-08-14,call,mini,27,0.3421,35,2205.0
2026-07-10,69375,2026-08-14,call,mini,2145,0.3408,35,2145.0
2026-07-10,69500,2026-08-14,call,mini,111,0.3388,35,2080.0
2026-07-10,69750,2026-08-14,call,mini,34,0.3406,35,2000.0
2026-07-10,69875,2026-08-14,call,mini,1,0.3389,35,1940.0
2026-07-10,70000,2026-08-14,call,mini,113,0.3401,35,1905.0
2026-07-10,70250,2026-08-14,call,mini,5,0.3386,35,1805.0
2026-07-10,70500,2026-08-14,call,mini,86,0.3342,35,1685.0
2026-07-10,70750,2026-08-14,call,mini,75,0.3362,35,1620.0
2026-07-10,70875,2026-08-14,call,mini,1565,0.3343,35,1565.0
2026-07-10,71000,2026-08-14,call,mini,751,0.338,35,1555.0
2026-07-10,71125,2026-08-14,call,mini,15,0.3338,35,1485.0
2026-07-10,71250,2026-08-14,call,mini,478,0.3348,35,1455.0
2026-07-10,71375,2026-08-14,call,mini,546,0.333,35,1405.0
2026-07-10,71500,2026-08-14,call,mini,151,0.3311,35,1355.0
2026-07-10,71625,2026-08-14,call,mini,3,0.3324,35,1330.0
2026-07-10,71750,2026-08-14,call,mini,8,0.333,35,1300.0
2026-07-10,72000,2026-08-14,call,mini,195,0.3298,35,1210.0
2026-07-10,72125,2026-08-14,call,mini,1185,0.3307,35,1185.0
2026-07-10,72250,2026-08-14,call,mini,17,0.3316,35,1160.0
2026-07-10,72375,2026-08-14,call,mini,2,0.3303,35,1120.0
2026-07-10,72500,2026-08-14,call,mini,54,0.3325,35,1105.0
2026-07-10,72625,2026-08-14,call,mini,1055,0.3295,35,1055.0
2026-07-10,72750,2026-08-14,call,mini,9,0.3301,35,1030.0
2026-07-10,72875,2026-08-14,call,mini,15,0.332,35,1015.0
2026-07-10,73000,2026-08-14,call,mini,153,0.3301,35,975.0
2026-07-10,73250,2026-08-14,call,mini,915,0.3291,35,915.0
2026-07-10,73375,2026-08-14,call,mini,895,0.3299,35,895.0
2026-07-10,73500,2026-08-14,call,mini,13,0.3284,35,860.0
2026-07-10,73625,2026-08-14,call,mini,840,0.3291,35,840.0
2026-07-10,73750,2026-08-14,call,mini,20,0.3281,35,810.0
2026-07-10,73875,2026-08-14,call,mini,790,0.3286,35,790.0
2026-07-10,74000,2026-08-14,call,mini,299,0.329,35,770.0
2026-07-10,74250,2026-08-14,call,mini,211,0.3288,35,725.0
2026-07-10,74375,2026-08-14,call,mini,700,0.3282,35,700.0
2026-07-10,74500,2026-08-14,call,mini,13,0.3265,35,670.0
2026-07-10,74625,2026-08-14,call,mini,1,0.3274,35,655.0
2026-07-10,74750,2026-08-14,call,mini,4,0.3273,35,635.0
2026-07-10,74875,2026-08-14,call,mini,2,0.328,35,620.0
2026-07-10,75000,2026-08-14,call,mini,279,0.3258,35,590.0
2026-07-10,75125,2026-08-14,call,mini,5,0.3273,35,580.0
2026-07-10,75250,2026-08-14,call,mini,25,0.3278,35,565.0
2026-07-10,75375,2026-08-14,call,mini,54,0.3273,35,545.0
2026-07-10,61250,2026-09-11,call,mini,22,0.3882,63,8180.0
2026-07-10,62000,2026-09-11,call,mini,2,0.3817,63,7600.0
2026-07-10,63000,2026-09-11,call,mini,32,0.3725,63,6845.0
2026-07-10,64000,2026-09-11,call,mini,12,0.3655,63,6140.0
2026-07-10,65000,2026-09-11,call,mini,3,0.3577,63,5460.0
2026-07-10,66000,2026-09-11,call,mini,30,0.3509,63,4825.0
2026-07-10,66500,2026-09-11,call,mini,7,0.3478,63,4525.0
2026-07-10,66750,2026-09-11,call,mini,4375,0.3459,63,4375.0
2026-07-10,68000,2026-09-11,call,mini,68,0.3396,63,3695.0
2026-07-10,68250,2026-09-11,call,mini,20,0.3386,63,3570.0
2026-07-10,68750,2026-09-11,call,mini,3295,0.3337,63,3295.0
2026-07-10,69000,2026-09-11,call,mini,4,0.333,63,3180.0
2026-07-10,70000,2026-09-11,call,mini,10,0.3289,63,2735.0
2026-07-10,70125,2026-09-11,call,mini,1,0.3287,63,2685.0
2026-07-10,70500,2026-09-11,call,mini,1,0.3271,63,2530.0
2026-07-10,71000,2026-09-11,call,mini,12,0.3257,63,2340.0
2026-07-10,71250,2026-09-11,call,mini,5,0.3251,63,2250.0
2026-07-10,71500,2026-09-11,call,mini,4,0.3243,63,2160.0
2026-07-10,71750,2026-09-11,call,mini,12,0.3237,63,2075.0
2026-07-10,72000,2026-09-11,call,mini,28,0.3229,63,1990.0
2026-07-10,72500,2026-09-11,call,mini,1,0.3215,63,1830.0
2026-07-10,72750,2026-09-11,call,mini,1,0.321,63,1755.0
2026-07-10,72875,2026-09-11,call,mini,1720,0.3209,63,1720.0
2026-07-10,73000,2026-09-11,call,mini,5,0.3202,63,1680.0
2026-07-10,73125,2026-09-11,call,mini,1,0.32,63,1645.0
2026-07-10,73500,2026-09-11,call,mini,1,0.3191,63,1540.0
2026-07-10,73750,2026-09-11,call,mini,21,0.3186,63,1475.0
2026-07-10,74000,2026-09-11,call,mini,10,0.3185,63,1415.0
2026-07-10,74250,2026-09-11,call,mini,9,0.3177,63,1350.0
2026-07-10,74500,2026-09-11,call,mini,2,0.3177,63,1295.0
2026-07-10,74750,2026-09-11,call,mini,1235,0.3169,63,1235.0
2026-07-10,74875,2026-09-11,call,mini,1,0.3164,63,1205.0
2026-07-10,75000,2026-09-11,call,mini,88,0.3165,63,1180.0
2026-07-10,75250,2026-09-11,call,mini,1,0.3158,63,1125.0
2026-07-10,75375,2026-09-11,call,mini,1,0.3157,63,1100.0
