date,strike,expiry,type,oi,iv,days_to_expiry,settlement
2026-07-03,20000,2026-07-09,put,2096,2.834,6,1.0
2026-07-03,22000,2026-07-09,put,439,2.6231,6,1.0
2026-07-03,24000,2026-07-09,put,629,2.4309,6,1.0
2026-07-03,25000,2026-07-09,put,2970,2.3408,6,1.0
2026-07-03,26000,2026-07-09,put,385,2.2542,6,1.0
2026-07-03,27000,2026-07-09,put,297,2.1709,6,1.0
2026-07-03,28000,2026-07-09,put,143,2.0907,6,1.0
2026-07-03,29000,2026-07-09,put,280,2.0133,6,1.0
2026-07-03,30000,2026-07-09,put,2633,1.9385,6,1.0
2026-07-03,31000,2026-07-09,put,189,1.8662,6,1.0
2026-07-03,32000,2026-07-09,put,622,1.7961,6,1.0
2026-07-03,33000,2026-07-09,put,312,1.7282,6,1.0
2026-07-03,34000,2026-07-09,put,121,1.6622,6,1.0
2026-07-03,35000,2026-07-09,put,2208,1.5982,6,1.0
2026-07-03,35500,2026-07-09,put,106,1.5668,6,1.0
2026-07-03,35750,2026-07-09,put,1,1.5513,6,1.0
2026-07-03,36000,2026-07-09,put,776,1.5359,6,1.0
2026-07-03,36250,2026-07-09,put,1,1.6017,6,2.0
2026-07-03,36500,2026-07-09,put,114,1.5857,6,2.0
2026-07-03,36750,2026-07-09,put,12,1.5699,6,2.0
2026-07-03,37000,2026-07-09,put,112,1.5542,6,2.0
2026-07-03,37250,2026-07-09,put,4,1.5385,6,2.0
2026-07-03,37500,2026-07-09,put,107,1.523,6,2.0
2026-07-03,37750,2026-07-09,put,3,1.5075,6,2.0
2026-07-03,38000,2026-07-09,put,167,1.4922,6,2.0
2026-07-03,38250,2026-07-09,put,3,1.477,6,2.0
2026-07-03,38500,2026-07-09,put,232,1.4618,6,2.0
2026-07-03,38750,2026-07-09,put,1,1.4468,6,2.0
2026-07-03,39000,2026-07-09,put,720,1.4318,6,2.0
2026-07-03,39250,2026-07-09,put,1,1.4169,6,2.0
2026-07-03,39500,2026-07-09,put,60,1.4022,6,2.0
2026-07-03,39750,2026-07-09,put,34,1.3875,6,2.0
2026-07-03,40000,2026-07-09,put,2665,1.3729,6,2.0
2026-07-03,40250,2026-07-09,put,15,1.3584,6,2.0
2026-07-03,40500,2026-07-09,put,171,1.3439,6,2.0
2026-07-03,40750,2026-07-09,put,17,1.3744,6,3.0
2026-07-03,41000,2026-07-09,put,118,1.3597,6,3.0
2026-07-03,41250,2026-07-09,put,57,1.3451,6,3.0
2026-07-03,41500,2026-07-09,put,218,1.3306,6,3.0
2026-07-03,41750,2026-07-09,put,13,1.3162,6,3.0
2026-07-03,42000,2026-07-09,put,338,1.3018,6,3.0
2026-07-03,42250,2026-07-09,put,19,1.3199,6,4.0
2026-07-03,42500,2026-07-09,put,207,1.3054,6,4.0
2026-07-03,42750,2026-07-09,put,68,1.2909,6,4.0
2026-07-03,43000,2026-07-09,put,839,1.2766,6,4.0
2026-07-03,43250,2026-07-09,put,25,1.2623,6,4.0
2026-07-03,43500,2026-07-09,put,102,1.2481,6,4.0
2026-07-03,43750,2026-07-09,put,27,1.2339,6,4.0
2026-07-03,44000,2026-07-09,put,408,1.2199,6,4.0
2026-07-03,44250,2026-07-09,put,82,1.2304,6,5.0
2026-07-03,44500,2026-07-09,put,474,1.2163,6,5.0
2026-07-03,44750,2026-07-09,put,47,1.2022,6,5.0
2026-07-03,45000,2026-07-09,put,2400,1.1882,6,5.0
2026-07-03,45250,2026-07-09,put,25,1.1742,6,5.0
2026-07-03,45500,2026-07-09,put,225,1.1803,6,6.0
2026-07-03,45750,2026-07-09,put,17,1.1663,6,6.0
2026-07-03,46000,2026-07-09,put,709,1.1524,6,6.0
2026-07-03,46250,2026-07-09,put,79,1.1385,6,6.0
2026-07-03,46500,2026-07-09,put,329,1.1415,6,7.0
2026-07-03,46750,2026-07-09,put,4,1.1276,6,7.0
2026-07-03,47000,2026-07-09,put,1036,1.1137,6,7.0
2026-07-03,47250,2026-07-09,put,47,1.1146,6,8.0
2026-07-03,47500,2026-07-09,put,186,1.1007,6,8.0
2026-07-03,47750,2026-07-09,put,163,1.1,6,9.0
2026-07-03,48000,2026-07-09,put,2947,1.0589,6,7.0
2026-07-03,48250,2026-07-09,put,30,1.084,6,10.0
2026-07-03,48500,2026-07-09,put,770,1.0701,6,10.0
2026-07-03,48750,2026-07-09,put,24,1.0562,6,10.0
2026-07-03,49000,2026-07-09,put,511,1.0424,6,10.0
2026-07-03,49250,2026-07-09,put,43,1.0392,6,11.0
2026-07-03,49500,2026-07-09,put,369,1.015,6,10.0
2026-07-03,49750,2026-07-09,put,18,1.0212,6,12.0
2026-07-03,50000,2026-07-09,put,2284,0.998,6,11.0
2026-07-03,50250,2026-07-09,put,17,1.0108,6,14.0
2026-07-03,50500,2026-07-09,put,102,0.997,6,14.0
2026-07-03,50750,2026-07-09,put,6,0.9831,6,14.0
2026-07-03,51000,2026-07-09,put,1393,0.9694,6,14.0
2026-07-03,51250,2026-07-09,put,7,0.9557,6,14.0
2026-07-03,51500,2026-07-09,put,801,0.9495,6,15.0
2026-07-03,51750,2026-07-09,put,8,0.9495,6,17.0
2026-07-03,52000,2026-07-09,put,1152,0.9421,6,18.0
2026-07-03,52250,2026-07-09,put,101,0.9343,6,19.0
2026-07-03,52500,2026-07-09,put,776,0.9262,6,20.0
2026-07-03,52750,2026-07-09,put,19,0.9178,6,21.0
2026-07-03,52875,2026-07-09,put,2,0.9161,6,22.0
2026-07-03,53000,2026-07-09,put,4067,0.8747,6,16.0
2026-07-03,53125,2026-07-09,put,4,0.9072,6,23.0
2026-07-03,53250,2026-07-09,put,406,0.9002,6,23.0
2026-07-03,53375,2026-07-09,put,163,0.8981,6,24.0
2026-07-03,53500,2026-07-09,put,209,0.8911,6,24.0
2026-07-03,53625,2026-07-09,put,4,0.8888,6,25.0
2026-07-03,53750,2026-07-09,put,18,0.8818,6,25.0
2026-07-03,53875,2026-07-09,put,110,0.8792,6,26.0
2026-07-03,54000,2026-07-09,put,783,0.8722,6,26.0
2026-07-03,54125,2026-07-09,put,8,0.8695,6,27.0
2026-07-03,54250,2026-07-09,put,17,0.8625,6,27.0
2026-07-03,54375,2026-07-09,put,22,0.8597,6,28.0
2026-07-03,54500,2026-07-09,put,282,0.8526,6,28.0
2026-07-03,54625,2026-07-09,put,3,0.8496,6,29.0
2026-07-03,54750,2026-07-09,put,18,0.8426,6,29.0
2026-07-03,54875,2026-07-09,put,7,0.8394,6,30.0
2026-07-03,55000,2026-07-09,put,3438,0.8124,6,25.0
2026-07-03,55125,2026-07-09,put,100,0.8254,6,30.0
2026-07-03,55250,2026-07-09,put,9,0.8221,6,31.0
2026-07-03,55375,2026-07-09,put,11,0.815,6,31.0
2026-07-03,55500,2026-07-09,put,504,0.8116,6,32.0
2026-07-03,55625,2026-07-09,put,4,0.808,6,33.0
2026-07-03,55750,2026-07-09,put,8,0.801,6,33.0
2026-07-03,55875,2026-07-09,put,7,0.8038,6,36.0
2026-07-03,56000,2026-07-09,put,1764,0.7998,6,37.0
2026-07-03,56125,2026-07-09,put,4,0.7896,6,36.0
2026-07-03,56250,2026-07-09,put,98,0.7886,6,38.0
2026-07-03,56375,2026-07-09,put,736,0.7845,6,39.0
2026-07-03,56500,2026-07-09,put,414,0.7831,6,41.0
2026-07-03,56625,2026-07-09,put,78,0.7732,6,40.0
2026-07-03,56750,2026-07-09,put,30,0.7688,6,41.0
2026-07-03,56875,2026-07-09,put,15,0.7617,6,41.0
2026-07-03,57000,2026-07-09,put,2297,0.7573,6,42.0
2026-07-03,57250,2026-07-09,put,17,0.7509,6,45.0
2026-07-03,57375,2026-07-09,put,2,0.7673,6,55.0
2026-07-03,57500,2026-07-09,put,584,0.7486,6,50.0
2026-07-03,57625,2026-07-09,put,18,0.7414,6,50.0
2026-07-03,57750,2026-07-09,put,16,0.7341,6,50.0
2026-07-03,57875,2026-07-09,put,42,0.7269,6,50.0
2026-07-03,58000,2026-07-09,put,3477,0.7174,6,49.0
2026-07-03,58125,2026-07-09,put,13,0.7213,6,54.0
2026-07-03,58250,2026-07-09,put,12,0.7182,6,56.0
2026-07-03,58375,2026-07-09,put,13,0.717,6,59.0
2026-07-03,58500,2026-07-09,put,1290,0.7077,6,58.0
2026-07-03,58625,2026-07-09,put,3,0.7119,6,64.0
2026-07-03,58750,2026-07-09,put,9,0.7064,6,65.0
2026-07-03,58875,2026-07-09,put,24,0.7008,6,66.0
2026-07-03,59000,2026-07-09,put,1576,0.6987,6,69.0
2026-07-03,59125,2026-07-09,put,3,0.6947,6,71.0
2026-07-03,59250,2026-07-09,put,9,0.6938,6,75.0
2026-07-03,59375,2026-07-09,put,3,0.6895,6,77.0
2026-07-03,59500,2026-07-09,put,1787,0.6898,6,82.0
2026-07-03,59625,2026-07-09,put,6,0.6837,6,83.0
2026-07-03,59750,2026-07-09,put,25,0.6761,6,83.0
2026-07-03,59875,2026-07-09,put,123,0.6743,6,87.0
2026-07-03,60000,2026-07-09,put,3893,0.6764,6,94.0
2026-07-03,60125,2026-07-09,put,51,0.6767,6,100.0
2026-07-03,60250,2026-07-09,put,300,0.679,6,108.0
2026-07-03,60375,2026-07-09,put,3,0.6736,6,110.0
2026-07-03,60500,2026-07-09,put,1613,0.6533,6,100.0
2026-07-03,60625,2026-07-09,put,103,0.6578,6,110.0
2026-07-03,60750,2026-07-09,put,30,0.6546,6,114.0
2026-07-03,60875,2026-07-09,put,105,0.6513,6,118.0
2026-07-03,61000,2026-07-09,put,1681,0.6543,6,128.0
2026-07-03,61125,2026-07-09,put,4,0.6452,6,127.0
2026-07-03,61250,2026-07-09,put,229,0.6424,6,132.0
2026-07-03,61375,2026-07-09,put,4,0.6493,6,147.0
2026-07-03,61500,2026-07-09,put,946,0.6392,6,145.0
2026-07-03,61625,2026-07-09,put,1,0.645,6,160.0
2026-07-03,61750,2026-07-09,put,11,0.643,6,167.0
2026-07-03,61875,2026-07-09,put,7,0.6398,6,173.0
2026-07-03,62000,2026-07-09,put,2459,0.6288,6,170.0
2026-07-03,62125,2026-07-09,put,42,0.6355,6,188.0
2026-07-03,62250,2026-07-09,put,76,0.6333,6,196.0
2026-07-03,62375,2026-07-09,put,363,0.6309,6,204.0
2026-07-03,62500,2026-07-09,put,477,0.629,6,213.0
2026-07-03,62625,2026-07-09,put,8,0.6181,6,210.0
2026-07-03,62750,2026-07-09,put,21,0.6159,6,219.0
2026-07-03,62875,2026-07-09,put,5,0.6143,6,229.0
2026-07-03,63000,2026-07-09,put,1848,0.6089,6,234.0
2026-07-03,63125,2026-07-09,put,18,0.6094,6,248.0
2026-07-03,63250,2026-07-09,put,34,0.6076,6,259.0
2026-07-03,63375,2026-07-09,put,51,0.6055,6,270.0
2026-07-03,63500,2026-07-09,put,263,0.5939,6,266.0
2026-07-03,63625,2026-07-09,put,13,0.597,6,286.0
2026-07-03,63750,2026-07-09,put,35,0.6019,6,310.0
2026-07-03,63875,2026-07-09,put,3,0.5953,6,315.0
2026-07-03,64000,2026-07-09,put,1738,0.597,6,335.0
2026-07-03,64250,2026-07-09,put,87,0.5911,6,360.0
2026-07-03,64375,2026-07-09,put,8,0.5892,6,375.0
2026-07-03,64500,2026-07-09,put,1057,0.5894,6,395.0
2026-07-03,64625,2026-07-09,put,195,0.5868,6,410.0
2026-07-03,64750,2026-07-09,put,71,0.584,6,425.0
2026-07-03,64875,2026-07-09,put,21,0.5832,6,445.0
2026-07-03,65000,2026-07-09,put,2911,0.5707,6,440.0
2026-07-03,65125,2026-07-09,put,39,0.5807,6,485.0
2026-07-03,65250,2026-07-09,put,40,0.5768,6,500.0
2026-07-03,65375,2026-07-09,put,50,0.5769,6,525.0
2026-07-03,65500,2026-07-09,put,871,0.5849,6,570.0
2026-07-03,65625,2026-07-09,put,2,0.5761,6,575.0
2026-07-03,65750,2026-07-09,put,7,0.5731,6,595.0
2026-07-03,65875,2026-07-09,put,25,0.5719,6,620.0
2026-07-03,66000,2026-07-09,put,1443,0.5722,6,650.0
2026-07-03,66125,2026-07-09,put,283,0.5703,6,675.0
2026-07-03,66250,2026-07-09,put,69,0.5662,6,695.0
2026-07-03,66375,2026-07-09,put,21,0.5673,6,730.0
2026-07-03,66500,2026-07-09,put,1620,0.5751,6,785.0
2026-07-03,66625,2026-07-09,put,15,0.5666,6,795.0
2026-07-03,66750,2026-07-09,put,34,0.5631,6,820.0
2026-07-03,66875,2026-07-09,put,2,0.5662,6,865.0
2026-07-03,67000,2026-07-09,put,1903,0.5571,6,875.0
2026-07-03,67125,2026-07-09,put,20,0.5643,6,935.0
2026-07-03,67250,2026-07-09,put,8,0.5645,6,975.0
2026-07-03,67375,2026-07-09,put,11,0.5611,6,1005.0
2026-07-03,67500,2026-07-09,put,252,0.5463,6,1000.0
2026-07-03,67625,2026-07-09,put,4,0.5613,6,1090.0
2026-07-03,67750,2026-07-09,put,427,0.5616,6,1135.0
2026-07-03,67875,2026-07-09,put,16,0.56,6,1175.0
2026-07-03,68000,2026-07-09,put,1655,0.5536,6,1200.0
2026-07-03,68125,2026-07-09,put,9,0.5648,6,1285.0
2026-07-03,68250,2026-07-09,put,211,0.5652,6,1335.0
2026-07-03,68375,2026-07-09,put,23,0.5622,6,1375.0
2026-07-03,68500,2026-07-09,put,142,0.5764,6,1475.0
2026-07-03,68625,2026-07-09,put,25,0.5683,6,1500.0
2026-07-03,68750,2026-07-09,put,179,0.5657,6,1545.0
2026-07-03,68875,2026-07-09,put,13,0.5614,6,1585.0
2026-07-03,69000,2026-07-09,put,1440,0.5582,6,1630.0
2026-07-03,69125,2026-07-09,put,5,0.5675,6,1720.0
2026-07-03,69250,2026-07-09,put,1247,0.5664,6,1775.0
2026-07-03,69375,2026-07-09,put,59,0.5706,6,1850.0
2026-07-03,69500,2026-07-09,put,820,0.5759,6,1930.0
2026-07-03,69625,2026-07-09,put,24,0.5751,6,1990.0
2026-07-03,69750,2026-07-09,put,519,0.5783,6,2065.0
2026-07-03,69875,2026-07-09,put,24,0.5923,6,2180.0
2026-07-03,70000,2026-07-09,put,1588,0.5709,6,2170.0
2026-07-03,70125,2026-07-09,put,12,0.5969,6,2330.0
2026-07-03,70250,2026-07-09,put,205,0.5889,6,2370.0
2026-07-03,70375,2026-07-09,put,2,0.5918,6,2450.0
2026-07-03,70500,2026-07-09,put,22,0.6071,6,2575.0
2026-07-03,70625,2026-07-09,put,2205000,0.5981,6,2615.0
2026-07-03,70750,2026-07-09,put,2,0.6071,6,2720.0
2026-07-03,70875,2026-07-09,put,1,0.606,6,2790.0
2026-07-03,71000,2026-07-09,put,126,0.6173,6,2905.0
2026-07-03,71125,2026-07-09,put,2,0.6127,6,2965.0
2026-07-03,71250,2026-07-09,put,6,0.6207,6,3070.0
2026-07-03,71375,2026-07-09,put,1,0.6227,6,3155.0
2026-07-03,71500,2026-07-09,put,42,0.6331,6,3270.0
2026-07-03,71625,2026-07-09,put,1,0.6302,6,3340.0
2026-07-03,72000,2026-07-09,put,339,0.6522,6,3660.0
2026-07-03,72500,2026-07-09,put,17,0.6784,6,4085.0
2026-07-03,73000,2026-07-09,put,5,0.6892,6,4470.0
2026-07-03,73500,2026-07-09,put,2,0.7142,6,4910.0
2026-07-03,74000,2026-07-09,put,13,0.7136,6,5280.0
2026-07-03,75000,2026-07-09,put,5,0.8003,6,6300.0
2026-07-03,20000,2026-08-13,put,659,1.176,41,3.0
2026-07-03,22000,2026-08-13,put,64,1.1144,41,4.0
2026-07-03,24000,2026-08-13,put,57,1.0527,41,5.0
2026-07-03,25000,2026-08-13,put,2629,1.0443,41,7.0
2026-07-03,26000,2026-08-13,put,8,1.0294,41,9.0
2026-07-03,27000,2026-08-13,put,9,0.9918,41,9.0
2026-07-03,28000,2026-08-13,put,28,0.9651,41,10.0
2026-07-03,30000,2026-08-13,put,5265,0.9324,41,15.0
2026-07-03,31000,2026-08-13,put,9,0.9206,41,19.0
2026-07-03,32000,2026-08-13,put,79,0.9009,41,22.0
2026-07-03,33000,2026-08-13,put,10,0.8719,41,23.0
2026-07-03,34000,2026-08-13,put,16,0.8511,41,26.0
2026-07-03,35000,2026-08-13,put,315,0.836,41,31.0
2026-07-03,36000,2026-08-13,put,51,0.8132,41,34.0
2026-07-03,37000,2026-08-13,put,41,0.7928,41,38.0
2026-07-03,37500,2026-08-13,put,50,0.7823,41,40.0
2026-07-03,38000,2026-08-13,put,1514,0.7785,41,45.0
2026-07-03,38500,2026-08-13,put,81,0.7653,41,46.0
2026-07-03,39000,2026-08-13,put,114,0.7622,41,52.0
2026-07-03,39500,2026-08-13,put,1,0.7489,41,53.0
2026-07-03,40000,2026-08-13,put,765,0.7411,41,57.0
2026-07-03,40250,2026-08-13,put,7,0.7353,41,58.0
2026-07-03,40500,2026-08-13,put,30,0.7311,41,60.0
2026-07-03,40750,2026-08-13,put,5,0.7253,41,61.0
2026-07-03,41000,2026-08-13,put,128,0.7273,41,67.0
2026-07-03,41250,2026-08-13,put,25,0.7167,41,65.0
2026-07-03,41500,2026-08-13,put,6,0.7138,41,68.0
2026-07-03,41750,2026-08-13,put,20,0.7093,41,70.0
2026-07-03,42000,2026-08-13,put,441,0.7089,41,75.0
2026-07-03,42250,2026-08-13,put,1,0.7001,41,74.0
2026-07-03,42500,2026-08-13,put,175,0.6967,41,77.0
2026-07-03,42750,2026-08-13,put,36,0.6919,41,79.0
2026-07-03,43000,2026-08-13,put,111,0.6908,41,84.0
2026-07-03,43250,2026-08-13,put,8,0.6834,41,84.0
2026-07-03,43500,2026-08-13,put,4,0.6797,41,87.0
2026-07-03,43750,2026-08-13,put,10,0.6758,41,90.0
2026-07-03,44000,2026-08-13,put,165,0.674,41,95.0
2026-07-03,44250,2026-08-13,put,5,0.6667,41,95.0
2026-07-03,44500,2026-08-13,put,205,0.6636,41,99.0
2026-07-03,44750,2026-08-13,put,36,0.6584,41,101.0
2026-07-03,45000,2026-08-13,put,1120,0.6571,41,107.0
2026-07-03,45250,2026-08-13,put,101,0.6468,41,104.0
2026-07-03,45500,2026-08-13,put,150,0.6435,41,108.0
2026-07-03,45750,2026-08-13,put,29,0.639,41,111.0
2026-07-03,46000,2026-08-13,put,398,0.6345,41,114.0
2026-07-03,46250,2026-08-13,put,13,0.6308,41,118.0
2026-07-03,46500,2026-08-13,put,252,0.6304,41,126.0
2026-07-03,46750,2026-08-13,put,55,0.6256,41,129.0
2026-07-03,47000,2026-08-13,put,517,0.6271,41,140.0
2026-07-03,47250,2026-08-13,put,65,0.6167,41,136.0
2026-07-03,47500,2026-08-13,put,226,0.6102,41,137.0
2026-07-03,47750,2026-08-13,put,41,0.6097,41,146.0
2026-07-03,48000,2026-08-13,put,194,0.6095,41,156.0
2026-07-03,48250,2026-08-13,put,18,0.6016,41,155.0
2026-07-03,48500,2026-08-13,put,224,0.6017,41,166.0
2026-07-03,48750,2026-08-13,put,148,0.597,41,170.0
2026-07-03,49000,2026-08-13,put,979,0.5935,41,176.0
2026-07-03,49250,2026-08-13,put,41,0.5893,41,181.0
2026-07-03,49500,2026-08-13,put,452,0.5862,41,188.0
2026-07-03,49750,2026-08-13,put,32,0.5818,41,193.0
2026-07-03,50000,2026-08-13,put,3389,0.5807,41,204.0
2026-07-03,50250,2026-08-13,put,57,0.5744,41,206.0
2026-07-03,50500,2026-08-13,put,234,0.5714,41,214.0
2026-07-03,50750,2026-08-13,put,556,0.5672,41,220.0
2026-07-03,51000,2026-08-13,put,399,0.5639,41,228.0
2026-07-03,51250,2026-08-13,put,50,0.5599,41,235.0
2026-07-03,51500,2026-08-13,put,115,0.5573,41,245.0
2026-07-03,51750,2026-08-13,put,40,0.5532,41,252.0
2026-07-03,52000,2026-08-13,put,470,0.5476,41,256.0
2026-07-03,52250,2026-08-13,put,6,0.5464,41,270.0
2026-07-03,52500,2026-08-13,put,300,0.5428,41,279.0
2026-07-03,52750,2026-08-13,put,41,0.5391,41,288.0
2026-07-03,53000,2026-08-13,put,1017,0.5255,41,273.0
2026-07-03,53250,2026-08-13,put,10,0.533,41,310.0
2026-07-03,53500,2026-08-13,put,217,0.5311,41,325.0
2026-07-03,53750,2026-08-13,put,8,0.5291,41,340.0
2026-07-03,54000,2026-08-13,put,304,0.5234,41,345.0
2026-07-03,54250,2026-08-13,put,9,0.521,41,360.0
2026-07-03,54500,2026-08-13,put,227,0.5168,41,370.0
2026-07-03,54750,2026-08-13,put,1,0.5142,41,385.0
2026-07-03,55000,2026-08-13,put,2387,0.513,41,405.0
2026-07-03,55250,2026-08-13,put,8,0.5084,41,415.0
2026-07-03,55500,2026-08-13,put,216,0.5052,41,430.0
2026-07-03,55750,2026-08-13,put,1000,0.5034,41,450.0
2026-07-03,56000,2026-08-13,put,1161,0.4971,41,455.0
2026-07-03,56250,2026-08-13,put,20,0.4963,41,480.0
2026-07-03,56500,2026-08-13,put,36,0.4953,41,505.0
2026-07-03,56750,2026-08-13,put,29,0.4901,41,515.0
2026-07-03,56875,2026-08-13,put,6,0.49,41,530.0
2026-07-03,57000,2026-08-13,put,443,0.4873,41,535.0
2026-07-03,57250,2026-08-13,put,16,0.4832,41,550.0
2026-07-03,57375,2026-08-13,put,1,0.4829,41,565.0
2026-07-03,57500,2026-08-13,put,421,0.4826,41,580.0
2026-07-03,57625,2026-08-13,put,2,0.4785,41,580.0
2026-07-03,57750,2026-08-13,put,5,0.4793,41,600.0
2026-07-03,57875,2026-08-13,put,1,0.4788,41,615.0
2026-07-03,58000,2026-08-13,put,1124,0.477,41,625.0
2026-07-03,58375,2026-08-13,put,10,0.4705,41,650.0
2026-07-03,58500,2026-08-13,put,129,0.4719,41,675.0
2026-07-03,58625,2026-08-13,put,4,0.4699,41,685.0
2026-07-03,58750,2026-08-13,put,5,0.469,41,700.0
2026-07-03,58875,2026-08-13,put,13,0.468,41,715.0
2026-07-03,59000,2026-08-13,put,505,0.467,41,730.0
2026-07-03,59125,2026-08-13,put,33,0.4649,41,740.0
2026-07-03,59250,2026-08-13,put,18,0.4648,41,760.0
2026-07-03,59375,2026-08-13,put,8,0.4626,41,770.0
2026-07-03,59500,2026-08-13,put,556,0.4624,41,790.0
2026-07-03,59625,2026-08-13,put,10,0.462,41,810.0
2026-07-03,59750,2026-08-13,put,8,0.4597,41,820.0
2026-07-03,59875,2026-08-13,put,12,0.4602,41,845.0
2026-07-03,60000,2026-08-13,put,3352,0.4578,41,855.0
2026-07-03,60125,2026-08-13,put,100,0.4573,41,875.0
2026-07-03,60250,2026-08-13,put,2,0.4548,41,885.0
2026-07-03,60375,2026-08-13,put,7,0.455,41,910.0
2026-07-03,60500,2026-08-13,put,106,0.4525,41,920.0
2026-07-03,60625,2026-08-13,put,102,0.4534,41,950.0
2026-07-03,60750,2026-08-13,put,25,0.4508,41,960.0
2026-07-03,61000,2026-08-13,put,1167,0.4498,41,1005.0
2026-07-03,61125,2026-08-13,put,11,0.4479,41,1020.0
2026-07-03,61375,2026-08-13,put,5,0.4456,41,1060.0
2026-07-03,61500,2026-08-13,put,180,0.4452,41,1085.0
2026-07-03,61750,2026-08-13,put,9,0.4434,41,1130.0
2026-07-03,61875,2026-08-13,put,5,0.4421,41,1150.0
2026-07-03,62000,2026-08-13,put,1940,0.4414,41,1175.0
2026-07-03,62125,2026-08-13,put,125,0.4399,41,1195.0
2026-07-03,62250,2026-08-13,put,125,0.4399,41,1225.0
2026-07-03,62375,2026-08-13,put,3,0.4383,41,1245.0
2026-07-03,62500,2026-08-13,put,1168,0.4381,41,1275.0
2026-07-03,62750,2026-08-13,put,311,0.4361,41,1325.0
2026-07-03,62875,2026-08-13,put,10,0.4343,41,1345.0
2026-07-03,63000,2026-08-13,put,1910,0.4332,41,1370.0
2026-07-03,63125,2026-08-13,put,5,0.4327,41,1400.0
2026-07-03,63250,2026-08-13,put,1260000,0.4314,41,1425.0
2026-07-03,63375,2026-08-13,put,5,0.4315,41,1460.0
2026-07-03,63500,2026-08-13,put,431,0.4308,41,1490.0
2026-07-03,63625,2026-08-13,put,5,0.4294,41,1515.0
2026-07-03,63750,2026-08-13,put,5,0.4279,41,1540.0
2026-07-03,63875,2026-08-13,put,47,0.4277,41,1575.0
2026-07-03,64000,2026-08-13,put,1750,0.4267,41,1605.0
2026-07-03,64125,2026-08-13,put,30,0.4264,41,1640.0
2026-07-03,64250,2026-08-13,put,20,0.4253,41,1670.0
2026-07-03,64375,2026-08-13,put,20,0.4249,41,1705.0
2026-07-03,64500,2026-08-13,put,24,0.4184,41,1695.0
2026-07-03,64625,2026-08-13,put,15,0.4231,41,1770.0
2026-07-03,64750,2026-08-13,put,10,0.423,41,1810.0
2026-07-03,64875,2026-08-13,put,6,0.4216,41,1840.0
2026-07-03,65000,2026-08-13,put,9299,0.4214,41,1880.0
2026-07-03,65125,2026-08-13,put,6,0.4206,41,1915.0
2026-07-03,65250,2026-08-13,put,15,0.4202,41,1955.0
2026-07-03,65375,2026-08-13,put,8,0.4192,41,1990.0
2026-07-03,65500,2026-08-13,put,1786,0.4187,41,2030.0
2026-07-03,65625,2026-08-13,put,10,0.417,41,2060.0
2026-07-03,65750,2026-08-13,put,101,0.417,41,2105.0
2026-07-03,66000,2026-08-13,put,1604,0.4156,41,2185.0
2026-07-03,66125,2026-08-13,put,110,0.4148,41,2225.0
2026-07-03,66250,2026-08-13,put,2,0.4151,41,2275.0
2026-07-03,66375,2026-08-13,put,5,0.4142,41,2315.0
2026-07-03,66500,2026-08-13,put,501,0.4137,41,2360.0
2026-07-03,66625,2026-08-13,put,15,0.4121,41,2395.0
2026-07-03,66750,2026-08-13,put,5,0.4127,41,2450.0
2026-07-03,66875,2026-08-13,put,5,0.412,41,2495.0
2026-07-03,67000,2026-08-13,put,992,0.4113,41,2540.0
2026-07-03,67250,2026-08-13,put,80,0.4103,41,2635.0
2026-07-03,67375,2026-08-13,put,1,0.4099,41,2685.0
2026-07-03,67500,2026-08-13,put,76,0.4039,41,2685.0
2026-07-03,67750,2026-08-13,put,11,0.409,41,2840.0
2026-07-03,68000,2026-08-13,put,2790,0.4093,41,2955.0
2026-07-03,68125,2026-08-13,put,1,0.4075,41,2995.0
2026-07-03,68250,2026-08-13,put,13,0.4083,41,3060.0
2026-07-03,68375,2026-08-13,put,7,0.4068,41,3105.0
2026-07-03,68500,2026-08-13,put,131,0.4069,41,3165.0
2026-07-03,69000,2026-08-13,put,1940,0.4056,41,3395.0
2026-07-03,69250,2026-08-13,put,34,0.4056,41,3520.0
2026-07-03,69500,2026-08-13,put,601,0.4053,41,3645.0
2026-07-03,69750,2026-08-13,put,1,0.4052,41,3775.0
2026-07-03,70000,2026-08-13,put,6198,0.406,41,3915.0
2026-07-03,70125,2026-08-13,put,1,0.4057,41,3980.0
2026-07-03,70250,2026-08-13,put,17,0.4043,41,4035.0
2026-07-03,70500,2026-08-13,put,11,0.4061,41,4190.0
2026-07-03,71000,2026-08-13,put,186,0.4051,41,4465.0
2026-07-03,71500,2026-08-13,put,1,0.4063,41,4770.0
2026-07-03,72000,2026-08-13,put,201,0.4107,41,5115.0
2026-07-03,72250,2026-08-13,put,1,0.4073,41,5240.0
2026-07-03,73000,2026-08-13,put,14,0.4094,41,5740.0
2026-07-03,75000,2026-08-13,put,60,0.4246,41,7250.0
2026-07-03,77500,2026-08-13,put,5,0.4424,41,9275.0
2026-07-03,20000,2026-09-10,put,830,0.9956,69,9.0
2026-07-03,22000,2026-09-10,put,3,0.9548,69,13.0
2026-07-03,23000,2026-09-10,put,3,0.9325,69,15.0
2026-07-03,24000,2026-09-10,put,5,0.915,69,18.0
2026-07-03,25000,2026-09-10,put,1635,0.8959,69,21.0
2026-07-03,26000,2026-09-10,put,117,0.8676,69,22.0
2026-07-03,27000,2026-09-10,put,1,0.8478,69,25.0
2026-07-03,27500,2026-09-10,put,10,0.8395,69,27.0
2026-07-03,28000,2026-09-10,put,18,0.8308,69,29.0
2026-07-03,28750,2026-09-10,put,65,0.8172,69,32.0
2026-07-03,29000,2026-09-10,put,19,0.8154,69,34.0
2026-07-03,30000,2026-09-10,put,4159,0.8059,69,42.0
2026-07-03,30500,2026-09-10,put,86,0.7979,69,45.0
2026-07-03,32000,2026-09-10,put,5,0.7794,69,58.0
2026-07-03,33000,2026-09-10,put,130,0.7669,69,68.0
2026-07-03,34000,2026-09-10,put,11,0.7474,69,74.0
2026-07-03,34750,2026-09-10,put,69,0.7293,69,76.0
2026-07-03,35000,2026-09-10,put,1087,0.7224,69,76.0
2026-07-03,35750,2026-09-10,put,50,0.7034,69,77.0
2026-07-03,36000,2026-09-10,put,12,0.6968,69,77.0
2026-07-03,36750,2026-09-10,put,60,0.6782,69,78.0
2026-07-03,37000,2026-09-10,put,500,0.6729,69,79.0
2026-07-03,37500,2026-09-10,put,2,0.6669,69,85.0
2026-07-03,37750,2026-09-10,put,1,0.6638,69,88.0
2026-07-03,38000,2026-09-10,put,703,0.6584,69,89.0
2026-07-03,38500,2026-09-10,put,226,0.6529,69,96.0
2026-07-03,39000,2026-09-10,put,62,0.6497,69,106.0
2026-07-03,39250,2026-09-10,put,168,0.6479,69,111.0
2026-07-03,39500,2026-09-10,put,250,0.6459,69,116.0
2026-07-03,40000,2026-09-10,put,2596,0.643,69,128.0
2026-07-03,40250,2026-09-10,put,1,0.6397,69,132.0
2026-07-03,40500,2026-09-10,put,176,0.6394,69,140.0
2026-07-03,40750,2026-09-10,put,123,0.6344,69,142.0
2026-07-03,41000,2026-09-10,put,864,0.6302,69,145.0
2026-07-03,41250,2026-09-10,put,1,0.6253,69,147.0
2026-07-03,41500,2026-09-10,put,1,0.6203,69,149.0
2026-07-03,42000,2026-09-10,put,2043,0.6104,69,153.0
2026-07-03,43000,2026-09-10,put,909,0.5925,69,164.0
2026-07-03,43250,2026-09-10,put,61,0.5888,69,168.0
2026-07-03,43500,2026-09-10,put,548,0.5855,69,173.0
2026-07-03,43750,2026-09-10,put,1,0.5823,69,178.0
2026-07-03,44000,2026-09-10,put,1446,0.58,69,185.0
2026-07-03,44750,2026-09-10,put,1,0.5696,69,200.0
2026-07-03,45000,2026-09-10,put,1986,0.567,69,207.0
2026-07-03,45500,2026-09-10,put,1,0.5601,69,218.0
2026-07-03,45750,2026-09-10,put,30,0.5572,69,225.0
2026-07-03,46000,2026-09-10,put,2181,0.5548,69,233.0
2026-07-03,46250,2026-09-10,put,1,0.5509,69,238.0
2026-07-03,46500,2026-09-10,put,340,0.5478,69,245.0
2026-07-03,46750,2026-09-10,put,1,0.5451,69,253.0
2026-07-03,47000,2026-09-10,put,659,0.5427,69,262.0
2026-07-03,47250,2026-09-10,put,6,0.5389,69,268.0
2026-07-03,47500,2026-09-10,put,1015,0.536,69,276.0
2026-07-03,47750,2026-09-10,put,1,0.5329,69,284.0
2026-07-03,48000,2026-09-10,put,3160,0.5309,69,295.0
2026-07-03,48250,2026-09-10,put,13,0.5284,69,305.0
2026-07-03,48500,2026-09-10,put,641,0.524,69,310.0
2026-07-03,48750,2026-09-10,put,3,0.5214,69,320.0
2026-07-03,49000,2026-09-10,put,1381,0.5203,69,335.0
2026-07-03,49250,2026-09-10,put,13,0.5158,69,340.0
2026-07-03,49500,2026-09-10,put,4,0.5129,69,350.0
2026-07-03,49750,2026-09-10,put,13,0.5099,69,360.0
2026-07-03,50000,2026-09-10,put,8215,0.5068,69,370.0
2026-07-03,50250,2026-09-10,put,7,0.5036,69,380.0
2026-07-03,50500,2026-09-10,put,1067,0.5004,69,390.0
2026-07-03,50750,2026-09-10,put,30,0.4985,69,405.0
2026-07-03,51000,2026-09-10,put,921,0.4965,69,420.0
2026-07-03,51250,2026-09-10,put,230,0.4944,69,435.0
2026-07-03,51500,2026-09-10,put,216,0.4974,69,470.0
2026-07-03,51750,2026-09-10,put,9,0.4898,69,465.0
2026-07-03,52000,2026-09-10,put,1593,0.4911,69,495.0
2026-07-03,52250,2026-09-10,put,44,0.4847,69,495.0
2026-07-03,52500,2026-09-10,put,19,0.4868,69,530.0
2026-07-03,52750,2026-09-10,put,4,0.4839,69,545.0
2026-07-03,53000,2026-09-10,put,1350,0.481,69,560.0
2026-07-03,53250,2026-09-10,put,15,0.479,69,580.0
2026-07-03,53500,2026-09-10,put,297,0.4759,69,595.0
2026-07-03,53750,2026-09-10,put,75,0.4726,69,610.0
2026-07-03,54000,2026-09-10,put,2577,0.4704,69,630.0
2026-07-03,54250,2026-09-10,put,2,0.4639,69,630.0
2026-07-03,54500,2026-09-10,put,126,0.4655,69,670.0
2026-07-03,54750,2026-09-10,put,210,0.46,69,675.0
2026-07-03,55000,2026-09-10,put,3008,0.4611,69,715.0
2026-07-03,55250,2026-09-10,put,2,0.4564,69,725.0
2026-07-03,55500,2026-09-10,put,300,0.4554,69,755.0
2026-07-03,56000,2026-09-10,put,1827,0.451,69,805.0
2026-07-03,56250,2026-09-10,put,1,0.4477,69,825.0
2026-07-03,56500,2026-09-10,put,55,0.4478,69,865.0
2026-07-03,57000,2026-09-10,put,2390,0.4416,69,910.0
2026-07-03,57250,2026-09-10,put,1,0.4419,69,955.0
2026-07-03,57500,2026-09-10,put,384,0.4404,69,990.0
2026-07-03,57750,2026-09-10,put,104,0.4388,69,1025.0
2026-07-03,58000,2026-09-10,put,1463,0.4349,69,1045.0
2026-07-03,58250,2026-09-10,put,41,0.4323,69,1075.0
2026-07-03,58500,2026-09-10,put,208,0.4296,69,1105.0
2026-07-03,58750,2026-09-10,put,2,0.4282,69,1145.0
2026-07-03,59000,2026-09-10,put,1519,0.4266,69,1185.0
2026-07-03,59500,2026-09-10,put,108,0.423,69,1265.0
2026-07-03,59750,2026-09-10,put,7,0.4203,69,1300.0
2026-07-03,60000,2026-09-10,put,2894,0.4188,69,1345.0
2026-07-03,60500,2026-09-10,put,321,0.4153,69,1435.0
2026-07-03,60750,2026-09-10,put,128,0.4133,69,1480.0
2026-07-03,61000,2026-09-10,put,1216,0.4118,69,1530.0
2026-07-03,61250,2026-09-10,put,2,0.4101,69,1580.0
2026-07-03,61500,2026-09-10,put,2,0.4083,69,1630.0
2026-07-03,61750,2026-09-10,put,8,0.4068,69,1685.0
2026-07-03,62000,2026-09-10,put,2522,0.4047,69,1735.0
2026-07-03,62500,2026-09-10,put,560,0.4016,69,1850.0
2026-07-03,62750,2026-09-10,put,6,0.4006,69,1915.0
2026-07-03,63000,2026-09-10,put,2514,0.3989,69,1975.0
2026-07-03,63125,2026-09-10,put,5,0.398,69,2005.0
2026-07-03,63500,2026-09-10,put,10,0.3961,69,2105.0
2026-07-03,64000,2026-09-10,put,1935,0.3931,69,2240.0
2026-07-03,64500,2026-09-10,put,303,0.3909,69,2390.0
2026-07-03,65000,2026-09-10,put,2140,0.388,69,2540.0
2026-07-03,65250,2026-09-10,put,78,0.3872,69,2625.0
2026-07-03,65500,2026-09-10,put,275,0.3858,69,2705.0
2026-07-03,66000,2026-09-10,put,1120,0.3834,69,2875.0
2026-07-03,66250,2026-09-10,put,2,0.3828,69,2970.0
2026-07-03,66500,2026-09-10,put,800,0.3811,69,3055.0
2026-07-03,66625,2026-09-10,put,15,0.3804,69,3100.0
2026-07-03,67000,2026-09-10,put,1050,0.3799,69,3255.0
2026-07-03,67500,2026-09-10,put,23,0.378,69,3455.0
2026-07-03,67750,2026-09-10,put,16,0.3772,69,3560.0
2026-07-03,68000,2026-09-10,put,391,0.3762,69,3665.0
2026-07-03,68500,2026-09-10,put,7,0.3754,69,3895.0
2026-07-03,69000,2026-09-10,put,378,0.3751,69,4140.0
2026-07-03,69500,2026-09-10,put,72,0.3741,69,4385.0
2026-07-03,70000,2026-09-10,put,1124,0.3736,69,4645.0
2026-07-03,71000,2026-09-10,put,100,0.3738,69,5205.0
2026-07-03,73000,2026-09-10,put,6,0.374,69,6425.0
2026-07-03,75000,2026-09-10,put,1,0.3782,69,7815.0
2026-07-03,25000,2026-10-08,put,8,0.7857,97,30.0
2026-07-03,30000,2026-10-08,put,1,0.6855,97,45.0
2026-07-03,35000,2026-10-08,put,1,0.628,97,94.0
2026-07-03,38000,2026-10-08,put,2,0.5944,97,139.0
2026-07-03,40000,2026-10-08,put,2,0.5726,97,178.0
2026-07-03,43750,2026-10-08,put,9,0.5277,97,263.0
2026-07-03,45000,2026-10-08,put,120,0.5171,97,310.0
2026-07-03,45500,2026-10-08,put,185,0.5142,97,335.0
2026-07-03,46000,2026-10-08,put,150,0.5063,97,345.0
2026-07-03,46500,2026-10-08,put,62,0.5013,97,365.0
2026-07-03,46750,2026-10-08,put,31,0.5001,97,380.0
2026-07-03,47000,2026-10-08,put,75,0.4974,97,390.0
2026-07-03,48000,2026-10-08,put,15,0.4873,97,435.0
2026-07-03,49000,2026-10-08,put,6,0.4786,97,490.0
2026-07-03,50000,2026-10-08,put,252,0.4696,97,550.0
2026-07-03,50500,2026-10-08,put,4,0.4657,97,585.0
2026-07-03,54000,2026-10-08,put,75,0.4426,97,915.0
2026-07-03,54750,2026-10-08,put,6,0.4359,97,990.0
2026-07-03,55000,2026-10-08,put,301,0.4342,97,1020.0
2026-07-03,55250,2026-10-08,put,31,0.4317,97,1045.0
2026-07-03,56500,2026-10-08,put,4,0.4218,97,1200.0
2026-07-03,57500,2026-10-08,put,3,0.4148,97,1345.0
2026-07-03,58000,2026-10-08,put,801,0.4115,97,1425.0
2026-07-03,59000,2026-10-08,put,25,0.4042,97,1590.0
2026-07-03,59250,2026-10-08,put,5,0.402,97,1630.0
2026-07-03,60000,2026-10-08,put,1664,0.3973,97,1775.0
2026-07-03,60500,2026-10-08,put,100,0.3945,97,1880.0
2026-07-03,60750,2026-10-08,put,9,0.3926,97,1930.0
2026-07-03,61000,2026-10-08,put,200,0.3911,97,1985.0
2026-07-03,64000,2026-10-08,put,650,0.3782,97,2810.0
2026-07-03,64750,2026-10-08,put,1,0.3769,97,3075.0
2026-07-03,65000,2026-10-08,put,750,0.3759,97,3160.0
2026-07-03,67000,2026-10-08,put,201,0.369,97,3915.0
2026-07-03,68000,2026-10-08,put,530,0.3666,97,4350.0
2026-07-03,68500,2026-10-08,put,2,0.3658,97,4585.0
2026-07-03,70000,2026-10-08,put,101,0.359,97,5270.0
2026-07-03,72500,2026-10-08,put,1,0.3587,97,6720.0
2026-07-03,38000,2026-11-12,put,1,0.5535,132,227.0
2026-07-03,40000,2026-11-12,put,1,0.5341,132,284.0
2026-07-03,43000,2026-11-12,put,1,0.5067,132,395.0
2026-07-03,51000,2026-11-12,put,100,0.4373,132,890.0
2026-07-03,53000,2026-11-12,put,55,0.4296,132,1150.0
2026-07-03,53750,2026-11-12,put,1,0.4237,132,1235.0
2026-07-03,58000,2026-11-12,put,100,0.3954,132,1885.0
2026-07-03,59500,2026-11-12,put,250,0.3856,132,2175.0
2026-07-03,60000,2026-11-12,put,120,0.3832,132,2290.0
2026-07-03,60500,2026-11-12,put,100,0.3801,132,2400.0
2026-07-03,61000,2026-11-12,put,200,0.3781,132,2530.0
2026-07-03,63000,2026-11-12,put,100,0.3683,132,3075.0
2026-07-03,64000,2026-11-12,put,500,0.3661,132,3420.0
2026-07-03,65000,2026-11-12,put,100,0.364,132,3790.0
2026-07-03,66000,2026-11-12,put,150,0.3631,132,4205.0
2026-07-03,67000,2026-11-12,put,300,0.3606,132,4620.0
2026-07-03,67500,2026-11-12,put,4,0.3592,132,4835.0
2026-07-03,68500,2026-11-12,put,3,0.3576,132,5305.0
2026-07-03,70000,2026-11-12,put,460,0.3493,132,5960.0
2026-07-03,72500,2026-11-12,put,330,0.3474,132,7380.0
2026-07-03,12500,2026-12-10,put,258,0.9258,160,13.0
2026-07-03,13000,2026-12-10,put,4,0.9049,160,13.0
2026-07-03,13500,2026-12-10,put,100,0.8911,160,14.0
2026-07-03,14000,2026-12-10,put,11,0.8716,160,14.0
2026-07-03,14500,2026-12-10,put,1,0.8586,160,15.0
2026-07-03,14750,2026-12-10,put,1,0.8494,160,15.0
2026-07-03,15000,2026-12-10,put,5,0.8458,160,16.0
2026-07-03,16000,2026-12-10,put,3,0.8206,160,18.0
2026-07-03,17000,2026-12-10,put,3,0.7961,160,20.0
2026-07-03,18000,2026-12-10,put,153,0.776,160,23.0
2026-07-03,19000,2026-12-10,put,650,0.7558,160,26.0
2026-07-03,20000,2026-12-10,put,2350,0.7412,160,31.0
2026-07-03,21000,2026-12-10,put,350,0.7255,160,36.0
2026-07-03,21500,2026-12-10,put,500,0.7185,160,39.0
2026-07-03,22000,2026-12-10,put,1715,0.7133,160,43.0
2026-07-03,22500,2026-12-10,put,154,0.7057,160,46.0
2026-07-03,23000,2026-12-10,put,2105,0.7014,160,51.0
2026-07-03,23500,2026-12-10,put,127,0.6949,160,55.0
2026-07-03,24000,2026-12-10,put,400,0.6897,160,60.0
2026-07-03,24500,2026-12-10,put,250,0.684,160,65.0
2026-07-03,24750,2026-12-10,put,1,0.6804,160,67.0
2026-07-03,25000,2026-12-10,put,2464,0.6781,160,70.0
2026-07-03,25250,2026-12-10,put,1,0.6756,160,73.0
2026-07-03,25500,2026-12-10,put,2,0.6731,160,76.0
2026-07-03,26000,2026-12-10,put,1425,0.6676,160,82.0
2026-07-03,26500,2026-12-10,put,1,0.6619,160,88.0
2026-07-03,27000,2026-12-10,put,2630,0.6569,160,95.0
2026-07-03,27500,2026-12-10,put,25,0.647,160,97.0
2026-07-03,27750,2026-12-10,put,72,0.6421,160,98.0
2026-07-03,28000,2026-12-10,put,1326,0.6372,160,99.0
2026-07-03,28500,2026-12-10,put,400,0.6275,160,101.0
2026-07-03,29000,2026-12-10,put,1450,0.6171,160,102.0
2026-07-03,30000,2026-12-10,put,5997,0.6071,160,117.0
2026-07-03,30500,2026-12-10,put,51,0.6021,160,125.0
2026-07-03,31000,2026-12-10,put,2257,0.5975,160,134.0
2026-07-03,31500,2026-12-10,put,350,0.5926,160,143.0
2026-07-03,32000,2026-12-10,put,4655,0.5875,160,152.0
2026-07-03,32250,2026-12-10,put,600,0.5851,160,157.0
2026-07-03,32500,2026-12-10,put,900,0.5827,160,162.0
2026-07-03,32750,2026-12-10,put,20,0.5803,160,167.0
2026-07-03,33000,2026-12-10,put,3362,0.5778,160,172.0
2026-07-03,33250,2026-12-10,put,37,0.5752,160,177.0
2026-07-03,33500,2026-12-10,put,72,0.5726,160,182.0
2026-07-03,34000,2026-12-10,put,2820,0.5682,160,194.0
2026-07-03,34500,2026-12-10,put,560,0.563,160,205.0
2026-07-03,34750,2026-12-10,put,1,0.5606,160,211.0
2026-07-03,35000,2026-12-10,put,5067,0.5586,160,218.0
2026-07-03,36000,2026-12-10,put,2935,0.5491,160,244.0
2026-07-03,36500,2026-12-10,put,225,0.5456,160,261.0
2026-07-03,36750,2026-12-10,put,400,0.5439,160,270.0
2026-07-03,37000,2026-12-10,put,2537,0.5421,160,279.0
2026-07-03,37500,2026-12-10,put,188,0.5373,160,294.0
2026-07-03,37750,2026-12-10,put,100,0.536,160,305.0
2026-07-03,38000,2026-12-10,put,2686,0.5343,160,315.0
2026-07-03,38500,2026-12-10,put,1150,0.529,160,330.0
2026-07-03,38750,2026-12-10,put,50,0.5271,160,340.0
2026-07-03,39000,2026-12-10,put,2505,0.5252,160,350.0
2026-07-03,39250,2026-12-10,put,650,0.5246,160,365.0
2026-07-03,39500,2026-12-10,put,1008,0.5253,160,385.0
2026-07-03,40000,2026-12-10,put,6177,0.5247,160,420.0
2026-07-03,40250,2026-12-10,put,5,0.5248,160,440.0
2026-07-03,40500,2026-12-10,put,1469,0.5198,160,440.0
2026-07-03,41000,2026-12-10,put,1825,0.5111,160,445.0
2026-07-03,41250,2026-12-10,put,3,0.5061,160,445.0
2026-07-03,41500,2026-12-10,put,101,0.5012,160,445.0
2026-07-03,42000,2026-12-10,put,3599,0.4926,160,450.0
2026-07-03,42500,2026-12-10,put,300,0.483,160,450.0
2026-07-03,43000,2026-12-10,put,1690,0.4768,160,465.0
2026-07-03,43500,2026-12-10,put,100,0.4739,160,495.0
2026-07-03,43750,2026-12-10,put,5,0.4723,160,510.0
2026-07-03,44000,2026-12-10,put,3390,0.4706,160,525.0
2026-07-03,45000,2026-12-10,put,2998,0.4633,160,585.0
2026-07-03,45250,2026-12-10,put,51,0.4623,160,605.0
2026-07-03,45500,2026-12-10,put,350,0.4603,160,620.0
2026-07-03,46000,2026-12-10,put,3657,0.4586,160,665.0
2026-07-03,46500,2026-12-10,put,2,0.4541,160,695.0
2026-07-03,47000,2026-12-10,put,2846,0.4518,160,740.0
2026-07-03,47500,2026-12-10,put,1077,0.4477,160,775.0
2026-07-03,48000,2026-12-10,put,4124,0.4448,160,820.0
2026-07-03,48500,2026-12-10,put,300,0.4417,160,865.0
2026-07-03,49000,2026-12-10,put,3177,0.4382,160,910.0
2026-07-03,49500,2026-12-10,put,2717,0.4352,160,960.0
2026-07-03,50000,2026-12-10,put,6863,0.432,160,1010.0
2026-07-03,50250,2026-12-10,put,16,0.4309,160,1040.0
2026-07-03,50500,2026-12-10,put,640,0.4291,160,1065.0
2026-07-03,50750,2026-12-10,put,45,0.4272,160,1090.0
2026-07-03,51000,2026-12-10,put,1680,0.4253,160,1115.0
2026-07-03,52000,2026-12-10,put,2275,0.4187,160,1230.0
2026-07-03,52250,2026-12-10,put,525,0.4182,160,1270.0
2026-07-03,52500,2026-12-10,put,117,0.417,160,1305.0
2026-07-03,53000,2026-12-10,put,1398,0.4128,160,1360.0
2026-07-03,53250,2026-12-10,put,186,0.4124,160,1405.0
2026-07-03,53500,2026-12-10,put,205,0.4109,160,1440.0
2026-07-03,53750,2026-12-10,put,4,0.4094,160,1475.0
2026-07-03,54000,2026-12-10,put,2225,0.4092,160,1525.0
2026-07-03,54500,2026-12-10,put,440,0.4048,160,1585.0
2026-07-03,55000,2026-12-10,put,3912,0.4034,160,1680.0
2026-07-03,55500,2026-12-10,put,100,0.399,160,1745.0
2026-07-03,56000,2026-12-10,put,2126,0.3974,160,1845.0
2026-07-03,56500,2026-12-10,put,151,0.3934,160,1920.0
2026-07-03,57000,2026-12-10,put,1215,0.3916,160,2025.0
2026-07-03,57500,2026-12-10,put,850,0.3875,160,2105.0
2026-07-03,58000,2026-12-10,put,1622,0.3855,160,2215.0
2026-07-03,58500,2026-12-10,put,450,0.382,160,2310.0
2026-07-03,59000,2026-12-10,put,2290,0.3802,160,2430.0
2026-07-03,59500,2026-12-10,put,250,0.3765,160,2530.0
2026-07-03,60000,2026-12-10,put,7135,0.3752,160,2665.0
2026-07-03,61000,2026-12-10,put,1350,0.3696,160,2910.0
2026-07-03,61500,2026-12-10,put,2,0.3666,160,3035.0
2026-07-03,62000,2026-12-10,put,2231,0.365,160,3185.0
2026-07-03,62250,2026-12-10,put,300,0.363,160,3245.0
2026-07-03,62500,2026-12-10,put,385,0.362,160,3320.0
2026-07-03,63000,2026-12-10,put,1225,0.3669,160,3585.0
2026-07-03,63750,2026-12-10,put,25,0.3596,160,3760.0
2026-07-03,64000,2026-12-10,put,955,0.3602,160,3870.0
2026-07-03,65000,2026-12-10,put,2834,0.3593,160,4270.0
2026-07-03,65500,2026-12-10,put,580,0.3576,160,4460.0
2026-07-03,66000,2026-12-10,put,100,0.3569,160,4670.0
2026-07-03,67000,2026-12-10,put,650,0.354,160,5085.0
2026-07-03,67250,2026-12-10,put,25,0.354,160,5205.0
2026-07-03,67500,2026-12-10,put,25,0.3533,160,5315.0
2026-07-03,68000,2026-12-10,put,1600,0.3518,160,5535.0
2026-07-03,68500,2026-12-10,put,3,0.3512,160,5780.0
2026-07-03,68750,2026-12-10,put,100,0.3507,160,5900.0
2026-07-03,69000,2026-12-10,put,1270,0.3485,160,5990.0
2026-07-03,70000,2026-12-10,put,1657,0.3436,160,6440.0
2026-07-03,71000,2026-12-10,put,31,0.3424,160,6980.0
2026-07-03,72000,2026-12-10,put,120,0.3417,160,7555.0
2026-07-03,72500,2026-12-10,put,320,0.341,160,7845.0
2026-07-03,76000,2026-12-10,put,300,0.3398,160,10100.0
2026-07-03,80000,2026-12-10,put,3700,0.3429,160,13060.0
2026-07-03,44000,2027-01-07,put,331,0.4636,188,690.0
2026-07-03,45000,2027-01-07,put,150,0.4563,188,760.0
2026-07-03,48000,2027-01-07,put,200,0.4315,188,980.0
2026-07-03,47000,2027-02-10,put,125,0.443,222,1230.0
2026-07-03,29000,2027-03-11,put,1,0.554,251,217.0
2026-07-03,33000,2027-03-11,put,113,0.5187,251,335.0
2026-07-03,35000,2027-03-11,put,600,0.5033,251,415.0
2026-07-03,37000,2027-03-11,put,500,0.4876,251,505.0
2026-07-03,38000,2027-03-11,put,265,0.4798,251,555.0
2026-07-03,40000,2027-03-11,put,470,0.4585,251,630.0
2026-07-03,41000,2027-03-11,put,250,0.4527,251,700.0
2026-07-03,42000,2027-03-11,put,749,0.4462,251,770.0
2026-07-03,42500,2027-03-11,put,200,0.4426,251,805.0
2026-07-03,43000,2027-03-11,put,62,0.4396,251,845.0
2026-07-03,43500,2027-03-11,put,66,0.4364,251,885.0
2026-07-03,44000,2027-03-11,put,450,0.433,251,925.0
2026-07-03,45000,2027-03-11,put,698,0.427,251,1015.0
2026-07-03,46000,2027-03-11,put,116,0.4209,251,1110.0
2026-07-03,47000,2027-03-11,put,800,0.4151,251,1215.0
2026-07-03,48000,2027-03-11,put,299,0.4091,251,1325.0
2026-07-03,48500,2027-03-11,put,51,0.4063,251,1385.0
2026-07-03,49000,2027-03-11,put,100,0.4034,251,1445.0
2026-07-03,50000,2027-03-11,put,1270,0.3978,251,1575.0
2026-07-03,50250,2027-03-11,put,108,0.3965,251,1610.0
2026-07-03,51000,2027-03-11,put,24,0.3923,251,1715.0
2026-07-03,51250,2027-03-11,put,105,0.3913,251,1755.0
2026-07-03,52000,2027-03-11,put,1470,0.3873,251,1870.0
2026-07-03,53000,2027-03-11,put,525,0.3856,251,2080.0
2026-07-03,53500,2027-03-11,put,200,0.3797,251,2120.0
2026-07-03,54000,2027-03-11,put,224,0.3772,251,2210.0
2026-07-03,55000,2027-03-11,put,400,0.3727,251,2405.0
2026-07-03,55500,2027-03-11,put,100,0.37,251,2500.0
2026-07-03,56000,2027-03-11,put,401,0.3684,251,2615.0
2026-07-03,56250,2027-03-11,put,120,0.3664,251,2655.0
2026-07-03,57000,2027-03-11,put,950,0.3642,251,2840.0
2026-07-03,58000,2027-03-11,put,1600,0.3594,251,3070.0
2026-07-03,59500,2027-03-11,put,203,0.3536,251,3465.0
2026-07-03,60000,2027-03-11,put,950,0.3509,251,3590.0
2026-07-03,61000,2027-03-11,put,160,0.347,251,3880.0
2026-07-03,62000,2027-03-11,put,200,0.343,251,4185.0
2026-07-03,62500,2027-03-11,put,101,0.3406,251,4335.0
2026-07-03,63000,2027-03-11,put,992,0.3394,251,4515.0
2026-07-03,64000,2027-03-11,put,800,0.3362,251,4870.0
2026-07-03,66000,2027-03-11,put,200,0.3301,251,5645.0
2026-07-03,66500,2027-03-11,put,6,0.3284,251,5845.0
2026-07-03,68000,2027-03-11,put,130,0.3255,251,6530.0
2026-07-03,69000,2027-03-11,put,350,0.3235,251,7010.0
2026-07-03,70000,2027-03-11,put,204,0.3219,251,7520.0
2026-07-03,72000,2027-03-11,put,100,0.3197,251,8625.0
2026-07-03,12500,2027-06-10,put,10,0.674,342,24.0
2026-07-03,14500,2027-06-10,put,4,0.6598,342,44.0
2026-07-03,15000,2027-06-10,put,1,0.6557,342,50.0
2026-07-03,16250,2027-06-10,put,167,0.6428,342,65.0
2026-07-03,23000,2027-06-10,put,140,0.572,342,180.0
2026-07-03,24000,2027-06-10,put,100,0.5557,342,189.0
2026-07-03,25000,2027-06-10,put,250,0.5403,342,199.0
2026-07-03,26000,2027-06-10,put,200,0.5266,342,212.0
2026-07-03,28000,2027-06-10,put,895,0.5019,342,244.0
2026-07-03,28500,2027-06-10,put,100,0.4965,342,254.0
2026-07-03,29000,2027-06-10,put,66,0.491,342,264.0
2026-07-03,30000,2027-06-10,put,275,0.4806,342,286.0
2026-07-03,31000,2027-06-10,put,100,0.472,342,315.0
2026-07-03,31500,2027-06-10,put,1,0.4677,342,330.0
2026-07-03,32000,2027-06-10,put,250,0.4658,342,355.0
2026-07-03,33000,2027-06-10,put,150,0.4601,342,400.0
2026-07-03,34000,2027-06-10,put,750,0.4546,342,450.0
2026-07-03,35000,2027-06-10,put,1327,0.4502,342,510.0
2026-07-03,35500,2027-06-10,put,145,0.4477,342,540.0
2026-07-03,36000,2027-06-10,put,300,0.4449,342,570.0
2026-07-03,37000,2027-06-10,put,50,0.4397,342,635.0
2026-07-03,38000,2027-06-10,put,200,0.4352,342,710.0
2026-07-03,38500,2027-06-10,put,140,0.4323,342,745.0
2026-07-03,39000,2027-06-10,put,50,0.4299,342,785.0
2026-07-03,39500,2027-06-10,put,101,0.428,342,830.0
2026-07-03,40000,2027-06-10,put,1095,0.4252,342,870.0
2026-07-03,41000,2027-06-10,put,100,0.421,342,965.0
2026-07-03,42000,2027-06-10,put,300,0.416,342,1060.0
2026-07-03,42500,2027-06-10,put,61,0.4135,342,1110.0
2026-07-03,43000,2027-06-10,put,35,0.4113,342,1165.0
2026-07-03,44000,2027-06-10,put,196,0.4079,342,1290.0
2026-07-03,45000,2027-06-10,put,720,0.4046,342,1425.0
2026-07-03,46000,2027-06-10,put,773,0.3984,342,1535.0
2026-07-03,47000,2027-06-10,put,201,0.3938,342,1670.0
2026-07-03,47750,2027-06-10,put,100,0.3913,342,1790.0
2026-07-03,48000,2027-06-10,put,804,0.3888,342,1810.0
2026-07-03,49000,2027-06-10,put,300,0.383,342,1945.0
2026-07-03,50000,2027-06-10,put,1317,0.378,342,2100.0
2026-07-03,50500,2027-06-10,put,175,0.3758,342,2185.0
2026-07-03,51250,2027-06-10,put,3,0.3724,342,2315.0
2026-07-03,52000,2027-06-10,put,1050,0.3692,342,2455.0
2026-07-03,52250,2027-06-10,put,89,0.368,342,2500.0
2026-07-03,52500,2027-06-10,put,57,0.367,342,2550.0
2026-07-03,53000,2027-06-10,put,720,0.3647,342,2645.0
2026-07-03,53500,2027-06-10,put,1,0.3628,342,2750.0
2026-07-03,53750,2027-06-10,put,35,0.3616,342,2800.0
2026-07-03,54000,2027-06-10,put,1402,0.3607,342,2855.0
2026-07-03,55000,2027-06-10,put,1350,0.3566,342,3075.0
2026-07-03,56000,2027-06-10,put,185,0.3526,342,3310.0
2026-07-03,56500,2027-06-10,put,40,0.3508,342,3435.0
2026-07-03,57000,2027-06-10,put,675,0.3491,342,3565.0
2026-07-03,57750,2027-06-10,put,103,0.3464,342,3765.0
2026-07-03,58000,2027-06-10,put,117,0.3454,342,3830.0
2026-07-03,59000,2027-06-10,put,400,0.3431,342,4140.0
2026-07-03,59500,2027-06-10,put,112,0.3422,342,4305.0
2026-07-03,60000,2027-06-10,put,845,0.3397,342,4440.0
2026-07-03,61000,2027-06-10,put,3,0.3363,342,4755.0
2026-07-03,62000,2027-06-10,put,805,0.3331,342,5090.0
2026-07-03,63000,2027-06-10,put,225,0.3301,342,5445.0
2026-07-03,64000,2027-06-10,put,150,0.3274,342,5825.0
2026-07-03,64750,2027-06-10,put,95,0.3262,342,6140.0
2026-07-03,65000,2027-06-10,put,686,0.3249,342,6225.0
2026-07-03,65500,2027-06-10,put,26,0.323,342,6415.0
2026-07-03,67000,2027-06-10,put,220,0.3198,342,7075.0
2026-07-03,68000,2027-06-10,put,350,0.3177,342,7540.0
2026-07-03,69000,2027-06-10,put,15,0.316,342,8030.0
2026-07-03,70000,2027-06-10,put,250,0.3141,342,8535.0
2026-07-03,72000,2027-06-10,put,100,0.3116,342,9630.0
2026-07-03,77500,2027-06-10,put,150,0.3068,342,13055.0
2026-07-03,54250,2027-09-09,put,200,0.347,433,3470.0
2026-07-03,58000,2027-09-09,put,1,0.334,433,4465.0
2026-07-03,68250,2027-09-09,put,200,0.3089,433,8445.0
2026-07-03,68750,2027-09-09,put,81,0.3088,433,8715.0
2026-07-03,12500,2027-12-09,put,5,0.4368,524,2.0
2026-07-03,13000,2027-12-09,put,1,0.4269,524,2.0
2026-07-03,16000,2027-12-09,put,350,0.4244,524,9.0
2026-07-03,19000,2027-12-09,put,300,0.4245,524,30.0
2026-07-03,20000,2027-12-09,put,400,0.4244,524,42.0
2026-07-03,21000,2027-12-09,put,50,0.4248,524,58.0
2026-07-03,22000,2027-12-09,put,405,0.4243,524,77.0
2026-07-03,22500,2027-12-09,put,36,0.4247,524,89.0
2026-07-03,23000,2027-12-09,put,132,0.4242,524,101.0
2026-07-03,23750,2027-12-09,put,39,0.4245,524,123.0
2026-07-03,24000,2027-12-09,put,1721,0.4245,524,131.0
2026-07-03,25000,2027-12-09,put,1210,0.4243,524,166.0
2026-07-03,26000,2027-12-09,put,200,0.4243,524,208.0
2026-07-03,26500,2027-12-09,put,100,0.4244,524,232.0
2026-07-03,27000,2027-12-09,put,1300,0.4245,524,258.0
2026-07-03,28000,2027-12-09,put,1575,0.4245,524,315.0
2026-07-03,29000,2027-12-09,put,350,0.4211,524,365.0
2026-07-03,29500,2027-12-09,put,249,0.419,524,390.0
2026-07-03,30000,2027-12-09,put,2445,0.4167,524,415.0
2026-07-03,31000,2027-12-09,put,1750,0.4124,524,470.0
2026-07-03,31500,2027-12-09,put,204,0.4104,524,500.0
2026-07-03,32000,2027-12-09,put,1425,0.409,524,535.0
2026-07-03,32250,2027-12-09,put,30,0.4078,524,550.0
2026-07-03,32750,2027-12-09,put,35,0.4061,524,585.0
2026-07-03,33000,2027-12-09,put,450,0.4048,524,600.0
2026-07-03,34000,2027-12-09,put,1569,0.4012,524,675.0
2026-07-03,34500,2027-12-09,put,100,0.3994,524,715.0
2026-07-03,35000,2027-12-09,put,1450,0.3975,524,755.0
2026-07-03,35500,2027-12-09,put,40,0.3954,524,795.0
2026-07-03,36000,2027-12-09,put,1130,0.3937,524,840.0
2026-07-03,36500,2027-12-09,put,300,0.3918,524,885.0
2026-07-03,37000,2027-12-09,put,1150,0.3903,524,935.0
2026-07-03,38000,2027-12-09,put,1175,0.3867,524,1035.0
2026-07-03,39000,2027-12-09,put,800,0.383,524,1140.0
2026-07-03,39500,2027-12-09,put,50,0.3811,524,1195.0
2026-07-03,40000,2027-12-09,put,2950,0.3795,524,1255.0
2026-07-03,40500,2027-12-09,put,450,0.3778,524,1315.0
2026-07-03,42000,2027-12-09,put,450,0.3728,524,1510.0
2026-07-03,43000,2027-12-09,put,240,0.3695,524,1650.0
2026-07-03,44000,2027-12-09,put,100,0.3663,524,1800.0
2026-07-03,45000,2027-12-09,put,1675,0.3628,524,1955.0
2026-07-03,46000,2027-12-09,put,700,0.3598,524,2125.0
2026-07-03,47000,2027-12-09,put,250,0.3564,524,2300.0
2026-07-03,47500,2027-12-09,put,35,0.355,524,2395.0
2026-07-03,48000,2027-12-09,put,615,0.3534,524,2490.0
2026-07-03,49000,2027-12-09,put,700,0.3502,524,2685.0
2026-07-03,50000,2027-12-09,put,2440,0.3472,524,2895.0
2026-07-03,51000,2027-12-09,put,350,0.3441,524,3115.0
2026-07-03,52000,2027-12-09,put,500,0.3413,524,3350.0
2026-07-03,53000,2027-12-09,put,802,0.3384,524,3595.0
2026-07-03,54000,2027-12-09,put,275,0.3357,524,3855.0
2026-07-03,54500,2027-12-09,put,400,0.3341,524,3985.0
2026-07-03,55000,2027-12-09,put,1012,0.3329,524,4125.0
2026-07-03,55500,2027-12-09,put,75,0.3315,524,4265.0
2026-07-03,56000,2027-12-09,put,230,0.3302,524,4410.0
2026-07-03,57000,2027-12-09,put,220,0.3274,524,4705.0
2026-07-03,58000,2027-12-09,put,1000,0.3247,524,5015.0
2026-07-03,58500,2027-12-09,put,210,0.3235,524,5180.0
2026-07-03,59000,2027-12-09,put,65,0.3222,524,5345.0
2026-07-03,60000,2027-12-09,put,300,0.3197,524,5685.0
2026-07-03,62000,2027-12-09,put,100,0.3149,524,6415.0
2026-07-03,63000,2027-12-09,put,100,0.3127,524,6805.0
2026-07-03,63500,2027-12-09,put,50,0.3117,524,7010.0
2026-07-03,64000,2027-12-09,put,130,0.3106,524,7215.0
2026-07-03,65000,2027-12-09,put,200,0.3088,524,7645.0
2026-07-03,66000,2027-12-09,put,500,0.3069,524,8090.0
2026-07-03,67000,2027-12-09,put,100,0.305,524,8550.0
2026-07-03,68000,2027-12-09,put,200,0.3035,524,9035.0
2026-07-03,69000,2027-12-09,put,750,0.3019,524,9535.0
2026-07-03,75000,2027-12-09,put,175,0.2993,524,13065.0
2026-07-03,15000,2028-06-08,put,3,0.4122,706,20.0
2026-07-03,25000,2028-06-08,put,630,0.4129,706,340.0
2026-07-03,26000,2028-06-08,put,250,0.4128,706,410.0
2026-07-03,27000,2028-06-08,put,100,0.4127,706,490.0
2026-07-03,30000,2028-06-08,put,300,0.408,706,755.0
2026-07-03,32000,2028-06-08,put,250,0.3985,706,915.0
2026-07-03,33000,2028-06-08,put,100,0.3946,706,1010.0
2026-07-03,35000,2028-06-08,put,200,0.3862,706,1210.0
2026-07-03,41500,2028-06-08,put,100,0.3611,706,2050.0
2026-07-03,45000,2028-06-08,put,15,0.3487,706,2640.0
2026-07-03,48000,2028-06-08,put,300,0.3415,706,3300.0
2026-07-03,50000,2028-06-08,put,150,0.3379,706,3820.0
2026-07-03,54000,2028-06-08,put,100,0.33,706,4980.0
2026-07-03,60000,2028-06-08,put,250,0.3138,706,6930.0
2026-07-03,12000,2028-12-07,put,300,0.3964,888,11.0
2026-07-03,16000,2028-12-07,put,1950,0.3951,888,55.0
2026-07-03,18000,2028-12-07,put,100,0.3951,888,102.0
2026-07-03,20000,2028-12-07,put,200,0.3951,888,173.0
2026-07-03,23000,2028-12-07,put,100,0.3949,888,335.0
2026-07-03,23500,2028-12-07,put,38,0.395,888,370.0
2026-07-03,24000,2028-12-07,put,1000,0.3955,888,410.0
2026-07-03,25000,2028-12-07,put,800,0.3952,888,490.0
2026-07-03,27000,2028-12-07,put,120,0.3946,888,680.0
2026-07-03,28000,2028-12-07,put,1250,0.3948,888,795.0
2026-07-03,30000,2028-12-07,put,350,0.3913,888,1020.0
2026-07-03,31000,2028-12-07,put,400,0.3886,888,1135.0
2026-07-03,32000,2028-12-07,put,850,0.3861,888,1260.0
2026-07-03,32250,2028-12-07,put,51,0.3853,888,1290.0
2026-07-03,33000,2028-12-07,put,125,0.3834,888,1390.0
2026-07-03,34000,2028-12-07,put,775,0.3812,888,1535.0
2026-07-03,34750,2028-12-07,put,100,0.3796,888,1650.0
2026-07-03,35000,2028-12-07,put,955,0.3791,888,1690.0
2026-07-03,36000,2028-12-07,put,2750,0.3768,888,1850.0
2026-07-03,37000,2028-12-07,put,580,0.3748,888,2025.0
2026-07-03,38000,2028-12-07,put,2860,0.3729,888,2210.0
2026-07-03,39000,2028-12-07,put,50,0.3713,888,2410.0
2026-07-03,40000,2028-12-07,put,1210,0.3673,888,2575.0
2026-07-03,42000,2028-12-07,put,350,0.3595,888,2925.0
2026-07-03,43000,2028-12-07,put,100,0.3557,888,3110.0
2026-07-03,45000,2028-12-07,put,100,0.3485,888,3510.0
2026-07-03,48000,2028-12-07,put,600,0.3383,888,4180.0
2026-07-03,50000,2028-12-07,put,1600,0.3319,888,4675.0
2026-07-03,51000,2028-12-07,put,150,0.3288,888,4940.0
2026-07-03,53000,2028-12-07,put,50,0.3229,888,5500.0
2026-07-03,55000,2028-12-07,put,560,0.3173,888,6105.0
2026-07-03,56000,2028-12-07,put,400,0.3147,888,6430.0
2026-07-03,57000,2028-12-07,put,150,0.312,888,6760.0
2026-07-03,60000,2028-12-07,put,100,0.3048,888,7840.0
2026-07-03,65000,2028-12-07,put,400,0.2939,888,9900.0
2026-07-03,68000,2028-12-07,put,100,0.288,888,11295.0
2026-07-03,70000,2028-12-07,put,100,0.2845,888,12295.0
2026-07-03,75000,2028-12-07,put,80,0.2765,888,15040.0
2026-07-03,15000,2029-06-07,put,1,0.4054,1070,99.0
2026-07-03,15000,2029-12-13,put,1,0.3556,1259,68.0
2026-07-03,23250,2029-12-13,put,40,0.3544,1259,495.0
2026-07-03,32000,2029-12-13,put,113,0.3449,1259,1565.0
2026-07-03,34250,2029-12-13,put,6,0.3386,1259,1895.0
2026-07-03,44000,2029-12-13,put,100,0.3256,1259,4145.0
2026-07-03,70000,2029-12-13,put,100,0.2698,1259,13805.0
2026-07-03,19000,2030-06-13,put,2,0.3494,1441,281.0
2026-07-03,23500,2030-12-12,put,100,0.3325,1623,695.0
2026-07-03,31750,2030-12-12,call,74,0.2,1623,1860.0
2026-07-03,34000,2030-12-12,call,24,0.2,1623,2210.0
2026-07-03,44000,2030-12-12,call,80,0.2,1623,4255.0
2026-07-03,49500,2030-12-12,call,100,0.2,1623,5750.0
2026-07-03,64000,2030-12-12,call,3,0.1395,1623,11180.0
2026-07-03,31500,2031-12-11,call,52,0.2,1987,1910.0
2026-07-03,68000,2031-12-11,call,100,0.1968,1987,13555.0
2026-07-03,31250,2032-12-09,call,40,0.2,2351,1900.0
2026-07-03,39500,2026-07-09,call,26,0.2,6,29290.0
2026-07-03,42500,2026-07-09,call,10,0.2,6,26290.0
2026-07-03,45000,2026-07-09,call,4,0.2,6,23795.0
2026-07-03,46000,2026-07-09,call,26,0.2,6,22795.0
2026-07-03,48000,2026-07-09,call,2,0.2,6,20795.0
2026-07-03,55000,2026-07-09,call,2,0.2,6,13815.0
2026-07-03,56000,2026-07-09,call,1,0.2,6,12825.0
2026-07-03,56750,2026-07-09,call,2,0.2,6,12080.0
2026-07-03,57000,2026-07-09,call,1102,0.2,6,11830.0
2026-07-03,58000,2026-07-09,call,693,0.2,6,10840.0
2026-07-03,58500,2026-07-09,call,875,0.2,6,10350.0
2026-07-03,59500,2026-07-09,call,301,0.2,6,9375.0
2026-07-03,59625,2026-07-09,call,12,0.2,6,9250.0
2026-07-03,60000,2026-07-09,call,837,0.2,6,8885.0
2026-07-03,60250,2026-07-09,call,360,0.2,6,8650.0
2026-07-03,60500,2026-07-09,call,1001,0.2,6,8390.0
2026-07-03,60750,2026-07-09,call,1,0.2,6,8155.0
2026-07-03,61000,2026-07-09,call,205,0.2,6,7920.0
2026-07-03,61500,2026-07-09,call,2,0.2,6,7435.0
2026-07-03,62000,2026-07-09,call,736,0.2,6,6960.0
2026-07-03,62500,2026-07-09,call,101,0.2,6,6505.0
2026-07-03,63000,2026-07-09,call,817,0.2,6,6025.0
2026-07-03,63250,2026-07-09,call,95,0.2,6,5800.0
2026-07-03,63500,2026-07-09,call,512,0.2,6,5555.0
2026-07-03,63750,2026-07-09,call,99,0.2,6,5350.0
2026-07-03,63875,2026-07-09,call,2,0.2,6,5230.0
2026-07-03,64000,2026-07-09,call,1103,0.2,6,5125.0
2026-07-03,64250,2026-07-09,call,5,0.2,6,4900.0
2026-07-03,64375,2026-07-09,call,2,0.2,6,4790.0
2026-07-03,64500,2026-07-09,call,179,0.2,6,4685.0
2026-07-03,64625,2026-07-09,call,5,0.2,6,4575.0
2026-07-03,64875,2026-07-09,call,1,0.2,6,4360.0
2026-07-03,65000,2026-07-09,call,1583,0.2,6,4230.0
2026-07-03,65125,2026-07-09,call,1,0.2,6,4150.0
2026-07-03,65250,2026-07-09,call,7,0.2,6,4040.0
2026-07-03,65375,2026-07-09,call,2,0.2,6,3940.0
2026-07-03,65500,2026-07-09,call,823,0.2,6,3860.0
2026-07-03,65625,2026-07-09,call,1,0.2,6,3740.0
2026-07-03,65750,2026-07-09,call,90,0.2,6,3635.0
2026-07-03,65875,2026-07-09,call,3,0.2,6,3535.0
2026-07-03,66000,2026-07-09,call,873,0.2,6,3440.0
2026-07-03,66250,2026-07-09,call,1,0.2,6,3235.0
2026-07-03,66375,2026-07-09,call,2,0.2,6,3145.0
2026-07-03,66500,2026-07-09,call,624,0.2,6,3075.0
2026-07-03,66625,2026-07-09,call,1,0.2,6,2960.0
2026-07-03,66750,2026-07-09,call,2,0.2,6,2860.0
2026-07-03,66875,2026-07-09,call,5,0.2,6,2780.0
2026-07-03,67000,2026-07-09,call,1033,0.2,6,2665.0
2026-07-03,67125,2026-07-09,call,50,0.2,6,2600.0
2026-07-03,67250,2026-07-09,call,29,0.158,6,2515.0
2026-07-03,67375,2026-07-09,call,10,0.1829,6,2420.0
2026-07-03,67500,2026-07-09,call,604,0.171,6,2290.0
2026-07-03,67625,2026-07-09,call,1,0.2203,6,2255.0
2026-07-03,67750,2026-07-09,call,397,0.2327,6,2175.0
2026-07-03,67875,2026-07-09,call,39,0.2403,6,2090.0
2026-07-03,68000,2026-07-09,call,997,0.2402,6,1990.0
2026-07-03,68125,2026-07-09,call,11,0.2616,6,1950.0
2026-07-03,68250,2026-07-09,call,311,0.2679,6,1875.0
2026-07-03,68375,2026-07-09,call,6,0.2696,6,1790.0
2026-07-03,68500,2026-07-09,call,448,0.2897,6,1765.0
2026-07-03,68625,2026-07-09,call,3,0.2847,6,1665.0
2026-07-03,68750,2026-07-09,call,31,0.2853,6,1585.0
2026-07-03,68875,2026-07-09,call,27,0.2837,6,1500.0
2026-07-03,69000,2026-07-09,call,3868,0.2932,6,1455.0
2026-07-03,69125,2026-07-09,call,69,0.2945,6,1385.0
2026-07-03,69250,2026-07-09,call,3050,0.2951,6,1315.0
2026-07-03,69375,2026-07-09,call,2,0.3007,6,1265.0
2026-07-03,69500,2026-07-09,call,561,0.307,6,1220.0
2026-07-03,69625,2026-07-09,call,50,0.3069,6,1155.0
2026-07-03,69750,2026-07-09,call,12,0.3104,6,1105.0
2026-07-03,69875,2026-07-09,call,2,0.3245,6,1095.0
2026-07-03,70000,2026-07-09,call,2120,0.3268,6,1045.0
2026-07-03,70125,2026-07-09,call,11,0.3286,6,995.0
2026-07-03,70250,2026-07-09,call,23,0.3198,6,910.0
2026-07-03,70375,2026-07-09,call,3,0.3217,6,865.0
2026-07-03,70500,2026-07-09,call,837,0.336,6,865.0
2026-07-03,70625,2026-07-09,call,352,0.3253,6,780.0
2026-07-03,70750,2026-07-09,call,37,0.3329,6,760.0
2026-07-03,70875,2026-07-09,call,3,0.3296,6,705.0
2026-07-03,71000,2026-07-09,call,999,0.3393,6,695.0
2026-07-03,71125,2026-07-09,call,23,0.3318,6,630.0
2026-07-03,71250,2026-07-09,call,35,0.3376,6,610.0
2026-07-03,71375,2026-07-09,call,7,0.3367,6,570.0
2026-07-03,71500,2026-07-09,call,465,0.3449,6,560.0
2026-07-03,71625,2026-07-09,call,13,0.338,6,505.0
2026-07-03,71750,2026-07-09,call,43,0.3438,6,490.0
2026-07-03,71875,2026-07-09,call,2,0.3441,6,460.0
2026-07-03,72000,2026-07-09,call,6346,0.3509,6,450.0
2026-07-03,72125,2026-07-09,call,35,0.3467,6,410.0
2026-07-03,72250,2026-07-09,call,3005,0.3492,6,390.0
2026-07-03,72375,2026-07-09,call,9,0.3474,6,360.0
2026-07-03,72500,2026-07-09,call,682,0.3628,6,375.0
2026-07-03,72625,2026-07-09,call,5,0.3522,6,325.0
2026-07-03,72750,2026-07-09,call,17,0.3529,6,305.0
2026-07-03,72875,2026-07-09,call,84,0.3528,6,284.0
2026-07-03,73000,2026-07-09,call,1052,0.3502,6,259.0
2026-07-03,73125,2026-07-09,call,32,0.356,6,253.0
2026-07-03,73250,2026-07-09,call,6,0.3606,6,245.0
2026-07-03,73375,2026-07-09,call,6,0.3665,6,240.0
2026-07-03,73500,2026-07-09,call,510,0.3542,6,200.0
2026-07-03,73625,2026-07-09,call,21,0.3685,6,212.0
2026-07-03,73750,2026-07-09,call,13,0.3694,6,199.0
2026-07-03,73875,2026-07-09,call,3,0.3607,6,170.0
2026-07-03,74000,2026-07-09,call,811,0.3603,6,157.0
2026-07-03,74125,2026-07-09,call,14,0.3633,6,150.0
2026-07-03,74250,2026-07-09,call,3,0.3633,6,139.0
2026-07-03,74375,2026-07-09,call,4,0.365,6,131.0
2026-07-03,74500,2026-07-09,call,225,0.3649,6,121.0
2026-07-03,74625,2026-07-09,call,7,0.3673,6,115.0
2026-07-03,74750,2026-07-09,call,18,0.3647,6,103.0
2026-07-03,74875,2026-07-09,call,51,0.3705,6,102.0
2026-07-03,75000,2026-07-09,call,2723,0.3677,6,91.0
2026-07-03,75125,2026-07-09,call,23,0.3724,6,89.0
2026-07-03,75250,2026-07-09,call,35,0.3694,6,79.0
2026-07-03,75375,2026-07-09,call,17,0.3747,6,78.0
2026-07-03,75500,2026-07-09,call,828,0.3717,6,69.0
2026-07-03,76000,2026-07-09,call,1421,0.3831,6,58.0
2026-07-03,76500,2026-07-09,call,166,0.3823,6,41.0
2026-07-03,77000,2026-07-09,call,676,0.3863,6,31.0
2026-07-03,77500,2026-07-09,call,77,0.3919,6,24.0
2026-07-03,78000,2026-07-09,call,993,0.3956,6,18.0
2026-07-03,78500,2026-07-09,call,77,0.4049,6,15.0
2026-07-03,79000,2026-07-09,call,834,0.4159,6,13.0
2026-07-03,79500,2026-07-09,call,75,0.4152,6,9.0
2026-07-03,80000,2026-07-09,call,3835,0.4325,6,9.0
2026-07-03,80500,2026-07-09,call,76,0.4298,6,6.0
2026-07-03,81000,2026-07-09,call,375,0.4377,6,5.0
2026-07-03,81500,2026-07-09,call,39,0.4436,6,4.0
2026-07-03,82000,2026-07-09,call,351,0.4591,6,4.0
2026-07-03,82500,2026-07-09,call,634,0.4615,6,3.0
2026-07-03,83000,2026-07-09,call,252,0.4764,6,3.0
2026-07-03,83500,2026-07-09,call,147,0.4735,6,2.0
2026-07-03,84000,2026-07-09,call,234,0.4876,6,2.0
2026-07-03,84500,2026-07-09,call,26,0.4736,6,1.0
2026-07-03,85000,2026-07-09,call,1288,0.4869,6,1.0
2026-07-03,85750,2026-07-09,call,560,0.5066,6,1.0
2026-07-03,87500,2026-07-09,call,159,0.5517,6,1.0
2026-07-03,88000,2026-07-09,call,252,0.5644,6,1.0
2026-07-03,90000,2026-07-09,call,1722,0.614,6,1.0
2026-07-03,92000,2026-07-09,call,199,0.6623,6,1.0
2026-07-03,94000,2026-07-09,call,293,0.7091,6,1.0
2026-07-03,95000,2026-07-09,call,282,0.7321,6,1.0
2026-07-03,100000,2026-07-09,call,48,0.8425,6,1.0
2026-07-03,42750,2026-08-13,call,27,0.2,41,26145.0
2026-07-03,49000,2026-08-13,call,27,0.2,41,20000.0
2026-07-03,56000,2026-08-13,call,1,0.2,41,13290.0
2026-07-03,58000,2026-08-13,call,850,0.2,41,11465.0
2026-07-03,59500,2026-08-13,call,20,0.2,41,10130.0
2026-07-03,59750,2026-08-13,call,50,0.2,41,9910.0
2026-07-03,60000,2026-08-13,call,225,0.2,41,9695.0
2026-07-03,60500,2026-08-13,call,120,0.1742,41,9260.0
2026-07-03,61000,2026-08-13,call,402,0.2354,41,8845.0
2026-07-03,61500,2026-08-13,call,200,0.255,41,8425.0
2026-07-03,62000,2026-08-13,call,104,0.2698,41,8020.0
2026-07-03,62500,2026-08-13,call,15,0.2799,41,7620.0
2026-07-03,63000,2026-08-13,call,2130,0.2849,41,7215.0
2026-07-03,63375,2026-08-13,call,5,0.2903,41,6930.0
2026-07-03,63625,2026-08-13,call,5,0.2921,41,6735.0
2026-07-03,63750,2026-08-13,call,5,0.2923,41,6635.0
2026-07-03,63875,2026-08-13,call,10,0.2941,41,6545.0
2026-07-03,64000,2026-08-13,call,425,0.2949,41,6450.0
2026-07-03,64125,2026-08-13,call,30,0.2963,41,6360.0
2026-07-03,64250,2026-08-13,call,20,0.2968,41,6265.0
2026-07-03,64375,2026-08-13,call,20,0.2979,41,6175.0
2026-07-03,64500,2026-08-13,call,10,0.292,41,6040.0
2026-07-03,64625,2026-08-13,call,15,0.299,41,5990.0
2026-07-03,64750,2026-08-13,call,10,0.3004,41,5905.0
2026-07-03,64875,2026-08-13,call,15,0.3003,41,5810.0
2026-07-03,65000,2026-08-13,call,795,0.3014,41,5725.0
2026-07-03,65125,2026-08-13,call,15,0.3017,41,5635.0
2026-07-03,65250,2026-08-13,call,15,0.3033,41,5555.0
2026-07-03,65375,2026-08-13,call,20,0.3034,41,5465.0
2026-07-03,65500,2026-08-13,call,20,0.304,41,5380.0
2026-07-03,65625,2026-08-13,call,10,0.3032,41,5285.0
2026-07-03,65750,2026-08-13,call,455,0.3043,41,5205.0
2026-07-03,66000,2026-08-13,call,107,0.3048,41,5035.0
2026-07-03,66250,2026-08-13,call,2,0.3061,41,4875.0
2026-07-03,66375,2026-08-13,call,2,0.3059,41,4790.0
2026-07-03,66500,2026-08-13,call,3,0.3063,41,4710.0
2026-07-03,67000,2026-08-13,call,274,0.3067,41,4390.0
2026-07-03,67250,2026-08-13,call,5,0.3069,41,4235.0
2026-07-03,67625,2026-08-13,call,2,0.3073,41,4010.0
2026-07-03,68000,2026-08-13,call,316,0.309,41,3805.0
2026-07-03,69000,2026-08-13,call,412,0.3078,41,3245.0
2026-07-03,69500,2026-08-13,call,132,0.3082,41,2995.0
2026-07-03,70000,2026-08-13,call,1442,0.3092,41,2765.0
2026-07-03,70500,2026-08-13,call,4,0.3093,41,2540.0
2026-07-03,71000,2026-08-13,call,311,0.308,41,2315.0
2026-07-03,71500,2026-08-13,call,6,0.3084,41,2120.0
2026-07-03,71750,2026-08-13,call,2255000,0.3084,41,2025.0
2026-07-03,72000,2026-08-13,call,263,0.3119,41,1965.0
2026-07-03,72125,2026-08-13,call,15,0.3091,41,1895.0
2026-07-03,72250,2026-08-13,call,2,0.3078,41,1840.0
2026-07-03,72500,2026-08-13,call,625,0.3079,41,1755.0
2026-07-03,72750,2026-08-13,call,2,0.3087,41,1680.0
2026-07-03,73000,2026-08-13,call,84,0.308,41,1595.0
2026-07-03,73500,2026-08-13,call,3,0.3086,41,1450.0
2026-07-03,74000,2026-08-13,call,387,0.3091,41,1315.0
2026-07-03,74500,2026-08-13,call,211,0.3095,41,1190.0
2026-07-03,75000,2026-08-13,call,1430,0.3138,41,1105.0
2026-07-03,75500,2026-08-13,call,150,0.3104,41,970.0
2026-07-03,76000,2026-08-13,call,199,0.3124,41,885.0
2026-07-03,76500,2026-08-13,call,51,0.3119,41,790.0
2026-07-03,77000,2026-08-13,call,412,0.3172,41,740.0
2026-07-03,77500,2026-08-13,call,848,0.3127,41,635.0
2026-07-03,78000,2026-08-13,call,357,0.3143,41,575.0
2026-07-03,78500,2026-08-13,call,2,0.3149,41,515.0
2026-07-03,79000,2026-08-13,call,38,0.3154,41,460.0
2026-07-03,79500,2026-08-13,call,8,0.3158,41,410.0
2026-07-03,80000,2026-08-13,call,442,0.3174,41,370.0
2026-07-03,80500,2026-08-13,call,4,0.3168,41,325.0
2026-07-03,81000,2026-08-13,call,83,0.3215,41,305.0
2026-07-03,81500,2026-08-13,call,1,0.3176,41,256.0
2026-07-03,82000,2026-08-13,call,1058,0.3182,41,227.0
2026-07-03,82500,2026-08-13,call,19,0.3193,41,203.0
2026-07-03,83000,2026-08-13,call,109,0.3203,41,181.0
2026-07-03,83500,2026-08-13,call,3,0.3212,41,161.0
2026-07-03,84000,2026-08-13,call,32,0.3199,41,138.0
2026-07-03,85000,2026-08-13,call,528,0.3224,41,110.0
2026-07-03,85750,2026-08-13,call,13,0.3284,41,100.0
2026-07-03,87500,2026-08-13,call,80,0.3315,41,66.0
2026-07-03,88000,2026-08-13,call,69,0.3319,41,58.0
2026-07-03,90000,2026-08-13,call,210,0.3331,41,34.0
2026-07-03,92000,2026-08-13,call,19,0.3406,41,23.0
2026-07-03,94000,2026-08-13,call,8,0.3486,41,16.0
2026-07-03,95000,2026-08-13,call,47,0.3568,41,15.0
2026-07-03,96000,2026-08-13,call,3,0.3555,41,11.0
2026-07-03,98000,2026-08-13,call,36,0.364,41,8.0
2026-07-03,100000,2026-08-13,call,54,0.3729,41,6.0
2026-07-03,30000,2026-09-10,call,3750,0.2,69,38815.0
2026-07-03,37000,2026-09-10,call,1,0.2,69,31870.0
2026-07-03,42000,2026-09-10,call,101,0.2,69,26955.0
2026-07-03,42500,2026-09-10,call,1,0.2,69,26460.0
2026-07-03,43000,2026-09-10,call,100,0.2,69,25970.0
2026-07-03,43500,2026-09-10,call,57,0.2,69,25480.0
2026-07-03,45000,2026-09-10,call,41,0.2,69,24015.0
2026-07-03,48000,2026-09-10,call,400,0.2,69,21110.0
2026-07-03,48500,2026-09-10,call,240,0.2,69,20625.0
2026-07-03,49000,2026-09-10,call,200,0.2,69,20155.0
2026-07-03,50000,2026-09-10,call,4650,0.2,69,19190.0
2026-07-03,50500,2026-09-10,call,50,0.2,69,18710.0
2026-07-03,51000,2026-09-10,call,141,0.2,69,18240.0
2026-07-03,51250,2026-09-10,call,210,0.2,69,18010.0
2026-07-03,52000,2026-09-10,call,350,0.2,69,17320.0
2026-07-03,53000,2026-09-10,call,1100,0.2,69,16385.0
2026-07-03,53500,2026-09-10,call,400,0.2,69,15925.0
2026-07-03,53750,2026-09-10,call,150,0.2,69,15690.0
2026-07-03,54000,2026-09-10,call,1056,0.2,69,15460.0
2026-07-03,54250,2026-09-10,call,50,0.2,69,15210.0
2026-07-03,54500,2026-09-10,call,200,0.2,69,15000.0
2026-07-03,54750,2026-09-10,call,90,0.2,69,14755.0
2026-07-03,55000,2026-09-10,call,661,0.2,69,14545.0
2026-07-03,56000,2026-09-10,call,1250,0.2,69,13640.0
2026-07-03,56500,2026-09-10,call,79,0.2,69,13200.0
2026-07-03,57000,2026-09-10,call,850,0.2,69,12745.0
2026-07-03,57500,2026-09-10,call,384,0.2334,69,12325.0
2026-07-03,58000,2026-09-10,call,1101,0.2512,69,11885.0
2026-07-03,59000,2026-09-10,call,1096,0.2724,69,11025.0
2026-07-03,60000,2026-09-10,call,786,0.285,69,10190.0
2026-07-03,60500,2026-09-10,call,700,0.2892,69,9780.0
2026-07-03,60750,2026-09-10,call,120,0.2905,69,9575.0
2026-07-03,61000,2026-09-10,call,220,0.2923,69,9375.0
2026-07-03,61250,2026-09-10,call,21,0.2936,69,9175.0
2026-07-03,61500,2026-09-10,call,1,0.2945,69,8975.0
2026-07-03,62000,2026-09-10,call,1300,0.296,69,8580.0
2026-07-03,62500,2026-09-10,call,500,0.2981,69,8200.0
2026-07-03,63000,2026-09-10,call,950,0.2995,69,7825.0
2026-07-03,63250,2026-09-10,call,1,0.3001,69,7640.0
2026-07-03,64000,2026-09-10,call,1210,0.3005,69,7090.0
2026-07-03,64250,2026-09-10,call,100,0.301,69,6915.0
2026-07-03,65000,2026-09-10,call,3885,0.3013,69,6395.0
2026-07-03,65500,2026-09-10,call,150,0.3014,69,6060.0
2026-07-03,66000,2026-09-10,call,1390,0.3009,69,5730.0
2026-07-03,66250,2026-09-10,call,28,0.3013,69,5575.0
2026-07-03,67000,2026-09-10,call,633,0.3012,69,5115.0
2026-07-03,67500,2026-09-10,call,1125,0.3005,69,4815.0
2026-07-03,67750,2026-09-10,call,23,0.3003,69,4670.0
2026-07-03,68000,2026-09-10,call,772,0.2998,69,4525.0
2026-07-03,68500,2026-09-10,call,101,0.2998,69,4255.0
2026-07-03,69000,2026-09-10,call,481,0.3002,69,4000.0
2026-07-03,69500,2026-09-10,call,1,0.2996,69,3745.0
2026-07-03,69750,2026-09-10,call,450,0.3,69,3630.0
2026-07-03,70000,2026-09-10,call,1715,0.2993,69,3505.0
2026-07-03,70500,2026-09-10,call,3,0.2995,69,3280.0
2026-07-03,71000,2026-09-10,call,1259,0.2995,69,3065.0
2026-07-03,71625,2026-09-10,call,2,0.2982,69,2795.0
2026-07-03,72000,2026-09-10,call,1569,0.2986,69,2655.0
2026-07-03,72500,2026-09-10,call,604,0.2981,69,2465.0
2026-07-03,72750,2026-09-10,call,1,0.298,69,2375.0
2026-07-03,73000,2026-09-10,call,211,0.2981,69,2290.0
2026-07-03,73500,2026-09-10,call,475,0.2976,69,2120.0
2026-07-03,73625,2026-09-10,call,2,0.2976,69,2080.0
2026-07-03,74000,2026-09-10,call,245,0.2981,69,1970.0
2026-07-03,74500,2026-09-10,call,1,0.2982,69,1825.0
2026-07-03,75000,2026-09-10,call,2313,0.2979,69,1685.0
2026-07-03,75500,2026-09-10,call,1,0.2978,69,1555.0
2026-07-03,76000,2026-09-10,call,277,0.2984,69,1440.0
2026-07-03,76500,2026-09-10,call,22,0.2987,69,1330.0
2026-07-03,77000,2026-09-10,call,499,0.2988,69,1225.0
2026-07-03,77500,2026-09-10,call,961,0.2998,69,1135.0
2026-07-03,78000,2026-09-10,call,1251,0.3,69,1045.0
2026-07-03,78500,2026-09-10,call,1,0.3002,69,960.0
2026-07-03,79000,2026-09-10,call,2,0.2995,69,875.0
2026-07-03,79500,2026-09-10,call,200,0.2975,69,785.0
2026-07-03,80000,2026-09-10,call,461,0.3006,69,740.0
2026-07-03,80500,2026-09-10,call,1,0.2983,69,660.0
2026-07-03,81000,2026-09-10,call,2,0.2995,69,610.0
2026-07-03,83000,2026-09-10,call,2,0.2989,69,415.0
2026-07-03,84000,2026-09-10,call,751,0.2997,69,345.0
2026-07-03,85000,2026-09-10,call,183,0.3012,69,289.0
2026-07-03,87500,2026-09-10,call,1,0.3037,69,181.0
2026-07-03,90000,2026-09-10,call,23,0.3096,69,120.0
2026-07-03,92000,2026-09-10,call,1,0.3128,69,84.0
2026-07-03,95000,2026-09-10,call,1,0.3137,69,45.0
2026-07-03,98000,2026-09-10,call,4,0.3151,69,24.0
2026-07-03,100000,2026-09-10,call,7,0.3167,69,16.0
2026-07-03,47500,2026-10-08,call,34,0.2,97,21605.0
2026-07-03,53000,2026-10-08,call,34,0.2,97,16535.0
2026-07-03,60500,2026-10-08,call,100,0.2873,97,10120.0
2026-07-03,61000,2026-10-08,call,200,0.2887,97,9730.0
2026-07-03,62000,2026-10-08,call,28,0.2902,97,8965.0
2026-07-03,63000,2026-10-08,call,4,0.2925,97,8245.0
2026-07-03,64000,2026-10-08,call,31,0.2949,97,7565.0
2026-07-03,65000,2026-10-08,call,1,0.2969,97,6920.0
2026-07-03,70000,2026-10-08,call,102,0.2896,97,4040.0
2026-07-03,70750,2026-10-08,call,1,0.2893,97,3700.0
2026-07-03,75000,2026-10-08,call,1608,0.2852,97,2125.0
2026-07-03,76000,2026-10-08,call,300,0.2848,97,1850.0
2026-07-03,77000,2026-10-08,call,988,0.2841,97,1600.0
2026-07-03,77500,2026-10-08,call,1,0.2842,97,1490.0
2026-07-03,78000,2026-10-08,call,1,0.2845,97,1390.0
2026-07-03,80000,2026-10-08,call,7,0.2848,97,1035.0
2026-07-03,81000,2026-10-08,call,400,0.2856,97,895.0
2026-07-03,83500,2026-10-08,call,5,0.2873,97,615.0
2026-07-03,90000,2026-10-08,call,3,0.2948,97,233.0
2026-07-03,95000,2026-10-08,call,1,0.3028,97,114.0
2026-07-03,50250,2026-11-12,call,35,0.2,132,19225.0
2026-07-03,56000,2026-11-12,call,34,0.279,132,14230.0
2026-07-03,57500,2026-11-12,call,100,0.2866,132,12980.0
2026-07-03,60500,2026-11-12,call,100,0.2924,132,10610.0
2026-07-03,61000,2026-11-12,call,200,0.2932,132,10240.0
2026-07-03,65000,2026-11-12,call,10,0.2955,132,7525.0
2026-07-03,66000,2026-11-12,call,200,0.2971,132,6945.0
2026-07-03,70000,2026-11-12,call,103,0.2885,132,4715.0
2026-07-03,71000,2026-11-12,call,4,0.2883,132,4270.0
2026-07-03,72500,2026-11-12,call,1,0.2873,132,3650.0
2026-07-03,74000,2026-11-12,call,100,0.2869,132,3110.0
2026-07-03,75000,2026-11-12,call,102,0.287,132,2790.0
2026-07-03,95000,2026-11-12,call,1,0.2932,132,231.0
2026-07-03,100000,2026-11-12,call,1,0.2985,132,125.0
2026-07-03,12500,2026-12-10,call,84,0.2,160,55875.0
2026-07-03,20000,2026-12-10,call,150,0.2,160,48445.0
2026-07-03,22000,2026-12-10,call,100,0.2,160,46470.0
2026-07-03,25000,2026-12-10,call,300,0.2,160,43515.0
2026-07-03,26000,2026-12-10,call,350,0.2,160,42535.0
2026-07-03,27000,2026-12-10,call,250,0.2,160,41555.0
2026-07-03,28000,2026-12-10,call,75,0.2,160,40565.0
2026-07-03,28500,2026-12-10,call,125,0.2,160,40070.0
2026-07-03,29000,2026-12-10,call,150,0.2,160,39575.0
2026-07-03,30000,2026-12-10,call,100,0.2,160,38600.0
2026-07-03,30500,2026-12-10,call,50,0.2,160,38110.0
2026-07-03,31000,2026-12-10,call,241,0.2,160,37620.0
2026-07-03,31500,2026-12-10,call,50,0.2,160,37135.0
2026-07-03,32000,2026-12-10,call,700,0.2,160,36645.0
2026-07-03,32500,2026-12-10,call,250,0.2,160,36160.0
2026-07-03,33000,2026-12-10,call,1950,0.2,160,35675.0
2026-07-03,34000,2026-12-10,call,280,0.2,160,34700.0
2026-07-03,34500,2026-12-10,call,400,0.2,160,34215.0
2026-07-03,35000,2026-12-10,call,435,0.2,160,33735.0
2026-07-03,36000,2026-12-10,call,975,0.2,160,32765.0
2026-07-03,36500,2026-12-10,call,252,0.2,160,32285.0
2026-07-03,37000,2026-12-10,call,450,0.2,160,31805.0
2026-07-03,37500,2026-12-10,call,88,0.2,160,31325.0
2026-07-03,37750,2026-12-10,call,100,0.2,160,31090.0
2026-07-03,38000,2026-12-10,call,1225,0.2,160,30850.0
2026-07-03,38500,2026-12-10,call,700,0.2,160,30370.0
2026-07-03,38750,2026-12-10,call,50,0.2,160,30130.0
2026-07-03,39000,2026-12-10,call,750,0.2,160,29890.0
2026-07-03,39500,2026-12-10,call,500,0.2,160,29430.0
2026-07-03,40000,2026-12-10,call,1200,0.2,160,28970.0
2026-07-03,40500,2026-12-10,call,400,0.2,160,28490.0
2026-07-03,41000,2026-12-10,call,1300,0.2,160,28000.0
2026-07-03,41500,2026-12-10,call,100,0.2,160,27505.0
2026-07-03,42000,2026-12-10,call,1071,0.2,160,27010.0
2026-07-03,42500,2026-12-10,call,250,0.2,160,26515.0
2026-07-03,43000,2026-12-10,call,1400,0.2,160,26035.0
2026-07-03,43750,2026-12-10,call,100,0.2,160,25335.0
2026-07-03,44000,2026-12-10,call,600,0.2,160,25100.0
2026-07-03,45000,2026-12-10,call,1842,0.2,160,24165.0
2026-07-03,45250,2026-12-10,call,413,0.2,160,23940.0
2026-07-03,45500,2026-12-10,call,200,0.2,160,23705.0
2026-07-03,46000,2026-12-10,call,2300,0.2,160,23255.0
2026-07-03,46250,2026-12-10,call,315,0.2,160,23015.0
2026-07-03,47000,2026-12-10,call,350,0.2,160,22335.0
2026-07-03,47500,2026-12-10,call,200,0.2,160,21875.0
2026-07-03,48000,2026-12-10,call,750,0.2,160,21425.0
2026-07-03,49000,2026-12-10,call,1000,0.2,160,20520.0
2026-07-03,49500,2026-12-10,call,260,0.2,160,20075.0
2026-07-03,50000,2026-12-10,call,3342,0.2,160,19625.0
2026-07-03,50250,2026-12-10,call,58,0.2,160,19410.0
2026-07-03,50500,2026-12-10,call,600,0.2,160,19185.0
2026-07-03,50750,2026-12-10,call,45,0.2,160,18960.0
2026-07-03,51000,2026-12-10,call,731,0.2,160,18740.0
2026-07-03,52000,2026-12-10,call,802,0.23,160,17860.0
2026-07-03,52250,2026-12-10,call,250,0.2411,160,17650.0
2026-07-03,52500,2026-12-10,call,50,0.2496,160,17440.0
2026-07-03,53000,2026-12-10,call,1135,0.2563,160,16995.0
2026-07-03,53500,2026-12-10,call,106,0.2668,160,16580.0
2026-07-03,54000,2026-12-10,call,1941,0.2751,160,16170.0
2026-07-03,54500,2026-12-10,call,540,0.2767,160,15730.0
2026-07-03,55000,2026-12-10,call,1829,0.2831,160,15330.0
2026-07-03,55500,2026-12-10,call,300,0.284,160,14900.0
2026-07-03,56000,2026-12-10,call,791,0.2878,160,14500.0
2026-07-03,56500,2026-12-10,call,283,0.2884,160,14080.0
2026-07-03,57000,2026-12-10,call,500,0.2914,160,13690.0
2026-07-03,57250,2026-12-10,call,113,0.2905,160,13475.0
2026-07-03,57500,2026-12-10,call,90,0.2906,160,13270.0
2026-07-03,58000,2026-12-10,call,2603,0.2926,160,12885.0
2026-07-03,58500,2026-12-10,call,350,0.2925,160,12485.0
2026-07-03,59000,2026-12-10,call,1900,0.2935,160,12105.0
2026-07-03,59500,2026-12-10,call,100,0.2928,160,11710.0
2026-07-03,60000,2026-12-10,call,7846,0.2943,160,11350.0
2026-07-03,60500,2026-12-10,call,2,0.291,160,10935.0
2026-07-03,61000,2026-12-10,call,813,0.2933,160,10600.0
2026-07-03,62000,2026-12-10,call,1350,0.2926,160,9880.0
2026-07-03,62500,2026-12-10,call,385,0.2915,160,9520.0
2026-07-03,63000,2026-12-10,call,1590,0.2986,160,9290.0
2026-07-03,63750,2026-12-10,call,25,0.2934,160,8720.0
2026-07-03,64000,2026-12-10,call,1855,0.2946,160,8580.0
2026-07-03,65000,2026-12-10,call,3226,0.2961,160,7985.0
2026-07-03,65500,2026-12-10,call,584,0.2957,160,7680.0
2026-07-03,66000,2026-12-10,call,620,0.296,160,7395.0
2026-07-03,67000,2026-12-10,call,677,0.2948,160,6815.0
2026-07-03,67250,2026-12-10,call,25,0.2951,160,6685.0
2026-07-03,67500,2026-12-10,call,25,0.295,160,6550.0
2026-07-03,68000,2026-12-10,call,2808,0.2942,160,6275.0
2026-07-03,69000,2026-12-10,call,771,0.2916,160,5730.0
2026-07-03,69250,2026-12-10,call,50,0.2872,160,5530.0
2026-07-03,69750,2026-12-10,call,158,0.2878,160,5305.0
2026-07-03,70000,2026-12-10,call,3141,0.2875,160,5185.0
2026-07-03,71000,2026-12-10,call,30,0.287,160,4735.0
2026-07-03,72000,2026-12-10,call,329,0.2865,160,4315.0
2026-07-03,72500,2026-12-10,call,2403,0.286,160,4110.0
2026-07-03,73000,2026-12-10,call,25,0.2859,160,3920.0
2026-07-03,73500,2026-12-10,call,400,0.2854,160,3730.0
2026-07-03,74000,2026-12-10,call,630,0.2854,160,3555.0
2026-07-03,75000,2026-12-10,call,2592,0.285,160,3220.0
2026-07-03,76000,2026-12-10,call,100,0.2833,160,2885.0
2026-07-03,77000,2026-12-10,call,159,0.282,160,2585.0
2026-07-03,77500,2026-12-10,call,1301,0.2821,160,2455.0
2026-07-03,78000,2026-12-10,call,3,0.2818,160,2325.0
2026-07-03,79000,2026-12-10,call,4,0.282,160,2095.0
2026-07-03,80000,2026-12-10,call,6996,0.2817,160,1875.0
2026-07-03,81000,2026-12-10,call,50,0.2813,160,1675.0
2026-07-03,82500,2026-12-10,call,1,0.2805,160,1405.0
2026-07-03,84000,2026-12-10,call,1,0.2811,160,1190.0
2026-07-03,85000,2026-12-10,call,426,0.2816,160,1065.0
2026-07-03,87500,2026-12-10,call,1504,0.281,160,785.0
2026-07-03,90000,2026-12-10,call,1927,0.2831,160,595.0
2026-07-03,95000,2026-12-10,call,162,0.2855,160,330.0
2026-07-03,100000,2026-12-10,call,501,0.2885,160,183.0
2026-07-03,54250,2027-01-07,call,27,0.2931,188,16250.0
2026-07-03,61000,2027-01-07,call,26,0.2975,188,11005.0
2026-07-03,56000,2027-02-10,call,8,0.3061,222,15210.0
2026-07-03,56750,2027-02-10,call,60,0.3057,222,14620.0
2026-07-03,64000,2027-02-10,call,60,0.2953,222,9445.0
2026-07-03,66000,2027-02-10,call,8,0.292,222,8225.0
2026-07-03,52000,2027-03-11,call,560,0.3055,251,18700.0
2026-07-03,52750,2027-03-11,call,8,0.3061,251,18075.0
2026-07-03,53000,2027-03-11,call,275,0.3109,251,17920.0
2026-07-03,53500,2027-03-11,call,200,0.3071,251,17465.0
2026-07-03,53750,2027-03-11,call,44,0.307,251,17260.0
2026-07-03,54000,2027-03-11,call,267,0.3073,251,17060.0
2026-07-03,55000,2027-03-11,call,550,0.3076,251,16265.0
2026-07-03,56000,2027-03-11,call,50,0.3076,251,15485.0
2026-07-03,57000,2027-03-11,call,365,0.3071,251,14720.0
2026-07-03,58000,2027-03-11,call,150,0.3053,251,13955.0
2026-07-03,59500,2027-03-11,call,200,0.3038,251,12865.0
2026-07-03,60000,2027-03-11,call,12,0.3023,251,12495.0
2026-07-03,60250,2027-03-11,call,44,0.3029,251,12335.0
2026-07-03,61000,2027-03-11,call,160,0.3008,251,11795.0
2026-07-03,62500,2027-03-11,call,8,0.2974,251,10765.0
2026-07-03,63000,2027-03-11,call,292,0.2971,251,10450.0
2026-07-03,64250,2027-03-11,call,100,0.2944,251,9645.0
2026-07-03,65000,2027-03-11,call,301,0.2938,251,9200.0
2026-07-03,66500,2027-03-11,call,6,0.291,251,8315.0
2026-07-03,67000,2027-03-11,call,200,0.2909,251,8050.0
2026-07-03,69000,2027-03-11,call,250,0.2884,251,7005.0
2026-07-03,70000,2027-03-11,call,210,0.2871,251,6515.0
2026-07-03,72000,2027-03-11,call,100,0.2859,251,5640.0
2026-07-03,72500,2027-03-11,call,35,0.286,251,5445.0
2026-07-03,75000,2027-03-11,call,150,0.2819,251,4445.0
2026-07-03,77500,2027-03-11,call,60,0.2803,251,3635.0
2026-07-03,82500,2027-03-11,call,36,0.2792,251,2405.0
2026-07-03,90000,2027-03-11,call,56,0.2812,251,1285.0
2026-07-03,100000,2027-03-11,call,42,0.287,251,565.0
2026-07-03,57000,2027-04-08,call,25,0.2929,279,14750.0
2026-07-03,57750,2027-04-08,call,88,0.2898,279,14145.0
2026-07-03,65000,2027-04-08,call,88,0.2824,279,9285.0
2026-07-03,67000,2027-04-08,call,25,0.2805,279,8160.0
2026-07-03,60250,2027-05-13,call,8,0.289,314,12710.0
2026-07-03,61250,2027-05-13,call,23,0.2878,314,12035.0
2026-07-03,71000,2027-05-13,call,23,0.2786,314,6650.0
2026-07-03,72000,2027-05-13,call,8,0.2793,314,6255.0
2026-07-03,16250,2027-06-10,call,114,0.2,342,51965.0
2026-07-03,30000,2027-06-10,call,300,0.2,342,38615.0
2026-07-03,33000,2027-06-10,call,50,0.2,342,35770.0
2026-07-03,36000,2027-06-10,call,150,0.2,342,32975.0
2026-07-03,37000,2027-06-10,call,50,0.2,342,32055.0
2026-07-03,37250,2027-06-10,call,480,0.2,342,31830.0
2026-07-03,38500,2027-06-10,call,140,0.2,342,30685.0
2026-07-03,39000,2027-06-10,call,50,0.2,342,30230.0
2026-07-03,44500,2027-06-10,call,300,0.2265,342,25375.0
2026-07-03,50000,2027-06-10,call,300,0.2859,342,20690.0
2026-07-03,50500,2027-06-10,call,175,0.2873,342,20280.0
2026-07-03,53000,2027-06-10,call,100,0.2909,342,18270.0
2026-07-03,54000,2027-06-10,call,1050,0.2918,342,17495.0
2026-07-03,55000,2027-06-10,call,300,0.292,342,16730.0
2026-07-03,56000,2027-06-10,call,175,0.2916,342,15975.0
2026-07-03,57000,2027-06-10,call,50,0.2915,342,15245.0
2026-07-03,58500,2027-06-10,call,58,0.2906,342,14175.0
2026-07-03,60000,2027-06-10,call,850,0.2901,342,13160.0
2026-07-03,62500,2027-06-10,call,150,0.2874,342,11530.0
2026-07-03,63000,2027-06-10,call,100,0.2861,342,11200.0
2026-07-03,64000,2027-06-10,call,200,0.2851,342,10595.0
2026-07-03,65000,2027-06-10,call,124,0.284,342,10010.0
2026-07-03,65500,2027-06-10,call,62,0.2827,342,9705.0
2026-07-03,67000,2027-06-10,call,370,0.2812,342,8885.0
2026-07-03,68000,2027-06-10,call,300,0.28,342,8360.0
2026-07-03,68250,2027-06-10,call,15,0.2799,342,8235.0
2026-07-03,69250,2027-06-10,call,36,0.2787,342,7735.0
2026-07-03,70000,2027-06-10,call,550,0.278,342,7380.0
2026-07-03,71000,2027-06-10,call,100,0.2773,342,6930.0
2026-07-03,75000,2027-06-10,call,250,0.2746,342,5330.0
2026-07-03,77500,2027-06-10,call,36,0.2733,342,4495.0
2026-07-03,80000,2027-06-10,call,15,0.2742,342,3820.0
2026-07-03,85000,2027-06-10,call,550,0.2736,342,2690.0
2026-07-03,90000,2027-06-10,call,100,0.2743,342,1890.0
2026-07-03,65000,2027-09-09,call,1,0.2849,433,10930.0
2026-07-03,28000,2027-12-09,call,50,0.2,524,40450.0
2026-07-03,30000,2027-12-09,call,225,0.2,524,38585.0
2026-07-03,31500,2027-12-09,call,50,0.2,524,37200.0
2026-07-03,32000,2027-12-09,call,100,0.2,524,36745.0
2026-07-03,33000,2027-12-09,call,100,0.2,524,35830.0
2026-07-03,34000,2027-12-09,call,375,0.2,524,34925.0
2026-07-03,35000,2027-12-09,call,201,0.2,524,34025.0
2026-07-03,36000,2027-12-09,call,80,0.2,524,33130.0
2026-07-03,36750,2027-12-09,call,442,0.2,524,32465.0
2026-07-03,37000,2027-12-09,call,200,0.2,524,32245.0
2026-07-03,38000,2027-12-09,call,575,0.2,524,31365.0
2026-07-03,39000,2027-12-09,call,125,0.2,524,30490.0
2026-07-03,39250,2027-12-09,call,50,0.2,524,30275.0
2026-07-03,39500,2027-12-09,call,50,0.2,524,30055.0
2026-07-03,40000,2027-12-09,call,350,0.2,524,29625.0
2026-07-03,40500,2027-12-09,call,450,0.2,524,29195.0
2026-07-03,41000,2027-12-09,call,375,0.2,524,28770.0
2026-07-03,42000,2027-12-09,call,200,0.2122,524,27920.0
2026-07-03,43000,2027-12-09,call,400,0.2366,524,27080.0
2026-07-03,43500,2027-12-09,call,150,0.2439,524,26660.0
2026-07-03,45000,2027-12-09,call,1950,0.2598,524,25425.0
2026-07-03,46000,2027-12-09,call,500,0.2668,524,24615.0
2026-07-03,48000,2027-12-09,call,225,0.2755,524,23020.0
2026-07-03,49000,2027-12-09,call,700,0.2781,524,22235.0
2026-07-03,50000,2027-12-09,call,1830,0.2802,524,21465.0
2026-07-03,51000,2027-12-09,call,300,0.2816,524,20705.0
2026-07-03,52500,2027-12-09,call,100,0.2829,524,19585.0
2026-07-03,54000,2027-12-09,call,300,0.2837,524,18500.0
2026-07-03,54500,2027-12-09,call,100,0.2836,524,18140.0
2026-07-03,55000,2027-12-09,call,704,0.2837,524,17790.0
2026-07-03,57000,2027-12-09,call,250,0.2832,524,16410.0
2026-07-03,58000,2027-12-09,call,500,0.2826,524,15740.0
2026-07-03,60000,2027-12-09,call,1025,0.2814,524,14450.0
2026-07-03,61000,2027-12-09,call,200,0.2805,524,13825.0
2026-07-03,63000,2027-12-09,call,100,0.2789,524,12630.0
2026-07-03,63500,2027-12-09,call,50,0.2786,524,12345.0
2026-07-03,64000,2027-12-09,call,780,0.2781,524,12060.0
2026-07-03,65000,2027-12-09,call,100,0.2774,524,11510.0
2026-07-03,66000,2027-12-09,call,200,0.2766,524,10975.0
2026-07-03,67000,2027-12-09,call,100,0.2757,524,10455.0
2026-07-03,68000,2027-12-09,call,200,0.2751,524,9960.0
2026-07-03,69000,2027-12-09,call,750,0.2744,524,9480.0
2026-07-03,70000,2027-12-09,call,325,0.2737,524,9015.0
2026-07-03,72500,2027-12-09,call,100,0.2751,524,8035.0
2026-07-03,75000,2027-12-09,call,175,0.2754,524,7120.0
2026-07-03,80000,2027-12-09,call,200,0.2688,524,5330.0
2026-07-03,87500,2027-12-09,call,100,0.2675,524,3530.0
2026-07-03,41500,2028-06-08,call,100,0.2544,706,28910.0
2026-07-03,28000,2028-12-07,call,50,0.2,888,40765.0
2026-07-03,30000,2028-12-07,call,80,0.2,888,39055.0
2026-07-03,31000,2028-12-07,call,200,0.2,888,38205.0
2026-07-03,32000,2028-12-07,call,75,0.2,888,37360.0
2026-07-03,33000,2028-12-07,call,125,0.2,888,36525.0
2026-07-03,34500,2028-12-07,call,330,0.2,888,35295.0
2026-07-03,34750,2028-12-07,call,100,0.1697,888,35095.0
2026-07-03,35500,2028-12-07,call,443,0.2215,888,34490.0
2026-07-03,36000,2028-12-07,call,450,0.2353,888,34085.0
2026-07-03,36500,2028-12-07,call,52,0.2465,888,33690.0
2026-07-03,38000,2028-12-07,call,120,0.2673,888,32510.0
2026-07-03,39000,2028-12-07,call,575,0.2772,888,31745.0
2026-07-03,40000,2028-12-07,call,30,0.2817,888,30945.0
2026-07-03,41000,2028-12-07,call,375,0.2845,888,30145.0
2026-07-03,42000,2028-12-07,call,65,0.2871,888,29360.0
2026-07-03,42500,2028-12-07,call,100,0.2877,888,28965.0
2026-07-03,50000,2028-12-07,call,400,0.2903,888,23375.0
2026-07-03,53000,2028-12-07,call,50,0.2883,888,21300.0
2026-07-03,55000,2028-12-07,call,50,0.2865,888,19970.0
2026-07-03,56000,2028-12-07,call,650,0.2857,888,19330.0
2026-07-03,60000,2028-12-07,call,250,0.2815,888,16870.0
2026-07-03,67500,2028-12-07,call,100,0.2739,888,12835.0
2026-07-03,75000,2028-12-07,call,80,0.2673,888,9565.0
2026-07-03,80000,2028-12-07,call,200,0.2629,888,7755.0
2026-07-03,50000,2029-12-13,call,100,0.2891,1259,24930.0
2026-07-03,60000,2029-12-13,call,375,0.2803,1259,18840.0
2026-07-03,57000,2030-12-12,call,300,0.2645,1623,21300.0
2026-07-03,64000,2030-12-12,call,3,0.2601,1623,17625.0
2026-07-03,2850,2026-07-09,put,2300,0.2,6,0.1
2026-07-03,2900,2026-07-09,put,200,0.2,6,0.1
2026-07-03,3000,2026-07-09,put,1300,0.2,6,0.1
2026-07-03,3050,2026-07-09,put,125,0.2,6,0.1
2026-07-03,3300,2026-07-09,put,100,0.2,6,0.2
2026-07-03,3350,2026-07-09,put,100,0.2,6,0.2
2026-07-03,3400,2026-07-09,put,142,0.2,6,0.3
2026-07-03,3450,2026-07-09,put,760,0.2,6,0.4
2026-07-03,3500,2026-07-09,put,200,0.2,6,0.5
2026-07-03,3525,2026-07-09,put,44,0.2,6,0.6
2026-07-03,3550,2026-07-09,put,211,0.2,6,0.7
2026-07-03,3600,2026-07-09,put,8,0.2,6,1.1
2026-07-03,3675,2026-07-09,put,44,0.2,6,2.3
2026-07-03,3700,2026-07-09,put,336,0.2,6,3.0
2026-07-03,3725,2026-07-09,put,68,0.2,6,3.8
2026-07-03,3750,2026-07-09,put,250,0.2,6,4.9
2026-07-03,3775,2026-07-09,put,883,0.2,6,6.3
2026-07-03,3800,2026-07-09,put,628,0.2,6,8.2
2026-07-03,3825,2026-07-09,put,30,0.2,6,10.6
2026-07-03,3875,2026-07-09,put,44,0.2,6,17.2
2026-07-03,3900,2026-07-09,put,266,0.2,6,23.0
2026-07-03,3925,2026-07-09,put,168,0.2,6,26.5
2026-07-03,4000,2026-07-09,put,839,0.2,6,51.0
2026-07-03,4050,2026-07-09,put,600,0.2,6,75.5
2026-07-03,2900,2026-08-13,put,200,2.8349,41,1.3
2026-07-03,3000,2026-08-13,put,125,2.8718,41,1.8
2026-07-03,3050,2026-08-13,put,125,2.9003,41,2.2
2026-07-03,3150,2026-08-13,put,125,2.9634,41,3.3
2026-07-03,3200,2026-08-13,put,223,3.0013,41,4.1
2026-07-03,3250,2026-08-13,put,100,3.0418,41,5.1
2026-07-03,3300,2026-08-13,put,75,3.0829,41,6.3
2026-07-03,3400,2026-08-13,put,142,3.1787,41,9.8
2026-07-03,3600,2026-08-13,put,100,3.4242,41,24.5
2026-07-03,3650,2026-08-13,put,125,3.4863,41,30.0
2026-07-03,3750,2026-08-13,put,300,3.6439,41,47.0
2026-07-03,3775,2026-08-13,put,839,3.6819,41,52.0
2026-07-03,3800,2026-08-13,put,542,3.7253,41,58.0
2026-07-03,4000,2026-08-13,put,839,4.07,41,124.0
2026-07-03,4100,2026-08-13,put,150,4.2584,41,174.5
2026-07-03,2400,2026-09-10,put,42,2.2799,69,1.0
2026-07-03,2500,2026-09-10,put,78,2.2803,69,1.2
2026-07-03,2550,2026-09-10,put,12,2.2917,69,1.4
2026-07-03,2600,2026-09-10,put,13,2.3003,69,1.6
2026-07-03,2650,2026-09-10,put,317,2.3162,69,1.9
2026-07-03,2700,2026-09-10,put,135,2.3285,69,2.2
2026-07-03,2750,2026-09-10,put,135,2.3453,69,2.6
2026-07-03,2850,2026-09-10,put,150,2.3802,69,3.6
2026-07-03,2900,2026-09-10,put,300,2.3974,69,4.2
2026-07-03,2950,2026-09-10,put,150,2.4156,69,4.9
2026-07-03,3000,2026-09-10,put,900,2.4416,69,5.9
2026-07-03,3150,2026-09-10,put,257,2.5195,69,9.9
2026-07-03,3200,2026-09-10,put,785,2.5534,69,12.0
2026-07-03,3250,2026-09-10,put,375,2.5831,69,14.2
2026-07-03,3300,2026-09-10,put,2118,2.6258,69,17.5
2026-07-03,3350,2026-09-10,put,9,2.6703,69,21.5
2026-07-03,3400,2026-09-10,put,150,2.6887,69,24.0
2026-07-03,3450,2026-09-10,put,850,2.7273,69,28.5
2026-07-03,3500,2026-09-10,put,3642,2.7648,69,33.5
2026-07-03,3550,2026-09-10,put,720,2.8099,69,40.0
2026-07-03,3600,2026-09-10,put,792,2.8521,69,47.0
2026-07-03,3650,2026-09-10,put,580,2.9022,69,56.0
2026-07-03,3700,2026-09-10,put,688,2.9512,69,66.0
2026-07-03,3750,2026-09-10,put,450,3.0018,69,77.5
2026-07-03,3775,2026-09-10,put,21,3.0284,69,84.0
2026-07-03,3800,2026-09-10,put,537,3.0533,69,90.5
2026-07-03,3850,2026-09-10,put,200,3.1094,69,106.0
2026-07-03,3900,2026-09-10,put,200,3.1667,69,123.5
2026-07-03,4000,2026-09-10,put,222,3.2827,69,164.5
2026-07-03,3100,2026-10-08,put,211,2.2471,97,16.3
2026-07-03,3200,2026-10-08,put,181,2.2951,97,22.0
2026-07-03,3350,2026-10-08,put,125,2.3777,97,34.5
2026-07-03,3450,2026-10-08,put,100,2.437,97,46.0
2026-07-03,3600,2026-10-08,put,43,2.5402,97,71.0
2026-07-03,3700,2026-10-08,put,17,2.6201,97,95.0
2026-07-03,3950,2026-10-08,put,120,2.833,97,183.0
2026-07-03,4000,2026-10-08,put,80,2.8747,97,205.0
2026-07-03,3750,2026-11-12,put,50,2.3535,132,133.5
2026-07-03,1450,2026-12-10,put,1000,1.603,160,0.3
2026-07-03,1600,2026-12-10,put,690,1.6119,160,0.5
2026-07-03,1750,2026-12-10,put,15,1.5903,160,0.6
2026-07-03,1900,2026-12-10,put,1000,1.6198,160,1.1
2026-07-03,2100,2026-12-10,put,90,1.644,160,2.0
2026-07-03,2150,2026-12-10,put,600,1.6559,160,2.4
2026-07-03,2200,2026-12-10,put,1125,1.6647,160,2.8
2026-07-03,2250,2026-12-10,put,1300,1.6714,160,3.2
2026-07-03,2300,2026-12-10,put,15,1.6914,160,4.0
2026-07-03,2400,2026-12-10,put,2189,1.7013,160,5.0
2026-07-03,2450,2026-12-10,put,500,1.693,160,5.1
2026-07-03,2500,2026-12-10,put,1100,1.6933,160,5.5
2026-07-03,2550,2026-12-10,put,850,1.708,160,6.5
2026-07-03,2600,2026-12-10,put,1600,1.7219,160,7.6
2026-07-03,2650,2026-12-10,put,2615,1.7351,160,8.8
2026-07-03,2700,2026-12-10,put,1497,1.7508,160,10.3
2026-07-03,2750,2026-12-10,put,948,1.7652,160,11.9
2026-07-03,2800,2026-12-10,put,2276,1.7811,160,13.8
2026-07-03,2850,2026-12-10,put,322,1.7967,160,15.9
2026-07-03,2900,2026-12-10,put,100,1.8129,160,18.3
2026-07-03,2950,2026-12-10,put,150,1.8294,160,21.0
2026-07-03,3000,2026-12-10,put,220,1.8504,160,24.5
2026-07-03,3100,2026-12-10,put,1162,1.8831,160,31.5
2026-07-03,3150,2026-12-10,put,2374,1.9026,160,36.0
2026-07-03,3200,2026-12-10,put,2750,1.9223,160,41.0
2026-07-03,3250,2026-12-10,put,100,1.9421,160,46.5
2026-07-03,3300,2026-12-10,put,500,1.9618,160,52.5
2026-07-03,3350,2026-12-10,put,157,1.9812,160,59.0
2026-07-03,3400,2026-12-10,put,60,2.0025,160,66.5
2026-07-03,3500,2026-12-10,put,1900,2.0433,160,83.0
2026-07-03,3550,2026-12-10,put,27,2.071,160,94.5
2026-07-03,3600,2026-12-10,put,400,2.0955,160,106.0
2026-07-03,3650,2026-12-10,put,366,2.1147,160,116.5
2026-07-03,3700,2026-12-10,put,190,2.1502,160,134.0
2026-07-03,3750,2026-12-10,put,50,2.1829,160,152.0
2026-07-03,3800,2026-12-10,put,200,2.2112,160,169.5
2026-07-03,3850,2026-12-10,put,200,2.2389,160,188.0
2026-07-03,3900,2026-12-10,put,150,2.2671,160,208.0
2026-07-03,3950,2026-12-10,put,250,2.2956,160,229.5
2026-07-03,4000,2026-12-10,put,225,2.3244,160,252.5
2026-07-03,3800,2027-02-10,put,25,1.9323,222,200.5
2026-07-03,2900,2027-03-11,put,164,1.5562,251,34.5
2026-07-03,2950,2027-03-11,put,58,1.5678,251,38.5
2026-07-03,3050,2027-03-11,put,233,1.593,251,48.0
2026-07-03,3100,2027-03-11,put,368,1.6063,251,53.5
2026-07-03,3150,2027-03-11,put,96,1.6197,251,59.5
2026-07-03,3250,2027-03-11,put,1230,1.6516,251,74.5
2026-07-03,3300,2027-03-11,put,5544,1.6677,251,83.0
2026-07-03,3350,2027-03-11,put,1171,1.6834,251,92.0
2026-07-03,3500,2027-03-11,put,2227,1.7304,251,123.0
2026-07-03,3550,2027-03-11,put,3193,1.7466,251,135.0
2026-07-03,3600,2027-03-11,put,1877,1.7632,251,148.0
2026-07-03,3650,2027-03-11,put,150,1.7811,251,162.5
2026-07-03,3700,2027-03-11,put,140,1.7991,251,178.0
2026-07-03,3750,2027-03-11,put,35,1.818,251,195.0
2026-07-03,3800,2027-03-11,put,450,1.8369,251,213.0
2026-07-03,3850,2027-03-11,put,255,1.8564,251,232.5
2026-07-03,2250,2027-06-10,put,480,1.2823,342,11.2
2026-07-03,2700,2027-06-10,put,4063,1.3692,342,35.0
2026-07-03,3000,2027-06-10,put,150,1.4249,342,63.5
2026-07-03,3050,2027-06-10,put,127,1.4356,342,70.0
2026-07-03,3100,2027-06-10,put,151,1.4478,342,77.5
2026-07-03,3150,2027-06-10,put,2376,1.4586,342,85.0
2026-07-03,3200,2027-06-10,put,418,1.4706,342,93.5
2026-07-03,3250,2027-06-10,put,127,1.4824,342,102.5
2026-07-03,3300,2027-06-10,put,496,1.495,342,112.5
2026-07-03,3400,2027-06-10,put,100,1.5213,342,135.0
2026-07-03,3500,2027-06-10,put,152,1.5502,342,162.0
2026-07-03,3600,2027-06-10,put,100,1.5764,342,190.5
2026-07-03,3650,2027-06-10,put,100,1.591,342,207.0
2026-07-03,3200,2027-09-09,put,1537,1.3497,433,115.5
2026-07-03,3300,2027-09-09,put,1576,1.37,433,136.5
2026-07-03,3350,2027-09-09,put,250,1.3811,433,148.5
2026-07-03,3550,2027-09-09,put,393,1.4254,433,203.5
2026-07-03,3700,2027-09-09,put,40,1.4608,433,254.5
2026-07-03,4000,2027-09-09,put,160,1.5386,433,387.5
2026-07-03,2150,2027-12-09,put,100,1.0836,524,15.0
2026-07-03,2250,2027-12-09,put,100,1.0986,524,19.5
2026-07-03,2350,2027-12-09,put,100,1.114,524,25.0
2026-07-03,2400,2027-12-09,put,650,1.1233,524,28.5
2026-07-03,2450,2027-12-09,put,1100,1.1312,524,32.0
2026-07-03,2500,2027-12-09,put,2750,1.1378,524,35.5
2026-07-03,2550,2027-12-09,put,1200,1.1471,524,40.0
2026-07-03,2600,2027-12-09,put,1200,1.155,524,44.5
2026-07-03,2650,2027-12-09,put,900,1.1634,524,49.5
2026-07-03,2700,2027-12-09,put,700,1.1707,524,54.5
2026-07-03,2750,2027-12-09,put,250,1.1797,524,60.5
2026-07-03,2800,2027-12-09,put,250,1.1888,524,67.0
2026-07-03,2950,2027-12-09,put,250,1.2143,524,88.5
2026-07-03,3000,2027-12-09,put,100,1.2235,524,97.0
2026-07-03,3200,2027-12-09,put,100,1.2608,524,137.0
2026-07-03,3300,2027-12-09,put,500,1.28,524,161.0
2026-07-03,3400,2027-12-09,put,450,1.2995,524,188.0
2026-07-03,3450,2027-12-09,put,1200,1.3093,524,202.5
2026-07-03,3500,2027-12-09,put,175,1.3193,524,218.0
2026-07-03,3600,2027-12-09,call,200,0.2,524,251.5
2026-07-03,3650,2027-12-09,call,200,0.2,524,270.0
2026-07-03,3750,2027-12-09,call,100,0.2,524,309.5
2026-07-03,4000,2027-12-09,call,50,0.2,524,425.0
2026-07-03,1700,2028-12-07,call,250,0.2,888,14.9
2026-07-03,2400,2028-12-07,call,150,0.2,888,73.5
2026-07-03,2500,2028-12-07,call,1160,0.2,888,86.0
2026-07-03,2550,2028-12-07,call,100,0.2,888,93.0
2026-07-03,2600,2028-12-07,call,395,0.2,888,100.5
2026-07-03,3300,2028-12-07,call,100,0.2,888,256.0
2026-07-03,3600,2028-12-07,call,200,0.2,888,360.5
2026-07-03,3700,2028-12-07,call,225,0.2,888,401.5
2026-07-03,3900,2028-12-07,call,200,0.2,888,492.0
2026-07-03,4000,2028-12-07,call,100,0.2,888,542.0
2026-07-03,1800,2029-12-13,call,250,0.2,1259,29.0
2026-07-03,3500,2029-12-13,call,130,0.2,1259,401.5
2026-07-03,3600,2029-12-13,call,50,0.2,1259,441.5
2026-07-03,3700,2026-07-09,call,50,0.2,6,318.5
2026-07-03,3750,2026-07-09,call,150,0.2,6,270.5
2026-07-03,3900,2026-07-09,call,550,0.2,6,138.5
2026-07-03,3925,2026-07-09,call,100,0.2,6,117.0
2026-07-03,3950,2026-07-09,call,44,0.2,6,99.0
2026-07-03,3975,2026-07-09,call,86,0.2,6,82.0
2026-07-03,4000,2026-07-09,call,300,0.2,6,66.5
2026-07-03,4025,2026-07-09,call,44,0.2,6,51.5
2026-07-03,4050,2026-07-09,call,736,0.2,6,40.5
2026-07-03,4100,2026-07-09,call,164,0.2,6,23.0
2026-07-03,4150,2026-07-09,call,357,0.2,6,12.5
2026-07-03,4200,2026-07-09,call,918,0.2,6,6.5
2026-07-03,4250,2026-07-09,call,562,0.2,6,3.0
2026-07-03,4300,2026-07-09,call,100,0.2,6,1.3
2026-07-03,3600,2026-08-13,call,150,0.2,41,444.0
2026-07-03,3750,2026-08-13,call,200,0.2,41,317.0
2026-07-03,4050,2026-08-13,call,150,0.2,41,117.0
2026-07-03,4100,2026-08-13,call,150,0.2,41,94.0
2026-07-03,4150,2026-08-13,call,40,0.2,41,74.0
2026-07-03,4200,2026-08-13,call,155,0.2,41,57.5
2026-07-03,4250,2026-08-13,call,150,0.2,41,45.0
2026-07-03,4400,2026-08-13,call,773,0.2,41,19.0
2026-07-03,4450,2026-08-13,call,23,0.2,41,14.0
2026-07-03,2750,2026-09-10,call,85,0.2,69,1272.5
2026-07-03,3150,2026-09-10,call,1788,0.2,69,880.5
2026-07-03,3250,2026-09-10,call,300,0.2,69,785.0
2026-07-03,3400,2026-09-10,call,100,0.2,69,645.5
2026-07-03,3600,2026-09-10,call,200,0.2,69,469.0
2026-07-03,3650,2026-09-10,call,540,0.2,69,428.0
2026-07-03,3700,2026-09-10,call,245,0.2,69,388.0
2026-07-03,3750,2026-09-10,call,200,0.2,69,349.5
2026-07-03,3800,2026-09-10,call,117,0.2,69,312.5
2026-07-03,3850,2026-09-10,call,340,0.2,69,278.5
2026-07-03,4000,2026-09-10,call,280,0.2,69,187.0
2026-07-03,4100,2026-09-10,call,100,0.2,69,138.5
2026-07-03,4200,2026-09-10,call,500,0.2,69,99.0
2026-07-03,4250,2026-09-10,call,175,0.2,69,83.0
2026-07-03,4400,2026-09-10,call,457,0.2,69,47.0
2026-07-03,4800,2026-09-10,call,40,0.2,69,7.9
2026-07-03,3950,2026-10-08,call,220,0.2,97,227.0
2026-07-03,4200,2026-11-12,call,50,0.2,132,144.5
2026-07-03,2200,2026-12-10,call,1290,0.2,160,1796.5
2026-07-03,2250,2026-12-10,call,1300,0.2,160,1747.0
2026-07-03,2400,2026-12-10,call,650,0.2,160,1600.0
2026-07-03,2450,2026-12-10,call,500,0.2,160,1550.5
2026-07-03,2500,2026-12-10,call,600,0.2,160,1501.0
2026-07-03,2550,2026-12-10,call,850,0.2,160,1452.5
2026-07-03,2600,2026-12-10,call,1000,0.2,160,1404.0
2026-07-03,2650,2026-12-10,call,2375,0.2,160,1355.5
2026-07-03,2700,2026-12-10,call,750,0.2,160,1307.0
2026-07-03,2750,2026-12-10,call,525,0.2,160,1259.0
2026-07-03,2800,2026-12-10,call,750,0.2,160,1211.5
2026-07-03,2850,2026-12-10,call,200,0.2,160,1164.0
2026-07-03,3000,2026-12-10,call,500,0.2,160,1023.5
2026-07-03,3150,2026-12-10,call,400,0.2,160,886.0
2026-07-03,3350,2026-12-10,call,70,0.2,160,710.5
2026-07-03,3400,2026-12-10,call,1769,0.2,160,668.0
2026-07-03,3500,2026-12-10,call,400,0.2,160,585.5
2026-07-03,3600,2026-12-10,call,180,0.2,160,509.0
2026-07-03,3700,2026-12-10,call,160,0.2,160,437.5
2026-07-03,3750,2026-12-10,call,210,0.2,160,406.0
2026-07-03,3850,2026-12-10,call,800,0.2,160,342.5
2026-07-03,3900,2026-12-10,call,400,0.2,160,313.0
2026-07-03,3950,2026-12-10,call,75,0.2,160,285.0
2026-07-03,4000,2026-12-10,call,50,0.2,160,258.0
2026-07-03,4050,2026-12-10,call,60,0.2,160,230.5
2026-07-03,4100,2026-12-10,call,219,0.2,160,207.5
2026-07-03,4150,2026-12-10,call,50,0.2,160,186.0
2026-07-03,4200,2026-12-10,call,150,0.2,160,166.5
2026-07-03,4250,2026-12-10,call,200,0.2,160,148.5
2026-07-03,4200,2027-02-10,call,25,0.2,222,207.0
2026-07-03,3550,2027-03-11,call,800,0.2,251,592.0
2026-07-03,3650,2027-03-11,call,1213,0.2,251,520.5
2026-07-03,3700,2027-03-11,call,140,0.2,251,486.5
2026-07-03,3750,2027-03-11,call,35,0.2,251,454.0
2026-07-03,3800,2027-03-11,call,165,0.2,251,422.0
2026-07-03,3850,2027-03-11,call,255,0.2,251,392.0
2026-07-03,2250,2027-06-10,call,480,0.2,342,1726.0
2026-07-03,2700,2027-06-10,call,100,0.2,342,1305.5
2026-07-03,3500,2027-06-10,call,110,0.2,342,643.0
2026-07-03,4000,2027-06-10,call,1145,0.2,342,339.5
2026-07-03,4100,2027-09-09,call,40,0.2,433,340.5
2026-07-03,2150,2027-12-09,call,100,0.2,524,1804.0
2026-07-03,2250,2027-12-09,call,100,0.2,524,1710.5
2026-07-03,2350,2027-12-09,call,100,0.2,524,1618.0
2026-07-03,2400,2027-12-09,call,650,0.2,524,1572.5
2026-07-03,2500,2027-12-09,call,350,0.2,524,1481.5
2026-07-03,2550,2027-12-09,call,1200,0.2,524,1437.0
2026-07-03,2600,2027-12-09,call,1200,0.2,524,1392.5
2026-07-03,2650,2027-12-09,call,900,0.2,524,1348.5
2026-07-03,2700,2027-12-09,call,700,0.2,524,1304.5
2026-07-03,2750,2027-12-09,call,250,0.2,524,1261.5
2026-07-03,2800,2027-12-09,call,250,0.2,524,1219.0
2026-07-03,3300,2027-12-09,call,400,0.2,524,823.0
2026-07-03,3650,2027-12-09,call,100,0.2,524,589.0
2026-07-03,4000,2027-12-09,call,50,0.2,524,400.5
2026-07-03,2400,2028-12-07,call,150,0.2,888,1571.0
2026-07-03,2500,2028-12-07,call,1160,0.2,888,1486.5
2026-07-03,2550,2028-12-07,call,100,0.2,888,1445.5
2026-07-03,2600,2028-12-07,call,400,0.2,888,1404.5
2026-07-03,2700,2028-12-07,call,350,0.2,888,1323.5
2026-07-03,3050,2028-12-07,call,400,0.2,888,1056.5
2026-07-03,3400,2028-12-07,call,250,0.2,888,818.5
2026-07-03,3600,2028-12-07,call,400,0.2,888,697.5
2026-07-03,3900,2028-12-07,call,200,0.2,888,539.0
2026-07-03,2700,2029-12-13,call,250,0.2,1259,1330.5
2026-07-03,3500,2029-12-13,call,130,0.2,1259,806.0
2026-07-03,41000,2026-07-09,put,14020,1.3594,6,2.99
2026-07-03,42000,2026-07-09,put,1010,1.1948,6,1.01
2026-07-03,43000,2026-07-09,put,71280,1.2046,6,2.01
2026-07-03,44000,2026-07-09,put,9010,1.19,6,3.01
2026-07-03,45000,2026-07-09,put,28090,1.1646,6,4.01
2026-07-03,46000,2026-07-09,put,2266300,1.1179,6,4.33
2026-07-03,47000,2026-07-09,put,4650,1.0712,6,4.65
2026-07-03,47500,2026-07-09,put,6010,1.0702,6,6.01
2026-07-03,48000,2026-07-09,put,2254860,1.0638,6,7.33
2026-07-03,49000,2026-07-09,put,245410,1.0312,6,9.01
2026-07-03,50000,2026-07-09,put,8868990,0.9878,6,10.0
2026-07-03,51000,2026-07-09,put,38970,0.9254,6,9.15
2026-07-03,52000,2026-07-09,put,123120,0.9156,6,14.1
2026-07-03,53000,2026-07-09,put,25200,0.847,6,12.1
2026-07-03,54000,2026-07-09,put,178780,0.8466,6,20.58
2026-07-03,55000,2026-07-09,put,21757270,0.8166,6,26.0
2026-07-03,56000,2026-07-09,put,388020,0.779,6,30.67
2026-07-03,56375,2026-07-09,put,18500000,0.7785,6,37.0
2026-07-03,56500,2026-07-09,put,28040,0.742,6,28.04
2026-07-03,57000,2026-07-09,put,462560,0.7472,6,38.34
2026-07-03,57500,2026-07-09,put,703720,0.7218,6,39.33
2026-07-03,58000,2026-07-09,put,721920,0.7328,6,56.0
2026-07-03,58500,2026-07-09,put,35810,0.6564,6,35.81
2026-07-03,59000,2026-07-09,put,1397870,0.6699,6,53.67
2026-07-03,59500,2026-07-09,put,17500000,0.6706,6,70.0
2026-07-03,60000,2026-07-09,put,21622560,0.6704,6,89.67
2026-07-03,60500,2026-07-09,put,197340,0.6516,6,98.67
2026-07-03,61000,2026-07-09,put,7671950,0.6043,6,85.97
2026-07-03,61500,2026-07-09,put,178180,0.5877,6,97.12
2026-07-03,62000,2026-07-09,put,54057180,0.6031,6,141.49
2026-07-03,62250,2026-07-09,put,130000,0.5758,6,130.0
2026-07-03,62375,2026-07-09,put,12100000,0.5589,6,121.0
2026-07-03,62500,2026-07-09,put,647560,0.5855,6,158.56
2026-07-03,63000,2026-07-09,put,6061980,0.6022,6,224.41
2026-07-03,63500,2026-07-09,put,276550,0.4932,6,127.99
2026-07-03,64000,2026-07-09,put,171882310,0.5859,6,315.1
2026-07-03,64500,2026-07-09,put,982830,0.5823,6,380.84
2026-07-03,65000,2026-07-09,put,45189460,0.5567,6,410.1
2026-07-03,65500,2026-07-09,put,3504190,0.506,6,388.11
2026-07-03,66000,2026-07-09,put,26738950,0.5612,6,621.45
2026-07-03,66500,2026-07-09,put,5601660,0.5627,6,749.9
2026-07-03,67000,2026-07-09,put,128174990,0.4772,6,643.0
2026-07-03,67500,2026-07-09,put,3738920,0.467,6,755.1
2026-07-03,67750,2026-07-09,put,441600000,0.552,6,1104.0
2026-07-03,68000,2026-07-09,put,595693070,0.5505,6,1190.0
2026-07-03,68250,2026-07-09,put,100000000,0.4649,6,1000.0
2026-07-03,68500,2026-07-09,put,40450530,0.5514,6,1389.49
2026-07-03,68750,2026-07-09,put,127800000,0.4886,6,1278.0
2026-07-03,69000,2026-07-09,put,978228560,0.5512,6,1605.24
2026-07-03,69250,2026-07-09,put,716267420,0.4531,6,1375.0
2026-07-03,69500,2026-07-09,put,423349330,0.4464,6,1469.9
2026-07-03,70000,2026-07-09,put,15799750,0.4865,6,1868.75
2026-07-03,70500,2026-07-09,put,6998160,0.409,6,1875.06
2026-07-03,72000,2026-07-09,put,3300000,0.5438,6,3300.0
2026-07-03,20000,2026-08-13,put,101660,1.1756,41,2.99
2026-07-03,22000,2026-08-13,put,11970,1.1142,41,3.99
2026-07-03,25000,2026-08-13,put,11210020,1.0443,41,7.0
2026-07-03,27000,2026-08-13,put,9990,1.0016,41,9.99
2026-07-03,30000,2026-08-13,put,254920,0.9324,41,14.99
2026-07-03,33000,2026-08-13,put,57010,0.844,41,17.01
2026-07-03,40000,2026-08-13,put,26100020,0.732,41,52.0
2026-07-03,45000,2026-08-13,put,47174220,0.6561,41,105.99
2026-07-03,48000,2026-08-13,put,134990,0.5944,41,134.99
2026-07-03,48750,2026-08-13,put,13900000,0.576,41,139.0
2026-07-03,49000,2026-08-13,put,459000,0.5787,41,153.0
2026-07-03,50000,2026-08-13,put,483120,0.5574,41,164.1
2026-07-03,50500,2026-08-13,put,17200000,0.548,41,172.0
2026-07-03,51500,2026-08-13,put,19300000,0.5314,41,193.0
2026-07-03,52000,2026-08-13,put,232010,0.5366,41,232.01
2026-07-03,55000,2026-08-13,put,71000550,0.495,41,350.0
2026-07-03,56000,2026-08-13,put,1121330,0.4812,41,401.13
2026-07-03,56500,2026-08-13,put,420010,0.4716,41,420.01
2026-07-03,57000,2026-08-13,put,41265280,0.46,41,432.64
2026-07-03,58000,2026-08-13,put,83403680,0.4741,41,612.24
2026-07-03,59000,2026-08-13,put,2012000,0.4172,41,504.99
2026-07-03,60000,2026-08-13,put,152331090,0.4341,41,732.0
2026-07-03,61000,2026-08-13,put,75679930,0.4289,41,885.25
2026-07-03,62000,2026-08-13,put,2733000,0.3986,41,911.0
2026-07-03,62500,2026-08-13,put,1062750,0.4055,41,1062.75
2026-07-03,63000,2026-08-13,put,128200000,0.4204,41,1282.0
2026-07-03,65000,2026-08-13,put,336000000,0.396,41,1680.0
2026-07-03,69000,2026-08-13,put,444082890,0.3522,41,2903.0
2026-07-03,25000,2026-09-10,put,32000000,0.8913,69,20.0
2026-07-03,30000,2026-09-10,put,79980,0.8012,69,39.99
2026-07-03,35000,2026-09-10,put,36000000,0.7171,69,72.0
2026-07-03,40500,2026-09-10,put,12200000,0.6254,69,122.0
2026-07-03,40750,2026-09-10,put,11997000,0.6247,69,129.0
2026-07-03,42000,2026-09-10,put,120000000,0.6084,69,150.0
2026-07-03,48000,2026-09-10,put,258300000,0.5279,69,287.0
2026-07-03,56000,2026-09-10,put,64200000,0.4214,69,642.0
2026-07-03,57000,2026-09-10,put,244200000,0.426,69,814.0
2026-07-03,59500,2026-09-10,put,97900000,0.3842,69,979.0
2026-07-03,62000,2026-09-10,put,20640000,0.403,69,1720.0
2026-07-03,63000,2026-09-10,put,1336000000,0.3668,69,1670.0
2026-07-03,64500,2026-09-10,put,218500000,0.3711,69,2185.0
2026-07-03,65000,2026-09-10,put,4050000,0.3391,69,2025.0
2026-07-03,66500,2026-09-10,put,2108000000,0.3438,69,2635.0
2026-07-03,68000,2026-09-10,put,291400000,0.3122,69,2914.0
2026-07-03,69000,2026-09-10,put,213070000,0.3529,69,3874.0
2026-07-03,60000,2026-10-08,put,1029800000,0.3948,97,1749.0
2026-07-03,65000,2026-10-08,put,1206000000,0.3646,97,3015.0
2026-07-03,67000,2026-10-08,call,759000000,0.152,97,3795.0
2026-07-03,63000,2026-11-12,call,291000000,0.2,132,2910.0
2026-07-03,47500,2026-12-10,call,775810,0.2,160,775.81
2026-07-03,48000,2026-12-10,call,14850000,0.2,160,742.5
2026-07-03,50000,2026-12-10,call,571400000,0.2,160,950.0
2026-07-03,58000,2026-12-10,call,414300000,0.2,160,2000.0
2026-07-03,60000,2026-12-10,call,741200000,0.2,160,2442.0
2026-07-03,67000,2026-12-10,call,120075000,0.1789,160,4803.0
2026-07-03,68000,2026-12-10,call,513700000,0.2306,160,5137.0
2026-07-03,69000,2026-12-10,call,1090000000,0.2762,160,5450.0
2026-07-03,50000,2027-03-11,call,30520000,0.2,251,1526.0
2026-07-03,53000,2027-03-11,call,184000000,0.2,251,1840.0
2026-07-03,70000,2027-03-11,call,342000000,0.3013,251,6840.0
2026-07-03,49000,2027-06-10,call,200300000,0.2,342,2003.0
2026-07-03,68750,2027-09-09,call,691092000,0.2664,433,8532.0
2026-07-03,50000,2027-12-09,call,319000000,0.2,524,3190.0
2026-07-03,66000,2026-07-09,call,1524000000,0.2795,6,3810.0
2026-07-03,69000,2026-07-09,call,5880000,0.299,6,1474.9
2026-07-03,69500,2026-07-09,call,164829290,0.3225,6,1275.0
2026-07-03,70000,2026-07-09,call,247594270,0.3704,6,1200.0
2026-07-03,70500,2026-07-09,call,8469000,0.37,6,983.68
2026-07-03,71000,2026-07-09,call,96302770,0.3438,6,710.0
2026-07-03,71250,2026-07-09,call,822380,0.4029,6,822.38
2026-07-03,71500,2026-07-09,call,2064040,0.3942,6,714.9
2026-07-03,71750,2026-07-09,call,1611940,0.4462,6,805.97
2026-07-03,72000,2026-07-09,call,404043620,0.3425,6,426.24
2026-07-03,72250,2026-07-09,call,266932550,0.4441,6,660.0
2026-07-03,72500,2026-07-09,call,48299520,0.3456,6,331.57
2026-07-03,72750,2026-07-09,call,379470,0.3834,6,379.47
2026-07-03,73000,2026-07-09,call,101957650,0.3619,6,284.89
2026-07-03,73500,2026-07-09,call,8298400,0.3654,6,221.39
2026-07-03,74000,2026-07-09,call,10520510,0.3718,6,176.1
2026-07-03,74500,2026-07-09,call,3665040,0.3682,6,125.51
2026-07-03,75000,2026-07-09,call,33062800,0.3806,6,106.1
2026-07-03,75250,2026-07-09,call,430810,0.3876,6,98.78
2026-07-03,75500,2026-07-09,call,482490,0.4078,6,107.03
2026-07-03,76000,2026-07-09,call,14755520,0.3959,6,68.9
2026-07-03,76500,2026-07-09,call,881680,0.3874,6,44.33
2026-07-03,77000,2026-07-09,call,2182420,0.3985,6,37.59
2026-07-03,77500,2026-07-09,call,114270,0.4094,6,32.0
2026-07-03,78000,2026-07-09,call,1350270,0.3966,6,18.33
2026-07-03,78500,2026-07-09,call,37220,0.4168,6,18.62
2026-07-03,79000,2026-07-09,call,294290,0.4211,6,14.33
2026-07-03,79500,2026-07-09,call,49560,0.4268,6,11.33
2026-07-03,80000,2026-07-09,call,29668910,0.4325,6,8.99
2026-07-03,80500,2026-07-09,call,116980,0.4416,6,7.67
2026-07-03,81000,2026-07-09,call,137730,0.4378,6,5.01
2026-07-03,82000,2026-07-09,call,119920,0.4616,6,4.23
2026-07-03,82500,2026-07-09,call,85170,0.4617,6,3.01
2026-07-03,83000,2026-07-09,call,16570,0.4762,6,2.99
2026-07-03,83500,2026-07-09,call,20100,0.4737,6,2.01
2026-07-03,84000,2026-07-09,call,34760,0.4719,6,1.36
2026-07-03,85000,2026-07-09,call,19630,0.4877,6,1.02
2026-07-03,72000,2026-08-13,call,5924250,0.313,41,1974.75
2026-07-03,73000,2026-08-13,call,1932500,0.3467,41,1932.5
2026-07-03,73500,2026-08-13,call,1745550,0.3433,41,1745.55
2026-07-03,74000,2026-08-13,call,2830200,0.3213,41,1415.1
2026-07-03,75000,2026-08-13,call,134550100,0.3105,41,1080.01
2026-07-03,77000,2026-08-13,call,166319940,0.3281,41,810.0
2026-07-03,78000,2026-08-13,call,650010,0.3274,41,650.01
2026-07-03,80000,2026-08-13,call,7967860,0.3208,41,384.99
2026-07-03,82000,2026-08-13,call,44820040,0.3153,41,218.0
2026-07-03,84000,2026-08-13,call,231180,0.3551,41,231.18
2026-07-03,85000,2026-08-13,call,27405110,0.3346,41,135.0
2026-07-03,90000,2026-08-13,call,51010,0.352,41,51.01
2026-07-03,95000,2026-08-13,call,57990,0.3617,41,16.99
2026-07-03,98000,2026-08-13,call,8010,0.364,41,8.01
2026-07-03,100000,2026-08-13,call,85140,0.3669,41,5.01
2026-07-03,64000,2026-09-10,call,25137000,0.4303,69,8379.0
2026-07-03,70000,2026-09-10,call,13173000,0.3727,69,4391.0
2026-07-03,72000,2026-09-10,call,6146000,0.3336,69,3073.0
2026-07-03,72500,2026-09-10,call,2545010,0.3049,69,2545.01
2026-07-03,75000,2026-09-10,call,110000000,0.345,69,2200.0
2026-07-03,70000,2026-12-10,call,386255000,0.3191,160,5765.0
2026-07-03,72500,2026-12-10,call,910000000,0.31,160,4550.0
2026-07-03,73000,2026-12-10,call,105725000,0.3028,160,4229.0
2026-07-03,74000,2026-12-10,call,281203000,0.31,160,4000.0
2026-07-03,85000,2026-12-10,call,4239000,0.3102,160,1413.0
2026-07-03,90000,2026-12-10,call,278000000,0.2947,160,695.0
2026-07-03,95000,2026-12-10,call,13170000,0.3034,160,439.0
2026-07-03,4050,2026-07-09,call,1050000000,0.2,6,175.0
2026-07-03,4050,2026-07-09,call,1050000000,0.2,6,175.0
2026-07-03,4250,2026-07-09,call,12495000,0.2,6,3.5
2026-07-03,4400,2026-08-13,call,95940000,0.2,41,18.0
2026-07-03,4450,2026-08-13,call,4261210,0.2,41,18.527
