date,strike,expiry,type,product,oi,iv,days_to_expiry,settlement
2026-07-04,20000,2026-07-09,put,regular,2096,3.1047,5,1.0
2026-07-04,22000,2026-07-09,put,regular,439,2.8737,5,1.0
2026-07-04,24000,2026-07-09,put,regular,629,2.6631,5,1.0
2026-07-04,25000,2026-07-09,put,regular,2970,2.5644,5,1.0
2026-07-04,26000,2026-07-09,put,regular,385,2.4696,5,1.0
2026-07-04,27000,2026-07-09,put,regular,297,2.3784,5,1.0
2026-07-04,28000,2026-07-09,put,regular,143,2.2905,5,1.0
2026-07-04,29000,2026-07-09,put,regular,280,2.2057,5,1.0
2026-07-04,30000,2026-07-09,put,regular,2633,2.1237,5,1.0
2026-07-04,31000,2026-07-09,put,regular,189,2.0445,5,1.0
2026-07-04,32000,2026-07-09,put,regular,622,1.9677,5,1.0
2026-07-04,33000,2026-07-09,put,regular,312,1.8933,5,1.0
2026-07-04,34000,2026-07-09,put,regular,121,1.8211,5,1.0
2026-07-04,35000,2026-07-09,put,regular,2208,1.7509,5,1.0
2026-07-04,35500,2026-07-09,put,regular,106,1.7166,5,1.0
2026-07-04,35750,2026-07-09,put,regular,1,1.6995,5,1.0
2026-07-04,36000,2026-07-09,put,regular,776,1.6827,5,1.0
2026-07-04,36250,2026-07-09,put,regular,1,1.7548,5,2.0
2026-07-04,36500,2026-07-09,put,regular,114,1.7373,5,2.0
2026-07-04,36750,2026-07-09,put,regular,12,1.7199,5,2.0
2026-07-04,37000,2026-07-09,put,regular,112,1.7027,5,2.0
2026-07-04,37250,2026-07-09,put,regular,4,1.6856,5,2.0
2026-07-04,37500,2026-07-09,put,regular,107,1.6686,5,2.0
2026-07-04,37750,2026-07-09,put,regular,3,1.6516,5,2.0
2026-07-04,38000,2026-07-09,put,regular,167,1.6348,5,2.0
2026-07-04,38250,2026-07-09,put,regular,3,1.6182,5,2.0
2026-07-04,38500,2026-07-09,put,regular,232,1.6016,5,2.0
2026-07-04,38750,2026-07-09,put,regular,1,1.5851,5,2.0
2026-07-04,39000,2026-07-09,put,regular,720,1.5687,5,2.0
2026-07-04,39250,2026-07-09,put,regular,1,1.5524,5,2.0
2026-07-04,39500,2026-07-09,put,regular,60,1.5362,5,2.0
2026-07-04,39750,2026-07-09,put,regular,34,1.5201,5,2.0
2026-07-04,40000,2026-07-09,put,regular,2665,1.5041,5,2.0
2026-07-04,40250,2026-07-09,put,regular,15,1.4882,5,2.0
2026-07-04,40500,2026-07-09,put,regular,171,1.4724,5,2.0
2026-07-04,40750,2026-07-09,put,regular,17,1.5058,5,3.0
2026-07-04,41000,2026-07-09,put,regular,118,1.4897,5,3.0
2026-07-04,41250,2026-07-09,put,regular,57,1.4737,5,3.0
2026-07-04,41500,2026-07-09,put,regular,218,1.4578,5,3.0
2026-07-04,41750,2026-07-09,put,regular,13,1.442,5,3.0
2026-07-04,42000,2026-07-09,put,regular,338,1.4263,5,3.0
2026-07-04,42250,2026-07-09,put,regular,19,1.4461,5,4.0
2026-07-04,42500,2026-07-09,put,regular,207,1.4302,5,4.0
2026-07-04,42750,2026-07-09,put,regular,68,1.4144,5,4.0
2026-07-04,43000,2026-07-09,put,regular,839,1.3986,5,4.0
2026-07-04,43250,2026-07-09,put,regular,25,1.383,5,4.0
2026-07-04,43500,2026-07-09,put,regular,102,1.3674,5,4.0
2026-07-04,43750,2026-07-09,put,regular,27,1.3519,5,4.0
2026-07-04,44000,2026-07-09,put,regular,408,1.3365,5,4.0
2026-07-04,44250,2026-07-09,put,regular,82,1.3481,5,5.0
2026-07-04,44500,2026-07-09,put,regular,474,1.3326,5,5.0
2026-07-04,44750,2026-07-09,put,regular,47,1.3172,5,5.0
2026-07-04,45000,2026-07-09,put,regular,2400,1.3018,5,5.0
2026-07-04,45250,2026-07-09,put,regular,25,1.2865,5,5.0
2026-07-04,45500,2026-07-09,put,regular,225,1.2932,5,6.0
2026-07-04,45750,2026-07-09,put,regular,17,1.2779,5,6.0
2026-07-04,46000,2026-07-09,put,regular,709,1.2626,5,6.0
2026-07-04,46250,2026-07-09,put,regular,79,1.2474,5,6.0
2026-07-04,46500,2026-07-09,put,regular,329,1.2507,5,7.0
2026-07-04,46750,2026-07-09,put,regular,4,1.2355,5,7.0
2026-07-04,47000,2026-07-09,put,regular,1036,1.2203,5,7.0
2026-07-04,47250,2026-07-09,put,regular,47,1.2213,5,8.0
2026-07-04,47500,2026-07-09,put,regular,186,1.206,5,8.0
2026-07-04,47750,2026-07-09,put,regular,163,1.2052,5,9.0
2026-07-04,48000,2026-07-09,put,regular,2947,1.1602,5,7.0
2026-07-04,48250,2026-07-09,put,regular,30,1.1877,5,10.0
2026-07-04,48500,2026-07-09,put,regular,770,1.1725,5,10.0
2026-07-04,48750,2026-07-09,put,regular,24,1.1573,5,10.0
2026-07-04,49000,2026-07-09,put,regular,511,1.1422,5,10.0
2026-07-04,49250,2026-07-09,put,regular,43,1.1386,5,11.0
2026-07-04,49500,2026-07-09,put,regular,369,1.1122,5,10.0
2026-07-04,49750,2026-07-09,put,regular,18,1.119,5,12.0
2026-07-04,50000,2026-07-09,put,regular,2284,1.0935,5,11.0
2026-07-04,50250,2026-07-09,put,regular,17,1.1076,5,14.0
2026-07-04,50500,2026-07-09,put,regular,102,1.0924,5,14.0
2026-07-04,50750,2026-07-09,put,regular,6,1.0772,5,14.0
2026-07-04,51000,2026-07-09,put,regular,1393,1.0622,5,14.0
2026-07-04,51250,2026-07-09,put,regular,7,1.0471,5,14.0
2026-07-04,51500,2026-07-09,put,regular,801,1.0404,5,15.0
2026-07-04,51750,2026-07-09,put,regular,8,1.0404,5,17.0
2026-07-04,52000,2026-07-09,put,regular,1152,1.0323,5,18.0
2026-07-04,52250,2026-07-09,put,regular,101,1.0237,5,19.0
2026-07-04,52500,2026-07-09,put,regular,776,1.0149,5,20.0
2026-07-04,52750,2026-07-09,put,regular,19,1.0057,5,21.0
2026-07-04,52875,2026-07-09,put,regular,2,1.0038,5,22.0
2026-07-04,53000,2026-07-09,put,regular,4067,0.9584,5,16.0
2026-07-04,53125,2026-07-09,put,regular,4,0.9941,5,23.0
2026-07-04,53250,2026-07-09,put,regular,406,0.9864,5,23.0
2026-07-04,53375,2026-07-09,put,regular,163,0.9841,5,24.0
2026-07-04,53500,2026-07-09,put,regular,209,0.9764,5,24.0
2026-07-04,53625,2026-07-09,put,regular,4,0.9739,5,25.0
2026-07-04,53750,2026-07-09,put,regular,18,0.9662,5,25.0
2026-07-04,53875,2026-07-09,put,regular,110,0.9635,5,26.0
2026-07-04,54000,2026-07-09,put,regular,783,0.9558,5,26.0
2026-07-04,54125,2026-07-09,put,regular,8,0.9528,5,27.0
2026-07-04,54250,2026-07-09,put,regular,17,0.9451,5,27.0
2026-07-04,54375,2026-07-09,put,regular,22,0.942,5,28.0
2026-07-04,54500,2026-07-09,put,regular,282,0.9343,5,28.0
2026-07-04,54625,2026-07-09,put,regular,3,0.931,5,29.0
2026-07-04,54750,2026-07-09,put,regular,18,0.9233,5,29.0
2026-07-04,54875,2026-07-09,put,regular,7,0.9198,5,30.0
2026-07-04,55000,2026-07-09,put,regular,3438,0.8903,5,25.0
2026-07-04,55125,2026-07-09,put,regular,100,0.9045,5,30.0
2026-07-04,55250,2026-07-09,put,regular,9,0.9008,5,31.0
2026-07-04,55375,2026-07-09,put,regular,11,0.8931,5,31.0
2026-07-04,55500,2026-07-09,put,regular,504,0.8893,5,32.0
2026-07-04,55625,2026-07-09,put,regular,4,0.8854,5,33.0
2026-07-04,55750,2026-07-09,put,regular,8,0.8777,5,33.0
2026-07-04,55875,2026-07-09,put,regular,7,0.8808,5,36.0
2026-07-04,56000,2026-07-09,put,regular,1764,0.8764,5,37.0
2026-07-04,56125,2026-07-09,put,regular,4,0.8653,5,36.0
2026-07-04,56250,2026-07-09,put,regular,98,0.8642,5,38.0
2026-07-04,56375,2026-07-09,put,regular,736,0.8597,5,39.0
2026-07-04,56500,2026-07-09,put,regular,414,0.8582,5,41.0
2026-07-04,56625,2026-07-09,put,regular,78,0.8473,5,40.0
2026-07-04,56750,2026-07-09,put,regular,30,0.8425,5,41.0
2026-07-04,56875,2026-07-09,put,regular,15,0.8347,5,41.0
2026-07-04,57000,2026-07-09,put,regular,2297,0.8299,5,42.0
2026-07-04,57250,2026-07-09,put,regular,17,0.8228,5,45.0
2026-07-04,57375,2026-07-09,put,regular,2,0.8408,5,55.0
2026-07-04,57500,2026-07-09,put,regular,584,0.8204,5,50.0
2026-07-04,57625,2026-07-09,put,regular,18,0.8125,5,50.0
2026-07-04,57750,2026-07-09,put,regular,16,0.8045,5,50.0
2026-07-04,57875,2026-07-09,put,regular,42,0.7966,5,50.0
2026-07-04,58000,2026-07-09,put,regular,3477,0.7862,5,49.0
2026-07-04,58125,2026-07-09,put,regular,13,0.7904,5,54.0
2026-07-04,58250,2026-07-09,put,regular,12,0.7871,5,56.0
2026-07-04,58375,2026-07-09,put,regular,13,0.7858,5,59.0
2026-07-04,58500,2026-07-09,put,regular,1290,0.7756,5,58.0
2026-07-04,58625,2026-07-09,put,regular,3,0.7802,5,64.0
2026-07-04,58750,2026-07-09,put,regular,9,0.7741,5,65.0
2026-07-04,58875,2026-07-09,put,regular,24,0.768,5,66.0
2026-07-04,59000,2026-07-09,put,regular,1576,0.7657,5,69.0
2026-07-04,59125,2026-07-09,put,regular,3,0.7613,5,71.0
2026-07-04,59250,2026-07-09,put,regular,9,0.7604,5,75.0
2026-07-04,59375,2026-07-09,put,regular,3,0.7557,5,77.0
2026-07-04,59500,2026-07-09,put,regular,1787,0.756,5,82.0
2026-07-04,59625,2026-07-09,put,regular,6,0.7493,5,83.0
2026-07-04,59750,2026-07-09,put,regular,25,0.7409,5,83.0
2026-07-04,59875,2026-07-09,put,regular,123,0.739,5,87.0
2026-07-04,60000,2026-07-09,put,regular,3893,0.7413,5,94.0
2026-07-04,60125,2026-07-09,put,regular,51,0.7416,5,100.0
2026-07-04,60250,2026-07-09,put,regular,300,0.7442,5,108.0
2026-07-04,60375,2026-07-09,put,regular,3,0.7382,5,110.0
2026-07-04,60500,2026-07-09,put,regular,1613,0.716,5,100.0
2026-07-04,60625,2026-07-09,put,regular,103,0.721,5,110.0
2026-07-04,60750,2026-07-09,put,regular,30,0.7175,5,114.0
2026-07-04,60875,2026-07-09,put,regular,105,0.7138,5,118.0
2026-07-04,61000,2026-07-09,put,regular,1681,0.7171,5,128.0
2026-07-04,61125,2026-07-09,put,regular,4,0.7072,5,127.0
2026-07-04,61250,2026-07-09,put,regular,229,0.7041,5,132.0
2026-07-04,61375,2026-07-09,put,regular,4,0.7117,5,147.0
2026-07-04,61500,2026-07-09,put,regular,946,0.7006,5,145.0
2026-07-04,61625,2026-07-09,put,regular,1,0.707,5,160.0
2026-07-04,61750,2026-07-09,put,regular,11,0.7048,5,167.0
2026-07-04,61875,2026-07-09,put,regular,7,0.7013,5,173.0
2026-07-04,62000,2026-07-09,put,regular,2459,0.6893,5,170.0
2026-07-04,62125,2026-07-09,put,regular,42,0.6965,5,188.0
2026-07-04,62250,2026-07-09,put,regular,76,0.6942,5,196.0
2026-07-04,62375,2026-07-09,put,regular,363,0.6915,5,204.0
2026-07-04,62500,2026-07-09,put,regular,477,0.6895,5,213.0
2026-07-04,62625,2026-07-09,put,regular,8,0.6775,5,210.0
2026-07-04,62750,2026-07-09,put,regular,21,0.6752,5,219.0
2026-07-04,62875,2026-07-09,put,regular,5,0.6733,5,229.0
2026-07-04,63000,2026-07-09,put,regular,1848,0.6674,5,234.0
2026-07-04,63125,2026-07-09,put,regular,18,0.668,5,248.0
2026-07-04,63250,2026-07-09,put,regular,34,0.666,5,259.0
2026-07-04,63375,2026-07-09,put,regular,51,0.6638,5,270.0
2026-07-04,63500,2026-07-09,put,regular,263,0.651,5,266.0
2026-07-04,63625,2026-07-09,put,regular,13,0.6544,5,286.0
2026-07-04,63750,2026-07-09,put,regular,35,0.6597,5,310.0
2026-07-04,63875,2026-07-09,put,regular,3,0.6526,5,315.0
2026-07-04,64000,2026-07-09,put,regular,1738,0.6544,5,335.0
2026-07-04,64250,2026-07-09,put,regular,87,0.648,5,360.0
2026-07-04,64375,2026-07-09,put,regular,8,0.6459,5,375.0
2026-07-04,64500,2026-07-09,put,regular,1057,0.6461,5,395.0
2026-07-04,64625,2026-07-09,put,regular,195,0.6433,5,410.0
2026-07-04,64750,2026-07-09,put,regular,71,0.6402,5,425.0
2026-07-04,64875,2026-07-09,put,regular,21,0.6394,5,445.0
2026-07-04,65000,2026-07-09,put,regular,2911,0.6256,5,440.0
2026-07-04,65125,2026-07-09,put,regular,39,0.6366,5,485.0
2026-07-04,65250,2026-07-09,put,regular,40,0.6324,5,500.0
2026-07-04,65375,2026-07-09,put,regular,50,0.6325,5,525.0
2026-07-04,65500,2026-07-09,put,regular,871,0.6413,5,570.0
2026-07-04,65625,2026-07-09,put,regular,2,0.6316,5,575.0
2026-07-04,65750,2026-07-09,put,regular,7,0.6284,5,595.0
2026-07-04,65875,2026-07-09,put,regular,25,0.627,5,620.0
2026-07-04,66000,2026-07-09,put,regular,1443,0.6274,5,650.0
2026-07-04,66125,2026-07-09,put,regular,283,0.6253,5,675.0
2026-07-04,66250,2026-07-09,put,regular,69,0.6208,5,695.0
2026-07-04,66375,2026-07-09,put,regular,21,0.6221,5,730.0
2026-07-04,66500,2026-07-09,put,regular,1620,0.6306,5,785.0
2026-07-04,66625,2026-07-09,put,regular,15,0.6213,5,795.0
2026-07-04,66750,2026-07-09,put,regular,34,0.6175,5,820.0
2026-07-04,66875,2026-07-09,put,regular,2,0.6209,5,865.0
2026-07-04,67000,2026-07-09,put,regular,1903,0.6109,5,875.0
2026-07-04,67125,2026-07-09,put,regular,20,0.6188,5,935.0
2026-07-04,67250,2026-07-09,put,regular,8,0.6191,5,975.0
2026-07-04,67375,2026-07-09,put,regular,11,0.6153,5,1005.0
2026-07-04,67500,2026-07-09,put,regular,252,0.5992,5,1000.0
2026-07-04,67625,2026-07-09,put,regular,4,0.6156,5,1090.0
2026-07-04,67750,2026-07-09,put,regular,427,0.6159,5,1135.0
2026-07-04,67875,2026-07-09,put,regular,16,0.6142,5,1175.0
2026-07-04,68000,2026-07-09,put,regular,1655,0.6071,5,1200.0
2026-07-04,68125,2026-07-09,put,regular,9,0.6195,5,1285.0
2026-07-04,68250,2026-07-09,put,regular,211,0.6199,5,1335.0
2026-07-04,68375,2026-07-09,put,regular,23,0.6166,5,1375.0
2026-07-04,68500,2026-07-09,put,regular,142,0.6322,5,1475.0
2026-07-04,68625,2026-07-09,put,regular,25,0.6234,5,1500.0
2026-07-04,68750,2026-07-09,put,regular,179,0.6206,5,1545.0
2026-07-04,68875,2026-07-09,put,regular,13,0.6158,5,1585.0
2026-07-04,69000,2026-07-09,put,regular,1440,0.6123,5,1630.0
2026-07-04,69125,2026-07-09,put,regular,5,0.6225,5,1720.0
2026-07-04,69250,2026-07-09,put,regular,1247,0.6213,5,1775.0
2026-07-04,69375,2026-07-09,put,regular,59,0.626,5,1850.0
2026-07-04,69500,2026-07-09,put,regular,820,0.6317,5,1930.0
2026-07-04,69625,2026-07-09,put,regular,24,0.631,5,1990.0
2026-07-04,69750,2026-07-09,put,regular,519,0.6344,5,2065.0
2026-07-04,69875,2026-07-09,put,regular,24,0.6498,5,2180.0
2026-07-04,70000,2026-07-09,put,regular,1588,0.6264,5,2170.0
2026-07-04,70125,2026-07-09,put,regular,12,0.6549,5,2330.0
2026-07-04,70250,2026-07-09,put,regular,205,0.6462,5,2370.0
2026-07-04,70375,2026-07-09,put,regular,2,0.6493,5,2450.0
2026-07-04,70500,2026-07-09,put,regular,22,0.6661,5,2575.0
2026-07-04,70625,2026-07-09,put,regular,2205000,0.6563,5,2615.0
2026-07-04,70750,2026-07-09,put,regular,2,0.6662,5,2720.0
2026-07-04,70875,2026-07-09,put,regular,1,0.6649,5,2790.0
2026-07-04,71000,2026-07-09,put,regular,126,0.6774,5,2905.0
2026-07-04,71125,2026-07-09,put,regular,2,0.6724,5,2965.0
2026-07-04,71250,2026-07-09,put,regular,6,0.6812,5,3070.0
2026-07-04,71375,2026-07-09,put,regular,1,0.6834,5,3155.0
2026-07-04,71500,2026-07-09,put,regular,42,0.6948,5,3270.0
2026-07-04,71625,2026-07-09,put,regular,1,0.6916,5,3340.0
2026-07-04,72000,2026-07-09,put,regular,339,0.7158,5,3660.0
2026-07-04,72500,2026-07-09,put,regular,17,0.7446,5,4085.0
2026-07-04,73000,2026-07-09,put,regular,5,0.7565,5,4470.0
2026-07-04,73500,2026-07-09,put,regular,2,0.784,5,4910.0
2026-07-04,74000,2026-07-09,put,regular,13,0.7834,5,5280.0
2026-07-04,75000,2026-07-09,put,regular,5,0.8786,5,6300.0
2026-07-04,20000,2026-08-13,put,regular,659,1.1912,40,3.0
2026-07-04,22000,2026-08-13,put,regular,64,1.1289,40,4.0
2026-07-04,24000,2026-08-13,put,regular,57,1.0665,40,5.0
2026-07-04,25000,2026-08-13,put,regular,2629,1.0579,40,7.0
2026-07-04,26000,2026-08-13,put,regular,8,1.0429,40,9.0
2026-07-04,27000,2026-08-13,put,regular,9,1.0048,40,9.0
2026-07-04,28000,2026-08-13,put,regular,28,0.9779,40,10.0
2026-07-04,30000,2026-08-13,put,regular,5265,0.9448,40,15.0
2026-07-04,31000,2026-08-13,put,regular,9,0.9328,40,19.0
2026-07-04,32000,2026-08-13,put,regular,79,0.9129,40,22.0
2026-07-04,33000,2026-08-13,put,regular,10,0.8835,40,23.0
2026-07-04,34000,2026-08-13,put,regular,16,0.8624,40,26.0
2026-07-04,35000,2026-08-13,put,regular,315,0.8471,40,31.0
2026-07-04,36000,2026-08-13,put,regular,51,0.8241,40,34.0
2026-07-04,37000,2026-08-13,put,regular,41,0.8035,40,38.0
2026-07-04,37500,2026-08-13,put,regular,50,0.7929,40,40.0
2026-07-04,38000,2026-08-13,put,regular,1514,0.789,40,45.0
2026-07-04,38500,2026-08-13,put,regular,81,0.7757,40,46.0
2026-07-04,39000,2026-08-13,put,regular,114,0.7725,40,52.0
2026-07-04,39500,2026-08-13,put,regular,1,0.7591,40,53.0
2026-07-04,40000,2026-08-13,put,regular,765,0.7511,40,57.0
2026-07-04,40250,2026-08-13,put,regular,7,0.7453,40,58.0
2026-07-04,40500,2026-08-13,put,regular,30,0.7411,40,60.0
2026-07-04,40750,2026-08-13,put,regular,5,0.7352,40,61.0
2026-07-04,41000,2026-08-13,put,regular,128,0.7372,40,67.0
2026-07-04,41250,2026-08-13,put,regular,25,0.7265,40,65.0
2026-07-04,41500,2026-08-13,put,regular,6,0.7236,40,68.0
2026-07-04,41750,2026-08-13,put,regular,20,0.719,40,70.0
2026-07-04,42000,2026-08-13,put,regular,441,0.7186,40,75.0
2026-07-04,42250,2026-08-13,put,regular,1,0.7097,40,74.0
2026-07-04,42500,2026-08-13,put,regular,175,0.7063,40,77.0
2026-07-04,42750,2026-08-13,put,regular,36,0.7014,40,79.0
2026-07-04,43000,2026-08-13,put,regular,111,0.7003,40,84.0
2026-07-04,43250,2026-08-13,put,regular,8,0.6928,40,84.0
2026-07-04,43500,2026-08-13,put,regular,4,0.689,40,87.0
2026-07-04,43750,2026-08-13,put,regular,10,0.6851,40,90.0
2026-07-04,44000,2026-08-13,put,regular,165,0.6833,40,95.0
2026-07-04,44250,2026-08-13,put,regular,5,0.6759,40,95.0
2026-07-04,44500,2026-08-13,put,regular,205,0.6728,40,99.0
2026-07-04,44750,2026-08-13,put,regular,36,0.6675,40,101.0
2026-07-04,45000,2026-08-13,put,regular,1120,0.6662,40,107.0
2026-07-04,45250,2026-08-13,put,regular,101,0.6558,40,104.0
2026-07-04,45500,2026-08-13,put,regular,150,0.6524,40,108.0
2026-07-04,45750,2026-08-13,put,regular,29,0.6479,40,111.0
2026-07-04,46000,2026-08-13,put,regular,398,0.6434,40,114.0
2026-07-04,46250,2026-08-13,put,regular,13,0.6396,40,118.0
2026-07-04,46500,2026-08-13,put,regular,252,0.6392,40,126.0
2026-07-04,46750,2026-08-13,put,regular,55,0.6344,40,129.0
2026-07-04,47000,2026-08-13,put,regular,517,0.6358,40,140.0
2026-07-04,47250,2026-08-13,put,regular,65,0.6253,40,136.0
2026-07-04,47500,2026-08-13,put,regular,226,0.6188,40,137.0
2026-07-04,47750,2026-08-13,put,regular,41,0.6183,40,146.0
2026-07-04,48000,2026-08-13,put,regular,194,0.6181,40,156.0
2026-07-04,48250,2026-08-13,put,regular,18,0.6101,40,155.0
2026-07-04,48500,2026-08-13,put,regular,224,0.6102,40,166.0
2026-07-04,48750,2026-08-13,put,regular,148,0.6055,40,170.0
2026-07-04,49000,2026-08-13,put,regular,979,0.6019,40,176.0
2026-07-04,49250,2026-08-13,put,regular,41,0.5977,40,181.0
2026-07-04,49500,2026-08-13,put,regular,452,0.5945,40,188.0
2026-07-04,49750,2026-08-13,put,regular,32,0.5901,40,193.0
2026-07-04,50000,2026-08-13,put,regular,3389,0.5889,40,204.0
2026-07-04,50250,2026-08-13,put,regular,57,0.5826,40,206.0
2026-07-04,50500,2026-08-13,put,regular,234,0.5795,40,214.0
2026-07-04,50750,2026-08-13,put,regular,556,0.5753,40,220.0
2026-07-04,51000,2026-08-13,put,regular,399,0.5719,40,228.0
2026-07-04,51250,2026-08-13,put,regular,50,0.568,40,235.0
2026-07-04,51500,2026-08-13,put,regular,115,0.5654,40,245.0
2026-07-04,51750,2026-08-13,put,regular,40,0.5612,40,252.0
2026-07-04,52000,2026-08-13,put,regular,470,0.5555,40,256.0
2026-07-04,52250,2026-08-13,put,regular,6,0.5543,40,270.0
2026-07-04,52500,2026-08-13,put,regular,300,0.5507,40,279.0
2026-07-04,52750,2026-08-13,put,regular,41,0.547,40,288.0
2026-07-04,53000,2026-08-13,put,regular,1017,0.5332,40,273.0
2026-07-04,53250,2026-08-13,put,regular,10,0.5407,40,310.0
2026-07-04,53500,2026-08-13,put,regular,217,0.5389,40,325.0
2026-07-04,53750,2026-08-13,put,regular,8,0.5369,40,340.0
2026-07-04,54000,2026-08-13,put,regular,304,0.531,40,345.0
2026-07-04,54250,2026-08-13,put,regular,9,0.5287,40,360.0
2026-07-04,54500,2026-08-13,put,regular,227,0.5245,40,370.0
2026-07-04,54750,2026-08-13,put,regular,1,0.5218,40,385.0
2026-07-04,55000,2026-08-13,put,regular,2387,0.5205,40,405.0
2026-07-04,55250,2026-08-13,put,regular,8,0.5159,40,415.0
2026-07-04,55500,2026-08-13,put,regular,216,0.5128,40,430.0
2026-07-04,55750,2026-08-13,put,regular,1000,0.5109,40,450.0
2026-07-04,56000,2026-08-13,put,regular,1161,0.5045,40,455.0
2026-07-04,56250,2026-08-13,put,regular,20,0.5038,40,480.0
2026-07-04,56500,2026-08-13,put,regular,36,0.5027,40,505.0
2026-07-04,56750,2026-08-13,put,regular,29,0.4974,40,515.0
2026-07-04,56875,2026-08-13,put,regular,6,0.4974,40,530.0
2026-07-04,57000,2026-08-13,put,regular,443,0.4947,40,535.0
2026-07-04,57250,2026-08-13,put,regular,16,0.4905,40,550.0
2026-07-04,57375,2026-08-13,put,regular,1,0.4902,40,565.0
2026-07-04,57500,2026-08-13,put,regular,421,0.4899,40,580.0
2026-07-04,57625,2026-08-13,put,regular,2,0.4858,40,580.0
2026-07-04,57750,2026-08-13,put,regular,5,0.4866,40,600.0
2026-07-04,57875,2026-08-13,put,regular,1,0.4861,40,615.0
2026-07-04,58000,2026-08-13,put,regular,1124,0.4843,40,625.0
2026-07-04,58375,2026-08-13,put,regular,10,0.4777,40,650.0
2026-07-04,58500,2026-08-13,put,regular,129,0.4791,40,675.0
2026-07-04,58625,2026-08-13,put,regular,4,0.4772,40,685.0
2026-07-04,58750,2026-08-13,put,regular,5,0.4762,40,700.0
2026-07-04,58875,2026-08-13,put,regular,13,0.4753,40,715.0
2026-07-04,59000,2026-08-13,put,regular,505,0.4742,40,730.0
2026-07-04,59125,2026-08-13,put,regular,33,0.4721,40,740.0
2026-07-04,59250,2026-08-13,put,regular,18,0.472,40,760.0
2026-07-04,59375,2026-08-13,put,regular,8,0.4698,40,770.0
2026-07-04,59500,2026-08-13,put,regular,556,0.4695,40,790.0
2026-07-04,59625,2026-08-13,put,regular,10,0.4692,40,810.0
2026-07-04,59750,2026-08-13,put,regular,8,0.4669,40,820.0
2026-07-04,59875,2026-08-13,put,regular,12,0.4674,40,845.0
2026-07-04,60000,2026-08-13,put,regular,3352,0.465,40,855.0
2026-07-04,60125,2026-08-13,put,regular,100,0.4644,40,875.0
2026-07-04,60250,2026-08-13,put,regular,2,0.4619,40,885.0
2026-07-04,60375,2026-08-13,put,regular,7,0.4622,40,910.0
2026-07-04,60500,2026-08-13,put,regular,106,0.4596,40,920.0
2026-07-04,60625,2026-08-13,put,regular,102,0.4606,40,950.0
2026-07-04,60750,2026-08-13,put,regular,25,0.458,40,960.0
2026-07-04,61000,2026-08-13,put,regular,1167,0.4569,40,1005.0
2026-07-04,61125,2026-08-13,put,regular,11,0.455,40,1020.0
2026-07-04,61375,2026-08-13,put,regular,5,0.4527,40,1060.0
2026-07-04,61500,2026-08-13,put,regular,180,0.4524,40,1085.0
2026-07-04,61750,2026-08-13,put,regular,9,0.4506,40,1130.0
2026-07-04,61875,2026-08-13,put,regular,5,0.4492,40,1150.0
2026-07-04,62000,2026-08-13,put,regular,1940,0.4485,40,1175.0
2026-07-04,62125,2026-08-13,put,regular,125,0.447,40,1195.0
2026-07-04,62250,2026-08-13,put,regular,125,0.447,40,1225.0
2026-07-04,62375,2026-08-13,put,regular,3,0.4454,40,1245.0
2026-07-04,62500,2026-08-13,put,regular,1168,0.4453,40,1275.0
2026-07-04,62750,2026-08-13,put,regular,311,0.4433,40,1325.0
2026-07-04,62875,2026-08-13,put,regular,10,0.4414,40,1345.0
2026-07-04,63000,2026-08-13,put,regular,1910,0.4403,40,1370.0
2026-07-04,63125,2026-08-13,put,regular,5,0.4398,40,1400.0
2026-07-04,63250,2026-08-13,put,regular,1260000,0.4386,40,1425.0
2026-07-04,63375,2026-08-13,put,regular,5,0.4387,40,1460.0
2026-07-04,63500,2026-08-13,put,regular,431,0.438,40,1490.0
2026-07-04,63625,2026-08-13,put,regular,5,0.4365,40,1515.0
2026-07-04,63750,2026-08-13,put,regular,5,0.435,40,1540.0
2026-07-04,63875,2026-08-13,put,regular,47,0.4348,40,1575.0
2026-07-04,64000,2026-08-13,put,regular,1750,0.4339,40,1605.0
2026-07-04,64125,2026-08-13,put,regular,30,0.4336,40,1640.0
2026-07-04,64250,2026-08-13,put,regular,20,0.4325,40,1670.0
2026-07-04,64375,2026-08-13,put,regular,20,0.432,40,1705.0
2026-07-04,64500,2026-08-13,put,regular,24,0.4255,40,1695.0
2026-07-04,64625,2026-08-13,put,regular,15,0.4302,40,1770.0
2026-07-04,64750,2026-08-13,put,regular,10,0.4302,40,1810.0
2026-07-04,64875,2026-08-13,put,regular,6,0.4288,40,1840.0
2026-07-04,65000,2026-08-13,put,regular,9299,0.4286,40,1880.0
2026-07-04,65125,2026-08-13,put,regular,6,0.4278,40,1915.0
2026-07-04,65250,2026-08-13,put,regular,15,0.4274,40,1955.0
2026-07-04,65375,2026-08-13,put,regular,8,0.4264,40,1990.0
2026-07-04,65500,2026-08-13,put,regular,1786,0.426,40,2030.0
2026-07-04,65625,2026-08-13,put,regular,10,0.4242,40,2060.0
2026-07-04,65750,2026-08-13,put,regular,101,0.4243,40,2105.0
2026-07-04,66000,2026-08-13,put,regular,1604,0.4229,40,2185.0
2026-07-04,66125,2026-08-13,put,regular,110,0.4221,40,2225.0
2026-07-04,66250,2026-08-13,put,regular,2,0.4224,40,2275.0
2026-07-04,66375,2026-08-13,put,regular,5,0.4215,40,2315.0
2026-07-04,66500,2026-08-13,put,regular,501,0.421,40,2360.0
2026-07-04,66625,2026-08-13,put,regular,15,0.4194,40,2395.0
2026-07-04,66750,2026-08-13,put,regular,5,0.42,40,2450.0
2026-07-04,66875,2026-08-13,put,regular,5,0.4194,40,2495.0
2026-07-04,67000,2026-08-13,put,regular,992,0.4187,40,2540.0
2026-07-04,67250,2026-08-13,put,regular,80,0.4177,40,2635.0
2026-07-04,67375,2026-08-13,put,regular,1,0.4173,40,2685.0
2026-07-04,67500,2026-08-13,put,regular,76,0.4112,40,2685.0
2026-07-04,67750,2026-08-13,put,regular,11,0.4165,40,2840.0
2026-07-04,68000,2026-08-13,put,regular,2790,0.4169,40,2955.0
2026-07-04,68125,2026-08-13,put,regular,1,0.415,40,2995.0
2026-07-04,68250,2026-08-13,put,regular,13,0.4159,40,3060.0
2026-07-04,68375,2026-08-13,put,regular,7,0.4144,40,3105.0
2026-07-04,68500,2026-08-13,put,regular,131,0.4145,40,3165.0
2026-07-04,69000,2026-08-13,put,regular,1940,0.4133,40,3395.0
2026-07-04,69250,2026-08-13,put,regular,34,0.4133,40,3520.0
2026-07-04,69500,2026-08-13,put,regular,601,0.4131,40,3645.0
2026-07-04,69750,2026-08-13,put,regular,1,0.4131,40,3775.0
2026-07-04,70000,2026-08-13,put,regular,6198,0.4139,40,3915.0
2026-07-04,70125,2026-08-13,put,regular,1,0.4137,40,3980.0
2026-07-04,70250,2026-08-13,put,regular,17,0.4123,40,4035.0
2026-07-04,70500,2026-08-13,put,regular,11,0.4142,40,4190.0
2026-07-04,71000,2026-08-13,put,regular,186,0.4133,40,4465.0
2026-07-04,71500,2026-08-13,put,regular,1,0.4146,40,4770.0
2026-07-04,72000,2026-08-13,put,regular,201,0.4192,40,5115.0
2026-07-04,72250,2026-08-13,put,regular,1,0.416,40,5240.0
2026-07-04,73000,2026-08-13,put,regular,14,0.4183,40,5740.0
2026-07-04,75000,2026-08-13,put,regular,60,0.4345,40,7250.0
2026-07-04,77500,2026-08-13,put,regular,5,0.4536,40,9275.0
2026-07-04,20000,2026-09-10,put,regular,830,1.0038,68,9.0
2026-07-04,22000,2026-09-10,put,regular,3,0.9627,68,13.0
2026-07-04,23000,2026-09-10,put,regular,3,0.9403,68,15.0
2026-07-04,24000,2026-09-10,put,regular,5,0.9227,68,18.0
2026-07-04,25000,2026-09-10,put,regular,1635,0.9035,68,21.0
2026-07-04,26000,2026-09-10,put,regular,117,0.875,68,22.0
2026-07-04,27000,2026-09-10,put,regular,1,0.8551,68,25.0
2026-07-04,27500,2026-09-10,put,regular,10,0.8466,68,27.0
2026-07-04,28000,2026-09-10,put,regular,18,0.8379,68,29.0
2026-07-04,28750,2026-09-10,put,regular,65,0.8243,68,32.0
2026-07-04,29000,2026-09-10,put,regular,19,0.8225,68,34.0
2026-07-04,30000,2026-09-10,put,regular,4159,0.8129,68,42.0
2026-07-04,30500,2026-09-10,put,regular,86,0.8048,68,45.0
2026-07-04,32000,2026-09-10,put,regular,5,0.7862,68,58.0
2026-07-04,33000,2026-09-10,put,regular,130,0.7737,68,68.0
2026-07-04,34000,2026-09-10,put,regular,11,0.754,68,74.0
2026-07-04,34750,2026-09-10,put,regular,69,0.7358,68,76.0
2026-07-04,35000,2026-09-10,put,regular,1087,0.7289,68,76.0
2026-07-04,35750,2026-09-10,put,regular,50,0.7098,68,77.0
2026-07-04,36000,2026-09-10,put,regular,12,0.703,68,77.0
2026-07-04,36750,2026-09-10,put,regular,60,0.6844,68,78.0
2026-07-04,37000,2026-09-10,put,regular,500,0.679,68,79.0
2026-07-04,37500,2026-09-10,put,regular,2,0.673,68,85.0
2026-07-04,37750,2026-09-10,put,regular,1,0.6698,68,88.0
2026-07-04,38000,2026-09-10,put,regular,703,0.6644,68,89.0
2026-07-04,38500,2026-09-10,put,regular,226,0.6589,68,96.0
2026-07-04,39000,2026-09-10,put,regular,62,0.6557,68,106.0
2026-07-04,39250,2026-09-10,put,regular,168,0.6538,68,111.0
2026-07-04,39500,2026-09-10,put,regular,250,0.6518,68,116.0
2026-07-04,40000,2026-09-10,put,regular,2596,0.6489,68,128.0
2026-07-04,40250,2026-09-10,put,regular,1,0.6457,68,132.0
2026-07-04,40500,2026-09-10,put,regular,176,0.6453,68,140.0
2026-07-04,40750,2026-09-10,put,regular,123,0.6404,68,142.0
2026-07-04,41000,2026-09-10,put,regular,864,0.6361,68,145.0
2026-07-04,41250,2026-09-10,put,regular,1,0.6311,68,147.0
2026-07-04,41500,2026-09-10,put,regular,1,0.6261,68,149.0
2026-07-04,42000,2026-09-10,put,regular,2043,0.6162,68,153.0
2026-07-04,43000,2026-09-10,put,regular,909,0.5982,68,164.0
2026-07-04,43250,2026-09-10,put,regular,61,0.5944,68,168.0
2026-07-04,43500,2026-09-10,put,regular,548,0.5911,68,173.0
2026-07-04,43750,2026-09-10,put,regular,1,0.5879,68,178.0
2026-07-04,44000,2026-09-10,put,regular,1446,0.5856,68,185.0
2026-07-04,44750,2026-09-10,put,regular,1,0.5751,68,200.0
2026-07-04,45000,2026-09-10,put,regular,1986,0.5725,68,207.0
2026-07-04,45500,2026-09-10,put,regular,1,0.5655,68,218.0
2026-07-04,45750,2026-09-10,put,regular,30,0.5627,68,225.0
2026-07-04,46000,2026-09-10,put,regular,2181,0.5602,68,233.0
2026-07-04,46250,2026-09-10,put,regular,1,0.5563,68,238.0
2026-07-04,46500,2026-09-10,put,regular,340,0.5532,68,245.0
2026-07-04,46750,2026-09-10,put,regular,1,0.5505,68,253.0
2026-07-04,47000,2026-09-10,put,regular,659,0.548,68,262.0
2026-07-04,47250,2026-09-10,put,regular,6,0.5443,68,268.0
2026-07-04,47500,2026-09-10,put,regular,1015,0.5413,68,276.0
2026-07-04,47750,2026-09-10,put,regular,1,0.5383,68,284.0
2026-07-04,48000,2026-09-10,put,regular,3160,0.5362,68,295.0
2026-07-04,48250,2026-09-10,put,regular,13,0.5337,68,305.0
2026-07-04,48500,2026-09-10,put,regular,641,0.5293,68,310.0
2026-07-04,48750,2026-09-10,put,regular,3,0.5267,68,320.0
2026-07-04,49000,2026-09-10,put,regular,1381,0.5256,68,335.0
2026-07-04,49250,2026-09-10,put,regular,13,0.5211,68,340.0
2026-07-04,49500,2026-09-10,put,regular,4,0.5181,68,350.0
2026-07-04,49750,2026-09-10,put,regular,13,0.5151,68,360.0
2026-07-04,50000,2026-09-10,put,regular,8215,0.512,68,370.0
2026-07-04,50250,2026-09-10,put,regular,7,0.5088,68,380.0
2026-07-04,50500,2026-09-10,put,regular,1067,0.5056,68,390.0
2026-07-04,50750,2026-09-10,put,regular,30,0.5037,68,405.0
2026-07-04,51000,2026-09-10,put,regular,921,0.5017,68,420.0
2026-07-04,51250,2026-09-10,put,regular,230,0.4996,68,435.0
2026-07-04,51500,2026-09-10,put,regular,216,0.5026,68,470.0
2026-07-04,51750,2026-09-10,put,regular,9,0.495,68,465.0
2026-07-04,52000,2026-09-10,put,regular,1593,0.4963,68,495.0
2026-07-04,52250,2026-09-10,put,regular,44,0.4899,68,495.0
2026-07-04,52500,2026-09-10,put,regular,19,0.492,68,530.0
2026-07-04,52750,2026-09-10,put,regular,4,0.4891,68,545.0
2026-07-04,53000,2026-09-10,put,regular,1350,0.4862,68,560.0
2026-07-04,53250,2026-09-10,put,regular,15,0.4842,68,580.0
2026-07-04,53500,2026-09-10,put,regular,297,0.481,68,595.0
2026-07-04,53750,2026-09-10,put,regular,75,0.4778,68,610.0
2026-07-04,54000,2026-09-10,put,regular,2577,0.4755,68,630.0
2026-07-04,54250,2026-09-10,put,regular,2,0.469,68,630.0
2026-07-04,54500,2026-09-10,put,regular,126,0.4706,68,670.0
2026-07-04,54750,2026-09-10,put,regular,210,0.4651,68,675.0
2026-07-04,55000,2026-09-10,put,regular,3008,0.4662,68,715.0
2026-07-04,55250,2026-09-10,put,regular,2,0.4615,68,725.0
2026-07-04,55500,2026-09-10,put,regular,300,0.4605,68,755.0
2026-07-04,56000,2026-09-10,put,regular,1827,0.4561,68,805.0
2026-07-04,56250,2026-09-10,put,regular,1,0.4529,68,825.0
2026-07-04,56500,2026-09-10,put,regular,55,0.4529,68,865.0
2026-07-04,57000,2026-09-10,put,regular,2390,0.4467,68,910.0
2026-07-04,57250,2026-09-10,put,regular,1,0.447,68,955.0
2026-07-04,57500,2026-09-10,put,regular,384,0.4456,68,990.0
2026-07-04,57750,2026-09-10,put,regular,104,0.444,68,1025.0
2026-07-04,58000,2026-09-10,put,regular,1463,0.44,68,1045.0
2026-07-04,58250,2026-09-10,put,regular,41,0.4374,68,1075.0
2026-07-04,58500,2026-09-10,put,regular,208,0.4347,68,1105.0
2026-07-04,58750,2026-09-10,put,regular,2,0.4333,68,1145.0
2026-07-04,59000,2026-09-10,put,regular,1519,0.4317,68,1185.0
2026-07-04,59500,2026-09-10,put,regular,108,0.4281,68,1265.0
2026-07-04,59750,2026-09-10,put,regular,7,0.4255,68,1300.0
2026-07-04,60000,2026-09-10,put,regular,2894,0.424,68,1345.0
2026-07-04,60500,2026-09-10,put,regular,321,0.4205,68,1435.0
2026-07-04,60750,2026-09-10,put,regular,128,0.4185,68,1480.0
2026-07-04,61000,2026-09-10,put,regular,1216,0.417,68,1530.0
2026-07-04,61250,2026-09-10,put,regular,2,0.4153,68,1580.0
2026-07-04,61500,2026-09-10,put,regular,2,0.4135,68,1630.0
2026-07-04,61750,2026-09-10,put,regular,8,0.4121,68,1685.0
2026-07-04,62000,2026-09-10,put,regular,2522,0.41,68,1735.0
2026-07-04,62500,2026-09-10,put,regular,560,0.4069,68,1850.0
2026-07-04,62750,2026-09-10,put,regular,6,0.406,68,1915.0
2026-07-04,63000,2026-09-10,put,regular,2514,0.4043,68,1975.0
2026-07-04,63125,2026-09-10,put,regular,5,0.4034,68,2005.0
2026-07-04,63500,2026-09-10,put,regular,10,0.4015,68,2105.0
2026-07-04,64000,2026-09-10,put,regular,1935,0.3985,68,2240.0
2026-07-04,64500,2026-09-10,put,regular,303,0.3964,68,2390.0
2026-07-04,65000,2026-09-10,put,regular,2140,0.3935,68,2540.0
2026-07-04,65250,2026-09-10,put,regular,78,0.3928,68,2625.0
2026-07-04,65500,2026-09-10,put,regular,275,0.3914,68,2705.0
2026-07-04,66000,2026-09-10,put,regular,1120,0.3891,68,2875.0
2026-07-04,66250,2026-09-10,put,regular,2,0.3885,68,2970.0
2026-07-04,66500,2026-09-10,put,regular,800,0.3869,68,3055.0
2026-07-04,66625,2026-09-10,put,regular,15,0.3863,68,3100.0
2026-07-04,67000,2026-09-10,put,regular,1050,0.3858,68,3255.0
2026-07-04,67500,2026-09-10,put,regular,23,0.384,68,3455.0
2026-07-04,67750,2026-09-10,put,regular,16,0.3832,68,3560.0
2026-07-04,68000,2026-09-10,put,regular,391,0.3823,68,3665.0
2026-07-04,68500,2026-09-10,put,regular,7,0.3816,68,3895.0
2026-07-04,69000,2026-09-10,put,regular,378,0.3814,68,4140.0
2026-07-04,69500,2026-09-10,put,regular,72,0.3805,68,4385.0
2026-07-04,70000,2026-09-10,put,regular,1124,0.3801,68,4645.0
2026-07-04,71000,2026-09-10,put,regular,100,0.3806,68,5205.0
2026-07-04,73000,2026-09-10,put,regular,6,0.3816,68,6425.0
2026-07-04,75000,2026-09-10,put,regular,1,0.3866,68,7815.0
2026-07-04,25000,2026-10-08,put,regular,8,0.791,96,30.0
2026-07-04,30000,2026-10-08,put,regular,1,0.6904,96,45.0
2026-07-04,35000,2026-10-08,put,regular,1,0.6326,96,94.0
2026-07-04,38000,2026-10-08,put,regular,2,0.599,96,139.0
2026-07-04,40000,2026-10-08,put,regular,2,0.5771,96,178.0
2026-07-04,43750,2026-10-08,put,regular,9,0.5321,96,263.0
2026-07-04,45000,2026-10-08,put,regular,120,0.5215,96,310.0
2026-07-04,45500,2026-10-08,put,regular,185,0.5186,96,335.0
2026-07-04,46000,2026-10-08,put,regular,150,0.5107,96,345.0
2026-07-04,46500,2026-10-08,put,regular,62,0.5057,96,365.0
2026-07-04,46750,2026-10-08,put,regular,31,0.5045,96,380.0
2026-07-04,47000,2026-10-08,put,regular,75,0.5018,96,390.0
2026-07-04,48000,2026-10-08,put,regular,15,0.4917,96,435.0
2026-07-04,49000,2026-10-08,put,regular,6,0.4829,96,490.0
2026-07-04,50000,2026-10-08,put,regular,252,0.474,96,550.0
2026-07-04,50500,2026-10-08,put,regular,4,0.4701,96,585.0
2026-07-04,54000,2026-10-08,put,regular,75,0.4471,96,915.0
2026-07-04,54750,2026-10-08,put,regular,6,0.4404,96,990.0
2026-07-04,55000,2026-10-08,put,regular,301,0.4387,96,1020.0
2026-07-04,55250,2026-10-08,put,regular,31,0.4362,96,1045.0
2026-07-04,56500,2026-10-08,put,regular,4,0.4264,96,1200.0
2026-07-04,57500,2026-10-08,put,regular,3,0.4194,96,1345.0
2026-07-04,58000,2026-10-08,put,regular,801,0.4161,96,1425.0
2026-07-04,59000,2026-10-08,put,regular,25,0.4089,96,1590.0
2026-07-04,59250,2026-10-08,put,regular,5,0.4067,96,1630.0
2026-07-04,60000,2026-10-08,put,regular,1664,0.4021,96,1775.0
2026-07-04,60500,2026-10-08,put,regular,100,0.3993,96,1880.0
2026-07-04,60750,2026-10-08,put,regular,9,0.3974,96,1930.0
2026-07-04,61000,2026-10-08,put,regular,200,0.396,96,1985.0
2026-07-04,64000,2026-10-08,put,regular,650,0.3834,96,2810.0
2026-07-04,64750,2026-10-08,put,regular,1,0.3822,96,3075.0
2026-07-04,65000,2026-10-08,put,regular,750,0.3813,96,3160.0
2026-07-04,67000,2026-10-08,put,regular,201,0.3747,96,3915.0
2026-07-04,68000,2026-10-08,put,regular,530,0.3725,96,4350.0
2026-07-04,68500,2026-10-08,put,regular,2,0.3719,96,4585.0
2026-07-04,70000,2026-10-08,put,regular,101,0.3654,96,5270.0
2026-07-04,72500,2026-10-08,put,regular,1,0.366,96,6720.0
2026-07-04,38000,2026-11-12,put,regular,1,0.5575,131,227.0
2026-07-04,40000,2026-11-12,put,regular,1,0.5381,131,284.0
2026-07-04,43000,2026-11-12,put,regular,1,0.5107,131,395.0
2026-07-04,51000,2026-11-12,put,regular,100,0.4415,131,890.0
2026-07-04,53000,2026-11-12,put,regular,55,0.4339,131,1150.0
2026-07-04,53750,2026-11-12,put,regular,1,0.428,131,1235.0
2026-07-04,58000,2026-11-12,put,regular,100,0.4,131,1885.0
2026-07-04,59500,2026-11-12,put,regular,250,0.3904,131,2175.0
2026-07-04,60000,2026-11-12,put,regular,120,0.388,131,2290.0
2026-07-04,60500,2026-11-12,put,regular,100,0.3849,131,2400.0
2026-07-04,61000,2026-11-12,put,regular,200,0.383,131,2530.0
2026-07-04,63000,2026-11-12,put,regular,100,0.3734,131,3075.0
2026-07-04,64000,2026-11-12,put,regular,500,0.3715,131,3420.0
2026-07-04,65000,2026-11-12,put,regular,100,0.3695,131,3790.0
2026-07-04,66000,2026-11-12,put,regular,150,0.3688,131,4205.0
2026-07-04,67000,2026-11-12,put,regular,300,0.3665,131,4620.0
2026-07-04,67500,2026-11-12,put,regular,4,0.3652,131,4835.0
2026-07-04,68500,2026-11-12,put,regular,3,0.3639,131,5305.0
2026-07-04,70000,2026-11-12,put,regular,460,0.356,131,5960.0
2026-07-04,72500,2026-11-12,put,regular,330,0.3549,131,7380.0
2026-07-04,12500,2026-12-10,put,regular,258,0.9303,159,13.0
2026-07-04,13000,2026-12-10,put,regular,4,0.9092,159,13.0
2026-07-04,13500,2026-12-10,put,regular,100,0.8954,159,14.0
2026-07-04,14000,2026-12-10,put,regular,11,0.8758,159,14.0
2026-07-04,14500,2026-12-10,put,regular,1,0.8628,159,15.0
2026-07-04,14750,2026-12-10,put,regular,1,0.8536,159,15.0
2026-07-04,15000,2026-12-10,put,regular,5,0.8499,159,16.0
2026-07-04,16000,2026-12-10,put,regular,3,0.8247,159,18.0
2026-07-04,17000,2026-12-10,put,regular,3,0.8001,159,20.0
2026-07-04,18000,2026-12-10,put,regular,153,0.78,159,23.0
2026-07-04,19000,2026-12-10,put,regular,650,0.7598,159,26.0
2026-07-04,20000,2026-12-10,put,regular,2350,0.7451,159,31.0
2026-07-04,21000,2026-12-10,put,regular,350,0.7295,159,36.0
2026-07-04,21500,2026-12-10,put,regular,500,0.7224,159,39.0
2026-07-04,22000,2026-12-10,put,regular,1715,0.7172,159,43.0
2026-07-04,22500,2026-12-10,put,regular,154,0.7096,159,46.0
2026-07-04,23000,2026-12-10,put,regular,2105,0.7053,159,51.0
2026-07-04,23500,2026-12-10,put,regular,127,0.6988,159,55.0
2026-07-04,24000,2026-12-10,put,regular,400,0.6936,159,60.0
2026-07-04,24500,2026-12-10,put,regular,250,0.6879,159,65.0
2026-07-04,24750,2026-12-10,put,regular,1,0.6843,159,67.0
2026-07-04,25000,2026-12-10,put,regular,2464,0.682,159,70.0
2026-07-04,25250,2026-12-10,put,regular,1,0.6795,159,73.0
2026-07-04,25500,2026-12-10,put,regular,2,0.6769,159,76.0
2026-07-04,26000,2026-12-10,put,regular,1425,0.6715,159,82.0
2026-07-04,26500,2026-12-10,put,regular,1,0.6658,159,88.0
2026-07-04,27000,2026-12-10,put,regular,2630,0.6608,159,95.0
2026-07-04,27500,2026-12-10,put,regular,25,0.6509,159,97.0
2026-07-04,27750,2026-12-10,put,regular,72,0.6459,159,98.0
2026-07-04,28000,2026-12-10,put,regular,1326,0.641,159,99.0
2026-07-04,28500,2026-12-10,put,regular,400,0.6313,159,101.0
2026-07-04,29000,2026-12-10,put,regular,1450,0.6209,159,102.0
2026-07-04,30000,2026-12-10,put,regular,5997,0.6109,159,117.0
2026-07-04,30500,2026-12-10,put,regular,51,0.6058,159,125.0
2026-07-04,31000,2026-12-10,put,regular,2257,0.6013,159,134.0
2026-07-04,31500,2026-12-10,put,regular,350,0.5964,159,143.0
2026-07-04,32000,2026-12-10,put,regular,4655,0.5913,159,152.0
2026-07-04,32250,2026-12-10,put,regular,600,0.5889,159,157.0
2026-07-04,32500,2026-12-10,put,regular,900,0.5865,159,162.0
2026-07-04,32750,2026-12-10,put,regular,20,0.5841,159,167.0
2026-07-04,33000,2026-12-10,put,regular,3362,0.5815,159,172.0
2026-07-04,33250,2026-12-10,put,regular,37,0.579,159,177.0
2026-07-04,33500,2026-12-10,put,regular,72,0.5763,159,182.0
2026-07-04,34000,2026-12-10,put,regular,2820,0.572,159,194.0
2026-07-04,34500,2026-12-10,put,regular,560,0.5668,159,205.0
2026-07-04,34750,2026-12-10,put,regular,1,0.5644,159,211.0
2026-07-04,35000,2026-12-10,put,regular,5067,0.5624,159,218.0
2026-07-04,36000,2026-12-10,put,regular,2935,0.5529,159,244.0
2026-07-04,36500,2026-12-10,put,regular,225,0.5494,159,261.0
2026-07-04,36750,2026-12-10,put,regular,400,0.5477,159,270.0
2026-07-04,37000,2026-12-10,put,regular,2537,0.546,159,279.0
2026-07-04,37500,2026-12-10,put,regular,188,0.5411,159,294.0
2026-07-04,37750,2026-12-10,put,regular,100,0.5399,159,305.0
2026-07-04,38000,2026-12-10,put,regular,2686,0.5381,159,315.0
2026-07-04,38500,2026-12-10,put,regular,1150,0.5329,159,330.0
2026-07-04,38750,2026-12-10,put,regular,50,0.531,159,340.0
2026-07-04,39000,2026-12-10,put,regular,2505,0.529,159,350.0
2026-07-04,39250,2026-12-10,put,regular,650,0.5284,159,365.0
2026-07-04,39500,2026-12-10,put,regular,1008,0.5291,159,385.0
2026-07-04,40000,2026-12-10,put,regular,6177,0.5286,159,420.0
2026-07-04,40250,2026-12-10,put,regular,5,0.5288,159,440.0
2026-07-04,40500,2026-12-10,put,regular,1469,0.5237,159,440.0
2026-07-04,41000,2026-12-10,put,regular,1825,0.515,159,445.0
2026-07-04,41250,2026-12-10,put,regular,3,0.51,159,445.0
2026-07-04,41500,2026-12-10,put,regular,101,0.5051,159,445.0
2026-07-04,42000,2026-12-10,put,regular,3599,0.4965,159,450.0
2026-07-04,42500,2026-12-10,put,regular,300,0.4868,159,450.0
2026-07-04,43000,2026-12-10,put,regular,1690,0.4806,159,465.0
2026-07-04,43500,2026-12-10,put,regular,100,0.4777,159,495.0
2026-07-04,43750,2026-12-10,put,regular,5,0.4762,159,510.0
2026-07-04,44000,2026-12-10,put,regular,3390,0.4745,159,525.0
2026-07-04,45000,2026-12-10,put,regular,2998,0.4673,159,585.0
2026-07-04,45250,2026-12-10,put,regular,51,0.4662,159,605.0
2026-07-04,45500,2026-12-10,put,regular,350,0.4642,159,620.0
2026-07-04,46000,2026-12-10,put,regular,3657,0.4626,159,665.0
2026-07-04,46500,2026-12-10,put,regular,2,0.4581,159,695.0
2026-07-04,47000,2026-12-10,put,regular,2846,0.4558,159,740.0
2026-07-04,47500,2026-12-10,put,regular,1077,0.4517,159,775.0
2026-07-04,48000,2026-12-10,put,regular,4124,0.4488,159,820.0
2026-07-04,48500,2026-12-10,put,regular,300,0.4457,159,865.0
2026-07-04,49000,2026-12-10,put,regular,3177,0.4423,159,910.0
2026-07-04,49500,2026-12-10,put,regular,2717,0.4393,159,960.0
2026-07-04,50000,2026-12-10,put,regular,6863,0.4361,159,1010.0
2026-07-04,50250,2026-12-10,put,regular,16,0.435,159,1040.0
2026-07-04,50500,2026-12-10,put,regular,640,0.4332,159,1065.0
2026-07-04,50750,2026-12-10,put,regular,45,0.4314,159,1090.0
2026-07-04,51000,2026-12-10,put,regular,1680,0.4295,159,1115.0
2026-07-04,52000,2026-12-10,put,regular,2275,0.423,159,1230.0
2026-07-04,52250,2026-12-10,put,regular,525,0.4224,159,1270.0
2026-07-04,52500,2026-12-10,put,regular,117,0.4213,159,1305.0
2026-07-04,53000,2026-12-10,put,regular,1398,0.4171,159,1360.0
2026-07-04,53250,2026-12-10,put,regular,186,0.4168,159,1405.0
2026-07-04,53500,2026-12-10,put,regular,205,0.4153,159,1440.0
2026-07-04,53750,2026-12-10,put,regular,4,0.4138,159,1475.0
2026-07-04,54000,2026-12-10,put,regular,2225,0.4136,159,1525.0
2026-07-04,54500,2026-12-10,put,regular,440,0.4092,159,1585.0
2026-07-04,55000,2026-12-10,put,regular,3912,0.4079,159,1680.0
2026-07-04,55500,2026-12-10,put,regular,100,0.4035,159,1745.0
2026-07-04,56000,2026-12-10,put,regular,2126,0.402,159,1845.0
2026-07-04,56500,2026-12-10,put,regular,151,0.398,159,1920.0
2026-07-04,57000,2026-12-10,put,regular,1215,0.3962,159,2025.0
2026-07-04,57500,2026-12-10,put,regular,850,0.3922,159,2105.0
2026-07-04,58000,2026-12-10,put,regular,1622,0.3902,159,2215.0
2026-07-04,58500,2026-12-10,put,regular,450,0.3868,159,2310.0
2026-07-04,59000,2026-12-10,put,regular,2290,0.385,159,2430.0
2026-07-04,59500,2026-12-10,put,regular,250,0.3814,159,2530.0
2026-07-04,60000,2026-12-10,put,regular,7135,0.3801,159,2665.0
2026-07-04,61000,2026-12-10,put,regular,1350,0.3747,159,2910.0
2026-07-04,61500,2026-12-10,put,regular,2,0.3718,159,3035.0
2026-07-04,62000,2026-12-10,put,regular,2231,0.3702,159,3185.0
2026-07-04,62250,2026-12-10,put,regular,300,0.3683,159,3245.0
2026-07-04,62500,2026-12-10,put,regular,385,0.3673,159,3320.0
2026-07-04,63000,2026-12-10,put,regular,1225,0.3724,159,3585.0
2026-07-04,63750,2026-12-10,put,regular,25,0.3652,159,3760.0
2026-07-04,64000,2026-12-10,put,regular,955,0.3658,159,3870.0
2026-07-04,65000,2026-12-10,put,regular,2834,0.3651,159,4270.0
2026-07-04,65500,2026-12-10,put,regular,580,0.3635,159,4460.0
2026-07-04,66000,2026-12-10,put,regular,100,0.3629,159,4670.0
2026-07-04,67000,2026-12-10,put,regular,650,0.3602,159,5085.0
2026-07-04,67250,2026-12-10,put,regular,25,0.3603,159,5205.0
2026-07-04,67500,2026-12-10,put,regular,25,0.3597,159,5315.0
2026-07-04,68000,2026-12-10,put,regular,1600,0.3582,159,5535.0
2026-07-04,68500,2026-12-10,put,regular,3,0.3579,159,5780.0
2026-07-04,68750,2026-12-10,put,regular,100,0.3574,159,5900.0
2026-07-04,69000,2026-12-10,put,regular,1270,0.3552,159,5990.0
2026-07-04,70000,2026-12-10,put,regular,1657,0.3506,159,6440.0
2026-07-04,71000,2026-12-10,put,regular,31,0.3497,159,6980.0
2026-07-04,72000,2026-12-10,put,regular,120,0.3494,159,7555.0
2026-07-04,72500,2026-12-10,put,regular,320,0.3489,159,7845.0
2026-07-04,76000,2026-12-10,put,regular,300,0.3492,159,10100.0
2026-07-04,80000,2026-12-10,put,regular,3700,0.3544,159,13060.0
2026-07-04,44000,2027-01-07,put,regular,331,0.4676,187,690.0
2026-07-04,45000,2027-01-07,put,regular,150,0.4603,187,760.0
2026-07-04,48000,2027-01-07,put,regular,200,0.4356,187,980.0
2026-07-04,47000,2027-02-10,put,regular,125,0.4473,221,1230.0
2026-07-04,29000,2027-03-11,put,regular,1,0.5577,250,217.0
2026-07-04,33000,2027-03-11,put,regular,113,0.5225,250,335.0
2026-07-04,35000,2027-03-11,put,regular,600,0.5072,250,415.0
2026-07-04,37000,2027-03-11,put,regular,500,0.4915,250,505.0
2026-07-04,38000,2027-03-11,put,regular,265,0.4838,250,555.0
2026-07-04,40000,2027-03-11,put,regular,470,0.4625,250,630.0
2026-07-04,41000,2027-03-11,put,regular,250,0.4568,250,700.0
2026-07-04,42000,2027-03-11,put,regular,749,0.4502,250,770.0
2026-07-04,42500,2027-03-11,put,regular,200,0.4467,250,805.0
2026-07-04,43000,2027-03-11,put,regular,62,0.4438,250,845.0
2026-07-04,43500,2027-03-11,put,regular,66,0.4406,250,885.0
2026-07-04,44000,2027-03-11,put,regular,450,0.4373,250,925.0
2026-07-04,45000,2027-03-11,put,regular,698,0.4313,250,1015.0
2026-07-04,46000,2027-03-11,put,regular,116,0.4252,250,1110.0
2026-07-04,47000,2027-03-11,put,regular,800,0.4195,250,1215.0
2026-07-04,48000,2027-03-11,put,regular,299,0.4136,250,1325.0
2026-07-04,48500,2027-03-11,put,regular,51,0.4108,250,1385.0
2026-07-04,49000,2027-03-11,put,regular,100,0.4079,250,1445.0
2026-07-04,50000,2027-03-11,put,regular,1270,0.4024,250,1575.0
2026-07-04,50250,2027-03-11,put,regular,108,0.4011,250,1610.0
2026-07-04,51000,2027-03-11,put,regular,24,0.397,250,1715.0
2026-07-04,51250,2027-03-11,put,regular,105,0.396,250,1755.0
2026-07-04,52000,2027-03-11,put,regular,1470,0.3921,250,1870.0
2026-07-04,53000,2027-03-11,put,regular,525,0.3905,250,2080.0
2026-07-04,53500,2027-03-11,put,regular,200,0.3846,250,2120.0
2026-07-04,54000,2027-03-11,put,regular,224,0.3822,250,2210.0
2026-07-04,55000,2027-03-11,put,regular,400,0.3778,250,2405.0
2026-07-04,55500,2027-03-11,put,regular,100,0.3752,250,2500.0
2026-07-04,56000,2027-03-11,put,regular,401,0.3736,250,2615.0
2026-07-04,56250,2027-03-11,put,regular,120,0.3717,250,2655.0
2026-07-04,57000,2027-03-11,put,regular,950,0.3695,250,2840.0
2026-07-04,58000,2027-03-11,put,regular,1600,0.3649,250,3070.0
2026-07-04,59500,2027-03-11,put,regular,203,0.3593,250,3465.0
2026-07-04,60000,2027-03-11,put,regular,950,0.3567,250,3590.0
2026-07-04,61000,2027-03-11,put,regular,160,0.353,250,3880.0
2026-07-04,62000,2027-03-11,put,regular,200,0.3492,250,4185.0
2026-07-04,62500,2027-03-11,put,regular,101,0.3468,250,4335.0
2026-07-04,63000,2027-03-11,put,regular,992,0.3458,250,4515.0
2026-07-04,64000,2027-03-11,put,regular,800,0.3428,250,4870.0
2026-07-04,66000,2027-03-11,put,regular,200,0.3372,250,5645.0
2026-07-04,66500,2027-03-11,put,regular,6,0.3355,250,5845.0
2026-07-04,68000,2027-03-11,put,regular,130,0.3331,250,6530.0
2026-07-04,69000,2027-03-11,put,regular,350,0.3313,250,7010.0
2026-07-04,70000,2027-03-11,put,regular,204,0.3301,250,7520.0
2026-07-04,72000,2027-03-11,put,regular,100,0.3286,250,8625.0
2026-07-04,12500,2027-06-10,put,regular,10,0.6774,341,24.0
2026-07-04,14500,2027-06-10,put,regular,4,0.6633,341,44.0
2026-07-04,15000,2027-06-10,put,regular,1,0.6592,341,50.0
2026-07-04,16250,2027-06-10,put,regular,167,0.6464,341,65.0
2026-07-04,23000,2027-06-10,put,regular,140,0.5757,341,180.0
2026-07-04,24000,2027-06-10,put,regular,100,0.5595,341,189.0
2026-07-04,25000,2027-06-10,put,regular,250,0.5441,341,199.0
2026-07-04,26000,2027-06-10,put,regular,200,0.5304,341,212.0
2026-07-04,28000,2027-06-10,put,regular,895,0.5057,341,244.0
2026-07-04,28500,2027-06-10,put,regular,100,0.5003,341,254.0
2026-07-04,29000,2027-06-10,put,regular,66,0.4948,341,264.0
2026-07-04,30000,2027-06-10,put,regular,275,0.4844,341,286.0
2026-07-04,31000,2027-06-10,put,regular,100,0.4759,341,315.0
2026-07-04,31500,2027-06-10,put,regular,1,0.4716,341,330.0
2026-07-04,32000,2027-06-10,put,regular,250,0.4697,341,355.0
2026-07-04,33000,2027-06-10,put,regular,150,0.464,341,400.0
2026-07-04,34000,2027-06-10,put,regular,750,0.4586,341,450.0
2026-07-04,35000,2027-06-10,put,regular,1327,0.4543,341,510.0
2026-07-04,35500,2027-06-10,put,regular,145,0.4518,341,540.0
2026-07-04,36000,2027-06-10,put,regular,300,0.4491,341,570.0
2026-07-04,37000,2027-06-10,put,regular,50,0.4439,341,635.0
2026-07-04,38000,2027-06-10,put,regular,200,0.4395,341,710.0
2026-07-04,38500,2027-06-10,put,regular,140,0.4366,341,745.0
2026-07-04,39000,2027-06-10,put,regular,50,0.4343,341,785.0
2026-07-04,39500,2027-06-10,put,regular,101,0.4324,341,830.0
2026-07-04,40000,2027-06-10,put,regular,1095,0.4297,341,870.0
2026-07-04,41000,2027-06-10,put,regular,100,0.4255,341,965.0
2026-07-04,42000,2027-06-10,put,regular,300,0.4206,341,1060.0
2026-07-04,42500,2027-06-10,put,regular,61,0.4181,341,1110.0
2026-07-04,43000,2027-06-10,put,regular,35,0.416,341,1165.0
2026-07-04,44000,2027-06-10,put,regular,196,0.4127,341,1290.0
2026-07-04,45000,2027-06-10,put,regular,720,0.4095,341,1425.0
2026-07-04,46000,2027-06-10,put,regular,773,0.4034,341,1535.0
2026-07-04,47000,2027-06-10,put,regular,201,0.3988,341,1670.0
2026-07-04,47750,2027-06-10,put,regular,100,0.3964,341,1790.0
2026-07-04,48000,2027-06-10,put,regular,804,0.394,341,1810.0
2026-07-04,49000,2027-06-10,put,regular,300,0.3882,341,1945.0
2026-07-04,50000,2027-06-10,put,regular,1317,0.3834,341,2100.0
2026-07-04,50500,2027-06-10,put,regular,175,0.3812,341,2185.0
2026-07-04,51250,2027-06-10,put,regular,3,0.3779,341,2315.0
2026-07-04,52000,2027-06-10,put,regular,1050,0.3748,341,2455.0
2026-07-04,52250,2027-06-10,put,regular,89,0.3736,341,2500.0
2026-07-04,52500,2027-06-10,put,regular,57,0.3727,341,2550.0
2026-07-04,53000,2027-06-10,put,regular,720,0.3704,341,2645.0
2026-07-04,53500,2027-06-10,put,regular,1,0.3685,341,2750.0
2026-07-04,53750,2027-06-10,put,regular,35,0.3674,341,2800.0
2026-07-04,54000,2027-06-10,put,regular,1402,0.3665,341,2855.0
2026-07-04,55000,2027-06-10,put,regular,1350,0.3625,341,3075.0
2026-07-04,56000,2027-06-10,put,regular,185,0.3587,341,3310.0
2026-07-04,56500,2027-06-10,put,regular,40,0.357,341,3435.0
2026-07-04,57000,2027-06-10,put,regular,675,0.3553,341,3565.0
2026-07-04,57750,2027-06-10,put,regular,103,0.3528,341,3765.0
2026-07-04,58000,2027-06-10,put,regular,117,0.3518,341,3830.0
2026-07-04,59000,2027-06-10,put,regular,400,0.3497,341,4140.0
2026-07-04,59500,2027-06-10,put,regular,112,0.3489,341,4305.0
2026-07-04,60000,2027-06-10,put,regular,845,0.3465,341,4440.0
2026-07-04,61000,2027-06-10,put,regular,3,0.3433,341,4755.0
2026-07-04,62000,2027-06-10,put,regular,805,0.3403,341,5090.0
2026-07-04,63000,2027-06-10,put,regular,225,0.3375,341,5445.0
2026-07-04,64000,2027-06-10,put,regular,150,0.335,341,5825.0
2026-07-04,64750,2027-06-10,put,regular,95,0.334,341,6140.0
2026-07-04,65000,2027-06-10,put,regular,686,0.3328,341,6225.0
2026-07-04,65500,2027-06-10,put,regular,26,0.331,341,6415.0
2026-07-04,67000,2027-06-10,put,regular,220,0.3282,341,7075.0
2026-07-04,68000,2027-06-10,put,regular,350,0.3265,341,7540.0
2026-07-04,69000,2027-06-10,put,regular,15,0.325,341,8030.0
2026-07-04,70000,2027-06-10,put,regular,250,0.3235,341,8535.0
2026-07-04,72000,2027-06-10,put,regular,100,0.3217,341,9630.0
2026-07-04,77500,2027-06-10,put,regular,150,0.3194,341,13055.0
2026-07-04,54250,2027-09-09,put,regular,200,0.3537,432,3470.0
2026-07-04,58000,2027-09-09,put,regular,1,0.3414,432,4465.0
2026-07-04,68250,2027-09-09,put,regular,200,0.3188,432,8445.0
2026-07-04,68750,2027-09-09,put,regular,81,0.3189,432,8715.0
2026-07-04,12500,2027-12-09,put,regular,5,0.4396,523,2.0
2026-07-04,13000,2027-12-09,put,regular,1,0.4297,523,2.0
2026-07-04,16000,2027-12-09,put,regular,350,0.4274,523,9.0
2026-07-04,19000,2027-12-09,put,regular,300,0.4279,523,30.0
2026-07-04,20000,2027-12-09,put,regular,400,0.4279,523,42.0
2026-07-04,21000,2027-12-09,put,regular,50,0.4284,523,58.0
2026-07-04,22000,2027-12-09,put,regular,405,0.428,523,77.0
2026-07-04,22500,2027-12-09,put,regular,36,0.4284,523,89.0
2026-07-04,23000,2027-12-09,put,regular,132,0.428,523,101.0
2026-07-04,23750,2027-12-09,put,regular,39,0.4283,523,123.0
2026-07-04,24000,2027-12-09,put,regular,1721,0.4284,523,131.0
2026-07-04,25000,2027-12-09,put,regular,1210,0.4283,523,166.0
2026-07-04,26000,2027-12-09,put,regular,200,0.4284,523,208.0
2026-07-04,26500,2027-12-09,put,regular,100,0.4286,523,232.0
2026-07-04,27000,2027-12-09,put,regular,1300,0.4288,523,258.0
2026-07-04,28000,2027-12-09,put,regular,1575,0.4288,523,315.0
2026-07-04,29000,2027-12-09,put,regular,350,0.4255,523,365.0
2026-07-04,29500,2027-12-09,put,regular,249,0.4235,523,390.0
2026-07-04,30000,2027-12-09,put,regular,2445,0.4212,523,415.0
2026-07-04,31000,2027-12-09,put,regular,1750,0.417,523,470.0
2026-07-04,31500,2027-12-09,put,regular,204,0.415,523,500.0
2026-07-04,32000,2027-12-09,put,regular,1425,0.4137,523,535.0
2026-07-04,32250,2027-12-09,put,regular,30,0.4125,523,550.0
2026-07-04,32750,2027-12-09,put,regular,35,0.4108,523,585.0
2026-07-04,33000,2027-12-09,put,regular,450,0.4095,523,600.0
2026-07-04,34000,2027-12-09,put,regular,1569,0.4061,523,675.0
2026-07-04,34500,2027-12-09,put,regular,100,0.4044,523,715.0
2026-07-04,35000,2027-12-09,put,regular,1450,0.4025,523,755.0
2026-07-04,35500,2027-12-09,put,regular,40,0.4004,523,795.0
2026-07-04,36000,2027-12-09,put,regular,1130,0.3988,523,840.0
2026-07-04,36500,2027-12-09,put,regular,300,0.3969,523,885.0
2026-07-04,37000,2027-12-09,put,regular,1150,0.3955,523,935.0
2026-07-04,38000,2027-12-09,put,regular,1175,0.392,523,1035.0
2026-07-04,39000,2027-12-09,put,regular,800,0.3884,523,1140.0
2026-07-04,39500,2027-12-09,put,regular,50,0.3865,523,1195.0
2026-07-04,40000,2027-12-09,put,regular,2950,0.385,523,1255.0
2026-07-04,40500,2027-12-09,put,regular,450,0.3833,523,1315.0
2026-07-04,42000,2027-12-09,put,regular,450,0.3785,523,1510.0
2026-07-04,43000,2027-12-09,put,regular,240,0.3753,523,1650.0
2026-07-04,44000,2027-12-09,put,regular,100,0.3722,523,1800.0
2026-07-04,45000,2027-12-09,put,regular,1675,0.3689,523,1955.0
2026-07-04,46000,2027-12-09,put,regular,700,0.3659,523,2125.0
2026-07-04,47000,2027-12-09,put,regular,250,0.3628,523,2300.0
2026-07-04,47500,2027-12-09,put,regular,35,0.3614,523,2395.0
2026-07-04,48000,2027-12-09,put,regular,615,0.3599,523,2490.0
2026-07-04,49000,2027-12-09,put,regular,700,0.3568,523,2685.0
2026-07-04,50000,2027-12-09,put,regular,2440,0.3539,523,2895.0
2026-07-04,51000,2027-12-09,put,regular,350,0.351,523,3115.0
2026-07-04,52000,2027-12-09,put,regular,500,0.3484,523,3350.0
2026-07-04,53000,2027-12-09,put,regular,802,0.3456,523,3595.0
2026-07-04,54000,2027-12-09,put,regular,275,0.3431,523,3855.0
2026-07-04,54500,2027-12-09,put,regular,400,0.3416,523,3985.0
2026-07-04,55000,2027-12-09,put,regular,1012,0.3404,523,4125.0
2026-07-04,55500,2027-12-09,put,regular,75,0.3391,523,4265.0
2026-07-04,56000,2027-12-09,put,regular,230,0.3379,523,4410.0
2026-07-04,57000,2027-12-09,put,regular,220,0.3353,523,4705.0
2026-07-04,58000,2027-12-09,put,regular,1000,0.3329,523,5015.0
2026-07-04,58500,2027-12-09,put,regular,210,0.3318,523,5180.0
2026-07-04,59000,2027-12-09,put,regular,65,0.3306,523,5345.0
2026-07-04,60000,2027-12-09,put,regular,300,0.3283,523,5685.0
2026-07-04,62000,2027-12-09,put,regular,100,0.324,523,6415.0
2026-07-04,63000,2027-12-09,put,regular,100,0.322,523,6805.0
2026-07-04,63500,2027-12-09,put,regular,50,0.3212,523,7010.0
2026-07-04,64000,2027-12-09,put,regular,130,0.3203,523,7215.0
2026-07-04,65000,2027-12-09,put,regular,200,0.3187,523,7645.0
2026-07-04,66000,2027-12-09,put,regular,500,0.3171,523,8090.0
2026-07-04,67000,2027-12-09,put,regular,100,0.3156,523,8550.0
2026-07-04,68000,2027-12-09,put,regular,200,0.3144,523,9035.0
2026-07-04,69000,2027-12-09,put,regular,750,0.3132,523,9535.0
2026-07-04,75000,2027-12-09,put,regular,175,0.313,523,13065.0
2026-07-04,15000,2028-06-08,put,regular,3,0.4158,705,20.0
2026-07-04,25000,2028-06-08,put,regular,630,0.4179,705,340.0
2026-07-04,26000,2028-06-08,put,regular,250,0.4178,705,410.0
2026-07-04,27000,2028-06-08,put,regular,100,0.4179,705,490.0
2026-07-04,30000,2028-06-08,put,regular,300,0.4136,705,755.0
2026-07-04,32000,2028-06-08,put,regular,250,0.4044,705,915.0
2026-07-04,33000,2028-06-08,put,regular,100,0.4006,705,1010.0
2026-07-04,35000,2028-06-08,put,regular,200,0.3924,705,1210.0
2026-07-04,41500,2028-06-08,put,regular,100,0.368,705,2050.0
2026-07-04,45000,2028-06-08,put,regular,15,0.3561,705,2640.0
2026-07-04,48000,2028-06-08,put,regular,300,0.3494,705,3300.0
2026-07-04,50000,2028-06-08,put,regular,150,0.3462,705,3820.0
2026-07-04,54000,2028-06-08,put,regular,100,0.3391,705,4980.0
2026-07-04,60000,2028-06-08,put,regular,250,0.3242,705,6930.0
2026-07-04,12000,2028-12-07,put,regular,300,0.4001,887,11.0
2026-07-04,16000,2028-12-07,put,regular,1950,0.3995,887,55.0
2026-07-04,18000,2028-12-07,put,regular,100,0.3997,887,102.0
2026-07-04,20000,2028-12-07,put,regular,200,0.4001,887,173.0
2026-07-04,23000,2028-12-07,put,regular,100,0.4004,887,335.0
2026-07-04,23500,2028-12-07,put,regular,38,0.4005,887,370.0
2026-07-04,24000,2028-12-07,put,regular,1000,0.4011,887,410.0
2026-07-04,25000,2028-12-07,put,regular,800,0.401,887,490.0
2026-07-04,27000,2028-12-07,put,regular,120,0.4007,887,680.0
2026-07-04,28000,2028-12-07,put,regular,1250,0.4011,887,795.0
2026-07-04,30000,2028-12-07,put,regular,350,0.3979,887,1020.0
2026-07-04,31000,2028-12-07,put,regular,400,0.3953,887,1135.0
2026-07-04,32000,2028-12-07,put,regular,850,0.393,887,1260.0
2026-07-04,32250,2028-12-07,put,regular,51,0.3922,887,1290.0
2026-07-04,33000,2028-12-07,put,regular,125,0.3904,887,1390.0
2026-07-04,34000,2028-12-07,put,regular,775,0.3884,887,1535.0
2026-07-04,34750,2028-12-07,put,regular,100,0.3869,887,1650.0
2026-07-04,35000,2028-12-07,put,regular,955,0.3864,887,1690.0
2026-07-04,36000,2028-12-07,put,regular,2750,0.3842,887,1850.0
2026-07-04,37000,2028-12-07,put,regular,580,0.3825,887,2025.0
2026-07-04,38000,2028-12-07,put,regular,2860,0.3807,887,2210.0
2026-07-04,39000,2028-12-07,put,regular,50,0.3792,887,2410.0
2026-07-04,40000,2028-12-07,put,regular,1210,0.3754,887,2575.0
2026-07-04,42000,2028-12-07,put,regular,350,0.3679,887,2925.0
2026-07-04,43000,2028-12-07,put,regular,100,0.3642,887,3110.0
2026-07-04,45000,2028-12-07,put,regular,100,0.3573,887,3510.0
2026-07-04,48000,2028-12-07,put,regular,600,0.3476,887,4180.0
2026-07-04,50000,2028-12-07,put,regular,1600,0.3416,887,4675.0
2026-07-04,51000,2028-12-07,put,regular,150,0.3388,887,4940.0
2026-07-04,53000,2028-12-07,put,regular,50,0.3332,887,5500.0
2026-07-04,55000,2028-12-07,put,regular,560,0.328,887,6105.0
2026-07-04,56000,2028-12-07,put,regular,400,0.3257,887,6430.0
2026-07-04,57000,2028-12-07,put,regular,150,0.3233,887,6760.0
2026-07-04,60000,2028-12-07,put,regular,100,0.3168,887,7840.0
2026-07-04,65000,2028-12-07,put,regular,400,0.3074,887,9900.0
2026-07-04,68000,2028-12-07,put,regular,100,0.3026,887,11295.0
2026-07-04,70000,2028-12-07,put,regular,100,0.2998,887,12295.0
2026-07-04,75000,2028-12-07,put,regular,80,0.2941,887,15040.0
2026-07-04,15000,2029-06-07,put,regular,1,0.4105,1069,99.0
2026-07-04,15000,2029-12-13,put,regular,1,0.3609,1258,68.0
2026-07-04,23250,2029-12-13,put,regular,40,0.3613,1258,495.0
2026-07-04,32000,2029-12-13,put,regular,113,0.3533,1258,1565.0
2026-07-04,34250,2029-12-13,put,regular,6,0.3474,1258,1895.0
2026-07-04,44000,2029-12-13,put,regular,100,0.3366,1258,4145.0
2026-07-04,70000,2029-12-13,put,regular,100,0.2884,1258,13805.0
2026-07-04,19000,2030-06-13,put,regular,2,0.3561,1440,281.0
2026-07-04,23500,2030-12-12,put,regular,100,0.3407,1622,695.0
2026-07-04,31750,2030-12-12,call,regular,74,0.2,1622,1860.0
2026-07-04,34000,2030-12-12,call,regular,24,0.2,1622,2210.0
2026-07-04,44000,2030-12-12,call,regular,80,0.2,1622,4255.0
2026-07-04,49500,2030-12-12,call,regular,100,0.2,1622,5750.0
2026-07-04,64000,2030-12-12,call,regular,3,0.1183,1622,11180.0
2026-07-04,31500,2031-12-11,call,regular,52,0.2,1986,1910.0
2026-07-04,68000,2031-12-11,call,regular,100,0.1793,1986,13555.0
2026-07-04,31250,2032-12-09,call,regular,40,0.2,2350,1900.0
2026-07-04,39500,2026-07-09,call,regular,26,0.2,5,29290.0
2026-07-04,42500,2026-07-09,call,regular,10,0.2,5,26290.0
2026-07-04,45000,2026-07-09,call,regular,4,0.2,5,23795.0
2026-07-04,46000,2026-07-09,call,regular,26,0.2,5,22795.0
2026-07-04,48000,2026-07-09,call,regular,2,0.2,5,20795.0
2026-07-04,55000,2026-07-09,call,regular,2,0.2,5,13815.0
2026-07-04,56000,2026-07-09,call,regular,1,0.2,5,12825.0
2026-07-04,56750,2026-07-09,call,regular,2,0.2,5,12080.0
2026-07-04,57000,2026-07-09,call,regular,1102,0.2,5,11830.0
2026-07-04,58000,2026-07-09,call,regular,693,0.2,5,10840.0
2026-07-04,58500,2026-07-09,call,regular,875,0.2,5,10350.0
2026-07-04,59500,2026-07-09,call,regular,301,0.2,5,9375.0
2026-07-04,59625,2026-07-09,call,regular,12,0.2,5,9250.0
2026-07-04,60000,2026-07-09,call,regular,837,0.2,5,8885.0
2026-07-04,60250,2026-07-09,call,regular,360,0.2,5,8650.0
2026-07-04,60500,2026-07-09,call,regular,1001,0.2,5,8390.0
2026-07-04,60750,2026-07-09,call,regular,1,0.2,5,8155.0
2026-07-04,61000,2026-07-09,call,regular,205,0.2,5,7920.0
2026-07-04,61500,2026-07-09,call,regular,2,0.2,5,7435.0
2026-07-04,62000,2026-07-09,call,regular,736,0.2,5,6960.0
2026-07-04,62500,2026-07-09,call,regular,101,0.2,5,6505.0
2026-07-04,63000,2026-07-09,call,regular,817,0.2,5,6025.0
2026-07-04,63250,2026-07-09,call,regular,95,0.2,5,5800.0
2026-07-04,63500,2026-07-09,call,regular,512,0.2,5,5555.0
2026-07-04,63750,2026-07-09,call,regular,99,0.2,5,5350.0
2026-07-04,63875,2026-07-09,call,regular,2,0.2,5,5230.0
2026-07-04,64000,2026-07-09,call,regular,1103,0.2,5,5125.0
2026-07-04,64250,2026-07-09,call,regular,5,0.2,5,4900.0
2026-07-04,64375,2026-07-09,call,regular,2,0.2,5,4790.0
2026-07-04,64500,2026-07-09,call,regular,179,0.2,5,4685.0
2026-07-04,64625,2026-07-09,call,regular,5,0.2,5,4575.0
2026-07-04,64875,2026-07-09,call,regular,1,0.2,5,4360.0
2026-07-04,65000,2026-07-09,call,regular,1583,0.2,5,4230.0
2026-07-04,65125,2026-07-09,call,regular,1,0.2,5,4150.0
2026-07-04,65250,2026-07-09,call,regular,7,0.2,5,4040.0
2026-07-04,65375,2026-07-09,call,regular,2,0.2,5,3940.0
2026-07-04,65500,2026-07-09,call,regular,823,0.2,5,3860.0
2026-07-04,65625,2026-07-09,call,regular,1,0.2,5,3740.0
2026-07-04,65750,2026-07-09,call,regular,90,0.2,5,3635.0
2026-07-04,65875,2026-07-09,call,regular,3,0.2,5,3535.0
2026-07-04,66000,2026-07-09,call,regular,873,0.2,5,3440.0
2026-07-04,66250,2026-07-09,call,regular,1,0.2,5,3235.0
2026-07-04,66375,2026-07-09,call,regular,2,0.2,5,3145.0
2026-07-04,66500,2026-07-09,call,regular,624,0.2,5,3075.0
2026-07-04,66625,2026-07-09,call,regular,1,0.2,5,2960.0
2026-07-04,66750,2026-07-09,call,regular,2,0.2,5,2860.0
2026-07-04,66875,2026-07-09,call,regular,5,0.2,5,2780.0
2026-07-04,67000,2026-07-09,call,regular,1033,0.2,5,2665.0
2026-07-04,67125,2026-07-09,call,regular,50,0.2,5,2600.0
2026-07-04,67250,2026-07-09,call,regular,29,0.1633,5,2515.0
2026-07-04,67375,2026-07-09,call,regular,10,0.1951,5,2420.0
2026-07-04,67500,2026-07-09,call,regular,604,0.182,5,2290.0
2026-07-04,67625,2026-07-09,call,regular,1,0.2384,5,2255.0
2026-07-04,67750,2026-07-09,call,regular,397,0.2525,5,2175.0
2026-07-04,67875,2026-07-09,call,regular,39,0.261,5,2090.0
2026-07-04,68000,2026-07-09,call,regular,997,0.2611,5,1990.0
2026-07-04,68125,2026-07-09,call,regular,11,0.2848,5,1950.0
2026-07-04,68250,2026-07-09,call,regular,311,0.2918,5,1875.0
2026-07-04,68375,2026-07-09,call,regular,6,0.2938,5,1790.0
2026-07-04,68500,2026-07-09,call,regular,448,0.316,5,1765.0
2026-07-04,68625,2026-07-09,call,regular,3,0.3105,5,1665.0
2026-07-04,68750,2026-07-09,call,regular,31,0.3112,5,1585.0
2026-07-04,68875,2026-07-09,call,regular,27,0.3095,5,1500.0
2026-07-04,69000,2026-07-09,call,regular,3868,0.32,5,1455.0
2026-07-04,69125,2026-07-09,call,regular,69,0.3215,5,1385.0
2026-07-04,69250,2026-07-09,call,regular,3050,0.3222,5,1315.0
2026-07-04,69375,2026-07-09,call,regular,2,0.3284,5,1265.0
2026-07-04,69500,2026-07-09,call,regular,561,0.3353,5,1220.0
2026-07-04,69625,2026-07-09,call,regular,50,0.3353,5,1155.0
2026-07-04,69750,2026-07-09,call,regular,12,0.3392,5,1105.0
2026-07-04,69875,2026-07-09,call,regular,2,0.3546,5,1095.0
2026-07-04,70000,2026-07-09,call,regular,2120,0.3572,5,1045.0
2026-07-04,70125,2026-07-09,call,regular,11,0.3591,5,995.0
2026-07-04,70250,2026-07-09,call,regular,23,0.3495,5,910.0
2026-07-04,70375,2026-07-09,call,regular,3,0.3516,5,865.0
2026-07-04,70500,2026-07-09,call,regular,837,0.3673,5,865.0
2026-07-04,70625,2026-07-09,call,regular,352,0.3556,5,780.0
2026-07-04,70750,2026-07-09,call,regular,37,0.3639,5,760.0
2026-07-04,70875,2026-07-09,call,regular,3,0.3604,5,705.0
2026-07-04,71000,2026-07-09,call,regular,999,0.371,5,695.0
2026-07-04,71125,2026-07-09,call,regular,23,0.3629,5,630.0
2026-07-04,71250,2026-07-09,call,regular,35,0.3692,5,610.0
2026-07-04,71375,2026-07-09,call,regular,7,0.3682,5,570.0
2026-07-04,71500,2026-07-09,call,regular,465,0.3772,5,560.0
2026-07-04,71625,2026-07-09,call,regular,13,0.3696,5,505.0
2026-07-04,71750,2026-07-09,call,regular,43,0.376,5,490.0
2026-07-04,71875,2026-07-09,call,regular,2,0.3763,5,460.0
2026-07-04,72000,2026-07-09,call,regular,6346,0.3839,5,450.0
2026-07-04,72125,2026-07-09,call,regular,35,0.3792,5,410.0
2026-07-04,72250,2026-07-09,call,regular,3005,0.382,5,390.0
2026-07-04,72375,2026-07-09,call,regular,9,0.38,5,360.0
2026-07-04,72500,2026-07-09,call,regular,682,0.3969,5,375.0
2026-07-04,72625,2026-07-09,call,regular,5,0.3853,5,325.0
2026-07-04,72750,2026-07-09,call,regular,17,0.3861,5,305.0
2026-07-04,72875,2026-07-09,call,regular,84,0.386,5,284.0
2026-07-04,73000,2026-07-09,call,regular,1052,0.3832,5,259.0
2026-07-04,73125,2026-07-09,call,regular,32,0.3895,5,253.0
2026-07-04,73250,2026-07-09,call,regular,6,0.3946,5,245.0
2026-07-04,73375,2026-07-09,call,regular,6,0.401,5,240.0
2026-07-04,73500,2026-07-09,call,regular,510,0.3876,5,200.0
2026-07-04,73625,2026-07-09,call,regular,21,0.4032,5,212.0
2026-07-04,73750,2026-07-09,call,regular,13,0.4043,5,199.0
2026-07-04,73875,2026-07-09,call,regular,3,0.3947,5,170.0
2026-07-04,74000,2026-07-09,call,regular,811,0.3943,5,157.0
2026-07-04,74125,2026-07-09,call,regular,14,0.3976,5,150.0
2026-07-04,74250,2026-07-09,call,regular,3,0.3976,5,139.0
2026-07-04,74375,2026-07-09,call,regular,4,0.3995,5,131.0
2026-07-04,74500,2026-07-09,call,regular,225,0.3993,5,121.0
2026-07-04,74625,2026-07-09,call,regular,7,0.402,5,115.0
2026-07-04,74750,2026-07-09,call,regular,18,0.3991,5,103.0
2026-07-04,74875,2026-07-09,call,regular,51,0.4055,5,102.0
2026-07-04,75000,2026-07-09,call,regular,2723,0.4025,5,91.0
2026-07-04,75125,2026-07-09,call,regular,23,0.4076,5,89.0
2026-07-04,75250,2026-07-09,call,regular,35,0.4043,5,79.0
2026-07-04,75375,2026-07-09,call,regular,17,0.4102,5,78.0
2026-07-04,75500,2026-07-09,call,regular,828,0.4068,5,69.0
2026-07-04,76000,2026-07-09,call,regular,1421,0.4193,5,58.0
2026-07-04,76500,2026-07-09,call,regular,166,0.4184,5,41.0
2026-07-04,77000,2026-07-09,call,regular,676,0.4229,5,31.0
2026-07-04,77500,2026-07-09,call,regular,77,0.429,5,24.0
2026-07-04,78000,2026-07-09,call,regular,993,0.4331,5,18.0
2026-07-04,78500,2026-07-09,call,regular,77,0.4433,5,15.0
2026-07-04,79000,2026-07-09,call,regular,834,0.4553,5,13.0
2026-07-04,79500,2026-07-09,call,regular,75,0.4545,5,9.0
2026-07-04,80000,2026-07-09,call,regular,3835,0.4735,5,9.0
2026-07-04,80500,2026-07-09,call,regular,76,0.4706,5,6.0
2026-07-04,81000,2026-07-09,call,regular,375,0.4793,5,5.0
2026-07-04,81500,2026-07-09,call,regular,39,0.4857,5,4.0
2026-07-04,82000,2026-07-09,call,regular,351,0.5027,5,4.0
2026-07-04,82500,2026-07-09,call,regular,634,0.5053,5,3.0
2026-07-04,83000,2026-07-09,call,regular,252,0.5216,5,3.0
2026-07-04,83500,2026-07-09,call,regular,147,0.5184,5,2.0
2026-07-04,84000,2026-07-09,call,regular,234,0.534,5,2.0
2026-07-04,84500,2026-07-09,call,regular,26,0.5186,5,1.0
2026-07-04,85000,2026-07-09,call,regular,1288,0.5332,5,1.0
2026-07-04,85750,2026-07-09,call,regular,560,0.5548,5,1.0
2026-07-04,87500,2026-07-09,call,regular,159,0.6042,5,1.0
2026-07-04,88000,2026-07-09,call,regular,252,0.618,5,1.0
2026-07-04,90000,2026-07-09,call,regular,1722,0.6724,5,1.0
2026-07-04,92000,2026-07-09,call,regular,199,0.7253,5,1.0
2026-07-04,94000,2026-07-09,call,regular,293,0.7766,5,1.0
2026-07-04,95000,2026-07-09,call,regular,282,0.8018,5,1.0
2026-07-04,100000,2026-07-09,call,regular,48,0.9227,5,1.0
2026-07-04,42750,2026-08-13,call,regular,27,0.2,40,26145.0
2026-07-04,49000,2026-08-13,call,regular,27,0.2,40,20000.0
2026-07-04,56000,2026-08-13,call,regular,1,0.2,40,13290.0
2026-07-04,58000,2026-08-13,call,regular,850,0.2,40,11465.0
2026-07-04,59500,2026-08-13,call,regular,20,0.2,40,10130.0
2026-07-04,59750,2026-08-13,call,regular,50,0.2,40,9910.0
2026-07-04,60000,2026-08-13,call,regular,225,0.2,40,9695.0
2026-07-04,60500,2026-08-13,call,regular,120,0.2,40,9260.0
2026-07-04,61000,2026-08-13,call,regular,402,0.2141,40,8845.0
2026-07-04,61500,2026-08-13,call,regular,200,0.2432,40,8425.0
2026-07-04,62000,2026-08-13,call,regular,104,0.2621,40,8020.0
2026-07-04,62500,2026-08-13,call,regular,15,0.2743,40,7620.0
2026-07-04,63000,2026-08-13,call,regular,2130,0.2806,40,7215.0
2026-07-04,63375,2026-08-13,call,regular,5,0.2869,40,6930.0
2026-07-04,63625,2026-08-13,call,regular,5,0.2891,40,6735.0
2026-07-04,63750,2026-08-13,call,regular,5,0.2895,40,6635.0
2026-07-04,63875,2026-08-13,call,regular,10,0.2915,40,6545.0
2026-07-04,64000,2026-08-13,call,regular,425,0.2925,40,6450.0
2026-07-04,64125,2026-08-13,call,regular,30,0.2941,40,6360.0
2026-07-04,64250,2026-08-13,call,regular,20,0.2947,40,6265.0
2026-07-04,64375,2026-08-13,call,regular,20,0.296,40,6175.0
2026-07-04,64500,2026-08-13,call,regular,10,0.2901,40,6040.0
2026-07-04,64625,2026-08-13,call,regular,15,0.2974,40,5990.0
2026-07-04,64750,2026-08-13,call,regular,10,0.2989,40,5905.0
2026-07-04,64875,2026-08-13,call,regular,15,0.2989,40,5810.0
2026-07-04,65000,2026-08-13,call,regular,795,0.3002,40,5725.0
2026-07-04,65125,2026-08-13,call,regular,15,0.3006,40,5635.0
2026-07-04,65250,2026-08-13,call,regular,15,0.3024,40,5555.0
2026-07-04,65375,2026-08-13,call,regular,20,0.3025,40,5465.0
2026-07-04,65500,2026-08-13,call,regular,20,0.3033,40,5380.0
2026-07-04,65625,2026-08-13,call,regular,10,0.3025,40,5285.0
2026-07-04,65750,2026-08-13,call,regular,455,0.3037,40,5205.0
2026-07-04,66000,2026-08-13,call,regular,107,0.3044,40,5035.0
2026-07-04,66250,2026-08-13,call,regular,2,0.3058,40,4875.0
2026-07-04,66375,2026-08-13,call,regular,2,0.3058,40,4790.0
2026-07-04,66500,2026-08-13,call,regular,3,0.3062,40,4710.0
2026-07-04,67000,2026-08-13,call,regular,274,0.3069,40,4390.0
2026-07-04,67250,2026-08-13,call,regular,5,0.3072,40,4235.0
2026-07-04,67625,2026-08-13,call,regular,2,0.3077,40,4010.0
2026-07-04,68000,2026-08-13,call,regular,316,0.3096,40,3805.0
2026-07-04,69000,2026-08-13,call,regular,412,0.3088,40,3245.0
2026-07-04,69500,2026-08-13,call,regular,132,0.3093,40,2995.0
2026-07-04,70000,2026-08-13,call,regular,1442,0.3105,40,2765.0
2026-07-04,70500,2026-08-13,call,regular,4,0.3108,40,2540.0
2026-07-04,71000,2026-08-13,call,regular,311,0.3095,40,2315.0
2026-07-04,71500,2026-08-13,call,regular,6,0.3101,40,2120.0
2026-07-04,71750,2026-08-13,call,regular,2255000,0.3101,40,2025.0
2026-07-04,72000,2026-08-13,call,regular,263,0.3137,40,1965.0
2026-07-04,72125,2026-08-13,call,regular,15,0.3109,40,1895.0
2026-07-04,72250,2026-08-13,call,regular,2,0.3097,40,1840.0
2026-07-04,72500,2026-08-13,call,regular,625,0.3097,40,1755.0
2026-07-04,72750,2026-08-13,call,regular,2,0.3106,40,1680.0
2026-07-04,73000,2026-08-13,call,regular,84,0.31,40,1595.0
2026-07-04,73500,2026-08-13,call,regular,3,0.3106,40,1450.0
2026-07-04,74000,2026-08-13,call,regular,387,0.3112,40,1315.0
2026-07-04,74500,2026-08-13,call,regular,211,0.3116,40,1190.0
2026-07-04,75000,2026-08-13,call,regular,1430,0.3161,40,1105.0
2026-07-04,75500,2026-08-13,call,regular,150,0.3126,40,970.0
2026-07-04,76000,2026-08-13,call,regular,199,0.3148,40,885.0
2026-07-04,76500,2026-08-13,call,regular,51,0.3144,40,790.0
2026-07-04,77000,2026-08-13,call,regular,412,0.3198,40,740.0
2026-07-04,77500,2026-08-13,call,regular,848,0.3152,40,635.0
2026-07-04,78000,2026-08-13,call,regular,357,0.3169,40,575.0
2026-07-04,78500,2026-08-13,call,regular,2,0.3175,40,515.0
2026-07-04,79000,2026-08-13,call,regular,38,0.318,40,460.0
2026-07-04,79500,2026-08-13,call,regular,8,0.3185,40,410.0
2026-07-04,80000,2026-08-13,call,regular,442,0.3201,40,370.0
2026-07-04,80500,2026-08-13,call,regular,4,0.3195,40,325.0
2026-07-04,81000,2026-08-13,call,regular,83,0.3244,40,305.0
2026-07-04,81500,2026-08-13,call,regular,1,0.3205,40,256.0
2026-07-04,82000,2026-08-13,call,regular,1058,0.321,40,227.0
2026-07-04,82500,2026-08-13,call,regular,19,0.3223,40,203.0
2026-07-04,83000,2026-08-13,call,regular,109,0.3233,40,181.0
2026-07-04,83500,2026-08-13,call,regular,3,0.3242,40,161.0
2026-07-04,84000,2026-08-13,call,regular,32,0.3229,40,138.0
2026-07-04,85000,2026-08-13,call,regular,528,0.3254,40,110.0
2026-07-04,85750,2026-08-13,call,regular,13,0.3316,40,100.0
2026-07-04,87500,2026-08-13,call,regular,80,0.3347,40,66.0
2026-07-04,88000,2026-08-13,call,regular,69,0.3352,40,58.0
2026-07-04,90000,2026-08-13,call,regular,210,0.3364,40,34.0
2026-07-04,92000,2026-08-13,call,regular,19,0.344,40,23.0
2026-07-04,94000,2026-08-13,call,regular,8,0.3522,40,16.0
2026-07-04,95000,2026-08-13,call,regular,47,0.3605,40,15.0
2026-07-04,96000,2026-08-13,call,regular,3,0.3593,40,11.0
2026-07-04,98000,2026-08-13,call,regular,36,0.3678,40,8.0
2026-07-04,100000,2026-08-13,call,regular,54,0.3769,40,6.0
2026-07-04,30000,2026-09-10,call,regular,3750,0.2,68,38815.0
2026-07-04,37000,2026-09-10,call,regular,1,0.2,68,31870.0
2026-07-04,42000,2026-09-10,call,regular,101,0.2,68,26955.0
2026-07-04,42500,2026-09-10,call,regular,1,0.2,68,26460.0
2026-07-04,43000,2026-09-10,call,regular,100,0.2,68,25970.0
2026-07-04,43500,2026-09-10,call,regular,57,0.2,68,25480.0
2026-07-04,45000,2026-09-10,call,regular,41,0.2,68,24015.0
2026-07-04,48000,2026-09-10,call,regular,400,0.2,68,21110.0
2026-07-04,48500,2026-09-10,call,regular,240,0.2,68,20625.0
2026-07-04,49000,2026-09-10,call,regular,200,0.2,68,20155.0
2026-07-04,50000,2026-09-10,call,regular,4650,0.2,68,19190.0
2026-07-04,50500,2026-09-10,call,regular,50,0.2,68,18710.0
2026-07-04,51000,2026-09-10,call,regular,141,0.2,68,18240.0
2026-07-04,51250,2026-09-10,call,regular,210,0.2,68,18010.0
2026-07-04,52000,2026-09-10,call,regular,350,0.2,68,17320.0
2026-07-04,53000,2026-09-10,call,regular,1100,0.2,68,16385.0
2026-07-04,53500,2026-09-10,call,regular,400,0.2,68,15925.0
2026-07-04,53750,2026-09-10,call,regular,150,0.2,68,15690.0
2026-07-04,54000,2026-09-10,call,regular,1056,0.2,68,15460.0
2026-07-04,54250,2026-09-10,call,regular,50,0.2,68,15210.0
2026-07-04,54500,2026-09-10,call,regular,200,0.2,68,15000.0
2026-07-04,54750,2026-09-10,call,regular,90,0.2,68,14755.0
2026-07-04,55000,2026-09-10,call,regular,661,0.2,68,14545.0
2026-07-04,56000,2026-09-10,call,regular,1250,0.2,68,13640.0
2026-07-04,56500,2026-09-10,call,regular,79,0.2,68,13200.0
2026-07-04,57000,2026-09-10,call,regular,850,0.2,68,12745.0
2026-07-04,57500,2026-09-10,call,regular,384,0.1408,68,12325.0
2026-07-04,58000,2026-09-10,call,regular,1101,0.2216,68,11885.0
2026-07-04,59000,2026-09-10,call,regular,1096,0.257,68,11025.0
2026-07-04,60000,2026-09-10,call,regular,786,0.2746,68,10190.0
2026-07-04,60500,2026-09-10,call,regular,700,0.2802,68,9780.0
2026-07-04,60750,2026-09-10,call,regular,120,0.2822,68,9575.0
2026-07-04,61000,2026-09-10,call,regular,220,0.2845,68,9375.0
2026-07-04,61250,2026-09-10,call,regular,21,0.2863,68,9175.0
2026-07-04,61500,2026-09-10,call,regular,1,0.2876,68,8975.0
2026-07-04,62000,2026-09-10,call,regular,1300,0.2899,68,8580.0
2026-07-04,62500,2026-09-10,call,regular,500,0.2927,68,8200.0
2026-07-04,63000,2026-09-10,call,regular,950,0.2947,68,7825.0
2026-07-04,63250,2026-09-10,call,regular,1,0.2955,68,7640.0
2026-07-04,64000,2026-09-10,call,regular,1210,0.2966,68,7090.0
2026-07-04,64250,2026-09-10,call,regular,100,0.2973,68,6915.0
2026-07-04,65000,2026-09-10,call,regular,3885,0.2981,68,6395.0
2026-07-04,65500,2026-09-10,call,regular,150,0.2985,68,6060.0
2026-07-04,66000,2026-09-10,call,regular,1390,0.2983,68,5730.0
2026-07-04,66250,2026-09-10,call,regular,28,0.2988,68,5575.0
2026-07-04,67000,2026-09-10,call,regular,633,0.2991,68,5115.0
2026-07-04,67500,2026-09-10,call,regular,1125,0.2986,68,4815.0
2026-07-04,67750,2026-09-10,call,regular,23,0.2984,68,4670.0
2026-07-04,68000,2026-09-10,call,regular,772,0.298,68,4525.0
2026-07-04,68500,2026-09-10,call,regular,101,0.2983,68,4255.0
2026-07-04,69000,2026-09-10,call,regular,481,0.2988,68,4000.0
2026-07-04,69500,2026-09-10,call,regular,1,0.2984,68,3745.0
2026-07-04,69750,2026-09-10,call,regular,450,0.2988,68,3630.0
2026-07-04,70000,2026-09-10,call,regular,1715,0.2983,68,3505.0
2026-07-04,70500,2026-09-10,call,regular,3,0.2985,68,3280.0
2026-07-04,71000,2026-09-10,call,regular,1259,0.2987,68,3065.0
2026-07-04,71625,2026-09-10,call,regular,2,0.2975,68,2795.0
2026-07-04,72000,2026-09-10,call,regular,1569,0.298,68,2655.0
2026-07-04,72500,2026-09-10,call,regular,604,0.2976,68,2465.0
2026-07-04,72750,2026-09-10,call,regular,1,0.2975,68,2375.0
2026-07-04,73000,2026-09-10,call,regular,211,0.2977,68,2290.0
2026-07-04,73500,2026-09-10,call,regular,475,0.2973,68,2120.0
2026-07-04,73625,2026-09-10,call,regular,2,0.2973,68,2080.0
2026-07-04,74000,2026-09-10,call,regular,245,0.2978,68,1970.0
2026-07-04,74500,2026-09-10,call,regular,1,0.298,68,1825.0
2026-07-04,75000,2026-09-10,call,regular,2313,0.2978,68,1685.0
2026-07-04,75500,2026-09-10,call,regular,1,0.2978,68,1555.0
2026-07-04,76000,2026-09-10,call,regular,277,0.2984,68,1440.0
2026-07-04,76500,2026-09-10,call,regular,22,0.2988,68,1330.0
2026-07-04,77000,2026-09-10,call,regular,499,0.299,68,1225.0
2026-07-04,77500,2026-09-10,call,regular,961,0.3,68,1135.0
2026-07-04,78000,2026-09-10,call,regular,1251,0.3003,68,1045.0
2026-07-04,78500,2026-09-10,call,regular,1,0.3005,68,960.0
2026-07-04,79000,2026-09-10,call,regular,2,0.2999,68,875.0
2026-07-04,79500,2026-09-10,call,regular,200,0.2979,68,785.0
2026-07-04,80000,2026-09-10,call,regular,461,0.301,68,740.0
2026-07-04,80500,2026-09-10,call,regular,1,0.2988,68,660.0
2026-07-04,81000,2026-09-10,call,regular,2,0.3,68,610.0
2026-07-04,83000,2026-09-10,call,regular,2,0.2996,68,415.0
2026-07-04,84000,2026-09-10,call,regular,751,0.3005,68,345.0
2026-07-04,85000,2026-09-10,call,regular,183,0.302,68,289.0
2026-07-04,87500,2026-09-10,call,regular,1,0.3046,68,181.0
2026-07-04,90000,2026-09-10,call,regular,23,0.3107,68,120.0
2026-07-04,92000,2026-09-10,call,regular,1,0.314,68,84.0
2026-07-04,95000,2026-09-10,call,regular,1,0.315,68,45.0
2026-07-04,98000,2026-09-10,call,regular,4,0.3164,68,24.0
2026-07-04,100000,2026-09-10,call,regular,7,0.3181,68,16.0
2026-07-04,47500,2026-10-08,call,regular,34,0.2,96,21605.0
2026-07-04,53000,2026-10-08,call,regular,34,0.2,96,16535.0
2026-07-04,60500,2026-10-08,call,regular,100,0.2784,96,10120.0
2026-07-04,61000,2026-10-08,call,regular,200,0.2806,96,9730.0
2026-07-04,62000,2026-10-08,call,regular,28,0.2833,96,8965.0
2026-07-04,63000,2026-10-08,call,regular,4,0.2867,96,8245.0
2026-07-04,64000,2026-10-08,call,regular,31,0.2899,96,7565.0
2026-07-04,65000,2026-10-08,call,regular,1,0.2926,96,6920.0
2026-07-04,70000,2026-10-08,call,regular,102,0.2873,96,4040.0
2026-07-04,70750,2026-10-08,call,regular,1,0.2871,96,3700.0
2026-07-04,75000,2026-10-08,call,regular,1608,0.2839,96,2125.0
2026-07-04,76000,2026-10-08,call,regular,300,0.2837,96,1850.0
2026-07-04,77000,2026-10-08,call,regular,988,0.2831,96,1600.0
2026-07-04,77500,2026-10-08,call,regular,1,0.2832,96,1490.0
2026-07-04,78000,2026-10-08,call,regular,1,0.2836,96,1390.0
2026-07-04,80000,2026-10-08,call,regular,7,0.2841,96,1035.0
2026-07-04,81000,2026-10-08,call,regular,400,0.285,96,895.0
2026-07-04,83500,2026-10-08,call,regular,5,0.2869,96,615.0
2026-07-04,90000,2026-10-08,call,regular,3,0.2948,96,233.0
2026-07-04,95000,2026-10-08,call,regular,1,0.303,96,114.0
2026-07-04,50250,2026-11-12,call,regular,35,0.2,131,19225.0
2026-07-04,56000,2026-11-12,call,regular,34,0.26,131,14230.0
2026-07-04,57500,2026-11-12,call,regular,100,0.2728,131,12980.0
2026-07-04,60500,2026-11-12,call,regular,100,0.2836,131,10610.0
2026-07-04,61000,2026-11-12,call,regular,200,0.2849,131,10240.0
2026-07-04,65000,2026-11-12,call,regular,10,0.2902,131,7525.0
2026-07-04,66000,2026-11-12,call,regular,200,0.2923,131,6945.0
2026-07-04,70000,2026-11-12,call,regular,103,0.2851,131,4715.0
2026-07-04,71000,2026-11-12,call,regular,4,0.2852,131,4270.0
2026-07-04,72500,2026-11-12,call,regular,1,0.2845,131,3650.0
2026-07-04,74000,2026-11-12,call,regular,100,0.2844,131,3110.0
2026-07-04,75000,2026-11-12,call,regular,102,0.2847,131,2790.0
2026-07-04,95000,2026-11-12,call,regular,1,0.2926,131,231.0
2026-07-04,100000,2026-11-12,call,regular,1,0.298,131,125.0
2026-07-04,12500,2026-12-10,call,regular,84,0.2,159,55875.0
2026-07-04,20000,2026-12-10,call,regular,150,0.2,159,48445.0
2026-07-04,22000,2026-12-10,call,regular,100,0.2,159,46470.0
2026-07-04,25000,2026-12-10,call,regular,300,0.2,159,43515.0
2026-07-04,26000,2026-12-10,call,regular,350,0.2,159,42535.0
2026-07-04,27000,2026-12-10,call,regular,250,0.2,159,41555.0
2026-07-04,28000,2026-12-10,call,regular,75,0.2,159,40565.0
2026-07-04,28500,2026-12-10,call,regular,125,0.2,159,40070.0
2026-07-04,29000,2026-12-10,call,regular,150,0.2,159,39575.0
2026-07-04,30000,2026-12-10,call,regular,100,0.2,159,38600.0
2026-07-04,30500,2026-12-10,call,regular,50,0.2,159,38110.0
2026-07-04,31000,2026-12-10,call,regular,241,0.2,159,37620.0
2026-07-04,31500,2026-12-10,call,regular,50,0.2,159,37135.0
2026-07-04,32000,2026-12-10,call,regular,700,0.2,159,36645.0
2026-07-04,32500,2026-12-10,call,regular,250,0.2,159,36160.0
2026-07-04,33000,2026-12-10,call,regular,1950,0.2,159,35675.0
2026-07-04,34000,2026-12-10,call,regular,280,0.2,159,34700.0
2026-07-04,34500,2026-12-10,call,regular,400,0.2,159,34215.0
2026-07-04,35000,2026-12-10,call,regular,435,0.2,159,33735.0
2026-07-04,36000,2026-12-10,call,regular,975,0.2,159,32765.0
2026-07-04,36500,2026-12-10,call,regular,252,0.2,159,32285.0
2026-07-04,37000,2026-12-10,call,regular,450,0.2,159,31805.0
2026-07-04,37500,2026-12-10,call,regular,88,0.2,159,31325.0
2026-07-04,37750,2026-12-10,call,regular,100,0.2,159,31090.0
2026-07-04,38000,2026-12-10,call,regular,1225,0.2,159,30850.0
2026-07-04,38500,2026-12-10,call,regular,700,0.2,159,30370.0
2026-07-04,38750,2026-12-10,call,regular,50,0.2,159,30130.0
2026-07-04,39000,2026-12-10,call,regular,750,0.2,159,29890.0
2026-07-04,39500,2026-12-10,call,regular,500,0.2,159,29430.0
2026-07-04,40000,2026-12-10,call,regular,1200,0.2,159,28970.0
2026-07-04,40500,2026-12-10,call,regular,400,0.2,159,28490.0
2026-07-04,41000,2026-12-10,call,regular,1300,0.2,159,28000.0
2026-07-04,41500,2026-12-10,call,regular,100,0.2,159,27505.0
2026-07-04,42000,2026-12-10,call,regular,1071,0.2,159,27010.0
2026-07-04,42500,2026-12-10,call,regular,250,0.2,159,26515.0
2026-07-04,43000,2026-12-10,call,regular,1400,0.2,159,26035.0
2026-07-04,43750,2026-12-10,call,regular,100,0.2,159,25335.0
2026-07-04,44000,2026-12-10,call,regular,600,0.2,159,25100.0
2026-07-04,45000,2026-12-10,call,regular,1842,0.2,159,24165.0
2026-07-04,45250,2026-12-10,call,regular,413,0.2,159,23940.0
2026-07-04,45500,2026-12-10,call,regular,200,0.2,159,23705.0
2026-07-04,46000,2026-12-10,call,regular,2300,0.2,159,23255.0
2026-07-04,46250,2026-12-10,call,regular,315,0.2,159,23015.0
2026-07-04,47000,2026-12-10,call,regular,350,0.2,159,22335.0
2026-07-04,47500,2026-12-10,call,regular,200,0.2,159,21875.0
2026-07-04,48000,2026-12-10,call,regular,750,0.2,159,21425.0
2026-07-04,49000,2026-12-10,call,regular,1000,0.2,159,20520.0
2026-07-04,49500,2026-12-10,call,regular,260,0.2,159,20075.0
2026-07-04,50000,2026-12-10,call,regular,3342,0.2,159,19625.0
2026-07-04,50250,2026-12-10,call,regular,58,0.2,159,19410.0
2026-07-04,50500,2026-12-10,call,regular,600,0.2,159,19185.0
2026-07-04,50750,2026-12-10,call,regular,45,0.2,159,18960.0
2026-07-04,51000,2026-12-10,call,regular,731,0.2,159,18740.0
2026-07-04,52000,2026-12-10,call,regular,802,0.2,159,17860.0
2026-07-04,52250,2026-12-10,call,regular,250,0.2,159,17650.0
2026-07-04,52500,2026-12-10,call,regular,50,0.1866,159,17440.0
2026-07-04,53000,2026-12-10,call,regular,1135,0.2135,159,16995.0
2026-07-04,53500,2026-12-10,call,regular,106,0.2354,159,16580.0
2026-07-04,54000,2026-12-10,call,regular,1941,0.2497,159,16170.0
2026-07-04,54500,2026-12-10,call,regular,540,0.254,159,15730.0
2026-07-04,55000,2026-12-10,call,regular,1829,0.2634,159,15330.0
2026-07-04,55500,2026-12-10,call,regular,300,0.2661,159,14900.0
2026-07-04,56000,2026-12-10,call,regular,791,0.2716,159,14500.0
2026-07-04,56500,2026-12-10,call,regular,283,0.2733,159,14080.0
2026-07-04,57000,2026-12-10,call,regular,500,0.2776,159,13690.0
2026-07-04,57250,2026-12-10,call,regular,113,0.2771,159,13475.0
2026-07-04,57500,2026-12-10,call,regular,90,0.2776,159,13270.0
2026-07-04,58000,2026-12-10,call,regular,2603,0.2805,159,12885.0
2026-07-04,58500,2026-12-10,call,regular,350,0.2811,159,12485.0
2026-07-04,59000,2026-12-10,call,regular,1900,0.2829,159,12105.0
2026-07-04,59500,2026-12-10,call,regular,100,0.2827,159,11710.0
2026-07-04,60000,2026-12-10,call,regular,7846,0.2848,159,11350.0
2026-07-04,60500,2026-12-10,call,regular,2,0.2819,159,10935.0
2026-07-04,61000,2026-12-10,call,regular,813,0.2848,159,10600.0
2026-07-04,62000,2026-12-10,call,regular,1350,0.2848,159,9880.0
2026-07-04,62500,2026-12-10,call,regular,385,0.2841,159,9520.0
2026-07-04,63000,2026-12-10,call,regular,1590,0.2916,159,9290.0
2026-07-04,63750,2026-12-10,call,regular,25,0.2868,159,8720.0
2026-07-04,64000,2026-12-10,call,regular,1855,0.2882,159,8580.0
2026-07-04,65000,2026-12-10,call,regular,3226,0.2903,159,7985.0
2026-07-04,65500,2026-12-10,call,regular,584,0.2901,159,7680.0
2026-07-04,66000,2026-12-10,call,regular,620,0.2906,159,7395.0
2026-07-04,67000,2026-12-10,call,regular,677,0.2898,159,6815.0
2026-07-04,67250,2026-12-10,call,regular,25,0.2902,159,6685.0
2026-07-04,67500,2026-12-10,call,regular,25,0.2902,159,6550.0
2026-07-04,68000,2026-12-10,call,regular,2808,0.2895,159,6275.0
2026-07-04,69000,2026-12-10,call,regular,771,0.2873,159,5730.0
2026-07-04,69250,2026-12-10,call,regular,50,0.283,159,5530.0
2026-07-04,69750,2026-12-10,call,regular,158,0.2837,159,5305.0
2026-07-04,70000,2026-12-10,call,regular,3141,0.2835,159,5185.0
2026-07-04,71000,2026-12-10,call,regular,30,0.2832,159,4735.0
2026-07-04,72000,2026-12-10,call,regular,329,0.283,159,4315.0
2026-07-04,72500,2026-12-10,call,regular,2403,0.2825,159,4110.0
2026-07-04,73000,2026-12-10,call,regular,25,0.2826,159,3920.0
2026-07-04,73500,2026-12-10,call,regular,400,0.2822,159,3730.0
2026-07-04,74000,2026-12-10,call,regular,630,0.2822,159,3555.0
2026-07-04,75000,2026-12-10,call,regular,2592,0.2821,159,3220.0
2026-07-04,76000,2026-12-10,call,regular,100,0.2805,159,2885.0
2026-07-04,77000,2026-12-10,call,regular,159,0.2794,159,2585.0
2026-07-04,77500,2026-12-10,call,regular,1301,0.2795,159,2455.0
2026-07-04,78000,2026-12-10,call,regular,3,0.2793,159,2325.0
2026-07-04,79000,2026-12-10,call,regular,4,0.2797,159,2095.0
2026-07-04,80000,2026-12-10,call,regular,6996,0.2794,159,1875.0
2026-07-04,81000,2026-12-10,call,regular,50,0.2792,159,1675.0
2026-07-04,82500,2026-12-10,call,regular,1,0.2785,159,1405.0
2026-07-04,84000,2026-12-10,call,regular,1,0.2793,159,1190.0
2026-07-04,85000,2026-12-10,call,regular,426,0.2799,159,1065.0
2026-07-04,87500,2026-12-10,call,regular,1504,0.2794,159,785.0
2026-07-04,90000,2026-12-10,call,regular,1927,0.2817,159,595.0
2026-07-04,95000,2026-12-10,call,regular,162,0.2844,159,330.0
2026-07-04,100000,2026-12-10,call,regular,501,0.2876,159,183.0
2026-07-04,54250,2027-01-07,call,regular,27,0.2743,187,16250.0
2026-07-04,61000,2027-01-07,call,regular,26,0.2888,187,11005.0
2026-07-04,56000,2027-02-10,call,regular,8,0.2924,221,15210.0
2026-07-04,56750,2027-02-10,call,regular,60,0.293,221,14620.0
2026-07-04,64000,2027-02-10,call,regular,60,0.2879,221,9445.0
2026-07-04,66000,2027-02-10,call,regular,8,0.2855,221,8225.0
2026-07-04,52000,2027-03-11,call,regular,560,0.2851,250,18700.0
2026-07-04,52750,2027-03-11,call,regular,8,0.2874,250,18075.0
2026-07-04,53000,2027-03-11,call,regular,275,0.2932,250,17920.0
2026-07-04,53500,2027-03-11,call,regular,200,0.2899,250,17465.0
2026-07-04,53750,2027-03-11,call,regular,44,0.2903,250,17260.0
2026-07-04,54000,2027-03-11,call,regular,267,0.291,250,17060.0
2026-07-04,55000,2027-03-11,call,regular,550,0.2929,250,16265.0
2026-07-04,56000,2027-03-11,call,regular,50,0.2941,250,15485.0
2026-07-04,57000,2027-03-11,call,regular,365,0.2947,250,14720.0
2026-07-04,58000,2027-03-11,call,regular,150,0.2938,250,13955.0
2026-07-04,59500,2027-03-11,call,regular,200,0.2935,250,12865.0
2026-07-04,60000,2027-03-11,call,regular,12,0.2924,250,12495.0
2026-07-04,60250,2027-03-11,call,regular,44,0.2931,250,12335.0
2026-07-04,61000,2027-03-11,call,regular,160,0.2915,250,11795.0
2026-07-04,62500,2027-03-11,call,regular,8,0.2889,250,10765.0
2026-07-04,63000,2027-03-11,call,regular,292,0.289,250,10450.0
2026-07-04,64250,2027-03-11,call,regular,100,0.2868,250,9645.0
2026-07-04,65000,2027-03-11,call,regular,301,0.2866,250,9200.0
2026-07-04,66500,2027-03-11,call,regular,6,0.2843,250,8315.0
2026-07-04,67000,2027-03-11,call,regular,200,0.2844,250,8050.0
2026-07-04,69000,2027-03-11,call,regular,250,0.2826,250,7005.0
2026-07-04,70000,2027-03-11,call,regular,210,0.2815,250,6515.0
2026-07-04,72000,2027-03-11,call,regular,100,0.2809,250,5640.0
2026-07-04,72500,2027-03-11,call,regular,35,0.2811,250,5445.0
2026-07-04,75000,2027-03-11,call,regular,150,0.2775,250,4445.0
2026-07-04,77500,2027-03-11,call,regular,60,0.2764,250,3635.0
2026-07-04,82500,2027-03-11,call,regular,36,0.2759,250,2405.0
2026-07-04,90000,2027-03-11,call,regular,56,0.2785,250,1285.0
2026-07-04,100000,2027-03-11,call,regular,42,0.285,250,565.0
2026-07-04,57000,2027-04-08,call,regular,25,0.2798,278,14750.0
2026-07-04,57750,2027-04-08,call,regular,88,0.2773,278,14145.0
2026-07-04,65000,2027-04-08,call,regular,88,0.2746,278,9285.0
2026-07-04,67000,2027-04-08,call,regular,25,0.2736,278,8160.0
2026-07-04,60250,2027-05-13,call,regular,8,0.2783,313,12710.0
2026-07-04,61250,2027-05-13,call,regular,23,0.2777,313,12035.0
2026-07-04,71000,2027-05-13,call,regular,23,0.2725,313,6650.0
2026-07-04,72000,2027-05-13,call,regular,8,0.2734,313,6255.0
2026-07-04,16250,2027-06-10,call,regular,114,0.2,341,51965.0
2026-07-04,30000,2027-06-10,call,regular,300,0.2,341,38615.0
2026-07-04,33000,2027-06-10,call,regular,50,0.2,341,35770.0
2026-07-04,36000,2027-06-10,call,regular,150,0.2,341,32975.0
2026-07-04,37000,2027-06-10,call,regular,50,0.2,341,32055.0
2026-07-04,37250,2027-06-10,call,regular,480,0.2,341,31830.0
2026-07-04,38500,2027-06-10,call,regular,140,0.2,341,30685.0
2026-07-04,39000,2027-06-10,call,regular,50,0.2,341,30230.0
2026-07-04,44500,2027-06-10,call,regular,300,0.2,341,25375.0
2026-07-04,50000,2027-06-10,call,regular,300,0.2598,341,20690.0
2026-07-04,50500,2027-06-10,call,regular,175,0.2629,341,20280.0
2026-07-04,53000,2027-06-10,call,regular,100,0.2724,341,18270.0
2026-07-04,54000,2027-06-10,call,regular,1050,0.2749,341,17495.0
2026-07-04,55000,2027-06-10,call,regular,300,0.2764,341,16730.0
2026-07-04,56000,2027-06-10,call,regular,175,0.2772,341,15975.0
2026-07-04,57000,2027-06-10,call,regular,50,0.2781,341,15245.0
2026-07-04,58500,2027-06-10,call,regular,58,0.2785,341,14175.0
2026-07-04,60000,2027-06-10,call,regular,850,0.2791,341,13160.0
2026-07-04,62500,2027-06-10,call,regular,150,0.2779,341,11530.0
2026-07-04,63000,2027-06-10,call,regular,100,0.2768,341,11200.0
2026-07-04,64000,2027-06-10,call,regular,200,0.2762,341,10595.0
2026-07-04,65000,2027-06-10,call,regular,124,0.2756,341,10010.0
2026-07-04,65500,2027-06-10,call,regular,62,0.2744,341,9705.0
2026-07-04,67000,2027-06-10,call,regular,370,0.2735,341,8885.0
2026-07-04,68000,2027-06-10,call,regular,300,0.2727,341,8360.0
2026-07-04,68250,2027-06-10,call,regular,15,0.2726,341,8235.0
2026-07-04,69250,2027-06-10,call,regular,36,0.2717,341,7735.0
2026-07-04,70000,2027-06-10,call,regular,550,0.2713,341,7380.0
2026-07-04,71000,2027-06-10,call,regular,100,0.2709,341,6930.0
2026-07-04,75000,2027-06-10,call,regular,250,0.2691,341,5330.0
2026-07-04,77500,2027-06-10,call,regular,36,0.2683,341,4495.0
2026-07-04,80000,2027-06-10,call,regular,15,0.2695,341,3820.0
2026-07-04,85000,2027-06-10,call,regular,550,0.2696,341,2690.0
2026-07-04,90000,2027-06-10,call,regular,100,0.2707,341,1890.0
2026-07-04,65000,2027-09-09,call,regular,1,0.2756,432,10930.0
2026-07-04,28000,2027-12-09,call,regular,50,0.2,523,40450.0
2026-07-04,30000,2027-12-09,call,regular,225,0.2,523,38585.0
2026-07-04,31500,2027-12-09,call,regular,50,0.2,523,37200.0
2026-07-04,32000,2027-12-09,call,regular,100,0.2,523,36745.0
2026-07-04,33000,2027-12-09,call,regular,100,0.2,523,35830.0
2026-07-04,34000,2027-12-09,call,regular,375,0.2,523,34925.0
2026-07-04,35000,2027-12-09,call,regular,201,0.2,523,34025.0
2026-07-04,36000,2027-12-09,call,regular,80,0.2,523,33130.0
2026-07-04,36750,2027-12-09,call,regular,442,0.2,523,32465.0
2026-07-04,37000,2027-12-09,call,regular,200,0.2,523,32245.0
2026-07-04,38000,2027-12-09,call,regular,575,0.2,523,31365.0
2026-07-04,39000,2027-12-09,call,regular,125,0.2,523,30490.0
2026-07-04,39250,2027-12-09,call,regular,50,0.2,523,30275.0
2026-07-04,39500,2027-12-09,call,regular,50,0.2,523,30055.0
2026-07-04,40000,2027-12-09,call,regular,350,0.2,523,29625.0
2026-07-04,40500,2027-12-09,call,regular,450,0.2,523,29195.0
2026-07-04,41000,2027-12-09,call,regular,375,0.2,523,28770.0
2026-07-04,42000,2027-12-09,call,regular,200,0.2,523,27920.0
2026-07-04,43000,2027-12-09,call,regular,400,0.2,523,27080.0
2026-07-04,43500,2027-12-09,call,regular,150,0.2,523,26660.0
2026-07-04,45000,2027-12-09,call,regular,1950,0.2089,523,25425.0
2026-07-04,46000,2027-12-09,call,regular,500,0.2272,523,24615.0
2026-07-04,48000,2027-12-09,call,regular,225,0.2465,523,23020.0
2026-07-04,49000,2027-12-09,call,regular,700,0.2522,523,22235.0
2026-07-04,50000,2027-12-09,call,regular,1830,0.2568,523,21465.0
2026-07-04,51000,2027-12-09,call,regular,300,0.2602,523,20705.0
2026-07-04,52500,2027-12-09,call,regular,100,0.2638,523,19585.0
2026-07-04,54000,2027-12-09,call,regular,300,0.2664,523,18500.0
2026-07-04,54500,2027-12-09,call,regular,100,0.2669,523,18140.0
2026-07-04,55000,2027-12-09,call,regular,704,0.2675,523,17790.0
2026-07-04,57000,2027-12-09,call,regular,250,0.2687,523,16410.0
2026-07-04,58000,2027-12-09,call,regular,500,0.2689,523,15740.0
2026-07-04,60000,2027-12-09,call,regular,1025,0.2689,523,14450.0
2026-07-04,61000,2027-12-09,call,regular,200,0.2686,523,13825.0
2026-07-04,63000,2027-12-09,call,regular,100,0.268,523,12630.0
2026-07-04,63500,2027-12-09,call,regular,50,0.2679,523,12345.0
2026-07-04,64000,2027-12-09,call,regular,780,0.2676,523,12060.0
2026-07-04,65000,2027-12-09,call,regular,100,0.2673,523,11510.0
2026-07-04,66000,2027-12-09,call,regular,200,0.2669,523,10975.0
2026-07-04,67000,2027-12-09,call,regular,100,0.2664,523,10455.0
2026-07-04,68000,2027-12-09,call,regular,200,0.2661,523,9960.0
2026-07-04,69000,2027-12-09,call,regular,750,0.2657,523,9480.0
2026-07-04,70000,2027-12-09,call,regular,325,0.2653,523,9015.0
2026-07-04,72500,2027-12-09,call,regular,100,0.2673,523,8035.0
2026-07-04,75000,2027-12-09,call,regular,175,0.2682,523,7120.0
2026-07-04,80000,2027-12-09,call,regular,200,0.2625,523,5330.0
2026-07-04,87500,2027-12-09,call,regular,100,0.2622,523,3530.0
2026-07-04,41500,2028-06-08,call,regular,100,0.1768,705,28910.0
2026-07-04,28000,2028-12-07,call,regular,50,0.2,887,40765.0
2026-07-04,30000,2028-12-07,call,regular,80,0.2,887,39055.0
2026-07-04,31000,2028-12-07,call,regular,200,0.2,887,38205.0
2026-07-04,32000,2028-12-07,call,regular,75,0.2,887,37360.0
2026-07-04,33000,2028-12-07,call,regular,125,0.2,887,36525.0
2026-07-04,34500,2028-12-07,call,regular,330,0.2,887,35295.0
2026-07-04,34750,2028-12-07,call,regular,100,0.2,887,35095.0
2026-07-04,35500,2028-12-07,call,regular,443,0.2,887,34490.0
2026-07-04,36000,2028-12-07,call,regular,450,0.2,887,34085.0
2026-07-04,36500,2028-12-07,call,regular,52,0.2,887,33690.0
2026-07-04,38000,2028-12-07,call,regular,120,0.1856,887,32510.0
2026-07-04,39000,2028-12-07,call,regular,575,0.2217,887,31745.0
2026-07-04,40000,2028-12-07,call,regular,30,0.2354,887,30945.0
2026-07-04,41000,2028-12-07,call,regular,375,0.244,887,30145.0
2026-07-04,42000,2028-12-07,call,regular,65,0.2508,887,29360.0
2026-07-04,42500,2028-12-07,call,regular,100,0.2531,887,28965.0
2026-07-04,50000,2028-12-07,call,regular,400,0.2691,887,23375.0
2026-07-04,53000,2028-12-07,call,regular,50,0.2698,887,21300.0
2026-07-04,55000,2028-12-07,call,regular,50,0.2694,887,19970.0
2026-07-04,56000,2028-12-07,call,regular,650,0.2692,887,19330.0
2026-07-04,60000,2028-12-07,call,regular,250,0.2672,887,16870.0
2026-07-04,67500,2028-12-07,call,regular,100,0.2623,887,12835.0
2026-07-04,75000,2028-12-07,call,regular,80,0.2577,887,9565.0
2026-07-04,80000,2028-12-07,call,regular,200,0.2542,887,7755.0
2026-07-04,50000,2029-12-13,call,regular,100,0.2674,1258,24930.0
2026-07-04,60000,2029-12-13,call,regular,375,0.2644,1258,18840.0
2026-07-04,57000,2030-12-12,call,regular,300,0.2452,1622,21300.0
2026-07-04,64000,2030-12-12,call,regular,3,0.2439,1622,17625.0
2026-07-04,64750,2026-07-08,put,mini,295,0.6349,4,295.0
2026-07-04,71250,2026-07-08,put,mini,2905,0.7029,4,2905.0
2026-07-04,52875,2026-07-10,put,mini,202,0.9164,6,22.0
2026-07-04,53000,2026-07-10,put,mini,294,0.875,6,16.0
2026-07-04,53125,2026-07-10,put,mini,1,0.9075,6,23.0
2026-07-04,53250,2026-07-10,put,mini,4,0.9006,6,23.0
2026-07-04,53375,2026-07-10,put,mini,4,0.8984,6,24.0
2026-07-04,53500,2026-07-10,put,mini,15,0.8914,6,24.0
2026-07-04,53625,2026-07-10,put,mini,2,0.8891,6,25.0
2026-07-04,53750,2026-07-10,put,mini,8,0.8821,6,25.0
2026-07-04,53875,2026-07-10,put,mini,3,0.8796,6,26.0
2026-07-04,54000,2026-07-10,put,mini,437,0.8726,6,26.0
2026-07-04,54125,2026-07-10,put,mini,1,0.8699,6,27.0
2026-07-04,54250,2026-07-10,put,mini,13,0.8629,6,27.0
2026-07-04,54375,2026-07-10,put,mini,3,0.86,6,28.0
2026-07-04,54500,2026-07-10,put,mini,45,0.853,6,28.0
2026-07-04,54625,2026-07-10,put,mini,3,0.8499,6,29.0
2026-07-04,54750,2026-07-10,put,mini,59,0.8429,6,29.0
2026-07-04,54875,2026-07-10,put,mini,1,0.8398,6,30.0
2026-07-04,55000,2026-07-10,put,mini,173,0.8128,6,25.0
2026-07-04,55125,2026-07-10,put,mini,2,0.8257,6,30.0
2026-07-04,55250,2026-07-10,put,mini,13,0.8224,6,31.0
2026-07-04,55375,2026-07-10,put,mini,31,0.8154,6,31.0
2026-07-04,55500,2026-07-10,put,mini,22,0.8119,6,32.0
2026-07-04,55625,2026-07-10,put,mini,2,0.8083,6,33.0
2026-07-04,55750,2026-07-10,put,mini,1,0.8013,6,33.0
2026-07-04,55875,2026-07-10,put,mini,6,0.8041,6,36.0
2026-07-04,56000,2026-07-10,put,mini,171,0.8001,6,37.0
2026-07-04,56125,2026-07-10,put,mini,3,0.7899,6,36.0
2026-07-04,56250,2026-07-10,put,mini,15,0.789,6,38.0
2026-07-04,56375,2026-07-10,put,mini,2,0.7848,6,39.0
2026-07-04,56500,2026-07-10,put,mini,32,0.7835,6,41.0
2026-07-04,56625,2026-07-10,put,mini,40,0.7735,6,40.0
2026-07-04,56750,2026-07-10,put,mini,692,0.7692,6,41.0
2026-07-04,56875,2026-07-10,put,mini,3,0.7621,6,41.0
2026-07-04,57000,2026-07-10,put,mini,257,0.7577,6,42.0
2026-07-04,57125,2026-07-10,put,mini,5,0.7558,6,44.0
2026-07-04,57250,2026-07-10,put,mini,24,0.7512,6,45.0
2026-07-04,57375,2026-07-10,put,mini,2,0.7676,6,55.0
2026-07-04,57500,2026-07-10,put,mini,80,0.749,6,50.0
2026-07-04,57625,2026-07-10,put,mini,9,0.7417,6,50.0
2026-07-04,57750,2026-07-10,put,mini,4,0.7345,6,50.0
2026-07-04,57875,2026-07-10,put,mini,10,0.7273,6,50.0
2026-07-04,58000,2026-07-10,put,mini,318,0.7178,6,49.0
2026-07-04,58125,2026-07-10,put,mini,7,0.7216,6,54.0
2026-07-04,58250,2026-07-10,put,mini,2,0.7186,6,56.0
2026-07-04,58375,2026-07-10,put,mini,7,0.7174,6,59.0
2026-07-04,58500,2026-07-10,put,mini,75,0.7081,6,58.0
2026-07-04,58625,2026-07-10,put,mini,6,0.7123,6,64.0
2026-07-04,58750,2026-07-10,put,mini,20,0.7068,6,65.0
2026-07-04,58875,2026-07-10,put,mini,11,0.7012,6,66.0
2026-07-04,59000,2026-07-10,put,mini,296,0.6991,6,69.0
2026-07-04,59125,2026-07-10,put,mini,22,0.6951,6,71.0
2026-07-04,59250,2026-07-10,put,mini,29,0.6942,6,75.0
2026-07-04,59375,2026-07-10,put,mini,9,0.6899,6,77.0
2026-07-04,59500,2026-07-10,put,mini,161,0.6902,6,82.0
2026-07-04,59625,2026-07-10,put,mini,1,0.6841,6,83.0
2026-07-04,59750,2026-07-10,put,mini,44,0.6765,6,83.0
2026-07-04,59875,2026-07-10,put,mini,10,0.6747,6,87.0
2026-07-04,60000,2026-07-10,put,mini,683,0.6768,6,94.0
2026-07-04,60125,2026-07-10,put,mini,10,0.6771,6,100.0
2026-07-04,60250,2026-07-10,put,mini,6,0.6794,6,108.0
2026-07-04,60375,2026-07-10,put,mini,11,0.674,6,110.0
2026-07-04,60500,2026-07-10,put,mini,60,0.6537,6,100.0
2026-07-04,60625,2026-07-10,put,mini,2,0.6582,6,110.0
2026-07-04,60750,2026-07-10,put,mini,18,0.6551,6,114.0
2026-07-04,60875,2026-07-10,put,mini,6,0.6517,6,118.0
2026-07-04,61000,2026-07-10,put,mini,366,0.6547,6,128.0
2026-07-04,61125,2026-07-10,put,mini,8,0.6456,6,127.0
2026-07-04,61250,2026-07-10,put,mini,14,0.6428,6,132.0
2026-07-04,61375,2026-07-10,put,mini,8,0.6498,6,147.0
2026-07-04,61500,2026-07-10,put,mini,227,0.6396,6,145.0
2026-07-04,61625,2026-07-10,put,mini,10,0.6455,6,160.0
2026-07-04,61750,2026-07-10,put,mini,32,0.6434,6,167.0
2026-07-04,61875,2026-07-10,put,mini,20,0.6403,6,173.0
2026-07-04,62000,2026-07-10,put,mini,417,0.6293,6,170.0
2026-07-04,62125,2026-07-10,put,mini,10,0.6359,6,188.0
2026-07-04,62250,2026-07-10,put,mini,43,0.6338,6,196.0
2026-07-04,62375,2026-07-10,put,mini,12,0.6314,6,204.0
2026-07-04,62500,2026-07-10,put,mini,81,0.6295,6,213.0
2026-07-04,62625,2026-07-10,put,mini,13,0.6185,6,210.0
2026-07-04,62750,2026-07-10,put,mini,40,0.6164,6,219.0
2026-07-04,62875,2026-07-10,put,mini,21,0.6147,6,229.0
2026-07-04,63000,2026-07-10,put,mini,415,0.6093,6,234.0
2026-07-04,63125,2026-07-10,put,mini,4,0.6099,6,248.0
2026-07-04,63250,2026-07-10,put,mini,24,0.6081,6,259.0
2026-07-04,63375,2026-07-10,put,mini,10,0.606,6,270.0
2026-07-04,63500,2026-07-10,put,mini,102,0.5944,6,266.0
2026-07-04,63625,2026-07-10,put,mini,12,0.5975,6,286.0
2026-07-04,63750,2026-07-10,put,mini,33,0.6024,6,310.0
2026-07-04,63875,2026-07-10,put,mini,15,0.5958,6,315.0
2026-07-04,64000,2026-07-10,put,mini,489,0.5975,6,335.0
2026-07-04,64125,2026-07-10,put,mini,9,0.5934,6,345.0
2026-07-04,64250,2026-07-10,put,mini,60,0.5917,6,360.0
2026-07-04,64375,2026-07-10,put,mini,14,0.5897,6,375.0
2026-07-04,64500,2026-07-10,put,mini,208,0.5899,6,395.0
2026-07-04,64625,2026-07-10,put,mini,16,0.5874,6,410.0
2026-07-04,64750,2026-07-10,put,mini,295,0.5845,6,425.0
2026-07-04,64875,2026-07-10,put,mini,23,0.5838,6,445.0
2026-07-04,65000,2026-07-10,put,mini,584,0.5712,6,440.0
2026-07-04,65125,2026-07-10,put,mini,27,0.5813,6,485.0
2026-07-04,65250,2026-07-10,put,mini,19,0.5774,6,500.0
2026-07-04,65375,2026-07-10,put,mini,29,0.5775,6,525.0
2026-07-04,65500,2026-07-10,put,mini,97,0.5856,6,570.0
2026-07-04,65625,2026-07-10,put,mini,5,0.5767,6,575.0
2026-07-04,65750,2026-07-10,put,mini,697,0.5737,6,595.0
2026-07-04,65875,2026-07-10,put,mini,9,0.5725,6,620.0
2026-07-04,66000,2026-07-10,put,mini,394,0.5728,6,650.0
2026-07-04,66125,2026-07-10,put,mini,6,0.5709,6,675.0
2026-07-04,66250,2026-07-10,put,mini,188,0.5669,6,695.0
2026-07-04,66375,2026-07-10,put,mini,8,0.568,6,730.0
2026-07-04,66500,2026-07-10,put,mini,370,0.5758,6,785.0
2026-07-04,66625,2026-07-10,put,mini,4,0.5673,6,795.0
2026-07-04,66750,2026-07-10,put,mini,218,0.5638,6,820.0
2026-07-04,66875,2026-07-10,put,mini,29,0.5669,6,865.0
2026-07-04,67000,2026-07-10,put,mini,542,0.5578,6,875.0
2026-07-04,67125,2026-07-10,put,mini,44,0.5651,6,935.0
2026-07-04,67250,2026-07-10,put,mini,96,0.5653,6,975.0
2026-07-04,67375,2026-07-10,put,mini,72,0.5619,6,1005.0
2026-07-04,67500,2026-07-10,put,mini,199,0.5471,6,1000.0
2026-07-04,67625,2026-07-10,put,mini,2,0.5621,6,1090.0
2026-07-04,67750,2026-07-10,put,mini,69,0.5624,6,1135.0
2026-07-04,67875,2026-07-10,put,mini,24,0.5608,6,1175.0
2026-07-04,68000,2026-07-10,put,mini,385,0.5544,6,1200.0
2026-07-04,68125,2026-07-10,put,mini,21,0.5657,6,1285.0
2026-07-04,68250,2026-07-10,put,mini,54,0.566,6,1335.0
2026-07-04,68375,2026-07-10,put,mini,2,0.563,6,1375.0
2026-07-04,68500,2026-07-10,put,mini,236,0.5773,6,1475.0
2026-07-04,68625,2026-07-10,put,mini,3,0.5692,6,1500.0
2026-07-04,68750,2026-07-10,put,mini,45,0.5667,6,1545.0
2026-07-04,68875,2026-07-10,put,mini,1,0.5624,6,1585.0
2026-07-04,69000,2026-07-10,put,mini,297,0.5592,6,1630.0
2026-07-04,69125,2026-07-10,put,mini,1,0.5684,6,1720.0
2026-07-04,69250,2026-07-10,put,mini,110,0.5674,6,1775.0
2026-07-04,69375,2026-07-10,put,mini,25,0.5716,6,1850.0
2026-07-04,69500,2026-07-10,put,mini,628,0.5769,6,1930.0
2026-07-04,69625,2026-07-10,put,mini,20,0.5762,6,1990.0
2026-07-04,69750,2026-07-10,put,mini,87,0.5794,6,2065.0
2026-07-04,69875,2026-07-10,put,mini,59,0.5934,6,2180.0
2026-07-04,70000,2026-07-10,put,mini,443,0.5721,6,2170.0
2026-07-04,70125,2026-07-10,put,mini,1,0.5981,6,2330.0
2026-07-04,70250,2026-07-10,put,mini,71,0.5901,6,2370.0
2026-07-04,70375,2026-07-10,put,mini,2450,0.593,6,2450.0
2026-07-04,70500,2026-07-10,put,mini,96,0.6083,6,2575.0
2026-07-04,70625,2026-07-10,put,mini,3,0.5993,6,2615.0
2026-07-04,70750,2026-07-10,put,mini,73,0.6084,6,2720.0
2026-07-04,70875,2026-07-10,put,mini,4,0.6073,6,2790.0
2026-07-04,71000,2026-07-10,put,mini,152,0.6186,6,2905.0
2026-07-04,71125,2026-07-10,put,mini,14,0.6141,6,2965.0
2026-07-04,71250,2026-07-10,put,mini,161,0.6221,6,3070.0
2026-07-04,71375,2026-07-10,put,mini,80,0.6241,6,3155.0
2026-07-04,71500,2026-07-10,put,mini,54,0.6345,6,3270.0
2026-07-04,71625,2026-07-10,put,mini,10,0.6317,6,3340.0
2026-07-04,71750,2026-07-10,put,mini,14,0.6402,6,3450.0
2026-07-04,71875,2026-07-10,put,mini,1,0.6441,6,3545.0
2026-07-04,72000,2026-07-10,put,mini,188,0.6537,6,3660.0
2026-07-04,72125,2026-07-10,put,mini,3745,0.6542,6,3745.0
2026-07-04,72250,2026-07-10,put,mini,14,0.6605,6,3850.0
2026-07-04,72375,2026-07-10,put,mini,13,0.6635,6,3945.0
2026-07-04,72500,2026-07-10,put,mini,37,0.68,6,4085.0
2026-07-04,72625,2026-07-10,put,mini,4160,0.6766,6,4160.0
2026-07-04,72750,2026-07-10,put,mini,2,0.682,6,4265.0
2026-07-04,72875,2026-07-10,put,mini,4370,0.6873,6,4370.0
2026-07-04,73000,2026-07-10,put,mini,29,0.6909,6,4470.0
2026-07-04,73125,2026-07-10,put,mini,4590,0.7006,6,4590.0
2026-07-04,73250,2026-07-10,put,mini,2,0.7133,6,4720.0
2026-07-04,73500,2026-07-10,put,mini,8,0.7161,6,4910.0
2026-07-04,74000,2026-07-10,put,mini,41,0.7156,6,5280.0
2026-07-04,74250,2026-07-10,put,mini,5600,0.7595,6,5600.0
2026-07-04,74500,2026-07-10,put,mini,1,0.7731,6,5830.0
2026-07-04,75000,2026-07-10,put,mini,5,0.8024,6,6300.0
2026-07-04,75375,2026-07-10,put,mini,4,0.8279,6,6665.0
2026-07-04,71250,2026-07-15,put,mini,2,0.5186,11,3345.0
2026-07-04,72000,2026-07-15,put,mini,3895,0.535,11,3895.0
2026-07-04,72500,2026-07-15,put,mini,2,0.5467,11,4280.0
2026-07-04,61000,2026-07-17,put,mini,59,0.5334,13,278.0
2026-07-04,61250,2026-07-17,put,mini,9,0.5292,13,295.0
2026-07-04,61500,2026-07-17,put,mini,1,0.5259,13,315.0
2026-07-04,61750,2026-07-17,put,mini,3,0.5221,13,335.0
2026-07-04,62000,2026-07-17,put,mini,2,0.5199,13,360.0
2026-07-04,62750,2026-07-17,put,mini,1,0.5133,13,445.0
2026-07-04,63000,2026-07-17,put,mini,3,0.5122,13,480.0
2026-07-04,63500,2026-07-17,put,mini,1,0.5062,13,545.0
2026-07-04,63750,2026-07-17,put,mini,3,0.5047,13,585.0
2026-07-04,64000,2026-07-17,put,mini,6,0.5024,13,625.0
2026-07-04,64500,2026-07-17,put,mini,2,0.4974,13,710.0
2026-07-04,64750,2026-07-17,put,mini,1,0.4919,13,745.0
2026-07-04,65000,2026-07-17,put,mini,13,0.5004,13,835.0
2026-07-04,65500,2026-07-17,put,mini,2,0.485,13,900.0
2026-07-04,66000,2026-07-17,put,mini,2,0.4822,13,1025.0
2026-07-04,66500,2026-07-17,put,mini,4,0.491,13,1215.0
2026-07-04,66750,2026-07-17,put,mini,1290,0.4896,13,1290.0
2026-07-04,67000,2026-07-17,put,mini,9,0.4875,13,1365.0
2026-07-04,67500,2026-07-17,put,mini,1,0.4862,13,1540.0
2026-07-04,68000,2026-07-17,put,mini,4,0.484,13,1725.0
2026-07-04,68125,2026-07-17,put,mini,10,0.4847,13,1780.0
2026-07-04,69250,2026-07-17,put,mini,8,0.4824,13,2275.0
2026-07-04,69500,2026-07-17,put,mini,30,0.4837,13,2405.0
2026-07-04,70000,2026-07-17,put,mini,2685,0.4877,13,2685.0
2026-07-04,70750,2026-07-17,put,mini,20,0.495,13,3140.0
2026-07-04,71500,2026-07-17,put,mini,2,0.5048,13,3640.0
2026-07-04,71750,2026-07-17,put,mini,8,0.5035,13,3790.0
2026-07-04,72500,2026-07-17,put,mini,2,0.5175,13,4350.0
2026-07-04,72500,2026-07-22,put,mini,2,0.4773,18,4565.0
2026-07-04,69250,2026-07-24,put,mini,12,0.4462,20,2640.0
2026-07-04,69500,2026-07-24,put,mini,30,0.4454,20,2760.0
2026-07-04,70750,2026-07-24,put,mini,20,0.447,20,3445.0
2026-07-04,72500,2026-07-24,put,mini,3,0.4668,20,4650.0
2026-07-04,70750,2026-07-31,put,mini,30,0.4345,27,3815.0
2026-07-04,56750,2026-08-14,put,mini,84,0.4914,41,515.0
2026-07-04,56875,2026-08-14,put,mini,2,0.4913,41,530.0
2026-07-04,57000,2026-08-14,put,mini,86,0.4886,41,535.0
2026-07-04,57125,2026-08-14,put,mini,545,0.4872,41,545.0
2026-07-04,57250,2026-08-14,put,mini,11,0.4845,41,550.0
2026-07-04,57375,2026-08-14,put,mini,565,0.4842,41,565.0
2026-07-04,57500,2026-08-14,put,mini,9,0.4839,41,580.0
2026-07-04,57750,2026-08-14,put,mini,2,0.4806,41,600.0
2026-07-04,57875,2026-08-14,put,mini,3,0.4801,41,615.0
2026-07-04,58000,2026-08-14,put,mini,46,0.4784,41,625.0
2026-07-04,58250,2026-08-14,put,mini,3,0.4759,41,650.0
2026-07-04,58375,2026-08-14,put,mini,1,0.4718,41,650.0
2026-07-04,58500,2026-08-14,put,mini,5,0.4733,41,675.0
2026-07-04,58750,2026-08-14,put,mini,700,0.4704,41,700.0
2026-07-04,58875,2026-08-14,put,mini,1,0.4695,41,715.0
2026-07-04,59000,2026-08-14,put,mini,34,0.4684,41,730.0
2026-07-04,59250,2026-08-14,put,mini,1,0.4662,41,760.0
2026-07-04,59375,2026-08-14,put,mini,1,0.4641,41,770.0
2026-07-04,59500,2026-08-14,put,mini,40,0.4638,41,790.0
2026-07-04,59750,2026-08-14,put,mini,3,0.4612,41,820.0
2026-07-04,59875,2026-08-14,put,mini,2,0.4617,41,845.0
2026-07-04,60000,2026-08-14,put,mini,339,0.4593,41,855.0
2026-07-04,60125,2026-08-14,put,mini,875,0.4588,41,875.0
2026-07-04,60250,2026-08-14,put,mini,22,0.4563,41,885.0
2026-07-04,60500,2026-08-14,put,mini,20,0.454,41,920.0
2026-07-04,60625,2026-08-14,put,mini,1,0.455,41,950.0
2026-07-04,60750,2026-08-14,put,mini,2,0.4524,41,960.0
2026-07-04,60875,2026-08-14,put,mini,1,0.4523,41,985.0
2026-07-04,61000,2026-08-14,put,mini,58,0.4513,41,1005.0
2026-07-04,61125,2026-08-14,put,mini,1020,0.4495,41,1020.0
2026-07-04,61250,2026-08-14,put,mini,2,0.4492,41,1045.0
2026-07-04,61375,2026-08-14,put,mini,10,0.4472,41,1060.0
2026-07-04,61500,2026-08-14,put,mini,57,0.4469,41,1085.0
2026-07-04,61625,2026-08-14,put,mini,1105,0.4456,41,1105.0
2026-07-04,61750,2026-08-14,put,mini,61,0.4451,41,1130.0
2026-07-04,61875,2026-08-14,put,mini,1,0.4437,41,1150.0
2026-07-04,62000,2026-08-14,put,mini,736,0.4431,41,1175.0
2026-07-04,62125,2026-08-14,put,mini,1195,0.4416,41,1195.0
2026-07-04,62250,2026-08-14,put,mini,537,0.4416,41,1225.0
2026-07-04,62375,2026-08-14,put,mini,504,0.44,41,1245.0
2026-07-04,62500,2026-08-14,put,mini,20,0.4399,41,1275.0
2026-07-04,62625,2026-08-14,put,mini,1295,0.4382,41,1295.0
2026-07-04,62750,2026-08-14,put,mini,2,0.4379,41,1325.0
2026-07-04,63000,2026-08-14,put,mini,41,0.4349,41,1370.0
2026-07-04,63125,2026-08-14,put,mini,1,0.4345,41,1400.0
2026-07-04,63250,2026-08-14,put,mini,8,0.4332,41,1425.0
2026-07-04,63375,2026-08-14,put,mini,10,0.4333,41,1460.0
2026-07-04,63500,2026-08-14,put,mini,5,0.4326,41,1490.0
2026-07-04,63625,2026-08-14,put,mini,1515,0.4312,41,1515.0
2026-07-04,63750,2026-08-14,put,mini,6,0.4297,41,1540.0
2026-07-04,63875,2026-08-14,put,mini,1575,0.4295,41,1575.0
2026-07-04,64000,2026-08-14,put,mini,47,0.4286,41,1605.0
2026-07-04,64125,2026-08-14,put,mini,1,0.4283,41,1640.0
2026-07-04,64250,2026-08-14,put,mini,91,0.4272,41,1670.0
2026-07-04,64375,2026-08-14,put,mini,1705,0.4268,41,1705.0
2026-07-04,64500,2026-08-14,put,mini,10,0.4204,41,1695.0
2026-07-04,64625,2026-08-14,put,mini,1770,0.425,41,1770.0
2026-07-04,64750,2026-08-14,put,mini,477,0.425,41,1810.0
2026-07-04,64875,2026-08-14,put,mini,2,0.4236,41,1840.0
2026-07-04,65000,2026-08-14,put,mini,96,0.4234,41,1880.0
2026-07-04,65250,2026-08-14,put,mini,1955,0.4223,41,1955.0
2026-07-04,65500,2026-08-14,put,mini,12,0.4208,41,2030.0
2026-07-04,65625,2026-08-14,put,mini,2060,0.4191,41,2060.0
2026-07-04,65750,2026-08-14,put,mini,1,0.4191,41,2105.0
2026-07-04,65875,2026-08-14,put,mini,1,0.4178,41,2140.0
2026-07-04,66000,2026-08-14,put,mini,43,0.4177,41,2185.0
2026-07-04,66125,2026-08-14,put,mini,2225,0.4169,41,2225.0
2026-07-04,66250,2026-08-14,put,mini,19,0.4173,41,2275.0
2026-07-04,66375,2026-08-14,put,mini,2315,0.4163,41,2315.0
2026-07-04,66500,2026-08-14,put,mini,273,0.4159,41,2360.0
2026-07-04,66625,2026-08-14,put,mini,2395,0.4143,41,2395.0
2026-07-04,66750,2026-08-14,put,mini,238,0.4149,41,2450.0
2026-07-04,66875,2026-08-14,put,mini,2495,0.4143,41,2495.0
2026-07-04,67000,2026-08-14,put,mini,295,0.4136,41,2540.0
2026-07-04,67125,2026-08-14,put,mini,2590,0.4134,41,2590.0
2026-07-04,67250,2026-08-14,put,mini,76,0.4126,41,2635.0
2026-07-04,67375,2026-08-14,put,mini,2685,0.4123,41,2685.0
2026-07-04,67500,2026-08-14,put,mini,14,0.4063,41,2685.0
2026-07-04,67625,2026-08-14,put,mini,9,0.4114,41,2785.0
2026-07-04,67750,2026-08-14,put,mini,4,0.4115,41,2840.0
2026-07-04,67875,2026-08-14,put,mini,2890,0.4108,41,2890.0
2026-07-04,68000,2026-08-14,put,mini,39,0.4118,41,2955.0
2026-07-04,68125,2026-08-14,put,mini,2995,0.41,41,2995.0
2026-07-04,68250,2026-08-14,put,mini,9,0.4108,41,3060.0
2026-07-04,68375,2026-08-14,put,mini,3105,0.4094,41,3105.0
2026-07-04,68500,2026-08-14,put,mini,8,0.4095,41,3165.0
2026-07-04,68625,2026-08-14,put,mini,3225,0.4096,41,3225.0
2026-07-04,68750,2026-08-14,put,mini,1,0.4096,41,3285.0
2026-07-04,68875,2026-08-14,put,mini,3335,0.4084,41,3335.0
2026-07-04,69000,2026-08-14,put,mini,46,0.4083,41,3395.0
2026-07-04,69125,2026-08-14,put,mini,3465,0.4092,41,3465.0
2026-07-04,69250,2026-08-14,put,mini,146,0.4083,41,3520.0
2026-07-04,69375,2026-08-14,put,mini,3585,0.4085,41,3585.0
2026-07-04,69500,2026-08-14,put,mini,188,0.4081,41,3645.0
2026-07-04,69625,2026-08-14,put,mini,3715,0.4087,41,3715.0
2026-07-04,69750,2026-08-14,put,mini,78,0.4081,41,3775.0
2026-07-04,70000,2026-08-14,put,mini,56,0.4089,41,3915.0
2026-07-04,70125,2026-08-14,put,mini,3980,0.4087,41,3980.0
2026-07-04,70250,2026-08-14,put,mini,11,0.4073,41,4035.0
2026-07-04,70500,2026-08-14,put,mini,59,0.4092,41,4190.0
2026-07-04,70750,2026-08-14,put,mini,77,0.4081,41,4320.0
2026-07-04,70875,2026-08-14,put,mini,4400,0.409,41,4400.0
2026-07-04,71000,2026-08-14,put,mini,655,0.4083,41,4465.0
2026-07-04,71250,2026-08-14,put,mini,542,0.4083,41,4610.0
2026-07-04,71375,2026-08-14,put,mini,501,0.4095,41,4695.0
2026-07-04,71500,2026-08-14,put,mini,15,0.4096,41,4770.0
2026-07-04,71750,2026-08-14,put,mini,2,0.4101,41,4925.0
2026-07-04,72000,2026-08-14,put,mini,20,0.4142,41,5115.0
2026-07-04,72125,2026-08-14,put,mini,5170,0.4118,41,5170.0
2026-07-04,72250,2026-08-14,put,mini,3,0.4109,41,5240.0
2026-07-04,72500,2026-08-14,put,mini,31,0.4118,41,5405.0
2026-07-04,72750,2026-08-14,put,mini,2,0.4129,41,5575.0
2026-07-04,73000,2026-08-14,put,mini,1,0.4133,41,5740.0
2026-07-04,73250,2026-08-14,put,mini,5920,0.415,41,5920.0
2026-07-04,74000,2026-08-14,put,mini,1,0.419,41,6460.0
2026-07-04,74250,2026-08-14,put,mini,6645,0.4204,41,6645.0
2026-07-04,61250,2026-09-11,put,mini,23,0.4124,69,1580.0
2026-07-04,61500,2026-09-11,put,mini,17,0.4106,69,1630.0
2026-07-04,61625,2026-09-11,put,mini,1,0.4096,69,1655.0
2026-07-04,61750,2026-09-11,put,mini,1,0.4092,69,1685.0
2026-07-04,62000,2026-09-11,put,mini,9,0.407,69,1735.0
2026-07-04,63000,2026-09-11,put,mini,17,0.4014,69,1975.0
2026-07-04,63750,2026-09-11,put,mini,5,0.397,69,2170.0
2026-07-04,64000,2026-09-11,put,mini,4,0.3957,69,2240.0
2026-07-04,64250,2026-09-11,put,mini,3,0.3947,69,2315.0
2026-07-04,64500,2026-09-11,put,mini,7,0.3935,69,2390.0
2026-07-04,65000,2026-09-11,put,mini,10,0.3907,69,2540.0
2026-07-04,66000,2026-09-11,put,mini,8,0.3863,69,2875.0
2026-07-04,66750,2026-09-11,put,mini,1,0.3837,69,3155.0
2026-07-04,67000,2026-09-11,put,mini,1,0.383,69,3255.0
2026-07-04,67250,2026-09-11,put,mini,2,0.3822,69,3355.0
2026-07-04,67500,2026-09-11,put,mini,6,0.3812,69,3455.0
2026-07-04,67750,2026-09-11,put,mini,1,0.3805,69,3560.0
2026-07-04,68000,2026-09-11,put,mini,3665,0.3796,69,3665.0
2026-07-04,68500,2026-09-11,put,mini,3895,0.3789,69,3895.0
2026-07-04,69000,2026-09-11,put,mini,20,0.3787,69,4140.0
2026-07-04,69250,2026-09-11,put,mini,3,0.3786,69,4265.0
2026-07-04,70000,2026-09-11,put,mini,1,0.3774,69,4645.0
2026-07-04,71000,2026-09-11,put,mini,5205,0.3779,69,5205.0
2026-07-04,71250,2026-09-11,put,mini,3,0.3768,69,5335.0
2026-07-04,71500,2026-09-11,put,mini,3,0.3771,69,5485.0
2026-07-04,71750,2026-09-11,put,mini,12,0.3768,69,5630.0
2026-07-04,72000,2026-09-11,put,mini,2,0.3776,69,5790.0
2026-07-04,72250,2026-09-11,call,mini,5940,0.5766,69,5940.0
2026-07-04,72375,2026-09-11,call,mini,6020,0.5873,69,6020.0
2026-07-04,72500,2026-09-11,call,mini,1,0.598,69,6100.0
2026-07-04,73000,2026-09-11,call,mini,6425,0.6409,69,6425.0
2026-07-04,73500,2026-09-11,call,mini,16,0.6834,69,6750.0
2026-07-04,74000,2026-09-11,call,mini,11,0.7276,69,7100.0
2026-07-04,74250,2026-09-11,call,mini,1,0.7492,69,7270.0
2026-07-04,75000,2026-09-11,call,mini,30,0.8164,69,7815.0
2026-07-04,64750,2026-07-08,call,mini,4300,0.2,4,4300.0
2026-07-04,71250,2026-07-08,call,mini,10,0.332,4,405.0
2026-07-04,75000,2026-07-08,call,mini,68,0.4232,4,68.0
2026-07-04,53000,2026-07-10,call,mini,53,0.2,6,15805.0
2026-07-04,54500,2026-07-10,call,mini,23,0.2,6,14320.0
2026-07-04,55000,2026-07-10,call,mini,13815,0.2,6,13815.0
2026-07-04,56000,2026-07-10,call,mini,12825,0.2,6,12825.0
2026-07-04,56250,2026-07-10,call,mini,12580,0.2,6,12580.0
2026-07-04,56500,2026-07-10,call,mini,15,0.2,6,12330.0
2026-07-04,56750,2026-07-10,call,mini,679,0.2,6,12080.0
2026-07-04,57000,2026-07-10,call,mini,11830,0.2,6,11830.0
2026-07-04,57375,2026-07-10,call,mini,11470,0.2,6,11470.0
2026-07-04,57750,2026-07-10,call,mini,1,0.2,6,11095.0
2026-07-04,58000,2026-07-10,call,mini,3,0.2,6,10840.0
2026-07-04,58250,2026-07-10,call,mini,1,0.2,6,10595.0
2026-07-04,58500,2026-07-10,call,mini,10350,0.2,6,10350.0
2026-07-04,58750,2026-07-10,call,mini,10105,0.2,6,10105.0
2026-07-04,59000,2026-07-10,call,mini,12,0.2,6,9860.0
2026-07-04,59125,2026-07-10,call,mini,9735,0.2,6,9735.0
2026-07-04,59250,2026-07-10,call,mini,9615,0.2,6,9615.0
2026-07-04,59500,2026-07-10,call,mini,67,0.2,6,9375.0
2026-07-04,59750,2026-07-10,call,mini,10,0.2,6,9125.0
2026-07-04,59875,2026-07-10,call,mini,9005,0.2,6,9005.0
2026-07-04,60000,2026-07-10,call,mini,392,0.2,6,8885.0
2026-07-04,60125,2026-07-10,call,mini,1,0.2,6,8760.0
2026-07-04,60250,2026-07-10,call,mini,35,0.2,6,8650.0
2026-07-04,60375,2026-07-10,call,mini,8525,0.2,6,8525.0
2026-07-04,60500,2026-07-10,call,mini,1,0.2,6,8390.0
2026-07-04,60625,2026-07-10,call,mini,8275,0.2,6,8275.0
2026-07-04,60750,2026-07-10,call,mini,1,0.2,6,8155.0
2026-07-04,60875,2026-07-10,call,mini,8035,0.2,6,8035.0
2026-07-04,61000,2026-07-10,call,mini,64,0.2,6,7920.0
2026-07-04,61125,2026-07-10,call,mini,7795,0.2,6,7795.0
2026-07-04,61250,2026-07-10,call,mini,7675,0.2,6,7675.0
2026-07-04,61375,2026-07-10,call,mini,7565,0.2,6,7565.0
2026-07-04,61500,2026-07-10,call,mini,7,0.2,6,7435.0
2026-07-04,61625,2026-07-10,call,mini,1,0.2,6,7325.0
2026-07-04,61750,2026-07-10,call,mini,82,0.2,6,7210.0
2026-07-04,62000,2026-07-10,call,mini,137,0.2,6,6960.0
2026-07-04,62125,2026-07-10,call,mini,1,0.2,6,6855.0
2026-07-04,62250,2026-07-10,call,mini,28,0.2,6,6735.0
2026-07-04,62375,2026-07-10,call,mini,6620,0.2,6,6620.0
2026-07-04,62500,2026-07-10,call,mini,14,0.2,6,6505.0
2026-07-04,62625,2026-07-10,call,mini,4,0.2,6,6375.0
2026-07-04,62750,2026-07-10,call,mini,14,0.2,6,6260.0
2026-07-04,63000,2026-07-10,call,mini,55,0.2,6,6025.0
2026-07-04,63125,2026-07-10,call,mini,1,0.2,6,5915.0
2026-07-04,63250,2026-07-10,call,mini,6,0.2,6,5800.0
2026-07-04,63500,2026-07-10,call,mini,52,0.2,6,5555.0
2026-07-04,63625,2026-07-10,call,mini,5450,0.2,6,5450.0
2026-07-04,63750,2026-07-10,call,mini,1,0.2,6,5350.0
2026-07-04,64000,2026-07-10,call,mini,64,0.2,6,5125.0
2026-07-04,64250,2026-07-10,call,mini,60,0.2,6,4900.0
2026-07-04,64375,2026-07-10,call,mini,4790,0.2,6,4790.0
2026-07-04,64500,2026-07-10,call,mini,41,0.2,6,4685.0
2026-07-04,64625,2026-07-10,call,mini,4575,0.2,6,4575.0
2026-07-04,64750,2026-07-10,call,mini,241,0.2,6,4465.0
2026-07-04,64875,2026-07-10,call,mini,4360,0.2,6,4360.0
2026-07-04,65000,2026-07-10,call,mini,84,0.2,6,4230.0
2026-07-04,65125,2026-07-10,call,mini,1,0.2,6,4150.0
2026-07-04,65250,2026-07-10,call,mini,6,0.2,6,4040.0
2026-07-04,65375,2026-07-10,call,mini,3940,0.2,6,3940.0
2026-07-04,65500,2026-07-10,call,mini,33,0.2,6,3860.0
2026-07-04,65625,2026-07-10,call,mini,3740,0.2,6,3740.0
2026-07-04,65750,2026-07-10,call,mini,669,0.2,6,3635.0
2026-07-04,65875,2026-07-10,call,mini,1,0.2,6,3535.0
2026-07-04,66000,2026-07-10,call,mini,104,0.2,6,3440.0
2026-07-04,66125,2026-07-10,call,mini,2,0.2,6,3340.0
2026-07-04,66250,2026-07-10,call,mini,33,0.2,6,3235.0
2026-07-04,66375,2026-07-10,call,mini,5,0.2,6,3145.0
2026-07-04,66500,2026-07-10,call,mini,211,0.2,6,3075.0
2026-07-04,66625,2026-07-10,call,mini,2960,0.2,6,2960.0
2026-07-04,66750,2026-07-10,call,mini,141,0.2,6,2860.0
2026-07-04,66875,2026-07-10,call,mini,2780,0.2,6,2780.0
2026-07-04,67000,2026-07-10,call,mini,267,0.2,6,2665.0
2026-07-04,67125,2026-07-10,call,mini,1,0.2,6,2600.0
2026-07-04,67250,2026-07-10,call,mini,31,0.1466,6,2515.0
2026-07-04,67375,2026-07-10,call,mini,2,0.177,6,2420.0
2026-07-04,67500,2026-07-10,call,mini,39,0.1649,6,2290.0
2026-07-04,67625,2026-07-10,call,mini,2255,0.217,6,2255.0
2026-07-04,67750,2026-07-10,call,mini,9,0.2299,6,2175.0
2026-07-04,67875,2026-07-10,call,mini,2090,0.2378,6,2090.0
2026-07-04,68000,2026-07-10,call,mini,156,0.2379,6,1990.0
2026-07-04,68125,2026-07-10,call,mini,3,0.2596,6,1950.0
2026-07-04,68250,2026-07-10,call,mini,5,0.266,6,1875.0
2026-07-04,68375,2026-07-10,call,mini,1790,0.2679,6,1790.0
2026-07-04,68500,2026-07-10,call,mini,74,0.2882,6,1765.0
2026-07-04,68625,2026-07-10,call,mini,2,0.2832,6,1665.0
2026-07-04,68750,2026-07-10,call,mini,20,0.2838,6,1585.0
2026-07-04,68875,2026-07-10,call,mini,1500,0.2823,6,1500.0
2026-07-04,69000,2026-07-10,call,mini,197,0.2919,6,1455.0
2026-07-04,69125,2026-07-10,call,mini,4,0.2932,6,1385.0
2026-07-04,69250,2026-07-10,call,mini,102,0.2939,6,1315.0
2026-07-04,69375,2026-07-10,call,mini,14,0.2995,6,1265.0
2026-07-04,69500,2026-07-10,call,mini,180,0.3059,6,1220.0
2026-07-04,69625,2026-07-10,call,mini,1155,0.3059,6,1155.0
2026-07-04,69750,2026-07-10,call,mini,77,0.3094,6,1105.0
2026-07-04,69875,2026-07-10,call,mini,5,0.3236,6,1095.0
2026-07-04,70000,2026-07-10,call,mini,462,0.3259,6,1045.0
2026-07-04,70125,2026-07-10,call,mini,1,0.3276,6,995.0
2026-07-04,70250,2026-07-10,call,mini,82,0.3189,6,910.0
2026-07-04,70375,2026-07-10,call,mini,5,0.3208,6,865.0
2026-07-04,70500,2026-07-10,call,mini,135,0.3351,6,865.0
2026-07-04,70625,2026-07-10,call,mini,780,0.3244,6,780.0
2026-07-04,70750,2026-07-10,call,mini,37,0.3321,6,760.0
2026-07-04,70875,2026-07-10,call,mini,1,0.3288,6,705.0
2026-07-04,71000,2026-07-10,call,mini,474,0.3386,6,695.0
2026-07-04,71125,2026-07-10,call,mini,10,0.3311,6,630.0
2026-07-04,71250,2026-07-10,call,mini,92,0.3369,6,610.0
2026-07-04,71375,2026-07-10,call,mini,94,0.336,6,570.0
2026-07-04,71500,2026-07-10,call,mini,85,0.3442,6,560.0
2026-07-04,71625,2026-07-10,call,mini,10,0.3373,6,505.0
2026-07-04,71750,2026-07-10,call,mini,29,0.3431,6,490.0
2026-07-04,71875,2026-07-10,call,mini,1,0.3434,6,460.0
2026-07-04,72000,2026-07-10,call,mini,445,0.3503,6,450.0
2026-07-04,72125,2026-07-10,call,mini,14,0.3461,6,410.0
2026-07-04,72250,2026-07-10,call,mini,74,0.3486,6,390.0
2026-07-04,72375,2026-07-10,call,mini,32,0.3468,6,360.0
2026-07-04,72500,2026-07-10,call,mini,248,0.3622,6,375.0
2026-07-04,72625,2026-07-10,call,mini,1,0.3516,6,325.0
2026-07-04,72750,2026-07-10,call,mini,102,0.3524,6,305.0
2026-07-04,72875,2026-07-10,call,mini,44,0.3522,6,284.0
2026-07-04,73000,2026-07-10,call,mini,392,0.3497,6,259.0
2026-07-04,73125,2026-07-10,call,mini,6,0.3555,6,253.0
2026-07-04,73250,2026-07-10,call,mini,42,0.3601,6,245.0
2026-07-04,73375,2026-07-10,call,mini,6,0.366,6,240.0
2026-07-04,73500,2026-07-10,call,mini,178,0.3537,6,200.0
2026-07-04,73625,2026-07-10,call,mini,1,0.368,6,212.0
2026-07-04,73750,2026-07-10,call,mini,44,0.3689,6,199.0
2026-07-04,73875,2026-07-10,call,mini,26,0.3602,6,170.0
2026-07-04,74000,2026-07-10,call,mini,369,0.3598,6,157.0
2026-07-04,74125,2026-07-10,call,mini,1,0.3628,6,150.0
2026-07-04,74250,2026-07-10,call,mini,41,0.3629,6,139.0
2026-07-04,74375,2026-07-10,call,mini,3,0.3646,6,131.0
2026-07-04,74500,2026-07-10,call,mini,100,0.3644,6,121.0
2026-07-04,74625,2026-07-10,call,mini,4,0.3669,6,115.0
2026-07-04,74750,2026-07-10,call,mini,23,0.3642,6,103.0
2026-07-04,74875,2026-07-10,call,mini,12,0.3701,6,102.0
2026-07-04,75000,2026-07-10,call,mini,695,0.3673,6,91.0
2026-07-04,75125,2026-07-10,call,mini,26,0.372,6,89.0
2026-07-04,75250,2026-07-10,call,mini,81,0.369,6,79.0
2026-07-04,75375,2026-07-10,call,mini,268,0.3743,6,78.0
2026-07-04,71250,2026-07-15,call,mini,2,0.3037,11,855.0
2026-07-04,72500,2026-07-15,call,mini,2,0.3121,11,540.0
2026-07-04,72875,2026-07-15,call,mini,465,0.3138,11,465.0
2026-07-04,75000,2026-07-15,call,mini,1,0.3245,11,191.0
2026-07-04,64750,2026-07-17,call,mini,4765,0.2,13,4765.0
2026-07-04,66500,2026-07-17,call,mini,4,0.2377,13,3485.0
2026-07-04,66750,2026-07-17,call,mini,3310,0.2487,13,3310.0
2026-07-04,68000,2026-07-17,call,mini,1,0.279,13,2495.0
2026-07-04,69250,2026-07-17,call,mini,8,0.2906,13,1790.0
2026-07-04,69375,2026-07-17,call,mini,3,0.291,13,1725.0
2026-07-04,69500,2026-07-17,call,mini,20,0.2929,13,1670.0
2026-07-04,70000,2026-07-17,call,mini,1,0.2977,13,1450.0
2026-07-04,70750,2026-07-17,call,mini,20,0.3027,13,1155.0
2026-07-04,71500,2026-07-17,call,mini,2,0.3063,13,905.0
2026-07-04,71750,2026-07-17,call,mini,8,0.3018,13,805.0
2026-07-04,72000,2026-07-17,call,mini,7,0.3023,13,735.0
2026-07-04,72250,2026-07-17,call,mini,6,0.304,13,675.0
2026-07-04,72500,2026-07-17,call,mini,2,0.3047,13,615.0
2026-07-04,73000,2026-07-17,call,mini,10,0.3065,13,510.0
2026-07-04,73500,2026-07-17,call,mini,1,0.3081,13,420.0
2026-07-04,74000,2026-07-17,call,mini,1,0.3085,13,340.0
2026-07-04,74250,2026-07-17,call,mini,10,0.3103,13,310.0
2026-07-04,74750,2026-07-17,call,mini,1,0.3123,13,253.0
2026-07-04,75000,2026-07-17,call,mini,1,0.3133,13,228.0
2026-07-04,75250,2026-07-17,call,mini,3,0.3145,13,206.0
2026-07-04,75375,2026-07-17,call,mini,13,0.3148,13,195.0
2026-07-04,72500,2026-07-22,call,mini,2,0.3037,18,850.0
2026-07-04,69250,2026-07-24,call,mini,12,0.2932,20,2175.0
2026-07-04,69500,2026-07-24,call,mini,30,0.294,20,2050.0
2026-07-04,70750,2026-07-24,call,mini,20,0.295,20,1485.0
2026-07-04,72500,2026-07-24,call,mini,3,0.3038,20,940.0
2026-07-04,72625,2026-07-24,call,mini,1,0.3038,20,905.0
2026-07-04,73500,2026-07-24,call,mini,700,0.306,20,700.0
2026-07-04,70750,2026-07-31,call,mini,30,0.3041,27,1865.0
2026-07-04,56750,2026-08-14,call,mini,21,0.2,41,12600.0
2026-07-04,57000,2026-08-14,call,mini,12,0.2,41,12370.0
2026-07-04,57250,2026-08-14,call,mini,9,0.2,41,12135.0
2026-07-04,57875,2026-08-14,call,mini,1,0.2,41,11580.0
2026-07-04,58000,2026-08-14,call,mini,11465,0.2,41,11465.0
2026-07-04,58875,2026-08-14,call,mini,1,0.2,41,10680.0
2026-07-04,59000,2026-08-14,call,mini,10,0.2,41,10570.0
2026-07-04,60000,2026-08-14,call,mini,18,0.2,41,9695.0
2026-07-04,60250,2026-08-14,call,mini,8,0.2,41,9475.0
2026-07-04,61000,2026-08-14,call,mini,30,0.2106,41,8845.0
2026-07-04,61250,2026-08-14,call,mini,8635,0.2282,41,8635.0
2026-07-04,61500,2026-08-14,call,mini,60,0.2397,41,8425.0
2026-07-04,61750,2026-08-14,call,mini,12,0.2513,41,8225.0
2026-07-04,62000,2026-08-14,call,mini,651,0.2585,41,8020.0
2026-07-04,62250,2026-08-14,call,mini,522,0.2654,41,7820.0
2026-07-04,62375,2026-08-14,call,mini,504,0.2669,41,7715.0
2026-07-04,62750,2026-08-14,call,mini,5,0.2748,41,7420.0
2026-07-04,63000,2026-08-14,call,mini,3,0.277,41,7215.0
2026-07-04,63250,2026-08-14,call,mini,6,0.2804,41,7020.0
2026-07-04,63500,2026-08-14,call,mini,2,0.2848,41,6835.0
2026-07-04,63750,2026-08-14,call,mini,6635,0.2858,41,6635.0
2026-07-04,64000,2026-08-14,call,mini,2,0.2887,41,6450.0
2026-07-04,64250,2026-08-14,call,mini,94,0.2909,41,6265.0
2026-07-04,64500,2026-08-14,call,mini,6,0.2863,41,6040.0
2026-07-04,64750,2026-08-14,call,mini,478,0.2951,41,5905.0
2026-07-04,64875,2026-08-14,call,mini,1,0.2951,41,5810.0
2026-07-04,65000,2026-08-14,call,mini,32,0.2964,41,5725.0
2026-07-04,65250,2026-08-14,call,mini,2,0.2985,41,5555.0
2026-07-04,65500,2026-08-14,call,mini,10,0.2994,41,5380.0
2026-07-04,65750,2026-08-14,call,mini,5205,0.2999,41,5205.0
2026-07-04,65875,2026-08-14,call,mini,1,0.2996,41,5115.0
2026-07-04,66000,2026-08-14,call,mini,22,0.3005,41,5035.0
2026-07-04,66250,2026-08-14,call,mini,15,0.302,41,4875.0
2026-07-04,66375,2026-08-14,call,mini,1,0.3019,41,4790.0
2026-07-04,66500,2026-08-14,call,mini,270,0.3023,41,4710.0
2026-07-04,66750,2026-08-14,call,mini,238,0.3029,41,4550.0
2026-07-04,67000,2026-08-14,call,mini,265,0.303,41,4390.0
2026-07-04,67250,2026-08-14,call,mini,70,0.3033,41,4235.0
2026-07-04,67500,2026-08-14,call,mini,7,0.298,41,4035.0
2026-07-04,67750,2026-08-14,call,mini,1,0.3044,41,3940.0
2026-07-04,68000,2026-08-14,call,mini,9,0.3058,41,3805.0
2026-07-04,68125,2026-08-14,call,mini,3720,0.3043,41,3720.0
2026-07-04,68250,2026-08-14,call,mini,3660,0.3056,41,3660.0
2026-07-04,68500,2026-08-14,call,mini,14,0.305,41,3515.0
2026-07-04,68750,2026-08-14,call,mini,1,0.3057,41,3385.0
2026-07-04,69000,2026-08-14,call,mini,115,0.3049,41,3245.0
2026-07-04,69125,2026-08-14,call,mini,3190,0.306,41,3190.0
2026-07-04,69250,2026-08-14,call,mini,153,0.3054,41,3120.0
2026-07-04,69375,2026-08-14,call,mini,3060,0.3057,41,3060.0
2026-07-04,69500,2026-08-14,call,mini,412,0.3055,41,2995.0
2026-07-04,69750,2026-08-14,call,mini,89,0.3057,41,2875.0
2026-07-04,69875,2026-08-14,call,mini,1,0.3068,41,2825.0
2026-07-04,70000,2026-08-14,call,mini,125,0.3067,41,2765.0
2026-07-04,70250,2026-08-14,call,mini,12,0.3051,41,2635.0
2026-07-04,70500,2026-08-14,call,mini,105,0.3069,41,2540.0
2026-07-04,70750,2026-08-14,call,mini,92,0.3057,41,2420.0
2026-07-04,70875,2026-08-14,call,mini,2375,0.3065,41,2375.0
2026-07-04,71000,2026-08-14,call,mini,760,0.3057,41,2315.0
2026-07-04,71125,2026-08-14,call,mini,15,0.3063,41,2270.0
2026-07-04,71250,2026-08-14,call,mini,600,0.3053,41,2210.0
2026-07-04,71375,2026-08-14,call,mini,557,0.3064,41,2170.0
2026-07-04,71500,2026-08-14,call,mini,61,0.3062,41,2120.0
2026-07-04,71625,2026-08-14,call,mini,1,0.3071,41,2080.0
2026-07-04,71750,2026-08-14,call,mini,6,0.3063,41,2025.0
2026-07-04,72000,2026-08-14,call,mini,112,0.3098,41,1965.0
2026-07-04,72125,2026-08-14,call,mini,1,0.307,41,1895.0
2026-07-04,72250,2026-08-14,call,mini,9,0.3058,41,1840.0
2026-07-04,72375,2026-08-14,call,mini,5,0.3073,41,1810.0
2026-07-04,72500,2026-08-14,call,mini,69,0.3059,41,1755.0
2026-07-04,72625,2026-08-14,call,mini,1725,0.3072,41,1725.0
2026-07-04,72750,2026-08-14,call,mini,8,0.3067,41,1680.0
2026-07-04,72875,2026-08-14,call,mini,15,0.3073,41,1645.0
2026-07-04,73000,2026-08-14,call,mini,42,0.3061,41,1595.0
2026-07-04,73250,2026-08-14,call,mini,1525,0.3069,41,1525.0
2026-07-04,73375,2026-08-14,call,mini,1490,0.3072,41,1490.0
2026-07-04,73500,2026-08-14,call,mini,16,0.3068,41,1450.0
2026-07-04,73625,2026-08-14,call,mini,1420,0.3075,41,1420.0
2026-07-04,73750,2026-08-14,call,mini,2,0.3081,41,1390.0
2026-07-04,73875,2026-08-14,call,mini,1355,0.3081,41,1355.0
2026-07-04,74000,2026-08-14,call,mini,240,0.3073,41,1315.0
2026-07-04,74250,2026-08-14,call,mini,209,0.3074,41,1250.0
2026-07-04,74375,2026-08-14,call,mini,1220,0.3076,41,1220.0
2026-07-04,74500,2026-08-14,call,mini,16,0.3078,41,1190.0
2026-07-04,74625,2026-08-14,call,mini,1165,0.3085,41,1165.0
2026-07-04,74750,2026-08-14,call,mini,1,0.3078,41,1130.0
2026-07-04,74875,2026-08-14,call,mini,2,0.3084,41,1105.0
2026-07-04,75000,2026-08-14,call,mini,124,0.3122,41,1105.0
2026-07-04,75125,2026-08-14,call,mini,5,0.3086,41,1050.0
2026-07-04,75250,2026-08-14,call,mini,24,0.309,41,1025.0
2026-07-04,75375,2026-08-14,call,mini,12,0.3093,41,1000.0
2026-07-04,61250,2026-09-11,call,mini,21,0.284,69,9175.0
2026-07-04,62000,2026-09-11,call,mini,8580,0.2877,69,8580.0
2026-07-04,63000,2026-09-11,call,mini,15,0.2924,69,7825.0
2026-07-04,64000,2026-09-11,call,mini,4,0.2943,69,7090.0
2026-07-04,69000,2026-09-11,call,mini,2,0.2965,69,4000.0
2026-07-04,70000,2026-09-11,call,mini,2,0.296,69,3505.0
2026-07-04,71000,2026-09-11,call,mini,6,0.2964,69,3065.0
2026-07-04,71250,2026-09-11,call,mini,5,0.2956,69,2950.0
2026-07-04,71500,2026-09-11,call,mini,4,0.2957,69,2850.0
2026-07-04,71750,2026-09-11,call,mini,12,0.2952,69,2745.0
2026-07-04,72000,2026-09-11,call,mini,5,0.2958,69,2655.0
2026-07-04,72500,2026-09-11,call,mini,1,0.2954,69,2465.0
2026-07-04,72875,2026-09-11,call,mini,1,0.2952,69,2330.0
2026-07-04,73000,2026-09-11,call,mini,4,0.2954,69,2290.0
2026-07-04,74000,2026-09-11,call,mini,7,0.2956,69,1970.0
2026-07-04,74250,2026-09-11,call,mini,1,0.2951,69,1890.0
2026-07-04,74750,2026-09-11,call,mini,1750,0.2954,69,1750.0
2026-07-04,74875,2026-09-11,call,mini,1,0.2957,69,1720.0
2026-07-04,75000,2026-09-11,call,mini,34,0.2956,69,1685.0
2026-07-04,75250,2026-09-11,call,mini,7,0.2957,69,1620.0
2026-07-04,75375,2026-09-11,call,mini,2,0.2959,69,1590.0
