date,strike,expiry,type,product,oi,iv,days_to_expiry,settlement
2026-08-20,20000,2026-09-10,put,regular,1447,1.4548,21,1.0
2026-08-20,21000,2026-09-10,put,regular,289,1.3969,21,1.0
2026-08-20,22000,2026-09-10,put,regular,480,1.3418,21,1.0
2026-08-20,23000,2026-09-10,put,regular,272,1.3561,21,2.0
2026-08-20,24000,2026-09-10,put,regular,135,1.3033,21,2.0
2026-08-20,25000,2026-09-10,put,regular,3958,1.2526,21,2.0
2026-08-20,26000,2026-09-10,put,regular,186,1.2039,21,2.0
2026-08-20,27000,2026-09-10,put,regular,185,1.1947,21,3.0
2026-08-20,27250,2026-09-10,put,regular,11,1.1456,21,2.0
2026-08-20,27500,2026-09-10,put,regular,21,1.1995,21,4.0
2026-08-20,27750,2026-09-10,put,regular,8,1.1877,21,4.0
2026-08-20,28000,2026-09-10,put,regular,68,1.1759,21,4.0
2026-08-20,28250,2026-09-10,put,regular,1,1.1368,21,3.0
2026-08-20,28500,2026-09-10,put,regular,8,1.1256,21,3.0
2026-08-20,28750,2026-09-10,put,regular,66,1.1414,21,4.0
2026-08-20,29000,2026-09-10,put,regular,59,1.152,21,5.0
2026-08-20,29250,2026-09-10,put,regular,3,1.1188,21,4.0
2026-08-20,29500,2026-09-10,put,regular,32,1.1477,21,6.0
2026-08-20,29750,2026-09-10,put,regular,14,1.1362,21,6.0
2026-08-20,30000,2026-09-10,put,regular,6358,1.1249,21,6.0
2026-08-20,30500,2026-09-10,put,regular,86,1.1026,21,6.0
2026-08-20,30750,2026-09-10,put,regular,4,1.0916,21,6.0
2026-08-20,31000,2026-09-10,put,regular,242,1.0806,21,6.0
2026-08-20,31250,2026-09-10,put,regular,204000,1.0698,21,6.0
2026-08-20,31500,2026-09-10,put,regular,19,1.0875,21,8.0
2026-08-20,31750,2026-09-10,put,regular,13,1.0632,21,7.0
2026-08-20,32000,2026-09-10,put,regular,57,1.0657,21,8.0
2026-08-20,32250,2026-09-10,put,regular,5,1.0418,21,7.0
2026-08-20,32500,2026-09-10,put,regular,32,1.0442,21,8.0
2026-08-20,32750,2026-09-10,put,regular,3,1.0336,21,8.0
2026-08-20,33000,2026-09-10,put,regular,488,1.0347,21,9.0
2026-08-20,33250,2026-09-10,put,regular,1,1.0126,21,8.0
2026-08-20,33500,2026-09-10,put,regular,8,1.0136,21,9.0
2026-08-20,33750,2026-09-10,put,regular,6,1.0136,21,10.0
2026-08-20,34000,2026-09-10,put,regular,166,1.0127,21,11.0
2026-08-20,34250,2026-09-10,put,regular,4,1.0022,21,11.0
2026-08-20,34500,2026-09-10,put,regular,22,1.0006,21,12.0
2026-08-20,34750,2026-09-10,put,regular,69,0.9902,21,12.0
2026-08-20,35000,2026-09-10,put,regular,3836,0.988,21,13.0
2026-08-20,35250,2026-09-10,put,regular,2,0.9777,21,13.0
2026-08-20,35500,2026-09-10,put,regular,14,0.9749,21,14.0
2026-08-20,35750,2026-09-10,put,regular,50,0.9646,21,14.0
2026-08-20,36000,2026-09-10,put,regular,105,0.9614,21,15.0
2026-08-20,36250,2026-09-10,put,regular,2,0.9578,21,16.0
2026-08-20,36500,2026-09-10,put,regular,31,0.9477,21,16.0
2026-08-20,36750,2026-09-10,put,regular,59,0.9437,21,17.0
2026-08-20,37000,2026-09-10,put,regular,584,0.9395,21,18.0
2026-08-20,37500,2026-09-10,put,regular,5,0.9249,21,19.0
2026-08-20,37750,2026-09-10,put,regular,1,0.9201,21,20.0
2026-08-20,38000,2026-09-10,put,regular,981,0.9151,21,21.0
2026-08-20,38500,2026-09-10,put,regular,242,0.9,21,22.0
2026-08-20,38750,2026-09-10,put,regular,11,0.8946,21,23.0
2026-08-20,39000,2026-09-10,put,regular,299,0.8891,21,24.0
2026-08-20,39250,2026-09-10,put,regular,165,0.8792,21,24.0
2026-08-20,39500,2026-09-10,put,regular,360,0.8736,21,25.0
2026-08-20,39750,2026-09-10,put,regular,17,0.8638,21,25.0
2026-08-20,40000,2026-09-10,put,regular,4692,0.8657,21,28.0
2026-08-20,40500,2026-09-10,put,regular,177,0.8461,21,28.0
2026-08-20,40750,2026-09-10,put,regular,48,0.8364,21,28.0
2026-08-20,41000,2026-09-10,put,regular,945,0.8469,21,34.0
2026-08-20,41250,2026-09-10,put,regular,1,0.8274,21,31.0
2026-08-20,41500,2026-09-10,put,regular,22,0.8178,21,31.0
2026-08-20,42000,2026-09-10,put,regular,2056,0.808,21,34.0
2026-08-20,42250,2026-09-10,put,regular,21,0.8014,21,35.0
2026-08-20,42500,2026-09-10,put,regular,29,0.7918,21,35.0
2026-08-20,42750,2026-09-10,put,regular,17,0.7851,21,36.0
2026-08-20,43000,2026-09-10,put,regular,1092,0.7889,21,41.0
2026-08-20,43250,2026-09-10,put,regular,60,0.7768,21,40.0
2026-08-20,43500,2026-09-10,put,regular,783,0.7673,21,40.0
2026-08-20,43750,2026-09-10,put,regular,14,0.7603,21,41.0
2026-08-20,44000,2026-09-10,put,regular,1434,0.7604,21,45.0
2026-08-20,44250,2026-09-10,put,regular,31,0.7531,21,46.0
2026-08-20,44500,2026-09-10,put,regular,129,0.7459,21,47.0
2026-08-20,44750,2026-09-10,put,regular,14,0.7386,21,48.0
2026-08-20,45000,2026-09-10,put,regular,2434,0.7333,21,50.0
2026-08-20,45250,2026-09-10,put,regular,105,0.7393,21,58.0
2026-08-20,45500,2026-09-10,put,regular,160,0.7316,21,59.0
2026-08-20,45750,2026-09-10,put,regular,60,0.7239,21,60.0
2026-08-20,46000,2026-09-10,put,regular,2095,0.7195,21,63.0
2026-08-20,46250,2026-09-10,put,regular,67,0.7117,21,64.0
2026-08-20,46500,2026-09-10,put,regular,391,0.7038,21,65.0
2026-08-20,46750,2026-09-10,put,regular,27,0.696,21,66.0
2026-08-20,47000,2026-09-10,put,regular,1091,0.6881,21,67.0
2026-08-20,47250,2026-09-10,put,regular,124,0.6891,21,74.0
2026-08-20,47500,2026-09-10,put,regular,1019,0.681,21,75.0
2026-08-20,47750,2026-09-10,put,regular,92,0.6729,21,76.0
2026-08-20,48000,2026-09-10,put,regular,2879,0.6649,21,77.0
2026-08-20,48250,2026-09-10,put,regular,123,0.6671,21,86.0
2026-08-20,48500,2026-09-10,put,regular,751,0.6589,21,87.0
2026-08-20,48750,2026-09-10,put,regular,150,0.6506,21,88.0
2026-08-20,49000,2026-09-10,put,regular,1470,0.6423,21,89.0
2026-08-20,49250,2026-09-10,put,regular,216,0.634,21,90.0
2026-08-20,49500,2026-09-10,put,regular,204,0.6257,21,91.0
2026-08-20,49750,2026-09-10,put,regular,151,0.6262,21,100.0
2026-08-20,50000,2026-09-10,put,regular,9569,0.6157,21,99.0
2026-08-20,50250,2026-09-10,put,regular,82,0.6154,21,108.0
2026-08-20,50500,2026-09-10,put,regular,1326,0.6117,21,114.0
2026-08-20,50750,2026-09-10,put,regular,174,0.6059,21,118.0
2026-08-20,51000,2026-09-10,put,regular,1597,0.5981,21,120.0
2026-08-20,51250,2026-09-10,put,regular,218,0.593,21,125.0
2026-08-20,51500,2026-09-10,put,regular,246,0.5885,21,131.0
2026-08-20,51750,2026-09-10,put,regular,50,0.5813,21,134.0
2026-08-20,52000,2026-09-10,put,regular,2150,0.5733,21,136.0
2026-08-20,52250,2026-09-10,put,regular,64,0.5721,21,147.0
2026-08-20,52500,2026-09-10,put,regular,638,0.5624,21,147.0
2026-08-20,52750,2026-09-10,put,regular,28,0.5593,21,156.0
2026-08-20,53000,2026-09-10,put,regular,3291,0.5558,21,165.0
2026-08-20,53250,2026-09-10,put,regular,43,0.5526,21,175.0
2026-08-20,53500,2026-09-10,put,regular,1744,0.5428,21,175.0
2026-08-20,53750,2026-09-10,put,regular,81,0.5398,21,186.0
2026-08-20,54000,2026-09-10,put,regular,2612,0.5305,21,187.0
2026-08-20,54250,2026-09-10,put,regular,112,0.5224,21,190.0
2026-08-20,54500,2026-09-10,put,regular,581,0.5188,21,201.0
2026-08-20,54750,2026-09-10,put,regular,268,0.5122,21,207.0
2026-08-20,55000,2026-09-10,put,regular,4428,0.5108,21,223.0
2026-08-20,55250,2026-09-10,put,regular,15,0.5137,21,249.0
2026-08-20,55500,2026-09-10,put,regular,763,0.501,21,244.0
2026-08-20,55750,2026-09-10,put,regular,20,0.5039,21,272.0
2026-08-20,56000,2026-09-10,put,regular,1830,0.4958,21,277.0
2026-08-20,56250,2026-09-10,put,regular,31,0.4944,21,298.0
2026-08-20,56500,2026-09-10,put,regular,815,0.4847,21,300.0
2026-08-20,56750,2026-09-10,put,regular,101,0.4863,21,330.0
2026-08-20,57000,2026-09-10,put,regular,2996,0.4794,21,340.0
2026-08-20,57250,2026-09-10,put,regular,51,0.4743,21,355.0
2026-08-20,57500,2026-09-10,put,regular,494,0.4725,21,380.0
2026-08-20,57750,2026-09-10,put,regular,102,0.4667,21,395.0
2026-08-20,58000,2026-09-10,put,regular,2353,0.4624,21,415.0
2026-08-20,58250,2026-09-10,put,regular,217,0.4609,21,445.0
2026-08-20,58500,2026-09-10,put,regular,1576,0.4558,21,465.0
2026-08-20,58625,2026-09-10,put,regular,2,0.4547,21,480.0
2026-08-20,58750,2026-09-10,put,regular,97,0.4505,21,485.0
2026-08-20,58875,2026-09-10,put,regular,8,0.4521,21,510.0
2026-08-20,59000,2026-09-10,put,regular,3517,0.452,21,530.0
2026-08-20,59125,2026-09-10,put,regular,18,0.4476,21,535.0
2026-08-20,59250,2026-09-10,put,regular,105,0.4473,21,555.0
2026-08-20,59375,2026-09-10,put,regular,15,0.4454,21,570.0
2026-08-20,59500,2026-09-10,put,regular,883,0.4435,21,585.0
2026-08-20,59625,2026-09-10,put,regular,1,0.4415,21,600.0
2026-08-20,59750,2026-09-10,put,regular,51,0.4393,21,615.0
2026-08-20,59875,2026-09-10,put,regular,19,0.4384,21,635.0
2026-08-20,60000,2026-09-10,put,regular,10224,0.4335,21,640.0
2026-08-20,60125,2026-09-10,put,regular,1430000,0.4361,21,675.0
2026-08-20,60250,2026-09-10,put,regular,71,0.4348,21,695.0
2026-08-20,60375,2026-09-10,put,regular,2,0.4333,21,715.0
2026-08-20,60500,2026-09-10,put,regular,1081,0.4317,21,735.0
2026-08-20,60625,2026-09-10,put,regular,1,0.4288,21,750.0
2026-08-20,60750,2026-09-10,put,regular,147,0.4293,21,780.0
2026-08-20,60875,2026-09-10,put,regular,67,0.4285,21,805.0
2026-08-20,61000,2026-09-10,put,regular,2494,0.4286,21,835.0
2026-08-20,61125,2026-09-10,put,regular,42,0.4242,21,845.0
2026-08-20,61250,2026-09-10,put,regular,6,0.4241,21,875.0
2026-08-20,61375,2026-09-10,put,regular,940000,0.4206,21,890.0
2026-08-20,61500,2026-09-10,put,regular,1552,0.4213,21,925.0
2026-08-20,61625,2026-09-10,put,regular,16,0.4207,21,955.0
2026-08-20,61750,2026-09-10,put,regular,246,0.4159,21,965.0
2026-08-20,61875,2026-09-10,put,regular,57,0.4161,21,1000.0
2026-08-20,62000,2026-09-10,put,regular,2989,0.4161,21,1035.0
2026-08-20,62125,2026-09-10,put,regular,11,0.4139,21,1060.0
2026-08-20,62250,2026-09-10,put,regular,91,0.4146,21,1100.0
2026-08-20,62375,2026-09-10,put,regular,219,0.4113,21,1120.0
2026-08-20,62500,2026-09-10,put,regular,861,0.4116,21,1160.0
2026-08-20,62625,2026-09-10,put,regular,10,0.409,21,1185.0
2026-08-20,62750,2026-09-10,put,regular,708,0.4081,21,1220.0
2026-08-20,62875,2026-09-10,put,regular,1,0.4089,21,1265.0
2026-08-20,63000,2026-09-10,put,regular,3761,0.4104,21,1315.0
2026-08-20,63125,2026-09-10,put,regular,73,0.4046,21,1325.0
2026-08-20,63250,2026-09-10,put,regular,47,0.4067,21,1380.0
2026-08-20,63375,2026-09-10,put,regular,57,0.4024,21,1400.0
2026-08-20,63500,2026-09-10,put,regular,924,0.4033,21,1450.0
2026-08-20,63625,2026-09-10,put,regular,40,0.4005,21,1480.0
2026-08-20,63750,2026-09-10,put,regular,32,0.4011,21,1530.0
2026-08-20,63875,2026-09-10,put,regular,94,0.398,21,1560.0
2026-08-20,64000,2026-09-10,put,regular,3154,0.4084,21,1670.0
2026-08-20,64125,2026-09-10,put,regular,25,0.3967,21,1650.0
2026-08-20,64250,2026-09-10,put,regular,20,0.3957,21,1695.0
2026-08-20,64375,2026-09-10,put,regular,27,0.3963,21,1750.0
2026-08-20,64500,2026-09-10,put,regular,659,0.3976,21,1810.0
2026-08-20,64625,2026-09-10,put,regular,46,0.397,21,1860.0
2026-08-20,64750,2026-09-10,put,regular,480,0.393,21,1890.0
2026-08-20,64875,2026-09-10,put,regular,11,0.3913,21,1935.0
2026-08-20,65000,2026-09-10,put,regular,3644,0.3983,21,2035.0
2026-08-20,65125,2026-09-10,put,regular,31,0.3939,21,2065.0
2026-08-20,65250,2026-09-10,put,regular,90,0.3925,21,2115.0
2026-08-20,65375,2026-09-10,put,regular,31,0.3934,21,2180.0
2026-08-20,65500,2026-09-10,put,regular,807,0.3925,21,2235.0
2026-08-20,65625,2026-09-10,put,regular,26,0.3875,21,2265.0
2026-08-20,65750,2026-09-10,put,regular,700,0.3911,21,2350.0
2026-08-20,65875,2026-09-10,put,regular,1,0.3882,21,2395.0
2026-08-20,66000,2026-09-10,put,regular,2389,0.3883,21,2460.0
2026-08-20,66125,2026-09-10,put,regular,4,0.3874,21,2520.0
2026-08-20,66250,2026-09-10,put,regular,13,0.3872,21,2585.0
2026-08-20,66375,2026-09-10,put,regular,1,0.3868,21,2650.0
2026-08-20,66500,2026-09-10,put,regular,2232,0.3878,21,2725.0
2026-08-20,66625,2026-09-10,put,regular,22,0.3879,21,2795.0
2026-08-20,66750,2026-09-10,put,regular,149,0.3878,21,2865.0
2026-08-20,67000,2026-09-10,put,regular,2739,0.3888,21,3015.0
2026-08-20,67250,2026-09-10,put,regular,114,0.3859,21,3145.0
2026-08-20,67375,2026-09-10,put,regular,58,0.3859,21,3220.0
2026-08-20,67500,2026-09-10,put,regular,638,0.3889,21,3315.0
2026-08-20,67625,2026-09-10,put,regular,1,0.3869,21,3380.0
2026-08-20,67750,2026-09-10,put,regular,281,0.3896,21,3475.0
2026-08-20,68000,2026-09-10,put,regular,2156,0.3906,21,3640.0
2026-08-20,68250,2026-09-10,put,regular,134,0.3918,21,3810.0
2026-08-20,68375,2026-09-10,put,regular,1,0.3905,21,3885.0
2026-08-20,68500,2026-09-10,put,regular,196,0.3933,21,3985.0
2026-08-20,68750,2026-09-10,put,regular,47,0.3959,21,4170.0
2026-08-20,69000,2026-09-10,put,regular,1171,0.398,21,4355.0
2026-08-20,69250,2026-09-10,put,regular,2,0.4014,21,4550.0
2026-08-20,69500,2026-09-10,put,regular,8,0.4025,21,4735.0
2026-08-20,70000,2026-09-10,put,regular,1482,0.4086,21,5135.0
2026-08-20,70500,2026-09-10,put,regular,2,0.4111,21,5525.0
2026-08-20,71000,2026-09-10,put,regular,100,0.4176,21,5945.0
2026-08-20,71250,2026-09-10,put,regular,1,0.4182,21,6145.0
2026-08-20,73000,2026-09-10,put,regular,3,0.4499,21,7720.0
2026-08-20,77500,2026-09-10,put,regular,4,0.5561,21,12045.0
2026-08-20,78000,2026-09-10,put,regular,1,0.5698,21,12540.0
2026-08-20,80000,2026-09-10,put,regular,1,0.6239,21,14525.0
2026-08-20,85000,2026-09-10,put,regular,5,0.7533,21,19510.0
2026-08-20,20000,2026-10-08,put,regular,156,1.0783,49,5.0
2026-08-20,22500,2026-10-08,put,regular,11,0.9349,49,3.0
2026-08-20,25000,2026-10-08,put,regular,3408,0.9578,49,12.0
2026-08-20,26000,2026-10-08,put,regular,23,0.9209,49,12.0
2026-08-20,27000,2026-10-08,put,regular,5,0.8926,49,13.0
2026-08-20,28000,2026-10-08,put,regular,3,0.8279,49,9.0
2026-08-20,29000,2026-10-08,put,regular,11,0.8532,49,18.0
2026-08-20,30000,2026-10-08,put,regular,2042,0.8201,49,18.0
2026-08-20,31000,2026-10-08,put,regular,3,0.8055,49,22.0
2026-08-20,32000,2026-10-08,put,regular,5,0.7525,49,17.0
2026-08-20,33000,2026-10-08,put,regular,557,0.7871,49,36.0
2026-08-20,34000,2026-10-08,put,regular,2,0.7609,49,38.0
2026-08-20,35000,2026-10-08,put,regular,135,0.7481,49,46.0
2026-08-20,36000,2026-10-08,put,regular,1,0.7293,49,52.0
2026-08-20,37000,2026-10-08,put,regular,169,0.7112,49,59.0
2026-08-20,38000,2026-10-08,put,regular,4,0.6937,49,67.0
2026-08-20,39000,2026-10-08,put,regular,101,0.6724,49,73.0
2026-08-20,40000,2026-10-08,put,regular,405,0.6521,49,80.0
2026-08-20,41000,2026-10-08,put,regular,108,0.6388,49,94.0
2026-08-20,42000,2026-10-08,put,regular,139,0.6227,49,107.0
2026-08-20,42750,2026-10-08,put,regular,30,0.6075,49,114.0
2026-08-20,43000,2026-10-08,put,regular,135,0.6029,49,117.0
2026-08-20,43250,2026-10-08,put,regular,15,0.5991,49,121.0
2026-08-20,43500,2026-10-08,put,regular,15,0.5952,49,125.0
2026-08-20,43750,2026-10-08,put,regular,12,0.5928,49,131.0
2026-08-20,44000,2026-10-08,put,regular,179,0.5864,49,132.0
2026-08-20,44250,2026-10-08,put,regular,36,0.5823,49,136.0
2026-08-20,44500,2026-10-08,put,regular,1,0.5781,49,140.0
2026-08-20,44750,2026-10-08,put,regular,34,0.5738,49,144.0
2026-08-20,45000,2026-10-08,put,regular,744,0.5701,49,149.0
2026-08-20,45250,2026-10-08,put,regular,28,0.5637,49,150.0
2026-08-20,45500,2026-10-08,put,regular,283,0.5644,49,162.0
2026-08-20,45750,2026-10-08,put,regular,43,0.5604,49,167.0
2026-08-20,46000,2026-10-08,put,regular,281,0.5563,49,172.0
2026-08-20,46250,2026-10-08,put,regular,7,0.5504,49,174.0
2026-08-20,46500,2026-10-08,put,regular,157,0.5462,49,179.0
2026-08-20,46750,2026-10-08,put,regular,131,0.5436,49,187.0
2026-08-20,47000,2026-10-08,put,regular,286,0.5392,49,192.0
2026-08-20,47250,2026-10-08,put,regular,25,0.5347,49,197.0
2026-08-20,47500,2026-10-08,put,regular,50,0.5307,49,203.0
2026-08-20,47750,2026-10-08,put,regular,31,0.5266,49,209.0
2026-08-20,48000,2026-10-08,put,regular,523,0.5244,49,219.0
2026-08-20,48250,2026-10-08,put,regular,51,0.5196,49,224.0
2026-08-20,48500,2026-10-08,put,regular,179,0.5162,49,232.0
2026-08-20,48750,2026-10-08,put,regular,23,0.5135,49,242.0
2026-08-20,49000,2026-10-08,put,regular,117,0.5086,49,247.0
2026-08-20,49250,2026-10-08,put,regular,31,0.5052,49,256.0
2026-08-20,49500,2026-10-08,put,regular,26,0.5018,49,265.0
2026-08-20,49750,2026-10-08,put,regular,51,0.4974,49,272.0
2026-08-20,50000,2026-10-08,put,regular,875,0.4941,49,282.0
2026-08-20,50250,2026-10-08,put,regular,46,0.4899,49,290.0
2026-08-20,50500,2026-10-08,put,regular,236,0.4882,49,305.0
2026-08-20,50750,2026-10-08,put,regular,39,0.4863,49,320.0
2026-08-20,51000,2026-10-08,put,regular,286,0.479,49,320.0
2026-08-20,51250,2026-10-08,put,regular,39,0.4768,49,335.0
2026-08-20,51500,2026-10-08,put,regular,175,0.4728,49,345.0
2026-08-20,51750,2026-10-08,put,regular,60,0.4703,49,360.0
2026-08-20,52000,2026-10-08,put,regular,440,0.4661,49,370.0
2026-08-20,52250,2026-10-08,put,regular,45,0.4633,49,385.0
2026-08-20,52500,2026-10-08,put,regular,152,0.4603,49,400.0
2026-08-20,52750,2026-10-08,put,regular,42,0.4572,49,415.0
2026-08-20,53000,2026-10-08,put,regular,1145,0.4539,49,430.0
2026-08-20,53250,2026-10-08,put,regular,4,0.4518,49,450.0
2026-08-20,53500,2026-10-08,put,regular,135,0.4482,49,465.0
2026-08-20,53750,2026-10-08,put,regular,2,0.4458,49,485.0
2026-08-20,54000,2026-10-08,put,regular,412,0.4444,49,510.0
2026-08-20,54250,2026-10-08,put,regular,35,0.4403,49,525.0
2026-08-20,54500,2026-10-08,put,regular,580,0.4362,49,540.0
2026-08-20,54750,2026-10-08,put,regular,6,0.4342,49,565.0
2026-08-20,55000,2026-10-08,put,regular,1937,0.4309,49,585.0
2026-08-20,55250,2026-10-08,put,regular,39,0.4285,49,610.0
2026-08-20,55500,2026-10-08,put,regular,251,0.4259,49,635.0
2026-08-20,55750,2026-10-08,put,regular,91,0.4241,49,665.0
2026-08-20,56000,2026-10-08,put,regular,324,0.4211,49,690.0
2026-08-20,56250,2026-10-08,put,regular,14,0.418,49,715.0
2026-08-20,56500,2026-10-08,put,regular,139,0.4156,49,745.0
2026-08-20,56750,2026-10-08,put,regular,27,0.4139,49,780.0
2026-08-20,57000,2026-10-08,put,regular,421,0.4129,49,820.0
2026-08-20,57250,2026-10-08,put,regular,11,0.4098,49,850.0
2026-08-20,57500,2026-10-08,put,regular,163,0.4092,49,895.0
2026-08-20,57750,2026-10-08,put,regular,31,0.4057,49,925.0
2026-08-20,58000,2026-10-08,put,regular,1610,0.4037,49,965.0
2026-08-20,58250,2026-10-08,put,regular,36,0.4022,49,1010.0
2026-08-20,58375,2026-10-08,put,regular,441,0.4049,49,1055.0
2026-08-20,58500,2026-10-08,put,regular,148,0.4005,49,1055.0
2026-08-20,58625,2026-10-08,put,regular,10,0.3992,49,1075.0
2026-08-20,58750,2026-10-08,put,regular,13,0.3986,49,1100.0
2026-08-20,58875,2026-10-08,put,regular,1,0.4001,49,1140.0
2026-08-20,59000,2026-10-08,put,regular,152,0.3979,49,1155.0
2026-08-20,59125,2026-10-08,put,regular,23,0.3941,49,1160.0
2026-08-20,59250,2026-10-08,put,regular,114,0.3947,49,1195.0
2026-08-20,59500,2026-10-08,put,regular,43,0.3948,49,1260.0
2026-08-20,59625,2026-10-08,put,regular,11,0.391,49,1265.0
2026-08-20,59750,2026-10-08,put,regular,3,0.3912,49,1300.0
2026-08-20,60000,2026-10-08,put,regular,1876,0.3915,49,1370.0
2026-08-20,60250,2026-10-08,put,regular,4,0.3901,49,1430.0
2026-08-20,60375,2026-10-08,put,regular,300,0.3906,49,1470.0
2026-08-20,60500,2026-10-08,put,regular,134,0.3884,49,1490.0
2026-08-20,60750,2026-10-08,put,regular,48,0.3871,49,1555.0
2026-08-20,60875,2026-10-08,put,regular,7,0.3874,49,1595.0
2026-08-20,61000,2026-10-08,put,regular,538,0.3856,49,1620.0
2026-08-20,61500,2026-10-08,put,regular,3,0.3798,49,1735.0
2026-08-20,61875,2026-10-08,put,regular,6,0.3802,49,1865.0
2026-08-20,62000,2026-10-08,put,regular,899,0.3768,49,1880.0
2026-08-20,62250,2026-10-08,put,regular,1,0.3804,49,2000.0
2026-08-20,62375,2026-10-08,put,regular,6,0.3791,49,2035.0
2026-08-20,62500,2026-10-08,put,regular,553,0.3778,49,2070.0
2026-08-20,62875,2026-10-08,put,regular,6,0.3775,49,2210.0
2026-08-20,63000,2026-10-08,put,regular,319,0.3764,49,2250.0
2026-08-20,63500,2026-10-08,put,regular,2,0.3745,49,2435.0
2026-08-20,63625,2026-10-08,put,regular,6,0.3748,49,2490.0
2026-08-20,63875,2026-10-08,put,regular,55,0.3729,49,2580.0
2026-08-20,64000,2026-10-08,put,regular,1308,0.373,49,2635.0
2026-08-20,64250,2026-10-08,put,regular,7,0.3729,49,2745.0
2026-08-20,64500,2026-10-08,put,regular,232,0.3725,49,2855.0
2026-08-20,64750,2026-10-08,put,regular,3,0.3713,49,2960.0
2026-08-20,65000,2026-10-08,put,regular,1460,0.3703,49,3070.0
2026-08-20,65250,2026-10-08,put,regular,8,0.3685,49,3175.0
2026-08-20,65375,2026-10-08,put,regular,231,0.3677,49,3230.0
2026-08-20,65500,2026-10-08,put,regular,64,0.3685,49,3300.0
2026-08-20,65750,2026-10-08,put,regular,1,0.3682,49,3425.0
2026-08-20,66000,2026-10-08,put,regular,13,0.3677,49,3550.0
2026-08-20,66500,2026-10-08,put,regular,91,0.3672,49,3815.0
2026-08-20,66750,2026-10-08,put,regular,9,0.3668,49,3950.0
2026-08-20,67000,2026-10-08,put,regular,506,0.3677,49,4100.0
2026-08-20,67500,2026-10-08,put,regular,41,0.3629,49,4345.0
2026-08-20,67625,2026-10-08,put,regular,6,0.3567,49,4360.0
2026-08-20,67750,2026-10-08,put,regular,9,0.3629,49,4495.0
2026-08-20,68000,2026-10-08,put,regular,541,0.3653,49,4670.0
2026-08-20,68125,2026-10-08,put,regular,4,0.3577,49,4675.0
2026-08-20,68500,2026-10-08,put,regular,8,0.3714,49,5040.0
2026-08-20,69000,2026-10-08,put,regular,211,0.3733,49,5380.0
2026-08-20,70000,2026-10-08,put,regular,101,0.378,49,6095.0
2026-08-20,72500,2026-10-08,put,regular,1,0.3969,49,8080.0
2026-08-20,73000,2026-10-08,put,regular,16,0.4006,49,8495.0
2026-08-20,79000,2026-10-08,put,regular,1,0.4735,49,13980.0
2026-08-20,85000,2026-10-08,put,regular,22,0.5704,49,19865.0
2026-08-20,25000,2026-11-12,put,regular,72,0.7666,84,19.0
2026-08-20,27000,2026-11-12,put,regular,6,0.6917,84,15.0
2026-08-20,28000,2026-11-12,put,regular,20,0.6695,84,16.0
2026-08-20,30000,2026-11-12,put,regular,1,0.6551,84,27.0
2026-08-20,35000,2026-11-12,put,regular,2,0.6392,84,103.0
2026-08-20,37000,2026-11-12,put,regular,2,0.6082,84,127.0
2026-08-20,38000,2026-11-12,put,regular,1,0.596,84,145.0
2026-08-20,39000,2026-11-12,put,regular,1,0.5808,84,160.0
2026-08-20,40000,2026-11-12,put,regular,100,0.5655,84,176.0
2026-08-20,41000,2026-11-12,put,regular,103,0.5512,84,195.0
2026-08-20,42000,2026-11-12,put,regular,251,0.5376,84,217.0
2026-08-20,43000,2026-11-12,put,regular,155,0.5244,84,242.0
2026-08-20,44000,2026-11-12,put,regular,102,0.5115,84,270.0
2026-08-20,44500,2026-11-12,put,regular,1,0.5017,84,276.0
2026-08-20,44750,2026-11-12,put,regular,1,0.499,84,285.0
2026-08-20,45000,2026-11-12,put,regular,2,0.498,84,299.0
2026-08-20,45250,2026-11-12,put,regular,2,0.4941,84,305.0
2026-08-20,45500,2026-11-12,put,regular,2,0.4914,84,315.0
2026-08-20,45750,2026-11-12,put,regular,2,0.4871,84,320.0
2026-08-20,46000,2026-11-12,put,regular,2,0.4874,84,340.0
2026-08-20,46250,2026-11-12,put,regular,2,0.483,84,345.0
2026-08-20,46500,2026-11-12,put,regular,3,0.4785,84,350.0
2026-08-20,46750,2026-11-12,put,regular,2,0.474,84,355.0
2026-08-20,47000,2026-11-12,put,regular,102,0.4738,84,375.0
2026-08-20,47250,2026-11-12,put,regular,2,0.4692,84,380.0
2026-08-20,47500,2026-11-12,put,regular,3,0.4674,84,395.0
2026-08-20,47750,2026-11-12,put,regular,2,0.4641,84,405.0
2026-08-20,48000,2026-11-12,put,regular,7,0.4607,84,415.0
2026-08-20,48250,2026-11-12,put,regular,3,0.4572,84,425.0
2026-08-20,48500,2026-11-12,put,regular,3,0.455,84,440.0
2026-08-20,48750,2026-11-12,put,regular,111,0.4527,84,455.0
2026-08-20,49000,2026-11-12,put,regular,149,0.4502,84,470.0
2026-08-20,49250,2026-11-12,put,regular,41,0.4465,84,480.0
2026-08-20,49500,2026-11-12,put,regular,218,0.4461,84,505.0
2026-08-20,49750,2026-11-12,put,regular,28,0.4411,84,510.0
2026-08-20,50000,2026-11-12,put,regular,247,0.4416,84,540.0
2026-08-20,50250,2026-11-12,put,regular,59,0.4365,84,545.0
2026-08-20,50500,2026-11-12,put,regular,103,0.4345,84,565.0
2026-08-20,50750,2026-11-12,put,regular,34,0.4345,84,595.0
2026-08-20,51000,2026-11-12,put,regular,608,0.4302,84,605.0
2026-08-20,51250,2026-11-12,put,regular,25,0.4279,84,625.0
2026-08-20,51500,2026-11-12,put,regular,18,0.4255,84,645.0
2026-08-20,52000,2026-11-12,put,regular,582,0.4185,84,675.0
2026-08-20,52500,2026-11-12,put,regular,139,0.4138,84,720.0
2026-08-20,52750,2026-11-12,put,regular,2,0.4151,84,765.0
2026-08-20,53000,2026-11-12,put,regular,55,0.4121,84,785.0
2026-08-20,53250,2026-11-12,put,regular,15,0.4097,84,810.0
2026-08-20,53500,2026-11-12,put,regular,400,0.4088,84,845.0
2026-08-20,53750,2026-11-12,put,regular,25,0.4054,84,865.0
2026-08-20,54000,2026-11-12,put,regular,100,0.3997,84,870.0
2026-08-20,54250,2026-11-12,put,regular,1,0.4021,84,930.0
2026-08-20,54500,2026-11-12,put,regular,300,0.3984,84,950.0
2026-08-20,54750,2026-11-12,put,regular,1,0.3933,84,960.0
2026-08-20,55000,2026-11-12,put,regular,114,0.3957,84,1025.0
2026-08-20,55250,2026-11-12,put,regular,16,0.3938,84,1060.0
2026-08-20,55500,2026-11-12,put,regular,150,0.3918,84,1095.0
2026-08-20,55750,2026-11-12,put,regular,1,0.3896,84,1130.0
2026-08-20,56000,2026-11-12,put,regular,201,0.3879,84,1170.0
2026-08-20,56500,2026-11-12,put,regular,45,0.3841,84,1250.0
2026-08-20,56750,2026-11-12,put,regular,30,0.382,84,1290.0
2026-08-20,57000,2026-11-12,put,regular,300,0.3798,84,1330.0
2026-08-20,57250,2026-11-12,put,regular,13,0.3763,84,1360.0
2026-08-20,57500,2026-11-12,put,regular,400,0.3772,84,1430.0
2026-08-20,57750,2026-11-12,put,regular,2,0.3768,84,1490.0
2026-08-20,58000,2026-11-12,put,regular,386,0.3723,84,1515.0
2026-08-20,58250,2026-11-12,put,regular,21,0.3732,84,1590.0
2026-08-20,58500,2026-11-12,put,regular,111,0.3691,84,1620.0
2026-08-20,59000,2026-11-12,put,regular,136,0.3668,84,1740.0
2026-08-20,59500,2026-11-12,put,regular,465,0.3638,84,1860.0
2026-08-20,59750,2026-11-12,put,regular,1,0.365,84,1950.0
2026-08-20,60000,2026-11-12,put,regular,474,0.3631,84,2010.0
2026-08-20,60500,2026-11-12,put,regular,103,0.3597,84,2140.0
2026-08-20,60750,2026-11-12,put,regular,28,0.3573,84,2200.0
2026-08-20,61000,2026-11-12,put,regular,620,0.3548,84,2260.0
2026-08-20,61500,2026-11-12,put,regular,5,0.3556,84,2450.0
2026-08-20,62000,2026-11-12,put,regular,700,0.3543,84,2625.0
2026-08-20,62500,2026-11-12,put,regular,144,0.3518,84,2795.0
2026-08-20,63000,2026-11-12,put,regular,398,0.3503,84,2985.0
2026-08-20,64000,2026-11-12,put,regular,571,0.3464,84,3380.0
2026-08-20,64500,2026-11-12,put,regular,340,0.3449,84,3595.0
2026-08-20,65000,2026-11-12,put,regular,801,0.3438,84,3825.0
2026-08-20,65500,2026-11-12,put,regular,100,0.3408,84,4040.0
2026-08-20,66000,2026-11-12,put,regular,270,0.3402,84,4295.0
2026-08-20,66500,2026-11-12,put,regular,239,0.3394,84,4555.0
2026-08-20,67000,2026-11-12,put,regular,870,0.3394,84,4835.0
2026-08-20,67500,2026-11-12,put,regular,4,0.3386,84,5115.0
2026-08-20,68375,2026-11-12,put,regular,16,0.3357,84,5605.0
2026-08-20,68500,2026-11-12,put,regular,478,0.3355,84,5680.0
2026-08-20,69000,2026-11-12,put,regular,450,0.3358,84,6000.0
2026-08-20,69500,2026-11-12,put,regular,1,0.3392,84,6365.0
2026-08-20,70000,2026-11-12,put,regular,460,0.3395,84,6700.0
2026-08-20,70750,2026-11-12,put,regular,160,0.341,84,7230.0
2026-08-20,72500,2026-11-12,put,regular,330,0.346,84,8545.0
2026-08-20,79500,2026-11-12,put,regular,1,0.3841,84,14590.0
2026-08-20,12500,2026-12-10,put,regular,552,0.9873,112,5.0
2026-08-20,13000,2026-12-10,put,regular,4,0.9248,112,3.0
2026-08-20,13500,2026-12-10,put,regular,100,0.833,112,1.0
2026-08-20,14000,2026-12-10,put,regular,11,0.8559,112,2.0
2026-08-20,14500,2026-12-10,put,regular,1,0.7959,112,1.0
2026-08-20,14750,2026-12-10,put,regular,1,0.7871,112,1.0
2026-08-20,15000,2026-12-10,put,regular,5,0.8183,112,2.0
2026-08-20,15500,2026-12-10,put,regular,1,0.7614,112,1.0
2026-08-20,16000,2026-12-10,put,regular,3,0.745,112,1.0
2026-08-20,17000,2026-12-10,put,regular,3,0.7505,112,2.0
2026-08-20,18000,2026-12-10,put,regular,153,0.7195,112,2.0
2026-08-20,19000,2026-12-10,put,regular,650,0.6903,112,2.0
2026-08-20,20000,2026-12-10,put,regular,2351,0.7843,112,14.0
2026-08-20,21000,2026-12-10,put,regular,350,0.7057,112,7.0
2026-08-20,21500,2026-12-10,put,regular,500,0.7001,112,8.0
2026-08-20,22000,2026-12-10,put,regular,1715,0.6938,112,9.0
2026-08-20,22500,2026-12-10,put,regular,150,0.6991,112,12.0
2026-08-20,23000,2026-12-10,put,regular,2106,0.696,112,14.0
2026-08-20,23500,2026-12-10,put,regular,127,0.696,112,17.0
2026-08-20,24000,2026-12-10,put,regular,405,0.6905,112,19.0
2026-08-20,24500,2026-12-10,put,regular,250,0.6732,112,18.0
2026-08-20,24750,2026-12-10,put,regular,1,0.6705,112,19.0
2026-08-20,25000,2026-12-10,put,regular,2464,0.7283,112,43.0
2026-08-20,25250,2026-12-10,put,regular,1,0.6646,112,21.0
2026-08-20,25500,2026-12-10,put,regular,2,0.6614,112,22.0
2026-08-20,26000,2026-12-10,put,regular,1425,0.6578,112,25.0
2026-08-20,26500,2026-12-10,put,regular,1,0.656,112,29.0
2026-08-20,27000,2026-12-10,put,regular,2630,0.6506,112,32.0
2026-08-20,27500,2026-12-10,put,regular,25,0.647,112,36.0
2026-08-20,27750,2026-12-10,put,regular,72,0.6449,112,38.0
2026-08-20,28000,2026-12-10,put,regular,1326,0.6426,112,40.0
2026-08-20,28500,2026-12-10,put,regular,400,0.6376,112,44.0
2026-08-20,29000,2026-12-10,put,regular,1450,0.6321,112,48.0
2026-08-20,30000,2026-12-10,put,regular,5695,0.6171,112,54.0
2026-08-20,30500,2026-12-10,put,regular,51,0.6507,112,92.0
2026-08-20,31000,2026-12-10,put,regular,2237,0.6431,112,97.0
2026-08-20,31500,2026-12-10,put,regular,350,0.6353,112,102.0
2026-08-20,32000,2026-12-10,put,regular,4655,0.6292,112,109.0
2026-08-20,32250,2026-12-10,put,regular,600,0.6239,112,110.0
2026-08-20,32500,2026-12-10,put,regular,900,0.6203,112,113.0
2026-08-20,33000,2026-12-10,put,regular,3362,0.613,112,119.0
2026-08-20,33250,2026-12-10,put,regular,37,0.6093,112,122.0
2026-08-20,33500,2026-12-10,put,regular,72,0.6063,112,126.0
2026-08-20,34000,2026-12-10,put,regular,2820,0.5987,112,132.0
2026-08-20,34500,2026-12-10,put,regular,560,0.5918,112,139.0
2026-08-20,34750,2026-12-10,put,regular,1,0.5879,112,142.0
2026-08-20,35000,2026-12-10,put,regular,4958,0.582,112,142.0
2026-08-20,36000,2026-12-10,put,regular,2905,0.5712,112,162.0
2026-08-20,36500,2026-12-10,put,regular,225,0.5642,112,170.0
2026-08-20,36750,2026-12-10,put,regular,400,0.5612,112,175.0
2026-08-20,37000,2026-12-10,put,regular,2535,0.5576,112,179.0
2026-08-20,37500,2026-12-10,put,regular,188,0.5509,112,188.0
2026-08-20,37750,2026-12-10,put,regular,100,0.5477,112,193.0
2026-08-20,38000,2026-12-10,put,regular,2686,0.5445,112,198.0
2026-08-20,38500,2026-12-10,put,regular,1150,0.538,112,208.0
2026-08-20,38750,2026-12-10,put,regular,50,0.5346,112,213.0
2026-08-20,39000,2026-12-10,put,regular,2405,0.5317,112,219.0
2026-08-20,39250,2026-12-10,put,regular,650,0.5283,112,224.0
2026-08-20,39500,2026-12-10,put,regular,1008,0.5253,112,230.0
2026-08-20,40000,2026-12-10,put,regular,6132,0.5182,112,240.0
2026-08-20,40250,2026-12-10,put,regular,5,0.5155,112,247.0
2026-08-20,40500,2026-12-10,put,regular,1399,0.5127,112,254.0
2026-08-20,41000,2026-12-10,put,regular,1825,0.5073,112,269.0
2026-08-20,41250,2026-12-10,put,regular,3,0.5035,112,274.0
2026-08-20,41500,2026-12-10,put,regular,101,0.5012,112,283.0
2026-08-20,42000,2026-12-10,put,regular,3599,0.4943,112,295.0
2026-08-20,42500,2026-12-10,put,regular,300,0.4899,112,315.0
2026-08-20,43000,2026-12-10,put,regular,1682,0.4836,112,330.0
2026-08-20,43500,2026-12-10,put,regular,100,0.4772,112,345.0
2026-08-20,43750,2026-12-10,put,regular,9,0.4746,112,355.0
2026-08-20,44000,2026-12-10,put,regular,2800,0.472,112,365.0
2026-08-20,45000,2026-12-10,put,regular,2724,0.4608,112,405.0
2026-08-20,45250,2026-12-10,put,regular,51,0.4579,112,415.0
2026-08-20,45500,2026-12-10,put,regular,350,0.4549,112,425.0
2026-08-20,46000,2026-12-10,put,regular,3657,0.45,112,450.0
2026-08-20,47000,2026-12-10,put,regular,2846,0.4394,112,500.0
2026-08-20,47500,2026-12-10,put,regular,1119,0.4347,112,530.0
2026-08-20,48000,2026-12-10,put,regular,4124,0.4298,112,560.0
2026-08-20,48500,2026-12-10,put,regular,300,0.4245,112,590.0
2026-08-20,49000,2026-12-10,put,regular,3177,0.4209,112,630.0
2026-08-20,49500,2026-12-10,put,regular,2717,0.4159,112,665.0
2026-08-20,50000,2026-12-10,put,regular,6522,0.4115,112,705.0
2026-08-20,50250,2026-12-10,put,regular,16,0.4092,112,725.0
2026-08-20,50500,2026-12-10,put,regular,686,0.4068,112,745.0
2026-08-20,50750,2026-12-10,put,regular,45,0.4051,112,770.0
2026-08-20,51000,2026-12-10,put,regular,1565,0.4025,112,790.0
2026-08-20,51500,2026-12-10,put,regular,20,0.3987,112,840.0
2026-08-20,52000,2026-12-10,put,regular,2765,0.3944,112,890.0
2026-08-20,52250,2026-12-10,put,regular,525,0.3921,112,915.0
2026-08-20,52500,2026-12-10,put,regular,432,0.3905,112,945.0
2026-08-20,53000,2026-12-10,put,regular,1398,0.3868,112,1005.0
2026-08-20,53250,2026-12-10,put,regular,186,0.3848,112,1035.0
2026-08-20,53500,2026-12-10,put,regular,205,0.3833,112,1070.0
2026-08-20,53750,2026-12-10,put,regular,4,0.3812,112,1100.0
2026-08-20,54000,2026-12-10,put,regular,2599,0.3795,112,1135.0
2026-08-20,54500,2026-12-10,put,regular,440,0.3758,112,1205.0
2026-08-20,55000,2026-12-10,put,regular,4879,0.3728,112,1285.0
2026-08-20,55500,2026-12-10,put,regular,100,0.3694,112,1365.0
2026-08-20,56000,2026-12-10,put,regular,2476,0.366,112,1450.0
2026-08-20,56500,2026-12-10,put,regular,151,0.3632,112,1545.0
2026-08-20,57000,2026-12-10,put,regular,2281,0.3609,112,1650.0
2026-08-20,57500,2026-12-10,put,regular,850,0.358,112,1755.0
2026-08-20,58000,2026-12-10,put,regular,1868,0.3552,112,1865.0
2026-08-20,58500,2026-12-10,put,regular,850,0.3527,112,1985.0
2026-08-20,59000,2026-12-10,put,regular,2405,0.3502,112,2110.0
2026-08-20,59500,2026-12-10,put,regular,250,0.3479,112,2245.0
2026-08-20,60000,2026-12-10,put,regular,9878,0.3456,112,2385.0
2026-08-20,60500,2026-12-10,put,regular,200,0.3439,112,2540.0
2026-08-20,61000,2026-12-10,put,regular,1560,0.3417,112,2695.0
2026-08-20,61500,2026-12-10,put,regular,1,0.3409,112,2875.0
2026-08-20,62000,2026-12-10,put,regular,2506,0.3387,112,3045.0
2026-08-20,62250,2026-12-10,put,regular,250,0.3378,112,3135.0
2026-08-20,62500,2026-12-10,put,regular,1087,0.3371,112,3230.0
2026-08-20,63000,2026-12-10,put,regular,2251,0.336,112,3430.0
2026-08-20,63750,2026-12-10,put,regular,48,0.3333,112,3730.0
2026-08-20,64000,2026-12-10,put,regular,1730,0.3328,112,3840.0
2026-08-20,64250,2026-12-10,put,regular,125670000,0.3315,112,3940.0
2026-08-20,65000,2026-12-10,put,regular,3099,0.3296,112,4280.0
2026-08-20,65500,2026-12-10,put,regular,580,0.3285,112,4520.0
2026-08-20,66000,2026-12-10,put,regular,376,0.3275,112,4770.0
2026-08-20,66500,2026-12-10,put,regular,600,0.3264,112,5025.0
2026-08-20,67000,2026-12-10,put,regular,1410,0.3257,112,5295.0
2026-08-20,67250,2026-12-10,put,regular,25,0.3254,112,5435.0
2026-08-20,67500,2026-12-10,put,regular,25,0.3247,112,5570.0
2026-08-20,68000,2026-12-10,put,regular,1900,0.325,112,5870.0
2026-08-20,68500,2026-12-10,put,regular,203,0.324,112,6160.0
2026-08-20,68750,2026-12-10,put,regular,100,0.324,112,6315.0
2026-08-20,69000,2026-12-10,put,regular,1570,0.3242,112,6475.0
2026-08-20,70000,2026-12-10,put,regular,1653,0.3244,112,7125.0
2026-08-20,71000,2026-12-10,put,regular,31,0.3251,112,7810.0
2026-08-20,72000,2026-12-10,put,regular,120,0.3263,112,8530.0
2026-08-20,72500,2026-12-10,put,regular,320,0.3269,112,8900.0
2026-08-20,74000,2026-12-10,put,regular,100,0.3297,112,10055.0
2026-08-20,76000,2026-12-10,put,regular,300,0.3352,112,11690.0
2026-08-20,80000,2026-12-10,put,regular,3700,0.3516,112,15200.0
2026-08-20,44000,2027-01-07,put,regular,331,0.4425,140,450.0
2026-08-20,45000,2027-01-07,put,regular,1000,0.433,140,500.0
2026-08-20,47000,2027-01-07,put,regular,98,0.4107,140,595.0
2026-08-20,48000,2027-01-07,put,regular,200,0.4032,140,670.0
2026-08-20,50000,2027-01-07,put,regular,115,0.3882,140,845.0
2026-08-20,52500,2027-01-07,put,regular,20,0.3716,140,1135.0
2026-08-20,57000,2027-01-07,put,regular,60,0.3459,140,1920.0
2026-08-20,58000,2027-01-07,put,regular,57,0.3411,140,2155.0
2026-08-20,60000,2027-01-07,put,regular,1,0.3321,140,2700.0
2026-08-20,60500,2027-01-07,put,regular,42,0.3297,140,2850.0
2026-08-20,61000,2027-01-07,put,regular,1,0.328,140,3015.0
2026-08-20,61500,2027-01-07,put,regular,50,0.3258,140,3180.0
2026-08-20,64000,2027-01-07,put,regular,100,0.3178,140,4155.0
2026-08-20,65000,2027-01-07,put,regular,3,0.3149,140,4600.0
2026-08-20,65500,2027-01-07,put,regular,1,0.3141,140,4845.0
2026-08-20,65750,2027-01-07,put,regular,1,0.3109,140,4925.0
2026-08-20,66000,2027-01-07,put,regular,50,0.3107,140,5055.0
2026-08-20,66500,2027-01-07,put,regular,3,0.3096,140,5310.0
2026-08-20,67000,2027-01-07,put,regular,2,0.3083,140,5570.0
2026-08-20,67500,2027-01-07,put,regular,1,0.3081,140,5855.0
2026-08-20,67750,2027-01-07,put,regular,1,0.3074,140,5990.0
2026-08-20,45000,2027-02-10,put,regular,300,0.4089,174,615.0
2026-08-20,47000,2027-02-10,put,regular,125,0.3949,174,770.0
2026-08-20,57500,2027-02-10,put,regular,100,0.3324,174,2370.0
2026-08-20,65000,2027-02-10,put,regular,153,0.3064,174,5025.0
2026-08-20,67000,2027-02-10,put,regular,2,0.3001,174,5995.0
2026-08-20,29000,2027-03-11,put,regular,1,0.5373,203,127.0
2026-08-20,30000,2027-03-11,put,regular,1,0.5272,203,144.0
2026-08-20,33000,2027-03-11,put,regular,113,0.4972,203,204.0
2026-08-20,35000,2027-03-11,put,regular,600,0.478,203,254.0
2026-08-20,37000,2027-03-11,put,regular,500,0.4598,203,315.0
2026-08-20,38000,2027-03-11,put,regular,265,0.4509,203,350.0
2026-08-20,40000,2027-03-11,put,regular,1171,0.4335,203,430.0
2026-08-20,41000,2027-03-11,put,regular,250,0.4249,203,475.0
2026-08-20,42000,2027-03-11,put,regular,749,0.4165,203,525.0
2026-08-20,42500,2027-03-11,put,regular,200,0.413,203,555.0
2026-08-20,43000,2027-03-11,put,regular,114,0.4084,203,580.0
2026-08-20,43500,2027-03-11,put,regular,66,0.4044,203,610.0
2026-08-20,43750,2027-03-11,put,regular,2,0.4032,203,630.0
2026-08-20,44000,2027-03-11,put,regular,275,0.4011,203,645.0
2026-08-20,45000,2027-03-11,put,regular,1568,0.3937,203,715.0
2026-08-20,46000,2027-03-11,put,regular,116,0.3862,203,790.0
2026-08-20,47000,2027-03-11,put,regular,800,0.3792,203,875.0
2026-08-20,48000,2027-03-11,put,regular,349,0.3731,203,975.0
2026-08-20,48500,2027-03-11,put,regular,51,0.3697,203,1025.0
2026-08-20,49000,2027-03-11,put,regular,102,0.3665,203,1080.0
2026-08-20,50000,2027-03-11,put,regular,1200,0.3606,203,1200.0
2026-08-20,50250,2027-03-11,put,regular,112,0.3589,203,1230.0
2026-08-20,51000,2027-03-11,put,regular,24,0.3546,203,1330.0
2026-08-20,51250,2027-03-11,put,regular,108,0.3531,203,1365.0
2026-08-20,52000,2027-03-11,put,regular,1470,0.3489,203,1475.0
2026-08-20,52500,2027-03-11,put,regular,50,0.3463,203,1555.0
2026-08-20,53000,2027-03-11,put,regular,525,0.3438,203,1640.0
2026-08-20,53500,2027-03-11,put,regular,200,0.3411,203,1725.0
2026-08-20,54000,2027-03-11,put,regular,434,0.3388,203,1820.0
2026-08-20,55000,2027-03-11,put,regular,752,0.3342,203,2020.0
2026-08-20,55500,2027-03-11,put,regular,100,0.3318,203,2125.0
2026-08-20,56000,2027-03-11,put,regular,651,0.3298,203,2240.0
2026-08-20,56250,2027-03-11,put,regular,120,0.3285,203,2295.0
2026-08-20,57000,2027-03-11,put,regular,1775,0.3255,203,2480.0
2026-08-20,58000,2027-03-11,put,regular,2325,0.3215,203,2745.0
2026-08-20,58500,2027-03-11,put,regular,35,0.3196,203,2885.0
2026-08-20,59500,2027-03-11,put,regular,453,0.3159,203,3185.0
2026-08-20,60000,2027-03-11,put,regular,1750,0.3144,203,3350.0
2026-08-20,61000,2027-03-11,put,regular,160,0.3111,203,3690.0
2026-08-20,62000,2027-03-11,put,regular,900,0.3081,203,4060.0
2026-08-20,62500,2027-03-11,put,regular,500,0.3066,203,4255.0
2026-08-20,63000,2027-03-11,put,regular,1490,0.3053,203,4460.0
2026-08-20,64000,2027-03-11,put,regular,950,0.3029,203,4890.0
2026-08-20,65000,2027-03-11,put,regular,415,0.3006,203,5350.0
2026-08-20,66000,2027-03-11,put,regular,400,0.2985,203,5840.0
2026-08-20,66250,2027-03-11,put,regular,15,0.2979,203,5965.0
2026-08-20,66500,2027-03-11,put,regular,6,0.2975,203,6095.0
2026-08-20,67000,2027-03-11,put,regular,300,0.2966,203,6360.0
2026-08-20,68000,2027-03-11,put,regular,130,0.2949,203,6910.0
2026-08-20,69000,2027-03-11,put,regular,350,0.2935,203,7490.0
2026-08-20,69250,2027-03-11,put,regular,10,0.2931,203,7640.0
2026-08-20,70000,2027-03-11,put,regular,470,0.2922,203,8100.0
2026-08-20,72000,2027-03-11,put,regular,100,0.2903,203,9405.0
2026-08-20,48000,2027-05-13,put,regular,100,0.3631,266,1365.0
2026-08-20,12500,2027-06-10,put,regular,10,0.6597,294,12.0
2026-08-20,14500,2027-06-10,put,regular,4,0.6107,294,14.0
2026-08-20,15000,2027-06-10,put,regular,1,0.6053,294,16.0
2026-08-20,16250,2027-06-10,put,regular,167,0.598,294,24.0
2026-08-20,23000,2027-06-10,put,regular,140,0.5451,294,103.0
2026-08-20,24000,2027-06-10,put,regular,100,0.5362,294,120.0
2026-08-20,25000,2027-06-10,put,regular,250,0.5276,294,139.0
2026-08-20,26000,2027-06-10,put,regular,200,0.5185,294,159.0
2026-08-20,28000,2027-06-10,put,regular,895,0.5001,294,203.0
2026-08-20,28500,2027-06-10,put,regular,100,0.4959,294,216.0
2026-08-20,29000,2027-06-10,put,regular,66,0.4912,294,228.0
2026-08-20,30000,2027-06-10,put,regular,275,0.4823,294,255.0
2026-08-20,31000,2027-06-10,put,regular,100,0.4732,294,283.0
2026-08-20,31500,2027-06-10,put,regular,1,0.4688,294,298.0
2026-08-20,32000,2027-06-10,put,regular,250,0.4648,294,315.0
2026-08-20,33000,2027-06-10,put,regular,150,0.4565,294,350.0
2026-08-20,34000,2027-06-10,put,regular,750,0.4477,294,385.0
2026-08-20,35000,2027-06-10,put,regular,1327,0.4396,294,425.0
2026-08-20,35500,2027-06-10,put,regular,145,0.4353,294,445.0
2026-08-20,36000,2027-06-10,put,regular,300,0.4309,294,465.0
2026-08-20,37000,2027-06-10,put,regular,50,0.4237,294,515.0
2026-08-20,38000,2027-06-10,put,regular,201,0.4158,294,565.0
2026-08-20,38500,2027-06-10,put,regular,140,0.4117,294,590.0
2026-08-20,39000,2027-06-10,put,regular,50,0.4083,294,620.0
2026-08-20,39500,2027-06-10,put,regular,101,0.4047,294,650.0
2026-08-20,40000,2027-06-10,put,regular,1095,0.4009,294,680.0
2026-08-20,41000,2027-06-10,put,regular,100,0.3937,294,745.0
2026-08-20,42000,2027-06-10,put,regular,400,0.3872,294,820.0
2026-08-20,42500,2027-06-10,put,regular,61,0.384,294,860.0
2026-08-20,43000,2027-06-10,put,regular,35,0.3806,294,900.0
2026-08-20,44000,2027-06-10,put,regular,196,0.374,294,985.0
2026-08-20,45000,2027-06-10,put,regular,1220,0.3682,294,1085.0
2026-08-20,46000,2027-06-10,put,regular,773,0.3623,294,1190.0
2026-08-20,46500,2027-06-10,put,regular,70,0.3597,294,1250.0
2026-08-20,47000,2027-06-10,put,regular,201,0.357,294,1310.0
2026-08-20,47750,2027-06-10,put,regular,100,0.353,294,1405.0
2026-08-20,48000,2027-06-10,put,regular,1104,0.3518,294,1440.0
2026-08-20,49000,2027-06-10,put,regular,300,0.347,294,1585.0
2026-08-20,50000,2027-06-10,put,regular,2067,0.3422,294,1740.0
2026-08-20,50500,2027-06-10,put,regular,175,0.34,294,1825.0
2026-08-20,51000,2027-06-10,put,regular,100,0.3376,294,1910.0
2026-08-20,51250,2027-06-10,put,regular,3,0.3365,294,1955.0
2026-08-20,52000,2027-06-10,put,regular,1030,0.3332,294,2095.0
2026-08-20,52250,2027-06-10,put,regular,88,0.3322,294,2145.0
2026-08-20,52500,2027-06-10,put,regular,57,0.3312,294,2195.0
2026-08-20,53000,2027-06-10,put,regular,720,0.3292,294,2300.0
2026-08-20,53500,2027-06-10,put,regular,1,0.3274,294,2410.0
2026-08-20,53750,2027-06-10,put,regular,35,0.3263,294,2465.0
2026-08-20,54000,2027-06-10,put,regular,1402,0.3256,294,2525.0
2026-08-20,55000,2027-06-10,put,regular,1300,0.3219,294,2765.0
2026-08-20,55500,2027-06-10,put,regular,255,0.3203,294,2895.0
2026-08-20,56000,2027-06-10,put,regular,810,0.3184,294,3025.0
2026-08-20,56500,2027-06-10,put,regular,40,0.3168,294,3165.0
2026-08-20,57000,2027-06-10,put,regular,775,0.3153,294,3310.0
2026-08-20,57750,2027-06-10,put,regular,112,0.313,294,3535.0
2026-08-20,58000,2027-06-10,put,regular,317,0.3123,294,3615.0
2026-08-20,58500,2027-06-10,put,regular,1,0.3109,294,3775.0
2026-08-20,59000,2027-06-10,put,regular,400,0.3094,294,3940.0
2026-08-20,59500,2027-06-10,put,regular,212,0.3079,294,4110.0
2026-08-20,60000,2027-06-10,put,regular,1476,0.3067,294,4290.0
2026-08-20,61000,2027-06-10,put,regular,3,0.304,294,4660.0
2026-08-20,62000,2027-06-10,put,regular,805,0.3018,294,5060.0
2026-08-20,63000,2027-06-10,put,regular,925,0.2994,294,5480.0
2026-08-20,64000,2027-06-10,put,regular,250,0.2972,294,5925.0
2026-08-20,64750,2027-06-10,put,regular,104,0.2957,294,6275.0
2026-08-20,65000,2027-06-10,put,regular,1486,0.2952,294,6395.0
2026-08-20,65500,2027-06-10,put,regular,26,0.2942,294,6640.0
2026-08-20,66000,2027-06-10,put,regular,50,0.2932,294,6890.0
2026-08-20,66750,2027-06-10,put,regular,150,0.292,294,7280.0
2026-08-20,67000,2027-06-10,put,regular,870,0.2914,294,7410.0
2026-08-20,67500,2027-06-10,put,regular,100,0.2906,294,7680.0
2026-08-20,68000,2027-06-10,put,regular,600,0.2898,294,7955.0
2026-08-20,68500,2027-06-10,put,regular,200,0.2889,294,8235.0
2026-08-20,69000,2027-06-10,put,regular,15,0.2882,294,8525.0
2026-08-20,70000,2027-06-10,put,regular,700,0.2866,294,9115.0
2026-08-20,72000,2027-06-10,put,regular,100,0.2837,294,10365.0
2026-08-20,77500,2027-06-10,put,regular,50,0.2775,294,14245.0
2026-08-20,67000,2027-07-08,put,regular,58,0.2889,322,7665.0
2026-08-20,31000,2027-09-09,put,regular,200,0.4318,385,355.0
2026-08-20,45000,2027-09-09,put,regular,100,0.3506,385,1425.0
2026-08-20,48000,2027-09-09,put,regular,100,0.3377,385,1870.0
2026-08-20,50000,2027-09-09,put,regular,25,0.3298,385,2230.0
2026-08-20,54250,2027-09-09,put,regular,200,0.3142,385,3180.0
2026-08-20,55000,2027-09-09,put,regular,300,0.3117,385,3380.0
2026-08-20,58000,2027-09-09,put,regular,1,0.3022,385,4275.0
2026-08-20,60000,2027-09-09,put,regular,225,0.2967,385,4975.0
2026-08-20,62000,2027-09-09,put,regular,188,0.2916,385,5760.0
2026-08-20,68250,2027-09-09,put,regular,200,0.2793,385,8800.0
2026-08-20,68750,2027-09-09,put,regular,91,0.2787,385,9085.0
2026-08-20,12500,2027-12-09,put,regular,11,0.5368,476,17.0
2026-08-20,13000,2027-12-09,put,regular,1,0.4594,476,4.0
2026-08-20,16000,2027-12-09,put,regular,350,0.4526,476,15.0
2026-08-20,19000,2027-12-09,put,regular,300,0.4516,476,46.0
2026-08-20,20000,2027-12-09,put,regular,400,0.4512,476,63.0
2026-08-20,21000,2027-12-09,put,regular,50,0.4511,476,85.0
2026-08-20,22000,2027-12-09,put,regular,408,0.451,476,112.0
2026-08-20,22500,2027-12-09,put,regular,36,0.451,476,128.0
2026-08-20,23000,2027-12-09,put,regular,132,0.4513,476,146.0
2026-08-20,23750,2027-12-09,put,regular,39,0.4511,476,175.0
2026-08-20,24000,2027-12-09,put,regular,1721,0.4512,476,186.0
2026-08-20,25000,2027-12-09,put,regular,1211,0.451,476,233.0
2026-08-20,26000,2027-12-09,put,regular,200,0.451,476,289.0
2026-08-20,26500,2027-12-09,put,regular,100,0.451,476,320.0
2026-08-20,27000,2027-12-09,put,regular,1300,0.4514,476,355.0
2026-08-20,28000,2027-12-09,put,regular,2125,0.4428,476,390.0
2026-08-20,29000,2027-12-09,put,regular,350,0.4339,476,425.0
2026-08-20,29500,2027-12-09,put,regular,249,0.4299,476,445.0
2026-08-20,30000,2027-12-09,put,regular,2445,0.4258,476,465.0
2026-08-20,31000,2027-12-09,put,regular,1750,0.4183,476,510.0
2026-08-20,31500,2027-12-09,put,regular,204,0.4148,476,535.0
2026-08-20,32000,2027-12-09,put,regular,1425,0.4112,476,560.0
2026-08-20,32250,2027-12-09,put,regular,30,0.4089,476,570.0
2026-08-20,32750,2027-12-09,put,regular,35,0.406,476,600.0
2026-08-20,33000,2027-12-09,put,regular,450,0.4037,476,610.0
2026-08-20,34000,2027-12-09,put,regular,1794,0.3973,476,670.0
2026-08-20,34500,2027-12-09,put,regular,100,0.3939,476,700.0
2026-08-20,35000,2027-12-09,put,regular,1600,0.3904,476,730.0
2026-08-20,35500,2027-12-09,put,regular,40,0.3875,476,765.0
2026-08-20,36000,2027-12-09,put,regular,1130,0.3844,476,800.0
2026-08-20,36500,2027-12-09,put,regular,300,0.3812,476,835.0
2026-08-20,37000,2027-12-09,put,regular,1150,0.3785,476,875.0
2026-08-20,38000,2027-12-09,put,regular,1175,0.3726,476,955.0
2026-08-20,39000,2027-12-09,put,regular,800,0.3673,476,1045.0
2026-08-20,39500,2027-12-09,put,regular,50,0.3644,476,1090.0
2026-08-20,40000,2027-12-09,put,regular,3150,0.3619,476,1140.0
2026-08-20,40500,2027-12-09,put,regular,450,0.3593,476,1190.0
2026-08-20,42000,2027-12-09,put,regular,550,0.3518,476,1355.0
2026-08-20,43000,2027-12-09,put,regular,240,0.3473,476,1480.0
2026-08-20,44000,2027-12-09,put,regular,100,0.3427,476,1610.0
2026-08-20,45000,2027-12-09,put,regular,1975,0.3385,476,1755.0
2026-08-20,46000,2027-12-09,put,regular,700,0.3344,476,1910.0
2026-08-20,47000,2027-12-09,put,regular,250,0.3303,476,2075.0
2026-08-20,47500,2027-12-09,put,regular,35,0.3285,476,2165.0
2026-08-20,48000,2027-12-09,put,regular,615,0.3265,476,2255.0
2026-08-20,49000,2027-12-09,put,regular,700,0.3227,476,2445.0
2026-08-20,50000,2027-12-09,put,regular,3170,0.3194,476,2655.0
2026-08-20,51000,2027-12-09,put,regular,350,0.3159,476,2875.0
2026-08-20,52000,2027-12-09,put,regular,635,0.3129,476,3115.0
2026-08-20,53000,2027-12-09,put,regular,822,0.3096,476,3365.0
2026-08-20,54000,2027-12-09,put,regular,450,0.3067,476,3635.0
2026-08-20,54500,2027-12-09,put,regular,400,0.3052,476,3775.0
2026-08-20,55000,2027-12-09,put,regular,1200,0.304,476,3925.0
2026-08-20,55500,2027-12-09,put,regular,75,0.3026,476,4075.0
2026-08-20,56000,2027-12-09,put,regular,270,0.3013,476,4230.0
2026-08-20,57000,2027-12-09,put,regular,220,0.2985,476,4550.0
2026-08-20,58000,2027-12-09,put,regular,1000,0.2962,476,4895.0
2026-08-20,58500,2027-12-09,put,regular,210,0.2949,476,5070.0
2026-08-20,59000,2027-12-09,put,regular,100,0.2938,476,5255.0
2026-08-20,60000,2027-12-09,put,regular,850,0.2915,476,5635.0
2026-08-20,62000,2027-12-09,put,regular,425,0.2872,476,6455.0
2026-08-20,62500,2027-12-09,put,regular,70,0.2863,476,6675.0
2026-08-20,63000,2027-12-09,put,regular,300,0.2854,476,6900.0
2026-08-20,63500,2027-12-09,put,regular,50,0.2843,476,7125.0
2026-08-20,64000,2027-12-09,put,regular,130,0.2835,476,7360.0
2026-08-20,65000,2027-12-09,put,regular,1100,0.2816,476,7840.0
2026-08-20,66000,2027-12-09,put,regular,625,0.28,476,8345.0
2026-08-20,67000,2027-12-09,put,regular,400,0.2785,476,8870.0
2026-08-20,68000,2027-12-09,put,regular,200,0.277,476,9415.0
2026-08-20,69000,2027-12-09,put,regular,750,0.2755,476,9975.0
2026-08-20,70000,2027-12-09,put,regular,550,0.2742,476,10560.0
2026-08-20,75000,2027-12-09,put,regular,175,0.2688,476,13770.0
2026-08-20,80000,2027-12-09,put,regular,400,0.2646,476,17400.0
2026-08-20,15000,2028-06-08,put,regular,3,0.4277,658,27.0
2026-08-20,25000,2028-06-08,put,regular,630,0.4266,658,415.0
2026-08-20,26000,2028-06-08,put,regular,250,0.4259,658,495.0
2026-08-20,27000,2028-06-08,put,regular,100,0.426,658,590.0
2026-08-20,30000,2028-06-08,put,regular,300,0.4059,658,775.0
2026-08-20,32000,2028-06-08,put,regular,250,0.3934,658,920.0
2026-08-20,33000,2028-06-08,put,regular,100,0.3879,658,1005.0
2026-08-20,35000,2028-06-08,put,regular,200,0.3768,658,1185.0
2026-08-20,40000,2028-06-08,put,regular,250,0.3517,658,1755.0
2026-08-20,41500,2028-06-08,put,regular,100,0.3447,658,1960.0
2026-08-20,45000,2028-06-08,put,regular,15,0.3292,658,2515.0
2026-08-20,48000,2028-06-08,put,regular,300,0.317,658,3090.0
2026-08-20,50000,2028-06-08,put,regular,400,0.3095,658,3530.0
2026-08-20,53000,2028-06-08,put,regular,50,0.2988,658,4285.0
2026-08-20,54000,2028-06-08,put,regular,100,0.2957,658,4570.0
2026-08-20,55000,2028-06-08,put,regular,50,0.2925,658,4865.0
2026-08-20,58000,2028-06-08,put,regular,200,0.284,658,5860.0
2026-08-20,60000,2028-06-08,put,regular,250,0.2789,658,6610.0
2026-08-20,12000,2028-12-07,put,regular,300,0.4062,840,14.0
2026-08-20,16000,2028-12-07,put,regular,1950,0.4055,840,69.0
2026-08-20,18000,2028-12-07,put,regular,100,0.4053,840,126.0
2026-08-20,20000,2028-12-07,put,regular,200,0.4049,840,210.0
2026-08-20,23000,2028-12-07,put,regular,100,0.4044,840,400.0
2026-08-20,23500,2028-12-07,put,regular,38,0.4044,840,440.0
2026-08-20,24000,2028-12-07,put,regular,1000,0.4047,840,485.0
2026-08-20,25000,2028-12-07,put,regular,1200,0.4047,840,580.0
2026-08-20,27000,2028-12-07,put,regular,120,0.4042,840,800.0
2026-08-20,27500,2028-12-07,put,regular,50,0.4015,840,840.0
2026-08-20,28000,2028-12-07,put,regular,1250,0.3987,840,880.0
2026-08-20,30000,2028-12-07,put,regular,350,0.3876,840,1050.0
2026-08-20,31000,2028-12-07,put,regular,400,0.3825,840,1145.0
2026-08-20,32000,2028-12-07,put,regular,850,0.3774,840,1245.0
2026-08-20,32250,2028-12-07,put,regular,51,0.3761,840,1270.0
2026-08-20,33000,2028-12-07,put,regular,125,0.372,840,1345.0
2026-08-20,34000,2028-12-07,put,regular,775,0.367,840,1455.0
2026-08-20,34750,2028-12-07,put,regular,100,0.3629,840,1535.0
2026-08-20,35000,2028-12-07,put,regular,1305,0.3617,840,1565.0
2026-08-20,36000,2028-12-07,put,regular,2750,0.3568,840,1685.0
2026-08-20,37000,2028-12-07,put,regular,580,0.3519,840,1810.0
2026-08-20,38000,2028-12-07,put,regular,2860,0.3471,840,1940.0
2026-08-20,39000,2028-12-07,put,regular,50,0.3425,840,2080.0
2026-08-20,40000,2028-12-07,put,regular,1210,0.3378,840,2225.0
2026-08-20,42000,2028-12-07,put,regular,350,0.3287,840,2535.0
2026-08-20,43000,2028-12-07,put,regular,100,0.3244,840,2705.0
2026-08-20,44500,2028-12-07,put,regular,75,0.3184,840,2980.0
2026-08-20,45000,2028-12-07,put,regular,670,0.3163,840,3075.0
2026-08-20,48000,2028-12-07,put,regular,600,0.3049,840,3705.0
2026-08-20,50000,2028-12-07,put,regular,2450,0.2978,840,4180.0
2026-08-20,51000,2028-12-07,put,regular,150,0.2945,840,4440.0
2026-08-20,53000,2028-12-07,put,regular,50,0.2883,840,5000.0
2026-08-20,55000,2028-12-07,put,regular,705,0.2826,840,5620.0
2026-08-20,56000,2028-12-07,put,regular,450,0.2798,840,5950.0
2026-08-20,57000,2028-12-07,put,regular,150,0.2773,840,6300.0
2026-08-20,60000,2028-12-07,put,regular,550,0.2704,840,7450.0
2026-08-20,65000,2028-12-07,put,regular,900,0.2611,840,9715.0
2026-08-20,68000,2028-12-07,put,regular,100,0.2567,840,11290.0
2026-08-20,69000,2028-12-07,put,regular,270,0.2555,840,11850.0
2026-08-20,70000,2028-12-07,put,regular,100,0.2542,840,12425.0
2026-08-20,75000,2028-12-07,put,regular,80,0.249,840,15545.0
2026-08-20,15000,2029-06-07,put,regular,1,0.3896,1022,77.0
2026-08-20,15000,2029-12-13,put,regular,1,0.3746,1211,107.0
2026-08-20,23250,2029-12-13,put,regular,40,0.3723,1211,675.0
2026-08-20,32000,2029-12-13,put,regular,113,0.3469,1211,1740.0
2026-08-20,34250,2029-12-13,put,regular,6,0.336,1211,2025.0
2026-08-20,44000,2029-12-13,put,regular,100,0.2942,1211,3625.0
2026-08-20,50000,2029-12-13,put,regular,70,0.2745,1211,5065.0
2026-08-20,64000,2029-12-13,put,regular,100,0.2467,1211,10470.0
2026-08-20,65000,2029-12-13,put,regular,50,0.2454,1211,10975.0
2026-08-20,70000,2029-12-13,put,regular,100,0.2398,1211,13725.0
2026-08-20,19000,2030-06-13,put,regular,2,0.3562,1393,340.0
2026-08-20,23500,2030-12-12,put,regular,100,0.3289,1575,725.0
2026-08-20,31750,2030-12-12,put,regular,74,0.312,1575,1830.0
2026-08-20,34000,2030-12-12,put,regular,24,0.3036,1575,2150.0
2026-08-20,44000,2030-12-12,put,regular,80,0.2725,1575,4085.0
2026-08-20,49500,2030-12-12,call,regular,100,0.2,1575,5620.0
2026-08-20,64000,2030-12-12,call,regular,3,0.1959,1575,11620.0
2026-08-20,31500,2031-12-11,call,regular,52,0.2,1939,2375.0
2026-08-20,68000,2031-12-11,call,regular,100,0.2536,1939,14540.0
2026-08-20,31250,2032-12-09,call,regular,40,0.2,2303,2850.0
2026-08-20,30000,2026-09-10,call,regular,3750,0.2,21,35460.0
2026-08-20,37000,2026-09-10,call,regular,1,0.2,21,28480.0
2026-08-20,40000,2026-09-10,call,regular,5,0.2,21,25490.0
2026-08-20,42000,2026-09-10,call,regular,101,0.2,21,23500.0
2026-08-20,42500,2026-09-10,call,regular,10,0.2,21,23000.0
2026-08-20,43000,2026-09-10,call,regular,100,0.2,21,22505.0
2026-08-20,43500,2026-09-10,call,regular,57,0.2,21,22005.0
2026-08-20,45000,2026-09-10,call,regular,42,0.2,21,20515.0
2026-08-20,48000,2026-09-10,call,regular,400,0.2,21,17545.0
2026-08-20,48500,2026-09-10,call,regular,240,0.2,21,17055.0
2026-08-20,49000,2026-09-10,call,regular,200,0.2,21,16560.0
2026-08-20,50000,2026-09-10,call,regular,4650,0.2,21,15570.0
2026-08-20,50500,2026-09-10,call,regular,50,0.2,21,15080.0
2026-08-20,51000,2026-09-10,call,regular,141,0.2,21,14590.0
2026-08-20,51250,2026-09-10,call,regular,210,0.2,21,14345.0
2026-08-20,52000,2026-09-10,call,regular,350,0.2,21,13610.0
2026-08-20,53000,2026-09-10,call,regular,1100,0.2,21,12635.0
2026-08-20,53500,2026-09-10,call,regular,400,0.2,21,12150.0
2026-08-20,53750,2026-09-10,call,regular,150,0.2,21,11910.0
2026-08-20,54000,2026-09-10,call,regular,1056,0.2,21,11660.0
2026-08-20,54250,2026-09-10,call,regular,50,0.2,21,11410.0
2026-08-20,54500,2026-09-10,call,regular,200,0.2,21,11165.0
2026-08-20,54750,2026-09-10,call,regular,90,0.2,21,10915.0
2026-08-20,55000,2026-09-10,call,regular,660,0.2,21,10705.0
2026-08-20,56000,2026-09-10,call,regular,1250,0.2,21,9755.0
2026-08-20,56500,2026-09-10,call,regular,75,0.2,21,9280.0
2026-08-20,57000,2026-09-10,call,regular,850,0.2,21,8815.0
2026-08-20,57500,2026-09-10,call,regular,384,0.2,21,8350.0
2026-08-20,58000,2026-09-10,call,regular,1101,0.2,21,7895.0
2026-08-20,59000,2026-09-10,call,regular,1096,0.2174,21,7000.0
2026-08-20,60000,2026-09-10,call,regular,786,0.2817,21,6135.0
2026-08-20,60500,2026-09-10,call,regular,750,0.2935,21,5715.0
2026-08-20,60750,2026-09-10,call,regular,120,0.2901,21,5485.0
2026-08-20,61000,2026-09-10,call,regular,221,0.2969,21,5290.0
2026-08-20,61250,2026-09-10,call,regular,22,0.2976,21,5080.0
2026-08-20,61500,2026-09-10,call,regular,2,0.3027,21,4890.0
2026-08-20,61875,2026-09-10,call,regular,2,0.3039,21,4590.0
2026-08-20,62000,2026-09-10,call,regular,2002,0.3061,21,4500.0
2026-08-20,62250,2026-09-10,call,regular,1,0.3063,21,4305.0
2026-08-20,62500,2026-09-10,call,regular,801,0.3077,21,4120.0
2026-08-20,63000,2026-09-10,call,regular,963,0.3127,21,3775.0
2026-08-20,63250,2026-09-10,call,regular,1,0.315,21,3610.0
2026-08-20,63500,2026-09-10,call,regular,4,0.3127,21,3425.0
2026-08-20,64000,2026-09-10,call,regular,1685,0.313,21,3095.0
2026-08-20,64250,2026-09-10,call,regular,100,0.3102,21,2920.0
2026-08-20,64500,2026-09-10,call,regular,102,0.3108,21,2770.0
2026-08-20,64750,2026-09-10,call,regular,1,0.3106,21,2620.0
2026-08-20,65000,2026-09-10,call,regular,5254,0.3112,21,2480.0
2026-08-20,65250,2026-09-10,call,regular,2,0.311,21,2340.0
2026-08-20,65375,2026-09-10,call,regular,1,0.3106,21,2270.0
2026-08-20,65500,2026-09-10,call,regular,170,0.3084,21,2190.0
2026-08-20,65750,2026-09-10,call,regular,2,0.3042,21,2035.0
2026-08-20,66000,2026-09-10,call,regular,1626,0.308,21,1935.0
2026-08-20,66125,2026-09-10,call,regular,39,0.3071,21,1870.0
2026-08-20,66250,2026-09-10,call,regular,37,0.3077,21,1815.0
2026-08-20,66500,2026-09-10,call,regular,764,0.3082,21,1705.0
2026-08-20,66625,2026-09-10,call,regular,1,0.3066,21,1640.0
2026-08-20,66750,2026-09-10,call,regular,8,0.3064,21,1585.0
2026-08-20,67000,2026-09-10,call,regular,3266,0.3061,21,1480.0
2026-08-20,67125,2026-09-10,call,regular,1,0.306,21,1430.0
2026-08-20,67250,2026-09-10,call,regular,3,0.3058,21,1380.0
2026-08-20,67375,2026-09-10,call,regular,1,0.3054,21,1330.0
2026-08-20,67500,2026-09-10,call,regular,2134,0.308,21,1300.0
2026-08-20,67625,2026-09-10,call,regular,31,0.3055,21,1240.0
2026-08-20,67750,2026-09-10,call,regular,479,0.3053,21,1195.0
2026-08-20,67875,2026-09-10,call,regular,36,0.3058,21,1155.0
2026-08-20,68000,2026-09-10,call,regular,2059,0.306,21,1115.0
2026-08-20,68125,2026-09-10,call,regular,39,0.3044,21,1065.0
2026-08-20,68250,2026-09-10,call,regular,20,0.3051,21,1030.0
2026-08-20,68375,2026-09-10,call,regular,5,0.3048,21,990.0
2026-08-20,68500,2026-09-10,call,regular,122,0.306,21,960.0
2026-08-20,68625,2026-09-10,call,regular,6,0.3035,21,910.0
2026-08-20,68750,2026-09-10,call,regular,309,0.3043,21,880.0
2026-08-20,68875,2026-09-10,call,regular,78,0.305,21,850.0
2026-08-20,69000,2026-09-10,call,regular,1687,0.3065,21,825.0
2026-08-20,69125,2026-09-10,call,regular,52,0.305,21,785.0
2026-08-20,69250,2026-09-10,call,regular,115,0.3042,21,750.0
2026-08-20,69500,2026-09-10,call,regular,719,0.3069,21,705.0
2026-08-20,69625,2026-09-10,call,regular,50,0.3045,21,665.0
2026-08-20,69750,2026-09-10,call,regular,1423,0.3049,21,640.0
2026-08-20,69875,2026-09-10,call,regular,44,0.3041,21,610.0
2026-08-20,70000,2026-09-10,call,regular,3892,0.3074,21,600.0
2026-08-20,70125,2026-09-10,call,regular,1,0.3051,21,565.0
2026-08-20,70250,2026-09-10,call,regular,626,0.3048,21,540.0
2026-08-20,70500,2026-09-10,call,regular,328,0.3082,21,510.0
2026-08-20,70625,2026-09-10,call,regular,55,0.3051,21,475.0
2026-08-20,70750,2026-09-10,call,regular,31,0.3052,21,455.0
2026-08-20,70875,2026-09-10,call,regular,61,0.3051,21,435.0
2026-08-20,71000,2026-09-10,call,regular,1885,0.3074,21,425.0
2026-08-20,71125,2026-09-10,call,regular,57,0.3045,21,395.0
2026-08-20,71250,2026-09-10,call,regular,40,0.3038,21,375.0
2026-08-20,71375,2026-09-10,call,regular,10,0.3057,21,365.0
2026-08-20,71500,2026-09-10,call,regular,1368,0.3075,21,355.0
2026-08-20,71625,2026-09-10,call,regular,2,0.3063,21,335.0
2026-08-20,71750,2026-09-10,call,regular,4,0.3078,21,325.0
2026-08-20,71875,2026-09-10,call,regular,1,0.3063,21,305.0
2026-08-20,72000,2026-09-10,call,regular,2740,0.306,21,290.0
2026-08-20,72125,2026-09-10,call,regular,78,0.3058,21,276.0
2026-08-20,72250,2026-09-10,call,regular,39,0.3055,21,262.0
2026-08-20,72375,2026-09-10,call,regular,10,0.3049,21,248.0
2026-08-20,72500,2026-09-10,call,regular,2171,0.3083,21,246.0
2026-08-20,72750,2026-09-10,call,regular,8,0.3057,21,216.0
2026-08-20,72875,2026-09-10,call,regular,34,0.3059,21,206.0
2026-08-20,73000,2026-09-10,call,regular,2416,0.3086,21,203.0
2026-08-20,73125,2026-09-10,call,regular,5,0.3069,21,189.0
2026-08-20,73250,2026-09-10,call,regular,20,0.3071,21,180.0
2026-08-20,73375,2026-09-10,call,regular,2,0.3074,21,172.0
2026-08-20,73500,2026-09-10,call,regular,445,0.309,21,167.0
2026-08-20,73625,2026-09-10,call,regular,4,0.3087,21,158.0
2026-08-20,73750,2026-09-10,call,regular,53,0.3048,21,142.0
2026-08-20,73875,2026-09-10,call,regular,18,0.305,21,135.0
2026-08-20,74000,2026-09-10,call,regular,1041,0.308,21,134.0
2026-08-20,74125,2026-09-10,call,regular,3,0.3053,21,122.0
2026-08-20,74250,2026-09-10,call,regular,5,0.3082,21,121.0
2026-08-20,74375,2026-09-10,call,regular,1,0.3066,21,112.0
2026-08-20,74500,2026-09-10,call,regular,158,0.3094,21,111.0
2026-08-20,74625,2026-09-10,call,regular,47,0.3069,21,101.0
2026-08-20,74750,2026-09-10,call,regular,63,0.3065,21,95.0
2026-08-20,74875,2026-09-10,call,regular,3,0.3078,21,92.0
2026-08-20,75000,2026-09-10,call,regular,3090,0.3097,21,90.0
2026-08-20,75250,2026-09-10,call,regular,34,0.3071,21,77.0
2026-08-20,75375,2026-09-10,call,regular,1,0.3057,21,71.0
2026-08-20,75500,2026-09-10,call,regular,155,0.308,21,70.0
2026-08-20,76000,2026-09-10,call,regular,502,0.3091,21,57.0
2026-08-20,76500,2026-09-10,call,regular,48,0.3109,21,47.0
2026-08-20,77000,2026-09-10,call,regular,722,0.3119,21,38.0
2026-08-20,77500,2026-09-10,call,regular,978,0.3147,21,32.0
2026-08-20,78000,2026-09-10,call,regular,2327,0.3126,21,24.0
2026-08-20,78500,2026-09-10,call,regular,49,0.3151,21,20.0
2026-08-20,79000,2026-09-10,call,regular,216,0.3184,21,17.0
2026-08-20,79500,2026-09-10,call,regular,220,0.3175,21,13.0
2026-08-20,80000,2026-09-10,call,regular,1773,0.3206,21,11.0
2026-08-20,80500,2026-09-10,call,regular,36,0.3223,21,9.0
2026-08-20,81000,2026-09-10,call,regular,432,0.3224,21,7.0
2026-08-20,81500,2026-09-10,call,regular,64,0.3257,21,6.0
2026-08-20,82000,2026-09-10,call,regular,420,0.3281,21,5.0
2026-08-20,82500,2026-09-10,call,regular,34,0.3291,21,4.0
2026-08-20,83000,2026-09-10,call,regular,512,0.3371,21,4.0
2026-08-20,83500,2026-09-10,call,regular,10,0.336,21,3.0
2026-08-20,84000,2026-09-10,call,regular,980,0.3436,21,3.0
2026-08-20,84500,2026-09-10,call,regular,35,0.3391,21,2.0
2026-08-20,85000,2026-09-10,call,regular,1490,0.3464,21,2.0
2026-08-20,87500,2026-09-10,call,regular,445,0.3821,21,2.0
2026-08-20,90000,2026-09-10,call,regular,548,0.3946,21,1.0
2026-08-20,92000,2026-09-10,call,regular,56,0.42,21,1.0
2026-08-20,94000,2026-09-10,call,regular,17,0.4448,21,1.0
2026-08-20,95000,2026-09-10,call,regular,43,0.4569,21,1.0
2026-08-20,96000,2026-09-10,call,regular,20,0.4689,21,1.0
2026-08-20,98000,2026-09-10,call,regular,15,0.4924,21,1.0
2026-08-20,100000,2026-09-10,call,regular,89,0.5154,21,1.0
2026-08-20,35000,2026-10-08,call,regular,20,0.2,49,30130.0
2026-08-20,45000,2026-10-08,call,regular,2,0.2,49,20255.0
2026-08-20,47500,2026-10-08,call,regular,34,0.2,49,17810.0
2026-08-20,53000,2026-10-08,call,regular,34,0.2,49,12545.0
2026-08-20,55000,2026-10-08,call,regular,4,0.2,49,10705.0
2026-08-20,57000,2026-10-08,call,regular,1,0.2,49,8940.0
2026-08-20,58000,2026-10-08,call,regular,1,0.2153,49,8090.0
2026-08-20,60000,2026-10-08,call,regular,1,0.2624,49,6500.0
2026-08-20,60500,2026-10-08,call,regular,100,0.2661,49,6115.0
2026-08-20,61000,2026-10-08,call,regular,201,0.2704,49,5750.0
2026-08-20,62000,2026-10-08,call,regular,29,0.2698,49,5000.0
2026-08-20,63000,2026-10-08,call,regular,4,0.2782,49,4380.0
2026-08-20,63875,2026-10-08,call,regular,50,0.2796,49,3840.0
2026-08-20,64000,2026-10-08,call,regular,31,0.2785,49,3755.0
2026-08-20,65000,2026-10-08,call,regular,100,0.2783,49,3185.0
2026-08-20,65250,2026-10-08,call,regular,1,0.2786,49,3055.0
2026-08-20,65500,2026-10-08,call,regular,60,0.2785,49,2925.0
2026-08-20,65750,2026-10-08,call,regular,1,0.279,49,2805.0
2026-08-20,66000,2026-10-08,call,regular,303,0.2792,49,2685.0
2026-08-20,66250,2026-10-08,call,regular,4,0.279,49,2565.0
2026-08-20,67000,2026-10-08,call,regular,380,0.2797,49,2240.0
2026-08-20,67500,2026-10-08,call,regular,107,0.2726,49,1970.0
2026-08-20,67750,2026-10-08,call,regular,1,0.2722,49,1870.0
2026-08-20,68000,2026-10-08,call,regular,523,0.2725,49,1780.0
2026-08-20,68125,2026-10-08,call,regular,13,0.2676,49,1690.0
2026-08-20,68250,2026-10-08,call,regular,2,0.2718,49,1685.0
2026-08-20,68375,2026-10-08,call,regular,3,0.276,49,1680.0
2026-08-20,68500,2026-10-08,call,regular,202,0.2801,49,1675.0
2026-08-20,69000,2026-10-08,call,regular,337,0.2804,49,1515.0
2026-08-20,69500,2026-10-08,call,regular,4,0.2799,49,1360.0
2026-08-20,69750,2026-10-08,call,regular,1,0.28,49,1290.0
2026-08-20,70000,2026-10-08,call,regular,583,0.2809,49,1230.0
2026-08-20,70500,2026-10-08,call,regular,100,0.2805,49,1100.0
2026-08-20,70750,2026-10-08,call,regular,1,0.2805,49,1040.0
2026-08-20,71000,2026-10-08,call,regular,115,0.2807,49,985.0
2026-08-20,71500,2026-10-08,call,regular,3,0.2816,49,885.0
2026-08-20,72000,2026-10-08,call,regular,407,0.2819,49,790.0
2026-08-20,72250,2026-10-08,call,regular,6,0.2826,49,750.0
2026-08-20,72500,2026-10-08,call,regular,1,0.2823,49,705.0
2026-08-20,72750,2026-10-08,call,regular,7,0.2833,49,670.0
2026-08-20,73000,2026-10-08,call,regular,1256,0.2831,49,630.0
2026-08-20,73250,2026-10-08,call,regular,1,0.2835,49,595.0
2026-08-20,73500,2026-10-08,call,regular,6,0.2836,49,560.0
2026-08-20,74000,2026-10-08,call,regular,371,0.2845,49,500.0
2026-08-20,74500,2026-10-08,call,regular,54,0.2853,49,445.0
2026-08-20,75000,2026-10-08,call,regular,1268,0.286,49,395.0
2026-08-20,75500,2026-10-08,call,regular,1,0.2866,49,350.0
2026-08-20,76000,2026-10-08,call,regular,402,0.2842,49,297.0
2026-08-20,76250,2026-10-08,call,regular,2404000,0.2885,49,295.0
2026-08-20,77000,2026-10-08,call,regular,1101,0.289,49,243.0
2026-08-20,77500,2026-10-08,call,regular,101,0.2904,49,217.0
2026-08-20,78000,2026-10-08,call,regular,516,0.2906,49,190.0
2026-08-20,78500,2026-10-08,call,regular,3,0.289,49,161.0
2026-08-20,79000,2026-10-08,call,regular,5,0.2875,49,136.0
2026-08-20,79500,2026-10-08,call,regular,4,0.2894,49,122.0
2026-08-20,80000,2026-10-08,call,regular,1778,0.2901,49,107.0
2026-08-20,80500,2026-10-08,call,regular,271000,0.2905,49,93.0
2026-08-20,81000,2026-10-08,call,regular,447,0.2933,49,85.0
2026-08-20,81500,2026-10-08,call,regular,2,0.293,49,73.0
2026-08-20,82000,2026-10-08,call,regular,33,0.296,49,67.0
2026-08-20,82500,2026-10-08,call,regular,1,0.2984,49,61.0
2026-08-20,83000,2026-10-08,call,regular,6,0.2954,49,49.0
2026-08-20,83500,2026-10-08,call,regular,8,0.3,49,47.0
2026-08-20,84000,2026-10-08,call,regular,9,0.2996,49,40.0
2026-08-20,85000,2026-10-08,call,regular,142,0.299,49,29.0
2026-08-20,87500,2026-10-08,call,regular,10,0.3077,49,17.0
2026-08-20,90000,2026-10-08,call,regular,96,0.3088,49,8.0
2026-08-20,92500,2026-10-08,call,regular,1,0.3285,49,7.0
2026-08-20,95000,2026-10-08,call,regular,13,0.3407,49,5.0
2026-08-20,100000,2026-10-08,call,regular,32,0.3373,49,1.0
2026-08-20,44500,2026-11-12,call,regular,1,0.2,84,20920.0
2026-08-20,50250,2026-11-12,call,regular,35,0.2,84,15455.0
2026-08-20,56000,2026-11-12,call,regular,34,0.2653,84,10350.0
2026-08-20,57500,2026-11-12,call,regular,100,0.2754,84,9115.0
2026-08-20,60500,2026-11-12,call,regular,100,0.282,84,6835.0
2026-08-20,61000,2026-11-12,call,regular,200,0.2799,84,6460.0
2026-08-20,63000,2026-11-12,call,regular,1,0.2832,84,5190.0
2026-08-20,64000,2026-11-12,call,regular,125,0.2824,84,4595.0
2026-08-20,65000,2026-11-12,call,regular,10,0.2812,84,4040.0
2026-08-20,65500,2026-11-12,call,regular,101,0.2787,84,3755.0
2026-08-20,66000,2026-11-12,call,regular,321,0.2788,84,3515.0
2026-08-20,67000,2026-11-12,call,regular,938,0.2781,84,3055.0
2026-08-20,67500,2026-11-12,call,regular,301,0.2772,84,2835.0
2026-08-20,68000,2026-11-12,call,regular,130,0.2742,84,2600.0
2026-08-20,68375,2026-11-12,call,regular,16,0.2743,84,2460.0
2026-08-20,68500,2026-11-12,call,regular,1,0.2736,84,2405.0
2026-08-20,69000,2026-11-12,call,regular,1162,0.2737,84,2230.0
2026-08-20,69500,2026-11-12,call,regular,4,0.2763,84,2095.0
2026-08-20,70000,2026-11-12,call,regular,1017,0.276,84,1935.0
2026-08-20,70500,2026-11-12,call,regular,1,0.2763,84,1790.0
2026-08-20,71000,2026-11-12,call,regular,300,0.2757,84,1645.0
2026-08-20,71500,2026-11-12,call,regular,278,0.2761,84,1520.0
2026-08-20,72000,2026-11-12,call,regular,195,0.2758,84,1395.0
2026-08-20,72500,2026-11-12,call,regular,201,0.2761,84,1285.0
2026-08-20,74000,2026-11-12,call,regular,100,0.2766,84,995.0
2026-08-20,74500,2026-11-12,call,regular,116,0.2738,84,885.0
2026-08-20,75000,2026-11-12,call,regular,836,0.2765,84,830.0
2026-08-20,75500,2026-11-12,call,regular,75,0.2762,84,755.0
2026-08-20,76000,2026-11-12,call,regular,1,0.2758,84,685.0
2026-08-20,76500,2026-11-12,call,regular,278,0.2767,84,630.0
2026-08-20,77000,2026-11-12,call,regular,120,0.2763,84,570.0
2026-08-20,78000,2026-11-12,call,regular,2,0.2772,84,475.0
2026-08-20,79000,2026-11-12,call,regular,5,0.2773,84,390.0
2026-08-20,80000,2026-11-12,call,regular,90,0.2796,84,330.0
2026-08-20,82500,2026-11-12,call,regular,1,0.2793,84,196.0
2026-08-20,87500,2026-11-12,call,regular,1,0.2866,84,77.0
2026-08-20,90000,2026-11-12,call,regular,3,0.3083,84,74.0
2026-08-20,92500,2026-11-12,call,regular,1,0.3188,84,57.0
2026-08-20,95000,2026-11-12,call,regular,6,0.3145,84,31.0
2026-08-20,100000,2026-11-12,call,regular,5,0.3314,84,18.0
2026-08-20,12500,2026-12-10,call,regular,84,0.2,112,52500.0
2026-08-20,20000,2026-12-10,call,regular,150,0.2,112,45040.0
2026-08-20,22000,2026-12-10,call,regular,100,0.2,112,43055.0
2026-08-20,25000,2026-12-10,call,regular,300,0.2,112,40080.0
2026-08-20,26000,2026-12-10,call,regular,350,0.2,112,39090.0
2026-08-20,27000,2026-12-10,call,regular,250,0.2,112,38100.0
2026-08-20,28000,2026-12-10,call,regular,75,0.2,112,37115.0
2026-08-20,28500,2026-12-10,call,regular,125,0.2,112,36620.0
2026-08-20,29000,2026-12-10,call,regular,150,0.2,112,36125.0
2026-08-20,30000,2026-12-10,call,regular,100,0.2,112,35140.0
2026-08-20,30500,2026-12-10,call,regular,50,0.2,112,34680.0
2026-08-20,31000,2026-12-10,call,regular,241,0.2,112,34190.0
2026-08-20,31500,2026-12-10,call,regular,50,0.2,112,33695.0
2026-08-20,32000,2026-12-10,call,regular,700,0.2,112,33205.0
2026-08-20,32500,2026-12-10,call,regular,250,0.2,112,32710.0
2026-08-20,33000,2026-12-10,call,regular,1950,0.2,112,32220.0
2026-08-20,34000,2026-12-10,call,regular,280,0.2,112,31240.0
2026-08-20,34500,2026-12-10,call,regular,400,0.2,112,30750.0
2026-08-20,35000,2026-12-10,call,regular,435,0.2,112,30255.0
2026-08-20,36000,2026-12-10,call,regular,975,0.2,112,29280.0
2026-08-20,36500,2026-12-10,call,regular,252,0.2,112,28790.0
2026-08-20,37000,2026-12-10,call,regular,450,0.2,112,28300.0
2026-08-20,37500,2026-12-10,call,regular,88,0.2,112,27810.0
2026-08-20,37750,2026-12-10,call,regular,100,0.2,112,27570.0
2026-08-20,38000,2026-12-10,call,regular,1225,0.2,112,27325.0
2026-08-20,38500,2026-12-10,call,regular,700,0.2,112,26835.0
2026-08-20,38750,2026-12-10,call,regular,50,0.2,112,26595.0
2026-08-20,39000,2026-12-10,call,regular,750,0.2,112,26350.0
2026-08-20,39500,2026-12-10,call,regular,500,0.2,112,25865.0
2026-08-20,40000,2026-12-10,call,regular,1200,0.2,112,25375.0
2026-08-20,40500,2026-12-10,call,regular,400,0.2,112,24895.0
2026-08-20,41000,2026-12-10,call,regular,1300,0.2,112,24410.0
2026-08-20,41500,2026-12-10,call,regular,100,0.2,112,23925.0
2026-08-20,42000,2026-12-10,call,regular,1071,0.2,112,23440.0
2026-08-20,42500,2026-12-10,call,regular,250,0.2,112,22960.0
2026-08-20,43000,2026-12-10,call,regular,1400,0.2,112,22480.0
2026-08-20,43750,2026-12-10,call,regular,131,0.2,112,21760.0
2026-08-20,44000,2026-12-10,call,regular,600,0.2,112,21520.0
2026-08-20,45000,2026-12-10,call,regular,1842,0.2,112,20565.0
2026-08-20,45250,2026-12-10,call,regular,413,0.2,112,20325.0
2026-08-20,45500,2026-12-10,call,regular,200,0.2,112,20085.0
2026-08-20,46000,2026-12-10,call,regular,2300,0.2,112,19615.0
2026-08-20,46250,2026-12-10,call,regular,315,0.2,112,19375.0
2026-08-20,47000,2026-12-10,call,regular,350,0.2,112,18670.0
2026-08-20,47500,2026-12-10,call,regular,200,0.2,112,18200.0
2026-08-20,48000,2026-12-10,call,regular,750,0.2,112,17735.0
2026-08-20,49000,2026-12-10,call,regular,1000,0.2,112,16805.0
2026-08-20,49500,2026-12-10,call,regular,260,0.2,112,16345.0
2026-08-20,50000,2026-12-10,call,regular,3342,0.2,112,15885.0
2026-08-20,50250,2026-12-10,call,regular,58,0.2,112,15660.0
2026-08-20,50500,2026-12-10,call,regular,600,0.2,112,15430.0
2026-08-20,50750,2026-12-10,call,regular,45,0.2,112,15205.0
2026-08-20,51000,2026-12-10,call,regular,731,0.2,112,14980.0
2026-08-20,52000,2026-12-10,call,regular,802,0.231,112,14085.0
2026-08-20,52250,2026-12-10,call,regular,250,0.239,112,13865.0
2026-08-20,52500,2026-12-10,call,regular,50,0.2434,112,13640.0
2026-08-20,53000,2026-12-10,call,regular,1135,0.2535,112,13205.0
2026-08-20,53500,2026-12-10,call,regular,106,0.26,112,12770.0
2026-08-20,54000,2026-12-10,call,regular,1941,0.2651,112,12340.0
2026-08-20,54500,2026-12-10,call,regular,540,0.2692,112,11915.0
2026-08-20,55000,2026-12-10,call,regular,1829,0.2723,112,11495.0
2026-08-20,55500,2026-12-10,call,regular,300,0.2741,112,11075.0
2026-08-20,56000,2026-12-10,call,regular,791,0.2761,112,10665.0
2026-08-20,56500,2026-12-10,call,regular,283,0.2782,112,10265.0
2026-08-20,57000,2026-12-10,call,regular,500,0.2791,112,9865.0
2026-08-20,57250,2026-12-10,call,regular,113,0.2798,112,9670.0
2026-08-20,57500,2026-12-10,call,regular,80,0.2802,112,9475.0
2026-08-20,58000,2026-12-10,call,regular,2603,0.2809,112,9090.0
2026-08-20,58500,2026-12-10,call,regular,350,0.2811,112,8710.0
2026-08-20,59000,2026-12-10,call,regular,1900,0.2815,112,8340.0
2026-08-20,59500,2026-12-10,call,regular,100,0.282,112,7980.0
2026-08-20,60000,2026-12-10,call,regular,7264,0.2816,112,7620.0
2026-08-20,60500,2026-12-10,call,regular,102,0.2817,112,7275.0
2026-08-20,61000,2026-12-10,call,regular,813,0.2815,112,6935.0
2026-08-20,62000,2026-12-10,call,regular,1350,0.2816,112,6290.0
2026-08-20,62500,2026-12-10,call,regular,828,0.2811,112,5975.0
2026-08-20,63000,2026-12-10,call,regular,1615,0.281,112,5675.0
2026-08-20,63750,2026-12-10,call,regular,25,0.2798,112,5230.0
2026-08-20,64000,2026-12-10,call,regular,1990,0.2801,112,5095.0
2026-08-20,65000,2026-12-10,call,regular,3132,0.2782,112,4540.0
2026-08-20,65500,2026-12-10,call,regular,584,0.2774,112,4280.0
2026-08-20,66000,2026-12-10,call,regular,745,0.2767,112,4030.0
2026-08-20,66250,2026-12-10,call,regular,15,0.2765,112,3910.0
2026-08-20,66500,2026-12-10,call,regular,600,0.2764,112,3795.0
2026-08-20,67000,2026-12-10,call,regular,1128,0.2757,112,3565.0
2026-08-20,67250,2026-12-10,call,regular,25,0.2754,112,3455.0
2026-08-20,67500,2026-12-10,call,regular,25,0.275,112,3345.0
2026-08-20,68000,2026-12-10,call,regular,3143,0.2751,112,3145.0
2026-08-20,68500,2026-12-10,call,regular,400,0.2742,112,2940.0
2026-08-20,69000,2026-12-10,call,regular,1494,0.274,112,2755.0
2026-08-20,69250,2026-12-10,call,regular,50,0.2738,112,2665.0
2026-08-20,69750,2026-12-10,call,regular,158,0.2738,112,2495.0
2026-08-20,70000,2026-12-10,call,regular,5362,0.2735,112,2410.0
2026-08-20,71000,2026-12-10,call,regular,530,0.2731,112,2100.0
2026-08-20,72000,2026-12-10,call,regular,1360,0.2725,112,1820.0
2026-08-20,72250,2026-12-10,call,regular,2,0.2728,112,1760.0
2026-08-20,72500,2026-12-10,call,regular,2102,0.2729,112,1700.0
2026-08-20,73000,2026-12-10,call,regular,800,0.2728,112,1580.0
2026-08-20,73500,2026-12-10,call,regular,400,0.2724,112,1465.0
2026-08-20,74000,2026-12-10,call,regular,1050,0.2724,112,1360.0
2026-08-20,75000,2026-12-10,call,regular,3582,0.2723,112,1170.0
2026-08-20,75750,2026-12-10,call,regular,1,0.2725,112,1045.0
2026-08-20,76000,2026-12-10,call,regular,432,0.2725,112,1005.0
2026-08-20,77000,2026-12-10,call,regular,459,0.2726,112,860.0
2026-08-20,77500,2026-12-10,call,regular,1055,0.2716,112,785.0
2026-08-20,78000,2026-12-10,call,regular,381,0.2729,112,735.0
2026-08-20,79000,2026-12-10,call,regular,204,0.273,112,625.0
2026-08-20,80000,2026-12-10,call,regular,7196,0.2738,112,535.0
2026-08-20,81000,2026-12-10,call,regular,1,0.2743,112,455.0
2026-08-20,82500,2026-12-10,call,regular,1126,0.2758,112,360.0
2026-08-20,83000,2026-12-10,call,regular,120,0.2757,112,330.0
2026-08-20,84000,2026-12-10,call,regular,522,0.276,112,278.0
2026-08-20,85000,2026-12-10,call,regular,705,0.2767,112,236.0
2026-08-20,87500,2026-12-10,call,regular,2457,0.279,112,157.0
2026-08-20,90000,2026-12-10,call,regular,1776,0.2829,112,108.0
2026-08-20,95000,2026-12-10,call,regular,1072,0.2869,112,47.0
2026-08-20,100000,2026-12-10,call,regular,500,0.2933,112,22.0
2026-08-20,54250,2027-01-07,call,regular,27,0.2886,140,12485.0
2026-08-20,61000,2027-01-07,call,regular,26,0.2846,140,7395.0
2026-08-20,63750,2027-01-07,call,regular,50,0.2796,140,5690.0
2026-08-20,64000,2027-01-07,call,regular,100,0.2796,140,5555.0
2026-08-20,69000,2027-01-07,call,regular,1,0.2706,140,3165.0
2026-08-20,69500,2027-01-07,call,regular,2,0.2701,140,2980.0
2026-08-20,70000,2027-01-07,call,regular,2,0.2701,140,2810.0
2026-08-20,70250,2027-01-07,call,regular,1,0.2696,140,2720.0
2026-08-20,70500,2027-01-07,call,regular,2,0.269,140,2630.0
2026-08-20,71000,2027-01-07,call,regular,1,0.2692,140,2480.0
2026-08-20,71500,2027-01-07,call,regular,50,0.267,140,2300.0
2026-08-20,72000,2027-01-07,call,regular,2,0.2666,140,2155.0
2026-08-20,73000,2027-01-07,call,regular,1,0.2658,140,1885.0
2026-08-20,74000,2027-01-07,call,regular,1,0.2647,140,1640.0
2026-08-20,75000,2027-01-07,call,regular,1,0.2644,140,1430.0
2026-08-20,80000,2027-01-07,call,regular,1,0.2642,140,700.0
2026-08-20,100000,2027-01-07,call,regular,3,0.2884,140,49.0
2026-08-20,56000,2027-02-10,call,regular,8,0.2968,174,11490.0
2026-08-20,56750,2027-02-10,call,regular,60,0.2956,174,10915.0
2026-08-20,64000,2027-02-10,call,regular,60,0.2814,174,6095.0
2026-08-20,66000,2027-02-10,call,regular,8,0.2756,174,5005.0
2026-08-20,72500,2027-02-10,call,regular,75,0.2708,174,2545.0
2026-08-20,75000,2027-02-10,call,regular,100,0.2702,174,1920.0
2026-08-20,52000,2027-03-11,call,regular,560,0.2951,203,14915.0
2026-08-20,52750,2027-03-11,call,regular,8,0.2946,203,14290.0
2026-08-20,53000,2027-03-11,call,regular,275,0.2945,203,14085.0
2026-08-20,53500,2027-03-11,call,regular,202,0.2939,203,13675.0
2026-08-20,53750,2027-03-11,call,regular,44,0.2938,203,13475.0
2026-08-20,54000,2027-03-11,call,regular,267,0.2937,203,13275.0
2026-08-20,55000,2027-03-11,call,regular,550,0.2923,203,12480.0
2026-08-20,56000,2027-03-11,call,regular,50,0.2911,203,11710.0
2026-08-20,56500,2027-03-11,call,regular,1,0.2902,203,11330.0
2026-08-20,57000,2027-03-11,call,regular,365,0.2896,203,10960.0
2026-08-20,58000,2027-03-11,call,regular,150,0.2877,203,10230.0
2026-08-20,59500,2027-03-11,call,regular,200,0.2851,203,9185.0
2026-08-20,59750,2027-03-11,call,regular,2,0.2849,203,9020.0
2026-08-20,60000,2027-03-11,call,regular,12,0.2843,203,8850.0
2026-08-20,60250,2027-03-11,call,regular,44,0.2838,203,8685.0
2026-08-20,61000,2027-03-11,call,regular,160,0.2828,203,8205.0
2026-08-20,61750,2027-03-11,call,regular,1,0.2815,203,7735.0
2026-08-20,62500,2027-03-11,call,regular,508,0.2801,203,7280.0
2026-08-20,63000,2027-03-11,call,regular,392,0.2794,203,6990.0
2026-08-20,64000,2027-03-11,call,regular,100,0.2777,203,6425.0
2026-08-20,64250,2027-03-11,call,regular,100,0.2774,203,6290.0
2026-08-20,65000,2027-03-11,call,regular,801,0.2763,203,5895.0
2026-08-20,66000,2027-03-11,call,regular,700,0.275,203,5395.0
2026-08-20,66250,2027-03-11,call,regular,15,0.2747,203,5275.0
2026-08-20,66500,2027-03-11,call,regular,6,0.2743,203,5155.0
2026-08-20,67000,2027-03-11,call,regular,200,0.2734,203,4920.0
2026-08-20,68000,2027-03-11,call,regular,300,0.2722,203,4480.0
2026-08-20,69000,2027-03-11,call,regular,350,0.2711,203,4070.0
2026-08-20,69250,2027-03-11,call,regular,10,0.2707,203,3970.0
2026-08-20,70000,2027-03-11,call,regular,666,0.2701,203,3690.0
2026-08-20,70500,2027-03-11,call,regular,150,0.2696,203,3510.0
2026-08-20,71000,2027-03-11,call,regular,100,0.269,203,3335.0
2026-08-20,72000,2027-03-11,call,regular,650,0.2682,203,3010.0
2026-08-20,72500,2027-03-11,call,regular,85,0.2677,203,2855.0
2026-08-20,73000,2027-03-11,call,regular,400,0.2673,203,2710.0
2026-08-20,73500,2027-03-11,call,regular,1,0.267,203,2570.0
2026-08-20,74000,2027-03-11,call,regular,3,0.2666,203,2435.0
2026-08-20,75000,2027-03-11,call,regular,655,0.2659,203,2185.0
2026-08-20,77500,2027-03-11,call,regular,400,0.2647,203,1655.0
2026-08-20,80000,2027-03-11,call,regular,288,0.2641,203,1245.0
2026-08-20,82500,2027-03-11,call,regular,737,0.2643,203,935.0
2026-08-20,85000,2027-03-11,call,regular,330,0.2648,203,700.0
2026-08-20,90000,2027-03-11,call,regular,350,0.2673,203,395.0
2026-08-20,95000,2027-03-11,call,regular,500,0.2734,203,238.0
2026-08-20,100000,2027-03-11,call,regular,78,0.2845,203,163.0
2026-08-20,57000,2027-04-08,call,regular,25,0.2745,231,11010.0
2026-08-20,57750,2027-04-08,call,regular,88,0.274,231,10475.0
2026-08-20,65000,2027-04-08,call,regular,88,0.2664,231,6050.0
2026-08-20,67000,2027-04-08,call,regular,25,0.2646,231,5095.0
2026-08-20,60250,2027-05-13,call,regular,8,0.2742,266,9205.0
2026-08-20,61250,2027-05-13,call,regular,23,0.2729,266,8585.0
2026-08-20,71000,2027-05-13,call,regular,23,0.2632,266,3955.0
2026-08-20,72000,2027-05-13,call,regular,8,0.2628,266,3625.0
2026-08-20,16250,2027-06-10,call,regular,114,0.2,294,48635.0
2026-08-20,30000,2027-06-10,call,regular,300,0.2,294,35280.0
2026-08-20,33000,2027-06-10,call,regular,50,0.2,294,32410.0
2026-08-20,36000,2027-06-10,call,regular,150,0.2,294,29565.0
2026-08-20,37000,2027-06-10,call,regular,50,0.2,294,28620.0
2026-08-20,37250,2027-06-10,call,regular,480,0.2,294,28385.0
2026-08-20,38500,2027-06-10,call,regular,140,0.2,294,27215.0
2026-08-20,39000,2027-06-10,call,regular,50,0.2,294,26750.0
2026-08-20,44500,2027-06-10,call,regular,300,0.257,294,21735.0
2026-08-20,50000,2027-06-10,call,regular,300,0.2813,294,17005.0
2026-08-20,50500,2027-06-10,call,regular,175,0.2817,294,16595.0
2026-08-20,53000,2027-06-10,call,regular,100,0.2817,294,14600.0
2026-08-20,54000,2027-06-10,call,regular,1050,0.2814,294,13835.0
2026-08-20,55000,2027-06-10,call,regular,300,0.2808,294,13090.0
2026-08-20,56000,2027-06-10,call,regular,175,0.2801,294,12365.0
2026-08-20,57000,2027-06-10,call,regular,50,0.2792,294,11660.0
2026-08-20,58500,2027-06-10,call,regular,58,0.2776,294,10640.0
2026-08-20,60000,2027-06-10,call,regular,750,0.276,294,9675.0
2026-08-20,62500,2027-06-10,call,regular,150,0.2729,294,8180.0
2026-08-20,63000,2027-06-10,call,regular,100,0.2724,294,7900.0
2026-08-20,64000,2027-06-10,call,regular,200,0.2713,294,7360.0
2026-08-20,65000,2027-06-10,call,regular,250,0.2699,294,6840.0
2026-08-20,65500,2027-06-10,call,regular,62,0.2693,294,6590.0
2026-08-20,66500,2027-06-10,call,regular,125,0.2681,294,6110.0
2026-08-20,67000,2027-06-10,call,regular,470,0.2676,294,5880.0
2026-08-20,68000,2027-06-10,call,regular,400,0.2664,294,5435.0
2026-08-20,68250,2027-06-10,call,regular,15,0.2662,294,5330.0
2026-08-20,68500,2027-06-10,call,regular,200,0.2659,294,5225.0
2026-08-20,69000,2027-06-10,call,regular,1,0.2652,294,5015.0
2026-08-20,69250,2027-06-10,call,regular,36,0.2649,294,4915.0
2026-08-20,70000,2027-06-10,call,regular,550,0.2641,294,4620.0
2026-08-20,71000,2027-06-10,call,regular,100,0.2628,294,4245.0
2026-08-20,72000,2027-06-10,call,regular,100,0.2617,294,3895.0
2026-08-20,74000,2027-06-10,call,regular,400,0.2592,294,3255.0
2026-08-20,75000,2027-06-10,call,regular,475,0.2582,294,2970.0
2026-08-20,77500,2027-06-10,call,regular,36,0.2555,294,2340.0
2026-08-20,80000,2027-06-10,call,regular,16,0.2532,294,1825.0
2026-08-20,85000,2027-06-10,call,regular,850,0.251,294,1105.0
2026-08-20,90000,2027-06-10,call,regular,100,0.252,294,680.0
2026-08-20,65750,2027-07-08,call,regular,20,0.2665,322,6700.0
2026-08-20,66750,2027-07-08,call,regular,32,0.2658,322,6240.0
2026-08-20,75000,2027-07-08,call,regular,32,0.2614,322,3305.0
2026-08-20,77000,2027-07-08,call,regular,20,0.2601,322,2790.0
2026-08-20,68000,2027-08-12,call,regular,22,0.2665,357,6085.0
2026-08-20,69000,2027-08-12,call,regular,53,0.266,357,5680.0
2026-08-20,78000,2027-08-12,call,regular,75,0.2596,357,2855.0
2026-08-20,65000,2027-09-09,call,regular,1,0.2712,385,7785.0
2026-08-20,77500,2027-09-09,call,regular,2,0.2633,385,3290.0
2026-08-20,28000,2027-12-09,call,regular,50,0.2,476,37305.0
2026-08-20,30000,2027-12-09,call,regular,225,0.2,476,35420.0
2026-08-20,31500,2027-12-09,call,regular,50,0.2,476,34015.0
2026-08-20,32000,2027-12-09,call,regular,100,0.2,476,33550.0
2026-08-20,33000,2027-12-09,call,regular,100,0.2,476,32620.0
2026-08-20,34000,2027-12-09,call,regular,375,0.2,476,31700.0
2026-08-20,35000,2027-12-09,call,regular,201,0.2,476,30780.0
2026-08-20,36000,2027-12-09,call,regular,80,0.2,476,29870.0
2026-08-20,36750,2027-12-09,call,regular,442,0.2,476,29190.0
2026-08-20,37000,2027-12-09,call,regular,200,0.2,476,28960.0
2026-08-20,38000,2027-12-09,call,regular,575,0.2028,476,28060.0
2026-08-20,39000,2027-12-09,call,regular,125,0.2393,476,27170.0
2026-08-20,39250,2027-12-09,call,regular,50,0.2433,476,26945.0
2026-08-20,39500,2027-12-09,call,regular,50,0.2478,476,26725.0
2026-08-20,40000,2027-12-09,call,regular,350,0.2547,476,26285.0
2026-08-20,40500,2027-12-09,call,regular,450,0.2598,476,25845.0
2026-08-20,41000,2027-12-09,call,regular,375,0.2643,476,25410.0
2026-08-20,42000,2027-12-09,call,regular,200,0.2702,476,24540.0
2026-08-20,43000,2027-12-09,call,regular,400,0.2743,476,23680.0
2026-08-20,43500,2027-12-09,call,regular,150,0.2759,476,23255.0
2026-08-20,45000,2027-12-09,call,regular,1950,0.2793,476,21995.0
2026-08-20,46000,2027-12-09,call,regular,500,0.2806,476,21170.0
2026-08-20,48000,2027-12-09,call,regular,225,0.2816,476,19555.0
2026-08-20,49000,2027-12-09,call,regular,700,0.2815,476,18765.0
2026-08-20,50000,2027-12-09,call,regular,1950,0.2814,476,17995.0
2026-08-20,51000,2027-12-09,call,regular,300,0.2808,476,17235.0
2026-08-20,52500,2027-12-09,call,regular,100,0.2797,476,16125.0
2026-08-20,54000,2027-12-09,call,regular,300,0.2783,476,15050.0
2026-08-20,54500,2027-12-09,call,regular,100,0.278,476,14705.0
2026-08-20,55000,2027-12-09,call,regular,704,0.2775,476,14360.0
2026-08-20,57000,2027-12-09,call,regular,250,0.2754,476,13025.0
2026-08-20,58000,2027-12-09,call,regular,500,0.2742,476,12385.0
2026-08-20,60000,2027-12-09,call,regular,1225,0.272,476,11165.0
2026-08-20,61000,2027-12-09,call,regular,200,0.2709,476,10585.0
2026-08-20,62000,2027-12-09,call,regular,200,0.2699,476,10025.0
2026-08-20,62500,2027-12-09,call,regular,70,0.2694,476,9755.0
2026-08-20,63000,2027-12-09,call,regular,300,0.2688,476,9485.0
2026-08-20,63500,2027-12-09,call,regular,50,0.2684,476,9225.0
2026-08-20,64000,2027-12-09,call,regular,780,0.2679,476,8970.0
2026-08-20,65000,2027-12-09,call,regular,550,0.2669,476,8470.0
2026-08-20,66000,2027-12-09,call,regular,475,0.2659,476,7990.0
2026-08-20,67000,2027-12-09,call,regular,100,0.2651,476,7535.0
2026-08-20,68000,2027-12-09,call,regular,200,0.2643,476,7100.0
2026-08-20,69000,2027-12-09,call,regular,850,0.2634,476,6680.0
2026-08-20,70000,2027-12-09,call,regular,850,0.2627,476,6285.0
2026-08-20,72500,2027-12-09,call,regular,100,0.2612,476,5380.0
2026-08-20,75000,2027-12-09,call,regular,177,0.2599,476,4590.0
2026-08-20,80000,2027-12-09,call,regular,1000,0.2585,476,3320.0
2026-08-20,87500,2027-12-09,call,regular,100,0.2587,476,2035.0
2026-08-20,41500,2028-06-08,call,regular,100,0.288,658,25665.0
2026-08-20,28000,2028-12-07,call,regular,50,0.2,840,37740.0
2026-08-20,30000,2028-12-07,call,regular,80,0.2,840,35985.0
2026-08-20,31000,2028-12-07,call,regular,200,0.2206,840,35110.0
2026-08-20,32000,2028-12-07,call,regular,75,0.2512,840,34240.0
2026-08-20,33000,2028-12-07,call,regular,125,0.2661,840,33375.0
2026-08-20,34500,2028-12-07,call,regular,330,0.2789,840,32090.0
2026-08-20,34750,2028-12-07,call,regular,100,0.2807,840,31880.0
2026-08-20,35500,2028-12-07,call,regular,443,0.2839,840,31240.0
2026-08-20,36000,2028-12-07,call,regular,450,0.286,840,30820.0
2026-08-20,36500,2028-12-07,call,regular,52,0.2872,840,30395.0
2026-08-20,38000,2028-12-07,call,regular,120,0.2901,840,29140.0
2026-08-20,39000,2028-12-07,call,regular,575,0.2912,840,28315.0
2026-08-20,40000,2028-12-07,call,regular,30,0.2913,840,27490.0
2026-08-20,41000,2028-12-07,call,regular,375,0.2913,840,26680.0
2026-08-20,42000,2028-12-07,call,regular,65,0.2908,840,25875.0
2026-08-20,42500,2028-12-07,call,regular,100,0.2904,840,25475.0
2026-08-20,50000,2028-12-07,call,regular,400,0.2801,840,19785.0
2026-08-20,53000,2028-12-07,call,regular,50,0.2754,840,17705.0
2026-08-20,55000,2028-12-07,call,regular,50,0.2723,840,16390.0
2026-08-20,56000,2028-12-07,call,regular,650,0.2709,840,15760.0
2026-08-20,60000,2028-12-07,call,regular,250,0.2656,840,13390.0
2026-08-20,67500,2028-12-07,call,regular,100,0.2591,840,9715.0
2026-08-20,75000,2028-12-07,call,regular,80,0.2566,840,6995.0
2026-08-20,80000,2028-12-07,call,regular,200,0.2568,840,5635.0
2026-08-20,50000,2029-12-13,call,regular,100,0.2737,1211,21180.0
2026-08-20,60000,2029-12-13,call,regular,375,0.2621,1211,15200.0
2026-08-20,65000,2029-12-13,call,regular,50,0.2594,1211,12815.0
2026-08-20,57000,2030-12-12,call,regular,300,0.2669,1575,18490.0
2026-08-20,64000,2030-12-12,call,regular,3,0.2642,1575,15175.0
2026-08-20,58375,2026-08-21,put,mini,5222,0.9928,1,10.0
2026-08-20,58500,2026-08-21,put,mini,2630,0.9008,1,5.0
2026-08-20,58625,2026-08-21,put,mini,503,0.8865,1,5.0
2026-08-20,58750,2026-08-21,put,mini,775,0.8904,1,6.0
2026-08-20,58875,2026-08-21,put,mini,608,0.9061,1,8.0
2026-08-20,59000,2026-08-21,put,mini,846,0.938,1,12.0
2026-08-20,59125,2026-08-21,put,mini,1001,0.8891,1,9.0
2026-08-20,59250,2026-08-21,put,mini,502,0.8857,1,10.0
2026-08-20,59375,2026-08-21,put,mini,501,0.8812,1,11.0
2026-08-20,59500,2026-08-21,put,mini,501,0.8942,1,14.0
2026-08-20,59750,2026-08-21,put,mini,14,0.8626,1,14.0
2026-08-20,59875,2026-08-21,put,mini,10,0.8549,1,15.0
2026-08-20,60000,2026-08-21,put,mini,3211,0.8748,1,20.0
2026-08-20,60125,2026-08-21,put,mini,30,0.8827,1,24.0
2026-08-20,60250,2026-08-21,put,mini,7,0.8288,1,18.0
2026-08-20,60375,2026-08-21,put,mini,4,0.8191,1,19.0
2026-08-20,60500,2026-08-21,put,mini,29,0.809,1,20.0
2026-08-20,60625,2026-08-21,put,mini,2,0.7985,1,21.0
2026-08-20,60750,2026-08-21,put,mini,22,0.7876,1,22.0
2026-08-20,60875,2026-08-21,put,mini,11,0.7968,1,27.0
2026-08-20,61000,2026-08-21,put,mini,631,0.7936,1,30.0
2026-08-20,61250,2026-08-21,put,mini,26,0.75,1,28.0
2026-08-20,61375,2026-08-21,put,mini,18,0.7457,1,31.0
2026-08-20,61500,2026-08-21,put,mini,249,0.7729,1,43.0
2026-08-20,61625,2026-08-21,put,mini,12,0.7612,1,45.0
2026-08-20,61750,2026-08-21,put,mini,48,0.733,1,42.0
2026-08-20,61875,2026-08-21,put,mini,12,0.7212,1,44.0
2026-08-20,62000,2026-08-21,put,mini,250,0.735,1,55.0
2026-08-20,62125,2026-08-21,put,mini,13,0.7159,1,55.0
2026-08-20,62250,2026-08-21,put,mini,44,0.6941,1,54.0
2026-08-20,62375,2026-08-21,put,mini,2,0.6978,1,63.0
2026-08-20,62500,2026-08-21,put,mini,546,0.6806,1,64.0
2026-08-20,62625,2026-08-21,put,mini,13,0.6723,1,69.0
2026-08-20,62750,2026-08-21,put,mini,192,0.6672,1,76.0
2026-08-20,62875,2026-08-21,put,mini,75,0.6667,1,86.0
2026-08-20,63000,2026-08-21,put,mini,508,0.6869,1,109.0
2026-08-20,63125,2026-08-21,put,mini,7,0.655,1,103.0
2026-08-20,63250,2026-08-21,put,mini,48,0.6448,1,110.0
2026-08-20,63375,2026-08-21,put,mini,13,0.6398,1,121.0
2026-08-20,63500,2026-08-21,put,mini,643,0.6573,1,149.0
2026-08-20,63625,2026-08-21,put,mini,1,0.6365,1,151.0
2026-08-20,63750,2026-08-21,put,mini,27,0.6556,1,185.0
2026-08-20,63875,2026-08-21,put,mini,3,0.6355,1,189.0
2026-08-20,64000,2026-08-21,put,mini,784,0.6365,1,212.0
2026-08-20,64125,2026-08-21,put,mini,231,0.6311,1,231.0
2026-08-20,64250,2026-08-21,put,mini,36,0.6199,1,246.0
2026-08-20,64375,2026-08-21,put,mini,15,0.6282,1,282.0
2026-08-20,64500,2026-08-21,put,mini,452,0.6493,1,335.0
2026-08-20,64625,2026-08-21,put,mini,6,0.6285,1,345.0
2026-08-20,64750,2026-08-21,put,mini,66,0.6242,1,375.0
2026-08-20,64875,2026-08-21,put,mini,14,0.6431,1,435.0
2026-08-20,65000,2026-08-21,put,mini,1723,0.6387,1,470.0
2026-08-20,65125,2026-08-21,put,mini,11,0.6442,1,520.0
2026-08-20,65250,2026-08-21,put,mini,108,0.632,1,550.0
2026-08-20,65375,2026-08-21,put,mini,3,0.6446,1,615.0
2026-08-20,65500,2026-08-21,put,mini,318,0.625,1,640.0
2026-08-20,65625,2026-08-21,put,mini,38,0.6444,1,720.0
2026-08-20,65750,2026-08-21,put,mini,196,0.6504,1,785.0
2026-08-20,65875,2026-08-21,put,mini,296,0.6652,1,865.0
2026-08-20,66000,2026-08-21,put,mini,1399,0.6779,1,945.0
2026-08-20,66125,2026-08-21,put,mini,2,0.6814,1,1015.0
2026-08-20,66250,2026-08-21,put,mini,53,0.6939,1,1100.0
2026-08-20,66375,2026-08-21,put,mini,6,0.7084,1,1190.0
2026-08-20,66500,2026-08-21,put,mini,302,0.7323,1,1295.0
2026-08-20,66625,2026-08-21,put,mini,22,0.7287,1,1365.0
2026-08-20,66750,2026-08-21,put,mini,71,0.7723,1,1500.0
2026-08-20,66875,2026-08-21,put,mini,25,0.7656,1,1570.0
2026-08-20,67000,2026-08-21,put,mini,1241,0.8035,1,1700.0
2026-08-20,67125,2026-08-21,put,mini,55,0.8056,1,1785.0
2026-08-20,67250,2026-08-21,put,mini,218,0.8181,1,1885.0
2026-08-20,67375,2026-08-21,put,mini,34,0.8375,1,1995.0
2026-08-20,67500,2026-08-21,put,mini,469,0.9128,1,2175.0
2026-08-20,67625,2026-08-21,put,mini,4,0.8862,1,2230.0
2026-08-20,67750,2026-08-21,put,mini,80,0.9075,1,2345.0
2026-08-20,67875,2026-08-21,put,mini,1,0.9239,1,2455.0
2026-08-20,68000,2026-08-21,put,mini,578,0.9482,1,2575.0
2026-08-20,68125,2026-08-21,put,mini,11,0.9676,1,2690.0
2026-08-20,68250,2026-08-21,put,mini,47,0.9909,1,2810.0
2026-08-20,68375,2026-08-21,put,mini,7,1.0137,1,2930.0
2026-08-20,68500,2026-08-21,put,mini,156,1.0809,1,3100.0
2026-08-20,68625,2026-08-21,put,mini,11,1.0626,1,3175.0
2026-08-20,68750,2026-08-21,put,mini,36,1.0843,1,3295.0
2026-08-20,68875,2026-08-21,put,mini,6,1.1103,1,3420.0
2026-08-20,69000,2026-08-21,put,mini,412,1.1312,1,3540.0
2026-08-20,69125,2026-08-21,put,mini,2,1.1566,1,3665.0
2026-08-20,69250,2026-08-21,put,mini,14,1.2434,1,3855.0
2026-08-20,69375,2026-08-21,put,mini,3915,1.2067,1,3915.0
2026-08-20,69500,2026-08-21,put,mini,74,1.2265,1,4035.0
2026-08-20,70000,2026-08-21,put,mini,4,1.323,1,4535.0
2026-08-20,70500,2026-08-21,put,mini,3,1.4165,1,5035.0
2026-08-20,71000,2026-08-21,put,mini,1,1.5074,1,5535.0
2026-08-20,71500,2026-08-21,put,mini,1,1.5904,1,6030.0
2026-08-20,59875,2026-08-26,put,mini,152,0.5343,6,152.0
2026-08-20,62000,2026-08-26,put,mini,305,0.4717,6,305.0
2026-08-20,62625,2026-08-26,put,mini,385,0.4571,6,385.0
2026-08-20,65500,2026-08-26,put,mini,2,0.4244,6,1200.0
2026-08-20,68250,2026-08-26,put,mini,2,0.4831,6,3035.0
2026-08-20,58375,2026-08-28,put,mini,83,0.5076,8,101.0
2026-08-20,58500,2026-08-28,put,mini,21,0.4856,8,87.0
2026-08-20,58625,2026-08-28,put,mini,3,0.4881,8,96.0
2026-08-20,58875,2026-08-28,put,mini,2,0.4913,8,114.0
2026-08-20,59000,2026-08-28,put,mini,26,0.493,8,124.0
2026-08-20,59125,2026-08-28,put,mini,3,0.4899,8,129.0
2026-08-20,59500,2026-08-28,put,mini,6,0.4796,8,144.0
2026-08-20,59750,2026-08-28,put,mini,1,0.4734,8,156.0
2026-08-20,60000,2026-08-28,put,mini,53,0.4672,8,169.0
2026-08-20,60375,2026-08-28,put,mini,1,0.4483,8,176.0
2026-08-20,60500,2026-08-28,put,mini,10,0.4481,8,188.0
2026-08-20,60875,2026-08-28,put,mini,1,0.4535,8,239.0
2026-08-20,61000,2026-08-28,put,mini,50,0.4457,8,240.0
2026-08-20,61125,2026-08-28,put,mini,2,0.4378,8,241.0
2026-08-20,61250,2026-08-28,put,mini,1,0.4489,8,279.0
2026-08-20,61375,2026-08-28,put,mini,1,0.4442,8,287.0
2026-08-20,61500,2026-08-28,put,mini,14,0.4407,8,298.0
2026-08-20,61750,2026-08-28,put,mini,1,0.4399,8,335.0
2026-08-20,61875,2026-08-28,put,mini,2,0.4352,8,345.0
2026-08-20,62000,2026-08-28,put,mini,52,0.4346,8,365.0
2026-08-20,62250,2026-08-28,put,mini,3,0.4323,8,405.0
2026-08-20,62375,2026-08-28,put,mini,1,0.4345,8,435.0
2026-08-20,62500,2026-08-28,put,mini,9,0.4248,8,435.0
2026-08-20,62750,2026-08-28,put,mini,1,0.4309,8,505.0
2026-08-20,62875,2026-08-28,put,mini,2,0.4383,8,555.0
2026-08-20,63000,2026-08-28,put,mini,62,0.4279,8,555.0
2026-08-20,63250,2026-08-28,put,mini,9,0.4203,8,595.0
2026-08-20,63375,2026-08-28,put,mini,2,0.4242,8,640.0
2026-08-20,63500,2026-08-28,put,mini,16,0.4275,8,685.0
2026-08-20,63750,2026-08-28,put,mini,5,0.4189,8,730.0
2026-08-20,63875,2026-08-28,put,mini,3,0.4239,8,785.0
2026-08-20,64000,2026-08-28,put,mini,192,0.4283,8,840.0
2026-08-20,64250,2026-08-28,put,mini,54,0.4199,8,895.0
2026-08-20,64500,2026-08-28,put,mini,226,0.4215,8,990.0
2026-08-20,64625,2026-08-28,put,mini,1,0.4196,8,1030.0
2026-08-20,64750,2026-08-28,put,mini,101,0.4173,8,1070.0
2026-08-20,64875,2026-08-28,put,mini,2,0.416,8,1115.0
2026-08-20,65000,2026-08-28,put,mini,189,0.4143,8,1160.0
2026-08-20,65250,2026-08-28,put,mini,54,0.4099,8,1250.0
2026-08-20,65500,2026-08-28,put,mini,128,0.4078,8,1355.0
2026-08-20,65750,2026-08-28,put,mini,81,0.4119,8,1490.0
2026-08-20,65875,2026-08-28,put,mini,2,0.4114,8,1550.0
2026-08-20,66000,2026-08-28,put,mini,194,0.4079,8,1600.0
2026-08-20,66250,2026-08-28,put,mini,105,0.4152,8,1760.0
2026-08-20,66375,2026-08-28,put,mini,1,0.4157,8,1830.0
2026-08-20,66500,2026-08-28,put,mini,36,0.4158,8,1900.0
2026-08-20,66875,2026-08-28,put,mini,30,0.4164,8,2120.0
2026-08-20,67000,2026-08-28,put,mini,5,0.4189,8,2205.0
2026-08-20,67250,2026-08-28,put,mini,1,0.4228,8,2375.0
2026-08-20,67500,2026-08-28,put,mini,34,0.4348,8,2580.0
2026-08-20,67750,2026-08-28,put,mini,4,0.4375,8,2755.0
2026-08-20,68000,2026-08-28,put,mini,6,0.4403,8,2935.0
2026-08-20,68125,2026-08-28,put,mini,3050,0.4483,8,3050.0
2026-08-20,68250,2026-08-28,put,mini,4,0.4504,8,3145.0
2026-08-20,68500,2026-08-28,put,mini,5,0.4654,8,3375.0
2026-08-20,68750,2026-08-28,put,mini,8,0.4679,8,3565.0
2026-08-20,69000,2026-08-28,put,mini,256,0.4784,8,3785.0
2026-08-20,69250,2026-08-28,put,mini,6,0.4897,8,4010.0
2026-08-20,69500,2026-08-28,put,mini,6,0.5004,8,4235.0
2026-08-20,69625,2026-08-28,put,mini,1,0.5064,8,4350.0
2026-08-20,65500,2026-09-02,put,mini,2,0.3902,13,1700.0
2026-08-20,68250,2026-09-02,put,mini,2,0.4077,13,3390.0
2026-08-20,58875,2026-09-04,put,mini,1,0.4615,15,315.0
2026-08-20,60500,2026-09-04,put,mini,12,0.4306,15,465.0
2026-08-20,66000,2026-09-04,put,mini,3,0.3843,15,2060.0
2026-08-20,66250,2026-09-04,put,mini,4,0.3868,15,2205.0
2026-08-20,67750,2026-09-04,put,mini,4,0.393,15,3125.0
2026-08-20,68250,2026-09-04,put,mini,2,0.3978,15,3480.0
2026-08-20,68750,2026-09-04,put,mini,4,0.4048,15,3860.0
2026-08-20,58375,2026-09-11,put,mini,110,0.4479,22,455.0
2026-08-20,58500,2026-09-11,put,mini,371,0.4454,22,465.0
2026-08-20,58750,2026-09-11,put,mini,39,0.4401,22,485.0
2026-08-20,59000,2026-09-11,put,mini,308,0.4416,22,530.0
2026-08-20,59250,2026-09-11,put,mini,7,0.437,22,555.0
2026-08-20,59375,2026-09-11,put,mini,570,0.4352,22,570.0
2026-08-20,59500,2026-09-11,put,mini,79,0.4333,22,585.0
2026-08-20,59750,2026-09-11,put,mini,4,0.4292,22,615.0
2026-08-20,59875,2026-09-11,put,mini,1,0.4283,22,635.0
2026-08-20,60000,2026-09-11,put,mini,452,0.4236,22,640.0
2026-08-20,60250,2026-09-11,put,mini,4,0.4248,22,695.0
2026-08-20,60375,2026-09-11,put,mini,4,0.4233,22,715.0
2026-08-20,60500,2026-09-11,put,mini,47,0.4218,22,735.0
2026-08-20,60625,2026-09-11,put,mini,1,0.419,22,750.0
2026-08-20,60750,2026-09-11,put,mini,1,0.4195,22,780.0
2026-08-20,60875,2026-09-11,put,mini,805,0.4187,22,805.0
2026-08-20,61000,2026-09-11,put,mini,239,0.4188,22,835.0
2026-08-20,61125,2026-09-11,put,mini,1,0.4145,22,845.0
2026-08-20,61250,2026-09-11,put,mini,41,0.4144,22,875.0
2026-08-20,61375,2026-09-11,put,mini,2,0.411,22,890.0
2026-08-20,61500,2026-09-11,put,mini,110,0.4116,22,925.0
2026-08-20,61625,2026-09-11,put,mini,1,0.411,22,955.0
2026-08-20,61750,2026-09-11,put,mini,11,0.4063,22,965.0
2026-08-20,61875,2026-09-11,put,mini,1,0.4065,22,1000.0
2026-08-20,62000,2026-09-11,put,mini,348,0.4065,22,1035.0
2026-08-20,62125,2026-09-11,put,mini,2,0.4044,22,1060.0
2026-08-20,62250,2026-09-11,put,mini,5,0.4051,22,1100.0
2026-08-20,62500,2026-09-11,put,mini,497,0.4022,22,1160.0
2026-08-20,62750,2026-09-11,put,mini,66,0.3987,22,1220.0
2026-08-20,63000,2026-09-11,put,mini,394,0.401,22,1315.0
2026-08-20,63125,2026-09-11,put,mini,1325,0.3953,22,1325.0
2026-08-20,63250,2026-09-11,put,mini,56,0.3974,22,1380.0
2026-08-20,63500,2026-09-11,put,mini,103,0.394,22,1450.0
2026-08-20,63625,2026-09-11,put,mini,1,0.3913,22,1480.0
2026-08-20,63750,2026-09-11,put,mini,74,0.3919,22,1530.0
2026-08-20,64000,2026-09-11,put,mini,212,0.3991,22,1670.0
2026-08-20,64125,2026-09-11,put,mini,20,0.3876,22,1650.0
2026-08-20,64250,2026-09-11,put,mini,250,0.3867,22,1695.0
2026-08-20,64375,2026-09-11,put,mini,1,0.3872,22,1750.0
2026-08-20,64500,2026-09-11,put,mini,745,0.3884,22,1810.0
2026-08-20,64750,2026-09-11,put,mini,237,0.3839,22,1890.0
2026-08-20,64875,2026-09-11,put,mini,1935,0.3823,22,1935.0
2026-08-20,65000,2026-09-11,put,mini,523,0.3892,22,2035.0
2026-08-20,65125,2026-09-11,put,mini,1,0.3849,22,2065.0
2026-08-20,65250,2026-09-11,put,mini,12,0.3835,22,2115.0
2026-08-20,65375,2026-09-11,put,mini,6,0.3844,22,2180.0
2026-08-20,65500,2026-09-11,put,mini,101,0.3835,22,2235.0
2026-08-20,65625,2026-09-11,put,mini,2265,0.3786,22,2265.0
2026-08-20,65750,2026-09-11,put,mini,24,0.3821,22,2350.0
2026-08-20,65875,2026-09-11,put,mini,2395,0.3793,22,2395.0
2026-08-20,66000,2026-09-11,put,mini,148,0.3794,22,2460.0
2026-08-20,66250,2026-09-11,put,mini,4,0.3783,22,2585.0
2026-08-20,66500,2026-09-11,put,mini,79,0.3789,22,2725.0
2026-08-20,66750,2026-09-11,put,mini,4,0.3789,22,2865.0
2026-08-20,66875,2026-09-11,put,mini,2930,0.3779,22,2930.0
2026-08-20,67000,2026-09-11,put,mini,117,0.3799,22,3015.0
2026-08-20,67125,2026-09-11,put,mini,3075,0.3778,22,3075.0
2026-08-20,67250,2026-09-11,put,mini,5,0.3771,22,3145.0
2026-08-20,67500,2026-09-11,put,mini,36,0.38,22,3315.0
2026-08-20,67750,2026-09-11,put,mini,6,0.3807,22,3475.0
2026-08-20,68000,2026-09-11,put,mini,100,0.3816,22,3640.0
2026-08-20,68250,2026-09-11,put,mini,235,0.3828,22,3810.0
2026-08-20,68375,2026-09-11,put,mini,4,0.3815,22,3885.0
2026-08-20,68500,2026-09-11,put,mini,182,0.3842,22,3985.0
2026-08-20,68625,2026-09-11,put,mini,1,0.3819,22,4055.0
2026-08-20,68750,2026-09-11,put,mini,1469,0.3868,22,4170.0
2026-08-20,68875,2026-09-11,put,mini,4240,0.3841,22,4240.0
2026-08-20,69000,2026-09-11,put,mini,855,0.3889,22,4355.0
2026-08-20,69125,2026-09-11,put,mini,4430,0.3867,22,4430.0
2026-08-20,69250,2026-09-11,put,mini,22,0.3922,22,4550.0
2026-08-20,69500,2026-09-11,put,mini,17,0.3932,22,4735.0
2026-08-20,69625,2026-09-11,put,mini,4810,0.3905,22,4810.0
2026-08-20,69750,2026-09-11,put,mini,12,0.3956,22,4930.0
2026-08-20,70000,2026-09-11,put,mini,14,0.3993,22,5135.0
2026-08-20,70250,2026-09-11,put,mini,45,0.4016,22,5335.0
2026-08-20,70500,2026-09-11,put,mini,65,0.4017,22,5525.0
2026-08-20,71000,2026-09-11,put,mini,6,0.408,22,5945.0
2026-08-20,71250,2026-09-11,put,mini,6,0.4086,22,6145.0
2026-08-20,71500,2026-09-11,put,mini,9,0.4149,22,6375.0
2026-08-20,71750,2026-09-11,put,mini,749,0.4178,22,6590.0
2026-08-20,72000,2026-09-11,put,mini,10,0.4224,22,6815.0
2026-08-20,72250,2026-09-11,put,mini,44,0.4247,22,7030.0
2026-08-20,72375,2026-09-11,put,mini,7140,0.4262,22,7140.0
2026-08-20,72500,2026-09-11,put,mini,20,0.4299,22,7260.0
2026-08-20,72750,2026-09-11,put,mini,32,0.4337,22,7485.0
2026-08-20,73000,2026-09-11,put,mini,77,0.4396,22,7720.0
2026-08-20,73250,2026-09-11,put,mini,248,0.4429,22,7945.0
2026-08-20,73500,2026-09-11,put,mini,102,0.4496,22,8185.0
2026-08-20,73750,2026-09-11,put,mini,3,0.4524,22,8410.0
2026-08-20,74000,2026-09-11,put,mini,34,0.4587,22,8650.0
2026-08-20,74250,2026-09-11,put,mini,1,0.4636,22,8885.0
2026-08-20,75000,2026-09-11,put,mini,67,0.4812,22,9605.0
2026-08-20,75250,2026-09-11,put,mini,12,0.4855,22,9840.0
2026-08-20,68250,2026-09-18,put,mini,6,0.3666,29,4045.0
2026-08-20,68750,2026-09-18,put,mini,3,0.3673,29,4380.0
2026-08-20,69250,2026-09-18,put,mini,6,0.3698,29,4740.0
2026-08-20,58375,2026-10-09,put,mini,19,0.4009,50,1055.0
2026-08-20,58500,2026-10-09,put,mini,20,0.3965,50,1055.0
2026-08-20,58750,2026-10-09,put,mini,5,0.3946,50,1100.0
2026-08-20,59000,2026-10-09,put,mini,13,0.3939,50,1155.0
2026-08-20,59375,2026-10-09,put,mini,2,0.3926,50,1240.0
2026-08-20,59500,2026-10-09,put,mini,12,0.3909,50,1260.0
2026-08-20,59750,2026-10-09,put,mini,4,0.3873,50,1300.0
2026-08-20,59875,2026-10-09,put,mini,1,0.3902,50,1355.0
2026-08-20,60000,2026-10-09,put,mini,19,0.3876,50,1370.0
2026-08-20,60500,2026-10-09,put,mini,2,0.3845,50,1490.0
2026-08-20,60750,2026-10-09,put,mini,1,0.3833,50,1555.0
2026-08-20,61000,2026-10-09,put,mini,8,0.3817,50,1620.0
2026-08-20,61125,2026-10-09,put,mini,4,0.3824,50,1665.0
2026-08-20,61250,2026-10-09,put,mini,2,0.3805,50,1690.0
2026-08-20,61500,2026-10-09,put,mini,1735,0.376,50,1735.0
2026-08-20,62000,2026-10-09,put,mini,24,0.373,50,1880.0
2026-08-20,62250,2026-10-09,put,mini,3,0.3766,50,2000.0
2026-08-20,62375,2026-10-09,put,mini,1,0.3753,50,2035.0
2026-08-20,62500,2026-10-09,put,mini,3,0.374,50,2070.0
2026-08-20,62750,2026-10-09,put,mini,1024,0.3746,50,2170.0
2026-08-20,63000,2026-10-09,put,mini,8,0.3727,50,2250.0
2026-08-20,63250,2026-10-09,put,mini,6,0.3727,50,2350.0
2026-08-20,63500,2026-10-09,put,mini,3,0.3707,50,2435.0
2026-08-20,63625,2026-10-09,put,mini,2,0.371,50,2490.0
2026-08-20,63750,2026-10-09,put,mini,219,0.3712,50,2545.0
2026-08-20,63875,2026-10-09,put,mini,1,0.3692,50,2580.0
2026-08-20,64000,2026-10-09,put,mini,74,0.3692,50,2635.0
2026-08-20,64250,2026-10-09,put,mini,183,0.3691,50,2745.0
2026-08-20,64500,2026-10-09,put,mini,114,0.3687,50,2855.0
2026-08-20,64750,2026-10-09,put,mini,83,0.3675,50,2960.0
2026-08-20,64875,2026-10-09,put,mini,1,0.3671,50,3015.0
2026-08-20,65000,2026-10-09,put,mini,19,0.3666,50,3070.0
2026-08-20,65250,2026-10-09,put,mini,37,0.3648,50,3175.0
2026-08-20,65375,2026-10-09,put,mini,1,0.3641,50,3230.0
2026-08-20,65500,2026-10-09,put,mini,12,0.3648,50,3300.0
2026-08-20,65750,2026-10-09,put,mini,2,0.3645,50,3425.0
2026-08-20,66000,2026-10-09,put,mini,6,0.364,50,3550.0
2026-08-20,66500,2026-10-09,put,mini,23,0.3635,50,3815.0
2026-08-20,67000,2026-10-09,put,mini,19,0.364,50,4100.0
2026-08-20,67250,2026-10-09,put,mini,59,0.3584,50,4190.0
2026-08-20,67500,2026-10-09,put,mini,115,0.3593,50,4345.0
2026-08-20,68000,2026-10-09,put,mini,11,0.3616,50,4670.0
2026-08-20,68250,2026-10-09,put,mini,493,0.3611,50,4820.0
2026-08-20,68500,2026-10-09,put,mini,313,0.3677,50,5040.0
2026-08-20,68750,2026-10-09,put,mini,2609,0.3677,50,5200.0
2026-08-20,69000,2026-10-09,put,mini,1239,0.3696,50,5380.0
2026-08-20,69250,2026-10-09,put,mini,31,0.3702,50,5550.0
2026-08-20,69500,2026-10-09,put,mini,25,0.371,50,5725.0
2026-08-20,69750,2026-10-09,put,mini,6,0.3727,50,5910.0
2026-08-20,70000,2026-10-09,put,mini,1,0.3742,50,6095.0
2026-08-20,70500,2026-10-09,put,mini,1,0.3765,50,6465.0
2026-08-20,71000,2026-10-09,put,mini,6860,0.3808,50,6860.0
2026-08-20,71250,2026-10-09,put,mini,3,0.3823,50,7055.0
2026-08-20,71500,2026-10-09,put,mini,7255,0.3842,50,7255.0
2026-08-20,71750,2026-10-09,put,mini,1062,0.3859,50,7455.0
2026-08-20,65250,2026-11-13,put,mini,4,0.3409,85,3940.0
2026-08-20,65375,2026-11-13,put,mini,1,0.3395,85,3985.0
2026-08-20,65500,2026-11-13,call,mini,1,0.2996,85,4040.0
2026-08-20,66000,2026-11-13,call,mini,4,0.3388,85,4295.0
2026-08-20,71000,2026-11-13,call,mini,1,0.7406,85,7410.0
2026-08-20,62000,2026-08-21,call,mini,3520,0.2,1,3520.0
2026-08-20,62750,2026-08-21,call,mini,2795,0.2,1,2795.0
2026-08-20,64000,2026-08-21,call,mini,13,0.2,1,1675.0
2026-08-20,64500,2026-08-21,call,mini,1270,0.2,1,1270.0
2026-08-20,65000,2026-08-21,call,mini,10,0.2,1,925.0
2026-08-20,65250,2026-08-21,call,mini,3,0.1879,1,770.0
2026-08-20,65500,2026-08-21,call,mini,45,0.2423,1,625.0
2026-08-20,65750,2026-08-21,call,mini,20,0.2501,1,470.0
2026-08-20,65875,2026-08-21,call,mini,4,0.2842,1,445.0
2026-08-20,66000,2026-08-21,call,mini,258,0.2945,1,395.0
2026-08-20,66125,2026-08-21,call,mini,360,0.3113,1,360.0
2026-08-20,66250,2026-08-21,call,mini,57,0.3132,1,310.0
2026-08-20,66375,2026-08-21,call,mini,284,0.3294,1,284.0
2026-08-20,66500,2026-08-21,call,mini,132,0.3282,1,240.0
2026-08-20,66625,2026-08-21,call,mini,210,0.3347,1,210.0
2026-08-20,66750,2026-08-21,call,mini,111,0.3432,1,186.0
2026-08-20,66875,2026-08-21,call,mini,27,0.3507,1,164.0
2026-08-20,67000,2026-08-21,call,mini,592,0.3473,1,134.0
2026-08-20,67125,2026-08-21,call,mini,19,0.3471,1,111.0
2026-08-20,67250,2026-08-21,call,mini,386,0.3576,1,100.0
2026-08-20,67375,2026-08-21,call,mini,23,0.3676,1,90.0
2026-08-20,67500,2026-08-21,call,mini,375,0.3538,1,65.0
2026-08-20,67625,2026-08-21,call,mini,35,0.3726,1,64.0
2026-08-20,67750,2026-08-21,call,mini,191,0.3738,1,53.0
2026-08-20,67875,2026-08-21,call,mini,89,0.3777,1,45.0
2026-08-20,68000,2026-08-21,call,mini,803,0.3742,1,35.0
2026-08-20,68125,2026-08-21,call,mini,6,0.3918,1,35.0
2026-08-20,68250,2026-08-21,call,mini,94,0.3908,1,28.0
2026-08-20,68375,2026-08-21,call,mini,24,0.3986,1,25.0
2026-08-20,68500,2026-08-21,call,mini,187,0.3828,1,16.0
2026-08-20,68625,2026-08-21,call,mini,19,0.4022,1,17.0
2026-08-20,68750,2026-08-21,call,mini,93,0.4042,1,14.0
2026-08-20,68875,2026-08-21,call,mini,5,0.4034,1,11.0
2026-08-20,69000,2026-08-21,call,mini,969,0.4054,1,9.0
2026-08-20,69125,2026-08-21,call,mini,2,0.4123,1,8.0
2026-08-20,69250,2026-08-21,call,mini,123,0.4181,1,7.0
2026-08-20,69375,2026-08-21,call,mini,28,0.4227,1,6.0
2026-08-20,69500,2026-08-21,call,mini,632,0.4141,1,4.0
2026-08-20,69625,2026-08-21,call,mini,6,0.4266,1,4.0
2026-08-20,69750,2026-08-21,call,mini,79,0.439,1,4.0
2026-08-20,69875,2026-08-21,call,mini,102,0.4365,1,3.0
2026-08-20,70000,2026-08-21,call,mini,1142,0.4003,1,1.0
2026-08-20,70125,2026-08-21,call,mini,8,0.4112,1,1.0
2026-08-20,70250,2026-08-21,call,mini,51,0.4521,1,2.0
2026-08-20,70375,2026-08-21,call,mini,20,0.4328,1,1.0
2026-08-20,70500,2026-08-21,call,mini,1086,0.4436,1,1.0
2026-08-20,70625,2026-08-21,call,mini,1,0.4543,1,1.0
2026-08-20,70750,2026-08-21,call,mini,33,0.4649,1,1.0
2026-08-20,71000,2026-08-21,call,mini,574,0.4861,1,1.0
2026-08-20,71125,2026-08-21,call,mini,1,0.4967,1,1.0
2026-08-20,71250,2026-08-21,call,mini,377,0.5071,1,1.0
2026-08-20,71375,2026-08-21,call,mini,1,0.5176,1,1.0
2026-08-20,71500,2026-08-21,call,mini,204,0.528,1,1.0
2026-08-20,71625,2026-08-21,call,mini,3,0.5384,1,1.0
2026-08-20,71750,2026-08-21,call,mini,433,0.5488,1,1.0
2026-08-20,71875,2026-08-21,call,mini,1,0.5591,1,1.0
2026-08-20,72000,2026-08-21,call,mini,457,0.5694,1,1.0
2026-08-20,72125,2026-08-21,call,mini,71,0.5796,1,1.0
2026-08-20,72250,2026-08-21,call,mini,154,0.5898,1,1.0
2026-08-20,62000,2026-08-26,call,mini,3785,0.2,6,3785.0
2026-08-20,65500,2026-08-26,call,mini,2,0.2738,6,1180.0
2026-08-20,68250,2026-08-26,call,mini,2,0.2983,6,265.0
2026-08-20,62000,2026-08-28,call,mini,3830,0.2,8,3830.0
2026-08-20,62750,2026-08-28,call,mini,3205,0.2,8,3205.0
2026-08-20,64000,2026-08-28,call,mini,4,0.2619,8,2290.0
2026-08-20,65000,2026-08-28,call,mini,1,0.2711,8,1610.0
2026-08-20,65375,2026-08-28,call,mini,4,0.2694,8,1375.0
2026-08-20,65500,2026-08-28,call,mini,3,0.2699,8,1305.0
2026-08-20,65750,2026-08-28,call,mini,4,0.2754,8,1190.0
2026-08-20,66000,2026-08-28,call,mini,10,0.2721,8,1050.0
2026-08-20,66250,2026-08-28,call,mini,8,0.2791,8,960.0
2026-08-20,66500,2026-08-28,call,mini,2,0.2788,8,850.0
2026-08-20,66750,2026-08-28,call,mini,2,0.2774,8,745.0
2026-08-20,67000,2026-08-28,call,mini,78,0.2885,8,695.0
2026-08-20,67250,2026-08-28,call,mini,4,0.2798,8,580.0
2026-08-20,67500,2026-08-28,call,mini,55,0.2871,8,530.0
2026-08-20,67625,2026-08-28,call,mini,1,0.275,8,455.0
2026-08-20,67750,2026-08-28,call,mini,4,0.2851,8,455.0
2026-08-20,68000,2026-08-28,call,mini,224,0.2822,8,385.0
2026-08-20,68250,2026-08-28,call,mini,30,0.287,8,345.0
2026-08-20,68500,2026-08-28,call,mini,144,0.2975,8,325.0
2026-08-20,68750,2026-08-28,call,mini,9,0.2917,8,265.0
2026-08-20,69000,2026-08-28,call,mini,529,0.2806,8,201.0
2026-08-20,69250,2026-08-28,call,mini,9,0.2994,8,209.0
2026-08-20,69500,2026-08-28,call,mini,4,0.3034,8,186.0
2026-08-20,69750,2026-08-28,call,mini,8,0.307,8,165.0
2026-08-20,70000,2026-08-28,call,mini,100,0.2949,8,120.0
2026-08-20,70250,2026-08-28,call,mini,55,0.3111,8,125.0
2026-08-20,70500,2026-08-28,call,mini,110,0.3113,8,106.0
2026-08-20,70750,2026-08-28,call,mini,1,0.3119,8,90.0
2026-08-20,70875,2026-08-28,call,mini,2,0.3115,8,82.0
2026-08-20,71000,2026-08-28,call,mini,80,0.3115,8,75.0
2026-08-20,71250,2026-08-28,call,mini,252,0.3098,8,61.0
2026-08-20,71500,2026-08-28,call,mini,58,0.3078,8,49.0
2026-08-20,71750,2026-08-28,call,mini,9,0.3059,8,39.0
2026-08-20,72000,2026-08-28,call,mini,171,0.3042,8,31.0
2026-08-20,72250,2026-08-28,call,mini,15,0.3055,8,26.0
2026-08-20,65500,2026-09-02,call,mini,2,0.2843,13,1660.0
2026-08-20,68250,2026-09-02,call,mini,2,0.2897,13,600.0
2026-08-20,65500,2026-09-04,call,mini,3,0.2902,15,1795.0
2026-08-20,66250,2026-09-04,call,mini,4,0.291,15,1425.0
2026-08-20,67750,2026-09-04,call,mini,4,0.2911,15,845.0
2026-08-20,68250,2026-09-04,call,mini,2,0.2916,15,700.0
2026-08-20,68750,2026-09-04,call,mini,4,0.2944,15,585.0
2026-08-20,69000,2026-09-04,call,mini,1,0.296,15,535.0
2026-08-20,58500,2026-09-11,call,mini,2,0.2,22,7445.0
2026-08-20,58750,2026-09-11,call,mini,7210,0.2,22,7210.0
2026-08-20,59000,2026-09-11,call,mini,3,0.2122,22,7000.0
2026-08-20,59250,2026-09-11,call,mini,6780,0.2393,22,6780.0
2026-08-20,59375,2026-09-11,call,mini,1,0.2474,22,6670.0
2026-08-20,59500,2026-09-11,call,mini,6560,0.2536,22,6560.0
2026-08-20,59750,2026-09-11,call,mini,6345,0.2652,22,6345.0
2026-08-20,60000,2026-09-11,call,mini,1,0.2751,22,6135.0
2026-08-20,60250,2026-09-11,call,mini,5920,0.2801,22,5920.0
2026-08-20,61000,2026-09-11,call,mini,1,0.29,22,5290.0
2026-08-20,61250,2026-09-11,call,mini,32,0.2908,22,5080.0
2026-08-20,61500,2026-09-11,call,mini,22,0.2957,22,4890.0
2026-08-20,62000,2026-09-11,call,mini,3,0.2991,22,4500.0
2026-08-20,62250,2026-09-11,call,mini,2,0.2992,22,4305.0
2026-08-20,62500,2026-09-11,call,mini,6,0.3006,22,4120.0
2026-08-20,62750,2026-09-11,call,mini,32,0.3021,22,3940.0
2026-08-20,62875,2026-09-11,call,mini,3865,0.3054,22,3865.0
2026-08-20,63000,2026-09-11,call,mini,76,0.3054,22,3775.0
2026-08-20,63250,2026-09-11,call,mini,59,0.3077,22,3610.0
2026-08-20,63500,2026-09-11,call,mini,31,0.3055,22,3425.0
2026-08-20,63750,2026-09-11,call,mini,324,0.3052,22,3255.0
2026-08-20,64000,2026-09-11,call,mini,187,0.3058,22,3095.0
2026-08-20,64250,2026-09-11,call,mini,352,0.303,22,2920.0
2026-08-20,64375,2026-09-11,call,mini,1,0.3034,22,2845.0
2026-08-20,64500,2026-09-11,call,mini,178,0.3037,22,2770.0
2026-08-20,64750,2026-09-11,call,mini,134,0.3035,22,2620.0
2026-08-20,65000,2026-09-11,call,mini,33,0.3041,22,2480.0
2026-08-20,65125,2026-09-11,call,mini,3,0.3056,22,2420.0
2026-08-20,65250,2026-09-11,call,mini,15,0.3039,22,2340.0
2026-08-20,65500,2026-09-11,call,mini,31,0.3013,22,2190.0
2026-08-20,65750,2026-09-11,call,mini,11,0.2972,22,2035.0
2026-08-20,66000,2026-09-11,call,mini,76,0.3009,22,1935.0
2026-08-20,66125,2026-09-11,call,mini,2,0.3001,22,1870.0
2026-08-20,66250,2026-09-11,call,mini,10,0.3006,22,1815.0
2026-08-20,66500,2026-09-11,call,mini,32,0.3011,22,1705.0
2026-08-20,66625,2026-09-11,call,mini,1,0.2995,22,1640.0
2026-08-20,66750,2026-09-11,call,mini,19,0.2993,22,1585.0
2026-08-20,66875,2026-09-11,call,mini,1535,0.2997,22,1535.0
2026-08-20,67000,2026-09-11,call,mini,130,0.299,22,1480.0
2026-08-20,67125,2026-09-11,call,mini,2,0.299,22,1430.0
2026-08-20,67250,2026-09-11,call,mini,49,0.2988,22,1380.0
2026-08-20,67375,2026-09-11,call,mini,1330,0.2983,22,1330.0
2026-08-20,67500,2026-09-11,call,mini,96,0.3009,22,1300.0
2026-08-20,67625,2026-09-11,call,mini,1,0.2985,22,1240.0
2026-08-20,67750,2026-09-11,call,mini,10,0.2983,22,1195.0
2026-08-20,68000,2026-09-11,call,mini,181,0.299,22,1115.0
2026-08-20,68125,2026-09-11,call,mini,4,0.2974,22,1065.0
2026-08-20,68250,2026-09-11,call,mini,247,0.2981,22,1030.0
2026-08-20,68375,2026-09-11,call,mini,1,0.2977,22,990.0
2026-08-20,68500,2026-09-11,call,mini,245,0.2989,22,960.0
2026-08-20,68625,2026-09-11,call,mini,1,0.2965,22,910.0
2026-08-20,68750,2026-09-11,call,mini,1496,0.2973,22,880.0
2026-08-20,68875,2026-09-11,call,mini,850,0.298,22,850.0
2026-08-20,69000,2026-09-11,call,mini,976,0.2994,22,825.0
2026-08-20,69125,2026-09-11,call,mini,3,0.298,22,785.0
2026-08-20,69250,2026-09-11,call,mini,42,0.2972,22,750.0
2026-08-20,69375,2026-09-11,call,mini,720,0.2971,22,720.0
2026-08-20,69500,2026-09-11,call,mini,53,0.2998,22,705.0
2026-08-20,69625,2026-09-11,call,mini,665,0.2975,22,665.0
2026-08-20,69750,2026-09-11,call,mini,4,0.2979,22,640.0
2026-08-20,69875,2026-09-11,call,mini,610,0.2971,22,610.0
2026-08-20,70000,2026-09-11,call,mini,434,0.3003,22,600.0
2026-08-20,70125,2026-09-11,call,mini,3,0.2981,22,565.0
2026-08-20,70250,2026-09-11,call,mini,9,0.2978,22,540.0
2026-08-20,70375,2026-09-11,call,mini,515,0.2973,22,515.0
2026-08-20,70500,2026-09-11,call,mini,93,0.3011,22,510.0
2026-08-20,70625,2026-09-11,call,mini,1,0.298,22,475.0
2026-08-20,70750,2026-09-11,call,mini,5,0.2982,22,455.0
2026-08-20,71000,2026-09-11,call,mini,385,0.3003,22,425.0
2026-08-20,71125,2026-09-11,call,mini,1,0.2975,22,395.0
2026-08-20,71250,2026-09-11,call,mini,9,0.2968,22,375.0
2026-08-20,71375,2026-09-11,call,mini,365,0.2987,22,365.0
2026-08-20,71500,2026-09-11,call,mini,91,0.3004,22,355.0
2026-08-20,71625,2026-09-11,call,mini,3,0.2993,22,335.0
2026-08-20,71750,2026-09-11,call,mini,1169,0.3008,22,325.0
2026-08-20,71875,2026-09-11,call,mini,305,0.2992,22,305.0
2026-08-20,72000,2026-09-11,call,mini,546,0.299,22,290.0
2026-08-20,72250,2026-09-11,call,mini,47,0.2985,22,262.0
2026-08-20,72375,2026-09-11,call,mini,1,0.2979,22,248.0
2026-08-20,72500,2026-09-11,call,mini,102,0.3012,22,246.0
2026-08-20,72625,2026-09-11,call,mini,1,0.2987,22,227.0
2026-08-20,72750,2026-09-11,call,mini,42,0.2987,22,216.0
2026-08-20,72875,2026-09-11,call,mini,206,0.2988,22,206.0
2026-08-20,73000,2026-09-11,call,mini,356,0.3015,22,203.0
2026-08-20,73125,2026-09-11,call,mini,1,0.2999,22,189.0
2026-08-20,73250,2026-09-11,call,mini,248,0.3,22,180.0
2026-08-20,73375,2026-09-11,call,mini,172,0.3004,22,172.0
2026-08-20,73500,2026-09-11,call,mini,137,0.3019,22,167.0
2026-08-20,73750,2026-09-11,call,mini,9,0.2978,22,142.0
2026-08-20,73875,2026-09-11,call,mini,135,0.298,22,135.0
2026-08-20,74000,2026-09-11,call,mini,324,0.3009,22,134.0
2026-08-20,74125,2026-09-11,call,mini,122,0.2983,22,122.0
2026-08-20,74250,2026-09-11,call,mini,17,0.3011,22,121.0
2026-08-20,74375,2026-09-11,call,mini,112,0.2996,22,112.0
2026-08-20,74500,2026-09-11,call,mini,77,0.3023,22,111.0
2026-08-20,74625,2026-09-11,call,mini,101,0.2998,22,101.0
2026-08-20,74750,2026-09-11,call,mini,18,0.2994,22,95.0
2026-08-20,74875,2026-09-11,call,mini,1,0.3007,22,92.0
2026-08-20,75000,2026-09-11,call,mini,609,0.3026,22,90.0
2026-08-20,75125,2026-09-11,call,mini,1,0.3004,22,82.0
2026-08-20,75250,2026-09-11,call,mini,88,0.3,22,77.0
2026-08-20,75375,2026-09-11,call,mini,48,0.2987,22,71.0
2026-08-20,67750,2026-09-18,call,mini,6,0.2971,29,1460.0
2026-08-20,68250,2026-09-18,call,mini,3,0.2967,29,1285.0
2026-08-20,68750,2026-09-18,call,mini,7,0.2961,29,1125.0
2026-08-20,58500,2026-10-09,call,mini,20,0.2304,50,7675.0
2026-08-20,60000,2026-10-09,call,mini,6500,0.2597,50,6500.0
2026-08-20,61125,2026-10-09,call,mini,5670,0.2699,50,5670.0
2026-08-20,61250,2026-10-09,call,mini,10,0.2692,50,5570.0
2026-08-20,61750,2026-10-09,call,mini,5215,0.2715,50,5215.0
2026-08-20,61875,2026-10-09,call,mini,5120,0.2709,50,5120.0
2026-08-20,62250,2026-10-09,call,mini,3,0.2725,50,4865.0
2026-08-20,62500,2026-10-09,call,mini,4715,0.2753,50,4715.0
2026-08-20,62750,2026-10-09,call,mini,1027,0.2759,50,4550.0
2026-08-20,63000,2026-10-09,call,mini,16,0.2754,50,4380.0
2026-08-20,63750,2026-10-09,call,mini,10,0.2755,50,3905.0
2026-08-20,63875,2026-10-09,call,mini,3840,0.2767,50,3840.0
2026-08-20,64000,2026-10-09,call,mini,7,0.2757,50,3755.0
2026-08-20,64250,2026-10-09,call,mini,3615,0.2765,50,3615.0
2026-08-20,64750,2026-10-09,call,mini,4,0.2759,50,3325.0
2026-08-20,65000,2026-10-09,call,mini,10,0.2755,50,3185.0
2026-08-20,65500,2026-10-09,call,mini,4,0.2757,50,2925.0
2026-08-20,65750,2026-10-09,call,mini,1,0.2762,50,2805.0
2026-08-20,66000,2026-10-09,call,mini,23,0.2764,50,2685.0
2026-08-20,66500,2026-10-09,call,mini,2,0.2761,50,2450.0
2026-08-20,66750,2026-10-09,call,mini,1,0.2761,50,2340.0
2026-08-20,67000,2026-10-09,call,mini,23,0.2768,50,2240.0
2026-08-20,67125,2026-10-09,call,mini,2,0.2714,50,2135.0
2026-08-20,67250,2026-10-09,call,mini,2,0.2699,50,2070.0
2026-08-20,67500,2026-10-09,call,mini,9,0.2699,50,1970.0
2026-08-20,67625,2026-10-09,call,mini,1,0.265,50,1875.0
2026-08-20,67750,2026-10-09,call,mini,1870,0.2695,50,1870.0
2026-08-20,68000,2026-10-09,call,mini,20,0.2697,50,1780.0
2026-08-20,68250,2026-10-09,call,mini,483,0.2691,50,1685.0
2026-08-20,68500,2026-10-09,call,mini,322,0.2772,50,1675.0
2026-08-20,68625,2026-10-09,call,mini,2,0.2769,50,1630.0
2026-08-20,68750,2026-10-09,call,mini,2706,0.277,50,1590.0
2026-08-20,69000,2026-10-09,call,mini,1276,0.2776,50,1515.0
2026-08-20,69125,2026-10-09,call,mini,1,0.2774,50,1475.0
2026-08-20,69250,2026-10-09,call,mini,35,0.2783,50,1445.0
2026-08-20,69500,2026-10-09,call,mini,25,0.2771,50,1360.0
2026-08-20,69625,2026-10-09,call,mini,1,0.2771,50,1325.0
2026-08-20,69750,2026-10-09,call,mini,1,0.2771,50,1290.0
2026-08-20,70000,2026-10-09,call,mini,40,0.278,50,1230.0
2026-08-20,70125,2026-10-09,call,mini,1,0.2766,50,1185.0
2026-08-20,70250,2026-10-09,call,mini,3,0.2775,50,1160.0
2026-08-20,70375,2026-10-09,call,mini,2,0.277,50,1125.0
2026-08-20,70500,2026-10-09,call,mini,15,0.2777,50,1100.0
2026-08-20,70625,2026-10-09,call,mini,3,0.2771,50,1065.0
2026-08-20,70750,2026-10-09,call,mini,5,0.2777,50,1040.0
2026-08-20,71000,2026-10-09,call,mini,19,0.2779,50,985.0
2026-08-20,71125,2026-10-09,call,mini,2,0.2789,50,965.0
2026-08-20,71250,2026-10-09,call,mini,3,0.2785,50,935.0
2026-08-20,71500,2026-10-09,call,mini,17,0.2788,50,885.0
2026-08-20,71750,2026-10-09,call,mini,1814,0.2787,50,835.0
2026-08-20,72000,2026-10-09,call,mini,16,0.279,50,790.0
2026-08-20,72250,2026-10-09,call,mini,4,0.2798,50,750.0
2026-08-20,65250,2026-11-13,call,mini,12,0.279,85,3905.0
2026-08-20,65500,2026-11-13,call,mini,2,0.277,85,3755.0
2026-08-20,69000,2026-11-13,call,mini,1,0.2721,85,2230.0
2026-08-20,70500,2026-11-13,call,mini,1790,0.2746,85,1790.0
2026-08-20,71000,2026-11-13,call,mini,4,0.2741,85,1645.0
2026-08-20,71500,2026-11-13,call,mini,1,0.2745,85,1520.0
2026-08-20,71750,2026-11-13,call,mini,2,0.2742,85,1455.0
2026-08-20,72250,2026-11-13,call,mini,1,0.2744,85,1340.0
