date,strike,expiry,type,product,oi,iv,days_to_expiry,settlement
2026-07-24,20000,2026-08-13,put,regular,2285,1.5427,20,2.0
2026-07-24,22000,2026-08-13,put,regular,362,1.4211,20,2.0
2026-07-24,24000,2026-08-13,put,regular,391,1.3101,20,2.0
2026-07-24,25000,2026-08-13,put,regular,5282,1.299,20,3.0
2026-07-24,26000,2026-08-13,put,regular,130,1.2475,20,3.0
2026-07-24,27000,2026-08-13,put,regular,178,1.227,20,4.0
2026-07-24,28000,2026-08-13,put,regular,245,1.1782,20,4.0
2026-07-24,29000,2026-08-13,put,regular,272,1.1311,20,4.0
2026-07-24,30000,2026-08-13,put,regular,6019,1.1068,20,5.0
2026-07-24,31000,2026-08-13,put,regular,323,1.0795,20,6.0
2026-07-24,32000,2026-08-13,put,regular,223,1.0502,20,7.0
2026-07-24,33000,2026-08-13,put,regular,167,1.0314,20,9.0
2026-07-24,34000,2026-08-13,put,regular,116,0.9987,20,10.0
2026-07-24,35000,2026-08-13,put,regular,2147,0.9658,20,11.0
2026-07-24,36000,2026-08-13,put,regular,229,0.9478,20,14.0
2026-07-24,37000,2026-08-13,put,regular,172,0.9197,20,16.0
2026-07-24,37250,2026-08-13,put,regular,2,0.9095,20,16.0
2026-07-24,37500,2026-08-13,put,regular,54,0.9053,20,17.0
2026-07-24,37750,2026-08-13,put,regular,1,0.9007,20,18.0
2026-07-24,38000,2026-08-13,put,regular,1598,0.8906,20,18.0
2026-07-24,38250,2026-08-13,put,regular,5,0.8858,20,19.0
2026-07-24,38500,2026-08-13,put,regular,81,0.8757,20,19.0
2026-07-24,38750,2026-08-13,put,regular,2,0.8707,20,20.0
2026-07-24,39000,2026-08-13,put,regular,209,0.8655,20,21.0
2026-07-24,39250,2026-08-13,put,regular,3,0.8554,20,21.0
2026-07-24,39500,2026-08-13,put,regular,7,0.85,20,22.0
2026-07-24,39750,2026-08-13,put,regular,12,0.8444,20,23.0
2026-07-24,40000,2026-08-13,put,regular,1467,0.8345,20,23.0
2026-07-24,40250,2026-08-13,put,regular,7,0.8328,20,25.0
2026-07-24,40500,2026-08-13,put,regular,35,0.8268,20,26.0
2026-07-24,40750,2026-08-13,put,regular,13,0.8169,20,26.0
2026-07-24,41000,2026-08-13,put,regular,178,0.8107,20,27.0
2026-07-24,41250,2026-08-13,put,regular,25,0.8045,20,28.0
2026-07-24,41500,2026-08-13,put,regular,23,0.8015,20,30.0
2026-07-24,41750,2026-08-13,put,regular,20,0.7916,20,30.0
2026-07-24,42000,2026-08-13,put,regular,468,0.7818,20,30.0
2026-07-24,42250,2026-08-13,put,regular,2,0.7784,20,32.0
2026-07-24,42500,2026-08-13,put,regular,137,0.7747,20,34.0
2026-07-24,42750,2026-08-13,put,regular,36,0.7678,20,35.0
2026-07-24,43000,2026-08-13,put,regular,180,0.7608,20,36.0
2026-07-24,43250,2026-08-13,put,regular,9,0.7538,20,37.0
2026-07-24,43500,2026-08-13,put,regular,9,0.7518,20,40.0
2026-07-24,43750,2026-08-13,put,regular,47,0.7421,20,40.0
2026-07-24,44000,2026-08-13,put,regular,235,0.7372,20,42.0
2026-07-24,44250,2026-08-13,put,regular,5,0.7299,20,43.0
2026-07-24,44500,2026-08-13,put,regular,115,0.7247,20,45.0
2026-07-24,44750,2026-08-13,put,regular,53,0.7215,20,48.0
2026-07-24,45000,2026-08-13,put,regular,1639,0.7075,20,46.0
2026-07-24,45250,2026-08-13,put,regular,129,0.7062,20,50.0
2026-07-24,45500,2026-08-13,put,regular,159,0.7004,20,52.0
2026-07-24,45750,2026-08-13,put,regular,30,0.6945,20,54.0
2026-07-24,46000,2026-08-13,put,regular,391,0.6867,20,55.0
2026-07-24,46250,2026-08-13,put,regular,17,0.6788,20,56.0
2026-07-24,46500,2026-08-13,put,regular,276,0.6761,20,60.0
2026-07-24,46750,2026-08-13,put,regular,56,0.6613,20,57.0
2026-07-24,47000,2026-08-13,put,regular,425,0.6551,20,59.0
2026-07-24,47250,2026-08-13,put,regular,66,0.6472,20,60.0
2026-07-24,47500,2026-08-13,put,regular,316,0.65,20,68.0
2026-07-24,47750,2026-08-13,put,regular,184,0.6312,20,62.0
2026-07-24,48000,2026-08-13,put,regular,811,0.6321,20,69.0
2026-07-24,48250,2026-08-13,put,regular,123,0.6267,20,72.0
2026-07-24,48500,2026-08-13,put,regular,334,0.6198,20,74.0
2026-07-24,48750,2026-08-13,put,regular,163,0.6192,20,81.0
2026-07-24,49000,2026-08-13,put,regular,1386,0.6083,20,80.0
2026-07-24,49250,2026-08-13,put,regular,141,0.6011,20,82.0
2026-07-24,49500,2026-08-13,put,regular,606,0.5985,20,88.0
2026-07-24,49750,2026-08-13,put,regular,52,0.5842,20,84.0
2026-07-24,50000,2026-08-13,put,regular,2806,0.5846,20,93.0
2026-07-24,50250,2026-08-13,put,regular,180,0.5781,20,96.0
2026-07-24,50500,2026-08-13,put,regular,416,0.5735,20,101.0
2026-07-24,50750,2026-08-13,put,regular,808,0.5657,20,103.0
2026-07-24,51000,2026-08-13,put,regular,951,0.5617,20,109.0
2026-07-24,51250,2026-08-13,put,regular,53,0.5537,20,111.0
2026-07-24,51500,2026-08-13,put,regular,265,0.5457,20,113.0
2026-07-24,51750,2026-08-13,put,regular,43,0.542,20,120.0
2026-07-24,52000,2026-08-13,put,regular,869,0.5379,20,127.0
2026-07-24,52250,2026-08-13,put,regular,84,0.5296,20,129.0
2026-07-24,52500,2026-08-13,put,regular,510,0.5221,20,132.0
2026-07-24,52750,2026-08-13,put,regular,5,0.5152,20,136.0
2026-07-24,53000,2026-08-13,put,regular,1601,0.5139,20,148.0
2026-07-24,53250,2026-08-13,put,regular,54,0.5039,20,148.0
2026-07-24,53500,2026-08-13,put,regular,397,0.502,20,160.0
2026-07-24,53750,2026-08-13,put,regular,71,0.4957,20,166.0
2026-07-24,54000,2026-08-13,put,regular,687,0.4887,20,171.0
2026-07-24,54250,2026-08-13,put,regular,174,0.4851,20,182.0
2026-07-24,54500,2026-08-13,put,regular,663,0.4754,20,183.0
2026-07-24,54750,2026-08-13,put,regular,74,0.4821,20,214.0
2026-07-24,55000,2026-08-13,put,regular,2208,0.4674,20,206.0
2026-07-24,55250,2026-08-13,put,regular,96,0.4591,20,210.0
2026-07-24,55500,2026-08-13,put,regular,360,0.4561,20,225.0
2026-07-24,55750,2026-08-13,put,regular,305,0.4573,20,250.0
2026-07-24,56000,2026-08-13,put,regular,1038,0.4448,20,246.0
2026-07-24,56250,2026-08-13,put,regular,148,0.4354,20,249.0
2026-07-24,56500,2026-08-13,put,regular,1739,0.4333,20,269.0
2026-07-24,56750,2026-08-13,put,regular,36,0.437,20,305.0
2026-07-24,56875,2026-08-13,put,regular,9,0.4227,20,283.0
2026-07-24,57000,2026-08-13,put,regular,1991,0.422,20,295.0
2026-07-24,57125,2026-08-13,put,regular,101,0.4279,20,325.0
2026-07-24,57250,2026-08-13,put,regular,363,0.4129,20,300.0
2026-07-24,57375,2026-08-13,put,regular,16,0.4111,20,310.0
2026-07-24,57500,2026-08-13,put,regular,712,0.4111,20,325.0
2026-07-24,57625,2026-08-13,put,regular,3,0.409,20,335.0
2026-07-24,57750,2026-08-13,put,regular,14,0.4051,20,340.0
2026-07-24,57875,2026-08-13,put,regular,1,0.4046,20,355.0
2026-07-24,58000,2026-08-13,put,regular,2907,0.4006,20,360.0
2026-07-24,58125,2026-08-13,put,regular,6,0.3998,20,375.0
2026-07-24,58250,2026-08-13,put,regular,34,0.3973,20,385.0
2026-07-24,58375,2026-08-13,put,regular,13,0.3946,20,395.0
2026-07-24,58500,2026-08-13,put,regular,285,0.3919,20,405.0
2026-07-24,58625,2026-08-13,put,regular,11,0.3891,20,415.0
2026-07-24,58750,2026-08-13,put,regular,69,0.3862,20,425.0
2026-07-24,58875,2026-08-13,put,regular,15,0.3832,20,435.0
2026-07-24,59000,2026-08-13,put,regular,3265,0.3772,20,435.0
2026-07-24,59125,2026-08-13,put,regular,36,0.3783,20,460.0
2026-07-24,59250,2026-08-13,put,regular,79,0.3751,20,470.0
2026-07-24,59375,2026-08-13,put,regular,12,0.3717,20,480.0
2026-07-24,59500,2026-08-13,put,regular,1268,0.3656,20,480.0
2026-07-24,59625,2026-08-13,put,regular,25,0.3648,20,500.0
2026-07-24,59750,2026-08-13,put,regular,23,0.3638,20,520.0
2026-07-24,59875,2026-08-13,put,regular,57,0.3601,20,530.0
2026-07-24,60000,2026-08-13,put,regular,4528,0.3563,20,540.0
2026-07-24,60125,2026-08-13,put,regular,102,0.3524,20,550.0
2026-07-24,60250,2026-08-13,put,regular,97,0.3522,20,575.0
2026-07-24,60375,2026-08-13,put,regular,21,0.3493,20,590.0
2026-07-24,60500,2026-08-13,put,regular,143,0.3487,20,615.0
2026-07-24,60625,2026-08-13,put,regular,364,0.3444,20,625.0
2026-07-24,60750,2026-08-13,put,regular,40,0.3423,20,645.0
2026-07-24,60875,2026-08-13,put,regular,3,0.3412,20,670.0
2026-07-24,61000,2026-08-13,put,regular,1935,0.3355,20,675.0
2026-07-24,61125,2026-08-13,put,regular,27,0.3363,20,710.0
2026-07-24,61250,2026-08-13,put,regular,4,0.3325,20,725.0
2026-07-24,61375,2026-08-13,put,regular,31,0.3276,20,735.0
2026-07-24,61500,2026-08-13,put,regular,444,0.3268,20,765.0
2026-07-24,61625,2026-08-13,put,regular,43,0.3228,20,780.0
2026-07-24,61750,2026-08-13,put,regular,77,0.3196,20,800.0
2026-07-24,61875,2026-08-13,put,regular,11,0.3193,20,835.0
2026-07-24,62000,2026-08-13,put,regular,2746,0.3138,20,845.0
2026-07-24,62125,2026-08-13,put,regular,126,0.3141,20,885.0
2026-07-24,62250,2026-08-13,put,regular,129,0.3113,20,910.0
2026-07-24,62375,2026-08-13,put,regular,27,0.3093,20,940.0
2026-07-24,62500,2026-08-13,put,regular,963,0.3024,20,945.0
2026-07-24,62625,2026-08-13,put,regular,34,0.3047,20,1000.0
2026-07-24,62750,2026-08-13,put,regular,364,0.2967,20,1000.0
2026-07-24,62875,2026-08-13,put,regular,537,0.2949,20,1035.0
2026-07-24,63000,2026-08-13,put,regular,2801,0.2911,20,1060.0
2026-07-24,63125,2026-08-13,put,regular,82,0.2899,20,1100.0
2026-07-24,63250,2026-08-13,put,regular,144,0.2875,20,1135.0
2026-07-24,63375,2026-08-13,put,regular,60,0.2814,20,1150.0
2026-07-24,63500,2026-08-13,put,regular,726,0.2796,20,1190.0
2026-07-24,63625,2026-08-13,put,regular,36,0.2723,20,1200.0
2026-07-24,63750,2026-08-13,put,regular,8,0.2769,20,1280.0
2026-07-24,63875,2026-08-13,put,regular,50,0.2616,20,1245.0
2026-07-24,64000,2026-08-13,put,regular,2832,0.2665,20,1330.0
2026-07-24,64125,2026-08-13,put,regular,53,0.2669,20,1390.0
2026-07-24,64250,2026-08-13,put,regular,46,0.2637,20,1430.0
2026-07-24,64375,2026-08-13,put,regular,20,0.2486,20,1400.0
2026-07-24,64500,2026-08-13,put,regular,752,0.2515,20,1480.0
2026-07-24,64625,2026-08-13,put,regular,20,0.255,20,1565.0
2026-07-24,64750,2026-08-13,put,regular,34,0.2408,20,1545.0
2026-07-24,64875,2026-08-13,put,regular,6,0.233,20,1565.0
2026-07-24,65000,2026-08-13,put,regular,8243,0.2382,20,1665.0
2026-07-24,65125,2026-08-13,put,regular,8,0.2372,20,1730.0
2026-07-24,65250,2026-08-13,put,regular,102,0.2293,20,1755.0
2026-07-24,65375,2026-08-13,put,regular,13,0.2209,20,1780.0
2026-07-24,65500,2026-08-13,put,regular,996,0.2155,20,1825.0
2026-07-24,65625,2026-08-13,put,regular,65,0.2201,20,1930.0
2026-07-24,65750,2026-08-13,put,regular,153,0.2043,20,1920.0
2026-07-24,65875,2026-08-13,put,regular,512,0.2011,20,1985.0
2026-07-24,66000,2026-08-13,put,regular,1914,0.2002,20,2065.0
2026-07-24,66125,2026-08-13,put,regular,111,0.1885,20,2090.0
2026-07-24,66250,2026-08-13,put,regular,43,0.1866,20,2170.0
2026-07-24,66375,2026-08-13,put,regular,5,0.174,20,2200.0
2026-07-24,66500,2026-08-13,put,regular,728,0.1718,20,2285.0
2026-07-24,66625,2026-08-13,put,regular,16,0.1611,20,2335.0
2026-07-24,66750,2026-08-13,put,regular,15,0.1471,20,2380.0
2026-07-24,66875,2026-08-13,put,regular,82,0.134,20,2440.0
2026-07-24,67000,2026-08-13,put,regular,1643,0.1274,20,2530.0
2026-07-24,67125,2026-08-13,put,regular,1,0.1498,20,2710.0
2026-07-24,67250,2026-08-13,put,regular,93,0.1346,20,2775.0
2026-07-24,67375,2026-08-13,put,regular,1,0.2,20,2720.0
2026-07-24,67500,2026-08-13,put,regular,398,0.2,20,2855.0
2026-07-24,67625,2026-08-13,put,regular,1,0.2,20,2900.0
2026-07-24,67750,2026-08-13,put,regular,7,0.2,20,2990.0
2026-07-24,68000,2026-08-13,put,regular,2540,0.2,20,3200.0
2026-07-24,68125,2026-08-13,put,regular,3,0.2,20,3220.0
2026-07-24,68250,2026-08-13,put,regular,191,0.2,20,3300.0
2026-07-24,68375,2026-08-13,put,regular,27,0.2,20,3380.0
2026-07-24,68500,2026-08-13,put,regular,221,0.2,20,3465.0
2026-07-24,68625,2026-08-13,put,regular,1,0.2,20,3550.0
2026-07-24,68750,2026-08-13,put,regular,9,0.2,20,3675.0
2026-07-24,68875,2026-08-13,put,regular,6,0.2,20,3720.0
2026-07-24,69000,2026-08-13,put,regular,1727,0.2,20,3825.0
2026-07-24,69125,2026-08-13,put,regular,10,0.2,20,3885.0
2026-07-24,69250,2026-08-13,put,regular,31,0.2,20,3960.0
2026-07-24,69500,2026-08-13,put,regular,602,0.2,20,4200.0
2026-07-24,69750,2026-08-13,put,regular,2,0.2,20,4325.0
2026-07-24,70000,2026-08-13,put,regular,6125,0.2,20,4530.0
2026-07-24,70125,2026-08-13,put,regular,1,0.2,20,4610.0
2026-07-24,70250,2026-08-13,put,regular,1,0.2,20,4705.0
2026-07-24,70375,2026-08-13,put,regular,1,0.2,20,4790.0
2026-07-24,70500,2026-08-13,put,regular,5,0.2,20,4940.0
2026-07-24,71000,2026-08-13,put,regular,186,0.2,20,5300.0
2026-07-24,72000,2026-08-13,put,regular,200,0.2,20,6155.0
2026-07-24,72250,2026-08-13,put,regular,1,0.2,20,6345.0
2026-07-24,73000,2026-08-13,put,regular,13,0.2,20,7000.0
2026-07-24,73750,2026-08-13,put,regular,5,0.2,20,7680.0
2026-07-24,74000,2026-08-13,put,regular,10,0.2,20,7920.0
2026-07-24,75000,2026-08-13,put,regular,61,0.2,20,8855.0
2026-07-24,77500,2026-08-13,put,regular,5,0.2,20,11285.0
2026-07-24,20000,2026-09-10,put,regular,936,1.0724,48,5.0
2026-07-24,21000,2026-09-10,put,regular,34,1.0602,48,7.0
2026-07-24,22000,2026-09-10,put,regular,27,1.0304,48,8.0
2026-07-24,23000,2026-09-10,put,regular,11,1.0005,48,9.0
2026-07-24,24000,2026-09-10,put,regular,5,0.9707,48,10.0
2026-07-24,25000,2026-09-10,put,regular,4685,0.9492,48,12.0
2026-07-24,26000,2026-09-10,put,regular,118,0.9261,48,14.0
2026-07-24,27000,2026-09-10,put,regular,3,0.9078,48,17.0
2026-07-24,27500,2026-09-10,put,regular,15,0.8951,48,18.0
2026-07-24,28000,2026-09-10,put,regular,21,0.8824,48,19.0
2026-07-24,28750,2026-09-10,put,regular,65,0.87,48,22.0
2026-07-24,29000,2026-09-10,put,regular,20,0.8612,48,22.0
2026-07-24,30000,2026-09-10,put,regular,4213,0.839,48,25.0
2026-07-24,30500,2026-09-10,put,regular,86,0.8222,48,25.0
2026-07-24,31000,2026-09-10,put,regular,4,0.8127,48,27.0
2026-07-24,31500,2026-09-10,put,regular,15,0.8029,48,29.0
2026-07-24,32000,2026-09-10,put,regular,37,0.7927,48,31.0
2026-07-24,33000,2026-09-10,put,regular,134,0.7718,48,35.0
2026-07-24,34000,2026-09-10,put,regular,13,0.7525,48,40.0
2026-07-24,34750,2026-09-10,put,regular,69,0.7379,48,44.0
2026-07-24,35000,2026-09-10,put,regular,1034,0.7322,48,45.0
2026-07-24,35750,2026-09-10,put,regular,50,0.7208,48,51.0
2026-07-24,36000,2026-09-10,put,regular,13,0.7168,48,53.0
2026-07-24,36750,2026-09-10,put,regular,60,0.704,48,59.0
2026-07-24,37000,2026-09-10,put,regular,503,0.6996,48,61.0
2026-07-24,37500,2026-09-10,put,regular,2,0.6904,48,65.0
2026-07-24,37750,2026-09-10,put,regular,1,0.6858,48,67.0
2026-07-24,38000,2026-09-10,put,regular,735,0.6811,48,69.0
2026-07-24,38500,2026-09-10,put,regular,226,0.6687,48,71.0
2026-07-24,39000,2026-09-10,put,regular,59,0.6551,48,72.0
2026-07-24,39250,2026-09-10,put,regular,165,0.649,48,73.0
2026-07-24,39500,2026-09-10,put,regular,350,0.6467,48,77.0
2026-07-24,40000,2026-09-10,put,regular,2661,0.6355,48,80.0
2026-07-24,40250,2026-09-10,put,regular,1,0.6339,48,85.0
2026-07-24,40500,2026-09-10,put,regular,176,0.6277,48,86.0
2026-07-24,40750,2026-09-10,put,regular,42,0.6236,48,89.0
2026-07-24,41000,2026-09-10,put,regular,863,0.6216,48,94.0
2026-07-24,41250,2026-09-10,put,regular,1,0.6152,48,95.0
2026-07-24,41500,2026-09-10,put,regular,76,0.6099,48,97.0
2026-07-24,42000,2026-09-10,put,regular,1941,0.603,48,105.0
2026-07-24,42250,2026-09-10,put,regular,20,0.5966,48,106.0
2026-07-24,42500,2026-09-10,put,regular,50,0.592,48,109.0
2026-07-24,42750,2026-09-10,put,regular,16,0.5883,48,113.0
2026-07-24,43000,2026-09-10,put,regular,1047,0.5852,48,118.0
2026-07-24,43250,2026-09-10,put,regular,65,0.5796,48,120.0
2026-07-24,43500,2026-09-10,put,regular,582,0.5748,48,123.0
2026-07-24,43750,2026-09-10,put,regular,9,0.5706,48,127.0
2026-07-24,44000,2026-09-10,put,regular,1454,0.5672,48,132.0
2026-07-24,44250,2026-09-10,put,regular,27,0.5621,48,135.0
2026-07-24,44500,2026-09-10,put,regular,126,0.5578,48,139.0
2026-07-24,44750,2026-09-10,put,regular,8,0.5614,48,155.0
2026-07-24,45000,2026-09-10,put,regular,2485,0.556,48,158.0
2026-07-24,45500,2026-09-10,put,regular,1,0.5428,48,160.0
2026-07-24,45750,2026-09-10,put,regular,33,0.5362,48,161.0
2026-07-24,46000,2026-09-10,put,regular,1952,0.5344,48,170.0
2026-07-24,46250,2026-09-10,put,regular,26,0.53,48,175.0
2026-07-24,46500,2026-09-10,put,regular,340,0.5256,48,180.0
2026-07-24,46750,2026-09-10,put,regular,24,0.5222,48,187.0
2026-07-24,47000,2026-09-10,put,regular,720,0.5166,48,190.0
2026-07-24,47250,2026-09-10,put,regular,19,0.513,48,197.0
2026-07-24,47500,2026-09-10,put,regular,1015,0.5078,48,201.0
2026-07-24,47750,2026-09-10,put,regular,15,0.505,48,210.0
2026-07-24,48000,2026-09-10,put,regular,3389,0.4992,48,213.0
2026-07-24,48250,2026-09-10,put,regular,39,0.4961,48,222.0
2026-07-24,48500,2026-09-10,put,regular,650,0.4925,48,230.0
2026-07-24,48750,2026-09-10,put,regular,25,0.4887,48,238.0
2026-07-24,49000,2026-09-10,put,regular,1372,0.484,48,244.0
2026-07-24,49250,2026-09-10,put,regular,150,0.4801,48,252.0
2026-07-24,49500,2026-09-10,put,regular,158,0.4764,48,261.0
2026-07-24,49750,2026-09-10,put,regular,141,0.4718,48,268.0
2026-07-24,50000,2026-09-10,put,regular,9332,0.4687,48,279.0
2026-07-24,50250,2026-09-10,put,regular,38,0.4632,48,284.0
2026-07-24,50500,2026-09-10,put,regular,1174,0.4613,48,299.0
2026-07-24,50750,2026-09-10,put,regular,145,0.456,48,305.0
2026-07-24,51000,2026-09-10,put,regular,1088,0.4537,48,320.0
2026-07-24,51250,2026-09-10,put,regular,210,0.4496,48,330.0
2026-07-24,51500,2026-09-10,put,regular,241,0.447,48,345.0
2026-07-24,51750,2026-09-10,put,regular,41,0.4395,48,345.0
2026-07-24,52000,2026-09-10,put,regular,1231,0.4366,48,360.0
2026-07-24,52250,2026-09-10,put,regular,61,0.4351,48,380.0
2026-07-24,52500,2026-09-10,put,regular,296,0.4275,48,380.0
2026-07-24,52750,2026-09-10,put,regular,25,0.4256,48,400.0
2026-07-24,53000,2026-09-10,put,regular,1556,0.4221,48,415.0
2026-07-24,53250,2026-09-10,put,regular,15,0.4198,48,435.0
2026-07-24,53500,2026-09-10,put,regular,1213,0.4147,48,445.0
2026-07-24,53750,2026-09-10,put,regular,75,0.4108,48,460.0
2026-07-24,54000,2026-09-10,put,regular,2587,0.4067,48,475.0
2026-07-24,54250,2026-09-10,put,regular,2,0.4061,48,505.0
2026-07-24,54500,2026-09-10,put,regular,407,0.4028,48,525.0
2026-07-24,54750,2026-09-10,put,regular,233,0.3983,48,540.0
2026-07-24,55000,2026-09-10,put,regular,3822,0.3925,48,550.0
2026-07-24,55250,2026-09-10,put,regular,8,0.391,48,580.0
2026-07-24,55500,2026-09-10,put,regular,600,0.3881,48,605.0
2026-07-24,56000,2026-09-10,put,regular,1670,0.3789,48,640.0
2026-07-24,56250,2026-09-10,put,regular,24,0.3755,48,665.0
2026-07-24,56500,2026-09-10,put,regular,183,0.371,48,685.0
2026-07-24,56750,2026-09-10,put,regular,23,0.3682,48,715.0
2026-07-24,57000,2026-09-10,put,regular,2850,0.3634,48,735.0
2026-07-24,57250,2026-09-10,put,regular,24,0.3619,48,775.0
2026-07-24,57500,2026-09-10,put,regular,390,0.3585,48,805.0
2026-07-24,57750,2026-09-10,put,regular,142,0.354,48,830.0
2026-07-24,58000,2026-09-10,put,regular,2167,0.351,48,865.0
2026-07-24,58250,2026-09-10,put,regular,175,0.347,48,895.0
2026-07-24,58500,2026-09-10,put,regular,918,0.3435,48,930.0
2026-07-24,58750,2026-09-10,put,regular,20,0.3406,48,970.0
2026-07-24,59000,2026-09-10,put,regular,2516,0.3374,48,1010.0
2026-07-24,59250,2026-09-10,put,regular,42,0.3347,48,1055.0
2026-07-24,59500,2026-09-10,put,regular,245,0.3311,48,1095.0
2026-07-24,59750,2026-09-10,put,regular,21,0.3279,48,1140.0
2026-07-24,60000,2026-09-10,put,regular,3780,0.3244,48,1185.0
2026-07-24,60250,2026-09-10,put,regular,2,0.3207,48,1230.0
2026-07-24,60500,2026-09-10,put,regular,321,0.3168,48,1275.0
2026-07-24,60750,2026-09-10,put,regular,132,0.3107,48,1305.0
2026-07-24,61000,2026-09-10,put,regular,1024,0.3107,48,1385.0
2026-07-24,61125,2026-09-10,put,regular,1640000,0.3081,48,1405.0
2026-07-24,61250,2026-09-10,put,regular,3,0.3084,48,1450.0
2026-07-24,61500,2026-09-10,put,regular,15,0.2998,48,1465.0
2026-07-24,61625,2026-09-10,put,regular,1,0.3006,48,1515.0
2026-07-24,61750,2026-09-10,put,regular,230,0.2994,48,1550.0
2026-07-24,62000,2026-09-10,put,regular,2824,0.2968,48,1620.0
2026-07-24,62250,2026-09-10,put,regular,21,0.2934,48,1685.0
2026-07-24,62375,2026-09-10,put,regular,102,0.2901,48,1705.0
2026-07-24,62500,2026-09-10,put,regular,701,0.2896,48,1750.0
2026-07-24,62750,2026-09-10,put,regular,6,0.2855,48,1815.0
2026-07-24,63000,2026-09-10,put,regular,3179,0.2794,48,1865.0
2026-07-24,63125,2026-09-10,put,regular,5,0.2818,48,1940.0
2026-07-24,63250,2026-09-10,put,regular,34,0.2785,48,1965.0
2026-07-24,63375,2026-09-10,put,regular,7,0.278,48,2015.0
2026-07-24,63500,2026-09-10,put,regular,319,0.2756,48,2050.0
2026-07-24,63750,2026-09-10,put,regular,6,0.2718,48,2130.0
2026-07-24,64000,2026-09-10,put,regular,2194,0.2649,48,2185.0
2026-07-24,64375,2026-09-10,put,regular,22,0.2622,48,2345.0
2026-07-24,64500,2026-09-10,put,regular,340,0.258,48,2370.0
2026-07-24,65000,2026-09-10,put,regular,3209,0.2527,48,2585.0
2026-07-24,65250,2026-09-10,put,regular,80,0.2485,48,2685.0
2026-07-24,65375,2026-09-10,put,regular,19,0.2457,48,2730.0
2026-07-24,65500,2026-09-10,put,regular,279,0.2439,48,2785.0
2026-07-24,65625,2026-09-10,put,regular,15,0.2419,48,2840.0
2026-07-24,65750,2026-09-10,put,regular,3,0.2393,48,2890.0
2026-07-24,66000,2026-09-10,put,regular,1786,0.2347,48,3000.0
2026-07-24,66125,2026-09-10,put,regular,6,0.2322,48,3055.0
2026-07-24,66250,2026-09-10,put,regular,10,0.2296,48,3110.0
2026-07-24,66500,2026-09-10,put,regular,1559,0.2233,48,3215.0
2026-07-24,66625,2026-09-10,put,regular,15,0.2213,48,3280.0
2026-07-24,66750,2026-09-10,put,regular,9,0.2202,48,3355.0
2026-07-24,67000,2026-09-10,put,regular,1140,0.2149,48,3480.0
2026-07-24,67250,2026-09-10,put,regular,8,0.2093,48,3610.0
2026-07-24,67500,2026-09-10,put,regular,333,0.2029,48,3740.0
2026-07-24,67750,2026-09-10,put,regular,172,0.1975,48,3885.0
2026-07-24,68000,2026-09-10,put,regular,756,0.187,48,4000.0
2026-07-24,68250,2026-09-10,put,regular,8,0.1813,48,4160.0
2026-07-24,68500,2026-09-10,put,regular,33,0.1694,48,4290.0
2026-07-24,68750,2026-09-10,put,regular,18,0.1638,48,4470.0
2026-07-24,69000,2026-09-10,put,regular,1146,0.1513,48,4625.0
2026-07-24,69500,2026-09-10,put,regular,6,0.2,48,4915.0
2026-07-24,70000,2026-09-10,put,regular,1475,0.2,48,5270.0
2026-07-24,71000,2026-09-10,put,regular,100,0.2,48,5955.0
2026-07-24,71250,2026-09-10,put,regular,1,0.2,48,6140.0
2026-07-24,73000,2026-09-10,put,regular,19,0.2,48,7490.0
2026-07-24,75000,2026-09-10,put,regular,2,0.2,48,9180.0
2026-07-24,80000,2026-09-10,put,regular,1,0.2,48,13775.0
2026-07-24,25000,2026-10-08,put,regular,19,0.7715,76,15.0
2026-07-24,30000,2026-10-08,put,regular,2,0.7049,76,40.0
2026-07-24,35000,2026-10-08,put,regular,1,0.6295,76,80.0
2026-07-24,36000,2026-10-08,put,regular,1,0.6139,76,90.0
2026-07-24,37000,2026-10-08,put,regular,1,0.6002,76,103.0
2026-07-24,38000,2026-10-08,put,regular,2,0.5854,76,116.0
2026-07-24,39000,2026-10-08,put,regular,1,0.5712,76,131.0
2026-07-24,40000,2026-10-08,put,regular,102,0.5573,76,148.0
2026-07-24,41000,2026-10-08,put,regular,1,0.5435,76,167.0
2026-07-24,42000,2026-10-08,put,regular,100,0.5229,76,175.0
2026-07-24,42750,2026-10-08,put,regular,1,0.507,76,180.0
2026-07-24,43000,2026-10-08,put,regular,24,0.5019,76,182.0
2026-07-24,43750,2026-10-08,put,regular,9,0.486,76,187.0
2026-07-24,45000,2026-10-08,put,regular,211,0.4714,76,222.0
2026-07-24,45500,2026-10-08,put,regular,203,0.4685,76,245.0
2026-07-24,46000,2026-10-08,put,regular,150,0.4627,76,262.0
2026-07-24,46500,2026-10-08,put,regular,63,0.4603,76,290.0
2026-07-24,46750,2026-10-08,put,regular,106,0.4592,76,305.0
2026-07-24,47000,2026-10-08,put,regular,178,0.4578,76,320.0
2026-07-24,47250,2026-10-08,put,regular,5,0.4563,76,335.0
2026-07-24,47750,2026-10-08,put,regular,28,0.4527,76,365.0
2026-07-24,48000,2026-10-08,put,regular,407,0.4506,76,380.0
2026-07-24,48250,2026-10-08,put,regular,3,0.4484,76,395.0
2026-07-24,48500,2026-10-08,put,regular,1,0.4448,76,405.0
2026-07-24,48750,2026-10-08,put,regular,1,0.4424,76,420.0
2026-07-24,49000,2026-10-08,put,regular,6,0.4398,76,435.0
2026-07-24,49250,2026-10-08,put,regular,2,0.4372,76,450.0
2026-07-24,49500,2026-10-08,put,regular,2,0.4344,76,465.0
2026-07-24,49750,2026-10-08,put,regular,2,0.4315,76,480.0
2026-07-24,50000,2026-10-08,put,regular,556,0.4286,76,495.0
2026-07-24,50250,2026-10-08,put,regular,1,0.4255,76,510.0
2026-07-24,50500,2026-10-08,put,regular,104,0.4223,76,525.0
2026-07-24,50750,2026-10-08,put,regular,1,0.418,76,535.0
2026-07-24,51000,2026-10-08,put,regular,1,0.4146,76,550.0
2026-07-24,51250,2026-10-08,put,regular,1,0.4123,76,570.0
2026-07-24,51500,2026-10-08,put,regular,176,0.4087,76,585.0
2026-07-24,51750,2026-10-08,put,regular,1,0.4061,76,605.0
2026-07-24,52000,2026-10-08,put,regular,54,0.4034,76,625.0
2026-07-24,52250,2026-10-08,put,regular,1,0.4005,76,645.0
2026-07-24,52500,2026-10-08,put,regular,152,0.3975,76,665.0
2026-07-24,52750,2026-10-08,put,regular,1,0.3945,76,685.0
2026-07-24,53000,2026-10-08,put,regular,138,0.3913,76,705.0
2026-07-24,53250,2026-10-08,put,regular,1,0.3888,76,730.0
2026-07-24,53500,2026-10-08,put,regular,101,0.3871,76,760.0
2026-07-24,54000,2026-10-08,put,regular,107,0.3823,76,815.0
2026-07-24,54250,2026-10-08,put,regular,7,0.3801,76,845.0
2026-07-24,54750,2026-10-08,put,regular,6,0.3753,76,905.0
2026-07-24,55000,2026-10-08,put,regular,607,0.3733,76,940.0
2026-07-24,55250,2026-10-08,put,regular,31,0.3698,76,965.0
2026-07-24,55750,2026-10-08,put,regular,1,0.3632,76,1020.0
2026-07-24,56000,2026-10-08,put,regular,250,0.3587,76,1040.0
2026-07-24,56250,2026-10-08,put,regular,5,0.3535,76,1055.0
2026-07-24,56500,2026-10-08,put,regular,4,0.3495,76,1080.0
2026-07-24,56750,2026-10-08,put,regular,19,0.3487,76,1130.0
2026-07-24,57000,2026-10-08,put,regular,252,0.3432,76,1145.0
2026-07-24,57500,2026-10-08,put,regular,100,0.3405,76,1245.0
2026-07-24,57750,2026-10-08,put,regular,31,0.3371,76,1280.0
2026-07-24,58000,2026-10-08,put,regular,1121,0.3342,76,1320.0
2026-07-24,58250,2026-10-08,put,regular,5,0.3328,76,1375.0
2026-07-24,58500,2026-10-08,put,regular,6,0.3306,76,1425.0
2026-07-24,58750,2026-10-08,put,regular,5,0.3272,76,1465.0
2026-07-24,59000,2026-10-08,put,regular,125,0.3242,76,1510.0
2026-07-24,59250,2026-10-08,put,regular,17,0.3226,76,1570.0
2026-07-24,59500,2026-10-08,put,regular,7,0.3176,76,1600.0
2026-07-24,59750,2026-10-08,put,regular,1,0.3172,76,1675.0
2026-07-24,60000,2026-10-08,put,regular,1749,0.314,76,1725.0
2026-07-24,60500,2026-10-08,put,regular,102,0.3097,76,1850.0
2026-07-24,60750,2026-10-08,put,regular,48,0.3074,76,1915.0
2026-07-24,61000,2026-10-08,put,regular,202,0.305,76,1980.0
2026-07-24,62000,2026-10-08,put,regular,414,0.295,76,2260.0
2026-07-24,63875,2026-10-08,put,regular,1,0.277,76,2895.0
2026-07-24,64000,2026-10-08,put,regular,950,0.2743,76,2925.0
2026-07-24,64500,2026-10-08,put,regular,230,0.2701,76,3130.0
2026-07-24,64750,2026-10-08,put,regular,1,0.2674,76,3230.0
2026-07-24,65000,2026-10-08,put,regular,850,0.264,76,3325.0
2026-07-24,65500,2026-10-08,put,regular,60,0.2586,76,3540.0
2026-07-24,66000,2026-10-08,put,regular,1,0.255,76,3790.0
2026-07-24,67000,2026-10-08,put,regular,201,0.2372,76,4210.0
2026-07-24,68000,2026-10-08,put,regular,536,0.2238,76,4745.0
2026-07-24,68500,2026-10-08,put,regular,2,0.2183,76,5050.0
2026-07-24,69000,2026-10-08,put,regular,200,0.2105,76,5350.0
2026-07-24,69500,2026-10-08,put,regular,75,0.2004,76,5650.0
2026-07-24,70000,2026-10-08,put,regular,101,0.1904,76,5975.0
2026-07-24,72500,2026-10-08,put,regular,1,0.2,76,7775.0
2026-07-24,79000,2026-10-08,put,regular,2,0.2,76,13240.0
2026-07-24,25000,2026-11-12,put,regular,8,0.6933,111,32.0
2026-07-24,30000,2026-11-12,put,regular,1,0.6343,111,76.0
2026-07-24,35000,2026-11-12,put,regular,1,0.5688,111,142.0
2026-07-24,38000,2026-11-12,put,regular,1,0.5312,111,200.0
2026-07-24,40000,2026-11-12,put,regular,2,0.5068,111,249.0
2026-07-24,42000,2026-11-12,put,regular,150,0.4775,111,292.0
2026-07-24,43000,2026-11-12,put,regular,1,0.4597,111,305.0
2026-07-24,51000,2026-11-12,put,regular,100,0.3779,111,765.0
2026-07-24,53000,2026-11-12,put,regular,55,0.3598,111,970.0
2026-07-24,53750,2026-11-12,put,regular,1,0.3531,111,1060.0
2026-07-24,56000,2026-11-12,put,regular,150,0.3337,111,1385.0
2026-07-24,58000,2026-11-12,put,regular,100,0.3228,111,1820.0
2026-07-24,59000,2026-11-12,put,regular,100,0.3147,111,2045.0
2026-07-24,59500,2026-11-12,put,regular,459,0.3106,111,2165.0
2026-07-24,60000,2026-11-12,put,regular,420,0.3067,111,2295.0
2026-07-24,60500,2026-11-12,put,regular,100,0.3027,111,2430.0
2026-07-24,61000,2026-11-12,put,regular,300,0.2989,111,2575.0
2026-07-24,63000,2026-11-12,put,regular,100,0.2824,111,3215.0
2026-07-24,64000,2026-11-12,put,regular,560,0.2744,111,3590.0
2026-07-24,65000,2026-11-12,put,regular,300,0.2655,111,3990.0
2026-07-24,66000,2026-11-12,put,regular,150,0.2587,111,4460.0
2026-07-24,67000,2026-11-12,put,regular,350,0.2441,111,4865.0
2026-07-24,67500,2026-11-12,put,regular,4,0.2392,111,5120.0
2026-07-24,68500,2026-11-12,put,regular,328,0.2297,111,5670.0
2026-07-24,70000,2026-11-12,put,regular,460,0.2146,111,6585.0
2026-07-24,72500,2026-11-12,put,regular,330,0.1747,111,8280.0
2026-07-24,12500,2026-12-10,put,regular,443,0.9135,139,8.0
2026-07-24,13000,2026-12-10,put,regular,4,0.8919,139,8.0
2026-07-24,13500,2026-12-10,put,regular,100,0.8712,139,8.0
2026-07-24,14000,2026-12-10,put,regular,11,0.8512,139,8.0
2026-07-24,14500,2026-12-10,put,regular,1,0.8411,139,9.0
2026-07-24,14750,2026-12-10,put,regular,1,0.8316,139,9.0
2026-07-24,15000,2026-12-10,put,regular,5,0.8223,139,9.0
2026-07-24,16000,2026-12-10,put,regular,3,0.7945,139,10.0
2026-07-24,17000,2026-12-10,put,regular,3,0.7678,139,11.0
2026-07-24,18000,2026-12-10,put,regular,153,0.7479,139,13.0
2026-07-24,19000,2026-12-10,put,regular,650,0.7275,139,15.0
2026-07-24,20000,2026-12-10,put,regular,2350,0.7153,139,19.0
2026-07-24,21000,2026-12-10,put,regular,350,0.7041,139,24.0
2026-07-24,21500,2026-12-10,put,regular,500,0.6961,139,26.0
2026-07-24,22000,2026-12-10,put,regular,1715,0.6906,139,29.0
2026-07-24,22500,2026-12-10,put,regular,154,0.6845,139,32.0
2026-07-24,23000,2026-12-10,put,regular,2105,0.678,139,35.0
2026-07-24,23500,2026-12-10,put,regular,127,0.6711,139,38.0
2026-07-24,24000,2026-12-10,put,regular,400,0.6658,139,42.0
2026-07-24,24500,2026-12-10,put,regular,250,0.6583,139,45.0
2026-07-24,24750,2026-12-10,put,regular,1,0.6553,139,47.0
2026-07-24,25000,2026-12-10,put,regular,2464,0.6522,139,49.0
2026-07-24,25250,2026-12-10,put,regular,1,0.6491,139,51.0
2026-07-24,25500,2026-12-10,put,regular,2,0.6474,139,54.0
2026-07-24,26000,2026-12-10,put,regular,1425,0.6406,139,58.0
2026-07-24,26500,2026-12-10,put,regular,1,0.6322,139,61.0
2026-07-24,27000,2026-12-10,put,regular,2630,0.6251,139,65.0
2026-07-24,27500,2026-12-10,put,regular,25,0.6178,139,69.0
2026-07-24,27750,2026-12-10,put,regular,72,0.6152,139,72.0
2026-07-24,28000,2026-12-10,put,regular,1326,0.6126,139,75.0
2026-07-24,28500,2026-12-10,put,regular,400,0.6049,139,79.0
2026-07-24,29000,2026-12-10,put,regular,1450,0.6002,139,86.0
2026-07-24,30000,2026-12-10,put,regular,5896,0.5878,139,98.0
2026-07-24,30500,2026-12-10,put,regular,51,0.5788,139,101.0
2026-07-24,31000,2026-12-10,put,regular,2257,0.5723,139,107.0
2026-07-24,31500,2026-12-10,put,regular,350,0.5663,139,114.0
2026-07-24,32000,2026-12-10,put,regular,4655,0.5602,139,121.0
2026-07-24,32250,2026-12-10,put,regular,600,0.5574,139,125.0
2026-07-24,32500,2026-12-10,put,regular,900,0.5545,139,129.0
2026-07-24,32750,2026-12-10,put,regular,20,0.5509,139,132.0
2026-07-24,33000,2026-12-10,put,regular,3362,0.548,139,136.0
2026-07-24,33250,2026-12-10,put,regular,37,0.545,139,140.0
2026-07-24,33500,2026-12-10,put,regular,72,0.5419,139,144.0
2026-07-24,34000,2026-12-10,put,regular,2820,0.5362,139,153.0
2026-07-24,34500,2026-12-10,put,regular,560,0.5309,139,163.0
2026-07-24,34750,2026-12-10,put,regular,1,0.5276,139,167.0
2026-07-24,35000,2026-12-10,put,regular,5063,0.5248,139,172.0
2026-07-24,36000,2026-12-10,put,regular,2905,0.5177,139,202.0
2026-07-24,36500,2026-12-10,put,regular,225,0.5119,139,213.0
2026-07-24,36750,2026-12-10,put,regular,400,0.5091,139,219.0
2026-07-24,37000,2026-12-10,put,regular,2537,0.5066,139,226.0
2026-07-24,37500,2026-12-10,put,regular,188,0.5008,139,238.0
2026-07-24,37750,2026-12-10,put,regular,100,0.4982,139,245.0
2026-07-24,38000,2026-12-10,put,regular,2686,0.4955,139,252.0
2026-07-24,38500,2026-12-10,put,regular,1150,0.49,139,266.0
2026-07-24,38750,2026-12-10,put,regular,50,0.4876,139,274.0
2026-07-24,39000,2026-12-10,put,regular,2505,0.4847,139,281.0
2026-07-24,39250,2026-12-10,put,regular,650,0.4821,139,289.0
2026-07-24,39500,2026-12-10,put,regular,1008,0.4795,139,297.0
2026-07-24,40000,2026-12-10,put,regular,6178,0.4746,139,315.0
2026-07-24,40250,2026-12-10,put,regular,5,0.4724,139,325.0
2026-07-24,40500,2026-12-10,put,regular,1469,0.4687,139,330.0
2026-07-24,41000,2026-12-10,put,regular,1825,0.464,139,350.0
2026-07-24,41250,2026-12-10,put,regular,3,0.4616,139,360.0
2026-07-24,41500,2026-12-10,put,regular,101,0.459,139,370.0
2026-07-24,42000,2026-12-10,put,regular,3599,0.4539,139,390.0
2026-07-24,42500,2026-12-10,put,regular,300,0.4485,139,410.0
2026-07-24,43000,2026-12-10,put,regular,1690,0.4441,139,435.0
2026-07-24,43500,2026-12-10,put,regular,100,0.4383,139,455.0
2026-07-24,43750,2026-12-10,put,regular,8,0.4364,139,470.0
2026-07-24,44000,2026-12-10,put,regular,3390,0.4345,139,485.0
2026-07-24,45000,2026-12-10,put,regular,2798,0.4189,139,510.0
2026-07-24,45250,2026-12-10,put,regular,51,0.4168,139,525.0
2026-07-24,45500,2026-12-10,put,regular,350,0.4145,139,540.0
2026-07-24,46000,2026-12-10,put,regular,3757,0.4098,139,570.0
2026-07-24,47000,2026-12-10,put,regular,2846,0.4014,139,640.0
2026-07-24,47500,2026-12-10,put,regular,1077,0.3944,139,660.0
2026-07-24,48000,2026-12-10,put,regular,4167,0.3904,139,700.0
2026-07-24,48500,2026-12-10,put,regular,300,0.386,139,740.0
2026-07-24,49000,2026-12-10,put,regular,3177,0.3814,139,780.0
2026-07-24,49500,2026-12-10,put,regular,2717,0.3773,139,825.0
2026-07-24,50000,2026-12-10,put,regular,6211,0.3748,139,885.0
2026-07-24,50250,2026-12-10,put,regular,16,0.374,139,920.0
2026-07-24,50500,2026-12-10,put,regular,635,0.3732,139,955.0
2026-07-24,50750,2026-12-10,put,regular,45,0.3721,139,990.0
2026-07-24,51000,2026-12-10,put,regular,1680,0.3722,139,1035.0
2026-07-24,51500,2026-12-10,put,regular,20,0.3678,139,1090.0
2026-07-24,52000,2026-12-10,put,regular,2175,0.3637,139,1150.0
2026-07-24,52250,2026-12-10,put,regular,525,0.3615,139,1180.0
2026-07-24,52500,2026-12-10,put,regular,417,0.3592,139,1210.0
2026-07-24,53000,2026-12-10,put,regular,1398,0.355,139,1275.0
2026-07-24,53250,2026-12-10,put,regular,186,0.352,139,1300.0
2026-07-24,53500,2026-12-10,put,regular,205,0.3499,139,1335.0
2026-07-24,53750,2026-12-10,put,regular,4,0.3483,139,1375.0
2026-07-24,54000,2026-12-10,put,regular,2427,0.347,139,1420.0
2026-07-24,54500,2026-12-10,put,regular,440,0.3423,139,1490.0
2026-07-24,55000,2026-12-10,put,regular,4863,0.3392,139,1580.0
2026-07-24,55500,2026-12-10,put,regular,100,0.3347,139,1660.0
2026-07-24,56000,2026-12-10,put,regular,2176,0.3312,139,1755.0
2026-07-24,56500,2026-12-10,put,regular,151,0.3269,139,1845.0
2026-07-24,57000,2026-12-10,put,regular,1370,0.3234,139,1950.0
2026-07-24,57500,2026-12-10,put,regular,850,0.3196,139,2055.0
2026-07-24,58000,2026-12-10,put,regular,1397,0.3157,139,2165.0
2026-07-24,58500,2026-12-10,put,regular,450,0.3119,139,2280.0
2026-07-24,59000,2026-12-10,put,regular,2240,0.3083,139,2405.0
2026-07-24,59500,2026-12-10,put,regular,250,0.3043,139,2530.0
2026-07-24,60000,2026-12-10,put,regular,8623,0.3007,139,2665.0
2026-07-24,61000,2026-12-10,put,regular,1650,0.2944,139,2970.0
2026-07-24,61500,2026-12-10,put,regular,2,0.2913,139,3135.0
2026-07-24,62000,2026-12-10,put,regular,2281,0.2878,139,3300.0
2026-07-24,62250,2026-12-10,put,regular,350,0.2861,139,3385.0
2026-07-24,62500,2026-12-10,put,regular,385,0.2845,139,3475.0
2026-07-24,63000,2026-12-10,put,regular,1601,0.281,139,3655.0
2026-07-24,63750,2026-12-10,put,regular,25,0.276,139,3945.0
2026-07-24,64000,2026-12-10,put,regular,1125,0.2733,139,4030.0
2026-07-24,65000,2026-12-10,put,regular,2790,0.2664,139,4450.0
2026-07-24,65500,2026-12-10,put,regular,580,0.264,139,4690.0
2026-07-24,66000,2026-12-10,put,regular,301,0.2607,139,4925.0
2026-07-24,67000,2026-12-10,put,regular,1405,0.2481,139,5330.0
2026-07-24,67250,2026-12-10,put,regular,25,0.246,139,5455.0
2026-07-24,67500,2026-12-10,put,regular,25,0.2441,139,5585.0
2026-07-24,68000,2026-12-10,put,regular,1700,0.2411,139,5865.0
2026-07-24,68500,2026-12-10,put,regular,203,0.2378,139,6150.0
2026-07-24,68750,2026-12-10,put,regular,100,0.2356,139,6290.0
2026-07-24,69000,2026-12-10,put,regular,1470,0.2333,139,6430.0
2026-07-24,70000,2026-12-10,put,regular,1668,0.2238,139,7015.0
2026-07-24,71000,2026-12-10,put,regular,31,0.2151,139,7660.0
2026-07-24,72000,2026-12-10,put,regular,120,0.2039,139,8325.0
2026-07-24,72500,2026-12-10,put,regular,320,0.1979,139,8675.0
2026-07-24,74000,2026-12-10,put,regular,100,0.1725,139,9755.0
2026-07-24,76000,2026-12-10,put,regular,300,0.2,139,11285.0
2026-07-24,80000,2026-12-10,put,regular,3700,0.2,139,14625.0
2026-07-24,44000,2027-01-07,put,regular,331,0.4187,167,605.0
2026-07-24,45000,2027-01-07,put,regular,600,0.4041,167,635.0
2026-07-24,47000,2027-01-07,put,regular,98,0.3827,167,750.0
2026-07-24,48000,2027-01-07,put,regular,200,0.3768,167,850.0
2026-07-24,50000,2027-01-07,put,regular,15,0.3619,167,1055.0
2026-07-24,58000,2027-01-07,put,regular,57,0.305,167,2405.0
2026-07-24,60000,2027-01-07,put,regular,1,0.2918,167,2935.0
2026-07-24,60500,2027-01-07,put,regular,41,0.2884,167,3080.0
2026-07-24,65000,2027-01-07,put,regular,3,0.263,167,4795.0
2026-07-24,66000,2027-01-07,put,regular,78,0.2564,167,5245.0
2026-07-24,47000,2027-02-10,put,regular,125,0.3716,201,930.0
2026-07-24,29000,2027-03-11,put,regular,1,0.5255,230,186.0
2026-07-24,30000,2027-03-11,put,regular,1,0.5155,230,209.0
2026-07-24,33000,2027-03-11,put,regular,113,0.4863,230,291.0
2026-07-24,35000,2027-03-11,put,regular,600,0.4681,230,360.0
2026-07-24,37000,2027-03-11,put,regular,500,0.4409,230,400.0
2026-07-24,38000,2027-03-11,put,regular,265,0.4328,230,445.0
2026-07-24,40000,2027-03-11,put,regular,471,0.4173,230,550.0
2026-07-24,41000,2027-03-11,put,regular,250,0.4122,230,625.0
2026-07-24,42000,2027-03-11,put,regular,749,0.4044,230,690.0
2026-07-24,42500,2027-03-11,put,regular,200,0.4007,230,725.0
2026-07-24,43000,2027-03-11,put,regular,62,0.3953,230,750.0
2026-07-24,43500,2027-03-11,put,regular,66,0.3912,230,785.0
2026-07-24,44000,2027-03-11,put,regular,450,0.3876,230,825.0
2026-07-24,45000,2027-03-11,put,regular,848,0.381,230,915.0
2026-07-24,46000,2027-03-11,put,regular,116,0.3741,230,1010.0
2026-07-24,47000,2027-03-11,put,regular,800,0.367,230,1110.0
2026-07-24,48000,2027-03-11,put,regular,299,0.3581,230,1200.0
2026-07-24,48500,2027-03-11,put,regular,51,0.3548,230,1260.0
2026-07-24,49000,2027-03-11,put,regular,100,0.3518,230,1325.0
2026-07-24,50000,2027-03-11,put,regular,1270,0.3451,230,1455.0
2026-07-24,50250,2027-03-11,put,regular,108,0.3435,230,1490.0
2026-07-24,51000,2027-03-11,put,regular,24,0.3388,230,1600.0
2026-07-24,51250,2027-03-11,put,regular,105,0.3374,230,1640.0
2026-07-24,52000,2027-03-11,put,regular,1570,0.3327,230,1760.0
2026-07-24,53000,2027-03-11,put,regular,525,0.3265,230,1930.0
2026-07-24,53500,2027-03-11,put,regular,200,0.3233,230,2020.0
2026-07-24,54000,2027-03-11,put,regular,224,0.3203,230,2115.0
2026-07-24,55000,2027-03-11,put,regular,400,0.3145,230,2320.0
2026-07-24,55500,2027-03-11,put,regular,100,0.3114,230,2425.0
2026-07-24,56000,2027-03-11,put,regular,401,0.3086,230,2540.0
2026-07-24,56250,2027-03-11,put,regular,120,0.307,230,2595.0
2026-07-24,57000,2027-03-11,put,regular,1240,0.3029,230,2780.0
2026-07-24,58000,2027-03-11,put,regular,1800,0.297,230,3035.0
2026-07-24,58500,2027-03-11,put,regular,15,0.2943,230,3175.0
2026-07-24,59500,2027-03-11,put,regular,253,0.2887,230,3465.0
2026-07-24,60000,2027-03-11,put,regular,1360,0.2858,230,3615.0
2026-07-24,61000,2027-03-11,put,regular,160,0.2803,230,3940.0
2026-07-24,62000,2027-03-11,put,regular,200,0.2751,230,4295.0
2026-07-24,62500,2027-03-11,put,regular,101,0.2725,230,4480.0
2026-07-24,63000,2027-03-11,put,regular,1262,0.2697,230,4670.0
2026-07-24,64000,2027-03-11,put,regular,800,0.2655,230,5095.0
2026-07-24,66000,2027-03-11,put,regular,300,0.2569,230,6025.0
2026-07-24,66250,2027-03-11,put,regular,15,0.2556,230,6145.0
2026-07-24,66500,2027-03-11,put,regular,6,0.2543,230,6265.0
2026-07-24,67000,2027-03-11,put,regular,150,0.252,230,6520.0
2026-07-24,68000,2027-03-11,put,regular,130,0.2471,230,7045.0
2026-07-24,69000,2027-03-11,put,regular,350,0.2418,230,7595.0
2026-07-24,70000,2027-03-11,put,regular,250,0.2365,230,8175.0
2026-07-24,72000,2027-03-11,put,regular,100,0.2208,230,9340.0
2026-07-24,12500,2027-06-10,put,regular,10,0.6465,321,17.0
2026-07-24,14500,2027-06-10,put,regular,4,0.6303,321,32.0
2026-07-24,15000,2027-06-10,put,regular,1,0.6247,321,36.0
2026-07-24,16250,2027-06-10,put,regular,167,0.6119,321,48.0
2026-07-24,23000,2027-06-10,put,regular,140,0.5462,321,156.0
2026-07-24,24000,2027-06-10,put,regular,100,0.5364,321,178.0
2026-07-24,25000,2027-06-10,put,regular,250,0.5268,321,202.0
2026-07-24,26000,2027-06-10,put,regular,200,0.515,321,222.0
2026-07-24,28000,2027-06-10,put,regular,895,0.4781,321,226.0
2026-07-24,28500,2027-06-10,put,regular,100,0.469,321,226.0
2026-07-24,29000,2027-06-10,put,regular,66,0.4603,321,227.0
2026-07-24,30000,2027-06-10,put,regular,275,0.4527,321,257.0
2026-07-24,31000,2027-06-10,put,regular,100,0.4455,321,291.0
2026-07-24,31500,2027-06-10,put,regular,1,0.4421,321,310.0
2026-07-24,32000,2027-06-10,put,regular,250,0.4388,321,330.0
2026-07-24,33000,2027-06-10,put,regular,150,0.4362,321,390.0
2026-07-24,34000,2027-06-10,put,regular,750,0.431,321,445.0
2026-07-24,35000,2027-06-10,put,regular,1327,0.4239,321,495.0
2026-07-24,35500,2027-06-10,put,regular,145,0.4211,321,525.0
2026-07-24,36000,2027-06-10,put,regular,300,0.4171,321,550.0
2026-07-24,37000,2027-06-10,put,regular,50,0.4104,321,610.0
2026-07-24,38000,2027-06-10,put,regular,200,0.4037,321,675.0
2026-07-24,38500,2027-06-10,put,regular,140,0.4005,321,710.0
2026-07-24,39000,2027-06-10,put,regular,50,0.3971,321,745.0
2026-07-24,39500,2027-06-10,put,regular,101,0.3936,321,780.0
2026-07-24,40000,2027-06-10,put,regular,1095,0.3906,321,820.0
2026-07-24,41000,2027-06-10,put,regular,100,0.3839,321,900.0
2026-07-24,42000,2027-06-10,put,regular,300,0.3778,321,990.0
2026-07-24,42500,2027-06-10,put,regular,61,0.375,321,1040.0
2026-07-24,43000,2027-06-10,put,regular,35,0.372,321,1090.0
2026-07-24,44000,2027-06-10,put,regular,196,0.3656,321,1190.0
2026-07-24,45000,2027-06-10,put,regular,720,0.3599,321,1305.0
2026-07-24,46000,2027-06-10,put,regular,773,0.3539,321,1425.0
2026-07-24,46500,2027-06-10,put,regular,70,0.3502,321,1480.0
2026-07-24,47000,2027-06-10,put,regular,201,0.3449,321,1515.0
2026-07-24,47750,2027-06-10,put,regular,100,0.3411,321,1625.0
2026-07-24,48000,2027-06-10,put,regular,904,0.3397,321,1660.0
2026-07-24,49000,2027-06-10,put,regular,300,0.3344,321,1815.0
2026-07-24,50000,2027-06-10,put,regular,1667,0.3295,321,1985.0
2026-07-24,50500,2027-06-10,put,regular,175,0.3271,321,2075.0
2026-07-24,51000,2027-06-10,put,regular,100,0.3244,321,2165.0
2026-07-24,51250,2027-06-10,put,regular,3,0.3231,321,2210.0
2026-07-24,52000,2027-06-10,put,regular,1100,0.3195,321,2360.0
2026-07-24,52250,2027-06-10,put,regular,86,0.3183,321,2410.0
2026-07-24,52500,2027-06-10,put,regular,57,0.3169,321,2460.0
2026-07-24,53000,2027-06-10,put,regular,720,0.3147,321,2570.0
2026-07-24,53500,2027-06-10,put,regular,1,0.3123,321,2680.0
2026-07-24,53750,2027-06-10,put,regular,35,0.311,321,2735.0
2026-07-24,54000,2027-06-10,put,regular,1402,0.31,321,2795.0
2026-07-24,55000,2027-06-10,put,regular,1400,0.3053,321,3035.0
2026-07-24,56000,2027-06-10,put,regular,635,0.3007,321,3295.0
2026-07-24,56500,2027-06-10,put,regular,40,0.2984,321,3430.0
2026-07-24,57000,2027-06-10,put,regular,775,0.2961,321,3570.0
2026-07-24,57750,2027-06-10,put,regular,103,0.2931,321,3795.0
2026-07-24,58000,2027-06-10,put,regular,317,0.2919,321,3870.0
2026-07-24,59000,2027-06-10,put,regular,400,0.2875,321,4185.0
2026-07-24,59500,2027-06-10,put,regular,112,0.2854,321,4350.0
2026-07-24,60000,2027-06-10,put,regular,895,0.2832,321,4520.0
2026-07-24,61000,2027-06-10,put,regular,3,0.2791,321,4880.0
2026-07-24,62000,2027-06-10,put,regular,805,0.2751,321,5265.0
2026-07-24,63000,2027-06-10,put,regular,375,0.2711,321,5670.0
2026-07-24,64000,2027-06-10,put,regular,150,0.267,321,6095.0
2026-07-24,64750,2027-06-10,put,regular,95,0.2642,321,6435.0
2026-07-24,65000,2027-06-10,put,regular,1486,0.2632,321,6550.0
2026-07-24,65500,2027-06-10,put,regular,26,0.2615,321,6790.0
2026-07-24,66750,2027-06-10,put,regular,150,0.2567,321,7405.0
2026-07-24,67000,2027-06-10,put,regular,870,0.256,321,7540.0
2026-07-24,67500,2027-06-10,put,regular,100,0.2547,321,7815.0
2026-07-24,68000,2027-06-10,put,regular,450,0.2534,321,8095.0
2026-07-24,68500,2027-06-10,put,regular,200,0.2522,321,8385.0
2026-07-24,69000,2027-06-10,put,regular,15,0.251,321,8680.0
2026-07-24,70000,2027-06-10,put,regular,800,0.2472,321,9255.0
2026-07-24,72000,2027-06-10,put,regular,100,0.2401,321,10490.0
2026-07-24,77500,2027-06-10,put,regular,50,0.2102,321,14205.0
2026-07-24,67000,2027-07-08,put,regular,58,0.2592,349,7880.0
2026-07-24,48000,2027-09-09,put,regular,100,0.3346,412,2205.0
2026-07-24,50000,2027-09-09,put,regular,25,0.3249,412,2575.0
2026-07-24,54250,2027-09-09,put,regular,200,0.3052,412,3535.0
2026-07-24,58000,2027-09-09,put,regular,1,0.2895,412,4625.0
2026-07-24,60000,2027-09-09,put,regular,225,0.2756,412,5160.0
2026-07-24,68250,2027-09-09,put,regular,200,0.2524,412,9025.0
2026-07-24,68750,2027-09-09,put,regular,81,0.2512,412,9310.0
2026-07-24,12500,2027-12-09,put,regular,11,0.4525,503,4.0
2026-07-24,13000,2027-12-09,put,regular,1,0.4502,503,5.0
2026-07-24,16000,2027-12-09,put,regular,350,0.4429,503,18.0
2026-07-24,19000,2027-12-09,put,regular,300,0.4419,503,54.0
2026-07-24,20000,2027-12-09,put,regular,400,0.441,503,73.0
2026-07-24,21000,2027-12-09,put,regular,50,0.441,503,98.0
2026-07-24,22000,2027-12-09,put,regular,408,0.4405,503,128.0
2026-07-24,22500,2027-12-09,put,regular,36,0.4402,503,145.0
2026-07-24,23000,2027-12-09,put,regular,132,0.44,503,164.0
2026-07-24,23750,2027-12-09,put,regular,39,0.4398,503,196.0
2026-07-24,24000,2027-12-09,put,regular,1721,0.4398,503,208.0
2026-07-24,25000,2027-12-09,put,regular,1210,0.4394,503,259.0
2026-07-24,26000,2027-12-09,put,regular,200,0.4394,503,320.0
2026-07-24,26500,2027-12-09,put,regular,100,0.4396,503,355.0
2026-07-24,27000,2027-12-09,put,regular,1300,0.4393,503,390.0
2026-07-24,28000,2027-12-09,put,regular,2125,0.4391,503,470.0
2026-07-24,29000,2027-12-09,put,regular,350,0.4319,503,520.0
2026-07-24,29500,2027-12-09,put,regular,249,0.4281,503,545.0
2026-07-24,30000,2027-12-09,put,regular,2445,0.4251,503,575.0
2026-07-24,31000,2027-12-09,put,regular,1750,0.4177,503,630.0
2026-07-24,31500,2027-12-09,put,regular,204,0.415,503,665.0
2026-07-24,32000,2027-12-09,put,regular,1425,0.4114,503,695.0
2026-07-24,32250,2027-12-09,put,regular,30,0.4096,503,710.0
2026-07-24,32750,2027-12-09,put,regular,35,0.4065,503,745.0
2026-07-24,33000,2027-12-09,put,regular,450,0.4052,503,765.0
2026-07-24,34000,2027-12-09,put,regular,1794,0.3986,503,835.0
2026-07-24,34500,2027-12-09,put,regular,100,0.3957,503,875.0
2026-07-24,35000,2027-12-09,put,regular,1450,0.3927,503,915.0
2026-07-24,35500,2027-12-09,put,regular,40,0.3895,503,955.0
2026-07-24,36000,2027-12-09,put,regular,1130,0.3868,503,1000.0
2026-07-24,36500,2027-12-09,put,regular,300,0.3839,503,1045.0
2026-07-24,37000,2027-12-09,put,regular,1150,0.3809,503,1090.0
2026-07-24,38000,2027-12-09,put,regular,1175,0.3755,503,1190.0
2026-07-24,39000,2027-12-09,put,regular,800,0.37,503,1295.0
2026-07-24,39500,2027-12-09,put,regular,50,0.3673,503,1350.0
2026-07-24,40000,2027-12-09,put,regular,2950,0.3645,503,1405.0
2026-07-24,40500,2027-12-09,put,regular,450,0.3619,503,1465.0
2026-07-24,42000,2027-12-09,put,regular,450,0.3542,503,1655.0
2026-07-24,43000,2027-12-09,put,regular,240,0.3491,503,1790.0
2026-07-24,44000,2027-12-09,put,regular,100,0.3441,503,1935.0
2026-07-24,45000,2027-12-09,put,regular,1705,0.3393,503,2090.0
2026-07-24,46000,2027-12-09,put,regular,700,0.3345,503,2255.0
2026-07-24,47000,2027-12-09,put,regular,250,0.3299,503,2430.0
2026-07-24,47500,2027-12-09,put,regular,35,0.3277,503,2525.0
2026-07-24,48000,2027-12-09,put,regular,615,0.3255,503,2620.0
2026-07-24,49000,2027-12-09,put,regular,700,0.3208,503,2815.0
2026-07-24,50000,2027-12-09,put,regular,2795,0.3167,503,3030.0
2026-07-24,51000,2027-12-09,put,regular,350,0.3122,503,3250.0
2026-07-24,52000,2027-12-09,put,regular,535,0.3082,503,3490.0
2026-07-24,53000,2027-12-09,put,regular,802,0.2934,503,3495.0
2026-07-24,54000,2027-12-09,put,regular,275,0.2901,503,3770.0
2026-07-24,54500,2027-12-09,put,regular,400,0.2888,503,3920.0
2026-07-24,55000,2027-12-09,put,regular,1062,0.2871,503,4065.0
2026-07-24,55500,2027-12-09,put,regular,75,0.2856,503,4220.0
2026-07-24,56000,2027-12-09,put,regular,270,0.2842,503,4380.0
2026-07-24,57000,2027-12-09,put,regular,220,0.2811,503,4705.0
2026-07-24,58000,2027-12-09,put,regular,1000,0.2781,503,5050.0
2026-07-24,58500,2027-12-09,put,regular,210,0.2767,503,5230.0
2026-07-24,59000,2027-12-09,put,regular,100,0.2753,503,5415.0
2026-07-24,60000,2027-12-09,put,regular,500,0.2724,503,5795.0
2026-07-24,62000,2027-12-09,put,regular,100,0.267,503,6620.0
2026-07-24,63000,2027-12-09,put,regular,100,0.2645,503,7065.0
2026-07-24,63500,2027-12-09,put,regular,50,0.2633,503,7295.0
2026-07-24,64000,2027-12-09,put,regular,130,0.2619,503,7525.0
2026-07-24,65000,2027-12-09,put,regular,900,0.2593,503,8005.0
2026-07-24,66000,2027-12-09,put,regular,600,0.257,503,8510.0
2026-07-24,67000,2027-12-09,put,regular,400,0.2545,503,9030.0
2026-07-24,68000,2027-12-09,put,regular,200,0.252,503,9570.0
2026-07-24,69000,2027-12-09,put,regular,750,0.2502,503,10150.0
2026-07-24,70000,2027-12-09,put,regular,350,0.2483,503,10745.0
2026-07-24,75000,2027-12-09,put,regular,175,0.2342,503,13865.0
2026-07-24,80000,2027-12-09,put,regular,200,0.217,503,17375.0
2026-07-24,15000,2028-06-08,put,regular,3,0.384,685,13.0
2026-07-24,25000,2028-06-08,put,regular,630,0.3787,685,267.0
2026-07-24,26000,2028-06-08,put,regular,250,0.3789,685,330.0
2026-07-24,27000,2028-06-08,put,regular,100,0.3785,685,400.0
2026-07-24,30000,2028-06-08,put,regular,300,0.3637,685,570.0
2026-07-24,32000,2028-06-08,put,regular,250,0.3551,685,715.0
2026-07-24,33000,2028-06-08,put,regular,100,0.3508,685,795.0
2026-07-24,35000,2028-06-08,put,regular,200,0.3424,685,975.0
2026-07-24,41500,2028-06-08,put,regular,100,0.3181,685,1785.0
2026-07-24,45000,2028-06-08,put,regular,15,0.3064,685,2390.0
2026-07-24,48000,2028-06-08,put,regular,300,0.2969,685,3015.0
2026-07-24,50000,2028-06-08,put,regular,150,0.291,685,3500.0
2026-07-24,53000,2028-06-08,put,regular,50,0.2826,685,4330.0
2026-07-24,54000,2028-06-08,put,regular,100,0.2798,685,4635.0
2026-07-24,60000,2028-06-08,put,regular,250,0.2646,685,6800.0
2026-07-24,12000,2028-12-07,put,regular,300,0.3657,867,6.0
2026-07-24,16000,2028-12-07,put,regular,1950,0.3629,867,35.0
2026-07-24,18000,2028-12-07,put,regular,100,0.3616,867,68.0
2026-07-24,20000,2028-12-07,put,regular,200,0.3607,867,121.0
2026-07-24,23000,2028-12-07,put,regular,100,0.3597,867,250.0
2026-07-24,23500,2028-12-07,put,regular,38,0.3595,867,278.0
2026-07-24,24000,2028-12-07,put,regular,1000,0.3596,867,310.0
2026-07-24,25000,2028-12-07,put,regular,1200,0.3597,867,380.0
2026-07-24,27000,2028-12-07,put,regular,120,0.3588,867,545.0
2026-07-24,27500,2028-12-07,put,regular,50,0.3562,867,575.0
2026-07-24,28000,2028-12-07,put,regular,1250,0.3541,867,610.0
2026-07-24,30000,2028-12-07,put,regular,350,0.3456,867,760.0
2026-07-24,31000,2028-12-07,put,regular,400,0.3416,867,845.0
2026-07-24,32000,2028-12-07,put,regular,850,0.3375,867,935.0
2026-07-24,32250,2028-12-07,put,regular,51,0.3366,867,960.0
2026-07-24,33000,2028-12-07,put,regular,125,0.3338,867,1035.0
2026-07-24,34000,2028-12-07,put,regular,775,0.3296,867,1135.0
2026-07-24,34750,2028-12-07,put,regular,100,0.327,867,1220.0
2026-07-24,35000,2028-12-07,put,regular,1155,0.3261,867,1250.0
2026-07-24,36000,2028-12-07,put,regular,2750,0.3225,867,1370.0
2026-07-24,37000,2028-12-07,put,regular,580,0.3191,867,1500.0
2026-07-24,38000,2028-12-07,put,regular,2860,0.3158,867,1640.0
2026-07-24,39000,2028-12-07,put,regular,50,0.3124,867,1785.0
2026-07-24,40000,2028-12-07,put,regular,1210,0.3091,867,1940.0
2026-07-24,42000,2028-12-07,put,regular,350,0.3029,867,2285.0
2026-07-24,43000,2028-12-07,put,regular,100,0.2998,867,2470.0
2026-07-24,45000,2028-12-07,put,regular,100,0.2939,867,2875.0
2026-07-24,48000,2028-12-07,put,regular,600,0.2854,867,3570.0
2026-07-24,50000,2028-12-07,put,regular,2100,0.2801,867,4095.0
2026-07-24,51000,2028-12-07,put,regular,150,0.2776,867,4380.0
2026-07-24,53000,2028-12-07,put,regular,50,0.2725,867,4985.0
2026-07-24,55000,2028-12-07,put,regular,705,0.2678,867,5650.0
2026-07-24,56000,2028-12-07,put,regular,400,0.2653,867,6000.0
2026-07-24,57000,2028-12-07,put,regular,150,0.2631,867,6370.0
2026-07-24,60000,2028-12-07,put,regular,350,0.2564,867,7565.0
2026-07-24,65000,2028-12-07,put,regular,700,0.2462,867,9875.0
2026-07-24,68000,2028-12-07,put,regular,100,0.2404,867,11450.0
2026-07-24,70000,2028-12-07,put,regular,100,0.2366,867,12575.0
2026-07-24,75000,2028-12-07,put,regular,80,0.2285,867,15700.0
2026-07-24,15000,2029-06-07,put,regular,1,0.3414,1049,32.0
2026-07-24,15000,2029-12-13,put,regular,1,0.3464,1238,71.0
2026-07-24,23250,2029-12-13,put,regular,40,0.3431,1238,520.0
2026-07-24,32000,2029-12-13,put,regular,113,0.3373,1238,1745.0
2026-07-24,34250,2029-12-13,put,regular,6,0.3281,1238,2065.0
2026-07-24,44000,2029-12-13,put,regular,100,0.2856,1238,3690.0
2026-07-24,50000,2029-12-13,put,regular,30,0.2598,1238,4955.0
2026-07-24,64000,2029-12-13,put,regular,100,0.2324,1238,10485.0
2026-07-24,65000,2029-12-13,put,regular,50,0.2307,1238,10985.0
2026-07-24,70000,2029-12-13,put,regular,100,0.222,1238,13670.0
2026-07-24,19000,2030-06-13,put,regular,2,0.3494,1420,345.0
2026-07-24,23500,2030-12-12,put,regular,100,0.3374,1602,890.0
2026-07-24,31750,2030-12-12,call,regular,74,0.2,1602,2140.0
2026-07-24,34000,2030-12-12,call,regular,24,0.2,1602,2500.0
2026-07-24,44000,2030-12-12,call,regular,80,0.2,1602,4605.0
2026-07-24,49500,2030-12-12,call,regular,100,0.2,1602,6165.0
2026-07-24,64000,2030-12-12,call,regular,3,0.2151,1602,11865.0
2026-07-24,31500,2031-12-11,call,regular,52,0.2,1966,2490.0
2026-07-24,68000,2031-12-11,call,regular,100,0.2678,1966,14640.0
2026-07-24,31250,2032-12-09,call,regular,40,0.2,2330,2790.0
2026-07-24,42750,2026-08-13,call,regular,27,1.7337,20,23520.0
2026-07-24,49000,2026-08-13,call,regular,27,1.3184,20,17320.0
2026-07-24,55000,2026-08-13,call,regular,1,0.964,20,11450.0
2026-07-24,56000,2026-08-13,call,regular,1,0.909,20,10490.0
2026-07-24,57000,2026-08-13,call,regular,4,0.8555,20,9540.0
2026-07-24,58000,2026-08-13,call,regular,850,0.8041,20,8605.0
2026-07-24,59500,2026-08-13,call,regular,20,0.7295,20,7230.0
2026-07-24,59750,2026-08-13,call,regular,50,0.7203,20,7020.0
2026-07-24,60000,2026-08-13,call,regular,228,0.7071,20,6790.0
2026-07-24,60500,2026-08-13,call,regular,120,0.6867,20,6365.0
2026-07-24,61000,2026-08-13,call,regular,403,0.6627,20,5925.0
2026-07-24,61500,2026-08-13,call,regular,200,0.6433,20,5515.0
2026-07-24,62000,2026-08-13,call,regular,104,0.6211,20,5095.0
2026-07-24,62500,2026-08-13,call,regular,16,0.6012,20,4695.0
2026-07-24,63000,2026-08-13,call,regular,2131,0.5827,20,4310.0
2026-07-24,63375,2026-08-13,call,regular,5,0.5685,20,4025.0
2026-07-24,63500,2026-08-13,call,regular,12,0.5652,20,3940.0
2026-07-24,63625,2026-08-13,call,regular,5,0.5568,20,3825.0
2026-07-24,63750,2026-08-13,call,regular,10,0.5601,20,3780.0
2026-07-24,63875,2026-08-13,call,regular,10,0.5439,20,3620.0
2026-07-24,64000,2026-08-13,call,regular,611,0.5478,20,3580.0
2026-07-24,64125,2026-08-13,call,regular,30,0.5474,20,3515.0
2026-07-24,64250,2026-08-13,call,regular,20,0.5435,20,3430.0
2026-07-24,64375,2026-08-13,call,regular,20,0.5278,20,3275.0
2026-07-24,64500,2026-08-13,call,regular,14,0.5304,20,3230.0
2026-07-24,64625,2026-08-13,call,regular,15,0.5336,20,3190.0
2026-07-24,64750,2026-08-13,call,regular,119,0.5193,20,3045.0
2026-07-24,64875,2026-08-13,call,regular,15,0.5115,20,2940.0
2026-07-24,65000,2026-08-13,call,regular,1129,0.5168,20,2915.0
2026-07-24,65125,2026-08-13,call,regular,78,0.5162,20,2855.0
2026-07-24,65250,2026-08-13,call,regular,120,0.5088,20,2755.0
2026-07-24,65375,2026-08-13,call,regular,20,0.5104,20,2710.0
2026-07-24,65500,2026-08-13,call,regular,224,0.497,20,2575.0
2026-07-24,65625,2026-08-13,call,regular,10,0.5025,20,2555.0
2026-07-24,65750,2026-08-13,call,regular,456,0.5096,20,2545.0
2026-07-24,65875,2026-08-13,call,regular,2,0.4873,20,2360.0
2026-07-24,66000,2026-08-13,call,regular,279,0.4882,20,2315.0
2026-07-24,66125,2026-08-13,call,regular,14190000,0.4983,20,2325.0
2026-07-24,66250,2026-08-13,call,regular,3,0.4965,20,2265.0
2026-07-24,66375,2026-08-13,call,regular,4,0.4953,20,2210.0
2026-07-24,66500,2026-08-13,call,regular,68,0.4856,20,2105.0
2026-07-24,66625,2026-08-13,call,regular,1,0.4893,20,2080.0
2026-07-24,66750,2026-08-13,call,regular,3,0.4724,20,1935.0
2026-07-24,66875,2026-08-13,call,regular,121,0.4835,20,1955.0
2026-07-24,67000,2026-08-13,call,regular,956,0.4704,20,1835.0
2026-07-24,67125,2026-08-13,call,regular,208,0.4779,20,1835.0
2026-07-24,67250,2026-08-13,call,regular,80,0.4749,20,1775.0
2026-07-24,67375,2026-08-13,call,regular,78,0.4734,20,1725.0
2026-07-24,67500,2026-08-13,call,regular,240,0.4595,20,1605.0
2026-07-24,67625,2026-08-13,call,regular,18,0.4523,20,1525.0
2026-07-24,67750,2026-08-13,call,regular,235,0.4529,20,1490.0
2026-07-24,67875,2026-08-13,call,regular,2,0.4499,20,1435.0
2026-07-24,68000,2026-08-13,call,regular,1773,0.4593,20,1450.0
2026-07-24,68125,2026-08-13,call,regular,465,0.4468,20,1345.0
2026-07-24,68250,2026-08-13,call,regular,270,0.445,20,1300.0
2026-07-24,68375,2026-08-13,call,regular,21,0.443,20,1255.0
2026-07-24,68500,2026-08-13,call,regular,618,0.4419,20,1215.0
2026-07-24,68625,2026-08-13,call,regular,34,0.4405,20,1175.0
2026-07-24,68750,2026-08-13,call,regular,100,0.4467,20,1175.0
2026-07-24,68875,2026-08-13,call,regular,78,0.4373,20,1095.0
2026-07-24,69000,2026-08-13,call,regular,1586,0.4394,20,1075.0
2026-07-24,69125,2026-08-13,call,regular,68,0.4324,20,1010.0
2026-07-24,69250,2026-08-13,call,regular,64,0.4281,20,960.0
2026-07-24,69375,2026-08-13,call,regular,49,0.4277,20,930.0
2026-07-24,69500,2026-08-13,call,regular,211,0.4376,20,950.0
2026-07-24,69625,2026-08-13,call,regular,19,0.4243,20,860.0
2026-07-24,69750,2026-08-13,call,regular,554,0.4224,20,825.0
2026-07-24,69875,2026-08-13,call,regular,15,0.4213,20,795.0
2026-07-24,70000,2026-08-13,call,regular,2324,0.4234,20,780.0
2026-07-24,70125,2026-08-13,call,regular,6,0.4186,20,735.0
2026-07-24,70250,2026-08-13,call,regular,44,0.417,20,705.0
2026-07-24,70375,2026-08-13,call,regular,39,0.4128,20,665.0
2026-07-24,70500,2026-08-13,call,regular,162,0.4238,20,690.0
2026-07-24,70625,2026-08-13,call,regular,6,0.4218,20,660.0
2026-07-24,70750,2026-08-13,call,regular,46,0.411,20,595.0
2026-07-24,70875,2026-08-13,call,regular,17,0.4096,20,570.0
2026-07-24,71000,2026-08-13,call,regular,821,0.4093,20,550.0
2026-07-24,71125,2026-08-13,call,regular,3,0.405,20,515.0
2026-07-24,71250,2026-08-13,call,regular,103,0.407,20,505.0
2026-07-24,71375,2026-08-13,call,regular,1,0.4035,20,475.0
2026-07-24,71500,2026-08-13,call,regular,358,0.4025,20,455.0
2026-07-24,71625,2026-08-13,call,regular,1,0.4013,20,435.0
2026-07-24,71750,2026-08-13,call,regular,33,0.4,20,415.0
2026-07-24,71875,2026-08-13,call,regular,35,0.3984,20,395.0
2026-07-24,72000,2026-08-13,call,regular,1235,0.4058,20,405.0
2026-07-24,72125,2026-08-13,call,regular,15,0.3962,20,360.0
2026-07-24,72250,2026-08-13,call,regular,12,0.3956,20,345.0
2026-07-24,72375,2026-08-13,call,regular,1,0.3932,20,325.0
2026-07-24,72500,2026-08-13,call,regular,854,0.3939,20,315.0
2026-07-24,72625,2026-08-13,call,regular,750000,0.3893,20,290.0
2026-07-24,72750,2026-08-13,call,regular,5,0.3882,20,276.0
2026-07-24,72875,2026-08-13,call,regular,2,0.3873,20,263.0
2026-07-24,73000,2026-08-13,call,regular,2929,0.3879,20,254.0
2026-07-24,73125,2026-08-13,call,regular,11,0.3846,20,236.0
2026-07-24,73250,2026-08-13,call,regular,23,0.3831,20,223.0
2026-07-24,73375,2026-08-13,call,regular,1,0.3819,20,211.0
2026-07-24,73500,2026-08-13,call,regular,735,0.3839,20,207.0
2026-07-24,73625,2026-08-13,call,regular,1,0.38,20,190.0
2026-07-24,73750,2026-08-13,call,regular,24,0.3794,20,181.0
2026-07-24,73875,2026-08-13,call,regular,1180000,0.3783,20,171.0
2026-07-24,74000,2026-08-13,call,regular,962,0.3834,20,174.0
2026-07-24,74125,2026-08-13,call,regular,34,0.3757,20,152.0
2026-07-24,74250,2026-08-13,call,regular,8,0.3744,20,143.0
2026-07-24,74375,2026-08-13,call,regular,20,0.3733,20,135.0
2026-07-24,74500,2026-08-13,call,regular,188,0.3768,20,135.0
2026-07-24,74625,2026-08-13,call,regular,24,0.3707,20,119.0
2026-07-24,74750,2026-08-13,call,regular,9,0.3696,20,112.0
2026-07-24,74875,2026-08-13,call,regular,21,0.369,20,106.0
2026-07-24,75000,2026-08-13,call,regular,1831,0.3743,20,109.0
2026-07-24,75125,2026-08-13,call,regular,17,0.3735,20,103.0
2026-07-24,75250,2026-08-13,call,regular,3,0.3746,20,100.0
2026-07-24,75375,2026-08-13,call,regular,20,0.3728,20,93.0
2026-07-24,75500,2026-08-13,call,regular,365,0.3707,20,86.0
2026-07-24,76000,2026-08-13,call,regular,735,0.3741,20,75.0
2026-07-24,76500,2026-08-13,call,regular,77,0.3722,20,60.0
2026-07-24,77000,2026-08-13,call,regular,672,0.3645,20,43.0
2026-07-24,77500,2026-08-13,call,regular,867,0.3688,20,38.0
2026-07-24,78000,2026-08-13,call,regular,1898,0.3656,20,29.0
2026-07-24,78500,2026-08-13,call,regular,52,0.3625,20,22.0
2026-07-24,79000,2026-08-13,call,regular,222,0.3608,20,17.0
2026-07-24,79500,2026-08-13,call,regular,47,0.365,20,15.0
2026-07-24,80000,2026-08-13,call,regular,1327,0.3683,20,13.0
2026-07-24,80500,2026-08-13,call,regular,52,0.3667,20,10.0
2026-07-24,81000,2026-08-13,call,regular,250,0.3668,20,8.0
2026-07-24,81500,2026-08-13,call,regular,12,0.3647,20,6.0
2026-07-24,82000,2026-08-13,call,regular,1253,0.3732,20,6.0
2026-07-24,82500,2026-08-13,call,regular,30,0.367,20,4.0
2026-07-24,83000,2026-08-13,call,regular,307,0.3751,20,4.0
2026-07-24,83500,2026-08-13,call,regular,23,0.3831,20,4.0
2026-07-24,84000,2026-08-13,call,regular,128,0.3811,20,3.0
2026-07-24,84500,2026-08-13,call,regular,12,0.3755,20,2.0
2026-07-24,85000,2026-08-13,call,regular,1000,0.3829,20,2.0
2026-07-24,85750,2026-08-13,call,regular,151,0.394,20,2.0
2026-07-24,87500,2026-08-13,call,regular,222,0.3971,20,1.0
2026-07-24,88000,2026-08-13,call,regular,246,0.4039,20,1.0
2026-07-24,90000,2026-08-13,call,regular,683,0.4306,20,1.0
2026-07-24,92000,2026-08-13,call,regular,110,0.4566,20,1.0
2026-07-24,94000,2026-08-13,call,regular,96,0.4819,20,1.0
2026-07-24,95000,2026-08-13,call,regular,187,0.4943,20,1.0
2026-07-24,96000,2026-08-13,call,regular,31,0.5065,20,1.0
2026-07-24,98000,2026-08-13,call,regular,37,0.5305,20,1.0
2026-07-24,100000,2026-08-13,call,regular,119,0.5539,20,1.0
2026-07-24,30000,2026-09-10,call,regular,3750,1.8357,48,36320.0
2026-07-24,37000,2026-09-10,call,regular,1,1.4303,48,29365.0
2026-07-24,42000,2026-09-10,call,regular,101,1.1879,48,24420.0
2026-07-24,42500,2026-09-10,call,regular,10,1.1649,48,23925.0
2026-07-24,43000,2026-09-10,call,regular,100,1.1431,48,23435.0
2026-07-24,43500,2026-09-10,call,regular,57,1.1205,48,22940.0
2026-07-24,45000,2026-09-10,call,regular,42,1.0578,48,21475.0
2026-07-24,48000,2026-09-10,call,regular,400,0.9338,48,18535.0
2026-07-24,48500,2026-09-10,call,regular,240,0.9153,48,18055.0
2026-07-24,49000,2026-09-10,call,regular,200,0.896,48,17570.0
2026-07-24,50000,2026-09-10,call,regular,4650,0.8584,48,16605.0
2026-07-24,50500,2026-09-10,call,regular,50,0.84,48,16125.0
2026-07-24,51000,2026-09-10,call,regular,141,0.8225,48,15650.0
2026-07-24,51250,2026-09-10,call,regular,210,0.8133,48,15410.0
2026-07-24,52000,2026-09-10,call,regular,350,0.7857,48,14690.0
2026-07-24,53000,2026-09-10,call,regular,1100,0.7513,48,13745.0
2026-07-24,53500,2026-09-10,call,regular,400,0.7343,48,13275.0
2026-07-24,53750,2026-09-10,call,regular,150,0.7258,48,13040.0
2026-07-24,54000,2026-09-10,call,regular,1056,0.718,48,12810.0
2026-07-24,54250,2026-09-10,call,regular,50,0.7117,48,12590.0
2026-07-24,54500,2026-09-10,call,regular,200,0.7038,48,12360.0
2026-07-24,54750,2026-09-10,call,regular,90,0.6951,48,12125.0
2026-07-24,55000,2026-09-10,call,regular,661,0.6857,48,11885.0
2026-07-24,56000,2026-09-10,call,regular,1250,0.6549,48,10975.0
2026-07-24,56500,2026-09-10,call,regular,77,0.6392,48,10520.0
2026-07-24,57000,2026-09-10,call,regular,850,0.6246,48,10075.0
2026-07-24,57500,2026-09-10,call,regular,384,0.6117,48,9645.0
2026-07-24,58000,2026-09-10,call,regular,1101,0.5971,48,9205.0
2026-07-24,59000,2026-09-10,call,regular,1096,0.5701,48,8350.0
2026-07-24,60000,2026-09-10,call,regular,786,0.5451,48,7525.0
2026-07-24,60500,2026-09-10,call,regular,700,0.5327,48,7120.0
2026-07-24,60750,2026-09-10,call,regular,120,0.5243,48,6900.0
2026-07-24,61000,2026-09-10,call,regular,220,0.5215,48,6730.0
2026-07-24,61250,2026-09-10,call,regular,22,0.5169,48,6545.0
2026-07-24,61500,2026-09-10,call,regular,1,0.5063,48,6310.0
2026-07-24,62000,2026-09-10,call,regular,1302,0.499,48,5965.0
2026-07-24,62500,2026-09-10,call,regular,500,0.4882,48,5595.0
2026-07-24,62750,2026-09-10,call,regular,5410000,0.4825,48,5410.0
2026-07-24,63000,2026-09-10,call,regular,958,0.4749,48,5210.0
2026-07-24,63250,2026-09-10,call,regular,1,0.4733,48,5065.0
2026-07-24,63500,2026-09-10,call,regular,2,0.4692,48,4900.0
2026-07-24,64000,2026-09-10,call,regular,1212,0.4565,48,4535.0
2026-07-24,64250,2026-09-10,call,regular,100,0.4555,48,4405.0
2026-07-24,64500,2026-09-10,call,regular,3,0.4484,48,4220.0
2026-07-24,65000,2026-09-10,call,regular,4285,0.4426,48,3935.0
2026-07-24,65375,2026-09-10,call,regular,1,0.4358,48,3705.0
2026-07-24,65500,2026-09-10,call,regular,164,0.4341,48,3635.0
2026-07-24,66000,2026-09-10,call,regular,1767,0.4263,48,3350.0
2026-07-24,66250,2026-09-10,call,regular,28,0.4222,48,3210.0
2026-07-24,66500,2026-09-10,call,regular,8,0.4173,48,3065.0
2026-07-24,67000,2026-09-10,call,regular,3349,0.4127,48,2830.0
2026-07-24,67125,2026-09-10,call,regular,2,0.409,48,2750.0
2026-07-24,67250,2026-09-10,call,regular,1,0.4097,48,2710.0
2026-07-24,67500,2026-09-10,call,regular,2240,0.4063,48,2590.0
2026-07-24,67750,2026-09-10,call,regular,180,0.4044,48,2485.0
2026-07-24,67875,2026-09-10,call,regular,2635000,0.4025,48,2425.0
2026-07-24,68000,2026-09-10,call,regular,1581,0.3988,48,2350.0
2026-07-24,68125,2026-09-10,call,regular,2515000,0.3979,48,2300.0
2026-07-24,68250,2026-09-10,call,regular,4,0.398,48,2260.0
2026-07-24,68500,2026-09-10,call,regular,101,0.3934,48,2140.0
2026-07-24,68625,2026-09-10,call,regular,1,0.3933,48,2100.0
2026-07-24,68750,2026-09-10,call,regular,22,0.3942,48,2070.0
2026-07-24,69000,2026-09-10,call,regular,1020,0.392,48,1975.0
2026-07-24,69250,2026-09-10,call,regular,8,0.3894,48,1880.0
2026-07-24,69500,2026-09-10,call,regular,604,0.3847,48,1770.0
2026-07-24,69625,2026-09-10,call,regular,3,0.3852,48,1740.0
2026-07-24,69750,2026-09-10,call,regular,485,0.382,48,1680.0
2026-07-24,70000,2026-09-10,call,regular,2437,0.3832,48,1625.0
2026-07-24,70250,2026-09-10,call,regular,8,0.3831,48,1560.0
2026-07-24,70500,2026-09-10,call,regular,25,0.3769,48,1450.0
2026-07-24,70750,2026-09-10,call,regular,2,0.3748,48,1375.0
2026-07-24,71000,2026-09-10,call,regular,1830,0.3737,48,1310.0
2026-07-24,71125,2026-09-10,call,regular,16,0.3734,48,1280.0
2026-07-24,71250,2026-09-10,call,regular,4,0.3723,48,1245.0
2026-07-24,71500,2026-09-10,call,regular,1304,0.3706,48,1180.0
2026-07-24,71625,2026-09-10,call,regular,2,0.3706,48,1155.0
2026-07-24,71750,2026-09-10,call,regular,3595000,0.3692,48,1120.0
2026-07-24,72000,2026-09-10,call,regular,1643,0.369,48,1070.0
2026-07-24,72500,2026-09-10,call,regular,918,0.364,48,945.0
2026-07-24,72750,2026-09-10,call,regular,3,0.3644,48,905.0
2026-07-24,73000,2026-09-10,call,regular,1994,0.3622,48,850.0
2026-07-24,73250,2026-09-10,call,regular,1,0.362,48,810.0
2026-07-24,73500,2026-09-10,call,regular,408,0.3607,48,765.0
2026-07-24,73625,2026-09-10,call,regular,2,0.3587,48,735.0
2026-07-24,73750,2026-09-10,call,regular,3,0.36,48,725.0
2026-07-24,74000,2026-09-10,call,regular,1351,0.3573,48,675.0
2026-07-24,74500,2026-09-10,call,regular,107,0.356,48,605.0
2026-07-24,75000,2026-09-10,call,regular,2633,0.3546,48,540.0
2026-07-24,75250,2026-09-10,call,regular,25,0.354,48,510.0
2026-07-24,75500,2026-09-10,call,regular,106,0.3531,48,480.0
2026-07-24,76000,2026-09-10,call,regular,373,0.3514,48,425.0
2026-07-24,76500,2026-09-10,call,regular,26,0.3497,48,375.0
2026-07-24,77000,2026-09-10,call,regular,542,0.348,48,330.0
2026-07-24,77500,2026-09-10,call,regular,966,0.3468,48,291.0
2026-07-24,78000,2026-09-10,call,regular,1558,0.3449,48,254.0
2026-07-24,78500,2026-09-10,call,regular,7,0.3431,48,221.0
2026-07-24,79000,2026-09-10,call,regular,5,0.3414,48,192.0
2026-07-24,79500,2026-09-10,call,regular,200,0.3401,48,167.0
2026-07-24,80000,2026-09-10,call,regular,887,0.3392,48,146.0
2026-07-24,80500,2026-09-10,call,regular,3,0.3358,48,122.0
2026-07-24,81000,2026-09-10,call,regular,183,0.3339,48,104.0
2026-07-24,81500,2026-09-10,call,regular,2,0.3395,48,101.0
2026-07-24,82000,2026-09-10,call,regular,35,0.3382,48,87.0
2026-07-24,82500,2026-09-10,call,regular,11,0.3372,48,75.0
2026-07-24,83000,2026-09-10,call,regular,818,0.3333,48,61.0
2026-07-24,83500,2026-09-10,call,regular,73000,0.3348,48,55.0
2026-07-24,84000,2026-09-10,call,regular,760,0.3348,48,48.0
2026-07-24,84500,2026-09-10,call,regular,4,0.3349,48,42.0
2026-07-24,85000,2026-09-10,call,regular,796,0.3329,48,35.0
2026-07-24,87500,2026-09-10,call,regular,132,0.3345,48,18.0
2026-07-24,90000,2026-09-10,call,regular,252,0.3393,48,10.0
2026-07-24,92000,2026-09-10,call,regular,52,0.3417,48,6.0
2026-07-24,94000,2026-09-10,call,regular,1,0.3473,48,4.0
2026-07-24,95000,2026-09-10,call,regular,9,0.3561,48,4.0
2026-07-24,98000,2026-09-10,call,regular,6,0.3726,48,3.0
2026-07-24,100000,2026-09-10,call,regular,30,0.3764,48,2.0
2026-07-24,47500,2026-10-08,call,regular,34,0.739,76,18900.0
2026-07-24,53000,2026-10-08,call,regular,34,0.5998,76,13770.0
2026-07-24,55000,2026-10-08,call,regular,4,0.5594,76,12015.0
2026-07-24,57000,2026-10-08,call,regular,2,0.5119,76,10225.0
2026-07-24,60500,2026-10-08,call,regular,100,0.4529,76,7440.0
2026-07-24,61000,2026-10-08,call,regular,200,0.4454,76,7070.0
2026-07-24,62000,2026-10-08,call,regular,28,0.4312,76,6355.0
2026-07-24,63000,2026-10-08,call,regular,4,0.4178,76,5675.0
2026-07-24,64000,2026-10-08,call,regular,31,0.4047,76,5025.0
2026-07-24,65000,2026-10-08,call,regular,1,0.3937,76,4430.0
2026-07-24,65250,2026-10-08,call,regular,1,0.3913,76,4290.0
2026-07-24,65500,2026-10-08,call,regular,60,0.3882,76,4145.0
2026-07-24,66000,2026-10-08,call,regular,200,0.385,76,3895.0
2026-07-24,66250,2026-10-08,call,regular,4,0.3767,76,3695.0
2026-07-24,67000,2026-10-08,call,regular,41150000,0.3695,76,3315.0
2026-07-24,67500,2026-10-08,call,regular,1,0.3653,76,3080.0
2026-07-24,68000,2026-10-08,call,regular,80,0.3612,76,2855.0
2026-07-24,69000,2026-10-08,call,regular,175,0.3554,76,2460.0
2026-07-24,69500,2026-10-08,call,regular,1,0.3515,76,2265.0
2026-07-24,70000,2026-10-08,call,regular,560,0.3486,76,2090.0
2026-07-24,70750,2026-10-08,call,regular,1,0.3462,76,1865.0
2026-07-24,71500,2026-10-08,call,regular,2,0.3416,76,1635.0
2026-07-24,72000,2026-10-08,call,regular,182,0.3393,76,1500.0
2026-07-24,73000,2026-10-08,call,regular,305,0.336,76,1265.0
2026-07-24,74000,2026-10-08,call,regular,2,0.3323,76,1055.0
2026-07-24,74500,2026-10-08,call,regular,127,0.3329,76,980.0
2026-07-24,75000,2026-10-08,call,regular,1937,0.3329,76,905.0
2026-07-24,76000,2026-10-08,call,regular,301,0.3279,76,735.0
2026-07-24,77000,2026-10-08,call,regular,992,0.3262,76,610.0
2026-07-24,77500,2026-10-08,call,regular,1,0.3246,76,550.0
2026-07-24,78000,2026-10-08,call,regular,2,0.3185,76,470.0
2026-07-24,79000,2026-10-08,call,regular,4,0.3172,76,385.0
2026-07-24,80000,2026-10-08,call,regular,661,0.3151,76,310.0
2026-07-24,81000,2026-10-08,call,regular,402,0.3139,76,251.0
2026-07-24,82000,2026-10-08,call,regular,3,0.3181,76,220.0
2026-07-24,83000,2026-10-08,call,regular,2,0.3116,76,162.0
2026-07-24,83500,2026-10-08,call,regular,6,0.3115,76,146.0
2026-07-24,84000,2026-10-08,call,regular,2,0.3117,76,132.0
2026-07-24,85000,2026-10-08,call,regular,100,0.3122,76,108.0
2026-07-24,87500,2026-10-08,call,regular,1,0.3134,76,65.0
2026-07-24,90000,2026-10-08,call,regular,9,0.315,76,39.0
2026-07-24,95000,2026-10-08,call,regular,5,0.3187,76,14.0
2026-07-24,100000,2026-10-08,call,regular,25,0.3404,76,9.0
2026-07-24,50250,2026-11-12,call,regular,35,0.5816,111,16580.0
2026-07-24,56000,2026-11-12,call,regular,34,0.4816,111,11550.0
2026-07-24,57500,2026-11-12,call,regular,100,0.4626,111,10365.0
2026-07-24,60500,2026-11-12,call,regular,100,0.4261,111,8115.0
2026-07-24,61000,2026-11-12,call,regular,200,0.4207,111,7765.0
2026-07-24,65000,2026-11-12,call,regular,10,0.3795,111,5195.0
2026-07-24,66000,2026-11-12,call,regular,200,0.373,111,4670.0
2026-07-24,69000,2026-11-12,call,regular,937,0.3467,111,3180.0
2026-07-24,70000,2026-11-12,call,regular,103,0.3427,111,2810.0
2026-07-24,71000,2026-11-12,call,regular,4,0.3368,111,2445.0
2026-07-24,72500,2026-11-12,call,regular,1,0.333,111,2015.0
2026-07-24,74000,2026-11-12,call,regular,100,0.3254,111,1600.0
2026-07-24,75000,2026-11-12,call,regular,102,0.3229,111,1385.0
2026-07-24,95000,2026-11-12,call,regular,1,0.3213,111,72.0
2026-07-24,100000,2026-11-12,call,regular,1,0.3264,111,36.0
2026-07-24,12500,2026-12-10,call,regular,84,2.0135,139,53415.0
2026-07-24,20000,2026-12-10,call,regular,150,1.4669,139,45970.0
2026-07-24,22000,2026-12-10,call,regular,100,1.3625,139,43990.0
2026-07-24,25000,2026-12-10,call,regular,300,1.2266,139,41030.0
2026-07-24,26000,2026-12-10,call,regular,350,1.1855,139,40045.0
2026-07-24,27000,2026-12-10,call,regular,250,1.1449,139,39055.0
2026-07-24,28000,2026-12-10,call,regular,75,1.108,139,38075.0
2026-07-24,28500,2026-12-10,call,regular,125,1.0889,139,37580.0
2026-07-24,29000,2026-12-10,call,regular,150,1.0713,139,37090.0
2026-07-24,30000,2026-12-10,call,regular,100,1.0368,139,36110.0
2026-07-24,30500,2026-12-10,call,regular,50,1.019,139,35615.0
2026-07-24,31000,2026-12-10,call,regular,241,1.0025,139,35125.0
2026-07-24,31500,2026-12-10,call,regular,50,0.9853,139,34630.0
2026-07-24,32000,2026-12-10,call,regular,700,0.9692,139,34140.0
2026-07-24,32500,2026-12-10,call,regular,250,0.9543,139,33655.0
2026-07-24,33000,2026-12-10,call,regular,1950,0.9387,139,33165.0
2026-07-24,34000,2026-12-10,call,regular,280,0.9081,139,32185.0
2026-07-24,34500,2026-12-10,call,regular,400,0.894,139,31700.0
2026-07-24,35000,2026-12-10,call,regular,435,0.8791,139,31210.0
2026-07-24,36000,2026-12-10,call,regular,975,0.8524,139,30245.0
2026-07-24,36500,2026-12-10,call,regular,252,0.8389,139,29760.0
2026-07-24,37000,2026-12-10,call,regular,450,0.8255,139,29275.0
2026-07-24,37500,2026-12-10,call,regular,88,0.8122,139,28790.0
2026-07-24,37750,2026-12-10,call,regular,100,0.8059,139,28550.0
2026-07-24,38000,2026-12-10,call,regular,1225,0.7998,139,28310.0
2026-07-24,38500,2026-12-10,call,regular,700,0.7867,139,27825.0
2026-07-24,38750,2026-12-10,call,regular,50,0.7806,139,27585.0
2026-07-24,39000,2026-12-10,call,regular,750,0.7745,139,27345.0
2026-07-24,39500,2026-12-10,call,regular,500,0.7616,139,26860.0
2026-07-24,40000,2026-12-10,call,regular,1200,0.7503,139,26385.0
2026-07-24,40500,2026-12-10,call,regular,400,0.7377,139,25900.0
2026-07-24,41000,2026-12-10,call,regular,1300,0.7265,139,25425.0
2026-07-24,41500,2026-12-10,call,regular,100,0.7146,139,24945.0
2026-07-24,42000,2026-12-10,call,regular,1071,0.7035,139,24470.0
2026-07-24,42500,2026-12-10,call,regular,250,0.6925,139,23995.0
2026-07-24,43000,2026-12-10,call,regular,1400,0.6815,139,23520.0
2026-07-24,43750,2026-12-10,call,regular,100,0.6653,139,22810.0
2026-07-24,44000,2026-12-10,call,regular,600,0.6601,139,22575.0
2026-07-24,45000,2026-12-10,call,regular,1842,0.6366,139,21610.0
2026-07-24,45250,2026-12-10,call,regular,413,0.6314,139,21375.0
2026-07-24,45500,2026-12-10,call,regular,200,0.6263,139,21140.0
2026-07-24,46000,2026-12-10,call,regular,2300,0.6166,139,20675.0
2026-07-24,46250,2026-12-10,call,regular,315,0.612,139,20445.0
2026-07-24,47000,2026-12-10,call,regular,350,0.5977,139,19750.0
2026-07-24,47500,2026-12-10,call,regular,200,0.5864,139,19270.0
2026-07-24,48000,2026-12-10,call,regular,750,0.5777,139,18815.0
2026-07-24,49000,2026-12-10,call,regular,1000,0.5595,139,17900.0
2026-07-24,49500,2026-12-10,call,regular,260,0.5511,139,17450.0
2026-07-24,50000,2026-12-10,call,regular,3342,0.5436,139,17010.0
2026-07-24,50250,2026-12-10,call,regular,58,0.5408,139,16800.0
2026-07-24,50500,2026-12-10,call,regular,600,0.5374,139,16585.0
2026-07-24,50750,2026-12-10,call,regular,45,0.534,139,16370.0
2026-07-24,51000,2026-12-10,call,regular,731,0.532,139,16170.0
2026-07-24,52000,2026-12-10,call,regular,802,0.516,139,15290.0
2026-07-24,52250,2026-12-10,call,regular,250,0.5119,139,15070.0
2026-07-24,52500,2026-12-10,call,regular,50,0.5078,139,14850.0
2026-07-24,53000,2026-12-10,call,regular,1135,0.5004,139,14420.0
2026-07-24,53500,2026-12-10,call,regular,106,0.4924,139,13985.0
2026-07-24,54000,2026-12-10,call,regular,1941,0.486,139,13570.0
2026-07-24,54500,2026-12-10,call,regular,540,0.4785,139,13145.0
2026-07-24,55000,2026-12-10,call,regular,1829,0.4721,139,12735.0
2026-07-24,55500,2026-12-10,call,regular,300,0.4651,139,12320.0
2026-07-24,56000,2026-12-10,call,regular,791,0.4586,139,11915.0
2026-07-24,56500,2026-12-10,call,regular,283,0.452,139,11510.0
2026-07-24,57000,2026-12-10,call,regular,500,0.4463,139,11120.0
2026-07-24,57250,2026-12-10,call,regular,113,0.4429,139,10920.0
2026-07-24,57500,2026-12-10,call,regular,90,0.4399,139,10725.0
2026-07-24,58000,2026-12-10,call,regular,2603,0.4341,139,10340.0
2026-07-24,58500,2026-12-10,call,regular,350,0.428,139,9955.0
2026-07-24,59000,2026-12-10,call,regular,1900,0.4227,139,9585.0
2026-07-24,59500,2026-12-10,call,regular,100,0.4171,139,9215.0
2026-07-24,60000,2026-12-10,call,regular,7446,0.4116,139,8850.0
2026-07-24,60500,2026-12-10,call,regular,2,0.4068,139,8500.0
2026-07-24,61000,2026-12-10,call,regular,813,0.4023,139,8160.0
2026-07-24,62000,2026-12-10,call,regular,1350,0.3937,139,7500.0
2026-07-24,62500,2026-12-10,call,regular,385,0.3892,139,7175.0
2026-07-24,63000,2026-12-10,call,regular,1665,0.385,139,6860.0
2026-07-24,63750,2026-12-10,call,regular,25,0.3792,139,6405.0
2026-07-24,64000,2026-12-10,call,regular,1855,0.3762,139,6240.0
2026-07-24,65000,2026-12-10,call,regular,3186,0.3687,139,5665.0
2026-07-24,65500,2026-12-10,call,regular,584,0.3664,139,5410.0
2026-07-24,66000,2026-12-10,call,regular,720,0.363,139,5145.0
2026-07-24,67000,2026-12-10,call,regular,977,0.351,139,4550.0
2026-07-24,67250,2026-12-10,call,regular,25,0.3496,139,4430.0
2026-07-24,67500,2026-12-10,call,regular,25,0.348,139,4310.0
2026-07-24,68000,2026-12-10,call,regular,3242,0.3461,139,4095.0
2026-07-24,68500,2026-12-10,call,regular,220,0.3438,139,3880.0
2026-07-24,69000,2026-12-10,call,regular,971,0.3411,139,3665.0
2026-07-24,69250,2026-12-10,call,regular,50,0.3393,139,3555.0
2026-07-24,69750,2026-12-10,call,regular,158,0.3369,139,3355.0
2026-07-24,70000,2026-12-10,call,regular,2939,0.3355,139,3255.0
2026-07-24,71000,2026-12-10,call,regular,200,0.3321,139,2905.0
2026-07-24,72000,2026-12-10,call,regular,507,0.3283,139,2575.0
2026-07-24,72500,2026-12-10,call,regular,2293,0.3271,139,2430.0
2026-07-24,73000,2026-12-10,call,regular,426,0.3255,139,2285.0
2026-07-24,73500,2026-12-10,call,regular,400,0.3242,139,2150.0
2026-07-24,74000,2026-12-10,call,regular,650,0.3228,139,2020.0
2026-07-24,75000,2026-12-10,call,regular,3009,0.3198,139,1775.0
2026-07-24,76000,2026-12-10,call,regular,100,0.3175,139,1560.0
2026-07-24,77000,2026-12-10,call,regular,359,0.3152,139,1365.0
2026-07-24,77500,2026-12-10,call,regular,1301,0.3141,139,1275.0
2026-07-24,78000,2026-12-10,call,regular,3,0.3134,139,1195.0
2026-07-24,79000,2026-12-10,call,regular,204,0.3114,139,1040.0
2026-07-24,80000,2026-12-10,call,regular,6976,0.3119,139,925.0
2026-07-24,81000,2026-12-10,call,regular,120,0.3111,139,810.0
2026-07-24,82500,2026-12-10,call,regular,1,0.3091,139,655.0
2026-07-24,84000,2026-12-10,call,regular,401,0.3092,139,540.0
2026-07-24,85000,2026-12-10,call,regular,426,0.3086,139,470.0
2026-07-24,87500,2026-12-10,call,regular,2577,0.3122,139,355.0
2026-07-24,90000,2026-12-10,call,regular,2526,0.3113,139,250.0
2026-07-24,95000,2026-12-10,call,regular,1210,0.3067,139,113.0
2026-07-24,100000,2026-12-10,call,regular,501,0.3037,139,50.0
2026-07-24,54250,2027-01-07,call,regular,27,0.4594,167,13620.0
2026-07-24,61000,2027-01-07,call,regular,26,0.3882,167,8510.0
2026-07-24,71000,2027-01-07,call,regular,1,0.3281,167,3320.0
2026-07-24,71500,2027-01-07,call,regular,125,0.3263,167,3145.0
2026-07-24,72000,2027-01-07,call,regular,2,0.325,167,2985.0
2026-07-24,73000,2027-01-07,call,regular,1,0.322,167,2675.0
2026-07-24,74000,2027-01-07,call,regular,2,0.3185,167,2380.0
2026-07-24,80000,2027-01-07,call,regular,1,0.3096,167,1200.0
2026-07-24,100000,2027-01-07,call,regular,1,0.3043,167,100.0
2026-07-24,56000,2027-02-10,call,regular,8,0.4231,201,12575.0
2026-07-24,56750,2027-02-10,call,regular,60,0.4158,201,12000.0
2026-07-24,64000,2027-02-10,call,regular,60,0.3595,201,7125.0
2026-07-24,66000,2027-02-10,call,regular,8,0.3503,201,6075.0
2026-07-24,52000,2027-03-11,call,regular,560,0.4545,230,16085.0
2026-07-24,52750,2027-03-11,call,regular,8,0.4462,230,15465.0
2026-07-24,53000,2027-03-11,call,regular,275,0.4438,230,15265.0
2026-07-24,53500,2027-03-11,call,regular,202,0.4386,230,14860.0
2026-07-24,53750,2027-03-11,call,regular,44,0.4361,230,14660.0
2026-07-24,54000,2027-03-11,call,regular,267,0.4336,230,14460.0
2026-07-24,55000,2027-03-11,call,regular,550,0.4237,230,13670.0
2026-07-24,56000,2027-03-11,call,regular,50,0.4144,230,12900.0
2026-07-24,57000,2027-03-11,call,regular,365,0.4057,230,12150.0
2026-07-24,58000,2027-03-11,call,regular,150,0.397,230,11415.0
2026-07-24,59500,2027-03-11,call,regular,200,0.385,230,10355.0
2026-07-24,59750,2027-03-11,call,regular,2,0.3832,230,10185.0
2026-07-24,60000,2027-03-11,call,regular,12,0.3811,230,10010.0
2026-07-24,60250,2027-03-11,call,regular,44,0.3794,230,9845.0
2026-07-24,61000,2027-03-11,call,regular,160,0.3739,230,9345.0
2026-07-24,62500,2027-03-11,call,regular,8,0.3641,230,8400.0
2026-07-24,63000,2027-03-11,call,regular,292,0.3607,230,8090.0
2026-07-24,64250,2027-03-11,call,regular,100,0.3547,230,7390.0
2026-07-24,65000,2027-03-11,call,regular,301,0.3519,230,7000.0
2026-07-24,66250,2027-03-11,call,regular,15,0.3457,230,6345.0
2026-07-24,66500,2027-03-11,call,regular,6,0.3445,230,6220.0
2026-07-24,67000,2027-03-11,call,regular,200,0.3421,230,5970.0
2026-07-24,69000,2027-03-11,call,regular,250,0.3342,230,5065.0
2026-07-24,70000,2027-03-11,call,regular,234,0.3308,230,4655.0
2026-07-24,70500,2027-03-11,call,regular,150,0.3292,230,4460.0
2026-07-24,72000,2027-03-11,call,regular,100,0.3208,230,3835.0
2026-07-24,72500,2027-03-11,call,regular,35,0.3194,230,3665.0
2026-07-24,73000,2027-03-11,call,regular,400,0.318,230,3500.0
2026-07-24,73500,2027-03-11,call,regular,1,0.3166,230,3340.0
2026-07-24,74000,2027-03-11,call,regular,3,0.3154,230,3190.0
2026-07-24,75000,2027-03-11,call,regular,150,0.3132,230,2905.0
2026-07-24,77500,2027-03-11,call,regular,60,0.3094,230,2305.0
2026-07-24,80000,2027-03-11,call,regular,200,0.3069,230,1825.0
2026-07-24,82500,2027-03-11,call,regular,37,0.304,230,1425.0
2026-07-24,90000,2027-03-11,call,regular,196,0.3028,230,700.0
2026-07-24,100000,2027-03-11,call,regular,78,0.3048,230,272.0
2026-07-24,57000,2027-04-08,call,regular,25,0.3821,258,12135.0
2026-07-24,57750,2027-04-08,call,regular,88,0.3769,258,11600.0
2026-07-24,65000,2027-04-08,call,regular,88,0.3361,258,7085.0
2026-07-24,67000,2027-04-08,call,regular,25,0.3279,258,6080.0
2026-07-24,60250,2027-05-13,call,regular,8,0.3564,293,10285.0
2026-07-24,61250,2027-05-13,call,regular,23,0.3511,293,9655.0
2026-07-24,71000,2027-05-13,call,regular,23,0.3182,293,4905.0
2026-07-24,72000,2027-05-13,call,regular,8,0.3162,293,4550.0
2026-07-24,16250,2027-06-10,call,regular,114,1.0718,321,49490.0
2026-07-24,30000,2027-06-10,call,regular,300,0.6813,321,36115.0
2026-07-24,33000,2027-06-10,call,regular,50,0.6302,321,33285.0
2026-07-24,36000,2027-06-10,call,regular,150,0.5844,321,30485.0
2026-07-24,37000,2027-06-10,call,regular,50,0.5698,321,29555.0
2026-07-24,37250,2027-06-10,call,regular,480,0.5664,321,29325.0
2026-07-24,38500,2027-06-10,call,regular,140,0.5493,321,28175.0
2026-07-24,39000,2027-06-10,call,regular,50,0.5426,321,27715.0
2026-07-24,44500,2027-06-10,call,regular,300,0.4771,321,22780.0
2026-07-24,50000,2027-06-10,call,regular,300,0.4228,321,18090.0
2026-07-24,50500,2027-06-10,call,regular,175,0.4187,321,17685.0
2026-07-24,53000,2027-06-10,call,regular,100,0.3992,321,15710.0
2026-07-24,54000,2027-06-10,call,regular,1050,0.3922,321,14950.0
2026-07-24,55000,2027-06-10,call,regular,300,0.3851,321,14200.0
2026-07-24,56000,2027-06-10,call,regular,175,0.3785,321,13470.0
2026-07-24,57000,2027-06-10,call,regular,50,0.3722,321,12760.0
2026-07-24,58500,2027-06-10,call,regular,58,0.3634,321,11730.0
2026-07-24,60000,2027-06-10,call,regular,850,0.3551,321,10745.0
2026-07-24,62500,2027-06-10,call,regular,150,0.343,321,9220.0
2026-07-24,63000,2027-06-10,call,regular,100,0.3407,321,8930.0
2026-07-24,64000,2027-06-10,call,regular,200,0.3364,321,8370.0
2026-07-24,65000,2027-06-10,call,regular,124,0.3324,321,7835.0
2026-07-24,65500,2027-06-10,call,regular,62,0.3309,321,7585.0
2026-07-24,67000,2027-06-10,call,regular,470,0.3255,321,6845.0
2026-07-24,68000,2027-06-10,call,regular,300,0.3236,321,6415.0
2026-07-24,68250,2027-06-10,call,regular,15,0.3233,321,6315.0
2026-07-24,68500,2027-06-10,call,regular,200,0.3227,321,6210.0
2026-07-24,69250,2027-06-10,call,regular,36,0.3212,321,5905.0
2026-07-24,70000,2027-06-10,call,regular,550,0.3193,321,5600.0
2026-07-24,71000,2027-06-10,call,regular,100,0.317,321,5215.0
2026-07-24,75000,2027-06-10,call,regular,500,0.3059,321,3810.0
2026-07-24,77500,2027-06-10,call,regular,36,0.3021,321,3140.0
2026-07-24,80000,2027-06-10,call,regular,15,0.2994,321,2585.0
2026-07-24,85000,2027-06-10,call,regular,550,0.2958,321,1740.0
2026-07-24,90000,2027-06-10,call,regular,100,0.2941,321,1170.0
2026-07-24,65750,2027-07-08,call,regular,20,0.3276,349,7740.0
2026-07-24,66750,2027-07-08,call,regular,32,0.3252,349,7275.0
2026-07-24,75000,2027-07-08,call,regular,32,0.3051,349,4090.0
2026-07-24,77000,2027-07-08,call,regular,20,0.3022,349,3535.0
2026-07-24,65000,2027-09-09,call,regular,1,0.3294,412,8815.0
2026-07-24,28000,2027-12-09,call,regular,50,0.59,503,38165.0
2026-07-24,30000,2027-12-09,call,regular,225,0.5626,503,36305.0
2026-07-24,31500,2027-12-09,call,regular,50,0.544,503,34925.0
2026-07-24,32000,2027-12-09,call,regular,100,0.5379,503,34465.0
2026-07-24,33000,2027-12-09,call,regular,100,0.5265,503,33555.0
2026-07-24,34000,2027-12-09,call,regular,375,0.5148,503,32640.0
2026-07-24,35000,2027-12-09,call,regular,201,0.5043,503,31740.0
2026-07-24,36000,2027-12-09,call,regular,80,0.4942,503,30845.0
2026-07-24,36750,2027-12-09,call,regular,442,0.487,503,30180.0
2026-07-24,37000,2027-12-09,call,regular,200,0.4844,503,29955.0
2026-07-24,38000,2027-12-09,call,regular,575,0.4752,503,29075.0
2026-07-24,39000,2027-12-09,call,regular,125,0.4659,503,28195.0
2026-07-24,39250,2027-12-09,call,regular,50,0.4635,503,27975.0
2026-07-24,39500,2027-12-09,call,regular,50,0.4615,503,27760.0
2026-07-24,40000,2027-12-09,call,regular,350,0.4571,503,27325.0
2026-07-24,40500,2027-12-09,call,regular,450,0.4529,503,26895.0
2026-07-24,41000,2027-12-09,call,regular,375,0.4487,503,26465.0
2026-07-24,42000,2027-12-09,call,regular,200,0.4408,503,25615.0
2026-07-24,43000,2027-12-09,call,regular,400,0.433,503,24770.0
2026-07-24,43500,2027-12-09,call,regular,150,0.4288,503,24345.0
2026-07-24,45000,2027-12-09,call,regular,1950,0.418,503,23105.0
2026-07-24,46000,2027-12-09,call,regular,500,0.411,503,22290.0
2026-07-24,48000,2027-12-09,call,regular,225,0.398,503,20695.0
2026-07-24,49000,2027-12-09,call,regular,700,0.3914,503,19905.0
2026-07-24,50000,2027-12-09,call,regular,1950,0.3855,503,19140.0
2026-07-24,51000,2027-12-09,call,regular,300,0.3796,503,18380.0
2026-07-24,52500,2027-12-09,call,regular,100,0.3662,503,17150.0
2026-07-24,54000,2027-12-09,call,regular,300,0.3538,503,15955.0
2026-07-24,54500,2027-12-09,call,regular,100,0.3519,503,15615.0
2026-07-24,55000,2027-12-09,call,regular,704,0.3497,503,15270.0
2026-07-24,57000,2027-12-09,call,regular,250,0.3419,503,13950.0
2026-07-24,58000,2027-12-09,call,regular,500,0.3382,503,13315.0
2026-07-24,60000,2027-12-09,call,regular,1025,0.3312,503,12095.0
2026-07-24,61000,2027-12-09,call,regular,200,0.3283,503,11520.0
2026-07-24,63000,2027-12-09,call,regular,100,0.3227,503,10425.0
2026-07-24,63500,2027-12-09,call,regular,50,0.3213,503,10160.0
2026-07-24,64000,2027-12-09,call,regular,780,0.3199,503,9900.0
2026-07-24,65000,2027-12-09,call,regular,100,0.3175,503,9400.0
2026-07-24,66000,2027-12-09,call,regular,300,0.3154,503,8925.0
2026-07-24,67000,2027-12-09,call,regular,100,0.3131,503,8460.0
2026-07-24,68000,2027-12-09,call,regular,200,0.3112,503,8020.0
2026-07-24,69000,2027-12-09,call,regular,850,0.3099,503,7615.0
2026-07-24,70000,2027-12-09,call,regular,550,0.3088,503,7230.0
2026-07-24,72500,2027-12-09,call,regular,100,0.3058,503,6325.0
2026-07-24,75000,2027-12-09,call,regular,177,0.3007,503,5445.0
2026-07-24,80000,2027-12-09,call,regular,600,0.2946,503,4050.0
2026-07-24,87500,2027-12-09,call,regular,100,0.2892,503,2580.0
2026-07-24,41500,2028-06-08,call,regular,100,0.3898,685,26220.0
2026-07-24,28000,2028-12-07,call,regular,50,0.4487,867,38180.0
2026-07-24,30000,2028-12-07,call,regular,80,0.4336,867,36395.0
2026-07-24,31000,2028-12-07,call,regular,200,0.4267,867,35515.0
2026-07-24,32000,2028-12-07,call,regular,75,0.4197,867,34635.0
2026-07-24,33000,2028-12-07,call,regular,125,0.4135,867,33770.0
2026-07-24,34500,2028-12-07,call,regular,330,0.4043,867,32480.0
2026-07-24,34750,2028-12-07,call,regular,100,0.4025,867,32260.0
2026-07-24,35500,2028-12-07,call,regular,443,0.3982,867,31625.0
2026-07-24,36000,2028-12-07,call,regular,450,0.3953,867,31200.0
2026-07-24,36500,2028-12-07,call,regular,52,0.3928,867,30785.0
2026-07-24,38000,2028-12-07,call,regular,120,0.3847,867,29535.0
2026-07-24,39000,2028-12-07,call,regular,575,0.3796,867,28715.0
2026-07-24,40000,2028-12-07,call,regular,30,0.3746,867,27900.0
2026-07-24,41000,2028-12-07,call,regular,375,0.3699,867,27100.0
2026-07-24,42000,2028-12-07,call,regular,65,0.3655,867,26310.0
2026-07-24,42500,2028-12-07,call,regular,100,0.3634,867,25920.0
2026-07-24,50000,2028-12-07,call,regular,400,0.3348,867,20380.0
2026-07-24,53000,2028-12-07,call,regular,50,0.3257,867,18370.0
2026-07-24,55000,2028-12-07,call,regular,50,0.3202,867,17100.0
2026-07-24,56000,2028-12-07,call,regular,650,0.3174,867,16480.0
2026-07-24,60000,2028-12-07,call,regular,250,0.3081,867,14175.0
2026-07-24,67500,2028-12-07,call,regular,100,0.295,867,10525.0
2026-07-24,75000,2028-12-07,call,regular,80,0.2886,867,7795.0
2026-07-24,80000,2028-12-07,call,regular,200,0.2868,867,6400.0
2026-07-24,50000,2029-12-13,call,regular,100,0.3153,1238,21670.0
2026-07-24,60000,2029-12-13,call,regular,375,0.2947,1238,15815.0
2026-07-24,65000,2029-12-13,call,regular,50,0.2873,1238,13390.0
2026-07-24,57000,2030-12-12,call,regular,300,0.3083,1602,19565.0
2026-07-24,64000,2030-12-12,call,regular,3,0.2956,1602,16025.0
2026-07-24,64000,2026-07-29,put,mini,440,0.229,5,440.0
2026-07-24,66500,2026-07-29,put,mini,50,0.2,5,1205.0
2026-07-24,67750,2026-07-29,put,mini,2,0.2,5,1970.0
2026-07-24,61125,2026-07-31,put,mini,132,0.3269,7,156.0
2026-07-24,61250,2026-07-31,put,mini,28,0.3307,7,178.0
2026-07-24,61375,2026-07-31,put,mini,6,0.3266,7,187.0
2026-07-24,61500,2026-07-31,put,mini,122,0.3163,7,185.0
2026-07-24,61625,2026-07-31,put,mini,3,0.3179,7,206.0
2026-07-24,61750,2026-07-31,put,mini,216,0.3133,7,216.0
2026-07-24,61875,2026-07-31,put,mini,3,0.3095,7,228.0
2026-07-24,62000,2026-07-31,put,mini,180,0.3002,7,229.0
2026-07-24,62125,2026-07-31,put,mini,3,0.302,7,255.0
2026-07-24,62375,2026-07-31,put,mini,3,0.2946,7,286.0
2026-07-24,62500,2026-07-31,put,mini,1104,0.2785,7,272.0
2026-07-24,62625,2026-07-31,put,mini,8,0.2849,7,315.0
2026-07-24,62750,2026-07-31,put,mini,185,0.2796,7,330.0
2026-07-24,63000,2026-07-31,put,mini,115,0.2645,7,350.0
2026-07-24,63250,2026-07-31,put,mini,51,0.2616,7,410.0
2026-07-24,63500,2026-07-31,put,mini,244,0.2498,7,450.0
2026-07-24,63750,2026-07-31,put,mini,2,0.2375,7,495.0
2026-07-24,63875,2026-07-31,put,mini,20,0.2314,7,520.0
2026-07-24,64000,2026-07-31,put,mini,70,0.2113,7,500.0
2026-07-24,64125,2026-07-31,put,mini,1,0.2186,7,575.0
2026-07-24,64250,2026-07-31,put,mini,13,0.2133,7,610.0
2026-07-24,64375,2026-07-31,put,mini,1,0.2072,7,645.0
2026-07-24,64500,2026-07-31,put,mini,68,0.1806,7,610.0
2026-07-24,64750,2026-07-31,put,mini,1,0.1878,7,765.0
2026-07-24,65000,2026-07-31,put,mini,72,0.1472,7,770.0
2026-07-24,65250,2026-07-31,put,mini,6,0.137,7,905.0
2026-07-24,65375,2026-07-31,put,mini,940,0.1169,7,940.0
2026-07-24,65500,2026-07-31,put,mini,13,0.092,7,985.0
2026-07-24,65625,2026-07-31,put,mini,1030,0.2,7,1030.0
2026-07-24,65750,2026-07-31,put,mini,3,0.2,7,1030.0
2026-07-24,65875,2026-07-31,put,mini,1,0.2,7,1085.0
2026-07-24,66000,2026-07-31,put,mini,10,0.2,7,1145.0
2026-07-24,66250,2026-07-31,put,mini,7,0.2,7,1290.0
2026-07-24,66375,2026-07-31,put,mini,13,0.2,7,1390.0
2026-07-24,66500,2026-07-31,put,mini,32,0.2,7,1440.0
2026-07-24,66750,2026-07-31,put,mini,6,0.2,7,1575.0
2026-07-24,67000,2026-07-31,put,mini,33,0.2,7,1700.0
2026-07-24,67250,2026-07-31,put,mini,4,0.2,7,1830.0
2026-07-24,67500,2026-07-31,put,mini,6,0.2,7,1935.0
2026-07-24,67750,2026-07-31,put,mini,4,0.2,7,2170.0
2026-07-24,68500,2026-07-31,put,mini,2665,0.2,7,2665.0
2026-07-24,68750,2026-07-31,put,mini,2870,0.2,7,2870.0
2026-07-24,70750,2026-07-31,put,mini,4570,0.2,7,4570.0
2026-07-24,66500,2026-08-05,put,mini,2,0.2,12,1760.0
2026-07-24,67750,2026-08-05,put,mini,2,0.2,12,2470.0
2026-07-24,61125,2026-08-07,put,mini,1,0.3408,14,485.0
2026-07-24,61500,2026-08-07,put,mini,21,0.3036,14,435.0
2026-07-24,66000,2026-08-07,put,mini,1660,0.144,14,1660.0
2026-07-24,66500,2026-08-07,put,mini,2,0.2,14,1880.0
2026-07-24,67750,2026-08-07,put,mini,4,0.2,14,2625.0
2026-07-24,68500,2026-08-07,put,mini,20,0.2,14,3065.0
2026-07-24,68750,2026-08-07,put,mini,8,0.2,14,3235.0
2026-07-24,56750,2026-08-14,put,mini,527,0.4265,21,305.0
2026-07-24,56875,2026-08-14,put,mini,2,0.4125,21,283.0
2026-07-24,57000,2026-08-14,put,mini,454,0.4118,21,295.0
2026-07-24,57125,2026-08-14,put,mini,325,0.4176,21,325.0
2026-07-24,57250,2026-08-14,put,mini,25,0.4029,21,300.0
2026-07-24,57375,2026-08-14,put,mini,310,0.4012,21,310.0
2026-07-24,57500,2026-08-14,put,mini,149,0.4012,21,325.0
2026-07-24,57750,2026-08-14,put,mini,21,0.3954,21,340.0
2026-07-24,57875,2026-08-14,put,mini,4,0.3949,21,355.0
2026-07-24,58000,2026-08-14,put,mini,403,0.3909,21,360.0
2026-07-24,58125,2026-08-14,put,mini,7,0.3902,21,375.0
2026-07-24,58250,2026-08-14,put,mini,40,0.3877,21,385.0
2026-07-24,58375,2026-08-14,put,mini,395,0.3851,21,395.0
2026-07-24,58500,2026-08-14,put,mini,73,0.3825,21,405.0
2026-07-24,58625,2026-08-14,put,mini,415,0.3797,21,415.0
2026-07-24,58750,2026-08-14,put,mini,62,0.3769,21,425.0
2026-07-24,58875,2026-08-14,put,mini,1,0.3739,21,435.0
2026-07-24,59000,2026-08-14,put,mini,288,0.3681,21,435.0
2026-07-24,59250,2026-08-14,put,mini,19,0.366,21,470.0
2026-07-24,59375,2026-08-14,put,mini,1,0.3628,21,480.0
2026-07-24,59500,2026-08-14,put,mini,127,0.3568,21,480.0
2026-07-24,59625,2026-08-14,put,mini,500,0.356,21,500.0
2026-07-24,59750,2026-08-14,put,mini,57,0.355,21,520.0
2026-07-24,59875,2026-08-14,put,mini,4,0.3514,21,530.0
2026-07-24,60000,2026-08-14,put,mini,698,0.3477,21,540.0
2026-07-24,60125,2026-08-14,put,mini,550,0.3439,21,550.0
2026-07-24,60250,2026-08-14,put,mini,28,0.3437,21,575.0
2026-07-24,60375,2026-08-14,put,mini,2,0.3409,21,590.0
2026-07-24,60500,2026-08-14,put,mini,50,0.3403,21,615.0
2026-07-24,60625,2026-08-14,put,mini,1,0.3361,21,625.0
2026-07-24,60750,2026-08-14,put,mini,19,0.334,21,645.0
2026-07-24,60875,2026-08-14,put,mini,3,0.333,21,670.0
2026-07-24,61000,2026-08-14,put,mini,500,0.3274,21,675.0
2026-07-24,61125,2026-08-14,put,mini,710,0.3282,21,710.0
2026-07-24,61250,2026-08-14,put,mini,12,0.3245,21,725.0
2026-07-24,61375,2026-08-14,put,mini,735,0.3198,21,735.0
2026-07-24,61500,2026-08-14,put,mini,104,0.319,21,765.0
2026-07-24,61625,2026-08-14,put,mini,780,0.315,21,780.0
2026-07-24,61750,2026-08-14,put,mini,33,0.3119,21,800.0
2026-07-24,61875,2026-08-14,put,mini,2,0.3116,21,835.0
2026-07-24,62000,2026-08-14,put,mini,847,0.3063,21,845.0
2026-07-24,62125,2026-08-14,put,mini,2,0.3066,21,885.0
2026-07-24,62250,2026-08-14,put,mini,511,0.3038,21,910.0
2026-07-24,62375,2026-08-14,put,mini,493,0.3018,21,940.0
2026-07-24,62500,2026-08-14,put,mini,172,0.2951,21,945.0
2026-07-24,62625,2026-08-14,put,mini,1000,0.2974,21,1000.0
2026-07-24,62750,2026-08-14,put,mini,49,0.2895,21,1000.0
2026-07-24,62875,2026-08-14,put,mini,1035,0.2878,21,1035.0
2026-07-24,63000,2026-08-14,put,mini,479,0.2841,21,1060.0
2026-07-24,63125,2026-08-14,put,mini,4,0.2829,21,1100.0
2026-07-24,63250,2026-08-14,put,mini,128,0.2806,21,1135.0
2026-07-24,63375,2026-08-14,put,mini,1,0.2747,21,1150.0
2026-07-24,63500,2026-08-14,put,mini,251,0.2728,21,1190.0
2026-07-24,63625,2026-08-14,put,mini,2,0.2658,21,1200.0
2026-07-24,63750,2026-08-14,put,mini,33,0.2702,21,1280.0
2026-07-24,63875,2026-08-14,put,mini,1245,0.2553,21,1245.0
2026-07-24,64000,2026-08-14,put,mini,322,0.2601,21,1330.0
2026-07-24,64125,2026-08-14,put,mini,2,0.2605,21,1390.0
2026-07-24,64250,2026-08-14,put,mini,38,0.2573,21,1430.0
2026-07-24,64375,2026-08-14,put,mini,1400,0.2426,21,1400.0
2026-07-24,64500,2026-08-14,put,mini,71,0.2455,21,1480.0
2026-07-24,64625,2026-08-14,put,mini,4,0.2489,21,1565.0
2026-07-24,64750,2026-08-14,put,mini,32,0.2351,21,1545.0
2026-07-24,64875,2026-08-14,put,mini,2,0.2274,21,1565.0
2026-07-24,65000,2026-08-14,put,mini,284,0.2324,21,1665.0
2026-07-24,65125,2026-08-14,put,mini,1,0.2315,21,1730.0
2026-07-24,65250,2026-08-14,put,mini,7,0.2238,21,1755.0
2026-07-24,65375,2026-08-14,put,mini,1780,0.2156,21,1780.0
2026-07-24,65500,2026-08-14,put,mini,51,0.2103,21,1825.0
2026-07-24,65625,2026-08-14,put,mini,4,0.2148,21,1930.0
2026-07-24,65750,2026-08-14,put,mini,28,0.1994,21,1920.0
2026-07-24,65875,2026-08-14,put,mini,1,0.1963,21,1985.0
2026-07-24,66000,2026-08-14,put,mini,266,0.1954,21,2065.0
2026-07-24,66125,2026-08-14,put,mini,2090,0.184,21,2090.0
2026-07-24,66250,2026-08-14,put,mini,21,0.1821,21,2170.0
2026-07-24,66375,2026-08-14,put,mini,1,0.1699,21,2200.0
2026-07-24,66500,2026-08-14,put,mini,64,0.1677,21,2285.0
2026-07-24,66625,2026-08-14,put,mini,2335,0.1572,21,2335.0
2026-07-24,66750,2026-08-14,put,mini,16,0.1436,21,2380.0
2026-07-24,66875,2026-08-14,put,mini,11,0.1308,21,2440.0
2026-07-24,67000,2026-08-14,put,mini,148,0.1244,21,2530.0
2026-07-24,67125,2026-08-14,put,mini,1,0.1463,21,2710.0
2026-07-24,67250,2026-08-14,put,mini,37,0.1315,21,2775.0
2026-07-24,67375,2026-08-14,put,mini,1,0.2,21,2720.0
2026-07-24,67500,2026-08-14,put,mini,125,0.2,21,2855.0
2026-07-24,67625,2026-08-14,put,mini,10,0.2,21,2900.0
2026-07-24,67750,2026-08-14,put,mini,476,0.2,21,2990.0
2026-07-24,67875,2026-08-14,put,mini,3060,0.2,21,3060.0
2026-07-24,68000,2026-08-14,put,mini,692,0.2,21,3200.0
2026-07-24,68125,2026-08-14,put,mini,3220,0.2,21,3220.0
2026-07-24,68250,2026-08-14,put,mini,60,0.2,21,3300.0
2026-07-24,68375,2026-08-14,put,mini,3380,0.2,21,3380.0
2026-07-24,68500,2026-08-14,put,mini,571,0.2,21,3465.0
2026-07-24,68625,2026-08-14,put,mini,3550,0.2,21,3550.0
2026-07-24,68750,2026-08-14,put,mini,1144,0.2,21,3675.0
2026-07-24,68875,2026-08-14,put,mini,3720,0.2,21,3720.0
2026-07-24,69000,2026-08-14,put,mini,1118,0.2,21,3825.0
2026-07-24,69125,2026-08-14,put,mini,2,0.2,21,3885.0
2026-07-24,69250,2026-08-14,put,mini,42,0.2,21,3960.0
2026-07-24,69375,2026-08-14,put,mini,4055,0.2,21,4055.0
2026-07-24,69500,2026-08-14,put,mini,20,0.2,21,4200.0
2026-07-24,69625,2026-08-14,put,mini,4235,0.2,21,4235.0
2026-07-24,69750,2026-08-14,put,mini,5,0.2,21,4325.0
2026-07-24,70000,2026-08-14,put,mini,48,0.2,21,4530.0
2026-07-24,70125,2026-08-14,put,mini,4610,0.2,21,4610.0
2026-07-24,70250,2026-08-14,put,mini,72,0.2,21,4705.0
2026-07-24,70500,2026-08-14,put,mini,254,0.2,21,4940.0
2026-07-24,70750,2026-08-14,put,mini,70,0.2,21,5095.0
2026-07-24,70875,2026-08-14,put,mini,5195,0.2,21,5195.0
2026-07-24,71000,2026-08-14,put,mini,642,0.2,21,5300.0
2026-07-24,71250,2026-08-14,put,mini,506,0.2,21,5505.0
2026-07-24,71375,2026-08-14,put,mini,489,0.2,21,5600.0
2026-07-24,71500,2026-08-14,put,mini,1,0.2,21,5705.0
2026-07-24,71750,2026-08-14,put,mini,2,0.2,21,5915.0
2026-07-24,72000,2026-08-14,put,mini,12,0.2,21,6155.0
2026-07-24,72125,2026-08-14,put,mini,6235,0.2,21,6235.0
2026-07-24,72250,2026-08-14,put,mini,14,0.2,21,6345.0
2026-07-24,72500,2026-08-14,put,mini,10,0.2,21,6565.0
2026-07-24,72750,2026-08-14,put,mini,2,0.2,21,6775.0
2026-07-24,73000,2026-08-14,put,mini,24,0.2,21,7000.0
2026-07-24,73250,2026-08-14,put,mini,24,0.2,21,7220.0
2026-07-24,73375,2026-08-14,put,mini,5,0.2,21,7335.0
2026-07-24,73500,2026-08-14,put,mini,266,0.2,21,7455.0
2026-07-24,73750,2026-08-14,put,mini,460,0.2,21,7680.0
2026-07-24,74000,2026-08-14,put,mini,39,0.2,21,7920.0
2026-07-24,74250,2026-08-14,put,mini,45,0.2,21,8140.0
2026-07-24,74500,2026-08-14,put,mini,25,0.2,21,8385.0
2026-07-24,74750,2026-08-14,put,mini,132,0.2,21,8610.0
2026-07-24,75000,2026-08-14,put,mini,11,0.2,21,8855.0
2026-07-24,75250,2026-08-14,put,mini,5,0.2,21,9095.0
2026-07-24,61125,2026-09-11,put,mini,2,0.3049,49,1405.0
2026-07-24,61250,2026-09-11,put,mini,104,0.3053,49,1450.0
2026-07-24,61375,2026-09-11,put,mini,2,0.3007,49,1455.0
2026-07-24,61500,2026-09-11,put,mini,29,0.2967,49,1465.0
2026-07-24,61625,2026-09-11,put,mini,1,0.2975,49,1515.0
2026-07-24,61750,2026-09-11,put,mini,6,0.2963,49,1550.0
2026-07-24,62000,2026-09-11,put,mini,254,0.2938,49,1620.0
2026-07-24,62250,2026-09-11,put,mini,400,0.2904,49,1685.0
2026-07-24,62500,2026-09-11,put,mini,88,0.2866,49,1750.0
2026-07-24,62750,2026-09-11,put,mini,79,0.2826,49,1815.0
2026-07-24,63000,2026-09-11,put,mini,132,0.2765,49,1865.0
2026-07-24,63125,2026-09-11,put,mini,1940,0.2789,49,1940.0
2026-07-24,63250,2026-09-11,put,mini,201,0.2757,49,1965.0
2026-07-24,63500,2026-09-11,put,mini,136,0.2728,49,2050.0
2026-07-24,63625,2026-09-11,put,mini,2080,0.2699,49,2080.0
2026-07-24,63750,2026-09-11,put,mini,46,0.269,49,2130.0
2026-07-24,64000,2026-09-11,put,mini,141,0.2622,49,2185.0
2026-07-24,64125,2026-09-11,put,mini,20,0.2626,49,2250.0
2026-07-24,64250,2026-09-11,put,mini,341,0.2619,49,2305.0
2026-07-24,64375,2026-09-11,put,mini,2345,0.2595,49,2345.0
2026-07-24,64500,2026-09-11,put,mini,174,0.2554,49,2370.0
2026-07-24,64750,2026-09-11,put,mini,3,0.2543,49,2490.0
2026-07-24,65000,2026-09-11,put,mini,114,0.2501,49,2585.0
2026-07-24,65125,2026-09-11,put,mini,1,0.2481,49,2635.0
2026-07-24,65250,2026-09-11,put,mini,17,0.246,49,2685.0
2026-07-24,65375,2026-09-11,put,mini,6,0.2432,49,2730.0
2026-07-24,65500,2026-09-11,put,mini,16,0.2414,49,2785.0
2026-07-24,65625,2026-09-11,put,mini,2840,0.2395,49,2840.0
2026-07-24,65750,2026-09-11,put,mini,45,0.2369,49,2890.0
2026-07-24,65875,2026-09-11,put,mini,1,0.2347,49,2945.0
2026-07-24,66000,2026-09-11,put,mini,108,0.2323,49,3000.0
2026-07-24,66250,2026-09-11,put,mini,188,0.2272,49,3110.0
2026-07-24,66500,2026-09-11,put,mini,255,0.221,49,3215.0
2026-07-24,66750,2026-09-11,put,mini,2,0.218,49,3355.0
2026-07-24,66875,2026-09-11,put,mini,3420,0.2157,49,3420.0
2026-07-24,67000,2026-09-11,put,mini,46,0.2127,49,3480.0
2026-07-24,67125,2026-09-11,put,mini,3525,0.2077,49,3525.0
2026-07-24,67250,2026-09-11,put,mini,53,0.2072,49,3610.0
2026-07-24,67500,2026-09-11,put,mini,162,0.2009,49,3740.0
2026-07-24,67750,2026-09-11,put,mini,855,0.1955,49,3885.0
2026-07-24,68000,2026-09-11,put,mini,1023,0.1851,49,4000.0
2026-07-24,68250,2026-09-11,put,mini,108,0.1794,49,4160.0
2026-07-24,68500,2026-09-11,put,mini,1004,0.1677,49,4290.0
2026-07-24,68750,2026-09-11,put,mini,2016,0.1622,49,4470.0
2026-07-24,68875,2026-09-11,put,mini,4520,0.151,49,4520.0
2026-07-24,69000,2026-09-11,put,mini,1752,0.1498,49,4625.0
2026-07-24,69250,2026-09-11,put,mini,48,0.132,49,4780.0
2026-07-24,69500,2026-09-11,put,mini,6,0.2,49,4915.0
2026-07-24,69750,2026-09-11,put,mini,5075,0.2,49,5075.0
2026-07-24,70000,2026-09-11,put,mini,5,0.2,49,5270.0
2026-07-24,71000,2026-09-11,put,mini,5955,0.2,49,5955.0
2026-07-24,71250,2026-09-11,put,mini,4,0.2,49,6140.0
2026-07-24,71500,2026-09-11,put,mini,4,0.2,49,6325.0
2026-07-24,71750,2026-09-11,put,mini,6,0.2,49,6515.0
2026-07-24,72000,2026-09-11,put,mini,9,0.2,49,6715.0
2026-07-24,72250,2026-09-11,put,mini,63,0.2,49,6900.0
2026-07-24,72375,2026-09-11,put,mini,7020,0.2,49,7020.0
2026-07-24,72500,2026-09-11,put,mini,53,0.2,49,7090.0
2026-07-24,72750,2026-09-11,put,mini,24,0.2,49,7295.0
2026-07-24,73000,2026-09-11,put,mini,79,0.2,49,7490.0
2026-07-24,73250,2026-09-11,put,mini,336,0.2,49,7700.0
2026-07-24,73500,2026-09-11,put,mini,162,0.2,49,7905.0
2026-07-24,73750,2026-09-11,put,mini,3,0.2,49,8115.0
2026-07-24,74000,2026-09-11,put,mini,99,0.2,49,8315.0
2026-07-24,74250,2026-09-11,put,mini,1,0.2,49,8535.0
2026-07-24,75000,2026-09-11,put,mini,67,0.2,49,9180.0
2026-07-24,75250,2026-09-11,put,mini,10,0.2,49,9400.0
2026-07-24,61125,2026-10-09,put,mini,5,0.3014,77,2010.0
2026-07-24,61500,2026-10-09,put,mini,1,0.298,77,2115.0
2026-07-24,62000,2026-10-09,put,mini,6,0.2931,77,2260.0
2026-07-24,63000,2026-10-09,put,mini,4,0.2831,77,2575.0
2026-07-24,64000,2026-10-09,call,mini,3,0.2229,77,2925.0
2026-07-24,64750,2026-10-09,call,mini,1,0.2799,77,3230.0
2026-07-24,65000,2026-10-09,call,mini,12,0.2977,77,3325.0
2026-07-24,66000,2026-10-09,call,mini,4,0.3736,77,3790.0
2026-07-24,71750,2026-10-09,call,mini,10,0.8386,77,7205.0
2026-07-24,66500,2026-07-29,call,mini,995,0.5877,5,995.0
2026-07-24,67750,2026-07-29,call,mini,2,0.5279,5,510.0
2026-07-24,64125,2026-07-31,call,mini,2745,0.7082,7,2745.0
2026-07-24,64500,2026-07-31,call,mini,2405,0.665,7,2405.0
2026-07-24,65000,2026-07-31,call,mini,4,0.6355,7,2065.0
2026-07-24,65500,2026-07-31,call,mini,3,0.6165,7,1780.0
2026-07-24,65625,2026-07-31,call,mini,1700,0.6084,7,1700.0
2026-07-24,65750,2026-07-31,call,mini,4,0.5872,7,1575.0
2026-07-24,65875,2026-07-31,call,mini,1505,0.5811,7,1505.0
2026-07-24,66000,2026-07-31,call,mini,52,0.5762,7,1440.0
2026-07-24,66125,2026-07-31,call,mini,20,0.5664,7,1360.0
2026-07-24,66250,2026-07-31,call,mini,1,0.5723,7,1335.0
2026-07-24,66500,2026-07-31,call,mini,36,0.5671,7,1230.0
2026-07-24,66625,2026-07-31,call,mini,20,0.5662,7,1185.0
2026-07-24,66750,2026-07-31,call,mini,3,0.5573,7,1115.0
2026-07-24,66875,2026-07-31,call,mini,1,0.5403,7,1020.0
2026-07-24,67000,2026-07-31,call,mini,85,0.5427,7,990.0
2026-07-24,67250,2026-07-31,call,mini,2,0.5275,7,870.0
2026-07-24,67375,2026-07-31,call,mini,1,0.5239,7,825.0
2026-07-24,67500,2026-07-31,call,mini,12,0.5199,7,780.0
2026-07-24,67750,2026-07-31,call,mini,4,0.5172,7,710.0
2026-07-24,68000,2026-07-31,call,mini,107,0.4894,7,575.0
2026-07-24,68125,2026-07-31,call,mini,1,0.4973,7,570.0
2026-07-24,68250,2026-07-31,call,mini,1,0.4803,7,500.0
2026-07-24,68500,2026-07-31,call,mini,172,0.4809,7,455.0
2026-07-24,68750,2026-07-31,call,mini,1,0.48,7,410.0
2026-07-24,69000,2026-07-31,call,mini,207,0.473,7,355.0
2026-07-24,69250,2026-07-31,call,mini,1,0.4659,7,305.0
2026-07-24,69375,2026-07-31,call,mini,2,0.4629,7,283.0
2026-07-24,69500,2026-07-31,call,mini,66,0.4604,7,263.0
2026-07-24,69750,2026-07-31,call,mini,7,0.4554,7,226.0
2026-07-24,69875,2026-07-31,call,mini,1,0.4523,7,208.0
2026-07-24,70000,2026-07-31,call,mini,152,0.4441,7,183.0
2026-07-24,70125,2026-07-31,call,mini,1,0.4473,7,177.0
2026-07-24,70500,2026-07-31,call,mini,13,0.4383,7,135.0
2026-07-24,70750,2026-07-31,call,mini,112,0.4328,7,112.0
2026-07-24,71000,2026-07-31,call,mini,93,0.4119,7,77.0
2026-07-24,71250,2026-07-31,call,mini,2,0.424,7,77.0
2026-07-24,71500,2026-07-31,call,mini,99,0.4207,7,64.0
2026-07-24,72000,2026-07-31,call,mini,97,0.3923,7,31.0
2026-07-24,72250,2026-07-31,call,mini,36,0.4123,7,36.0
2026-07-24,72500,2026-07-31,call,mini,3,0.4088,7,29.0
2026-07-24,73000,2026-07-31,call,mini,189,0.4037,7,19.0
2026-07-24,73250,2026-07-31,call,mini,10,0.4003,7,15.0
2026-07-24,73500,2026-07-31,call,mini,7,0.3981,7,12.0
2026-07-24,74000,2026-07-31,call,mini,46,0.3837,7,6.0
2026-07-24,75000,2026-07-31,call,mini,96,0.3738,7,2.0
2026-07-24,75375,2026-07-31,call,mini,20,0.385,7,2.0
2026-07-24,66500,2026-08-05,call,mini,2,0.5071,12,1560.0
2026-07-24,67750,2026-08-05,call,mini,2,0.4732,12,1020.0
2026-07-24,66000,2026-08-07,call,mini,1965,0.5135,14,1965.0
2026-07-24,66500,2026-08-07,call,mini,2,0.494,14,1680.0
2026-07-24,67750,2026-08-07,call,mini,4,0.4728,14,1175.0
2026-07-24,68500,2026-08-07,call,mini,20,0.4476,14,870.0
2026-07-24,68750,2026-08-07,call,mini,8,0.442,14,790.0
2026-07-24,69000,2026-08-07,call,mini,1,0.4378,14,720.0
2026-07-24,70500,2026-08-07,call,mini,2,0.4131,14,385.0
2026-07-24,72500,2026-08-07,call,mini,4,0.3892,14,146.0
2026-07-24,56750,2026-08-14,call,mini,25,0.8528,21,9800.0
2026-07-24,57000,2026-08-14,call,mini,9540,0.8349,21,9540.0
2026-07-24,57250,2026-08-14,call,mini,9,0.8201,21,9295.0
2026-07-24,57875,2026-08-14,call,mini,1,0.7917,21,8725.0
2026-07-24,58000,2026-08-14,call,mini,7,0.7847,21,8605.0
2026-07-24,58875,2026-08-14,call,mini,1,0.7431,21,7805.0
2026-07-24,59000,2026-08-14,call,mini,9,0.735,21,7680.0
2026-07-24,60000,2026-08-14,call,mini,22,0.69,21,6790.0
2026-07-24,60250,2026-08-14,call,mini,1,0.6797,21,6575.0
2026-07-24,60500,2026-08-14,call,mini,6365,0.6701,21,6365.0
2026-07-24,61000,2026-08-14,call,mini,30,0.6468,21,5925.0
2026-07-24,61250,2026-08-14,call,mini,5725,0.6383,21,5725.0
2026-07-24,61500,2026-08-14,call,mini,51,0.6278,21,5515.0
2026-07-24,61750,2026-08-14,call,mini,40,0.6162,21,5300.0
2026-07-24,62000,2026-08-14,call,mini,871,0.6061,21,5095.0
2026-07-24,62250,2026-08-14,call,mini,977,0.5991,21,4910.0
2026-07-24,62375,2026-08-14,call,mini,492,0.5951,21,4815.0
2026-07-24,62500,2026-08-14,call,mini,46,0.5867,21,4695.0
2026-07-24,62750,2026-08-14,call,mini,31,0.5774,21,4500.0
2026-07-24,63000,2026-08-14,call,mini,68,0.5686,21,4310.0
2026-07-24,63250,2026-08-14,call,mini,126,0.5619,21,4135.0
2026-07-24,63375,2026-08-14,call,mini,4025,0.5547,21,4025.0
2026-07-24,63500,2026-08-14,call,mini,11,0.5516,21,3940.0
2026-07-24,63625,2026-08-14,call,mini,3825,0.5434,21,3825.0
2026-07-24,63750,2026-08-14,call,mini,20,0.5466,21,3780.0
2026-07-24,64000,2026-08-14,call,mini,63,0.5346,21,3580.0
2026-07-24,64125,2026-08-14,call,mini,3515,0.5342,21,3515.0
2026-07-24,64250,2026-08-14,call,mini,12,0.5304,21,3430.0
2026-07-24,64500,2026-08-14,call,mini,48,0.5176,21,3230.0
2026-07-24,64625,2026-08-14,call,mini,1,0.5207,21,3190.0
2026-07-24,64750,2026-08-14,call,mini,7,0.5067,21,3045.0
2026-07-24,64875,2026-08-14,call,mini,1,0.4991,21,2940.0
2026-07-24,65000,2026-08-14,call,mini,135,0.5043,21,2915.0
2026-07-24,65125,2026-08-14,call,mini,29,0.5037,21,2855.0
2026-07-24,65250,2026-08-14,call,mini,20,0.4966,21,2755.0
2026-07-24,65375,2026-08-14,call,mini,2710,0.4981,21,2710.0
2026-07-24,65500,2026-08-14,call,mini,36,0.485,21,2575.0
2026-07-24,65625,2026-08-14,call,mini,10,0.4904,21,2555.0
2026-07-24,65750,2026-08-14,call,mini,41,0.4973,21,2545.0
2026-07-24,65875,2026-08-14,call,mini,1,0.4755,21,2360.0
2026-07-24,66000,2026-08-14,call,mini,141,0.4765,21,2315.0
2026-07-24,66125,2026-08-14,call,mini,1,0.4863,21,2325.0
2026-07-24,66250,2026-08-14,call,mini,18,0.4845,21,2265.0
2026-07-24,66375,2026-08-14,call,mini,2,0.4834,21,2210.0
2026-07-24,66500,2026-08-14,call,mini,76,0.4739,21,2105.0
2026-07-24,66625,2026-08-14,call,mini,1,0.4775,21,2080.0
2026-07-24,66750,2026-08-14,call,mini,21,0.461,21,1935.0
2026-07-24,66875,2026-08-14,call,mini,10,0.4718,21,1955.0
2026-07-24,67000,2026-08-14,call,mini,181,0.4591,21,1835.0
2026-07-24,67125,2026-08-14,call,mini,1,0.4664,21,1835.0
2026-07-24,67250,2026-08-14,call,mini,116,0.4634,21,1775.0
2026-07-24,67375,2026-08-14,call,mini,1725,0.462,21,1725.0
2026-07-24,67500,2026-08-14,call,mini,415,0.4484,21,1605.0
2026-07-24,67625,2026-08-14,call,mini,4,0.4414,21,1525.0
2026-07-24,67750,2026-08-14,call,mini,567,0.442,21,1490.0
2026-07-24,67875,2026-08-14,call,mini,2,0.439,21,1435.0
2026-07-24,68000,2026-08-14,call,mini,738,0.4483,21,1450.0
2026-07-24,68125,2026-08-14,call,mini,1345,0.436,21,1345.0
2026-07-24,68250,2026-08-14,call,mini,121,0.4343,21,1300.0
2026-07-24,68375,2026-08-14,call,mini,1255,0.4324,21,1255.0
2026-07-24,68500,2026-08-14,call,mini,867,0.4312,21,1215.0
2026-07-24,68625,2026-08-14,call,mini,1,0.4299,21,1175.0
2026-07-24,68750,2026-08-14,call,mini,1456,0.436,21,1175.0
2026-07-24,68875,2026-08-14,call,mini,10,0.4268,21,1095.0
2026-07-24,69000,2026-08-14,call,mini,1497,0.4288,21,1075.0
2026-07-24,69125,2026-08-14,call,mini,1,0.422,21,1010.0
2026-07-24,69250,2026-08-14,call,mini,85,0.4178,21,960.0
2026-07-24,69375,2026-08-14,call,mini,15,0.4174,21,930.0
2026-07-24,69500,2026-08-14,call,mini,231,0.427,21,950.0
2026-07-24,69625,2026-08-14,call,mini,1,0.4141,21,860.0
2026-07-24,69750,2026-08-14,call,mini,64,0.4122,21,825.0
2026-07-24,69875,2026-08-14,call,mini,6,0.4111,21,795.0
2026-07-24,70000,2026-08-14,call,mini,586,0.4132,21,780.0
2026-07-24,70125,2026-08-14,call,mini,5,0.4085,21,735.0
2026-07-24,70250,2026-08-14,call,mini,17,0.4069,21,705.0
2026-07-24,70375,2026-08-14,call,mini,665,0.4029,21,665.0
2026-07-24,70500,2026-08-14,call,mini,186,0.4136,21,690.0
2026-07-24,70750,2026-08-14,call,mini,40,0.4011,21,595.0
2026-07-24,70875,2026-08-14,call,mini,570,0.3997,21,570.0
2026-07-24,71000,2026-08-14,call,mini,939,0.3995,21,550.0
2026-07-24,71125,2026-08-14,call,mini,15,0.3952,21,515.0
2026-07-24,71250,2026-08-14,call,mini,525,0.3972,21,505.0
2026-07-24,71375,2026-08-14,call,mini,498,0.3938,21,475.0
2026-07-24,71500,2026-08-14,call,mini,176,0.3928,21,455.0
2026-07-24,71625,2026-08-14,call,mini,4,0.3916,21,435.0
2026-07-24,71750,2026-08-14,call,mini,68,0.3903,21,415.0
2026-07-24,71875,2026-08-14,call,mini,1,0.3888,21,395.0
2026-07-24,72000,2026-08-14,call,mini,623,0.396,21,405.0
2026-07-24,72125,2026-08-14,call,mini,2,0.3866,21,360.0
2026-07-24,72250,2026-08-14,call,mini,43,0.3861,21,345.0
2026-07-24,72375,2026-08-14,call,mini,3,0.3837,21,325.0
2026-07-24,72500,2026-08-14,call,mini,199,0.3844,21,315.0
2026-07-24,72625,2026-08-14,call,mini,1,0.3799,21,290.0
2026-07-24,72750,2026-08-14,call,mini,32,0.3788,21,276.0
2026-07-24,72875,2026-08-14,call,mini,10,0.378,21,263.0
2026-07-24,73000,2026-08-14,call,mini,342,0.3785,21,254.0
2026-07-24,73125,2026-08-14,call,mini,1,0.3754,21,236.0
2026-07-24,73250,2026-08-14,call,mini,15,0.3739,21,223.0
2026-07-24,73375,2026-08-14,call,mini,1,0.3726,21,211.0
2026-07-24,73500,2026-08-14,call,mini,249,0.3746,21,207.0
2026-07-24,73625,2026-08-14,call,mini,3,0.3708,21,190.0
2026-07-24,73750,2026-08-14,call,mini,243,0.3703,21,181.0
2026-07-24,73875,2026-08-14,call,mini,1,0.3691,21,171.0
2026-07-24,74000,2026-08-14,call,mini,542,0.3741,21,174.0
2026-07-24,74125,2026-08-14,call,mini,152,0.3666,21,152.0
2026-07-24,74250,2026-08-14,call,mini,87,0.3653,21,143.0
2026-07-24,74375,2026-08-14,call,mini,135,0.3643,21,135.0
2026-07-24,74500,2026-08-14,call,mini,229,0.3677,21,135.0
2026-07-24,74625,2026-08-14,call,mini,1,0.3617,21,119.0
2026-07-24,74750,2026-08-14,call,mini,120,0.3607,21,112.0
2026-07-24,74875,2026-08-14,call,mini,4,0.3601,21,106.0
2026-07-24,75000,2026-08-14,call,mini,528,0.3652,21,109.0
2026-07-24,75125,2026-08-14,call,mini,12,0.3645,21,103.0
2026-07-24,75250,2026-08-14,call,mini,129,0.3656,21,100.0
2026-07-24,75375,2026-08-14,call,mini,120,0.3638,21,93.0
2026-07-24,61250,2026-09-11,call,mini,32,0.5115,49,6545.0
2026-07-24,61500,2026-09-11,call,mini,6310,0.5011,49,6310.0
2026-07-24,62000,2026-09-11,call,mini,3,0.4939,49,5965.0
2026-07-24,62250,2026-09-11,call,mini,3,0.4886,49,5780.0
2026-07-24,62500,2026-09-11,call,mini,3,0.4832,49,5595.0
2026-07-24,62750,2026-09-11,call,mini,6,0.4775,49,5410.0
2026-07-24,62875,2026-09-11,call,mini,5335,0.4765,49,5335.0
2026-07-24,63000,2026-09-11,call,mini,54,0.4701,49,5210.0
2026-07-24,63250,2026-09-11,call,mini,63,0.4684,49,5065.0
2026-07-24,63500,2026-09-11,call,mini,65,0.4643,49,4900.0
2026-07-24,63750,2026-09-11,call,mini,24,0.4595,49,4730.0
2026-07-24,64000,2026-09-11,call,mini,119,0.4518,49,4535.0
2026-07-24,64250,2026-09-11,call,mini,331,0.4509,49,4405.0
2026-07-24,64500,2026-09-11,call,mini,156,0.4438,49,4220.0
2026-07-24,64750,2026-09-11,call,mini,9,0.4424,49,4090.0
2026-07-24,65000,2026-09-11,call,mini,56,0.438,49,3935.0
2026-07-24,65125,2026-09-11,call,mini,2,0.436,49,3860.0
2026-07-24,65250,2026-09-11,call,mini,2,0.434,49,3785.0
2026-07-24,65500,2026-09-11,call,mini,21,0.4297,49,3635.0
2026-07-24,65750,2026-09-11,call,mini,3490,0.4257,49,3490.0
2026-07-24,66000,2026-09-11,call,mini,60,0.4219,49,3350.0
2026-07-24,66125,2026-09-11,call,mini,2,0.4199,49,3280.0
2026-07-24,66250,2026-09-11,call,mini,9,0.4179,49,3210.0
2026-07-24,66500,2026-09-11,call,mini,9,0.413,49,3065.0
2026-07-24,66625,2026-09-11,call,mini,3005,0.4119,49,3005.0
2026-07-24,66750,2026-09-11,call,mini,2955,0.4117,49,2955.0
2026-07-24,66875,2026-09-11,call,mini,2895,0.4104,49,2895.0
2026-07-24,67000,2026-09-11,call,mini,27,0.4084,49,2830.0
2026-07-24,67125,2026-09-11,call,mini,1,0.4048,49,2750.0
2026-07-24,67250,2026-09-11,call,mini,49,0.4054,49,2710.0
2026-07-24,67375,2026-09-11,call,mini,2650,0.4038,49,2650.0
2026-07-24,67500,2026-09-11,call,mini,166,0.4022,49,2590.0
2026-07-24,67625,2026-09-11,call,mini,2535,0.401,49,2535.0
2026-07-24,67750,2026-09-11,call,mini,864,0.4002,49,2485.0
2026-07-24,68000,2026-09-11,call,mini,1026,0.3947,49,2350.0
2026-07-24,68125,2026-09-11,call,mini,3,0.3938,49,2300.0
2026-07-24,68250,2026-09-11,call,mini,110,0.3939,49,2260.0
2026-07-24,68500,2026-09-11,call,mini,1090,0.3894,49,2140.0
2026-07-24,68625,2026-09-11,call,mini,2100,0.3892,49,2100.0
2026-07-24,68750,2026-09-11,call,mini,2081,0.3902,49,2070.0
2026-07-24,68875,2026-09-11,call,mini,2,0.386,49,1995.0
2026-07-24,69000,2026-09-11,call,mini,1928,0.3879,49,1975.0
2026-07-24,69125,2026-09-11,call,mini,3,0.3852,49,1915.0
2026-07-24,69250,2026-09-11,call,mini,85,0.3854,49,1880.0
2026-07-24,69375,2026-09-11,call,mini,1825,0.3831,49,1825.0
2026-07-24,69500,2026-09-11,call,mini,11,0.3807,49,1770.0
2026-07-24,69625,2026-09-11,call,mini,1740,0.3812,49,1740.0
2026-07-24,69750,2026-09-11,call,mini,20,0.3781,49,1680.0
2026-07-24,69875,2026-09-11,call,mini,1655,0.379,49,1655.0
2026-07-24,70000,2026-09-11,call,mini,48,0.3793,49,1625.0
2026-07-24,70125,2026-09-11,call,mini,2,0.3771,49,1575.0
2026-07-24,70250,2026-09-11,call,mini,3,0.3791,49,1560.0
2026-07-24,70500,2026-09-11,call,mini,15,0.3731,49,1450.0
2026-07-24,70625,2026-09-11,call,mini,1420,0.373,49,1420.0
2026-07-24,70750,2026-09-11,call,mini,20,0.371,49,1375.0
2026-07-24,71000,2026-09-11,call,mini,32,0.3699,49,1310.0
2026-07-24,71125,2026-09-11,call,mini,1280,0.3696,49,1280.0
2026-07-24,71250,2026-09-11,call,mini,7,0.3685,49,1245.0
2026-07-24,71375,2026-09-11,call,mini,1210,0.3673,49,1210.0
2026-07-24,71500,2026-09-11,call,mini,8,0.3668,49,1180.0
2026-07-24,71625,2026-09-11,call,mini,1155,0.3668,49,1155.0
2026-07-24,71750,2026-09-11,call,mini,12,0.3655,49,1120.0
2026-07-24,71875,2026-09-11,call,mini,1085,0.364,49,1085.0
2026-07-24,72000,2026-09-11,call,mini,53,0.3652,49,1070.0
2026-07-24,72250,2026-09-11,call,mini,72,0.3626,49,1005.0
2026-07-24,72500,2026-09-11,call,mini,75,0.3603,49,945.0
2026-07-24,72750,2026-09-11,call,mini,30,0.3606,49,905.0
2026-07-24,72875,2026-09-11,call,mini,875,0.3592,49,875.0
2026-07-24,73000,2026-09-11,call,mini,119,0.3584,49,850.0
2026-07-24,73125,2026-09-11,call,mini,1,0.3576,49,825.0
2026-07-24,73250,2026-09-11,call,mini,349,0.3583,49,810.0
2026-07-24,73375,2026-09-11,call,mini,4,0.3565,49,780.0
2026-07-24,73500,2026-09-11,call,mini,366,0.357,49,765.0
2026-07-24,73750,2026-09-11,call,mini,384,0.3563,49,725.0
2026-07-24,73875,2026-09-11,call,mini,3,0.3542,49,695.0
2026-07-24,74000,2026-09-11,call,mini,148,0.3536,49,675.0
2026-07-24,74250,2026-09-11,call,mini,84,0.354,49,645.0
2026-07-24,74375,2026-09-11,call,mini,620,0.3523,49,620.0
2026-07-24,74500,2026-09-11,call,mini,108,0.3524,49,605.0
2026-07-24,74625,2026-09-11,call,mini,585,0.3514,49,585.0
2026-07-24,74750,2026-09-11,call,mini,151,0.3532,49,580.0
2026-07-24,74875,2026-09-11,call,mini,1,0.3522,49,560.0
2026-07-24,75000,2026-09-11,call,mini,185,0.351,49,540.0
2026-07-24,75250,2026-09-11,call,mini,13,0.3504,49,510.0
2026-07-24,75375,2026-09-11,call,mini,5,0.3479,49,485.0
2026-07-24,61250,2026-10-09,call,mini,10,0.4386,77,6885.0
2026-07-24,63875,2026-10-09,call,mini,8,0.405,77,5120.0
2026-07-24,65000,2026-10-09,call,mini,1,0.3911,77,4430.0
2026-07-24,67000,2026-10-09,call,mini,1,0.3671,77,3315.0
2026-07-24,68000,2026-10-09,call,mini,4,0.3588,77,2855.0
2026-07-24,69000,2026-10-09,call,mini,1,0.3531,77,2460.0
2026-07-24,70000,2026-10-09,call,mini,5,0.3463,77,2090.0
2026-07-24,70125,2026-10-09,call,mini,1,0.3477,77,2070.0
2026-07-24,70500,2026-10-09,call,mini,1,0.344,77,1930.0
2026-07-24,70750,2026-10-09,call,mini,2,0.344,77,1865.0
2026-07-24,71750,2026-10-09,call,mini,2,0.3391,77,1575.0
