date,strike,expiry,type,product,oi,iv,days_to_expiry,settlement
2026-09-02,20000,2026-09-10,put,regular,1552,2.3115,8,1.0
2026-09-02,21000,2026-09-10,put,regular,343,2.2176,8,1.0
2026-09-02,22000,2026-09-10,put,regular,485,2.1281,8,1.0
2026-09-02,23000,2026-09-10,put,regular,296,2.0426,8,1.0
2026-09-02,24000,2026-09-10,put,regular,151,1.9609,8,1.0
2026-09-02,25000,2026-09-10,put,regular,3940,1.8824,8,1.0
2026-09-02,26000,2026-09-10,put,regular,228,1.8071,8,1.0
2026-09-02,27000,2026-09-10,put,regular,203,1.7346,8,1.0
2026-09-02,27250,2026-09-10,put,regular,11,1.7169,8,1.0
2026-09-02,27500,2026-09-10,put,regular,21,1.6994,8,1.0
2026-09-02,27750,2026-09-10,put,regular,8,1.682,8,1.0
2026-09-02,28000,2026-09-10,put,regular,87,1.6648,8,1.0
2026-09-02,28250,2026-09-10,put,regular,2,1.6477,8,1.0
2026-09-02,28500,2026-09-10,put,regular,10,1.6308,8,1.0
2026-09-02,28750,2026-09-10,put,regular,68,1.614,8,1.0
2026-09-02,29000,2026-09-10,put,regular,90,1.5973,8,1.0
2026-09-02,29250,2026-09-10,put,regular,3,1.5808,8,1.0
2026-09-02,29500,2026-09-10,put,regular,30,1.5645,8,1.0
2026-09-02,29750,2026-09-10,put,regular,11,1.5483,8,1.0
2026-09-02,30000,2026-09-10,put,regular,6460,1.5322,8,1.0
2026-09-02,30250,2026-09-10,put,regular,1,1.5162,8,1.0
2026-09-02,30500,2026-09-10,put,regular,86,1.5004,8,1.0
2026-09-02,30750,2026-09-10,put,regular,8,1.4847,8,1.0
2026-09-02,31000,2026-09-10,put,regular,211,1.4691,8,1.0
2026-09-02,31250,2026-09-10,put,regular,1,1.4537,8,1.0
2026-09-02,31500,2026-09-10,put,regular,12,1.4384,8,1.0
2026-09-02,31750,2026-09-10,put,regular,14,1.4231,8,1.0
2026-09-02,32000,2026-09-10,put,regular,184,1.4081,8,1.0
2026-09-02,32250,2026-09-10,put,regular,4,1.3931,8,1.0
2026-09-02,32500,2026-09-10,put,regular,33,1.3782,8,1.0
2026-09-02,32750,2026-09-10,put,regular,9,1.3635,8,1.0
2026-09-02,33000,2026-09-10,put,regular,521,1.3488,8,1.0
2026-09-02,33250,2026-09-10,put,regular,1,1.3343,8,1.0
2026-09-02,33500,2026-09-10,put,regular,13,1.3198,8,1.0
2026-09-02,33750,2026-09-10,put,regular,4,1.3055,8,1.0
2026-09-02,34000,2026-09-10,put,regular,176,1.2913,8,1.0
2026-09-02,34250,2026-09-10,put,regular,2,1.2772,8,1.0
2026-09-02,34500,2026-09-10,put,regular,35,1.2632,8,1.0
2026-09-02,34750,2026-09-10,put,regular,69,1.2492,8,1.0
2026-09-02,35000,2026-09-10,put,regular,3908,1.2354,8,1.0
2026-09-02,35250,2026-09-10,put,regular,3,1.2217,8,1.0
2026-09-02,35500,2026-09-10,put,regular,12,1.208,8,1.0
2026-09-02,35750,2026-09-10,put,regular,52,1.1945,8,1.0
2026-09-02,36000,2026-09-10,put,regular,283,1.181,8,1.0
2026-09-02,36250,2026-09-10,put,regular,5,1.1677,8,1.0
2026-09-02,36500,2026-09-10,put,regular,42,1.1544,8,1.0
2026-09-02,36750,2026-09-10,put,regular,67,1.1412,8,1.0
2026-09-02,37000,2026-09-10,put,regular,605,1.1281,8,1.0
2026-09-02,37250,2026-09-10,put,regular,1,1.115,8,1.0
2026-09-02,37500,2026-09-10,put,regular,21,1.1021,8,1.0
2026-09-02,37750,2026-09-10,put,regular,6,1.0892,8,1.0
2026-09-02,38000,2026-09-10,put,regular,966,1.0765,8,1.0
2026-09-02,38250,2026-09-10,put,regular,21,1.0638,8,1.0
2026-09-02,38500,2026-09-10,put,regular,240,1.0512,8,1.0
2026-09-02,38750,2026-09-10,put,regular,14,1.0386,8,1.0
2026-09-02,39000,2026-09-10,put,regular,151,1.0261,8,1.0
2026-09-02,39250,2026-09-10,put,regular,165,1.0137,8,1.0
2026-09-02,39500,2026-09-10,put,regular,306,1.0014,8,1.0
2026-09-02,39750,2026-09-10,put,regular,10,0.9892,8,1.0
2026-09-02,40000,2026-09-10,put,regular,4916,0.977,8,1.0
2026-09-02,40250,2026-09-10,put,regular,19,0.9649,8,1.0
2026-09-02,40500,2026-09-10,put,regular,181,0.9529,8,1.0
2026-09-02,40750,2026-09-10,put,regular,49,0.9409,8,1.0
2026-09-02,41000,2026-09-10,put,regular,974,0.929,8,1.0
2026-09-02,41250,2026-09-10,put,regular,31,0.9684,8,2.0
2026-09-02,41500,2026-09-10,put,regular,65,0.9561,8,2.0
2026-09-02,41750,2026-09-10,put,regular,26,0.9438,8,2.0
2026-09-02,42000,2026-09-10,put,regular,2155,0.9316,8,2.0
2026-09-02,42250,2026-09-10,put,regular,21,0.9194,8,2.0
2026-09-02,42500,2026-09-10,put,regular,59,0.9074,8,2.0
2026-09-02,42750,2026-09-10,put,regular,20,0.8953,8,2.0
2026-09-02,43000,2026-09-10,put,regular,1213,0.8834,8,2.0
2026-09-02,43250,2026-09-10,put,regular,60,0.8715,8,2.0
2026-09-02,43500,2026-09-10,put,regular,887,0.8597,8,2.0
2026-09-02,43750,2026-09-10,put,regular,16,0.8479,8,2.0
2026-09-02,44000,2026-09-10,put,regular,1439,0.8362,8,2.0
2026-09-02,44250,2026-09-10,put,regular,33,0.8245,8,2.0
2026-09-02,44500,2026-09-10,put,regular,213,0.8129,8,2.0
2026-09-02,44750,2026-09-10,put,regular,39,0.8014,8,2.0
2026-09-02,45000,2026-09-10,put,regular,2585,0.7899,8,2.0
2026-09-02,45250,2026-09-10,put,regular,105,0.7785,8,2.0
2026-09-02,45500,2026-09-10,put,regular,160,0.7671,8,2.0
2026-09-02,45750,2026-09-10,put,regular,60,0.7558,8,2.0
2026-09-02,46000,2026-09-10,put,regular,1865,0.7445,8,2.0
2026-09-02,46250,2026-09-10,put,regular,66,0.7333,8,2.0
2026-09-02,46500,2026-09-10,put,regular,409,0.7482,8,3.0
2026-09-02,46750,2026-09-10,put,regular,61,0.7367,8,3.0
2026-09-02,47000,2026-09-10,put,regular,1184,0.7448,8,4.0
2026-09-02,47250,2026-09-10,put,regular,224,0.7139,8,3.0
2026-09-02,47500,2026-09-10,put,regular,1029,0.7026,8,3.0
2026-09-02,47750,2026-09-10,put,regular,117,0.7101,8,4.0
2026-09-02,48000,2026-09-10,put,regular,2953,0.6986,8,4.0
2026-09-02,48250,2026-09-10,put,regular,124,0.6872,8,4.0
2026-09-02,48500,2026-09-10,put,regular,761,0.6906,8,5.0
2026-09-02,48750,2026-09-10,put,regular,151,0.679,8,5.0
2026-09-02,49000,2026-09-10,put,regular,2174,0.6675,8,5.0
2026-09-02,49250,2026-09-10,put,regular,216,0.6682,8,6.0
2026-09-02,49500,2026-09-10,put,regular,255,0.6567,8,6.0
2026-09-02,49750,2026-09-10,put,regular,152,0.6451,8,6.0
2026-09-02,50000,2026-09-10,put,regular,10534,0.622,8,5.0
2026-09-02,50250,2026-09-10,put,regular,84,0.6323,8,7.0
2026-09-02,50500,2026-09-10,put,regular,1371,0.6108,8,6.0
2026-09-02,50750,2026-09-10,put,regular,175,0.6092,8,7.0
2026-09-02,51000,2026-09-10,put,regular,1430,0.5977,8,7.0
2026-09-02,51250,2026-09-10,put,regular,218,0.5863,8,7.0
2026-09-02,51500,2026-09-10,put,regular,275,0.5749,8,7.0
2026-09-02,51750,2026-09-10,put,regular,54,0.5718,8,8.0
2026-09-02,52000,2026-09-10,put,regular,2403,0.5603,8,8.0
2026-09-02,52250,2026-09-10,put,regular,67,0.5562,8,9.0
2026-09-02,52500,2026-09-10,put,regular,622,0.5513,8,10.0
2026-09-02,52750,2026-09-10,put,regular,40,0.5397,8,10.0
2026-09-02,53000,2026-09-10,put,regular,2487,0.5281,8,10.0
2026-09-02,53250,2026-09-10,put,regular,46,0.5224,8,11.0
2026-09-02,53500,2026-09-10,put,regular,982,0.5108,8,11.0
2026-09-02,53750,2026-09-10,put,regular,85,0.5045,8,12.0
2026-09-02,54000,2026-09-10,put,regular,2903,0.4929,8,12.0
2026-09-02,54250,2026-09-10,put,regular,112,0.4906,8,14.0
2026-09-02,54500,2026-09-10,put,regular,672,0.4789,8,14.0
2026-09-02,54750,2026-09-10,put,regular,270,0.4713,8,15.0
2026-09-02,55000,2026-09-10,put,regular,6014,0.4595,8,15.0
2026-09-02,55250,2026-09-10,put,regular,20,0.4552,8,17.0
2026-09-02,55500,2026-09-10,put,regular,707,0.4433,8,17.0
2026-09-02,55750,2026-09-10,put,regular,22,0.438,8,19.0
2026-09-02,56000,2026-09-10,put,regular,2064,0.426,8,19.0
2026-09-02,56250,2026-09-10,put,regular,41,0.414,8,19.0
2026-09-02,56500,2026-09-10,put,regular,895,0.405,8,20.0
2026-09-02,56750,2026-09-10,put,regular,207,0.401,8,23.0
2026-09-02,57000,2026-09-10,put,regular,3385,0.3912,8,24.0
2026-09-02,57250,2026-09-10,put,regular,180,0.3836,8,26.0
2026-09-02,57500,2026-09-10,put,regular,654,0.3713,8,26.0
2026-09-02,57750,2026-09-10,put,regular,102,0.3671,8,30.0
2026-09-02,58000,2026-09-10,put,regular,2578,0.3564,8,31.0
2026-09-02,58250,2026-09-10,put,regular,272,0.3557,8,38.0
2026-09-02,58375,2026-09-10,put,regular,3,0.3493,8,38.0
2026-09-02,58500,2026-09-10,put,regular,1906,0.3428,8,38.0
2026-09-02,58625,2026-09-10,put,regular,3,0.3363,8,38.0
2026-09-02,58750,2026-09-10,put,regular,96,0.3357,8,42.0
2026-09-02,58875,2026-09-10,put,regular,15,0.3305,8,43.0
2026-09-02,59000,2026-09-10,put,regular,3095,0.3226,8,42.0
2026-09-02,59125,2026-09-10,put,regular,21,0.3213,8,46.0
2026-09-02,59250,2026-09-10,put,regular,117,0.3159,8,47.0
2026-09-02,59375,2026-09-10,put,regular,16,0.3117,8,49.0
2026-09-02,59500,2026-09-10,put,regular,913,0.3061,8,50.0
2026-09-02,59625,2026-09-10,put,regular,2,0.3028,8,53.0
2026-09-02,59750,2026-09-10,put,regular,93,0.2993,8,56.0
2026-09-02,59875,2026-09-10,put,regular,21,0.2955,8,59.0
2026-09-02,60000,2026-09-10,put,regular,9295,0.2895,8,60.0
2026-09-02,60125,2026-09-10,put,regular,3,0.2874,8,65.0
2026-09-02,60250,2026-09-10,put,regular,97,0.2831,8,68.0
2026-09-02,60375,2026-09-10,put,regular,19,0.2785,8,71.0
2026-09-02,60500,2026-09-10,put,regular,2122,0.2739,8,74.0
2026-09-02,60625,2026-09-10,put,regular,11,0.2707,8,79.0
2026-09-02,60750,2026-09-10,put,regular,169,0.2671,8,84.0
2026-09-02,60875,2026-09-10,put,regular,67,0.2619,8,87.0
2026-09-02,61000,2026-09-10,put,regular,2705,0.2572,8,91.0
2026-09-02,61125,2026-09-10,put,regular,36,0.2537,8,97.0
2026-09-02,61250,2026-09-10,put,regular,64,0.2498,8,103.0
2026-09-02,61375,2026-09-10,put,regular,2,0.2463,8,110.0
2026-09-02,61500,2026-09-10,put,regular,1577,0.239,8,111.0
2026-09-02,61625,2026-09-10,put,regular,16,0.2372,8,122.0
2026-09-02,61750,2026-09-10,put,regular,252,0.2333,8,130.0
2026-09-02,61875,2026-09-10,put,regular,61,0.2291,8,138.0
2026-09-02,62000,2026-09-10,put,regular,3516,0.2212,8,139.0
2026-09-02,62125,2026-09-10,put,regular,14,0.2202,8,155.0
2026-09-02,62250,2026-09-10,put,regular,153,0.2151,8,163.0
2026-09-02,62375,2026-09-10,put,regular,264,0.2105,8,173.0
2026-09-02,62500,2026-09-10,put,regular,954,0.2059,8,184.0
2026-09-02,62625,2026-09-10,put,regular,89,0.201,8,195.0
2026-09-02,62750,2026-09-10,put,regular,765,0.1964,8,208.0
2026-09-02,62875,2026-09-10,put,regular,40,0.1914,8,221.0
2026-09-02,63000,2026-09-10,put,regular,3005,0.1845,8,230.0
2026-09-02,63125,2026-09-10,put,regular,108,0.1814,8,251.0
2026-09-02,63250,2026-09-10,put,regular,64,0.1756,8,266.0
2026-09-02,63375,2026-09-10,put,regular,58,0.1697,8,282.0
2026-09-02,63500,2026-09-10,put,regular,719,0.1635,8,299.0
2026-09-02,63625,2026-09-10,put,regular,40,0.1578,8,320.0
2026-09-02,63750,2026-09-10,put,regular,58,0.1512,8,340.0
2026-09-02,63875,2026-09-10,put,regular,49,0.1453,8,365.0
2026-09-02,64000,2026-09-10,put,regular,3032,0.1344,8,375.0
2026-09-02,64125,2026-09-10,put,regular,26,0.1293,8,410.0
2026-09-02,64250,2026-09-10,put,regular,24,0.1205,8,435.0
2026-09-02,64375,2026-09-10,put,regular,49,0.1116,8,465.0
2026-09-02,64500,2026-09-10,put,regular,702,0.0969,8,480.0
2026-09-02,64625,2026-09-10,put,regular,66,0.0893,8,530.0
2026-09-02,64750,2026-09-10,put,regular,522,0.0722,8,560.0
2026-09-02,64875,2026-09-10,put,regular,13,0.0435,8,595.0
2026-09-02,65000,2026-09-10,put,regular,4363,0.2,8,625.0
2026-09-02,65125,2026-09-10,put,regular,36,0.2,8,675.0
2026-09-02,65250,2026-09-10,put,regular,100,0.2,8,710.0
2026-09-02,65375,2026-09-10,put,regular,31,0.2,8,755.0
2026-09-02,65500,2026-09-10,put,regular,533,0.2,8,765.0
2026-09-02,65625,2026-09-10,put,regular,29,0.2,8,845.0
2026-09-02,65750,2026-09-10,put,regular,697,0.2,8,900.0
2026-09-02,65875,2026-09-10,put,regular,1,0.2,8,950.0
2026-09-02,66000,2026-09-10,put,regular,2377,0.2,8,1000.0
2026-09-02,66125,2026-09-10,put,regular,6,0.2,8,1070.0
2026-09-02,66250,2026-09-10,put,regular,65,0.2,8,1130.0
2026-09-02,66375,2026-09-10,put,regular,5,0.2,8,1190.0
2026-09-02,66500,2026-09-10,put,regular,2015,0.2,8,1245.0
2026-09-02,66625,2026-09-10,put,regular,24,0.2,8,1315.0
2026-09-02,66750,2026-09-10,put,regular,151,0.2,8,1385.0
2026-09-02,67000,2026-09-10,put,regular,2366,0.2,8,1535.0
2026-09-02,67125,2026-09-10,put,regular,2,0.2,8,1610.0
2026-09-02,67250,2026-09-10,put,regular,15,0.2,8,1690.0
2026-09-02,67500,2026-09-10,put,regular,553,0.2,8,1860.0
2026-09-02,67625,2026-09-10,put,regular,1,0.2,8,1945.0
2026-09-02,67750,2026-09-10,put,regular,260,0.2,8,2030.0
2026-09-02,68000,2026-09-10,put,regular,2137,0.2,8,2220.0
2026-09-02,68250,2026-09-10,put,regular,109,0.2,8,2410.0
2026-09-02,68375,2026-09-10,put,regular,1,0.2,8,2510.0
2026-09-02,68500,2026-09-10,put,regular,171,0.2,8,2615.0
2026-09-02,68750,2026-09-10,put,regular,69,0.2,8,2820.0
2026-09-02,69000,2026-09-10,put,regular,1121,0.2,8,3035.0
2026-09-02,69250,2026-09-10,put,regular,1,0.2,8,3255.0
2026-09-02,69500,2026-09-10,put,regular,8,0.2,8,3480.0
2026-09-02,70000,2026-09-10,put,regular,1483,0.2,8,3940.0
2026-09-02,70500,2026-09-10,put,regular,2,0.2,8,4410.0
2026-09-02,71000,2026-09-10,put,regular,100,0.2,8,4895.0
2026-09-02,71250,2026-09-10,put,regular,1,0.2,8,5135.0
2026-09-02,73000,2026-09-10,put,regular,3,0.2,8,6860.0
2026-09-02,77500,2026-09-10,put,regular,4,0.2,8,11350.0
2026-09-02,78000,2026-09-10,put,regular,1,0.2,8,11850.0
2026-09-02,80000,2026-09-10,put,regular,1,0.2,8,13850.0
2026-09-02,85000,2026-09-10,put,regular,5,0.2,8,18850.0
2026-09-02,20000,2026-10-08,put,regular,509,1.0897,36,1.0
2026-09-02,22500,2026-10-08,put,regular,24,0.9829,36,1.0
2026-09-02,25000,2026-10-08,put,regular,1461,0.934,36,2.0
2026-09-02,26000,2026-10-08,put,regular,25,0.8519,36,1.0
2026-09-02,27000,2026-10-08,put,regular,10,0.8609,36,2.0
2026-09-02,28000,2026-10-08,put,regular,14,0.8264,36,2.0
2026-09-02,29000,2026-10-08,put,regular,11,0.793,36,2.0
2026-09-02,30000,2026-10-08,put,regular,3794,0.8052,36,4.0
2026-09-02,31000,2026-10-08,put,regular,4,0.7875,36,5.0
2026-09-02,32000,2026-10-08,put,regular,26,0.7552,36,5.0
2026-09-02,33000,2026-10-08,put,regular,551,0.7358,36,6.0
2026-09-02,34000,2026-10-08,put,regular,3,0.6932,36,5.0
2026-09-02,35000,2026-10-08,put,regular,1926,0.6933,36,8.0
2026-09-02,36000,2026-10-08,put,regular,28,0.6633,36,8.0
2026-09-02,37000,2026-10-08,put,regular,169,0.6483,36,10.0
2026-09-02,38000,2026-10-08,put,regular,4,0.6193,36,10.0
2026-09-02,39000,2026-10-08,put,regular,102,0.6073,36,13.0
2026-09-02,40000,2026-10-08,put,regular,4162,0.5922,36,16.0
2026-09-02,41000,2026-10-08,put,regular,108,0.564,36,16.0
2026-09-02,42000,2026-10-08,put,regular,139,0.5469,36,19.0
2026-09-02,42750,2026-10-08,put,regular,31,0.5325,36,21.0
2026-09-02,43000,2026-10-08,put,regular,147,0.5285,36,22.0
2026-09-02,43250,2026-10-08,put,regular,15,0.5126,36,19.0
2026-09-02,43500,2026-10-08,put,regular,15,0.5147,36,22.0
2026-09-02,43750,2026-10-08,put,regular,12,0.5051,36,21.0
2026-09-02,44000,2026-10-08,put,regular,231,0.5065,36,24.0
2026-09-02,44250,2026-10-08,put,regular,36,0.497,36,23.0
2026-09-02,44500,2026-10-08,put,regular,1,0.5069,36,30.0
2026-09-02,44750,2026-10-08,put,regular,37,0.5021,36,31.0
2026-09-02,45000,2026-10-08,put,regular,579,0.4972,36,32.0
2026-09-02,45250,2026-10-08,put,regular,28,0.4943,36,34.0
2026-09-02,45500,2026-10-08,put,regular,209,0.4892,36,35.0
2026-09-02,45750,2026-10-08,put,regular,43,0.4859,36,37.0
2026-09-02,46000,2026-10-08,put,regular,354,0.479,36,37.0
2026-09-02,46250,2026-10-08,put,regular,13,0.4772,36,40.0
2026-09-02,46500,2026-10-08,put,regular,157,0.4703,36,40.0
2026-09-02,46750,2026-10-08,put,regular,131,0.4666,36,42.0
2026-09-02,47000,2026-10-08,put,regular,278,0.4597,36,42.0
2026-09-02,47250,2026-10-08,put,regular,26,0.4558,36,44.0
2026-09-02,47500,2026-10-08,put,regular,30,0.4518,36,46.0
2026-09-02,47750,2026-10-08,put,regular,40,0.4463,36,47.0
2026-09-02,48000,2026-10-08,put,regular,741,0.4408,36,48.0
2026-09-02,48250,2026-10-08,put,regular,51,0.4365,36,50.0
2026-09-02,48500,2026-10-08,put,regular,199,0.4321,36,52.0
2026-09-02,48750,2026-10-08,put,regular,24,0.4277,36,54.0
2026-09-02,49000,2026-10-08,put,regular,244,0.4231,36,56.0
2026-09-02,49250,2026-10-08,put,regular,72,0.4174,36,57.0
2026-09-02,49500,2026-10-08,put,regular,202,0.4127,36,59.0
2026-09-02,49750,2026-10-08,put,regular,58,0.409,36,62.0
2026-09-02,50000,2026-10-08,put,regular,1011,0.4,36,60.0
2026-09-02,50250,2026-10-08,put,regular,65,0.3972,36,64.0
2026-09-02,50500,2026-10-08,put,regular,405,0.3942,36,68.0
2026-09-02,50750,2026-10-08,put,regular,50,0.39,36,71.0
2026-09-02,51000,2026-10-08,put,regular,398,0.3848,36,73.0
2026-09-02,51250,2026-10-08,put,regular,83,0.3805,36,76.0
2026-09-02,51500,2026-10-08,put,regular,413,0.3735,36,76.0
2026-09-02,51750,2026-10-08,put,regular,72,0.3706,36,81.0
2026-09-02,52000,2026-10-08,put,regular,1296,0.3652,36,83.0
2026-09-02,52250,2026-10-08,put,regular,45,0.3619,36,88.0
2026-09-02,52500,2026-10-08,put,regular,258,0.3563,36,90.0
2026-09-02,52750,2026-10-08,put,regular,67,0.3528,36,95.0
2026-09-02,53000,2026-10-08,put,regular,1282,0.347,36,97.0
2026-09-02,53250,2026-10-08,put,regular,51,0.3432,36,102.0
2026-09-02,53500,2026-10-08,put,regular,333,0.3404,36,109.0
2026-09-02,53750,2026-10-08,put,regular,16,0.335,36,112.0
2026-09-02,54000,2026-10-08,put,regular,723,0.3307,36,117.0
2026-09-02,54250,2026-10-08,put,regular,59,0.3256,36,121.0
2026-09-02,54500,2026-10-08,put,regular,607,0.3221,36,128.0
2026-09-02,54750,2026-10-08,put,regular,19,0.3178,36,134.0
2026-09-02,55000,2026-10-08,put,regular,2549,0.3129,36,139.0
2026-09-02,55250,2026-10-08,put,regular,47,0.3093,36,147.0
2026-09-02,55500,2026-10-08,put,regular,253,0.3037,36,151.0
2026-09-02,55750,2026-10-08,put,regular,40,0.3005,36,161.0
2026-09-02,56000,2026-10-08,put,regular,440,0.2947,36,165.0
2026-09-02,56250,2026-10-08,put,regular,45,0.2903,36,173.0
2026-09-02,56500,2026-10-08,put,regular,404,0.2865,36,183.0
2026-09-02,56750,2026-10-08,put,regular,85,0.2843,36,198.0
2026-09-02,57000,2026-10-08,put,regular,742,0.2783,36,203.0
2026-09-02,57250,2026-10-08,put,regular,83,0.2761,36,220.0
2026-09-02,57500,2026-10-08,put,regular,300,0.2717,36,231.0
2026-09-02,57750,2026-10-08,put,regular,70,0.2685,36,247.0
2026-09-02,58000,2026-10-08,put,regular,1800,0.2631,36,256.0
2026-09-02,58250,2026-10-08,put,regular,114,0.258,36,267.0
2026-09-02,58375,2026-10-08,put,regular,463,0.2582,36,283.0
2026-09-02,58500,2026-10-08,put,regular,161,0.2564,36,292.0
2026-09-02,58625,2026-10-08,put,regular,20,0.2525,36,293.0
2026-09-02,58750,2026-10-08,put,regular,32,0.2526,36,310.0
2026-09-02,58875,2026-10-08,put,regular,2,0.252,36,325.0
2026-09-02,59000,2026-10-08,put,regular,344,0.2478,36,325.0
2026-09-02,59125,2026-10-08,put,regular,63,0.2447,36,330.0
2026-09-02,59250,2026-10-08,put,regular,141,0.2438,36,345.0
2026-09-02,59375,2026-10-08,put,regular,3,0.244,36,365.0
2026-09-02,59500,2026-10-08,put,regular,48,0.2385,36,360.0
2026-09-02,59625,2026-10-08,put,regular,17,0.2416,36,395.0
2026-09-02,59750,2026-10-08,put,regular,14,0.2371,36,395.0
2026-09-02,59875,2026-10-08,put,regular,21,0.2388,36,425.0
2026-09-02,60000,2026-10-08,put,regular,3068,0.2312,36,410.0
2026-09-02,60125,2026-10-08,put,regular,5,0.2296,36,425.0
2026-09-02,60250,2026-10-08,put,regular,21,0.2289,36,445.0
2026-09-02,60375,2026-10-08,put,regular,324,0.2252,36,450.0
2026-09-02,60500,2026-10-08,put,regular,136,0.2252,36,475.0
2026-09-02,60625,2026-10-08,put,regular,3,0.2259,36,505.0
2026-09-02,60750,2026-10-08,put,regular,51,0.2193,36,495.0
2026-09-02,60875,2026-10-08,put,regular,7,0.2224,36,540.0
2026-09-02,61000,2026-10-08,put,regular,883,0.2183,36,545.0
2026-09-02,61125,2026-10-08,put,regular,14,0.22,36,585.0
2026-09-02,61250,2026-10-08,put,regular,99,0.215,36,585.0
2026-09-02,61375,2026-10-08,put,regular,103,0.2156,36,620.0
2026-09-02,61500,2026-10-08,put,regular,4,0.2112,36,625.0
2026-09-02,61625,2026-10-08,put,regular,98,0.2122,36,665.0
2026-09-02,61750,2026-10-08,put,regular,63,0.2077,36,670.0
2026-09-02,61875,2026-10-08,put,regular,22,0.2083,36,710.0
2026-09-02,62000,2026-10-08,put,regular,1115,0.2021,36,705.0
2026-09-02,62250,2026-10-08,put,regular,64,0.1976,36,750.0
2026-09-02,62375,2026-10-08,put,regular,6,0.2005,36,810.0
2026-09-02,62500,2026-10-08,put,regular,651,0.1933,36,800.0
2026-09-02,62625,2026-10-08,put,regular,123,0.1923,36,835.0
2026-09-02,62750,2026-10-08,put,regular,40,0.1925,36,880.0
2026-09-02,62875,2026-10-08,put,regular,6,0.1925,36,925.0
2026-09-02,63000,2026-10-08,put,regular,538,0.1863,36,925.0
2026-09-02,63250,2026-10-08,put,regular,110,0.1848,36,1010.0
2026-09-02,63375,2026-10-08,put,regular,5,0.184,36,1055.0
2026-09-02,63500,2026-10-08,put,regular,32,0.1805,36,1080.0
2026-09-02,63625,2026-10-08,put,regular,6,0.1801,36,1130.0
2026-09-02,63750,2026-10-08,put,regular,20,0.1762,36,1155.0
2026-09-02,63875,2026-10-08,put,regular,55,0.1741,36,1195.0
2026-09-02,64000,2026-10-08,put,regular,1064,0.1686,36,1210.0
2026-09-02,64250,2026-10-08,put,regular,7,0.1677,36,1325.0
2026-09-02,64500,2026-10-08,put,regular,441,0.1621,36,1410.0
2026-09-02,64750,2026-10-08,put,regular,4,0.1568,36,1505.0
2026-09-02,64875,2026-10-08,put,regular,4955000,0.1541,36,1555.0
2026-09-02,65000,2026-10-08,put,regular,1747,0.1511,36,1605.0
2026-09-02,65250,2026-10-08,put,regular,9,0.1448,36,1710.0
2026-09-02,65375,2026-10-08,put,regular,231,0.1414,36,1765.0
2026-09-02,65500,2026-10-08,put,regular,141,0.1377,36,1820.0
2026-09-02,65750,2026-10-08,put,regular,51,0.1303,36,1940.0
2026-09-02,66000,2026-10-08,put,regular,1037,0.12,36,2055.0
2026-09-02,66250,2026-10-08,put,regular,2145000,0.1071,36,2175.0
2026-09-02,66375,2026-10-08,put,regular,2210000,0.0996,36,2240.0
2026-09-02,66500,2026-10-08,put,regular,93,0.0899,36,2305.0
2026-09-02,67000,2026-10-08,put,regular,511,0.2,36,2595.0
2026-09-02,67500,2026-10-08,put,regular,38,0.2,36,2885.0
2026-09-02,67625,2026-10-08,put,regular,6,0.2,36,2965.0
2026-09-02,67750,2026-10-08,put,regular,9,0.2,36,3045.0
2026-09-02,68000,2026-10-08,put,regular,541,0.2,36,3220.0
2026-09-02,68500,2026-10-08,put,regular,3,0.2,36,3565.0
2026-09-02,69000,2026-10-08,put,regular,210,0.2,36,3930.0
2026-09-02,70000,2026-10-08,put,regular,101,0.2,36,4715.0
2026-09-02,72500,2026-10-08,put,regular,1,0.2,36,6885.0
2026-09-02,73000,2026-10-08,put,regular,10,0.2,36,7350.0
2026-09-02,79000,2026-10-08,put,regular,1,0.2,36,13180.0
2026-09-02,85000,2026-10-08,put,regular,26,0.2,36,19160.0
2026-09-02,20000,2026-11-12,put,regular,65,0.8163,71,2.0
2026-09-02,25000,2026-11-12,put,regular,99,0.7387,71,7.0
2026-09-02,27000,2026-11-12,put,regular,6,0.6611,71,5.0
2026-09-02,28000,2026-11-12,put,regular,26,0.6624,71,8.0
2026-09-02,29000,2026-11-12,put,regular,304,0.5976,71,4.0
2026-09-02,30000,2026-11-12,put,regular,1209,0.6496,71,15.0
2026-09-02,35000,2026-11-12,put,regular,21,0.5596,71,26.0
2026-09-02,37000,2026-11-12,put,regular,2,0.5314,71,35.0
2026-09-02,38000,2026-11-12,put,regular,3,0.515,71,39.0
2026-09-02,39000,2026-11-12,put,regular,100,0.5083,71,50.0
2026-09-02,40000,2026-11-12,put,regular,104,0.4851,71,50.0
2026-09-02,41000,2026-11-12,put,regular,105,0.471,71,57.0
2026-09-02,42000,2026-11-12,put,regular,352,0.462,71,70.0
2026-09-02,43000,2026-11-12,put,regular,256,0.4466,71,78.0
2026-09-02,44000,2026-11-12,put,regular,104,0.4315,71,87.0
2026-09-02,44500,2026-11-12,put,regular,1,0.424,71,92.0
2026-09-02,44750,2026-11-12,put,regular,6,0.4184,71,92.0
2026-09-02,45000,2026-11-12,put,regular,505,0.4135,71,93.0
2026-09-02,45250,2026-11-12,put,regular,3,0.4128,71,100.0
2026-09-02,45500,2026-11-12,put,regular,4,0.4092,71,103.0
2026-09-02,45750,2026-11-12,put,regular,2,0.4036,71,103.0
2026-09-02,46000,2026-11-12,put,regular,128,0.3994,71,105.0
2026-09-02,46250,2026-11-12,put,regular,4,0.3969,71,110.0
2026-09-02,46500,2026-11-12,put,regular,3,0.3937,71,114.0
2026-09-02,46750,2026-11-12,put,regular,4,0.3905,71,118.0
2026-09-02,47000,2026-11-12,put,regular,105,0.3843,71,117.0
2026-09-02,47250,2026-11-12,put,regular,31,0.3838,71,126.0
2026-09-02,47500,2026-11-12,put,regular,130,0.3798,71,129.0
2026-09-02,47750,2026-11-12,put,regular,78,0.3747,71,130.0
2026-09-02,48000,2026-11-12,put,regular,163,0.3707,71,133.0
2026-09-02,48250,2026-11-12,put,regular,3,0.37,71,143.0
2026-09-02,48500,2026-11-12,put,regular,3,0.3654,71,145.0
2026-09-02,48750,2026-11-12,put,regular,113,0.3607,71,147.0
2026-09-02,49000,2026-11-12,put,regular,214,0.3569,71,151.0
2026-09-02,49250,2026-11-12,put,regular,99,0.3544,71,158.0
2026-09-02,49500,2026-11-12,put,regular,232,0.3514,71,164.0
2026-09-02,49750,2026-11-12,put,regular,31,0.3478,71,169.0
2026-09-02,50000,2026-11-12,put,regular,349,0.3446,71,175.0
2026-09-02,50250,2026-11-12,put,regular,62,0.3409,71,180.0
2026-09-02,50500,2026-11-12,put,regular,144,0.3352,71,180.0
2026-09-02,50750,2026-11-12,put,regular,66,0.3351,71,195.0
2026-09-02,51000,2026-11-12,put,regular,611,0.3291,71,194.0
2026-09-02,51250,2026-11-12,put,regular,10,0.3286,71,209.0
2026-09-02,51500,2026-11-12,put,regular,356,0.3222,71,207.0
2026-09-02,51750,2026-11-12,put,regular,17,0.3204,71,219.0
2026-09-02,52000,2026-11-12,put,regular,1682,0.316,71,223.0
2026-09-02,52250,2026-11-12,put,regular,8,0.3163,71,243.0
2026-09-02,52500,2026-11-12,put,regular,350,0.3091,71,238.0
2026-09-02,52750,2026-11-12,put,regular,16,0.3101,71,262.0
2026-09-02,53000,2026-11-12,put,regular,167,0.3043,71,262.0
2026-09-02,53250,2026-11-12,put,regular,18,0.3012,71,272.0
2026-09-02,53500,2026-11-12,put,regular,401,0.2995,71,288.0
2026-09-02,53750,2026-11-12,put,regular,40,0.2963,71,299.0
2026-09-02,54000,2026-11-12,put,regular,630,0.2918,71,305.0
2026-09-02,54250,2026-11-12,put,regular,16,0.2906,71,325.0
2026-09-02,54500,2026-11-12,put,regular,401,0.2869,71,335.0
2026-09-02,54750,2026-11-12,put,regular,10,0.2842,71,350.0
2026-09-02,55000,2026-11-12,put,regular,52,0.2781,71,350.0
2026-09-02,55250,2026-11-12,put,regular,30,0.2773,71,375.0
2026-09-02,55500,2026-11-12,put,regular,154,0.2742,71,390.0
2026-09-02,55750,2026-11-12,put,regular,34,0.2709,71,405.0
2026-09-02,56000,2026-11-12,put,regular,612,0.2618,71,390.0
2026-09-02,56250,2026-11-12,put,regular,10,0.265,71,440.0
2026-09-02,56500,2026-11-12,put,regular,53,0.2568,71,430.0
2026-09-02,56750,2026-11-12,put,regular,29,0.2593,71,480.0
2026-09-02,57000,2026-11-12,put,regular,715,0.2554,71,495.0
2026-09-02,57250,2026-11-12,put,regular,66,0.2505,71,505.0
2026-09-02,57500,2026-11-12,put,regular,424,0.2504,71,545.0
2026-09-02,57750,2026-11-12,put,regular,12,0.2211,71,405.0
2026-09-02,58000,2026-11-12,put,regular,482,0.2409,71,570.0
2026-09-02,58250,2026-11-12,put,regular,63,0.2393,71,605.0
2026-09-02,58500,2026-11-12,put,regular,156,0.2367,71,635.0
2026-09-02,59000,2026-11-12,put,regular,242,0.2369,71,740.0
2026-09-02,59500,2026-11-12,put,regular,1959,0.2331,71,825.0
2026-09-02,59750,2026-11-12,put,regular,1,0.2269,71,835.0
2026-09-02,60000,2026-11-12,put,regular,599,0.2271,71,900.0
2026-09-02,60500,2026-11-12,put,regular,103,0.2213,71,985.0
2026-09-02,60750,2026-11-12,put,regular,28,0.2184,71,1030.0
2026-09-02,61000,2026-11-12,put,regular,521,0.2141,71,1065.0
2026-09-02,61250,2026-11-12,put,regular,14,0.2148,71,1150.0
2026-09-02,61500,2026-11-12,put,regular,23,0.2065,71,1150.0
2026-09-02,62000,2026-11-12,put,regular,1045,0.2048,71,1305.0
2026-09-02,62500,2026-11-12,put,regular,147,0.2022,71,1465.0
2026-09-02,63000,2026-11-12,put,regular,400,0.1939,71,1580.0
2026-09-02,64000,2026-11-12,put,regular,523,0.1821,71,1905.0
2026-09-02,64125,2026-11-12,put,regular,2035000,0.1815,71,1960.0
2026-09-02,64500,2026-11-12,put,regular,340,0.1763,71,2095.0
2026-09-02,65000,2026-11-12,put,regular,1001,0.1705,71,2305.0
2026-09-02,65500,2026-11-12,put,regular,100,0.1637,71,2525.0
2026-09-02,66000,2026-11-12,put,regular,1420,0.156,71,2760.0
2026-09-02,66500,2026-11-12,put,regular,239,0.1471,71,3010.0
2026-09-02,67000,2026-11-12,put,regular,870,0.1387,71,3295.0
2026-09-02,67500,2026-11-12,put,regular,4,0.1242,71,3565.0
2026-09-02,68375,2026-11-12,put,regular,16,0.0773,71,4100.0
2026-09-02,68500,2026-11-12,put,regular,478,0.2,71,4185.0
2026-09-02,69000,2026-11-12,put,regular,450,0.2,71,4515.0
2026-09-02,69500,2026-11-12,put,regular,1,0.2,71,4855.0
2026-09-02,70000,2026-11-12,put,regular,460,0.2,71,5210.0
2026-09-02,70750,2026-11-12,put,regular,160,0.2,71,5770.0
2026-09-02,72500,2026-11-12,put,regular,330,0.2,71,7195.0
2026-09-02,79500,2026-11-12,put,regular,2,0.2,71,13640.0
2026-09-02,12500,2026-12-10,put,regular,725,0.963,99,2.0
2026-09-02,13000,2026-12-10,put,regular,4,0.9701,99,3.0
2026-09-02,13500,2026-12-10,put,regular,100,0.8733,99,1.0
2026-09-02,14000,2026-12-10,put,regular,11,0.8971,99,2.0
2026-09-02,14500,2026-12-10,put,regular,1,0.8338,99,1.0
2026-09-02,14750,2026-12-10,put,regular,1,0.8244,99,1.0
2026-09-02,15000,2026-12-10,put,regular,5,0.8571,99,2.0
2026-09-02,16000,2026-12-10,put,regular,3,0.7796,99,1.0
2026-09-02,16500,2026-12-10,put,regular,1,0.7627,99,1.0
2026-09-02,17000,2026-12-10,put,regular,3,0.7463,99,1.0
2026-09-02,18000,2026-12-10,put,regular,153,0.7519,99,2.0
2026-09-02,19000,2026-12-10,put,regular,650,0.6853,99,1.0
2026-09-02,20000,2026-12-10,put,regular,2354,0.7564,99,6.0
2026-09-02,21000,2026-12-10,put,regular,350,0.6305,99,1.0
2026-09-02,21500,2026-12-10,put,regular,500,0.6177,99,1.0
2026-09-02,22000,2026-12-10,put,regular,1716,0.6366,99,2.0
2026-09-02,22500,2026-12-10,put,regular,150,0.6237,99,2.0
2026-09-02,23000,2026-12-10,put,regular,2106,0.6111,99,2.0
2026-09-02,23500,2026-12-10,put,regular,127,0.5988,99,2.0
2026-09-02,24000,2026-12-10,put,regular,405,0.6058,99,3.0
2026-09-02,24500,2026-12-10,put,regular,250,0.5936,99,3.0
2026-09-02,24750,2026-12-10,put,regular,1,0.5876,99,3.0
2026-09-02,25000,2026-12-10,put,regular,2314,0.617,99,6.0
2026-09-02,25250,2026-12-10,put,regular,1,0.5897,99,4.0
2026-09-02,25500,2026-12-10,put,regular,2,0.5837,99,4.0
2026-09-02,26000,2026-12-10,put,regular,1425,0.572,99,4.0
2026-09-02,26500,2026-12-10,put,regular,1,0.5714,99,5.0
2026-09-02,27000,2026-12-10,put,regular,2630,0.6075,99,12.0
2026-09-02,27500,2026-12-10,put,regular,25,0.5576,99,6.0
2026-09-02,27750,2026-12-10,put,regular,72,0.5597,99,7.0
2026-09-02,28000,2026-12-10,put,regular,1327,0.5882,99,13.0
2026-09-02,28500,2026-12-10,put,regular,400,0.5497,99,8.0
2026-09-02,29000,2026-12-10,put,regular,1450,0.5446,99,9.0
2026-09-02,30000,2026-12-10,put,regular,5596,0.5575,99,17.0
2026-09-02,30500,2026-12-10,put,regular,51,0.5222,99,11.0
2026-09-02,31000,2026-12-10,put,regular,2037,0.5202,99,13.0
2026-09-02,31500,2026-12-10,put,regular,350,0.5135,99,14.0
2026-09-02,32000,2026-12-10,put,regular,4655,0.5065,99,15.0
2026-09-02,32250,2026-12-10,put,regular,600,0.5047,99,16.0
2026-09-02,32500,2026-12-10,put,regular,901,0.5027,99,17.0
2026-09-02,33000,2026-12-10,put,regular,3362,0.4952,99,18.0
2026-09-02,33250,2026-12-10,put,regular,37,0.4929,99,19.0
2026-09-02,33500,2026-12-10,put,regular,72,0.4905,99,20.0
2026-09-02,34000,2026-12-10,put,regular,2820,0.4828,99,21.0
2026-09-02,34500,2026-12-10,put,regular,560,0.4775,99,23.0
2026-09-02,34750,2026-12-10,put,regular,1,0.4747,99,24.0
2026-09-02,35000,2026-12-10,put,regular,4817,0.4929,99,36.0
2026-09-02,36000,2026-12-10,put,regular,2905,0.4616,99,30.0
2026-09-02,36500,2026-12-10,put,regular,225,0.4551,99,32.0
2026-09-02,36750,2026-12-10,put,regular,400,0.4518,99,33.0
2026-09-02,37000,2026-12-10,put,regular,2535,0.45,99,35.0
2026-09-02,37500,2026-12-10,put,regular,188,0.4432,99,37.0
2026-09-02,37750,2026-12-10,put,regular,100,0.4412,99,39.0
2026-09-02,38000,2026-12-10,put,regular,2686,0.4376,99,40.0
2026-09-02,38500,2026-12-10,put,regular,1150,0.4331,99,44.0
2026-09-02,38750,2026-12-10,put,regular,50,0.4646,99,79.0
2026-09-02,39000,2026-12-10,put,regular,2405,0.4602,99,80.0
2026-09-02,39250,2026-12-10,put,regular,650,0.4566,99,82.0
2026-09-02,39500,2026-12-10,put,regular,1008,0.4531,99,84.0
2026-09-02,40000,2026-12-10,put,regular,5430,0.4481,99,91.0
2026-09-02,40250,2026-12-10,put,regular,5,0.4429,99,91.0
2026-09-02,40500,2026-12-10,put,regular,1399,0.4392,99,93.0
2026-09-02,41000,2026-12-10,put,regular,1825,0.4324,99,98.0
2026-09-02,41250,2026-12-10,put,regular,3,0.4294,99,101.0
2026-09-02,41500,2026-12-10,put,regular,101,0.4269,99,105.0
2026-09-02,42000,2026-12-10,put,regular,3599,0.421,99,112.0
2026-09-02,42500,2026-12-10,put,regular,300,0.4138,99,117.0
2026-09-02,43000,2026-12-10,put,regular,1582,0.407,99,123.0
2026-09-02,43500,2026-12-10,put,regular,100,0.4001,99,129.0
2026-09-02,43750,2026-12-10,put,regular,9,0.3971,99,133.0
2026-09-02,44000,2026-12-10,put,regular,2800,0.3936,99,136.0
2026-09-02,45000,2026-12-10,put,regular,2725,0.3806,99,151.0
2026-09-02,45250,2026-12-10,put,regular,51,0.3769,99,154.0
2026-09-02,45500,2026-12-10,put,regular,350,0.3736,99,158.0
2026-09-02,46000,2026-12-10,put,regular,3857,0.3673,99,167.0
2026-09-02,47000,2026-12-10,put,regular,2846,0.3546,99,186.0
2026-09-02,47500,2026-12-10,put,regular,1119,0.3482,99,196.0
2026-09-02,48000,2026-12-10,put,regular,4124,0.3419,99,207.0
2026-09-02,48500,2026-12-10,put,regular,300,0.3357,99,219.0
2026-09-02,49000,2026-12-10,put,regular,3177,0.3326,99,242.0
2026-09-02,49250,2026-12-10,put,regular,200,0.3293,99,248.0
2026-09-02,49500,2026-12-10,put,regular,2717,0.3262,99,255.0
2026-09-02,49750,2026-12-10,put,regular,71,0.3233,99,263.0
2026-09-02,50000,2026-12-10,put,regular,6702,0.3193,99,267.0
2026-09-02,50250,2026-12-10,put,regular,16,0.3171,99,278.0
2026-09-02,50500,2026-12-10,put,regular,686,0.3142,99,287.0
2026-09-02,50750,2026-12-10,put,regular,45,0.3116,99,297.0
2026-09-02,51000,2026-12-10,put,regular,1565,0.3067,99,298.0
2026-09-02,51250,2026-12-10,put,regular,2,0.3067,99,320.0
2026-09-02,51500,2026-12-10,put,regular,20,0.3027,99,325.0
2026-09-02,52000,2026-12-10,put,regular,2765,0.2977,99,350.0
2026-09-02,52250,2026-12-10,put,regular,525,0.2946,99,360.0
2026-09-02,52500,2026-12-10,put,regular,575,0.2914,99,370.0
2026-09-02,53000,2026-12-10,put,regular,1538,0.2877,99,405.0
2026-09-02,53250,2026-12-10,put,regular,186,0.2833,99,410.0
2026-09-02,53500,2026-12-10,put,regular,205,0.2807,99,425.0
2026-09-02,53750,2026-12-10,put,regular,4,0.2781,99,440.0
2026-09-02,54000,2026-12-10,put,regular,2699,0.2753,99,455.0
2026-09-02,54500,2026-12-10,put,regular,440,0.2695,99,485.0
2026-09-02,54750,2026-12-10,put,regular,15,0.2664,99,500.0
2026-09-02,55000,2026-12-10,put,regular,4786,0.264,99,520.0
2026-09-02,55500,2026-12-10,put,regular,100,0.2597,99,565.0
2026-09-02,56000,2026-12-10,put,regular,2478,0.2548,99,610.0
2026-09-02,56500,2026-12-10,put,regular,171,0.2501,99,660.0
2026-09-02,57000,2026-12-10,put,regular,2381,0.2454,99,715.0
2026-09-02,57500,2026-12-10,put,regular,850,0.2414,99,780.0
2026-09-02,58000,2026-12-10,put,regular,1957,0.2339,99,820.0
2026-09-02,58250,2026-12-10,put,regular,5,0.2328,99,865.0
2026-09-02,58500,2026-12-10,put,regular,850,0.2325,99,920.0
2026-09-02,59000,2026-12-10,put,regular,2405,0.2266,99,985.0
2026-09-02,59250,2026-12-10,put,regular,60,0.2267,99,1050.0
2026-09-02,59500,2026-12-10,put,regular,250,0.2241,99,1090.0
2026-09-02,60000,2026-12-10,put,regular,9854,0.2183,99,1170.0
2026-09-02,60250,2026-12-10,put,regular,36,0.2179,99,1240.0
2026-09-02,60500,2026-12-10,put,regular,200,0.216,99,1295.0
2026-09-02,61000,2026-12-10,put,regular,1435,0.2114,99,1405.0
2026-09-02,61500,2026-12-10,put,regular,1,0.2073,99,1530.0
2026-09-02,62000,2026-12-10,put,regular,2610,0.2031,99,1665.0
2026-09-02,62250,2026-12-10,put,regular,250,0.2012,99,1740.0
2026-09-02,62500,2026-12-10,put,regular,1087,0.1999,99,1825.0
2026-09-02,63000,2026-12-10,put,regular,2026,0.1954,99,1980.0
2026-09-02,63500,2026-12-10,put,regular,300,0.1907,99,2145.0
2026-09-02,63750,2026-12-10,put,regular,23,0.1885,99,2235.0
2026-09-02,64000,2026-12-10,put,regular,1956,0.1864,99,2330.0
2026-09-02,65000,2026-12-10,put,regular,3844,0.1739,99,2695.0
2026-09-02,65500,2026-12-10,put,regular,580,0.1708,99,2945.0
2026-09-02,66000,2026-12-10,put,regular,858,0.1652,99,3180.0
2026-09-02,66500,2026-12-10,put,regular,700,0.1596,99,3435.0
2026-09-02,67000,2026-12-10,put,regular,1530,0.1518,99,3685.0
2026-09-02,67250,2026-12-10,put,regular,25,0.1484,99,3825.0
2026-09-02,67500,2026-12-10,put,regular,25,0.1444,99,3965.0
2026-09-02,68000,2026-12-10,put,regular,1900,0.1352,99,4255.0
2026-09-02,68500,2026-12-10,put,regular,203,0.1222,99,4545.0
2026-09-02,68750,2026-12-10,put,regular,100,0.1146,99,4700.0
2026-09-02,69000,2026-12-10,put,regular,1570,0.1062,99,4865.0
2026-09-02,70000,2026-12-10,put,regular,1653,0.2,99,5530.0
2026-09-02,71000,2026-12-10,put,regular,31,0.2,99,6235.0
2026-09-02,72000,2026-12-10,put,regular,120,0.2,99,6995.0
2026-09-02,72500,2026-12-10,put,regular,420,0.2,99,7385.0
2026-09-02,74000,2026-12-10,put,regular,100,0.2,99,8605.0
2026-09-02,76000,2026-12-10,put,regular,300,0.2,99,10345.0
2026-09-02,80000,2026-12-10,put,regular,3700,0.2,99,14055.0
2026-09-02,44000,2027-01-07,put,regular,331,0.3652,127,179.0
2026-09-02,45000,2027-01-07,put,regular,1000,0.3552,127,203.0
2026-09-02,47000,2027-01-07,put,regular,98,0.3355,127,261.0
2026-09-02,48000,2027-01-07,put,regular,200,0.326,127,297.0
2026-09-02,50000,2027-01-07,put,regular,115,0.3043,127,370.0
2026-09-02,52000,2027-01-07,put,regular,300,0.284,127,470.0
2026-09-02,52500,2027-01-07,put,regular,20,0.2791,127,500.0
2026-09-02,57000,2027-01-07,put,regular,60,0.2504,127,1040.0
2026-09-02,58000,2027-01-07,put,regular,57,0.2426,127,1200.0
2026-09-02,60000,2027-01-07,put,regular,61,0.2278,127,1605.0
2026-09-02,60500,2027-01-07,put,regular,42,0.2241,127,1725.0
2026-09-02,61000,2027-01-07,put,regular,1,0.2201,127,1850.0
2026-09-02,61500,2027-01-07,put,regular,50,0.2166,127,1990.0
2026-09-02,64000,2027-01-07,put,regular,100,0.19,127,2710.0
2026-09-02,65000,2027-01-07,put,regular,3,0.1822,127,3125.0
2026-09-02,65500,2027-01-07,put,regular,1,0.1781,127,3350.0
2026-09-02,65750,2027-01-07,put,regular,1,0.1754,127,3460.0
2026-09-02,66000,2027-01-07,put,regular,50,0.1732,127,3580.0
2026-09-02,66500,2027-01-07,put,regular,3,0.1666,127,3800.0
2026-09-02,67000,2027-01-07,put,regular,2,0.1607,127,4050.0
2026-09-02,67500,2027-01-07,put,regular,1,0.1553,127,4325.0
2026-09-02,67750,2027-01-07,put,regular,1,0.1518,127,4460.0
2026-09-02,45000,2027-02-10,put,regular,300,0.3429,161,305.0
2026-09-02,47000,2027-02-10,put,regular,125,0.3231,161,375.0
2026-09-02,57500,2027-02-10,put,regular,100,0.2433,161,1415.0
2026-09-02,65000,2027-02-10,put,regular,275,0.1876,161,3560.0
2026-09-02,67000,2027-02-10,put,regular,2,0.1692,161,4470.0
2026-09-02,67250,2027-02-10,put,regular,12,0.1672,161,4605.0
2026-09-02,20000,2027-03-11,put,regular,15,0.6165,190,21.0
2026-09-02,29000,2027-03-11,put,regular,1,0.4845,190,58.0
2026-09-02,30000,2027-03-11,put,regular,2,0.4755,190,68.0
2026-09-02,33000,2027-03-11,put,regular,113,0.4448,190,100.0
2026-09-02,35000,2027-03-11,put,regular,600,0.4248,190,127.0
2026-09-02,37000,2027-03-11,put,regular,500,0.4045,190,158.0
2026-09-02,38000,2027-03-11,put,regular,315,0.3946,190,176.0
2026-09-02,40000,2027-03-11,put,regular,1171,0.375,190,217.0
2026-09-02,41000,2027-03-11,put,regular,250,0.3652,190,240.0
2026-09-02,42000,2027-03-11,put,regular,549,0.3559,190,267.0
2026-09-02,42500,2027-03-11,put,regular,200,0.3512,190,281.0
2026-09-02,43000,2027-03-11,put,regular,114,0.3468,190,297.0
2026-09-02,43500,2027-03-11,put,regular,66,0.3427,190,315.0
2026-09-02,43750,2027-03-11,put,regular,12,0.3408,190,325.0
2026-09-02,44000,2027-03-11,put,regular,275,0.3377,190,330.0
2026-09-02,45000,2027-03-11,put,regular,1709,0.3295,190,370.0
2026-09-02,46000,2027-03-11,put,regular,116,0.3204,190,410.0
2026-09-02,47000,2027-03-11,put,regular,950,0.3124,190,460.0
2026-09-02,48000,2027-03-11,put,regular,399,0.3044,190,515.0
2026-09-02,48500,2027-03-11,put,regular,51,0.3004,190,545.0
2026-09-02,49000,2027-03-11,put,regular,100,0.2955,190,570.0
2026-09-02,50000,2027-03-11,put,regular,1350,0.2891,190,650.0
2026-09-02,50250,2027-03-11,put,regular,112,0.2873,190,670.0
2026-09-02,51000,2027-03-11,put,regular,24,0.2815,190,730.0
2026-09-02,51250,2027-03-11,put,regular,108,0.2795,190,750.0
2026-09-02,52000,2027-03-11,put,regular,1870,0.2746,190,825.0
2026-09-02,52500,2027-03-11,put,regular,50,0.271,190,875.0
2026-09-02,53000,2027-03-11,put,regular,585,0.2676,190,930.0
2026-09-02,53500,2027-03-11,put,regular,200,0.2643,190,990.0
2026-09-02,54000,2027-03-11,put,regular,534,0.2608,190,1050.0
2026-09-02,55000,2027-03-11,put,regular,1066,0.2544,190,1190.0
2026-09-02,55500,2027-03-11,put,regular,100,0.2512,190,1265.0
2026-09-02,56000,2027-03-11,put,regular,651,0.248,190,1345.0
2026-09-02,56250,2027-03-11,put,regular,120,0.2466,190,1390.0
2026-09-02,57000,2027-03-11,put,regular,1775,0.242,190,1525.0
2026-09-02,58000,2027-03-11,put,regular,2865,0.2359,190,1725.0
2026-09-02,58500,2027-03-11,put,regular,110,0.2329,190,1835.0
2026-09-02,59500,2027-03-11,put,regular,453,0.2273,190,2080.0
2026-09-02,60000,2027-03-11,put,regular,2237,0.2244,190,2210.0
2026-09-02,61000,2027-03-11,put,regular,160,0.2186,190,2495.0
2026-09-02,62000,2027-03-11,put,regular,1000,0.2131,190,2815.0
2026-09-02,62500,2027-03-11,put,regular,500,0.2101,190,2985.0
2026-09-02,63000,2027-03-11,put,regular,1490,0.2072,190,3165.0
2026-09-02,64000,2027-03-11,put,regular,1230,0.2012,190,3550.0
2026-09-02,65000,2027-03-11,put,regular,880,0.1896,190,3870.0
2026-09-02,66000,2027-03-11,put,regular,328,0.1888,190,4435.0
2026-09-02,66250,2027-03-11,put,regular,15,0.1871,190,4555.0
2026-09-02,66500,2027-03-11,put,regular,6,0.1855,190,4680.0
2026-09-02,67000,2027-03-11,put,regular,300,0.182,190,4935.0
2026-09-02,68000,2027-03-11,put,regular,130,0.1744,190,5470.0
2026-09-02,69000,2027-03-11,put,regular,350,0.1659,190,6045.0
2026-09-02,69250,2027-03-11,put,regular,10,0.1633,190,6190.0
2026-09-02,70000,2027-03-11,put,regular,480,0.1558,190,6655.0
2026-09-02,72000,2027-03-11,put,regular,100,0.1245,190,7975.0
2026-09-02,48000,2027-05-13,put,regular,100,0.2964,253,785.0
2026-09-02,12500,2027-06-10,put,regular,11,0.666,281,12.0
2026-09-02,14500,2027-06-10,put,regular,4,0.5372,281,3.0
2026-09-02,15000,2027-06-10,put,regular,1,0.5376,281,4.0
2026-09-02,16250,2027-06-10,put,regular,167,0.5265,281,6.0
2026-09-02,23000,2027-06-10,put,regular,140,0.4925,281,47.0
2026-09-02,24000,2027-06-10,put,regular,100,0.486,281,58.0
2026-09-02,25000,2027-06-10,put,regular,250,0.4779,281,69.0
2026-09-02,26000,2027-06-10,put,regular,200,0.4703,281,82.0
2026-09-02,28000,2027-06-10,put,regular,875,0.4534,281,110.0
2026-09-02,28500,2027-06-10,put,regular,100,0.4493,281,118.0
2026-09-02,29000,2027-06-10,put,regular,65,0.4449,281,126.0
2026-09-02,30000,2027-06-10,put,regular,255,0.4362,281,143.0
2026-09-02,31000,2027-06-10,put,regular,100,0.4273,281,161.0
2026-09-02,31500,2027-06-10,put,regular,1,0.4231,281,171.0
2026-09-02,32000,2027-06-10,put,regular,250,0.4187,281,181.0
2026-09-02,33000,2027-06-10,put,regular,150,0.4095,281,201.0
2026-09-02,34000,2027-06-10,put,regular,750,0.4008,281,224.0
2026-09-02,35000,2027-06-10,put,regular,1328,0.392,281,248.0
2026-09-02,35500,2027-06-10,put,regular,145,0.3874,281,260.0
2026-09-02,36000,2027-06-10,put,regular,300,0.383,281,273.0
2026-09-02,37000,2027-06-10,put,regular,50,0.3753,281,305.0
2026-09-02,38000,2027-06-10,put,regular,201,0.3666,281,335.0
2026-09-02,38500,2027-06-10,put,regular,140,0.3621,281,350.0
2026-09-02,39000,2027-06-10,put,regular,50,0.3575,281,365.0
2026-09-02,39500,2027-06-10,put,regular,101,0.3538,281,385.0
2026-09-02,40000,2027-06-10,put,regular,1050,0.35,281,405.0
2026-09-02,41000,2027-06-10,put,regular,100,0.3419,281,445.0
2026-09-02,42000,2027-06-10,put,regular,400,0.3341,281,490.0
2026-09-02,42500,2027-06-10,put,regular,61,0.3296,281,510.0
2026-09-02,43000,2027-06-10,put,regular,35,0.3258,281,535.0
2026-09-02,43750,2027-06-10,put,regular,2,0.3201,281,575.0
2026-09-02,44000,2027-06-10,put,regular,196,0.3184,281,590.0
2026-09-02,45000,2027-06-10,put,regular,1825,0.3111,281,650.0
2026-09-02,46000,2027-06-10,put,regular,773,0.3044,281,720.0
2026-09-02,46500,2027-06-10,put,regular,70,0.3008,281,755.0
2026-09-02,47000,2027-06-10,put,regular,201,0.2975,281,795.0
2026-09-02,47750,2027-06-10,put,regular,100,0.2923,281,855.0
2026-09-02,48000,2027-06-10,put,regular,1404,0.291,281,880.0
2026-09-02,49000,2027-06-10,put,regular,300,0.2847,281,975.0
2026-09-02,50000,2027-06-10,put,regular,2192,0.2785,281,1080.0
2026-09-02,50500,2027-06-10,put,regular,325,0.2753,281,1135.0
2026-09-02,51000,2027-06-10,put,regular,100,0.2723,281,1195.0
2026-09-02,51250,2027-06-10,put,regular,3,0.2712,281,1230.0
2026-09-02,52000,2027-06-10,put,regular,1030,0.2669,281,1330.0
2026-09-02,52250,2027-06-10,put,regular,88,0.2655,281,1365.0
2026-09-02,52500,2027-06-10,put,regular,57,0.264,281,1400.0
2026-09-02,52750,2027-06-10,put,regular,750,0.2628,281,1440.0
2026-09-02,53000,2027-06-10,put,regular,720,0.2612,281,1475.0
2026-09-02,53500,2027-06-10,put,regular,1,0.2589,281,1560.0
2026-09-02,53750,2027-06-10,put,regular,35,0.2575,281,1600.0
2026-09-02,54000,2027-06-10,put,regular,1402,0.256,281,1640.0
2026-09-02,55000,2027-06-10,put,regular,1450,0.251,281,1825.0
2026-09-02,55500,2027-06-10,put,regular,255,0.2486,281,1925.0
2026-09-02,56000,2027-06-10,put,regular,810,0.2462,281,2030.0
2026-09-02,56500,2027-06-10,put,regular,40,0.2438,281,2140.0
2026-09-02,57000,2027-06-10,put,regular,775,0.2414,281,2255.0
2026-09-02,57750,2027-06-10,put,regular,112,0.238,281,2440.0
2026-09-02,58000,2027-06-10,put,regular,617,0.2369,281,2505.0
2026-09-02,58500,2027-06-10,put,regular,401,0.2344,281,2635.0
2026-09-02,59000,2027-06-10,put,regular,400,0.2322,281,2775.0
2026-09-02,59500,2027-06-10,put,regular,212,0.2302,281,2925.0
2026-09-02,60000,2027-06-10,put,regular,2106,0.2279,281,3075.0
2026-09-02,61000,2027-06-10,put,regular,3,0.2237,281,3405.0
2026-09-02,62000,2027-06-10,put,regular,800,0.216,281,3685.0
2026-09-02,63000,2027-06-10,put,regular,950,0.2152,281,4145.0
2026-09-02,64000,2027-06-10,put,regular,250,0.211,281,4560.0
2026-09-02,64750,2027-06-10,put,regular,104,0.208,281,4895.0
2026-09-02,65000,2027-06-10,put,regular,1886,0.2067,281,5005.0
2026-09-02,65500,2027-06-10,put,regular,26,0.2046,281,5240.0
2026-09-02,66000,2027-06-10,put,regular,150,0.2025,281,5485.0
2026-09-02,66750,2027-06-10,put,regular,150,0.199,281,5860.0
2026-09-02,67000,2027-06-10,put,regular,1070,0.1979,281,5990.0
2026-09-02,67500,2027-06-10,put,regular,100,0.1958,281,6260.0
2026-09-02,68000,2027-06-10,put,regular,600,0.1933,281,6530.0
2026-09-02,68500,2027-06-10,put,regular,200,0.1908,281,6810.0
2026-09-02,69000,2027-06-10,put,regular,500,0.1884,281,7100.0
2026-09-02,70000,2027-06-10,put,regular,700,0.1831,281,7700.0
2026-09-02,72000,2027-06-10,put,regular,100,0.1705,281,8980.0
2026-09-02,77500,2027-06-10,put,regular,50,0.2,281,13020.0
2026-09-02,67000,2027-07-08,put,regular,58,0.1989,309,6225.0
2026-09-02,31000,2027-09-09,put,regular,200,0.3926,372,223.0
2026-09-02,45000,2027-09-09,put,regular,100,0.3008,372,950.0
2026-09-02,47000,2027-09-09,put,regular,200,0.2892,372,1145.0
2026-09-02,48000,2027-09-09,put,regular,100,0.2839,372,1260.0
2026-09-02,50000,2027-09-09,put,regular,125,0.2731,372,1515.0
2026-09-02,52000,2027-09-09,put,regular,3,0.263,372,1825.0
2026-09-02,53000,2027-09-09,put,regular,300,0.2581,372,2000.0
2026-09-02,54250,2027-09-09,put,regular,200,0.2523,372,2245.0
2026-09-02,55000,2027-09-09,put,regular,300,0.2488,372,2405.0
2026-09-02,58000,2027-09-09,put,regular,1,0.2356,372,3150.0
2026-09-02,60000,2027-09-09,put,regular,225,0.2272,372,3755.0
2026-09-02,62000,2027-09-09,put,regular,188,0.2192,372,4460.0
2026-09-02,65000,2027-09-09,put,regular,300,0.2077,372,5720.0
2026-09-02,67000,2027-09-09,put,regular,30,0.1998,372,6695.0
2026-09-02,68250,2027-09-09,put,regular,200,0.195,372,7365.0
2026-09-02,68750,2027-09-09,put,regular,91,0.1928,372,7640.0
2026-09-02,12500,2027-12-09,put,regular,11,0.534,463,16.0
2026-09-02,13000,2027-12-09,put,regular,1,0.4137,463,1.0
2026-09-02,16000,2027-12-09,put,regular,350,0.4148,463,6.0
2026-09-02,19000,2027-12-09,put,regular,300,0.4097,463,20.0
2026-09-02,20000,2027-12-09,put,regular,400,0.4365,463,50.0
2026-09-02,21000,2027-12-09,put,regular,50,0.4091,463,41.0
2026-09-02,22000,2027-12-09,put,regular,408,0.4204,463,70.0
2026-09-02,22500,2027-12-09,put,regular,36,0.4081,463,65.0
2026-09-02,23000,2027-12-09,put,regular,132,0.4077,463,75.0
2026-09-02,23750,2027-12-09,put,regular,39,0.4077,463,93.0
2026-09-02,24000,2027-12-09,put,regular,1721,0.4073,463,99.0
2026-09-02,25000,2027-12-09,put,regular,1211,0.4067,463,128.0
2026-09-02,26000,2027-12-09,put,regular,200,0.4065,463,164.0
2026-09-02,26500,2027-12-09,put,regular,100,0.4062,463,184.0
2026-09-02,27000,2027-12-09,put,regular,1300,0.4063,463,207.0
2026-09-02,28000,2027-12-09,put,regular,2125,0.3992,463,234.0
2026-09-02,29000,2027-12-09,put,regular,350,0.3923,463,264.0
2026-09-02,29500,2027-12-09,put,regular,249,0.3889,463,280.0
2026-09-02,30000,2027-12-09,put,regular,2445,0.3854,463,296.0
2026-09-02,31000,2027-12-09,put,regular,1750,0.3795,463,335.0
2026-09-02,31500,2027-12-09,put,regular,204,0.3754,463,350.0
2026-09-02,32000,2027-12-09,put,regular,1425,0.3722,463,370.0
2026-09-02,32250,2027-12-09,put,regular,30,0.3706,463,380.0
2026-09-02,32750,2027-12-09,put,regular,35,0.3672,463,400.0
2026-09-02,33000,2027-12-09,put,regular,450,0.3654,463,410.0
2026-09-02,34000,2027-12-09,put,regular,1794,0.3591,463,455.0
2026-09-02,34500,2027-12-09,put,regular,100,0.3561,463,480.0
2026-09-02,35000,2027-12-09,put,regular,1600,0.353,463,505.0
2026-09-02,35500,2027-12-09,put,regular,40,0.3497,463,530.0
2026-09-02,36000,2027-12-09,put,regular,1230,0.3464,463,555.0
2026-09-02,36500,2027-12-09,put,regular,300,0.3429,463,580.0
2026-09-02,37000,2027-12-09,put,regular,1150,0.3401,463,610.0
2026-09-02,38000,2027-12-09,put,regular,1175,0.3339,463,670.0
2026-09-02,39000,2027-12-09,put,regular,800,0.3278,463,735.0
2026-09-02,39500,2027-12-09,put,regular,50,0.3249,463,770.0
2026-09-02,40000,2027-12-09,put,regular,3150,0.3219,463,805.0
2026-09-02,40500,2027-12-09,put,regular,450,0.3192,463,845.0
2026-09-02,42000,2027-12-09,put,regular,550,0.3105,463,965.0
2026-09-02,43000,2027-12-09,put,regular,240,0.3049,463,1055.0
2026-09-02,44000,2027-12-09,put,regular,100,0.2997,463,1155.0
2026-09-02,45000,2027-12-09,put,regular,1976,0.2943,463,1260.0
2026-09-02,46000,2027-12-09,put,regular,900,0.2891,463,1375.0
2026-09-02,47000,2027-12-09,put,regular,250,0.2841,463,1500.0
2026-09-02,47500,2027-12-09,put,regular,35,0.2815,463,1565.0
2026-09-02,48000,2027-12-09,put,regular,615,0.2792,463,1635.0
2026-09-02,49000,2027-12-09,put,regular,700,0.2742,463,1780.0
2026-09-02,50000,2027-12-09,put,regular,3270,0.2696,463,1940.0
2026-09-02,51000,2027-12-09,put,regular,350,0.2649,463,2110.0
2026-09-02,52000,2027-12-09,put,regular,635,0.2607,463,2300.0
2026-09-02,53000,2027-12-09,put,regular,822,0.2563,463,2500.0
2026-09-02,54000,2027-12-09,put,regular,475,0.2521,463,2720.0
2026-09-02,54500,2027-12-09,put,regular,400,0.2503,463,2840.0
2026-09-02,55000,2027-12-09,put,regular,1300,0.2483,463,2960.0
2026-09-02,55500,2027-12-09,put,regular,75,0.2463,463,3085.0
2026-09-02,56000,2027-12-09,put,regular,270,0.2443,463,3215.0
2026-09-02,57000,2027-12-09,put,regular,220,0.2403,463,3485.0
2026-09-02,58000,2027-12-09,put,regular,1825,0.2366,463,3780.0
2026-09-02,58500,2027-12-09,put,regular,610,0.2348,463,3935.0
2026-09-02,59000,2027-12-09,put,regular,100,0.2329,463,4095.0
2026-09-02,60000,2027-12-09,put,regular,1260,0.2295,463,4435.0
2026-09-02,62000,2027-12-09,put,regular,425,0.2226,463,5180.0
2026-09-02,62500,2027-12-09,put,regular,70,0.2209,463,5380.0
2026-09-02,63000,2027-12-09,put,regular,250,0.2192,463,5585.0
2026-09-02,63500,2027-12-09,put,regular,50,0.2176,463,5800.0
2026-09-02,64000,2027-12-09,put,regular,130,0.216,463,6020.0
2026-09-02,65000,2027-12-09,put,regular,1300,0.2127,463,6475.0
2026-09-02,66000,2027-12-09,put,regular,825,0.2093,463,6955.0
2026-09-02,67000,2027-12-09,put,regular,400,0.2062,463,7465.0
2026-09-02,68000,2027-12-09,put,regular,200,0.2029,463,7995.0
2026-09-02,69000,2027-12-09,put,regular,750,0.1996,463,8550.0
2026-09-02,70000,2027-12-09,put,regular,550,0.1962,463,9130.0
2026-09-02,75000,2027-12-09,put,regular,175,0.1768,463,12365.0
2026-09-02,80000,2027-12-09,put,regular,400,0.144,463,16090.0
2026-09-02,15000,2028-06-08,put,regular,3,0.3947,645,13.0
2026-09-02,20000,2028-06-08,put,regular,3,0.3912,645,77.0
2026-09-02,25000,2028-06-08,put,regular,630,0.389,645,267.0
2026-09-02,26000,2028-06-08,put,regular,250,0.3891,645,330.0
2026-09-02,27000,2028-06-08,put,regular,100,0.3886,645,400.0
2026-09-02,30000,2028-06-08,put,regular,300,0.3674,645,530.0
2026-09-02,32000,2028-06-08,put,regular,250,0.3551,645,640.0
2026-09-02,33000,2028-06-08,put,regular,100,0.3489,645,700.0
2026-09-02,35000,2028-06-08,put,regular,200,0.3368,645,830.0
2026-09-02,40000,2028-06-08,put,regular,250,0.3098,645,1260.0
2026-09-02,41500,2028-06-08,put,regular,100,0.3022,645,1420.0
2026-09-02,45000,2028-06-08,put,regular,65,0.2858,645,1870.0
2026-09-02,48000,2028-06-08,put,regular,300,0.2728,645,2350.0
2026-09-02,50000,2028-06-08,put,regular,400,0.2645,645,2725.0
2026-09-02,54000,2028-06-08,put,regular,100,0.2491,645,3640.0
2026-09-02,55000,2028-06-08,put,regular,50,0.2454,645,3905.0
2026-09-02,58000,2028-06-08,put,regular,200,0.2352,645,4810.0
2026-09-02,60000,2028-06-08,put,regular,250,0.2286,645,5500.0
2026-09-02,12000,2028-12-07,put,regular,300,0.3788,827,7.0
2026-09-02,16000,2028-12-07,put,regular,1950,0.3765,827,40.0
2026-09-02,18000,2028-12-07,put,regular,100,0.3753,827,77.0
2026-09-02,20000,2028-12-07,put,regular,200,0.3743,827,135.0
2026-09-02,23000,2028-12-07,put,regular,100,0.3734,827,275.0
2026-09-02,23500,2028-12-07,put,regular,38,0.3731,827,305.0
2026-09-02,24000,2028-12-07,put,regular,1000,0.3734,827,340.0
2026-09-02,25000,2028-12-07,put,regular,1200,0.3725,827,410.0
2026-09-02,27000,2028-12-07,put,regular,120,0.3717,827,585.0
2026-09-02,27500,2028-12-07,put,regular,50,0.3688,827,615.0
2026-09-02,28000,2028-12-07,put,regular,1250,0.3658,827,645.0
2026-09-02,30000,2028-12-07,put,regular,350,0.3536,827,770.0
2026-09-02,31000,2028-12-07,put,regular,400,0.3478,827,840.0
2026-09-02,32000,2028-12-07,put,regular,850,0.3422,827,915.0
2026-09-02,32250,2028-12-07,put,regular,51,0.3409,827,935.0
2026-09-02,33000,2028-12-07,put,regular,125,0.3364,827,990.0
2026-09-02,34000,2028-12-07,put,regular,775,0.331,827,1075.0
2026-09-02,34750,2028-12-07,put,regular,100,0.327,827,1140.0
2026-09-02,35000,2028-12-07,put,regular,1305,0.3254,827,1160.0
2026-09-02,36000,2028-12-07,put,regular,2750,0.3203,827,1255.0
2026-09-02,37000,2028-12-07,put,regular,580,0.3149,827,1350.0
2026-09-02,38000,2028-12-07,put,regular,2860,0.3098,827,1455.0
2026-09-02,39000,2028-12-07,put,regular,50,0.3048,827,1565.0
2026-09-02,40000,2028-12-07,put,regular,1210,0.2998,827,1680.0
2026-09-02,42000,2028-12-07,put,regular,350,0.2906,827,1940.0
2026-09-02,43000,2028-12-07,put,regular,100,0.286,827,2080.0
2026-09-02,44500,2028-12-07,put,regular,75,0.2793,827,2305.0
2026-09-02,45000,2028-12-07,put,regular,670,0.2771,827,2385.0
2026-09-02,46000,2028-12-07,put,regular,100,0.2729,827,2555.0
2026-09-02,48000,2028-12-07,put,regular,600,0.2649,827,2925.0
2026-09-02,50000,2028-12-07,put,regular,2450,0.2573,827,3345.0
2026-09-02,51000,2028-12-07,put,regular,150,0.2535,827,3570.0
2026-09-02,53000,2028-12-07,put,regular,50,0.2466,827,4070.0
2026-09-02,55000,2028-12-07,put,regular,705,0.2399,827,4625.0
2026-09-02,56000,2028-12-07,put,regular,450,0.2368,827,4930.0
2026-09-02,57000,2028-12-07,put,regular,150,0.2337,827,5250.0
2026-09-02,60000,2028-12-07,put,regular,550,0.2248,827,6310.0
2026-09-02,63000,2028-12-07,put,regular,25,0.2166,827,7535.0
2026-09-02,65000,2028-12-07,put,regular,925,0.2114,827,8445.0
2026-09-02,68000,2028-12-07,put,regular,100,0.2037,827,9950.0
2026-09-02,69000,2028-12-07,put,regular,270,0.2012,827,10490.0
2026-09-02,70000,2028-12-07,put,regular,100,0.1986,827,11045.0
2026-09-02,75000,2028-12-07,put,regular,80,0.1855,827,14095.0
2026-09-02,15000,2029-06-07,put,regular,1,0.3623,1009,46.0
2026-09-02,15000,2029-12-13,put,regular,1,0.3452,1198,62.0
2026-09-02,23250,2029-12-13,put,regular,40,0.342,1198,480.0
2026-09-02,32000,2029-12-13,put,regular,113,0.319,1198,1390.0
2026-09-02,34250,2029-12-13,put,regular,6,0.3076,1198,1625.0
2026-09-02,44000,2029-12-13,put,regular,100,0.2628,1198,2970.0
2026-09-02,45000,2029-12-13,put,regular,50,0.259,1198,3155.0
2026-09-02,50000,2029-12-13,put,regular,70,0.2416,1198,4250.0
2026-09-02,64000,2029-12-13,put,regular,100,0.2087,1198,9355.0
2026-09-02,65000,2029-12-13,put,regular,50,0.2068,1198,9840.0
2026-09-02,70000,2029-12-13,put,regular,100,0.1973,1198,12490.0
2026-09-02,19000,2030-06-13,put,regular,2,0.3344,1380,253.0
2026-09-02,23500,2030-12-12,put,regular,100,0.3231,1562,710.0
2026-09-02,31750,2030-12-12,put,regular,74,0.2934,1562,1585.0
2026-09-02,34000,2030-12-12,put,regular,24,0.2811,1562,1800.0
2026-09-02,44000,2030-12-12,put,regular,80,0.2471,1562,3490.0
2026-09-02,49500,2030-12-12,call,regular,100,0.2,1562,4965.0
2026-09-02,50000,2030-12-12,call,regular,100,0.2,1562,5120.0
2026-09-02,64000,2030-12-12,call,regular,3,0.1953,1562,10535.0
2026-09-02,31500,2031-12-11,call,regular,52,0.2,1926,1950.0
2026-09-02,68000,2031-12-11,call,regular,100,0.2496,1926,13265.0
2026-09-02,31250,2032-12-09,call,regular,40,0.2,2290,2230.0
2026-09-02,30000,2026-09-10,call,regular,3750,4.5609,8,36145.0
2026-09-02,37000,2026-09-10,call,regular,1,3.5237,8,29145.0
2026-09-02,40000,2026-09-10,call,regular,5,3.1374,8,26145.0
2026-09-02,42000,2026-09-10,call,regular,101,2.897,8,24150.0
2026-09-02,42500,2026-09-10,call,regular,10,2.8377,8,23650.0
2026-09-02,43000,2026-09-10,call,regular,100,2.7791,8,23150.0
2026-09-02,43500,2026-09-10,call,regular,57,2.721,8,22650.0
2026-09-02,45000,2026-09-10,call,regular,42,2.5499,8,21150.0
2026-09-02,48000,2026-09-10,call,regular,400,2.2202,8,18150.0
2026-09-02,48500,2026-09-10,call,regular,240,2.1689,8,17655.0
2026-09-02,49000,2026-09-10,call,regular,200,2.1157,8,17155.0
2026-09-02,50000,2026-09-10,call,regular,4650,2.0101,8,16155.0
2026-09-02,50500,2026-09-10,call,regular,50,1.9578,8,15655.0
2026-09-02,51000,2026-09-10,call,regular,141,1.9058,8,15155.0
2026-09-02,51250,2026-09-10,call,regular,210,1.8798,8,14905.0
2026-09-02,52000,2026-09-10,call,regular,350,1.8024,8,14155.0
2026-09-02,53000,2026-09-10,call,regular,1100,1.7017,8,13160.0
2026-09-02,53500,2026-09-10,call,regular,400,1.6506,8,12660.0
2026-09-02,53750,2026-09-10,call,regular,150,1.6251,8,12410.0
2026-09-02,54000,2026-09-10,call,regular,1056,1.6016,8,12165.0
2026-09-02,54250,2026-09-10,call,regular,50,1.5761,8,11915.0
2026-09-02,54500,2026-09-10,call,regular,200,1.5507,8,11665.0
2026-09-02,54750,2026-09-10,call,regular,90,1.5253,8,11415.0
2026-09-02,55000,2026-09-10,call,regular,660,1.4999,8,11165.0
2026-09-02,56000,2026-09-10,call,regular,1250,1.4001,8,10170.0
2026-09-02,56500,2026-09-10,call,regular,75,1.351,8,9675.0
2026-09-02,57000,2026-09-10,call,regular,850,1.3001,8,9175.0
2026-09-02,57500,2026-09-10,call,regular,384,1.2508,8,8680.0
2026-09-02,58000,2026-09-10,call,regular,1101,1.2012,8,8185.0
2026-09-02,59000,2026-09-10,call,regular,1096,1.1012,8,7195.0
2026-09-02,60000,2026-09-10,call,regular,786,1.0025,8,6215.0
2026-09-02,60500,2026-09-10,call,regular,750,0.9537,8,5730.0
2026-09-02,60750,2026-09-10,call,regular,120,0.9298,8,5490.0
2026-09-02,61000,2026-09-10,call,regular,221,0.9041,8,5245.0
2026-09-02,61250,2026-09-10,call,regular,22,0.8797,8,5005.0
2026-09-02,61500,2026-09-10,call,regular,2,0.8564,8,4770.0
2026-09-02,61875,2026-09-10,call,regular,2,0.8201,8,4415.0
2026-09-02,62000,2026-09-10,call,regular,2002,0.8088,8,4300.0
2026-09-02,62250,2026-09-10,call,regular,1,0.7844,8,4065.0
2026-09-02,62500,2026-09-10,call,regular,801,0.761,8,3835.0
2026-09-02,63000,2026-09-10,call,regular,967,0.7154,8,3385.0
2026-09-02,63250,2026-09-10,call,regular,1,0.693,8,3165.0
2026-09-02,63500,2026-09-10,call,regular,4,0.6713,8,2950.0
2026-09-02,64000,2026-09-10,call,regular,1689,0.6296,8,2535.0
2026-09-02,64250,2026-09-10,call,regular,100,0.6093,8,2335.0
2026-09-02,64500,2026-09-10,call,regular,104,0.5893,8,2140.0
2026-09-02,64750,2026-09-10,call,regular,1,0.5722,8,1960.0
2026-09-02,64875,2026-09-10,call,regular,1,0.5631,8,1870.0
2026-09-02,65000,2026-09-10,call,regular,5388,0.5524,8,1775.0
2026-09-02,65125,2026-09-10,call,regular,2,0.5467,8,1700.0
2026-09-02,65250,2026-09-10,call,regular,3,0.5366,8,1610.0
2026-09-02,65375,2026-09-10,call,regular,1,0.5288,8,1530.0
2026-09-02,65500,2026-09-10,call,regular,192,0.5192,8,1445.0
2026-09-02,65625,2026-09-10,call,regular,5,0.5119,8,1370.0
2026-09-02,65750,2026-09-10,call,regular,9,0.5056,8,1300.0
2026-09-02,65875,2026-09-10,call,regular,1,0.4975,8,1225.0
2026-09-02,66000,2026-09-10,call,regular,1796,0.4903,8,1155.0
2026-09-02,66125,2026-09-10,call,regular,40,0.4854,8,1095.0
2026-09-02,66250,2026-09-10,call,regular,86,0.4787,8,1030.0
2026-09-02,66375,2026-09-10,call,regular,1,0.4715,8,965.0
2026-09-02,66500,2026-09-10,call,regular,2421,0.4622,8,895.0
2026-09-02,66625,2026-09-10,call,regular,3,0.4568,8,840.0
2026-09-02,66750,2026-09-10,call,regular,1611,0.4509,8,785.0
2026-09-02,66875,2026-09-10,call,regular,7,0.446,8,735.0
2026-09-02,67000,2026-09-10,call,regular,2572,0.4546,8,730.0
2026-09-02,67125,2026-09-10,call,regular,5,0.436,8,640.0
2026-09-02,67250,2026-09-10,call,regular,16,0.4293,8,590.0
2026-09-02,67375,2026-09-10,call,regular,31,0.4253,8,550.0
2026-09-02,67500,2026-09-10,call,regular,1427,0.4208,8,510.0
2026-09-02,67625,2026-09-10,call,regular,42,0.4156,8,470.0
2026-09-02,67750,2026-09-10,call,regular,489,0.4115,8,435.0
2026-09-02,67875,2026-09-10,call,regular,56,0.4069,8,400.0
2026-09-02,68000,2026-09-10,call,regular,3278,0.4036,8,370.0
2026-09-02,68125,2026-09-10,call,regular,86,0.3996,8,340.0
2026-09-02,68250,2026-09-10,call,regular,32,0.3971,8,315.0
2026-09-02,68375,2026-09-10,call,regular,25,0.3945,8,291.0
2026-09-02,68500,2026-09-10,call,regular,375,0.4026,8,292.0
2026-09-02,68625,2026-09-10,call,regular,27,0.3883,8,245.0
2026-09-02,68750,2026-09-10,call,regular,319,0.3857,8,225.0
2026-09-02,68875,2026-09-10,call,regular,83,0.3815,8,203.0
2026-09-02,69000,2026-09-10,call,regular,1897,0.3809,8,189.0
2026-09-02,69125,2026-09-10,call,regular,131,0.3781,8,172.0
2026-09-02,69250,2026-09-10,call,regular,113,0.3746,8,155.0
2026-09-02,69375,2026-09-10,call,regular,29,0.3729,8,142.0
2026-09-02,69500,2026-09-10,call,regular,765,0.374,8,134.0
2026-09-02,69625,2026-09-10,call,regular,73,0.3684,8,117.0
2026-09-02,69750,2026-09-10,call,regular,1463,0.3671,8,107.0
2026-09-02,69875,2026-09-10,call,regular,47,0.3643,8,96.0
2026-09-02,70000,2026-09-10,call,regular,4094,0.3661,8,91.0
2026-09-02,70125,2026-09-10,call,regular,5,0.3621,8,80.0
2026-09-02,70250,2026-09-10,call,regular,642,0.3622,8,74.0
2026-09-02,70375,2026-09-10,call,regular,4,0.3597,8,66.0
2026-09-02,70500,2026-09-10,call,regular,385,0.3598,8,61.0
2026-09-02,70625,2026-09-10,call,regular,269,0.3583,8,55.0
2026-09-02,70750,2026-09-10,call,regular,22,0.3575,8,50.0
2026-09-02,70875,2026-09-10,call,regular,61,0.3562,8,45.0
2026-09-02,71000,2026-09-10,call,regular,1912,0.3586,8,43.0
2026-09-02,71125,2026-09-10,call,regular,58,0.3563,8,38.0
2026-09-02,71250,2026-09-10,call,regular,86,0.3565,8,35.0
2026-09-02,71375,2026-09-10,call,regular,11,0.3527,8,30.0
2026-09-02,71500,2026-09-10,call,regular,630,0.3613,8,32.0
2026-09-02,71625,2026-09-10,call,regular,4,0.3547,8,26.0
2026-09-02,71750,2026-09-10,call,regular,20,0.3552,8,24.0
2026-09-02,71875,2026-09-10,call,regular,3,0.3554,8,22.0
2026-09-02,72000,2026-09-10,call,regular,2464,0.3577,8,21.0
2026-09-02,72125,2026-09-10,call,regular,78,0.3545,8,18.0
2026-09-02,72250,2026-09-10,call,regular,40,0.3563,8,17.0
2026-09-02,72375,2026-09-10,call,regular,10,0.3578,8,16.0
2026-09-02,72500,2026-09-10,call,regular,1746,0.3592,8,15.0
2026-09-02,72625,2026-09-10,call,regular,5,0.3569,8,13.0
2026-09-02,72750,2026-09-10,call,regular,303,0.3576,8,12.0
2026-09-02,72875,2026-09-10,call,regular,34,0.3579,8,11.0
2026-09-02,73000,2026-09-10,call,regular,1664,0.3622,8,11.0
2026-09-02,73125,2026-09-10,call,regular,5,0.3622,8,10.0
2026-09-02,73250,2026-09-10,call,regular,14,0.3664,8,10.0
2026-09-02,73375,2026-09-10,call,regular,3,0.3659,8,9.0
2026-09-02,73500,2026-09-10,call,regular,524,0.3649,8,8.0
2026-09-02,73625,2026-09-10,call,regular,5,0.3634,8,7.0
2026-09-02,73750,2026-09-10,call,regular,53,0.3674,8,7.0
2026-09-02,73875,2026-09-10,call,regular,25,0.3714,8,7.0
2026-09-02,74000,2026-09-10,call,regular,1392,0.3753,8,7.0
2026-09-02,74125,2026-09-10,call,regular,6,0.3729,8,6.0
2026-09-02,74250,2026-09-10,call,regular,6,0.3768,8,6.0
2026-09-02,74375,2026-09-10,call,regular,1,0.3733,8,5.0
2026-09-02,74500,2026-09-10,call,regular,168,0.3771,8,5.0
2026-09-02,74625,2026-09-10,call,regular,57,0.3809,8,5.0
2026-09-02,74750,2026-09-10,call,regular,68,0.3847,8,5.0
2026-09-02,74875,2026-09-10,call,regular,1,0.3797,8,4.0
2026-09-02,75000,2026-09-10,call,regular,3305,0.3834,8,4.0
2026-09-02,75125,2026-09-10,call,regular,1,0.3763,8,3.0
2026-09-02,75250,2026-09-10,call,regular,45,0.3799,8,3.0
2026-09-02,75375,2026-09-10,call,regular,6,0.3834,8,3.0
2026-09-02,75500,2026-09-10,call,regular,250,0.387,8,3.0
2026-09-02,76000,2026-09-10,call,regular,663,0.3865,8,2.0
2026-09-02,76500,2026-09-10,call,regular,97,0.4001,8,2.0
2026-09-02,77000,2026-09-10,call,regular,920,0.4137,8,2.0
2026-09-02,77500,2026-09-10,call,regular,978,0.4028,8,1.0
2026-09-02,78000,2026-09-10,call,regular,2461,0.4154,8,1.0
2026-09-02,78500,2026-09-10,call,regular,87,0.428,8,1.0
2026-09-02,79000,2026-09-10,call,regular,252,0.4404,8,1.0
2026-09-02,79500,2026-09-10,call,regular,234,0.4526,8,1.0
2026-09-02,80000,2026-09-10,call,regular,1827,0.4648,8,1.0
2026-09-02,80500,2026-09-10,call,regular,18,0.4769,8,1.0
2026-09-02,81000,2026-09-10,call,regular,395,0.4889,8,1.0
2026-09-02,81500,2026-09-10,call,regular,43,0.5008,8,1.0
2026-09-02,82000,2026-09-10,call,regular,340,0.5126,8,1.0
2026-09-02,82500,2026-09-10,call,regular,133,0.5242,8,1.0
2026-09-02,83000,2026-09-10,call,regular,546,0.5358,8,1.0
2026-09-02,83500,2026-09-10,call,regular,49,0.5473,8,1.0
2026-09-02,84000,2026-09-10,call,regular,1219,0.5587,8,1.0
2026-09-02,84500,2026-09-10,call,regular,52,0.5701,8,1.0
2026-09-02,85000,2026-09-10,call,regular,903,0.5813,8,1.0
2026-09-02,87500,2026-09-10,call,regular,345,0.6362,8,1.0
2026-09-02,90000,2026-09-10,call,regular,666,0.6891,8,1.0
2026-09-02,92000,2026-09-10,call,regular,57,0.7302,8,1.0
2026-09-02,94000,2026-09-10,call,regular,17,0.7701,8,1.0
2026-09-02,95000,2026-09-10,call,regular,43,0.7897,8,1.0
2026-09-02,96000,2026-09-10,call,regular,20,0.809,8,1.0
2026-09-02,98000,2026-09-10,call,regular,15,0.847,8,1.0
2026-09-02,100000,2026-09-10,call,regular,89,0.884,8,1.0
2026-09-02,35000,2026-10-08,call,regular,24,1.6723,36,30785.0
2026-09-02,45000,2026-10-08,call,regular,2,1.1222,36,20825.0
2026-09-02,47500,2026-10-08,call,regular,34,1.0026,36,18345.0
2026-09-02,53000,2026-10-08,call,regular,34,0.7536,36,12905.0
2026-09-02,55000,2026-10-08,call,regular,4,0.6688,36,10950.0
2026-09-02,57000,2026-10-08,call,regular,1,0.5872,36,9020.0
2026-09-02,60000,2026-10-08,call,regular,1,0.475,36,6235.0
2026-09-02,60500,2026-10-08,call,regular,100,0.4583,36,5795.0
2026-09-02,61000,2026-10-08,call,regular,201,0.4423,36,5365.0
2026-09-02,62000,2026-10-08,call,regular,49,0.412,36,4535.0
2026-09-02,63000,2026-10-08,call,regular,4,0.3854,36,3765.0
2026-09-02,63500,2026-10-08,call,regular,3590000,0.3741,36,3410.0
2026-09-02,63875,2026-10-08,call,regular,50,0.3661,36,3155.0
2026-09-02,64000,2026-10-08,call,regular,31,0.362,36,3060.0
2026-09-02,65000,2026-10-08,call,regular,145,0.3416,36,2430.0
2026-09-02,65250,2026-10-08,call,regular,1,0.3376,36,2290.0
2026-09-02,65500,2026-10-08,call,regular,121,0.3332,36,2150.0
2026-09-02,65750,2026-10-08,call,regular,54,0.3295,36,2020.0
2026-09-02,65875,2026-10-08,call,regular,1,0.3268,36,1950.0
2026-09-02,66000,2026-10-08,call,regular,470,0.3234,36,1875.0
2026-09-02,66250,2026-10-08,call,regular,4,0.3187,36,1745.0
2026-09-02,66375,2026-10-08,call,regular,1,0.3167,36,1685.0
2026-09-02,66500,2026-10-08,call,regular,3,0.3153,36,1630.0
2026-09-02,66750,2026-10-08,call,regular,124,0.3114,36,1515.0
2026-09-02,66875,2026-10-08,call,regular,12,0.3109,36,1470.0
2026-09-02,67000,2026-10-08,call,regular,509,0.309,36,1415.0
2026-09-02,67500,2026-10-08,call,regular,123,0.3024,36,1215.0
2026-09-02,67750,2026-10-08,call,regular,1,0.2996,36,1125.0
2026-09-02,67875,2026-10-08,call,regular,1145000,0.2973,36,1075.0
2026-09-02,68000,2026-10-08,call,regular,598,0.2977,36,1045.0
2026-09-02,68125,2026-10-08,call,regular,14,0.2958,36,1000.0
2026-09-02,68250,2026-10-08,call,regular,2,0.2945,36,960.0
2026-09-02,68375,2026-10-08,call,regular,3890000,0.2945,36,930.0
2026-09-02,68500,2026-10-08,call,regular,1116,0.2998,36,935.0
2026-09-02,68750,2026-10-08,call,regular,103,0.2908,36,820.0
2026-09-02,68875,2026-10-08,call,regular,880000,0.2895,36,785.0
2026-09-02,69000,2026-10-08,call,regular,2863,0.2889,36,755.0
2026-09-02,69250,2026-10-08,call,regular,1,0.2863,36,690.0
2026-09-02,69500,2026-10-08,call,regular,177,0.2858,36,640.0
2026-09-02,69750,2026-10-08,call,regular,2,0.2838,36,585.0
2026-09-02,69875,2026-10-08,call,regular,88,0.2839,36,565.0
2026-09-02,70000,2026-10-08,call,regular,1210,0.2849,36,550.0
2026-09-02,70250,2026-10-08,call,regular,12,0.2817,36,495.0
2026-09-02,70375,2026-10-08,call,regular,117,0.2794,36,465.0
2026-09-02,70500,2026-10-08,call,regular,102,0.2799,36,450.0
2026-09-02,70750,2026-10-08,call,regular,3,0.2795,36,415.0
2026-09-02,71000,2026-10-08,call,regular,137,0.2775,36,375.0
2026-09-02,71250,2026-10-08,call,regular,103,0.2772,36,345.0
2026-09-02,71500,2026-10-08,call,regular,256,0.2764,36,315.0
2026-09-02,72000,2026-10-08,call,regular,1807,0.2747,36,261.0
2026-09-02,72250,2026-10-08,call,regular,86,0.2739,36,237.0
2026-09-02,72500,2026-10-08,call,regular,175,0.2731,36,215.0
2026-09-02,72750,2026-10-08,call,regular,10,0.2718,36,193.0
2026-09-02,73000,2026-10-08,call,regular,1489,0.2723,36,178.0
2026-09-02,73250,2026-10-08,call,regular,2,0.2709,36,159.0
2026-09-02,73500,2026-10-08,call,regular,24,0.2704,36,144.0
2026-09-02,74000,2026-10-08,call,regular,583,0.2697,36,118.0
2026-09-02,74250,2026-10-08,call,regular,8,0.2686,36,105.0
2026-09-02,74500,2026-10-08,call,regular,66,0.2678,36,94.0
2026-09-02,74750,2026-10-08,call,regular,1,0.2671,36,84.0
2026-09-02,75000,2026-10-08,call,regular,1692,0.2683,36,78.0
2026-09-02,75250,2026-10-08,call,regular,3,0.2672,36,69.0
2026-09-02,75500,2026-10-08,call,regular,7,0.2677,36,63.0
2026-09-02,75750,2026-10-08,call,regular,1,0.2662,36,55.0
2026-09-02,76000,2026-10-08,call,regular,823,0.2682,36,52.0
2026-09-02,76250,2026-10-08,call,regular,6,0.2674,36,46.0
2026-09-02,76500,2026-10-08,call,regular,10,0.2669,36,41.0
2026-09-02,77000,2026-10-08,call,regular,1184,0.269,36,35.0
2026-09-02,77500,2026-10-08,call,regular,111,0.2673,36,27.0
2026-09-02,78000,2026-10-08,call,regular,622,0.2678,36,22.0
2026-09-02,78500,2026-10-08,call,regular,7,0.2703,36,19.0
2026-09-02,79000,2026-10-08,call,regular,46,0.2719,36,16.0
2026-09-02,79500,2026-10-08,call,regular,4,0.277,36,15.0
2026-09-02,80000,2026-10-08,call,regular,1848,0.2768,36,12.0
2026-09-02,80500,2026-10-08,call,regular,2,0.2749,36,9.0
2026-09-02,81000,2026-10-08,call,regular,480,0.278,36,8.0
2026-09-02,81500,2026-10-08,call,regular,2,0.2807,36,7.0
2026-09-02,82000,2026-10-08,call,regular,64,0.2826,36,6.0
2026-09-02,82500,2026-10-08,call,regular,3,0.2889,36,6.0
2026-09-02,83000,2026-10-08,call,regular,17,0.2899,36,5.0
2026-09-02,83500,2026-10-08,call,regular,9,0.296,36,5.0
2026-09-02,84000,2026-10-08,call,regular,6,0.2958,36,4.0
2026-09-02,85000,2026-10-08,call,regular,156,0.2997,36,3.0
2026-09-02,87500,2026-10-08,call,regular,113,0.3166,36,2.0
2026-09-02,90000,2026-10-08,call,regular,101,0.3427,36,2.0
2026-09-02,92500,2026-10-08,call,regular,15,0.3489,36,1.0
2026-09-02,95000,2026-10-08,call,regular,59,0.3722,36,1.0
2026-09-02,97500,2026-10-08,call,regular,14,0.3948,36,1.0
2026-09-02,100000,2026-10-08,call,regular,297,0.4166,36,1.0
2026-09-02,44500,2026-11-12,call,regular,1,0.8417,71,21465.0
2026-09-02,50250,2026-11-12,call,regular,35,0.6527,71,15820.0
2026-09-02,56000,2026-11-12,call,regular,34,0.4875,71,10325.0
2026-09-02,57500,2026-11-12,call,regular,100,0.4503,71,8960.0
2026-09-02,58000,2026-11-12,call,regular,1,0.4369,71,8500.0
2026-09-02,60500,2026-11-12,call,regular,100,0.3871,71,6415.0
2026-09-02,61000,2026-11-12,call,regular,200,0.377,71,6010.0
2026-09-02,64000,2026-11-12,call,regular,125,0.3308,71,3885.0
2026-09-02,65000,2026-11-12,call,regular,13,0.3155,71,3250.0
2026-09-02,65500,2026-11-12,call,regular,101,0.3103,71,2975.0
2026-09-02,65750,2026-11-12,call,regular,1,0.3075,71,2840.0
2026-09-02,65875,2026-11-12,call,regular,50,0.3062,71,2775.0
2026-09-02,66000,2026-11-12,call,regular,446,0.3049,71,2710.0
2026-09-02,67000,2026-11-12,call,regular,1135,0.2949,71,2225.0
2026-09-02,67500,2026-11-12,call,regular,301,0.2894,71,1995.0
2026-09-02,68000,2026-11-12,call,regular,430,0.2855,71,1795.0
2026-09-02,68375,2026-11-12,call,regular,16,0.2833,71,1660.0
2026-09-02,68500,2026-11-12,call,regular,1,0.2824,71,1615.0
2026-09-02,69000,2026-11-12,call,regular,1938,0.2791,71,1445.0
2026-09-02,69500,2026-11-12,call,regular,4,0.2762,71,1290.0
2026-09-02,70000,2026-11-12,call,regular,1013,0.2731,71,1145.0
2026-09-02,70500,2026-11-12,call,regular,1,0.2716,71,1025.0
2026-09-02,71000,2026-11-12,call,regular,300,0.2702,71,915.0
2026-09-02,71500,2026-11-12,call,regular,353,0.2663,71,795.0
2026-09-02,72000,2026-11-12,call,regular,395,0.2651,71,705.0
2026-09-02,72500,2026-11-12,call,regular,602,0.2655,71,635.0
2026-09-02,73750,2026-11-12,call,regular,1,0.2638,71,470.0
2026-09-02,74000,2026-11-12,call,regular,100,0.2623,71,435.0
2026-09-02,74500,2026-11-12,call,regular,116,0.2611,71,380.0
2026-09-02,75000,2026-11-12,call,regular,842,0.2587,71,325.0
2026-09-02,75500,2026-11-12,call,regular,77,0.2583,71,285.0
2026-09-02,76000,2026-11-12,call,regular,1,0.256,71,242.0
2026-09-02,76500,2026-11-12,call,regular,280,0.258,71,220.0
2026-09-02,77000,2026-11-12,call,regular,121,0.257,71,190.0
2026-09-02,78000,2026-11-12,call,regular,106,0.2589,71,151.0
2026-09-02,79000,2026-11-12,call,regular,2,0.2575,71,112.0
2026-09-02,80000,2026-11-12,call,regular,92,0.2566,71,83.0
2026-09-02,82500,2026-11-12,call,regular,1,0.2616,71,46.0
2026-09-02,85000,2026-11-12,call,regular,4,0.2658,71,25.0
2026-09-02,87500,2026-11-12,call,regular,4,0.2613,71,10.0
2026-09-02,90000,2026-11-12,call,regular,8,0.2792,71,9.0
2026-09-02,92500,2026-11-12,call,regular,1,0.2921,71,7.0
2026-09-02,95000,2026-11-12,call,regular,6,0.3016,71,5.0
2026-09-02,100000,2026-11-12,call,regular,15,0.2966,71,1.0
2026-09-02,12500,2026-12-10,call,regular,84,2.4782,99,53340.0
2026-09-02,20000,2026-12-10,call,regular,150,1.7949,99,45875.0
2026-09-02,22000,2026-12-10,call,regular,100,1.6635,99,43885.0
2026-09-02,25000,2026-12-10,call,regular,300,1.4899,99,40900.0
2026-09-02,26000,2026-12-10,call,regular,350,1.4371,99,39905.0
2026-09-02,27000,2026-12-10,call,regular,250,1.3865,99,38910.0
2026-09-02,28000,2026-12-10,call,regular,75,1.3378,99,37915.0
2026-09-02,28500,2026-12-10,call,regular,125,1.3147,99,37420.0
2026-09-02,29000,2026-12-10,call,regular,150,1.2909,99,36920.0
2026-09-02,30000,2026-12-10,call,regular,100,1.2458,99,35925.0
2026-09-02,30500,2026-12-10,call,regular,50,1.2243,99,35430.0
2026-09-02,31000,2026-12-10,call,regular,241,1.2032,99,34935.0
2026-09-02,31500,2026-12-10,call,regular,50,1.1814,99,34435.0
2026-09-02,32000,2026-12-10,call,regular,700,1.161,99,33940.0
2026-09-02,32500,2026-12-10,call,regular,250,1.1408,99,33445.0
2026-09-02,33000,2026-12-10,call,regular,1950,1.121,99,32950.0
2026-09-02,34000,2026-12-10,call,regular,280,1.0813,99,31955.0
2026-09-02,34500,2026-12-10,call,regular,400,1.0623,99,31460.0
2026-09-02,35000,2026-12-10,call,regular,435,1.0436,99,30965.0
2026-09-02,36000,2026-12-10,call,regular,975,1.006,99,29970.0
2026-09-02,36500,2026-12-10,call,regular,252,0.988,99,29475.0
2026-09-02,37000,2026-12-10,call,regular,450,0.9703,99,28980.0
2026-09-02,37500,2026-12-10,call,regular,88,0.9528,99,28485.0
2026-09-02,37750,2026-12-10,call,regular,100,0.9445,99,28240.0
2026-09-02,38000,2026-12-10,call,regular,1225,0.9354,99,27990.0
2026-09-02,38500,2026-12-10,call,regular,700,0.9183,99,27495.0
2026-09-02,38750,2026-12-10,call,regular,50,0.9164,99,27285.0
2026-09-02,39000,2026-12-10,call,regular,750,0.9074,99,27035.0
2026-09-02,39500,2026-12-10,call,regular,500,0.8906,99,26540.0
2026-09-02,40000,2026-12-10,call,regular,1200,0.8748,99,26050.0
2026-09-02,40500,2026-12-10,call,regular,400,0.8583,99,25555.0
2026-09-02,41000,2026-12-10,call,regular,1300,0.8419,99,25060.0
2026-09-02,41500,2026-12-10,call,regular,100,0.8265,99,24570.0
2026-09-02,42000,2026-12-10,call,regular,1071,0.8113,99,24080.0
2026-09-02,42500,2026-12-10,call,regular,250,0.7954,99,23585.0
2026-09-02,43000,2026-12-10,call,regular,1400,0.7804,99,23095.0
2026-09-02,43750,2026-12-10,call,regular,131,0.7581,99,22360.0
2026-09-02,44000,2026-12-10,call,regular,600,0.7507,99,22115.0
2026-09-02,45000,2026-12-10,call,regular,1842,0.7208,99,21130.0
2026-09-02,45250,2026-12-10,call,regular,413,0.7135,99,20885.0
2026-09-02,45500,2026-12-10,call,regular,200,0.7063,99,20640.0
2026-09-02,46000,2026-12-10,call,regular,2300,0.6919,99,20150.0
2026-09-02,46250,2026-12-10,call,regular,315,0.6854,99,19910.0
2026-09-02,47000,2026-12-10,call,regular,350,0.664,99,19175.0
2026-09-02,47500,2026-12-10,call,regular,200,0.6505,99,18690.0
2026-09-02,48000,2026-12-10,call,regular,750,0.6364,99,18200.0
2026-09-02,49000,2026-12-10,call,regular,1000,0.6109,99,17240.0
2026-09-02,49500,2026-12-10,call,regular,260,0.5976,99,16755.0
2026-09-02,50000,2026-12-10,call,regular,3342,0.5855,99,16280.0
2026-09-02,50250,2026-12-10,call,regular,58,0.5779,99,16030.0
2026-09-02,50500,2026-12-10,call,regular,600,0.5716,99,15790.0
2026-09-02,50750,2026-12-10,call,regular,45,0.5658,99,15555.0
2026-09-02,51000,2026-12-10,call,regular,731,0.5583,99,15305.0
2026-09-02,52000,2026-12-10,call,regular,802,0.5346,99,14360.0
2026-09-02,52250,2026-12-10,call,regular,250,0.5282,99,14120.0
2026-09-02,52500,2026-12-10,call,regular,50,0.5218,99,13880.0
2026-09-02,53000,2026-12-10,call,regular,1135,0.5112,99,13420.0
2026-09-02,53500,2026-12-10,call,regular,106,0.4984,99,12940.0
2026-09-02,54000,2026-12-10,call,regular,1941,0.4871,99,12475.0
2026-09-02,54500,2026-12-10,call,regular,540,0.4752,99,12005.0
2026-09-02,55000,2026-12-10,call,regular,1829,0.4657,99,11560.0
2026-09-02,55500,2026-12-10,call,regular,300,0.4531,99,11085.0
2026-09-02,56000,2026-12-10,call,regular,791,0.4429,99,10635.0
2026-09-02,56500,2026-12-10,call,regular,283,0.4329,99,10190.0
2026-09-02,57000,2026-12-10,call,regular,500,0.4227,99,9745.0
2026-09-02,57250,2026-12-10,call,regular,113,0.4169,99,9515.0
2026-09-02,57500,2026-12-10,call,regular,80,0.4133,99,9310.0
2026-09-02,58000,2026-12-10,call,regular,2603,0.4018,99,8855.0
2026-09-02,58500,2026-12-10,call,regular,350,0.3954,99,8460.0
2026-09-02,59000,2026-12-10,call,regular,1900,0.3851,99,8025.0
2026-09-02,59500,2026-12-10,call,regular,100,0.378,99,7630.0
2026-09-02,60000,2026-12-10,call,regular,7264,0.3688,99,7215.0
2026-09-02,60500,2026-12-10,call,regular,102,0.3625,99,6840.0
2026-09-02,61000,2026-12-10,call,regular,813,0.355,99,6455.0
2026-09-02,62000,2026-12-10,call,regular,1450,0.3424,99,5735.0
2026-09-02,62500,2026-12-10,call,regular,812,0.3357,99,5380.0
2026-09-02,63000,2026-12-10,call,regular,1615,0.3296,99,5040.0
2026-09-02,63500,2026-12-10,call,regular,300,0.3234,99,4705.0
2026-09-02,64000,2026-12-10,call,regular,1990,0.3184,99,4395.0
2026-09-02,65000,2026-12-10,call,regular,2992,0.3079,99,3795.0
2026-09-02,65500,2026-12-10,call,regular,584,0.3016,99,3495.0
2026-09-02,65750,2026-12-10,call,regular,6500000,0.2989,99,3355.0
2026-09-02,66000,2026-12-10,call,regular,827,0.2972,99,3230.0
2026-09-02,66250,2026-12-10,call,regular,15,0.2949,99,3100.0
2026-09-02,66500,2026-12-10,call,regular,700,0.2932,99,2980.0
2026-09-02,67000,2026-12-10,call,regular,1248,0.2891,99,2740.0
2026-09-02,67250,2026-12-10,call,regular,25,0.2876,99,2630.0
2026-09-02,67500,2026-12-10,call,regular,25,0.2855,99,2515.0
2026-09-02,68000,2026-12-10,call,regular,3143,0.2825,99,2310.0
2026-09-02,68500,2026-12-10,call,regular,422,0.2796,99,2115.0
2026-09-02,69000,2026-12-10,call,regular,1494,0.2779,99,1945.0
2026-09-02,69250,2026-12-10,call,regular,50,0.2767,99,1860.0
2026-09-02,69750,2026-12-10,call,regular,158,0.2742,99,1695.0
2026-09-02,70000,2026-12-10,call,regular,5203,0.2729,99,1615.0
2026-09-02,71000,2026-12-10,call,regular,2249,0.268,99,1325.0
2026-09-02,72000,2026-12-10,call,regular,1285,0.2649,99,1090.0
2026-09-02,72250,2026-12-10,call,regular,2,0.2645,99,1040.0
2026-09-02,72500,2026-12-10,call,regular,2312,0.2634,99,985.0
2026-09-02,73000,2026-12-10,call,regular,800,0.2616,99,885.0
2026-09-02,73500,2026-12-10,call,regular,400,0.2606,99,800.0
2026-09-02,74000,2026-12-10,call,regular,1050,0.2576,99,705.0
2026-09-02,74500,2026-12-10,call,regular,1,0.2562,99,630.0
2026-09-02,75000,2026-12-10,call,regular,3682,0.256,99,570.0
2026-09-02,75500,2026-12-10,call,regular,580000,0.255,99,510.0
2026-09-02,76000,2026-12-10,call,regular,439,0.254,99,455.0
2026-09-02,77000,2026-12-10,call,regular,459,0.2538,99,370.0
2026-09-02,77500,2026-12-10,call,regular,1055,0.2532,99,330.0
2026-09-02,78000,2026-12-10,call,regular,385,0.2504,99,283.0
2026-09-02,79000,2026-12-10,call,regular,204,0.2519,99,234.0
2026-09-02,80000,2026-12-10,call,regular,7499,0.2507,99,183.0
2026-09-02,81000,2026-12-10,call,regular,1,0.2517,99,149.0
2026-09-02,82500,2026-12-10,call,regular,1126,0.252,99,106.0
2026-09-02,83000,2026-12-10,call,regular,120,0.2518,99,94.0
2026-09-02,84000,2026-12-10,call,regular,523,0.2533,99,77.0
2026-09-02,85000,2026-12-10,call,regular,705,0.2536,99,61.0
2026-09-02,87500,2026-12-10,call,regular,2457,0.26,99,40.0
2026-09-02,90000,2026-12-10,call,regular,1775,0.2575,99,20.0
2026-09-02,95000,2026-12-10,call,regular,1076,0.2752,99,11.0
2026-09-02,100000,2026-12-10,call,regular,503,0.2851,99,5.0
2026-09-02,54250,2027-01-07,call,regular,27,0.4422,127,12435.0
2026-09-02,61000,2027-01-07,call,regular,26,0.3472,127,6935.0
2026-09-02,63750,2027-01-07,call,regular,50,0.3122,127,4985.0
2026-09-02,64000,2027-01-07,call,regular,100,0.3092,127,4820.0
2026-09-02,65000,2027-01-07,call,regular,1,0.3014,127,4245.0
2026-09-02,67500,2027-01-07,call,regular,5,0.2811,127,2945.0
2026-09-02,67750,2027-01-07,call,regular,1,0.2796,127,2835.0
2026-09-02,68500,2027-01-07,call,regular,5,0.2761,127,2535.0
2026-09-02,69000,2027-01-07,call,regular,1,0.273,127,2335.0
2026-09-02,69500,2027-01-07,call,regular,2,0.271,127,2160.0
2026-09-02,70000,2027-01-07,call,regular,2,0.2687,127,1990.0
2026-09-02,70250,2027-01-07,call,regular,1,0.2681,127,1915.0
2026-09-02,70500,2027-01-07,call,regular,2,0.2666,127,1830.0
2026-09-02,71000,2027-01-07,call,regular,1,0.2641,127,1675.0
2026-09-02,71500,2027-01-07,call,regular,50,0.263,127,1545.0
2026-09-02,72000,2027-01-07,call,regular,2,0.2673,127,1490.0
2026-09-02,73000,2027-01-07,call,regular,1,0.264,127,1250.0
2026-09-02,74000,2027-01-07,call,regular,1,0.2616,127,1050.0
2026-09-02,75000,2027-01-07,call,regular,1,0.2593,127,875.0
2026-09-02,80000,2027-01-07,call,regular,1,0.2484,127,315.0
2026-09-02,100000,2027-01-07,call,regular,3,0.2753,127,13.0
2026-09-02,56000,2027-02-10,call,regular,8,0.3973,161,11315.0
2026-09-02,56750,2027-02-10,call,regular,60,0.3872,161,10690.0
2026-09-02,64000,2027-02-10,call,regular,60,0.3061,161,5355.0
2026-09-02,66000,2027-02-10,call,regular,8,0.2907,161,4215.0
2026-09-02,66250,2027-02-10,call,regular,50,0.2893,161,4090.0
2026-09-02,67250,2027-02-10,call,regular,12,0.2829,161,3595.0
2026-09-02,72500,2027-02-10,call,regular,75,0.2652,161,1775.0
2026-09-02,75000,2027-02-10,call,regular,100,0.2628,161,1260.0
2026-09-02,52000,2027-03-11,call,regular,560,0.4305,190,14935.0
2026-09-02,52750,2027-03-11,call,regular,8,0.4197,190,14270.0
2026-09-02,53000,2027-03-11,call,regular,275,0.4162,190,14050.0
2026-09-02,53500,2027-03-11,call,regular,202,0.4095,190,13615.0
2026-09-02,53750,2027-03-11,call,regular,44,0.4062,190,13400.0
2026-09-02,54000,2027-03-11,call,regular,267,0.4026,190,13180.0
2026-09-02,55000,2027-03-11,call,regular,550,0.3898,190,12330.0
2026-09-02,56000,2027-03-11,call,regular,50,0.3775,190,11495.0
2026-09-02,56500,2027-03-11,call,regular,1,0.3716,190,11085.0
2026-09-02,57000,2027-03-11,call,regular,365,0.3662,190,10685.0
2026-09-02,58000,2027-03-11,call,regular,150,0.3553,190,9895.0
2026-09-02,59500,2027-03-11,call,regular,200,0.3403,190,8760.0
2026-09-02,59750,2027-03-11,call,regular,2,0.3379,190,8575.0
2026-09-02,60000,2027-03-11,call,regular,12,0.3356,190,8395.0
2026-09-02,60250,2027-03-11,call,regular,44,0.3333,190,8215.0
2026-09-02,61000,2027-03-11,call,regular,160,0.3269,190,7690.0
2026-09-02,61750,2027-03-11,call,regular,1,0.3206,190,7180.0
2026-09-02,62500,2027-03-11,call,regular,508,0.3148,190,6690.0
2026-09-02,63000,2027-03-11,call,regular,392,0.3112,190,6375.0
2026-09-02,64000,2027-03-11,call,regular,100,0.3042,190,5770.0
2026-09-02,64250,2027-03-11,call,regular,100,0.3026,190,5625.0
2026-09-02,65000,2027-03-11,call,regular,801,0.2981,190,5205.0
2026-09-02,66000,2027-03-11,call,regular,872,0.2924,190,4675.0
2026-09-02,66250,2027-03-11,call,regular,15,0.2908,190,4545.0
2026-09-02,66500,2027-03-11,call,regular,6,0.2895,190,4420.0
2026-09-02,67000,2027-03-11,call,regular,200,0.287,190,4180.0
2026-09-02,68000,2027-03-11,call,regular,550,0.2822,190,3725.0
2026-09-02,69000,2027-03-11,call,regular,350,0.2781,190,3310.0
2026-09-02,69250,2027-03-11,call,regular,10,0.277,190,3210.0
2026-09-02,70000,2027-03-11,call,regular,666,0.274,190,2925.0
2026-09-02,70500,2027-03-11,call,regular,150,0.2724,190,2750.0
2026-09-02,71000,2027-03-11,call,regular,100,0.2706,190,2580.0
2026-09-02,72000,2027-03-11,call,regular,650,0.2677,190,2270.0
2026-09-02,72500,2027-03-11,call,regular,85,0.2662,190,2125.0
2026-09-02,73000,2027-03-11,call,regular,400,0.2649,190,1990.0
2026-09-02,73500,2027-03-11,call,regular,1,0.2636,190,1860.0
2026-09-02,74000,2027-03-11,call,regular,3,0.2625,190,1740.0
2026-09-02,75000,2027-03-11,call,regular,673,0.2602,190,1515.0
2026-09-02,77500,2027-03-11,call,regular,400,0.256,190,1065.0
2026-09-02,80000,2027-03-11,call,regular,290,0.2534,190,745.0
2026-09-02,82500,2027-03-11,call,regular,737,0.2522,190,520.0
2026-09-02,85000,2027-03-11,call,regular,330,0.2513,190,360.0
2026-09-02,90000,2027-03-11,call,regular,350,0.2536,190,181.0
2026-09-02,95000,2027-03-11,call,regular,500,0.2603,190,101.0
2026-09-02,100000,2027-03-11,call,regular,78,0.2732,190,69.0
2026-09-02,57000,2027-04-08,call,regular,25,0.3414,218,10680.0
2026-09-02,57750,2027-04-08,call,regular,88,0.3346,218,10100.0
2026-09-02,65000,2027-04-08,call,regular,88,0.284,218,5320.0
2026-09-02,67000,2027-04-08,call,regular,25,0.2744,218,4310.0
2026-09-02,60250,2027-05-13,call,regular,8,0.3126,253,8690.0
2026-09-02,61250,2027-05-13,call,regular,23,0.3059,253,8020.0
2026-09-02,71000,2027-05-13,call,regular,23,0.2644,253,3180.0
2026-09-02,72000,2027-05-13,call,regular,8,0.262,253,2855.0
2026-09-02,16250,2027-06-10,call,regular,114,1.1537,281,49255.0
2026-09-02,30000,2027-06-10,call,regular,300,0.7211,281,35805.0
2026-09-02,33000,2027-06-10,call,regular,50,0.6575,281,32900.0
2026-09-02,36000,2027-06-10,call,regular,150,0.6,281,30010.0
2026-09-02,37000,2027-06-10,call,regular,50,0.582,281,29050.0
2026-09-02,37250,2027-06-10,call,regular,480,0.5775,281,28810.0
2026-09-02,38500,2027-06-10,call,regular,140,0.556,281,27615.0
2026-09-02,39000,2027-06-10,call,regular,50,0.5478,281,27140.0
2026-09-02,44500,2027-06-10,call,regular,300,0.4637,281,21960.0
2026-09-02,50000,2027-06-10,call,regular,300,0.3949,281,16985.0
2026-09-02,50500,2027-06-10,call,regular,175,0.3892,281,16545.0
2026-09-02,53000,2027-06-10,call,regular,100,0.364,281,14420.0
2026-09-02,54000,2027-06-10,call,regular,1050,0.3546,281,13595.0
2026-09-02,55000,2027-06-10,call,regular,300,0.3459,281,12790.0
2026-09-02,56000,2027-06-10,call,regular,175,0.3376,281,12005.0
2026-09-02,57000,2027-06-10,call,regular,50,0.33,281,11245.0
2026-09-02,58500,2027-06-10,call,regular,58,0.3193,281,10145.0
2026-09-02,60000,2027-06-10,call,regular,750,0.3098,281,9105.0
2026-09-02,62500,2027-06-10,call,regular,150,0.2958,281,7505.0
2026-09-02,63000,2027-06-10,call,regular,100,0.2934,281,7210.0
2026-09-02,64000,2027-06-10,call,regular,350,0.2887,281,6635.0
2026-09-02,65000,2027-06-10,call,regular,500,0.2845,281,6095.0
2026-09-02,65500,2027-06-10,call,regular,62,0.2824,281,5835.0
2026-09-02,66000,2027-06-10,call,regular,100,0.2805,281,5585.0
2026-09-02,66500,2027-06-10,call,regular,125,0.2786,281,5340.0
2026-09-02,67000,2027-06-10,call,regular,670,0.2769,281,5105.0
2026-09-02,67500,2027-06-10,call,regular,400,0.2751,281,4875.0
2026-09-02,68000,2027-06-10,call,regular,400,0.2735,281,4655.0
2026-09-02,68250,2027-06-10,call,regular,15,0.2726,281,4545.0
2026-09-02,68500,2027-06-10,call,regular,206,0.2719,281,4440.0
2026-09-02,69000,2027-06-10,call,regular,1,0.2704,281,4235.0
2026-09-02,69250,2027-06-10,call,regular,36,0.2697,281,4135.0
2026-09-02,69500,2027-06-10,call,regular,62,0.269,281,4035.0
2026-09-02,70000,2027-06-10,call,regular,550,0.2676,281,3845.0
2026-09-02,71000,2027-06-10,call,regular,100,0.2651,281,3485.0
2026-09-02,72000,2027-06-10,call,regular,400,0.2627,281,3150.0
2026-09-02,74000,2027-06-10,call,regular,850,0.2588,281,2565.0
2026-09-02,75000,2027-06-10,call,regular,475,0.2569,281,2305.0
2026-09-02,77500,2027-06-10,call,regular,536,0.2534,281,1760.0
2026-09-02,80000,2027-06-10,call,regular,715,0.2508,281,1335.0
2026-09-02,85000,2027-06-10,call,regular,1375,0.2474,281,755.0
2026-09-02,90000,2027-06-10,call,regular,400,0.2482,281,440.0
2026-09-02,65750,2027-07-08,call,regular,20,0.28,309,5985.0
2026-09-02,66750,2027-07-08,call,regular,32,0.2764,309,5495.0
2026-09-02,75000,2027-07-08,call,regular,32,0.2573,309,2555.0
2026-09-02,77000,2027-07-08,call,regular,20,0.2552,309,2105.0
2026-09-02,68000,2027-08-12,call,regular,22,0.2739,344,5320.0
2026-09-02,69000,2027-08-12,call,regular,53,0.2711,344,4895.0
2026-09-02,78000,2027-08-12,call,regular,75,0.256,344,2205.0
2026-09-02,65000,2027-09-09,call,regular,1,0.2846,372,7065.0
2026-09-02,67000,2027-09-09,call,regular,30,0.2779,372,6075.0
2026-09-02,77500,2027-09-09,call,regular,2,0.2596,372,2590.0
2026-09-02,28000,2027-12-09,call,regular,50,0.5985,463,37765.0
2026-09-02,30000,2027-12-09,call,regular,225,0.567,463,35865.0
2026-09-02,31500,2027-12-09,call,regular,50,0.5452,463,34450.0
2026-09-02,32000,2027-12-09,call,regular,100,0.5383,463,33980.0
2026-09-02,33000,2027-12-09,call,regular,100,0.5245,463,33040.0
2026-09-02,34000,2027-12-09,call,regular,375,0.5114,463,32105.0
2026-09-02,35000,2027-12-09,call,regular,201,0.4985,463,31170.0
2026-09-02,36000,2027-12-09,call,regular,80,0.4865,463,30245.0
2026-09-02,36750,2027-12-09,call,regular,442,0.4774,463,29550.0
2026-09-02,37000,2027-12-09,call,regular,200,0.4745,463,29320.0
2026-09-02,38000,2027-12-09,call,regular,575,0.4631,463,28400.0
2026-09-02,39000,2027-12-09,call,regular,125,0.452,463,27485.0
2026-09-02,39250,2027-12-09,call,regular,50,0.4491,463,27255.0
2026-09-02,39500,2027-12-09,call,regular,50,0.4466,463,27030.0
2026-09-02,40000,2027-12-09,call,regular,350,0.4412,463,26575.0
2026-09-02,40500,2027-12-09,call,regular,450,0.4359,463,26120.0
2026-09-02,41000,2027-12-09,call,regular,375,0.4308,463,25670.0
2026-09-02,42000,2027-12-09,call,regular,200,0.421,463,24775.0
2026-09-02,43000,2027-12-09,call,regular,400,0.4111,463,23880.0
2026-09-02,43500,2027-12-09,call,regular,150,0.4065,463,23440.0
2026-09-02,45000,2027-12-09,call,regular,1950,0.393,463,22125.0
2026-09-02,46000,2027-12-09,call,regular,500,0.3844,463,21260.0
2026-09-02,48000,2027-12-09,call,regular,225,0.3681,463,19560.0
2026-09-02,49000,2027-12-09,call,regular,700,0.3604,463,18725.0
2026-09-02,50000,2027-12-09,call,regular,1950,0.3531,463,17905.0
2026-09-02,51000,2027-12-09,call,regular,300,0.3462,463,17100.0
2026-09-02,52500,2027-12-09,call,regular,100,0.3362,463,15915.0
2026-09-02,54000,2027-12-09,call,regular,300,0.3268,463,14765.0
2026-09-02,54500,2027-12-09,call,regular,100,0.3241,463,14395.0
2026-09-02,55000,2027-12-09,call,regular,704,0.3212,463,14025.0
2026-09-02,57000,2027-12-09,call,regular,250,0.3103,463,12590.0
2026-09-02,58000,2027-12-09,call,regular,500,0.3054,463,11905.0
2026-09-02,60000,2027-12-09,call,regular,1225,0.2964,463,10600.0
2026-09-02,61000,2027-12-09,call,regular,200,0.2923,463,9980.0
2026-09-02,62000,2027-12-09,call,regular,200,0.2885,463,9385.0
2026-09-02,62500,2027-12-09,call,regular,70,0.2866,463,9095.0
2026-09-02,63000,2027-12-09,call,regular,300,0.2848,463,8810.0
2026-09-02,63500,2027-12-09,call,regular,50,0.2832,463,8535.0
2026-09-02,64000,2027-12-09,call,regular,780,0.2816,463,8265.0
2026-09-02,65000,2027-12-09,call,regular,550,0.2784,463,7740.0
2026-09-02,66000,2027-12-09,call,regular,475,0.2754,463,7240.0
2026-09-02,67000,2027-12-09,call,regular,100,0.2727,463,6765.0
2026-09-02,68000,2027-12-09,call,regular,200,0.2704,463,6320.0
2026-09-02,69000,2027-12-09,call,regular,850,0.2682,463,5895.0
2026-09-02,70000,2027-12-09,call,regular,850,0.266,463,5490.0
2026-09-02,70500,2027-12-09,call,regular,62,0.2651,463,5300.0
2026-09-02,72000,2027-12-09,call,regular,500,0.2626,463,4760.0
2026-09-02,72500,2027-12-09,call,regular,100,0.2618,463,4590.0
2026-09-02,73500,2027-12-09,call,regular,100,0.2604,463,4270.0
2026-09-02,75000,2027-12-09,call,regular,277,0.2585,463,3825.0
2026-09-02,77500,2027-12-09,call,regular,500,0.2565,463,3190.0
2026-09-02,80000,2027-12-09,call,regular,1000,0.2549,463,2650.0
2026-09-02,85000,2027-12-09,call,regular,100,0.2539,463,1845.0
2026-09-02,87500,2027-12-09,call,regular,100,0.2539,463,1540.0
2026-09-02,41500,2028-06-08,call,regular,100,0.3893,645,25750.0
2026-09-02,28000,2028-12-07,call,regular,50,0.4755,827,38110.0
2026-09-02,30000,2028-12-07,call,regular,80,0.4567,827,36305.0
2026-09-02,31000,2028-12-07,call,regular,200,0.4479,827,35410.0
2026-09-02,32000,2028-12-07,call,regular,75,0.4394,827,34520.0
2026-09-02,33000,2028-12-07,call,regular,125,0.4309,827,33630.0
2026-09-02,34500,2028-12-07,call,regular,330,0.419,827,32310.0
2026-09-02,34750,2028-12-07,call,regular,100,0.4169,827,32090.0
2026-09-02,35500,2028-12-07,call,regular,443,0.4112,827,31435.0
2026-09-02,36000,2028-12-07,call,regular,450,0.4075,827,31000.0
2026-09-02,36500,2028-12-07,call,regular,52,0.4037,827,30565.0
2026-09-02,38000,2028-12-07,call,regular,120,0.3928,827,29270.0
2026-09-02,39000,2028-12-07,call,regular,575,0.3858,827,28415.0
2026-09-02,40000,2028-12-07,call,regular,30,0.3792,827,27570.0
2026-09-02,41000,2028-12-07,call,regular,375,0.3727,827,26730.0
2026-09-02,42000,2028-12-07,call,regular,65,0.3662,827,25895.0
2026-09-02,42500,2028-12-07,call,regular,100,0.3631,827,25480.0
2026-09-02,50000,2028-12-07,call,regular,400,0.3226,827,19580.0
2026-09-02,53000,2028-12-07,call,regular,50,0.3095,827,17415.0
2026-09-02,55000,2028-12-07,call,regular,50,0.3016,827,16040.0
2026-09-02,56000,2028-12-07,call,regular,650,0.298,827,15380.0
2026-09-02,60000,2028-12-07,call,regular,250,0.2849,827,12900.0
2026-09-02,65000,2028-12-07,call,regular,25,0.2723,827,10210.0
2026-09-02,67500,2028-12-07,call,regular,100,0.2674,827,9040.0
2026-09-02,75000,2028-12-07,call,regular,80,0.2573,827,6210.0
2026-09-02,80000,2028-12-07,call,regular,200,0.2538,827,4830.0
2026-09-02,50000,2029-12-13,call,regular,100,0.3084,1198,21025.0
2026-09-02,60000,2029-12-13,call,regular,375,0.2813,1198,14850.0
2026-09-02,65000,2029-12-13,call,regular,50,0.2733,1198,12375.0
2026-09-02,57000,2030-12-12,call,regular,300,0.2914,1562,18405.0
2026-09-02,64000,2030-12-12,call,regular,3,0.2792,1562,14830.0
2026-09-02,58875,2026-09-04,put,mini,2993,0.4098,2,1.0
2026-09-02,59000,2026-09-04,put,mini,258,0.4283,2,2.0
2026-09-02,59125,2026-09-04,put,mini,1,0.4188,2,2.0
2026-09-02,59250,2026-09-04,put,mini,34,0.4092,2,2.0
2026-09-02,59375,2026-09-04,put,mini,14,0.3997,2,2.0
2026-09-02,59500,2026-09-04,put,mini,54,0.3902,2,2.0
2026-09-02,59625,2026-09-04,put,mini,4,0.3806,2,2.0
2026-09-02,59750,2026-09-04,put,mini,15,0.3711,2,2.0
2026-09-02,59875,2026-09-04,put,mini,78,0.3777,2,3.0
2026-09-02,60000,2026-09-04,put,mini,748,0.352,2,2.0
2026-09-02,60125,2026-09-04,put,mini,11,0.38,2,5.0
2026-09-02,60250,2026-09-04,put,mini,6,0.3782,2,6.0
2026-09-02,60375,2026-09-04,put,mini,1,0.375,2,7.0
2026-09-02,60500,2026-09-04,put,mini,85,0.3709,2,8.0
2026-09-02,60625,2026-09-04,put,mini,8,0.3599,2,8.0
2026-09-02,60750,2026-09-04,put,mini,10,0.349,2,8.0
2026-09-02,60875,2026-09-04,put,mini,16,0.338,2,8.0
2026-09-02,61000,2026-09-04,put,mini,302,0.3144,2,6.0
2026-09-02,61125,2026-09-04,put,mini,15,0.3214,2,9.0
2026-09-02,61250,2026-09-04,put,mini,83,0.3102,2,9.0
2026-09-02,61375,2026-09-04,put,mini,34,0.299,2,9.0
2026-09-02,61500,2026-09-04,put,mini,443,0.2877,2,9.0
2026-09-02,61625,2026-09-04,put,mini,30,0.2963,2,14.0
2026-09-02,61750,2026-09-04,put,mini,34,0.2844,2,14.0
2026-09-02,61875,2026-09-04,put,mini,10,0.2725,2,14.0
2026-09-02,62000,2026-09-04,put,mini,383,0.2538,2,12.0
2026-09-02,62125,2026-09-04,put,mini,6,0.2623,2,19.0
2026-09-02,62250,2026-09-04,put,mini,44,0.2521,2,20.0
2026-09-02,62375,2026-09-04,put,mini,3,0.2416,2,21.0
2026-09-02,62500,2026-09-04,put,mini,346,0.2219,2,18.0
2026-09-02,62625,2026-09-04,put,mini,12,0.2308,2,29.0
2026-09-02,62750,2026-09-04,put,mini,137,0.2119,2,26.0
2026-09-02,62875,2026-09-04,put,mini,33,0.2047,2,30.0
2026-09-02,63000,2026-09-04,put,mini,830,0.195,2,33.0
2026-09-02,63125,2026-09-04,put,mini,21,0.1932,2,43.0
2026-09-02,63250,2026-09-04,put,mini,78,0.1824,2,47.0
2026-09-02,63375,2026-09-04,put,mini,2,0.1756,2,56.0
2026-09-02,63500,2026-09-04,put,mini,510,0.1579,2,55.0
2026-09-02,63625,2026-09-04,put,mini,16,0.1533,2,70.0
2026-09-02,63750,2026-09-04,put,mini,49,0.1363,2,72.0
2026-09-02,63875,2026-09-04,put,mini,11,0.1292,2,90.0
2026-09-02,64000,2026-09-04,put,mini,1073,0.1047,2,85.0
2026-09-02,64125,2026-09-04,put,mini,11,0.0927,2,104.0
2026-09-02,64250,2026-09-04,put,mini,211,0.0722,2,116.0
2026-09-02,64375,2026-09-04,put,mini,140,0.0462,2,134.0
2026-09-02,64500,2026-09-04,put,mini,349,0.2,2,145.0
2026-09-02,64625,2026-09-04,put,mini,2,0.2,2,169.0
2026-09-02,64750,2026-09-04,put,mini,249,0.2,2,170.0
2026-09-02,64875,2026-09-04,put,mini,4,0.2,2,218.0
2026-09-02,65000,2026-09-04,put,mini,480,0.2,2,220.0
2026-09-02,65125,2026-09-04,put,mini,9,0.2,2,286.0
2026-09-02,65250,2026-09-04,put,mini,78,0.2,2,293.0
2026-09-02,65375,2026-09-04,put,mini,12,0.2,2,325.0
2026-09-02,65500,2026-09-04,put,mini,265,0.2,2,330.0
2026-09-02,65625,2026-09-04,put,mini,24,0.2,2,415.0
2026-09-02,65750,2026-09-04,put,mini,476,0.2,2,445.0
2026-09-02,65875,2026-09-04,put,mini,520,0.2,2,520.0
2026-09-02,66000,2026-09-04,put,mini,223,0.2,2,560.0
2026-09-02,66125,2026-09-04,put,mini,2,0.2,2,635.0
2026-09-02,66250,2026-09-04,put,mini,78,0.2,2,725.0
2026-09-02,66375,2026-09-04,put,mini,16,0.2,2,780.0
2026-09-02,66500,2026-09-04,put,mini,129,0.2,2,790.0
2026-09-02,66625,2026-09-04,put,mini,3,0.2,2,875.0
2026-09-02,66750,2026-09-04,put,mini,17,0.2,2,960.0
2026-09-02,66875,2026-09-04,put,mini,1040,0.2,2,1040.0
2026-09-02,67000,2026-09-04,put,mini,26,0.2,2,1145.0
2026-09-02,67125,2026-09-04,put,mini,1205,0.2,2,1205.0
2026-09-02,67250,2026-09-04,put,mini,6,0.2,2,1300.0
2026-09-02,67375,2026-09-04,put,mini,1405,0.2,2,1405.0
2026-09-02,67500,2026-09-04,put,mini,10,0.2,2,1520.0
2026-09-02,67625,2026-09-04,put,mini,1610,0.2,2,1610.0
2026-09-02,67750,2026-09-04,put,mini,5,0.2,2,1725.0
2026-09-02,67875,2026-09-04,put,mini,1835,0.2,2,1835.0
2026-09-02,68000,2026-09-04,put,mini,12,0.2,2,1945.0
2026-09-02,68250,2026-09-04,put,mini,2,0.2,2,2170.0
2026-09-02,68750,2026-09-04,put,mini,4,0.2,2,2640.0
2026-09-02,66250,2026-09-09,put,mini,2,0.2,7,1050.0
2026-09-02,58375,2026-09-11,put,mini,174,0.3293,9,38.0
2026-09-02,58500,2026-09-11,put,mini,642,0.3232,9,38.0
2026-09-02,58625,2026-09-11,put,mini,2,0.3171,9,38.0
2026-09-02,58750,2026-09-11,put,mini,39,0.3165,9,42.0
2026-09-02,58875,2026-09-11,put,mini,3,0.3116,9,43.0
2026-09-02,59000,2026-09-11,put,mini,491,0.3041,9,42.0
2026-09-02,59250,2026-09-11,put,mini,6,0.2979,9,47.0
2026-09-02,59375,2026-09-11,put,mini,3,0.2939,9,49.0
2026-09-02,59500,2026-09-11,put,mini,164,0.2886,9,50.0
2026-09-02,59625,2026-09-11,put,mini,3,0.2855,9,53.0
2026-09-02,59750,2026-09-11,put,mini,4,0.2822,9,56.0
2026-09-02,59875,2026-09-11,put,mini,4,0.2786,9,59.0
2026-09-02,60000,2026-09-11,put,mini,1077,0.273,9,60.0
2026-09-02,60250,2026-09-11,put,mini,7,0.2669,9,68.0
2026-09-02,60375,2026-09-11,put,mini,9,0.2626,9,71.0
2026-09-02,60500,2026-09-11,put,mini,180,0.2582,9,74.0
2026-09-02,60625,2026-09-11,put,mini,79,0.2552,9,79.0
2026-09-02,60750,2026-09-11,put,mini,4,0.2519,9,84.0
2026-09-02,60875,2026-09-11,put,mini,3,0.2469,9,87.0
2026-09-02,61000,2026-09-11,put,mini,407,0.2425,9,91.0
2026-09-02,61125,2026-09-11,put,mini,1,0.2392,9,97.0
2026-09-02,61250,2026-09-11,put,mini,39,0.2356,9,103.0
2026-09-02,61375,2026-09-11,put,mini,2,0.2322,9,110.0
2026-09-02,61500,2026-09-11,put,mini,155,0.2253,9,111.0
2026-09-02,61625,2026-09-11,put,mini,122,0.2237,9,122.0
2026-09-02,61750,2026-09-11,put,mini,14,0.22,9,130.0
2026-09-02,61875,2026-09-11,put,mini,1,0.216,9,138.0
2026-09-02,62000,2026-09-11,put,mini,497,0.2085,9,139.0
2026-09-02,62125,2026-09-11,put,mini,155,0.2077,9,155.0
2026-09-02,62250,2026-09-11,put,mini,5,0.2028,9,163.0
2026-09-02,62500,2026-09-11,put,mini,516,0.1942,9,184.0
2026-09-02,62625,2026-09-11,put,mini,195,0.1895,9,195.0
2026-09-02,62750,2026-09-11,put,mini,66,0.1852,9,208.0
2026-09-02,62875,2026-09-11,put,mini,1,0.1805,9,221.0
2026-09-02,63000,2026-09-11,put,mini,586,0.174,9,230.0
2026-09-02,63125,2026-09-11,put,mini,251,0.171,9,251.0
2026-09-02,63250,2026-09-11,put,mini,57,0.1656,9,266.0
2026-09-02,63375,2026-09-11,put,mini,3,0.16,9,282.0
2026-09-02,63500,2026-09-11,put,mini,169,0.1541,9,299.0
2026-09-02,63625,2026-09-11,put,mini,1,0.1488,9,320.0
2026-09-02,63750,2026-09-11,put,mini,55,0.1426,9,340.0
2026-09-02,63875,2026-09-11,put,mini,1,0.137,9,365.0
2026-09-02,64000,2026-09-11,put,mini,341,0.1267,9,375.0
2026-09-02,64125,2026-09-11,put,mini,20,0.122,9,410.0
2026-09-02,64250,2026-09-11,put,mini,215,0.1136,9,435.0
2026-09-02,64375,2026-09-11,put,mini,1,0.1052,9,465.0
2026-09-02,64500,2026-09-11,put,mini,228,0.0914,9,480.0
2026-09-02,64625,2026-09-11,put,mini,530,0.0843,9,530.0
2026-09-02,64750,2026-09-11,put,mini,35,0.0681,9,560.0
2026-09-02,64875,2026-09-11,put,mini,1,0.0411,9,595.0
2026-09-02,65000,2026-09-11,put,mini,450,0.2,9,625.0
2026-09-02,65125,2026-09-11,put,mini,2,0.2,9,675.0
2026-09-02,65250,2026-09-11,put,mini,12,0.2,9,710.0
2026-09-02,65375,2026-09-11,put,mini,2,0.2,9,755.0
2026-09-02,65500,2026-09-11,put,mini,115,0.2,9,765.0
2026-09-02,65625,2026-09-11,put,mini,1,0.2,9,845.0
2026-09-02,65750,2026-09-11,put,mini,32,0.2,9,900.0
2026-09-02,65875,2026-09-11,put,mini,950,0.2,9,950.0
2026-09-02,66000,2026-09-11,put,mini,199,0.2,9,1000.0
2026-09-02,66125,2026-09-11,put,mini,1,0.2,9,1070.0
2026-09-02,66250,2026-09-11,put,mini,38,0.2,9,1130.0
2026-09-02,66375,2026-09-11,put,mini,1,0.2,9,1190.0
2026-09-02,66500,2026-09-11,put,mini,105,0.2,9,1245.0
2026-09-02,66625,2026-09-11,put,mini,1,0.2,9,1315.0
2026-09-02,66750,2026-09-11,put,mini,11,0.2,9,1385.0
2026-09-02,66875,2026-09-11,put,mini,1,0.2,9,1455.0
2026-09-02,67000,2026-09-11,put,mini,99,0.2,9,1535.0
2026-09-02,67125,2026-09-11,put,mini,1610,0.2,9,1610.0
2026-09-02,67250,2026-09-11,put,mini,4,0.2,9,1690.0
2026-09-02,67500,2026-09-11,put,mini,29,0.2,9,1860.0
2026-09-02,67750,2026-09-11,put,mini,3,0.2,9,2030.0
2026-09-02,67875,2026-09-11,put,mini,2125,0.2,9,2125.0
2026-09-02,68000,2026-09-11,put,mini,62,0.2,9,2220.0
2026-09-02,68250,2026-09-11,put,mini,235,0.2,9,2410.0
2026-09-02,68375,2026-09-11,put,mini,14,0.2,9,2510.0
2026-09-02,68500,2026-09-11,put,mini,175,0.2,9,2615.0
2026-09-02,68625,2026-09-11,put,mini,1,0.2,9,2715.0
2026-09-02,68750,2026-09-11,put,mini,1461,0.2,9,2820.0
2026-09-02,68875,2026-09-11,put,mini,2930,0.2,9,2930.0
2026-09-02,69000,2026-09-11,put,mini,791,0.2,9,3035.0
2026-09-02,69125,2026-09-11,put,mini,3145,0.2,9,3145.0
2026-09-02,69250,2026-09-11,put,mini,20,0.2,9,3255.0
2026-09-02,69500,2026-09-11,put,mini,19,0.2,9,3480.0
2026-09-02,69625,2026-09-11,put,mini,3590,0.2,9,3590.0
2026-09-02,69750,2026-09-11,put,mini,12,0.2,9,3705.0
2026-09-02,69875,2026-09-11,put,mini,1,0.2,9,3820.0
2026-09-02,70000,2026-09-11,put,mini,19,0.2,9,3940.0
2026-09-02,70250,2026-09-11,put,mini,45,0.2,9,4175.0
2026-09-02,70500,2026-09-11,put,mini,64,0.2,9,4410.0
2026-09-02,71000,2026-09-11,put,mini,7,0.2,9,4895.0
2026-09-02,71250,2026-09-11,put,mini,5,0.2,9,5135.0
2026-09-02,71500,2026-09-11,put,mini,9,0.2,9,5380.0
2026-09-02,71750,2026-09-11,put,mini,746,0.2,9,5625.0
2026-09-02,72000,2026-09-11,put,mini,10,0.2,9,5870.0
2026-09-02,72250,2026-09-11,put,mini,50,0.2,9,6115.0
2026-09-02,72375,2026-09-11,put,mini,6240,0.2,9,6240.0
2026-09-02,72500,2026-09-11,put,mini,20,0.2,9,6365.0
2026-09-02,72750,2026-09-11,put,mini,32,0.2,9,6615.0
2026-09-02,73000,2026-09-11,put,mini,77,0.2,9,6860.0
2026-09-02,73250,2026-09-11,put,mini,245,0.2,9,7110.0
2026-09-02,73500,2026-09-11,put,mini,97,0.2,9,7360.0
2026-09-02,73750,2026-09-11,put,mini,3,0.2,9,7605.0
2026-09-02,74000,2026-09-11,put,mini,34,0.2,9,7855.0
2026-09-02,74250,2026-09-11,put,mini,1,0.2,9,8105.0
2026-09-02,75000,2026-09-11,put,mini,67,0.2,9,8855.0
2026-09-02,75250,2026-09-11,put,mini,12,0.2,9,9100.0
2026-09-02,66250,2026-09-16,put,mini,2,0.2,14,1375.0
2026-09-02,62375,2026-09-18,put,mini,2,0.193,16,335.0
2026-09-02,62500,2026-09-18,put,mini,14,0.1893,16,350.0
2026-09-02,63000,2026-09-18,put,mini,12,0.1778,16,435.0
2026-09-02,64000,2026-09-18,put,mini,3,0.1426,16,625.0
2026-09-02,64500,2026-09-18,put,mini,3,0.1215,16,760.0
2026-09-02,65500,2026-09-18,put,mini,2,0.2,16,1110.0
2026-09-02,65750,2026-09-18,put,mini,4,0.2,16,1215.0
2026-09-02,66000,2026-09-18,put,mini,4,0.2,16,1300.0
2026-09-02,66250,2026-09-18,put,mini,8,0.2,16,1455.0
2026-09-02,66500,2026-09-18,put,mini,16,0.2,16,1535.0
2026-09-02,67000,2026-09-18,put,mini,6,0.2,16,1775.0
2026-09-02,68250,2026-09-18,put,mini,6,0.2,16,2635.0
2026-09-02,68750,2026-09-18,put,mini,3,0.2,16,3000.0
2026-09-02,69250,2026-09-18,put,mini,6,0.2,16,3400.0
2026-09-02,66250,2026-09-25,put,mini,8,0.2,23,1675.0
2026-09-02,66500,2026-09-25,put,mini,6,0.2,23,1755.0
2026-09-02,58375,2026-10-09,put,mini,34,0.2547,37,283.0
2026-09-02,58500,2026-10-09,put,mini,71,0.2529,37,292.0
2026-09-02,58750,2026-10-09,put,mini,5,0.2492,37,310.0
2026-09-02,59000,2026-10-09,put,mini,57,0.2444,37,325.0
2026-09-02,59125,2026-10-09,put,mini,330,0.2413,37,330.0
2026-09-02,59375,2026-10-09,put,mini,2,0.2407,37,365.0
2026-09-02,59500,2026-10-09,put,mini,16,0.2352,37,360.0
2026-09-02,59750,2026-10-09,put,mini,4,0.2339,37,395.0
2026-09-02,59875,2026-10-09,put,mini,1,0.2355,37,425.0
2026-09-02,60000,2026-10-09,put,mini,75,0.228,37,410.0
2026-09-02,60125,2026-10-09,put,mini,1,0.2265,37,425.0
2026-09-02,60500,2026-10-09,put,mini,4,0.2221,37,475.0
2026-09-02,60625,2026-10-09,put,mini,505,0.2228,37,505.0
2026-09-02,60750,2026-10-09,put,mini,1,0.2163,37,495.0
2026-09-02,61000,2026-10-09,put,mini,22,0.2153,37,545.0
2026-09-02,61125,2026-10-09,put,mini,4,0.217,37,585.0
2026-09-02,61250,2026-10-09,put,mini,3,0.2121,37,585.0
2026-09-02,61375,2026-10-09,put,mini,620,0.2126,37,620.0
2026-09-02,61500,2026-10-09,put,mini,3,0.2083,37,625.0
2026-09-02,61750,2026-10-09,put,mini,10,0.2048,37,670.0
2026-09-02,61875,2026-10-09,put,mini,710,0.2055,37,710.0
2026-09-02,62000,2026-10-09,put,mini,73,0.1994,37,705.0
2026-09-02,62125,2026-10-09,put,mini,760,0.2019,37,760.0
2026-09-02,62250,2026-10-09,put,mini,3,0.195,37,750.0
2026-09-02,62375,2026-10-09,put,mini,810,0.1978,37,810.0
2026-09-02,62500,2026-10-09,put,mini,16,0.1907,37,800.0
2026-09-02,62750,2026-10-09,put,mini,1034,0.1899,37,880.0
2026-09-02,62875,2026-10-09,put,mini,1,0.1899,37,925.0
2026-09-02,63000,2026-10-09,put,mini,49,0.1838,37,925.0
2026-09-02,63125,2026-10-09,put,mini,990,0.1861,37,990.0
2026-09-02,63250,2026-10-09,put,mini,6,0.1823,37,1010.0
2026-09-02,63500,2026-10-09,put,mini,11,0.1781,37,1080.0
2026-09-02,63625,2026-10-09,put,mini,2,0.1776,37,1130.0
2026-09-02,63750,2026-10-09,put,mini,219,0.1738,37,1155.0
2026-09-02,63875,2026-10-09,put,mini,1,0.1717,37,1195.0
2026-09-02,64000,2026-10-09,put,mini,102,0.1663,37,1210.0
2026-09-02,64125,2026-10-09,put,mini,1,0.1675,37,1280.0
2026-09-02,64250,2026-10-09,put,mini,180,0.1654,37,1325.0
2026-09-02,64375,2026-10-09,put,mini,1365,0.1625,37,1365.0
2026-09-02,64500,2026-10-09,put,mini,118,0.1599,37,1410.0
2026-09-02,64625,2026-10-09,put,mini,1,0.1571,37,1455.0
2026-09-02,64750,2026-10-09,put,mini,86,0.1547,37,1505.0
2026-09-02,64875,2026-10-09,put,mini,2,0.152,37,1555.0
2026-09-02,65000,2026-10-09,put,mini,37,0.149,37,1605.0
2026-09-02,65125,2026-10-09,put,mini,1,0.1458,37,1655.0
2026-09-02,65250,2026-10-09,put,mini,37,0.1428,37,1710.0
2026-09-02,65375,2026-10-09,put,mini,1,0.1395,37,1765.0
2026-09-02,65500,2026-10-09,put,mini,21,0.1358,37,1820.0
2026-09-02,65625,2026-10-09,put,mini,1880,0.1324,37,1880.0
2026-09-02,65750,2026-10-09,put,mini,4,0.1286,37,1940.0
2026-09-02,65875,2026-10-09,put,mini,1995,0.1235,37,1995.0
2026-09-02,66000,2026-10-09,put,mini,95,0.1184,37,2055.0
2026-09-02,66250,2026-10-09,put,mini,23,0.1057,37,2175.0
2026-09-02,66375,2026-10-09,put,mini,2240,0.0983,37,2240.0
2026-09-02,66500,2026-10-09,put,mini,56,0.0888,37,2305.0
2026-09-02,66625,2026-10-09,put,mini,2375,0.0763,37,2375.0
2026-09-02,66750,2026-10-09,put,mini,18,0.2,37,2440.0
2026-09-02,67000,2026-10-09,put,mini,48,0.2,37,2595.0
2026-09-02,67125,2026-10-09,put,mini,1,0.2,37,2660.0
2026-09-02,67250,2026-10-09,put,mini,59,0.2,37,2730.0
2026-09-02,67500,2026-10-09,put,mini,112,0.2,37,2885.0
2026-09-02,68000,2026-10-09,put,mini,7,0.2,37,3220.0
2026-09-02,68250,2026-10-09,put,mini,493,0.2,37,3390.0
2026-09-02,68500,2026-10-09,put,mini,307,0.2,37,3565.0
2026-09-02,68750,2026-10-09,put,mini,2572,0.2,37,3745.0
2026-09-02,69000,2026-10-09,put,mini,1214,0.2,37,3930.0
2026-09-02,69250,2026-10-09,put,mini,31,0.2,37,4115.0
2026-09-02,69500,2026-10-09,put,mini,25,0.2,37,4315.0
2026-09-02,69750,2026-10-09,put,mini,6,0.2,37,4510.0
2026-09-02,70000,2026-10-09,put,mini,2,0.2,37,4715.0
2026-09-02,70500,2026-10-09,put,mini,1,0.2,37,5125.0
2026-09-02,71000,2026-10-09,put,mini,3,0.2,37,5550.0
2026-09-02,71250,2026-10-09,put,mini,3,0.2,37,5770.0
2026-09-02,71500,2026-10-09,put,mini,1,0.2,37,5985.0
2026-09-02,71750,2026-10-09,put,mini,1062,0.2,37,6205.0
2026-09-02,62375,2026-11-13,put,mini,7,0.203,72,1440.0
2026-09-02,62500,2026-11-13,put,mini,3,0.2008,72,1465.0
2026-09-02,63000,2026-11-13,put,mini,13,0.1926,72,1580.0
2026-09-02,63500,2026-11-13,put,mini,1,0.1886,72,1755.0
2026-09-02,64000,2026-11-13,put,mini,1,0.1808,72,1905.0
2026-09-02,64375,2026-11-13,put,mini,1,0.1773,72,2055.0
2026-09-02,64500,2026-11-13,put,mini,1,0.1751,72,2095.0
2026-09-02,64750,2026-11-13,put,mini,1,0.1724,72,2200.0
2026-09-02,65000,2026-11-13,put,mini,1,0.1693,72,2305.0
2026-09-02,65250,2026-11-13,put,mini,4,0.1666,72,2420.0
2026-09-02,65375,2026-11-13,put,mini,1,0.1644,72,2470.0
2026-09-02,65500,2026-11-13,put,mini,1,0.1625,72,2525.0
2026-09-02,66000,2026-11-13,put,mini,4,0.1549,72,2760.0
2026-09-02,66375,2026-11-13,put,mini,2,0.1488,72,2950.0
2026-09-02,66500,2026-11-13,put,mini,18,0.1461,72,3010.0
2026-09-02,66750,2026-11-13,put,mini,6,0.1415,72,3145.0
2026-09-02,68000,2026-11-13,call,mini,1,0.4716,72,3865.0
2026-09-02,70000,2026-11-13,call,mini,5210,0.652,72,5210.0
2026-09-02,71000,2026-11-13,call,mini,1,0.7491,72,5980.0
2026-09-02,72000,2026-11-13,call,mini,5,0.8466,72,6765.0
2026-09-02,63250,2026-09-04,call,mini,14,1.265,2,2940.0
2026-09-02,64125,2026-09-04,call,mini,2130,1.0784,2,2130.0
2026-09-02,64375,2026-09-04,call,mini,1905,1.024,2,1905.0
2026-09-02,64500,2026-09-04,call,mini,14,0.9973,2,1795.0
2026-09-02,64750,2026-09-04,call,mini,2,0.9494,2,1590.0
2026-09-02,64875,2026-09-04,call,mini,1490,0.9257,2,1490.0
2026-09-02,65000,2026-09-04,call,mini,33,0.8957,2,1380.0
2026-09-02,65125,2026-09-04,call,mini,1305,0.8835,2,1305.0
2026-09-02,65250,2026-09-04,call,mini,15,0.8515,2,1195.0
2026-09-02,65375,2026-09-04,call,mini,3,0.8399,2,1125.0
2026-09-02,65500,2026-09-04,call,mini,15,0.8055,2,1015.0
2026-09-02,65625,2026-09-04,call,mini,2,0.7889,2,940.0
2026-09-02,65750,2026-09-04,call,mini,18,0.7795,2,880.0
2026-09-02,65875,2026-09-04,call,mini,785,0.749,2,785.0
2026-09-02,66000,2026-09-04,call,mini,250,0.7457,2,740.0
2026-09-02,66125,2026-09-04,call,mini,97,0.7266,2,670.0
2026-09-02,66250,2026-09-04,call,mini,75,0.7148,2,615.0
2026-09-02,66375,2026-09-04,call,mini,59,0.6922,2,545.0
2026-09-02,66500,2026-09-04,call,mini,215,0.6608,2,465.0
2026-09-02,66625,2026-09-04,call,mini,32,0.6293,2,390.0
2026-09-02,66750,2026-09-04,call,mini,133,0.6194,2,350.0
2026-09-02,66875,2026-09-04,call,mini,75,0.6038,2,305.0
2026-09-02,67000,2026-09-04,call,mini,475,0.6212,2,305.0
2026-09-02,67125,2026-09-04,call,mini,484,0.5915,2,247.0
2026-09-02,67250,2026-09-04,call,mini,138,0.5783,2,213.0
2026-09-02,67375,2026-09-04,call,mini,16,0.5515,2,168.0
2026-09-02,67500,2026-09-04,call,mini,842,0.5635,2,165.0
2026-09-02,67625,2026-09-04,call,mini,16,0.5347,2,125.0
2026-09-02,67750,2026-09-04,call,mini,383,0.5428,2,120.0
2026-09-02,67875,2026-09-04,call,mini,1,0.53,2,99.0
2026-09-02,68000,2026-09-04,call,mini,603,0.5281,2,88.0
2026-09-02,68125,2026-09-04,call,mini,24,0.5069,2,66.0
2026-09-02,68250,2026-09-04,call,mini,125,0.5175,2,65.0
2026-09-02,68375,2026-09-04,call,mini,5,0.5038,2,51.0
2026-09-02,68500,2026-09-04,call,mini,318,0.5094,2,48.0
2026-09-02,68625,2026-09-04,call,mini,6,0.4857,2,33.0
2026-09-02,68750,2026-09-04,call,mini,121,0.4885,2,30.0
2026-09-02,68875,2026-09-04,call,mini,32,0.4873,2,26.0
2026-09-02,69000,2026-09-04,call,mini,644,0.488,2,23.0
2026-09-02,69125,2026-09-04,call,mini,22,0.4711,2,16.0
2026-09-02,69250,2026-09-04,call,mini,95,0.4896,2,18.0
2026-09-02,69375,2026-09-04,call,mini,32,0.4654,2,11.0
2026-09-02,69500,2026-09-04,call,mini,532,0.4748,2,11.0
2026-09-02,69625,2026-09-04,call,mini,4,0.4643,2,8.0
2026-09-02,69750,2026-09-04,call,mini,25,0.4655,2,7.0
2026-09-02,69875,2026-09-04,call,mini,10,0.4656,2,6.0
2026-09-02,70000,2026-09-04,call,mini,704,0.4743,2,6.0
2026-09-02,70125,2026-09-04,call,mini,13,0.4609,2,4.0
2026-09-02,70250,2026-09-04,call,mini,10,0.4549,2,3.0
2026-09-02,70375,2026-09-04,call,mini,3,0.463,2,3.0
2026-09-02,70500,2026-09-04,call,mini,636,0.452,2,2.0
2026-09-02,70750,2026-09-04,call,mini,239,0.4676,2,2.0
2026-09-02,70875,2026-09-04,call,mini,9,0.4753,2,2.0
2026-09-02,71000,2026-09-04,call,mini,812,0.4529,2,1.0
2026-09-02,71125,2026-09-04,call,mini,13,0.5111,2,3.0
2026-09-02,71250,2026-09-04,call,mini,7,0.4675,2,1.0
2026-09-02,71375,2026-09-04,call,mini,9,0.4747,2,1.0
2026-09-02,71500,2026-09-04,call,mini,290,0.4819,2,1.0
2026-09-02,71625,2026-09-04,call,mini,29,0.4891,2,1.0
2026-09-02,71750,2026-09-04,call,mini,3,0.4963,2,1.0
2026-09-02,71875,2026-09-04,call,mini,4,0.5034,2,1.0
2026-09-02,72000,2026-09-04,call,mini,616,0.5106,2,1.0
2026-09-02,72125,2026-09-04,call,mini,213,0.5177,2,1.0
2026-09-02,72250,2026-09-04,call,mini,577,0.5248,2,1.0
2026-09-02,66250,2026-09-09,call,mini,2,0.4874,7,950.0
2026-09-02,58500,2026-09-11,call,mini,2,1.0855,9,7690.0
2026-09-02,58750,2026-09-11,call,mini,7445,1.0626,9,7445.0
2026-09-02,59000,2026-09-11,call,mini,3,1.0382,9,7195.0
2026-09-02,59250,2026-09-11,call,mini,6950,1.0151,9,6950.0
2026-09-02,59375,2026-09-11,call,mini,6830,1.0043,9,6830.0
2026-09-02,59500,2026-09-11,call,mini,6705,0.9919,9,6705.0
2026-09-02,59750,2026-09-11,call,mini,6460,0.9686,9,6460.0
2026-09-02,60000,2026-09-11,call,mini,1,0.9452,9,6215.0
2026-09-02,60250,2026-09-11,call,mini,5975,0.923,9,5975.0
2026-09-02,60500,2026-09-11,call,mini,1,0.8992,9,5730.0
2026-09-02,61000,2026-09-11,call,mini,3,0.8524,9,5245.0
2026-09-02,61250,2026-09-11,call,mini,31,0.8294,9,5005.0
2026-09-02,61500,2026-09-11,call,mini,22,0.8074,9,4770.0
2026-09-02,61875,2026-09-11,call,mini,4415,0.7732,9,4415.0
2026-09-02,62000,2026-09-11,call,mini,7,0.7625,9,4300.0
2026-09-02,62250,2026-09-11,call,mini,2,0.7395,9,4065.0
2026-09-02,62500,2026-09-11,call,mini,5,0.7174,9,3835.0
2026-09-02,62750,2026-09-11,call,mini,29,0.6962,9,3610.0
2026-09-02,62875,2026-09-11,call,mini,3500,0.686,9,3500.0
2026-09-02,63000,2026-09-11,call,mini,76,0.6744,9,3385.0
2026-09-02,63250,2026-09-11,call,mini,59,0.6534,9,3165.0
2026-09-02,63500,2026-09-11,call,mini,33,0.6329,9,2950.0
2026-09-02,63750,2026-09-11,call,mini,324,0.613,9,2740.0
2026-09-02,64000,2026-09-11,call,mini,186,0.5936,9,2535.0
2026-09-02,64250,2026-09-11,call,mini,349,0.5745,9,2335.0
2026-09-02,64375,2026-09-11,call,mini,1,0.567,9,2245.0
2026-09-02,64500,2026-09-11,call,mini,178,0.5556,9,2140.0
2026-09-02,64750,2026-09-11,call,mini,134,0.5394,9,1960.0
2026-09-02,65000,2026-09-11,call,mini,172,0.5208,9,1775.0
2026-09-02,65125,2026-09-11,call,mini,3,0.5154,9,1700.0
2026-09-02,65250,2026-09-11,call,mini,15,0.5059,9,1610.0
2026-09-02,65500,2026-09-11,call,mini,38,0.4895,9,1445.0
2026-09-02,65625,2026-09-11,call,mini,1,0.4826,9,1370.0
2026-09-02,65750,2026-09-11,call,mini,15,0.4767,9,1300.0
2026-09-02,65875,2026-09-11,call,mini,1,0.469,9,1225.0
2026-09-02,66000,2026-09-11,call,mini,193,0.4622,9,1155.0
2026-09-02,66125,2026-09-11,call,mini,3,0.4577,9,1095.0
2026-09-02,66250,2026-09-11,call,mini,39,0.4513,9,1030.0
2026-09-02,66375,2026-09-11,call,mini,2,0.4445,9,965.0
2026-09-02,66500,2026-09-11,call,mini,161,0.4358,9,895.0
2026-09-02,66625,2026-09-11,call,mini,6,0.4307,9,840.0
2026-09-02,66750,2026-09-11,call,mini,20,0.4251,9,785.0
2026-09-02,66875,2026-09-11,call,mini,735,0.4204,9,735.0
2026-09-02,67000,2026-09-11,call,mini,476,0.4285,9,730.0
2026-09-02,67125,2026-09-11,call,mini,2,0.411,9,640.0
2026-09-02,67250,2026-09-11,call,mini,47,0.4047,9,590.0
2026-09-02,67375,2026-09-11,call,mini,1,0.401,9,550.0
2026-09-02,67500,2026-09-11,call,mini,202,0.3967,9,510.0
2026-09-02,67625,2026-09-11,call,mini,5,0.3918,9,470.0
2026-09-02,67750,2026-09-11,call,mini,11,0.388,9,435.0
2026-09-02,67875,2026-09-11,call,mini,1,0.3836,9,400.0
2026-09-02,68000,2026-09-11,call,mini,399,0.3805,9,370.0
2026-09-02,68125,2026-09-11,call,mini,10,0.3767,9,340.0
2026-09-02,68250,2026-09-11,call,mini,250,0.3744,9,315.0
2026-09-02,68375,2026-09-11,call,mini,291,0.3719,9,291.0
2026-09-02,68500,2026-09-11,call,mini,412,0.3796,9,292.0
2026-09-02,68625,2026-09-11,call,mini,3,0.3661,9,245.0
2026-09-02,68750,2026-09-11,call,mini,1766,0.3637,9,225.0
2026-09-02,68875,2026-09-11,call,mini,203,0.3597,9,203.0
2026-09-02,69000,2026-09-11,call,mini,1436,0.3591,9,189.0
2026-09-02,69125,2026-09-11,call,mini,3,0.3564,9,172.0
2026-09-02,69250,2026-09-11,call,mini,42,0.3531,9,155.0
2026-09-02,69375,2026-09-11,call,mini,3,0.3515,9,142.0
2026-09-02,69500,2026-09-11,call,mini,206,0.3526,9,134.0
2026-09-02,69625,2026-09-11,call,mini,1,0.3473,9,117.0
2026-09-02,69750,2026-09-11,call,mini,8,0.3461,9,107.0
2026-09-02,69875,2026-09-11,call,mini,1,0.3435,9,96.0
2026-09-02,70000,2026-09-11,call,mini,1086,0.3452,9,91.0
2026-09-02,70125,2026-09-11,call,mini,3,0.3414,9,80.0
2026-09-02,70250,2026-09-11,call,mini,24,0.3414,9,74.0
2026-09-02,70375,2026-09-11,call,mini,66,0.3391,9,66.0
2026-09-02,70500,2026-09-11,call,mini,175,0.3392,9,61.0
2026-09-02,70625,2026-09-11,call,mini,1,0.3378,9,55.0
2026-09-02,70750,2026-09-11,call,mini,3,0.3371,9,50.0
2026-09-02,70875,2026-09-11,call,mini,1,0.3358,9,45.0
2026-09-02,71000,2026-09-11,call,mini,635,0.3381,9,43.0
2026-09-02,71125,2026-09-11,call,mini,2,0.3359,9,38.0
2026-09-02,71250,2026-09-11,call,mini,8,0.3361,9,35.0
2026-09-02,71375,2026-09-11,call,mini,1,0.3326,9,30.0
2026-09-02,71500,2026-09-11,call,mini,155,0.3406,9,32.0
2026-09-02,71625,2026-09-11,call,mini,26,0.3344,9,26.0
2026-09-02,71750,2026-09-11,call,mini,417,0.3349,9,24.0
2026-09-02,71875,2026-09-11,call,mini,1,0.3351,9,22.0
2026-09-02,72000,2026-09-11,call,mini,468,0.3372,9,21.0
2026-09-02,72125,2026-09-11,call,mini,18,0.3343,9,18.0
2026-09-02,72250,2026-09-11,call,mini,56,0.3359,9,17.0
2026-09-02,72375,2026-09-11,call,mini,1,0.3374,9,16.0
2026-09-02,72500,2026-09-11,call,mini,167,0.3386,9,15.0
2026-09-02,72625,2026-09-11,call,mini,1,0.3365,9,13.0
2026-09-02,72750,2026-09-11,call,mini,18,0.3371,9,12.0
2026-09-02,72875,2026-09-11,call,mini,11,0.3375,9,11.0
2026-09-02,73000,2026-09-11,call,mini,363,0.3415,9,11.0
2026-09-02,73125,2026-09-11,call,mini,1,0.3415,9,10.0
2026-09-02,73250,2026-09-11,call,mini,245,0.3454,9,10.0
2026-09-02,73375,2026-09-11,call,mini,9,0.3449,9,9.0
2026-09-02,73500,2026-09-11,call,mini,134,0.344,9,8.0
2026-09-02,73625,2026-09-11,call,mini,7,0.3426,9,7.0
2026-09-02,73750,2026-09-11,call,mini,9,0.3464,9,7.0
2026-09-02,73875,2026-09-11,call,mini,7,0.3501,9,7.0
2026-09-02,74000,2026-09-11,call,mini,288,0.3539,9,7.0
2026-09-02,74125,2026-09-11,call,mini,6,0.3516,9,6.0
2026-09-02,74250,2026-09-11,call,mini,16,0.3552,9,6.0
2026-09-02,74375,2026-09-11,call,mini,5,0.352,9,5.0
2026-09-02,74500,2026-09-11,call,mini,90,0.3556,9,5.0
2026-09-02,74625,2026-09-11,call,mini,5,0.3591,9,5.0
2026-09-02,74750,2026-09-11,call,mini,18,0.3627,9,5.0
2026-09-02,74875,2026-09-11,call,mini,1,0.358,9,4.0
2026-09-02,75000,2026-09-11,call,mini,532,0.3615,9,4.0
2026-09-02,75125,2026-09-11,call,mini,3,0.3547,9,3.0
2026-09-02,75250,2026-09-11,call,mini,86,0.3581,9,3.0
2026-09-02,75375,2026-09-11,call,mini,37,0.3615,9,3.0
2026-09-02,66250,2026-09-16,call,mini,2,0.4159,14,1285.0
2026-09-02,65750,2026-09-18,call,mini,6,0.4244,16,1650.0
2026-09-02,66000,2026-09-18,call,mini,7,0.4078,16,1470.0
2026-09-02,66250,2026-09-18,call,mini,8,0.4086,16,1385.0
2026-09-02,66500,2026-09-18,call,mini,16,0.3896,16,1205.0
2026-09-02,67000,2026-09-18,call,mini,13,0.3676,16,945.0
2026-09-02,67750,2026-09-18,call,mini,6,0.3454,16,655.0
2026-09-02,68000,2026-09-18,call,mini,2,0.3476,16,610.0
2026-09-02,68250,2026-09-18,call,mini,3,0.3465,16,555.0
2026-09-02,68750,2026-09-18,call,mini,7,0.3356,16,425.0
2026-09-02,69000,2026-09-18,call,mini,14,0.3307,16,370.0
2026-09-02,70000,2026-09-18,call,mini,1,0.3181,16,214.0
2026-09-02,72000,2026-09-18,call,mini,5,0.2984,16,59.0
2026-09-02,72250,2026-09-18,call,mini,1,0.2971,16,50.0
2026-09-02,66000,2026-09-25,call,mini,6,0.3793,23,1715.0
2026-09-02,66250,2026-09-25,call,mini,8,0.3779,23,1615.0
2026-09-02,66500,2026-09-25,call,mini,4,0.3645,23,1445.0
2026-09-02,58500,2026-10-09,call,mini,20,0.5221,37,7605.0
2026-09-02,59000,2026-10-09,call,mini,7140,0.5034,37,7140.0
2026-09-02,60000,2026-10-09,call,mini,6235,0.4686,37,6235.0
2026-09-02,61125,2026-10-09,call,mini,5270,0.4339,37,5270.0
2026-09-02,61250,2026-10-09,call,mini,10,0.4281,37,5150.0
2026-09-02,61500,2026-10-09,call,mini,4945,0.4211,37,4945.0
2026-09-02,61750,2026-10-09,call,mini,4735,0.4132,37,4735.0
2026-09-02,61875,2026-10-09,call,mini,4650,0.4118,37,4650.0
2026-09-02,62000,2026-10-09,call,mini,4535,0.4063,37,4535.0
2026-09-02,62250,2026-10-09,call,mini,3,0.3993,37,4335.0
2026-09-02,62500,2026-10-09,call,mini,4145,0.3932,37,4145.0
2026-09-02,62750,2026-10-09,call,mini,1027,0.3862,37,3950.0
2026-09-02,63000,2026-10-09,call,mini,10,0.3801,37,3765.0
2026-09-02,63500,2026-10-09,call,mini,3410,0.369,37,3410.0
2026-09-02,63750,2026-10-09,call,mini,6,0.3626,37,3230.0
2026-09-02,63875,2026-10-09,call,mini,3155,0.3611,37,3155.0
2026-09-02,64000,2026-10-09,call,mini,6,0.357,37,3060.0
2026-09-02,64250,2026-10-09,call,mini,2905,0.3529,37,2905.0
2026-09-02,64375,2026-10-09,call,mini,2825,0.3504,37,2825.0
2026-09-02,64750,2026-10-09,call,mini,4,0.3429,37,2590.0
2026-09-02,65000,2026-10-09,call,mini,8,0.337,37,2430.0
2026-09-02,65125,2026-10-09,call,mini,2,0.3351,37,2360.0
2026-09-02,65250,2026-10-09,call,mini,5,0.333,37,2290.0
2026-09-02,65375,2026-10-09,call,mini,1,0.3315,37,2225.0
2026-09-02,65500,2026-10-09,call,mini,12,0.3286,37,2150.0
2026-09-02,65625,2026-10-09,call,mini,2080,0.3263,37,2080.0
2026-09-02,65750,2026-10-09,call,mini,7,0.325,37,2020.0
2026-09-02,65875,2026-10-09,call,mini,1950,0.3224,37,1950.0
2026-09-02,66000,2026-10-09,call,mini,101,0.319,37,1875.0
2026-09-02,66125,2026-10-09,call,mini,1,0.3167,37,1810.0
2026-09-02,66250,2026-10-09,call,mini,35,0.3143,37,1745.0
2026-09-02,66375,2026-10-09,call,mini,1685,0.3124,37,1685.0
2026-09-02,66500,2026-10-09,call,mini,39,0.311,37,1630.0
2026-09-02,66625,2026-10-09,call,mini,1,0.3095,37,1575.0
2026-09-02,66750,2026-10-09,call,mini,3,0.3072,37,1515.0
2026-09-02,66875,2026-10-09,call,mini,1470,0.3067,37,1470.0
2026-09-02,67000,2026-10-09,call,mini,31,0.3048,37,1415.0
2026-09-02,67125,2026-10-09,call,mini,3,0.302,37,1355.0
2026-09-02,67250,2026-10-09,call,mini,3,0.3005,37,1305.0
2026-09-02,67500,2026-10-09,call,mini,16,0.2983,37,1215.0
2026-09-02,67625,2026-10-09,call,mini,1,0.2963,37,1165.0
2026-09-02,67750,2026-10-09,call,mini,5,0.2956,37,1125.0
2026-09-02,67875,2026-10-09,call,mini,1075,0.2933,37,1075.0
2026-09-02,68000,2026-10-09,call,mini,63,0.2937,37,1045.0
2026-09-02,68125,2026-10-09,call,mini,1000,0.2918,37,1000.0
2026-09-02,68250,2026-10-09,call,mini,483,0.2905,37,960.0
2026-09-02,68500,2026-10-09,call,mini,320,0.2957,37,935.0
2026-09-02,68625,2026-10-09,call,mini,2,0.288,37,855.0
2026-09-02,68750,2026-10-09,call,mini,2671,0.2868,37,820.0
2026-09-02,69000,2026-10-09,call,mini,1302,0.2849,37,755.0
2026-09-02,69125,2026-10-09,call,mini,1,0.2825,37,715.0
2026-09-02,69250,2026-10-09,call,mini,36,0.2824,37,690.0
2026-09-02,69375,2026-10-09,call,mini,665,0.2822,37,665.0
2026-09-02,69500,2026-10-09,call,mini,28,0.2819,37,640.0
2026-09-02,69625,2026-10-09,call,mini,1,0.2823,37,620.0
2026-09-02,69750,2026-10-09,call,mini,2,0.2799,37,585.0
2026-09-02,69875,2026-10-09,call,mini,565,0.2801,37,565.0
2026-09-02,70000,2026-10-09,call,mini,97,0.281,37,550.0
2026-09-02,70125,2026-10-09,call,mini,1,0.2772,37,510.0
2026-09-02,70250,2026-10-09,call,mini,9,0.2779,37,495.0
2026-09-02,70375,2026-10-09,call,mini,2,0.2756,37,465.0
2026-09-02,70500,2026-10-09,call,mini,19,0.2761,37,450.0
2026-09-02,70625,2026-10-09,call,mini,3,0.2754,37,430.0
2026-09-02,70750,2026-10-09,call,mini,6,0.2757,37,415.0
2026-09-02,71000,2026-10-09,call,mini,60,0.2737,37,375.0
2026-09-02,71125,2026-10-09,call,mini,2,0.2737,37,360.0
2026-09-02,71250,2026-10-09,call,mini,3,0.2734,37,345.0
2026-09-02,71500,2026-10-09,call,mini,31,0.2727,37,315.0
2026-09-02,71750,2026-10-09,call,mini,1813,0.2713,37,285.0
2026-09-02,72000,2026-10-09,call,mini,143,0.271,37,261.0
2026-09-02,72125,2026-10-09,call,mini,247,0.2701,37,247.0
2026-09-02,72250,2026-10-09,call,mini,17,0.2702,37,237.0
2026-09-02,62500,2026-11-13,call,mini,4880,0.3485,72,4880.0
2026-09-02,63000,2026-11-13,call,mini,4,0.3415,72,4535.0
2026-09-02,64000,2026-11-13,call,mini,3,0.3285,72,3885.0
2026-09-02,65000,2026-11-13,call,mini,2,0.3133,72,3250.0
2026-09-02,65250,2026-11-13,call,mini,12,0.3106,72,3110.0
2026-09-02,65500,2026-11-13,call,mini,2975,0.3081,72,2975.0
2026-09-02,66000,2026-11-13,call,mini,22,0.3027,72,2710.0
2026-09-02,66250,2026-11-13,call,mini,6,0.2981,72,2560.0
2026-09-02,66500,2026-11-13,call,mini,3,0.2954,72,2435.0
2026-09-02,66625,2026-11-13,call,mini,2380,0.2947,72,2380.0
2026-09-02,67000,2026-11-13,call,mini,17,0.2929,72,2225.0
2026-09-02,67500,2026-11-13,call,mini,4,0.2874,72,1995.0
2026-09-02,68000,2026-11-13,call,mini,25,0.2835,72,1795.0
2026-09-02,68500,2026-11-13,call,mini,4,0.2804,72,1615.0
2026-09-02,68750,2026-11-13,call,mini,1,0.278,72,1520.0
2026-09-02,69000,2026-11-13,call,mini,9,0.2772,72,1445.0
2026-09-02,69250,2026-11-13,call,mini,1,0.2751,72,1360.0
2026-09-02,69500,2026-11-13,call,mini,3,0.2743,72,1290.0
2026-09-02,69750,2026-11-13,call,mini,3,0.2753,72,1240.0
2026-09-02,70000,2026-11-13,call,mini,24,0.2712,72,1145.0
2026-09-02,70125,2026-11-13,call,mini,1,0.2742,72,1145.0
2026-09-02,70500,2026-11-13,call,mini,1025,0.2697,72,1025.0
2026-09-02,71000,2026-11-13,call,mini,6,0.2683,72,915.0
2026-09-02,71500,2026-11-13,call,mini,1,0.2645,72,795.0
2026-09-02,71750,2026-11-13,call,mini,2,0.2659,72,765.0
2026-09-02,72000,2026-11-13,call,mini,23,0.2632,72,705.0
2026-09-02,72250,2026-11-13,call,mini,4,0.2642,72,675.0
