date,strike,expiry,type,product,oi,iv,days_to_expiry,settlement
2026-08-06,20000,2026-08-13,put,regular,2572,2.4993,7,1.0
2026-08-06,22000,2026-08-13,put,regular,534,2.3034,7,1.0
2026-08-06,24000,2026-08-13,put,regular,563,2.1248,7,1.0
2026-08-06,25000,2026-08-13,put,regular,5446,2.0411,7,1.0
2026-08-06,26000,2026-08-13,put,regular,111,1.9606,7,1.0
2026-08-06,27000,2026-08-13,put,regular,213,1.8832,7,1.0
2026-08-06,28000,2026-08-13,put,regular,332,1.8086,7,1.0
2026-08-06,29000,2026-08-13,put,regular,403,1.7366,7,1.0
2026-08-06,30000,2026-08-13,put,regular,5625,1.667,7,1.0
2026-08-06,31000,2026-08-13,put,regular,145,1.5997,7,1.0
2026-08-06,32000,2026-08-13,put,regular,267,1.5345,7,1.0
2026-08-06,33000,2026-08-13,put,regular,226,1.4712,7,1.0
2026-08-06,34000,2026-08-13,put,regular,208,1.4098,7,1.0
2026-08-06,35000,2026-08-13,put,regular,2164,1.3502,7,1.0
2026-08-06,36000,2026-08-13,put,regular,301,1.2921,7,1.0
2026-08-06,37000,2026-08-13,put,regular,152,1.2356,7,1.0
2026-08-06,37250,2026-08-13,put,regular,60,1.2217,7,1.0
2026-08-06,37500,2026-08-13,put,regular,97,1.2079,7,1.0
2026-08-06,37750,2026-08-13,put,regular,58,1.1942,7,1.0
2026-08-06,38000,2026-08-13,put,regular,1625,1.1805,7,1.0
2026-08-06,38250,2026-08-13,put,regular,3,1.167,7,1.0
2026-08-06,38500,2026-08-13,put,regular,90,1.1535,7,1.0
2026-08-06,38750,2026-08-13,put,regular,4,1.1401,7,1.0
2026-08-06,39000,2026-08-13,put,regular,366,1.1268,7,1.0
2026-08-06,39250,2026-08-13,put,regular,20,1.1136,7,1.0
2026-08-06,39500,2026-08-13,put,regular,18,1.1005,7,1.0
2026-08-06,39750,2026-08-13,put,regular,12,1.0874,7,1.0
2026-08-06,40000,2026-08-13,put,regular,2183,1.0744,7,1.0
2026-08-06,40250,2026-08-13,put,regular,9,1.0615,7,1.0
2026-08-06,40500,2026-08-13,put,regular,44,1.0486,7,1.0
2026-08-06,40750,2026-08-13,put,regular,9,1.0359,7,1.0
2026-08-06,41000,2026-08-13,put,regular,191,1.0232,7,1.0
2026-08-06,41250,2026-08-13,put,regular,25,1.0106,7,1.0
2026-08-06,41500,2026-08-13,put,regular,65,0.998,7,1.0
2026-08-06,41750,2026-08-13,put,regular,20,0.9855,7,1.0
2026-08-06,42000,2026-08-13,put,regular,538,0.9731,7,1.0
2026-08-06,42250,2026-08-13,put,regular,36,0.9608,7,1.0
2026-08-06,42500,2026-08-13,put,regular,203,1.0016,7,2.0
2026-08-06,42750,2026-08-13,put,regular,37,0.9888,7,2.0
2026-08-06,43000,2026-08-13,put,regular,189,0.976,7,2.0
2026-08-06,43250,2026-08-13,put,regular,17,0.9121,7,1.0
2026-08-06,43500,2026-08-13,put,regular,28,0.9507,7,2.0
2026-08-06,43750,2026-08-13,put,regular,49,0.9382,7,2.0
2026-08-06,44000,2026-08-13,put,regular,332,0.9257,7,2.0
2026-08-06,44250,2026-08-13,put,regular,9,0.9133,7,2.0
2026-08-06,44500,2026-08-13,put,regular,128,0.9009,7,2.0
2026-08-06,44750,2026-08-13,put,regular,57,0.8886,7,2.0
2026-08-06,45000,2026-08-13,put,regular,2653,0.9074,7,3.0
2026-08-06,45250,2026-08-13,put,regular,130,0.8642,7,2.0
2026-08-06,45500,2026-08-13,put,regular,200,0.8823,7,3.0
2026-08-06,45750,2026-08-13,put,regular,33,0.8699,7,3.0
2026-08-06,46000,2026-08-13,put,regular,576,0.8575,7,3.0
2026-08-06,46250,2026-08-13,put,regular,21,0.8452,7,3.0
2026-08-06,46500,2026-08-13,put,regular,283,0.8329,7,3.0
2026-08-06,46750,2026-08-13,put,regular,60,0.8207,7,3.0
2026-08-06,47000,2026-08-13,put,regular,548,0.8301,7,4.0
2026-08-06,47250,2026-08-13,put,regular,69,0.8177,7,4.0
2026-08-06,47500,2026-08-13,put,regular,354,0.8054,7,4.0
2026-08-06,47750,2026-08-13,put,regular,184,0.7931,7,4.0
2026-08-06,48000,2026-08-13,put,regular,1201,0.7977,7,5.0
2026-08-06,48250,2026-08-13,put,regular,127,0.7854,7,5.0
2026-08-06,48500,2026-08-13,put,regular,369,0.773,7,5.0
2026-08-06,48750,2026-08-13,put,regular,167,0.7607,7,5.0
2026-08-06,49000,2026-08-13,put,regular,1475,0.7622,7,6.0
2026-08-06,49250,2026-08-13,put,regular,144,0.7498,7,6.0
2026-08-06,49500,2026-08-13,put,regular,560,0.7375,7,6.0
2026-08-06,49750,2026-08-13,put,regular,56,0.7252,7,6.0
2026-08-06,50000,2026-08-13,put,regular,4245,0.7244,7,7.0
2026-08-06,50250,2026-08-13,put,regular,181,0.7121,7,7.0
2026-08-06,50500,2026-08-13,put,regular,457,0.7098,7,8.0
2026-08-06,50750,2026-08-13,put,regular,724,0.6974,7,8.0
2026-08-06,51000,2026-08-13,put,regular,957,0.702,7,10.0
2026-08-06,51250,2026-08-13,put,regular,57,0.6814,7,9.0
2026-08-06,51500,2026-08-13,put,regular,272,0.6769,7,10.0
2026-08-06,51750,2026-08-13,put,regular,48,0.6717,7,11.0
2026-08-06,52000,2026-08-13,put,regular,959,0.6591,7,11.0
2026-08-06,52250,2026-08-13,put,regular,87,0.6594,7,13.0
2026-08-06,52500,2026-08-13,put,regular,486,0.6525,7,14.0
2026-08-06,52750,2026-08-13,put,regular,8,0.6452,7,15.0
2026-08-06,53000,2026-08-13,put,regular,2073,0.6271,7,14.0
2026-08-06,53250,2026-08-13,put,regular,55,0.6247,7,16.0
2026-08-06,53500,2026-08-13,put,regular,354,0.6119,7,16.0
2026-08-06,53750,2026-08-13,put,regular,73,0.6083,7,18.0
2026-08-06,54000,2026-08-13,put,regular,828,0.591,7,17.0
2026-08-06,54250,2026-08-13,put,regular,206,0.5907,7,20.0
2026-08-06,54500,2026-08-13,put,regular,701,0.5778,7,20.0
2026-08-06,54750,2026-08-13,put,regular,79,0.5823,7,25.0
2026-08-06,55000,2026-08-13,put,regular,1955,0.5626,7,23.0
2026-08-06,55250,2026-08-13,put,regular,246,0.5621,7,27.0
2026-08-06,55500,2026-08-13,put,regular,606,0.5365,7,23.0
2026-08-06,55750,2026-08-13,put,regular,126,0.5439,7,30.0
2026-08-06,56000,2026-08-13,put,regular,872,0.5167,7,25.0
2026-08-06,56250,2026-08-13,put,regular,172,0.5271,7,34.0
2026-08-06,56500,2026-08-13,put,regular,1740,0.5204,7,37.0
2026-08-06,56750,2026-08-13,put,regular,43,0.509,7,38.0
2026-08-06,56875,2026-08-13,put,regular,12,0.5021,7,38.0
2026-08-06,57000,2026-08-13,put,regular,1214,0.4774,7,30.0
2026-08-06,57125,2026-08-13,put,regular,103,0.4965,7,42.0
2026-08-06,57250,2026-08-13,put,regular,452,0.4952,7,45.0
2026-08-06,57375,2026-08-13,put,regular,17,0.4883,7,45.0
2026-08-06,57500,2026-08-13,put,regular,1001,0.4795,7,44.0
2026-08-06,57625,2026-08-13,put,regular,53,0.4743,7,45.0
2026-08-06,57750,2026-08-13,put,regular,82,0.4691,7,46.0
2026-08-06,57875,2026-08-13,put,regular,17,0.4672,7,49.0
2026-08-06,58000,2026-08-13,put,regular,3782,0.4482,7,42.0
2026-08-06,58125,2026-08-13,put,regular,517,0.4564,7,51.0
2026-08-06,58250,2026-08-13,put,regular,57,0.4524,7,53.0
2026-08-06,58375,2026-08-13,put,regular,14,0.4483,7,55.0
2026-08-06,58500,2026-08-13,put,regular,476,0.4426,7,56.0
2026-08-06,58625,2026-08-13,put,regular,11,0.4397,7,59.0
2026-08-06,58750,2026-08-13,put,regular,96,0.4352,7,61.0
2026-08-06,58875,2026-08-13,put,regular,15,0.4306,7,63.0
2026-08-06,59000,2026-08-13,put,regular,2045,0.414,7,56.0
2026-08-06,59125,2026-08-13,put,regular,43,0.4222,7,68.0
2026-08-06,59250,2026-08-13,put,regular,100,0.4173,7,70.0
2026-08-06,59375,2026-08-13,put,regular,17,0.4133,7,73.0
2026-08-06,59500,2026-08-13,put,regular,2802,0.399,7,67.0
2026-08-06,59625,2026-08-13,put,regular,25,0.4061,7,80.0
2026-08-06,59750,2026-08-13,put,regular,28,0.4016,7,83.0
2026-08-06,59875,2026-08-13,put,regular,57,0.398,7,87.0
2026-08-06,60000,2026-08-13,put,regular,3837,0.3813,7,78.0
2026-08-06,60125,2026-08-13,put,regular,110,0.3883,7,93.0
2026-08-06,60250,2026-08-13,put,regular,65,0.3842,7,97.0
2026-08-06,60375,2026-08-13,put,regular,42,0.3816,7,103.0
2026-08-06,60500,2026-08-13,put,regular,371,0.3694,7,98.0
2026-08-06,60625,2026-08-13,put,regular,409,0.3731,7,112.0
2026-08-06,60750,2026-08-13,put,regular,45,0.369,7,117.0
2026-08-06,60875,2026-08-13,put,regular,33,0.3654,7,123.0
2026-08-06,61000,2026-08-13,put,regular,1905,0.3565,7,122.0
2026-08-06,61125,2026-08-13,put,regular,32,0.3602,7,139.0
2026-08-06,61250,2026-08-13,put,regular,2,0.3544,7,143.0
2026-08-06,61375,2026-08-13,put,regular,32,0.3511,7,151.0
2026-08-06,61500,2026-08-13,put,regular,1329,0.3419,7,150.0
2026-08-06,61625,2026-08-13,put,regular,42,0.3436,7,167.0
2026-08-06,61750,2026-08-13,put,regular,63,0.3401,7,176.0
2026-08-06,61875,2026-08-13,put,regular,12,0.3367,7,186.0
2026-08-06,62000,2026-08-13,put,regular,2910,0.3277,7,186.0
2026-08-06,62125,2026-08-13,put,regular,164,0.3301,7,208.0
2026-08-06,62250,2026-08-13,put,regular,136,0.3253,7,217.0
2026-08-06,62375,2026-08-13,put,regular,27,0.3231,7,232.0
2026-08-06,62500,2026-08-13,put,regular,1411,0.3154,7,236.0
2026-08-06,62625,2026-08-13,put,regular,39,0.317,7,261.0
2026-08-06,62750,2026-08-13,put,regular,368,0.3135,7,276.0
2026-08-06,62875,2026-08-13,put,regular,513,0.3089,7,289.0
2026-08-06,63000,2026-08-13,put,regular,3139,0.3071,7,310.0
2026-08-06,63125,2026-08-13,put,regular,79,0.3025,7,325.0
2026-08-06,63250,2026-08-13,put,regular,158,0.2994,7,345.0
2026-08-06,63375,2026-08-13,put,regular,60,0.2958,7,365.0
2026-08-06,63500,2026-08-13,put,regular,1028,0.2954,7,395.0
2026-08-06,63625,2026-08-13,put,regular,31,0.2892,7,410.0
2026-08-06,63750,2026-08-13,put,regular,15,0.2843,7,430.0
2026-08-06,63875,2026-08-13,put,regular,50,0.2806,7,455.0
2026-08-06,64000,2026-08-13,put,regular,2555,0.2828,7,500.0
2026-08-06,64125,2026-08-13,put,regular,54,0.2733,7,510.0
2026-08-06,64250,2026-08-13,put,regular,47,0.2696,7,540.0
2026-08-06,64375,2026-08-13,put,regular,21,0.2654,7,570.0
2026-08-06,64500,2026-08-13,put,regular,672,0.2635,7,610.0
2026-08-06,64625,2026-08-13,put,regular,20,0.2566,7,635.0
2026-08-06,64750,2026-08-13,put,regular,56,0.2549,7,680.0
2026-08-06,64875,2026-08-13,put,regular,50,0.2483,7,710.0
2026-08-06,65000,2026-08-13,put,regular,5165,0.2508,7,775.0
2026-08-06,65125,2026-08-13,put,regular,53,0.24,7,795.0
2026-08-06,65250,2026-08-13,put,regular,142,0.234,7,835.0
2026-08-06,65375,2026-08-13,put,regular,50,0.2286,7,880.0
2026-08-06,65500,2026-08-13,put,regular,1098,0.2266,7,940.0
2026-08-06,65625,2026-08-13,put,regular,87,0.2194,7,985.0
2026-08-06,65750,2026-08-13,put,regular,223,0.2127,7,1035.0
2026-08-06,65875,2026-08-13,put,regular,478,0.2033,7,1080.0
2026-08-06,66000,2026-08-13,put,regular,1799,0.2016,7,1155.0
2026-08-06,66125,2026-08-13,put,regular,111,0.1879,7,1195.0
2026-08-06,66250,2026-08-13,put,regular,23,0.1802,7,1260.0
2026-08-06,66375,2026-08-13,put,regular,3,0.1705,7,1325.0
2026-08-06,66500,2026-08-13,put,regular,684,0.1581,7,1390.0
2026-08-06,66625,2026-08-13,put,regular,16,0.1413,7,1455.0
2026-08-06,66750,2026-08-13,put,regular,6,0.1183,7,1525.0
2026-08-06,66875,2026-08-13,put,regular,82,0.2,7,1595.0
2026-08-06,67000,2026-08-13,put,regular,1632,0.2,7,1660.0
2026-08-06,67125,2026-08-13,put,regular,1,0.2,7,1745.0
2026-08-06,67250,2026-08-13,put,regular,18,0.2,7,1815.0
2026-08-06,67375,2026-08-13,put,regular,1,0.2,7,1890.0
2026-08-06,67500,2026-08-13,put,regular,340,0.2,7,1965.0
2026-08-06,67625,2026-08-13,put,regular,1,0.2,7,2060.0
2026-08-06,67750,2026-08-13,put,regular,3,0.2,7,2135.0
2026-08-06,68000,2026-08-13,put,regular,2397,0.2,7,2310.0
2026-08-06,68125,2026-08-13,put,regular,2,0.2,7,2400.0
2026-08-06,68250,2026-08-13,put,regular,191,0.2,7,2490.0
2026-08-06,68375,2026-08-13,put,regular,8,0.2,7,2585.0
2026-08-06,68500,2026-08-13,put,regular,221,0.2,7,2680.0
2026-08-06,68625,2026-08-13,put,regular,1,0.2,7,2775.0
2026-08-06,68750,2026-08-13,put,regular,6,0.2,7,2870.0
2026-08-06,68875,2026-08-13,put,regular,6,0.2,7,2975.0
2026-08-06,69000,2026-08-13,put,regular,1726,0.2,7,3075.0
2026-08-06,69125,2026-08-13,put,regular,10,0.2,7,3175.0
2026-08-06,69500,2026-08-13,put,regular,602,0.2,7,3490.0
2026-08-06,69750,2026-08-13,put,regular,1,0.2,7,3710.0
2026-08-06,70000,2026-08-13,put,regular,3121,0.2,7,3925.0
2026-08-06,70125,2026-08-13,put,regular,1,0.2,7,4030.0
2026-08-06,70250,2026-08-13,put,regular,1,0.2,7,4145.0
2026-08-06,70375,2026-08-13,put,regular,1,0.2,7,4260.0
2026-08-06,70500,2026-08-13,put,regular,5,0.2,7,4375.0
2026-08-06,71000,2026-08-13,put,regular,186,0.2,7,4835.0
2026-08-06,72000,2026-08-13,put,regular,200,0.2,7,5790.0
2026-08-06,72250,2026-08-13,put,regular,1,0.2,7,6030.0
2026-08-06,73000,2026-08-13,put,regular,13,0.2,7,6765.0
2026-08-06,74000,2026-08-13,put,regular,10,0.2,7,7750.0
2026-08-06,75000,2026-08-13,put,regular,61,0.2,7,8745.0
2026-08-06,77500,2026-08-13,put,regular,5,0.2,7,11235.0
2026-08-06,20000,2026-09-10,put,regular,1058,1.1757,35,2.0
2026-08-06,21000,2026-09-10,put,regular,50,1.1286,35,2.0
2026-08-06,22000,2026-09-10,put,regular,28,1.0837,35,2.0
2026-08-06,23000,2026-09-10,put,regular,22,1.0746,35,3.0
2026-08-06,24000,2026-09-10,put,regular,19,1.0323,35,3.0
2026-08-06,25000,2026-09-10,put,regular,3131,1.0156,35,4.0
2026-08-06,26000,2026-09-10,put,regular,123,0.9947,35,5.0
2026-08-06,27000,2026-09-10,put,regular,16,0.9557,35,5.0
2026-08-06,27500,2026-09-10,put,regular,19,0.9368,35,5.0
2026-08-06,28000,2026-09-10,put,regular,21,0.9008,35,4.0
2026-08-06,28750,2026-09-10,put,regular,65,0.874,35,4.0
2026-08-06,29000,2026-09-10,put,regular,45,0.9091,35,7.0
2026-08-06,30000,2026-09-10,put,regular,6726,0.884,35,8.0
2026-08-06,30500,2026-09-10,put,regular,86,0.8663,35,8.0
2026-08-06,31000,2026-09-10,put,regular,5,0.8265,35,6.0
2026-08-06,31500,2026-09-10,put,regular,15,0.7008,35,1.0
2026-08-06,32000,2026-09-10,put,regular,37,0.8325,35,10.0
2026-08-06,33000,2026-09-10,put,regular,186,0.658,35,1.0
2026-08-06,33250,2026-09-10,put,regular,1,0.6511,35,1.0
2026-08-06,34000,2026-09-10,put,regular,23,0.8039,35,16.0
2026-08-06,34750,2026-09-10,put,regular,69,0.6434,35,2.0
2026-08-06,35000,2026-09-10,put,regular,1096,0.7707,35,16.0
2026-08-06,35750,2026-09-10,put,regular,50,0.6768,35,6.0
2026-08-06,36000,2026-09-10,put,regular,47,0.6792,35,7.0
2026-08-06,36750,2026-09-10,put,regular,56,0.6805,35,10.0
2026-08-06,37000,2026-09-10,put,regular,564,0.702,35,15.0
2026-08-06,37500,2026-09-10,put,regular,2,0.6762,35,13.0
2026-08-06,37750,2026-09-10,put,regular,2,0.679,35,15.0
2026-08-06,38000,2026-09-10,put,regular,766,0.6891,35,19.0
2026-08-06,38500,2026-09-10,put,regular,228,0.6655,35,17.0
2026-08-06,39000,2026-09-10,put,regular,141,0.6587,35,19.0
2026-08-06,39250,2026-09-10,put,regular,165,0.655,35,20.0
2026-08-06,39500,2026-09-10,put,regular,276,0.6511,35,21.0
2026-08-06,40000,2026-09-10,put,regular,2777,0.6638,35,30.0
2026-08-06,40250,2026-09-10,put,regular,1,0.6355,35,23.0
2026-08-06,40500,2026-09-10,put,regular,176,0.6343,35,25.0
2026-08-06,40750,2026-09-10,put,regular,42,0.6238,35,24.0
2026-08-06,41000,2026-09-10,put,regular,818,0.6224,35,26.0
2026-08-06,41250,2026-09-10,put,regular,1,0.615,35,26.0
2026-08-06,41500,2026-09-10,put,regular,22,0.6184,35,30.0
2026-08-06,41750,2026-09-10,put,regular,41000,0.6135,35,31.0
2026-08-06,42000,2026-09-10,put,regular,1982,0.6085,35,32.0
2026-08-06,42250,2026-09-10,put,regular,21,0.6034,35,33.0
2026-08-06,42500,2026-09-10,put,regular,50,0.5983,35,34.0
2026-08-06,42750,2026-09-10,put,regular,17,0.5954,35,36.0
2026-08-06,43000,2026-09-10,put,regular,1077,0.5858,35,35.0
2026-08-06,43250,2026-09-10,put,regular,65,0.5827,35,37.0
2026-08-06,43500,2026-09-10,put,regular,782,0.5774,35,38.0
2026-08-06,43750,2026-09-10,put,regular,14,0.5721,35,39.0
2026-08-06,44000,2026-09-10,put,regular,1471,0.5686,35,41.0
2026-08-06,44250,2026-09-10,put,regular,31,0.5613,35,41.0
2026-08-06,44500,2026-09-10,put,regular,127,0.5558,35,42.0
2026-08-06,44750,2026-09-10,put,regular,14,0.5503,35,43.0
2026-08-06,45000,2026-09-10,put,regular,2458,0.5482,35,46.0
2026-08-06,45250,2026-09-10,put,regular,5,0.5488,35,51.0
2026-08-06,45500,2026-09-10,put,regular,159,0.546,35,54.0
2026-08-06,45750,2026-09-10,put,regular,59,0.5415,35,56.0
2026-08-06,46000,2026-09-10,put,regular,1927,0.5369,35,58.0
2026-08-06,46250,2026-09-10,put,regular,67,0.5309,35,59.0
2026-08-06,46500,2026-09-10,put,regular,366,0.5249,35,60.0
2026-08-06,46750,2026-09-10,put,regular,27,0.5189,35,61.0
2026-08-06,47000,2026-09-10,put,regular,1047,0.5129,35,62.0
2026-08-06,47250,2026-09-10,put,regular,23,0.5069,35,63.0
2026-08-06,47500,2026-09-10,put,regular,1041,0.5008,35,64.0
2026-08-06,47750,2026-09-10,put,regular,92,0.4948,35,65.0
2026-08-06,48000,2026-09-10,put,regular,3333,0.4954,35,72.0
2026-08-06,48250,2026-09-10,put,regular,121,0.4892,35,73.0
2026-08-06,48500,2026-09-10,put,regular,751,0.484,35,75.0
2026-08-06,48750,2026-09-10,put,regular,49,0.4807,35,79.0
2026-08-06,49000,2026-09-10,put,regular,1442,0.4819,35,88.0
2026-08-06,49250,2026-09-10,put,regular,214,0.4737,35,87.0
2026-08-06,49500,2026-09-10,put,regular,194,0.4663,35,87.0
2026-08-06,49750,2026-09-10,put,regular,150,0.4625,35,91.0
2026-08-06,50000,2026-09-10,put,regular,9004,0.4569,35,93.0
2026-08-06,50250,2026-09-10,put,regular,81,0.4577,35,103.0
2026-08-06,50500,2026-09-10,put,regular,1318,0.4703,35,131.0
2026-08-06,50750,2026-09-10,put,regular,147,0.4452,35,106.0
2026-08-06,51000,2026-09-10,put,regular,1346,0.4393,35,108.0
2026-08-06,51250,2026-09-10,put,regular,211,0.441,35,121.0
2026-08-06,51500,2026-09-10,put,regular,142,0.4388,35,129.0
2026-08-06,51750,2026-09-10,put,regular,44,0.43,35,127.0
2026-08-06,52000,2026-09-10,put,regular,1758,0.4232,35,128.0
2026-08-06,52250,2026-09-10,put,regular,61,0.4164,35,129.0
2026-08-06,52500,2026-09-10,put,regular,644,0.4125,35,135.0
2026-08-06,52750,2026-09-10,put,regular,25,0.408,35,140.0
2026-08-06,53000,2026-09-10,put,regular,1743,0.406,35,150.0
2026-08-06,53250,2026-09-10,put,regular,24,0.4006,35,154.0
2026-08-06,53500,2026-09-10,put,regular,1779,0.3972,35,162.0
2026-08-06,53750,2026-09-10,put,regular,95,0.3916,35,166.0
2026-08-06,54000,2026-09-10,put,regular,2703,0.3902,35,179.0
2026-08-06,54250,2026-09-10,put,regular,2,0.383,35,180.0
2026-08-06,54500,2026-09-10,put,regular,407,0.3802,35,191.0
2026-08-06,54750,2026-09-10,put,regular,253,0.3797,35,208.0
2026-08-06,55000,2026-09-10,put,regular,3808,0.3747,35,215.0
2026-08-06,55250,2026-09-10,put,regular,8,0.3692,35,221.0
2026-08-06,55500,2026-09-10,put,regular,651,0.3655,35,232.0
2026-08-06,56000,2026-09-10,put,regular,2674,0.36,35,261.0
2026-08-06,56250,2026-09-10,put,regular,26,0.3559,35,273.0
2026-08-06,56500,2026-09-10,put,regular,460,0.352,35,286.0
2026-08-06,56750,2026-09-10,put,regular,60,0.3482,35,300.0
2026-08-06,57000,2026-09-10,put,regular,3209,0.346,35,320.0
2026-08-06,57250,2026-09-10,put,regular,27,0.3419,35,335.0
2026-08-06,57500,2026-09-10,put,regular,599,0.3391,35,355.0
2026-08-06,57750,2026-09-10,put,regular,104,0.3346,35,370.0
2026-08-06,58000,2026-09-10,put,regular,1988,0.3324,35,395.0
2026-08-06,58250,2026-09-10,put,regular,201,0.3287,35,415.0
2026-08-06,58500,2026-09-10,put,regular,923,0.3259,35,440.0
2026-08-06,58750,2026-09-10,put,regular,70,0.3228,35,465.0
2026-08-06,58875,2026-09-10,put,regular,3,0.316,35,455.0
2026-08-06,59000,2026-09-10,put,regular,2977,0.3204,35,495.0
2026-08-06,59250,2026-09-10,put,regular,92,0.3166,35,520.0
2026-08-06,59375,2026-09-10,put,regular,3,0.3088,35,505.0
2026-08-06,59500,2026-09-10,put,regular,653,0.3136,35,550.0
2026-08-06,59625,2026-09-10,put,regular,1,0.3079,35,545.0
2026-08-06,59750,2026-09-10,put,regular,26,0.3092,35,575.0
2026-08-06,59875,2026-09-10,put,regular,18,0.3094,35,600.0
2026-08-06,60000,2026-09-10,put,regular,5429,0.3094,35,625.0
2026-08-06,60250,2026-09-10,put,regular,33,0.3034,35,645.0
2026-08-06,60375,2026-09-10,put,regular,2,0.3031,35,670.0
2026-08-06,60500,2026-09-10,put,regular,324,0.3018,35,690.0
2026-08-06,60625,2026-09-10,put,regular,1290000,0.2968,35,690.0
2026-08-06,60750,2026-09-10,put,regular,138,0.2979,35,725.0
2026-08-06,61000,2026-09-10,put,regular,2331,0.2963,35,775.0
2026-08-06,61125,2026-09-10,put,regular,15,0.2945,35,795.0
2026-08-06,61250,2026-09-10,put,regular,3,0.2942,35,825.0
2026-08-06,61500,2026-09-10,put,regular,419,0.2916,35,875.0
2026-08-06,61625,2026-09-10,put,regular,1,0.2894,35,895.0
2026-08-06,61750,2026-09-10,put,regular,230,0.2887,35,925.0
2026-08-06,61875,2026-09-10,put,regular,57,0.2863,35,945.0
2026-08-06,62000,2026-09-10,put,regular,3144,0.2883,35,995.0
2026-08-06,62250,2026-09-10,put,regular,22,0.283,35,1035.0
2026-08-06,62375,2026-09-10,put,regular,102,0.2809,35,1060.0
2026-08-06,62500,2026-09-10,put,regular,768,0.2816,35,1105.0
2026-08-06,62750,2026-09-10,put,regular,12,0.2776,35,1160.0
2026-08-06,63000,2026-09-10,put,regular,2907,0.276,35,1235.0
2026-08-06,63125,2026-09-10,put,regular,5,0.2726,35,1255.0
2026-08-06,63250,2026-09-10,put,regular,34,0.2718,35,1295.0
2026-08-06,63375,2026-09-10,put,regular,7,0.2682,35,1315.0
2026-08-06,63500,2026-09-10,put,regular,165,0.2672,35,1355.0
2026-08-06,63750,2026-09-10,put,regular,5,0.2654,35,1440.0
2026-08-06,63875,2026-09-10,put,regular,37,0.2614,35,1460.0
2026-08-06,64000,2026-09-10,put,regular,2341,0.2631,35,1525.0
2026-08-06,64125,2026-09-10,put,regular,1,0.2563,35,1525.0
2026-08-06,64250,2026-09-10,put,regular,11,0.259,35,1600.0
2026-08-06,64375,2026-09-10,put,regular,22,0.2526,35,1605.0
2026-08-06,64500,2026-09-10,put,regular,450,0.255,35,1680.0
2026-08-06,64750,2026-09-10,put,regular,480,0.2535,35,1785.0
2026-08-06,65000,2026-09-10,put,regular,3092,0.2509,35,1885.0
2026-08-06,65250,2026-09-10,put,regular,80,0.2471,35,1980.0
2026-08-06,65375,2026-09-10,put,regular,7,0.2434,35,2015.0
2026-08-06,65500,2026-09-10,put,regular,303,0.2432,35,2080.0
2026-08-06,65625,2026-09-10,put,regular,15,0.2405,35,2125.0
2026-08-06,65750,2026-09-10,put,regular,2,0.2406,35,2195.0
2026-08-06,66000,2026-09-10,put,regular,2091,0.2374,35,2310.0
2026-08-06,66250,2026-09-10,put,regular,12,0.2335,35,2425.0
2026-08-06,66500,2026-09-10,put,regular,1559,0.2276,35,2530.0
2026-08-06,66625,2026-09-10,put,regular,15,0.2259,35,2595.0
2026-08-06,66750,2026-09-10,put,regular,9,0.2254,35,2670.0
2026-08-06,67000,2026-09-10,put,regular,1139,0.2271,35,2845.0
2026-08-06,67250,2026-09-10,put,regular,8,0.2167,35,2935.0
2026-08-06,67500,2026-09-10,put,regular,333,0.2121,35,3075.0
2026-08-06,67750,2026-09-10,put,regular,174,0.2072,35,3220.0
2026-08-06,68000,2026-09-10,put,regular,756,0.2005,35,3360.0
2026-08-06,68250,2026-09-10,put,regular,8,0.1924,35,3500.0
2026-08-06,68500,2026-09-10,put,regular,33,0.1886,35,3675.0
2026-08-06,68750,2026-09-10,put,regular,12,0.1798,35,3830.0
2026-08-06,69000,2026-09-10,put,regular,1146,0.1737,35,4010.0
2026-08-06,69500,2026-09-10,put,regular,4,0.1454,35,4340.0
2026-08-06,70000,2026-09-10,put,regular,1476,0.2,35,4700.0
2026-08-06,71000,2026-09-10,put,regular,100,0.2,35,5460.0
2026-08-06,71250,2026-09-10,put,regular,1,0.2,35,5660.0
2026-08-06,73000,2026-09-10,put,regular,14,0.2,35,7125.0
2026-08-06,80000,2026-09-10,put,regular,1,0.2,35,13700.0
2026-08-06,85000,2026-09-10,put,regular,5,0.2,35,18655.0
2026-08-06,25000,2026-10-08,put,regular,2516,0.8295,63,11.0
2026-08-06,27000,2026-10-08,put,regular,50000,0.7591,63,10.0
2026-08-06,28000,2026-10-08,put,regular,28000,0.7696,63,17.0
2026-08-06,29000,2026-10-08,put,regular,62000,0.7193,63,13.0
2026-08-06,30000,2026-10-08,put,regular,4,0.7306,63,22.0
2026-08-06,31000,2026-10-08,put,regular,1,0.678,63,16.0
2026-08-06,35000,2026-10-08,put,regular,1,0.6262,63,34.0
2026-08-06,36000,2026-10-08,put,regular,1,0.6105,63,39.0
2026-08-06,37000,2026-10-08,put,regular,151,0.5973,63,46.0
2026-08-06,38000,2026-10-08,put,regular,4,0.5812,63,52.0
2026-08-06,39000,2026-10-08,put,regular,101,0.567,63,60.0
2026-08-06,40000,2026-10-08,put,regular,105,0.574,63,89.0
2026-08-06,41000,2026-10-08,put,regular,103,0.5375,63,78.0
2026-08-06,42000,2026-10-08,put,regular,113,0.5259,63,92.0
2026-08-06,42750,2026-10-08,put,regular,14,0.5107,63,96.0
2026-08-06,43000,2026-10-08,put,regular,125,0.5329,63,134.0
2026-08-06,43500,2026-10-08,put,regular,1,0.5069,63,115.0
2026-08-06,43750,2026-10-08,put,regular,11,0.5028,63,118.0
2026-08-06,44000,2026-10-08,put,regular,100,0.5001,63,123.0
2026-08-06,44250,2026-10-08,put,regular,14,0.4966,63,127.0
2026-08-06,44500,2026-10-08,put,regular,1,0.4923,63,130.0
2026-08-06,44750,2026-10-08,put,regular,11,0.4874,63,132.0
2026-08-06,45000,2026-10-08,put,regular,211,0.4861,63,140.0
2026-08-06,45250,2026-10-08,put,regular,27,0.4805,63,141.0
2026-08-06,45500,2026-10-08,put,regular,206,0.479,63,149.0
2026-08-06,45750,2026-10-08,put,regular,22,0.4722,63,148.0
2026-08-06,46000,2026-10-08,put,regular,231,0.4666,63,149.0
2026-08-06,46500,2026-10-08,put,regular,101,0.4597,63,159.0
2026-08-06,46750,2026-10-08,put,regular,106,0.4714,63,195.0
2026-08-06,47000,2026-10-08,put,regular,251,0.457,63,178.0
2026-08-06,47250,2026-10-08,put,regular,18,0.4513,63,179.0
2026-08-06,47500,2026-10-08,put,regular,4,0.4484,63,186.0
2026-08-06,47750,2026-10-08,put,regular,28,0.444,63,190.0
2026-08-06,48000,2026-10-08,put,regular,409,0.44,63,195.0
2026-08-06,48250,2026-10-08,put,regular,12,0.4356,63,199.0
2026-08-06,48500,2026-10-08,put,regular,154,0.4307,63,202.0
2026-08-06,48750,2026-10-08,put,regular,1,0.4282,63,211.0
2026-08-06,49000,2026-10-08,put,regular,116,0.4228,63,213.0
2026-08-06,49250,2026-10-08,put,regular,18,0.4178,63,216.0
2026-08-06,49500,2026-10-08,put,regular,11,0.4151,63,225.0
2026-08-06,49750,2026-10-08,put,regular,2,0.4116,63,232.0
2026-08-06,50000,2026-10-08,put,regular,558,0.409,63,242.0
2026-08-06,50250,2026-10-08,put,regular,3,0.4053,63,249.0
2026-08-06,50500,2026-10-08,put,regular,105,0.4039,63,263.0
2026-08-06,50750,2026-10-08,put,regular,15,0.3996,63,269.0
2026-08-06,51000,2026-10-08,put,regular,251,0.3997,63,289.0
2026-08-06,51250,2026-10-08,put,regular,4,0.3953,63,295.0
2026-08-06,51500,2026-10-08,put,regular,175,0.3898,63,298.0
2026-08-06,51750,2026-10-08,put,regular,1,0.3885,63,315.0
2026-08-06,52000,2026-10-08,put,regular,203,0.3864,63,330.0
2026-08-06,52500,2026-10-08,put,regular,151,0.3791,63,350.0
2026-08-06,53000,2026-10-08,put,regular,263,0.3752,63,385.0
2026-08-06,53500,2026-10-08,put,regular,101,0.3658,63,400.0
2026-08-06,53750,2026-10-08,put,regular,3,0.3639,63,420.0
2026-08-06,54000,2026-10-08,put,regular,151,0.3619,63,440.0
2026-08-06,54250,2026-10-08,put,regular,7,0.3586,63,455.0
2026-08-06,54500,2026-10-08,put,regular,420,0.3573,63,480.0
2026-08-06,54750,2026-10-08,put,regular,5,0.3442,63,450.0
2026-08-06,55000,2026-10-08,put,regular,2003,0.35,63,510.0
2026-08-06,55250,2026-10-08,put,regular,31,0.3462,63,525.0
2026-08-06,55500,2026-10-08,put,regular,101,0.3442,63,550.0
2026-08-06,55750,2026-10-08,put,regular,101,0.3401,63,565.0
2026-08-06,56000,2026-10-08,put,regular,252,0.3387,63,595.0
2026-08-06,56250,2026-10-08,put,regular,7,0.3353,63,615.0
2026-08-06,56500,2026-10-08,put,regular,4,0.3326,63,640.0
2026-08-06,56750,2026-10-08,put,regular,20,0.3306,63,670.0
2026-08-06,57000,2026-10-08,put,regular,351,0.3283,63,700.0
2026-08-06,57500,2026-10-08,put,regular,200,0.3233,63,760.0
2026-08-06,57750,2026-10-08,put,regular,38,0.3213,63,795.0
2026-08-06,58000,2026-10-08,put,regular,1508,0.3175,63,820.0
2026-08-06,58250,2026-10-08,put,regular,5,0.3165,63,865.0
2026-08-06,58500,2026-10-08,put,regular,5,0.3146,63,905.0
2026-08-06,58750,2026-10-08,put,regular,7,0.3124,63,945.0
2026-08-06,59000,2026-10-08,put,regular,126,0.3107,63,990.0
2026-08-06,59125,2026-10-08,put,regular,7,0.3094,63,1010.0
2026-08-06,59250,2026-10-08,put,regular,17,0.308,63,1030.0
2026-08-06,59500,2026-10-08,put,regular,7,0.3065,63,1080.0
2026-08-06,59750,2026-10-08,put,regular,1,0.3047,63,1130.0
2026-08-06,60000,2026-10-08,put,regular,1739,0.3032,63,1185.0
2026-08-06,60375,2026-10-08,put,regular,300,0.2991,63,1255.0
2026-08-06,60500,2026-10-08,put,regular,102,0.2984,63,1285.0
2026-08-06,60750,2026-10-08,put,regular,48,0.2962,63,1340.0
2026-08-06,60875,2026-10-08,put,regular,7,0.2953,63,1370.0
2026-08-06,61000,2026-10-08,put,regular,402,0.2955,63,1410.0
2026-08-06,62000,2026-10-08,put,regular,648,0.2876,63,1670.0
2026-08-06,63000,2026-10-08,put,regular,100,0.2782,63,1955.0
2026-08-06,63500,2026-10-08,put,regular,2,0.2751,63,2130.0
2026-08-06,63625,2026-10-08,put,regular,6,0.2752,63,2185.0
2026-08-06,64000,2026-10-08,put,regular,950,0.2717,63,2315.0
2026-08-06,64250,2026-10-08,put,regular,2,0.2684,63,2395.0
2026-08-06,64500,2026-10-08,put,regular,230,0.2677,63,2505.0
2026-08-06,64750,2026-10-08,put,regular,1,0.2652,63,2600.0
2026-08-06,64875,2026-10-08,put,regular,37610000,0.2636,63,2645.0
2026-08-06,65000,2026-10-08,put,regular,850,0.2634,63,2705.0
2026-08-06,65500,2026-10-08,put,regular,60,0.2601,63,2930.0
2026-08-06,66000,2026-10-08,put,regular,1,0.2588,63,3190.0
2026-08-06,67000,2026-10-08,put,regular,201,0.2509,63,3695.0
2026-08-06,68000,2026-10-08,put,regular,536,0.2435,63,4265.0
2026-08-06,68500,2026-10-08,put,regular,2,0.2385,63,4560.0
2026-08-06,69000,2026-10-08,put,regular,200,0.234,63,4875.0
2026-08-06,69500,2026-10-08,put,regular,75,0.2299,63,5210.0
2026-08-06,70000,2026-10-08,put,regular,101,0.2245,63,5550.0
2026-08-06,72500,2026-10-08,put,regular,1,0.1924,63,7465.0
2026-08-06,79000,2026-10-08,put,regular,1,0.2,63,13220.0
2026-08-06,85000,2026-10-08,put,regular,20,0.2,63,19030.0
2026-08-06,25000,2026-11-12,put,regular,8,0.7069,98,20.0
2026-08-06,30000,2026-11-12,put,regular,1,0.6158,98,34.0
2026-08-06,35000,2026-11-12,put,regular,2,0.5561,98,74.0
2026-08-06,37000,2026-11-12,put,regular,2,0.5311,98,96.0
2026-08-06,38000,2026-11-12,put,regular,1,0.5188,98,109.0
2026-08-06,40000,2026-11-12,put,regular,2,0.496,98,142.0
2026-08-06,42000,2026-11-12,put,regular,150,0.471,98,178.0
2026-08-06,43000,2026-11-12,put,regular,133,0.4573,98,196.0
2026-08-06,45000,2026-11-12,put,regular,1,0.4373,98,257.0
2026-08-06,45750,2026-11-12,put,regular,1,0.4263,98,273.0
2026-08-06,46250,2026-11-12,put,regular,1,0.4202,98,288.0
2026-08-06,46750,2026-11-12,put,regular,1,0.4159,98,310.0
2026-08-06,47000,2026-11-12,put,regular,1,0.4133,98,320.0
2026-08-06,47750,2026-11-12,put,regular,1,0.4038,98,345.0
2026-08-06,48750,2026-11-12,put,regular,40,0.392,98,385.0
2026-08-06,49000,2026-11-12,put,regular,1,0.3889,98,395.0
2026-08-06,50000,2026-11-12,put,regular,241,0.3792,98,450.0
2026-08-06,50750,2026-11-12,put,regular,2,0.3717,98,495.0
2026-08-06,51000,2026-11-12,put,regular,605,0.369,98,510.0
2026-08-06,51250,2026-11-12,put,regular,40,0.3663,98,525.0
2026-08-06,52000,2026-11-12,put,regular,325,0.3593,98,580.0
2026-08-06,53000,2026-11-12,put,regular,55,0.3506,98,665.0
2026-08-06,53500,2026-11-12,put,regular,400,0.346,98,710.0
2026-08-06,53750,2026-11-12,put,regular,1,0.3431,98,730.0
2026-08-06,54000,2026-11-12,put,regular,12,0.3409,98,755.0
2026-08-06,55000,2026-11-12,put,regular,2,0.3323,98,865.0
2026-08-06,56000,2026-11-12,put,regular,150,0.3238,98,990.0
2026-08-06,56500,2026-11-12,put,regular,33,0.3197,98,1060.0
2026-08-06,57000,2026-11-12,put,regular,233,0.3162,98,1140.0
2026-08-06,58000,2026-11-12,put,regular,225,0.3085,98,1310.0
2026-08-06,59000,2026-11-12,put,regular,125,0.3011,98,1505.0
2026-08-06,59500,2026-11-12,put,regular,459,0.2977,98,1615.0
2026-08-06,60000,2026-11-12,put,regular,470,0.2964,98,1755.0
2026-08-06,60500,2026-11-12,put,regular,100,0.2908,98,1855.0
2026-08-06,61000,2026-11-12,put,regular,620,0.2919,98,2040.0
2026-08-06,62000,2026-11-12,put,regular,400,0.2806,98,2275.0
2026-08-06,63000,2026-11-12,put,regular,50,0.2739,98,2600.0
2026-08-06,64000,2026-11-12,put,regular,660,0.2678,98,2970.0
2026-08-06,64500,2026-11-12,put,regular,340,0.2648,98,3170.0
2026-08-06,65000,2026-11-12,put,regular,400,0.2617,98,3380.0
2026-08-06,66000,2026-11-12,put,regular,150,0.2556,98,3835.0
2026-08-06,67000,2026-11-12,put,regular,350,0.2507,98,4350.0
2026-08-06,67500,2026-11-12,put,regular,4,0.2478,98,4620.0
2026-08-06,68500,2026-11-12,put,regular,328,0.2413,98,5185.0
2026-08-06,70000,2026-11-12,put,regular,460,0.2308,98,6115.0
2026-08-06,70750,2026-11-12,put,regular,160,0.2245,98,6610.0
2026-08-06,72500,2026-11-12,put,regular,330,0.2109,98,7890.0
2026-08-06,12500,2026-12-10,put,regular,505,0.9086,126,4.0
2026-08-06,13000,2026-12-10,put,regular,4,0.8669,126,3.0
2026-08-06,13500,2026-12-10,put,regular,100,0.7807,126,1.0
2026-08-06,14000,2026-12-10,put,regular,11,0.802,126,2.0
2026-08-06,14500,2026-12-10,put,regular,1,0.7457,126,1.0
2026-08-06,14750,2026-12-10,put,regular,1,0.7374,126,1.0
2026-08-06,15000,2026-12-10,put,regular,5,0.7666,126,2.0
2026-08-06,16000,2026-12-10,put,regular,3,0.6977,126,1.0
2026-08-06,17000,2026-12-10,put,regular,3,0.6682,126,1.0
2026-08-06,18000,2026-12-10,put,regular,153,0.6734,126,2.0
2026-08-06,19000,2026-12-10,put,regular,650,0.6141,126,1.0
2026-08-06,20000,2026-12-10,put,regular,2350,0.7389,126,15.0
2026-08-06,21000,2026-12-10,put,regular,350,0.6407,126,5.0
2026-08-06,21500,2026-12-10,put,regular,500,0.6379,126,6.0
2026-08-06,22000,2026-12-10,put,regular,1715,0.6338,126,7.0
2026-08-06,22500,2026-12-10,put,regular,150,0.6288,126,8.0
2026-08-06,23000,2026-12-10,put,regular,2106,0.6406,126,12.0
2026-08-06,23500,2026-12-10,put,regular,127,0.617,126,10.0
2026-08-06,24000,2026-12-10,put,regular,400,0.6104,126,11.0
2026-08-06,24500,2026-12-10,put,regular,250,0.6083,126,13.0
2026-08-06,24750,2026-12-10,put,regular,1,0.6068,126,14.0
2026-08-06,25000,2026-12-10,put,regular,2461,0.6008,126,14.0
2026-08-06,25250,2026-12-10,put,regular,1,0.5991,126,15.0
2026-08-06,25500,2026-12-10,put,regular,2,0.5971,126,16.0
2026-08-06,26000,2026-12-10,put,regular,1425,0.5927,126,18.0
2026-08-06,26500,2026-12-10,put,regular,1,0.5876,126,20.0
2026-08-06,27000,2026-12-10,put,regular,2630,0.5821,126,22.0
2026-08-06,27500,2026-12-10,put,regular,25,0.5762,126,24.0
2026-08-06,27750,2026-12-10,put,regular,72,0.5732,126,25.0
2026-08-06,28000,2026-12-10,put,regular,1326,0.57,126,26.0
2026-08-06,28500,2026-12-10,put,regular,400,0.5658,126,29.0
2026-08-06,29000,2026-12-10,put,regular,1450,0.559,126,31.0
2026-08-06,30000,2026-12-10,put,regular,5896,0.5907,126,66.0
2026-08-06,30500,2026-12-10,put,regular,51,0.5446,126,41.0
2026-08-06,31000,2026-12-10,put,regular,2237,0.5386,126,44.0
2026-08-06,31500,2026-12-10,put,regular,350,0.5337,126,48.0
2026-08-06,32000,2026-12-10,put,regular,4655,0.5285,126,52.0
2026-08-06,32250,2026-12-10,put,regular,600,0.5258,126,54.0
2026-08-06,32500,2026-12-10,put,regular,900,0.523,126,56.0
2026-08-06,33000,2026-12-10,put,regular,3362,0.5173,126,60.0
2026-08-06,33250,2026-12-10,put,regular,37,0.5154,126,63.0
2026-08-06,33500,2026-12-10,put,regular,72,0.5124,126,65.0
2026-08-06,34000,2026-12-10,put,regular,2820,0.5071,126,70.0
2026-08-06,34500,2026-12-10,put,regular,560,0.5026,126,76.0
2026-08-06,34750,2026-12-10,put,regular,1,0.4993,126,78.0
2026-08-06,35000,2026-12-10,put,regular,5157,0.4968,126,81.0
2026-08-06,36000,2026-12-10,put,regular,2905,0.4871,126,94.0
2026-08-06,36500,2026-12-10,put,regular,225,0.4822,126,101.0
2026-08-06,36750,2026-12-10,put,regular,400,0.4792,126,104.0
2026-08-06,37000,2026-12-10,put,regular,2535,0.4769,126,108.0
2026-08-06,37500,2026-12-10,put,regular,188,0.496,126,157.0
2026-08-06,37750,2026-12-10,put,regular,100,0.4934,126,162.0
2026-08-06,38000,2026-12-10,put,regular,2686,0.4902,126,166.0
2026-08-06,38500,2026-12-10,put,regular,1150,0.4842,126,175.0
2026-08-06,38750,2026-12-10,put,regular,50,0.4814,126,180.0
2026-08-06,39000,2026-12-10,put,regular,2505,0.4785,126,185.0
2026-08-06,39250,2026-12-10,put,regular,650,0.4756,126,190.0
2026-08-06,39500,2026-12-10,put,regular,1008,0.4726,126,195.0
2026-08-06,40000,2026-12-10,put,regular,6228,0.467,126,206.0
2026-08-06,40250,2026-12-10,put,regular,5,0.4643,126,212.0
2026-08-06,40500,2026-12-10,put,regular,1469,0.4612,126,217.0
2026-08-06,41000,2026-12-10,put,regular,1825,0.4556,126,229.0
2026-08-06,41250,2026-12-10,put,regular,3,0.4527,126,235.0
2026-08-06,41500,2026-12-10,put,regular,101,0.4501,126,242.0
2026-08-06,42000,2026-12-10,put,regular,3599,0.4445,126,255.0
2026-08-06,42500,2026-12-10,put,regular,300,0.4393,126,270.0
2026-08-06,43000,2026-12-10,put,regular,1692,0.4339,126,285.0
2026-08-06,43500,2026-12-10,put,regular,100,0.4283,126,300.0
2026-08-06,43750,2026-12-10,put,regular,9,0.4262,126,310.0
2026-08-06,44000,2026-12-10,put,regular,3190,0.4225,126,315.0
2026-08-06,45000,2026-12-10,put,regular,2723,0.4131,126,355.0
2026-08-06,45250,2026-12-10,put,regular,51,0.4105,126,365.0
2026-08-06,45500,2026-12-10,put,regular,350,0.4079,126,375.0
2026-08-06,46000,2026-12-10,put,regular,3657,0.4026,126,395.0
2026-08-06,47000,2026-12-10,put,regular,2846,0.3923,126,440.0
2026-08-06,47500,2026-12-10,put,regular,1119,0.3874,126,465.0
2026-08-06,48000,2026-12-10,put,regular,4167,0.3832,126,495.0
2026-08-06,48500,2026-12-10,put,regular,300,0.3777,126,520.0
2026-08-06,49000,2026-12-10,put,regular,3177,0.3729,126,550.0
2026-08-06,49500,2026-12-10,put,regular,2717,0.3687,126,585.0
2026-08-06,50000,2026-12-10,put,regular,6537,0.3642,126,620.0
2026-08-06,50250,2026-12-10,put,regular,16,0.3614,126,635.0
2026-08-06,50500,2026-12-10,put,regular,686,0.3594,126,655.0
2026-08-06,50750,2026-12-10,put,regular,45,0.3573,126,675.0
2026-08-06,51000,2026-12-10,put,regular,1680,0.355,126,695.0
2026-08-06,51500,2026-12-10,put,regular,20,0.3504,126,735.0
2026-08-06,52000,2026-12-10,put,regular,2750,0.3461,126,780.0
2026-08-06,52250,2026-12-10,put,regular,525,0.3442,126,805.0
2026-08-06,52500,2026-12-10,put,regular,417,0.3422,126,830.0
2026-08-06,53000,2026-12-10,put,regular,1398,0.3379,126,880.0
2026-08-06,53250,2026-12-10,put,regular,186,0.3362,126,910.0
2026-08-06,53500,2026-12-10,put,regular,205,0.3338,126,935.0
2026-08-06,53750,2026-12-10,put,regular,4,0.332,126,965.0
2026-08-06,54000,2026-12-10,put,regular,2767,0.33,126,995.0
2026-08-06,54500,2026-12-10,put,regular,440,0.3264,126,1060.0
2026-08-06,55000,2026-12-10,put,regular,4254,0.3223,126,1125.0
2026-08-06,55500,2026-12-10,put,regular,100,0.3184,126,1195.0
2026-08-06,56000,2026-12-10,put,regular,2476,0.3146,126,1270.0
2026-08-06,56500,2026-12-10,put,regular,151,0.3114,126,1355.0
2026-08-06,57000,2026-12-10,put,regular,2130,0.3081,126,1445.0
2026-08-06,57250,2026-12-10,put,regular,14365000,0.3063,126,1490.0
2026-08-06,57500,2026-12-10,put,regular,850,0.3049,126,1540.0
2026-08-06,58000,2026-12-10,put,regular,1450,0.3012,126,1635.0
2026-08-06,58500,2026-12-10,put,regular,850,0.2978,126,1740.0
2026-08-06,59000,2026-12-10,put,regular,2240,0.2949,126,1855.0
2026-08-06,59500,2026-12-10,put,regular,250,0.2882,126,1930.0
2026-08-06,60000,2026-12-10,put,regular,9723,0.2851,126,2055.0
2026-08-06,60500,2026-12-10,put,regular,200,0.2818,126,2185.0
2026-08-06,61000,2026-12-10,put,regular,1750,0.2788,126,2325.0
2026-08-06,61500,2026-12-10,put,regular,1,0.2759,126,2475.0
2026-08-06,62000,2026-12-10,put,regular,2181,0.2729,126,2630.0
2026-08-06,62250,2026-12-10,put,regular,250,0.2717,126,2715.0
2026-08-06,62500,2026-12-10,put,regular,1137,0.2703,126,2800.0
2026-08-06,63000,2026-12-10,put,regular,2151,0.2702,126,3015.0
2026-08-06,63750,2026-12-10,put,regular,25,0.266,126,3295.0
2026-08-06,64000,2026-12-10,put,regular,1525,0.2648,126,3395.0
2026-08-06,65000,2026-12-10,put,regular,3199,0.2595,126,3815.0
2026-08-06,65500,2026-12-10,put,regular,580,0.2569,126,4040.0
2026-08-06,66000,2026-12-10,put,regular,326,0.2544,126,4275.0
2026-08-06,67000,2026-12-10,put,regular,1405,0.2496,126,4780.0
2026-08-06,67250,2026-12-10,put,regular,25,0.2482,126,4910.0
2026-08-06,67500,2026-12-10,put,regular,25,0.247,126,5045.0
2026-08-06,68000,2026-12-10,put,regular,1500,0.244,126,5315.0
2026-08-06,68500,2026-12-10,put,regular,203,0.2417,126,5605.0
2026-08-06,68750,2026-12-10,put,regular,100,0.24,126,5745.0
2026-08-06,69000,2026-12-10,put,regular,1470,0.2384,126,5890.0
2026-08-06,70000,2026-12-10,put,regular,1653,0.2325,126,6505.0
2026-08-06,71000,2026-12-10,put,regular,31,0.226,126,7155.0
2026-08-06,72000,2026-12-10,put,regular,120,0.2203,126,7860.0
2026-08-06,72500,2026-12-10,put,regular,320,0.2164,126,8215.0
2026-08-06,74000,2026-12-10,put,regular,100,0.2036,126,9340.0
2026-08-06,76000,2026-12-10,put,regular,300,0.1757,126,10935.0
2026-08-06,80000,2026-12-10,put,regular,3700,0.2,126,14385.0
2026-08-06,44000,2027-01-07,put,regular,331,0.4004,154,390.0
2026-08-06,45000,2027-01-07,put,regular,800,0.3913,154,435.0
2026-08-06,47000,2027-01-07,put,regular,98,0.3751,154,550.0
2026-08-06,48000,2027-01-07,put,regular,200,0.3676,154,620.0
2026-08-06,50000,2027-01-07,put,regular,15,0.3527,154,785.0
2026-08-06,52500,2027-01-07,put,regular,20,0.3347,154,1050.0
2026-08-06,58000,2027-01-07,put,regular,57,0.2999,154,1990.0
2026-08-06,60000,2027-01-07,put,regular,1,0.2885,154,2495.0
2026-08-06,60500,2027-01-07,put,regular,42,0.2859,154,2640.0
2026-08-06,64000,2027-01-07,put,regular,100,0.2602,154,3735.0
2026-08-06,65000,2027-01-07,put,regular,3,0.2551,154,4155.0
2026-08-06,66000,2027-01-07,put,regular,78,0.2504,154,4615.0
2026-08-06,47000,2027-02-10,put,regular,125,0.3703,188,760.0
2026-08-06,29000,2027-03-11,put,regular,1,0.5093,217,119.0
2026-08-06,30000,2027-03-11,put,regular,1,0.4988,217,134.0
2026-08-06,33000,2027-03-11,put,regular,113,0.4685,217,188.0
2026-08-06,35000,2027-03-11,put,regular,600,0.4492,217,233.0
2026-08-06,37000,2027-03-11,put,regular,500,0.4311,217,289.0
2026-08-06,38000,2027-03-11,put,regular,265,0.4233,217,325.0
2026-08-06,40000,2027-03-11,put,regular,971,0.4062,217,400.0
2026-08-06,41000,2027-03-11,put,regular,250,0.3983,217,445.0
2026-08-06,42000,2027-03-11,put,regular,749,0.3896,217,490.0
2026-08-06,42500,2027-03-11,put,regular,200,0.3864,217,520.0
2026-08-06,43000,2027-03-11,put,regular,62,0.3821,217,545.0
2026-08-06,43500,2027-03-11,put,regular,66,0.3784,217,575.0
2026-08-06,44000,2027-03-11,put,regular,450,0.3746,217,605.0
2026-08-06,45000,2027-03-11,put,regular,1568,0.3677,217,675.0
2026-08-06,46000,2027-03-11,put,regular,116,0.3607,217,750.0
2026-08-06,47000,2027-03-11,put,regular,800,0.3535,217,830.0
2026-08-06,48000,2027-03-11,put,regular,299,0.3467,217,920.0
2026-08-06,48500,2027-03-11,put,regular,51,0.3434,217,970.0
2026-08-06,49000,2027-03-11,put,regular,100,0.3405,217,1025.0
2026-08-06,50000,2027-03-11,put,regular,1275,0.334,217,1135.0
2026-08-06,50250,2027-03-11,put,regular,112,0.3329,217,1170.0
2026-08-06,51000,2027-03-11,put,regular,24,0.3283,217,1265.0
2026-08-06,51250,2027-03-11,put,regular,108,0.3265,217,1295.0
2026-08-06,52000,2027-03-11,put,regular,1485,0.3221,217,1400.0
2026-08-06,52500,2027-03-11,put,regular,50,0.3192,217,1475.0
2026-08-06,53000,2027-03-11,put,regular,525,0.3165,217,1555.0
2026-08-06,53500,2027-03-11,put,regular,200,0.3139,217,1640.0
2026-08-06,54000,2027-03-11,put,regular,234,0.311,217,1725.0
2026-08-06,55000,2027-03-11,put,regular,416,0.3058,217,1915.0
2026-08-06,55500,2027-03-11,put,regular,100,0.3031,217,2015.0
2026-08-06,56000,2027-03-11,put,regular,651,0.3005,217,2120.0
2026-08-06,56250,2027-03-11,put,regular,120,0.2993,217,2175.0
2026-08-06,57000,2027-03-11,put,regular,1740,0.2954,217,2345.0
2026-08-06,58000,2027-03-11,put,regular,1950,0.2903,217,2590.0
2026-08-06,58500,2027-03-11,put,regular,15,0.2881,217,2725.0
2026-08-06,59500,2027-03-11,put,regular,253,0.2832,217,3005.0
2026-08-06,60000,2027-03-11,put,regular,1410,0.2812,217,3160.0
2026-08-06,61000,2027-03-11,put,regular,160,0.2766,217,3480.0
2026-08-06,62000,2027-03-11,put,regular,400,0.2721,217,3825.0
2026-08-06,62500,2027-03-11,put,regular,500,0.27,217,4010.0
2026-08-06,63000,2027-03-11,put,regular,1190,0.2678,217,4200.0
2026-08-06,64000,2027-03-11,put,regular,800,0.2637,217,4605.0
2026-08-06,65000,2027-03-11,put,regular,150,0.2593,217,5035.0
2026-08-06,66000,2027-03-11,put,regular,300,0.2553,217,5500.0
2026-08-06,66250,2027-03-11,put,regular,15,0.2543,217,5620.0
2026-08-06,66500,2027-03-11,put,regular,6,0.2532,217,5740.0
2026-08-06,67000,2027-03-11,put,regular,150,0.2511,217,5990.0
2026-08-06,68000,2027-03-11,put,regular,130,0.2471,217,6515.0
2026-08-06,69000,2027-03-11,put,regular,350,0.2428,217,7065.0
2026-08-06,70000,2027-03-11,put,regular,250,0.2384,217,7645.0
2026-08-06,72000,2027-03-11,put,regular,100,0.2296,217,8900.0
2026-08-06,48000,2027-05-13,put,regular,100,0.3386,280,1275.0
2026-08-06,12500,2027-06-10,put,regular,10,0.646,308,13.0
2026-08-06,14500,2027-06-10,put,regular,4,0.6241,308,23.0
2026-08-06,15000,2027-06-10,put,regular,1,0.6185,308,26.0
2026-08-06,16250,2027-06-10,put,regular,167,0.5993,308,32.0
2026-08-06,23000,2027-06-10,put,regular,140,0.5183,308,90.0
2026-08-06,24000,2027-06-10,put,regular,100,0.5073,308,102.0
2026-08-06,25000,2027-06-10,put,regular,250,0.4966,308,115.0
2026-08-06,26000,2027-06-10,put,regular,200,0.4866,308,130.0
2026-08-06,28000,2027-06-10,put,regular,895,0.4677,308,165.0
2026-08-06,28500,2027-06-10,put,regular,100,0.4627,308,174.0
2026-08-06,29000,2027-06-10,put,regular,66,0.4581,308,184.0
2026-08-06,30000,2027-06-10,put,regular,275,0.4492,308,206.0
2026-08-06,31000,2027-06-10,put,regular,100,0.4409,308,231.0
2026-08-06,31500,2027-06-10,put,regular,1,0.4366,308,244.0
2026-08-06,32000,2027-06-10,put,regular,250,0.4323,308,257.0
2026-08-06,33000,2027-06-10,put,regular,150,0.4243,308,287.0
2026-08-06,34000,2027-06-10,put,regular,750,0.4166,308,320.0
2026-08-06,35000,2027-06-10,put,regular,1327,0.4087,308,355.0
2026-08-06,35500,2027-06-10,put,regular,145,0.4051,308,375.0
2026-08-06,36000,2027-06-10,put,regular,300,0.4014,308,395.0
2026-08-06,37000,2027-06-10,put,regular,50,0.3945,308,440.0
2026-08-06,38000,2027-06-10,put,regular,200,0.3878,308,490.0
2026-08-06,38500,2027-06-10,put,regular,140,0.3842,308,515.0
2026-08-06,39000,2027-06-10,put,regular,50,0.3813,308,545.0
2026-08-06,39500,2027-06-10,put,regular,101,0.3774,308,570.0
2026-08-06,40000,2027-06-10,put,regular,1095,0.3741,308,600.0
2026-08-06,41000,2027-06-10,put,regular,100,0.3685,308,670.0
2026-08-06,42000,2027-06-10,put,regular,400,0.3621,308,740.0
2026-08-06,42500,2027-06-10,put,regular,61,0.3593,308,780.0
2026-08-06,43000,2027-06-10,put,regular,35,0.3563,308,820.0
2026-08-06,44000,2027-06-10,put,regular,196,0.3503,308,905.0
2026-08-06,45000,2027-06-10,put,regular,1220,0.3447,308,1000.0
2026-08-06,46000,2027-06-10,put,regular,773,0.3397,308,1110.0
2026-08-06,46500,2027-06-10,put,regular,70,0.3369,308,1165.0
2026-08-06,47000,2027-06-10,put,regular,201,0.3344,308,1225.0
2026-08-06,47750,2027-06-10,put,regular,100,0.3303,308,1315.0
2026-08-06,48000,2027-06-10,put,regular,1104,0.3292,308,1350.0
2026-08-06,49000,2027-06-10,put,regular,300,0.3244,308,1490.0
2026-08-06,50000,2027-06-10,put,regular,2067,0.3195,308,1640.0
2026-08-06,50500,2027-06-10,put,regular,175,0.3172,308,1720.0
2026-08-06,51000,2027-06-10,put,regular,100,0.3149,308,1805.0
2026-08-06,51250,2027-06-10,put,regular,3,0.3139,308,1850.0
2026-08-06,52000,2027-06-10,put,regular,1030,0.3104,308,1985.0
2026-08-06,52250,2027-06-10,put,regular,88,0.3095,308,2035.0
2026-08-06,52500,2027-06-10,put,regular,57,0.3082,308,2080.0
2026-08-06,53000,2027-06-10,put,regular,720,0.3061,308,2180.0
2026-08-06,53500,2027-06-10,put,regular,1,0.304,308,2285.0
2026-08-06,53750,2027-06-10,put,regular,35,0.303,308,2340.0
2026-08-06,54000,2027-06-10,put,regular,1402,0.302,308,2395.0
2026-08-06,55000,2027-06-10,put,regular,1300,0.2979,308,2625.0
2026-08-06,55500,2027-06-10,put,regular,100,0.2958,308,2745.0
2026-08-06,56000,2027-06-10,put,regular,785,0.294,308,2875.0
2026-08-06,56500,2027-06-10,put,regular,40,0.292,308,3005.0
2026-08-06,57000,2027-06-10,put,regular,775,0.29,308,3140.0
2026-08-06,57750,2027-06-10,put,regular,112,0.2872,308,3355.0
2026-08-06,58000,2027-06-10,put,regular,317,0.2863,308,3430.0
2026-08-06,59000,2027-06-10,put,regular,400,0.2826,308,3740.0
2026-08-06,59500,2027-06-10,put,regular,112,0.2807,308,3900.0
2026-08-06,60000,2027-06-10,put,regular,1625,0.279,308,4070.0
2026-08-06,61000,2027-06-10,put,regular,3,0.2755,308,4425.0
2026-08-06,62000,2027-06-10,put,regular,805,0.2719,308,4800.0
2026-08-06,63000,2027-06-10,put,regular,925,0.2687,308,5205.0
2026-08-06,64000,2027-06-10,put,regular,150,0.2654,308,5630.0
2026-08-06,64750,2027-06-10,put,regular,104,0.2629,308,5965.0
2026-08-06,65000,2027-06-10,put,regular,1486,0.2621,308,6080.0
2026-08-06,65500,2027-06-10,put,regular,26,0.2605,308,6315.0
2026-08-06,66000,2027-06-10,put,regular,50,0.2589,308,6555.0
2026-08-06,66750,2027-06-10,put,regular,150,0.2564,308,6925.0
2026-08-06,67000,2027-06-10,put,regular,870,0.2557,308,7055.0
2026-08-06,67500,2027-06-10,put,regular,100,0.2541,308,7315.0
2026-08-06,68000,2027-06-10,put,regular,450,0.2525,308,7580.0
2026-08-06,68500,2027-06-10,put,regular,200,0.2509,308,7850.0
2026-08-06,69000,2027-06-10,put,regular,15,0.2494,308,8130.0
2026-08-06,70000,2027-06-10,put,regular,700,0.2462,308,8705.0
2026-08-06,72000,2027-06-10,put,regular,100,0.2396,308,9925.0
2026-08-06,77500,2027-06-10,put,regular,50,0.2197,308,13750.0
2026-08-06,67000,2027-07-08,put,regular,58,0.2558,336,7325.0
2026-08-06,31000,2027-09-09,put,regular,200,0.4048,399,294.0
2026-08-06,45000,2027-09-09,put,regular,100,0.3301,399,1320.0
2026-08-06,48000,2027-09-09,put,regular,100,0.317,399,1745.0
2026-08-06,50000,2027-09-09,put,regular,25,0.3085,399,2085.0
2026-08-06,54250,2027-09-09,put,regular,200,0.2918,399,2995.0
2026-08-06,55000,2027-09-09,put,regular,300,0.289,399,3185.0
2026-08-06,58000,2027-09-09,put,regular,1,0.2785,399,4050.0
2026-08-06,60000,2027-09-09,put,regular,225,0.2718,399,4720.0
2026-08-06,62000,2027-09-09,put,regular,188,0.2656,399,5480.0
2026-08-06,68250,2027-09-09,put,regular,200,0.2477,399,8425.0
2026-08-06,68750,2027-09-09,put,regular,91,0.2464,399,8700.0
2026-08-06,12500,2027-12-09,put,regular,11,0.5262,490,17.0
2026-08-06,13000,2027-12-09,put,regular,1,0.4263,490,2.0
2026-08-06,16000,2027-12-09,put,regular,350,0.4175,490,8.0
2026-08-06,19000,2027-12-09,put,regular,300,0.4139,490,26.0
2026-08-06,20000,2027-12-09,put,regular,400,0.4135,490,37.0
2026-08-06,21000,2027-12-09,put,regular,50,0.4129,490,51.0
2026-08-06,22000,2027-12-09,put,regular,408,0.4171,490,75.0
2026-08-06,22500,2027-12-09,put,regular,36,0.4125,490,80.0
2026-08-06,23000,2027-12-09,put,regular,132,0.4124,490,92.0
2026-08-06,23750,2027-12-09,put,regular,39,0.4119,490,112.0
2026-08-06,24000,2027-12-09,put,regular,1721,0.4121,490,120.0
2026-08-06,25000,2027-12-09,put,regular,1210,0.4118,490,154.0
2026-08-06,26000,2027-12-09,put,regular,200,0.4116,490,195.0
2026-08-06,26500,2027-12-09,put,regular,100,0.4115,490,218.0
2026-08-06,27000,2027-12-09,put,regular,1300,0.4113,490,243.0
2026-08-06,28000,2027-12-09,put,regular,2125,0.4053,490,277.0
2026-08-06,29000,2027-12-09,put,regular,350,0.3996,490,315.0
2026-08-06,29500,2027-12-09,put,regular,249,0.3966,490,335.0
2026-08-06,30000,2027-12-09,put,regular,2445,0.3935,490,355.0
2026-08-06,31000,2027-12-09,put,regular,1750,0.3879,490,400.0
2026-08-06,31500,2027-12-09,put,regular,204,0.3853,490,425.0
2026-08-06,32000,2027-12-09,put,regular,1425,0.3825,490,450.0
2026-08-06,32250,2027-12-09,put,regular,30,0.3815,490,465.0
2026-08-06,32750,2027-12-09,put,regular,35,0.3785,490,490.0
2026-08-06,33000,2027-12-09,put,regular,450,0.3773,490,505.0
2026-08-06,34000,2027-12-09,put,regular,1794,0.3722,490,565.0
2026-08-06,34500,2027-12-09,put,regular,100,0.3694,490,595.0
2026-08-06,35000,2027-12-09,put,regular,1450,0.3665,490,625.0
2026-08-06,35500,2027-12-09,put,regular,40,0.3641,490,660.0
2026-08-06,36000,2027-12-09,put,regular,1130,0.3615,490,695.0
2026-08-06,36500,2027-12-09,put,regular,300,0.3588,490,730.0
2026-08-06,37000,2027-12-09,put,regular,1150,0.3565,490,770.0
2026-08-06,38000,2027-12-09,put,regular,1175,0.3514,490,850.0
2026-08-06,39000,2027-12-09,put,regular,800,0.3469,490,940.0
2026-08-06,39500,2027-12-09,put,regular,50,0.3443,490,985.0
2026-08-06,40000,2027-12-09,put,regular,2950,0.3421,490,1035.0
2026-08-06,40500,2027-12-09,put,regular,450,0.3398,490,1085.0
2026-08-06,42000,2027-12-09,put,regular,550,0.3331,490,1250.0
2026-08-06,43000,2027-12-09,put,regular,240,0.3287,490,1370.0
2026-08-06,44000,2027-12-09,put,regular,100,0.3245,490,1500.0
2026-08-06,45000,2027-12-09,put,regular,1705,0.3204,490,1640.0
2026-08-06,46000,2027-12-09,put,regular,700,0.3163,490,1790.0
2026-08-06,47000,2027-12-09,put,regular,250,0.3122,490,1950.0
2026-08-06,47500,2027-12-09,put,regular,35,0.3103,490,2035.0
2026-08-06,48000,2027-12-09,put,regular,615,0.3085,490,2125.0
2026-08-06,49000,2027-12-09,put,regular,700,0.3046,490,2310.0
2026-08-06,50000,2027-12-09,put,regular,3170,0.301,490,2510.0
2026-08-06,51000,2027-12-09,put,regular,350,0.2975,490,2725.0
2026-08-06,52000,2027-12-09,put,regular,535,0.2942,490,2955.0
2026-08-06,53000,2027-12-09,put,regular,822,0.2909,490,3200.0
2026-08-06,54000,2027-12-09,put,regular,275,0.2876,490,3460.0
2026-08-06,54500,2027-12-09,put,regular,400,0.286,490,3595.0
2026-08-06,55000,2027-12-09,put,regular,1062,0.2844,490,3735.0
2026-08-06,55500,2027-12-09,put,regular,75,0.2828,490,3880.0
2026-08-06,56000,2027-12-09,put,regular,270,0.2814,490,4030.0
2026-08-06,57000,2027-12-09,put,regular,220,0.2783,490,4340.0
2026-08-06,58000,2027-12-09,put,regular,1000,0.2754,490,4670.0
2026-08-06,58500,2027-12-09,put,regular,210,0.2741,490,4845.0
2026-08-06,59000,2027-12-09,put,regular,100,0.2726,490,5020.0
2026-08-06,60000,2027-12-09,put,regular,850,0.2699,490,5390.0
2026-08-06,62000,2027-12-09,put,regular,300,0.2646,490,6185.0
2026-08-06,62500,2027-12-09,put,regular,70,0.2634,490,6400.0
2026-08-06,63000,2027-12-09,put,regular,300,0.2621,490,6615.0
2026-08-06,63500,2027-12-09,put,regular,50,0.2608,490,6835.0
2026-08-06,64000,2027-12-09,put,regular,130,0.2595,490,7060.0
2026-08-06,65000,2027-12-09,put,regular,1100,0.2571,490,7530.0
2026-08-06,66000,2027-12-09,put,regular,550,0.2547,490,8020.0
2026-08-06,67000,2027-12-09,put,regular,400,0.2523,490,8530.0
2026-08-06,68000,2027-12-09,put,regular,200,0.25,490,9060.0
2026-08-06,69000,2027-12-09,put,regular,750,0.2478,490,9615.0
2026-08-06,70000,2027-12-09,put,regular,550,0.2455,490,10185.0
2026-08-06,75000,2027-12-09,put,regular,175,0.2342,490,13325.0
2026-08-06,80000,2027-12-09,put,regular,400,0.2219,490,16900.0
2026-08-06,15000,2028-06-08,put,regular,3,0.3956,672,15.0
2026-08-06,25000,2028-06-08,put,regular,630,0.3923,672,294.0
2026-08-06,26000,2028-06-08,put,regular,250,0.3923,672,360.0
2026-08-06,27000,2028-06-08,put,regular,100,0.3921,672,435.0
2026-08-06,30000,2028-06-08,put,regular,300,0.3758,672,605.0
2026-08-06,32000,2028-06-08,put,regular,250,0.3653,672,740.0
2026-08-06,33000,2028-06-08,put,regular,100,0.3602,672,815.0
2026-08-06,35000,2028-06-08,put,regular,200,0.3506,672,985.0
2026-08-06,40000,2028-06-08,put,regular,250,0.3279,672,1520.0
2026-08-06,41500,2028-06-08,put,regular,100,0.322,672,1725.0
2026-08-06,45000,2028-06-08,put,regular,15,0.3084,672,2275.0
2026-08-06,48000,2028-06-08,put,regular,300,0.2976,672,2850.0
2026-08-06,50000,2028-06-08,put,regular,400,0.2909,672,3295.0
2026-08-06,53000,2028-06-08,put,regular,50,0.2817,672,4070.0
2026-08-06,54000,2028-06-08,put,regular,100,0.2787,672,4355.0
2026-08-06,60000,2028-06-08,put,regular,250,0.2625,672,6410.0
2026-08-06,12000,2028-12-07,put,regular,300,0.4061,854,16.0
2026-08-06,16000,2028-12-07,put,regular,1950,0.4035,854,74.0
2026-08-06,18000,2028-12-07,put,regular,100,0.4026,854,133.0
2026-08-06,20000,2028-12-07,put,regular,200,0.4019,854,220.0
2026-08-06,23000,2028-12-07,put,regular,100,0.401,854,415.0
2026-08-06,23500,2028-12-07,put,regular,38,0.4016,854,460.0
2026-08-06,24000,2028-12-07,put,regular,1000,0.4008,854,500.0
2026-08-06,25000,2028-12-07,put,regular,1200,0.4005,854,595.0
2026-08-06,27000,2028-12-07,put,regular,120,0.3999,854,820.0
2026-08-06,27500,2028-12-07,put,regular,50,0.3954,854,845.0
2026-08-06,28000,2028-12-07,put,regular,1250,0.391,854,870.0
2026-08-06,30000,2028-12-07,put,regular,350,0.3743,854,980.0
2026-08-06,31000,2028-12-07,put,regular,400,0.3668,854,1045.0
2026-08-06,32000,2028-12-07,put,regular,850,0.3597,854,1115.0
2026-08-06,32250,2028-12-07,put,regular,51,0.3577,854,1130.0
2026-08-06,33000,2028-12-07,put,regular,125,0.3529,854,1190.0
2026-08-06,34000,2028-12-07,put,regular,775,0.3468,854,1275.0
2026-08-06,34750,2028-12-07,put,regular,100,0.3421,854,1340.0
2026-08-06,35000,2028-12-07,put,regular,1305,0.3408,854,1365.0
2026-08-06,36000,2028-12-07,put,regular,2750,0.3353,854,1465.0
2026-08-06,37000,2028-12-07,put,regular,580,0.3299,854,1570.0
2026-08-06,38000,2028-12-07,put,regular,2860,0.3252,854,1690.0
2026-08-06,39000,2028-12-07,put,regular,50,0.3205,854,1815.0
2026-08-06,40000,2028-12-07,put,regular,1210,0.316,854,1950.0
2026-08-06,42000,2028-12-07,put,regular,350,0.3079,854,2255.0
2026-08-06,43000,2028-12-07,put,regular,100,0.304,854,2420.0
2026-08-06,44500,2028-12-07,put,regular,75,0.2987,854,2695.0
2026-08-06,45000,2028-12-07,put,regular,130,0.2971,854,2795.0
2026-08-06,48000,2028-12-07,put,regular,600,0.2874,854,3440.0
2026-08-06,50000,2028-12-07,put,regular,2450,0.2816,854,3935.0
2026-08-06,51000,2028-12-07,put,regular,150,0.2788,854,4205.0
2026-08-06,53000,2028-12-07,put,regular,50,0.2734,854,4780.0
2026-08-06,55000,2028-12-07,put,regular,705,0.2682,854,5410.0
2026-08-06,56000,2028-12-07,put,regular,450,0.2658,854,5750.0
2026-08-06,57000,2028-12-07,put,regular,150,0.2634,854,6105.0
2026-08-06,60000,2028-12-07,put,regular,550,0.2562,854,7250.0
2026-08-06,65000,2028-12-07,put,regular,900,0.2451,854,9465.0
2026-08-06,68000,2028-12-07,put,regular,100,0.2387,854,10980.0
2026-08-06,70000,2028-12-07,put,regular,100,0.2344,854,12065.0
2026-08-06,75000,2028-12-07,put,regular,80,0.2242,854,15055.0
2026-08-06,15000,2029-06-07,put,regular,1,0.3887,1036,83.0
2026-08-06,15000,2029-12-13,put,regular,1,0.3699,1225,106.0
2026-08-06,23250,2029-12-13,put,regular,40,0.3669,1225,670.0
2026-08-06,32000,2029-12-13,put,regular,113,0.3344,1225,1620.0
2026-08-06,34250,2029-12-13,put,regular,6,0.3211,1225,1845.0
2026-08-06,44000,2029-12-13,put,regular,100,0.2816,1225,3425.0
2026-08-06,50000,2029-12-13,put,regular,70,0.2662,1225,4980.0
2026-08-06,64000,2029-12-13,put,regular,100,0.237,1225,10365.0
2026-08-06,65000,2029-12-13,put,regular,50,0.2348,1225,10835.0
2026-08-06,70000,2029-12-13,put,regular,100,0.2244,1225,13385.0
2026-08-06,19000,2030-06-13,put,regular,2,0.3453,1407,305.0
2026-08-06,23500,2030-12-12,put,regular,100,0.3267,1589,740.0
2026-08-06,31750,2030-12-12,put,regular,74,0.3064,1589,1800.0
2026-08-06,34000,2030-12-12,put,regular,24,0.2973,1589,2105.0
2026-08-06,44000,2030-12-12,put,regular,80,0.2682,1589,4095.0
2026-08-06,49500,2030-12-12,put,regular,100,0.2565,1589,5670.0
2026-08-06,64000,2030-12-12,put,regular,3,0.2284,1589,11390.0
2026-08-06,31500,2031-12-11,put,regular,52,0.2966,1953,2175.0
2026-08-06,68000,2031-12-11,call,regular,100,0.2519,1953,14075.0
2026-08-06,31250,2032-12-09,call,regular,40,0.2,2317,2495.0
2026-08-06,42750,2026-08-13,call,regular,27,2.5203,7,23515.0
2026-08-06,49000,2026-08-13,call,regular,27,1.8773,7,17265.0
2026-08-06,55000,2026-08-13,call,regular,1,1.3186,7,11290.0
2026-08-06,57000,2026-08-13,call,regular,4,1.1382,7,9305.0
2026-08-06,58000,2026-08-13,call,regular,851,1.0485,7,8315.0
2026-08-06,59000,2026-08-13,call,regular,2,0.9598,7,7330.0
2026-08-06,59500,2026-08-13,call,regular,20,0.9178,7,6845.0
2026-08-06,59750,2026-08-13,call,regular,50,0.8956,7,6600.0
2026-08-06,60000,2026-08-13,call,regular,237,0.8733,7,6355.0
2026-08-06,60500,2026-08-13,call,regular,129,0.8318,7,5875.0
2026-08-06,60750,2026-08-13,call,regular,15,0.8107,7,5635.0
2026-08-06,61000,2026-08-13,call,regular,427,0.7911,7,5400.0
2026-08-06,61250,2026-08-13,call,regular,9,0.7695,7,5160.0
2026-08-06,61500,2026-08-13,call,regular,202,0.7494,7,4925.0
2026-08-06,62000,2026-08-13,call,regular,138,0.7113,7,4465.0
2026-08-06,62250,2026-08-13,call,regular,36,0.6916,7,4235.0
2026-08-06,62375,2026-08-13,call,regular,1,0.6832,7,4125.0
2026-08-06,62500,2026-08-13,call,regular,265,0.6731,7,4010.0
2026-08-06,62625,2026-08-13,call,regular,86,0.6644,7,3900.0
2026-08-06,62750,2026-08-13,call,regular,120,0.6556,7,3790.0
2026-08-06,62875,2026-08-13,call,regular,85,0.6466,7,3680.0
2026-08-06,63000,2026-08-13,call,regular,3057,0.639,7,3575.0
2026-08-06,63125,2026-08-13,call,regular,85,0.6281,7,3460.0
2026-08-06,63250,2026-08-13,call,regular,9,0.6217,7,3360.0
2026-08-06,63375,2026-08-13,call,regular,5,0.6136,7,3255.0
2026-08-06,63500,2026-08-13,call,regular,71,0.6067,7,3155.0
2026-08-06,63625,2026-08-13,call,regular,53,0.5981,7,3050.0
2026-08-06,63750,2026-08-13,call,regular,43,0.5894,7,2945.0
2026-08-06,63875,2026-08-13,call,regular,36,0.5818,7,2845.0
2026-08-06,64000,2026-08-13,call,regular,889,0.5755,7,2750.0
2026-08-06,64125,2026-08-13,call,regular,30,0.5661,7,2645.0
2026-08-06,64250,2026-08-13,call,regular,48,0.5607,7,2555.0
2026-08-06,64375,2026-08-13,call,regular,20,0.5522,7,2455.0
2026-08-06,64500,2026-08-13,call,regular,347,0.5476,7,2370.0
2026-08-06,64625,2026-08-13,call,regular,16,0.54,7,2275.0
2026-08-06,64750,2026-08-13,call,regular,137,0.5334,7,2185.0
2026-08-06,64875,2026-08-13,call,regular,8,0.5265,7,2095.0
2026-08-06,65000,2026-08-13,call,regular,3419,0.5388,7,2075.0
2026-08-06,65125,2026-08-13,call,regular,71,0.5146,7,1925.0
2026-08-06,65250,2026-08-13,call,regular,124,0.5095,7,1845.0
2026-08-06,65375,2026-08-13,call,regular,8,0.5054,7,1770.0
2026-08-06,65500,2026-08-13,call,regular,798,0.5009,7,1695.0
2026-08-06,65625,2026-08-13,call,regular,43,0.4933,7,1610.0
2026-08-06,65750,2026-08-13,call,regular,459,0.4908,7,1545.0
2026-08-06,65875,2026-08-13,call,regular,39,0.4838,7,1465.0
2026-08-06,66000,2026-08-13,call,regular,1826,0.4945,7,1450.0
2026-08-06,66125,2026-08-13,call,regular,11,0.4796,7,1345.0
2026-08-06,66250,2026-08-13,call,regular,25,0.4783,7,1290.0
2026-08-06,66375,2026-08-13,call,regular,12,0.4752,7,1230.0
2026-08-06,66500,2026-08-13,call,regular,847,0.4759,7,1185.0
2026-08-06,66625,2026-08-13,call,regular,9,0.4677,7,1110.0
2026-08-06,66750,2026-08-13,call,regular,145,0.4632,7,1050.0
2026-08-06,66875,2026-08-13,call,regular,121,0.4597,7,995.0
2026-08-06,67000,2026-08-13,call,regular,1803,0.4677,7,980.0
2026-08-06,67125,2026-08-13,call,regular,249,0.4513,7,885.0
2026-08-06,67250,2026-08-13,call,regular,92,0.454,7,855.0
2026-08-06,67375,2026-08-13,call,regular,79,0.4517,7,810.0
2026-08-06,67500,2026-08-13,call,regular,492,0.4553,7,785.0
2026-08-06,67625,2026-08-13,call,regular,18,0.4457,7,720.0
2026-08-06,67750,2026-08-13,call,regular,243,0.4452,7,685.0
2026-08-06,67875,2026-08-13,call,regular,3,0.4409,7,640.0
2026-08-06,68000,2026-08-13,call,regular,3370,0.4462,7,625.0
2026-08-06,68125,2026-08-13,call,regular,472,0.4358,7,565.0
2026-08-06,68250,2026-08-13,call,regular,286,0.4369,7,540.0
2026-08-06,68375,2026-08-13,call,regular,23,0.4322,7,500.0
2026-08-06,68500,2026-08-13,call,regular,1385,0.438,7,490.0
2026-08-06,68625,2026-08-13,call,regular,34,0.4303,7,445.0
2026-08-06,68750,2026-08-13,call,regular,31,0.4297,7,420.0
2026-08-06,68875,2026-08-13,call,regular,77,0.4266,7,390.0
2026-08-06,69000,2026-08-13,call,regular,2436,0.4313,7,380.0
2026-08-06,69125,2026-08-13,call,regular,48,0.4229,7,340.0
2026-08-06,69250,2026-08-13,call,regular,66,0.4225,7,320.0
2026-08-06,69375,2026-08-13,call,regular,49,0.4216,7,300.0
2026-08-06,69500,2026-08-13,call,regular,758,0.4222,7,284.0
2026-08-06,69625,2026-08-13,call,regular,22,0.4088,7,241.0
2026-08-06,69750,2026-08-13,call,regular,563,0.4071,7,223.0
2026-08-06,69875,2026-08-13,call,regular,16,0.4092,7,213.0
2026-08-06,70000,2026-08-13,call,regular,4904,0.4217,7,222.0
2026-08-06,70125,2026-08-13,call,regular,11,0.4168,7,200.0
2026-08-06,70250,2026-08-13,call,regular,65,0.4158,7,186.0
2026-08-06,70375,2026-08-13,call,regular,40,0.4149,7,173.0
2026-08-06,70500,2026-08-13,call,regular,183,0.4155,7,163.0
2026-08-06,70625,2026-08-13,call,regular,6,0.4131,7,149.0
2026-08-06,70750,2026-08-13,call,regular,45,0.4121,7,138.0
2026-08-06,70875,2026-08-13,call,regular,17,0.4121,7,129.0
2026-08-06,71000,2026-08-13,call,regular,2619,0.4134,7,122.0
2026-08-06,71125,2026-08-13,call,regular,1,0.4101,7,110.0
2026-08-06,71250,2026-08-13,call,regular,115,0.4088,7,101.0
2026-08-06,71375,2026-08-13,call,regular,1,0.4078,7,93.0
2026-08-06,71500,2026-08-13,call,regular,243,0.4073,7,86.0
2026-08-06,71625,2026-08-13,call,regular,2,0.391,7,65.0
2026-08-06,71750,2026-08-13,call,regular,40,0.3969,7,65.0
2026-08-06,71875,2026-08-13,call,regular,36,0.4085,7,70.0
2026-08-06,72000,2026-08-13,call,regular,2201,0.4061,7,63.0
2026-08-06,72125,2026-08-13,call,regular,21,0.392,7,48.0
2026-08-06,72250,2026-08-13,call,regular,10,0.406,7,54.0
2026-08-06,72375,2026-08-13,call,regular,1,0.3923,7,41.0
2026-08-06,72500,2026-08-13,call,regular,429,0.4009,7,43.0
2026-08-06,72625,2026-08-13,call,regular,2,0.3928,7,35.0
2026-08-06,72750,2026-08-13,call,regular,4,0.3904,7,31.0
2026-08-06,72875,2026-08-13,call,regular,2,0.3894,7,28.0
2026-08-06,73000,2026-08-13,call,regular,1793,0.4027,7,32.0
2026-08-06,73125,2026-08-13,call,regular,11,0.3905,7,24.0
2026-08-06,73250,2026-08-13,call,regular,39,0.3954,7,24.0
2026-08-06,73375,2026-08-13,call,regular,2,0.3953,7,22.0
2026-08-06,73500,2026-08-13,call,regular,787,0.4002,7,22.0
2026-08-06,73625,2026-08-13,call,regular,4,0.3997,7,20.0
2026-08-06,73750,2026-08-13,call,regular,32,0.3923,7,16.0
2026-08-06,73875,2026-08-13,call,regular,12,0.3936,7,15.0
2026-08-06,74000,2026-08-13,call,regular,1060,0.3947,7,14.0
2026-08-06,74125,2026-08-13,call,regular,36,0.3955,7,13.0
2026-08-06,74250,2026-08-13,call,regular,56,0.3917,7,11.0
2026-08-06,74375,2026-08-13,call,regular,20,0.3961,7,11.0
2026-08-06,74500,2026-08-13,call,regular,313,0.3959,7,10.0
2026-08-06,74625,2026-08-13,call,regular,51,0.4003,7,10.0
2026-08-06,74750,2026-08-13,call,regular,15,0.3996,7,9.0
2026-08-06,74875,2026-08-13,call,regular,17,0.4039,7,9.0
2026-08-06,75000,2026-08-13,call,regular,1764,0.4082,7,9.0
2026-08-06,75125,2026-08-13,call,regular,22,0.4008,7,7.0
2026-08-06,75250,2026-08-13,call,regular,145,0.3981,7,6.0
2026-08-06,75375,2026-08-13,call,regular,25,0.4022,7,6.0
2026-08-06,75500,2026-08-13,call,regular,631,0.3985,7,5.0
2026-08-06,76000,2026-08-13,call,regular,806,0.4051,7,4.0
2026-08-06,76500,2026-08-13,call,regular,157,0.4089,7,3.0
2026-08-06,77000,2026-08-13,call,regular,862,0.4083,7,2.0
2026-08-06,77500,2026-08-13,call,regular,870,0.4227,7,2.0
2026-08-06,78000,2026-08-13,call,regular,1643,0.437,7,2.0
2026-08-06,78500,2026-08-13,call,regular,58,0.4255,7,1.0
2026-08-06,79000,2026-08-13,call,regular,203,0.4388,7,1.0
2026-08-06,79500,2026-08-13,call,regular,27,0.4521,7,1.0
2026-08-06,80000,2026-08-13,call,regular,1262,0.4651,7,1.0
2026-08-06,80500,2026-08-13,call,regular,138,0.4781,7,1.0
2026-08-06,81000,2026-08-13,call,regular,187,0.491,7,1.0
2026-08-06,81500,2026-08-13,call,regular,30,0.5038,7,1.0
2026-08-06,82000,2026-08-13,call,regular,1033,0.5164,7,1.0
2026-08-06,82500,2026-08-13,call,regular,68,0.529,7,1.0
2026-08-06,83000,2026-08-13,call,regular,263,0.5414,7,1.0
2026-08-06,83500,2026-08-13,call,regular,72,0.5537,7,1.0
2026-08-06,84000,2026-08-13,call,regular,157,0.566,7,1.0
2026-08-06,84500,2026-08-13,call,regular,53,0.5781,7,1.0
2026-08-06,85000,2026-08-13,call,regular,917,0.5902,7,1.0
2026-08-06,85750,2026-08-13,call,regular,134,0.6081,7,1.0
2026-08-06,87500,2026-08-13,call,regular,207,0.6491,7,1.0
2026-08-06,88000,2026-08-13,call,regular,240,0.6606,7,1.0
2026-08-06,90000,2026-08-13,call,regular,682,0.7059,7,1.0
2026-08-06,92000,2026-08-13,call,regular,110,0.7498,7,1.0
2026-08-06,94000,2026-08-13,call,regular,96,0.7927,7,1.0
2026-08-06,95000,2026-08-13,call,regular,283,0.8136,7,1.0
2026-08-06,96000,2026-08-13,call,regular,31,0.8344,7,1.0
2026-08-06,98000,2026-08-13,call,regular,37,0.875,7,1.0
2026-08-06,100000,2026-08-13,call,regular,120,0.9147,7,1.0
2026-08-06,30000,2026-09-10,call,regular,3750,1.8685,35,36300.0
2026-08-06,37000,2026-09-10,call,regular,1,1.4446,35,29320.0
2026-08-06,40000,2026-09-10,call,regular,5,1.288,35,26335.0
2026-08-06,42000,2026-09-10,call,regular,101,1.1891,35,24345.0
2026-08-06,42500,2026-09-10,call,regular,10,1.1657,35,23850.0
2026-08-06,43000,2026-09-10,call,regular,100,1.1411,35,23350.0
2026-08-06,43500,2026-09-10,call,regular,57,1.1181,35,22855.0
2026-08-06,45000,2026-09-10,call,regular,42,1.0475,35,21360.0
2026-08-06,48000,2026-09-10,call,regular,400,0.9151,35,18385.0
2026-08-06,48500,2026-09-10,call,regular,240,0.895,35,17895.0
2026-08-06,49000,2026-09-10,call,regular,200,0.8737,35,17400.0
2026-08-06,50000,2026-09-10,call,regular,4650,0.8327,35,16415.0
2026-08-06,50500,2026-09-10,call,regular,50,0.814,35,15930.0
2026-08-06,51000,2026-09-10,call,regular,141,0.7919,35,15430.0
2026-08-06,51250,2026-09-10,call,regular,210,0.7843,35,15195.0
2026-08-06,52000,2026-09-10,call,regular,350,0.7535,35,14455.0
2026-08-06,53000,2026-09-10,call,regular,1100,0.714,35,13475.0
2026-08-06,53500,2026-09-10,call,regular,400,0.6953,35,12990.0
2026-08-06,53750,2026-09-10,call,regular,150,0.6844,35,12740.0
2026-08-06,54000,2026-09-10,call,regular,1056,0.6766,35,12505.0
2026-08-06,54250,2026-09-10,call,regular,50,0.6667,35,12260.0
2026-08-06,54500,2026-09-10,call,regular,200,0.6568,35,12015.0
2026-08-06,54750,2026-09-10,call,regular,90,0.6468,35,11770.0
2026-08-06,55000,2026-09-10,call,regular,660,0.6379,35,11530.0
2026-08-06,56000,2026-09-10,call,regular,1250,0.6027,35,10575.0
2026-08-06,56500,2026-09-10,call,regular,75,0.5853,35,10100.0
2026-08-06,57000,2026-09-10,call,regular,850,0.5677,35,9625.0
2026-08-06,57500,2026-09-10,call,regular,384,0.5517,35,9160.0
2026-08-06,58000,2026-09-10,call,regular,1101,0.537,35,8705.0
2026-08-06,59000,2026-09-10,call,regular,1096,0.5063,35,7795.0
2026-08-06,60000,2026-09-10,call,regular,786,0.4792,35,6920.0
2026-08-06,60500,2026-09-10,call,regular,750,0.4659,35,6490.0
2026-08-06,60750,2026-09-10,call,regular,120,0.4604,35,6285.0
2026-08-06,61000,2026-09-10,call,regular,221,0.454,35,6075.0
2026-08-06,61250,2026-09-10,call,regular,22,0.4473,35,5865.0
2026-08-06,61375,2026-09-10,call,regular,12,0.4468,35,5780.0
2026-08-06,61500,2026-09-10,call,regular,2,0.4419,35,5665.0
2026-08-06,61875,2026-09-10,call,regular,2,0.4361,35,5385.0
2026-08-06,62000,2026-09-10,call,regular,2002,0.4311,35,5270.0
2026-08-06,62250,2026-09-10,call,regular,1,0.4263,35,5080.0
2026-08-06,62500,2026-09-10,call,regular,801,0.4199,35,4880.0
2026-08-06,63000,2026-09-10,call,regular,961,0.411,35,4515.0
2026-08-06,63250,2026-09-10,call,regular,10,0.4071,35,4340.0
2026-08-06,63500,2026-09-10,call,regular,4,0.4021,35,4160.0
2026-08-06,64000,2026-09-10,call,regular,1684,0.3939,35,3820.0
2026-08-06,64250,2026-09-10,call,regular,100,0.3899,35,3655.0
2026-08-06,64500,2026-09-10,call,regular,104,0.3843,35,3480.0
2026-08-06,64750,2026-09-10,call,regular,1,0.3809,35,3325.0
2026-08-06,65000,2026-09-10,call,regular,5183,0.3783,35,3180.0
2026-08-06,65250,2026-09-10,call,regular,2,0.3741,35,3025.0
2026-08-06,65375,2026-09-10,call,regular,1,0.3721,35,2950.0
2026-08-06,65500,2026-09-10,call,regular,152,0.3701,35,2875.0
2026-08-06,65750,2026-09-10,call,regular,2,0.3676,35,2740.0
2026-08-06,66000,2026-09-10,call,regular,1656,0.3646,35,2605.0
2026-08-06,66125,2026-09-10,call,regular,40,0.3621,35,2530.0
2026-08-06,66250,2026-09-10,call,regular,37,0.3613,35,2470.0
2026-08-06,66500,2026-09-10,call,regular,759,0.3606,35,2360.0
2026-08-06,66750,2026-09-10,call,regular,8,0.3589,35,2245.0
2026-08-06,67000,2026-09-10,call,regular,2760,0.3561,35,2125.0
2026-08-06,67250,2026-09-10,call,regular,1,0.3535,35,2010.0
2026-08-06,67500,2026-09-10,call,regular,2092,0.3511,35,1900.0
2026-08-06,67750,2026-09-10,call,regular,177,0.3483,35,1790.0
2026-08-06,67875,2026-09-10,call,regular,23,0.3473,35,1740.0
2026-08-06,68000,2026-09-10,call,regular,2099,0.3469,35,1695.0
2026-08-06,68250,2026-09-10,call,regular,4,0.3445,35,1595.0
2026-08-06,68500,2026-09-10,call,regular,112,0.3429,35,1505.0
2026-08-06,68625,2026-09-10,call,regular,1,0.3412,35,1455.0
2026-08-06,68750,2026-09-10,call,regular,16,0.3415,35,1420.0
2026-08-06,69000,2026-09-10,call,regular,1307,0.341,35,1345.0
2026-08-06,69250,2026-09-10,call,regular,47,0.3388,35,1260.0
2026-08-06,69375,2026-09-10,call,regular,785000,0.3364,35,1210.0
2026-08-06,69500,2026-09-10,call,regular,624,0.3375,35,1185.0
2026-08-06,69750,2026-09-10,call,regular,481,0.3386,35,1130.0
2026-08-06,70000,2026-09-10,call,regular,2322,0.3356,35,1050.0
2026-08-06,70250,2026-09-10,call,regular,8,0.3345,35,985.0
2026-08-06,70500,2026-09-10,call,regular,207,0.3336,35,925.0
2026-08-06,70625,2026-09-10,call,regular,55,0.333,35,895.0
2026-08-06,70750,2026-09-10,call,regular,2,0.3331,35,870.0
2026-08-06,71000,2026-09-10,call,regular,1632,0.333,35,820.0
2026-08-06,71125,2026-09-10,call,regular,16,0.332,35,790.0
2026-08-06,71250,2026-09-10,call,regular,14,0.3299,35,755.0
2026-08-06,71500,2026-09-10,call,regular,1304,0.3307,35,715.0
2026-08-06,71625,2026-09-10,call,regular,2,0.3273,35,675.0
2026-08-06,71750,2026-09-10,call,regular,4,0.3302,35,670.0
2026-08-06,72000,2026-09-10,call,regular,2249,0.3321,35,640.0
2026-08-06,72250,2026-09-10,call,regular,1,0.3279,35,580.0
2026-08-06,72500,2026-09-10,call,regular,1683,0.328,35,545.0
2026-08-06,72750,2026-09-10,call,regular,3,0.3267,35,505.0
2026-08-06,73000,2026-09-10,call,regular,2100,0.326,35,470.0
2026-08-06,73250,2026-09-10,call,regular,1,0.326,35,440.0
2026-08-06,73500,2026-09-10,call,regular,406,0.3268,35,415.0
2026-08-06,73625,2026-09-10,call,regular,2,0.3229,35,385.0
2026-08-06,73750,2026-09-10,call,regular,50,0.3272,35,390.0
2026-08-06,74000,2026-09-10,call,regular,964,0.3248,35,355.0
2026-08-06,74500,2026-09-10,call,regular,109,0.3237,35,305.0
2026-08-06,74750,2026-09-10,call,regular,1,0.3227,35,281.0
2026-08-06,75000,2026-09-10,call,regular,2762,0.3252,35,270.0
2026-08-06,75250,2026-09-10,call,regular,24,0.3235,35,246.0
2026-08-06,75500,2026-09-10,call,regular,125,0.3225,35,226.0
2026-08-06,76000,2026-09-10,call,regular,384,0.3232,35,197.0
2026-08-06,76500,2026-09-10,call,regular,24,0.3221,35,167.0
2026-08-06,77000,2026-09-10,call,regular,571,0.3223,35,144.0
2026-08-06,77500,2026-09-10,call,regular,971,0.3216,35,122.0
2026-08-06,78000,2026-09-10,call,regular,2196,0.322,35,105.0
2026-08-06,78500,2026-09-10,call,regular,7,0.321,35,88.0
2026-08-06,79000,2026-09-10,call,regular,10,0.3183,35,71.0
2026-08-06,79500,2026-09-10,call,regular,200,0.3215,35,64.0
2026-08-06,80000,2026-09-10,call,regular,827,0.3194,35,52.0
2026-08-06,80500,2026-09-10,call,regular,3,0.3237,35,48.0
2026-08-06,81000,2026-09-10,call,regular,189,0.3264,35,43.0
2026-08-06,81500,2026-09-10,call,regular,3,0.3272,35,37.0
2026-08-06,82000,2026-09-10,call,regular,34,0.3226,35,28.0
2026-08-06,82500,2026-09-10,call,regular,4,0.3268,35,26.0
2026-08-06,83000,2026-09-10,call,regular,847,0.3306,35,24.0
2026-08-06,83500,2026-09-10,call,regular,5,0.3377,35,24.0
2026-08-06,84000,2026-09-10,call,regular,803,0.3329,35,18.0
2026-08-06,84500,2026-09-10,call,regular,4,0.3326,35,15.0
2026-08-06,85000,2026-09-10,call,regular,863,0.3309,35,12.0
2026-08-06,87500,2026-09-10,call,regular,147,0.3379,35,6.0
2026-08-06,90000,2026-09-10,call,regular,288,0.3533,35,4.0
2026-08-06,92000,2026-09-10,call,regular,56,0.3657,35,3.0
2026-08-06,94000,2026-09-10,call,regular,3,0.3737,35,2.0
2026-08-06,95000,2026-09-10,call,regular,43,0.3835,35,2.0
2026-08-06,96000,2026-09-10,call,regular,20,0.3731,35,1.0
2026-08-06,98000,2026-09-10,call,regular,15,0.3912,35,1.0
2026-08-06,100000,2026-09-10,call,regular,89,0.409,35,1.0
2026-08-06,35000,2026-10-08,call,regular,20,1.0474,63,30970.0
2026-08-06,47500,2026-10-08,call,regular,34,0.6484,63,18645.0
2026-08-06,53000,2026-10-08,call,regular,34,0.5112,63,13350.0
2026-08-06,55000,2026-10-08,call,regular,4,0.4676,63,11480.0
2026-08-06,57000,2026-10-08,call,regular,1,0.4301,63,9680.0
2026-08-06,58000,2026-10-08,call,regular,1,0.4118,63,8800.0
2026-08-06,60000,2026-10-08,call,regular,1,0.3849,63,7170.0
2026-08-06,60500,2026-10-08,call,regular,100,0.3775,63,6770.0
2026-08-06,61000,2026-10-08,call,regular,201,0.3721,63,6395.0
2026-08-06,62000,2026-10-08,call,regular,29,0.3606,63,5660.0
2026-08-06,63000,2026-10-08,call,regular,4,0.348,63,4945.0
2026-08-06,63875,2026-10-08,call,regular,50,0.3401,63,4380.0
2026-08-06,64000,2026-10-08,call,regular,31,0.3393,63,4305.0
2026-08-06,65000,2026-10-08,call,regular,103,0.33,63,3700.0
2026-08-06,65250,2026-10-08,call,regular,1,0.3286,63,3565.0
2026-08-06,65500,2026-10-08,call,regular,60,0.3265,63,3425.0
2026-08-06,66000,2026-10-08,call,regular,300,0.3252,63,3185.0
2026-08-06,66250,2026-10-08,call,regular,4,0.3237,63,3060.0
2026-08-06,67000,2026-10-08,call,regular,380,0.3181,63,2690.0
2026-08-06,67500,2026-10-08,call,regular,1,0.3155,63,2470.0
2026-08-06,68000,2026-10-08,call,regular,190,0.3128,63,2260.0
2026-08-06,69000,2026-10-08,call,regular,326,0.3075,63,1875.0
2026-08-06,69500,2026-10-08,call,regular,1,0.306,63,1710.0
2026-08-06,70000,2026-10-08,call,regular,760,0.3039,63,1550.0
2026-08-06,70750,2026-10-08,call,regular,1,0.3024,63,1345.0
2026-08-06,71000,2026-10-08,call,regular,15,0.3012,63,1275.0
2026-08-06,71500,2026-10-08,call,regular,2,0.3002,63,1155.0
2026-08-06,72000,2026-10-08,call,regular,212,0.3017,63,1065.0
2026-08-06,72250,2026-10-08,call,regular,3,0.2998,63,1000.0
2026-08-06,73000,2026-10-08,call,regular,333,0.299,63,860.0
2026-08-06,73500,2026-10-08,call,regular,2,0.3012,63,795.0
2026-08-06,74000,2026-10-08,call,regular,52,0.299,63,705.0
2026-08-06,74500,2026-10-08,call,regular,127,0.2987,63,635.0
2026-08-06,75000,2026-10-08,call,regular,1356,0.2998,63,580.0
2026-08-06,76000,2026-10-08,call,regular,301,0.2988,63,465.0
2026-08-06,77000,2026-10-08,call,regular,992,0.2978,63,370.0
2026-08-06,77500,2026-10-08,call,regular,1,0.2986,63,335.0
2026-08-06,78000,2026-10-08,call,regular,1,0.2973,63,294.0
2026-08-06,78500,2026-10-08,call,regular,1,0.2976,63,264.0
2026-08-06,79000,2026-10-08,call,regular,3,0.2989,63,240.0
2026-08-06,80000,2026-10-08,call,regular,1763,0.2988,63,190.0
2026-08-06,81000,2026-10-08,call,regular,403,0.2999,63,153.0
2026-08-06,82000,2026-10-08,call,regular,3,0.3002,63,121.0
2026-08-06,83500,2026-10-08,call,regular,6,0.3027,63,88.0
2026-08-06,84000,2026-10-08,call,regular,2,0.301,63,75.0
2026-08-06,85000,2026-10-08,call,regular,100,0.303,63,61.0
2026-08-06,87500,2026-10-08,call,regular,2,0.3196,63,48.0
2026-08-06,90000,2026-10-08,call,regular,24,0.3098,63,20.0
2026-08-06,95000,2026-10-08,call,regular,6,0.3411,63,14.0
2026-08-06,100000,2026-10-08,call,regular,30,0.3519,63,6.0
2026-08-06,50250,2026-11-12,call,regular,35,0.5084,98,16295.0
2026-08-06,56000,2026-11-12,call,regular,34,0.4154,98,11095.0
2026-08-06,57500,2026-11-12,call,regular,100,0.3963,98,9835.0
2026-08-06,60500,2026-11-12,call,regular,100,0.3625,98,7475.0
2026-08-06,61000,2026-11-12,call,regular,200,0.3622,98,7165.0
2026-08-06,63000,2026-11-12,call,regular,1,0.3389,98,5720.0
2026-08-06,64000,2026-11-12,call,regular,125,0.3319,98,5100.0
2026-08-06,65000,2026-11-12,call,regular,10,0.3244,98,4505.0
2026-08-06,66000,2026-11-12,call,regular,201,0.3195,98,3980.0
2026-08-06,67000,2026-11-12,call,regular,938,0.3152,98,3500.0
2026-08-06,68000,2026-11-12,call,regular,130,0.3105,98,3050.0
2026-08-06,69000,2026-11-12,call,regular,1137,0.3053,98,2630.0
2026-08-06,70000,2026-11-12,call,regular,138,0.3023,98,2275.0
2026-08-06,71000,2026-11-12,call,regular,4,0.2986,98,1945.0
2026-08-06,72000,2026-11-12,call,regular,195,0.298,98,1685.0
2026-08-06,72500,2026-11-12,call,regular,201,0.2972,98,1560.0
2026-08-06,74000,2026-11-12,call,regular,100,0.2949,98,1230.0
2026-08-06,75000,2026-11-12,call,regular,102,0.2943,98,1050.0
2026-08-06,95000,2026-11-12,call,regular,2,0.3149,98,47.0
2026-08-06,100000,2026-11-12,call,regular,3,0.3312,98,29.0
2026-08-06,12500,2026-12-10,call,regular,84,1.7755,126,53420.0
2026-08-06,20000,2026-12-10,call,regular,150,1.3029,126,45965.0
2026-08-06,22000,2026-12-10,call,regular,100,1.211,126,43980.0
2026-08-06,25000,2026-12-10,call,regular,300,1.0894,126,41005.0
2026-08-06,26000,2026-12-10,call,regular,350,1.051,126,40010.0
2026-08-06,27000,2026-12-10,call,regular,250,1.0157,126,39020.0
2026-08-06,28000,2026-12-10,call,regular,75,0.9817,126,38030.0
2026-08-06,28500,2026-12-10,call,regular,125,0.9651,126,37535.0
2026-08-06,29000,2026-12-10,call,regular,150,0.9488,126,37040.0
2026-08-06,30000,2026-12-10,call,regular,100,0.9184,126,36055.0
2026-08-06,30500,2026-12-10,call,regular,50,0.9029,126,35560.0
2026-08-06,31000,2026-12-10,call,regular,241,0.8875,126,35065.0
2026-08-06,31500,2026-12-10,call,regular,50,0.8724,126,34570.0
2026-08-06,32000,2026-12-10,call,regular,700,0.8588,126,34080.0
2026-08-06,32500,2026-12-10,call,regular,250,0.8442,126,33585.0
2026-08-06,33000,2026-12-10,call,regular,1950,0.8297,126,33090.0
2026-08-06,34000,2026-12-10,call,regular,280,0.8037,126,32110.0
2026-08-06,34500,2026-12-10,call,regular,400,0.7897,126,31615.0
2026-08-06,35000,2026-12-10,call,regular,435,0.7771,126,31125.0
2026-08-06,36000,2026-12-10,call,regular,975,0.751,126,30140.0
2026-08-06,36500,2026-12-10,call,regular,252,0.7388,126,29650.0
2026-08-06,37000,2026-12-10,call,regular,450,0.7266,126,29160.0
2026-08-06,37500,2026-12-10,call,regular,88,0.724,126,28715.0
2026-08-06,37750,2026-12-10,call,regular,100,0.7179,126,28470.0
2026-08-06,38000,2026-12-10,call,regular,1225,0.7119,126,28225.0
2026-08-06,38500,2026-12-10,call,regular,700,0.6999,126,27735.0
2026-08-06,38750,2026-12-10,call,regular,50,0.6949,126,27495.0
2026-08-06,39000,2026-12-10,call,regular,750,0.6889,126,27250.0
2026-08-06,39500,2026-12-10,call,regular,500,0.678,126,26765.0
2026-08-06,40000,2026-12-10,call,regular,1200,0.6663,126,26275.0
2026-08-06,40500,2026-12-10,call,regular,400,0.6555,126,25790.0
2026-08-06,41000,2026-12-10,call,regular,1300,0.6448,126,25305.0
2026-08-06,41500,2026-12-10,call,regular,100,0.6341,126,24820.0
2026-08-06,42000,2026-12-10,call,regular,1071,0.6235,126,24335.0
2026-08-06,42500,2026-12-10,call,regular,250,0.6137,126,23855.0
2026-08-06,43000,2026-12-10,call,regular,1400,0.6032,126,23370.0
2026-08-06,43750,2026-12-10,call,regular,100,0.5886,126,22650.0
2026-08-06,44000,2026-12-10,call,regular,600,0.583,126,22405.0
2026-08-06,45000,2026-12-10,call,regular,1842,0.5643,126,21450.0
2026-08-06,45250,2026-12-10,call,regular,413,0.5595,126,21210.0
2026-08-06,45500,2026-12-10,call,regular,200,0.5546,126,20970.0
2026-08-06,46000,2026-12-10,call,regular,2300,0.5456,126,20495.0
2026-08-06,46250,2026-12-10,call,regular,315,0.5407,126,20255.0
2026-08-06,47000,2026-12-10,call,regular,350,0.5275,126,19545.0
2026-08-06,47500,2026-12-10,call,regular,200,0.5191,126,19075.0
2026-08-06,48000,2026-12-10,call,regular,750,0.5105,126,18605.0
2026-08-06,49000,2026-12-10,call,regular,1000,0.494,126,17670.0
2026-08-06,49500,2026-12-10,call,regular,260,0.4859,126,17205.0
2026-08-06,50000,2026-12-10,call,regular,3342,0.4776,126,16740.0
2026-08-06,50250,2026-12-10,call,regular,58,0.4738,126,16510.0
2026-08-06,50500,2026-12-10,call,regular,600,0.4699,126,16280.0
2026-08-06,50750,2026-12-10,call,regular,45,0.466,126,16050.0
2026-08-06,51000,2026-12-10,call,regular,731,0.4627,126,15825.0
2026-08-06,52000,2026-12-10,call,regular,802,0.4477,126,14915.0
2026-08-06,52250,2026-12-10,call,regular,250,0.4442,126,14690.0
2026-08-06,52500,2026-12-10,call,regular,50,0.4405,126,14465.0
2026-08-06,53000,2026-12-10,call,regular,1135,0.4337,126,14020.0
2026-08-06,53500,2026-12-10,call,regular,106,0.4272,126,13580.0
2026-08-06,54000,2026-12-10,call,regular,1941,0.4205,126,13140.0
2026-08-06,54500,2026-12-10,call,regular,540,0.4141,126,12705.0
2026-08-06,55000,2026-12-10,call,regular,1829,0.4079,126,12275.0
2026-08-06,55500,2026-12-10,call,regular,300,0.402,126,11850.0
2026-08-06,56000,2026-12-10,call,regular,791,0.3958,126,11425.0
2026-08-06,56500,2026-12-10,call,regular,283,0.3902,126,11010.0
2026-08-06,57000,2026-12-10,call,regular,500,0.3851,126,10605.0
2026-08-06,57250,2026-12-10,call,regular,113,0.3827,126,10405.0
2026-08-06,57500,2026-12-10,call,regular,90,0.3798,126,10200.0
2026-08-06,58000,2026-12-10,call,regular,2603,0.3745,126,9800.0
2026-08-06,58500,2026-12-10,call,regular,350,0.3693,126,9405.0
2026-08-06,59000,2026-12-10,call,regular,1900,0.3649,126,9025.0
2026-08-06,59500,2026-12-10,call,regular,100,0.3572,126,8605.0
2026-08-06,60000,2026-12-10,call,regular,7264,0.3525,126,8230.0
2026-08-06,60500,2026-12-10,call,regular,102,0.3482,126,7865.0
2026-08-06,61000,2026-12-10,call,regular,813,0.3438,126,7505.0
2026-08-06,62000,2026-12-10,call,regular,1350,0.3363,126,6820.0
2026-08-06,62500,2026-12-10,call,regular,852,0.3327,126,6490.0
2026-08-06,63000,2026-12-10,call,regular,1615,0.3317,126,6205.0
2026-08-06,63750,2026-12-10,call,regular,25,0.3268,126,5740.0
2026-08-06,64000,2026-12-10,call,regular,1990,0.3253,126,5590.0
2026-08-06,65000,2026-12-10,call,regular,3176,0.3198,126,5020.0
2026-08-06,65500,2026-12-10,call,regular,584,0.317,126,4745.0
2026-08-06,66000,2026-12-10,call,regular,720,0.3146,126,4485.0
2026-08-06,67000,2026-12-10,call,regular,1077,0.31,126,3990.0
2026-08-06,67250,2026-12-10,call,regular,25,0.309,126,3875.0
2026-08-06,67500,2026-12-10,call,regular,25,0.308,126,3760.0
2026-08-06,68000,2026-12-10,call,regular,3342,0.3058,126,3535.0
2026-08-06,68500,2026-12-10,call,regular,220,0.3041,126,3325.0
2026-08-06,69000,2026-12-10,call,regular,1103,0.3018,126,3115.0
2026-08-06,69250,2026-12-10,call,regular,50,0.3008,126,3015.0
2026-08-06,69750,2026-12-10,call,regular,158,0.2994,126,2830.0
2026-08-06,70000,2026-12-10,call,regular,3699,0.2983,126,2735.0
2026-08-06,71000,2026-12-10,call,regular,200,0.2955,126,2395.0
2026-08-06,72000,2026-12-10,call,regular,770,0.2937,126,2100.0
2026-08-06,72500,2026-12-10,call,regular,2193,0.2922,126,1955.0
2026-08-06,73000,2026-12-10,call,regular,426,0.2913,126,1825.0
2026-08-06,73500,2026-12-10,call,regular,400,0.2907,126,1705.0
2026-08-06,74000,2026-12-10,call,regular,1030,0.29,126,1590.0
2026-08-06,75000,2026-12-10,call,regular,3033,0.2887,126,1380.0
2026-08-06,76000,2026-12-10,call,regular,100,0.2881,126,1200.0
2026-08-06,77000,2026-12-10,call,regular,359,0.287,126,1035.0
2026-08-06,77500,2026-12-10,call,regular,1301,0.287,126,965.0
2026-08-06,78000,2026-12-10,call,regular,303,0.287,126,900.0
2026-08-06,79000,2026-12-10,call,regular,204,0.2864,126,775.0
2026-08-06,80000,2026-12-10,call,regular,7276,0.2864,126,670.0
2026-08-06,81000,2026-12-10,call,regular,1,0.2867,126,580.0
2026-08-06,82500,2026-12-10,call,regular,601,0.287,126,465.0
2026-08-06,84000,2026-12-10,call,regular,402,0.288,126,375.0
2026-08-06,85000,2026-12-10,call,regular,689,0.2877,126,320.0
2026-08-06,87500,2026-12-10,call,regular,2518,0.2889,126,220.0
2026-08-06,90000,2026-12-10,call,regular,2126,0.2838,126,132.0
2026-08-06,95000,2026-12-10,call,regular,1073,0.2874,126,61.0
2026-08-06,100000,2026-12-10,call,regular,501,0.3078,126,45.0
2026-08-06,54250,2027-01-07,call,regular,27,0.4043,154,13240.0
2026-08-06,61000,2027-01-07,call,regular,26,0.3451,154,8035.0
2026-08-06,63750,2027-01-07,call,regular,50,0.3191,154,6130.0
2026-08-06,64000,2027-01-07,call,regular,100,0.3188,154,6000.0
2026-08-06,69500,2027-01-07,call,regular,1,0.296,154,3325.0
2026-08-06,70500,2027-01-07,call,regular,2,0.2927,154,2950.0
2026-08-06,71000,2027-01-07,call,regular,1,0.2916,154,2780.0
2026-08-06,71500,2027-01-07,call,regular,125,0.2909,154,2625.0
2026-08-06,72000,2027-01-07,call,regular,2,0.2898,154,2470.0
2026-08-06,73000,2027-01-07,call,regular,1,0.2903,154,2220.0
2026-08-06,74000,2027-01-07,call,regular,2,0.2882,154,1955.0
2026-08-06,80000,2027-01-07,call,regular,1,0.283,154,900.0
2026-08-06,100000,2027-01-07,call,regular,2,0.2977,154,75.0
2026-08-06,56000,2027-02-10,call,regular,8,0.3786,188,12210.0
2026-08-06,56750,2027-02-10,call,regular,60,0.3722,188,11620.0
2026-08-06,64000,2027-02-10,call,regular,60,0.3228,188,6630.0
2026-08-06,66000,2027-02-10,call,regular,8,0.3133,188,5530.0
2026-08-06,52000,2027-03-11,call,regular,560,0.4027,217,15720.0
2026-08-06,52750,2027-03-11,call,regular,8,0.3958,217,15090.0
2026-08-06,53000,2027-03-11,call,regular,275,0.3938,217,14885.0
2026-08-06,53500,2027-03-11,call,regular,202,0.3892,217,14470.0
2026-08-06,53750,2027-03-11,call,regular,44,0.387,217,14265.0
2026-08-06,54000,2027-03-11,call,regular,267,0.3848,217,14060.0
2026-08-06,55000,2027-03-11,call,regular,550,0.3768,217,13260.0
2026-08-06,56000,2027-03-11,call,regular,50,0.3687,217,12470.0
2026-08-06,56500,2027-03-11,call,regular,1,0.3649,217,12085.0
2026-08-06,57000,2027-03-11,call,regular,365,0.3613,217,11705.0
2026-08-06,58000,2027-03-11,call,regular,150,0.3545,217,10965.0
2026-08-06,59500,2027-03-11,call,regular,200,0.3446,217,9890.0
2026-08-06,59750,2027-03-11,call,regular,2,0.343,217,9715.0
2026-08-06,60000,2027-03-11,call,regular,12,0.3416,217,9545.0
2026-08-06,60250,2027-03-11,call,regular,44,0.3401,217,9375.0
2026-08-06,61000,2027-03-11,call,regular,160,0.3358,217,8875.0
2026-08-06,61750,2027-03-11,call,regular,1,0.3314,217,8385.0
2026-08-06,62500,2027-03-11,call,regular,508,0.3275,217,7915.0
2026-08-06,63000,2027-03-11,call,regular,392,0.325,217,7610.0
2026-08-06,64000,2027-03-11,call,regular,100,0.3204,217,7025.0
2026-08-06,64250,2027-03-11,call,regular,100,0.3191,217,6880.0
2026-08-06,65000,2027-03-11,call,regular,801,0.3159,217,6465.0
2026-08-06,66000,2027-03-11,call,regular,500,0.3117,217,5935.0
2026-08-06,66250,2027-03-11,call,regular,15,0.3106,217,5805.0
2026-08-06,66500,2027-03-11,call,regular,6,0.3097,217,5680.0
2026-08-06,67000,2027-03-11,call,regular,200,0.3078,217,5435.0
2026-08-06,69000,2027-03-11,call,regular,250,0.3009,217,4525.0
2026-08-06,70000,2027-03-11,call,regular,610,0.2979,217,4115.0
2026-08-06,70500,2027-03-11,call,regular,150,0.2967,217,3925.0
2026-08-06,71000,2027-03-11,call,regular,100,0.2952,217,3735.0
2026-08-06,72000,2027-03-11,call,regular,650,0.2928,217,3385.0
2026-08-06,72500,2027-03-11,call,regular,85,0.2916,217,3220.0
2026-08-06,73000,2027-03-11,call,regular,400,0.2905,217,3060.0
2026-08-06,73500,2027-03-11,call,regular,1,0.2896,217,2910.0
2026-08-06,74000,2027-03-11,call,regular,3,0.2886,217,2765.0
2026-08-06,75000,2027-03-11,call,regular,556,0.2867,217,2490.0
2026-08-06,77500,2027-03-11,call,regular,150,0.283,217,1910.0
2026-08-06,80000,2027-03-11,call,regular,240,0.2808,217,1460.0
2026-08-06,82500,2027-03-11,call,regular,737,0.2796,217,1115.0
2026-08-06,85000,2027-03-11,call,regular,80,0.2795,217,855.0
2026-08-06,90000,2027-03-11,call,regular,368,0.2814,217,510.0
2026-08-06,95000,2027-03-11,call,regular,500,0.2867,217,320.0
2026-08-06,100000,2027-03-11,call,regular,78,0.2937,217,211.0
2026-08-06,57000,2027-04-08,call,regular,25,0.3364,245,11645.0
2026-08-06,57750,2027-04-08,call,regular,88,0.3324,245,11100.0
2026-08-06,65000,2027-04-08,call,regular,88,0.2998,245,6520.0
2026-08-06,67000,2027-04-08,call,regular,25,0.2934,245,5515.0
2026-08-06,60250,2027-05-13,call,regular,8,0.3181,280,9770.0
2026-08-06,61250,2027-05-13,call,regular,23,0.3138,280,9130.0
2026-08-06,71000,2027-05-13,call,regular,23,0.2847,280,4290.0
2026-08-06,72000,2027-05-13,call,regular,8,0.283,280,3940.0
2026-08-06,16250,2027-06-10,call,regular,114,0.8919,308,49490.0
2026-08-06,30000,2027-06-10,call,regular,300,0.5887,308,36075.0
2026-08-06,33000,2027-06-10,call,regular,50,0.5442,308,33190.0
2026-08-06,36000,2027-06-10,call,regular,150,0.505,308,30335.0
2026-08-06,37000,2027-06-10,call,regular,50,0.4928,308,29390.0
2026-08-06,37250,2027-06-10,call,regular,480,0.4899,308,29155.0
2026-08-06,38500,2027-06-10,call,regular,140,0.4753,308,27980.0
2026-08-06,39000,2027-06-10,call,regular,50,0.47,308,27515.0
2026-08-06,44500,2027-06-10,call,regular,300,0.4165,308,22490.0
2026-08-06,50000,2027-06-10,call,regular,300,0.3741,308,17740.0
2026-08-06,50500,2027-06-10,call,regular,175,0.3707,308,17325.0
2026-08-06,53000,2027-06-10,call,regular,100,0.3552,308,15315.0
2026-08-06,54000,2027-06-10,call,regular,1050,0.3495,308,14540.0
2026-08-06,55000,2027-06-10,call,regular,300,0.3439,308,13780.0
2026-08-06,56000,2027-06-10,call,regular,175,0.339,308,13045.0
2026-08-06,57000,2027-06-10,call,regular,50,0.3338,308,12320.0
2026-08-06,58500,2027-06-10,call,regular,58,0.327,308,11280.0
2026-08-06,60000,2027-06-10,call,regular,850,0.3205,308,10285.0
2026-08-06,62500,2027-06-10,call,regular,150,0.3109,308,8745.0
2026-08-06,63000,2027-06-10,call,regular,100,0.3091,308,8455.0
2026-08-06,64000,2027-06-10,call,regular,200,0.3056,308,7890.0
2026-08-06,65000,2027-06-10,call,regular,250,0.3025,308,7355.0
2026-08-06,65500,2027-06-10,call,regular,62,0.3009,308,7095.0
2026-08-06,67000,2027-06-10,call,regular,470,0.2964,308,6350.0
2026-08-06,68000,2027-06-10,call,regular,400,0.2938,308,5890.0
2026-08-06,68250,2027-06-10,call,regular,15,0.293,308,5775.0
2026-08-06,68500,2027-06-10,call,regular,200,0.2924,308,5665.0
2026-08-06,69250,2027-06-10,call,regular,36,0.2906,308,5345.0
2026-08-06,70000,2027-06-10,call,regular,550,0.2888,308,5035.0
2026-08-06,71000,2027-06-10,call,regular,100,0.2867,308,4650.0
2026-08-06,72000,2027-06-10,call,regular,100,0.2844,308,4280.0
2026-08-06,75000,2027-06-10,call,regular,500,0.2793,308,3325.0
2026-08-06,77500,2027-06-10,call,regular,36,0.2757,308,2670.0
2026-08-06,80000,2027-06-10,call,regular,15,0.2732,308,2140.0
2026-08-06,85000,2027-06-10,call,regular,550,0.2704,308,1365.0
2026-08-06,90000,2027-06-10,call,regular,100,0.2712,308,890.0
2026-08-06,65750,2027-07-08,call,regular,20,0.2942,336,7140.0
2026-08-06,66750,2027-07-08,call,regular,32,0.2918,336,6655.0
2026-08-06,75000,2027-07-08,call,regular,32,0.2779,336,3570.0
2026-08-06,77000,2027-07-08,call,regular,20,0.2763,336,3050.0
2026-08-06,65000,2027-09-09,call,regular,1,0.2992,399,8260.0
2026-08-06,77500,2027-09-09,call,regular,2,0.2781,399,3540.0
2026-08-06,28000,2027-12-09,call,regular,50,0.4876,490,37990.0
2026-08-06,30000,2027-12-09,call,regular,225,0.4691,490,36105.0
2026-08-06,31500,2027-12-09,call,regular,50,0.4559,490,34700.0
2026-08-06,32000,2027-12-09,call,regular,100,0.4518,490,34235.0
2026-08-06,33000,2027-12-09,call,regular,100,0.4435,490,33305.0
2026-08-06,34000,2027-12-09,call,regular,375,0.436,490,32385.0
2026-08-06,35000,2027-12-09,call,regular,201,0.4281,490,31465.0
2026-08-06,36000,2027-12-09,call,regular,80,0.4205,490,30550.0
2026-08-06,36750,2027-12-09,call,regular,442,0.4152,490,29870.0
2026-08-06,37000,2027-12-09,call,regular,200,0.4136,490,29645.0
2026-08-06,38000,2027-12-09,call,regular,575,0.4067,490,28745.0
2026-08-06,39000,2027-12-09,call,regular,125,0.3999,490,27850.0
2026-08-06,39250,2027-12-09,call,regular,50,0.3985,490,27630.0
2026-08-06,39500,2027-12-09,call,regular,50,0.397,490,27410.0
2026-08-06,40000,2027-12-09,call,regular,350,0.3936,490,26965.0
2026-08-06,40500,2027-12-09,call,regular,450,0.3905,490,26525.0
2026-08-06,41000,2027-12-09,call,regular,375,0.3873,490,26085.0
2026-08-06,42000,2027-12-09,call,regular,200,0.3812,490,25215.0
2026-08-06,43000,2027-12-09,call,regular,400,0.3755,490,24355.0
2026-08-06,43500,2027-12-09,call,regular,150,0.3728,490,23930.0
2026-08-06,45000,2027-12-09,call,regular,1950,0.3644,490,22660.0
2026-08-06,46000,2027-12-09,call,regular,500,0.3592,490,21830.0
2026-08-06,48000,2027-12-09,call,regular,225,0.3495,490,20205.0
2026-08-06,49000,2027-12-09,call,regular,700,0.3448,490,19410.0
2026-08-06,50000,2027-12-09,call,regular,1950,0.3404,490,18630.0
2026-08-06,51000,2027-12-09,call,regular,300,0.336,490,17860.0
2026-08-06,52500,2027-12-09,call,regular,100,0.3297,490,16735.0
2026-08-06,54000,2027-12-09,call,regular,300,0.3241,490,15650.0
2026-08-06,54500,2027-12-09,call,regular,100,0.3222,490,15295.0
2026-08-06,55000,2027-12-09,call,regular,704,0.3204,490,14945.0
2026-08-06,57000,2027-12-09,call,regular,250,0.3137,490,13590.0
2026-08-06,58000,2027-12-09,call,regular,500,0.3104,490,12935.0
2026-08-06,60000,2027-12-09,call,regular,1225,0.3045,490,11690.0
2026-08-06,61000,2027-12-09,call,regular,200,0.3017,490,11095.0
2026-08-06,62000,2027-12-09,call,regular,200,0.2992,490,10525.0
2026-08-06,62500,2027-12-09,call,regular,70,0.2979,490,10245.0
2026-08-06,63000,2027-12-09,call,regular,300,0.2967,490,9970.0
2026-08-06,63500,2027-12-09,call,regular,50,0.2954,490,9700.0
2026-08-06,64000,2027-12-09,call,regular,780,0.2944,490,9440.0
2026-08-06,65000,2027-12-09,call,regular,550,0.2921,490,8925.0
2026-08-06,66000,2027-12-09,call,regular,300,0.2901,490,8435.0
2026-08-06,67000,2027-12-09,call,regular,100,0.288,490,7960.0
2026-08-06,68000,2027-12-09,call,regular,200,0.2862,490,7510.0
2026-08-06,69000,2027-12-09,call,regular,850,0.2845,490,7080.0
2026-08-06,70000,2027-12-09,call,regular,850,0.2829,490,6670.0
2026-08-06,72500,2027-12-09,call,regular,100,0.2794,490,5730.0
2026-08-06,75000,2027-12-09,call,regular,177,0.2765,490,4905.0
2026-08-06,80000,2027-12-09,call,regular,1000,0.2723,490,3570.0
2026-08-06,87500,2027-12-09,call,regular,100,0.2699,490,2215.0
2026-08-06,41500,2028-06-08,call,regular,100,0.3589,672,26190.0
2026-08-06,28000,2028-12-07,call,regular,50,0.4211,854,38495.0
2026-08-06,30000,2028-12-07,call,regular,80,0.4065,854,36670.0
2026-08-06,31000,2028-12-07,call,regular,200,0.3996,854,35765.0
2026-08-06,32000,2028-12-07,call,regular,75,0.3933,854,34870.0
2026-08-06,33000,2028-12-07,call,regular,125,0.3867,854,33975.0
2026-08-06,34500,2028-12-07,call,regular,330,0.3782,854,32655.0
2026-08-06,34750,2028-12-07,call,regular,100,0.3767,854,32435.0
2026-08-06,35500,2028-12-07,call,regular,443,0.3725,854,31780.0
2026-08-06,36000,2028-12-07,call,regular,450,0.3697,854,31345.0
2026-08-06,36500,2028-12-07,call,regular,52,0.3671,854,30915.0
2026-08-06,38000,2028-12-07,call,regular,120,0.3597,854,29635.0
2026-08-06,39000,2028-12-07,call,regular,575,0.3551,854,28795.0
2026-08-06,40000,2028-12-07,call,regular,30,0.3504,854,27960.0
2026-08-06,41000,2028-12-07,call,regular,375,0.3462,854,27140.0
2026-08-06,42000,2028-12-07,call,regular,65,0.3421,854,26330.0
2026-08-06,42500,2028-12-07,call,regular,100,0.3402,854,25930.0
2026-08-06,50000,2028-12-07,call,regular,400,0.3148,854,20265.0
2026-08-06,53000,2028-12-07,call,regular,50,0.3065,854,18205.0
2026-08-06,55000,2028-12-07,call,regular,50,0.3016,854,16905.0
2026-08-06,56000,2028-12-07,call,regular,650,0.2992,854,16275.0
2026-08-06,60000,2028-12-07,call,regular,250,0.2903,854,13900.0
2026-08-06,67500,2028-12-07,call,regular,100,0.2768,854,10110.0
2026-08-06,75000,2028-12-07,call,regular,80,0.2673,854,7185.0
2026-08-06,80000,2028-12-07,call,regular,200,0.2635,854,5700.0
2026-08-06,50000,2029-12-13,call,regular,100,0.3055,1225,21800.0
2026-08-06,60000,2029-12-13,call,regular,375,0.2865,1225,15855.0
2026-08-06,65000,2029-12-13,call,regular,50,0.2786,1225,13340.0
2026-08-06,57000,2030-12-12,call,regular,300,0.2923,1589,19245.0
2026-08-06,64000,2030-12-12,call,regular,3,0.2815,1589,15680.0
2026-08-06,58375,2026-08-07,put,mini,9375,0.7188,1,1.0
2026-08-06,58500,2026-08-07,put,mini,1131,0.7061,1,1.0
2026-08-06,58625,2026-08-07,put,mini,502,0.6935,1,1.0
2026-08-06,58750,2026-08-07,put,mini,507,0.7262,1,2.0
2026-08-06,58875,2026-08-07,put,mini,500,0.7428,1,3.0
2026-08-06,59000,2026-08-07,put,mini,1859,0.6996,1,2.0
2026-08-06,59125,2026-08-07,put,mini,3,0.7153,1,3.0
2026-08-06,59250,2026-08-07,put,mini,13,0.7015,1,3.0
2026-08-06,59375,2026-08-07,put,mini,17,0.7096,1,4.0
2026-08-06,59500,2026-08-07,put,mini,345,0.6955,1,4.0
2026-08-06,59625,2026-08-07,put,mini,1,0.6813,1,4.0
2026-08-06,59750,2026-08-07,put,mini,16,0.6672,1,4.0
2026-08-06,59875,2026-08-07,put,mini,1,0.6531,1,4.0
2026-08-06,60000,2026-08-07,put,mini,905,0.6557,1,5.0
2026-08-06,60125,2026-08-07,put,mini,6,0.6249,1,4.0
2026-08-06,60250,2026-08-07,put,mini,22,0.6108,1,4.0
2026-08-06,60375,2026-08-07,put,mini,4,0.6125,1,5.0
2026-08-06,60500,2026-08-07,put,mini,142,0.5981,1,5.0
2026-08-06,60625,2026-08-07,put,mini,4,0.6085,1,7.0
2026-08-06,60750,2026-08-07,put,mini,39,0.604,1,8.0
2026-08-06,60875,2026-08-07,put,mini,2,0.5889,1,8.0
2026-08-06,61000,2026-08-07,put,mini,685,0.5737,1,8.0
2026-08-06,61125,2026-08-07,put,mini,402,0.5586,1,8.0
2026-08-06,61250,2026-08-07,put,mini,292,0.5522,1,9.0
2026-08-06,61375,2026-08-07,put,mini,9,0.5448,1,10.0
2026-08-06,61500,2026-08-07,put,mini,233,0.5366,1,11.0
2026-08-06,61625,2026-08-07,put,mini,12,0.5208,1,11.0
2026-08-06,61750,2026-08-07,put,mini,111,0.5178,1,13.0
2026-08-06,61875,2026-08-07,put,mini,4,0.5075,1,14.0
2026-08-06,62000,2026-08-07,put,mini,320,0.4966,1,15.0
2026-08-06,62125,2026-08-07,put,mini,2,0.49,1,17.0
2026-08-06,62250,2026-08-07,put,mini,43,0.4778,1,18.0
2026-08-06,62375,2026-08-07,put,mini,14,0.4652,1,19.0
2026-08-06,62500,2026-08-07,put,mini,350,0.4708,1,25.0
2026-08-06,62625,2026-08-07,put,mini,2,0.4496,1,24.0
2026-08-06,62750,2026-08-07,put,mini,46,0.4448,1,28.0
2026-08-06,62875,2026-08-07,put,mini,3,0.4325,1,30.0
2026-08-06,63000,2026-08-07,put,mini,992,0.4249,1,34.0
2026-08-06,63125,2026-08-07,put,mini,2,0.4206,1,40.0
2026-08-06,63250,2026-08-07,put,mini,18,0.4011,1,40.0
2026-08-06,63375,2026-08-07,put,mini,1,0.4002,1,49.0
2026-08-06,63500,2026-08-07,put,mini,115,0.391,1,55.0
2026-08-06,63625,2026-08-07,put,mini,2,0.382,1,62.0
2026-08-06,63750,2026-08-07,put,mini,14,0.3635,1,64.0
2026-08-06,63875,2026-08-07,put,mini,1,0.3519,1,71.0
2026-08-06,64000,2026-08-07,put,mini,1547,0.3496,1,86.0
2026-08-06,64125,2026-08-07,put,mini,2,0.3308,1,90.0
2026-08-06,64250,2026-08-07,put,mini,70,0.3237,1,105.0
2026-08-06,64375,2026-08-07,put,mini,3,0.3098,1,116.0
2026-08-06,64500,2026-08-07,put,mini,154,0.3037,1,137.0
2026-08-06,64625,2026-08-07,put,mini,2,0.2817,1,144.0
2026-08-06,64750,2026-08-07,put,mini,53,0.2659,1,160.0
2026-08-06,64875,2026-08-07,put,mini,13,0.2627,1,195.0
2026-08-06,65000,2026-08-07,put,mini,296,0.2474,1,220.0
2026-08-06,65125,2026-08-07,put,mini,231,0.2176,1,231.0
2026-08-06,65250,2026-08-07,put,mini,60,0.2114,1,280.0
2026-08-06,65500,2026-08-07,put,mini,89,0.156,1,350.0
2026-08-06,65625,2026-08-07,put,mini,4,0.0782,1,370.0
2026-08-06,65750,2026-08-07,put,mini,58,0.2,1,415.0
2026-08-06,66000,2026-08-07,put,mini,68,0.2,1,525.0
2026-08-06,66125,2026-08-07,put,mini,2,0.2,1,565.0
2026-08-06,66250,2026-08-07,put,mini,68,0.2,1,645.0
2026-08-06,66500,2026-08-07,put,mini,2,0.2,1,760.0
2026-08-06,67000,2026-08-07,put,mini,2,0.2,1,1055.0
2026-08-06,67750,2026-08-07,put,mini,4,0.2,1,1615.0
2026-08-06,68500,2026-08-07,put,mini,2265,0.2,1,2265.0
2026-08-06,68750,2026-08-07,put,mini,8,0.2,1,2495.0
2026-08-06,56750,2026-08-14,put,mini,750,0.4761,8,38.0
2026-08-06,56875,2026-08-14,put,mini,38,0.4697,8,38.0
2026-08-06,57000,2026-08-14,put,mini,722,0.4465,8,30.0
2026-08-06,57125,2026-08-14,put,mini,42,0.4644,8,42.0
2026-08-06,57250,2026-08-14,put,mini,33,0.4632,8,45.0
2026-08-06,57375,2026-08-14,put,mini,45,0.4567,8,45.0
2026-08-06,57500,2026-08-14,put,mini,178,0.4485,8,44.0
2026-08-06,57625,2026-08-14,put,mini,1,0.4437,8,45.0
2026-08-06,57750,2026-08-14,put,mini,19,0.4388,8,46.0
2026-08-06,57875,2026-08-14,put,mini,3,0.4371,8,49.0
2026-08-06,58000,2026-08-14,put,mini,492,0.4193,8,42.0
2026-08-06,58125,2026-08-14,put,mini,6,0.4269,8,51.0
2026-08-06,58250,2026-08-14,put,mini,54,0.4232,8,53.0
2026-08-06,58375,2026-08-14,put,mini,55,0.4193,8,55.0
2026-08-06,58500,2026-08-14,put,mini,91,0.414,8,56.0
2026-08-06,58625,2026-08-14,put,mini,59,0.4113,8,59.0
2026-08-06,58750,2026-08-14,put,mini,63,0.4071,8,61.0
2026-08-06,58875,2026-08-14,put,mini,3,0.4028,8,63.0
2026-08-06,59000,2026-08-14,put,mini,656,0.3873,8,56.0
2026-08-06,59250,2026-08-14,put,mini,11,0.3903,8,70.0
2026-08-06,59375,2026-08-14,put,mini,3,0.3867,8,73.0
2026-08-06,59500,2026-08-14,put,mini,132,0.3732,8,67.0
2026-08-06,59625,2026-08-14,put,mini,1,0.3798,8,80.0
2026-08-06,59750,2026-08-14,put,mini,48,0.3757,8,83.0
2026-08-06,59875,2026-08-14,put,mini,3,0.3723,8,87.0
2026-08-06,60000,2026-08-14,put,mini,719,0.3567,8,78.0
2026-08-06,60125,2026-08-14,put,mini,93,0.3633,8,93.0
2026-08-06,60250,2026-08-14,put,mini,36,0.3594,8,97.0
2026-08-06,60375,2026-08-14,put,mini,4,0.357,8,103.0
2026-08-06,60500,2026-08-14,put,mini,155,0.3456,8,98.0
2026-08-06,60625,2026-08-14,put,mini,1,0.349,8,112.0
2026-08-06,60750,2026-08-14,put,mini,20,0.3452,8,117.0
2026-08-06,60875,2026-08-14,put,mini,3,0.3418,8,123.0
2026-08-06,61000,2026-08-14,put,mini,539,0.3334,8,122.0
2026-08-06,61125,2026-08-14,put,mini,2,0.3369,8,139.0
2026-08-06,61250,2026-08-14,put,mini,8,0.3316,8,143.0
2026-08-06,61375,2026-08-14,put,mini,1,0.3285,8,151.0
2026-08-06,61500,2026-08-14,put,mini,121,0.3199,8,150.0
2026-08-06,61625,2026-08-14,put,mini,12,0.3215,8,167.0
2026-08-06,61750,2026-08-14,put,mini,19,0.3181,8,176.0
2026-08-06,61875,2026-08-14,put,mini,2,0.315,8,186.0
2026-08-06,62000,2026-08-14,put,mini,960,0.3066,8,186.0
2026-08-06,62125,2026-08-14,put,mini,1,0.3088,8,208.0
2026-08-06,62250,2026-08-14,put,mini,476,0.3043,8,217.0
2026-08-06,62375,2026-08-14,put,mini,498,0.3022,8,232.0
2026-08-06,62500,2026-08-14,put,mini,223,0.295,8,236.0
2026-08-06,62625,2026-08-14,put,mini,2,0.2965,8,261.0
2026-08-06,62750,2026-08-14,put,mini,38,0.2933,8,276.0
2026-08-06,62875,2026-08-14,put,mini,1,0.2889,8,289.0
2026-08-06,63000,2026-08-14,put,mini,1070,0.2873,8,310.0
2026-08-06,63125,2026-08-14,put,mini,4,0.2829,8,325.0
2026-08-06,63250,2026-08-14,put,mini,114,0.2801,8,345.0
2026-08-06,63375,2026-08-14,put,mini,2,0.2767,8,365.0
2026-08-06,63500,2026-08-14,put,mini,360,0.2763,8,395.0
2026-08-06,63625,2026-08-14,put,mini,5,0.2705,8,410.0
2026-08-06,63750,2026-08-14,put,mini,26,0.2659,8,430.0
2026-08-06,63875,2026-08-14,put,mini,1,0.2625,8,455.0
2026-08-06,64000,2026-08-14,put,mini,419,0.2645,8,500.0
2026-08-06,64125,2026-08-14,put,mini,2,0.2556,8,510.0
2026-08-06,64250,2026-08-14,put,mini,42,0.2522,8,540.0
2026-08-06,64375,2026-08-14,put,mini,570,0.2482,8,570.0
2026-08-06,64500,2026-08-14,put,mini,109,0.2465,8,610.0
2026-08-06,64625,2026-08-14,put,mini,3,0.2401,8,635.0
2026-08-06,64750,2026-08-14,put,mini,37,0.2385,8,680.0
2026-08-06,64875,2026-08-14,put,mini,1,0.2322,8,710.0
2026-08-06,65000,2026-08-14,put,mini,303,0.2346,8,775.0
2026-08-06,65125,2026-08-14,put,mini,1,0.2245,8,795.0
2026-08-06,65250,2026-08-14,put,mini,4,0.2189,8,835.0
2026-08-06,65375,2026-08-14,put,mini,1,0.2139,8,880.0
2026-08-06,65500,2026-08-14,put,mini,74,0.212,8,940.0
2026-08-06,65625,2026-08-14,put,mini,4,0.2053,8,985.0
2026-08-06,65750,2026-08-14,put,mini,50,0.199,8,1035.0
2026-08-06,65875,2026-08-14,put,mini,1,0.1902,8,1080.0
2026-08-06,66000,2026-08-14,put,mini,253,0.1886,8,1155.0
2026-08-06,66125,2026-08-14,put,mini,1195,0.1758,8,1195.0
2026-08-06,66250,2026-08-14,put,mini,28,0.1686,8,1260.0
2026-08-06,66375,2026-08-14,put,mini,1325,0.1595,8,1325.0
2026-08-06,66500,2026-08-14,put,mini,58,0.1479,8,1390.0
2026-08-06,66625,2026-08-14,put,mini,1455,0.1323,8,1455.0
2026-08-06,66750,2026-08-14,put,mini,15,0.1108,8,1525.0
2026-08-06,66875,2026-08-14,put,mini,10,0.2,8,1595.0
2026-08-06,67000,2026-08-14,put,mini,144,0.2,8,1660.0
2026-08-06,67125,2026-08-14,put,mini,1745,0.2,8,1745.0
2026-08-06,67250,2026-08-14,put,mini,25,0.2,8,1815.0
2026-08-06,67375,2026-08-14,put,mini,1,0.2,8,1890.0
2026-08-06,67500,2026-08-14,put,mini,82,0.2,8,1965.0
2026-08-06,67625,2026-08-14,put,mini,1,0.2,8,2060.0
2026-08-06,67750,2026-08-14,put,mini,387,0.2,8,2135.0
2026-08-06,67875,2026-08-14,put,mini,2220,0.2,8,2220.0
2026-08-06,68000,2026-08-14,put,mini,586,0.2,8,2310.0
2026-08-06,68125,2026-08-14,put,mini,2400,0.2,8,2400.0
2026-08-06,68250,2026-08-14,put,mini,39,0.2,8,2490.0
2026-08-06,68375,2026-08-14,put,mini,2585,0.2,8,2585.0
2026-08-06,68500,2026-08-14,put,mini,492,0.2,8,2680.0
2026-08-06,68625,2026-08-14,put,mini,2775,0.2,8,2775.0
2026-08-06,68750,2026-08-14,put,mini,972,0.2,8,2870.0
2026-08-06,68875,2026-08-14,put,mini,2975,0.2,8,2975.0
2026-08-06,69000,2026-08-14,put,mini,910,0.2,8,3075.0
2026-08-06,69125,2026-08-14,put,mini,2,0.2,8,3175.0
2026-08-06,69250,2026-08-14,put,mini,26,0.2,8,3275.0
2026-08-06,69375,2026-08-14,put,mini,3390,0.2,8,3390.0
2026-08-06,69500,2026-08-14,put,mini,13,0.2,8,3490.0
2026-08-06,69625,2026-08-14,put,mini,3595,0.2,8,3595.0
2026-08-06,69750,2026-08-14,put,mini,5,0.2,8,3710.0
2026-08-06,70000,2026-08-14,put,mini,48,0.2,8,3925.0
2026-08-06,70125,2026-08-14,put,mini,4030,0.2,8,4030.0
2026-08-06,70250,2026-08-14,put,mini,36,0.2,8,4145.0
2026-08-06,70500,2026-08-14,put,mini,147,0.2,8,4375.0
2026-08-06,70750,2026-08-14,put,mini,43,0.2,8,4605.0
2026-08-06,70875,2026-08-14,put,mini,4715,0.2,8,4715.0
2026-08-06,71000,2026-08-14,put,mini,624,0.2,8,4835.0
2026-08-06,71250,2026-08-14,put,mini,466,0.2,8,5070.0
2026-08-06,71375,2026-08-14,put,mini,474,0.2,8,5185.0
2026-08-06,71500,2026-08-14,put,mini,1,0.2,8,5310.0
2026-08-06,71750,2026-08-14,put,mini,2,0.2,8,5550.0
2026-08-06,72000,2026-08-14,put,mini,11,0.2,8,5790.0
2026-08-06,72125,2026-08-14,put,mini,5910,0.2,8,5910.0
2026-08-06,72250,2026-08-14,put,mini,14,0.2,8,6030.0
2026-08-06,72500,2026-08-14,put,mini,10,0.2,8,6275.0
2026-08-06,72750,2026-08-14,put,mini,2,0.2,8,6515.0
2026-08-06,73000,2026-08-14,put,mini,1,0.2,8,6765.0
2026-08-06,73250,2026-08-14,put,mini,19,0.2,8,7010.0
2026-08-06,73375,2026-08-14,put,mini,5,0.2,8,7135.0
2026-08-06,73500,2026-08-14,put,mini,211,0.2,8,7255.0
2026-08-06,73750,2026-08-14,put,mini,415,0.2,8,7500.0
2026-08-06,74000,2026-08-14,put,mini,9,0.2,8,7750.0
2026-08-06,74250,2026-08-14,put,mini,45,0.2,8,7995.0
2026-08-06,74500,2026-08-14,put,mini,25,0.2,8,8245.0
2026-08-06,74750,2026-08-14,put,mini,120,0.2,8,8495.0
2026-08-06,75000,2026-08-14,put,mini,11,0.2,8,8745.0
2026-08-06,75250,2026-08-14,put,mini,5,0.2,8,8990.0
2026-08-06,62000,2026-08-19,put,mini,2,0.2947,13,340.0
2026-08-06,58375,2026-08-21,put,mini,15,0.3668,15,134.0
2026-08-06,58500,2026-08-21,put,mini,1,0.3654,15,141.0
2026-08-06,59000,2026-08-21,put,mini,1,0.3547,15,162.0
2026-08-06,61000,2026-08-21,put,mini,1,0.309,15,282.0
2026-08-06,61625,2026-08-21,put,mini,360,0.301,15,360.0
2026-08-06,62000,2026-08-21,put,mini,3,0.2875,15,385.0
2026-08-06,62750,2026-08-21,put,mini,4,0.2801,15,525.0
2026-08-06,63250,2026-08-21,put,mini,595,0.2646,15,595.0
2026-08-06,64000,2026-08-21,put,mini,10,0.2512,15,775.0
2026-08-06,64500,2026-08-21,put,mini,4,0.2376,15,900.0
2026-08-06,65000,2026-08-21,put,mini,10,0.2277,15,1070.0
2026-08-06,62000,2026-08-26,put,mini,2,0.2845,20,535.0
2026-08-06,62000,2026-08-28,put,mini,2,0.2851,22,600.0
2026-08-06,62750,2026-08-28,put,mini,4,0.2771,22,760.0
2026-08-06,64000,2026-08-28,put,mini,4,0.2545,22,1055.0
2026-08-06,58375,2026-09-11,put,mini,13,0.3186,36,410.0
2026-08-06,58500,2026-09-11,put,mini,55,0.3214,36,440.0
2026-08-06,58750,2026-09-11,put,mini,17,0.3183,36,465.0
2026-08-06,59000,2026-09-11,put,mini,223,0.3159,36,495.0
2026-08-06,59250,2026-09-11,put,mini,4,0.3122,36,520.0
2026-08-06,59500,2026-09-11,put,mini,10,0.3092,36,550.0
2026-08-06,59750,2026-09-11,put,mini,3,0.3049,36,575.0
2026-08-06,60000,2026-09-11,put,mini,68,0.3051,36,625.0
2026-08-06,60250,2026-09-11,put,mini,2,0.2992,36,645.0
2026-08-06,60500,2026-09-11,put,mini,14,0.2976,36,690.0
2026-08-06,60750,2026-09-11,put,mini,725,0.2938,36,725.0
2026-08-06,61000,2026-09-11,put,mini,26,0.2922,36,775.0
2026-08-06,61125,2026-09-11,put,mini,1,0.2904,36,795.0
2026-08-06,61250,2026-09-11,put,mini,64,0.2901,36,825.0
2026-08-06,61375,2026-09-11,put,mini,2,0.2881,36,845.0
2026-08-06,61500,2026-09-11,put,mini,50,0.2876,36,875.0
2026-08-06,61625,2026-09-11,put,mini,1,0.2854,36,895.0
2026-08-06,61750,2026-09-11,put,mini,6,0.2846,36,925.0
2026-08-06,62000,2026-09-11,put,mini,208,0.2843,36,995.0
2026-08-06,62250,2026-09-11,put,mini,331,0.279,36,1035.0
2026-08-06,62500,2026-09-11,put,mini,47,0.2777,36,1105.0
2026-08-06,62750,2026-09-11,put,mini,64,0.2738,36,1160.0
2026-08-06,63000,2026-09-11,put,mini,148,0.2722,36,1235.0
2026-08-06,63125,2026-09-11,put,mini,1255,0.2688,36,1255.0
2026-08-06,63250,2026-09-11,put,mini,189,0.268,36,1295.0
2026-08-06,63500,2026-09-11,put,mini,109,0.2635,36,1355.0
2026-08-06,63625,2026-09-11,put,mini,1380,0.2604,36,1380.0
2026-08-06,63750,2026-09-11,put,mini,67,0.2617,36,1440.0
2026-08-06,64000,2026-09-11,put,mini,159,0.2594,36,1525.0
2026-08-06,64125,2026-09-11,put,mini,20,0.2527,36,1525.0
2026-08-06,64250,2026-09-11,put,mini,286,0.2554,36,1600.0
2026-08-06,64375,2026-09-11,put,mini,1,0.2491,36,1605.0
2026-08-06,64500,2026-09-11,put,mini,145,0.2514,36,1680.0
2026-08-06,64750,2026-09-11,put,mini,5,0.25,36,1785.0
2026-08-06,65000,2026-09-11,put,mini,50,0.2474,36,1885.0
2026-08-06,65125,2026-09-11,put,mini,1,0.2434,36,1915.0
2026-08-06,65250,2026-09-11,put,mini,17,0.2436,36,1980.0
2026-08-06,65375,2026-09-11,put,mini,6,0.24,36,2015.0
2026-08-06,65500,2026-09-11,put,mini,13,0.2398,36,2080.0
2026-08-06,65625,2026-09-11,put,mini,2125,0.2371,36,2125.0
2026-08-06,65750,2026-09-11,put,mini,42,0.2373,36,2195.0
2026-08-06,65875,2026-09-11,put,mini,2235,0.2336,36,2235.0
2026-08-06,66000,2026-09-11,put,mini,48,0.2341,36,2310.0
2026-08-06,66250,2026-09-11,put,mini,44,0.2302,36,2425.0
2026-08-06,66500,2026-09-11,put,mini,179,0.2244,36,2530.0
2026-08-06,66750,2026-09-11,put,mini,2,0.2223,36,2670.0
2026-08-06,66875,2026-09-11,put,mini,2725,0.219,36,2725.0
2026-08-06,67000,2026-09-11,put,mini,45,0.2239,36,2845.0
2026-08-06,67125,2026-09-11,put,mini,2860,0.215,36,2860.0
2026-08-06,67250,2026-09-11,put,mini,37,0.2137,36,2935.0
2026-08-06,67500,2026-09-11,put,mini,100,0.2092,36,3075.0
2026-08-06,67750,2026-09-11,put,mini,697,0.2044,36,3220.0
2026-08-06,68000,2026-09-11,put,mini,858,0.1977,36,3360.0
2026-08-06,68250,2026-09-11,put,mini,66,0.1897,36,3500.0
2026-08-06,68500,2026-09-11,put,mini,842,0.186,36,3675.0
2026-08-06,68750,2026-09-11,put,mini,1717,0.1773,36,3830.0
2026-08-06,68875,2026-09-11,put,mini,3900,0.1706,36,3900.0
2026-08-06,69000,2026-09-11,put,mini,1561,0.1713,36,4010.0
2026-08-06,69250,2026-09-11,put,mini,26,0.1574,36,4165.0
2026-08-06,69500,2026-09-11,put,mini,6,0.1434,36,4340.0
2026-08-06,69750,2026-09-11,put,mini,4535,0.1289,36,4535.0
2026-08-06,70000,2026-09-11,put,mini,4,0.2,36,4700.0
2026-08-06,71000,2026-09-11,put,mini,5460,0.2,36,5460.0
2026-08-06,71250,2026-09-11,put,mini,4,0.2,36,5660.0
2026-08-06,71500,2026-09-11,put,mini,4,0.2,36,5870.0
2026-08-06,71750,2026-09-11,put,mini,6075,0.2,36,6075.0
2026-08-06,72000,2026-09-11,put,mini,9,0.2,36,6275.0
2026-08-06,72250,2026-09-11,put,mini,56,0.2,36,6480.0
2026-08-06,72375,2026-09-11,put,mini,6580,0.2,36,6580.0
2026-08-06,72500,2026-09-11,put,mini,23,0.2,36,6695.0
2026-08-06,72750,2026-09-11,put,mini,21,0.2,36,6905.0
2026-08-06,73000,2026-09-11,put,mini,76,0.2,36,7125.0
2026-08-06,73250,2026-09-11,put,mini,282,0.2,36,7335.0
2026-08-06,73500,2026-09-11,put,mini,147,0.2,36,7560.0
2026-08-06,73750,2026-09-11,put,mini,3,0.2,36,7780.0
2026-08-06,74000,2026-09-11,put,mini,27,0.2,36,8005.0
2026-08-06,74250,2026-09-11,put,mini,1,0.2,36,8230.0
2026-08-06,75000,2026-09-11,put,mini,62,0.2,36,8910.0
2026-08-06,75250,2026-09-11,put,mini,10,0.2,36,9140.0
2026-08-06,58375,2026-10-09,put,mini,885,0.3131,64,885.0
2026-08-06,58500,2026-10-09,put,mini,1,0.3121,64,905.0
2026-08-06,58750,2026-10-09,put,mini,4,0.31,64,945.0
2026-08-06,59000,2026-10-09,put,mini,2,0.3082,64,990.0
2026-08-06,59375,2026-10-09,put,mini,2,0.3055,64,1060.0
2026-08-06,59750,2026-10-09,put,mini,4,0.3023,64,1130.0
2026-08-06,60000,2026-10-09,put,mini,2,0.3009,64,1185.0
2026-08-06,60500,2026-10-09,put,mini,1,0.2961,64,1285.0
2026-08-06,61000,2026-10-09,put,mini,2,0.2932,64,1410.0
2026-08-06,61125,2026-10-09,put,mini,7,0.2911,64,1430.0
2026-08-06,61250,2026-10-09,put,mini,1,0.29,64,1460.0
2026-08-06,61500,2026-10-09,put,mini,1520,0.2877,64,1520.0
2026-08-06,62000,2026-10-09,put,mini,2,0.2854,64,1670.0
2026-08-06,62250,2026-10-09,put,mini,8,0.2823,64,1730.0
2026-08-06,62375,2026-10-09,put,mini,1,0.2817,64,1770.0
2026-08-06,63000,2026-10-09,put,mini,8,0.276,64,1955.0
2026-08-06,64000,2026-10-09,put,mini,4,0.2696,64,2315.0
2026-08-06,64250,2026-10-09,put,mini,8,0.2663,64,2395.0
2026-08-06,64750,2026-10-09,put,mini,5,0.2631,64,2600.0
2026-08-06,65000,2026-10-09,put,mini,12,0.2613,64,2705.0
2026-08-06,66000,2026-10-09,put,mini,3190,0.2568,64,3190.0
2026-08-06,71750,2026-10-09,put,mini,20,0.2004,64,6845.0
2026-08-06,61000,2026-08-07,call,mini,1,2.0104,1,5310.0
2026-08-06,61125,2026-08-07,call,mini,5185,1.9779,1,5185.0
2026-08-06,61250,2026-08-07,call,mini,8,1.9453,1,5060.0
2026-08-06,61500,2026-08-07,call,mini,8,1.8798,1,4810.0
2026-08-06,61750,2026-08-07,call,mini,6,1.8183,1,4565.0
2026-08-06,61875,2026-08-07,call,mini,4440,1.7851,1,4440.0
2026-08-06,62000,2026-08-07,call,mini,1,1.7517,1,4315.0
2026-08-06,62250,2026-08-07,call,mini,907,1.6671,1,4045.0
2026-08-06,62500,2026-08-07,call,mini,64,1.6251,1,3825.0
2026-08-06,62625,2026-08-07,call,mini,11,1.5908,1,3700.0
2026-08-06,62750,2026-08-07,call,mini,133,1.5562,1,3575.0
2026-08-06,62875,2026-08-07,call,mini,83,1.5257,1,3455.0
2026-08-06,63000,2026-08-07,call,mini,187,1.4948,1,3335.0
2026-08-06,63125,2026-08-07,call,mini,99,1.4636,1,3215.0
2026-08-06,63250,2026-08-07,call,mini,16,1.428,1,3090.0
2026-08-06,63375,2026-08-07,call,mini,11,1.4002,1,2975.0
2026-08-06,63500,2026-08-07,call,mini,122,1.3679,1,2855.0
2026-08-06,63625,2026-08-07,call,mini,41,1.3392,1,2740.0
2026-08-06,63750,2026-08-07,call,mini,38,1.3022,1,2615.0
2026-08-06,63875,2026-08-07,call,mini,13,1.2725,1,2500.0
2026-08-06,64000,2026-08-07,call,mini,196,1.2424,1,2385.0
2026-08-06,64125,2026-08-07,call,mini,2265,1.2078,1,2265.0
2026-08-06,64250,2026-08-07,call,mini,19,1.1802,1,2155.0
2026-08-06,64375,2026-08-07,call,mini,3,1.1482,1,2040.0
2026-08-06,64500,2026-08-07,call,mini,158,1.123,1,1935.0
2026-08-06,64625,2026-08-07,call,mini,1820,1.0895,1,1820.0
2026-08-06,64750,2026-08-07,call,mini,62,1.0589,1,1710.0
2026-08-06,64875,2026-08-07,call,mini,2,1.0347,1,1610.0
2026-08-06,65000,2026-08-07,call,mini,604,1.0021,1,1500.0
2026-08-06,65125,2026-08-07,call,mini,1,0.9831,1,1410.0
2026-08-06,65250,2026-08-07,call,mini,121,0.9555,1,1310.0
2026-08-06,65375,2026-08-07,call,mini,6,0.9265,1,1210.0
2026-08-06,65500,2026-08-07,call,mini,347,0.8888,1,1100.0
2026-08-06,65625,2026-08-07,call,mini,8,0.8825,1,1035.0
2026-08-06,65750,2026-08-07,call,mini,151,0.871,1,965.0
2026-08-06,65875,2026-08-07,call,mini,21,0.8503,1,885.0
2026-08-06,66000,2026-08-07,call,mini,1356,0.8277,1,805.0
2026-08-06,66125,2026-08-07,call,mini,30,0.8107,1,735.0
2026-08-06,66250,2026-08-07,call,mini,120,0.8071,1,685.0
2026-08-06,66375,2026-08-07,call,mini,3,0.7819,1,610.0
2026-08-06,66500,2026-08-07,call,mini,296,0.7743,1,560.0
2026-08-06,66625,2026-08-07,call,mini,3,0.7605,1,505.0
2026-08-06,66750,2026-08-07,call,mini,92,0.7313,1,435.0
2026-08-06,66875,2026-08-07,call,mini,4,0.7295,1,400.0
2026-08-06,67000,2026-08-07,call,mini,902,0.7027,1,340.0
2026-08-06,67125,2026-08-07,call,mini,1,0.7057,1,315.0
2026-08-06,67250,2026-08-07,call,mini,51,0.6919,1,275.0
2026-08-06,67375,2026-08-07,call,mini,40,0.6616,1,223.0
2026-08-06,67500,2026-08-07,call,mini,216,0.6685,1,208.0
2026-08-06,67625,2026-08-07,call,mini,7,0.6645,1,185.0
2026-08-06,67750,2026-08-07,call,mini,50,0.6567,1,161.0
2026-08-06,67875,2026-08-07,call,mini,2,0.6429,1,135.0
2026-08-06,68000,2026-08-07,call,mini,680,0.634,1,115.0
2026-08-06,68125,2026-08-07,call,mini,6,0.6348,1,103.0
2026-08-06,68250,2026-08-07,call,mini,29,0.6136,1,80.0
2026-08-06,68375,2026-08-07,call,mini,9,0.6225,1,75.0
2026-08-06,68500,2026-08-07,call,mini,349,0.6156,1,63.0
2026-08-06,68625,2026-08-07,call,mini,38,0.5946,1,47.0
2026-08-06,68750,2026-08-07,call,mini,121,0.6061,1,45.0
2026-08-06,68875,2026-08-07,call,mini,68,0.6054,1,39.0
2026-08-06,69000,2026-08-07,call,mini,774,0.5919,1,30.0
2026-08-06,69125,2026-08-07,call,mini,58,0.6001,1,28.0
2026-08-06,69250,2026-08-07,call,mini,89,0.595,1,23.0
2026-08-06,69375,2026-08-07,call,mini,44,0.5912,1,19.0
2026-08-06,69500,2026-08-07,call,mini,214,0.5839,1,15.0
2026-08-06,69625,2026-08-07,call,mini,54,0.5854,1,13.0
2026-08-06,69750,2026-08-07,call,mini,6,0.585,1,11.0
2026-08-06,69875,2026-08-07,call,mini,8,0.5823,1,9.0
2026-08-06,70000,2026-08-07,call,mini,648,0.5862,1,8.0
2026-08-06,70125,2026-08-07,call,mini,8,0.5889,1,7.0
2026-08-06,70250,2026-08-07,call,mini,15,0.5773,1,5.0
2026-08-06,70375,2026-08-07,call,mini,2,0.5744,1,4.0
2026-08-06,70500,2026-08-07,call,mini,2600,0.5863,1,4.0
2026-08-06,70625,2026-08-07,call,mini,2,0.5795,1,3.0
2026-08-06,70750,2026-08-07,call,mini,642,0.591,1,3.0
2026-08-06,70875,2026-08-07,call,mini,1,0.6025,1,3.0
2026-08-06,71000,2026-08-07,call,mini,1378,0.5888,1,2.0
2026-08-06,71125,2026-08-07,call,mini,6,0.5998,1,2.0
2026-08-06,71250,2026-08-07,call,mini,463,0.5721,1,1.0
2026-08-06,71375,2026-08-07,call,mini,2,0.6217,1,2.0
2026-08-06,71500,2026-08-07,call,mini,142,0.5928,1,1.0
2026-08-06,71625,2026-08-07,call,mini,1,0.6031,1,1.0
2026-08-06,71750,2026-08-07,call,mini,3,0.6134,1,1.0
2026-08-06,71875,2026-08-07,call,mini,2,0.6236,1,1.0
2026-08-06,72000,2026-08-07,call,mini,723,0.6338,1,1.0
2026-08-06,72125,2026-08-07,call,mini,10,0.6439,1,1.0
2026-08-06,72250,2026-08-07,call,mini,17,0.654,1,1.0
2026-08-06,72375,2026-08-07,call,mini,1,0.6641,1,1.0
2026-08-06,72500,2026-08-07,call,mini,57,0.6742,1,1.0
2026-08-06,72625,2026-08-07,call,mini,20,0.6842,1,1.0
2026-08-06,72750,2026-08-07,call,mini,485,0.6942,1,1.0
2026-08-06,64000,2026-08-12,call,mini,1,0.6061,6,2700.0
2026-08-06,64250,2026-08-12,call,mini,2,0.5871,6,2495.0
2026-08-06,66500,2026-08-12,call,mini,1,0.4722,6,1050.0
2026-08-06,66750,2026-08-12,call,mini,1,0.4623,6,930.0
2026-08-06,56750,2026-08-14,call,mini,25,1.0845,8,9550.0
2026-08-06,57000,2026-08-14,call,mini,9305,1.0647,8,9305.0
2026-08-06,57250,2026-08-14,call,mini,9,1.0447,8,9060.0
2026-08-06,57875,2026-08-14,call,mini,1,0.9918,8,8440.0
2026-08-06,58000,2026-08-14,call,mini,7,0.9807,8,8315.0
2026-08-06,58500,2026-08-14,call,mini,7820,0.9385,8,7820.0
2026-08-06,58750,2026-08-14,call,mini,7575,0.9182,8,7575.0
2026-08-06,58875,2026-08-14,call,mini,1,0.9089,8,7455.0
2026-08-06,59000,2026-08-14,call,mini,10,0.8978,8,7330.0
2026-08-06,59500,2026-08-14,call,mini,2,0.8584,8,6845.0
2026-08-06,59750,2026-08-14,call,mini,6600,0.8377,8,6600.0
2026-08-06,60000,2026-08-14,call,mini,27,0.8168,8,6355.0
2026-08-06,60250,2026-08-14,call,mini,1,0.7975,8,6115.0
2026-08-06,60500,2026-08-14,call,mini,10,0.778,8,5875.0
2026-08-06,60625,2026-08-14,call,mini,5755,0.7682,8,5755.0
2026-08-06,60750,2026-08-14,call,mini,10,0.7583,8,5635.0
2026-08-06,61000,2026-08-14,call,mini,44,0.74,8,5400.0
2026-08-06,61250,2026-08-14,call,mini,2,0.7198,8,5160.0
2026-08-06,61500,2026-08-14,call,mini,78,0.7009,8,4925.0
2026-08-06,61625,2026-08-14,call,mini,12,0.6922,8,4810.0
2026-08-06,61750,2026-08-14,call,mini,19,0.6818,8,4690.0
2026-08-06,61875,2026-08-14,call,mini,1,0.6728,8,4575.0
2026-08-06,62000,2026-08-14,call,mini,808,0.6653,8,4465.0
2026-08-06,62250,2026-08-14,call,mini,894,0.6469,8,4235.0
2026-08-06,62375,2026-08-14,call,mini,474,0.639,8,4125.0
2026-08-06,62500,2026-08-14,call,mini,29,0.6296,8,4010.0
2026-08-06,62625,2026-08-14,call,mini,2,0.6214,8,3900.0
2026-08-06,62750,2026-08-14,call,mini,27,0.6132,8,3790.0
2026-08-06,63000,2026-08-14,call,mini,108,0.5977,8,3575.0
2026-08-06,63125,2026-08-14,call,mini,1,0.5875,8,3460.0
2026-08-06,63250,2026-08-14,call,mini,130,0.5815,8,3360.0
2026-08-06,63375,2026-08-14,call,mini,10,0.5739,8,3255.0
2026-08-06,63500,2026-08-14,call,mini,90,0.5675,8,3155.0
2026-08-06,63625,2026-08-14,call,mini,1,0.5595,8,3050.0
2026-08-06,63750,2026-08-14,call,mini,20,0.5513,8,2945.0
2026-08-06,63875,2026-08-14,call,mini,2845,0.5442,8,2845.0
2026-08-06,64000,2026-08-14,call,mini,162,0.5383,8,2750.0
2026-08-06,64125,2026-08-14,call,mini,2645,0.5295,8,2645.0
2026-08-06,64250,2026-08-14,call,mini,19,0.5245,8,2555.0
2026-08-06,64500,2026-08-14,call,mini,168,0.5122,8,2370.0
2026-08-06,64625,2026-08-14,call,mini,2,0.5051,8,2275.0
2026-08-06,64750,2026-08-14,call,mini,16,0.4989,8,2185.0
2026-08-06,64875,2026-08-14,call,mini,1,0.4925,8,2095.0
2026-08-06,65000,2026-08-14,call,mini,243,0.504,8,2075.0
2026-08-06,65125,2026-08-14,call,mini,29,0.4813,8,1925.0
2026-08-06,65250,2026-08-14,call,mini,24,0.4765,8,1845.0
2026-08-06,65375,2026-08-14,call,mini,1,0.4727,8,1770.0
2026-08-06,65500,2026-08-14,call,mini,139,0.4685,8,1695.0
2026-08-06,65625,2026-08-14,call,mini,10,0.4614,8,1610.0
2026-08-06,65750,2026-08-14,call,mini,48,0.4591,8,1545.0
2026-08-06,65875,2026-08-14,call,mini,1,0.4525,8,1465.0
2026-08-06,66000,2026-08-14,call,mini,431,0.4625,8,1450.0
2026-08-06,66125,2026-08-14,call,mini,20,0.4486,8,1345.0
2026-08-06,66250,2026-08-14,call,mini,29,0.4474,8,1290.0
2026-08-06,66375,2026-08-14,call,mini,7,0.4445,8,1230.0
2026-08-06,66500,2026-08-14,call,mini,158,0.4452,8,1185.0
2026-08-06,66625,2026-08-14,call,mini,1,0.4374,8,1110.0
2026-08-06,66750,2026-08-14,call,mini,29,0.4333,8,1050.0
2026-08-06,66875,2026-08-14,call,mini,10,0.43,8,995.0
2026-08-06,67000,2026-08-14,call,mini,528,0.4375,8,980.0
2026-08-06,67125,2026-08-14,call,mini,2,0.4222,8,885.0
2026-08-06,67250,2026-08-14,call,mini,92,0.4247,8,855.0
2026-08-06,67375,2026-08-14,call,mini,810,0.4225,8,810.0
2026-08-06,67500,2026-08-14,call,mini,347,0.4258,8,785.0
2026-08-06,67625,2026-08-14,call,mini,4,0.4169,8,720.0
2026-08-06,67750,2026-08-14,call,mini,458,0.4164,8,685.0
2026-08-06,67875,2026-08-14,call,mini,2,0.4124,8,640.0
2026-08-06,68000,2026-08-14,call,mini,1206,0.4174,8,625.0
2026-08-06,68125,2026-08-14,call,mini,565,0.4076,8,565.0
2026-08-06,68250,2026-08-14,call,mini,104,0.4087,8,540.0
2026-08-06,68375,2026-08-14,call,mini,500,0.4042,8,500.0
2026-08-06,68500,2026-08-14,call,mini,702,0.4097,8,490.0
2026-08-06,68625,2026-08-14,call,mini,1,0.4025,8,445.0
2026-08-06,68750,2026-08-14,call,mini,1248,0.402,8,420.0
2026-08-06,68875,2026-08-14,call,mini,10,0.3991,8,390.0
2026-08-06,69000,2026-08-14,call,mini,1485,0.4034,8,380.0
2026-08-06,69125,2026-08-14,call,mini,340,0.3956,8,340.0
2026-08-06,69250,2026-08-14,call,mini,77,0.3952,8,320.0
2026-08-06,69375,2026-08-14,call,mini,15,0.3944,8,300.0
2026-08-06,69500,2026-08-14,call,mini,208,0.395,8,284.0
2026-08-06,69625,2026-08-14,call,mini,3,0.3824,8,241.0
2026-08-06,69750,2026-08-14,call,mini,294,0.3808,8,223.0
2026-08-06,69875,2026-08-14,call,mini,5,0.3828,8,213.0
2026-08-06,70000,2026-08-14,call,mini,821,0.3945,8,222.0
2026-08-06,70125,2026-08-14,call,mini,5,0.3898,8,200.0
2026-08-06,70250,2026-08-14,call,mini,23,0.3889,8,186.0
2026-08-06,70375,2026-08-14,call,mini,173,0.3881,8,173.0
2026-08-06,70500,2026-08-14,call,mini,145,0.3887,8,163.0
2026-08-06,70750,2026-08-14,call,mini,43,0.3855,8,138.0
2026-08-06,70875,2026-08-14,call,mini,129,0.3855,8,129.0
2026-08-06,71000,2026-08-14,call,mini,888,0.3866,8,122.0
2026-08-06,71125,2026-08-14,call,mini,15,0.3836,8,110.0
2026-08-06,71250,2026-08-14,call,mini,484,0.3824,8,101.0
2026-08-06,71375,2026-08-14,call,mini,483,0.3815,8,93.0
2026-08-06,71500,2026-08-14,call,mini,133,0.381,8,86.0
2026-08-06,71625,2026-08-14,call,mini,3,0.3658,8,65.0
2026-08-06,71750,2026-08-14,call,mini,57,0.3712,8,65.0
2026-08-06,71875,2026-08-14,call,mini,1,0.3821,8,70.0
2026-08-06,72000,2026-08-14,call,mini,475,0.3799,8,63.0
2026-08-06,72125,2026-08-14,call,mini,2,0.3667,8,48.0
2026-08-06,72250,2026-08-14,call,mini,43,0.3797,8,54.0
2026-08-06,72375,2026-08-14,call,mini,1,0.367,8,41.0
2026-08-06,72500,2026-08-14,call,mini,136,0.375,8,43.0
2026-08-06,72625,2026-08-14,call,mini,1,0.3674,8,35.0
2026-08-06,72750,2026-08-14,call,mini,34,0.3652,8,31.0
2026-08-06,72875,2026-08-14,call,mini,6,0.3643,8,28.0
2026-08-06,73000,2026-08-14,call,mini,291,0.3767,8,32.0
2026-08-06,73125,2026-08-14,call,mini,1,0.3652,8,24.0
2026-08-06,73250,2026-08-14,call,mini,21,0.3699,8,24.0
2026-08-06,73375,2026-08-14,call,mini,1,0.3698,8,22.0
2026-08-06,73500,2026-08-14,call,mini,164,0.3744,8,22.0
2026-08-06,73625,2026-08-14,call,mini,1,0.3738,8,20.0
2026-08-06,73750,2026-08-14,call,mini,165,0.367,8,16.0
2026-08-06,73875,2026-08-14,call,mini,1,0.3682,8,15.0
2026-08-06,74000,2026-08-14,call,mini,254,0.3692,8,14.0
2026-08-06,74125,2026-08-14,call,mini,13,0.3699,8,13.0
2026-08-06,74250,2026-08-14,call,mini,51,0.3664,8,11.0
2026-08-06,74375,2026-08-14,call,mini,11,0.3705,8,11.0
2026-08-06,74500,2026-08-14,call,mini,188,0.3704,8,10.0
2026-08-06,74625,2026-08-14,call,mini,1,0.3745,8,10.0
2026-08-06,74750,2026-08-14,call,mini,105,0.3738,8,9.0
2026-08-06,74875,2026-08-14,call,mini,4,0.3778,8,9.0
2026-08-06,75000,2026-08-14,call,mini,460,0.3819,8,9.0
2026-08-06,75125,2026-08-14,call,mini,11,0.3749,8,7.0
2026-08-06,75250,2026-08-14,call,mini,121,0.3724,8,6.0
2026-08-06,75375,2026-08-14,call,mini,90,0.3763,8,6.0
2026-08-06,62000,2026-08-19,call,mini,2,0.5668,13,4655.0
2026-08-06,62000,2026-08-21,call,mini,2,0.5407,15,4715.0
2026-08-06,62750,2026-08-21,call,mini,4,0.5138,15,4105.0
2026-08-06,64000,2026-08-21,call,mini,4,0.4628,15,3105.0
2026-08-06,64500,2026-08-21,call,mini,4,0.4433,15,2730.0
2026-08-06,65000,2026-08-21,call,mini,1,0.4298,15,2400.0
2026-08-06,65500,2026-08-21,call,mini,2,0.4178,15,2095.0
2026-08-06,67000,2026-08-21,call,mini,3,0.3835,15,1300.0
2026-08-06,67250,2026-08-21,call,mini,1,0.3787,15,1190.0
2026-08-06,68000,2026-08-21,call,mini,220,0.3704,15,920.0
2026-08-06,68500,2026-08-21,call,mini,1,0.3582,15,735.0
2026-08-06,69000,2026-08-21,call,mini,2,0.3577,15,620.0
2026-08-06,69875,2026-08-21,call,mini,14,0.3516,15,435.0
2026-08-06,62000,2026-08-26,call,mini,2,0.4981,20,4875.0
2026-08-06,62000,2026-08-28,call,mini,2,0.4801,22,4905.0
2026-08-06,62750,2026-08-28,call,mini,4,0.4608,22,4320.0
2026-08-06,64000,2026-08-28,call,mini,4,0.4239,22,3365.0
2026-08-06,58750,2026-09-11,call,mini,8020,0.5066,36,8020.0
2026-08-06,59000,2026-09-11,call,mini,3,0.4992,36,7795.0
2026-08-06,59250,2026-09-11,call,mini,7575,0.4926,36,7575.0
2026-08-06,59375,2026-09-11,call,mini,1,0.4892,36,7465.0
2026-08-06,59500,2026-09-11,call,mini,7350,0.485,36,7350.0
2026-08-06,59750,2026-09-11,call,mini,7140,0.4796,36,7140.0
2026-08-06,60000,2026-09-11,call,mini,6920,0.4725,36,6920.0
2026-08-06,60250,2026-09-11,call,mini,6705,0.466,36,6705.0
2026-08-06,61000,2026-09-11,call,mini,1,0.4476,36,6075.0
2026-08-06,61250,2026-09-11,call,mini,32,0.4411,36,5865.0
2026-08-06,61500,2026-09-11,call,mini,26,0.4357,36,5665.0
2026-08-06,62000,2026-09-11,call,mini,3,0.4251,36,5270.0
2026-08-06,62250,2026-09-11,call,mini,5,0.4203,36,5080.0
2026-08-06,62500,2026-09-11,call,mini,14,0.414,36,4880.0
2026-08-06,62750,2026-09-11,call,mini,5,0.4108,36,4705.0
2026-08-06,62875,2026-09-11,call,mini,4615,0.4087,36,4615.0
2026-08-06,63000,2026-09-11,call,mini,57,0.4052,36,4515.0
2026-08-06,63250,2026-09-11,call,mini,56,0.4013,36,4340.0
2026-08-06,63500,2026-09-11,call,mini,34,0.3965,36,4160.0
2026-08-06,63750,2026-09-11,call,mini,38,0.3926,36,3990.0
2026-08-06,64000,2026-09-11,call,mini,98,0.3884,36,3820.0
2026-08-06,64250,2026-09-11,call,mini,279,0.3845,36,3655.0
2026-08-06,64375,2026-09-11,call,mini,1,0.382,36,3570.0
2026-08-06,64500,2026-09-11,call,mini,149,0.3789,36,3480.0
2026-08-06,64750,2026-09-11,call,mini,11,0.3755,36,3325.0
2026-08-06,65000,2026-09-11,call,mini,78,0.373,36,3180.0
2026-08-06,65125,2026-09-11,call,mini,4,0.3688,36,3085.0
2026-08-06,65250,2026-09-11,call,mini,2,0.3688,36,3025.0
2026-08-06,65500,2026-09-11,call,mini,10,0.3649,36,2875.0
2026-08-06,65750,2026-09-11,call,mini,7,0.3624,36,2740.0
2026-08-06,66000,2026-09-11,call,mini,30,0.3595,36,2605.0
2026-08-06,66125,2026-09-11,call,mini,2,0.357,36,2530.0
2026-08-06,66250,2026-09-11,call,mini,5,0.3562,36,2470.0
2026-08-06,66500,2026-09-11,call,mini,23,0.3555,36,2360.0
2026-08-06,66625,2026-09-11,call,mini,2295,0.3538,36,2295.0
2026-08-06,66750,2026-09-11,call,mini,2245,0.3538,36,2245.0
2026-08-06,66875,2026-09-11,call,mini,2175,0.3513,36,2175.0
2026-08-06,67000,2026-09-11,call,mini,42,0.3511,36,2125.0
2026-08-06,67125,2026-09-11,call,mini,2,0.349,36,2060.0
2026-08-06,67250,2026-09-11,call,mini,36,0.3486,36,2010.0
2026-08-06,67375,2026-09-11,call,mini,1960,0.3481,36,1960.0
2026-08-06,67500,2026-09-11,call,mini,106,0.3462,36,1900.0
2026-08-06,67625,2026-09-11,call,mini,1835,0.3436,36,1835.0
2026-08-06,67750,2026-09-11,call,mini,709,0.3434,36,1790.0
2026-08-06,68000,2026-09-11,call,mini,1050,0.3421,36,1695.0
2026-08-06,68125,2026-09-11,call,mini,4,0.3422,36,1655.0
2026-08-06,68250,2026-09-11,call,mini,68,0.3396,36,1595.0
2026-08-06,68375,2026-09-11,call,mini,8,0.3396,36,1555.0
2026-08-06,68500,2026-09-11,call,mini,900,0.3381,36,1505.0
2026-08-06,68625,2026-09-11,call,mini,1,0.3364,36,1455.0
2026-08-06,68750,2026-09-11,call,mini,1754,0.3367,36,1420.0
2026-08-06,68875,2026-09-11,call,mini,1365,0.3342,36,1365.0
2026-08-06,69000,2026-09-11,call,mini,1688,0.3363,36,1345.0
2026-08-06,69125,2026-09-11,call,mini,3,0.3335,36,1290.0
2026-08-06,69250,2026-09-11,call,mini,38,0.334,36,1260.0
2026-08-06,69375,2026-09-11,call,mini,1210,0.3317,36,1210.0
2026-08-06,69500,2026-09-11,call,mini,21,0.3327,36,1185.0
2026-08-06,69625,2026-09-11,call,mini,1130,0.3294,36,1130.0
2026-08-06,69750,2026-09-11,call,mini,3,0.3339,36,1130.0
2026-08-06,69875,2026-09-11,call,mini,1065,0.3288,36,1065.0
2026-08-06,70000,2026-09-11,call,mini,115,0.3309,36,1050.0
2026-08-06,70125,2026-09-11,call,mini,3,0.3278,36,1000.0
2026-08-06,70250,2026-09-11,call,mini,6,0.3298,36,985.0
2026-08-06,70500,2026-09-11,call,mini,17,0.3289,36,925.0
2026-08-06,70625,2026-09-11,call,mini,895,0.3283,36,895.0
2026-08-06,70750,2026-09-11,call,mini,20,0.3284,36,870.0
2026-08-06,71000,2026-09-11,call,mini,70,0.3283,36,820.0
2026-08-06,71125,2026-09-11,call,mini,790,0.3273,36,790.0
2026-08-06,71250,2026-09-11,call,mini,7,0.3253,36,755.0
2026-08-06,71375,2026-09-11,call,mini,720,0.3231,36,720.0
2026-08-06,71500,2026-09-11,call,mini,11,0.3261,36,715.0
2026-08-06,71625,2026-09-11,call,mini,675,0.3228,36,675.0
2026-08-06,71750,2026-09-11,call,mini,13,0.3256,36,670.0
2026-08-06,71875,2026-09-11,call,mini,650,0.3256,36,650.0
2026-08-06,72000,2026-09-11,call,mini,66,0.3274,36,640.0
2026-08-06,72250,2026-09-11,call,mini,64,0.3233,36,580.0
2026-08-06,72375,2026-09-11,call,mini,1,0.321,36,550.0
2026-08-06,72500,2026-09-11,call,mini,34,0.3234,36,545.0
2026-08-06,72750,2026-09-11,call,mini,24,0.3222,36,505.0
2026-08-06,72875,2026-09-11,call,mini,480,0.3203,36,480.0
2026-08-06,73000,2026-09-11,call,mini,131,0.3215,36,470.0
2026-08-06,73125,2026-09-11,call,mini,1,0.3193,36,445.0
2026-08-06,73250,2026-09-11,call,mini,290,0.3215,36,440.0
2026-08-06,73375,2026-09-11,call,mini,4,0.3179,36,410.0
2026-08-06,73500,2026-09-11,call,mini,298,0.3222,36,415.0
2026-08-06,73750,2026-09-11,call,mini,316,0.3227,36,390.0
2026-08-06,73875,2026-09-11,call,mini,3,0.3185,36,360.0
2026-08-06,74000,2026-09-11,call,mini,71,0.3203,36,355.0
2026-08-06,74125,2026-09-11,call,mini,1,0.3182,36,335.0
2026-08-06,74250,2026-09-11,call,mini,73,0.3199,36,330.0
2026-08-06,74375,2026-09-11,call,mini,315,0.3189,36,315.0
2026-08-06,74500,2026-09-11,call,mini,110,0.3191,36,305.0
2026-08-06,74625,2026-09-11,call,mini,287,0.317,36,287.0
2026-08-06,74750,2026-09-11,call,mini,141,0.3182,36,281.0
2026-08-06,74875,2026-09-11,call,mini,1,0.3149,36,260.0
2026-08-06,75000,2026-09-11,call,mini,190,0.3207,36,270.0
2026-08-06,75125,2026-09-11,call,mini,2,0.3165,36,247.0
2026-08-06,75250,2026-09-11,call,mini,47,0.319,36,246.0
2026-08-06,75375,2026-09-11,call,mini,9,0.3163,36,229.0
2026-08-06,58500,2026-10-09,call,mini,10,0.4019,64,8385.0
2026-08-06,61125,2026-10-09,call,mini,5,0.3666,64,6290.0
2026-08-06,61250,2026-10-09,call,mini,10,0.365,64,6195.0
2026-08-06,61750,2026-10-09,call,mini,8,0.3596,64,5830.0
2026-08-06,61875,2026-10-09,call,mini,4,0.3582,64,5740.0
2026-08-06,62500,2026-10-09,call,mini,8,0.3507,64,5290.0
2026-08-06,63000,2026-10-09,call,mini,17,0.3453,64,4945.0
2026-08-06,63750,2026-10-09,call,mini,8,0.3386,64,4460.0
2026-08-06,63875,2026-10-09,call,mini,12,0.3374,64,4380.0
2026-08-06,64000,2026-10-09,call,mini,7,0.3366,64,4305.0
2026-08-06,64250,2026-10-09,call,mini,4,0.3329,64,4135.0
2026-08-06,64750,2026-10-09,call,mini,4,0.329,64,3840.0
2026-08-06,65000,2026-10-09,call,mini,7,0.3274,64,3700.0
2026-08-06,65500,2026-10-09,call,mini,1,0.3239,64,3425.0
2026-08-06,65750,2026-10-09,call,mini,1,0.323,64,3300.0
2026-08-06,66000,2026-10-09,call,mini,11,0.3226,64,3185.0
2026-08-06,66750,2026-10-09,call,mini,1,0.3165,64,2800.0
2026-08-06,67000,2026-10-09,call,mini,10,0.3156,64,2690.0
2026-08-06,67500,2026-10-09,call,mini,1,0.313,64,2470.0
2026-08-06,68000,2026-10-09,call,mini,10,0.3104,64,2260.0
2026-08-06,69000,2026-10-09,call,mini,2,0.3051,64,1875.0
2026-08-06,70000,2026-10-09,call,mini,39,0.3015,64,1550.0
2026-08-06,70125,2026-10-09,call,mini,1,0.3013,64,1515.0
2026-08-06,70500,2026-10-09,call,mini,3,0.2999,64,1405.0
2026-08-06,70750,2026-10-09,call,mini,2,0.3,64,1345.0
2026-08-06,71000,2026-10-09,call,mini,9,0.2988,64,1275.0
2026-08-06,71500,2026-10-09,call,mini,1,0.2978,64,1155.0
2026-08-06,71750,2026-10-09,call,mini,57,0.2975,64,1100.0
