date,strike,expiry,type,product,oi,iv,days_to_expiry,settlement
2026-07-15,20000,2026-08-13,put,regular,1981,1.2706,29,1.0
2026-07-15,22000,2026-08-13,put,regular,229,1.2352,29,2.0
2026-07-15,24000,2026-08-13,put,regular,221,1.1434,29,2.0
2026-07-15,25000,2026-08-13,put,regular,5332,1.1003,29,2.0
2026-07-15,26000,2026-08-13,put,regular,73,1.0931,29,3.0
2026-07-15,27000,2026-08-13,put,regular,93,1.0522,29,3.0
2026-07-15,28000,2026-08-13,put,regular,244,1.037,29,4.0
2026-07-15,29000,2026-08-13,put,regular,138,1.0172,29,5.0
2026-07-15,30000,2026-08-13,put,regular,5852,0.9789,29,5.0
2026-07-15,31000,2026-08-13,put,regular,277,0.9572,29,6.0
2026-07-15,32000,2026-08-13,put,regular,286,0.9455,29,8.0
2026-07-15,33000,2026-08-13,put,regular,102,0.9093,29,8.0
2026-07-15,34000,2026-08-13,put,regular,107,0.8931,29,10.0
2026-07-15,35000,2026-08-13,put,regular,1503,0.8583,29,10.0
2026-07-15,36000,2026-08-13,put,regular,99,0.8397,29,12.0
2026-07-15,37000,2026-08-13,put,regular,55,0.8251,29,15.0
2026-07-15,37500,2026-08-13,put,regular,50,0.8083,29,15.0
2026-07-15,37750,2026-08-13,put,regular,1,0.8055,29,16.0
2026-07-15,38000,2026-08-13,put,regular,1597,0.7972,29,16.0
2026-07-15,38250,2026-08-13,put,regular,2,0.7942,29,17.0
2026-07-15,38500,2026-08-13,put,regular,81,0.7859,29,17.0
2026-07-15,38750,2026-08-13,put,regular,1,0.7777,29,17.0
2026-07-15,39000,2026-08-13,put,regular,157,0.7744,29,18.0
2026-07-15,39500,2026-08-13,put,regular,2,0.7671,29,20.0
2026-07-15,39750,2026-08-13,put,regular,2,0.7632,29,21.0
2026-07-15,40000,2026-08-13,put,regular,729,0.7551,29,21.0
2026-07-15,40250,2026-08-13,put,regular,7,0.751,29,22.0
2026-07-15,40500,2026-08-13,put,regular,30,0.7429,29,22.0
2026-07-15,40750,2026-08-13,put,regular,12,0.727,29,20.0
2026-07-15,41000,2026-08-13,put,regular,139,0.7307,29,23.0
2026-07-15,41250,2026-08-13,put,regular,25,0.7263,29,24.0
2026-07-15,41500,2026-08-13,put,regular,10,0.7218,29,25.0
2026-07-15,41750,2026-08-13,put,regular,20,0.7172,29,26.0
2026-07-15,42000,2026-08-13,put,regular,459,0.7125,29,27.0
2026-07-15,42250,2026-08-13,put,regular,1,0.7077,29,28.0
2026-07-15,42500,2026-08-13,put,regular,137,0.7028,29,29.0
2026-07-15,42750,2026-08-13,put,regular,36,0.6978,29,30.0
2026-07-15,43000,2026-08-13,put,regular,152,0.6954,29,32.0
2026-07-15,43250,2026-08-13,put,regular,9,0.6902,29,33.0
2026-07-15,43500,2026-08-13,put,regular,7,0.6874,29,35.0
2026-07-15,43750,2026-08-13,put,regular,47,0.682,29,36.0
2026-07-15,44000,2026-08-13,put,regular,210,0.6765,29,37.0
2026-07-15,44250,2026-08-13,put,regular,6,0.6732,29,39.0
2026-07-15,44500,2026-08-13,put,regular,108,0.6698,29,41.0
2026-07-15,44750,2026-08-13,put,regular,52,0.6661,29,43.0
2026-07-15,45000,2026-08-13,put,regular,2105,0.6541,29,41.0
2026-07-15,45250,2026-08-13,put,regular,111,0.6564,29,46.0
2026-07-15,45500,2026-08-13,put,regular,156,0.6541,29,49.0
2026-07-15,45750,2026-08-13,put,regular,29,0.6481,29,50.0
2026-07-15,46000,2026-08-13,put,regular,384,0.6472,29,54.0
2026-07-15,46250,2026-08-13,put,regular,16,0.6393,29,54.0
2026-07-15,46500,2026-08-13,put,regular,229,0.6315,29,54.0
2026-07-15,46750,2026-08-13,put,regular,55,0.6253,29,55.0
2026-07-15,47000,2026-08-13,put,regular,438,0.6175,29,55.0
2026-07-15,47250,2026-08-13,put,regular,65,0.6159,29,59.0
2026-07-15,47500,2026-08-13,put,regular,255,0.6126,29,62.0
2026-07-15,47750,2026-08-13,put,regular,58,0.6062,29,63.0
2026-07-15,48000,2026-08-13,put,regular,751,0.5998,29,64.0
2026-07-15,48250,2026-08-13,put,regular,121,0.5934,29,65.0
2026-07-15,48500,2026-08-13,put,regular,228,0.5961,29,73.0
2026-07-15,48750,2026-08-13,put,regular,155,0.5907,29,75.0
2026-07-15,49000,2026-08-13,put,regular,1301,0.5853,29,77.0
2026-07-15,49250,2026-08-13,put,regular,141,0.581,29,80.0
2026-07-15,49500,2026-08-13,put,regular,589,0.5776,29,84.0
2026-07-15,49750,2026-08-13,put,regular,40,0.5709,29,85.0
2026-07-15,50000,2026-08-13,put,regular,3015,0.563,29,85.0
2026-07-15,50250,2026-08-13,put,regular,179,0.5574,29,87.0
2026-07-15,50500,2026-08-13,put,regular,263,0.5576,29,95.0
2026-07-15,50750,2026-08-13,put,regular,807,0.5517,29,97.0
2026-07-15,51000,2026-08-13,put,regular,382,0.5448,29,98.0
2026-07-15,51250,2026-08-13,put,regular,53,0.5388,29,100.0
2026-07-15,51500,2026-08-13,put,regular,193,0.5346,29,104.0
2026-07-15,51750,2026-08-13,put,regular,43,0.5293,29,107.0
2026-07-15,52000,2026-08-13,put,regular,902,0.524,29,110.0
2026-07-15,52250,2026-08-13,put,regular,30,0.5203,29,115.0
2026-07-15,52500,2026-08-13,put,regular,358,0.5171,29,121.0
2026-07-15,52750,2026-08-13,put,regular,4,0.5115,29,124.0
2026-07-15,53000,2026-08-13,put,regular,1216,0.5065,29,128.0
2026-07-15,53250,2026-08-13,put,regular,17,0.5057,29,138.0
2026-07-15,53500,2026-08-13,put,regular,393,0.4997,29,141.0
2026-07-15,53750,2026-08-13,put,regular,21,0.4989,29,152.0
2026-07-15,54000,2026-08-13,put,regular,464,0.4922,29,154.0
2026-07-15,54250,2026-08-13,put,regular,73,0.5034,29,187.0
2026-07-15,54500,2026-08-13,put,regular,389,0.4804,29,161.0
2026-07-15,54750,2026-08-13,put,regular,32,0.4804,29,175.0
2026-07-15,55000,2026-08-13,put,regular,2333,0.4734,29,177.0
2026-07-15,55250,2026-08-13,put,regular,24,0.4722,29,190.0
2026-07-15,55500,2026-08-13,put,regular,348,0.4681,29,198.0
2026-07-15,55750,2026-08-13,put,regular,1011,0.4658,29,210.0
2026-07-15,56000,2026-08-13,put,regular,1124,0.4604,29,216.0
2026-07-15,56250,2026-08-13,put,regular,33,0.4563,29,225.0
2026-07-15,56500,2026-08-13,put,regular,48,0.4528,29,236.0
2026-07-15,56750,2026-08-13,put,regular,33,0.4487,29,246.0
2026-07-15,56875,2026-08-13,put,regular,8,0.4487,29,256.0
2026-07-15,57000,2026-08-13,put,regular,625,0.4428,29,252.0
2026-07-15,57125,2026-08-13,put,regular,1,0.4459,29,270.0
2026-07-15,57250,2026-08-13,put,regular,365,0.444,29,276.0
2026-07-15,57375,2026-08-13,put,regular,15,0.4428,29,284.0
2026-07-15,57500,2026-08-13,put,regular,494,0.4385,29,284.0
2026-07-15,57625,2026-08-13,put,regular,3,0.4398,29,299.0
2026-07-15,57750,2026-08-13,put,regular,9,0.4376,29,305.0
2026-07-15,57875,2026-08-13,put,regular,1,0.4369,29,315.0
2026-07-15,58000,2026-08-13,put,regular,1674,0.429,29,305.0
2026-07-15,58250,2026-08-13,put,regular,21,0.4307,29,335.0
2026-07-15,58375,2026-08-13,put,regular,13,0.4296,29,345.0
2026-07-15,58500,2026-08-13,put,regular,164,0.4268,29,350.0
2026-07-15,58625,2026-08-13,put,regular,5,0.4256,29,360.0
2026-07-15,58750,2026-08-13,put,regular,57,0.4243,29,370.0
2026-07-15,58875,2026-08-13,put,regular,14,0.423,29,380.0
2026-07-15,59000,2026-08-13,put,regular,978,0.417,29,375.0
2026-07-15,59125,2026-08-13,put,regular,35,0.42,29,400.0
2026-07-15,59250,2026-08-13,put,regular,71,0.4184,29,410.0
2026-07-15,59375,2026-08-13,put,regular,12,0.4153,29,415.0
2026-07-15,59500,2026-08-13,put,regular,920,0.4137,29,425.0
2026-07-15,59625,2026-08-13,put,regular,15,0.4133,29,440.0
2026-07-15,59750,2026-08-13,put,regular,16,0.4114,29,450.0
2026-07-15,59875,2026-08-13,put,regular,27,0.4109,29,465.0
2026-07-15,60000,2026-08-13,put,regular,4141,0.4049,29,460.0
2026-07-15,60125,2026-08-13,put,regular,103,0.4055,29,480.0
2026-07-15,60250,2026-08-13,put,regular,10,0.406,29,500.0
2026-07-15,60375,2026-08-13,put,regular,12,0.4063,29,520.0
2026-07-15,60500,2026-08-13,put,regular,139,0.4015,29,520.0
2026-07-15,60625,2026-08-13,put,regular,377,0.4041,29,550.0
2026-07-15,60750,2026-08-13,put,regular,32,0.4017,29,560.0
2026-07-15,60875,2026-08-13,put,regular,3,0.4004,29,575.0
2026-07-15,61000,2026-08-13,put,regular,1471,0.399,29,590.0
2026-07-15,61125,2026-08-13,put,regular,18,0.3987,29,610.0
2026-07-15,61250,2026-08-13,put,regular,3,0.3971,29,625.0
2026-07-15,61375,2026-08-13,put,regular,12,0.39,29,615.0
2026-07-15,61500,2026-08-13,put,regular,238,0.3916,29,645.0
2026-07-15,61625,2026-08-13,put,regular,17,0.392,29,670.0
2026-07-15,61750,2026-08-13,put,regular,61,0.3922,29,695.0
2026-07-15,61875,2026-08-13,put,regular,13,0.3892,29,705.0
2026-07-15,62000,2026-08-13,put,regular,3163,0.3841,29,705.0
2026-07-15,62125,2026-08-13,put,regular,125,0.3881,29,750.0
2026-07-15,62250,2026-08-13,put,regular,125,0.3879,29,775.0
2026-07-15,62375,2026-08-13,put,regular,3,0.3846,29,785.0
2026-07-15,62500,2026-08-13,put,regular,1301,0.3852,29,815.0
2026-07-15,62625,2026-08-13,put,regular,36,0.3827,29,830.0
2026-07-15,62750,2026-08-13,put,regular,330,0.3821,29,855.0
2026-07-15,62875,2026-08-13,put,regular,28,0.3814,29,880.0
2026-07-15,63000,2026-08-13,put,regular,2474,0.3796,29,900.0
2026-07-15,63125,2026-08-13,put,regular,25,0.3796,29,930.0
2026-07-15,63250,2026-08-13,put,regular,63,0.3785,29,955.0
2026-07-15,63375,2026-08-13,put,regular,78,0.3756,29,970.0
2026-07-15,63500,2026-08-13,put,regular,530,0.377,29,1010.0
2026-07-15,63625,2026-08-13,put,regular,6,0.3773,29,1045.0
2026-07-15,63750,2026-08-13,put,regular,8,0.3759,29,1070.0
2026-07-15,63875,2026-08-13,put,regular,50,0.3735,29,1090.0
2026-07-15,64000,2026-08-13,put,regular,2637,0.371,29,1110.0
2026-07-15,64125,2026-08-13,put,regular,30,0.3685,29,1130.0
2026-07-15,64250,2026-08-13,put,regular,48,0.3731,29,1195.0
2026-07-15,64375,2026-08-13,put,regular,20,0.3719,29,1225.0
2026-07-15,64500,2026-08-13,put,regular,615,0.3675,29,1235.0
2026-07-15,64625,2026-08-13,put,regular,20,0.3693,29,1285.0
2026-07-15,64750,2026-08-13,put,regular,34,0.3694,29,1325.0
2026-07-15,64875,2026-08-13,put,regular,6,0.3678,29,1355.0
2026-07-15,65000,2026-08-13,put,regular,9255,0.3646,29,1375.0
2026-07-15,65125,2026-08-13,put,regular,8,0.3659,29,1425.0
2026-07-15,65250,2026-08-13,put,regular,21,0.3669,29,1475.0
2026-07-15,65375,2026-08-13,put,regular,8,0.3664,29,1515.0
2026-07-15,65500,2026-08-13,put,regular,976,0.3614,29,1525.0
2026-07-15,65625,2026-08-13,put,regular,63,0.365,29,1595.0
2026-07-15,65750,2026-08-13,put,regular,104,0.3642,29,1635.0
2026-07-15,65875,2026-08-13,put,regular,3590000,0.3639,29,1680.0
2026-07-15,66000,2026-08-13,put,regular,1991,0.3558,29,1670.0
2026-07-15,66125,2026-08-13,put,regular,110,0.3623,29,1765.0
2026-07-15,66250,2026-08-13,put,regular,60,0.361,29,1805.0
2026-07-15,66375,2026-08-13,put,regular,5,0.3617,29,1860.0
2026-07-15,66500,2026-08-13,put,regular,731,0.3574,29,1880.0
2026-07-15,66625,2026-08-13,put,regular,15,0.3598,29,1950.0
2026-07-15,66750,2026-08-13,put,regular,1,0.3588,29,1995.0
2026-07-15,66875,2026-08-13,put,regular,80,0.3596,29,2055.0
2026-07-15,67000,2026-08-13,put,regular,1308,0.3516,29,2050.0
2026-07-15,67125,2026-08-13,put,regular,1,0.3542,29,2125.0
2026-07-15,67250,2026-08-13,put,regular,77,0.358,29,2210.0
2026-07-15,67375,2026-08-13,put,regular,1,0.3584,29,2270.0
2026-07-15,67500,2026-08-13,put,regular,283,0.3553,29,2305.0
2026-07-15,67625,2026-08-13,put,regular,1,0.3587,29,2390.0
2026-07-15,67750,2026-08-13,put,regular,7,0.3554,29,2425.0
2026-07-15,67875,2026-08-13,put,regular,2805000,0.3553,29,2485.0
2026-07-15,68000,2026-08-13,put,regular,2569,0.3563,29,2555.0
2026-07-15,68125,2026-08-13,put,regular,3,0.3507,29,2575.0
2026-07-15,68250,2026-08-13,put,regular,191,0.3574,29,2690.0
2026-07-15,68375,2026-08-13,put,regular,33,0.3535,29,2725.0
2026-07-15,68500,2026-08-13,put,regular,235,0.3548,29,2800.0
2026-07-15,68625,2026-08-13,put,regular,2,0.3572,29,2885.0
2026-07-15,68750,2026-08-13,put,regular,9,0.3549,29,2935.0
2026-07-15,68875,2026-08-13,put,regular,6,0.3552,29,3005.0
2026-07-15,69000,2026-08-13,put,regular,1697,0.3553,29,3075.0
2026-07-15,69125,2026-08-13,put,regular,10,0.3605,29,3185.0
2026-07-15,69250,2026-08-13,put,regular,33,0.3564,29,3225.0
2026-07-15,69500,2026-08-13,put,regular,602,0.3558,29,3365.0
2026-07-15,69750,2026-08-13,put,regular,1,0.3594,29,3540.0
2026-07-15,70000,2026-08-13,put,regular,6124,0.3592,29,3690.0
2026-07-15,70125,2026-08-13,put,regular,1,0.3543,29,3730.0
2026-07-15,70250,2026-08-13,put,regular,5,0.3566,29,3825.0
2026-07-15,70375,2026-08-13,put,regular,1,0.3588,29,3920.0
2026-07-15,70500,2026-08-13,put,regular,6,0.3595,29,4005.0
2026-07-15,71000,2026-08-13,put,regular,186,0.3662,29,4380.0
2026-07-15,72000,2026-08-13,put,regular,201,0.3718,29,5105.0
2026-07-15,72250,2026-08-13,put,regular,1,0.3713,29,5280.0
2026-07-15,73000,2026-08-13,put,regular,13,0.3779,29,5875.0
2026-07-15,73500,2026-08-13,put,regular,7000000,0.3843,29,6295.0
2026-07-15,73750,2026-08-13,put,regular,4,0.3863,29,6500.0
2026-07-15,74000,2026-08-13,put,regular,10,0.3921,29,6730.0
2026-07-15,75000,2026-08-13,put,regular,61,0.4047,29,7600.0
2026-07-15,77500,2026-08-13,put,regular,5,0.4471,29,9910.0
2026-07-15,20000,2026-09-10,put,regular,863,1.0416,57,6.0
2026-07-15,22000,2026-09-10,put,regular,13,0.9766,57,7.0
2026-07-15,23000,2026-09-10,put,regular,3,0.9511,57,8.0
2026-07-15,24000,2026-09-10,put,regular,5,0.9255,57,9.0
2026-07-15,25000,2026-09-10,put,regular,4654,0.908,57,11.0
2026-07-15,26000,2026-09-10,put,regular,118,0.8742,57,11.0
2026-07-15,27000,2026-09-10,put,regular,1,0.8417,57,11.0
2026-07-15,27500,2026-09-10,put,regular,10,0.8259,57,11.0
2026-07-15,28000,2026-09-10,put,regular,20,0.8104,57,11.0
2026-07-15,28750,2026-09-10,put,regular,65,0.7943,57,12.0
2026-07-15,29000,2026-09-10,put,regular,19,0.7931,57,13.0
2026-07-15,30000,2026-09-10,put,regular,4264,0.7746,57,15.0
2026-07-15,30500,2026-09-10,put,regular,86,0.7651,57,16.0
2026-07-15,31500,2026-09-10,put,regular,15,0.7498,57,19.0
2026-07-15,32000,2026-09-10,put,regular,15,0.7396,57,20.0
2026-07-15,33000,2026-09-10,put,regular,130,0.726,57,24.0
2026-07-15,34000,2026-09-10,put,regular,12,0.7046,57,26.0
2026-07-15,34750,2026-09-10,put,regular,69,0.6956,57,30.0
2026-07-15,35000,2026-09-10,put,regular,1090,0.6915,57,31.0
2026-07-15,35250,2026-09-10,put,regular,1,0.6873,57,32.0
2026-07-15,35750,2026-09-10,put,regular,50,0.6811,57,35.0
2026-07-15,36000,2026-09-10,put,regular,12,0.6767,57,36.0
2026-07-15,36750,2026-09-10,put,regular,60,0.6693,57,42.0
2026-07-15,37000,2026-09-10,put,regular,503,0.6666,57,44.0
2026-07-15,37500,2026-09-10,put,regular,2,0.6675,57,52.0
2026-07-15,37750,2026-09-10,put,regular,1,0.6673,57,56.0
2026-07-15,38000,2026-09-10,put,regular,704,0.6667,57,60.0
2026-07-15,38500,2026-09-10,put,regular,226,0.6576,57,63.0
2026-07-15,39000,2026-09-10,put,regular,62,0.6498,57,67.0
2026-07-15,39250,2026-09-10,put,regular,165,0.6534,57,75.0
2026-07-15,39500,2026-09-10,put,regular,250,0.6504,57,78.0
2026-07-15,40000,2026-09-10,put,regular,3144,0.645,57,85.0
2026-07-15,40250,2026-09-10,put,regular,1,0.6394,57,86.0
2026-07-15,40500,2026-09-10,put,regular,176,0.6305,57,84.0
2026-07-15,40750,2026-09-10,put,regular,42,0.6293,57,89.0
2026-07-15,41000,2026-09-10,put,regular,853,0.6247,57,91.0
2026-07-15,41250,2026-09-10,put,regular,1,0.6201,57,93.0
2026-07-15,41500,2026-09-10,put,regular,26,0.6135,57,93.0
2026-07-15,41750,2026-09-10,put,regular,384000,0.6128,57,99.0
2026-07-15,42000,2026-09-10,put,regular,1946,0.6062,57,99.0
2026-07-15,42250,2026-09-10,put,regular,3,0.6061,57,106.0
2026-07-15,42500,2026-09-10,put,regular,50,0.5995,57,106.0
2026-07-15,42750,2026-09-10,put,regular,2,0.5956,57,109.0
2026-07-15,43000,2026-09-10,put,regular,994,0.5891,57,109.0
2026-07-15,43250,2026-09-10,put,regular,61,0.5909,57,119.0
2026-07-15,43500,2026-09-10,put,regular,556,0.5859,57,121.0
2026-07-15,43750,2026-09-10,put,regular,3,0.5817,57,124.0
2026-07-15,44000,2026-09-10,put,regular,1448,0.5752,57,124.0
2026-07-15,44250,2026-09-10,put,regular,13,0.5732,57,130.0
2026-07-15,44500,2026-09-10,put,regular,5,0.5718,57,137.0
2026-07-15,44750,2026-09-10,put,regular,1,0.5667,57,139.0
2026-07-15,45000,2026-09-10,put,regular,1993,0.5609,57,140.0
2026-07-15,45500,2026-09-10,put,regular,1,0.5578,57,155.0
2026-07-15,45750,2026-09-10,put,regular,30,0.5519,57,156.0
2026-07-15,46000,2026-09-10,put,regular,2191,0.5461,57,157.0
2026-07-15,46250,2026-09-10,put,regular,3,0.5439,57,164.0
2026-07-15,46500,2026-09-10,put,regular,340,0.5443,57,176.0
2026-07-15,46750,2026-09-10,put,regular,1,0.539,57,178.0
2026-07-15,47000,2026-09-10,put,regular,660,0.5352,57,183.0
2026-07-15,47250,2026-09-10,put,regular,8,0.5298,57,185.0
2026-07-15,47500,2026-09-10,put,regular,1015,0.5316,57,201.0
2026-07-15,47750,2026-09-10,put,regular,5,0.5251,57,201.0
2026-07-15,48000,2026-09-10,put,regular,3321,0.5192,57,202.0
2026-07-15,48250,2026-09-10,put,regular,21,0.5156,57,208.0
2026-07-15,48500,2026-09-10,put,regular,650,0.5129,57,216.0
2026-07-15,48750,2026-09-10,put,regular,12,0.5128,57,230.0
2026-07-15,49000,2026-09-10,put,regular,1385,0.5085,57,235.0
2026-07-15,49250,2026-09-10,put,regular,58,0.5046,57,241.0
2026-07-15,49500,2026-09-10,put,regular,104,0.499,57,243.0
2026-07-15,49750,2026-09-10,put,regular,26,0.4958,57,251.0
2026-07-15,50000,2026-09-10,put,regular,8519,0.4929,57,260.0
2026-07-15,50250,2026-09-10,put,regular,26,0.4891,57,267.0
2026-07-15,50500,2026-09-10,put,regular,1074,0.4864,57,277.0
2026-07-15,50750,2026-09-10,put,regular,37,0.4829,57,285.0
2026-07-15,51000,2026-09-10,put,regular,936,0.4807,57,297.0
2026-07-15,51250,2026-09-10,put,regular,226,0.4769,57,305.0
2026-07-15,51500,2026-09-10,put,regular,241,0.4721,57,310.0
2026-07-15,51750,2026-09-10,put,regular,10,0.4705,57,325.0
2026-07-15,52000,2026-09-10,put,regular,1220,0.4672,57,335.0
2026-07-15,52250,2026-09-10,put,regular,46,0.4637,57,345.0
2026-07-15,52500,2026-09-10,put,regular,120,0.4617,57,360.0
2026-07-15,52750,2026-09-10,put,regular,4,0.4581,57,370.0
2026-07-15,53000,2026-09-10,put,regular,1543,0.4558,57,385.0
2026-07-15,53250,2026-09-10,put,regular,15,0.452,57,395.0
2026-07-15,53500,2026-09-10,put,regular,298,0.4494,57,410.0
2026-07-15,53750,2026-09-10,put,regular,75,0.4468,57,425.0
2026-07-15,54000,2026-09-10,put,regular,2579,0.4439,57,440.0
2026-07-15,54250,2026-09-10,put,regular,2,0.4397,57,450.0
2026-07-15,54500,2026-09-10,put,regular,376,0.4367,57,465.0
2026-07-15,54750,2026-09-10,put,regular,219,0.4348,57,485.0
2026-07-15,55000,2026-09-10,put,regular,4024,0.4315,57,500.0
2026-07-15,55250,2026-09-10,put,regular,8,0.4304,57,525.0
2026-07-15,55500,2026-09-10,put,regular,351,0.4257,57,535.0
2026-07-15,56000,2026-09-10,put,regular,1827,0.4205,57,575.0
2026-07-15,56250,2026-09-10,put,regular,24,0.4188,57,600.0
2026-07-15,56500,2026-09-10,put,regular,174,0.4168,57,625.0
2026-07-15,56750,2026-09-10,put,regular,18,0.4137,57,645.0
2026-07-15,57000,2026-09-10,put,regular,2815,0.4104,57,665.0
2026-07-15,57250,2026-09-10,put,regular,24,0.408,57,690.0
2026-07-15,57500,2026-09-10,put,regular,385,0.4045,57,710.0
2026-07-15,57750,2026-09-10,put,regular,132,0.4027,57,740.0
2026-07-15,58000,2026-09-10,put,regular,1905,0.3998,57,765.0
2026-07-15,58250,2026-09-10,put,regular,159,0.3976,57,795.0
2026-07-15,58500,2026-09-10,put,regular,214,0.3969,57,835.0
2026-07-15,58750,2026-09-10,put,regular,9,0.3943,57,865.0
2026-07-15,59000,2026-09-10,put,regular,1771,0.3916,57,895.0
2026-07-15,59250,2026-09-10,put,regular,18,0.3903,57,935.0
2026-07-15,59500,2026-09-10,put,regular,215,0.3872,57,965.0
2026-07-15,59750,2026-09-10,put,regular,18,0.3848,57,1000.0
2026-07-15,60000,2026-09-10,put,regular,3189,0.3829,57,1040.0
2026-07-15,60250,2026-09-10,put,regular,15,0.3808,57,1080.0
2026-07-15,60500,2026-09-10,put,regular,321,0.3785,57,1120.0
2026-07-15,60750,2026-09-10,put,regular,128,0.3767,57,1165.0
2026-07-15,61000,2026-09-10,put,regular,816,0.3747,57,1210.0
2026-07-15,61250,2026-09-10,put,regular,2,0.3732,57,1260.0
2026-07-15,61500,2026-09-10,put,regular,15,0.3714,57,1310.0
2026-07-15,61750,2026-09-10,put,regular,8,0.3701,57,1365.0
2026-07-15,62000,2026-09-10,put,regular,3076,0.3673,57,1410.0
2026-07-15,62250,2026-09-10,put,regular,2,0.3649,57,1460.0
2026-07-15,62500,2026-09-10,put,regular,560,0.3641,57,1525.0
2026-07-15,62750,2026-09-10,put,regular,6,0.3619,57,1580.0
2026-07-15,63000,2026-09-10,put,regular,2985,0.359,57,1630.0
2026-07-15,63125,2026-09-10,put,regular,5,0.3591,57,1670.0
2026-07-15,63250,2026-09-10,put,regular,1,0.3586,57,1705.0
2026-07-15,63500,2026-09-10,put,regular,18,0.358,57,1780.0
2026-07-15,63750,2026-09-10,put,regular,5,0.3556,57,1840.0
2026-07-15,64000,2026-09-10,put,regular,2137,0.3534,57,1905.0
2026-07-15,64125,2026-09-10,put,regular,8,0.3525,57,1940.0
2026-07-15,64250,2026-09-10,put,regular,15,0.3537,57,1995.0
2026-07-15,64500,2026-09-10,put,regular,338,0.3511,57,2060.0
2026-07-15,65000,2026-09-10,put,regular,3010,0.3489,57,2225.0
2026-07-15,65250,2026-09-10,put,regular,80,0.3477,57,2310.0
2026-07-15,65375,2026-09-10,put,regular,19,0.3457,57,2340.0
2026-07-15,65500,2026-09-10,put,regular,278,0.3467,57,2400.0
2026-07-15,65625,2026-09-10,put,regular,15,0.3442,57,2425.0
2026-07-15,65750,2026-09-10,put,regular,2,0.345,57,2485.0
2026-07-15,66000,2026-09-10,put,regular,1719,0.3416,57,2555.0
2026-07-15,66125,2026-09-10,put,regular,6,0.3427,57,2620.0
2026-07-15,66250,2026-09-10,put,regular,4,0.3424,57,2670.0
2026-07-15,66500,2026-09-10,put,regular,1409,0.3409,57,2765.0
2026-07-15,66625,2026-09-10,put,regular,15,0.3399,57,2810.0
2026-07-15,66750,2026-09-10,put,regular,2,0.3402,57,2870.0
2026-07-15,67000,2026-09-10,put,regular,1290,0.3392,57,2975.0
2026-07-15,67250,2026-09-10,put,regular,2,0.338,57,3080.0
2026-07-15,67500,2026-09-10,put,regular,300,0.3365,57,3185.0
2026-07-15,67750,2026-09-10,put,regular,172,0.3362,57,3305.0
2026-07-15,68000,2026-09-10,put,regular,556,0.3379,57,3450.0
2026-07-15,68250,2026-09-10,put,regular,2,0.3371,57,3570.0
2026-07-15,68500,2026-09-10,put,regular,13,0.336,57,3690.0
2026-07-15,68750,2026-09-10,put,regular,18,0.336,57,3825.0
2026-07-15,69000,2026-09-10,put,regular,1146,0.3358,57,3960.0
2026-07-15,69500,2026-09-10,put,regular,6,0.3356,57,4240.0
2026-07-15,70000,2026-09-10,put,regular,1475,0.3353,57,4530.0
2026-07-15,71000,2026-09-10,put,regular,100,0.3342,57,5135.0
2026-07-15,73000,2026-09-10,put,regular,18,0.3365,57,6510.0
2026-07-15,75000,2026-09-10,put,regular,2,0.3437,57,8065.0
2026-07-15,25000,2026-10-08,put,regular,12,0.7811,85,18.0
2026-07-15,30000,2026-10-08,put,regular,1,0.6986,85,36.0
2026-07-15,35000,2026-10-08,put,regular,1,0.6318,85,73.0
2026-07-15,38000,2026-10-08,put,regular,2,0.5925,85,106.0
2026-07-15,40000,2026-10-08,put,regular,2,0.5674,85,135.0
2026-07-15,41000,2026-10-08,put,regular,1,0.555,85,152.0
2026-07-15,42750,2026-10-08,put,regular,1,0.5263,85,172.0
2026-07-15,43000,2026-10-08,put,regular,24,0.5206,85,172.0
2026-07-15,43750,2026-10-08,put,regular,9,0.5098,85,184.0
2026-07-15,45000,2026-10-08,put,regular,220,0.4969,85,217.0
2026-07-15,45500,2026-10-08,put,regular,199,0.4911,85,230.0
2026-07-15,46000,2026-10-08,put,regular,150,0.487,85,248.0
2026-07-15,46500,2026-10-08,put,regular,63,0.4821,85,265.0
2026-07-15,46750,2026-10-08,put,regular,59,0.4794,85,273.0
2026-07-15,47000,2026-10-08,put,regular,78,0.4773,85,283.0
2026-07-15,47750,2026-10-08,put,regular,28,0.4709,85,315.0
2026-07-15,48000,2026-10-08,put,regular,400,0.4683,85,325.0
2026-07-15,48750,2026-10-08,put,regular,1,0.4602,85,355.0
2026-07-15,49000,2026-10-08,put,regular,6,0.4602,85,375.0
2026-07-15,49250,2026-10-08,put,regular,1,0.4599,85,395.0
2026-07-15,49500,2026-10-08,put,regular,1,0.4607,85,420.0
2026-07-15,49750,2026-10-08,put,regular,1,0.46,85,440.0
2026-07-15,50000,2026-10-08,put,regular,252,0.4603,85,465.0
2026-07-15,50250,2026-10-08,put,regular,1,0.4592,85,485.0
2026-07-15,50500,2026-10-08,put,regular,4,0.4567,85,500.0
2026-07-15,50750,2026-10-08,put,regular,1,0.4531,85,510.0
2026-07-15,51000,2026-10-08,put,regular,1,0.4483,85,515.0
2026-07-15,51250,2026-10-08,put,regular,1,0.45,85,550.0
2026-07-15,51500,2026-10-08,put,regular,76,0.4452,85,555.0
2026-07-15,51750,2026-10-08,put,regular,1,0.4403,85,560.0
2026-07-15,52000,2026-10-08,put,regular,53,0.4354,85,565.0
2026-07-15,52250,2026-10-08,put,regular,1,0.4295,85,565.0
2026-07-15,52500,2026-10-08,put,regular,102,0.4305,85,600.0
2026-07-15,52750,2026-10-08,put,regular,1,0.4265,85,610.0
2026-07-15,53000,2026-10-08,put,regular,8,0.4225,85,620.0
2026-07-15,53250,2026-10-08,put,regular,1,0.424,85,660.0
2026-07-15,53500,2026-10-08,put,regular,1,0.4233,85,690.0
2026-07-15,54000,2026-10-08,put,regular,75,0.419,85,735.0
2026-07-15,54250,2026-10-08,put,regular,7,0.4204,85,780.0
2026-07-15,54750,2026-10-08,put,regular,6,0.4154,85,825.0
2026-07-15,55000,2026-10-08,put,regular,607,0.4131,85,850.0
2026-07-15,55250,2026-10-08,put,regular,31,0.4114,85,880.0
2026-07-15,55750,2026-10-08,put,regular,1,0.4063,85,930.0
2026-07-15,56000,2026-10-08,put,regular,100,0.4044,85,960.0
2026-07-15,56250,2026-10-08,put,regular,5,0.4023,85,990.0
2026-07-15,56500,2026-10-08,put,regular,4,0.3973,85,1000.0
2026-07-15,56750,2026-10-08,put,regular,1,0.395,85,1030.0
2026-07-15,57000,2026-10-08,put,regular,152,0.3933,85,1065.0
2026-07-15,57500,2026-10-08,put,regular,3,0.3888,85,1130.0
2026-07-15,57750,2026-10-08,put,regular,14,0.3868,85,1165.0
2026-07-15,58000,2026-10-08,put,regular,806,0.3852,85,1205.0
2026-07-15,58250,2026-10-08,put,regular,5,0.3828,85,1240.0
2026-07-15,58500,2026-10-08,put,regular,6,0.3816,85,1285.0
2026-07-15,58750,2026-10-08,put,regular,5,0.3796,85,1325.0
2026-07-15,59000,2026-10-08,put,regular,25,0.3781,85,1370.0
2026-07-15,59250,2026-10-08,put,regular,17,0.3758,85,1410.0
2026-07-15,59500,2026-10-08,put,regular,5,0.3745,85,1460.0
2026-07-15,60000,2026-10-08,put,regular,1814,0.3721,85,1565.0
2026-07-15,60500,2026-10-08,put,regular,102,0.3691,85,1670.0
2026-07-15,60750,2026-10-08,put,regular,23,0.3676,85,1725.0
2026-07-15,61000,2026-10-08,put,regular,200,0.3654,85,1775.0
2026-07-15,62000,2026-10-08,put,regular,14,0.3594,85,2015.0
2026-07-15,64000,2026-10-08,put,regular,700,0.3505,85,2610.0
2026-07-15,64750,2026-10-08,put,regular,1,0.3464,85,2855.0
2026-07-15,65000,2026-10-08,put,regular,850,0.3462,85,2955.0
2026-07-15,67000,2026-10-08,put,regular,201,0.3401,85,3775.0
2026-07-15,68000,2026-10-08,put,regular,530,0.3354,85,4215.0
2026-07-15,68500,2026-10-08,put,regular,2,0.3347,85,4470.0
2026-07-15,69000,2026-10-08,put,regular,200,0.3337,85,4730.0
2026-07-15,69500,2026-10-08,put,regular,50,0.3336,85,5010.0
2026-07-15,70000,2026-10-08,put,regular,101,0.3332,85,5295.0
2026-07-15,72500,2026-10-08,put,regular,1,0.3353,85,6900.0
2026-07-15,79000,2026-10-08,put,regular,2,0.36,85,12075.0
2026-07-15,25000,2026-11-12,put,regular,6,0.7095,120,36.0
2026-07-15,27000,2026-11-12,put,regular,2,0.6915,120,54.0
2026-07-15,35000,2026-11-12,put,regular,1,0.5876,120,143.0
2026-07-15,38000,2026-11-12,put,regular,1,0.5456,120,185.0
2026-07-15,40000,2026-11-12,put,regular,2,0.5239,120,231.0
2026-07-15,42000,2026-11-12,put,regular,150,0.5028,120,287.0
2026-07-15,43000,2026-11-12,put,regular,1,0.4841,120,293.0
2026-07-15,51000,2026-11-12,put,regular,100,0.4152,120,735.0
2026-07-15,53000,2026-11-12,put,regular,55,0.4002,120,925.0
2026-07-15,53750,2026-11-12,put,regular,1,0.3932,120,995.0
2026-07-15,56000,2026-11-12,put,regular,150,0.3796,120,1305.0
2026-07-15,58000,2026-11-12,put,regular,100,0.3667,120,1635.0
2026-07-15,59500,2026-11-12,put,regular,250,0.3574,120,1930.0
2026-07-15,60000,2026-11-12,put,regular,420,0.3553,120,2050.0
2026-07-15,60500,2026-11-12,put,regular,100,0.3524,120,2165.0
2026-07-15,61000,2026-11-12,put,regular,200,0.3502,120,2295.0
2026-07-15,63000,2026-11-12,put,regular,100,0.3445,120,2915.0
2026-07-15,64000,2026-11-12,put,regular,560,0.3388,120,3225.0
2026-07-15,65000,2026-11-12,put,regular,100,0.3344,120,3580.0
2026-07-15,66000,2026-11-12,put,regular,150,0.3308,120,3975.0
2026-07-15,67000,2026-11-12,put,regular,350,0.3289,120,4425.0
2026-07-15,67500,2026-11-12,put,regular,4,0.3275,120,4655.0
2026-07-15,68500,2026-11-12,put,regular,328,0.3227,120,5105.0
2026-07-15,70000,2026-11-12,put,regular,460,0.3198,120,5905.0
2026-07-15,72500,2026-11-12,put,regular,330,0.3185,120,7445.0
2026-07-15,12500,2026-12-10,put,regular,303,0.9208,148,9.0
2026-07-15,13000,2026-12-10,put,regular,4,0.8997,148,9.0
2026-07-15,13500,2026-12-10,put,regular,100,0.8795,148,9.0
2026-07-15,14000,2026-12-10,put,regular,11,0.86,148,9.0
2026-07-15,14500,2026-12-10,put,regular,1,0.8412,148,9.0
2026-07-15,14750,2026-12-10,put,regular,1,0.8402,148,10.0
2026-07-15,15000,2026-12-10,put,regular,5,0.8312,148,10.0
2026-07-15,16000,2026-12-10,put,regular,3,0.8036,148,11.0
2026-07-15,17000,2026-12-10,put,regular,3,0.7772,148,12.0
2026-07-15,18000,2026-12-10,put,regular,153,0.7574,148,14.0
2026-07-15,19000,2026-12-10,put,regular,650,0.7373,148,16.0
2026-07-15,20000,2026-12-10,put,regular,2350,0.7173,148,18.0
2026-07-15,21000,2026-12-10,put,regular,350,0.7078,148,23.0
2026-07-15,21500,2026-12-10,put,regular,500,0.7005,148,25.0
2026-07-15,22000,2026-12-10,put,regular,1715,0.6958,148,28.0
2026-07-15,22500,2026-12-10,put,regular,154,0.6904,148,31.0
2026-07-15,23000,2026-12-10,put,regular,2105,0.6846,148,34.0
2026-07-15,23500,2026-12-10,put,regular,127,0.6783,148,37.0
2026-07-15,24000,2026-12-10,put,regular,400,0.6717,148,40.0
2026-07-15,24500,2026-12-10,put,regular,250,0.6668,148,44.0
2026-07-15,24750,2026-12-10,put,regular,1,0.6623,148,45.0
2026-07-15,25000,2026-12-10,put,regular,2464,0.6596,148,47.0
2026-07-15,25250,2026-12-10,put,regular,1,0.6568,148,49.0
2026-07-15,25500,2026-12-10,put,regular,2,0.6539,148,51.0
2026-07-15,26000,2026-12-10,put,regular,1425,0.6494,148,56.0
2026-07-15,26500,2026-12-10,put,regular,1,0.6402,148,58.0
2026-07-15,27000,2026-12-10,put,regular,2630,0.6352,148,63.0
2026-07-15,27500,2026-12-10,put,regular,25,0.6272,148,66.0
2026-07-15,27750,2026-12-10,put,regular,72,0.6239,148,68.0
2026-07-15,28000,2026-12-10,put,regular,1326,0.6228,148,72.0
2026-07-15,28500,2026-12-10,put,regular,400,0.6147,148,75.0
2026-07-15,29000,2026-12-10,put,regular,1450,0.6108,148,82.0
2026-07-15,30000,2026-12-10,put,regular,5897,0.5998,148,94.0
2026-07-15,30500,2026-12-10,put,regular,51,0.5905,148,96.0
2026-07-15,31000,2026-12-10,put,regular,2257,0.5847,148,102.0
2026-07-15,31500,2026-12-10,put,regular,350,0.5794,148,109.0
2026-07-15,32000,2026-12-10,put,regular,4655,0.574,148,116.0
2026-07-15,32250,2026-12-10,put,regular,600,0.5708,148,119.0
2026-07-15,32500,2026-12-10,put,regular,900,0.5683,148,123.0
2026-07-15,32750,2026-12-10,put,regular,20,0.565,148,126.0
2026-07-15,33000,2026-12-10,put,regular,3362,0.5624,148,130.0
2026-07-15,33250,2026-12-10,put,regular,37,0.5598,148,134.0
2026-07-15,33500,2026-12-10,put,regular,72,0.5571,148,138.0
2026-07-15,34000,2026-12-10,put,regular,2820,0.5539,148,150.0
2026-07-15,34500,2026-12-10,put,regular,560,0.5503,148,162.0
2026-07-15,34750,2026-12-10,put,regular,1,0.5489,148,169.0
2026-07-15,35000,2026-12-10,put,regular,5063,0.5539,148,189.0
2026-07-15,36000,2026-12-10,put,regular,2905,0.542,148,208.0
2026-07-15,36250,2026-12-10,put,regular,794000,0.5413,148,218.0
2026-07-15,36500,2026-12-10,put,regular,225,0.5395,148,226.0
2026-07-15,36750,2026-12-10,put,regular,400,0.5369,148,232.0
2026-07-15,37000,2026-12-10,put,regular,2537,0.5333,148,236.0
2026-07-15,37500,2026-12-10,put,regular,188,0.5235,148,237.0
2026-07-15,37750,2026-12-10,put,regular,100,0.5188,148,238.0
2026-07-15,38000,2026-12-10,put,regular,2686,0.5137,148,238.0
2026-07-15,38500,2026-12-10,put,regular,1150,0.5057,148,243.0
2026-07-15,38750,2026-12-10,put,regular,50,0.5029,148,249.0
2026-07-15,39000,2026-12-10,put,regular,2505,0.5006,148,256.0
2026-07-15,39250,2026-12-10,put,regular,650,0.4981,148,263.0
2026-07-15,39500,2026-12-10,put,regular,1008,0.496,148,271.0
2026-07-15,40000,2026-12-10,put,regular,6177,0.4912,148,286.0
2026-07-15,40250,2026-12-10,put,regular,5,0.4889,148,294.0
2026-07-15,40500,2026-12-10,put,regular,1469,0.4874,148,305.0
2026-07-15,41000,2026-12-10,put,regular,1825,0.4822,148,320.0
2026-07-15,41250,2026-12-10,put,regular,3,0.4803,148,330.0
2026-07-15,41500,2026-12-10,put,regular,101,0.4783,148,340.0
2026-07-15,42000,2026-12-10,put,regular,3599,0.4741,148,360.0
2026-07-15,42500,2026-12-10,put,regular,300,0.4683,148,375.0
2026-07-15,43000,2026-12-10,put,regular,1690,0.4624,148,390.0
2026-07-15,43500,2026-12-10,put,regular,100,0.4601,148,420.0
2026-07-15,43750,2026-12-10,put,regular,8,0.4553,148,420.0
2026-07-15,44000,2026-12-10,put,regular,3390,0.4539,148,435.0
2026-07-15,45000,2026-12-10,put,regular,3048,0.4467,148,490.0
2026-07-15,45250,2026-12-10,put,regular,51,0.4429,148,495.0
2026-07-15,45500,2026-12-10,put,regular,350,0.4411,148,510.0
2026-07-15,46000,2026-12-10,put,regular,3757,0.4384,148,545.0
2026-07-15,47000,2026-12-10,put,regular,2846,0.431,148,610.0
2026-07-15,47500,2026-12-10,put,regular,1077,0.4256,148,635.0
2026-07-15,48000,2026-12-10,put,regular,4167,0.4291,148,715.0
2026-07-15,48500,2026-12-10,put,regular,300,0.4216,148,730.0
2026-07-15,49000,2026-12-10,put,regular,3177,0.4193,148,780.0
2026-07-15,49500,2026-12-10,put,regular,2717,0.4146,148,815.0
2026-07-15,50000,2026-12-10,put,regular,6263,0.4117,148,865.0
2026-07-15,50250,2026-12-10,put,regular,16,0.4095,148,885.0
2026-07-15,50500,2026-12-10,put,regular,635,0.4078,148,910.0
2026-07-15,50750,2026-12-10,put,regular,45,0.4062,148,935.0
2026-07-15,51000,2026-12-10,put,regular,1680,0.405,148,965.0
2026-07-15,51500,2026-12-10,put,regular,20,0.4013,148,1015.0
2026-07-15,52000,2026-12-10,put,regular,2275,0.3978,148,1070.0
2026-07-15,52250,2026-12-10,put,regular,525,0.3963,148,1100.0
2026-07-15,52500,2026-12-10,put,regular,417,0.3993,148,1170.0
2026-07-15,53000,2026-12-10,put,regular,1398,0.3912,148,1190.0
2026-07-15,53250,2026-12-10,put,regular,186,0.39,148,1225.0
2026-07-15,53500,2026-12-10,put,regular,205,0.3881,148,1255.0
2026-07-15,53750,2026-12-10,put,regular,4,0.3866,148,1290.0
2026-07-15,54000,2026-12-10,put,regular,2140,0.3851,148,1325.0
2026-07-15,54500,2026-12-10,put,regular,440,0.3823,148,1400.0
2026-07-15,55000,2026-12-10,put,regular,4362,0.3787,148,1470.0
2026-07-15,55500,2026-12-10,put,regular,100,0.3762,148,1555.0
2026-07-15,56000,2026-12-10,put,regular,2176,0.3748,148,1655.0
2026-07-15,56500,2026-12-10,put,regular,151,0.3703,148,1725.0
2026-07-15,57000,2026-12-10,put,regular,1215,0.3668,148,1810.0
2026-07-15,57500,2026-12-10,put,regular,850,0.3644,148,1910.0
2026-07-15,58000,2026-12-10,put,regular,1497,0.3611,148,2005.0
2026-07-15,58500,2026-12-10,put,regular,450,0.3591,148,2120.0
2026-07-15,59000,2026-12-10,put,regular,2290,0.356,148,2225.0
2026-07-15,59500,2026-12-10,put,regular,250,0.3537,148,2345.0
2026-07-15,60000,2026-12-10,put,regular,7545,0.3525,148,2485.0
2026-07-15,61000,2026-12-10,put,regular,1350,0.346,148,2725.0
2026-07-15,61500,2026-12-10,put,regular,2,0.3443,148,2875.0
2026-07-15,62000,2026-12-10,put,regular,2231,0.3426,148,3030.0
2026-07-15,62250,2026-12-10,put,regular,350,0.3418,148,3110.0
2026-07-15,62500,2026-12-10,put,regular,385,0.3412,148,3195.0
2026-07-15,63000,2026-12-10,put,regular,1501,0.339,148,3355.0
2026-07-15,63750,2026-12-10,put,regular,25,0.3344,148,3585.0
2026-07-15,64000,2026-12-10,put,regular,1125,0.3358,148,3710.0
2026-07-15,65000,2026-12-10,put,regular,2740,0.3297,148,4045.0
2026-07-15,65500,2026-12-10,put,regular,580,0.3281,148,4245.0
2026-07-15,66000,2026-12-10,put,regular,100,0.3267,148,4455.0
2026-07-15,67000,2026-12-10,put,regular,1306,0.3239,148,4895.0
2026-07-15,67250,2026-12-10,put,regular,25,0.3233,148,5010.0
2026-07-15,67500,2026-12-10,put,regular,25,0.3228,148,5130.0
2026-07-15,68000,2026-12-10,put,regular,1700,0.3186,148,5320.0
2026-07-15,68500,2026-12-10,put,regular,3,0.3179,148,5575.0
2026-07-15,68750,2026-12-10,put,regular,100,0.3172,148,5700.0
2026-07-15,69000,2026-12-10,put,regular,1470,0.3167,148,5830.0
2026-07-15,70000,2026-12-10,put,regular,1644,0.3155,148,6380.0
2026-07-15,71000,2026-12-10,put,regular,31,0.3141,148,6955.0
2026-07-15,72000,2026-12-10,put,regular,120,0.3134,148,7570.0
2026-07-15,72500,2026-12-10,put,regular,320,0.3126,148,7880.0
2026-07-15,74000,2026-12-10,put,regular,100,0.3152,148,8930.0
2026-07-15,76000,2026-12-10,put,regular,300,0.3159,148,10365.0
2026-07-15,80000,2026-12-10,put,regular,3700,0.3195,148,13510.0
2026-07-15,44000,2027-01-07,put,regular,331,0.4394,176,550.0
2026-07-15,45000,2027-01-07,put,regular,300,0.4317,176,610.0
2026-07-15,47000,2027-01-07,put,regular,41,0.4163,176,745.0
2026-07-15,48000,2027-01-07,put,regular,200,0.4085,176,820.0
2026-07-15,50000,2027-01-07,put,regular,15,0.3949,176,1005.0
2026-07-15,60000,2027-01-07,put,regular,1,0.3439,176,2795.0
2026-07-15,60500,2027-01-07,put,regular,41,0.342,176,2935.0
2026-07-15,65000,2027-01-07,put,regular,3,0.321,176,4375.0
2026-07-15,66000,2027-01-07,put,regular,53,0.3173,176,4775.0
2026-07-15,47000,2027-02-10,put,regular,125,0.412,210,985.0
2026-07-15,29000,2027-03-11,put,regular,1,0.5407,239,180.0
2026-07-15,33000,2027-03-11,put,regular,113,0.5037,239,280.0
2026-07-15,35000,2027-03-11,put,regular,600,0.4779,239,315.0
2026-07-15,37000,2027-03-11,put,regular,500,0.4623,239,390.0
2026-07-15,38000,2027-03-11,put,regular,265,0.4552,239,435.0
2026-07-15,40000,2027-03-11,put,regular,470,0.4417,239,540.0
2026-07-15,41000,2027-03-11,put,regular,250,0.4334,239,590.0
2026-07-15,42000,2027-03-11,put,regular,749,0.427,239,655.0
2026-07-15,42500,2027-03-11,put,regular,200,0.4224,239,680.0
2026-07-15,43000,2027-03-11,put,regular,62,0.4206,239,725.0
2026-07-15,43500,2027-03-11,put,regular,66,0.4157,239,750.0
2026-07-15,44000,2027-03-11,put,regular,450,0.4142,239,800.0
2026-07-15,45000,2027-03-11,put,regular,848,0.4076,239,880.0
2026-07-15,46000,2027-03-11,put,regular,116,0.4015,239,970.0
2026-07-15,47000,2027-03-11,put,regular,800,0.3953,239,1065.0
2026-07-15,48000,2027-03-11,put,regular,299,0.3908,239,1185.0
2026-07-15,48500,2027-03-11,put,regular,51,0.3883,239,1245.0
2026-07-15,49000,2027-03-11,put,regular,100,0.3869,239,1320.0
2026-07-15,50000,2027-03-11,put,regular,1270,0.3811,239,1445.0
2026-07-15,50250,2027-03-11,put,regular,108,0.3785,239,1465.0
2026-07-15,51000,2027-03-11,put,regular,24,0.3757,239,1585.0
2026-07-15,51250,2027-03-11,put,regular,105,0.3735,239,1610.0
2026-07-15,52000,2027-03-11,put,regular,1570,0.3704,239,1735.0
2026-07-15,53000,2027-03-11,put,regular,525,0.365,239,1895.0
2026-07-15,53500,2027-03-11,put,regular,200,0.3616,239,1970.0
2026-07-15,54000,2027-03-11,put,regular,224,0.3599,239,2070.0
2026-07-15,55000,2027-03-11,put,regular,400,0.355,239,2260.0
2026-07-15,55500,2027-03-11,put,regular,100,0.3522,239,2355.0
2026-07-15,56000,2027-03-11,put,regular,401,0.3501,239,2465.0
2026-07-15,56250,2027-03-11,put,regular,120,0.3484,239,2510.0
2026-07-15,57000,2027-03-11,put,regular,950,0.3454,239,2685.0
2026-07-15,58000,2027-03-11,put,regular,1700,0.3409,239,2925.0
2026-07-15,58500,2027-03-11,put,regular,15,0.3384,239,3045.0
2026-07-15,59500,2027-03-11,put,regular,253,0.3343,239,3315.0
2026-07-15,60000,2027-03-11,put,regular,1150,0.3327,239,3465.0
2026-07-15,61000,2027-03-11,put,regular,160,0.3288,239,3765.0
2026-07-15,62000,2027-03-11,put,regular,200,0.3252,239,4090.0
2026-07-15,62500,2027-03-11,put,regular,101,0.3229,239,4250.0
2026-07-15,63000,2027-03-11,put,regular,992,0.3219,239,4440.0
2026-07-15,64000,2027-03-11,put,regular,800,0.3186,239,4810.0
2026-07-15,66000,2027-03-11,put,regular,200,0.3125,239,5625.0
2026-07-15,66500,2027-03-11,put,regular,6,0.3111,239,5845.0
2026-07-15,67000,2027-03-11,put,regular,150,0.3087,239,6050.0
2026-07-15,68000,2027-03-11,put,regular,130,0.3058,239,6515.0
2026-07-15,69000,2027-03-11,put,regular,350,0.3037,239,7020.0
2026-07-15,70000,2027-03-11,put,regular,232,0.302,239,7555.0
2026-07-15,72000,2027-03-11,put,regular,100,0.2985,239,8695.0
2026-07-15,12500,2027-06-10,put,regular,10,0.6557,330,17.0
2026-07-15,14500,2027-06-10,put,regular,4,0.6408,330,32.0
2026-07-15,15000,2027-06-10,put,regular,1,0.6375,330,37.0
2026-07-15,16250,2027-06-10,put,regular,167,0.6249,330,49.0
2026-07-15,23000,2027-06-10,put,regular,140,0.5598,330,153.0
2026-07-15,24000,2027-06-10,put,regular,100,0.5502,330,174.0
2026-07-15,25000,2027-06-10,put,regular,250,0.5414,330,198.0
2026-07-15,26000,2027-06-10,put,regular,200,0.5277,330,212.0
2026-07-15,28000,2027-06-10,put,regular,895,0.5035,330,247.0
2026-07-15,28500,2027-06-10,put,regular,100,0.4978,330,257.0
2026-07-15,29000,2027-06-10,put,regular,66,0.4925,330,268.0
2026-07-15,30000,2027-06-10,put,regular,275,0.4826,330,293.0
2026-07-15,31000,2027-06-10,put,regular,100,0.4729,330,320.0
2026-07-15,31500,2027-06-10,put,regular,1,0.4684,330,335.0
2026-07-15,32000,2027-06-10,put,regular,250,0.4651,330,355.0
2026-07-15,33000,2027-06-10,put,regular,150,0.4579,330,395.0
2026-07-15,34000,2027-06-10,put,regular,750,0.4512,330,440.0
2026-07-15,35000,2027-06-10,put,regular,1327,0.4448,330,490.0
2026-07-15,35500,2027-06-10,put,regular,145,0.4414,330,515.0
2026-07-15,36000,2027-06-10,put,regular,300,0.4387,330,545.0
2026-07-15,37000,2027-06-10,put,regular,50,0.4319,330,600.0
2026-07-15,38000,2027-06-10,put,regular,200,0.4253,330,660.0
2026-07-15,38500,2027-06-10,put,regular,140,0.4225,330,695.0
2026-07-15,39000,2027-06-10,put,regular,50,0.4196,330,730.0
2026-07-15,39500,2027-06-10,put,regular,101,0.4164,330,765.0
2026-07-15,40000,2027-06-10,put,regular,1095,0.4132,330,800.0
2026-07-15,41000,2027-06-10,put,regular,100,0.4075,330,880.0
2026-07-15,42000,2027-06-10,put,regular,300,0.4017,330,965.0
2026-07-15,42500,2027-06-10,put,regular,61,0.3989,330,1010.0
2026-07-15,43000,2027-06-10,put,regular,35,0.3964,330,1060.0
2026-07-15,44000,2027-06-10,put,regular,196,0.391,330,1160.0
2026-07-15,45000,2027-06-10,put,regular,720,0.3854,330,1265.0
2026-07-15,46000,2027-06-10,put,regular,773,0.3801,330,1380.0
2026-07-15,47000,2027-06-10,put,regular,201,0.375,330,1505.0
2026-07-15,47750,2027-06-10,put,regular,100,0.3713,330,1605.0
2026-07-15,48000,2027-06-10,put,regular,904,0.3701,330,1640.0
2026-07-15,49000,2027-06-10,put,regular,300,0.3653,330,1785.0
2026-07-15,50000,2027-06-10,put,regular,1317,0.3608,330,1945.0
2026-07-15,50500,2027-06-10,put,regular,175,0.3584,330,2025.0
2026-07-15,51000,2027-06-10,put,regular,100,0.3561,330,2110.0
2026-07-15,51250,2027-06-10,put,regular,3,0.355,330,2155.0
2026-07-15,52000,2027-06-10,put,regular,1070,0.3519,330,2295.0
2026-07-15,52250,2027-06-10,put,regular,86,0.3507,330,2340.0
2026-07-15,52500,2027-06-10,put,regular,57,0.3497,330,2390.0
2026-07-15,53000,2027-06-10,put,regular,720,0.3477,330,2490.0
2026-07-15,53500,2027-06-10,put,regular,1,0.3457,330,2595.0
2026-07-15,53750,2027-06-10,put,regular,35,0.3446,330,2645.0
2026-07-15,54000,2027-06-10,put,regular,1402,0.3436,330,2700.0
2026-07-15,55000,2027-06-10,put,regular,1350,0.3367,330,2870.0
2026-07-15,56000,2027-06-10,put,regular,185,0.3316,330,3085.0
2026-07-15,56500,2027-06-10,put,regular,40,0.3301,330,3215.0
2026-07-15,57000,2027-06-10,put,regular,675,0.3283,330,3345.0
2026-07-15,57750,2027-06-10,put,regular,103,0.3258,330,3550.0
2026-07-15,58000,2027-06-10,put,regular,317,0.3252,330,3625.0
2026-07-15,59000,2027-06-10,put,regular,400,0.322,330,3920.0
2026-07-15,59500,2027-06-10,put,regular,112,0.3205,330,4075.0
2026-07-15,60000,2027-06-10,put,regular,845,0.319,330,4235.0
2026-07-15,61000,2027-06-10,put,regular,3,0.3194,330,4645.0
2026-07-15,62000,2027-06-10,put,regular,805,0.3136,330,4930.0
2026-07-15,63000,2027-06-10,put,regular,225,0.3109,330,5305.0
2026-07-15,64000,2027-06-10,put,regular,150,0.3085,330,5705.0
2026-07-15,64750,2027-06-10,put,regular,95,0.3068,330,6020.0
2026-07-15,65000,2027-06-10,put,regular,1486,0.3064,330,6130.0
2026-07-15,65500,2027-06-10,put,regular,26,0.3053,330,6350.0
2026-07-15,67000,2027-06-10,put,regular,470,0.3021,330,7040.0
2026-07-15,67500,2027-06-10,put,regular,100,0.3013,330,7285.0
2026-07-15,68000,2027-06-10,put,regular,450,0.3005,330,7535.0
2026-07-15,69000,2027-06-10,put,regular,15,0.2986,330,8045.0
2026-07-15,70000,2027-06-10,put,regular,500,0.2971,330,8585.0
2026-07-15,72000,2027-06-10,put,regular,100,0.2943,330,9725.0
2026-07-15,77500,2027-06-10,put,regular,150,0.2911,330,13355.0
2026-07-15,50000,2027-09-09,put,regular,25,0.3508,421,2470.0
2026-07-15,54250,2027-09-09,put,regular,200,0.3339,421,3375.0
2026-07-15,58000,2027-09-09,put,regular,1,0.3214,421,4405.0
2026-07-15,68250,2027-09-09,put,regular,200,0.2979,421,8585.0
2026-07-15,68750,2027-09-09,put,regular,81,0.2971,421,8845.0
2026-07-15,12500,2027-12-09,put,regular,7,0.4618,512,4.0
2026-07-15,13000,2027-12-09,put,regular,1,0.4669,512,6.0
2026-07-15,16000,2027-12-09,put,regular,350,0.4611,512,21.0
2026-07-15,19000,2027-12-09,put,regular,300,0.4613,512,61.0
2026-07-15,20000,2027-12-09,put,regular,400,0.4609,512,82.0
2026-07-15,21000,2027-12-09,put,regular,50,0.4607,512,108.0
2026-07-15,22000,2027-12-09,put,regular,408,0.4611,512,141.0
2026-07-15,22500,2027-12-09,put,regular,36,0.4608,512,159.0
2026-07-15,23000,2027-12-09,put,regular,132,0.4608,512,179.0
2026-07-15,23750,2027-12-09,put,regular,39,0.4609,512,213.0
2026-07-15,24000,2027-12-09,put,regular,1721,0.4608,512,225.0
2026-07-15,25000,2027-12-09,put,regular,1210,0.4609,512,279.0
2026-07-15,26000,2027-12-09,put,regular,200,0.4618,512,345.0
2026-07-15,26500,2027-12-09,put,regular,100,0.4607,512,375.0
2026-07-15,27000,2027-12-09,put,regular,1300,0.4614,512,415.0
2026-07-15,28000,2027-12-09,put,regular,2125,0.4543,512,460.0
2026-07-15,29000,2027-12-09,put,regular,350,0.4477,512,510.0
2026-07-15,29500,2027-12-09,put,regular,249,0.4442,512,535.0
2026-07-15,30000,2027-12-09,put,regular,2445,0.4406,512,560.0
2026-07-15,31000,2027-12-09,put,regular,1750,0.4347,512,620.0
2026-07-15,31500,2027-12-09,put,regular,204,0.4315,512,650.0
2026-07-15,32000,2027-12-09,put,regular,1425,0.4282,512,680.0
2026-07-15,32250,2027-12-09,put,regular,30,0.4265,512,695.0
2026-07-15,32750,2027-12-09,put,regular,35,0.4231,512,725.0
2026-07-15,33000,2027-12-09,put,regular,450,0.422,512,745.0
2026-07-15,34000,2027-12-09,put,regular,1794,0.4161,512,815.0
2026-07-15,34500,2027-12-09,put,regular,100,0.4129,512,850.0
2026-07-15,35000,2027-12-09,put,regular,1450,0.4102,512,890.0
2026-07-15,35500,2027-12-09,put,regular,40,0.4074,512,930.0
2026-07-15,36000,2027-12-09,put,regular,1130,0.4045,512,970.0
2026-07-15,36500,2027-12-09,put,regular,300,0.402,512,1015.0
2026-07-15,37000,2027-12-09,put,regular,1150,0.3993,512,1060.0
2026-07-15,38000,2027-12-09,put,regular,1175,0.3937,512,1150.0
2026-07-15,39000,2027-12-09,put,regular,800,0.3886,512,1250.0
2026-07-15,39500,2027-12-09,put,regular,50,0.3863,512,1305.0
2026-07-15,40000,2027-12-09,put,regular,2950,0.3839,512,1360.0
2026-07-15,40500,2027-12-09,put,regular,450,0.3813,512,1415.0
2026-07-15,42000,2027-12-09,put,regular,450,0.3741,512,1595.0
2026-07-15,43000,2027-12-09,put,regular,240,0.3695,512,1725.0
2026-07-15,44000,2027-12-09,put,regular,100,0.3651,512,1865.0
2026-07-15,45000,2027-12-09,put,regular,1675,0.3608,512,2015.0
2026-07-15,46000,2027-12-09,put,regular,700,0.3564,512,2170.0
2026-07-15,47000,2027-12-09,put,regular,250,0.3521,512,2335.0
2026-07-15,47500,2027-12-09,put,regular,35,0.3502,512,2425.0
2026-07-15,48000,2027-12-09,put,regular,615,0.3482,512,2515.0
2026-07-15,49000,2027-12-09,put,regular,700,0.3444,512,2705.0
2026-07-15,50000,2027-12-09,put,regular,2915,0.3405,512,2905.0
2026-07-15,51000,2027-12-09,put,regular,350,0.3367,512,3115.0
2026-07-15,52000,2027-12-09,put,regular,535,0.3331,512,3340.0
2026-07-15,53000,2027-12-09,put,regular,802,0.3297,512,3580.0
2026-07-15,54000,2027-12-09,put,regular,275,0.3264,512,3835.0
2026-07-15,54500,2027-12-09,put,regular,400,0.3247,512,3965.0
2026-07-15,55000,2027-12-09,put,regular,1062,0.3233,512,4105.0
2026-07-15,55500,2027-12-09,put,regular,75,0.3217,512,4245.0
2026-07-15,56000,2027-12-09,put,regular,270,0.3201,512,4385.0
2026-07-15,57000,2027-12-09,put,regular,220,0.3173,512,4690.0
2026-07-15,58000,2027-12-09,put,regular,1000,0.3145,512,5005.0
2026-07-15,58500,2027-12-09,put,regular,210,0.3131,512,5170.0
2026-07-15,59000,2027-12-09,put,regular,65,0.3119,512,5340.0
2026-07-15,60000,2027-12-09,put,regular,400,0.3093,512,5690.0
2026-07-15,62000,2027-12-09,put,regular,100,0.3047,512,6450.0
2026-07-15,63000,2027-12-09,put,regular,100,0.3026,512,6860.0
2026-07-15,63500,2027-12-09,put,regular,50,0.3016,512,7070.0
2026-07-15,64000,2027-12-09,put,regular,130,0.3006,512,7285.0
2026-07-15,65000,2027-12-09,put,regular,900,0.2988,512,7735.0
2026-07-15,66000,2027-12-09,put,regular,600,0.2969,512,8195.0
2026-07-15,67000,2027-12-09,put,regular,400,0.2954,512,8685.0
2026-07-15,68000,2027-12-09,put,regular,200,0.294,512,9195.0
2026-07-15,69000,2027-12-09,put,regular,750,0.2927,512,9720.0
2026-07-15,70000,2027-12-09,put,regular,300,0.2914,512,10265.0
2026-07-15,75000,2027-12-09,put,regular,175,0.2876,512,13300.0
2026-07-15,80000,2027-12-09,put,regular,200,0.2766,512,16470.0
2026-07-15,15000,2028-06-08,put,regular,3,0.3909,694,12.0
2026-07-15,25000,2028-06-08,put,regular,630,0.3904,694,257.0
2026-07-15,26000,2028-06-08,put,regular,250,0.3914,694,320.0
2026-07-15,27000,2028-06-08,put,regular,100,0.3908,694,385.0
2026-07-15,30000,2028-06-08,put,regular,300,0.3815,694,580.0
2026-07-15,32000,2028-06-08,put,regular,250,0.3729,694,720.0
2026-07-15,33000,2028-06-08,put,regular,100,0.3684,694,795.0
2026-07-15,35000,2028-06-08,put,regular,200,0.3608,694,975.0
2026-07-15,41500,2028-06-08,put,regular,100,0.3375,694,1750.0
2026-07-15,45000,2028-06-08,put,regular,15,0.3269,694,2330.0
2026-07-15,48000,2028-06-08,put,regular,300,0.3183,694,2925.0
2026-07-15,50000,2028-06-08,put,regular,150,0.3131,694,3385.0
2026-07-15,54000,2028-06-08,put,regular,100,0.3033,694,4455.0
2026-07-15,60000,2028-06-08,put,regular,250,0.2911,694,6505.0
2026-07-15,12000,2028-12-07,put,regular,300,0.3742,876,6.0
2026-07-15,16000,2028-12-07,put,regular,1950,0.3717,876,34.0
2026-07-15,18000,2028-12-07,put,regular,100,0.3709,876,66.0
2026-07-15,20000,2028-12-07,put,regular,200,0.371,876,118.0
2026-07-15,23000,2028-12-07,put,regular,100,0.3707,876,243.0
2026-07-15,23500,2028-12-07,put,regular,38,0.3705,876,270.0
2026-07-15,24000,2028-12-07,put,regular,1000,0.3706,876,300.0
2026-07-15,25000,2028-12-07,put,regular,800,0.3713,876,370.0
2026-07-15,27000,2028-12-07,put,regular,120,0.3703,876,525.0
2026-07-15,27500,2028-12-07,put,regular,50,0.3708,876,575.0
2026-07-15,28000,2028-12-07,put,regular,1250,0.3702,876,620.0
2026-07-15,30000,2028-12-07,put,regular,350,0.3621,876,770.0
2026-07-15,31000,2028-12-07,put,regular,400,0.3584,876,855.0
2026-07-15,32000,2028-12-07,put,regular,850,0.3546,876,945.0
2026-07-15,32250,2028-12-07,put,regular,51,0.3533,876,965.0
2026-07-15,33000,2028-12-07,put,regular,125,0.3508,876,1040.0
2026-07-15,34000,2028-12-07,put,regular,775,0.3469,876,1140.0
2026-07-15,34750,2028-12-07,put,regular,100,0.3445,876,1225.0
2026-07-15,35000,2028-12-07,put,regular,955,0.3434,876,1250.0
2026-07-15,36000,2028-12-07,put,regular,2750,0.3402,876,1370.0
2026-07-15,37000,2028-12-07,put,regular,580,0.3368,876,1495.0
2026-07-15,38000,2028-12-07,put,regular,2860,0.3334,876,1625.0
2026-07-15,39000,2028-12-07,put,regular,50,0.3304,876,1770.0
2026-07-15,40000,2028-12-07,put,regular,1210,0.3273,876,1920.0
2026-07-15,42000,2028-12-07,put,regular,350,0.3215,876,2250.0
2026-07-15,43000,2028-12-07,put,regular,100,0.3187,876,2430.0
2026-07-15,45000,2028-12-07,put,regular,100,0.313,876,2815.0
2026-07-15,48000,2028-12-07,put,regular,600,0.3054,876,3480.0
2026-07-15,50000,2028-12-07,put,regular,1600,0.3007,876,3985.0
2026-07-15,51000,2028-12-07,put,regular,150,0.2985,876,4255.0
2026-07-15,53000,2028-12-07,put,regular,50,0.294,876,4830.0
2026-07-15,55000,2028-12-07,put,regular,640,0.2899,876,5460.0
2026-07-15,56000,2028-12-07,put,regular,400,0.288,876,5800.0
2026-07-15,57000,2028-12-07,put,regular,150,0.2861,876,6150.0
2026-07-15,60000,2028-12-07,put,regular,100,0.2808,876,7290.0
2026-07-15,65000,2028-12-07,call,regular,400,0.1855,876,9490.0
2026-07-15,68000,2028-12-07,call,regular,100,0.2591,876,11090.0
2026-07-15,70000,2028-12-07,call,regular,100,0.3071,876,12265.0
2026-07-15,75000,2028-12-07,call,regular,80,0.42,876,15195.0
2026-07-15,15000,2029-06-07,call,regular,1,0.2,1058,35.0
2026-07-15,15000,2029-12-13,call,regular,1,0.2,1247,47.0
2026-07-15,23250,2029-12-13,call,regular,40,0.2,1247,400.0
2026-07-15,32000,2029-12-13,call,regular,113,0.2,1247,1285.0
2026-07-15,34250,2029-12-13,call,regular,6,0.2,1247,1570.0
2026-07-15,44000,2029-12-13,call,regular,100,0.2,1247,3310.0
2026-07-15,65000,2029-12-13,call,regular,50,0.1805,1247,10720.0
2026-07-15,70000,2029-12-13,call,regular,100,0.2828,1247,13545.0
2026-07-15,19000,2030-06-13,call,regular,2,0.2,1429,340.0
2026-07-15,23500,2030-12-12,call,regular,100,0.2,1611,880.0
2026-07-15,31750,2030-12-12,call,regular,74,0.2,1611,2100.0
2026-07-15,34000,2030-12-12,call,regular,24,0.2,1611,2455.0
2026-07-15,44000,2030-12-12,call,regular,80,0.2,1611,4495.0
2026-07-15,49500,2030-12-12,call,regular,100,0.2,1611,6005.0
2026-07-15,64000,2030-12-12,call,regular,3,0.1641,1611,11540.0
2026-07-15,31500,2031-12-11,call,regular,52,0.2,1975,2435.0
2026-07-15,68000,2031-12-11,call,regular,100,0.2222,1975,14230.0
2026-07-15,31250,2032-12-09,call,regular,40,0.2,2339,2730.0
2026-07-15,42750,2026-08-13,call,regular,27,0.2,29,24965.0
2026-07-15,49000,2026-08-13,call,regular,27,0.2,29,18765.0
2026-07-15,55000,2026-08-13,call,regular,1,0.2,29,12870.0
2026-07-15,56000,2026-08-13,call,regular,1,0.2,29,11910.0
2026-07-15,57000,2026-08-13,call,regular,4,0.2,29,10950.0
2026-07-15,58000,2026-08-13,call,regular,850,0.2,29,10005.0
2026-07-15,59500,2026-08-13,call,regular,20,0.2,29,8625.0
2026-07-15,59750,2026-08-13,call,regular,50,0.2,29,8400.0
2026-07-15,60000,2026-08-13,call,regular,227,0.2,29,8160.0
2026-07-15,60500,2026-08-13,call,regular,120,0.2,29,7720.0
2026-07-15,61000,2026-08-13,call,regular,402,0.2,29,7290.0
2026-07-15,61500,2026-08-13,call,regular,200,0.2,29,6845.0
2026-07-15,62000,2026-08-13,call,regular,104,0.1901,29,6405.0
2026-07-15,62500,2026-08-13,call,regular,15,0.2284,29,6015.0
2026-07-15,63000,2026-08-13,call,regular,2130,0.2404,29,5605.0
2026-07-15,63375,2026-08-13,call,regular,5,0.2457,29,5300.0
2026-07-15,63500,2026-08-13,call,regular,10,0.2507,29,5215.0
2026-07-15,63625,2026-08-13,call,regular,5,0.2541,29,5125.0
2026-07-15,63750,2026-08-13,call,regular,9,0.2549,29,5025.0
2026-07-15,63875,2026-08-13,call,regular,10,0.2544,29,4920.0
2026-07-15,64000,2026-08-13,call,regular,425,0.2538,29,4815.0
2026-07-15,64125,2026-08-13,call,regular,30,0.253,29,4710.0
2026-07-15,64250,2026-08-13,call,regular,20,0.2608,29,4650.0
2026-07-15,64375,2026-08-13,call,regular,20,0.2614,29,4555.0
2026-07-15,64500,2026-08-13,call,regular,11,0.2581,29,4440.0
2026-07-15,64625,2026-08-13,call,regular,15,0.262,29,4365.0
2026-07-15,64750,2026-08-13,call,regular,10,0.2638,29,4280.0
2026-07-15,64875,2026-08-13,call,regular,15,0.2636,29,4185.0
2026-07-15,65000,2026-08-13,call,regular,797,0.2615,29,4080.0
2026-07-15,65125,2026-08-13,call,regular,15,0.2644,29,4005.0
2026-07-15,65250,2026-08-13,call,regular,15,0.2669,29,3930.0
2026-07-15,65375,2026-08-13,call,regular,20,0.2676,29,3845.0
2026-07-15,65500,2026-08-13,call,regular,21,0.2634,29,3730.0
2026-07-15,65625,2026-08-13,call,regular,10,0.2684,29,3675.0
2026-07-15,65750,2026-08-13,call,regular,455,0.2686,29,3590.0
2026-07-15,65875,2026-08-13,call,regular,3120000,0.2693,29,3510.0
2026-07-15,66000,2026-08-13,call,regular,126,0.2617,29,3375.0
2026-07-15,66250,2026-08-13,call,regular,2,0.2689,29,3260.0
2026-07-15,66375,2026-08-13,call,regular,2,0.2704,29,3190.0
2026-07-15,66500,2026-08-13,call,regular,4,0.2667,29,3085.0
2026-07-15,66625,2026-08-13,call,regular,1,0.2699,29,3030.0
2026-07-15,66750,2026-08-13,call,regular,1,0.2694,29,2950.0
2026-07-15,66875,2026-08-13,call,regular,121,0.2709,29,2885.0
2026-07-15,67000,2026-08-13,call,regular,680,0.2633,29,2755.0
2026-07-15,67125,2026-08-13,call,regular,208,0.2664,29,2705.0
2026-07-15,67250,2026-08-13,call,regular,77,0.2707,29,2665.0
2026-07-15,67375,2026-08-13,call,regular,76,0.2715,29,2600.0
2026-07-15,67500,2026-08-13,call,regular,124,0.2688,29,2510.0
2026-07-15,67625,2026-08-13,call,regular,2,0.2725,29,2470.0
2026-07-15,67750,2026-08-13,call,regular,236,0.2701,29,2385.0
2026-07-15,68000,2026-08-13,call,regular,843,0.2708,29,2260.0
2026-07-15,68125,2026-08-13,call,regular,456,0.2654,29,2155.0
2026-07-15,68250,2026-08-13,call,regular,258,0.2722,29,2145.0
2026-07-15,68375,2026-08-13,call,regular,3960000,0.2685,29,2055.0
2026-07-15,68500,2026-08-13,call,regular,455,0.2697,29,2005.0
2026-07-15,68625,2026-08-13,call,regular,1,0.2722,29,1965.0
2026-07-15,68750,2026-08-13,call,regular,100,0.2699,29,1890.0
2026-07-15,68875,2026-08-13,call,regular,75,0.2701,29,1835.0
2026-07-15,69000,2026-08-13,call,regular,663,0.2701,29,1780.0
2026-07-15,69125,2026-08-13,call,regular,55,0.2752,29,1765.0
2026-07-15,69250,2026-08-13,call,regular,42,0.2709,29,1680.0
2026-07-15,69375,2026-08-13,call,regular,40,0.2666,29,1595.0
2026-07-15,69500,2026-08-13,call,regular,141,0.2699,29,1570.0
2026-07-15,69625,2026-08-13,call,regular,1,0.2665,29,1495.0
2026-07-15,69750,2026-08-13,call,regular,541,0.2729,29,1495.0
2026-07-15,69875,2026-08-13,call,regular,3555000,0.2705,29,1430.0
2026-07-15,70000,2026-08-13,call,regular,1683,0.272,29,1395.0
2026-07-15,70125,2026-08-13,call,regular,2410000,0.2665,29,1310.0
2026-07-15,70250,2026-08-13,call,regular,24,0.2684,29,1280.0
2026-07-15,70375,2026-08-13,call,regular,26,0.2702,29,1250.0
2026-07-15,70500,2026-08-13,call,regular,32,0.2704,29,1210.0
2026-07-15,70625,2026-08-13,call,regular,1,0.2705,29,1170.0
2026-07-15,70750,2026-08-13,call,regular,1,0.269,29,1120.0
2026-07-15,70875,2026-08-13,call,regular,5,0.2709,29,1095.0
2026-07-15,71000,2026-08-13,call,regular,542,0.2749,29,1085.0
2026-07-15,71125,2026-08-13,call,regular,1,0.2708,29,1020.0
2026-07-15,71250,2026-08-13,call,regular,77,0.2709,29,985.0
2026-07-15,71375,2026-08-13,call,regular,1,0.2708,29,950.0
2026-07-15,71500,2026-08-13,call,regular,317,0.2706,29,915.0
2026-07-15,71750,2026-08-13,call,regular,31,0.2705,29,850.0
2026-07-15,71875,2026-08-13,call,regular,3540000,0.2706,29,820.0
2026-07-15,72000,2026-08-13,call,regular,946,0.2738,29,810.0
2026-07-15,72125,2026-08-13,call,regular,15,0.2713,29,765.0
2026-07-15,72250,2026-08-13,call,regular,6,0.271,29,735.0
2026-07-15,72375,2026-08-13,call,regular,1220000,0.2714,29,710.0
2026-07-15,72500,2026-08-13,call,regular,793,0.2717,29,685.0
2026-07-15,72625,2026-08-13,call,regular,1130000,0.2718,29,660.0
2026-07-15,72750,2026-08-13,call,regular,3,0.2719,29,635.0
2026-07-15,72875,2026-08-13,call,regular,2,0.2726,29,615.0
2026-07-15,73000,2026-08-13,call,regular,1512,0.2715,29,585.0
2026-07-15,73125,2026-08-13,call,regular,11,0.272,29,565.0
2026-07-15,73250,2026-08-13,call,regular,20,0.2724,29,545.0
2026-07-15,73375,2026-08-13,call,regular,1,0.2726,29,525.0
2026-07-15,73500,2026-08-13,call,regular,752,0.2728,29,505.0
2026-07-15,73625,2026-08-13,call,regular,1,0.2718,29,480.0
2026-07-15,73750,2026-08-13,call,regular,25,0.2716,29,460.0
2026-07-15,73875,2026-08-13,call,regular,735000,0.2724,29,445.0
2026-07-15,74000,2026-08-13,call,regular,869,0.2752,29,440.0
2026-07-15,74125,2026-08-13,call,regular,34,0.2725,29,410.0
2026-07-15,74250,2026-08-13,call,regular,6,0.2718,29,390.0
2026-07-15,74375,2026-08-13,call,regular,20,0.2721,29,375.0
2026-07-15,74500,2026-08-13,call,regular,171,0.2722,29,360.0
2026-07-15,74625,2026-08-13,call,regular,24,0.271,29,340.0
2026-07-15,74750,2026-08-13,call,regular,5,0.2721,29,330.0
2026-07-15,74875,2026-08-13,call,regular,16,0.2719,29,315.0
2026-07-15,75000,2026-08-13,call,regular,2507,0.2741,29,310.0
2026-07-15,75125,2026-08-13,call,regular,16,0.2736,29,295.0
2026-07-15,75250,2026-08-13,call,regular,5,0.2738,29,283.0
2026-07-15,75375,2026-08-13,call,regular,19,0.2739,29,271.0
2026-07-15,75500,2026-08-13,call,regular,361,0.2741,29,260.0
2026-07-15,76000,2026-08-13,call,regular,540,0.2721,29,211.0
2026-07-15,76500,2026-08-13,call,regular,78,0.2721,29,175.0
2026-07-15,77000,2026-08-13,call,regular,695,0.2723,29,145.0
2026-07-15,77500,2026-08-13,call,regular,869,0.2735,29,122.0
2026-07-15,78000,2026-08-13,call,regular,819,0.2745,29,102.0
2026-07-15,78500,2026-08-13,call,regular,17,0.2755,29,85.0
2026-07-15,79000,2026-08-13,call,regular,144,0.2766,29,71.0
2026-07-15,79500,2026-08-13,call,regular,52,0.2784,29,60.0
2026-07-15,80000,2026-08-13,call,regular,1473,0.2795,29,50.0
2026-07-15,80500,2026-08-13,call,regular,57,0.2801,29,41.0
2026-07-15,81000,2026-08-13,call,regular,232,0.2835,29,36.0
2026-07-15,81500,2026-08-13,call,regular,13,0.2834,29,29.0
2026-07-15,82000,2026-08-13,call,regular,1074,0.2844,29,24.0
2026-07-15,82500,2026-08-13,call,regular,37,0.2858,29,20.0
2026-07-15,83000,2026-08-13,call,regular,351,0.2878,29,17.0
2026-07-15,83500,2026-08-13,call,regular,8,0.2911,29,15.0
2026-07-15,84000,2026-08-13,call,regular,113,0.291,29,12.0
2026-07-15,84500,2026-08-13,call,regular,12,0.2955,29,11.0
2026-07-15,85000,2026-08-13,call,regular,1145,0.2961,29,9.0
2026-07-15,85750,2026-08-13,call,regular,150,0.2941,29,6.0
2026-07-15,87500,2026-08-13,call,regular,187,0.2974,29,3.0
2026-07-15,88000,2026-08-13,call,regular,387,0.3035,29,3.0
2026-07-15,90000,2026-08-13,call,regular,580,0.3167,29,2.0
2026-07-15,92000,2026-08-13,call,regular,102,0.3216,29,1.0
2026-07-15,94000,2026-08-13,call,regular,92,0.3429,29,1.0
2026-07-15,95000,2026-08-13,call,regular,97,0.3533,29,1.0
2026-07-15,96000,2026-08-13,call,regular,31,0.3635,29,1.0
2026-07-15,98000,2026-08-13,call,regular,37,0.3837,29,1.0
2026-07-15,100000,2026-08-13,call,regular,119,0.4033,29,1.0
2026-07-15,30000,2026-09-10,call,regular,3750,0.2,57,37750.0
2026-07-15,37000,2026-09-10,call,regular,1,0.2,57,30805.0
2026-07-15,42000,2026-09-10,call,regular,101,0.2,57,25855.0
2026-07-15,42500,2026-09-10,call,regular,10,0.2,57,25360.0
2026-07-15,43000,2026-09-10,call,regular,100,0.2,57,24865.0
2026-07-15,43500,2026-09-10,call,regular,57,0.2,57,24380.0
2026-07-15,45000,2026-09-10,call,regular,41,0.2,57,22900.0
2026-07-15,48000,2026-09-10,call,regular,400,0.2,57,19970.0
2026-07-15,48500,2026-09-10,call,regular,240,0.2,57,19485.0
2026-07-15,49000,2026-09-10,call,regular,200,0.2,57,18995.0
2026-07-15,50000,2026-09-10,call,regular,4650,0.2,57,18030.0
2026-07-15,50500,2026-09-10,call,regular,50,0.2,57,17550.0
2026-07-15,51000,2026-09-10,call,regular,141,0.2,57,17070.0
2026-07-15,51250,2026-09-10,call,regular,210,0.2,57,16825.0
2026-07-15,52000,2026-09-10,call,regular,350,0.2,57,16110.0
2026-07-15,53000,2026-09-10,call,regular,1100,0.2,57,15160.0
2026-07-15,53500,2026-09-10,call,regular,400,0.2,57,14685.0
2026-07-15,53750,2026-09-10,call,regular,150,0.2,57,14450.0
2026-07-15,54000,2026-09-10,call,regular,1056,0.2,57,14215.0
2026-07-15,54250,2026-09-10,call,regular,50,0.2,57,13975.0
2026-07-15,54500,2026-09-10,call,regular,200,0.2,57,13745.0
2026-07-15,54750,2026-09-10,call,regular,90,0.2,57,13515.0
2026-07-15,55000,2026-09-10,call,regular,661,0.2,57,13280.0
2026-07-15,56000,2026-09-10,call,regular,1250,0.2,57,12355.0
2026-07-15,56500,2026-09-10,call,regular,79,0.2356,57,11905.0
2026-07-15,57000,2026-09-10,call,regular,850,0.2546,57,11450.0
2026-07-15,57500,2026-09-10,call,regular,384,0.2644,57,10995.0
2026-07-15,58000,2026-09-10,call,regular,1101,0.2729,57,10550.0
2026-07-15,59000,2026-09-10,call,regular,1096,0.2845,57,9680.0
2026-07-15,60000,2026-09-10,call,regular,786,0.2904,57,8830.0
2026-07-15,60500,2026-09-10,call,regular,700,0.2914,57,8410.0
2026-07-15,60750,2026-09-10,call,regular,120,0.2921,57,8205.0
2026-07-15,61000,2026-09-10,call,regular,220,0.2924,57,8000.0
2026-07-15,61250,2026-09-10,call,regular,21,0.2931,57,7800.0
2026-07-15,61500,2026-09-10,call,regular,1,0.2935,57,7600.0
2026-07-15,62000,2026-09-10,call,regular,1300,0.293,57,7200.0
2026-07-15,62500,2026-09-10,call,regular,500,0.2939,57,6820.0
2026-07-15,63000,2026-09-10,call,regular,956,0.2915,57,6425.0
2026-07-15,63250,2026-09-10,call,regular,1,0.2926,57,6250.0
2026-07-15,64000,2026-09-10,call,regular,1210,0.2909,57,5700.0
2026-07-15,64250,2026-09-10,call,regular,100,0.2923,57,5540.0
2026-07-15,65000,2026-09-10,call,regular,3885,0.2902,57,5020.0
2026-07-15,65500,2026-09-10,call,regular,150,0.29,57,4700.0
2026-07-15,66000,2026-09-10,call,regular,1390,0.2861,57,4355.0
2026-07-15,66250,2026-09-10,call,regular,28,0.2874,57,4220.0
2026-07-15,67000,2026-09-10,call,regular,633,0.2856,57,3775.0
2026-07-15,67500,2026-09-10,call,regular,1495,0.2835,57,3485.0
2026-07-15,67750,2026-09-10,call,regular,180,0.2834,57,3355.0
2026-07-15,68000,2026-09-10,call,regular,758,0.2853,57,3250.0
2026-07-15,68500,2026-09-10,call,regular,101,0.2836,57,2990.0
2026-07-15,68750,2026-09-10,call,regular,18,0.2837,57,2875.0
2026-07-15,69000,2026-09-10,call,regular,845,0.2835,57,2760.0
2026-07-15,69125,2026-09-10,call,regular,2355000,0.2835,57,2705.0
2026-07-15,69250,2026-09-10,call,regular,4,0.2825,57,2640.0
2026-07-15,69500,2026-09-10,call,regular,22,0.2831,57,2540.0
2026-07-15,69625,2026-09-10,call,regular,3,0.2824,57,2480.0
2026-07-15,69750,2026-09-10,call,regular,478,0.282,57,2425.0
2026-07-15,70000,2026-09-10,call,regular,1811,0.2825,57,2330.0
2026-07-15,70125,2026-09-10,call,regular,1,0.2815,57,2270.0
2026-07-15,70250,2026-09-10,call,regular,3,0.2813,57,2220.0
2026-07-15,70500,2026-09-10,call,regular,25,0.2817,57,2130.0
2026-07-15,70750,2026-09-10,call,regular,3,0.2808,57,2030.0
2026-07-15,71000,2026-09-10,call,regular,1268,0.2806,57,1940.0
2026-07-15,71125,2026-09-10,call,regular,15,0.2799,57,1890.0
2026-07-15,71250,2026-09-10,call,regular,2,0.2801,57,1850.0
2026-07-15,71500,2026-09-10,call,regular,1203,0.2803,57,1770.0
2026-07-15,71625,2026-09-10,call,regular,2,0.2798,57,1725.0
2026-07-15,71750,2026-09-10,call,regular,2910000,0.2787,57,1675.0
2026-07-15,72000,2026-09-10,call,regular,1478,0.2794,57,1605.0
2026-07-15,72125,2026-09-10,call,regular,1310000,0.2791,57,1565.0
2026-07-15,72250,2026-09-10,call,regular,2710000,0.2797,57,1535.0
2026-07-15,72375,2026-09-10,call,regular,1300000,0.2788,57,1490.0
2026-07-15,72500,2026-09-10,call,regular,604,0.2783,57,1450.0
2026-07-15,72750,2026-09-10,call,regular,1,0.2786,57,1385.0
2026-07-15,73000,2026-09-10,call,regular,1392,0.2782,57,1315.0
2026-07-15,73250,2026-09-10,call,regular,3370000,0.2774,57,1245.0
2026-07-15,73500,2026-09-10,call,regular,475,0.278,57,1190.0
2026-07-15,73625,2026-09-10,call,regular,2,0.2791,57,1170.0
2026-07-15,73750,2026-09-10,call,regular,1950000,0.2784,57,1135.0
2026-07-15,74000,2026-09-10,call,regular,1550,0.2785,57,1080.0
2026-07-15,74500,2026-09-10,call,regular,101,0.2791,57,980.0
2026-07-15,74750,2026-09-10,call,regular,815000,0.2784,57,925.0
2026-07-15,75000,2026-09-10,call,regular,2317,0.2781,57,875.0
2026-07-15,75500,2026-09-10,call,regular,101,0.2785,57,790.0
2026-07-15,76000,2026-09-10,call,regular,285,0.2786,57,710.0
2026-07-15,76500,2026-09-10,call,regular,22,0.2777,57,630.0
2026-07-15,77000,2026-09-10,call,regular,740,0.2788,57,570.0
2026-07-15,77500,2026-09-10,call,regular,961,0.279,57,510.0
2026-07-15,78000,2026-09-10,call,regular,1451,0.279,57,455.0
2026-07-15,78500,2026-09-10,call,regular,8,0.2781,57,400.0
2026-07-15,79000,2026-09-10,call,regular,5,0.2791,57,360.0
2026-07-15,79500,2026-09-10,call,regular,200,0.2793,57,320.0
2026-07-15,80000,2026-09-10,call,regular,895,0.2785,57,280.0
2026-07-15,80500,2026-09-10,call,regular,3,0.2789,57,249.0
2026-07-15,81000,2026-09-10,call,regular,177,0.2787,57,219.0
2026-07-15,81500,2026-09-10,call,regular,2,0.2794,57,195.0
2026-07-15,82000,2026-09-10,call,regular,26,0.2799,57,173.0
2026-07-15,82500,2026-09-10,call,regular,1,0.2799,57,152.0
2026-07-15,83000,2026-09-10,call,regular,807,0.2806,57,135.0
2026-07-15,83500,2026-09-10,call,regular,1,0.2809,57,119.0
2026-07-15,84000,2026-09-10,call,regular,753,0.2822,57,107.0
2026-07-15,84500,2026-09-10,call,regular,4,0.2809,57,91.0
2026-07-15,85000,2026-09-10,call,regular,919,0.2835,57,84.0
2026-07-15,87500,2026-09-10,call,regular,5,0.2906,57,50.0
2026-07-15,90000,2026-09-10,call,regular,72,0.2893,57,24.0
2026-07-15,92000,2026-09-10,call,regular,2,0.299,57,18.0
2026-07-15,94000,2026-09-10,call,regular,1,0.3014,57,11.0
2026-07-15,95000,2026-09-10,call,regular,3,0.3072,57,10.0
2026-07-15,98000,2026-09-10,call,regular,6,0.3116,57,5.0
2026-07-15,100000,2026-09-10,call,regular,26,0.3208,57,4.0
2026-07-15,47500,2026-10-08,call,regular,34,0.2,85,20270.0
2026-07-15,53000,2026-10-08,call,regular,34,0.2,85,15150.0
2026-07-15,55000,2026-10-08,call,regular,4,0.2,85,13340.0
2026-07-15,57000,2026-10-08,call,regular,2,0.2439,85,11560.0
2026-07-15,60500,2026-10-08,call,regular,100,0.2738,85,8680.0
2026-07-15,61000,2026-10-08,call,regular,200,0.2741,85,8285.0
2026-07-15,62000,2026-10-08,call,regular,28,0.2755,85,7530.0
2026-07-15,63000,2026-10-08,call,regular,4,0.2758,85,6805.0
2026-07-15,64000,2026-10-08,call,regular,31,0.2769,85,6130.0
2026-07-15,65000,2026-10-08,call,regular,1,0.2764,85,5480.0
2026-07-15,67500,2026-10-08,call,regular,1,0.2735,85,4025.0
2026-07-15,68000,2026-10-08,call,regular,80,0.2713,85,3745.0
2026-07-15,69500,2026-10-08,call,regular,1,0.2702,85,3045.0
2026-07-15,70000,2026-10-08,call,regular,560,0.2695,85,2830.0
2026-07-15,70750,2026-10-08,call,regular,1,0.2699,85,2545.0
2026-07-15,72000,2026-10-08,call,regular,80,0.269,85,2100.0
2026-07-15,73000,2026-10-08,call,regular,2,0.2683,85,1790.0
2026-07-15,74500,2026-10-08,call,regular,127,0.2681,85,1400.0
2026-07-15,75000,2026-10-08,call,regular,1935,0.2683,85,1290.0
2026-07-15,76000,2026-10-08,call,regular,300,0.2681,85,1085.0
2026-07-15,77000,2026-10-08,call,regular,992,0.2676,85,905.0
2026-07-15,77500,2026-10-08,call,regular,1,0.272,85,865.0
2026-07-15,78000,2026-10-08,call,regular,2,0.2695,85,770.0
2026-07-15,79000,2026-10-08,call,regular,2,0.2695,85,640.0
2026-07-15,80000,2026-10-08,call,regular,457,0.2688,85,525.0
2026-07-15,81000,2026-10-08,call,regular,400,0.2749,85,470.0
2026-07-15,83000,2026-10-08,call,regular,4,0.2781,85,335.0
2026-07-15,83500,2026-10-08,call,regular,5,0.2794,85,310.0
2026-07-15,85000,2026-10-08,call,regular,100,0.2811,85,237.0
2026-07-15,87500,2026-10-08,call,regular,1,0.2857,85,156.0
2026-07-15,90000,2026-10-08,call,regular,7,0.2757,85,74.0
2026-07-15,95000,2026-10-08,call,regular,5,0.2981,85,44.0
2026-07-15,100000,2026-10-08,call,regular,1,0.3072,85,20.0
2026-07-15,50250,2026-11-12,call,regular,35,0.2,120,18000.0
2026-07-15,56000,2026-11-12,call,regular,34,0.2861,120,12920.0
2026-07-15,57500,2026-11-12,call,regular,100,0.288,120,11655.0
2026-07-15,60500,2026-11-12,call,regular,100,0.2894,120,9300.0
2026-07-15,61000,2026-11-12,call,regular,200,0.2896,120,8935.0
2026-07-15,65000,2026-11-12,call,regular,10,0.2854,120,6240.0
2026-07-15,66000,2026-11-12,call,regular,200,0.2835,120,5640.0
2026-07-15,70000,2026-11-12,call,regular,103,0.2752,120,3585.0
2026-07-15,71000,2026-11-12,call,regular,4,0.275,120,3190.0
2026-07-15,72500,2026-11-12,call,regular,1,0.273,120,2635.0
2026-07-15,74000,2026-11-12,call,regular,100,0.2747,120,2205.0
2026-07-15,75000,2026-11-12,call,regular,102,0.273,120,1915.0
2026-07-15,95000,2026-11-12,call,regular,1,0.291,120,123.0
2026-07-15,100000,2026-11-12,call,regular,1,0.2979,120,64.0
2026-07-15,12500,2026-12-10,call,regular,84,0.2,148,54835.0
2026-07-15,20000,2026-12-10,call,regular,150,0.2,148,47395.0
2026-07-15,22000,2026-12-10,call,regular,100,0.2,148,45415.0
2026-07-15,25000,2026-12-10,call,regular,300,0.2,148,42455.0
2026-07-15,26000,2026-12-10,call,regular,350,0.2,148,41470.0
2026-07-15,27000,2026-12-10,call,regular,250,0.2,148,40480.0
2026-07-15,28000,2026-12-10,call,regular,75,0.2,148,39495.0
2026-07-15,28500,2026-12-10,call,regular,125,0.2,148,39005.0
2026-07-15,29000,2026-12-10,call,regular,150,0.2,148,38515.0
2026-07-15,30000,2026-12-10,call,regular,100,0.2,148,37530.0
2026-07-15,30500,2026-12-10,call,regular,50,0.2,148,37035.0
2026-07-15,31000,2026-12-10,call,regular,241,0.2,148,36545.0
2026-07-15,31500,2026-12-10,call,regular,50,0.2,148,36055.0
2026-07-15,32000,2026-12-10,call,regular,700,0.2,148,35565.0
2026-07-15,32500,2026-12-10,call,regular,250,0.2,148,35075.0
2026-07-15,33000,2026-12-10,call,regular,1950,0.2,148,34585.0
2026-07-15,34000,2026-12-10,call,regular,280,0.2,148,33610.0
2026-07-15,34500,2026-12-10,call,regular,400,0.2,148,33125.0
2026-07-15,35000,2026-12-10,call,regular,435,0.2,148,32655.0
2026-07-15,36000,2026-12-10,call,regular,975,0.2,148,31685.0
2026-07-15,36500,2026-12-10,call,regular,252,0.2,148,31205.0
2026-07-15,37000,2026-12-10,call,regular,450,0.2,148,30720.0
2026-07-15,37500,2026-12-10,call,regular,88,0.2,148,30220.0
2026-07-15,37750,2026-12-10,call,regular,100,0.2,148,29970.0
2026-07-15,38000,2026-12-10,call,regular,1225,0.2,148,29725.0
2026-07-15,38500,2026-12-10,call,regular,700,0.2,148,29235.0
2026-07-15,38750,2026-12-10,call,regular,50,0.2,148,28990.0
2026-07-15,39000,2026-12-10,call,regular,750,0.2,148,28750.0
2026-07-15,39500,2026-12-10,call,regular,500,0.2,148,28265.0
2026-07-15,40000,2026-12-10,call,regular,1200,0.2,148,27785.0
2026-07-15,40500,2026-12-10,call,regular,400,0.2,148,27310.0
2026-07-15,41000,2026-12-10,call,regular,1300,0.2,148,26825.0
2026-07-15,41500,2026-12-10,call,regular,100,0.2,148,26350.0
2026-07-15,42000,2026-12-10,call,regular,1071,0.2,148,25870.0
2026-07-15,42500,2026-12-10,call,regular,250,0.2,148,25390.0
2026-07-15,43000,2026-12-10,call,regular,1400,0.2,148,24910.0
2026-07-15,43750,2026-12-10,call,regular,100,0.2,148,24195.0
2026-07-15,44000,2026-12-10,call,regular,600,0.2,148,23960.0
2026-07-15,45000,2026-12-10,call,regular,1842,0.2,148,23020.0
2026-07-15,45250,2026-12-10,call,regular,413,0.2,148,22775.0
2026-07-15,45500,2026-12-10,call,regular,200,0.2,148,22545.0
2026-07-15,46000,2026-12-10,call,regular,2300,0.2,148,22080.0
2026-07-15,46250,2026-12-10,call,regular,315,0.2,148,21845.0
2026-07-15,47000,2026-12-10,call,regular,350,0.2,148,21155.0
2026-07-15,47500,2026-12-10,call,regular,200,0.2,148,20680.0
2026-07-15,48000,2026-12-10,call,regular,750,0.2,148,20265.0
2026-07-15,49000,2026-12-10,call,regular,1000,0.2,148,19335.0
2026-07-15,49500,2026-12-10,call,regular,260,0.1661,148,18875.0
2026-07-15,50000,2026-12-10,call,regular,3342,0.2313,148,18425.0
2026-07-15,50250,2026-12-10,call,regular,58,0.242,148,18200.0
2026-07-15,50500,2026-12-10,call,regular,600,0.2498,148,17975.0
2026-07-15,50750,2026-12-10,call,regular,45,0.2558,148,17750.0
2026-07-15,51000,2026-12-10,call,regular,731,0.2637,148,17535.0
2026-07-15,52000,2026-12-10,call,regular,802,0.2767,148,16645.0
2026-07-15,52250,2026-12-10,call,regular,250,0.2791,148,16425.0
2026-07-15,52500,2026-12-10,call,regular,50,0.2897,148,16250.0
2026-07-15,53000,2026-12-10,call,regular,1135,0.285,148,15770.0
2026-07-15,53500,2026-12-10,call,regular,106,0.2882,148,15340.0
2026-07-15,54000,2026-12-10,call,regular,1941,0.2903,148,14910.0
2026-07-15,54500,2026-12-10,call,regular,540,0.2928,148,14490.0
2026-07-15,55000,2026-12-10,call,regular,1829,0.2937,148,14065.0
2026-07-15,55500,2026-12-10,call,regular,300,0.295,148,13650.0
2026-07-15,56000,2026-12-10,call,regular,791,0.2978,148,13255.0
2026-07-15,56500,2026-12-10,call,regular,283,0.2964,148,12830.0
2026-07-15,57000,2026-12-10,call,regular,500,0.2956,148,12415.0
2026-07-15,57250,2026-12-10,call,regular,113,0.2962,148,12220.0
2026-07-15,57500,2026-12-10,call,regular,90,0.2962,148,12020.0
2026-07-15,58000,2026-12-10,call,regular,2603,0.2952,148,11615.0
2026-07-15,58500,2026-12-10,call,regular,350,0.2959,148,11235.0
2026-07-15,59000,2026-12-10,call,regular,1900,0.2951,148,10845.0
2026-07-15,59500,2026-12-10,call,regular,100,0.2946,148,10465.0
2026-07-15,60000,2026-12-10,call,regular,7846,0.2955,148,10110.0
2026-07-15,60500,2026-12-10,call,regular,2,0.294,148,9730.0
2026-07-15,61000,2026-12-10,call,regular,813,0.2923,148,9355.0
2026-07-15,62000,2026-12-10,call,regular,1350,0.2918,148,8665.0
2026-07-15,62500,2026-12-10,call,regular,385,0.2918,148,8335.0
2026-07-15,63000,2026-12-10,call,regular,1590,0.2909,148,8000.0
2026-07-15,63750,2026-12-10,call,regular,25,0.2879,148,7485.0
2026-07-15,64000,2026-12-10,call,regular,1855,0.2897,148,7360.0
2026-07-15,65000,2026-12-10,call,regular,3226,0.2853,148,6700.0
2026-07-15,65500,2026-12-10,call,regular,584,0.2845,148,6405.0
2026-07-15,66000,2026-12-10,call,regular,620,0.2836,148,6115.0
2026-07-15,67000,2026-12-10,call,regular,677,0.2822,148,5565.0
2026-07-15,67250,2026-12-10,call,regular,25,0.2817,148,5430.0
2026-07-15,67500,2026-12-10,call,regular,25,0.2813,148,5300.0
2026-07-15,68000,2026-12-10,call,regular,2912,0.2774,148,4990.0
2026-07-15,69000,2026-12-10,call,regular,971,0.276,148,4505.0
2026-07-15,69250,2026-12-10,call,regular,50,0.2757,148,4390.0
2026-07-15,69750,2026-12-10,call,regular,158,0.2754,148,4170.0
2026-07-15,70000,2026-12-10,call,regular,3014,0.2751,148,4060.0
2026-07-15,71000,2026-12-10,call,regular,30,0.274,148,3645.0
2026-07-15,72000,2026-12-10,call,regular,406,0.2731,148,3265.0
2026-07-15,72500,2026-12-10,call,regular,2293,0.2723,148,3080.0
2026-07-15,73000,2026-12-10,call,regular,26,0.2726,148,2920.0
2026-07-15,73500,2026-12-10,call,regular,400,0.2718,148,2750.0
2026-07-15,74000,2026-12-10,call,regular,631,0.274,148,2635.0
2026-07-15,75000,2026-12-10,call,regular,2832,0.2734,148,2345.0
2026-07-15,76000,2026-12-10,call,regular,100,0.2732,148,2085.0
2026-07-15,77000,2026-12-10,call,regular,159,0.2726,148,1845.0
2026-07-15,77500,2026-12-10,call,regular,1301,0.2728,148,1740.0
2026-07-15,78000,2026-12-10,call,regular,3,0.2726,148,1635.0
2026-07-15,79000,2026-12-10,call,regular,4,0.2725,148,1445.0
2026-07-15,80000,2026-12-10,call,regular,6822,0.2709,148,1255.0
2026-07-15,81000,2026-12-10,call,regular,120,0.2727,148,1125.0
2026-07-15,82500,2026-12-10,call,regular,1,0.274,148,940.0
2026-07-15,84000,2026-12-10,call,regular,401,0.2759,148,790.0
2026-07-15,85000,2026-12-10,call,regular,426,0.2762,148,695.0
2026-07-15,87500,2026-12-10,call,regular,1677,0.2775,148,505.0
2026-07-15,90000,2026-12-10,call,regular,2527,0.2805,148,375.0
2026-07-15,95000,2026-12-10,call,regular,1114,0.2852,148,203.0
2026-07-15,100000,2026-12-10,call,regular,601,0.2907,148,112.0
2026-07-15,54250,2027-01-07,call,regular,27,0.3058,176,15030.0
2026-07-15,61000,2027-01-07,call,regular,26,0.2971,176,9795.0
2026-07-15,71500,2027-01-07,call,regular,125,0.2745,176,3895.0
2026-07-15,72000,2027-01-07,call,regular,2,0.274,176,3705.0
2026-07-15,74000,2027-01-07,call,regular,2,0.2727,176,3020.0
2026-07-15,80000,2027-01-07,call,regular,1,0.2733,176,1605.0
2026-07-15,56000,2027-02-10,call,regular,8,0.3079,210,13950.0
2026-07-15,56750,2027-02-10,call,regular,60,0.3065,210,13360.0
2026-07-15,64000,2027-02-10,call,regular,60,0.2932,210,8310.0
2026-07-15,66000,2027-02-10,call,regular,8,0.2896,210,7145.0
2026-07-15,52000,2027-03-11,call,regular,560,0.3168,239,17495.0
2026-07-15,52750,2027-03-11,call,regular,8,0.315,239,16860.0
2026-07-15,53000,2027-03-11,call,regular,275,0.3152,239,16660.0
2026-07-15,53500,2027-03-11,call,regular,200,0.3137,239,16240.0
2026-07-15,53750,2027-03-11,call,regular,44,0.3136,239,16040.0
2026-07-15,54000,2027-03-11,call,regular,267,0.3139,239,15845.0
2026-07-15,55000,2027-03-11,call,regular,550,0.3122,239,15045.0
2026-07-15,56000,2027-03-11,call,regular,50,0.3103,239,14260.0
2026-07-15,57000,2027-03-11,call,regular,365,0.3082,239,13490.0
2026-07-15,58000,2027-03-11,call,regular,150,0.3057,239,12735.0
2026-07-15,59500,2027-03-11,call,regular,200,0.3021,239,11640.0
2026-07-15,60000,2027-03-11,call,regular,12,0.3014,239,11295.0
2026-07-15,60250,2027-03-11,call,regular,44,0.3006,239,11115.0
2026-07-15,61000,2027-03-11,call,regular,160,0.2992,239,10605.0
2026-07-15,62500,2027-03-11,call,regular,8,0.2954,239,9605.0
2026-07-15,63000,2027-03-11,call,regular,292,0.295,239,9300.0
2026-07-15,64250,2027-03-11,call,regular,100,0.2917,239,8515.0
2026-07-15,65000,2027-03-11,call,regular,301,0.291,239,8090.0
2026-07-15,66500,2027-03-11,call,regular,6,0.2875,239,7235.0
2026-07-15,67000,2027-03-11,call,regular,200,0.2855,239,6945.0
2026-07-15,69000,2027-03-11,call,regular,250,0.2815,239,5930.0
2026-07-15,70000,2027-03-11,call,regular,234,0.28,239,5470.0
2026-07-15,70500,2027-03-11,call,regular,150,0.2791,239,5245.0
2026-07-15,72000,2027-03-11,call,regular,100,0.2773,239,4630.0
2026-07-15,72500,2027-03-11,call,regular,35,0.2767,239,4435.0
2026-07-15,73500,2027-03-11,call,regular,1,0.2754,239,4065.0
2026-07-15,74000,2027-03-11,call,regular,3,0.2749,239,3890.0
2026-07-15,75000,2027-03-11,call,regular,150,0.2742,239,3565.0
2026-07-15,77500,2027-03-11,call,regular,60,0.2739,239,2875.0
2026-07-15,80000,2027-03-11,call,regular,200,0.275,239,2325.0
2026-07-15,82500,2027-03-11,call,regular,36,0.2756,239,1865.0
2026-07-15,90000,2027-03-11,call,regular,56,0.275,239,910.0
2026-07-15,100000,2027-03-11,call,regular,78,0.2806,239,365.0
2026-07-15,57000,2027-04-08,call,regular,25,0.2858,267,13400.0
2026-07-15,57750,2027-04-08,call,regular,88,0.2854,267,12850.0
2026-07-15,65000,2027-04-08,call,regular,88,0.2772,267,8135.0
2026-07-15,67000,2027-04-08,call,regular,25,0.2775,267,7115.0
2026-07-15,60250,2027-05-13,call,regular,8,0.284,302,11460.0
2026-07-15,61250,2027-05-13,call,regular,23,0.2826,302,10800.0
2026-07-15,71000,2027-05-13,call,regular,23,0.2769,302,5760.0
2026-07-15,72000,2027-05-13,call,regular,8,0.2765,302,5370.0
2026-07-15,16250,2027-06-10,call,regular,114,0.2,330,50885.0
2026-07-15,30000,2027-06-10,call,regular,300,0.2,330,37555.0
2026-07-15,33000,2027-06-10,call,regular,50,0.2,330,34690.0
2026-07-15,36000,2027-06-10,call,regular,150,0.2,330,31880.0
2026-07-15,37000,2027-06-10,call,regular,50,0.2,330,30950.0
2026-07-15,37250,2027-06-10,call,regular,480,0.2,330,30715.0
2026-07-15,38500,2027-06-10,call,regular,140,0.2,330,29560.0
2026-07-15,39000,2027-06-10,call,regular,50,0.2,330,29105.0
2026-07-15,44500,2027-06-10,call,regular,300,0.2667,330,24150.0
2026-07-15,50000,2027-06-10,call,regular,300,0.2931,330,19455.0
2026-07-15,50500,2027-06-10,call,regular,175,0.2933,330,19040.0
2026-07-15,53000,2027-06-10,call,regular,100,0.294,330,17040.0
2026-07-15,54000,2027-06-10,call,regular,1050,0.2934,330,16260.0
2026-07-15,55000,2027-06-10,call,regular,300,0.2895,330,15445.0
2026-07-15,56000,2027-06-10,call,regular,175,0.2871,330,14670.0
2026-07-15,57000,2027-06-10,call,regular,50,0.2865,330,13945.0
2026-07-15,58500,2027-06-10,call,regular,58,0.2849,330,12885.0
2026-07-15,60000,2027-06-10,call,regular,850,0.2833,330,11870.0
2026-07-15,62500,2027-06-10,call,regular,150,0.2803,330,10280.0
2026-07-15,63000,2027-06-10,call,regular,100,0.2798,330,9980.0
2026-07-15,64000,2027-06-10,call,regular,200,0.2784,330,9390.0
2026-07-15,65000,2027-06-10,call,regular,124,0.2774,330,8830.0
2026-07-15,65500,2027-06-10,call,regular,62,0.2768,330,8555.0
2026-07-15,67000,2027-06-10,call,regular,370,0.275,330,7765.0
2026-07-15,68000,2027-06-10,call,regular,300,0.2737,330,7265.0
2026-07-15,68250,2027-06-10,call,regular,15,0.2735,330,7145.0
2026-07-15,69250,2027-06-10,call,regular,36,0.2723,330,6675.0
2026-07-15,70000,2027-06-10,call,regular,550,0.2716,330,6340.0
2026-07-15,71000,2027-06-10,call,regular,100,0.2706,330,5910.0
2026-07-15,75000,2027-06-10,call,regular,500,0.2673,330,4420.0
2026-07-15,77500,2027-06-10,call,regular,36,0.2677,330,3705.0
2026-07-15,80000,2027-06-10,call,regular,15,0.2681,330,3095.0
2026-07-15,85000,2027-06-10,call,regular,550,0.2666,330,2090.0
2026-07-15,90000,2027-06-10,call,regular,100,0.2671,330,1415.0
2026-07-15,65000,2027-09-09,call,regular,1,0.2847,421,9925.0
2026-07-15,28000,2027-12-09,call,regular,50,0.2,512,39525.0
2026-07-15,30000,2027-12-09,call,regular,225,0.2,512,37660.0
2026-07-15,31500,2027-12-09,call,regular,50,0.2,512,36280.0
2026-07-15,32000,2027-12-09,call,regular,100,0.2,512,35820.0
2026-07-15,33000,2027-12-09,call,regular,100,0.2,512,34905.0
2026-07-15,34000,2027-12-09,call,regular,375,0.2,512,33995.0
2026-07-15,35000,2027-12-09,call,regular,201,0.2,512,33090.0
2026-07-15,36000,2027-12-09,call,regular,80,0.2,512,32185.0
2026-07-15,36750,2027-12-09,call,regular,442,0.2,512,31515.0
2026-07-15,37000,2027-12-09,call,regular,200,0.2,512,31295.0
2026-07-15,38000,2027-12-09,call,regular,575,0.2,512,30405.0
2026-07-15,39000,2027-12-09,call,regular,125,0.236,512,29525.0
2026-07-15,39250,2027-12-09,call,regular,50,0.2435,512,29310.0
2026-07-15,39500,2027-12-09,call,regular,50,0.2484,512,29090.0
2026-07-15,40000,2027-12-09,call,regular,350,0.257,512,28655.0
2026-07-15,40500,2027-12-09,call,regular,450,0.2634,512,28220.0
2026-07-15,41000,2027-12-09,call,regular,375,0.2689,512,27790.0
2026-07-15,42000,2027-12-09,call,regular,200,0.2764,512,26930.0
2026-07-15,43000,2027-12-09,call,regular,400,0.2818,512,26080.0
2026-07-15,43500,2027-12-09,call,regular,150,0.2835,512,25655.0
2026-07-15,45000,2027-12-09,call,regular,1950,0.2881,512,24405.0
2026-07-15,46000,2027-12-09,call,regular,500,0.2897,512,23580.0
2026-07-15,48000,2027-12-09,call,regular,225,0.2914,512,21965.0
2026-07-15,49000,2027-12-09,call,regular,700,0.2917,512,21175.0
2026-07-15,50000,2027-12-09,call,regular,1950,0.2915,512,20395.0
2026-07-15,51000,2027-12-09,call,regular,300,0.2907,512,19620.0
2026-07-15,52500,2027-12-09,call,regular,100,0.2898,512,18495.0
2026-07-15,54000,2027-12-09,call,regular,300,0.2886,512,17400.0
2026-07-15,54500,2027-12-09,call,regular,100,0.288,512,17040.0
2026-07-15,55000,2027-12-09,call,regular,704,0.2877,512,16690.0
2026-07-15,57000,2027-12-09,call,regular,250,0.2856,512,15315.0
2026-07-15,58000,2027-12-09,call,regular,500,0.2844,512,14650.0
2026-07-15,60000,2027-12-09,call,regular,1025,0.282,512,13370.0
2026-07-15,61000,2027-12-09,call,regular,200,0.2809,512,12760.0
2026-07-15,63000,2027-12-09,call,regular,100,0.279,512,11600.0
2026-07-15,63500,2027-12-09,call,regular,50,0.2784,512,11320.0
2026-07-15,64000,2027-12-09,call,regular,780,0.2779,512,11045.0
2026-07-15,65000,2027-12-09,call,regular,100,0.2771,512,10515.0
2026-07-15,66000,2027-12-09,call,regular,300,0.2759,512,9990.0
2026-07-15,67000,2027-12-09,call,regular,100,0.2753,512,9500.0
2026-07-15,68000,2027-12-09,call,regular,200,0.2745,512,9025.0
2026-07-15,69000,2027-12-09,call,regular,850,0.2739,512,8570.0
2026-07-15,70000,2027-12-09,call,regular,500,0.2733,512,8135.0
2026-07-15,72500,2027-12-09,call,regular,100,0.2725,512,7140.0
2026-07-15,75000,2027-12-09,call,regular,175,0.2722,512,6265.0
2026-07-15,80000,2027-12-09,call,regular,600,0.2635,512,4535.0
2026-07-15,87500,2027-12-09,call,regular,100,0.2616,512,2895.0
2026-07-15,41500,2028-06-08,call,regular,100,0.2507,694,27530.0
2026-07-15,28000,2028-12-07,call,regular,50,0.2,876,39505.0
2026-07-15,30000,2028-12-07,call,regular,80,0.2,876,37720.0
2026-07-15,31000,2028-12-07,call,regular,200,0.2,876,36840.0
2026-07-15,32000,2028-12-07,call,regular,75,0.2,876,35960.0
2026-07-15,33000,2028-12-07,call,regular,125,0.2,876,35090.0
2026-07-15,34500,2028-12-07,call,regular,330,0.2,876,33795.0
2026-07-15,34750,2028-12-07,call,regular,100,0.2,876,33580.0
2026-07-15,35500,2028-12-07,call,regular,443,0.1328,876,32940.0
2026-07-15,36000,2028-12-07,call,regular,450,0.1908,876,32515.0
2026-07-15,36500,2028-12-07,call,regular,52,0.2084,876,32095.0
2026-07-15,38000,2028-12-07,call,regular,120,0.2331,876,30835.0
2026-07-15,39000,2028-12-07,call,regular,575,0.2433,876,30015.0
2026-07-15,40000,2028-12-07,call,regular,30,0.2502,876,29200.0
2026-07-15,41000,2028-12-07,call,regular,375,0.255,876,28390.0
2026-07-15,42000,2028-12-07,call,regular,65,0.259,876,27595.0
2026-07-15,42500,2028-12-07,call,regular,100,0.2603,876,27195.0
2026-07-15,50000,2028-12-07,call,regular,400,0.2689,876,21590.0
2026-07-15,53000,2028-12-07,call,regular,50,0.2686,876,19535.0
2026-07-15,55000,2028-12-07,call,regular,50,0.2679,876,18230.0
2026-07-15,56000,2028-12-07,call,regular,650,0.2674,876,17600.0
2026-07-15,60000,2028-12-07,call,regular,250,0.2655,876,15225.0
2026-07-15,67500,2028-12-07,call,regular,100,0.2636,876,11490.0
2026-07-15,75000,2028-12-07,call,regular,80,0.2633,876,8615.0
2026-07-15,80000,2028-12-07,call,regular,200,0.2628,876,7065.0
2026-07-15,50000,2029-12-13,call,regular,100,0.2633,1247,22870.0
2026-07-15,60000,2029-12-13,call,regular,375,0.2593,1247,16875.0
2026-07-15,65000,2029-12-13,call,regular,50,0.2583,1247,14425.0
2026-07-15,57000,2030-12-12,call,regular,300,0.2725,1611,20610.0
2026-07-15,64000,2030-12-12,call,regular,3,0.2665,1611,16990.0
2026-07-15,61000,2026-07-17,put,mini,2081,0.6468,2,9.0
2026-07-15,61125,2026-07-17,put,mini,21,0.6528,2,11.0
2026-07-15,61250,2026-07-17,put,mini,47,0.6423,2,11.0
2026-07-15,61375,2026-07-17,put,mini,3,0.639,2,12.0
2026-07-15,61500,2026-07-17,put,mini,124,0.6284,2,12.0
2026-07-15,61625,2026-07-17,put,mini,19,0.6367,2,15.0
2026-07-15,61750,2026-07-17,put,mini,140,0.6258,2,15.0
2026-07-15,61875,2026-07-17,put,mini,18,0.6206,2,16.0
2026-07-15,62000,2026-07-17,put,mini,1104,0.6042,2,15.0
2026-07-15,62125,2026-07-17,put,mini,8,0.6185,2,20.0
2026-07-15,62250,2026-07-17,put,mini,19,0.6117,2,21.0
2026-07-15,62375,2026-07-17,put,mini,7,0.6089,2,23.0
2026-07-15,62500,2026-07-17,put,mini,153,0.5892,2,21.0
2026-07-15,62625,2026-07-17,put,mini,15,0.578,2,21.0
2026-07-15,62750,2026-07-17,put,mini,25,0.5786,2,24.0
2026-07-15,62875,2026-07-17,put,mini,18,0.5814,2,28.0
2026-07-15,63000,2026-07-17,put,mini,512,0.5663,2,27.0
2026-07-15,63125,2026-07-17,put,mini,8,0.5767,2,34.0
2026-07-15,63250,2026-07-17,put,mini,66,0.5647,2,34.0
2026-07-15,63375,2026-07-17,put,mini,5,0.5689,2,40.0
2026-07-15,63500,2026-07-17,put,mini,364,0.5592,2,41.0
2026-07-15,63625,2026-07-17,put,mini,6,0.5678,2,50.0
2026-07-15,63750,2026-07-17,put,mini,199,0.553,2,49.0
2026-07-15,63875,2026-07-17,put,mini,20,0.5487,2,53.0
2026-07-15,64000,2026-07-17,put,mini,771,0.5515,2,61.0
2026-07-15,64125,2026-07-17,put,mini,11,0.5439,2,64.0
2026-07-15,64250,2026-07-17,put,mini,138,0.546,2,73.0
2026-07-15,64375,2026-07-17,put,mini,54,0.5374,2,76.0
2026-07-15,64500,2026-07-17,put,mini,448,0.5299,2,80.0
2026-07-15,64625,2026-07-17,put,mini,8,0.5431,2,99.0
2026-07-15,64750,2026-07-17,put,mini,135,0.5379,2,106.0
2026-07-15,64875,2026-07-17,put,mini,99,0.5382,2,118.0
2026-07-15,65000,2026-07-17,put,mini,1488,0.5384,2,131.0
2026-07-15,65125,2026-07-17,put,mini,2,0.531,2,138.0
2026-07-15,65250,2026-07-17,put,mini,76,0.5323,2,154.0
2026-07-15,65375,2026-07-17,put,mini,4,0.5294,2,167.0
2026-07-15,65500,2026-07-17,put,mini,298,0.5219,2,176.0
2026-07-15,65625,2026-07-17,put,mini,7,0.5288,2,202.0
2026-07-15,65750,2026-07-17,put,mini,54,0.528,2,221.0
2026-07-15,65875,2026-07-17,put,mini,14,0.5277,2,242.0
2026-07-15,66000,2026-07-17,put,mini,792,0.5397,2,281.0
2026-07-15,66125,2026-07-17,put,mini,1,0.5309,2,294.0
2026-07-15,66250,2026-07-17,put,mini,152,0.534,2,325.0
2026-07-15,66375,2026-07-17,put,mini,1,0.5317,2,350.0
2026-07-15,66500,2026-07-17,put,mini,458,0.5444,2,400.0
2026-07-15,66625,2026-07-17,put,mini,2,0.5397,2,425.0
2026-07-15,66750,2026-07-17,put,mini,360,0.537,2,455.0
2026-07-15,66875,2026-07-17,put,mini,11,0.5421,2,500.0
2026-07-15,67000,2026-07-17,put,mini,694,0.5486,2,550.0
2026-07-15,67125,2026-07-17,put,mini,585,0.5454,2,585.0
2026-07-15,67250,2026-07-17,put,mini,19,0.552,2,640.0
2026-07-15,67375,2026-07-17,put,mini,2,0.5546,2,690.0
2026-07-15,67500,2026-07-17,put,mini,278,0.5507,2,730.0
2026-07-15,67625,2026-07-17,put,mini,2,0.5613,2,800.0
2026-07-15,67750,2026-07-17,put,mini,211,0.568,2,865.0
2026-07-15,67875,2026-07-17,put,mini,915,0.5659,2,915.0
2026-07-15,68000,2026-07-17,put,mini,141,0.5628,2,965.0
2026-07-15,68125,2026-07-17,put,mini,1060,0.581,2,1060.0
2026-07-15,68250,2026-07-17,put,mini,26,0.588,2,1135.0
2026-07-15,68375,2026-07-17,put,mini,2,0.5891,2,1200.0
2026-07-15,68500,2026-07-17,put,mini,103,0.6163,2,1320.0
2026-07-15,68625,2026-07-17,put,mini,1,0.6079,2,1370.0
2026-07-15,68750,2026-07-17,put,mini,31,0.6134,2,1450.0
2026-07-15,68875,2026-07-17,put,mini,1540,0.6229,2,1540.0
2026-07-15,69000,2026-07-17,put,mini,204,0.6266,2,1620.0
2026-07-15,69125,2026-07-17,put,mini,1725,0.642,2,1725.0
2026-07-15,69250,2026-07-17,put,mini,12,0.649,2,1815.0
2026-07-15,69375,2026-07-17,put,mini,1910,0.6578,2,1910.0
2026-07-15,69500,2026-07-17,put,mini,25,0.6815,2,2035.0
2026-07-15,69750,2026-07-17,put,mini,8,0.6958,2,2225.0
2026-07-15,69875,2026-07-17,put,mini,1,0.7019,2,2320.0
2026-07-15,70000,2026-07-17,put,mini,4,0.7101,2,2420.0
2026-07-15,70250,2026-07-17,put,mini,2,0.7413,2,2650.0
2026-07-15,70500,2026-07-17,put,mini,2,0.7709,2,2880.0
2026-07-15,70750,2026-07-17,put,mini,20,0.7932,2,3100.0
2026-07-15,71000,2026-07-17,put,mini,11,0.8229,2,3335.0
2026-07-15,71500,2026-07-17,put,mini,2,0.8848,2,3815.0
2026-07-15,71750,2026-07-17,put,mini,8,0.9144,2,4055.0
2026-07-15,72000,2026-07-17,put,mini,5,0.9464,2,4300.0
2026-07-15,72500,2026-07-17,put,mini,2,1.0082,2,4790.0
2026-07-15,74000,2026-07-17,put,mini,5,1.1977,2,6285.0
2026-07-15,75000,2026-07-17,put,mini,5,1.3222,2,7290.0
2026-07-15,67000,2026-07-22,put,mini,1,0.4115,7,955.0
2026-07-15,67750,2026-07-22,put,mini,2,0.4186,7,1290.0
2026-07-15,72500,2026-07-22,put,mini,2,0.5651,7,4865.0
2026-07-15,63875,2026-07-24,put,mini,580,0.3883,9,270.0
2026-07-15,64000,2026-07-24,put,mini,266,0.3857,9,282.0
2026-07-15,64125,2026-07-24,put,mini,6,0.3978,9,330.0
2026-07-15,64250,2026-07-24,put,mini,116,0.3815,9,310.0
2026-07-15,64375,2026-07-24,put,mini,1,0.397,9,370.0
2026-07-15,64500,2026-07-24,put,mini,51,0.398,9,395.0
2026-07-15,64750,2026-07-24,put,mini,351,0.3986,9,445.0
2026-07-15,65000,2026-07-24,put,mini,66,0.3977,9,495.0
2026-07-15,65250,2026-07-24,put,mini,550,0.397,9,550.0
2026-07-15,65375,2026-07-24,put,mini,10,0.3984,9,585.0
2026-07-15,65500,2026-07-24,put,mini,3,0.398,9,615.0
2026-07-15,65750,2026-07-24,put,mini,30,0.3974,9,680.0
2026-07-15,65875,2026-07-24,put,mini,2,0.3917,9,695.0
2026-07-15,66000,2026-07-24,put,mini,322,0.3913,9,730.0
2026-07-15,66500,2026-07-24,put,mini,4,0.3826,9,855.0
2026-07-15,67000,2026-07-24,put,mini,3,0.3829,9,1035.0
2026-07-15,67250,2026-07-24,put,mini,7,0.387,9,1150.0
2026-07-15,67500,2026-07-24,put,mini,11,0.386,9,1250.0
2026-07-15,67625,2026-07-24,put,mini,1305,0.3861,9,1305.0
2026-07-15,67750,2026-07-24,put,mini,5,0.3835,9,1350.0
2026-07-15,68000,2026-07-24,put,mini,4,0.3949,9,1515.0
2026-07-15,68250,2026-07-24,put,mini,1640,0.3955,9,1640.0
2026-07-15,68500,2026-07-24,put,mini,6,0.4028,9,1800.0
2026-07-15,68750,2026-07-24,put,mini,8,0.403,9,1935.0
2026-07-15,69000,2026-07-24,put,mini,2,0.41,9,2105.0
2026-07-15,69250,2026-07-24,put,mini,8,0.4087,9,2245.0
2026-07-15,69500,2026-07-24,put,mini,21,0.4133,9,2415.0
2026-07-15,69750,2026-07-24,put,mini,8,0.4191,9,2595.0
2026-07-15,70750,2026-07-24,put,mini,20,0.4419,9,3355.0
2026-07-15,72500,2026-07-24,put,mini,2,0.506,9,4890.0
2026-07-15,64000,2026-07-29,put,mini,3,0.3876,14,535.0
2026-07-15,67750,2026-07-29,put,mini,2,0.3712,14,1685.0
2026-07-15,66000,2026-07-31,put,mini,20,0.3726,16,1120.0
2026-07-15,67750,2026-07-31,put,mini,4,0.3658,16,1790.0
2026-07-15,68750,2026-07-31,put,mini,8,0.3699,16,2320.0
2026-07-15,70750,2026-07-31,put,mini,30,0.3853,16,3635.0
2026-07-15,67750,2026-08-05,put,mini,2,0.3565,21,2030.0
2026-07-15,66000,2026-08-07,put,mini,30,0.3636,23,1445.0
2026-07-15,67750,2026-08-07,put,mini,6,0.354,23,2120.0
2026-07-15,68750,2026-08-07,put,mini,12,0.3546,23,2635.0
2026-07-15,56750,2026-08-14,put,mini,261,0.4412,30,246.0
2026-07-15,56875,2026-08-14,put,mini,2,0.4412,30,256.0
2026-07-15,57000,2026-08-14,put,mini,245,0.4354,30,252.0
2026-07-15,57125,2026-08-14,put,mini,270,0.4384,30,270.0
2026-07-15,57250,2026-08-14,put,mini,10,0.4365,30,276.0
2026-07-15,57375,2026-08-14,put,mini,284,0.4353,30,284.0
2026-07-15,57500,2026-08-14,put,mini,44,0.4311,30,284.0
2026-07-15,57750,2026-08-14,put,mini,6,0.4303,30,305.0
2026-07-15,57875,2026-08-14,put,mini,3,0.4295,30,315.0
2026-07-15,58000,2026-08-14,put,mini,164,0.4218,30,305.0
2026-07-15,58125,2026-08-14,put,mini,1,0.4261,30,330.0
2026-07-15,58250,2026-08-14,put,mini,13,0.4234,30,335.0
2026-07-15,58375,2026-08-14,put,mini,345,0.4224,30,345.0
2026-07-15,58500,2026-08-14,put,mini,38,0.4197,30,350.0
2026-07-15,58750,2026-08-14,put,mini,370,0.4172,30,370.0
2026-07-15,58875,2026-08-14,put,mini,1,0.4159,30,380.0
2026-07-15,59000,2026-08-14,put,mini,169,0.41,30,375.0
2026-07-15,59250,2026-08-14,put,mini,1,0.4114,30,410.0
2026-07-15,59375,2026-08-14,put,mini,1,0.4084,30,415.0
2026-07-15,59500,2026-08-14,put,mini,39,0.4067,30,425.0
2026-07-15,59625,2026-08-14,put,mini,440,0.4063,30,440.0
2026-07-15,59750,2026-08-14,put,mini,11,0.4045,30,450.0
2026-07-15,59875,2026-08-14,put,mini,3,0.404,30,465.0
2026-07-15,60000,2026-08-14,put,mini,449,0.3981,30,460.0
2026-07-15,60125,2026-08-14,put,mini,1,0.3987,30,480.0
2026-07-15,60250,2026-08-14,put,mini,9,0.3992,30,500.0
2026-07-15,60500,2026-08-14,put,mini,10,0.3948,30,520.0
2026-07-15,60625,2026-08-14,put,mini,1,0.3973,30,550.0
2026-07-15,60750,2026-08-14,put,mini,14,0.3949,30,560.0
2026-07-15,60875,2026-08-14,put,mini,2,0.3937,30,575.0
2026-07-15,61000,2026-08-14,put,mini,218,0.3923,30,590.0
2026-07-15,61125,2026-08-14,put,mini,610,0.392,30,610.0
2026-07-15,61250,2026-08-14,put,mini,1,0.3904,30,625.0
2026-07-15,61375,2026-08-14,put,mini,10,0.3834,30,615.0
2026-07-15,61500,2026-08-14,put,mini,57,0.385,30,645.0
2026-07-15,61625,2026-08-14,put,mini,670,0.3854,30,670.0
2026-07-15,61750,2026-08-14,put,mini,16,0.3856,30,695.0
2026-07-15,61875,2026-08-14,put,mini,2,0.3827,30,705.0
2026-07-15,62000,2026-08-14,put,mini,792,0.3777,30,705.0
2026-07-15,62125,2026-08-14,put,mini,1,0.3816,30,750.0
2026-07-15,62250,2026-08-14,put,mini,498,0.3814,30,775.0
2026-07-15,62375,2026-08-14,put,mini,496,0.3782,30,785.0
2026-07-15,62500,2026-08-14,put,mini,208,0.3787,30,815.0
2026-07-15,62625,2026-08-14,put,mini,1,0.3763,30,830.0
2026-07-15,62750,2026-08-14,put,mini,54,0.3757,30,855.0
2026-07-15,63000,2026-08-14,put,mini,355,0.3733,30,900.0
2026-07-15,63125,2026-08-14,put,mini,3,0.3732,30,930.0
2026-07-15,63250,2026-08-14,put,mini,350,0.3722,30,955.0
2026-07-15,63375,2026-08-14,put,mini,10,0.3693,30,970.0
2026-07-15,63500,2026-08-14,put,mini,698,0.3707,30,1010.0
2026-07-15,63625,2026-08-14,put,mini,1045,0.371,30,1045.0
2026-07-15,63750,2026-08-14,put,mini,369,0.3696,30,1070.0
2026-07-15,63875,2026-08-14,put,mini,1090,0.3672,30,1090.0
2026-07-15,64000,2026-08-14,put,mini,218,0.3648,30,1110.0
2026-07-15,64125,2026-08-14,put,mini,1130,0.3623,30,1130.0
2026-07-15,64250,2026-08-14,put,mini,18,0.3668,30,1195.0
2026-07-15,64375,2026-08-14,put,mini,1225,0.3657,30,1225.0
2026-07-15,64500,2026-08-14,put,mini,76,0.3614,30,1235.0
2026-07-15,64625,2026-08-14,put,mini,1285,0.3631,30,1285.0
2026-07-15,64750,2026-08-14,put,mini,5,0.3632,30,1325.0
2026-07-15,64875,2026-08-14,put,mini,2,0.3616,30,1355.0
2026-07-15,65000,2026-08-14,put,mini,275,0.3585,30,1375.0
2026-07-15,65125,2026-08-14,put,mini,3,0.3597,30,1425.0
2026-07-15,65250,2026-08-14,put,mini,2,0.3608,30,1475.0
2026-07-15,65500,2026-08-14,put,mini,50,0.3554,30,1525.0
2026-07-15,65625,2026-08-14,put,mini,1595,0.3589,30,1595.0
2026-07-15,65750,2026-08-14,put,mini,11,0.3581,30,1635.0
2026-07-15,65875,2026-08-14,put,mini,1,0.3578,30,1680.0
2026-07-15,66000,2026-08-14,put,mini,208,0.3498,30,1670.0
2026-07-15,66125,2026-08-14,put,mini,1,0.3562,30,1765.0
2026-07-15,66250,2026-08-14,put,mini,43,0.3549,30,1805.0
2026-07-15,66375,2026-08-14,put,mini,1,0.3556,30,1860.0
2026-07-15,66500,2026-08-14,put,mini,102,0.3514,30,1880.0
2026-07-15,66625,2026-08-14,put,mini,1950,0.3538,30,1950.0
2026-07-15,66750,2026-08-14,put,mini,18,0.3528,30,1995.0
2026-07-15,66875,2026-08-14,put,mini,11,0.3536,30,2055.0
2026-07-15,67000,2026-08-14,put,mini,117,0.3457,30,2050.0
2026-07-15,67125,2026-08-14,put,mini,1,0.3483,30,2125.0
2026-07-15,67250,2026-08-14,put,mini,34,0.352,30,2210.0
2026-07-15,67375,2026-08-14,put,mini,2270,0.3524,30,2270.0
2026-07-15,67500,2026-08-14,put,mini,113,0.3493,30,2305.0
2026-07-15,67625,2026-08-14,put,mini,10,0.3527,30,2390.0
2026-07-15,67750,2026-08-14,put,mini,460,0.3494,30,2425.0
2026-07-15,67875,2026-08-14,put,mini,2485,0.3493,30,2485.0
2026-07-15,68000,2026-08-14,put,mini,721,0.3503,30,2555.0
2026-07-15,68125,2026-08-14,put,mini,2575,0.3448,30,2575.0
2026-07-15,68250,2026-08-14,put,mini,60,0.3514,30,2690.0
2026-07-15,68375,2026-08-14,put,mini,2725,0.3476,30,2725.0
2026-07-15,68500,2026-08-14,put,mini,555,0.3488,30,2800.0
2026-07-15,68625,2026-08-14,put,mini,2885,0.3512,30,2885.0
2026-07-15,68750,2026-08-14,put,mini,1246,0.349,30,2935.0
2026-07-15,68875,2026-08-14,put,mini,3005,0.3492,30,3005.0
2026-07-15,69000,2026-08-14,put,mini,1134,0.3493,30,3075.0
2026-07-15,69125,2026-08-14,put,mini,2,0.3544,30,3185.0
2026-07-15,69250,2026-08-14,put,mini,43,0.3505,30,3225.0
2026-07-15,69375,2026-08-14,put,mini,3265,0.3464,30,3265.0
2026-07-15,69500,2026-08-14,put,mini,74,0.3499,30,3365.0
2026-07-15,69625,2026-08-14,put,mini,3415,0.3468,30,3415.0
2026-07-15,69750,2026-08-14,put,mini,30,0.3534,30,3540.0
2026-07-15,70000,2026-08-14,put,mini,51,0.3532,30,3690.0
2026-07-15,70125,2026-08-14,put,mini,3730,0.3484,30,3730.0
2026-07-15,70250,2026-08-14,put,mini,82,0.3506,30,3825.0
2026-07-15,70500,2026-08-14,put,mini,317,0.3535,30,4005.0
2026-07-15,70750,2026-08-14,put,mini,70,0.3533,30,4165.0
2026-07-15,70875,2026-08-14,put,mini,4265,0.3557,30,4265.0
2026-07-15,71000,2026-08-14,put,mini,642,0.3601,30,4380.0
2026-07-15,71250,2026-08-14,put,mini,509,0.3578,30,4530.0
2026-07-15,71375,2026-08-14,put,mini,492,0.3585,30,4620.0
2026-07-15,71500,2026-08-14,put,mini,2,0.3591,30,4710.0
2026-07-15,71750,2026-08-14,put,mini,2,0.3607,30,4895.0
2026-07-15,72000,2026-08-14,put,mini,10,0.3655,30,5105.0
2026-07-15,72125,2026-08-14,put,mini,5185,0.3643,30,5185.0
2026-07-15,72250,2026-08-14,put,mini,14,0.3651,30,5280.0
2026-07-15,72500,2026-08-14,put,mini,11,0.3678,30,5480.0
2026-07-15,72750,2026-08-14,put,mini,2,0.3702,30,5680.0
2026-07-15,73000,2026-08-14,put,mini,24,0.3715,30,5875.0
2026-07-15,73250,2026-08-14,put,mini,27,0.3748,30,6085.0
2026-07-15,73375,2026-08-14,put,mini,5,0.3764,30,6190.0
2026-07-15,73500,2026-08-14,put,mini,270,0.3779,30,6295.0
2026-07-15,73750,2026-08-14,put,mini,460,0.3798,30,6500.0
2026-07-15,74000,2026-08-14,put,mini,40,0.3855,30,6730.0
2026-07-15,74250,2026-08-14,put,mini,45,0.3861,30,6930.0
2026-07-15,74500,2026-08-14,put,mini,25,0.3897,30,7150.0
2026-07-15,74750,2026-08-14,put,mini,132,0.3931,30,7370.0
2026-07-15,75000,2026-08-14,put,mini,12,0.3979,30,7600.0
2026-07-15,75250,2026-08-14,put,mini,5,0.4018,30,7825.0
2026-07-15,61250,2026-09-11,put,mini,55,0.3699,58,1260.0
2026-07-15,61375,2026-09-11,put,mini,1,0.3672,58,1270.0
2026-07-15,61500,2026-09-11,put,mini,14,0.3682,58,1310.0
2026-07-15,61625,2026-09-11,put,mini,1,0.366,58,1325.0
2026-07-15,61750,2026-09-11,put,mini,6,0.3669,58,1365.0
2026-07-15,62000,2026-09-11,put,mini,255,0.3641,58,1410.0
2026-07-15,62250,2026-09-11,put,mini,395,0.3617,58,1460.0
2026-07-15,62500,2026-09-11,put,mini,71,0.361,58,1525.0
2026-07-15,62750,2026-09-11,put,mini,78,0.3588,58,1580.0
2026-07-15,63000,2026-09-11,put,mini,116,0.3559,58,1630.0
2026-07-15,63250,2026-09-11,put,mini,202,0.3555,58,1705.0
2026-07-15,63500,2026-09-11,put,mini,131,0.355,58,1780.0
2026-07-15,63625,2026-09-11,put,mini,4,0.3527,58,1800.0
2026-07-15,63750,2026-09-11,put,mini,46,0.3525,58,1840.0
2026-07-15,64000,2026-09-11,put,mini,141,0.3504,58,1905.0
2026-07-15,64250,2026-09-11,put,mini,352,0.3507,58,1995.0
2026-07-15,64500,2026-09-11,put,mini,167,0.3481,58,2060.0
2026-07-15,64750,2026-09-11,put,mini,3,0.3469,58,2140.0
2026-07-15,65000,2026-09-11,put,mini,61,0.3459,58,2225.0
2026-07-15,65125,2026-09-11,put,mini,1,0.3441,58,2255.0
2026-07-15,65250,2026-09-11,put,mini,14,0.3447,58,2310.0
2026-07-15,65375,2026-09-11,put,mini,1,0.3427,58,2340.0
2026-07-15,65500,2026-09-11,put,mini,6,0.3437,58,2400.0
2026-07-15,65750,2026-09-11,put,mini,42,0.342,58,2485.0
2026-07-15,66000,2026-09-11,put,mini,87,0.3387,58,2555.0
2026-07-15,66250,2026-09-11,put,mini,196,0.3394,58,2670.0
2026-07-15,66500,2026-09-11,put,mini,342,0.338,58,2765.0
2026-07-15,66750,2026-09-11,put,mini,2,0.3372,58,2870.0
2026-07-15,66875,2026-09-11,put,mini,2920,0.3365,58,2920.0
2026-07-15,67000,2026-09-11,put,mini,46,0.3363,58,2975.0
2026-07-15,67250,2026-09-11,put,mini,53,0.335,58,3080.0
2026-07-15,67500,2026-09-11,put,mini,162,0.3336,58,3185.0
2026-07-15,67750,2026-09-11,put,mini,829,0.3333,58,3305.0
2026-07-15,68000,2026-09-11,put,mini,1024,0.335,58,3450.0
2026-07-15,68250,2026-09-11,put,mini,108,0.3342,58,3570.0
2026-07-15,68500,2026-09-11,put,mini,963,0.3331,58,3690.0
2026-07-15,68750,2026-09-11,put,mini,2199,0.3331,58,3825.0
2026-07-15,68875,2026-09-11,put,mini,3895,0.3333,58,3895.0
2026-07-15,69000,2026-09-11,put,mini,1774,0.3329,58,3960.0
2026-07-15,69250,2026-09-11,put,mini,51,0.332,58,4090.0
2026-07-15,69500,2026-09-11,put,mini,6,0.3327,58,4240.0
2026-07-15,69750,2026-09-11,call,mini,4375,0.4594,58,4375.0
2026-07-15,70000,2026-09-11,call,mini,5,0.4833,58,4530.0
2026-07-15,71000,2026-09-11,call,mini,5135,0.5759,58,5135.0
2026-07-15,71250,2026-09-11,call,mini,4,0.5996,58,5295.0
2026-07-15,71500,2026-09-11,call,mini,4,0.624,58,5465.0
2026-07-15,71750,2026-09-11,call,mini,12,0.647,58,5620.0
2026-07-15,72000,2026-09-11,call,mini,9,0.6722,58,5800.0
2026-07-15,72250,2026-09-11,call,mini,63,0.6973,58,5980.0
2026-07-15,72375,2026-09-11,call,mini,6060,0.7089,58,6060.0
2026-07-15,72500,2026-09-11,call,mini,53,0.721,58,6145.0
2026-07-15,72750,2026-09-11,call,mini,24,0.7464,58,6330.0
2026-07-15,73000,2026-09-11,call,mini,80,0.7712,58,6510.0
2026-07-15,73250,2026-09-11,call,mini,351,0.7955,58,6685.0
2026-07-15,73500,2026-09-11,call,mini,176,0.8216,58,6880.0
2026-07-15,73750,2026-09-11,call,mini,3,0.8476,58,7075.0
2026-07-15,74000,2026-09-11,call,mini,95,0.8735,58,7270.0
2026-07-15,74250,2026-09-11,call,mini,1,0.8998,58,7470.0
2026-07-15,75000,2026-09-11,call,mini,69,0.9779,58,8065.0
2026-07-15,75250,2026-09-11,call,mini,10,1.0048,58,8275.0
2026-07-15,64750,2026-10-09,call,mini,1,0.2,86,2855.0
2026-07-15,65000,2026-10-09,call,mini,12,0.2,86,2955.0
2026-07-15,66000,2026-10-09,call,mini,5,0.1483,86,3340.0
2026-07-15,64750,2026-07-17,call,mini,3075,0.2,2,3075.0
2026-07-15,66000,2026-07-17,call,mini,30,0.2,2,2000.0
2026-07-15,66250,2026-07-17,call,mini,1,0.2,2,1795.0
2026-07-15,66500,2026-07-17,call,mini,11,0.2,2,1620.0
2026-07-15,66750,2026-07-17,call,mini,9,0.2,2,1425.0
2026-07-15,67000,2026-07-17,call,mini,180,0.2,2,1270.0
2026-07-15,67125,2026-07-17,call,mini,1180,0.2,2,1180.0
2026-07-15,67250,2026-07-17,call,mini,12,0.2,2,1060.0
2026-07-15,67375,2026-07-17,call,mini,1035,0.173,2,1035.0
2026-07-15,67500,2026-07-17,call,mini,85,0.1896,2,950.0
2026-07-15,67625,2026-07-17,call,mini,895,0.218,2,895.0
2026-07-15,67750,2026-07-17,call,mini,19,0.2356,2,835.0
2026-07-15,67875,2026-07-17,call,mini,1,0.2378,2,755.0
2026-07-15,68000,2026-07-17,call,mini,534,0.2398,2,680.0
2026-07-15,68125,2026-07-17,call,mini,650,0.262,2,650.0
2026-07-15,68250,2026-07-17,call,mini,118,0.2711,2,600.0
2026-07-15,68375,2026-07-17,call,mini,540,0.2728,2,540.0
2026-07-15,68500,2026-07-17,call,mini,164,0.2847,2,505.0
2026-07-15,68625,2026-07-17,call,mini,460,0.2896,2,460.0
2026-07-15,68750,2026-07-17,call,mini,28,0.2926,2,415.0
2026-07-15,68875,2026-07-17,call,mini,100,0.2988,2,380.0
2026-07-15,69000,2026-07-17,call,mini,561,0.2979,2,335.0
2026-07-15,69125,2026-07-17,call,mini,2,0.3087,2,315.0
2026-07-15,69250,2026-07-17,call,mini,155,0.3086,2,278.0
2026-07-15,69375,2026-07-17,call,mini,71,0.3131,2,252.0
2026-07-15,69500,2026-07-17,call,mini,927,0.3298,2,248.0
2026-07-15,69625,2026-07-17,call,mini,11,0.3193,2,203.0
2026-07-15,69750,2026-07-17,call,mini,227,0.328,2,190.0
2026-07-15,69875,2026-07-17,call,mini,1,0.324,2,161.0
2026-07-15,70000,2026-07-17,call,mini,2769,0.3214,2,137.0
2026-07-15,70125,2026-07-17,call,mini,2,0.3269,2,125.0
2026-07-15,70250,2026-07-17,call,mini,250,0.3341,2,116.0
2026-07-15,70500,2026-07-17,call,mini,247,0.3427,2,95.0
2026-07-15,70625,2026-07-17,call,mini,12,0.3357,2,76.0
2026-07-15,70750,2026-07-17,call,mini,65,0.3392,2,68.0
2026-07-15,70875,2026-07-17,call,mini,4,0.3388,2,58.0
2026-07-15,71000,2026-07-17,call,mini,527,0.3396,2,50.0
2026-07-15,71125,2026-07-17,call,mini,101,0.3469,2,47.0
2026-07-15,71250,2026-07-17,call,mini,15,0.3554,2,45.0
2026-07-15,71375,2026-07-17,call,mini,3,0.3637,2,43.0
2026-07-15,71500,2026-07-17,call,mini,412,0.3473,2,29.0
2026-07-15,71625,2026-07-17,call,mini,5,0.367,2,33.0
2026-07-15,71750,2026-07-17,call,mini,82,0.3539,2,23.0
2026-07-15,71875,2026-07-17,call,mini,1,0.3697,2,25.0
2026-07-15,72000,2026-07-17,call,mini,399,0.3529,2,16.0
2026-07-15,72125,2026-07-17,call,mini,123,0.3729,2,19.0
2026-07-15,72250,2026-07-17,call,mini,95,0.3725,2,16.0
2026-07-15,72500,2026-07-17,call,mini,830,0.3548,2,8.0
2026-07-15,72625,2026-07-17,call,mini,10,0.375,2,10.0
2026-07-15,72750,2026-07-17,call,mini,22,0.3786,2,9.0
2026-07-15,72875,2026-07-17,call,mini,12,0.3815,2,8.0
2026-07-15,73000,2026-07-17,call,mini,703,0.3679,2,5.0
2026-07-15,73125,2026-07-17,call,mini,8,0.3763,2,5.0
2026-07-15,73250,2026-07-17,call,mini,570,0.3628,2,3.0
2026-07-15,73375,2026-07-17,call,mini,1,0.3828,2,4.0
2026-07-15,73500,2026-07-17,call,mini,175,0.3909,2,4.0
2026-07-15,73625,2026-07-17,call,mini,10,0.399,2,4.0
2026-07-15,73750,2026-07-17,call,mini,13,0.3537,2,1.0
2026-07-15,73875,2026-07-17,call,mini,5,0.3609,2,1.0
2026-07-15,74000,2026-07-17,call,mini,683,0.368,2,1.0
2026-07-15,74125,2026-07-17,call,mini,2,0.3751,2,1.0
2026-07-15,74250,2026-07-17,call,mini,13,0.3821,2,1.0
2026-07-15,74375,2026-07-17,call,mini,2,0.3892,2,1.0
2026-07-15,74500,2026-07-17,call,mini,219,0.3962,2,1.0
2026-07-15,74625,2026-07-17,call,mini,2,0.4032,2,1.0
2026-07-15,74750,2026-07-17,call,mini,20,0.4101,2,1.0
2026-07-15,74875,2026-07-17,call,mini,112,0.4171,2,1.0
2026-07-15,75000,2026-07-17,call,mini,699,0.424,2,1.0
2026-07-15,75125,2026-07-17,call,mini,24,0.4309,2,1.0
2026-07-15,75250,2026-07-17,call,mini,82,0.4378,2,1.0
2026-07-15,75375,2026-07-17,call,mini,680,0.4446,2,1.0
2026-07-15,67750,2026-07-22,call,mini,2,0.2492,7,1270.0
2026-07-15,72500,2026-07-22,call,mini,2,0.2912,7,91.0
2026-07-15,65875,2026-07-24,call,mini,1,0.1715,9,2550.0
2026-07-15,66000,2026-07-24,call,mini,20,0.1837,9,2460.0
2026-07-15,67000,2026-07-24,call,mini,4,0.2208,9,1765.0
2026-07-15,67500,2026-07-24,call,mini,8,0.2338,9,1480.0
2026-07-15,67625,2026-07-24,call,mini,1410,0.2356,9,1410.0
2026-07-15,67750,2026-07-24,call,mini,5,0.2343,9,1330.0
2026-07-15,68000,2026-07-24,call,mini,3,0.2466,9,1240.0
2026-07-15,68125,2026-07-24,call,mini,1,0.2483,9,1180.0
2026-07-15,68500,2026-07-24,call,mini,9,0.2557,9,1025.0
2026-07-15,68625,2026-07-24,call,mini,10,0.254,9,960.0
2026-07-15,68750,2026-07-24,call,mini,8,0.2553,9,910.0
2026-07-15,69000,2026-07-24,call,mini,119,0.2611,9,830.0
2026-07-15,69250,2026-07-24,call,mini,8,0.2589,9,725.0
2026-07-15,69375,2026-07-24,call,mini,1,0.2601,9,685.0
2026-07-15,69500,2026-07-24,call,mini,26,0.2609,9,645.0
2026-07-15,69750,2026-07-24,call,mini,8,0.2634,9,575.0
2026-07-15,70000,2026-07-24,call,mini,57,0.2682,9,520.0
2026-07-15,70125,2026-07-24,call,mini,10,0.2637,9,470.0
2026-07-15,70250,2026-07-24,call,mini,100,0.2643,9,440.0
2026-07-15,70500,2026-07-24,call,mini,102,0.2654,9,385.0
2026-07-15,70750,2026-07-24,call,mini,20,0.2662,9,335.0
2026-07-15,71000,2026-07-24,call,mini,108,0.2686,9,295.0
2026-07-15,71500,2026-07-24,call,mini,51,0.2653,9,208.0
2026-07-15,72000,2026-07-24,call,mini,2231,0.2732,9,165.0
2026-07-15,72125,2026-07-24,call,mini,1,0.2667,9,139.0
2026-07-15,72375,2026-07-24,call,mini,123,0.2703,9,123.0
2026-07-15,72500,2026-07-24,call,mini,2,0.2723,9,116.0
2026-07-15,72625,2026-07-24,call,mini,1,0.2739,9,109.0
2026-07-15,72750,2026-07-24,call,mini,50,0.276,9,103.0
2026-07-15,73000,2026-07-24,call,mini,32,0.2793,9,91.0
2026-07-15,73500,2026-07-24,call,mini,4,0.2915,9,78.0
2026-07-15,74000,2026-07-24,call,mini,8,0.3031,9,67.0
2026-07-15,74250,2026-07-24,call,mini,1,0.3037,9,57.0
2026-07-15,74500,2026-07-24,call,mini,220,0.3049,9,49.0
2026-07-15,74750,2026-07-24,call,mini,2,0.3061,9,42.0
2026-07-15,75000,2026-07-24,call,mini,30,0.3059,9,35.0
2026-07-15,75250,2026-07-24,call,mini,4,0.3072,9,30.0
2026-07-15,75375,2026-07-24,call,mini,15,0.3066,9,27.0
2026-07-15,67750,2026-07-29,call,mini,2,0.2541,14,1675.0
2026-07-15,66000,2026-07-31,call,mini,20,0.2469,16,2870.0
2026-07-15,67750,2026-07-31,call,mini,4,0.2582,16,1790.0
2026-07-15,68750,2026-07-31,call,mini,8,0.2627,16,1315.0
2026-07-15,70750,2026-07-31,call,mini,30,0.2651,16,630.0
2026-07-15,67750,2026-08-05,call,mini,2,0.2641,21,2040.0
2026-07-15,66000,2026-08-07,call,mini,30,0.2653,23,3205.0
2026-07-15,67750,2026-08-07,call,mini,6,0.2664,23,2135.0
2026-07-15,68750,2026-08-07,call,mini,12,0.2673,23,1645.0
2026-07-15,56750,2026-08-14,call,mini,26,0.2,30,11195.0
2026-07-15,57000,2026-08-14,call,mini,12,0.2,30,10950.0
2026-07-15,57250,2026-08-14,call,mini,9,0.2,30,10725.0
2026-07-15,57875,2026-08-14,call,mini,1,0.2,30,10140.0
2026-07-15,58000,2026-08-14,call,mini,10005,0.2,30,10005.0
2026-07-15,58875,2026-08-14,call,mini,1,0.2,30,9205.0
2026-07-15,59000,2026-08-14,call,mini,10,0.2,30,9075.0
2026-07-15,60000,2026-08-14,call,mini,23,0.2,30,8160.0
2026-07-15,60250,2026-08-14,call,mini,1,0.2,30,7950.0
2026-07-15,60500,2026-08-14,call,mini,1,0.2,30,7720.0
2026-07-15,61000,2026-08-14,call,mini,30,0.2,30,7290.0
2026-07-15,61250,2026-08-14,call,mini,7075,0.2,30,7075.0
2026-07-15,61500,2026-08-14,call,mini,51,0.2,30,6845.0
2026-07-15,61750,2026-08-14,call,mini,22,0.1854,30,6645.0
2026-07-15,62000,2026-08-14,call,mini,877,0.1868,30,6405.0
2026-07-15,62250,2026-08-14,call,mini,980,0.2167,30,6225.0
2026-07-15,62375,2026-08-14,call,mini,495,0.2171,30,6110.0
2026-07-15,62500,2026-08-14,call,mini,50,0.2245,30,6015.0
2026-07-15,62750,2026-08-14,call,mini,31,0.2314,30,5810.0
2026-07-15,63000,2026-08-14,call,mini,68,0.2363,30,5605.0
2026-07-15,63250,2026-08-14,call,mini,126,0.2422,30,5410.0
2026-07-15,63500,2026-08-14,call,mini,9,0.2465,30,5215.0
2026-07-15,63625,2026-08-14,call,mini,5125,0.2498,30,5125.0
2026-07-15,63750,2026-08-14,call,mini,20,0.2506,30,5025.0
2026-07-15,64000,2026-08-14,call,mini,13,0.2495,30,4815.0
2026-07-15,64125,2026-08-14,call,mini,4710,0.2487,30,4710.0
2026-07-15,64250,2026-08-14,call,mini,13,0.2563,30,4650.0
2026-07-15,64500,2026-08-14,call,mini,37,0.2537,30,4440.0
2026-07-15,64750,2026-08-14,call,mini,4280,0.2593,30,4280.0
2026-07-15,64875,2026-08-14,call,mini,1,0.2591,30,4185.0
2026-07-15,65000,2026-08-14,call,mini,3,0.2571,30,4080.0
2026-07-15,65250,2026-08-14,call,mini,3930,0.2624,30,3930.0
2026-07-15,65500,2026-08-14,call,mini,14,0.259,30,3730.0
2026-07-15,65750,2026-08-14,call,mini,1,0.264,30,3590.0
2026-07-15,65875,2026-08-14,call,mini,1,0.2647,30,3510.0
2026-07-15,66000,2026-08-14,call,mini,40,0.2573,30,3375.0
2026-07-15,66250,2026-08-14,call,mini,11,0.2644,30,3260.0
2026-07-15,66375,2026-08-14,call,mini,1,0.2658,30,3190.0
2026-07-15,66500,2026-08-14,call,mini,18,0.2622,30,3085.0
2026-07-15,66625,2026-08-14,call,mini,3030,0.2654,30,3030.0
2026-07-15,66750,2026-08-14,call,mini,12,0.2649,30,2950.0
2026-07-15,66875,2026-08-14,call,mini,10,0.2663,30,2885.0
2026-07-15,67000,2026-08-14,call,mini,88,0.2588,30,2755.0
2026-07-15,67250,2026-08-14,call,mini,114,0.2662,30,2665.0
2026-07-15,67500,2026-08-14,call,mini,379,0.2642,30,2510.0
2026-07-15,67625,2026-08-14,call,mini,1,0.2679,30,2470.0
2026-07-15,67750,2026-08-14,call,mini,498,0.2656,30,2385.0
2026-07-15,67875,2026-08-14,call,mini,2315,0.265,30,2315.0
2026-07-15,68000,2026-08-14,call,mini,612,0.2663,30,2260.0
2026-07-15,68125,2026-08-14,call,mini,2155,0.2609,30,2155.0
2026-07-15,68250,2026-08-14,call,mini,62,0.2677,30,2145.0
2026-07-15,68375,2026-08-14,call,mini,2055,0.2639,30,2055.0
2026-07-15,68500,2026-08-14,call,mini,603,0.2652,30,2005.0
2026-07-15,68625,2026-08-14,call,mini,1,0.2676,30,1965.0
2026-07-15,68750,2026-08-14,call,mini,1249,0.2653,30,1890.0
2026-07-15,68875,2026-08-14,call,mini,1,0.2655,30,1835.0
2026-07-15,69000,2026-08-14,call,mini,1067,0.2655,30,1780.0
2026-07-15,69125,2026-08-14,call,mini,1,0.2705,30,1765.0
2026-07-15,69250,2026-08-14,call,mini,36,0.2664,30,1680.0
2026-07-15,69375,2026-08-14,call,mini,1595,0.2621,30,1595.0
2026-07-15,69500,2026-08-14,call,mini,115,0.2654,30,1570.0
2026-07-15,69625,2026-08-14,call,mini,1,0.262,30,1495.0
2026-07-15,69750,2026-08-14,call,mini,30,0.2683,30,1495.0
2026-07-15,69875,2026-08-14,call,mini,1,0.266,30,1430.0
2026-07-15,70000,2026-08-14,call,mini,203,0.2674,30,1395.0
2026-07-15,70125,2026-08-14,call,mini,1310,0.2621,30,1310.0
2026-07-15,70250,2026-08-14,call,mini,6,0.2639,30,1280.0
2026-07-15,70375,2026-08-14,call,mini,1250,0.2656,30,1250.0
2026-07-15,70500,2026-08-14,call,mini,88,0.2658,30,1210.0
2026-07-15,70750,2026-08-14,call,mini,75,0.2644,30,1120.0
2026-07-15,70875,2026-08-14,call,mini,1095,0.2663,30,1095.0
2026-07-15,71000,2026-08-14,call,mini,808,0.2702,30,1085.0
2026-07-15,71125,2026-08-14,call,mini,15,0.2662,30,1020.0
2026-07-15,71250,2026-08-14,call,mini,491,0.2663,30,985.0
2026-07-15,71375,2026-08-14,call,mini,498,0.2662,30,950.0
2026-07-15,71500,2026-08-14,call,mini,225,0.266,30,915.0
2026-07-15,71625,2026-08-14,call,mini,3,0.2664,30,885.0
2026-07-15,71750,2026-08-14,call,mini,26,0.266,30,850.0
2026-07-15,71875,2026-08-14,call,mini,1,0.2661,30,820.0
2026-07-15,72000,2026-08-14,call,mini,334,0.2692,30,810.0
2026-07-15,72125,2026-08-14,call,mini,1,0.2667,30,765.0
2026-07-15,72250,2026-08-14,call,mini,17,0.2665,30,735.0
2026-07-15,72375,2026-08-14,call,mini,2,0.2668,30,710.0
2026-07-15,72500,2026-08-14,call,mini,137,0.2671,30,685.0
2026-07-15,72625,2026-08-14,call,mini,660,0.2673,30,660.0
2026-07-15,72750,2026-08-14,call,mini,29,0.2673,30,635.0
2026-07-15,72875,2026-08-14,call,mini,13,0.268,30,615.0
2026-07-15,73000,2026-08-14,call,mini,401,0.2669,30,585.0
2026-07-15,73250,2026-08-14,call,mini,13,0.2678,30,545.0
2026-07-15,73375,2026-08-14,call,mini,525,0.268,30,525.0
2026-07-15,73500,2026-08-14,call,mini,205,0.2682,30,505.0
2026-07-15,73625,2026-08-14,call,mini,480,0.2672,30,480.0
2026-07-15,73750,2026-08-14,call,mini,491,0.2671,30,460.0
2026-07-15,73875,2026-08-14,call,mini,445,0.2678,30,445.0
2026-07-15,74000,2026-08-14,call,mini,936,0.2705,30,440.0
2026-07-15,74125,2026-08-14,call,mini,410,0.2679,30,410.0
2026-07-15,74250,2026-08-14,call,mini,440,0.2672,30,390.0
2026-07-15,74375,2026-08-14,call,mini,375,0.2675,30,375.0
2026-07-15,74500,2026-08-14,call,mini,194,0.2676,30,360.0
2026-07-15,74625,2026-08-14,call,mini,2,0.2665,30,340.0
2026-07-15,74750,2026-08-14,call,mini,111,0.2676,30,330.0
2026-07-15,74875,2026-08-14,call,mini,4,0.2673,30,315.0
2026-07-15,75000,2026-08-14,call,mini,385,0.2695,30,310.0
2026-07-15,75125,2026-08-14,call,mini,1,0.269,30,295.0
2026-07-15,75250,2026-08-14,call,mini,61,0.2692,30,283.0
2026-07-15,75375,2026-08-14,call,mini,108,0.2692,30,271.0
2026-07-15,61250,2026-09-11,call,mini,32,0.2906,58,7800.0
2026-07-15,62000,2026-09-11,call,mini,2,0.2905,58,7200.0
2026-07-15,62250,2026-09-11,call,mini,3,0.2897,58,7000.0
2026-07-15,62500,2026-09-11,call,mini,3,0.2913,58,6820.0
2026-07-15,62750,2026-09-11,call,mini,6,0.2906,58,6625.0
2026-07-15,63000,2026-09-11,call,mini,55,0.289,58,6425.0
2026-07-15,63250,2026-09-11,call,mini,63,0.2901,58,6250.0
2026-07-15,63500,2026-09-11,call,mini,64,0.2908,58,6075.0
2026-07-15,63750,2026-09-11,call,mini,24,0.2895,58,5885.0
2026-07-15,64000,2026-09-11,call,mini,115,0.2884,58,5700.0
2026-07-15,64250,2026-09-11,call,mini,343,0.2898,58,5540.0
2026-07-15,64500,2026-09-11,call,mini,156,0.2881,58,5355.0
2026-07-15,64750,2026-09-11,call,mini,9,0.2878,58,5185.0
2026-07-15,65000,2026-09-11,call,mini,50,0.2877,58,5020.0
2026-07-15,66000,2026-09-11,call,mini,31,0.2836,58,4355.0
2026-07-15,66250,2026-09-11,call,mini,3,0.2849,58,4220.0
2026-07-15,66500,2026-09-11,call,mini,1,0.284,58,4065.0
2026-07-15,66750,2026-09-11,call,mini,3920,0.2837,58,3920.0
2026-07-15,67000,2026-09-11,call,mini,25,0.2831,58,3775.0
2026-07-15,67250,2026-09-11,call,mini,47,0.2822,58,3630.0
2026-07-15,67375,2026-09-11,call,mini,3560,0.2819,58,3560.0
2026-07-15,67500,2026-09-11,call,mini,167,0.281,58,3485.0
2026-07-15,67625,2026-09-11,call,mini,1,0.2815,58,3425.0
2026-07-15,67750,2026-09-11,call,mini,837,0.2809,58,3355.0
2026-07-15,68000,2026-09-11,call,mini,1024,0.2828,58,3250.0
2026-07-15,68250,2026-09-11,call,mini,108,0.2821,58,3120.0
2026-07-15,68500,2026-09-11,call,mini,1015,0.2811,58,2990.0
2026-07-15,68625,2026-09-11,call,mini,2940,0.2819,58,2940.0
2026-07-15,68750,2026-09-11,call,mini,2273,0.2812,58,2875.0
2026-07-15,68875,2026-09-11,call,mini,2,0.2814,58,2820.0
2026-07-15,69000,2026-09-11,call,mini,2008,0.281,58,2760.0
2026-07-15,69125,2026-09-11,call,mini,2705,0.2811,58,2705.0
2026-07-15,69250,2026-09-11,call,mini,84,0.2801,58,2640.0
2026-07-15,69375,2026-09-11,call,mini,2590,0.2804,58,2590.0
2026-07-15,69500,2026-09-11,call,mini,11,0.2807,58,2540.0
2026-07-15,69625,2026-09-11,call,mini,2480,0.2799,58,2480.0
2026-07-15,69750,2026-09-11,call,mini,3,0.2796,58,2425.0
2026-07-15,69875,2026-09-11,call,mini,2375,0.2796,58,2375.0
2026-07-15,70000,2026-09-11,call,mini,14,0.2801,58,2330.0
2026-07-15,70125,2026-09-11,call,mini,1,0.279,58,2270.0
2026-07-15,70250,2026-09-11,call,mini,3,0.2789,58,2220.0
2026-07-15,70500,2026-09-11,call,mini,4,0.2792,58,2130.0
2026-07-15,70625,2026-09-11,call,mini,2070,0.2779,58,2070.0
2026-07-15,70750,2026-09-11,call,mini,20,0.2784,58,2030.0
2026-07-15,71000,2026-09-11,call,mini,18,0.2782,58,1940.0
2026-07-15,71125,2026-09-11,call,mini,1890,0.2775,58,1890.0
2026-07-15,71250,2026-09-11,call,mini,5,0.2777,58,1850.0
2026-07-15,71375,2026-09-11,call,mini,1800,0.2768,58,1800.0
2026-07-15,71500,2026-09-11,call,mini,8,0.2779,58,1770.0
2026-07-15,71625,2026-09-11,call,mini,1725,0.2774,58,1725.0
2026-07-15,71750,2026-09-11,call,mini,18,0.2763,58,1675.0
2026-07-15,71875,2026-09-11,call,mini,1640,0.2767,58,1640.0
2026-07-15,72000,2026-09-11,call,mini,37,0.277,58,1605.0
2026-07-15,72250,2026-09-11,call,mini,71,0.2773,58,1535.0
2026-07-15,72500,2026-09-11,call,mini,68,0.2759,58,1450.0
2026-07-15,72750,2026-09-11,call,mini,30,0.2762,58,1385.0
2026-07-15,72875,2026-09-11,call,mini,1360,0.2771,58,1360.0
2026-07-15,73000,2026-09-11,call,mini,103,0.2757,58,1315.0
2026-07-15,73125,2026-09-11,call,mini,1,0.2759,58,1285.0
2026-07-15,73250,2026-09-11,call,mini,363,0.275,58,1245.0
2026-07-15,73375,2026-09-11,call,mini,3,0.2767,58,1230.0
2026-07-15,73500,2026-09-11,call,mini,373,0.2756,58,1190.0
2026-07-15,73750,2026-09-11,call,mini,384,0.276,58,1135.0
2026-07-15,73875,2026-09-11,call,mini,3,0.2763,58,1110.0
2026-07-15,74000,2026-09-11,call,mini,144,0.2761,58,1080.0
2026-07-15,74250,2026-09-11,call,mini,84,0.2765,58,1030.0
2026-07-15,74375,2026-09-11,call,mini,1005,0.2766,58,1005.0
2026-07-15,74500,2026-09-11,call,mini,106,0.2767,58,980.0
2026-07-15,74625,2026-09-11,call,mini,955,0.2767,58,955.0
2026-07-15,74750,2026-09-11,call,mini,150,0.276,58,925.0
2026-07-15,74875,2026-09-11,call,mini,1,0.2765,58,905.0
2026-07-15,75000,2026-09-11,call,mini,123,0.2756,58,875.0
2026-07-15,75250,2026-09-11,call,mini,5,0.2763,58,835.0
2026-07-15,75375,2026-09-11,call,mini,1,0.2765,58,815.0
2026-07-15,70000,2026-10-09,call,mini,4,0.268,86,2830.0
2026-07-15,70750,2026-10-09,call,mini,1,0.2684,86,2545.0
