date,strike,expiry,type,product,oi,iv,days_to_expiry,settlement
2026-10-01,20000,2026-10-08,put,regular,1570,2.5761,7,1.0
2026-10-01,22500,2026-10-08,put,regular,451,2.3346,7,1.0
2026-10-01,25000,2026-10-08,put,regular,1564,2.1188,7,1.0
2026-10-01,26000,2026-10-08,put,regular,184,2.0386,7,1.0
2026-10-01,27000,2026-10-08,put,regular,206,1.9614,7,1.0
2026-10-01,28000,2026-10-08,put,regular,243,1.887,7,1.0
2026-10-01,29000,2026-10-08,put,regular,175,1.8152,7,1.0
2026-10-01,30000,2026-10-08,put,regular,6427,1.7458,7,1.0
2026-10-01,31000,2026-10-08,put,regular,114,1.6787,7,1.0
2026-10-01,32000,2026-10-08,put,regular,299,1.6137,7,1.0
2026-10-01,33000,2026-10-08,put,regular,2929,1.5507,7,1.0
2026-10-01,34000,2026-10-08,put,regular,181,1.4895,7,1.0
2026-10-01,35000,2026-10-08,put,regular,2205,1.4301,7,1.0
2026-10-01,36000,2026-10-08,put,regular,96,1.3722,7,1.0
2026-10-01,37000,2026-10-08,put,regular,460,1.316,7,1.0
2026-10-01,38000,2026-10-08,put,regular,420,1.2611,7,1.0
2026-10-01,39000,2026-10-08,put,regular,191,1.2077,7,1.0
2026-10-01,40000,2026-10-08,put,regular,4647,1.1555,7,1.0
2026-10-01,41000,2026-10-08,put,regular,278,1.1046,7,1.0
2026-10-01,42000,2026-10-08,put,regular,374,1.0548,7,1.0
2026-10-01,42750,2026-10-08,put,regular,34,1.0182,7,1.0
2026-10-01,43000,2026-10-08,put,regular,505,1.0617,7,2.0
2026-10-01,43250,2026-10-08,put,regular,16,1.0491,7,2.0
2026-10-01,43500,2026-10-08,put,regular,49,1.0366,7,2.0
2026-10-01,43750,2026-10-08,put,regular,25,1.0241,7,2.0
2026-10-01,44000,2026-10-08,put,regular,309,1.0117,7,2.0
2026-10-01,44250,2026-10-08,put,regular,37,0.9994,7,2.0
2026-10-01,44500,2026-10-08,put,regular,70,0.9871,7,2.0
2026-10-01,44750,2026-10-08,put,regular,41,0.9749,7,2.0
2026-10-01,45000,2026-10-08,put,regular,2057,0.9628,7,2.0
2026-10-01,45250,2026-10-08,put,regular,29,0.9507,7,2.0
2026-10-01,45500,2026-10-08,put,regular,816,0.9386,7,2.0
2026-10-01,45750,2026-10-08,put,regular,134,0.9267,7,2.0
2026-10-01,46000,2026-10-08,put,regular,513,0.9148,7,2.0
2026-10-01,46250,2026-10-08,put,regular,10,0.9029,7,2.0
2026-10-01,46500,2026-10-08,put,regular,268,0.8911,7,2.0
2026-10-01,46750,2026-10-08,put,regular,135,0.8794,7,2.0
2026-10-01,47000,2026-10-08,put,regular,443,0.8677,7,2.0
2026-10-01,47250,2026-10-08,put,regular,152,0.856,7,2.0
2026-10-01,47500,2026-10-08,put,regular,56,0.8445,7,2.0
2026-10-01,47750,2026-10-08,put,regular,46,0.8329,7,2.0
2026-10-01,48000,2026-10-08,put,regular,917,0.8215,7,2.0
2026-10-01,48250,2026-10-08,put,regular,53,0.8101,7,2.0
2026-10-01,48500,2026-10-08,put,regular,212,0.7987,7,2.0
2026-10-01,48750,2026-10-08,put,regular,275,0.7874,7,2.0
2026-10-01,49000,2026-10-08,put,regular,498,0.7761,7,2.0
2026-10-01,49250,2026-10-08,put,regular,80,0.7649,7,2.0
2026-10-01,49500,2026-10-08,put,regular,312,0.7537,7,2.0
2026-10-01,49750,2026-10-08,put,regular,67,0.7426,7,2.0
2026-10-01,50000,2026-10-08,put,regular,2653,0.7315,7,2.0
2026-10-01,50250,2026-10-08,put,regular,73,0.7205,7,2.0
2026-10-01,50500,2026-10-08,put,regular,303,0.7095,7,2.0
2026-10-01,50750,2026-10-08,put,regular,165,0.6986,7,2.0
2026-10-01,51000,2026-10-08,put,regular,993,0.6877,7,2.0
2026-10-01,51250,2026-10-08,put,regular,294,0.6769,7,2.0
2026-10-01,51500,2026-10-08,put,regular,522,0.666,7,2.0
2026-10-01,51750,2026-10-08,put,regular,146,0.6553,7,2.0
2026-10-01,52000,2026-10-08,put,regular,1419,0.6446,7,2.0
2026-10-01,52250,2026-10-08,put,regular,66,0.6339,7,2.0
2026-10-01,52500,2026-10-08,put,regular,618,0.6233,7,2.0
2026-10-01,52750,2026-10-08,put,regular,121,0.6127,7,2.0
2026-10-01,53000,2026-10-08,put,regular,1565,0.6021,7,2.0
2026-10-01,53250,2026-10-08,put,regular,130,0.5916,7,2.0
2026-10-01,53500,2026-10-08,put,regular,1326,0.5811,7,2.0
2026-10-01,53750,2026-10-08,put,regular,162,0.5707,7,2.0
2026-10-01,54000,2026-10-08,put,regular,1388,0.5811,7,3.0
2026-10-01,54250,2026-10-08,put,regular,217,0.5863,7,4.0
2026-10-01,54500,2026-10-08,put,regular,532,0.5882,7,5.0
2026-10-01,54750,2026-10-08,put,regular,79,0.588,7,6.0
2026-10-01,55000,2026-10-08,put,regular,3512,0.5863,7,7.0
2026-10-01,55250,2026-10-08,put,regular,169,0.5833,7,8.0
2026-10-01,55500,2026-10-08,put,regular,329,0.5794,7,9.0
2026-10-01,55750,2026-10-08,put,regular,81,0.5747,7,10.0
2026-10-01,56000,2026-10-08,put,regular,1907,0.5693,7,11.0
2026-10-01,56250,2026-10-08,put,regular,86,0.5634,7,12.0
2026-10-01,56500,2026-10-08,put,regular,666,0.557,7,13.0
2026-10-01,56750,2026-10-08,put,regular,125,0.5502,7,14.0
2026-10-01,57000,2026-10-08,put,regular,1591,0.5474,7,16.0
2026-10-01,57250,2026-10-08,put,regular,168,0.5353,7,16.0
2026-10-01,57500,2026-10-08,put,regular,504,0.5275,7,17.0
2026-10-01,57750,2026-10-08,put,regular,86,0.5193,7,18.0
2026-10-01,58000,2026-10-08,put,regular,2200,0.5144,7,20.0
2026-10-01,58250,2026-10-08,put,regular,143,0.5022,7,20.0
2026-10-01,58375,2026-10-08,put,regular,487,0.4994,7,21.0
2026-10-01,58500,2026-10-08,put,regular,824,0.4965,7,22.0
2026-10-01,58625,2026-10-08,put,regular,60,0.4934,7,23.0
2026-10-01,58750,2026-10-08,put,regular,71,0.4872,7,23.0
2026-10-01,58875,2026-10-08,put,regular,20,0.484,7,24.0
2026-10-01,59000,2026-10-08,put,regular,1080,0.4806,7,25.0
2026-10-01,59125,2026-10-08,put,regular,114,0.4771,7,26.0
2026-10-01,59250,2026-10-08,put,regular,210,0.4708,7,26.0
2026-10-01,59375,2026-10-08,put,regular,2,0.4672,7,27.0
2026-10-01,59500,2026-10-08,put,regular,847,0.4634,7,28.0
2026-10-01,59625,2026-10-08,put,regular,139,0.4571,7,28.0
2026-10-01,59750,2026-10-08,put,regular,122,0.4556,7,30.0
2026-10-01,59875,2026-10-08,put,regular,55,0.4537,7,32.0
2026-10-01,60000,2026-10-08,put,regular,11756,0.4537,7,35.0
2026-10-01,60125,2026-10-08,put,regular,50,0.4473,7,35.0
2026-10-01,60250,2026-10-08,put,regular,191,0.4448,7,37.0
2026-10-01,60375,2026-10-08,put,regular,662,0.4421,7,39.0
2026-10-01,60500,2026-10-08,put,regular,593,0.4392,7,41.0
2026-10-01,60625,2026-10-08,put,regular,159,0.4344,7,42.0
2026-10-01,60750,2026-10-08,put,regular,472,0.4312,7,44.0
2026-10-01,60875,2026-10-08,put,regular,500,0.4278,7,46.0
2026-10-01,61000,2026-10-08,put,regular,1424,0.4258,7,49.0
2026-10-01,61125,2026-10-08,put,regular,1230,0.4236,7,52.0
2026-10-01,61250,2026-10-08,put,regular,120,0.4197,7,54.0
2026-10-01,61375,2026-10-08,put,regular,141,0.4142,7,55.0
2026-10-01,61500,2026-10-08,put,regular,501,0.4141,7,60.0
2026-10-01,61625,2026-10-08,put,regular,139,0.4122,7,64.0
2026-10-01,61750,2026-10-08,put,regular,309,0.4076,7,66.0
2026-10-01,61875,2026-10-08,put,regular,88,0.4064,7,71.0
2026-10-01,62000,2026-10-08,put,regular,1363,0.4027,7,74.0
2026-10-01,62125,2026-10-08,put,regular,61,0.404,7,82.0
2026-10-01,62250,2026-10-08,put,regular,119,0.3978,7,83.0
2026-10-01,62375,2026-10-08,put,regular,6,0.3925,7,85.0
2026-10-01,62500,2026-10-08,put,regular,1694,0.3937,7,94.0
2026-10-01,62625,2026-10-08,put,regular,692,0.3925,7,101.0
2026-10-01,62750,2026-10-08,put,regular,378,0.3901,7,107.0
2026-10-01,62875,2026-10-08,put,regular,87,0.3905,7,117.0
2026-10-01,63000,2026-10-08,put,regular,2105,0.3867,7,122.0
2026-10-01,63125,2026-10-08,put,regular,2,0.382,7,126.0
2026-10-01,63250,2026-10-08,put,regular,250,0.3841,7,140.0
2026-10-01,63375,2026-10-08,put,regular,304,0.3842,7,152.0
2026-10-01,63500,2026-10-08,put,regular,259,0.3813,7,160.0
2026-10-01,63750,2026-10-08,put,regular,131,0.38,7,185.0
2026-10-01,63875,2026-10-08,put,regular,483,0.3811,7,202.0
2026-10-01,64000,2026-10-08,put,regular,2139,0.3785,7,213.0
2026-10-01,64125,2026-10-08,put,regular,1154,0.3802,7,233.0
2026-10-01,64250,2026-10-08,put,regular,452,0.3778,7,246.0
2026-10-01,64375,2026-10-08,put,regular,1,0.3798,7,269.0
2026-10-01,64500,2026-10-08,put,regular,985,0.378,7,285.0
2026-10-01,64625,2026-10-08,put,regular,3,0.3797,7,310.0
2026-10-01,64750,2026-10-08,put,regular,102,0.3787,7,330.0
2026-10-01,64875,2026-10-08,put,regular,9,0.3814,7,360.0
2026-10-01,65000,2026-10-08,put,regular,2047,0.3814,7,385.0
2026-10-01,65125,2026-10-08,put,regular,4,0.3828,7,415.0
2026-10-01,65250,2026-10-08,put,regular,118,0.3819,7,440.0
2026-10-01,65375,2026-10-08,put,regular,247,0.3858,7,480.0
2026-10-01,65500,2026-10-08,put,regular,151,0.3856,7,510.0
2026-10-01,65625,2026-10-08,put,regular,5,0.3866,7,545.0
2026-10-01,65750,2026-10-08,put,regular,156,0.3887,7,585.0
2026-10-01,65875,2026-10-08,put,regular,19,0.3886,7,620.0
2026-10-01,66000,2026-10-08,put,regular,1247,0.3912,7,665.0
2026-10-01,66125,2026-10-08,put,regular,86,0.3917,7,705.0
2026-10-01,66250,2026-10-08,put,regular,143,0.3962,7,760.0
2026-10-01,66375,2026-10-08,put,regular,4,0.4002,7,815.0
2026-10-01,66500,2026-10-08,put,regular,239,0.4006,7,860.0
2026-10-01,66750,2026-10-08,put,regular,10,0.4085,7,980.0
2026-10-01,67000,2026-10-08,put,regular,609,0.4158,7,1105.0
2026-10-01,67500,2026-10-08,put,regular,36,0.4338,7,1390.0
2026-10-01,67625,2026-10-08,put,regular,6,0.4368,7,1460.0
2026-10-01,67750,2026-10-08,put,regular,9,0.4448,7,1550.0
2026-10-01,68000,2026-10-08,put,regular,554,0.4567,7,1720.0
2026-10-01,68500,2026-10-08,put,regular,3,0.4812,7,2080.0
2026-10-01,69000,2026-10-08,put,regular,200,0.511,7,2480.0
2026-10-01,70000,2026-10-08,put,regular,101,0.5776,7,3350.0
2026-10-01,72000,2026-10-08,put,regular,1,0.7262,7,5255.0
2026-10-01,72500,2026-10-08,put,regular,1,0.7632,7,5745.0
2026-10-01,73000,2026-10-08,put,regular,6,0.8006,7,6240.0
2026-10-01,79000,2026-10-08,put,regular,1,1.2026,7,12230.0
2026-10-01,85000,2026-10-08,put,regular,26,1.5363,7,18230.0
2026-10-01,20000,2026-11-12,put,regular,252,1.0518,42,1.0
2026-10-01,22500,2026-11-12,put,regular,47,0.9532,42,1.0
2026-10-01,25000,2026-11-12,put,regular,202,0.8651,42,1.0
2026-10-01,26000,2026-11-12,put,regular,2,0.8323,42,1.0
2026-10-01,27000,2026-11-12,put,regular,18,0.8008,42,1.0
2026-10-01,28000,2026-11-12,put,regular,44,0.7704,42,1.0
2026-10-01,29000,2026-11-12,put,regular,308,0.7411,42,1.0
2026-10-01,30000,2026-11-12,put,regular,5589,0.7128,42,1.0
2026-10-01,34000,2026-11-12,put,regular,6,0.6082,42,1.0
2026-10-01,35000,2026-11-12,put,regular,3592,0.5839,42,1.0
2026-10-01,36000,2026-11-12,put,regular,6,0.5603,42,1.0
2026-10-01,37000,2026-11-12,put,regular,13,0.5373,42,1.0
2026-10-01,38000,2026-11-12,put,regular,11,0.5149,42,1.0
2026-10-01,39000,2026-11-12,put,regular,104,0.4931,42,1.0
2026-10-01,40000,2026-11-12,put,regular,1639,0.5379,42,5.0
2026-10-01,41000,2026-11-12,put,regular,236,0.5441,42,9.0
2026-10-01,42000,2026-11-12,put,regular,382,0.5402,42,13.0
2026-10-01,43000,2026-11-12,put,regular,379,0.5312,42,17.0
2026-10-01,44000,2026-11-12,put,regular,1115,0.5132,42,19.0
2026-10-01,44500,2026-11-12,put,regular,127,0.5223,42,27.0
2026-10-01,44750,2026-11-12,put,regular,7,0.5271,42,32.0
2026-10-01,45000,2026-11-12,put,regular,1334,0.5305,42,37.0
2026-10-01,45250,2026-11-12,put,regular,105,0.526,42,38.0
2026-10-01,45500,2026-11-12,put,regular,106,0.5214,42,39.0
2026-10-01,45750,2026-11-12,put,regular,13,0.5167,42,40.0
2026-10-01,46000,2026-11-12,put,regular,769,0.512,42,41.0
2026-10-01,46250,2026-11-12,put,regular,5,0.5089,42,43.0
2026-10-01,46500,2026-11-12,put,regular,103,0.5042,42,44.0
2026-10-01,46750,2026-11-12,put,regular,105,0.5009,42,46.0
2026-10-01,47000,2026-11-12,put,regular,817,0.496,42,47.0
2026-10-01,47250,2026-11-12,put,regular,34,0.4925,42,49.0
2026-10-01,47500,2026-11-12,put,regular,232,0.4903,42,52.0
2026-10-01,47750,2026-11-12,put,regular,98,0.4852,42,53.0
2026-10-01,48000,2026-11-12,put,regular,223,0.4802,42,54.0
2026-10-01,48250,2026-11-12,put,regular,33,0.4776,42,57.0
2026-10-01,48500,2026-11-12,put,regular,280,0.4736,42,59.0
2026-10-01,48750,2026-11-12,put,regular,140,0.4696,42,61.0
2026-10-01,49000,2026-11-12,put,regular,379,0.4666,42,64.0
2026-10-01,49250,2026-11-12,put,regular,159,0.4613,42,65.0
2026-10-01,49500,2026-11-12,put,regular,417,0.4571,42,67.0
2026-10-01,49750,2026-11-12,put,regular,64,0.4538,42,70.0
2026-10-01,50000,2026-11-12,put,regular,2763,0.4513,42,74.0
2026-10-01,50250,2026-11-12,put,regular,77,0.4469,42,76.0
2026-10-01,50500,2026-11-12,put,regular,428,0.4432,42,79.0
2026-10-01,50750,2026-11-12,put,regular,195,0.4403,42,83.0
2026-10-01,51000,2026-11-12,put,regular,1571,0.4348,42,84.0
2026-10-01,51250,2026-11-12,put,regular,41,0.4325,42,89.0
2026-10-01,51500,2026-11-12,put,regular,681,0.4277,42,91.0
2026-10-01,51750,2026-11-12,put,regular,70,0.4251,42,96.0
2026-10-01,52000,2026-11-12,put,regular,2023,0.4209,42,99.0
2026-10-01,52250,2026-11-12,put,regular,17,0.4166,42,102.0
2026-10-01,52500,2026-11-12,put,regular,764,0.4136,42,107.0
2026-10-01,52750,2026-11-12,put,regular,53,0.4098,42,111.0
2026-10-01,53000,2026-11-12,put,regular,569,0.4066,42,116.0
2026-10-01,53250,2026-11-12,put,regular,175,0.4038,42,122.0
2026-10-01,53500,2026-11-12,put,regular,702,0.4002,42,127.0
2026-10-01,53750,2026-11-12,put,regular,63,0.396,42,131.0
2026-10-01,54000,2026-11-12,put,regular,1051,0.3928,42,137.0
2026-10-01,54250,2026-11-12,put,regular,5,0.3894,42,143.0
2026-10-01,54500,2026-11-12,put,regular,715,0.3859,42,149.0
2026-10-01,54750,2026-11-12,put,regular,16,0.3828,42,156.0
2026-10-01,55000,2026-11-12,put,regular,1518,0.3795,42,163.0
2026-10-01,55250,2026-11-12,put,regular,39,0.376,42,170.0
2026-10-01,55500,2026-11-12,put,regular,213,0.3733,42,179.0
2026-10-01,55750,2026-11-12,put,regular,80,0.3692,42,185.0
2026-10-01,56000,2026-11-12,put,regular,1184,0.3669,42,196.0
2026-10-01,56250,2026-11-12,put,regular,112,0.3641,42,206.0
2026-10-01,56500,2026-11-12,put,regular,413,0.3603,42,214.0
2026-10-01,56750,2026-11-12,put,regular,95,0.3578,42,226.0
2026-10-01,57000,2026-11-12,put,regular,831,0.3552,42,238.0
2026-10-01,57250,2026-11-12,put,regular,112,0.3523,42,250.0
2026-10-01,57500,2026-11-12,put,regular,772,0.3495,42,263.0
2026-10-01,57750,2026-11-12,put,regular,133,0.3465,42,276.0
2026-10-01,58000,2026-11-12,put,regular,1580,0.344,42,291.0
2026-10-01,58250,2026-11-12,put,regular,113,0.3423,42,310.0
2026-10-01,58500,2026-11-12,put,regular,431,0.3393,42,325.0
2026-10-01,58750,2026-11-12,put,regular,59,0.336,42,340.0
2026-10-01,59000,2026-11-12,put,regular,1936,0.3351,42,365.0
2026-10-01,59250,2026-11-12,put,regular,84,0.3314,42,380.0
2026-10-01,59500,2026-11-12,put,regular,2005,0.3299,42,405.0
2026-10-01,59750,2026-11-12,put,regular,17,0.3281,42,430.0
2026-10-01,60000,2026-11-12,put,regular,1757,0.326,42,455.0
2026-10-01,60250,2026-11-12,put,regular,21,0.3247,42,485.0
2026-10-01,60500,2026-11-12,put,regular,107,0.322,42,510.0
2026-10-01,60750,2026-11-12,put,regular,34,0.3211,42,545.0
2026-10-01,61000,2026-11-12,put,regular,1041,0.3188,42,575.0
2026-10-01,61125,2026-11-12,put,regular,5,0.3203,42,605.0
2026-10-01,61250,2026-11-12,put,regular,23,0.3171,42,610.0
2026-10-01,61375,2026-11-12,put,regular,112,0.3184,42,640.0
2026-10-01,61500,2026-11-12,put,regular,519,0.3152,42,645.0
2026-10-01,61625,2026-11-12,put,regular,6,0.3145,42,665.0
2026-10-01,61750,2026-11-12,put,regular,8,0.3137,42,685.0
2026-10-01,62000,2026-11-12,put,regular,1295,0.3128,42,730.0
2026-10-01,62250,2026-11-12,put,regular,102,0.3115,42,775.0
2026-10-01,62500,2026-11-12,put,regular,435,0.3098,42,820.0
2026-10-01,62625,2026-11-12,put,regular,109,0.3108,42,855.0
2026-10-01,62750,2026-11-12,put,regular,25,0.3094,42,875.0
2026-10-01,62875,2026-11-12,put,regular,1,0.3086,42,900.0
2026-10-01,63000,2026-11-12,put,regular,1112,0.3078,42,925.0
2026-10-01,63250,2026-11-12,put,regular,15,0.3072,42,985.0
2026-10-01,63500,2026-11-12,put,regular,48,0.307,42,1050.0
2026-10-01,64000,2026-11-12,put,regular,766,0.3047,42,1175.0
2026-10-01,64250,2026-11-12,put,regular,1195000,0.3046,42,1250.0
2026-10-01,64375,2026-11-12,put,regular,2,0.304,42,1285.0
2026-10-01,64500,2026-11-12,put,regular,300,0.3047,42,1330.0
2026-10-01,64625,2026-11-12,put,regular,494,0.3033,42,1360.0
2026-10-01,64750,2026-11-12,put,regular,4,0.3037,42,1405.0
2026-10-01,65000,2026-11-12,put,regular,1113,0.3037,42,1490.0
2026-10-01,65375,2026-11-12,put,regular,30,0.3025,42,1615.0
2026-10-01,65500,2026-11-12,put,regular,135,0.3029,42,1665.0
2026-10-01,66000,2026-11-12,put,regular,1939,0.3022,42,1855.0
2026-10-01,66500,2026-11-12,put,regular,442,0.3045,42,2085.0
2026-10-01,67000,2026-11-12,put,regular,870,0.3056,42,2320.0
2026-10-01,67500,2026-11-12,put,regular,4,0.3068,42,2570.0
2026-10-01,68000,2026-11-12,put,regular,15,0.3097,42,2850.0
2026-10-01,68375,2026-11-12,put,regular,16,0.3109,42,3060.0
2026-10-01,68500,2026-11-12,put,regular,478,0.3111,42,3130.0
2026-10-01,69000,2026-11-12,put,regular,450,0.3148,42,3445.0
2026-10-01,69500,2026-11-12,put,regular,1,0.3192,42,3780.0
2026-10-01,70000,2026-11-12,put,regular,465,0.324,42,4130.0
2026-10-01,70750,2026-11-12,put,regular,160,0.3317,42,4680.0
2026-10-01,72500,2026-11-12,put,regular,330,0.3562,42,6100.0
2026-10-01,79500,2026-11-12,put,regular,2,0.4918,42,12650.0
2026-10-01,12500,2026-12-10,put,regular,1429,1.1216,70,1.0
2026-10-01,12750,2026-12-10,put,regular,2,1.1086,70,1.0
2026-10-01,13000,2026-12-10,put,regular,33,1.0959,70,1.0
2026-10-01,13500,2026-12-10,put,regular,101,1.0711,70,1.0
2026-10-01,14000,2026-12-10,put,regular,12,1.0472,70,1.0
2026-10-01,14500,2026-12-10,put,regular,1,1.0243,70,1.0
2026-10-01,14750,2026-12-10,put,regular,1,1.0131,70,1.0
2026-10-01,15000,2026-12-10,put,regular,6,1.0021,70,1.0
2026-10-01,16000,2026-12-10,put,regular,3,0.9599,70,1.0
2026-10-01,17000,2026-12-10,put,regular,3,0.9204,70,1.0
2026-10-01,18000,2026-12-10,put,regular,154,0.8832,70,1.0
2026-10-01,19000,2026-12-10,put,regular,660,0.8481,70,1.0
2026-10-01,20000,2026-12-10,put,regular,2650,0.8566,70,2.0
2026-10-01,20250,2026-12-10,put,regular,3,0.8482,70,2.0
2026-10-01,21000,2026-12-10,put,regular,350,0.7831,70,1.0
2026-10-01,21500,2026-12-10,put,regular,500,0.7678,70,1.0
2026-10-01,22000,2026-12-10,put,regular,1716,0.7529,70,1.0
2026-10-01,22500,2026-12-10,put,regular,150,0.7384,70,1.0
2026-10-01,23000,2026-12-10,put,regular,2106,0.7241,70,1.0
2026-10-01,23250,2026-12-10,put,regular,1,0.7171,70,1.0
2026-10-01,23500,2026-12-10,put,regular,127,0.7102,70,1.0
2026-10-01,24000,2026-12-10,put,regular,405,0.6966,70,1.0
2026-10-01,24500,2026-12-10,put,regular,250,0.7187,70,2.0
2026-10-01,24750,2026-12-10,put,regular,1,0.7118,70,2.0
2026-10-01,25000,2026-12-10,put,regular,2019,0.705,70,2.0
2026-10-01,25250,2026-12-10,put,regular,1,0.6982,70,2.0
2026-10-01,25500,2026-12-10,put,regular,2,0.6915,70,2.0
2026-10-01,26000,2026-12-10,put,regular,1425,0.6783,70,2.0
2026-10-01,26500,2026-12-10,put,regular,3,0.6654,70,2.0
2026-10-01,27000,2026-12-10,put,regular,2631,0.6527,70,2.0
2026-10-01,27500,2026-12-10,put,regular,25,0.6403,70,2.0
2026-10-01,27750,2026-12-10,put,regular,72,0.6341,70,2.0
2026-10-01,28000,2026-12-10,put,regular,1334,0.6281,70,2.0
2026-10-01,28500,2026-12-10,put,regular,400,0.616,70,2.0
2026-10-01,29000,2026-12-10,put,regular,1450,0.6042,70,2.0
2026-10-01,30000,2026-12-10,put,regular,7998,0.6266,70,5.0
2026-10-01,30250,2026-12-10,put,regular,10000,0.6206,70,5.0
2026-10-01,30500,2026-12-10,put,regular,51,0.6146,70,5.0
2026-10-01,31000,2026-12-10,put,regular,2037,0.6126,70,6.0
2026-10-01,31500,2026-12-10,put,regular,350,0.6092,70,7.0
2026-10-01,32000,2026-12-10,put,regular,4655,0.6049,70,8.0
2026-10-01,32250,2026-12-10,put,regular,600,0.599,70,8.0
2026-10-01,32500,2026-12-10,put,regular,900,0.5932,70,8.0
2026-10-01,33000,2026-12-10,put,regular,3362,0.5942,70,10.0
2026-10-01,33250,2026-12-10,put,regular,37,0.5883,70,10.0
2026-10-01,33500,2026-12-10,put,regular,72,0.5826,70,10.0
2026-10-01,34000,2026-12-10,put,regular,2820,0.5765,70,11.0
2026-10-01,34500,2026-12-10,put,regular,560,0.5701,70,12.0
2026-10-01,34750,2026-12-10,put,regular,1,0.569,70,13.0
2026-10-01,35000,2026-12-10,put,regular,5274,0.5677,70,14.0
2026-10-01,36000,2026-12-10,put,regular,2906,0.5565,70,17.0
2026-10-01,36500,2026-12-10,put,regular,225,0.5487,70,18.0
2026-10-01,36750,2026-12-10,put,regular,400,0.5463,70,19.0
2026-10-01,37000,2026-12-10,put,regular,2619,0.5407,70,19.0
2026-10-01,37500,2026-12-10,put,regular,188,0.5356,70,21.0
2026-10-01,37750,2026-12-10,put,regular,100,0.5329,70,22.0
2026-10-01,38000,2026-12-10,put,regular,2587,0.53,70,23.0
2026-10-01,38500,2026-12-10,put,regular,1150,0.5241,70,25.0
2026-10-01,38750,2026-12-10,put,regular,50,0.521,70,26.0
2026-10-01,39000,2026-12-10,put,regular,2301,0.5178,70,27.0
2026-10-01,39250,2026-12-10,put,regular,650,0.5146,70,28.0
2026-10-01,39500,2026-12-10,put,regular,1008,0.5113,70,29.0
2026-10-01,40000,2026-12-10,put,regular,6768,0.5064,70,32.0
2026-10-01,40250,2026-12-10,put,regular,5,0.5029,70,33.0
2026-10-01,40500,2026-12-10,put,regular,1399,0.4993,70,34.0
2026-10-01,40750,2026-12-10,put,regular,1,0.4975,70,36.0
2026-10-01,41000,2026-12-10,put,regular,1929,0.4938,70,37.0
2026-10-01,41250,2026-12-10,put,regular,3,0.4917,70,39.0
2026-10-01,41500,2026-12-10,put,regular,101,0.4879,70,40.0
2026-10-01,42000,2026-12-10,put,regular,3706,0.4846,70,45.0
2026-10-01,42500,2026-12-10,put,regular,302,0.4792,70,49.0
2026-10-01,43000,2026-12-10,put,regular,2175,0.4711,70,51.0
2026-10-01,43500,2026-12-10,put,regular,102,0.4652,70,55.0
2026-10-01,43750,2026-12-10,put,regular,9,0.4644,70,59.0
2026-10-01,44000,2026-12-10,put,regular,2803,0.4591,70,59.0
2026-10-01,44500,2026-12-10,put,regular,102,0.4527,70,63.0
2026-10-01,44750,2026-12-10,put,regular,1,0.4504,70,66.0
2026-10-01,45000,2026-12-10,put,regular,2741,0.4646,70,88.0
2026-10-01,45250,2026-12-10,put,regular,53,0.46,70,89.0
2026-10-01,45500,2026-12-10,put,regular,350,0.4553,70,90.0
2026-10-01,46000,2026-12-10,put,regular,4057,0.446,70,92.0
2026-10-01,46250,2026-12-10,put,regular,71,0.4507,70,106.0
2026-10-01,46500,2026-12-10,put,regular,119,0.4472,70,109.0
2026-10-01,46750,2026-12-10,put,regular,24,0.4437,70,112.0
2026-10-01,47000,2026-12-10,put,regular,2828,0.4408,70,116.0
2026-10-01,47500,2026-12-10,put,regular,1122,0.4329,70,121.0
2026-10-01,47750,2026-12-10,put,regular,5,0.4281,70,122.0
2026-10-01,48000,2026-12-10,put,regular,4326,0.4232,70,123.0
2026-10-01,48250,2026-12-10,put,regular,10,0.4195,70,126.0
2026-10-01,48500,2026-12-10,put,regular,309,0.4163,70,130.0
2026-10-01,48750,2026-12-10,put,regular,4,0.4131,70,134.0
2026-10-01,49000,2026-12-10,put,regular,3739,0.4098,70,138.0
2026-10-01,49250,2026-12-10,put,regular,210,0.4064,70,142.0
2026-10-01,49500,2026-12-10,put,regular,2326,0.4065,70,153.0
2026-10-01,49750,2026-12-10,put,regular,78,0.4043,70,160.0
2026-10-01,50000,2026-12-10,put,regular,8903,0.4012,70,165.0
2026-10-01,50250,2026-12-10,put,regular,16,0.3992,70,173.0
2026-10-01,50500,2026-12-10,put,regular,1815,0.3963,70,179.0
2026-10-01,50750,2026-12-10,put,regular,55,0.3933,70,185.0
2026-10-01,51000,2026-12-10,put,regular,1886,0.3898,70,190.0
2026-10-01,51250,2026-12-10,put,regular,51,0.3879,70,199.0
2026-10-01,51500,2026-12-10,put,regular,270,0.385,70,206.0
2026-10-01,51750,2026-12-10,put,regular,13,0.382,70,213.0
2026-10-01,52000,2026-12-10,put,regular,3331,0.3786,70,219.0
2026-10-01,52250,2026-12-10,put,regular,525,0.3759,70,227.0
2026-10-01,52500,2026-12-10,put,regular,842,0.3706,70,228.0
2026-10-01,52750,2026-12-10,put,regular,505,0.3681,70,237.0
2026-10-01,53000,2026-12-10,put,regular,2017,0.3654,70,246.0
2026-10-01,53250,2026-12-10,put,regular,198,0.3626,70,255.0
2026-10-01,53500,2026-12-10,put,regular,317,0.3601,70,265.0
2026-10-01,53750,2026-12-10,put,regular,45,0.3559,70,270.0
2026-10-01,54000,2026-12-10,put,regular,3687,0.3506,70,271.0
2026-10-01,54250,2026-12-10,put,regular,4,0.352,70,296.0
2026-10-01,54500,2026-12-10,put,regular,880,0.3466,70,297.0
2026-10-01,54750,2026-12-10,put,regular,32,0.3509,70,335.0
2026-10-01,55000,2026-12-10,put,regular,5010,0.3488,70,350.0
2026-10-01,55250,2026-12-10,put,regular,2,0.3466,70,365.0
2026-10-01,55500,2026-12-10,put,regular,153,0.3431,70,375.0
2026-10-01,55750,2026-12-10,put,regular,24,0.3395,70,385.0
2026-10-01,56000,2026-12-10,put,regular,2644,0.3381,70,405.0
2026-10-01,56250,2026-12-10,put,regular,47,0.3332,70,410.0
2026-10-01,56500,2026-12-10,put,regular,321,0.3326,70,435.0
2026-10-01,56750,2026-12-10,put,regular,13,0.3297,70,450.0
2026-10-01,57000,2026-12-10,put,regular,2635,0.3256,70,460.0
2026-10-01,57250,2026-12-10,put,regular,30,0.3264,70,495.0
2026-10-01,57500,2026-12-10,put,regular,1137,0.324,70,515.0
2026-10-01,57750,2026-12-10,put,regular,3,0.3196,70,525.0
2026-10-01,58000,2026-12-10,put,regular,2474,0.3188,70,555.0
2026-10-01,58250,2026-12-10,put,regular,147,0.3177,70,585.0
2026-10-01,58500,2026-12-10,put,regular,863,0.3172,70,620.0
2026-10-01,59000,2026-12-10,put,regular,2530,0.3131,70,675.0
2026-10-01,59250,2026-12-10,put,regular,62,0.312,70,710.0
2026-10-01,59500,2026-12-10,put,regular,250,0.3106,70,745.0
2026-10-01,60000,2026-12-10,put,regular,9998,0.308,70,820.0
2026-10-01,60250,2026-12-10,put,regular,44,0.3046,70,845.0
2026-10-01,60500,2026-12-10,put,regular,200,0.3032,70,885.0
2026-10-01,60750,2026-12-10,put,regular,5,0.3028,70,935.0
2026-10-01,61000,2026-12-10,put,regular,1351,0.3015,70,980.0
2026-10-01,61250,2026-12-10,put,regular,10,0.3018,70,1040.0
2026-10-01,61500,2026-12-10,put,regular,254,0.2995,70,1080.0
2026-10-01,61750,2026-12-10,put,regular,250,0.2999,70,1145.0
2026-10-01,62000,2026-12-10,put,regular,3186,0.2983,70,1195.0
2026-10-01,62250,2026-12-10,put,regular,250,0.2976,70,1255.0
2026-10-01,62375,2026-12-10,put,regular,4,0.2977,70,1290.0
2026-10-01,62500,2026-12-10,put,regular,1087,0.2972,70,1320.0
2026-10-01,63000,2026-12-10,put,regular,3041,0.2945,70,1440.0
2026-10-01,63250,2026-12-10,put,regular,55,0.2939,70,1510.0
2026-10-01,63500,2026-12-10,put,regular,600,0.292,70,1570.0
2026-10-01,63750,2026-12-10,put,regular,55,0.2919,70,1650.0
2026-10-01,64000,2026-12-10,put,regular,2031,0.2926,70,1740.0
2026-10-01,64500,2026-12-10,put,regular,175,0.2915,70,1905.0
2026-10-01,64625,2026-12-10,put,regular,25,0.2896,70,1930.0
2026-10-01,65000,2026-12-10,put,regular,4554,0.2895,70,2070.0
2026-10-01,65500,2026-12-10,put,regular,605,0.2883,70,2255.0
2026-10-01,65750,2026-12-10,put,regular,15,0.2884,70,2360.0
2026-10-01,66000,2026-12-10,put,regular,1211,0.2883,70,2465.0
2026-10-01,66500,2026-12-10,put,regular,1000,0.2886,70,2690.0
2026-10-01,67000,2026-12-10,put,regular,1592,0.2888,70,2925.0
2026-10-01,67250,2026-12-10,put,regular,25,0.2874,70,3030.0
2026-10-01,67500,2026-12-10,put,regular,25,0.2866,70,3145.0
2026-10-01,68000,2026-12-10,put,regular,1900,0.2878,70,3415.0
2026-10-01,68500,2026-12-10,put,regular,203,0.2892,70,3700.0
2026-10-01,68750,2026-12-10,put,regular,100,0.2906,70,3855.0
2026-10-01,69000,2026-12-10,put,regular,1570,0.2913,70,4005.0
2026-10-01,70000,2026-12-10,put,regular,1653,0.2937,70,4625.0
2026-10-01,71000,2026-12-10,put,regular,31,0.3002,70,5335.0
2026-10-01,72000,2026-12-10,put,regular,120,0.3054,70,6065.0
2026-10-01,72500,2026-12-10,put,regular,420,0.3096,70,6460.0
2026-10-01,73000,2026-12-10,put,regular,4,0.3136,70,6860.0
2026-10-01,74000,2026-12-10,put,regular,101,0.3217,70,7680.0
2026-10-01,76000,2026-12-10,put,regular,300,0.3426,70,9430.0
2026-10-01,80000,2026-12-10,put,regular,3700,0.3914,70,13155.0
2026-10-01,90000,2026-12-10,put,regular,3,0.5327,70,23010.0
2026-10-01,36000,2027-01-07,put,regular,11,0.4931,98,26.0
2026-10-01,39000,2027-01-07,put,regular,200,0.4621,98,42.0
2026-10-01,40000,2027-01-07,put,regular,1,0.4531,98,50.0
2026-10-01,41000,2027-01-07,put,regular,1,0.4439,98,59.0
2026-10-01,43000,2027-01-07,put,regular,18,0.4261,98,82.0
2026-10-01,44000,2027-01-07,put,regular,1600,0.4171,98,96.0
2026-10-01,45000,2027-01-07,put,regular,1351,0.4081,98,112.0
2026-10-01,47000,2027-01-07,put,regular,98,0.3913,98,154.0
2026-10-01,48000,2027-01-07,put,regular,200,0.3833,98,181.0
2026-10-01,48750,2027-01-07,put,regular,30,0.3771,98,203.0
2026-10-01,50000,2027-01-07,put,regular,915,0.3675,98,248.0
2026-10-01,52000,2027-01-07,put,regular,300,0.3513,98,335.0
2026-10-01,52500,2027-01-07,put,regular,20,0.3459,98,355.0
2026-10-01,53750,2027-01-07,put,regular,30,0.3354,98,425.0
2026-10-01,55000,2027-01-07,put,regular,100,0.3253,98,510.0
2026-10-01,57000,2027-01-07,put,regular,60,0.3183,98,745.0
2026-10-01,58000,2027-01-07,put,regular,57,0.3127,98,875.0
2026-10-01,60000,2027-01-07,put,regular,186,0.3017,98,1195.0
2026-10-01,60500,2027-01-07,put,regular,42,0.299,98,1290.0
2026-10-01,61000,2027-01-07,put,regular,1,0.2967,98,1395.0
2026-10-01,61500,2027-01-07,put,regular,50,0.2947,98,1510.0
2026-10-01,64000,2027-01-07,put,regular,100,0.2803,98,2145.0
2026-10-01,65000,2027-01-07,put,regular,3,0.2787,98,2510.0
2026-10-01,65500,2027-01-07,put,regular,1,0.2782,98,2710.0
2026-10-01,66000,2027-01-07,put,regular,210,0.278,98,2925.0
2026-10-01,66500,2027-01-07,put,regular,2,0.2781,98,3155.0
2026-10-01,67000,2027-01-07,put,regular,1,0.276,98,3365.0
2026-10-01,67500,2027-01-07,put,regular,1,0.2769,98,3625.0
2026-10-01,67750,2027-01-07,put,regular,1,0.2763,98,3745.0
2026-10-01,45000,2027-02-10,put,regular,400,0.383,132,184.0
2026-10-01,47000,2027-02-10,put,regular,125,0.3716,132,257.0
2026-10-01,57500,2027-02-10,put,regular,100,0.3033,132,1100.0
2026-10-01,65000,2027-02-10,put,regular,253,0.2719,132,2990.0
2026-10-01,67000,2027-02-10,put,regular,2,0.2698,132,3875.0
2026-10-01,67250,2027-02-10,put,regular,12,0.2698,132,4000.0
2026-10-01,20000,2027-03-11,put,regular,16,0.565,161,2.0
2026-10-01,22000,2027-03-11,put,regular,2,0.5389,161,3.0
2026-10-01,29000,2027-03-11,put,regular,1,0.4883,161,19.0
2026-10-01,30000,2027-03-11,put,regular,2,0.4798,161,23.0
2026-10-01,33000,2027-03-11,put,regular,113,0.4559,161,40.0
2026-10-01,35000,2027-03-11,put,regular,700,0.4401,161,56.0
2026-10-01,37000,2027-03-11,put,regular,500,0.4238,161,76.0
2026-10-01,38000,2027-03-11,put,regular,300,0.4158,161,88.0
2026-10-01,40000,2027-03-11,put,regular,1871,0.4004,161,118.0
2026-10-01,41000,2027-03-11,put,regular,250,0.3923,161,135.0
2026-10-01,42000,2027-03-11,put,regular,534,0.3847,161,155.0
2026-10-01,42500,2027-03-11,put,regular,200,0.3809,161,166.0
2026-10-01,43000,2027-03-11,put,regular,114,0.3772,161,178.0
2026-10-01,43500,2027-03-11,put,regular,66,0.3737,161,191.0
2026-10-01,43750,2027-03-11,put,regular,12,0.3717,161,197.0
2026-10-01,44000,2027-03-11,put,regular,375,0.3699,161,204.0
2026-10-01,45000,2027-03-11,put,regular,1794,0.3625,161,233.0
2026-10-01,46000,2027-03-11,put,regular,341,0.3553,161,266.0
2026-10-01,47000,2027-03-11,put,regular,950,0.3486,161,305.0
2026-10-01,47750,2027-03-11,put,regular,310,0.3441,161,340.0
2026-10-01,48000,2027-03-11,put,regular,1399,0.3421,161,350.0
2026-10-01,48500,2027-03-11,put,regular,51,0.339,161,375.0
2026-10-01,49000,2027-03-11,put,regular,177,0.3355,161,400.0
2026-10-01,50000,2027-03-11,put,regular,4143,0.3287,161,455.0
2026-10-01,50250,2027-03-11,put,regular,112,0.3271,161,470.0
2026-10-01,51000,2027-03-11,put,regular,24,0.3225,161,520.0
2026-10-01,51250,2027-03-11,put,regular,108,0.3206,161,535.0
2026-10-01,51500,2027-03-11,put,regular,1,0.3193,161,555.0
2026-10-01,52000,2027-03-11,put,regular,2620,0.3166,161,595.0
2026-10-01,52500,2027-03-11,put,regular,50,0.3135,161,635.0
2026-10-01,53000,2027-03-11,put,regular,775,0.3108,161,680.0
2026-10-01,53500,2027-03-11,put,regular,200,0.3077,161,725.0
2026-10-01,54000,2027-03-11,put,regular,634,0.3049,161,775.0
2026-10-01,55000,2027-03-11,put,regular,1166,0.3,161,890.0
2026-10-01,55500,2027-03-11,put,regular,200,0.2972,161,950.0
2026-10-01,56000,2027-03-11,put,regular,1150,0.2946,161,1015.0
2026-10-01,56250,2027-03-11,put,regular,120,0.2935,161,1050.0
2026-10-01,57000,2027-03-11,put,regular,1485,0.2903,161,1165.0
2026-10-01,58000,2027-03-11,put,regular,3205,0.2856,161,1330.0
2026-10-01,58500,2027-03-11,put,regular,110,0.2834,161,1420.0
2026-10-01,59500,2027-03-11,put,regular,453,0.2796,161,1625.0
2026-10-01,60000,2027-03-11,put,regular,2540,0.2776,161,1735.0
2026-10-01,60250,2027-03-11,put,regular,331,0.2769,161,1795.0
2026-10-01,60500,2027-03-11,put,regular,75,0.276,161,1855.0
2026-10-01,61000,2027-03-11,put,regular,160,0.2742,161,1980.0
2026-10-01,61500,2027-03-11,put,regular,12,0.2727,161,2115.0
2026-10-01,62000,2027-03-11,put,regular,1400,0.2711,161,2255.0
2026-10-01,62500,2027-03-11,put,regular,500,0.2697,161,2405.0
2026-10-01,63000,2027-03-11,put,regular,2092,0.2685,161,2565.0
2026-10-01,64000,2027-03-11,put,regular,1360,0.2692,161,2960.0
2026-10-01,65000,2027-03-11,put,regular,880,0.2661,161,3325.0
2026-10-01,66000,2027-03-11,put,regular,478,0.2646,161,3750.0
2026-10-01,66250,2027-03-11,put,regular,15,0.2645,161,3865.0
2026-10-01,66500,2027-03-11,put,regular,16,0.2642,161,3980.0
2026-10-01,67000,2027-03-11,put,regular,300,0.2636,161,4215.0
2026-10-01,68000,2027-03-11,put,regular,130,0.2624,161,4710.0
2026-10-01,69000,2027-03-11,put,regular,350,0.262,161,5255.0
2026-10-01,69250,2027-03-11,put,regular,10,0.2619,161,5395.0
2026-10-01,70000,2027-03-11,put,regular,480,0.2624,161,5845.0
2026-10-01,72000,2027-03-11,put,regular,100,0.2627,161,7110.0
2026-10-01,53750,2027-04-08,put,regular,12,0.3049,189,955.0
2026-10-01,55500,2027-04-08,put,regular,1,0.2968,189,1190.0
2026-10-01,62000,2027-04-08,put,regular,30,0.2734,189,2635.0
2026-10-01,48000,2027-05-13,put,regular,100,0.3319,224,615.0
2026-10-01,12500,2027-06-10,put,regular,12,0.5913,252,1.0
2026-10-01,14500,2027-06-10,put,regular,4,0.54,252,1.0
2026-10-01,15000,2027-06-10,put,regular,1,0.5553,252,2.0
2026-10-01,16250,2027-06-10,put,regular,167,0.5431,252,3.0
2026-10-01,23000,2027-06-10,put,regular,140,0.4956,252,21.0
2026-10-01,24000,2027-06-10,put,regular,100,0.4881,252,26.0
2026-10-01,25000,2027-06-10,put,regular,250,0.4811,252,32.0
2026-10-01,26000,2027-06-10,put,regular,200,0.474,252,39.0
2026-10-01,28000,2027-06-10,put,regular,875,0.4598,252,56.0
2026-10-01,28500,2027-06-10,put,regular,100,0.4572,252,62.0
2026-10-01,29000,2027-06-10,put,regular,165,0.4533,252,67.0
2026-10-01,30000,2027-06-10,put,regular,1201,0.4456,252,78.0
2026-10-01,31000,2027-06-10,put,regular,100,0.4385,252,91.0
2026-10-01,31500,2027-06-10,put,regular,1,0.4349,252,98.0
2026-10-01,32000,2027-06-10,put,regular,250,0.4317,252,106.0
2026-10-01,33000,2027-06-10,put,regular,150,0.4245,252,122.0
2026-10-01,34000,2027-06-10,put,regular,1300,0.417,252,139.0
2026-10-01,35000,2027-06-10,put,regular,1628,0.4101,252,159.0
2026-10-01,35500,2027-06-10,put,regular,145,0.4063,252,169.0
2026-10-01,36000,2027-06-10,put,regular,300,0.4027,252,180.0
2026-10-01,37000,2027-06-10,put,regular,50,0.3958,252,204.0
2026-10-01,38000,2027-06-10,put,regular,201,0.3887,252,230.0
2026-10-01,38500,2027-06-10,put,regular,140,0.3852,252,244.0
2026-10-01,39000,2027-06-10,put,regular,50,0.3815,252,258.0
2026-10-01,39500,2027-06-10,put,regular,101,0.3782,252,274.0
2026-10-01,40000,2027-06-10,put,regular,1150,0.3747,252,290.0
2026-10-01,41000,2027-06-10,put,regular,100,0.368,252,325.0
2026-10-01,42000,2027-06-10,put,regular,400,0.3616,252,365.0
2026-10-01,42500,2027-06-10,put,regular,61,0.3581,252,385.0
2026-10-01,43000,2027-06-10,put,regular,35,0.3554,252,410.0
2026-10-01,43750,2027-06-10,put,regular,2,0.3505,252,445.0
2026-10-01,44000,2027-06-10,put,regular,196,0.3485,252,455.0
2026-10-01,45000,2027-06-10,put,regular,2075,0.3425,252,510.0
2026-10-01,46000,2027-06-10,put,regular,1000,0.3359,252,565.0
2026-10-01,46500,2027-06-10,put,regular,70,0.3333,252,600.0
2026-10-01,47000,2027-06-10,put,regular,201,0.3299,252,630.0
2026-10-01,47750,2027-06-10,put,regular,100,0.3257,252,685.0
2026-10-01,48000,2027-06-10,put,regular,1229,0.3244,252,705.0
2026-10-01,49000,2027-06-10,put,regular,400,0.3187,252,785.0
2026-10-01,50000,2027-06-10,put,regular,2132,0.3132,252,875.0
2026-10-01,50500,2027-06-10,put,regular,325,0.3102,252,920.0
2026-10-01,51000,2027-06-10,put,regular,100,0.3079,252,975.0
2026-10-01,51250,2027-06-10,put,regular,3,0.3064,252,1000.0
2026-10-01,52000,2027-06-10,put,regular,1105,0.3027,252,1085.0
2026-10-01,52250,2027-06-10,put,regular,88,0.3014,252,1115.0
2026-10-01,52500,2027-06-10,put,regular,187,0.3002,252,1145.0
2026-10-01,52750,2027-06-10,put,regular,750,0.2992,252,1180.0
2026-10-01,53000,2027-06-10,put,regular,720,0.2978,252,1210.0
2026-10-01,53500,2027-06-10,put,regular,1,0.2957,252,1280.0
2026-10-01,53750,2027-06-10,put,regular,35,0.2945,252,1315.0
2026-10-01,54000,2027-06-10,put,regular,2552,0.2933,252,1350.0
2026-10-01,55000,2027-06-10,put,regular,2100,0.2889,252,1505.0
2026-10-01,55500,2027-06-10,put,regular,255,0.2869,252,1590.0
2026-10-01,56000,2027-06-10,put,regular,1346,0.2849,252,1680.0
2026-10-01,56500,2027-06-10,put,regular,40,0.2827,252,1770.0
2026-10-01,57000,2027-06-10,put,regular,1345,0.2809,252,1870.0
2026-10-01,57500,2027-06-10,put,regular,2,0.2791,252,1975.0
2026-10-01,57750,2027-06-10,put,regular,112,0.2782,252,2030.0
2026-10-01,58000,2027-06-10,put,regular,1187,0.2773,252,2085.0
2026-10-01,58500,2027-06-10,put,regular,401,0.2756,252,2200.0
2026-10-01,59000,2027-06-10,put,regular,535,0.2739,252,2320.0
2026-10-01,59500,2027-06-10,put,regular,212,0.2724,252,2450.0
2026-10-01,60000,2027-06-10,put,regular,2106,0.2707,252,2580.0
2026-10-01,61000,2027-06-10,put,regular,3,0.268,252,2870.0
2026-10-01,62000,2027-06-10,put,regular,800,0.2654,252,3185.0
2026-10-01,63000,2027-06-10,put,regular,950,0.2631,252,3530.0
2026-10-01,64000,2027-06-10,put,regular,270,0.261,252,3905.0
2026-10-01,64750,2027-06-10,put,regular,104,0.2596,252,4205.0
2026-10-01,65000,2027-06-10,put,regular,1988,0.2592,252,4310.0
2026-10-01,65500,2027-06-10,put,regular,26,0.2584,252,4525.0
2026-10-01,66000,2027-06-10,put,regular,575,0.2577,252,4750.0
2026-10-01,66750,2027-06-10,put,regular,150,0.2567,252,5100.0
2026-10-01,67000,2027-06-10,put,regular,1240,0.2566,252,5225.0
2026-10-01,67500,2027-06-10,put,regular,100,0.2561,252,5475.0
2026-10-01,68000,2027-06-10,put,regular,600,0.2556,252,5730.0
2026-10-01,68500,2027-06-10,put,regular,200,0.2552,252,5995.0
2026-10-01,69000,2027-06-10,put,regular,500,0.2549,252,6270.0
2026-10-01,70000,2027-06-10,put,regular,700,0.2547,252,6845.0
2026-10-01,70500,2027-06-10,put,regular,31,0.2546,252,7145.0
2026-10-01,72000,2027-06-10,put,regular,100,0.2546,252,8085.0
2026-10-01,77500,2027-06-10,put,regular,50,0.2607,252,12095.0
2026-10-01,67000,2027-07-08,put,regular,58,0.2604,280,5620.0
2026-10-01,27000,2027-09-09,put,regular,150,0.4252,343,75.0
2026-10-01,31000,2027-09-09,put,regular,200,0.3999,343,138.0
2026-10-01,32000,2027-09-09,put,regular,150,0.394,343,159.0
2026-10-01,45000,2027-09-09,put,regular,100,0.3193,343,715.0
2026-10-01,47000,2027-09-09,put,regular,200,0.3095,343,880.0
2026-10-01,48000,2027-09-09,put,regular,116,0.3047,343,975.0
2026-10-01,49000,2027-09-09,put,regular,200,0.3006,343,1085.0
2026-10-01,50000,2027-09-09,put,regular,226,0.2961,343,1200.0
2026-10-01,51000,2027-09-09,put,regular,16,0.2916,343,1325.0
2026-10-01,52000,2027-09-09,put,regular,6,0.2875,343,1465.0
2026-10-01,53000,2027-09-09,put,regular,316,0.2837,343,1620.0
2026-10-01,54250,2027-09-09,put,regular,200,0.279,343,1835.0
2026-10-01,55000,2027-09-09,put,regular,800,0.2763,343,1975.0
2026-10-01,56000,2027-09-09,put,regular,80,0.273,343,2180.0
2026-10-01,58000,2027-09-09,put,regular,1,0.2665,343,2640.0
2026-10-01,60000,2027-09-09,put,regular,435,0.2609,343,3190.0
2026-10-01,60750,2027-09-09,put,regular,4,0.2589,343,3420.0
2026-10-01,62000,2027-09-09,put,regular,189,0.256,343,3835.0
2026-10-01,64500,2027-09-09,put,regular,92,0.251,343,4790.0
2026-10-01,65000,2027-09-09,put,regular,400,0.25,343,5000.0
2026-10-01,67000,2027-09-09,put,regular,30,0.2469,343,5915.0
2026-10-01,68250,2027-09-09,put,regular,200,0.2454,343,6545.0
2026-10-01,68750,2027-09-09,put,regular,93,0.2449,343,6810.0
2026-10-01,12500,2027-12-09,put,regular,11,0.4887,434,3.0
2026-10-01,13000,2027-12-09,put,regular,1,0.4887,434,4.0
2026-10-01,16000,2027-12-09,put,regular,350,0.4756,434,13.0
2026-10-01,19000,2027-12-09,put,regular,301,0.4589,434,30.0
2026-10-01,20000,2027-12-09,put,regular,400,0.4531,434,38.0
2026-10-01,21000,2027-12-09,put,regular,50,0.447,434,47.0
2026-10-01,22000,2027-12-09,put,regular,408,0.4414,434,58.0
2026-10-01,22500,2027-12-09,put,regular,36,0.4386,434,64.0
2026-10-01,23000,2027-12-09,put,regular,132,0.4353,434,70.0
2026-10-01,23750,2027-12-09,put,regular,39,0.4315,434,81.0
2026-10-01,24000,2027-12-09,put,regular,1721,0.4295,434,84.0
2026-10-01,25000,2027-12-09,put,regular,1350,0.4239,434,100.0
2026-10-01,26000,2027-12-09,put,regular,300,0.4182,434,118.0
2026-10-01,26500,2027-12-09,put,regular,100,0.415,434,127.0
2026-10-01,27000,2027-12-09,put,regular,1300,0.4121,434,137.0
2026-10-01,28000,2027-12-09,put,regular,2125,0.406,434,158.0
2026-10-01,29000,2027-12-09,put,regular,450,0.4003,434,182.0
2026-10-01,29500,2027-12-09,put,regular,249,0.3971,434,194.0
2026-10-01,30000,2027-12-09,put,regular,2645,0.3941,434,207.0
2026-10-01,31000,2027-12-09,put,regular,1750,0.3882,434,235.0
2026-10-01,31500,2027-12-09,put,regular,204,0.3852,434,250.0
2026-10-01,32000,2027-12-09,put,regular,1425,0.3824,434,266.0
2026-10-01,32250,2027-12-09,put,regular,30,0.3809,434,274.0
2026-10-01,32750,2027-12-09,put,regular,35,0.3778,434,290.0
2026-10-01,33000,2027-12-09,put,regular,450,0.3765,434,299.0
2026-10-01,34000,2027-12-09,put,regular,2494,0.3706,434,335.0
2026-10-01,34500,2027-12-09,put,regular,100,0.3679,434,355.0
2026-10-01,35000,2027-12-09,put,regular,1900,0.365,434,375.0
2026-10-01,35500,2027-12-09,put,regular,40,0.362,434,395.0
2026-10-01,36000,2027-12-09,put,regular,1230,0.3597,434,420.0
2026-10-01,36500,2027-12-09,put,regular,300,0.3565,434,440.0
2026-10-01,37000,2027-12-09,put,regular,1150,0.3539,434,465.0
2026-10-01,38000,2027-12-09,put,regular,1175,0.3483,434,515.0
2026-10-01,39000,2027-12-09,put,regular,800,0.3429,434,570.0
2026-10-01,39500,2027-12-09,put,regular,50,0.3403,434,600.0
2026-10-01,40000,2027-12-09,put,regular,3320,0.3376,434,630.0
2026-10-01,40500,2027-12-09,put,regular,450,0.3354,434,665.0
2026-10-01,42000,2027-12-09,put,regular,550,0.3272,434,765.0
2026-10-01,43000,2027-12-09,put,regular,640,0.3225,434,845.0
2026-10-01,44000,2027-12-09,put,regular,100,0.3173,434,925.0
2026-10-01,45000,2027-12-09,put,regular,2176,0.3129,434,1020.0
2026-10-01,46000,2027-12-09,put,regular,1000,0.3083,434,1120.0
2026-10-01,47000,2027-12-09,put,regular,250,0.3036,434,1225.0
2026-10-01,47500,2027-12-09,put,regular,35,0.3016,434,1285.0
2026-10-01,48000,2027-12-09,put,regular,715,0.2994,434,1345.0
2026-10-01,49000,2027-12-09,put,regular,700,0.2953,434,1475.0
2026-10-01,50000,2027-12-09,put,regular,3970,0.2913,434,1615.0
2026-10-01,51000,2027-12-09,put,regular,350,0.2872,434,1765.0
2026-10-01,52000,2027-12-09,put,regular,685,0.2837,434,1935.0
2026-10-01,53000,2027-12-09,put,regular,822,0.2802,434,2115.0
2026-10-01,54000,2027-12-09,put,regular,775,0.2767,434,2310.0
2026-10-01,54500,2027-12-09,put,regular,400,0.2749,434,2410.0
2026-10-01,55000,2027-12-09,put,regular,1400,0.2733,434,2520.0
2026-10-01,55500,2027-12-09,put,regular,75,0.2719,434,2635.0
2026-10-01,56000,2027-12-09,put,regular,470,0.2703,434,2750.0
2026-10-01,57000,2027-12-09,put,regular,820,0.2672,434,2995.0
2026-10-01,58000,2027-12-09,put,regular,1700,0.2645,434,3265.0
2026-10-01,58500,2027-12-09,put,regular,610,0.2631,434,3405.0
2026-10-01,59000,2027-12-09,put,regular,100,0.2618,434,3550.0
2026-10-01,60000,2027-12-09,put,regular,1257,0.2593,434,3860.0
2026-10-01,62000,2027-12-09,put,regular,425,0.2548,434,4545.0
2026-10-01,62500,2027-12-09,put,regular,70,0.2538,434,4730.0
2026-10-01,63000,2027-12-09,put,regular,650,0.2527,434,4920.0
2026-10-01,63500,2027-12-09,put,regular,50,0.2516,434,5115.0
2026-10-01,64000,2027-12-09,put,regular,130,0.2507,434,5320.0
2026-10-01,65000,2027-12-09,put,regular,1300,0.249,434,5745.0
2026-10-01,66000,2027-12-09,put,regular,995,0.2473,434,6195.0
2026-10-01,67000,2027-12-09,put,regular,400,0.2458,434,6670.0
2026-10-01,67500,2027-12-09,put,regular,35,0.2452,434,6920.0
2026-10-01,68000,2027-12-09,put,regular,400,0.2444,434,7170.0
2026-10-01,69000,2027-12-09,put,regular,750,0.2434,434,7700.0
2026-10-01,70000,2027-12-09,put,regular,550,0.2423,434,8250.0
2026-10-01,70500,2027-12-09,put,regular,31,0.2416,434,8530.0
2026-10-01,75000,2027-12-09,put,regular,175,0.2384,434,11355.0
2026-10-01,80000,2027-12-09,put,regular,400,0.2373,434,14995.0
2026-10-01,59000,2028-03-09,put,regular,29,0.2614,525,4170.0
2026-10-01,15000,2028-06-08,put,regular,3,0.3883,616,6.0
2026-10-01,20000,2028-06-08,put,regular,3,0.3839,616,41.0
2026-10-01,25000,2028-06-08,put,regular,630,0.3836,616,165.0
2026-10-01,26000,2028-06-08,put,regular,250,0.3834,616,207.0
2026-10-01,27000,2028-06-08,put,regular,100,0.3835,616,257.0
2026-10-01,30000,2028-06-08,put,regular,300,0.3704,616,385.0
2026-10-01,32000,2028-06-08,put,regular,250,0.3578,616,465.0
2026-10-01,33000,2028-06-08,put,regular,100,0.3525,616,515.0
2026-10-01,35000,2028-06-08,put,regular,200,0.3413,616,620.0
2026-10-01,40000,2028-06-08,put,regular,250,0.3184,616,995.0
2026-10-01,41500,2028-06-08,put,regular,100,0.3122,616,1140.0
2026-10-01,45000,2028-06-08,put,regular,65,0.2988,616,1550.0
2026-10-01,48000,2028-06-08,put,regular,400,0.2886,616,2000.0
2026-10-01,50000,2028-06-08,put,regular,430,0.2822,616,2355.0
2026-10-01,54000,2028-06-08,put,regular,100,0.2706,616,3225.0
2026-10-01,55000,2028-06-08,put,regular,50,0.2682,616,3485.0
2026-10-01,58000,2028-06-08,put,regular,200,0.2611,616,4355.0
2026-10-01,60000,2028-06-08,put,regular,250,0.2569,616,5025.0
2026-10-01,12000,2028-12-07,put,regular,300,0.3693,798,3.0
2026-10-01,16000,2028-12-07,put,regular,1950,0.3684,798,21.0
2026-10-01,18000,2028-12-07,put,regular,100,0.3684,798,44.0
2026-10-01,20000,2028-12-07,put,regular,200,0.3676,798,81.0
2026-10-01,23000,2028-12-07,put,regular,100,0.3673,798,177.0
2026-10-01,23500,2028-12-07,put,regular,38,0.3673,798,199.0
2026-10-01,24000,2028-12-07,put,regular,1000,0.3671,798,222.0
2026-10-01,25000,2028-12-07,put,regular,1200,0.367,798,275.0
2026-10-01,27000,2028-12-07,put,regular,120,0.3675,798,410.0
2026-10-01,27500,2028-12-07,put,regular,50,0.3676,798,450.0
2026-10-01,28000,2028-12-07,put,regular,1250,0.3673,798,490.0
2026-10-01,30000,2028-12-07,put,regular,750,0.3562,798,595.0
2026-10-01,31000,2028-12-07,put,regular,400,0.3505,798,650.0
2026-10-01,32000,2028-12-07,put,regular,850,0.3456,798,715.0
2026-10-01,32250,2028-12-07,put,regular,51,0.3442,798,730.0
2026-10-01,33000,2028-12-07,put,regular,525,0.3404,798,780.0
2026-10-01,34000,2028-12-07,put,regular,775,0.3353,798,850.0
2026-10-01,34750,2028-12-07,put,regular,100,0.332,798,910.0
2026-10-01,35000,2028-12-07,put,regular,1305,0.3303,798,925.0
2026-10-01,36000,2028-12-07,put,regular,2750,0.3259,798,1010.0
2026-10-01,37000,2028-12-07,put,regular,580,0.3212,798,1095.0
2026-10-01,38000,2028-12-07,put,regular,2860,0.3165,798,1185.0
2026-10-01,39000,2028-12-07,put,regular,50,0.3122,798,1285.0
2026-10-01,40000,2028-12-07,put,regular,1210,0.3082,798,1395.0
2026-10-01,42000,2028-12-07,put,regular,350,0.3001,798,1630.0
2026-10-01,43000,2028-12-07,put,regular,100,0.2963,798,1760.0
2026-10-01,44500,2028-12-07,put,regular,75,0.2909,798,1975.0
2026-10-01,45000,2028-12-07,put,regular,770,0.289,798,2050.0
2026-10-01,46000,2028-12-07,put,regular,100,0.2856,798,2210.0
2026-10-01,48000,2028-12-07,put,regular,600,0.2792,798,2565.0
2026-10-01,50000,2028-12-07,put,regular,2450,0.2734,798,2970.0
2026-10-01,51000,2028-12-07,put,regular,150,0.2707,798,3195.0
2026-10-01,52000,2028-12-07,put,regular,250,0.2683,798,3435.0
2026-10-01,53000,2028-12-07,put,regular,50,0.2657,798,3685.0
2026-10-01,55000,2028-12-07,put,regular,725,0.2611,798,4235.0
2026-10-01,56000,2028-12-07,put,regular,450,0.2589,798,4535.0
2026-10-01,57000,2028-12-07,put,regular,150,0.2568,798,4850.0
2026-10-01,60000,2028-12-07,put,regular,550,0.2512,798,5900.0
2026-10-01,63000,2028-12-07,put,regular,25,0.2464,798,7110.0
2026-10-01,65000,2028-12-07,put,regular,925,0.2435,798,8005.0
2026-10-01,68000,2028-12-07,put,regular,100,0.2396,798,9480.0
2026-10-01,69000,2028-12-07,put,regular,270,0.2383,798,10005.0
2026-10-01,70000,2028-12-07,put,regular,225,0.2371,798,10545.0
2026-10-01,75000,2028-12-07,put,regular,80,0.2314,798,13500.0
2026-10-01,15000,2029-06-07,put,regular,1,0.3565,980,27.0
2026-10-01,15000,2029-12-13,put,regular,1,0.347,1169,46.0
2026-10-01,23250,2029-12-13,put,regular,40,0.3452,1169,390.0
2026-10-01,30000,2029-12-13,put,regular,100,0.332,1169,990.0
2026-10-01,32000,2029-12-13,put,regular,113,0.3213,1169,1145.0
2026-10-01,34250,2029-12-13,put,regular,6,0.3103,1169,1345.0
2026-10-01,40000,2029-12-13,put,regular,150,0.287,1169,2025.0
2026-10-01,44000,2029-12-13,put,regular,100,0.2744,1169,2680.0
2026-10-01,45000,2029-12-13,put,regular,75,0.2716,1169,2870.0
2026-10-01,50000,2029-12-13,put,regular,570,0.2592,1169,4000.0
2026-10-01,64000,2029-12-13,put,regular,100,0.235,1169,9000.0
2026-10-01,65000,2029-12-13,put,regular,50,0.2336,1169,9465.0
2026-10-01,70000,2029-12-13,put,regular,100,0.2265,1169,11980.0
2026-10-01,19000,2030-06-13,put,regular,2,0.3367,1351,203.0
2026-10-01,23500,2030-12-12,put,regular,100,0.3183,1533,535.0
2026-10-01,31750,2030-12-12,put,regular,74,0.297,1533,1360.0
2026-10-01,34000,2030-12-12,put,regular,24,0.2878,1533,1600.0
2026-10-01,44000,2030-12-12,put,regular,80,0.2614,1533,3320.0
2026-10-01,45000,2030-12-12,put,regular,40,0.2595,1533,3555.0
2026-10-01,49500,2030-12-12,put,regular,100,0.2514,1533,4750.0
2026-10-01,50000,2030-12-12,put,regular,200,0.2505,1533,4895.0
2026-10-01,64000,2030-12-12,put,regular,3,0.226,1533,10050.0
2026-10-01,31500,2031-12-11,put,regular,52,0.284,1897,1630.0
2026-10-01,68000,2031-12-11,put,regular,100,0.2107,1897,12705.0
2026-10-01,31250,2032-12-09,put,regular,40,0.2751,2261,1900.0
2026-10-01,35000,2026-10-08,call,regular,24,0.2,7,31765.0
2026-10-01,42750,2026-10-08,call,regular,3,0.2,7,24015.0
2026-10-01,45000,2026-10-08,call,regular,2,0.2,7,21770.0
2026-10-01,47500,2026-10-08,call,regular,34,0.2,7,19270.0
2026-10-01,50000,2026-10-08,call,regular,1,0.2,7,16770.0
2026-10-01,53000,2026-10-08,call,regular,34,0.2,7,13770.0
2026-10-01,55000,2026-10-08,call,regular,4,0.2,7,11775.0
2026-10-01,57000,2026-10-08,call,regular,1,0.2,7,9785.0
2026-10-01,59500,2026-10-08,call,regular,14,0.2,7,7300.0
2026-10-01,60000,2026-10-08,call,regular,9,0.2,7,6805.0
2026-10-01,60500,2026-10-08,call,regular,100,0.2,7,6310.0
2026-10-01,61000,2026-10-08,call,regular,201,0.2,7,5820.0
2026-10-01,62000,2026-10-08,call,regular,49,0.2,7,4845.0
2026-10-01,63000,2026-10-08,call,regular,158,0.2,7,3895.0
2026-10-01,63250,2026-10-08,call,regular,6,0.2,7,3660.0
2026-10-01,63500,2026-10-08,call,regular,11,0.2,7,3430.0
2026-10-01,63625,2026-10-08,call,regular,1,0.2,7,3320.0
2026-10-01,63750,2026-10-08,call,regular,4,0.2,7,3205.0
2026-10-01,63875,2026-10-08,call,regular,50,0.2,7,3100.0
2026-10-01,64000,2026-10-08,call,regular,730,0.2,7,2985.0
2026-10-01,64125,2026-10-08,call,regular,1,0.2,7,2880.0
2026-10-01,64250,2026-10-08,call,regular,6,0.2,7,2765.0
2026-10-01,64375,2026-10-08,call,regular,61,0.2,7,2665.0
2026-10-01,64500,2026-10-08,call,regular,211,0.2,7,2555.0
2026-10-01,64625,2026-10-08,call,regular,687,0.2,7,2455.0
2026-10-01,64750,2026-10-08,call,regular,755,0.2,7,2350.0
2026-10-01,64875,2026-10-08,call,regular,7,0.2,7,2250.0
2026-10-01,65000,2026-10-08,call,regular,1342,0.2,7,2155.0
2026-10-01,65125,2026-10-08,call,regular,4,0.2,7,2060.0
2026-10-01,65250,2026-10-08,call,regular,45,0.2,7,1960.0
2026-10-01,65375,2026-10-08,call,regular,7,0.2,7,1875.0
2026-10-01,65500,2026-10-08,call,regular,249,0.2,7,1780.0
2026-10-01,65625,2026-10-08,call,regular,31,0.2,7,1690.0
2026-10-01,65750,2026-10-08,call,regular,134,0.2,7,1605.0
2026-10-01,65875,2026-10-08,call,regular,44,0.2,7,1515.0
2026-10-01,66000,2026-10-08,call,regular,2976,0.2,7,1435.0
2026-10-01,66125,2026-10-08,call,regular,35,0.2,7,1350.0
2026-10-01,66250,2026-10-08,call,regular,86,0.2,7,1280.0
2026-10-01,66375,2026-10-08,call,regular,96,0.2,7,1210.0
2026-10-01,66500,2026-10-08,call,regular,292,0.2,7,1130.0
2026-10-01,66625,2026-10-08,call,regular,66,0.2,7,1075.0
2026-10-01,66750,2026-10-08,call,regular,152,0.2,7,1000.0
2026-10-01,66875,2026-10-08,call,regular,35,0.2,7,935.0
2026-10-01,67000,2026-10-08,call,regular,1905,0.2,7,875.0
2026-10-01,67125,2026-10-08,call,regular,55,0.2,7,805.0
2026-10-01,67250,2026-10-08,call,regular,58,0.0567,7,760.0
2026-10-01,67375,2026-10-08,call,regular,82,0.081,7,705.0
2026-10-01,67500,2026-10-08,call,regular,906,0.0971,7,660.0
2026-10-01,67625,2026-10-08,call,regular,94,0.1057,7,605.0
2026-10-01,67750,2026-10-08,call,regular,1058,0.1172,7,570.0
2026-10-01,67875,2026-10-08,call,regular,21,0.1226,7,520.0
2026-10-01,68000,2026-10-08,call,regular,2282,0.1317,7,490.0
2026-10-01,68125,2026-10-08,call,regular,70,0.1355,7,445.0
2026-10-01,68250,2026-10-08,call,regular,107,0.1421,7,415.0
2026-10-01,68375,2026-10-08,call,regular,15,0.1463,7,380.0
2026-10-01,68500,2026-10-08,call,regular,1433,0.1509,7,350.0
2026-10-01,68625,2026-10-08,call,regular,15,0.1546,7,320.0
2026-10-01,68750,2026-10-08,call,regular,191,0.1594,7,297.0
2026-10-01,68875,2026-10-08,call,regular,160,0.1626,7,271.0
2026-10-01,69000,2026-10-08,call,regular,2710,0.1659,7,248.0
2026-10-01,69125,2026-10-08,call,regular,1,0.1692,7,227.0
2026-10-01,69250,2026-10-08,call,regular,10,0.1721,7,207.0
2026-10-01,69375,2026-10-08,call,regular,3,0.175,7,189.0
2026-10-01,69500,2026-10-08,call,regular,601,0.178,7,173.0
2026-10-01,69625,2026-10-08,call,regular,99,0.1808,7,158.0
2026-10-01,69750,2026-10-08,call,regular,105,0.1834,7,144.0
2026-10-01,69875,2026-10-08,call,regular,117,0.1858,7,131.0
2026-10-01,70000,2026-10-08,call,regular,2855,0.1881,7,119.0
2026-10-01,70125,2026-10-08,call,regular,6,0.1914,7,110.0
2026-10-01,70250,2026-10-08,call,regular,57,0.1926,7,98.0
2026-10-01,70375,2026-10-08,call,regular,128,0.196,7,91.0
2026-10-01,70500,2026-10-08,call,regular,754,0.1964,7,80.0
2026-10-01,70625,2026-10-08,call,regular,23,0.1988,7,73.0
2026-10-01,70750,2026-10-08,call,regular,30,0.2,7,65.0
2026-10-01,70875,2026-10-08,call,regular,2,0.2006,7,57.0
2026-10-01,71000,2026-10-08,call,regular,2303,0.2037,7,53.0
2026-10-01,71125,2026-10-08,call,regular,2,0.2057,7,48.0
2026-10-01,71250,2026-10-08,call,regular,155,0.2072,7,43.0
2026-10-01,71500,2026-10-08,call,regular,427,0.2107,7,35.0
2026-10-01,71625,2026-10-08,call,regular,5,0.2117,7,31.0
2026-10-01,71750,2026-10-08,call,regular,27,0.2135,7,28.0
2026-10-01,71875,2026-10-08,call,regular,1,0.2148,7,25.0
2026-10-01,72000,2026-10-08,call,regular,3649,0.2173,7,23.0
2026-10-01,72125,2026-10-08,call,regular,21000,0.2159,7,19.0
2026-10-01,72250,2026-10-08,call,regular,88,0.2192,7,18.0
2026-10-01,72500,2026-10-08,call,regular,435,0.2234,7,15.0
2026-10-01,72750,2026-10-08,call,regular,29,0.2286,7,13.0
2026-10-01,73000,2026-10-08,call,regular,1788,0.23,7,10.0
2026-10-01,73250,2026-10-08,call,regular,83,0.2326,7,8.0
2026-10-01,73500,2026-10-08,call,regular,219,0.2378,7,7.0
2026-10-01,73750,2026-10-08,call,regular,184,0.237,7,5.0
2026-10-01,74000,2026-10-08,call,regular,1027,0.2457,7,5.0
2026-10-01,74250,2026-10-08,call,regular,128,0.248,7,4.0
2026-10-01,74500,2026-10-08,call,regular,373,0.2486,7,3.0
2026-10-01,74750,2026-10-08,call,regular,96,0.2567,7,3.0
2026-10-01,75000,2026-10-08,call,regular,2545,0.2648,7,3.0
2026-10-01,75250,2026-10-08,call,regular,91,0.262,7,2.0
2026-10-01,75500,2026-10-08,call,regular,72,0.2697,7,2.0
2026-10-01,75750,2026-10-08,call,regular,20,0.2773,7,2.0
2026-10-01,76000,2026-10-08,call,regular,929,0.2849,7,2.0
2026-10-01,76250,2026-10-08,call,regular,25,0.2925,7,2.0
2026-10-01,76500,2026-10-08,call,regular,34,0.2819,7,1.0
2026-10-01,77000,2026-10-08,call,regular,1316,0.296,7,1.0
2026-10-01,77500,2026-10-08,call,regular,132,0.31,7,1.0
2026-10-01,78000,2026-10-08,call,regular,666,0.3239,7,1.0
2026-10-01,78500,2026-10-08,call,regular,48,0.3376,7,1.0
2026-10-01,79000,2026-10-08,call,regular,168,0.3511,7,1.0
2026-10-01,79500,2026-10-08,call,regular,48,0.3646,7,1.0
2026-10-01,80000,2026-10-08,call,regular,1878,0.3779,7,1.0
2026-10-01,80500,2026-10-08,call,regular,49,0.391,7,1.0
2026-10-01,81000,2026-10-08,call,regular,635,0.4041,7,1.0
2026-10-01,81500,2026-10-08,call,regular,26,0.417,7,1.0
2026-10-01,82000,2026-10-08,call,regular,282,0.4299,7,1.0
2026-10-01,82500,2026-10-08,call,regular,19,0.4426,7,1.0
2026-10-01,83000,2026-10-08,call,regular,74,0.4552,7,1.0
2026-10-01,83500,2026-10-08,call,regular,12,0.4677,7,1.0
2026-10-01,84000,2026-10-08,call,regular,25,0.4801,7,1.0
2026-10-01,84500,2026-10-08,call,regular,2,0.4924,7,1.0
2026-10-01,85000,2026-10-08,call,regular,178,0.5046,7,1.0
2026-10-01,87500,2026-10-08,call,regular,75,0.5641,7,1.0
2026-10-01,90000,2026-10-08,call,regular,226,0.6214,7,1.0
2026-10-01,92500,2026-10-08,call,regular,15,0.6767,7,1.0
2026-10-01,95000,2026-10-08,call,regular,59,0.7301,7,1.0
2026-10-01,97500,2026-10-08,call,regular,14,0.7818,7,1.0
2026-10-01,100000,2026-10-08,call,regular,297,0.8318,7,1.0
2026-10-01,44500,2026-11-12,call,regular,2,0.2,42,22355.0
2026-10-01,50250,2026-11-12,call,regular,35,0.2,42,16665.0
2026-10-01,56000,2026-11-12,call,regular,34,0.2,42,11045.0
2026-10-01,57500,2026-11-12,call,regular,100,0.2,42,9615.0
2026-10-01,60000,2026-11-12,call,regular,100,0.2,42,7310.0
2026-10-01,60500,2026-11-12,call,regular,100,0.2,42,6865.0
2026-10-01,61000,2026-11-12,call,regular,200,0.2,42,6430.0
2026-10-01,63250,2026-11-12,call,regular,15,0.2,42,4595.0
2026-10-01,63500,2026-11-12,call,regular,17,0.2,42,4410.0
2026-10-01,64000,2026-11-12,call,regular,131,0.1029,42,4035.0
2026-10-01,64375,2026-11-12,call,regular,2,0.1296,42,3770.0
2026-10-01,64500,2026-11-12,call,regular,201,0.1364,42,3690.0
2026-10-01,64625,2026-11-12,call,regular,1,0.139,42,3595.0
2026-10-01,65000,2026-11-12,call,regular,433,0.1508,42,3350.0
2026-10-01,65125,2026-11-12,call,regular,1,0.1516,42,3255.0
2026-10-01,65375,2026-11-12,call,regular,11,0.1575,42,3100.0
2026-10-01,65500,2026-11-12,call,regular,209,0.1609,42,3030.0
2026-10-01,65750,2026-11-12,call,regular,1,0.1647,42,2875.0
2026-10-01,65875,2026-11-12,call,regular,50,0.1671,42,2805.0
2026-10-01,66000,2026-11-12,call,regular,669,0.1674,42,2720.0
2026-10-01,66125,2026-11-12,call,regular,4,0.17,42,2655.0
2026-10-01,66250,2026-11-12,call,regular,1,0.1716,42,2585.0
2026-10-01,66500,2026-11-12,call,regular,1,0.1749,42,2450.0
2026-10-01,66750,2026-11-12,call,regular,6,0.1767,42,2310.0
2026-10-01,67000,2026-11-12,call,regular,1437,0.1794,42,2185.0
2026-10-01,67500,2026-11-12,call,regular,929,0.1827,42,1935.0
2026-10-01,67750,2026-11-12,call,regular,35,0.185,42,1825.0
2026-10-01,67875,2026-11-12,call,regular,3505000,0.1859,42,1770.0
2026-10-01,68000,2026-11-12,call,regular,624,0.1866,42,1715.0
2026-10-01,68375,2026-11-12,call,regular,16,0.1884,42,1555.0
2026-10-01,68500,2026-11-12,call,regular,15,0.1884,42,1500.0
2026-10-01,68750,2026-11-12,call,regular,10,0.1893,42,1400.0
2026-10-01,68875,2026-11-12,call,regular,25,0.19,42,1355.0
2026-10-01,69000,2026-11-12,call,regular,3680,0.1912,42,1315.0
2026-10-01,69250,2026-11-12,call,regular,1,0.1919,42,1225.0
2026-10-01,69375,2026-11-12,call,regular,112,0.1921,42,1180.0
2026-10-01,69500,2026-11-12,call,regular,16,0.1938,42,1150.0
2026-10-01,69750,2026-11-12,call,regular,1,0.1935,42,1060.0
2026-10-01,69875,2026-11-12,call,regular,16,0.196,42,1040.0
2026-10-01,70000,2026-11-12,call,regular,1088,0.196,42,1000.0
2026-10-01,70250,2026-11-12,call,regular,110,0.1969,42,930.0
2026-10-01,70375,2026-11-12,call,regular,102,0.1972,42,895.0
2026-10-01,70500,2026-11-12,call,regular,30,0.1979,42,865.0
2026-10-01,70750,2026-11-12,call,regular,4,0.1984,42,800.0
2026-10-01,71000,2026-11-12,call,regular,639,0.1996,42,745.0
2026-10-01,71125,2026-11-12,call,regular,2,0.201,42,725.0
2026-10-01,71250,2026-11-12,call,regular,6,0.2004,42,690.0
2026-10-01,71500,2026-11-12,call,regular,366,0.2013,42,640.0
2026-10-01,71625,2026-11-12,call,regular,8,0.203,42,625.0
2026-10-01,71750,2026-11-12,call,regular,495000,0.2025,42,595.0
2026-10-01,72000,2026-11-12,call,regular,1540,0.2033,42,550.0
2026-10-01,72125,2026-11-12,call,regular,11,0.2046,42,535.0
2026-10-01,72250,2026-11-12,call,regular,8,0.2035,42,505.0
2026-10-01,72500,2026-11-12,call,regular,610,0.2049,42,470.0
2026-10-01,72750,2026-11-12,call,regular,1,0.205,42,430.0
2026-10-01,73000,2026-11-12,call,regular,162,0.2064,42,400.0
2026-10-01,73250,2026-11-12,call,regular,1,0.2074,42,370.0
2026-10-01,73500,2026-11-12,call,regular,16,0.208,42,340.0
2026-10-01,73750,2026-11-12,call,regular,2,0.2081,42,310.0
2026-10-01,74000,2026-11-12,call,regular,212,0.2086,42,284.0
2026-10-01,74250,2026-11-12,call,regular,1,0.2093,42,261.0
2026-10-01,74500,2026-11-12,call,regular,120,0.2101,42,240.0
2026-10-01,75000,2026-11-12,call,regular,473,0.2107,42,199.0
2026-10-01,75250,2026-11-12,call,regular,1,0.2113,42,182.0
2026-10-01,75500,2026-11-12,call,regular,85,0.212,42,167.0
2026-10-01,75750,2026-11-12,call,regular,1,0.2127,42,153.0
2026-10-01,76000,2026-11-12,call,regular,158,0.2127,42,138.0
2026-10-01,76250,2026-11-12,call,regular,1,0.2133,42,126.0
2026-10-01,76500,2026-11-12,call,regular,291,0.2136,42,114.0
2026-10-01,77000,2026-11-12,call,regular,159,0.2144,42,94.0
2026-10-01,77500,2026-11-12,call,regular,2,0.2161,42,79.0
2026-10-01,78000,2026-11-12,call,regular,264,0.2165,42,64.0
2026-10-01,78500,2026-11-12,call,regular,2,0.2177,42,53.0
2026-10-01,79000,2026-11-12,call,regular,66,0.2183,42,43.0
2026-10-01,79500,2026-11-12,call,regular,16,0.22,42,36.0
2026-10-01,80000,2026-11-12,call,regular,259,0.2204,42,29.0
2026-10-01,82500,2026-11-12,call,regular,138,0.2289,42,12.0
2026-10-01,85000,2026-11-12,call,regular,138,0.2368,42,5.0
2026-10-01,87500,2026-11-12,call,regular,175,0.252,42,3.0
2026-10-01,90000,2026-11-12,call,regular,256,0.2679,42,2.0
2026-10-01,92500,2026-11-12,call,regular,1,0.2762,42,1.0
2026-10-01,95000,2026-11-12,call,regular,32,0.298,42,1.0
2026-10-01,100000,2026-11-12,call,regular,93,0.3395,42,1.0
2026-10-01,12500,2026-12-10,call,regular,84,0.2,70,54295.0
2026-10-01,20000,2026-12-10,call,regular,150,0.2,70,46815.0
2026-10-01,22000,2026-12-10,call,regular,100,0.2,70,44820.0
2026-10-01,25000,2026-12-10,call,regular,300,0.2,70,41830.0
2026-10-01,26000,2026-12-10,call,regular,350,0.2,70,40830.0
2026-10-01,27000,2026-12-10,call,regular,250,0.2,70,39835.0
2026-10-01,28000,2026-12-10,call,regular,75,0.2,70,38835.0
2026-10-01,28500,2026-12-10,call,regular,125,0.2,70,38340.0
2026-10-01,29000,2026-12-10,call,regular,150,0.2,70,37840.0
2026-10-01,30000,2026-12-10,call,regular,2553,0.2,70,36845.0
2026-10-01,30500,2026-12-10,call,regular,50,0.2,70,36345.0
2026-10-01,31000,2026-12-10,call,regular,241,0.2,70,35850.0
2026-10-01,31500,2026-12-10,call,regular,50,0.2,70,35350.0
2026-10-01,32000,2026-12-10,call,regular,700,0.2,70,34855.0
2026-10-01,32500,2026-12-10,call,regular,250,0.2,70,34355.0
2026-10-01,33000,2026-12-10,call,regular,1950,0.2,70,33860.0
2026-10-01,34000,2026-12-10,call,regular,280,0.2,70,32865.0
2026-10-01,34500,2026-12-10,call,regular,400,0.2,70,32365.0
2026-10-01,35000,2026-12-10,call,regular,435,0.2,70,31870.0
2026-10-01,36000,2026-12-10,call,regular,975,0.2,70,30875.0
2026-10-01,36500,2026-12-10,call,regular,252,0.2,70,30375.0
2026-10-01,37000,2026-12-10,call,regular,450,0.2,70,29880.0
2026-10-01,37500,2026-12-10,call,regular,88,0.2,70,29380.0
2026-10-01,37750,2026-12-10,call,regular,100,0.2,70,29135.0
2026-10-01,38000,2026-12-10,call,regular,1225,0.2,70,28885.0
2026-10-01,38500,2026-12-10,call,regular,700,0.2,70,28390.0
2026-10-01,38750,2026-12-10,call,regular,50,0.2,70,28140.0
2026-10-01,39000,2026-12-10,call,regular,750,0.2,70,27890.0
2026-10-01,39500,2026-12-10,call,regular,500,0.2,70,27395.0
2026-10-01,40000,2026-12-10,call,regular,1200,0.2,70,26900.0
2026-10-01,40500,2026-12-10,call,regular,400,0.2,70,26405.0
2026-10-01,41000,2026-12-10,call,regular,1300,0.2,70,25910.0
2026-10-01,41500,2026-12-10,call,regular,100,0.2,70,25410.0
2026-10-01,42000,2026-12-10,call,regular,1071,0.2,70,24920.0
2026-10-01,42500,2026-12-10,call,regular,250,0.2,70,24425.0
2026-10-01,43000,2026-12-10,call,regular,1400,0.2,70,23925.0
2026-10-01,43250,2026-12-10,call,regular,4,0.2,70,23680.0
2026-10-01,43750,2026-12-10,call,regular,131,0.2,70,23185.0
2026-10-01,44000,2026-12-10,call,regular,600,0.2,70,22940.0
2026-10-01,45000,2026-12-10,call,regular,1842,0.2,70,21970.0
2026-10-01,45250,2026-12-10,call,regular,413,0.2,70,21720.0
2026-10-01,45500,2026-12-10,call,regular,200,0.2,70,21475.0
2026-10-01,46000,2026-12-10,call,regular,2300,0.2,70,20975.0
2026-10-01,46250,2026-12-10,call,regular,315,0.2,70,20740.0
2026-10-01,47000,2026-12-10,call,regular,350,0.2,70,20005.0
2026-10-01,47500,2026-12-10,call,regular,200,0.2,70,19510.0
2026-10-01,48000,2026-12-10,call,regular,750,0.2,70,19015.0
2026-10-01,49000,2026-12-10,call,regular,1000,0.2,70,18030.0
2026-10-01,49500,2026-12-10,call,regular,260,0.2,70,17545.0
2026-10-01,50000,2026-12-10,call,regular,5692,0.2,70,17060.0
2026-10-01,50250,2026-12-10,call,regular,58,0.2,70,16820.0
2026-10-01,50500,2026-12-10,call,regular,600,0.2,70,16575.0
2026-10-01,50750,2026-12-10,call,regular,45,0.2,70,16330.0
2026-10-01,51000,2026-12-10,call,regular,731,0.2,70,16090.0
2026-10-01,52000,2026-12-10,call,regular,802,0.2,70,15120.0
2026-10-01,52250,2026-12-10,call,regular,250,0.2,70,14880.0
2026-10-01,52500,2026-12-10,call,regular,50,0.2,70,14630.0
2026-10-01,53000,2026-12-10,call,regular,1135,0.2,70,14150.0
2026-10-01,53500,2026-12-10,call,regular,106,0.2,70,13670.0
2026-10-01,54000,2026-12-10,call,regular,1941,0.2,70,13175.0
2026-10-01,54500,2026-12-10,call,regular,540,0.2,70,12705.0
2026-10-01,55000,2026-12-10,call,regular,1829,0.2,70,12255.0
2026-10-01,55500,2026-12-10,call,regular,300,0.2,70,11785.0
2026-10-01,56000,2026-12-10,call,regular,791,0.2,70,11315.0
2026-10-01,56500,2026-12-10,call,regular,283,0.2,70,10845.0
2026-10-01,57000,2026-12-10,call,regular,500,0.2,70,10375.0
2026-10-01,57250,2026-12-10,call,regular,113,0.2,70,10160.0
2026-10-01,57500,2026-12-10,call,regular,80,0.2,70,9930.0
2026-10-01,58000,2026-12-10,call,regular,2603,0.2,70,9470.0
2026-10-01,58500,2026-12-10,call,regular,350,0.2,70,9035.0
2026-10-01,59000,2026-12-10,call,regular,1900,0.2,70,8595.0
2026-10-01,59500,2026-12-10,call,regular,100,0.2,70,8165.0
2026-10-01,60000,2026-12-10,call,regular,7478,0.2,70,7740.0
2026-10-01,60500,2026-12-10,call,regular,102,0.2,70,7305.0
2026-10-01,61000,2026-12-10,call,regular,813,0.2,70,6900.0
2026-10-01,61500,2026-12-10,call,regular,1,0.0896,70,6505.0
2026-10-01,62000,2026-12-10,call,regular,1850,0.1412,70,6120.0
2026-10-01,62500,2026-12-10,call,regular,812,0.1582,70,5745.0
2026-10-01,63000,2026-12-10,call,regular,1417,0.1675,70,5370.0
2026-10-01,63500,2026-12-10,call,regular,300,0.174,70,5005.0
2026-10-01,63750,2026-12-10,call,regular,32,0.1777,70,4835.0
2026-10-01,64000,2026-12-10,call,regular,2242,0.1811,70,4670.0
2026-10-01,64500,2026-12-10,call,regular,296,0.1854,70,4335.0
2026-10-01,65000,2026-12-10,call,regular,3594,0.1881,70,4005.0
2026-10-01,65500,2026-12-10,call,regular,734,0.1903,70,3690.0
2026-10-01,65750,2026-12-10,call,regular,15,0.192,70,3545.0
2026-10-01,66000,2026-12-10,call,regular,1092,0.1931,70,3400.0
2026-10-01,66250,2026-12-10,call,regular,15,0.1943,70,3260.0
2026-10-01,66500,2026-12-10,call,regular,2984,0.196,70,3130.0
2026-10-01,67000,2026-12-10,call,regular,1837,0.1977,70,2865.0
2026-10-01,67250,2026-12-10,call,regular,25,0.1969,70,2720.0
2026-10-01,67500,2026-12-10,call,regular,25,0.1966,70,2585.0
2026-10-01,68000,2026-12-10,call,regular,4314,0.1987,70,2360.0
2026-10-01,68500,2026-12-10,call,regular,437,0.2002,70,2145.0
2026-10-01,69000,2026-12-10,call,regular,1646,0.202,70,1950.0
2026-10-01,69250,2026-12-10,call,regular,50,0.2026,70,1855.0
2026-10-01,70000,2026-12-10,call,regular,5509,0.2029,70,1575.0
2026-10-01,71000,2026-12-10,call,regular,1313,0.2068,70,1290.0
2026-10-01,71250,2026-12-10,call,regular,1,0.2076,70,1225.0
2026-10-01,71500,2026-12-10,call,regular,251,0.2057,70,1135.0
2026-10-01,71750,2026-12-10,call,regular,24,0.2073,70,1085.0
2026-10-01,72000,2026-12-10,call,regular,3760,0.2072,70,1020.0
2026-10-01,72250,2026-12-10,call,regular,2,0.2104,70,990.0
2026-10-01,72500,2026-12-10,call,regular,2413,0.2087,70,915.0
2026-10-01,73000,2026-12-10,call,regular,705,0.2096,70,815.0
2026-10-01,73500,2026-12-10,call,regular,400,0.2111,70,730.0
2026-10-01,73750,2026-12-10,call,regular,1,0.2106,70,680.0
2026-10-01,74000,2026-12-10,call,regular,1751,0.2104,70,635.0
2026-10-01,74500,2026-12-10,call,regular,1,0.2122,70,570.0
2026-10-01,74750,2026-12-10,call,regular,1,0.2125,70,535.0
2026-10-01,75000,2026-12-10,call,regular,4228,0.2132,70,505.0
2026-10-01,75500,2026-12-10,call,regular,3,0.2139,70,445.0
2026-10-01,76000,2026-12-10,call,regular,460,0.2151,70,395.0
2026-10-01,76250,2026-12-10,call,regular,12,0.2145,70,365.0
2026-10-01,77000,2026-12-10,call,regular,303,0.2165,70,305.0
2026-10-01,77500,2026-12-10,call,regular,1055,0.2159,70,261.0
2026-10-01,78000,2026-12-10,call,regular,388,0.2156,70,224.0
2026-10-01,79000,2026-12-10,call,regular,208,0.216,70,167.0
2026-10-01,80000,2026-12-10,call,regular,7261,0.2183,70,129.0
2026-10-01,81000,2026-12-10,call,regular,6,0.2179,70,93.0
2026-10-01,82000,2026-12-10,call,regular,3,0.2215,70,74.0
2026-10-01,82500,2026-12-10,call,regular,1128,0.2199,70,60.0
2026-10-01,83000,2026-12-10,call,regular,121,0.2219,70,54.0
2026-10-01,84000,2026-12-10,call,regular,523,0.2253,70,43.0
2026-10-01,85000,2026-12-10,call,regular,1009,0.2293,70,35.0
2026-10-01,87500,2026-12-10,call,regular,2457,0.2385,70,21.0
2026-10-01,90000,2026-12-10,call,regular,1802,0.2476,70,13.0
2026-10-01,95000,2026-12-10,call,regular,1078,0.2632,70,5.0
2026-10-01,100000,2026-12-10,call,regular,519,0.277,70,2.0
2026-10-01,54250,2027-01-07,call,regular,27,0.2,98,13150.0
2026-10-01,58000,2027-01-07,call,regular,1,0.2,98,9835.0
2026-10-01,61000,2027-01-07,call,regular,26,0.1813,98,7375.0
2026-10-01,63750,2027-01-07,call,regular,50,0.1949,98,5305.0
2026-10-01,64000,2027-01-07,call,regular,100,0.1957,98,5135.0
2026-10-01,65000,2027-01-07,call,regular,14,0.1998,98,4505.0
2026-10-01,66000,2027-01-07,call,regular,160,0.2029,98,3925.0
2026-10-01,67000,2027-01-07,call,regular,200,0.2035,98,3370.0
2026-10-01,67500,2027-01-07,call,regular,5,0.205,98,3130.0
2026-10-01,67750,2027-01-07,call,regular,3,0.2047,98,3000.0
2026-10-01,68000,2027-01-07,call,regular,1,0.2051,98,2885.0
2026-10-01,68500,2027-01-07,call,regular,5,0.2053,98,2655.0
2026-10-01,69000,2027-01-07,call,regular,944,0.206,98,2445.0
2026-10-01,69500,2027-01-07,call,regular,2,0.2067,98,2250.0
2026-10-01,70000,2027-01-07,call,regular,2,0.208,98,2075.0
2026-10-01,70250,2027-01-07,call,regular,1,0.2082,98,1985.0
2026-10-01,70500,2027-01-07,call,regular,2,0.2085,98,1900.0
2026-10-01,71000,2027-01-07,call,regular,1,0.2091,98,1740.0
2026-10-01,71500,2027-01-07,call,regular,50,0.21,98,1595.0
2026-10-01,72000,2027-01-07,call,regular,20,0.2109,98,1460.0
2026-10-01,73000,2027-01-07,call,regular,1,0.2085,98,1170.0
2026-10-01,74000,2027-01-07,call,regular,1,0.2089,98,955.0
2026-10-01,75000,2027-01-07,call,regular,1,0.2095,98,775.0
2026-10-01,80000,2027-01-07,call,regular,1,0.2168,98,274.0
2026-10-01,90000,2027-01-07,call,regular,3,0.2447,98,47.0
2026-10-01,100000,2027-01-07,call,regular,7,0.2527,98,5.0
2026-10-01,56000,2027-02-10,call,regular,8,0.2,132,11975.0
2026-10-01,56750,2027-02-10,call,regular,60,0.1585,132,11325.0
2026-10-01,64000,2027-02-10,call,regular,110,0.2135,132,5755.0
2026-10-01,66000,2027-02-10,call,regular,8,0.2152,132,4555.0
2026-10-01,66250,2027-02-10,call,regular,50,0.2152,132,4415.0
2026-10-01,67250,2027-02-10,call,regular,12,0.2163,132,3900.0
2026-10-01,69000,2027-02-10,call,regular,3,0.2142,132,3045.0
2026-10-01,70000,2027-02-10,call,regular,1,0.214,132,2635.0
2026-10-01,71000,2027-02-10,call,regular,2,0.215,132,2285.0
2026-10-01,72500,2027-02-10,call,regular,77,0.215,132,1810.0
2026-10-01,75000,2027-02-10,call,regular,100,0.2172,132,1225.0
2026-10-01,52000,2027-03-11,call,regular,560,0.2,161,15650.0
2026-10-01,52750,2027-03-11,call,regular,8,0.2,161,14970.0
2026-10-01,53000,2027-03-11,call,regular,275,0.2,161,14745.0
2026-10-01,53500,2027-03-11,call,regular,202,0.2,161,14295.0
2026-10-01,53750,2027-03-11,call,regular,44,0.2,161,14070.0
2026-10-01,54000,2027-03-11,call,regular,267,0.2,161,13850.0
2026-10-01,55000,2027-03-11,call,regular,550,0.2,161,12970.0
2026-10-01,56000,2027-03-11,call,regular,50,0.1615,161,12105.0
2026-10-01,56500,2027-03-11,call,regular,1,0.1744,161,11680.0
2026-10-01,57000,2027-03-11,call,regular,365,0.183,161,11260.0
2026-10-01,58000,2027-03-11,call,regular,150,0.194,161,10435.0
2026-10-01,59500,2027-03-11,call,regular,200,0.2031,161,9240.0
2026-10-01,59750,2027-03-11,call,regular,2,0.2045,161,9050.0
2026-10-01,60000,2027-03-11,call,regular,12,0.2056,161,8860.0
2026-10-01,60250,2027-03-11,call,regular,44,0.2064,161,8670.0
2026-10-01,61000,2027-03-11,call,regular,160,0.2084,161,8110.0
2026-10-01,61750,2027-03-11,call,regular,1,0.21,161,7570.0
2026-10-01,62000,2027-03-11,call,regular,200,0.2105,161,7395.0
2026-10-01,62500,2027-03-11,call,regular,508,0.211,161,7045.0
2026-10-01,63000,2027-03-11,call,regular,1052,0.2117,161,6710.0
2026-10-01,64000,2027-03-11,call,regular,150,0.216,161,6115.0
2026-10-01,64250,2027-03-11,call,regular,100,0.2149,161,5940.0
2026-10-01,65000,2027-03-11,call,regular,1401,0.2152,161,5485.0
2026-10-01,66000,2027-03-11,call,regular,1591,0.2158,161,4920.0
2026-10-01,66250,2027-03-11,call,regular,15,0.216,161,4785.0
2026-10-01,66500,2027-03-11,call,regular,22,0.2162,161,4655.0
2026-10-01,66750,2027-03-11,call,regular,267,0.2166,161,4530.0
2026-10-01,67000,2027-03-11,call,regular,501,0.2163,161,4395.0
2026-10-01,68000,2027-03-11,call,regular,940,0.2162,161,3900.0
2026-10-01,69000,2027-03-11,call,regular,350,0.2163,161,3450.0
2026-10-01,69250,2027-03-11,call,regular,10,0.2164,161,3345.0
2026-10-01,70000,2027-03-11,call,regular,1023,0.2167,161,3045.0
2026-10-01,70500,2027-03-11,call,regular,150,0.2159,161,2840.0
2026-10-01,71000,2027-03-11,call,regular,103,0.2161,161,2660.0
2026-10-01,72000,2027-03-11,call,regular,665,0.2165,161,2330.0
2026-10-01,72500,2027-03-11,call,regular,254,0.2168,161,2180.0
2026-10-01,73000,2027-03-11,call,regular,400,0.2155,161,2010.0
2026-10-01,73500,2027-03-11,call,regular,1,0.2157,161,1875.0
2026-10-01,74000,2027-03-11,call,regular,3,0.2158,161,1745.0
2026-10-01,75000,2027-03-11,call,regular,1593,0.2164,161,1515.0
2026-10-01,76000,2027-03-11,call,regular,900,0.2173,161,1315.0
2026-10-01,77500,2027-03-11,call,regular,600,0.2191,161,1065.0
2026-10-01,80000,2027-03-11,call,regular,491,0.2221,161,745.0
2026-10-01,82500,2027-03-11,call,regular,773,0.2259,161,525.0
2026-10-01,85000,2027-03-11,call,regular,225,0.2303,161,375.0
2026-10-01,90000,2027-03-11,call,regular,350,0.2384,161,191.0
2026-10-01,95000,2027-03-11,call,regular,500,0.2443,161,94.0
2026-10-01,100000,2027-03-11,call,regular,85,0.2434,161,38.0
2026-10-01,57000,2027-04-08,call,regular,25,0.165,189,11240.0
2026-10-01,57750,2027-04-08,call,regular,88,0.176,189,10635.0
2026-10-01,65000,2027-04-08,call,regular,88,0.2056,189,5615.0
2026-10-01,67000,2027-04-08,call,regular,25,0.2073,189,4545.0
2026-10-01,60250,2027-05-13,call,regular,8,0.2056,224,9115.0
2026-10-01,61250,2027-05-13,call,regular,23,0.2079,224,8420.0
2026-10-01,71000,2027-05-13,call,regular,23,0.2153,224,3335.0
2026-10-01,72000,2027-05-13,call,regular,8,0.2157,224,2990.0
2026-10-01,16250,2027-06-10,call,regular,114,0.2,252,50250.0
2026-10-01,30000,2027-06-10,call,regular,300,0.2,252,36725.0
2026-10-01,33000,2027-06-10,call,regular,50,0.2,252,33800.0
2026-10-01,36000,2027-06-10,call,regular,150,0.2,252,30890.0
2026-10-01,37000,2027-06-10,call,regular,50,0.2,252,29925.0
2026-10-01,37250,2027-06-10,call,regular,480,0.2,252,29685.0
2026-10-01,38500,2027-06-10,call,regular,140,0.2,252,28485.0
2026-10-01,39000,2027-06-10,call,regular,50,0.2,252,28005.0
2026-10-01,44500,2027-06-10,call,regular,300,0.2,252,22785.0
2026-10-01,50000,2027-06-10,call,regular,300,0.2,252,17735.0
2026-10-01,50500,2027-06-10,call,regular,175,0.2,252,17290.0
2026-10-01,53000,2027-06-10,call,regular,100,0.1558,252,15105.0
2026-10-01,54000,2027-06-10,call,regular,1050,0.1783,252,14255.0
2026-10-01,55000,2027-06-10,call,regular,300,0.1902,252,13425.0
2026-10-01,56000,2027-06-10,call,regular,175,0.197,252,12605.0
2026-10-01,57000,2027-06-10,call,regular,50,0.202,252,11810.0
2026-10-01,58500,2027-06-10,call,regular,58,0.2066,252,10655.0
2026-10-01,60000,2027-06-10,call,regular,750,0.2094,252,9555.0
2026-10-01,62500,2027-06-10,call,regular,150,0.2113,252,7850.0
2026-10-01,63000,2027-06-10,call,regular,100,0.2117,252,7535.0
2026-10-01,64000,2027-06-10,call,regular,470,0.2119,252,6920.0
2026-10-01,65000,2027-06-10,call,regular,552,0.2121,252,6340.0
2026-10-01,65500,2027-06-10,call,regular,62,0.2121,252,6060.0
2026-10-01,66000,2027-06-10,call,regular,506,0.2121,252,5790.0
2026-10-01,66500,2027-06-10,call,regular,125,0.212,252,5525.0
2026-10-01,67000,2027-06-10,call,regular,680,0.2122,252,5275.0
2026-10-01,67500,2027-06-10,call,regular,800,0.212,252,5025.0
2026-10-01,68000,2027-06-10,call,regular,582,0.2121,252,4790.0
2026-10-01,68250,2027-06-10,call,regular,15,0.2121,252,4675.0
2026-10-01,68500,2027-06-10,call,regular,206,0.212,252,4560.0
2026-10-01,69000,2027-06-10,call,regular,1,0.212,252,4340.0
2026-10-01,69250,2027-06-10,call,regular,36,0.2121,252,4235.0
2026-10-01,69500,2027-06-10,call,regular,62,0.2121,252,4130.0
2026-10-01,70000,2027-06-10,call,regular,450,0.2121,252,3925.0
2026-10-01,70500,2027-06-10,call,regular,31,0.2122,252,3730.0
2026-10-01,71000,2027-06-10,call,regular,100,0.2124,252,3545.0
2026-10-01,72000,2027-06-10,call,regular,720,0.2124,252,3190.0
2026-10-01,73000,2027-06-10,call,regular,2,0.2127,252,2870.0
2026-10-01,74000,2027-06-10,call,regular,850,0.2132,252,2580.0
2026-10-01,75000,2027-06-10,call,regular,1348,0.2136,252,2315.0
2026-10-01,76000,2027-06-10,call,regular,150,0.2141,252,2075.0
2026-10-01,77500,2027-06-10,call,regular,671,0.2151,252,1760.0
2026-10-01,80000,2027-06-10,call,regular,1730,0.217,252,1335.0
2026-10-01,85000,2027-06-10,call,regular,3184,0.2221,252,775.0
2026-10-01,90000,2027-06-10,call,regular,400,0.2279,252,455.0
2026-10-01,95000,2027-06-10,call,regular,600,0.2318,252,260.0
2026-10-01,65750,2027-07-08,call,regular,20,0.2165,280,6275.0
2026-10-01,66750,2027-07-08,call,regular,32,0.217,280,5770.0
2026-10-01,75000,2027-07-08,call,regular,32,0.2163,280,2610.0
2026-10-01,77000,2027-07-08,call,regular,20,0.2151,280,2090.0
2026-10-01,68000,2027-08-12,call,regular,22,0.2228,315,5625.0
2026-10-01,69000,2027-08-12,call,regular,53,0.223,315,5185.0
2026-10-01,78000,2027-08-12,call,regular,75,0.2194,315,2225.0
2026-10-01,62500,2027-09-09,call,regular,34,0.2215,343,8780.0
2026-10-01,63250,2027-09-09,call,regular,32,0.2212,343,8320.0
2026-10-01,65000,2027-09-09,call,regular,101,0.2202,343,7305.0
2026-10-01,67000,2027-09-09,call,regular,80,0.2192,343,6250.0
2026-10-01,70000,2027-09-09,call,regular,250,0.2179,343,4880.0
2026-10-01,71250,2027-09-09,call,regular,31,0.2174,343,4380.0
2026-10-01,72250,2027-09-09,call,regular,34,0.2172,343,4015.0
2026-10-01,77500,2027-09-09,call,regular,417,0.2167,343,2485.0
2026-10-01,80000,2027-09-09,call,regular,100,0.2171,343,1965.0
2026-10-01,28000,2027-12-09,call,regular,50,0.2,434,38695.0
2026-10-01,30000,2027-12-09,call,regular,225,0.2,434,36780.0
2026-10-01,31500,2027-12-09,call,regular,50,0.2,434,35350.0
2026-10-01,32000,2027-12-09,call,regular,100,0.2,434,34875.0
2026-10-01,33000,2027-12-09,call,regular,100,0.2,434,33930.0
2026-10-01,34000,2027-12-09,call,regular,375,0.2,434,32985.0
2026-10-01,35000,2027-12-09,call,regular,201,0.2,434,32040.0
2026-10-01,36000,2027-12-09,call,regular,80,0.2,434,31105.0
2026-10-01,36750,2027-12-09,call,regular,442,0.2,434,30400.0
2026-10-01,37000,2027-12-09,call,regular,200,0.2,434,30170.0
2026-10-01,38000,2027-12-09,call,regular,575,0.2,434,29235.0
2026-10-01,39000,2027-12-09,call,regular,125,0.2,434,28310.0
2026-10-01,39250,2027-12-09,call,regular,50,0.2,434,28080.0
2026-10-01,39500,2027-12-09,call,regular,50,0.2,434,27850.0
2026-10-01,40000,2027-12-09,call,regular,350,0.2,434,27390.0
2026-10-01,40500,2027-12-09,call,regular,450,0.2,434,26930.0
2026-10-01,41000,2027-12-09,call,regular,375,0.2,434,26475.0
2026-10-01,42000,2027-12-09,call,regular,200,0.2,434,25565.0
2026-10-01,43000,2027-12-09,call,regular,400,0.2,434,24660.0
2026-10-01,43500,2027-12-09,call,regular,150,0.2,434,24210.0
2026-10-01,45000,2027-12-09,call,regular,1950,0.2,434,22870.0
2026-10-01,46000,2027-12-09,call,regular,500,0.2,434,21990.0
2026-10-01,48000,2027-12-09,call,regular,225,0.1876,434,20255.0
2026-10-01,49000,2027-12-09,call,regular,700,0.199,434,19400.0
2026-10-01,50000,2027-12-09,call,regular,1950,0.2065,434,18560.0
2026-10-01,51000,2027-12-09,call,regular,300,0.2115,434,17730.0
2026-10-01,52500,2027-12-09,call,regular,100,0.2166,434,16515.0
2026-10-01,54000,2027-12-09,call,regular,300,0.2194,434,15330.0
2026-10-01,54500,2027-12-09,call,regular,100,0.2201,434,14945.0
2026-10-01,55000,2027-12-09,call,regular,704,0.2205,434,14560.0
2026-10-01,57000,2027-12-09,call,regular,250,0.2217,434,13075.0
2026-10-01,58000,2027-12-09,call,regular,500,0.2218,434,12360.0
2026-10-01,60000,2027-12-09,call,regular,1225,0.2216,434,10995.0
2026-10-01,61000,2027-12-09,call,regular,200,0.2211,434,10340.0
2026-10-01,62000,2027-12-09,call,regular,200,0.2208,434,9715.0
2026-10-01,62500,2027-12-09,call,regular,70,0.2206,434,9410.0
2026-10-01,63000,2027-12-09,call,regular,300,0.2203,434,9110.0
2026-10-01,63500,2027-12-09,call,regular,50,0.22,434,8815.0
2026-10-01,64000,2027-12-09,call,regular,780,0.2198,434,8530.0
2026-10-01,65000,2027-12-09,call,regular,550,0.2193,434,7975.0
2026-10-01,66000,2027-12-09,call,regular,845,0.2186,434,7440.0
2026-10-01,67000,2027-12-09,call,regular,100,0.2182,434,6935.0
2026-10-01,67500,2027-12-09,call,regular,35,0.218,434,6695.0
2026-10-01,68000,2027-12-09,call,regular,400,0.2177,434,6455.0
2026-10-01,69000,2027-12-09,call,regular,850,0.2172,434,6000.0
2026-10-01,70000,2027-12-09,call,regular,900,0.2168,434,5570.0
2026-10-01,70500,2027-12-09,call,regular,93,0.2167,434,5365.0
2026-10-01,72000,2027-12-09,call,regular,500,0.216,434,4780.0
2026-10-01,72500,2027-12-09,call,regular,100,0.2159,434,4600.0
2026-10-01,73500,2027-12-09,call,regular,100,0.2155,434,4250.0
2026-10-01,75000,2027-12-09,call,regular,552,0.2152,434,3770.0
2026-10-01,77500,2027-12-09,call,regular,600,0.215,434,3080.0
2026-10-01,80000,2027-12-09,call,regular,1150,0.2149,434,2505.0
2026-10-01,85000,2027-12-09,call,regular,100,0.2156,434,1645.0
2026-10-01,87500,2027-12-09,call,regular,100,0.2162,434,1330.0
2026-10-01,95000,2027-12-09,call,regular,2300,0.2193,434,710.0
2026-10-01,100000,2027-12-09,call,regular,800,0.2212,434,465.0
2026-10-01,41500,2028-06-08,call,regular,100,0.2,616,26500.0
2026-10-01,28000,2028-12-07,call,regular,50,0.2,798,39025.0
2026-10-01,30000,2028-12-07,call,regular,80,0.2,798,37200.0
2026-10-01,31000,2028-12-07,call,regular,200,0.2,798,36295.0
2026-10-01,32000,2028-12-07,call,regular,75,0.2,798,35390.0
2026-10-01,33000,2028-12-07,call,regular,125,0.2,798,34490.0
2026-10-01,34500,2028-12-07,call,regular,330,0.2,798,33150.0
2026-10-01,34750,2028-12-07,call,regular,100,0.2,798,32925.0
2026-10-01,35500,2028-12-07,call,regular,443,0.2,798,32260.0
2026-10-01,36000,2028-12-07,call,regular,450,0.2,798,31820.0
2026-10-01,36500,2028-12-07,call,regular,52,0.2,798,31380.0
2026-10-01,38000,2028-12-07,call,regular,120,0.2,798,30065.0
2026-10-01,39000,2028-12-07,call,regular,575,0.1899,798,29200.0
2026-10-01,40000,2028-12-07,call,regular,30,0.2073,798,28340.0
2026-10-01,41000,2028-12-07,call,regular,375,0.2177,798,27490.0
2026-10-01,42000,2028-12-07,call,regular,65,0.2243,798,26645.0
2026-10-01,42500,2028-12-07,call,regular,100,0.2268,798,26225.0
2026-10-01,50000,2028-12-07,call,regular,400,0.24,798,20260.0
2026-10-01,53000,2028-12-07,call,regular,50,0.2399,798,18075.0
2026-10-01,55000,2028-12-07,call,regular,50,0.2394,798,16695.0
2026-10-01,56000,2028-12-07,call,regular,650,0.2391,798,16030.0
2026-10-01,60000,2028-12-07,call,regular,250,0.2372,798,13530.0
2026-10-01,65000,2028-12-07,call,regular,250,0.2349,798,10805.0
2026-10-01,66500,2028-12-07,call,regular,130,0.2342,798,10075.0
2026-10-01,67500,2028-12-07,call,regular,100,0.2338,798,9610.0
2026-10-01,70000,2028-12-07,call,regular,125,0.2329,798,8520.0
2026-10-01,75000,2028-12-07,call,regular,80,0.2311,798,6640.0
2026-10-01,80000,2028-12-07,call,regular,200,0.2296,798,5125.0
2026-10-01,50000,2029-12-13,call,regular,100,0.2495,1169,21840.0
2026-10-01,60000,2029-12-13,call,regular,375,0.2446,1169,15625.0
2026-10-01,65000,2029-12-13,call,regular,50,0.2419,1169,13045.0
2026-10-01,57000,2030-12-12,call,regular,300,0.2585,1533,19375.0
2026-10-01,64000,2030-12-12,call,regular,3,0.2521,1533,15655.0
2026-10-01,60500,2026-10-02,put,mini,3484,0.795,1,2.0
2026-10-01,60625,2026-10-02,put,mini,35,0.7822,1,2.0
2026-10-01,60750,2026-10-02,put,mini,54,0.7694,1,2.0
2026-10-01,60875,2026-10-02,put,mini,82,0.7566,1,2.0
2026-10-01,61000,2026-10-02,put,mini,754,0.7439,1,2.0
2026-10-01,61125,2026-10-02,put,mini,1,0.7311,1,2.0
2026-10-01,61250,2026-10-02,put,mini,43,0.7184,1,2.0
2026-10-01,61375,2026-10-02,put,mini,23,0.7351,1,3.0
2026-10-01,61500,2026-10-02,put,mini,678,0.7219,1,3.0
2026-10-01,61625,2026-10-02,put,mini,36,0.7309,1,4.0
2026-10-01,61750,2026-10-02,put,mini,42,0.7174,1,4.0
2026-10-01,61875,2026-10-02,put,mini,18,0.7218,1,5.0
2026-10-01,62000,2026-10-02,put,mini,732,0.6904,1,4.0
2026-10-01,62125,2026-10-02,put,mini,8,0.6769,1,4.0
2026-10-01,62250,2026-10-02,put,mini,70,0.6805,1,5.0
2026-10-01,62375,2026-10-02,put,mini,19,0.6667,1,5.0
2026-10-01,62500,2026-10-02,put,mini,720,0.6672,1,6.0
2026-10-01,62625,2026-10-02,put,mini,33,0.6532,1,6.0
2026-10-01,62750,2026-10-02,put,mini,102,0.6514,1,7.0
2026-10-01,62875,2026-10-02,put,mini,17,0.6372,1,7.0
2026-10-01,63000,2026-10-02,put,mini,4492,0.6337,1,8.0
2026-10-01,63125,2026-10-02,put,mini,11,0.6463,1,11.0
2026-10-01,63250,2026-10-02,put,mini,78,0.6391,1,12.0
2026-10-01,63375,2026-10-02,put,mini,25,0.6311,1,13.0
2026-10-01,63500,2026-10-02,put,mini,306,0.6226,1,14.0
2026-10-01,63625,2026-10-02,put,mini,13,0.6253,1,17.0
2026-10-01,63750,2026-10-02,put,mini,422,0.6203,1,19.0
2026-10-01,63875,2026-10-02,put,mini,4,0.6093,1,20.0
2026-10-01,64000,2026-10-02,put,mini,793,0.6115,1,24.0
2026-10-01,64125,2026-10-02,put,mini,5,0.6032,1,26.0
2026-10-01,64250,2026-10-02,put,mini,63,0.598,1,29.0
2026-10-01,64375,2026-10-02,put,mini,7,0.595,1,33.0
2026-10-01,64500,2026-10-02,put,mini,376,0.5935,1,38.0
2026-10-01,64625,2026-10-02,put,mini,6,0.593,1,44.0
2026-10-01,64750,2026-10-02,put,mini,286,0.6003,1,54.0
2026-10-01,64875,2026-10-02,put,mini,18,0.6019,1,63.0
2026-10-01,65000,2026-10-02,put,mini,786,0.5911,1,67.0
2026-10-01,65125,2026-10-02,put,mini,9,0.6005,1,82.0
2026-10-01,65250,2026-10-02,put,mini,35,0.5943,1,90.0
2026-10-01,65375,2026-10-02,put,mini,3,0.6074,1,111.0
2026-10-01,65500,2026-10-02,put,mini,289,0.5992,1,120.0
2026-10-01,65625,2026-10-02,put,mini,57,0.6021,1,138.0
2026-10-01,65750,2026-10-02,put,mini,87,0.6064,1,159.0
2026-10-01,65875,2026-10-02,put,mini,74,0.6139,1,185.0
2026-10-01,66000,2026-10-02,put,mini,1236,0.6207,1,213.0
2026-10-01,66125,2026-10-02,put,mini,58,0.639,1,255.0
2026-10-01,66250,2026-10-02,put,mini,91,0.6524,1,296.0
2026-10-01,66375,2026-10-02,put,mini,77,0.6609,1,335.0
2026-10-01,66500,2026-10-02,put,mini,124,0.6676,1,375.0
2026-10-01,66625,2026-10-02,put,mini,50,0.6888,1,435.0
2026-10-01,66750,2026-10-02,put,mini,87,0.7027,1,490.0
2026-10-01,66875,2026-10-02,put,mini,1,0.7062,1,535.0
2026-10-01,67000,2026-10-02,put,mini,31,0.7308,1,610.0
2026-10-01,67250,2026-10-02,put,mini,3,0.7609,1,745.0
2026-10-01,67500,2026-10-02,put,mini,1,0.8188,1,930.0
2026-10-01,68000,2026-10-02,put,mini,6,0.933,1,1330.0
2026-10-01,62250,2026-10-07,put,mini,4,0.4137,6,69.0
2026-10-01,62375,2026-10-07,put,mini,3,0.4084,6,71.0
2026-10-01,64750,2026-10-07,put,mini,4,0.3819,6,272.0
2026-10-01,58375,2026-10-09,put,mini,284,0.4672,8,21.0
2026-10-01,58500,2026-10-09,put,mini,548,0.4644,8,22.0
2026-10-01,58625,2026-10-09,put,mini,5,0.4615,8,23.0
2026-10-01,58750,2026-10-09,put,mini,102,0.4558,8,23.0
2026-10-01,58875,2026-10-09,put,mini,3,0.4527,8,24.0
2026-10-01,59000,2026-10-09,put,mini,436,0.4495,8,25.0
2026-10-01,59125,2026-10-09,put,mini,5,0.4463,8,26.0
2026-10-01,59250,2026-10-09,put,mini,22,0.4404,8,26.0
2026-10-01,59375,2026-10-09,put,mini,2,0.437,8,27.0
2026-10-01,59500,2026-10-09,put,mini,191,0.4335,8,28.0
2026-10-01,59625,2026-10-09,put,mini,28,0.4276,8,28.0
2026-10-01,59750,2026-10-09,put,mini,55,0.4262,8,30.0
2026-10-01,59875,2026-10-09,put,mini,2,0.4244,8,32.0
2026-10-01,60000,2026-10-09,put,mini,921,0.4244,8,35.0
2026-10-01,60125,2026-10-09,put,mini,35,0.4184,8,35.0
2026-10-01,60250,2026-10-09,put,mini,18,0.4161,8,37.0
2026-10-01,60375,2026-10-09,put,mini,1,0.4135,8,39.0
2026-10-01,60500,2026-10-09,put,mini,254,0.4108,8,41.0
2026-10-01,60625,2026-10-09,put,mini,4,0.4063,8,42.0
2026-10-01,60750,2026-10-09,put,mini,56,0.4033,8,44.0
2026-10-01,60875,2026-10-09,put,mini,6,0.4002,8,46.0
2026-10-01,61000,2026-10-09,put,mini,471,0.3983,8,49.0
2026-10-01,61125,2026-10-09,put,mini,6,0.3962,8,52.0
2026-10-01,61250,2026-10-09,put,mini,297,0.3926,8,54.0
2026-10-01,61375,2026-10-09,put,mini,1,0.3875,8,55.0
2026-10-01,61500,2026-10-09,put,mini,182,0.3873,8,60.0
2026-10-01,61625,2026-10-09,put,mini,1,0.3856,8,64.0
2026-10-01,61750,2026-10-09,put,mini,31,0.3813,8,66.0
2026-10-01,61875,2026-10-09,put,mini,4,0.3802,8,71.0
2026-10-01,62000,2026-10-09,put,mini,554,0.3767,8,74.0
2026-10-01,62125,2026-10-09,put,mini,82,0.3779,8,82.0
2026-10-01,62250,2026-10-09,put,mini,19,0.3721,8,83.0
2026-10-01,62375,2026-10-09,put,mini,4,0.3671,8,85.0
2026-10-01,62500,2026-10-09,put,mini,769,0.3682,8,94.0
2026-10-01,62625,2026-10-09,put,mini,101,0.3671,8,101.0
2026-10-01,62750,2026-10-09,put,mini,914,0.3649,8,107.0
2026-10-01,62875,2026-10-09,put,mini,4,0.3653,8,117.0
2026-10-01,63000,2026-10-09,put,mini,696,0.3617,8,122.0
2026-10-01,63125,2026-10-09,put,mini,126,0.3573,8,126.0
2026-10-01,63250,2026-10-09,put,mini,188,0.3593,8,140.0
2026-10-01,63375,2026-10-09,put,mini,3,0.3594,8,152.0
2026-10-01,63500,2026-10-09,put,mini,214,0.3567,8,160.0
2026-10-01,63625,2026-10-09,put,mini,2,0.3577,8,175.0
2026-10-01,63750,2026-10-09,put,mini,92,0.3554,8,185.0
2026-10-01,63875,2026-10-09,put,mini,4,0.3565,8,202.0
2026-10-01,64000,2026-10-09,put,mini,1004,0.3541,8,213.0
2026-10-01,64125,2026-10-09,put,mini,1,0.3556,8,233.0
2026-10-01,64250,2026-10-09,put,mini,433,0.3534,8,246.0
2026-10-01,64375,2026-10-09,put,mini,269,0.3553,8,269.0
2026-10-01,64500,2026-10-09,put,mini,313,0.3536,8,285.0
2026-10-01,64625,2026-10-09,put,mini,2,0.3552,8,310.0
2026-10-01,64750,2026-10-09,put,mini,181,0.3543,8,330.0
2026-10-01,64875,2026-10-09,put,mini,1,0.3568,8,360.0
2026-10-01,65000,2026-10-09,put,mini,431,0.3568,8,385.0
2026-10-01,65125,2026-10-09,put,mini,415,0.3581,8,415.0
2026-10-01,65250,2026-10-09,put,mini,43,0.3572,8,440.0
2026-10-01,65375,2026-10-09,put,mini,4,0.3609,8,480.0
2026-10-01,65500,2026-10-09,put,mini,74,0.3607,8,510.0
2026-10-01,65625,2026-10-09,put,mini,2,0.3616,8,545.0
2026-10-01,65750,2026-10-09,put,mini,93,0.3636,8,585.0
2026-10-01,65875,2026-10-09,put,mini,1,0.3635,8,620.0
2026-10-01,66000,2026-10-09,put,mini,310,0.366,8,665.0
2026-10-01,66125,2026-10-09,put,mini,705,0.3664,8,705.0
2026-10-01,66250,2026-10-09,put,mini,24,0.3707,8,760.0
2026-10-01,66375,2026-10-09,put,mini,815,0.3743,8,815.0
2026-10-01,66500,2026-10-09,put,mini,75,0.3747,8,860.0
2026-10-01,66625,2026-10-09,put,mini,930,0.3814,8,930.0
2026-10-01,66750,2026-10-09,put,mini,32,0.3822,8,980.0
2026-10-01,66875,2026-10-09,put,mini,1,0.3851,8,1040.0
2026-10-01,67000,2026-10-09,put,mini,127,0.3889,8,1105.0
2026-10-01,67125,2026-10-09,put,mini,1,0.3897,8,1160.0
2026-10-01,67250,2026-10-09,put,mini,132,0.3964,8,1240.0
2026-10-01,67375,2026-10-09,put,mini,1,0.4001,8,1310.0
2026-10-01,67500,2026-10-09,put,mini,44,0.4058,8,1390.0
2026-10-01,67750,2026-10-09,put,mini,54,0.4161,8,1550.0
2026-10-01,68000,2026-10-09,put,mini,86,0.4272,8,1720.0
2026-10-01,68125,2026-10-09,put,mini,2,0.4309,8,1800.0
2026-10-01,68250,2026-10-09,put,mini,62,0.4381,8,1895.0
2026-10-01,68500,2026-10-09,put,mini,29,0.4501,8,2080.0
2026-10-01,68750,2026-10-09,put,mini,93,0.4646,8,2280.0
2026-10-01,69000,2026-10-09,put,mini,126,0.4781,8,2480.0
2026-10-01,69250,2026-10-09,put,mini,9,0.493,8,2690.0
2026-10-01,69500,2026-10-09,put,mini,2,0.5082,8,2905.0
2026-10-01,69750,2026-10-09,put,mini,5,0.524,8,3125.0
2026-10-01,70000,2026-10-09,put,mini,10,0.5403,8,3350.0
2026-10-01,70250,2026-10-09,put,mini,35,0.5572,8,3580.0
2026-10-01,70500,2026-10-09,put,mini,1,0.5736,8,3810.0
2026-10-01,71000,2026-10-09,put,mini,6,0.6087,8,4285.0
2026-10-01,71250,2026-10-09,put,mini,4525,0.6262,8,4525.0
2026-10-01,71375,2026-10-09,put,mini,4645,0.6349,8,4645.0
2026-10-01,71500,2026-10-09,put,mini,4765,0.6434,8,4765.0
2026-10-01,71750,2026-10-09,put,mini,907,0.6615,8,5010.0
2026-10-01,72000,2026-10-09,put,mini,5255,0.6793,8,5255.0
2026-10-01,72250,2026-10-09,put,mini,2,0.6968,8,5500.0
2026-10-01,64750,2026-10-14,put,mini,2,0.334,13,525.0
2026-10-01,65250,2026-10-14,put,mini,2,0.3343,13,650.0
2026-10-01,60500,2026-10-16,put,mini,26,0.3516,15,97.0
2026-10-01,61000,2026-10-16,put,mini,10,0.363,15,147.0
2026-10-01,61250,2026-10-16,put,mini,1,0.3604,15,162.0
2026-10-01,61750,2026-10-16,put,mini,4,0.3561,15,198.0
2026-10-01,62000,2026-10-16,put,mini,7,0.3511,15,212.0
2026-10-01,63000,2026-10-16,put,mini,6,0.3313,15,281.0
2026-10-01,63375,2026-10-16,put,mini,1,0.3295,15,330.0
2026-10-01,63750,2026-10-16,put,mini,4,0.329,15,390.0
2026-10-01,64000,2026-10-16,put,mini,1,0.3273,15,430.0
2026-10-01,64375,2026-10-16,put,mini,1,0.3284,15,510.0
2026-10-01,64750,2026-10-16,put,mini,2,0.3283,15,595.0
2026-10-01,65000,2026-10-16,put,mini,4,0.3288,15,660.0
2026-10-01,65250,2026-10-16,put,mini,2,0.3282,15,725.0
2026-10-01,65500,2026-10-16,put,mini,8,0.3278,15,795.0
2026-10-01,66250,2026-10-16,put,mini,4,0.3304,15,1055.0
2026-10-01,66750,2026-10-16,put,mini,4,0.3377,15,1285.0
2026-10-01,67000,2026-10-16,put,mini,2,0.3406,15,1405.0
2026-10-01,60500,2026-10-21,put,mini,6,0.3429,20,167.0
2026-10-01,65250,2026-10-21,put,mini,2,0.3187,20,905.0
2026-10-01,65250,2026-10-23,put,mini,2,0.3154,22,970.0
2026-10-01,66250,2026-10-23,put,mini,4,0.3167,22,1325.0
2026-10-01,66750,2026-10-23,put,mini,4,0.3204,22,1550.0
2026-10-01,63000,2026-10-30,put,mini,1,0.3144,29,625.0
2026-10-01,60500,2026-11-13,put,mini,235,0.3183,43,510.0
2026-10-01,60625,2026-11-13,put,mini,123,0.3173,43,525.0
2026-10-01,60750,2026-11-13,put,mini,16,0.3173,43,545.0
2026-10-01,60875,2026-11-13,put,mini,570,0.3181,43,570.0
2026-10-01,61000,2026-11-13,put,mini,96,0.315,43,575.0
2026-10-01,61250,2026-11-13,put,mini,672,0.3134,43,610.0
2026-10-01,61375,2026-11-13,put,mini,1,0.3147,43,640.0
2026-10-01,61500,2026-11-13,put,mini,24,0.3115,43,645.0
2026-10-01,61625,2026-11-13,put,mini,1,0.3108,43,665.0
2026-10-01,61750,2026-11-13,put,mini,3,0.3101,43,685.0
2026-10-01,61875,2026-11-13,put,mini,705,0.3092,43,705.0
2026-10-01,62000,2026-11-13,put,mini,83,0.3092,43,730.0
2026-10-01,62250,2026-11-13,put,mini,7,0.3079,43,775.0
2026-10-01,62375,2026-11-13,put,mini,5,0.3067,43,795.0
2026-10-01,62500,2026-11-13,put,mini,35,0.3062,43,820.0
2026-10-01,62750,2026-11-13,put,mini,160,0.3058,43,875.0
2026-10-01,62875,2026-11-13,put,mini,1,0.305,43,900.0
2026-10-01,63000,2026-11-13,put,mini,360,0.3042,43,925.0
2026-10-01,63125,2026-11-13,put,mini,1,0.3032,43,950.0
2026-10-01,63250,2026-11-13,put,mini,297,0.3036,43,985.0
2026-10-01,63375,2026-11-13,put,mini,1035,0.306,43,1035.0
2026-10-01,63500,2026-11-13,put,mini,103,0.3034,43,1050.0
2026-10-01,63625,2026-11-13,put,mini,1,0.3014,43,1070.0
2026-10-01,63750,2026-11-13,put,mini,132,0.3021,43,1110.0
2026-10-01,64000,2026-11-13,put,mini,674,0.3011,43,1175.0
2026-10-01,64250,2026-11-13,put,mini,650,0.301,43,1250.0
2026-10-01,64375,2026-11-13,put,mini,1,0.3005,43,1285.0
2026-10-01,64500,2026-11-13,put,mini,197,0.3011,43,1330.0
2026-10-01,64750,2026-11-13,put,mini,196,0.3002,43,1405.0
2026-10-01,65000,2026-11-13,put,mini,268,0.3001,43,1490.0
2026-10-01,65250,2026-11-13,put,mini,48,0.2996,43,1575.0
2026-10-01,65375,2026-11-13,put,mini,1,0.2989,43,1615.0
2026-10-01,65500,2026-11-13,put,mini,51,0.2993,43,1665.0
2026-10-01,65750,2026-11-13,put,mini,22,0.2992,43,1760.0
2026-10-01,65875,2026-11-13,put,mini,1815,0.2998,43,1815.0
2026-10-01,66000,2026-11-13,put,mini,20,0.2987,43,1855.0
2026-10-01,66125,2026-11-13,put,mini,1,0.2997,43,1915.0
2026-10-01,66250,2026-11-13,put,mini,27,0.3,43,1970.0
2026-10-01,66375,2026-11-13,put,mini,2025,0.3002,43,2025.0
2026-10-01,66500,2026-11-13,put,mini,8,0.3009,43,2085.0
2026-10-01,66750,2026-11-13,put,mini,12,0.3009,43,2195.0
2026-10-01,66875,2026-11-13,put,mini,2255,0.3012,43,2255.0
2026-10-01,67000,2026-11-13,put,mini,5,0.3021,43,2320.0
2026-10-01,67250,2026-11-13,put,mini,6,0.3018,43,2435.0
2026-10-01,67500,2026-11-13,put,mini,1,0.3032,43,2570.0
2026-10-01,67750,2026-11-13,put,mini,3,0.3049,43,2710.0
2026-10-01,68000,2026-11-13,put,mini,5,0.3061,43,2850.0
2026-10-01,68125,2026-11-13,put,mini,1,0.3066,43,2920.0
2026-10-01,70000,2026-11-13,put,mini,4130,0.3203,43,4130.0
2026-10-01,70250,2026-11-13,put,mini,200,0.3227,43,4310.0
2026-10-01,71000,2026-11-13,put,mini,2,0.3311,43,4875.0
2026-10-01,71500,2026-11-13,put,mini,1,0.3369,43,5265.0
2026-10-01,72000,2026-11-13,put,mini,18,0.344,43,5675.0
2026-10-01,72250,2026-11-13,put,mini,2,0.3478,43,5885.0
2026-10-01,60500,2026-12-11,put,mini,19,0.301,71,885.0
2026-10-01,60625,2026-12-11,put,mini,1,0.3009,71,910.0
2026-10-01,60750,2026-12-11,put,mini,1,0.3006,71,935.0
2026-10-01,61000,2026-12-11,put,mini,5,0.2994,71,980.0
2026-10-01,61500,2026-12-11,put,mini,1,0.2974,71,1080.0
2026-10-01,61750,2026-12-11,put,mini,4,0.2978,71,1145.0
2026-10-01,62000,2026-12-11,put,mini,8,0.2962,71,1195.0
2026-10-01,62250,2026-12-11,put,mini,1,0.2955,71,1255.0
2026-10-01,62500,2026-12-11,put,mini,3,0.2951,71,1320.0
2026-10-01,63000,2026-12-11,put,mini,3,0.2925,71,1440.0
2026-10-01,63500,2026-12-11,put,mini,1,0.29,71,1570.0
2026-10-01,63875,2026-12-11,put,mini,1,0.2893,71,1685.0
2026-10-01,64000,2026-12-11,call,mini,7,0.2,71,1740.0
2026-10-01,64250,2026-12-11,call,mini,6,0.2,71,1805.0
2026-10-01,64500,2026-12-11,call,mini,2,0.2,71,1905.0
2026-10-01,65000,2026-12-11,call,mini,1,0.2,71,2070.0
2026-10-01,65250,2026-12-11,call,mini,6,0.2,71,2150.0
2026-10-01,65500,2026-12-11,call,mini,6,0.2,71,2255.0
2026-10-01,65750,2026-12-11,call,mini,6,0.0642,71,2360.0
2026-10-01,66000,2026-12-11,call,mini,3,0.1026,71,2465.0
2026-10-01,66750,2026-12-11,call,mini,8,0.1794,71,2810.0
2026-10-01,67000,2026-12-11,call,mini,1,0.2014,71,2925.0
2026-10-01,67250,2026-12-11,call,mini,12,0.2217,71,3030.0
2026-10-01,63500,2026-10-02,call,mini,3275,0.2,1,3275.0
2026-10-01,63625,2026-10-02,call,mini,1,0.2,1,3155.0
2026-10-01,63750,2026-10-02,call,mini,4,0.2,1,3030.0
2026-10-01,64000,2026-10-02,call,mini,4,0.2,1,2785.0
2026-10-01,64250,2026-10-02,call,mini,2540,0.2,1,2540.0
2026-10-01,64375,2026-10-02,call,mini,2420,0.2,1,2420.0
2026-10-01,64500,2026-10-02,call,mini,4,0.2,1,2300.0
2026-10-01,64625,2026-10-02,call,mini,2180,0.2,1,2180.0
2026-10-01,64750,2026-10-02,call,mini,6,0.2,1,2065.0
2026-10-01,64875,2026-10-02,call,mini,1950,0.2,1,1950.0
2026-10-01,65000,2026-10-02,call,mini,26,0.2,1,1830.0
2026-10-01,65125,2026-10-02,call,mini,1,0.2,1,1720.0
2026-10-01,65250,2026-10-02,call,mini,5,0.2,1,1600.0
2026-10-01,65500,2026-10-02,call,mini,125,0.2,1,1380.0
2026-10-01,65625,2026-10-02,call,mini,1275,0.2,1,1275.0
2026-10-01,65750,2026-10-02,call,mini,571,0.2,1,1170.0
2026-10-01,65875,2026-10-02,call,mini,1,0.2,1,1070.0
2026-10-01,66000,2026-10-02,call,mini,245,0.2,1,975.0
2026-10-01,66125,2026-10-02,call,mini,52,0.2,1,890.0
2026-10-01,66250,2026-10-02,call,mini,105,0.2,1,810.0
2026-10-01,66375,2026-10-02,call,mini,58,0.2,1,720.0
2026-10-01,66500,2026-10-02,call,mini,254,0.2,1,635.0
2026-10-01,66625,2026-10-02,call,mini,55,0.2,1,570.0
2026-10-01,66750,2026-10-02,call,mini,45,0.2,1,500.0
2026-10-01,66875,2026-10-02,call,mini,5,0.2,1,420.0
2026-10-01,67000,2026-10-02,call,mini,389,0.2,1,370.0
2026-10-01,67125,2026-10-02,call,mini,6,0.2,1,299.0
2026-10-01,67250,2026-10-02,call,mini,131,0.2,1,254.0
2026-10-01,67375,2026-10-02,call,mini,13,0.2,1,211.0
2026-10-01,67500,2026-10-02,call,mini,914,0.2,1,190.0
2026-10-01,67625,2026-10-02,call,mini,3,0.2,1,161.0
2026-10-01,67750,2026-10-02,call,mini,75,0.2,1,129.0
2026-10-01,67875,2026-10-02,call,mini,2,0.2,1,108.0
2026-10-01,68000,2026-10-02,call,mini,1105,0.0671,1,90.0
2026-10-01,68125,2026-10-02,call,mini,17,0.0944,1,77.0
2026-10-01,68250,2026-10-02,call,mini,98,0.1105,1,60.0
2026-10-01,68375,2026-10-02,call,mini,25,0.1252,1,48.0
2026-10-01,68500,2026-10-02,call,mini,456,0.1388,1,39.0
2026-10-01,68625,2026-10-02,call,mini,19,0.1582,1,37.0
2026-10-01,68750,2026-10-02,call,mini,442,0.1625,1,26.0
2026-10-01,68875,2026-10-02,call,mini,34,0.1724,1,21.0
2026-10-01,69000,2026-10-02,call,mini,873,0.1818,1,17.0
2026-10-01,69125,2026-10-02,call,mini,66,0.1855,1,12.0
2026-10-01,69250,2026-10-02,call,mini,333,0.1914,1,9.0
2026-10-01,69375,2026-10-02,call,mini,1089,0.2067,1,9.0
2026-10-01,64750,2026-10-07,call,mini,4,0.2,6,2295.0
2026-10-01,58375,2026-10-09,call,mini,6,0.2,8,8415.0
2026-10-01,58500,2026-10-09,call,mini,42,0.2,8,8290.0
2026-10-01,59000,2026-10-09,call,mini,7795,0.2,8,7795.0
2026-10-01,59250,2026-10-09,call,mini,7545,0.2,8,7545.0
2026-10-01,59500,2026-10-09,call,mini,5,0.2,8,7300.0
2026-10-01,59750,2026-10-09,call,mini,3,0.2,8,7050.0
2026-10-01,60000,2026-10-09,call,mini,15,0.2,8,6805.0
2026-10-01,60250,2026-10-09,call,mini,1,0.2,8,6560.0
2026-10-01,60500,2026-10-09,call,mini,37,0.2,8,6310.0
2026-10-01,60750,2026-10-09,call,mini,6065,0.2,8,6065.0
2026-10-01,61000,2026-10-09,call,mini,75,0.2,8,5820.0
2026-10-01,61125,2026-10-09,call,mini,8,0.2,8,5695.0
2026-10-01,61250,2026-10-09,call,mini,617,0.2,8,5575.0
2026-10-01,61500,2026-10-09,call,mini,9,0.2,8,5330.0
2026-10-01,61750,2026-10-09,call,mini,5085,0.2,8,5085.0
2026-10-01,61875,2026-10-09,call,mini,4965,0.2,8,4965.0
2026-10-01,62000,2026-10-09,call,mini,8,0.2,8,4845.0
2026-10-01,62250,2026-10-09,call,mini,3,0.2,8,4605.0
2026-10-01,62500,2026-10-09,call,mini,12,0.2,8,4365.0
2026-10-01,62750,2026-10-09,call,mini,959,0.2,8,4130.0
2026-10-01,62875,2026-10-09,call,mini,1,0.2,8,4015.0
2026-10-01,63000,2026-10-09,call,mini,150,0.2,8,3895.0
2026-10-01,63250,2026-10-09,call,mini,138,0.2,8,3660.0
2026-10-01,63375,2026-10-09,call,mini,2,0.2,8,3550.0
2026-10-01,63500,2026-10-09,call,mini,66,0.2,8,3430.0
2026-10-01,63750,2026-10-09,call,mini,73,0.2,8,3205.0
2026-10-01,63875,2026-10-09,call,mini,5,0.2,8,3100.0
2026-10-01,64000,2026-10-09,call,mini,398,0.2,8,2985.0
2026-10-01,64125,2026-10-09,call,mini,1,0.2,8,2880.0
2026-10-01,64250,2026-10-09,call,mini,362,0.2,8,2765.0
2026-10-01,64375,2026-10-09,call,mini,2665,0.2,8,2665.0
2026-10-01,64500,2026-10-09,call,mini,116,0.2,8,2555.0
2026-10-01,64625,2026-10-09,call,mini,1,0.2,8,2455.0
2026-10-01,64750,2026-10-09,call,mini,109,0.2,8,2350.0
2026-10-01,64875,2026-10-09,call,mini,2250,0.2,8,2250.0
2026-10-01,65000,2026-10-09,call,mini,247,0.2,8,2155.0
2026-10-01,65125,2026-10-09,call,mini,2,0.2,8,2060.0
2026-10-01,65250,2026-10-09,call,mini,14,0.2,8,1960.0
2026-10-01,65375,2026-10-09,call,mini,1,0.2,8,1875.0
2026-10-01,65500,2026-10-09,call,mini,174,0.2,8,1780.0
2026-10-01,65625,2026-10-09,call,mini,1690,0.2,8,1690.0
2026-10-01,65750,2026-10-09,call,mini,14,0.2,8,1605.0
2026-10-01,65875,2026-10-09,call,mini,1,0.2,8,1515.0
2026-10-01,66000,2026-10-09,call,mini,406,0.2,8,1435.0
2026-10-01,66125,2026-10-09,call,mini,4,0.2,8,1350.0
2026-10-01,66250,2026-10-09,call,mini,12,0.2,8,1280.0
2026-10-01,66375,2026-10-09,call,mini,2,0.2,8,1210.0
2026-10-01,66500,2026-10-09,call,mini,122,0.2,8,1130.0
2026-10-01,66625,2026-10-09,call,mini,1075,0.2,8,1075.0
2026-10-01,66750,2026-10-09,call,mini,32,0.2,8,1000.0
2026-10-01,66875,2026-10-09,call,mini,1,0.2,8,935.0
2026-10-01,67000,2026-10-09,call,mini,608,0.2,8,875.0
2026-10-01,67125,2026-10-09,call,mini,7,0.2,8,805.0
2026-10-01,67250,2026-10-09,call,mini,116,0.0529,8,760.0
2026-10-01,67375,2026-10-09,call,mini,2,0.0758,8,705.0
2026-10-01,67500,2026-10-09,call,mini,369,0.0908,8,660.0
2026-10-01,67625,2026-10-09,call,mini,1,0.0988,8,605.0
2026-10-01,67750,2026-10-09,call,mini,45,0.1096,8,570.0
2026-10-01,67875,2026-10-09,call,mini,8,0.1146,8,520.0
2026-10-01,68000,2026-10-09,call,mini,777,0.1232,8,490.0
2026-10-01,68125,2026-10-09,call,mini,1,0.1267,8,445.0
2026-10-01,68250,2026-10-09,call,mini,175,0.1329,8,415.0
2026-10-01,68375,2026-10-09,call,mini,6,0.1368,8,380.0
2026-10-01,68500,2026-10-09,call,mini,424,0.1411,8,350.0
2026-10-01,68625,2026-10-09,call,mini,320,0.1446,8,320.0
2026-10-01,68750,2026-10-09,call,mini,75,0.1491,8,297.0
2026-10-01,68875,2026-10-09,call,mini,3,0.1521,8,271.0
2026-10-01,69000,2026-10-09,call,mini,767,0.1552,8,248.0
2026-10-01,69125,2026-10-09,call,mini,2,0.1582,8,227.0
2026-10-01,69250,2026-10-09,call,mini,58,0.1609,8,207.0
2026-10-01,69375,2026-10-09,call,mini,189,0.1637,8,189.0
2026-10-01,69500,2026-10-09,call,mini,200,0.1665,8,173.0
2026-10-01,69625,2026-10-09,call,mini,158,0.1691,8,158.0
2026-10-01,69750,2026-10-09,call,mini,242,0.1715,8,144.0
2026-10-01,69875,2026-10-09,call,mini,1,0.1738,8,131.0
2026-10-01,70000,2026-10-09,call,mini,994,0.176,8,119.0
2026-10-01,70125,2026-10-09,call,mini,1,0.179,8,110.0
2026-10-01,70250,2026-10-09,call,mini,58,0.1801,8,98.0
2026-10-01,70375,2026-10-09,call,mini,3,0.1833,8,91.0
2026-10-01,70500,2026-10-09,call,mini,237,0.1837,8,80.0
2026-10-01,70625,2026-10-09,call,mini,1,0.186,8,73.0
2026-10-01,70750,2026-10-09,call,mini,30,0.1871,8,65.0
2026-10-01,71000,2026-10-09,call,mini,562,0.1906,8,53.0
2026-10-01,71125,2026-10-09,call,mini,3,0.1924,8,48.0
2026-10-01,71250,2026-10-09,call,mini,34,0.1938,8,43.0
2026-10-01,71375,2026-10-09,call,mini,1,0.1947,8,38.0
2026-10-01,71500,2026-10-09,call,mini,132,0.1971,8,35.0
2026-10-01,71625,2026-10-09,call,mini,1,0.198,8,31.0
2026-10-01,71750,2026-10-09,call,mini,951,0.1997,8,28.0
2026-10-01,71875,2026-10-09,call,mini,2,0.201,8,25.0
2026-10-01,72000,2026-10-09,call,mini,466,0.2032,8,23.0
2026-10-01,72125,2026-10-09,call,mini,5,0.2019,8,19.0
2026-10-01,72250,2026-10-09,call,mini,252,0.2051,8,18.0
2026-10-01,64750,2026-10-14,call,mini,2,0.2,13,2555.0
2026-10-01,65250,2026-10-14,call,mini,2,0.2,13,2180.0
2026-10-01,63750,2026-10-16,call,mini,4,0.2,15,3425.0
2026-10-01,64750,2026-10-16,call,mini,2,0.2,15,2635.0
2026-10-01,65000,2026-10-16,call,mini,4,0.2,15,2450.0
2026-10-01,65250,2026-10-16,call,mini,2,0.2,15,2265.0
2026-10-01,65500,2026-10-16,call,mini,8,0.2,15,2085.0
2026-10-01,66250,2026-10-16,call,mini,4,0.2,15,1595.0
2026-10-01,66750,2026-10-16,call,mini,4,0.0846,15,1325.0
2026-10-01,67000,2026-10-16,call,mini,1,0.1037,15,1195.0
2026-10-01,68000,2026-10-16,call,mini,3,0.1408,15,770.0
2026-10-01,68250,2026-10-16,call,mini,2,0.1411,15,655.0
2026-10-01,68500,2026-10-16,call,mini,1,0.1409,15,550.0
2026-10-01,68875,2026-10-16,call,mini,490,0.1555,15,490.0
2026-10-01,69000,2026-10-16,call,mini,13,0.1596,15,470.0
2026-10-01,69250,2026-10-16,call,mini,17,0.1553,15,375.0
2026-10-01,69375,2026-10-16,call,mini,3,0.1571,15,350.0
2026-10-01,65250,2026-10-21,call,mini,2,0.2,20,2460.0
2026-10-01,65250,2026-10-23,call,mini,2,0.2,22,2530.0
2026-10-01,66250,2026-10-23,call,mini,4,0.1037,22,1880.0
2026-10-01,66750,2026-10-23,call,mini,4,0.1284,22,1610.0
2026-10-01,60500,2026-11-13,call,mini,1,0.2,43,6865.0
2026-10-01,61000,2026-11-13,call,mini,6430,0.2,43,6430.0
2026-10-01,61250,2026-11-13,call,mini,215,0.2,43,6215.0
2026-10-01,61500,2026-11-13,call,mini,3,0.2,43,6005.0
2026-10-01,62000,2026-11-13,call,mini,4,0.2,43,5585.0
2026-10-01,62500,2026-11-13,call,mini,5180,0.2,43,5180.0
2026-10-01,62750,2026-11-13,call,mini,32,0.2,43,4985.0
2026-10-01,63000,2026-11-13,call,mini,310,0.2,43,4785.0
2026-10-01,63250,2026-11-13,call,mini,278,0.2,43,4595.0
2026-10-01,63500,2026-11-13,call,mini,71,0.2,43,4410.0
2026-10-01,63750,2026-11-13,call,mini,144,0.2,43,4220.0
2026-10-01,64000,2026-11-13,call,mini,657,0.1016,43,4035.0
2026-10-01,64250,2026-11-13,call,mini,708,0.1237,43,3865.0
2026-10-01,64500,2026-11-13,call,mini,187,0.1347,43,3690.0
2026-10-01,64750,2026-11-13,call,mini,221,0.1431,43,3520.0
2026-10-01,64875,2026-11-13,call,mini,3425,0.1446,43,3425.0
2026-10-01,65000,2026-11-13,call,mini,201,0.149,43,3350.0
2026-10-01,65125,2026-11-13,call,mini,3255,0.1498,43,3255.0
2026-10-01,65250,2026-11-13,call,mini,36,0.1548,43,3190.0
2026-10-01,65500,2026-11-13,call,mini,97,0.159,43,3030.0
2026-10-01,65625,2026-11-13,call,mini,2970,0.1634,43,2970.0
2026-10-01,65750,2026-11-13,call,mini,17,0.1628,43,2875.0
2026-10-01,65875,2026-11-13,call,mini,2805,0.1652,43,2805.0
2026-10-01,66000,2026-11-13,call,mini,32,0.1654,43,2720.0
2026-10-01,66250,2026-11-13,call,mini,43,0.1696,43,2585.0
2026-10-01,66500,2026-11-13,call,mini,6,0.1728,43,2450.0
2026-10-01,66625,2026-11-13,call,mini,2380,0.1738,43,2380.0
2026-10-01,66750,2026-11-13,call,mini,26,0.1746,43,2310.0
2026-10-01,67000,2026-11-13,call,mini,60,0.1773,43,2185.0
2026-10-01,67125,2026-11-13,call,mini,2110,0.177,43,2110.0
2026-10-01,67250,2026-11-13,call,mini,74,0.1782,43,2050.0
2026-10-01,67375,2026-11-13,call,mini,1990,0.1792,43,1990.0
2026-10-01,67500,2026-11-13,call,mini,127,0.1806,43,1935.0
2026-10-01,67625,2026-11-13,call,mini,20,0.1818,43,1880.0
2026-10-01,67750,2026-11-13,call,mini,35,0.1828,43,1825.0
2026-10-01,68000,2026-11-13,call,mini,105,0.1844,43,1715.0
2026-10-01,68250,2026-11-13,call,mini,77,0.1854,43,1605.0
2026-10-01,68500,2026-11-13,call,mini,53,0.1862,43,1500.0
2026-10-01,68625,2026-11-13,call,mini,1445,0.1862,43,1445.0
2026-10-01,68750,2026-11-13,call,mini,81,0.1871,43,1400.0
2026-10-01,69000,2026-11-13,call,mini,77,0.1889,43,1315.0
2026-10-01,69250,2026-11-13,call,mini,8,0.1897,43,1225.0
2026-10-01,69375,2026-11-13,call,mini,1180,0.1898,43,1180.0
2026-10-01,69500,2026-11-13,call,mini,12,0.1916,43,1150.0
2026-10-01,69625,2026-11-13,call,mini,1105,0.1914,43,1105.0
2026-10-01,69750,2026-11-13,call,mini,5,0.1912,43,1060.0
2026-10-01,69875,2026-11-13,call,mini,1040,0.1937,43,1040.0
2026-10-01,70000,2026-11-13,call,mini,117,0.1937,43,1000.0
2026-10-01,70125,2026-11-13,call,mini,950,0.1925,43,950.0
2026-10-01,70250,2026-11-13,call,mini,220,0.1946,43,930.0
2026-10-01,70375,2026-11-13,call,mini,895,0.1949,43,895.0
2026-10-01,70500,2026-11-13,call,mini,8,0.1956,43,865.0
2026-10-01,70625,2026-11-13,call,mini,820,0.1943,43,820.0
2026-10-01,70750,2026-11-13,call,mini,3,0.196,43,800.0
2026-10-01,71000,2026-11-13,call,mini,43,0.1973,43,745.0
2026-10-01,71250,2026-11-13,call,mini,1,0.198,43,690.0
2026-10-01,71500,2026-11-13,call,mini,22,0.199,43,640.0
2026-10-01,71625,2026-11-13,call,mini,625,0.2007,43,625.0
2026-10-01,71750,2026-11-13,call,mini,21,0.2001,43,595.0
2026-10-01,71875,2026-11-13,call,mini,1,0.2017,43,580.0
2026-10-01,72000,2026-11-13,call,mini,372,0.2009,43,550.0
2026-10-01,72125,2026-11-13,call,mini,1,0.2022,43,535.0
2026-10-01,72250,2026-11-13,call,mini,115,0.2011,43,505.0
2026-10-01,60500,2026-12-11,call,mini,7305,0.2,71,7305.0
2026-10-01,61000,2026-12-11,call,mini,6900,0.2,71,6900.0
2026-10-01,63000,2026-12-11,call,mini,5370,0.1663,71,5370.0
2026-10-01,63500,2026-12-11,call,mini,1,0.1728,71,5005.0
2026-10-01,63750,2026-12-11,call,mini,6,0.1764,71,4835.0
2026-10-01,64000,2026-12-11,call,mini,4670,0.1798,71,4670.0
2026-10-01,64500,2026-12-11,call,mini,4335,0.1841,71,4335.0
2026-10-01,64750,2026-12-11,call,mini,6,0.1857,71,4170.0
2026-10-01,65000,2026-12-11,call,mini,6,0.1868,71,4005.0
2026-10-01,65125,2026-12-11,call,mini,1,0.1874,71,3925.0
2026-10-01,65250,2026-12-11,call,mini,6,0.1869,71,3835.0
2026-10-01,65500,2026-12-11,call,mini,1,0.189,71,3690.0
2026-10-01,65750,2026-12-11,call,mini,4,0.1906,71,3545.0
2026-10-01,66000,2026-12-11,call,mini,4,0.1918,71,3400.0
2026-10-01,66250,2026-12-11,call,mini,19,0.1929,71,3260.0
2026-10-01,66500,2026-12-11,call,mini,1,0.1946,71,3130.0
2026-10-01,66750,2026-12-11,call,mini,12,0.1958,71,3000.0
2026-10-01,67000,2026-12-11,call,mini,2,0.1963,71,2865.0
2026-10-01,67125,2026-12-11,call,mini,2755,0.1927,71,2755.0
2026-10-01,67250,2026-12-11,call,mini,1,0.1955,71,2720.0
2026-10-01,67375,2026-12-11,call,mini,1,0.1956,71,2655.0
2026-10-01,67500,2026-12-11,call,mini,1,0.1952,71,2585.0
2026-10-01,67750,2026-12-11,call,mini,2470,0.1962,71,2470.0
2026-10-01,68000,2026-12-11,call,mini,26,0.1973,71,2360.0
2026-10-01,68250,2026-12-11,call,mini,3,0.1984,71,2255.0
2026-10-01,69000,2026-12-11,call,mini,10,0.2006,71,1950.0
