date,strike,expiry,type,product,oi,iv,days_to_expiry,settlement
2026-07-31,20000,2026-08-13,put,regular,2571,1.9136,13,2.0
2026-07-31,22000,2026-08-13,put,regular,531,1.7627,13,2.0
2026-07-31,24000,2026-08-13,put,regular,431,1.6251,13,2.0
2026-07-31,25000,2026-08-13,put,regular,5325,1.5605,13,2.0
2026-07-31,26000,2026-08-13,put,regular,115,1.4986,13,2.0
2026-07-31,27000,2026-08-13,put,regular,180,1.486,13,3.0
2026-07-31,28000,2026-08-13,put,regular,309,1.4268,13,3.0
2026-07-31,29000,2026-08-13,put,regular,280,1.403,13,4.0
2026-07-31,30000,2026-08-13,put,regular,5563,1.3465,13,4.0
2026-07-31,31000,2026-08-13,put,regular,313,1.3173,13,5.0
2026-07-31,32000,2026-08-13,put,regular,214,1.2843,13,6.0
2026-07-31,33000,2026-08-13,put,regular,202,1.2313,13,6.0
2026-07-31,34000,2026-08-13,put,regular,162,1.1968,13,7.0
2026-07-31,35000,2026-08-13,put,regular,2166,1.1742,13,9.0
2026-07-31,36000,2026-08-13,put,regular,250,1.1356,13,10.0
2026-07-31,37000,2026-08-13,put,regular,196,1.1065,13,12.0
2026-07-31,37250,2026-08-13,put,regular,3,1.1033,13,13.0
2026-07-31,37500,2026-08-13,put,regular,53,1.0909,13,13.0
2026-07-31,38000,2026-08-13,put,regular,1607,1.0828,13,15.0
2026-07-31,38250,2026-08-13,put,regular,4,1.078,13,16.0
2026-07-31,38500,2026-08-13,put,regular,82,1.0656,13,16.0
2026-07-31,38750,2026-08-13,put,regular,3,1.0605,13,17.0
2026-07-31,39000,2026-08-13,put,regular,228,1.0482,13,17.0
2026-07-31,39250,2026-08-13,put,regular,5,1.0426,13,18.0
2026-07-31,39500,2026-08-13,put,regular,8,1.0368,13,19.0
2026-07-31,39750,2026-08-13,put,regular,12,1.0306,13,20.0
2026-07-31,40000,2026-08-13,put,regular,2112,1.0184,13,20.0
2026-07-31,40250,2026-08-13,put,regular,8,1.0175,13,22.0
2026-07-31,40500,2026-08-13,put,regular,33,1.0107,13,23.0
2026-07-31,40750,2026-08-13,put,regular,9,1.0036,13,24.0
2026-07-31,41000,2026-08-13,put,regular,177,0.9915,13,24.0
2026-07-31,41250,2026-08-13,put,regular,25,0.9889,13,26.0
2026-07-31,41500,2026-08-13,put,regular,14,0.9857,13,28.0
2026-07-31,41750,2026-08-13,put,regular,20,0.9736,13,28.0
2026-07-31,42000,2026-08-13,put,regular,486,0.9657,13,29.0
2026-07-31,42250,2026-08-13,put,regular,1,0.9578,13,30.0
2026-07-31,42500,2026-08-13,put,regular,140,0.9535,13,32.0
2026-07-31,42750,2026-08-13,put,regular,37,0.9452,13,33.0
2026-07-31,43000,2026-08-13,put,regular,176,0.9368,13,34.0
2026-07-31,43250,2026-08-13,put,regular,10,0.9317,13,36.0
2026-07-31,43500,2026-08-13,put,regular,12,0.9295,13,39.0
2026-07-31,43750,2026-08-13,put,regular,49,0.9174,13,39.0
2026-07-31,44000,2026-08-13,put,regular,250,0.9174,13,43.0
2026-07-31,44250,2026-08-13,put,regular,9,0.9082,13,44.0
2026-07-31,44500,2026-08-13,put,regular,122,0.9017,13,46.0
2026-07-31,44750,2026-08-13,put,regular,57,0.9076,13,53.0
2026-07-31,45000,2026-08-13,put,regular,2421,0.8855,13,49.0
2026-07-31,45250,2026-08-13,put,regular,130,0.8809,13,52.0
2026-07-31,45500,2026-08-13,put,regular,203,0.8712,13,53.0
2026-07-31,45750,2026-08-13,put,regular,33,0.8706,13,58.0
2026-07-31,46000,2026-08-13,put,regular,410,0.8628,13,60.0
2026-07-31,46250,2026-08-13,put,regular,21,0.857,13,63.0
2026-07-31,46500,2026-08-13,put,regular,281,0.8469,13,64.0
2026-07-31,46750,2026-08-13,put,regular,57,0.8387,13,66.0
2026-07-31,47000,2026-08-13,put,regular,445,0.8323,13,69.0
2026-07-31,47250,2026-08-13,put,regular,69,0.8274,13,73.0
2026-07-31,47500,2026-08-13,put,regular,352,0.8205,13,76.0
2026-07-31,47750,2026-08-13,put,regular,184,0.8151,13,80.0
2026-07-31,48000,2026-08-13,put,regular,1219,0.8077,13,83.0
2026-07-31,48250,2026-08-13,put,regular,127,0.8047,13,89.0
2026-07-31,48500,2026-08-13,put,regular,370,0.7954,13,91.0
2026-07-31,48750,2026-08-13,put,regular,167,0.7931,13,98.0
2026-07-31,49000,2026-08-13,put,regular,1477,0.7835,13,100.0
2026-07-31,49250,2026-08-13,put,regular,141,0.8035,13,126.0
2026-07-31,49500,2026-08-13,put,regular,611,0.7954,13,130.0
2026-07-31,49750,2026-08-13,put,regular,56,0.7827,13,130.0
2026-07-31,50000,2026-08-13,put,regular,3309,0.7529,13,115.0
2026-07-31,50250,2026-08-13,put,regular,180,0.7575,13,130.0
2026-07-31,50500,2026-08-13,put,regular,505,0.746,13,131.0
2026-07-31,50750,2026-08-13,put,regular,811,0.7508,13,148.0
2026-07-31,51000,2026-08-13,put,regular,988,0.7332,13,143.0
2026-07-31,51250,2026-08-13,put,regular,57,0.7321,13,155.0
2026-07-31,51500,2026-08-13,put,regular,273,0.7239,13,160.0
2026-07-31,51750,2026-08-13,put,regular,48,0.72,13,170.0
2026-07-31,52000,2026-08-13,put,regular,876,0.7114,13,175.0
2026-07-31,52250,2026-08-13,put,regular,87,0.7067,13,185.0
2026-07-31,52500,2026-08-13,put,regular,555,0.7017,13,195.0
2026-07-31,52750,2026-08-13,put,regular,9,0.6924,13,200.0
2026-07-31,53000,2026-08-13,put,regular,1688,0.6904,13,215.0
2026-07-31,53250,2026-08-13,put,regular,55,0.6807,13,220.0
2026-07-31,53500,2026-08-13,put,regular,336,0.6804,13,239.0
2026-07-31,53750,2026-08-13,put,regular,72,0.6742,13,250.0
2026-07-31,54000,2026-08-13,put,regular,825,0.6707,13,266.0
2026-07-31,54250,2026-08-13,put,regular,196,0.6655,13,280.0
2026-07-31,54500,2026-08-13,put,regular,729,0.6622,13,298.0
2026-07-31,54750,2026-08-13,put,regular,79,0.6577,13,315.0
2026-07-31,55000,2026-08-13,put,regular,2387,0.6465,13,320.0
2026-07-31,55250,2026-08-13,put,regular,166,0.6505,13,355.0
2026-07-31,55500,2026-08-13,put,regular,612,0.6437,13,370.0
2026-07-31,55750,2026-08-13,put,regular,345,0.6412,13,395.0
2026-07-31,56000,2026-08-13,put,regular,912,0.6403,13,425.0
2026-07-31,56250,2026-08-13,put,regular,149,0.6365,13,450.0
2026-07-31,56500,2026-08-13,put,regular,1750,0.6342,13,480.0
2026-07-31,56750,2026-08-13,put,regular,43,0.6213,13,485.0
2026-07-31,56875,2026-08-13,put,regular,14,0.658,13,600.0
2026-07-31,57000,2026-08-13,put,regular,1787,0.6277,13,540.0
2026-07-31,57125,2026-08-13,put,regular,103,0.6442,13,605.0
2026-07-31,57250,2026-08-13,put,regular,452,0.6273,13,580.0
2026-07-31,57375,2026-08-13,put,regular,17,0.641,13,640.0
2026-07-31,57500,2026-08-13,put,regular,1310,0.6154,13,590.0
2026-07-31,57625,2026-08-13,put,regular,53,0.6441,13,695.0
2026-07-31,57750,2026-08-13,put,regular,62,0.6138,13,630.0
2026-07-31,57875,2026-08-13,put,regular,32,0.6379,13,725.0
2026-07-31,58000,2026-08-13,put,regular,3773,0.6182,13,690.0
2026-07-31,58125,2026-08-13,put,regular,517,0.6264,13,740.0
2026-07-31,58250,2026-08-13,put,regular,35,0.6102,13,715.0
2026-07-31,58375,2026-08-13,put,regular,14,0.6227,13,780.0
2026-07-31,58500,2026-08-13,put,regular,457,0.6112,13,770.0
2026-07-31,58625,2026-08-13,put,regular,11,0.6259,13,845.0
2026-07-31,58750,2026-08-13,put,regular,76,0.6204,13,855.0
2026-07-31,58875,2026-08-13,put,regular,15,0.6252,13,900.0
2026-07-31,59000,2026-08-13,put,regular,1932,0.6079,13,870.0
2026-07-31,59125,2026-08-13,put,regular,43,0.6252,13,960.0
2026-07-31,59250,2026-08-13,put,regular,79,0.6207,13,975.0
2026-07-31,59375,2026-08-13,put,regular,17,0.6272,13,1030.0
2026-07-31,59500,2026-08-13,put,regular,2335,0.6114,13,1005.0
2026-07-31,59625,2026-08-13,put,regular,25,0.6216,13,1075.0
2026-07-31,59750,2026-08-13,put,regular,28,0.6232,13,1115.0
2026-07-31,59875,2026-08-13,put,regular,57,0.6207,13,1140.0
2026-07-31,60000,2026-08-13,put,regular,4010,0.618,13,1165.0
2026-07-31,60125,2026-08-13,put,regular,102,0.6242,13,1225.0
2026-07-31,60250,2026-08-13,put,regular,97,0.625,13,1265.0
2026-07-31,60375,2026-08-13,put,regular,43,0.6269,13,1310.0
2026-07-31,60500,2026-08-13,put,regular,610,0.6148,13,1300.0
2026-07-31,60625,2026-08-13,put,regular,399,0.6262,13,1385.0
2026-07-31,60750,2026-08-13,put,regular,46,0.6298,13,1440.0
2026-07-31,60875,2026-08-13,put,regular,28,0.6295,13,1480.0
2026-07-31,61000,2026-08-13,put,regular,2303,0.6327,13,1535.0
2026-07-31,61125,2026-08-13,put,regular,27,0.6344,13,1585.0
2026-07-31,61250,2026-08-13,put,regular,8,0.6371,13,1640.0
2026-07-31,61375,2026-08-13,put,regular,32,0.628,13,1645.0
2026-07-31,61500,2026-08-13,put,regular,825,0.628,13,1690.0
2026-07-31,61625,2026-08-13,put,regular,42,0.6426,13,1800.0
2026-07-31,61750,2026-08-13,put,regular,63,0.6467,13,1865.0
2026-07-31,61875,2026-08-13,put,regular,11,0.6516,13,1935.0
2026-07-31,62000,2026-08-13,put,regular,2569,0.6374,13,1920.0
2026-07-31,62125,2026-08-13,put,regular,164,0.6575,13,2060.0
2026-07-31,62250,2026-08-13,put,regular,135,0.6563,13,2105.0
2026-07-31,62375,2026-08-13,put,regular,28,0.6625,13,2185.0
2026-07-31,62500,2026-08-13,put,regular,986,0.6794,13,2315.0
2026-07-31,62625,2026-08-13,put,regular,34,0.6732,13,2340.0
2026-07-31,62750,2026-08-13,put,regular,370,0.6691,13,2375.0
2026-07-31,62875,2026-08-13,put,regular,510,0.6788,13,2475.0
2026-07-31,63000,2026-08-13,put,regular,2966,0.6872,13,2570.0
2026-07-31,63125,2026-08-13,put,regular,78,0.6836,13,2610.0
2026-07-31,63250,2026-08-13,put,regular,144,0.6831,13,2665.0
2026-07-31,63375,2026-08-13,put,regular,60,0.693,13,2770.0
2026-07-31,63500,2026-08-13,put,regular,818,0.6922,13,2825.0
2026-07-31,63625,2026-08-13,put,regular,36,0.6912,13,2880.0
2026-07-31,63750,2026-08-13,put,regular,8,0.7005,13,2985.0
2026-07-31,63875,2026-08-13,put,regular,50,0.7137,13,3110.0
2026-07-31,64000,2026-08-13,put,regular,2971,0.7195,13,3200.0
2026-07-31,64125,2026-08-13,put,regular,54,0.722,13,3275.0
2026-07-31,64250,2026-08-13,put,regular,46,0.7181,13,3320.0
2026-07-31,64375,2026-08-13,put,regular,21,0.7306,13,3445.0
2026-07-31,64500,2026-08-13,put,regular,795,0.7296,13,3505.0
2026-07-31,64625,2026-08-13,put,regular,20,0.7397,13,3620.0
2026-07-31,64750,2026-08-13,put,regular,34,0.7404,13,3690.0
2026-07-31,64875,2026-08-13,put,regular,6,0.7492,13,3800.0
2026-07-31,65000,2026-08-13,put,regular,5028,0.7558,13,3900.0
2026-07-31,65125,2026-08-13,put,regular,7,0.754,13,3960.0
2026-07-31,65250,2026-08-13,put,regular,72,0.7613,13,4065.0
2026-07-31,65375,2026-08-13,put,regular,8,0.7665,13,4160.0
2026-07-31,65500,2026-08-13,put,regular,995,0.7746,13,4270.0
2026-07-31,65625,2026-08-13,put,regular,65,0.7764,13,4350.0
2026-07-31,65750,2026-08-13,put,regular,153,0.7863,13,4470.0
2026-07-31,65875,2026-08-13,put,regular,512,0.795,13,4585.0
2026-07-31,66000,2026-08-13,put,regular,1785,0.7995,13,4680.0
2026-07-31,66125,2026-08-13,put,regular,111,0.807,13,4790.0
2026-07-31,66250,2026-08-13,put,regular,24,0.8113,13,4885.0
2026-07-31,66375,2026-08-13,put,regular,5,0.8196,13,5000.0
2026-07-31,66500,2026-08-13,put,regular,684,0.8257,13,5105.0
2026-07-31,66625,2026-08-13,put,regular,16,0.8328,13,5215.0
2026-07-31,66750,2026-08-13,put,regular,15,0.8387,13,5320.0
2026-07-31,66875,2026-08-13,put,regular,82,0.8466,13,5435.0
2026-07-31,67000,2026-08-13,put,regular,1639,0.8555,13,5555.0
2026-07-31,67125,2026-08-13,put,regular,1,0.8601,13,5655.0
2026-07-31,67250,2026-08-13,put,regular,56,0.8667,13,5765.0
2026-07-31,67375,2026-08-13,put,regular,1,0.8742,13,5880.0
2026-07-31,67500,2026-08-13,put,regular,398,0.8816,13,5995.0
2026-07-31,67625,2026-08-13,put,regular,1,0.889,13,6110.0
2026-07-31,67750,2026-08-13,put,regular,3,0.8942,13,6215.0
2026-07-31,68000,2026-08-13,put,regular,2402,0.9138,13,6470.0
2026-07-31,68125,2026-08-13,put,regular,2,0.9177,13,6570.0
2026-07-31,68250,2026-08-13,put,regular,191,0.9247,13,6685.0
2026-07-31,68375,2026-08-13,put,regular,12,0.9326,13,6805.0
2026-07-31,68500,2026-08-13,put,regular,221,0.9405,13,6925.0
2026-07-31,68625,2026-08-13,put,regular,1,0.9473,13,7040.0
2026-07-31,68750,2026-08-13,put,regular,6,0.9551,13,7160.0
2026-07-31,68875,2026-08-13,put,regular,6,0.9638,13,7285.0
2026-07-31,69000,2026-08-13,put,regular,1726,0.9725,13,7410.0
2026-07-31,69125,2026-08-13,put,regular,10,0.978,13,7520.0
2026-07-31,69500,2026-08-13,put,regular,602,1.0025,13,7890.0
2026-07-31,69750,2026-08-13,put,regular,1,1.016,13,8125.0
2026-07-31,70000,2026-08-13,put,regular,3125,1.0315,13,8370.0
2026-07-31,70125,2026-08-13,put,regular,1,1.0386,13,8490.0
2026-07-31,70250,2026-08-13,put,regular,1,1.0457,13,8610.0
2026-07-31,70375,2026-08-13,put,regular,1,1.0538,13,8735.0
2026-07-31,70500,2026-08-13,put,regular,5,1.0608,13,8855.0
2026-07-31,71000,2026-08-13,put,regular,186,1.0904,13,9345.0
2026-07-31,72000,2026-08-13,put,regular,200,1.1496,13,10335.0
2026-07-31,72250,2026-08-13,put,regular,1,1.1635,13,10580.0
2026-07-31,73000,2026-08-13,put,regular,13,1.2064,13,11325.0
2026-07-31,73750,2026-08-13,put,regular,59685000,1.2481,13,12070.0
2026-07-31,74000,2026-08-13,put,regular,10,1.2621,13,12320.0
2026-07-31,75000,2026-08-13,put,regular,61,1.3158,13,13315.0
2026-07-31,77500,2026-08-13,put,regular,5,1.4453,13,15815.0
2026-07-31,20000,2026-09-10,put,regular,989,1.2098,41,8.0
2026-07-31,21000,2026-09-10,put,regular,32,1.1739,41,9.0
2026-07-31,22000,2026-09-10,put,regular,21,1.1489,41,11.0
2026-07-31,23000,2026-09-10,put,regular,17,1.1301,41,14.0
2026-07-31,24000,2026-09-10,put,regular,19,1.1005,41,16.0
2026-07-31,25000,2026-09-10,put,regular,4697,1.0765,41,19.0
2026-07-31,26000,2026-09-10,put,regular,120,1.0509,41,22.0
2026-07-31,27000,2026-09-10,put,regular,4,1.0241,41,25.0
2026-07-31,27500,2026-09-10,put,regular,15,1.0127,41,27.0
2026-07-31,27750,2026-09-10,put,regular,30000,1.0068,41,28.0
2026-07-31,28000,2026-09-10,put,regular,21,0.9967,41,28.0
2026-07-31,28750,2026-09-10,put,regular,65,0.975,41,30.0
2026-07-31,29000,2026-09-10,put,regular,41,0.9689,41,31.0
2026-07-31,29250,2026-09-10,put,regular,35000,0.9628,41,32.0
2026-07-31,30000,2026-09-10,put,regular,4273,0.9342,41,32.0
2026-07-31,30500,2026-09-10,put,regular,86,0.9253,41,35.0
2026-07-31,31000,2026-09-10,put,regular,5,0.9187,41,39.0
2026-07-31,31500,2026-09-10,put,regular,15,0.9112,41,43.0
2026-07-31,32000,2026-09-10,put,regular,38,0.9029,41,47.0
2026-07-31,33000,2026-09-10,put,regular,186,0.8887,41,57.0
2026-07-31,34000,2026-09-10,put,regular,20,0.8679,41,65.0
2026-07-31,34750,2026-09-10,put,regular,69,0.8514,41,71.0
2026-07-31,35000,2026-09-10,put,regular,1051,0.8475,41,74.0
2026-07-31,35750,2026-09-10,put,regular,50,0.8241,41,76.0
2026-07-31,36000,2026-09-10,put,regular,46,0.8169,41,77.0
2026-07-31,36750,2026-09-10,put,regular,56,0.7982,41,82.0
2026-07-31,37000,2026-09-10,put,regular,564,0.8006,41,90.0
2026-07-31,37500,2026-09-10,put,regular,27,0.8019,41,105.0
2026-07-31,37750,2026-09-10,put,regular,1,0.7932,41,105.0
2026-07-31,38000,2026-09-10,put,regular,765,0.7857,41,106.0
2026-07-31,38500,2026-09-10,put,regular,226,0.7828,41,119.0
2026-07-31,39000,2026-09-10,put,regular,65,0.7716,41,125.0
2026-07-31,39250,2026-09-10,put,regular,165,0.764,41,126.0
2026-07-31,39500,2026-09-10,put,regular,350,0.7641,41,135.0
2026-07-31,40000,2026-09-10,put,regular,2684,0.7542,41,143.0
2026-07-31,40250,2026-09-10,put,regular,1,0.7483,41,146.0
2026-07-31,40500,2026-09-10,put,regular,176,0.7466,41,154.0
2026-07-31,40750,2026-09-10,put,regular,42,0.7388,41,155.0
2026-07-31,41000,2026-09-10,put,regular,865,0.7311,41,156.0
2026-07-31,41250,2026-09-10,put,regular,1,0.7259,41,160.0
2026-07-31,41500,2026-09-10,put,regular,77,0.7221,41,166.0
2026-07-31,41750,2026-09-10,put,regular,1,0.7166,41,170.0
2026-07-31,42000,2026-09-10,put,regular,1951,0.7126,41,176.0
2026-07-31,42250,2026-09-10,put,regular,21,0.707,41,180.0
2026-07-31,42500,2026-09-10,put,regular,50,0.7035,41,187.0
2026-07-31,42750,2026-09-10,put,regular,17,0.6971,41,190.0
2026-07-31,43000,2026-09-10,put,regular,1022,0.694,41,198.0
2026-07-31,43250,2026-09-10,put,regular,65,0.6869,41,200.0
2026-07-31,43500,2026-09-10,put,regular,682,0.6861,41,212.0
2026-07-31,43750,2026-09-10,put,regular,14,0.6813,41,218.0
2026-07-31,44000,2026-09-10,put,regular,1456,0.677,41,225.0
2026-07-31,44250,2026-09-10,put,regular,27,0.6709,41,229.0
2026-07-31,44500,2026-09-10,put,regular,126,0.6693,41,241.0
2026-07-31,44750,2026-09-10,put,regular,14,0.6619,41,243.0
2026-07-31,45000,2026-09-10,put,regular,2491,0.661,41,257.0
2026-07-31,45500,2026-09-10,put,regular,101,0.6523,41,273.0
2026-07-31,45750,2026-09-10,put,regular,33,0.6438,41,273.0
2026-07-31,46000,2026-09-10,put,regular,1922,0.6436,41,290.0
2026-07-31,46250,2026-09-10,put,regular,67,0.6393,41,299.0
2026-07-31,46500,2026-09-10,put,regular,341,0.6358,41,310.0
2026-07-31,46750,2026-09-10,put,regular,24,0.6361,41,330.0
2026-07-31,47000,2026-09-10,put,regular,1034,0.6297,41,335.0
2026-07-31,47250,2026-09-10,put,regular,19,0.6314,41,360.0
2026-07-31,47500,2026-09-10,put,regular,1016,0.6208,41,355.0
2026-07-31,47750,2026-09-10,put,regular,70,0.6259,41,390.0
2026-07-31,48000,2026-09-10,put,regular,3224,0.6134,41,380.0
2026-07-31,48250,2026-09-10,put,regular,72,0.6086,41,390.0
2026-07-31,48500,2026-09-10,put,regular,676,0.6073,41,410.0
2026-07-31,48750,2026-09-10,put,regular,26,0.6004,41,415.0
2026-07-31,49000,2026-09-10,put,regular,1355,0.6005,41,440.0
2026-07-31,49250,2026-09-10,put,regular,209,0.5951,41,450.0
2026-07-31,49500,2026-09-10,put,regular,182,0.593,41,470.0
2026-07-31,49750,2026-09-10,put,regular,141,0.5875,41,480.0
2026-07-31,50000,2026-09-10,put,regular,9321,0.5865,41,505.0
2026-07-31,50250,2026-09-10,put,regular,40,0.5867,41,535.0
2026-07-31,50500,2026-09-10,put,regular,1330,0.5808,41,545.0
2026-07-31,50750,2026-09-10,put,regular,145,0.5861,41,595.0
2026-07-31,51000,2026-09-10,put,regular,1190,0.5743,41,585.0
2026-07-31,51250,2026-09-10,put,regular,211,0.5789,41,635.0
2026-07-31,51500,2026-09-10,put,regular,241,0.5672,41,625.0
2026-07-31,51750,2026-09-10,put,regular,44,0.5697,41,670.0
2026-07-31,52000,2026-09-10,put,regular,1680,0.5606,41,670.0
2026-07-31,52250,2026-09-10,put,regular,61,0.5674,41,735.0
2026-07-31,52500,2026-09-10,put,regular,643,0.5546,41,720.0
2026-07-31,52750,2026-09-10,put,regular,25,0.5617,41,790.0
2026-07-31,53000,2026-09-10,put,regular,1697,0.5512,41,785.0
2026-07-31,53250,2026-09-10,put,regular,15,0.5464,41,805.0
2026-07-31,53500,2026-09-10,put,regular,1760,0.5447,41,840.0
2026-07-31,53750,2026-09-10,put,regular,95,0.5416,41,870.0
2026-07-31,54000,2026-09-10,put,regular,2666,0.5363,41,890.0
2026-07-31,54250,2026-09-10,put,regular,2,0.5451,41,980.0
2026-07-31,54500,2026-09-10,put,regular,407,0.5354,41,980.0
2026-07-31,54750,2026-09-10,put,regular,235,0.5335,41,1020.0
2026-07-31,55000,2026-09-10,put,regular,3708,0.5304,41,1055.0
2026-07-31,55250,2026-09-10,put,regular,8,0.5289,41,1100.0
2026-07-31,55500,2026-09-10,put,regular,651,0.5263,41,1140.0
2026-07-31,55750,2026-09-10,put,regular,2085000,0.5252,41,1190.0
2026-07-31,56000,2026-09-10,put,regular,3399,0.5221,41,1230.0
2026-07-31,56250,2026-09-10,put,regular,24,0.5214,41,1285.0
2026-07-31,56500,2026-09-10,put,regular,1202,0.5187,41,1330.0
2026-07-31,56750,2026-09-10,put,regular,42,0.5166,41,1380.0
2026-07-31,57000,2026-09-10,put,regular,2919,0.5078,41,1390.0
2026-07-31,57250,2026-09-10,put,regular,27,0.514,41,1495.0
2026-07-31,57500,2026-09-10,put,regular,600,0.508,41,1525.0
2026-07-31,57750,2026-09-10,put,regular,142,0.5096,41,1605.0
2026-07-31,58000,2026-09-10,put,regular,1982,0.5032,41,1635.0
2026-07-31,58250,2026-09-10,put,regular,174,0.5078,41,1740.0
2026-07-31,58500,2026-09-10,put,regular,919,0.5062,41,1805.0
2026-07-31,58750,2026-09-10,put,regular,69,0.505,41,1875.0
2026-07-31,59000,2026-09-10,put,regular,2765,0.4979,41,1905.0
2026-07-31,59250,2026-09-10,put,regular,45,0.5038,41,2030.0
2026-07-31,59375,2026-09-10,put,regular,1,0.5008,41,2050.0
2026-07-31,59500,2026-09-10,put,regular,250,0.5039,41,2115.0
2026-07-31,59625,2026-09-10,put,regular,1,0.5027,41,2150.0
2026-07-31,59750,2026-09-10,put,regular,24,0.5009,41,2180.0
2026-07-31,59875,2026-09-10,put,regular,1,0.5003,41,2220.0
2026-07-31,60000,2026-09-10,put,regular,4671,0.501,41,2270.0
2026-07-31,60125,2026-09-10,put,regular,4025000,0.4996,41,2305.0
2026-07-31,60250,2026-09-10,put,regular,2,0.5008,41,2360.0
2026-07-31,60375,2026-09-10,put,regular,2,0.5005,41,2405.0
2026-07-31,60500,2026-09-10,put,regular,321,0.4996,41,2445.0
2026-07-31,60625,2026-09-10,put,regular,2450000,0.5005,41,2500.0
2026-07-31,60750,2026-09-10,put,regular,138,0.4995,41,2540.0
2026-07-31,60875,2026-09-10,put,regular,2150000,0.5002,41,2595.0
2026-07-31,61000,2026-09-10,put,regular,1019,0.5016,41,2655.0
2026-07-31,61250,2026-09-10,put,regular,3,0.5002,41,2745.0
2026-07-31,61500,2026-09-10,put,regular,446,0.4992,41,2840.0
2026-07-31,61625,2026-09-10,put,regular,1,0.5007,41,2905.0
2026-07-31,61750,2026-09-10,put,regular,230,0.5016,41,2965.0
2026-07-31,61875,2026-09-10,put,regular,2,0.5042,41,3040.0
2026-07-31,62000,2026-09-10,put,regular,2926,0.4926,41,3000.0
2026-07-31,62125,2026-09-10,put,regular,2930000,0.5036,41,3145.0
2026-07-31,62250,2026-09-10,put,regular,22,0.5036,41,3200.0
2026-07-31,62375,2026-09-10,put,regular,102,0.504,41,3260.0
2026-07-31,62500,2026-09-10,put,regular,713,0.5038,41,3315.0
2026-07-31,62750,2026-09-10,put,regular,7,0.5062,41,3450.0
2026-07-31,63000,2026-09-10,put,regular,3046,0.5148,41,3640.0
2026-07-31,63125,2026-09-10,put,regular,5,0.5082,41,3645.0
2026-07-31,63250,2026-09-10,put,regular,34,0.5088,41,3710.0
2026-07-31,63375,2026-09-10,put,regular,7,0.5105,41,3785.0
2026-07-31,63500,2026-09-10,put,regular,222,0.5115,41,3855.0
2026-07-31,63750,2026-09-10,put,regular,5,0.5132,41,3995.0
2026-07-31,63875,2026-09-10,put,regular,37,0.5146,41,4070.0
2026-07-31,64000,2026-09-10,put,regular,2195,0.5153,41,4140.0
2026-07-31,64375,2026-09-10,put,regular,22,0.5205,41,4380.0
2026-07-31,64500,2026-09-10,put,regular,415,0.5204,41,4445.0
2026-07-31,64750,2026-09-10,put,regular,480,0.5228,41,4600.0
2026-07-31,65000,2026-09-10,put,regular,2992,0.5262,41,4765.0
2026-07-31,65250,2026-09-10,put,regular,80,0.5298,41,4935.0
2026-07-31,65375,2026-09-10,put,regular,18,0.5333,41,5035.0
2026-07-31,65500,2026-09-10,put,regular,281,0.532,41,5095.0
2026-07-31,65625,2026-09-10,put,regular,15,0.536,41,5200.0
2026-07-31,65750,2026-09-10,put,regular,2,0.5369,41,5280.0
2026-07-31,66000,2026-09-10,put,regular,1786,0.5393,41,5445.0
2026-07-31,66250,2026-09-10,put,regular,8,0.5449,41,5640.0
2026-07-31,66500,2026-09-10,put,regular,1559,0.5479,41,5815.0
2026-07-31,66625,2026-09-10,put,regular,15,0.5519,41,5925.0
2026-07-31,66750,2026-09-10,put,regular,9,0.553,41,6010.0
2026-07-31,67000,2026-09-10,put,regular,1140,0.5615,41,6235.0
2026-07-31,67250,2026-09-10,put,regular,8,0.5627,41,6400.0
2026-07-31,67500,2026-09-10,put,regular,333,0.5661,41,6585.0
2026-07-31,67750,2026-09-10,put,regular,174,0.5704,41,6780.0
2026-07-31,68000,2026-09-10,put,regular,756,0.5786,41,7010.0
2026-07-31,68250,2026-09-10,put,regular,8,0.5808,41,7190.0
2026-07-31,68500,2026-09-10,put,regular,33,0.5864,41,7400.0
2026-07-31,68750,2026-09-10,put,regular,12,0.5912,41,7605.0
2026-07-31,69000,2026-09-10,put,regular,1146,0.5976,41,7825.0
2026-07-31,69500,2026-09-10,put,regular,4,0.6088,41,8255.0
2026-07-31,70000,2026-09-10,put,regular,1476,0.6207,41,8695.0
2026-07-31,71000,2026-09-10,put,regular,100,0.6452,41,9595.0
2026-07-31,71250,2026-09-10,put,regular,1,0.6461,41,9780.0
2026-07-31,73000,2026-09-10,put,regular,14,0.6963,41,11455.0
2026-07-31,75000,2026-09-10,put,regular,12545000,0.7473,41,13360.0
2026-07-31,80000,2026-09-10,put,regular,1,0.8795,41,18295.0
2026-07-31,25000,2026-10-08,put,regular,19,0.8761,69,31.0
2026-07-31,30000,2026-10-08,put,regular,4,0.7907,69,67.0
2026-07-31,35000,2026-10-08,put,regular,1,0.7121,69,131.0
2026-07-31,36000,2026-10-08,put,regular,1,0.6966,69,148.0
2026-07-31,37000,2026-10-08,put,regular,1,0.6821,69,168.0
2026-07-31,38000,2026-10-08,put,regular,2,0.6669,69,189.0
2026-07-31,39000,2026-10-08,put,regular,1,0.653,69,214.0
2026-07-31,40000,2026-10-08,put,regular,104,0.6388,69,241.0
2026-07-31,41000,2026-10-08,put,regular,101,0.6233,69,268.0
2026-07-31,42000,2026-10-08,put,regular,101,0.6111,69,305.0
2026-07-31,42750,2026-10-08,put,regular,1,0.6017,69,335.0
2026-07-31,43000,2026-10-08,put,regular,126,0.5984,69,345.0
2026-07-31,43750,2026-10-08,put,regular,11,0.5844,69,365.0
2026-07-31,44000,2026-10-08,put,regular,20,0.586,69,390.0
2026-07-31,44500,2026-10-08,put,regular,1,0.5784,69,410.0
2026-07-31,44750,2026-10-08,put,regular,11,0.5745,69,420.0
2026-07-31,45000,2026-10-08,put,regular,211,0.5721,69,435.0
2026-07-31,45250,2026-10-08,put,regular,8,0.568,69,445.0
2026-07-31,45500,2026-10-08,put,regular,205,0.5594,69,440.0
2026-07-31,46000,2026-10-08,put,regular,190,0.5598,69,490.0
2026-07-31,46500,2026-10-08,put,regular,65,0.5537,69,520.0
2026-07-31,46750,2026-10-08,put,regular,106,0.5505,69,535.0
2026-07-31,47000,2026-10-08,put,regular,210,0.5485,69,555.0
2026-07-31,47250,2026-10-08,put,regular,18,0.5476,69,580.0
2026-07-31,47750,2026-10-08,put,regular,28,0.5452,69,630.0
2026-07-31,48000,2026-10-08,put,regular,407,0.5402,69,640.0
2026-07-31,48250,2026-10-08,put,regular,12,0.5364,69,655.0
2026-07-31,48500,2026-10-08,put,regular,1,0.5313,69,665.0
2026-07-31,48750,2026-10-08,put,regular,1,0.5274,69,680.0
2026-07-31,49000,2026-10-08,put,regular,104,0.5233,69,695.0
2026-07-31,49250,2026-10-08,put,regular,2,0.5213,69,720.0
2026-07-31,49500,2026-10-08,put,regular,5,0.5202,69,750.0
2026-07-31,49750,2026-10-08,put,regular,2,0.5189,69,780.0
2026-07-31,50000,2026-10-08,put,regular,556,0.5164,69,805.0
2026-07-31,50250,2026-10-08,put,regular,4,0.5157,69,840.0
2026-07-31,50500,2026-10-08,put,regular,105,0.5139,69,870.0
2026-07-31,50750,2026-10-08,put,regular,1,0.5128,69,905.0
2026-07-31,51000,2026-10-08,put,regular,151,0.5115,69,940.0
2026-07-31,51250,2026-10-08,put,regular,1,0.51,69,975.0
2026-07-31,51500,2026-10-08,put,regular,176,0.5092,69,1015.0
2026-07-31,51750,2026-10-08,put,regular,1,0.5066,69,1045.0
2026-07-31,52000,2026-10-08,put,regular,354,0.503,69,1070.0
2026-07-31,52500,2026-10-08,put,regular,152,0.4956,69,1120.0
2026-07-31,52750,2026-10-08,put,regular,1,0.4956,69,1170.0
2026-07-31,53000,2026-10-08,put,regular,238,0.4931,69,1205.0
2026-07-31,53250,2026-10-08,put,regular,1,0.4904,69,1240.0
2026-07-31,53500,2026-10-08,put,regular,201,0.4884,69,1280.0
2026-07-31,54000,2026-10-08,put,regular,109,0.4853,69,1370.0
2026-07-31,54250,2026-10-08,put,regular,7,0.4842,69,1420.0
2026-07-31,54500,2026-10-08,put,regular,420,0.4816,69,1460.0
2026-07-31,54750,2026-10-08,put,regular,6,0.4801,69,1510.0
2026-07-31,55000,2026-10-08,put,regular,1201,0.4779,69,1555.0
2026-07-31,55250,2026-10-08,put,regular,31,0.478,69,1620.0
2026-07-31,55500,2026-10-08,put,regular,100,0.4773,69,1680.0
2026-07-31,55750,2026-10-08,put,regular,101,0.4745,69,1725.0
2026-07-31,56000,2026-10-08,put,regular,252,0.4741,69,1790.0
2026-07-31,56250,2026-10-08,put,regular,7,0.4558,69,1710.0
2026-07-31,56500,2026-10-08,put,regular,4,0.472,69,1915.0
2026-07-31,56750,2026-10-08,put,regular,20,0.4698,69,1970.0
2026-07-31,57000,2026-10-08,put,regular,261,0.4686,69,2035.0
2026-07-31,57500,2026-10-08,put,regular,200,0.4674,69,2180.0
2026-07-31,57750,2026-10-08,put,regular,31,0.4667,69,2255.0
2026-07-31,58000,2026-10-08,put,regular,1306,0.4654,69,2325.0
2026-07-31,58250,2026-10-08,put,regular,5,0.4633,69,2390.0
2026-07-31,58500,2026-10-08,put,regular,6,0.4627,69,2470.0
2026-07-31,58750,2026-10-08,put,regular,7,0.4623,69,2555.0
2026-07-31,59000,2026-10-08,put,regular,125,0.4624,69,2645.0
2026-07-31,59250,2026-10-08,put,regular,17,0.4617,69,2730.0
2026-07-31,59500,2026-10-08,put,regular,7,0.4603,69,2810.0
2026-07-31,59750,2026-10-08,put,regular,1,0.4607,69,2910.0
2026-07-31,60000,2026-10-08,put,regular,1739,0.4604,69,3005.0
2026-07-31,60375,2026-10-08,put,regular,300,0.4604,69,3155.0
2026-07-31,60500,2026-10-08,put,regular,102,0.4603,69,3205.0
2026-07-31,60750,2026-10-08,put,regular,48,0.4605,69,3310.0
2026-07-31,61000,2026-10-08,put,regular,202,0.4609,69,3420.0
2026-07-31,61750,2026-10-08,put,regular,3215000,0.4624,69,3765.0
2026-07-31,62000,2026-10-08,put,regular,523,0.463,69,3885.0
2026-07-31,64000,2026-10-08,put,regular,950,0.4728,69,4975.0
2026-07-31,64500,2026-10-08,put,regular,230,0.4772,69,5290.0
2026-07-31,64750,2026-10-08,put,regular,1,0.479,69,5445.0
2026-07-31,65000,2026-10-08,put,regular,850,0.481,69,5605.0
2026-07-31,65500,2026-10-08,put,regular,60,0.4858,69,5940.0
2026-07-31,66000,2026-10-08,put,regular,1,0.4901,69,6275.0
2026-07-31,67000,2026-10-08,put,regular,201,0.5016,69,7000.0
2026-07-31,68000,2026-10-08,put,regular,536,0.514,69,7760.0
2026-07-31,68500,2026-10-08,put,regular,2,0.5194,69,8140.0
2026-07-31,69000,2026-10-08,put,regular,200,0.5284,69,8565.0
2026-07-31,69500,2026-10-08,put,regular,75,0.5361,69,8980.0
2026-07-31,70000,2026-10-08,put,regular,112,0.5438,69,9400.0
2026-07-31,72500,2026-10-08,put,regular,1,0.5834,69,11575.0
2026-07-31,79000,2026-10-08,put,regular,1,0.7084,69,17785.0
2026-07-31,85000,2026-10-08,put,regular,20,0.8158,69,23685.0
2026-07-31,25000,2026-11-12,put,regular,8,0.772,104,59.0
2026-07-31,30000,2026-11-12,put,regular,1,0.6986,104,118.0
2026-07-31,35000,2026-11-12,put,regular,2,0.6308,104,215.0
2026-07-31,37000,2026-11-12,put,regular,2,0.6056,104,270.0
2026-07-31,38000,2026-11-12,put,regular,1,0.5945,104,305.0
2026-07-31,40000,2026-11-12,put,regular,2,0.5707,104,380.0
2026-07-31,42000,2026-11-12,put,regular,150,0.5348,104,425.0
2026-07-31,43000,2026-11-12,put,regular,67,0.5187,104,455.0
2026-07-31,48750,2026-11-12,put,regular,40,0.4651,104,890.0
2026-07-31,51000,2026-11-12,put,regular,100,0.4494,104,1175.0
2026-07-31,51250,2026-11-12,put,regular,40,0.4476,104,1210.0
2026-07-31,52000,2026-11-12,put,regular,325,0.4426,104,1325.0
2026-07-31,53000,2026-11-12,put,regular,55,0.437,104,1500.0
2026-07-31,53750,2026-11-12,put,regular,1,0.433,104,1645.0
2026-07-31,56000,2026-11-12,put,regular,150,0.4225,104,2160.0
2026-07-31,56500,2026-11-12,put,regular,33,0.4212,104,2300.0
2026-07-31,58000,2026-11-12,put,regular,230,0.4235,104,2830.0
2026-07-31,59000,2026-11-12,put,regular,125,0.422,104,3185.0
2026-07-31,59500,2026-11-12,put,regular,459,0.4211,104,3370.0
2026-07-31,60000,2026-11-12,put,regular,470,0.4208,104,3570.0
2026-07-31,60500,2026-11-12,put,regular,100,0.4199,104,3770.0
2026-07-31,61000,2026-11-12,put,regular,620,0.4193,104,3980.0
2026-07-31,62000,2026-11-12,put,regular,400,0.4172,104,4410.0
2026-07-31,63000,2026-11-12,put,regular,50,0.4187,104,4915.0
2026-07-31,64000,2026-11-12,put,regular,560,0.4206,104,5455.0
2026-07-31,64500,2026-11-12,put,regular,350,0.4241,104,5770.0
2026-07-31,65000,2026-11-12,put,regular,300,0.4252,104,6060.0
2026-07-31,66000,2026-11-12,put,regular,150,0.4304,104,6700.0
2026-07-31,67000,2026-11-12,put,regular,350,0.4354,104,7365.0
2026-07-31,67500,2026-11-12,put,regular,4,0.4386,104,7715.0
2026-07-31,68500,2026-11-12,put,regular,328,0.4454,104,8440.0
2026-07-31,70000,2026-11-12,put,regular,460,0.4585,104,9605.0
2026-07-31,72500,2026-11-12,put,regular,330,0.484,104,11685.0
2026-07-31,12500,2026-12-10,put,regular,446,0.795,132,1.0
2026-07-31,13000,2026-12-10,put,regular,4,0.8161,132,2.0
2026-07-31,13500,2026-12-10,put,regular,100,0.7971,132,2.0
2026-07-31,14000,2026-12-10,put,regular,11,0.8037,132,3.0
2026-07-31,14500,2026-12-10,put,regular,1,0.7855,132,3.0
2026-07-31,14750,2026-12-10,put,regular,1,0.7767,132,3.0
2026-07-31,15000,2026-12-10,put,regular,5,0.7861,132,4.0
2026-07-31,16000,2026-12-10,put,regular,3,0.7663,132,5.0
2026-07-31,17000,2026-12-10,put,regular,3,0.7556,132,7.0
2026-07-31,18000,2026-12-10,put,regular,153,0.741,132,9.0
2026-07-31,19000,2026-12-10,put,regular,650,0.7303,132,12.0
2026-07-31,20000,2026-12-10,put,regular,2350,0.7211,132,16.0
2026-07-31,21000,2026-12-10,put,regular,350,0.7157,132,22.0
2026-07-31,21500,2026-12-10,put,regular,500,0.7112,132,25.0
2026-07-31,22000,2026-12-10,put,regular,1715,0.7087,132,29.0
2026-07-31,22500,2026-12-10,put,regular,150,0.7049,132,33.0
2026-07-31,23000,2026-12-10,put,regular,2105,0.7025,132,38.0
2026-07-31,23500,2026-12-10,put,regular,127,0.7009,132,44.0
2026-07-31,24000,2026-12-10,put,regular,400,0.6981,132,50.0
2026-07-31,24500,2026-12-10,put,regular,250,0.6959,132,57.0
2026-07-31,24750,2026-12-10,put,regular,1,0.6936,132,60.0
2026-07-31,25000,2026-12-10,put,regular,2461,0.6926,132,64.0
2026-07-31,25250,2026-12-10,put,regular,1,0.6914,132,68.0
2026-07-31,25500,2026-12-10,put,regular,2,0.6911,132,73.0
2026-07-31,26000,2026-12-10,put,regular,1425,0.6886,132,82.0
2026-07-31,26500,2026-12-10,put,regular,1,0.6786,132,85.0
2026-07-31,27000,2026-12-10,put,regular,2630,0.6759,132,95.0
2026-07-31,27500,2026-12-10,put,regular,25,0.6648,132,97.0
2026-07-31,27750,2026-12-10,put,regular,72,0.6622,132,101.0
2026-07-31,28000,2026-12-10,put,regular,1326,0.6585,132,104.0
2026-07-31,28500,2026-12-10,put,regular,400,0.6519,132,111.0
2026-07-31,29000,2026-12-10,put,regular,1450,0.6451,132,118.0
2026-07-31,30000,2026-12-10,put,regular,5896,0.6324,132,134.0
2026-07-31,30500,2026-12-10,put,regular,51,0.6264,132,143.0
2026-07-31,31000,2026-12-10,put,regular,2237,0.6202,132,152.0
2026-07-31,31500,2026-12-10,put,regular,350,0.6137,132,161.0
2026-07-31,32000,2026-12-10,put,regular,4655,0.6082,132,172.0
2026-07-31,32250,2026-12-10,put,regular,600,0.6051,132,177.0
2026-07-31,32500,2026-12-10,put,regular,900,0.6019,132,182.0
2026-07-31,33000,2026-12-10,put,regular,3362,0.5959,132,193.0
2026-07-31,33250,2026-12-10,put,regular,37,0.5931,132,199.0
2026-07-31,33500,2026-12-10,put,regular,72,0.5902,132,205.0
2026-07-31,34000,2026-12-10,put,regular,2820,0.5847,132,218.0
2026-07-31,34500,2026-12-10,put,regular,560,0.5789,132,231.0
2026-07-31,34750,2026-12-10,put,regular,1,0.5762,132,238.0
2026-07-31,35000,2026-12-10,put,regular,4977,0.5734,132,245.0
2026-07-31,36000,2026-12-10,put,regular,2905,0.5624,132,275.0
2026-07-31,36500,2026-12-10,put,regular,225,0.5569,132,291.0
2026-07-31,36750,2026-12-10,put,regular,400,0.5544,132,300.0
2026-07-31,37000,2026-12-10,put,regular,2537,0.5523,132,310.0
2026-07-31,37500,2026-12-10,put,regular,188,0.5476,132,330.0
2026-07-31,37750,2026-12-10,put,regular,100,0.5452,132,340.0
2026-07-31,38000,2026-12-10,put,regular,2686,0.5427,132,350.0
2026-07-31,38500,2026-12-10,put,regular,1150,0.5375,132,370.0
2026-07-31,38750,2026-12-10,put,regular,50,0.5348,132,380.0
2026-07-31,39000,2026-12-10,put,regular,2505,0.532,132,390.0
2026-07-31,39250,2026-12-10,put,regular,650,0.5292,132,400.0
2026-07-31,39500,2026-12-10,put,regular,1008,0.5263,132,410.0
2026-07-31,40000,2026-12-10,put,regular,6178,0.5218,132,435.0
2026-07-31,40250,2026-12-10,put,regular,5,0.5188,132,445.0
2026-07-31,40500,2026-12-10,put,regular,1469,0.5169,132,460.0
2026-07-31,41000,2026-12-10,put,regular,1825,0.5118,132,485.0
2026-07-31,41250,2026-12-10,put,regular,3,0.5098,132,500.0
2026-07-31,41500,2026-12-10,put,regular,101,0.5077,132,515.0
2026-07-31,42000,2026-12-10,put,regular,3599,0.5054,132,555.0
2026-07-31,42500,2026-12-10,put,regular,300,0.4984,132,575.0
2026-07-31,43000,2026-12-10,put,regular,1690,0.4964,132,620.0
2026-07-31,43500,2026-12-10,put,regular,100,0.49,132,645.0
2026-07-31,43750,2026-12-10,put,regular,9,0.4872,132,660.0
2026-07-31,44000,2026-12-10,put,regular,3190,0.4872,132,690.0
2026-07-31,45000,2026-12-10,put,regular,2723,0.4787,132,770.0
2026-07-31,45250,2026-12-10,put,regular,51,0.4747,132,780.0
2026-07-31,45500,2026-12-10,put,regular,350,0.4723,132,800.0
2026-07-31,46000,2026-12-10,put,regular,3657,0.4706,132,860.0
2026-07-31,47000,2026-12-10,put,regular,2846,0.462,132,955.0
2026-07-31,47500,2026-12-10,put,regular,1117,0.457,132,1000.0
2026-07-31,48000,2026-12-10,put,regular,4167,0.4551,132,1070.0
2026-07-31,48500,2026-12-10,put,regular,300,0.4501,132,1120.0
2026-07-31,49000,2026-12-10,put,regular,3177,0.4474,132,1190.0
2026-07-31,49500,2026-12-10,put,regular,2717,0.4412,132,1235.0
2026-07-31,50000,2026-12-10,put,regular,6251,0.4348,132,1280.0
2026-07-31,50250,2026-12-10,put,regular,16,0.4313,132,1300.0
2026-07-31,50500,2026-12-10,put,regular,685,0.43,132,1340.0
2026-07-31,50750,2026-12-10,put,regular,45,0.4281,132,1375.0
2026-07-31,51000,2026-12-10,put,regular,1680,0.4266,132,1415.0
2026-07-31,51500,2026-12-10,put,regular,20,0.424,132,1500.0
2026-07-31,52000,2026-12-10,put,regular,2750,0.4209,132,1585.0
2026-07-31,52250,2026-12-10,put,regular,525,0.42,132,1635.0
2026-07-31,52500,2026-12-10,put,regular,417,0.4185,132,1680.0
2026-07-31,53000,2026-12-10,put,regular,1398,0.4156,132,1775.0
2026-07-31,53250,2026-12-10,put,regular,186,0.4142,132,1825.0
2026-07-31,53500,2026-12-10,put,regular,205,0.4133,132,1880.0
2026-07-31,53750,2026-12-10,put,regular,4,0.4122,132,1935.0
2026-07-31,54000,2026-12-10,put,regular,2817,0.411,132,1990.0
2026-07-31,54500,2026-12-10,put,regular,440,0.4088,132,2105.0
2026-07-31,55000,2026-12-10,put,regular,4713,0.4065,132,2225.0
2026-07-31,55500,2026-12-10,put,regular,100,0.4043,132,2350.0
2026-07-31,56000,2026-12-10,put,regular,2476,0.4025,132,2485.0
2026-07-31,56500,2026-12-10,put,regular,151,0.4006,132,2625.0
2026-07-31,57000,2026-12-10,put,regular,2150,0.3991,132,2775.0
2026-07-31,57500,2026-12-10,put,regular,850,0.3979,132,2935.0
2026-07-31,58000,2026-12-10,put,regular,1549,0.4046,132,3205.0
2026-07-31,58500,2026-12-10,put,regular,850,0.4008,132,3345.0
2026-07-31,59000,2026-12-10,put,regular,2240,0.3989,132,3515.0
2026-07-31,59500,2026-12-10,put,regular,250,0.3988,132,3715.0
2026-07-31,60000,2026-12-10,put,regular,9023,0.3981,132,3915.0
2026-07-31,60500,2026-12-10,put,regular,100,0.3977,132,4125.0
2026-07-31,61000,2026-12-10,put,regular,1650,0.3972,132,4340.0
2026-07-31,61500,2026-12-10,put,regular,1,0.3965,132,4560.0
2026-07-31,62000,2026-12-10,put,regular,2181,0.3941,132,4760.0
2026-07-31,62250,2026-12-10,put,regular,250,0.3951,132,4895.0
2026-07-31,62500,2026-12-10,put,regular,1137,0.3946,132,5010.0
2026-07-31,63000,2026-12-10,put,regular,1851,0.3953,132,5270.0
2026-07-31,63750,2026-12-10,put,regular,25,0.3952,132,5655.0
2026-07-31,64000,2026-12-10,put,regular,1125,0.3961,132,5800.0
2026-07-31,65000,2026-12-10,put,regular,2979,0.3996,132,6400.0
2026-07-31,65500,2026-12-10,put,regular,580,0.4011,132,6705.0
2026-07-31,66000,2026-12-10,put,regular,301,0.4025,132,7015.0
2026-07-31,67000,2026-12-10,put,regular,1405,0.4061,132,7665.0
2026-07-31,67250,2026-12-10,put,regular,25,0.4069,132,7830.0
2026-07-31,67500,2026-12-10,put,regular,25,0.4083,132,8005.0
2026-07-31,68000,2026-12-10,put,regular,1500,0.4101,132,8345.0
2026-07-31,68500,2026-12-10,put,regular,203,0.4131,132,8710.0
2026-07-31,68750,2026-12-10,put,regular,100,0.4144,132,8890.0
2026-07-31,69000,2026-12-10,put,regular,1470,0.4156,132,9070.0
2026-07-31,70000,2026-12-10,put,regular,1668,0.4204,132,9805.0
2026-07-31,71000,2026-12-10,put,regular,31,0.4269,132,10585.0
2026-07-31,72000,2026-12-10,put,regular,120,0.434,132,11390.0
2026-07-31,72500,2026-12-10,put,regular,320,0.438,132,11805.0
2026-07-31,74000,2026-12-10,put,regular,100,0.4503,132,13075.0
2026-07-31,76000,2026-12-10,put,regular,300,0.4691,132,14845.0
2026-07-31,80000,2026-12-10,put,regular,3700,0.5095,132,18535.0
2026-07-31,44000,2027-01-07,put,regular,331,0.47,160,860.0
2026-07-31,45000,2027-01-07,put,regular,600,0.4624,160,955.0
2026-07-31,47000,2027-01-07,put,regular,98,0.4473,160,1170.0
2026-07-31,48000,2027-01-07,put,regular,200,0.4409,160,1300.0
2026-07-31,50000,2027-01-07,put,regular,15,0.4275,160,1590.0
2026-07-31,52500,2027-01-07,put,regular,20,0.4133,160,2050.0
2026-07-31,58000,2027-01-07,put,regular,57,0.3909,160,3545.0
2026-07-31,60000,2027-01-07,put,regular,1,0.3851,160,4280.0
2026-07-31,60500,2027-01-07,put,regular,41,0.3847,160,4495.0
2026-07-31,64000,2027-01-07,put,regular,100,0.3857,160,6235.0
2026-07-31,65000,2027-01-07,put,regular,3,0.3876,160,6815.0
2026-07-31,66000,2027-01-07,put,regular,78,0.3901,160,7430.0
2026-07-31,47000,2027-02-10,put,regular,125,0.426,194,1350.0
2026-07-31,29000,2027-03-11,put,regular,1,0.5703,223,272.0
2026-07-31,30000,2027-03-11,put,regular,1,0.5604,223,305.0
2026-07-31,33000,2027-03-11,put,regular,113,0.5312,223,420.0
2026-07-31,35000,2027-03-11,put,regular,600,0.5119,223,510.0
2026-07-31,37000,2027-03-11,put,regular,500,0.4941,223,620.0
2026-07-31,38000,2027-03-11,put,regular,265,0.4851,223,680.0
2026-07-31,40000,2027-03-11,put,regular,471,0.4692,223,825.0
2026-07-31,41000,2027-03-11,put,regular,250,0.4612,223,905.0
2026-07-31,42000,2027-03-11,put,regular,749,0.4538,223,995.0
2026-07-31,42500,2027-03-11,put,regular,200,0.4504,223,1045.0
2026-07-31,43000,2027-03-11,put,regular,62,0.4462,223,1090.0
2026-07-31,43500,2027-03-11,put,regular,66,0.443,223,1145.0
2026-07-31,44000,2027-03-11,put,regular,450,0.4396,223,1200.0
2026-07-31,45000,2027-03-11,put,regular,1568,0.4326,223,1315.0
2026-07-31,46000,2027-03-11,put,regular,116,0.4193,223,1375.0
2026-07-31,47000,2027-03-11,put,regular,800,0.4136,223,1515.0
2026-07-31,48000,2027-03-11,put,regular,299,0.4078,223,1665.0
2026-07-31,48500,2027-03-11,put,regular,51,0.4054,223,1750.0
2026-07-31,49000,2027-03-11,put,regular,100,0.4028,223,1835.0
2026-07-31,50000,2027-03-11,put,regular,1275,0.3947,223,1980.0
2026-07-31,50250,2027-03-11,put,regular,108,0.3925,223,2015.0
2026-07-31,51000,2027-03-11,put,regular,24,0.389,223,2165.0
2026-07-31,51250,2027-03-11,put,regular,105,0.3881,223,2220.0
2026-07-31,52000,2027-03-11,put,regular,1485,0.385,223,2385.0
2026-07-31,52500,2027-03-11,put,regular,50,0.3829,223,2500.0
2026-07-31,53000,2027-03-11,put,regular,525,0.3812,223,2625.0
2026-07-31,53500,2027-03-11,put,regular,200,0.3792,223,2750.0
2026-07-31,54000,2027-03-11,put,regular,234,0.3776,223,2885.0
2026-07-31,55000,2027-03-11,put,regular,416,0.3742,223,3165.0
2026-07-31,55500,2027-03-11,put,regular,100,0.3727,223,3315.0
2026-07-31,56000,2027-03-11,put,regular,401,0.3712,223,3470.0
2026-07-31,56250,2027-03-11,put,regular,120,0.3705,223,3550.0
2026-07-31,57000,2027-03-11,put,regular,1640,0.3689,223,3805.0
2026-07-31,58000,2027-03-11,put,regular,1950,0.3668,223,4165.0
2026-07-31,58500,2027-03-11,put,regular,15,0.3658,223,4355.0
2026-07-31,59500,2027-03-11,put,regular,253,0.3642,223,4755.0
2026-07-31,60000,2027-03-11,put,regular,1410,0.3637,223,4970.0
2026-07-31,61000,2027-03-11,put,regular,160,0.363,223,5420.0
2026-07-31,62000,2027-03-11,put,regular,200,0.3629,223,5905.0
2026-07-31,62500,2027-03-11,put,regular,500,0.3635,223,6170.0
2026-07-31,63000,2027-03-11,put,regular,1070,0.3647,223,6450.0
2026-07-31,64000,2027-03-11,put,regular,800,0.3658,223,7005.0
2026-07-31,65000,2027-03-11,put,regular,150,0.3649,223,7540.0
2026-07-31,66000,2027-03-11,put,regular,300,0.3651,223,8120.0
2026-07-31,66250,2027-03-11,put,regular,15,0.3655,223,8275.0
2026-07-31,66500,2027-03-11,put,regular,6,0.3658,223,8430.0
2026-07-31,67000,2027-03-11,put,regular,150,0.3666,223,8745.0
2026-07-31,68000,2027-03-11,put,regular,130,0.368,223,9390.0
2026-07-31,69000,2027-03-11,put,regular,350,0.3702,223,10070.0
2026-07-31,70000,2027-03-11,put,regular,250,0.3728,223,10775.0
2026-07-31,72000,2027-03-11,put,regular,100,0.3792,223,12260.0
2026-07-31,48000,2027-05-13,put,regular,100,0.4032,286,2230.0
2026-07-31,12500,2027-06-10,put,regular,10,0.6836,314,26.0
2026-07-31,14500,2027-06-10,put,regular,4,0.6667,314,47.0
2026-07-31,15000,2027-06-10,put,regular,1,0.6616,314,53.0
2026-07-31,16250,2027-06-10,put,regular,167,0.6489,314,70.0
2026-07-31,23000,2027-06-10,put,regular,140,0.5786,314,208.0
2026-07-31,24000,2027-06-10,put,regular,100,0.5689,314,237.0
2026-07-31,25000,2027-06-10,put,regular,250,0.5566,314,261.0
2026-07-31,26000,2027-06-10,put,regular,200,0.5469,314,293.0
2026-07-31,28000,2027-06-10,put,regular,895,0.528,314,365.0
2026-07-31,28500,2027-06-10,put,regular,100,0.5235,314,385.0
2026-07-31,29000,2027-06-10,put,regular,66,0.5188,314,405.0
2026-07-31,30000,2027-06-10,put,regular,275,0.5102,314,450.0
2026-07-31,31000,2027-06-10,put,regular,100,0.501,314,495.0
2026-07-31,31500,2027-06-10,put,regular,1,0.4967,314,520.0
2026-07-31,32000,2027-06-10,put,regular,250,0.4933,314,550.0
2026-07-31,33000,2027-06-10,put,regular,150,0.4849,314,605.0
2026-07-31,34000,2027-06-10,put,regular,750,0.4769,314,665.0
2026-07-31,35000,2027-06-10,put,regular,1327,0.4691,314,730.0
2026-07-31,35500,2027-06-10,put,regular,145,0.4654,314,765.0
2026-07-31,36000,2027-06-10,put,regular,300,0.4615,314,800.0
2026-07-31,37000,2027-06-10,put,regular,50,0.4539,314,875.0
2026-07-31,38000,2027-06-10,put,regular,200,0.4471,314,960.0
2026-07-31,38500,2027-06-10,put,regular,140,0.4395,314,970.0
2026-07-31,39000,2027-06-10,put,regular,50,0.4319,314,980.0
2026-07-31,39500,2027-06-10,put,regular,101,0.4291,314,1030.0
2026-07-31,40000,2027-06-10,put,regular,1095,0.4261,314,1080.0
2026-07-31,41000,2027-06-10,put,regular,100,0.4201,314,1185.0
2026-07-31,42000,2027-06-10,put,regular,400,0.4144,314,1300.0
2026-07-31,42500,2027-06-10,put,regular,61,0.412,314,1365.0
2026-07-31,43000,2027-06-10,put,regular,35,0.4089,314,1425.0
2026-07-31,44000,2027-06-10,put,regular,196,0.404,314,1565.0
2026-07-31,45000,2027-06-10,put,regular,720,0.3987,314,1710.0
2026-07-31,46000,2027-06-10,put,regular,773,0.3939,314,1870.0
2026-07-31,46500,2027-06-10,put,regular,70,0.3916,314,1955.0
2026-07-31,47000,2027-06-10,put,regular,201,0.3894,314,2045.0
2026-07-31,47750,2027-06-10,put,regular,100,0.3862,314,2185.0
2026-07-31,48000,2027-06-10,put,regular,904,0.3849,314,2230.0
2026-07-31,49000,2027-06-10,put,regular,300,0.3809,314,2435.0
2026-07-31,50000,2027-06-10,put,regular,2067,0.3767,314,2650.0
2026-07-31,50500,2027-06-10,put,regular,175,0.3751,314,2770.0
2026-07-31,51000,2027-06-10,put,regular,100,0.3732,314,2890.0
2026-07-31,51250,2027-06-10,put,regular,3,0.3722,314,2950.0
2026-07-31,52000,2027-06-10,put,regular,1000,0.3698,314,3145.0
2026-07-31,52250,2027-06-10,put,regular,86,0.3689,314,3210.0
2026-07-31,52500,2027-06-10,put,regular,57,0.3682,314,3280.0
2026-07-31,53000,2027-06-10,put,regular,720,0.3664,314,3415.0
2026-07-31,53500,2027-06-10,put,regular,1,0.3649,314,3560.0
2026-07-31,53750,2027-06-10,put,regular,35,0.3642,314,3635.0
2026-07-31,54000,2027-06-10,put,regular,1352,0.3635,314,3710.0
2026-07-31,55000,2027-06-10,put,regular,1300,0.361,314,4030.0
2026-07-31,56000,2027-06-10,put,regular,785,0.3584,314,4365.0
2026-07-31,56500,2027-06-10,put,regular,40,0.3574,314,4545.0
2026-07-31,57000,2027-06-10,put,regular,775,0.3562,314,4725.0
2026-07-31,57750,2027-06-10,put,regular,103,0.3549,314,5015.0
2026-07-31,58000,2027-06-10,put,regular,317,0.3546,314,5115.0
2026-07-31,59000,2027-06-10,put,regular,400,0.353,314,5525.0
2026-07-31,59500,2027-06-10,put,regular,112,0.3523,314,5740.0
2026-07-31,60000,2027-06-10,put,regular,995,0.3519,314,5965.0
2026-07-31,61000,2027-06-10,put,regular,3,0.351,314,6430.0
2026-07-31,62000,2027-06-10,put,regular,805,0.3504,314,6920.0
2026-07-31,63000,2027-06-10,put,regular,925,0.3503,314,7440.0
2026-07-31,64000,2027-06-10,put,regular,150,0.3506,314,7990.0
2026-07-31,64750,2027-06-10,put,regular,95,0.3508,314,8415.0
2026-07-31,65000,2027-06-10,put,regular,1486,0.3507,314,8555.0
2026-07-31,65500,2027-06-10,put,regular,26,0.3513,314,8855.0
2026-07-31,66000,2027-06-10,put,regular,50,0.3516,314,9155.0
2026-07-31,66750,2027-06-10,put,regular,150,0.3521,314,9615.0
2026-07-31,67000,2027-06-10,put,regular,870,0.3523,314,9770.0
2026-07-31,67500,2027-06-10,put,regular,100,0.3527,314,10085.0
2026-07-31,68000,2027-06-10,put,regular,450,0.3531,314,10405.0
2026-07-31,68500,2027-06-10,put,regular,200,0.3537,314,10735.0
2026-07-31,69000,2027-06-10,put,regular,15,0.3544,314,11070.0
2026-07-31,70000,2027-06-10,put,regular,800,0.3559,314,11755.0
2026-07-31,72000,2027-06-10,put,regular,100,0.3599,314,13195.0
2026-07-31,77500,2027-06-10,put,regular,50,0.3753,314,17530.0
2026-07-31,67000,2027-07-08,put,regular,58,0.3487,342,10045.0
2026-07-31,31000,2027-09-09,put,regular,200,0.4514,405,550.0
2026-07-31,45000,2027-09-09,put,regular,100,0.3786,405,2100.0
2026-07-31,48000,2027-09-09,put,regular,100,0.3673,405,2700.0
2026-07-31,50000,2027-09-09,put,regular,25,0.36,405,3165.0
2026-07-31,54250,2027-09-09,put,regular,200,0.348,405,4400.0
2026-07-31,58000,2027-09-09,put,regular,1,0.3405,405,5790.0
2026-07-31,60000,2027-09-09,put,regular,225,0.3377,405,6660.0
2026-07-31,68250,2027-09-09,put,regular,200,0.3389,405,11310.0
2026-07-31,68750,2027-09-09,put,regular,81,0.3371,405,11580.0
2026-07-31,12500,2027-12-09,put,regular,11,0.4939,496,10.0
2026-07-31,13000,2027-12-09,put,regular,1,0.4946,496,13.0
2026-07-31,16000,2027-12-09,put,regular,350,0.4939,496,45.0
2026-07-31,19000,2027-12-09,put,regular,300,0.4945,496,118.0
2026-07-31,20000,2027-12-09,put,regular,400,0.4952,496,156.0
2026-07-31,21000,2027-12-09,put,regular,50,0.4955,496,201.0
2026-07-31,22000,2027-12-09,put,regular,408,0.4958,496,255.0
2026-07-31,22500,2027-12-09,put,regular,36,0.4959,496,285.0
2026-07-31,23000,2027-12-09,put,regular,132,0.4967,496,320.0
2026-07-31,23750,2027-12-09,put,regular,39,0.4971,496,375.0
2026-07-31,24000,2027-12-09,put,regular,1721,0.4974,496,395.0
2026-07-31,25000,2027-12-09,put,regular,1210,0.4978,496,480.0
2026-07-31,26000,2027-12-09,put,regular,200,0.4893,496,530.0
2026-07-31,26500,2027-12-09,put,regular,100,0.4848,496,555.0
2026-07-31,27000,2027-12-09,put,regular,1300,0.4803,496,580.0
2026-07-31,28000,2027-12-09,put,regular,2125,0.4728,496,640.0
2026-07-31,29000,2027-12-09,put,regular,350,0.4648,496,700.0
2026-07-31,29500,2027-12-09,put,regular,249,0.4614,496,735.0
2026-07-31,30000,2027-12-09,put,regular,2445,0.4579,496,770.0
2026-07-31,31000,2027-12-09,put,regular,1750,0.4504,496,840.0
2026-07-31,31500,2027-12-09,put,regular,204,0.4472,496,880.0
2026-07-31,32000,2027-12-09,put,regular,1425,0.4439,496,920.0
2026-07-31,32250,2027-12-09,put,regular,30,0.4421,496,940.0
2026-07-31,32750,2027-12-09,put,regular,35,0.4386,496,980.0
2026-07-31,33000,2027-12-09,put,regular,450,0.4368,496,1000.0
2026-07-31,34000,2027-12-09,put,regular,1794,0.4256,496,1045.0
2026-07-31,34500,2027-12-09,put,regular,100,0.4197,496,1065.0
2026-07-31,35000,2027-12-09,put,regular,1450,0.4144,496,1090.0
2026-07-31,35500,2027-12-09,put,regular,40,0.4091,496,1115.0
2026-07-31,36000,2027-12-09,put,regular,1130,0.4043,496,1145.0
2026-07-31,36500,2027-12-09,put,regular,300,0.4019,496,1200.0
2026-07-31,37000,2027-12-09,put,regular,1150,0.3994,496,1255.0
2026-07-31,38000,2027-12-09,put,regular,1175,0.3947,496,1375.0
2026-07-31,39000,2027-12-09,put,regular,800,0.3899,496,1500.0
2026-07-31,39500,2027-12-09,put,regular,50,0.3878,496,1570.0
2026-07-31,40000,2027-12-09,put,regular,2950,0.3856,496,1640.0
2026-07-31,40500,2027-12-09,put,regular,450,0.3833,496,1710.0
2026-07-31,42000,2027-12-09,put,regular,550,0.3772,496,1945.0
2026-07-31,43000,2027-12-09,put,regular,240,0.3729,496,2110.0
2026-07-31,44000,2027-12-09,put,regular,100,0.369,496,2290.0
2026-07-31,45000,2027-12-09,put,regular,1705,0.3654,496,2485.0
2026-07-31,46000,2027-12-09,put,regular,700,0.3618,496,2690.0
2026-07-31,47000,2027-12-09,put,regular,250,0.3584,496,2910.0
2026-07-31,47500,2027-12-09,put,regular,35,0.3567,496,3025.0
2026-07-31,48000,2027-12-09,put,regular,615,0.3552,496,3145.0
2026-07-31,49000,2027-12-09,put,regular,700,0.3521,496,3395.0
2026-07-31,50000,2027-12-09,put,regular,2770,0.3492,496,3660.0
2026-07-31,51000,2027-12-09,put,regular,350,0.3463,496,3940.0
2026-07-31,52000,2027-12-09,put,regular,535,0.3438,496,4240.0
2026-07-31,53000,2027-12-09,put,regular,802,0.3413,496,4555.0
2026-07-31,54000,2027-12-09,put,regular,275,0.3392,496,4895.0
2026-07-31,54500,2027-12-09,put,regular,400,0.3381,496,5070.0
2026-07-31,55000,2027-12-09,put,regular,1062,0.3371,496,5250.0
2026-07-31,55500,2027-12-09,put,regular,75,0.3362,496,5435.0
2026-07-31,56000,2027-12-09,put,regular,270,0.3352,496,5625.0
2026-07-31,57000,2027-12-09,put,regular,220,0.3335,496,6020.0
2026-07-31,58000,2027-12-09,put,regular,1000,0.3322,496,6440.0
2026-07-31,58500,2027-12-09,put,regular,210,0.3314,496,6655.0
2026-07-31,59000,2027-12-09,put,regular,100,0.3308,496,6875.0
2026-07-31,60000,2027-12-09,put,regular,850,0.3299,496,7340.0
2026-07-31,62000,2027-12-09,put,regular,300,0.3284,496,8330.0
2026-07-31,62500,2027-12-09,put,regular,70,0.3282,496,8590.0
2026-07-31,63000,2027-12-09,put,regular,300,0.3281,496,8860.0
2026-07-31,63500,2027-12-09,put,regular,50,0.328,496,9135.0
2026-07-31,64000,2027-12-09,put,regular,130,0.3279,496,9410.0
2026-07-31,65000,2027-12-09,put,regular,1100,0.3286,496,10005.0
2026-07-31,66000,2027-12-09,put,regular,600,0.3292,496,10610.0
2026-07-31,67000,2027-12-09,put,regular,400,0.3301,496,11240.0
2026-07-31,68000,2027-12-09,put,regular,200,0.3306,496,11875.0
2026-07-31,69000,2027-12-09,put,regular,750,0.3288,496,12455.0
2026-07-31,70000,2027-12-09,put,regular,550,0.3293,496,13115.0
2026-07-31,75000,2027-12-09,put,regular,175,0.3332,496,16665.0
2026-07-31,80000,2027-12-09,put,regular,400,0.3403,496,20585.0
2026-07-31,15000,2028-06-08,put,regular,3,0.4659,678,69.0
2026-07-31,25000,2028-06-08,put,regular,630,0.4689,678,745.0
2026-07-31,26000,2028-06-08,put,regular,250,0.4612,678,815.0
2026-07-31,27000,2028-06-08,put,regular,100,0.4533,678,885.0
2026-07-31,30000,2028-06-08,put,regular,300,0.4324,678,1135.0
2026-07-31,32000,2028-06-08,put,regular,250,0.4196,678,1330.0
2026-07-31,33000,2028-06-08,put,regular,100,0.4138,678,1440.0
2026-07-31,35000,2028-06-08,put,regular,200,0.4024,678,1675.0
2026-07-31,40000,2028-06-08,put,regular,250,0.3774,678,2410.0
2026-07-31,41500,2028-06-08,put,regular,100,0.3709,678,2680.0
2026-07-31,45000,2028-06-08,put,regular,15,0.3567,678,3395.0
2026-07-31,48000,2028-06-08,put,regular,300,0.346,678,4130.0
2026-07-31,50000,2028-06-08,put,regular,200,0.3397,678,4690.0
2026-07-31,53000,2028-06-08,put,regular,50,0.3318,678,5655.0
2026-07-31,54000,2028-06-08,put,regular,100,0.3295,678,6010.0
2026-07-31,60000,2028-06-08,put,regular,250,0.3135,678,8345.0
2026-07-31,12000,2028-12-07,put,regular,300,0.4365,860,34.0
2026-07-31,16000,2028-12-07,put,regular,1950,0.4368,860,139.0
2026-07-31,18000,2028-12-07,put,regular,100,0.437,860,237.0
2026-07-31,20000,2028-12-07,put,regular,200,0.4376,860,375.0
2026-07-31,23000,2028-12-07,put,regular,100,0.4386,860,670.0
2026-07-31,23500,2028-12-07,put,regular,38,0.4381,860,725.0
2026-07-31,24000,2028-12-07,put,regular,1000,0.4385,860,790.0
2026-07-31,25000,2028-12-07,put,regular,1200,0.4386,860,925.0
2026-07-31,27000,2028-12-07,put,regular,120,0.4315,860,1160.0
2026-07-31,27500,2028-12-07,put,regular,50,0.4284,860,1210.0
2026-07-31,28000,2028-12-07,put,regular,1250,0.4248,860,1255.0
2026-07-31,30000,2028-12-07,put,regular,350,0.4125,860,1465.0
2026-07-31,31000,2028-12-07,put,regular,400,0.4063,860,1575.0
2026-07-31,32000,2028-12-07,put,regular,850,0.4006,860,1695.0
2026-07-31,32250,2028-12-07,put,regular,51,0.3991,860,1725.0
2026-07-31,33000,2028-12-07,put,regular,125,0.3949,860,1820.0
2026-07-31,34000,2028-12-07,put,regular,775,0.3897,860,1955.0
2026-07-31,34750,2028-12-07,put,regular,100,0.3858,860,2060.0
2026-07-31,35000,2028-12-07,put,regular,1305,0.3844,860,2095.0
2026-07-31,36000,2028-12-07,put,regular,2750,0.3795,860,2245.0
2026-07-31,37000,2028-12-07,put,regular,580,0.3748,860,2405.0
2026-07-31,38000,2028-12-07,put,regular,2860,0.3701,860,2570.0
2026-07-31,39000,2028-12-07,put,regular,50,0.3656,860,2745.0
2026-07-31,40000,2028-12-07,put,regular,1210,0.3613,860,2930.0
2026-07-31,42000,2028-12-07,put,regular,350,0.3532,860,3330.0
2026-07-31,43000,2028-12-07,put,regular,100,0.3492,860,3545.0
2026-07-31,45000,2028-12-07,put,regular,130,0.3419,860,4010.0
2026-07-31,48000,2028-12-07,put,regular,600,0.332,860,4800.0
2026-07-31,50000,2028-12-07,put,regular,2450,0.3262,860,5400.0
2026-07-31,51000,2028-12-07,put,regular,150,0.3235,860,5720.0
2026-07-31,53000,2028-12-07,put,regular,50,0.3185,860,6405.0
2026-07-31,55000,2028-12-07,put,regular,705,0.314,860,7150.0
2026-07-31,56000,2028-12-07,put,regular,450,0.3099,860,7480.0
2026-07-31,57000,2028-12-07,put,regular,150,0.3062,860,7830.0
2026-07-31,60000,2028-12-07,put,regular,550,0.2998,860,9115.0
2026-07-31,65000,2028-12-07,put,regular,900,0.2956,860,11750.0
2026-07-31,68000,2028-12-07,put,regular,100,0.2951,860,13565.0
2026-07-31,70000,2028-12-07,put,regular,100,0.2957,860,14875.0
2026-07-31,75000,2028-12-07,put,regular,80,0.2943,860,18225.0
2026-07-31,15000,2029-06-07,put,regular,1,0.4183,1042,147.0
2026-07-31,15000,2029-12-13,put,regular,1,0.4017,1231,193.0
2026-07-31,23250,2029-12-13,put,regular,40,0.4021,1231,1025.0
2026-07-31,32000,2029-12-13,put,regular,113,0.368,1231,2265.0
2026-07-31,34250,2029-12-13,put,regular,6,0.3573,1231,2620.0
2026-07-31,44000,2029-12-13,put,regular,100,0.3191,1231,4650.0
2026-07-31,50000,2029-12-13,put,regular,30,0.2938,1231,6130.0
2026-07-31,64000,2029-12-13,put,regular,100,0.2728,1231,12305.0
2026-07-31,65000,2029-12-13,put,regular,50,0.2726,1231,12890.0
2026-07-31,70000,2029-12-13,put,regular,100,0.2724,1231,16015.0
2026-07-31,19000,2030-06-13,put,regular,2,0.3869,1413,570.0
2026-07-31,23500,2030-12-12,call,regular,100,0.2,1595,1295.0
2026-07-31,31750,2030-12-12,call,regular,74,0.2,1595,2600.0
2026-07-31,34000,2030-12-12,call,regular,24,0.2,1595,2985.0
2026-07-31,44000,2030-12-12,call,regular,80,0.2,1595,5305.0
2026-07-31,49500,2030-12-12,call,regular,100,0.2,1595,7065.0
2026-07-31,64000,2030-12-12,call,regular,3,0.2459,1595,13440.0
2026-07-31,31500,2031-12-11,call,regular,52,0.2,1959,3110.0
2026-07-31,68000,2031-12-11,call,regular,100,0.2966,1959,16275.0
2026-07-31,31250,2032-12-09,call,regular,40,0.2,2323,3585.0
2026-07-31,42750,2026-08-13,call,regular,27,0.2,13,18965.0
2026-07-31,49000,2026-08-13,call,regular,27,0.2,13,12785.0
2026-07-31,55000,2026-08-13,call,regular,1,0.2,13,7005.0
2026-07-31,56000,2026-08-13,call,regular,7010000,0.2,13,6110.0
2026-07-31,57000,2026-08-13,call,regular,4,0.2,13,5225.0
2026-07-31,58000,2026-08-13,call,regular,851,0.2,13,4375.0
2026-07-31,59000,2026-08-13,call,regular,2,0.2,13,3555.0
2026-07-31,59500,2026-08-13,call,regular,20,0.2,13,3190.0
2026-07-31,59750,2026-08-13,call,regular,50,0.2,13,3050.0
2026-07-31,60000,2026-08-13,call,regular,237,0.2,13,2850.0
2026-07-31,60250,2026-08-13,call,regular,5705000,0.2,13,2700.0
2026-07-31,60500,2026-08-13,call,regular,168,0.2,13,2485.0
2026-07-31,60750,2026-08-13,call,regular,46,0.2,13,2375.0
2026-07-31,61000,2026-08-13,call,regular,431,0.2,13,2220.0
2026-07-31,61125,2026-08-13,call,regular,9010000,0.2,13,2145.0
2026-07-31,61250,2026-08-13,call,regular,46,0.2,13,2075.0
2026-07-31,61500,2026-08-13,call,regular,202,0.2,13,1875.0
2026-07-31,61750,2026-08-13,call,regular,34380000,0.2,13,1800.0
2026-07-31,62000,2026-08-13,call,regular,149,0.2,13,1670.0
2026-07-31,62250,2026-08-13,call,regular,36,0.2,13,1540.0
2026-07-31,62375,2026-08-13,call,regular,1,0.2,13,1495.0
2026-07-31,62500,2026-08-13,call,regular,272,0.2,13,1500.0
2026-07-31,62625,2026-08-13,call,regular,86,0.2,13,1400.0
2026-07-31,62750,2026-08-13,call,regular,120,0.2,13,1310.0
2026-07-31,62875,2026-08-13,call,regular,85,0.2,13,1285.0
2026-07-31,63000,2026-08-13,call,regular,2965,0.2,13,1255.0
2026-07-31,63125,2026-08-13,call,regular,85,0.2,13,1170.0
2026-07-31,63250,2026-08-13,call,regular,9,0.2,13,1100.0
2026-07-31,63375,2026-08-13,call,regular,5,0.2,13,1080.0
2026-07-31,63500,2026-08-13,call,regular,59,0.2,13,1010.0
2026-07-31,63625,2026-08-13,call,regular,10,0.2,13,940.0
2026-07-31,63750,2026-08-13,call,regular,6,0.0768,13,920.0
2026-07-31,63875,2026-08-13,call,regular,10,0.1021,13,920.0
2026-07-31,64000,2026-08-13,call,regular,848,0.1138,13,885.0
2026-07-31,64125,2026-08-13,call,regular,30,0.1203,13,835.0
2026-07-31,64250,2026-08-13,call,regular,21,0.1193,13,755.0
2026-07-31,64375,2026-08-13,call,regular,20,0.134,13,755.0
2026-07-31,64500,2026-08-13,call,regular,160,0.1342,13,690.0
2026-07-31,64625,2026-08-13,call,regular,16,0.145,13,680.0
2026-07-31,64750,2026-08-13,call,regular,129,0.1457,13,625.0
2026-07-31,64875,2026-08-13,call,regular,15,0.1541,13,610.0
2026-07-31,65000,2026-08-13,call,regular,3269,0.1598,13,585.0
2026-07-31,65125,2026-08-13,call,regular,80,0.1565,13,520.0
2026-07-31,65250,2026-08-13,call,regular,126,0.1622,13,500.0
2026-07-31,65375,2026-08-13,call,regular,20,0.1652,13,470.0
2026-07-31,65500,2026-08-13,call,regular,828,0.1711,13,455.0
2026-07-31,65625,2026-08-13,call,regular,12,0.1697,13,410.0
2026-07-31,65750,2026-08-13,call,regular,458,0.1772,13,405.0
2026-07-31,65875,2026-08-13,call,regular,5,0.1832,13,395.0
2026-07-31,66000,2026-08-13,call,regular,1419,0.1841,13,365.0
2026-07-31,66125,2026-08-13,call,regular,3,0.1882,13,350.0
2026-07-31,66250,2026-08-13,call,regular,4,0.1882,13,320.0
2026-07-31,66375,2026-08-13,call,regular,2,0.193,13,310.0
2026-07-31,66500,2026-08-13,call,regular,775,0.1948,13,290.0
2026-07-31,66625,2026-08-13,call,regular,4,0.1977,13,275.0
2026-07-31,66750,2026-08-13,call,regular,14,0.1988,13,255.0
2026-07-31,66875,2026-08-13,call,regular,121,0.2016,13,242.0
2026-07-31,67000,2026-08-13,call,regular,1084,0.207,13,238.0
2026-07-31,67125,2026-08-13,call,regular,248,0.2061,13,215.0
2026-07-31,67250,2026-08-13,call,regular,86,0.2081,13,202.0
2026-07-31,67375,2026-08-13,call,regular,79,0.2101,13,190.0
2026-07-31,67500,2026-08-13,call,regular,476,0.2122,13,179.0
2026-07-31,67625,2026-08-13,call,regular,18,0.214,13,168.0
2026-07-31,67750,2026-08-13,call,regular,237,0.2126,13,150.0
2026-07-31,67875,2026-08-13,call,regular,2,0.2175,13,148.0
2026-07-31,68000,2026-08-13,call,regular,3294,0.2253,13,153.0
2026-07-31,68125,2026-08-13,call,regular,474,0.2213,13,131.0
2026-07-31,68250,2026-08-13,call,regular,284,0.2225,13,122.0
2026-07-31,68375,2026-08-13,call,regular,28,0.2244,13,115.0
2026-07-31,68500,2026-08-13,call,regular,1285,0.2277,13,111.0
2026-07-31,68625,2026-08-13,call,regular,34,0.2276,13,101.0
2026-07-31,68750,2026-08-13,call,regular,15,0.2299,13,96.0
2026-07-31,68875,2026-08-13,call,regular,76,0.2349,13,96.0
2026-07-31,69000,2026-08-13,call,regular,1593,0.2387,13,94.0
2026-07-31,69125,2026-08-13,call,regular,69,0.2356,13,81.0
2026-07-31,69250,2026-08-13,call,regular,66,0.2371,13,76.0
2026-07-31,69375,2026-08-13,call,regular,49,0.2391,13,72.0
2026-07-31,69500,2026-08-13,call,regular,686,0.2452,13,74.0
2026-07-31,69625,2026-08-13,call,regular,21,0.2417,13,63.0
2026-07-31,69750,2026-08-13,call,regular,560,0.2431,13,59.0
2026-07-31,69875,2026-08-13,call,regular,16,0.2442,13,55.0
2026-07-31,70000,2026-08-13,call,regular,4490,0.2495,13,56.0
2026-07-31,70125,2026-08-13,call,regular,8,0.2476,13,49.0
2026-07-31,70250,2026-08-13,call,regular,45,0.249,13,46.0
2026-07-31,70375,2026-08-13,call,regular,39,0.2512,13,44.0
2026-07-31,70500,2026-08-13,call,regular,106,0.2523,13,41.0
2026-07-31,70625,2026-08-13,call,regular,6,0.2542,13,39.0
2026-07-31,70750,2026-08-13,call,regular,49,0.2548,13,36.0
2026-07-31,70875,2026-08-13,call,regular,17,0.2564,13,34.0
2026-07-31,71000,2026-08-13,call,regular,2243,0.2579,13,32.0
2026-07-31,71125,2026-08-13,call,regular,3,0.2605,13,31.0
2026-07-31,71250,2026-08-13,call,regular,103,0.2616,13,29.0
2026-07-31,71375,2026-08-13,call,regular,1,0.261,13,26.0
2026-07-31,71500,2026-08-13,call,regular,249,0.2648,13,26.0
2026-07-31,71625,2026-08-13,call,regular,2,0.2671,13,25.0
2026-07-31,71750,2026-08-13,call,regular,34,0.2675,13,23.0
2026-07-31,71875,2026-08-13,call,regular,35,0.2694,13,22.0
2026-07-31,72000,2026-08-13,call,regular,1619,0.2674,13,19.0
2026-07-31,72125,2026-08-13,call,regular,15,0.271,13,19.0
2026-07-31,72250,2026-08-13,call,regular,8,0.2726,13,18.0
2026-07-31,72375,2026-08-13,call,regular,1,0.274,13,17.0
2026-07-31,72500,2026-08-13,call,regular,402,0.3073,13,34.0
2026-07-31,72750,2026-08-13,call,regular,2,0.2773,13,14.0
2026-07-31,72875,2026-08-13,call,regular,2,0.2807,13,14.0
2026-07-31,73000,2026-08-13,call,regular,1996,0.2756,13,11.0
2026-07-31,73125,2026-08-13,call,regular,11,0.2819,13,12.0
2026-07-31,73250,2026-08-13,call,regular,31,0.2822,13,11.0
2026-07-31,73375,2026-08-13,call,regular,1,0.2822,13,10.0
2026-07-31,73500,2026-08-13,call,regular,720,0.2855,13,10.0
2026-07-31,73625,2026-08-13,call,regular,1,0.2851,13,9.0
2026-07-31,73750,2026-08-13,call,regular,32,0.2883,13,9.0
2026-07-31,74000,2026-08-13,call,regular,914,0.2907,13,8.0
2026-07-31,74125,2026-08-13,call,regular,34,0.2894,13,7.0
2026-07-31,74250,2026-08-13,call,regular,9,0.2925,13,7.0
2026-07-31,74375,2026-08-13,call,regular,20,0.2906,13,6.0
2026-07-31,74500,2026-08-13,call,regular,187,0.288,13,5.0
2026-07-31,74625,2026-08-13,call,regular,28,0.291,13,5.0
2026-07-31,74750,2026-08-13,call,regular,7,0.294,13,5.0
2026-07-31,74875,2026-08-13,call,regular,18,0.2969,13,5.0
2026-07-31,75000,2026-08-13,call,regular,1818,0.2931,13,4.0
2026-07-31,75125,2026-08-13,call,regular,17,0.296,13,4.0
2026-07-31,75250,2026-08-13,call,regular,3,0.2989,13,4.0
2026-07-31,75375,2026-08-13,call,regular,19,0.3018,13,4.0
2026-07-31,75500,2026-08-13,call,regular,360,0.3047,13,4.0
2026-07-31,76000,2026-08-13,call,regular,749,0.3161,13,4.0
2026-07-31,76500,2026-08-13,call,regular,132,0.3184,13,3.0
2026-07-31,77000,2026-08-13,call,regular,724,0.3173,13,2.0
2026-07-31,77500,2026-08-13,call,regular,870,0.3278,13,2.0
2026-07-31,78000,2026-08-13,call,regular,1743,0.3383,13,2.0
2026-07-31,78500,2026-08-13,call,regular,53,0.329,13,1.0
2026-07-31,79000,2026-08-13,call,regular,174,0.3387,13,1.0
2026-07-31,79500,2026-08-13,call,regular,33,0.3484,13,1.0
2026-07-31,80000,2026-08-13,call,regular,1322,0.3579,13,1.0
2026-07-31,80500,2026-08-13,call,regular,112,0.3674,13,1.0
2026-07-31,81000,2026-08-13,call,regular,198,0.3768,13,1.0
2026-07-31,81500,2026-08-13,call,regular,23,0.3862,13,1.0
2026-07-31,82000,2026-08-13,call,regular,1027,0.3954,13,1.0
2026-07-31,82500,2026-08-13,call,regular,53,0.4046,13,1.0
2026-07-31,83000,2026-08-13,call,regular,295,0.4137,13,1.0
2026-07-31,83500,2026-08-13,call,regular,42,0.4227,13,1.0
2026-07-31,84000,2026-08-13,call,regular,166,0.4317,13,1.0
2026-07-31,84500,2026-08-13,call,regular,53,0.4406,13,1.0
2026-07-31,85000,2026-08-13,call,regular,941,0.4494,13,1.0
2026-07-31,85750,2026-08-13,call,regular,134,0.4625,13,1.0
2026-07-31,87500,2026-08-13,call,regular,221,0.4925,13,1.0
2026-07-31,88000,2026-08-13,call,regular,244,0.5009,13,1.0
2026-07-31,90000,2026-08-13,call,regular,682,0.5341,13,1.0
2026-07-31,92000,2026-08-13,call,regular,110,0.5663,13,1.0
2026-07-31,94000,2026-08-13,call,regular,96,0.5977,13,1.0
2026-07-31,95000,2026-08-13,call,regular,283,0.613,13,1.0
2026-07-31,96000,2026-08-13,call,regular,31,0.6282,13,1.0
2026-07-31,98000,2026-08-13,call,regular,37,0.658,13,1.0
2026-07-31,100000,2026-08-13,call,regular,120,0.687,13,1.0
2026-07-31,30000,2026-09-10,call,regular,3750,0.2,41,31700.0
2026-07-31,37000,2026-09-10,call,regular,1,0.2,41,24770.0
2026-07-31,42000,2026-09-10,call,regular,101,0.2,41,19860.0
2026-07-31,42500,2026-09-10,call,regular,10,0.2,41,19375.0
2026-07-31,43000,2026-09-10,call,regular,100,0.2,41,18885.0
2026-07-31,43500,2026-09-10,call,regular,57,0.2,41,18400.0
2026-07-31,45000,2026-09-10,call,regular,42,0.2,41,16945.0
2026-07-31,48000,2026-09-10,call,regular,400,0.2,41,14075.0
2026-07-31,48500,2026-09-10,call,regular,240,0.2,41,13605.0
2026-07-31,49000,2026-09-10,call,regular,200,0.2,41,13135.0
2026-07-31,50000,2026-09-10,call,regular,4650,0.2,41,12200.0
2026-07-31,50500,2026-09-10,call,regular,50,0.2,41,11740.0
2026-07-31,51000,2026-09-10,call,regular,141,0.2,41,11285.0
2026-07-31,51250,2026-09-10,call,regular,210,0.2,41,11085.0
2026-07-31,52000,2026-09-10,call,regular,350,0.2,41,10370.0
2026-07-31,53000,2026-09-10,call,regular,1100,0.2,41,9485.0
2026-07-31,53500,2026-09-10,call,regular,400,0.2,41,9040.0
2026-07-31,53750,2026-09-10,call,regular,150,0.2,41,8820.0
2026-07-31,54000,2026-09-10,call,regular,1056,0.2,41,8590.0
2026-07-31,54250,2026-09-10,call,regular,50,0.2,41,8430.0
2026-07-31,54500,2026-09-10,call,regular,200,0.2,41,8185.0
2026-07-31,54750,2026-09-10,call,regular,90,0.2,41,7975.0
2026-07-31,55000,2026-09-10,call,regular,660,0.2,41,7760.0
2026-07-31,56000,2026-09-10,call,regular,1250,0.2,41,6935.0
2026-07-31,56500,2026-09-10,call,regular,75,0.2,41,6535.0
2026-07-31,57000,2026-09-10,call,regular,850,0.2,41,6095.0
2026-07-31,57500,2026-09-10,call,regular,384,0.2,41,5730.0
2026-07-31,58000,2026-09-10,call,regular,1102,0.2,41,5340.0
2026-07-31,59000,2026-09-10,call,regular,1096,0.2,41,4615.0
2026-07-31,59500,2026-09-10,call,regular,9410000,0.2,41,4325.0
2026-07-31,60000,2026-09-10,call,regular,786,0.2,41,3980.0
2026-07-31,60500,2026-09-10,call,regular,750,0.2,41,3655.0
2026-07-31,60750,2026-09-10,call,regular,120,0.2,41,3500.0
2026-07-31,61000,2026-09-10,call,regular,222,0.2,41,3365.0
2026-07-31,61250,2026-09-10,call,regular,22,0.2,41,3205.0
2026-07-31,61375,2026-09-10,call,regular,12,0.2,41,3135.0
2026-07-31,61500,2026-09-10,call,regular,2,0.2,41,3050.0
2026-07-31,61875,2026-09-10,call,regular,2,0.1166,41,2875.0
2026-07-31,62000,2026-09-10,call,regular,2003,0.1209,41,2790.0
2026-07-31,62250,2026-09-10,call,regular,1,0.1339,41,2660.0
2026-07-31,62500,2026-09-10,call,regular,801,0.1427,41,2525.0
2026-07-31,62875,2026-09-10,call,regular,2640000,0.1559,41,2350.0
2026-07-31,63000,2026-09-10,call,regular,957,0.1669,41,2350.0
2026-07-31,63250,2026-09-10,call,regular,27,0.1646,41,2170.0
2026-07-31,63500,2026-09-10,call,regular,5,0.1708,41,2065.0
2026-07-31,63625,2026-09-10,call,regular,2530000,0.1732,41,2010.0
2026-07-31,63875,2026-09-10,call,regular,2100000,0.1779,41,1905.0
2026-07-31,64000,2026-09-10,call,regular,1267,0.1796,41,1850.0
2026-07-31,64125,2026-09-10,call,regular,2130000,0.1816,41,1800.0
2026-07-31,64250,2026-09-10,call,regular,100,0.1847,41,1760.0
2026-07-31,64375,2026-09-10,call,regular,2015000,0.1869,41,1715.0
2026-07-31,64500,2026-09-10,call,regular,102,0.1872,41,1655.0
2026-07-31,64625,2026-09-10,call,regular,1,0.1908,41,1625.0
2026-07-31,64750,2026-09-10,call,regular,1,0.1902,41,1560.0
2026-07-31,65000,2026-09-10,call,regular,5072,0.1936,41,1475.0
2026-07-31,65125,2026-09-10,call,regular,6,0.1971,41,1450.0
2026-07-31,65250,2026-09-10,call,regular,2,0.197,41,1395.0
2026-07-31,65375,2026-09-10,call,regular,9,0.2002,41,1370.0
2026-07-31,65500,2026-09-10,call,regular,152,0.1992,41,1310.0
2026-07-31,65750,2026-09-10,call,regular,2,0.2031,41,1245.0
2026-07-31,65875,2026-09-10,call,regular,1445000,0.2058,41,1220.0
2026-07-31,66000,2026-09-10,call,regular,1808,0.2041,41,1160.0
2026-07-31,66125,2026-09-10,call,regular,39,0.2077,41,1145.0
2026-07-31,66250,2026-09-10,call,regular,37,0.2081,41,1105.0
2026-07-31,66500,2026-09-10,call,regular,10,0.2092,41,1030.0
2026-07-31,66750,2026-09-10,call,regular,8,0.2122,41,975.0
2026-07-31,67000,2026-09-10,call,regular,2716,0.2187,41,950.0
2026-07-31,67250,2026-09-10,call,regular,1,0.2169,41,865.0
2026-07-31,67500,2026-09-10,call,regular,2282,0.2172,41,800.0
2026-07-31,67750,2026-09-10,call,regular,173,0.2183,41,745.0
2026-07-31,68000,2026-09-10,call,regular,2015,0.2239,41,725.0
2026-07-31,68250,2026-09-10,call,regular,4,0.2219,41,655.0
2026-07-31,68500,2026-09-10,call,regular,109,0.2239,41,615.0
2026-07-31,68625,2026-09-10,call,regular,1,0.2216,41,575.0
2026-07-31,68750,2026-09-10,call,regular,16,0.2246,41,570.0
2026-07-31,69000,2026-09-10,call,regular,1011,0.2273,41,540.0
2026-07-31,69250,2026-09-10,call,regular,47,0.228,41,500.0
2026-07-31,69500,2026-09-10,call,regular,620,0.2308,41,475.0
2026-07-31,69750,2026-09-10,call,regular,461,0.2241,41,400.0
2026-07-31,70000,2026-09-10,call,regular,2578,0.2337,41,415.0
2026-07-31,70250,2026-09-10,call,regular,8,0.2245,41,335.0
2026-07-31,70500,2026-09-10,call,regular,26,0.2361,41,360.0
2026-07-31,70750,2026-09-10,call,regular,2,0.2269,41,288.0
2026-07-31,71000,2026-09-10,call,regular,1813,0.2391,41,315.0
2026-07-31,71125,2026-09-10,call,regular,16,0.2288,41,258.0
2026-07-31,71250,2026-09-10,call,regular,4,0.2296,41,249.0
2026-07-31,71500,2026-09-10,call,regular,1304,0.2409,41,271.0
2026-07-31,71625,2026-09-10,call,regular,2,0.2312,41,222.0
2026-07-31,71750,2026-09-10,call,regular,1,0.2319,41,214.0
2026-07-31,72000,2026-09-10,call,regular,1711,0.2432,41,235.0
2026-07-31,72250,2026-09-10,call,regular,1309000,0.2342,41,184.0
2026-07-31,72500,2026-09-10,call,regular,931,0.2456,41,204.0
2026-07-31,72750,2026-09-10,call,regular,3,0.2375,41,161.0
2026-07-31,73000,2026-09-10,call,regular,2099,0.248,41,177.0
2026-07-31,73250,2026-09-10,call,regular,1,0.2422,41,145.0
2026-07-31,73500,2026-09-10,call,regular,404,0.2505,41,154.0
2026-07-31,73625,2026-09-10,call,regular,2,0.2448,41,132.0
2026-07-31,73750,2026-09-10,call,regular,576000,0.2452,41,127.0
2026-07-31,74000,2026-09-10,call,regular,1225,0.2468,41,119.0
2026-07-31,74500,2026-09-10,call,regular,103,0.2487,41,102.0
2026-07-31,74750,2026-09-10,call,regular,1,0.2494,41,94.0
2026-07-31,75000,2026-09-10,call,regular,2658,0.2504,41,87.0
2026-07-31,75250,2026-09-10,call,regular,25,0.2516,41,81.0
2026-07-31,75500,2026-09-10,call,regular,121,0.2543,41,78.0
2026-07-31,76000,2026-09-10,call,regular,377,0.2587,41,71.0
2026-07-31,76500,2026-09-10,call,regular,24,0.2646,41,67.0
2026-07-31,77000,2026-09-10,call,regular,588,0.2665,41,58.0
2026-07-31,77500,2026-09-10,call,regular,964,0.2723,41,55.0
2026-07-31,78000,2026-09-10,call,regular,2159,0.2736,41,47.0
2026-07-31,78500,2026-09-10,call,regular,6,0.2756,41,41.0
2026-07-31,79000,2026-09-10,call,regular,6,0.2768,41,35.0
2026-07-31,79500,2026-09-10,call,regular,200,0.2794,41,31.0
2026-07-31,80000,2026-09-10,call,regular,801,0.28,41,26.0
2026-07-31,80500,2026-09-10,call,regular,3,0.2824,41,23.0
2026-07-31,81000,2026-09-10,call,regular,184,0.2843,41,20.0
2026-07-31,81500,2026-09-10,call,regular,2,0.2872,41,18.0
2026-07-31,82000,2026-09-10,call,regular,24,0.2875,41,15.0
2026-07-31,82500,2026-09-10,call,regular,1,0.2891,41,13.0
2026-07-31,83000,2026-09-10,call,regular,823,0.2927,41,12.0
2026-07-31,83500,2026-09-10,call,regular,1,0.293,41,10.0
2026-07-31,84000,2026-09-10,call,regular,797,0.2921,41,8.0
2026-07-31,84500,2026-09-10,call,regular,4,0.2979,41,8.0
2026-07-31,85000,2026-09-10,call,regular,804,0.3037,41,8.0
2026-07-31,87500,2026-09-10,call,regular,135,0.3172,41,5.0
2026-07-31,90000,2026-09-10,call,regular,268,0.3365,41,4.0
2026-07-31,92000,2026-09-10,call,regular,56,0.3476,41,3.0
2026-07-31,94000,2026-09-10,call,regular,1,0.3547,41,2.0
2026-07-31,95000,2026-09-10,call,regular,11,0.3637,41,2.0
2026-07-31,96000,2026-09-10,call,regular,20,0.3727,41,2.0
2026-07-31,98000,2026-09-10,call,regular,17,0.3902,41,2.0
2026-07-31,100000,2026-09-10,call,regular,89,0.4072,41,2.0
2026-07-31,35000,2026-10-08,call,regular,20,0.2,69,26400.0
2026-07-31,47500,2026-10-08,call,regular,34,0.2,69,14400.0
2026-07-31,53000,2026-10-08,call,regular,34,0.2,69,9515.0
2026-07-31,55000,2026-10-08,call,regular,4,0.2,69,7870.0
2026-07-31,57000,2026-10-08,call,regular,1,0.2,69,6355.0
2026-07-31,60000,2026-10-08,call,regular,1,0.2,69,4330.0
2026-07-31,60500,2026-10-08,call,regular,100,0.2,69,4030.0
2026-07-31,61000,2026-10-08,call,regular,201,0.1083,69,3745.0
2026-07-31,62000,2026-10-08,call,regular,29,0.1455,69,3210.0
2026-07-31,63000,2026-10-08,call,regular,4,0.1659,69,2735.0
2026-07-31,64000,2026-10-08,call,regular,31,0.1794,69,2305.0
2026-07-31,65000,2026-10-08,call,regular,1,0.1902,69,1935.0
2026-07-31,65250,2026-10-08,call,regular,1,0.193,69,1855.0
2026-07-31,65500,2026-10-08,call,regular,60,0.1949,69,1770.0
2026-07-31,66000,2026-10-08,call,regular,300,0.1985,69,1610.0
2026-07-31,66250,2026-10-08,call,regular,4,0.2003,69,1535.0
2026-07-31,67000,2026-10-08,call,regular,250,0.2058,69,1335.0
2026-07-31,67500,2026-10-08,call,regular,1,0.2083,69,1205.0
2026-07-31,68000,2026-10-08,call,regular,190,0.2115,69,1095.0
2026-07-31,69000,2026-10-08,call,regular,300,0.2178,69,905.0
2026-07-31,69500,2026-10-08,call,regular,1,0.2205,69,820.0
2026-07-31,70000,2026-10-08,call,regular,660,0.2228,69,740.0
2026-07-31,70750,2026-10-08,call,regular,1,0.2249,69,625.0
2026-07-31,71500,2026-10-08,call,regular,2,0.2275,69,530.0
2026-07-31,72000,2026-10-08,call,regular,182,0.2285,69,470.0
2026-07-31,72250,2026-10-08,call,regular,1,0.2294,69,445.0
2026-07-31,72500,2026-10-08,call,regular,2,0.2301,69,420.0
2026-07-31,73000,2026-10-08,call,regular,305,0.2308,69,370.0
2026-07-31,73500,2026-10-08,call,regular,2,0.2351,69,345.0
2026-07-31,74000,2026-10-08,call,regular,3,0.239,69,320.0
2026-07-31,74500,2026-10-08,call,regular,127,0.2419,69,293.0
2026-07-31,75000,2026-10-08,call,regular,1250,0.2454,69,271.0
2026-07-31,76000,2026-10-08,call,regular,301,0.2522,69,233.0
2026-07-31,77000,2026-10-08,call,regular,993,0.2585,69,200.0
2026-07-31,77500,2026-10-08,call,regular,1,0.2617,69,186.0
2026-07-31,78000,2026-10-08,call,regular,1,0.2649,69,173.0
2026-07-31,78500,2026-10-08,call,regular,1,0.2676,69,160.0
2026-07-31,79000,2026-10-08,call,regular,3,0.2706,69,149.0
2026-07-31,80000,2026-10-08,call,regular,1762,0.276,69,128.0
2026-07-31,81000,2026-10-08,call,regular,403,0.281,69,110.0
2026-07-31,82000,2026-10-08,call,regular,2,0.2856,69,94.0
2026-07-31,83500,2026-10-08,call,regular,6,0.2925,69,75.0
2026-07-31,84000,2026-10-08,call,regular,2,0.2949,69,70.0
2026-07-31,85000,2026-10-08,call,regular,100,0.299,69,60.0
2026-07-31,87500,2026-10-08,call,regular,2,0.3134,69,46.0
2026-07-31,90000,2026-10-08,call,regular,13,0.326,69,35.0
2026-07-31,95000,2026-10-08,call,regular,5,0.3475,69,20.0
2026-07-31,100000,2026-10-08,call,regular,30,0.3673,69,12.0
2026-07-31,50250,2026-11-12,call,regular,35,0.2,104,12325.0
2026-07-31,56000,2026-11-12,call,regular,34,0.2,104,7690.0
2026-07-31,57500,2026-11-12,call,regular,100,0.2,104,6755.0
2026-07-31,60500,2026-11-12,call,regular,100,0.165,104,4820.0
2026-07-31,61000,2026-11-12,call,regular,200,0.1725,104,4530.0
2026-07-31,63000,2026-11-12,call,regular,1,0.1914,104,3470.0
2026-07-31,64000,2026-11-12,call,regular,125,0.1981,104,3015.0
2026-07-31,65000,2026-11-12,call,regular,10,0.2049,104,2625.0
2026-07-31,66000,2026-11-12,call,regular,200,0.2099,104,2265.0
2026-07-31,67000,2026-11-12,call,regular,938,0.2133,104,1935.0
2026-07-31,69000,2026-11-12,call,regular,937,0.2201,104,1405.0
2026-07-31,70000,2026-11-12,call,regular,143,0.223,104,1190.0
2026-07-31,71000,2026-11-12,call,regular,4,0.2257,104,1005.0
2026-07-31,72500,2026-11-12,call,regular,301,0.2299,104,780.0
2026-07-31,74000,2026-11-12,call,regular,100,0.234,104,605.0
2026-07-31,75000,2026-11-12,call,regular,102,0.2366,104,510.0
2026-07-31,95000,2026-11-12,call,regular,2,0.283,104,20.0
2026-07-31,100000,2026-11-12,call,regular,3,0.306,104,15.0
2026-07-31,12500,2026-12-10,call,regular,84,0.2,132,48950.0
2026-07-31,20000,2026-12-10,call,regular,150,0.2,132,41505.0
2026-07-31,22000,2026-12-10,call,regular,100,0.2,132,39530.0
2026-07-31,25000,2026-12-10,call,regular,300,0.2,132,36580.0
2026-07-31,26000,2026-12-10,call,regular,350,0.2,132,35605.0
2026-07-31,27000,2026-12-10,call,regular,250,0.2,132,34625.0
2026-07-31,28000,2026-12-10,call,regular,75,0.2,132,33640.0
2026-07-31,28500,2026-12-10,call,regular,125,0.2,132,33150.0
2026-07-31,29000,2026-12-10,call,regular,150,0.2,132,32660.0
2026-07-31,30000,2026-12-10,call,regular,100,0.2,132,31680.0
2026-07-31,30500,2026-12-10,call,regular,50,0.2,132,31190.0
2026-07-31,31000,2026-12-10,call,regular,241,0.2,132,30705.0
2026-07-31,31500,2026-12-10,call,regular,50,0.2,132,30215.0
2026-07-31,32000,2026-12-10,call,regular,700,0.2,132,29730.0
2026-07-31,32500,2026-12-10,call,regular,250,0.2,132,29240.0
2026-07-31,33000,2026-12-10,call,regular,1950,0.2,132,28755.0
2026-07-31,34000,2026-12-10,call,regular,280,0.2,132,27785.0
2026-07-31,34500,2026-12-10,call,regular,400,0.2,132,27300.0
2026-07-31,35000,2026-12-10,call,regular,435,0.2,132,26820.0
2026-07-31,36000,2026-12-10,call,regular,975,0.2,132,25855.0
2026-07-31,36500,2026-12-10,call,regular,252,0.2,132,25375.0
2026-07-31,37000,2026-12-10,call,regular,450,0.2,132,24895.0
2026-07-31,37500,2026-12-10,call,regular,88,0.2,132,24415.0
2026-07-31,37750,2026-12-10,call,regular,100,0.2,132,24180.0
2026-07-31,38000,2026-12-10,call,regular,1225,0.2,132,23940.0
2026-07-31,38500,2026-12-10,call,regular,700,0.2,132,23465.0
2026-07-31,38750,2026-12-10,call,regular,50,0.2,132,23225.0
2026-07-31,39000,2026-12-10,call,regular,750,0.2,132,22985.0
2026-07-31,39500,2026-12-10,call,regular,500,0.2,132,22510.0
2026-07-31,40000,2026-12-10,call,regular,1200,0.2,132,22060.0
2026-07-31,40500,2026-12-10,call,regular,400,0.2,132,21565.0
2026-07-31,41000,2026-12-10,call,regular,1300,0.2,132,21090.0
2026-07-31,41500,2026-12-10,call,regular,100,0.2,132,20625.0
2026-07-31,42000,2026-12-10,call,regular,1071,0.2,132,20165.0
2026-07-31,42500,2026-12-10,call,regular,250,0.2,132,19690.0
2026-07-31,43000,2026-12-10,call,regular,1400,0.2,132,19240.0
2026-07-31,43750,2026-12-10,call,regular,100,0.2,132,18530.0
2026-07-31,44000,2026-12-10,call,regular,600,0.2,132,18315.0
2026-07-31,45000,2026-12-10,call,regular,1842,0.2,132,17400.0
2026-07-31,45250,2026-12-10,call,regular,413,0.2,132,17160.0
2026-07-31,45500,2026-12-10,call,regular,200,0.2,132,16930.0
2026-07-31,46000,2026-12-10,call,regular,2300,0.2,132,16495.0
2026-07-31,46250,2026-12-10,call,regular,315,0.2,132,16255.0
2026-07-31,47000,2026-12-10,call,regular,350,0.2,132,15595.0
2026-07-31,47500,2026-12-10,call,regular,200,0.2,132,15145.0
2026-07-31,48000,2026-12-10,call,regular,750,0.2,132,14715.0
2026-07-31,49000,2026-12-10,call,regular,1000,0.2,132,13840.0
2026-07-31,49500,2026-12-10,call,regular,260,0.2,132,13390.0
2026-07-31,50000,2026-12-10,call,regular,3342,0.2,132,12935.0
2026-07-31,50250,2026-12-10,call,regular,58,0.2,132,12710.0
2026-07-31,50500,2026-12-10,call,regular,600,0.2,132,12500.0
2026-07-31,50750,2026-12-10,call,regular,45,0.2,132,12285.0
2026-07-31,51000,2026-12-10,call,regular,731,0.2,132,12080.0
2026-07-31,52000,2026-12-10,call,regular,802,0.2,132,11255.0
2026-07-31,52250,2026-12-10,call,regular,250,0.2,132,11055.0
2026-07-31,52500,2026-12-10,call,regular,50,0.2,132,10850.0
2026-07-31,53000,2026-12-10,call,regular,1135,0.2,132,10450.0
2026-07-31,53500,2026-12-10,call,regular,106,0.2,132,10055.0
2026-07-31,54000,2026-12-10,call,regular,1941,0.2,132,9670.0
2026-07-31,54500,2026-12-10,call,regular,540,0.2,132,9285.0
2026-07-31,55000,2026-12-10,call,regular,1829,0.2,132,8910.0
2026-07-31,55500,2026-12-10,call,regular,300,0.2,132,8540.0
2026-07-31,56000,2026-12-10,call,regular,791,0.2,132,8175.0
2026-07-31,56500,2026-12-10,call,regular,283,0.2,132,7820.0
2026-07-31,57000,2026-12-10,call,regular,500,0.2,132,7470.0
2026-07-31,57250,2026-12-10,call,regular,113,0.2,132,7300.0
2026-07-31,57500,2026-12-10,call,regular,90,0.1022,132,7135.0
2026-07-31,58000,2026-12-10,call,regular,2603,0.1498,132,6905.0
2026-07-31,58500,2026-12-10,call,regular,350,0.1591,132,6550.0
2026-07-31,59000,2026-12-10,call,regular,1900,0.1677,132,6220.0
2026-07-31,59500,2026-12-10,call,regular,100,0.1769,132,5925.0
2026-07-31,60000,2026-12-10,call,regular,7264,0.1838,132,5630.0
2026-07-31,60500,2026-12-10,call,regular,102,0.1892,132,5340.0
2026-07-31,61000,2026-12-10,call,regular,813,0.1939,132,5060.0
2026-07-31,62000,2026-12-10,call,regular,1350,0.1982,132,4480.0
2026-07-31,62500,2026-12-10,call,regular,386,0.2016,132,4230.0
2026-07-31,63000,2026-12-10,call,regular,1715,0.2049,132,3995.0
2026-07-31,63750,2026-12-10,call,regular,25,0.2077,132,3635.0
2026-07-31,64000,2026-12-10,call,regular,1990,0.2092,132,3530.0
2026-07-31,65000,2026-12-10,call,regular,3336,0.2147,132,3135.0
2026-07-31,65500,2026-12-10,call,regular,584,0.2167,132,2945.0
2026-07-31,66000,2026-12-10,call,regular,720,0.218,132,2755.0
2026-07-31,67000,2026-12-10,call,regular,1077,0.2208,132,2410.0
2026-07-31,67250,2026-12-10,call,regular,25,0.2214,132,2330.0
2026-07-31,67500,2026-12-10,call,regular,25,0.2223,132,2255.0
2026-07-31,68000,2026-12-10,call,regular,3342,0.2232,132,2100.0
2026-07-31,68500,2026-12-10,call,regular,220,0.2248,132,1965.0
2026-07-31,69000,2026-12-10,call,regular,1105,0.2258,132,1830.0
2026-07-31,69250,2026-12-10,call,regular,50,0.2248,132,1745.0
2026-07-31,69750,2026-12-10,call,regular,158,0.2259,132,1625.0
2026-07-31,70000,2026-12-10,call,regular,3649,0.2267,132,1570.0
2026-07-31,71000,2026-12-10,call,regular,200,0.2285,132,1355.0
2026-07-31,72000,2026-12-10,call,regular,710,0.2302,132,1165.0
2026-07-31,72500,2026-12-10,call,regular,2293,0.2315,132,1085.0
2026-07-31,73000,2026-12-10,call,regular,426,0.2323,132,1005.0
2026-07-31,73500,2026-12-10,call,regular,400,0.233,132,930.0
2026-07-31,74000,2026-12-10,call,regular,1029,0.2337,132,860.0
2026-07-31,75000,2026-12-10,call,regular,2933,0.2357,132,740.0
2026-07-31,76000,2026-12-10,call,regular,100,0.2381,132,640.0
2026-07-31,77000,2026-12-10,call,regular,359,0.2406,132,555.0
2026-07-31,77500,2026-12-10,call,regular,1301,0.2416,132,515.0
2026-07-31,78000,2026-12-10,call,regular,303,0.2429,132,480.0
2026-07-31,79000,2026-12-10,call,regular,204,0.2451,132,415.0
2026-07-31,80000,2026-12-10,call,regular,6976,0.2466,132,355.0
2026-07-31,81000,2026-12-10,call,regular,121,0.2483,132,305.0
2026-07-31,82500,2026-12-10,call,regular,801,0.251,132,243.0
2026-07-31,84000,2026-12-10,call,regular,402,0.2533,132,193.0
2026-07-31,85000,2026-12-10,call,regular,689,0.255,132,166.0
2026-07-31,87500,2026-12-10,call,regular,2578,0.2587,132,113.0
2026-07-31,90000,2026-12-10,call,regular,2126,0.2623,132,77.0
2026-07-31,95000,2026-12-10,call,regular,1072,0.2922,132,68.0
2026-07-31,100000,2026-12-10,call,regular,501,0.2814,132,21.0
2026-07-31,54250,2027-01-07,call,regular,27,0.2,160,9790.0
2026-07-31,61000,2027-01-07,call,regular,26,0.1954,160,5350.0
2026-07-31,64000,2027-01-07,call,regular,100,0.2109,160,3885.0
2026-07-31,71000,2027-01-07,call,regular,1,0.227,160,1635.0
2026-07-31,71500,2027-01-07,call,regular,125,0.2278,160,1530.0
2026-07-31,72000,2027-01-07,call,regular,2,0.2289,160,1435.0
2026-07-31,73000,2027-01-07,call,regular,1,0.2305,160,1255.0
2026-07-31,74000,2027-01-07,call,regular,2,0.232,160,1095.0
2026-07-31,80000,2027-01-07,call,regular,1,0.2432,160,495.0
2026-07-31,100000,2027-01-07,call,regular,2,0.265,160,29.0
2026-07-31,56000,2027-02-10,call,regular,8,0.1435,194,8850.0
2026-07-31,56750,2027-02-10,call,regular,60,0.1621,194,8345.0
2026-07-31,64000,2027-02-10,call,regular,60,0.2201,194,4420.0
2026-07-31,66000,2027-02-10,call,regular,8,0.2228,194,3565.0
2026-07-31,52000,2027-03-11,call,regular,560,0.2,223,12075.0
2026-07-31,52750,2027-03-11,call,regular,8,0.2,223,11505.0
2026-07-31,53000,2027-03-11,call,regular,275,0.2,223,11325.0
2026-07-31,53500,2027-03-11,call,regular,202,0.2,223,10950.0
2026-07-31,53750,2027-03-11,call,regular,44,0.2,223,10770.0
2026-07-31,54000,2027-03-11,call,regular,267,0.2,223,10590.0
2026-07-31,55000,2027-03-11,call,regular,550,0.1505,223,9880.0
2026-07-31,56000,2027-03-11,call,regular,50,0.1715,223,9195.0
2026-07-31,56500,2027-03-11,call,regular,1,0.1789,223,8865.0
2026-07-31,57000,2027-03-11,call,regular,365,0.1845,223,8535.0
2026-07-31,58000,2027-03-11,call,regular,150,0.194,223,7905.0
2026-07-31,59500,2027-03-11,call,regular,200,0.2041,223,7010.0
2026-07-31,59750,2027-03-11,call,regular,2,0.2056,223,6870.0
2026-07-31,60000,2027-03-11,call,regular,12,0.2066,223,6725.0
2026-07-31,60250,2027-03-11,call,regular,44,0.2081,223,6590.0
2026-07-31,61000,2027-03-11,call,regular,160,0.2114,223,6185.0
2026-07-31,61750,2027-03-11,call,regular,1,0.2144,223,5800.0
2026-07-31,62500,2027-03-11,call,regular,508,0.2178,223,5445.0
2026-07-31,63000,2027-03-11,call,regular,292,0.2204,223,5230.0
2026-07-31,64000,2027-03-11,call,regular,1,0.2237,223,4790.0
2026-07-31,64250,2027-03-11,call,regular,100,0.2243,223,4680.0
2026-07-31,65000,2027-03-11,call,regular,801,0.2244,223,4335.0
2026-07-31,66000,2027-03-11,call,regular,200,0.2256,223,3925.0
2026-07-31,66250,2027-03-11,call,regular,15,0.226,223,3830.0
2026-07-31,66500,2027-03-11,call,regular,6,0.2266,223,3740.0
2026-07-31,67000,2027-03-11,call,regular,200,0.2271,223,3555.0
2026-07-31,69000,2027-03-11,call,regular,250,0.2298,223,2900.0
2026-07-31,70000,2027-03-11,call,regular,235,0.2311,223,2615.0
2026-07-31,70500,2027-03-11,call,regular,150,0.2316,223,2480.0
2026-07-31,71000,2027-03-11,call,regular,100,0.2321,223,2350.0
2026-07-31,72000,2027-03-11,call,regular,500,0.2334,223,2115.0
2026-07-31,72500,2027-03-11,call,regular,85,0.234,223,2005.0
2026-07-31,73000,2027-03-11,call,regular,400,0.2349,223,1905.0
2026-07-31,73500,2027-03-11,call,regular,1,0.2354,223,1805.0
2026-07-31,74000,2027-03-11,call,regular,3,0.236,223,1710.0
2026-07-31,75000,2027-03-11,call,regular,432,0.2372,223,1535.0
2026-07-31,77500,2027-03-11,call,regular,150,0.2402,223,1170.0
2026-07-31,80000,2027-03-11,call,regular,200,0.2439,223,900.0
2026-07-31,82500,2027-03-11,call,regular,737,0.2473,223,690.0
2026-07-31,90000,2027-03-11,call,regular,368,0.2562,223,310.0
2026-07-31,100000,2027-03-11,call,regular,78,0.264,223,102.0
2026-07-31,57000,2027-04-08,call,regular,25,0.1854,251,8700.0
2026-07-31,57750,2027-04-08,call,regular,88,0.1914,251,8225.0
2026-07-31,65000,2027-04-08,call,regular,88,0.2203,251,4525.0
2026-07-31,67000,2027-04-08,call,regular,25,0.2241,251,3770.0
2026-07-31,60250,2027-05-13,call,regular,8,0.2121,286,7170.0
2026-07-31,61250,2027-05-13,call,regular,23,0.2127,286,6590.0
2026-07-31,71000,2027-05-13,call,regular,23,0.2304,286,2890.0
2026-07-31,72000,2027-05-13,call,regular,8,0.2316,286,2640.0
2026-07-31,16250,2027-06-10,call,regular,114,0.2,314,44880.0
2026-07-31,30000,2027-06-10,call,regular,300,0.2,314,31675.0
2026-07-31,33000,2027-06-10,call,regular,50,0.2,314,28865.0
2026-07-31,36000,2027-06-10,call,regular,150,0.2,314,26095.0
2026-07-31,37000,2027-06-10,call,regular,50,0.2,314,25185.0
2026-07-31,37250,2027-06-10,call,regular,480,0.2,314,24955.0
2026-07-31,38500,2027-06-10,call,regular,140,0.2,314,23795.0
2026-07-31,39000,2027-06-10,call,regular,50,0.2,314,23315.0
2026-07-31,44500,2027-06-10,call,regular,300,0.2,314,18535.0
2026-07-31,50000,2027-06-10,call,regular,300,0.2,314,14115.0
2026-07-31,50500,2027-06-10,call,regular,175,0.2,314,13740.0
2026-07-31,53000,2027-06-10,call,regular,100,0.152,314,11915.0
2026-07-31,54000,2027-06-10,call,regular,1050,0.1711,314,11220.0
2026-07-31,55000,2027-06-10,call,regular,300,0.1839,314,10555.0
2026-07-31,56000,2027-06-10,call,regular,175,0.1924,314,9900.0
2026-07-31,57000,2027-06-10,call,regular,50,0.1993,314,9275.0
2026-07-31,58500,2027-06-10,call,regular,58,0.2069,314,8380.0
2026-07-31,60000,2027-06-10,call,regular,850,0.2129,314,7550.0
2026-07-31,62500,2027-06-10,call,regular,150,0.2197,314,6285.0
2026-07-31,63000,2027-06-10,call,regular,100,0.2209,314,6055.0
2026-07-31,64000,2027-06-10,call,regular,200,0.2231,314,5615.0
2026-07-31,65000,2027-06-10,call,regular,250,0.2249,314,5195.0
2026-07-31,65500,2027-06-10,call,regular,62,0.2259,314,5000.0
2026-07-31,67000,2027-06-10,call,regular,470,0.2279,314,4430.0
2026-07-31,68000,2027-06-10,call,regular,400,0.2291,314,4080.0
2026-07-31,68250,2027-06-10,call,regular,15,0.2295,314,4000.0
2026-07-31,68500,2027-06-10,call,regular,200,0.2297,314,3915.0
2026-07-31,69250,2027-06-10,call,regular,36,0.2306,314,3680.0
2026-07-31,70000,2027-06-10,call,regular,550,0.2314,314,3455.0
2026-07-31,71000,2027-06-10,call,regular,100,0.2322,314,3170.0
2026-07-31,72000,2027-06-10,call,regular,100,0.2334,314,2915.0
2026-07-31,75000,2027-06-10,call,regular,500,0.2364,314,2250.0
2026-07-31,77500,2027-06-10,call,regular,36,0.239,314,1815.0
2026-07-31,80000,2027-06-10,call,regular,15,0.2415,314,1460.0
2026-07-31,85000,2027-06-10,call,regular,550,0.2462,314,945.0
2026-07-31,90000,2027-06-10,call,regular,100,0.2514,314,620.0
2026-07-31,65750,2027-07-08,call,regular,20,0.2267,342,5150.0
2026-07-31,66750,2027-07-08,call,regular,32,0.228,342,4770.0
2026-07-31,75000,2027-07-08,call,regular,32,0.236,342,2455.0
2026-07-31,77000,2027-07-08,call,regular,20,0.2377,342,2080.0
2026-07-31,65000,2027-09-09,call,regular,1,0.2336,405,6165.0
2026-07-31,28000,2027-12-09,call,regular,50,0.2,496,33680.0
2026-07-31,30000,2027-12-09,call,regular,225,0.2,496,31850.0
2026-07-31,31500,2027-12-09,call,regular,50,0.2,496,30485.0
2026-07-31,32000,2027-12-09,call,regular,100,0.2,496,30035.0
2026-07-31,33000,2027-12-09,call,regular,100,0.2,496,29135.0
2026-07-31,34000,2027-12-09,call,regular,375,0.2,496,28200.0
2026-07-31,35000,2027-12-09,call,regular,201,0.2,496,27265.0
2026-07-31,36000,2027-12-09,call,regular,80,0.2,496,26335.0
2026-07-31,36750,2027-12-09,call,regular,442,0.2,496,25680.0
2026-07-31,37000,2027-12-09,call,regular,200,0.2,496,25465.0
2026-07-31,38000,2027-12-09,call,regular,575,0.2,496,24605.0
2026-07-31,39000,2027-12-09,call,regular,125,0.2,496,23750.0
2026-07-31,39250,2027-12-09,call,regular,50,0.2,496,23540.0
2026-07-31,39500,2027-12-09,call,regular,50,0.2,496,23325.0
2026-07-31,40000,2027-12-09,call,regular,350,0.2,496,22905.0
2026-07-31,40500,2027-12-09,call,regular,450,0.2,496,22485.0
2026-07-31,41000,2027-12-09,call,regular,375,0.2,496,22070.0
2026-07-31,42000,2027-12-09,call,regular,200,0.2,496,21250.0
2026-07-31,43000,2027-12-09,call,regular,400,0.2,496,20435.0
2026-07-31,43500,2027-12-09,call,regular,150,0.2,496,20030.0
2026-07-31,45000,2027-12-09,call,regular,1950,0.2,496,18845.0
2026-07-31,46000,2027-12-09,call,regular,500,0.2,496,18070.0
2026-07-31,48000,2027-12-09,call,regular,225,0.2,496,16560.0
2026-07-31,49000,2027-12-09,call,regular,700,0.1437,496,15830.0
2026-07-31,50000,2027-12-09,call,regular,1950,0.1666,496,15115.0
2026-07-31,51000,2027-12-09,call,regular,300,0.18,496,14415.0
2026-07-31,52500,2027-12-09,call,regular,100,0.1932,496,13395.0
2026-07-31,54000,2027-12-09,call,regular,300,0.2025,496,12425.0
2026-07-31,54500,2027-12-09,call,regular,100,0.205,496,12110.0
2026-07-31,55000,2027-12-09,call,regular,704,0.2072,496,11800.0
2026-07-31,57000,2027-12-09,call,regular,250,0.214,496,10605.0
2026-07-31,58000,2027-12-09,call,regular,500,0.2169,496,10045.0
2026-07-31,60000,2027-12-09,call,regular,1225,0.2213,496,8980.0
2026-07-31,61000,2027-12-09,call,regular,200,0.2233,496,8485.0
2026-07-31,62000,2027-12-09,call,regular,200,0.2248,496,8005.0
2026-07-31,62500,2027-12-09,call,regular,70,0.2256,496,7775.0
2026-07-31,63000,2027-12-09,call,regular,300,0.2263,496,7550.0
2026-07-31,63500,2027-12-09,call,regular,50,0.2271,496,7335.0
2026-07-31,64000,2027-12-09,call,regular,780,0.2278,496,7120.0
2026-07-31,65000,2027-12-09,call,regular,550,0.23,496,6735.0
2026-07-31,66000,2027-12-09,call,regular,300,0.2317,496,6360.0
2026-07-31,67000,2027-12-09,call,regular,100,0.2334,496,6005.0
2026-07-31,68000,2027-12-09,call,regular,200,0.2347,496,5660.0
2026-07-31,69000,2027-12-09,call,regular,850,0.2335,496,5260.0
2026-07-31,70000,2027-12-09,call,regular,850,0.2343,496,4940.0
2026-07-31,72500,2027-12-09,call,regular,100,0.2357,496,4205.0
2026-07-31,75000,2027-12-09,call,regular,177,0.2374,496,3580.0
2026-07-31,80000,2027-12-09,call,regular,800,0.2409,496,2595.0
2026-07-31,87500,2027-12-09,call,regular,100,0.247,496,1625.0
2026-07-31,41500,2028-06-08,call,regular,100,0.2,678,22455.0
2026-07-31,28000,2028-12-07,call,regular,50,0.2,860,34155.0
2026-07-31,30000,2028-12-07,call,regular,80,0.2,860,32425.0
2026-07-31,31000,2028-12-07,call,regular,200,0.2,860,31570.0
2026-07-31,32000,2028-12-07,call,regular,75,0.2,860,30720.0
2026-07-31,33000,2028-12-07,call,regular,125,0.2,860,29880.0
2026-07-31,34500,2028-12-07,call,regular,330,0.2,860,28630.0
2026-07-31,34750,2028-12-07,call,regular,100,0.2,860,28425.0
2026-07-31,35500,2028-12-07,call,regular,443,0.2,860,27810.0
2026-07-31,36000,2028-12-07,call,regular,450,0.2,860,27400.0
2026-07-31,36500,2028-12-07,call,regular,52,0.2,860,26995.0
2026-07-31,38000,2028-12-07,call,regular,120,0.2,860,25790.0
2026-07-31,39000,2028-12-07,call,regular,575,0.2,860,24995.0
2026-07-31,40000,2028-12-07,call,regular,30,0.2,860,24215.0
2026-07-31,41000,2028-12-07,call,regular,375,0.2,860,23435.0
2026-07-31,42000,2028-12-07,call,regular,65,0.1048,860,22680.0
2026-07-31,42500,2028-12-07,call,regular,100,0.1443,860,22300.0
2026-07-31,50000,2028-12-07,call,regular,400,0.2154,860,17005.0
2026-07-31,53000,2028-12-07,call,regular,50,0.2222,860,15110.0
2026-07-31,55000,2028-12-07,call,regular,50,0.2248,860,13915.0
2026-07-31,56000,2028-12-07,call,regular,650,0.224,860,13280.0
2026-07-31,60000,2028-12-07,call,regular,250,0.2238,860,11045.0
2026-07-31,67500,2028-12-07,call,regular,100,0.2297,860,7910.0
2026-07-31,75000,2028-12-07,call,regular,80,0.2342,860,5630.0
2026-07-31,80000,2028-12-07,call,regular,200,0.2368,860,4485.0
2026-07-31,50000,2029-12-13,call,regular,100,0.2146,1231,18135.0
2026-07-31,60000,2029-12-13,call,regular,375,0.2232,1231,12660.0
2026-07-31,65000,2029-12-13,call,regular,50,0.2271,1231,10580.0
2026-07-31,57000,2030-12-12,call,regular,300,0.2344,1595,16045.0
2026-07-31,64000,2030-12-12,call,regular,3,0.2342,1595,12835.0
2026-07-31,66500,2026-08-05,put,mini,4915,1.2677,5,4915.0
2026-07-31,67750,2026-08-05,put,mini,2,1.4144,5,6135.0
2026-07-31,58375,2026-08-07,put,mini,28,0.6283,7,325.0
2026-07-31,58500,2026-08-07,put,mini,78,0.7033,7,485.0
2026-07-31,59000,2026-08-07,put,mini,58,0.669,7,500.0
2026-07-31,59375,2026-08-07,put,mini,19,0.708,7,660.0
2026-07-31,59500,2026-08-07,put,mini,34,0.7053,7,680.0
2026-07-31,59750,2026-08-07,put,mini,1,0.7091,7,745.0
2026-07-31,60000,2026-08-07,put,mini,30,0.7248,7,845.0
2026-07-31,60250,2026-08-07,put,mini,1,0.718,7,890.0
2026-07-31,60500,2026-08-07,put,mini,3,0.7157,7,950.0
2026-07-31,60625,2026-08-07,put,mini,1,0.7283,7,1020.0
2026-07-31,60750,2026-08-07,put,mini,1,0.7315,7,1065.0
2026-07-31,61000,2026-08-07,put,mini,14,0.7384,7,1160.0
2026-07-31,61125,2026-08-07,put,mini,49,0.7019,7,1090.0
2026-07-31,61250,2026-08-07,put,mini,5,0.7472,7,1265.0
2026-07-31,61375,2026-08-07,put,mini,2,0.7501,7,1315.0
2026-07-31,61500,2026-08-07,put,mini,43,0.7544,7,1370.0
2026-07-31,61625,2026-08-07,put,mini,2,0.7582,7,1425.0
2026-07-31,61750,2026-08-07,put,mini,1,0.7633,7,1485.0
2026-07-31,62000,2026-08-07,put,mini,13,0.7692,7,1595.0
2026-07-31,62250,2026-08-07,put,mini,1,0.7815,7,1730.0
2026-07-31,62500,2026-08-07,put,mini,6,0.7923,7,1865.0
2026-07-31,62750,2026-08-07,put,mini,1,0.8062,7,2015.0
2026-07-31,63000,2026-08-07,put,mini,2,0.8187,7,2165.0
2026-07-31,63125,2026-08-07,put,mini,1,0.8202,7,2225.0
2026-07-31,64000,2026-08-07,put,mini,5,0.8757,7,2830.0
2026-07-31,64375,2026-08-07,put,mini,1,0.9013,7,3110.0
2026-07-31,64500,2026-08-07,put,mini,14,0.9112,7,3210.0
2026-07-31,64875,2026-08-07,put,mini,3515,0.9409,7,3515.0
2026-07-31,65000,2026-08-07,put,mini,11,0.9415,7,3585.0
2026-07-31,65250,2026-08-07,put,mini,3815,0.9673,7,3815.0
2026-07-31,65500,2026-08-07,put,mini,4030,0.9881,7,4030.0
2026-07-31,66000,2026-08-07,put,mini,4480,1.0332,7,4480.0
2026-07-31,66500,2026-08-07,put,mini,2,1.08,7,4945.0
2026-07-31,67750,2026-08-07,put,mini,4,1.1955,7,6135.0
2026-07-31,68500,2026-08-07,put,mini,6860,1.2627,7,6860.0
2026-07-31,68750,2026-08-07,put,mini,8,1.2854,7,7105.0
2026-07-31,56750,2026-08-14,put,mini,736,0.5987,14,485.0
2026-07-31,56875,2026-08-14,put,mini,2,0.6341,14,600.0
2026-07-31,57000,2026-08-14,put,mini,681,0.6049,14,540.0
2026-07-31,57125,2026-08-14,put,mini,605,0.6208,14,605.0
2026-07-31,57250,2026-08-14,put,mini,41,0.6045,14,580.0
2026-07-31,57375,2026-08-14,put,mini,640,0.6177,14,640.0
2026-07-31,57500,2026-08-14,put,mini,202,0.593,14,590.0
2026-07-31,57750,2026-08-14,put,mini,22,0.5915,14,630.0
2026-07-31,57875,2026-08-14,put,mini,4,0.6147,14,725.0
2026-07-31,58000,2026-08-14,put,mini,682,0.5957,14,690.0
2026-07-31,58125,2026-08-14,put,mini,6,0.6037,14,740.0
2026-07-31,58250,2026-08-14,put,mini,53,0.588,14,715.0
2026-07-31,58375,2026-08-14,put,mini,780,0.6,14,780.0
2026-07-31,58500,2026-08-14,put,mini,74,0.589,14,770.0
2026-07-31,58625,2026-08-14,put,mini,845,0.6032,14,845.0
2026-07-31,58750,2026-08-14,put,mini,63,0.5979,14,855.0
2026-07-31,58875,2026-08-14,put,mini,1,0.6025,14,900.0
2026-07-31,59000,2026-08-14,put,mini,487,0.5858,14,870.0
2026-07-31,59250,2026-08-14,put,mini,10,0.5981,14,975.0
2026-07-31,59375,2026-08-14,put,mini,1,0.6044,14,1030.0
2026-07-31,59500,2026-08-14,put,mini,117,0.5892,14,1005.0
2026-07-31,59625,2026-08-14,put,mini,1,0.599,14,1075.0
2026-07-31,59750,2026-08-14,put,mini,47,0.6006,14,1115.0
2026-07-31,59875,2026-08-14,put,mini,3,0.5981,14,1140.0
2026-07-31,60000,2026-08-14,put,mini,560,0.5956,14,1165.0
2026-07-31,60125,2026-08-14,put,mini,1225,0.6016,14,1225.0
2026-07-31,60250,2026-08-14,put,mini,25,0.6023,14,1265.0
2026-07-31,60375,2026-08-14,put,mini,2,0.6041,14,1310.0
2026-07-31,60500,2026-08-14,put,mini,54,0.5925,14,1300.0
2026-07-31,60625,2026-08-14,put,mini,2,0.6034,14,1385.0
2026-07-31,60750,2026-08-14,put,mini,21,0.6069,14,1440.0
2026-07-31,60875,2026-08-14,put,mini,3,0.6067,14,1480.0
2026-07-31,61000,2026-08-14,put,mini,436,0.6097,14,1535.0
2026-07-31,61125,2026-08-14,put,mini,1,0.6114,14,1585.0
2026-07-31,61250,2026-08-14,put,mini,11,0.6139,14,1640.0
2026-07-31,61375,2026-08-14,put,mini,1645,0.6051,14,1645.0
2026-07-31,61500,2026-08-14,put,mini,161,0.6052,14,1690.0
2026-07-31,61625,2026-08-14,put,mini,1,0.6193,14,1800.0
2026-07-31,61750,2026-08-14,put,mini,20,0.6232,14,1865.0
2026-07-31,61875,2026-08-14,put,mini,2,0.628,14,1935.0
2026-07-31,62000,2026-08-14,put,mini,846,0.6143,14,1920.0
2026-07-31,62125,2026-08-14,put,mini,2,0.6336,14,2060.0
2026-07-31,62250,2026-08-14,put,mini,496,0.6324,14,2105.0
2026-07-31,62375,2026-08-14,put,mini,507,0.6384,14,2185.0
2026-07-31,62500,2026-08-14,put,mini,136,0.6547,14,2315.0
2026-07-31,62625,2026-08-14,put,mini,2,0.6488,14,2340.0
2026-07-31,62750,2026-08-14,put,mini,47,0.6448,14,2375.0
2026-07-31,62875,2026-08-14,put,mini,2475,0.6541,14,2475.0
2026-07-31,63000,2026-08-14,put,mini,458,0.6622,14,2570.0
2026-07-31,63125,2026-08-14,put,mini,4,0.6588,14,2610.0
2026-07-31,63250,2026-08-14,put,mini,123,0.6583,14,2665.0
2026-07-31,63375,2026-08-14,put,mini,1,0.6678,14,2770.0
2026-07-31,63500,2026-08-14,put,mini,237,0.667,14,2825.0
2026-07-31,63625,2026-08-14,put,mini,3,0.6661,14,2880.0
2026-07-31,63750,2026-08-14,put,mini,19,0.675,14,2985.0
2026-07-31,63875,2026-08-14,put,mini,3110,0.6878,14,3110.0
2026-07-31,64000,2026-08-14,put,mini,317,0.6933,14,3200.0
2026-07-31,64125,2026-08-14,put,mini,2,0.6957,14,3275.0
2026-07-31,64250,2026-08-14,put,mini,38,0.692,14,3320.0
2026-07-31,64375,2026-08-14,put,mini,3445,0.7041,14,3445.0
2026-07-31,64500,2026-08-14,put,mini,69,0.703,14,3505.0
2026-07-31,64625,2026-08-14,put,mini,3,0.7128,14,3620.0
2026-07-31,64750,2026-08-14,put,mini,31,0.7135,14,3690.0
2026-07-31,64875,2026-08-14,put,mini,2,0.722,14,3800.0
2026-07-31,65000,2026-08-14,put,mini,262,0.7283,14,3900.0
2026-07-31,65125,2026-08-14,put,mini,1,0.7266,14,3960.0
2026-07-31,65250,2026-08-14,put,mini,3,0.7337,14,4065.0
2026-07-31,65375,2026-08-14,put,mini,4160,0.7386,14,4160.0
2026-07-31,65500,2026-08-14,put,mini,50,0.7464,14,4270.0
2026-07-31,65625,2026-08-14,put,mini,4,0.7481,14,4350.0
2026-07-31,65750,2026-08-14,put,mini,29,0.7577,14,4470.0
2026-07-31,65875,2026-08-14,put,mini,1,0.7661,14,4585.0
2026-07-31,66000,2026-08-14,put,mini,235,0.7705,14,4680.0
2026-07-31,66125,2026-08-14,put,mini,4790,0.7777,14,4790.0
2026-07-31,66250,2026-08-14,put,mini,24,0.7818,14,4885.0
2026-07-31,66375,2026-08-14,put,mini,1,0.7898,14,5000.0
2026-07-31,66500,2026-08-14,put,mini,60,0.7957,14,5105.0
2026-07-31,66625,2026-08-14,put,mini,5215,0.8025,14,5215.0
2026-07-31,66750,2026-08-14,put,mini,15,0.8082,14,5320.0
2026-07-31,66875,2026-08-14,put,mini,10,0.8159,14,5435.0
2026-07-31,67000,2026-08-14,put,mini,140,0.8244,14,5555.0
2026-07-31,67125,2026-08-14,put,mini,5655,0.8288,14,5655.0
2026-07-31,67250,2026-08-14,put,mini,29,0.8352,14,5765.0
2026-07-31,67375,2026-08-14,put,mini,1,0.8424,14,5880.0
2026-07-31,67500,2026-08-14,put,mini,88,0.8496,14,5995.0
2026-07-31,67625,2026-08-14,put,mini,1,0.8567,14,6110.0
2026-07-31,67750,2026-08-14,put,mini,402,0.8617,14,6215.0
2026-07-31,67875,2026-08-14,put,mini,6340,0.8707,14,6340.0
2026-07-31,68000,2026-08-14,put,mini,596,0.8806,14,6470.0
2026-07-31,68125,2026-08-14,put,mini,6570,0.8843,14,6570.0
2026-07-31,68250,2026-08-14,put,mini,42,0.8911,14,6685.0
2026-07-31,68375,2026-08-14,put,mini,6805,0.8987,14,6805.0
2026-07-31,68500,2026-08-14,put,mini,505,0.9063,14,6925.0
2026-07-31,68625,2026-08-14,put,mini,7040,0.9129,14,7040.0
2026-07-31,68750,2026-08-14,put,mini,1045,0.9203,14,7160.0
2026-07-31,68875,2026-08-14,put,mini,7285,0.9288,14,7285.0
2026-07-31,69000,2026-08-14,put,mini,968,0.9372,14,7410.0
2026-07-31,69125,2026-08-14,put,mini,2,0.9424,14,7520.0
2026-07-31,69250,2026-08-14,put,mini,28,0.9496,14,7640.0
2026-07-31,69375,2026-08-14,put,mini,7760,0.9568,14,7760.0
2026-07-31,69500,2026-08-14,put,mini,16,0.966,14,7890.0
2026-07-31,69625,2026-08-14,put,mini,8005,0.9721,14,8005.0
2026-07-31,69750,2026-08-14,put,mini,5,0.9791,14,8125.0
2026-07-31,70000,2026-08-14,put,mini,48,0.994,14,8370.0
2026-07-31,70125,2026-08-14,put,mini,8490,1.0009,14,8490.0
2026-07-31,70250,2026-08-14,put,mini,36,1.0077,14,8610.0
2026-07-31,70500,2026-08-14,put,mini,164,1.0222,14,8855.0
2026-07-31,70750,2026-08-14,put,mini,43,1.0366,14,9100.0
2026-07-31,70875,2026-08-14,put,mini,9225,1.0442,14,9225.0
2026-07-31,71000,2026-08-14,put,mini,639,1.0507,14,9345.0
2026-07-31,71250,2026-08-14,put,mini,488,1.0658,14,9595.0
2026-07-31,71375,2026-08-14,put,mini,483,1.0722,14,9715.0
2026-07-31,71500,2026-08-14,put,mini,1,1.0796,14,9840.0
2026-07-31,71750,2026-08-14,put,mini,2,1.0933,14,10085.0
2026-07-31,72000,2026-08-14,put,mini,11,1.1078,14,10335.0
2026-07-31,72125,2026-08-14,put,mini,10460,1.1151,14,10460.0
2026-07-31,72250,2026-08-14,put,mini,14,1.1212,14,10580.0
2026-07-31,72500,2026-08-14,put,mini,10,1.1387,14,10845.0
2026-07-31,72750,2026-08-14,put,mini,2,1.1485,14,11075.0
2026-07-31,73000,2026-08-14,put,mini,1,1.1626,14,11325.0
2026-07-31,73250,2026-08-14,put,mini,19,1.1764,14,11575.0
2026-07-31,73375,2026-08-14,put,mini,5,1.1833,14,11700.0
2026-07-31,73500,2026-08-14,put,mini,211,1.1902,14,11825.0
2026-07-31,73750,2026-08-14,put,mini,420,1.2027,14,12070.0
2026-07-31,74000,2026-08-14,put,mini,9,1.2162,14,12320.0
2026-07-31,74250,2026-08-14,put,mini,45,1.2296,14,12570.0
2026-07-31,74500,2026-08-14,put,mini,25,1.2429,14,12820.0
2026-07-31,74750,2026-08-14,put,mini,122,1.256,14,13070.0
2026-07-31,75000,2026-08-14,put,mini,11,1.2679,14,13315.0
2026-07-31,75250,2026-08-14,put,mini,5,1.2809,14,13565.0
2026-07-31,62750,2026-08-21,put,mini,4,0.5998,21,2810.0
2026-07-31,64500,2026-08-21,put,mini,4,0.6277,21,3835.0
2026-07-31,62750,2026-08-28,put,mini,4,0.5689,28,3150.0
2026-07-31,58375,2026-09-11,put,mini,4,0.4992,42,1760.0
2026-07-31,58500,2026-09-11,put,mini,2,0.5001,42,1805.0
2026-07-31,59000,2026-09-11,put,mini,2,0.4919,42,1905.0
2026-07-31,59500,2026-09-11,put,mini,7,0.4978,42,2115.0
2026-07-31,59750,2026-09-11,put,mini,3,0.4949,42,2180.0
2026-07-31,60000,2026-09-11,put,mini,14,0.495,42,2270.0
2026-07-31,60250,2026-09-11,put,mini,2360,0.4948,42,2360.0
2026-07-31,60500,2026-09-11,put,mini,3,0.4936,42,2445.0
2026-07-31,61000,2026-09-11,put,mini,21,0.4956,42,2655.0
2026-07-31,61125,2026-09-11,put,mini,2,0.4949,42,2700.0
2026-07-31,61250,2026-09-11,put,mini,74,0.4942,42,2745.0
2026-07-31,61375,2026-09-11,put,mini,3,0.4947,42,2800.0
2026-07-31,61500,2026-09-11,put,mini,39,0.4932,42,2840.0
2026-07-31,61625,2026-09-11,put,mini,1,0.4947,42,2905.0
2026-07-31,61750,2026-09-11,put,mini,11,0.4956,42,2965.0
2026-07-31,62000,2026-09-11,put,mini,231,0.4867,42,3000.0
2026-07-31,62250,2026-09-11,put,mini,336,0.4975,42,3200.0
2026-07-31,62500,2026-09-11,put,mini,49,0.4978,42,3315.0
2026-07-31,62750,2026-09-11,put,mini,75,0.5001,42,3450.0
2026-07-31,63000,2026-09-11,put,mini,128,0.5086,42,3640.0
2026-07-31,63125,2026-09-11,put,mini,3645,0.5022,42,3645.0
2026-07-31,63250,2026-09-11,put,mini,198,0.5027,42,3710.0
2026-07-31,63500,2026-09-11,put,mini,106,0.5053,42,3855.0
2026-07-31,63625,2026-09-11,put,mini,3925,0.5062,42,3925.0
2026-07-31,63750,2026-09-11,put,mini,30,0.5071,42,3995.0
2026-07-31,64000,2026-09-11,put,mini,117,0.5091,42,4140.0
2026-07-31,64125,2026-09-11,put,mini,20,0.5104,42,4215.0
2026-07-31,64250,2026-09-11,put,mini,306,0.5127,42,4300.0
2026-07-31,64375,2026-09-11,put,mini,4380,0.5143,42,4380.0
2026-07-31,64500,2026-09-11,put,mini,159,0.5142,42,4445.0
2026-07-31,64750,2026-09-11,put,mini,3,0.5166,42,4600.0
2026-07-31,65000,2026-09-11,put,mini,52,0.5199,42,4765.0
2026-07-31,65125,2026-09-11,put,mini,1,0.5234,42,4865.0
2026-07-31,65250,2026-09-11,put,mini,16,0.5235,42,4935.0
2026-07-31,65375,2026-09-11,put,mini,6,0.5269,42,5035.0
2026-07-31,65500,2026-09-11,put,mini,8,0.5257,42,5095.0
2026-07-31,65625,2026-09-11,put,mini,5200,0.5296,42,5200.0
2026-07-31,65750,2026-09-11,put,mini,42,0.5305,42,5280.0
2026-07-31,65875,2026-09-11,put,mini,5380,0.5337,42,5380.0
2026-07-31,66000,2026-09-11,put,mini,28,0.5328,42,5445.0
2026-07-31,66250,2026-09-11,put,mini,61,0.5383,42,5640.0
2026-07-31,66500,2026-09-11,put,mini,200,0.5413,42,5815.0
2026-07-31,66750,2026-09-11,put,mini,2,0.5464,42,6010.0
2026-07-31,66875,2026-09-11,put,mini,6110,0.5492,42,6110.0
2026-07-31,67000,2026-09-11,put,mini,41,0.5547,42,6235.0
2026-07-31,67125,2026-09-11,put,mini,6280,0.5511,42,6280.0
2026-07-31,67250,2026-09-11,put,mini,43,0.556,42,6400.0
2026-07-31,67500,2026-09-11,put,mini,100,0.5593,42,6585.0
2026-07-31,67750,2026-09-11,put,mini,724,0.5636,42,6780.0
2026-07-31,68000,2026-09-11,put,mini,858,0.5717,42,7010.0
2026-07-31,68250,2026-09-11,put,mini,72,0.5739,42,7190.0
2026-07-31,68500,2026-09-11,put,mini,864,0.5794,42,7400.0
2026-07-31,68750,2026-09-11,put,mini,1839,0.5841,42,7605.0
2026-07-31,68875,2026-09-11,put,mini,7690,0.5844,42,7690.0
2026-07-31,69000,2026-09-11,put,mini,1657,0.5905,42,7825.0
2026-07-31,69250,2026-09-11,put,mini,26,0.5949,42,8030.0
2026-07-31,69500,2026-09-11,put,mini,6,0.6016,42,8255.0
2026-07-31,69750,2026-09-11,put,mini,8430,0.6021,42,8430.0
2026-07-31,70000,2026-09-11,put,mini,4,0.6132,42,8695.0
2026-07-31,71000,2026-09-11,put,mini,9595,0.6375,42,9595.0
2026-07-31,71250,2026-09-11,put,mini,4,0.6384,42,9780.0
2026-07-31,71500,2026-09-11,put,mini,4,0.6495,42,10050.0
2026-07-31,71750,2026-09-11,put,mini,3,0.6513,42,10245.0
2026-07-31,72000,2026-09-11,put,mini,9,0.6623,42,10515.0
2026-07-31,72250,2026-09-11,put,mini,60,0.6639,42,10710.0
2026-07-31,72375,2026-09-11,put,mini,10830,0.6674,42,10830.0
2026-07-31,72500,2026-09-11,put,mini,23,0.6747,42,10980.0
2026-07-31,72750,2026-09-11,put,mini,24,0.6779,42,11190.0
2026-07-31,73000,2026-09-11,put,mini,79,0.6879,42,11455.0
2026-07-31,73250,2026-09-11,put,mini,303,0.6916,42,11670.0
2026-07-31,73500,2026-09-11,put,mini,159,0.7009,42,11930.0
2026-07-31,73750,2026-09-11,put,mini,3,0.7056,42,12155.0
2026-07-31,74000,2026-09-11,put,mini,27,0.7122,42,12395.0
2026-07-31,74250,2026-09-11,put,mini,1,0.7187,42,12635.0
2026-07-31,75000,2026-09-11,put,mini,62,0.7384,42,13360.0
2026-07-31,75250,2026-09-11,put,mini,10,0.7452,42,13605.0
2026-07-31,58375,2026-10-09,put,mini,1,0.4597,70,2430.0
2026-07-31,58500,2026-10-09,put,mini,1,0.4593,70,2470.0
2026-07-31,58750,2026-10-09,call,mini,4,0.2,70,2555.0
2026-07-31,59375,2026-10-09,call,mini,2,0.2,70,2780.0
2026-07-31,59750,2026-10-09,call,mini,4,0.2,70,2910.0
2026-07-31,60000,2026-10-09,call,mini,1,0.2,70,3005.0
2026-07-31,61125,2026-10-09,call,mini,9,0.0639,70,3475.0
2026-07-31,61250,2026-10-09,call,mini,3525,0.1072,70,3525.0
2026-07-31,61500,2026-10-09,call,mini,3655,0.1528,70,3655.0
2026-07-31,62000,2026-10-09,call,mini,3,0.2147,70,3885.0
2026-07-31,62375,2026-10-09,call,mini,1,0.2567,70,4085.0
2026-07-31,63000,2026-10-09,call,mini,9,0.3199,70,4410.0
2026-07-31,64000,2026-10-09,call,mini,3,0.4171,70,4975.0
2026-07-31,64750,2026-10-09,call,mini,5,0.4903,70,5445.0
2026-07-31,65000,2026-10-09,call,mini,12,0.5145,70,5605.0
2026-07-31,66000,2026-10-09,call,mini,6275,0.6121,70,6275.0
2026-07-31,71750,2026-10-09,call,mini,10,1.2076,70,10905.0
2026-07-31,66000,2026-08-05,call,mini,1,0.183,5,112.0
2026-07-31,66250,2026-08-05,call,mini,1,0.1945,5,97.0
2026-07-31,66500,2026-08-05,call,mini,86,0.2066,5,86.0
2026-07-31,67750,2026-08-05,call,mini,2,0.2684,5,57.0
2026-07-31,61125,2026-08-07,call,mini,1,0.2,7,1805.0
2026-07-31,61250,2026-08-07,call,mini,8,0.2,7,1690.0
2026-07-31,61500,2026-08-07,call,mini,18,0.2,7,1545.0
2026-07-31,61750,2026-08-07,call,mini,6,0.2,7,1405.0
2026-07-31,61875,2026-08-07,call,mini,1,0.2,7,1410.0
2026-07-31,62000,2026-08-07,call,mini,2,0.2,7,1265.0
2026-07-31,62250,2026-08-07,call,mini,909,0.2,7,1150.0
2026-07-31,62500,2026-08-07,call,mini,33,0.2,7,1035.0
2026-07-31,62625,2026-08-07,call,mini,11,0.2,7,975.0
2026-07-31,62750,2026-08-07,call,mini,123,0.2,7,935.0
2026-07-31,62875,2026-08-07,call,mini,83,0.2,7,885.0
2026-07-31,63000,2026-08-07,call,mini,156,0.2,7,835.0
2026-07-31,63125,2026-08-07,call,mini,99,0.2,7,770.0
2026-07-31,63250,2026-08-07,call,mini,11,0.2,7,720.0
2026-07-31,63375,2026-08-07,call,mini,9,0.2,7,680.0
2026-07-31,63500,2026-08-07,call,mini,9,0.2,7,745.0
2026-07-31,63625,2026-08-07,call,mini,7,0.2,7,600.0
2026-07-31,63750,2026-08-07,call,mini,5,0.2,7,565.0
2026-07-31,63875,2026-08-07,call,mini,5,0.2,7,530.0
2026-07-31,64000,2026-08-07,call,mini,76,0.2,7,500.0
2026-07-31,64250,2026-08-07,call,mini,12,0.0673,7,435.0
2026-07-31,64375,2026-08-07,call,mini,2,0.0829,7,405.0
2026-07-31,64500,2026-08-07,call,mini,63,0.096,7,380.0
2026-07-31,64750,2026-08-07,call,mini,5,0.1154,7,330.0
2026-07-31,65000,2026-08-07,call,mini,176,0.1322,7,290.0
2026-07-31,65250,2026-08-07,call,mini,5,0.1414,7,239.0
2026-07-31,65500,2026-08-07,call,mini,62,0.1522,7,204.0
2026-07-31,65750,2026-08-07,call,mini,5,0.1657,7,184.0
2026-07-31,66000,2026-08-07,call,mini,75,0.1732,7,154.0
2026-07-31,66250,2026-08-07,call,mini,1,0.1834,7,136.0
2026-07-31,66500,2026-08-07,call,mini,65,0.1914,7,117.0
2026-07-31,66625,2026-08-07,call,mini,1,0.1955,7,109.0
2026-07-31,67000,2026-08-07,call,mini,155,0.2081,7,90.0
2026-07-31,67500,2026-08-07,call,mini,11,0.2198,7,65.0
2026-07-31,67750,2026-08-07,call,mini,4,0.2259,7,56.0
2026-07-31,67875,2026-08-07,call,mini,1,0.229,7,52.0
2026-07-31,68000,2026-08-07,call,mini,58,0.2316,7,48.0
2026-07-31,68500,2026-08-07,call,mini,63,0.242,7,35.0
2026-07-31,68750,2026-08-07,call,mini,8,0.247,7,30.0
2026-07-31,69000,2026-08-07,call,mini,30,0.2491,7,24.0
2026-07-31,69500,2026-08-07,call,mini,3,0.2636,7,20.0
2026-07-31,69875,2026-08-07,call,mini,1,0.2705,7,16.0
2026-07-31,70000,2026-08-07,call,mini,48,0.2757,7,16.0
2026-07-31,70500,2026-08-07,call,mini,1,0.2813,7,11.0
2026-07-31,71000,2026-08-07,call,mini,16,0.2888,7,8.0
2026-07-31,72000,2026-08-07,call,mini,11,0.3009,7,4.0
2026-07-31,72500,2026-08-07,call,mini,3,0.3085,7,3.0
2026-07-31,72750,2026-08-07,call,mini,11,0.3044,7,2.0
2026-07-31,56750,2026-08-14,call,mini,25,0.2,14,5420.0
2026-07-31,57000,2026-08-14,call,mini,5225,0.2,14,5225.0
2026-07-31,57250,2026-08-14,call,mini,9,0.2,14,5015.0
2026-07-31,57875,2026-08-14,call,mini,1,0.2,14,4535.0
2026-07-31,58000,2026-08-14,call,mini,7,0.2,14,4375.0
2026-07-31,58500,2026-08-14,call,mini,3955,0.2,14,3955.0
2026-07-31,58750,2026-08-14,call,mini,3790,0.2,14,3790.0
2026-07-31,58875,2026-08-14,call,mini,1,0.2,14,3710.0
2026-07-31,59000,2026-08-14,call,mini,10,0.2,14,3555.0
2026-07-31,59500,2026-08-14,call,mini,2,0.2,14,3190.0
2026-07-31,59750,2026-08-14,call,mini,3050,0.2,14,3050.0
2026-07-31,60000,2026-08-14,call,mini,26,0.2,14,2850.0
2026-07-31,60250,2026-08-14,call,mini,1,0.2,14,2700.0
2026-07-31,60500,2026-08-14,call,mini,12,0.2,14,2485.0
2026-07-31,60625,2026-08-14,call,mini,2445,0.2,14,2445.0
2026-07-31,60750,2026-08-14,call,mini,10,0.2,14,2375.0
2026-07-31,61000,2026-08-14,call,mini,45,0.2,14,2220.0
2026-07-31,61250,2026-08-14,call,mini,2,0.2,14,2075.0
2026-07-31,61500,2026-08-14,call,mini,101,0.2,14,1875.0
2026-07-31,61625,2026-08-14,call,mini,12,0.2,14,1860.0
2026-07-31,61750,2026-08-14,call,mini,19,0.2,14,1800.0
2026-07-31,61875,2026-08-14,call,mini,1,0.2,14,1745.0
2026-07-31,62000,2026-08-14,call,mini,820,0.2,14,1670.0
2026-07-31,62250,2026-08-14,call,mini,922,0.2,14,1540.0
2026-07-31,62375,2026-08-14,call,mini,483,0.2,14,1495.0
2026-07-31,62500,2026-08-14,call,mini,50,0.2,14,1500.0
2026-07-31,62625,2026-08-14,call,mini,2,0.2,14,1400.0
2026-07-31,62750,2026-08-14,call,mini,30,0.2,14,1310.0
2026-07-31,63000,2026-08-14,call,mini,130,0.2,14,1255.0
2026-07-31,63250,2026-08-14,call,mini,123,0.2,14,1100.0
2026-07-31,63375,2026-08-14,call,mini,10,0.2,14,1080.0
2026-07-31,63500,2026-08-14,call,mini,56,0.2,14,1010.0
2026-07-31,63625,2026-08-14,call,mini,1,0.2,14,940.0
2026-07-31,63750,2026-08-14,call,mini,15,0.074,14,920.0
2026-07-31,63875,2026-08-14,call,mini,1,0.0983,14,920.0
2026-07-31,64000,2026-08-14,call,mini,170,0.1097,14,885.0
2026-07-31,64125,2026-08-14,call,mini,835,0.1159,14,835.0
2026-07-31,64250,2026-08-14,call,mini,14,0.1149,14,755.0
2026-07-31,64500,2026-08-14,call,mini,99,0.1293,14,690.0
2026-07-31,64625,2026-08-14,call,mini,2,0.1397,14,680.0
2026-07-31,64750,2026-08-14,call,mini,12,0.1404,14,625.0
2026-07-31,64875,2026-08-14,call,mini,1,0.1485,14,610.0
2026-07-31,65000,2026-08-14,call,mini,380,0.154,14,585.0
2026-07-31,65125,2026-08-14,call,mini,29,0.1508,14,520.0
2026-07-31,65250,2026-08-14,call,mini,29,0.1562,14,500.0
2026-07-31,65375,2026-08-14,call,mini,470,0.1592,14,470.0
2026-07-31,65500,2026-08-14,call,mini,56,0.1649,14,455.0
2026-07-31,65625,2026-08-14,call,mini,10,0.1636,14,410.0
2026-07-31,65750,2026-08-14,call,mini,40,0.1707,14,405.0
2026-07-31,65875,2026-08-14,call,mini,1,0.1766,14,395.0
2026-07-31,66000,2026-08-14,call,mini,294,0.1774,14,365.0
2026-07-31,66125,2026-08-14,call,mini,1,0.1814,14,350.0
2026-07-31,66250,2026-08-14,call,mini,16,0.1813,14,320.0
2026-07-31,66375,2026-08-14,call,mini,7,0.186,14,310.0
2026-07-31,66500,2026-08-14,call,mini,113,0.1877,14,290.0
2026-07-31,66625,2026-08-14,call,mini,1,0.1905,14,275.0
2026-07-31,66750,2026-08-14,call,mini,26,0.1915,14,255.0
2026-07-31,66875,2026-08-14,call,mini,10,0.1943,14,242.0
2026-07-31,67000,2026-08-14,call,mini,376,0.1995,14,238.0
2026-07-31,67125,2026-08-14,call,mini,2,0.1986,14,215.0
2026-07-31,67250,2026-08-14,call,mini,90,0.2005,14,202.0
2026-07-31,67375,2026-08-14,call,mini,190,0.2024,14,190.0
2026-07-31,67500,2026-08-14,call,mini,277,0.2044,14,179.0
2026-07-31,67625,2026-08-14,call,mini,5,0.2062,14,168.0
2026-07-31,67750,2026-08-14,call,mini,472,0.2049,14,150.0
2026-07-31,67875,2026-08-14,call,mini,2,0.2096,14,148.0
2026-07-31,68000,2026-08-14,call,mini,722,0.2171,14,153.0
2026-07-31,68125,2026-08-14,call,mini,131,0.2132,14,131.0
2026-07-31,68250,2026-08-14,call,mini,108,0.2144,14,122.0
2026-07-31,68375,2026-08-14,call,mini,115,0.2163,14,115.0
2026-07-31,68500,2026-08-14,call,mini,704,0.2194,14,111.0
2026-07-31,68625,2026-08-14,call,mini,1,0.2193,14,101.0
2026-07-31,68750,2026-08-14,call,mini,1334,0.2215,14,96.0
2026-07-31,68875,2026-08-14,call,mini,10,0.2263,14,96.0
2026-07-31,69000,2026-08-14,call,mini,1484,0.23,14,94.0
2026-07-31,69125,2026-08-14,call,mini,81,0.227,14,81.0
2026-07-31,69250,2026-08-14,call,mini,76,0.2285,14,76.0
2026-07-31,69375,2026-08-14,call,mini,15,0.2304,14,72.0
2026-07-31,69500,2026-08-14,call,mini,125,0.2363,14,74.0
2026-07-31,69625,2026-08-14,call,mini,1,0.2329,14,63.0
2026-07-31,69750,2026-08-14,call,mini,66,0.2342,14,59.0
2026-07-31,69875,2026-08-14,call,mini,5,0.2353,14,55.0
2026-07-31,70000,2026-08-14,call,mini,693,0.2404,14,56.0
2026-07-31,70125,2026-08-14,call,mini,4,0.2386,14,49.0
2026-07-31,70250,2026-08-14,call,mini,24,0.2399,14,46.0
2026-07-31,70375,2026-08-14,call,mini,44,0.2421,14,44.0
2026-07-31,70500,2026-08-14,call,mini,135,0.2431,14,41.0
2026-07-31,70750,2026-08-14,call,mini,40,0.2456,14,36.0
2026-07-31,70875,2026-08-14,call,mini,34,0.2471,14,34.0
2026-07-31,71000,2026-08-14,call,mini,957,0.2485,14,32.0
2026-07-31,71125,2026-08-14,call,mini,15,0.251,14,31.0
2026-07-31,71250,2026-08-14,call,mini,505,0.2521,14,29.0
2026-07-31,71375,2026-08-14,call,mini,492,0.2515,14,26.0
2026-07-31,71500,2026-08-14,call,mini,107,0.2552,14,26.0
2026-07-31,71625,2026-08-14,call,mini,4,0.2573,14,25.0
2026-07-31,71750,2026-08-14,call,mini,61,0.2577,14,23.0
2026-07-31,71875,2026-08-14,call,mini,1,0.2596,14,22.0
2026-07-31,72000,2026-08-14,call,mini,375,0.2577,14,19.0
2026-07-31,72125,2026-08-14,call,mini,2,0.2612,14,19.0
2026-07-31,72250,2026-08-14,call,mini,46,0.2627,14,18.0
2026-07-31,72375,2026-08-14,call,mini,2,0.264,14,17.0
2026-07-31,72500,2026-08-14,call,mini,189,0.2961,14,34.0
2026-07-31,72625,2026-08-14,call,mini,1,0.2686,14,16.0
2026-07-31,72750,2026-08-14,call,mini,34,0.2672,14,14.0
2026-07-31,72875,2026-08-14,call,mini,7,0.2705,14,14.0
2026-07-31,73000,2026-08-14,call,mini,316,0.2655,14,11.0
2026-07-31,73125,2026-08-14,call,mini,1,0.2717,14,12.0
2026-07-31,73250,2026-08-14,call,mini,25,0.2719,14,11.0
2026-07-31,73375,2026-08-14,call,mini,1,0.2719,14,10.0
2026-07-31,73500,2026-08-14,call,mini,188,0.2751,14,10.0
2026-07-31,73625,2026-08-14,call,mini,3,0.2747,14,9.0
2026-07-31,73750,2026-08-14,call,mini,167,0.2778,14,9.0
2026-07-31,73875,2026-08-14,call,mini,1,0.2771,14,8.0
2026-07-31,74000,2026-08-14,call,mini,333,0.2801,14,8.0
2026-07-31,74125,2026-08-14,call,mini,7,0.2789,14,7.0
2026-07-31,74250,2026-08-14,call,mini,63,0.2819,14,7.0
2026-07-31,74375,2026-08-14,call,mini,6,0.2801,14,6.0
2026-07-31,74500,2026-08-14,call,mini,196,0.2775,14,5.0
2026-07-31,74625,2026-08-14,call,mini,1,0.2804,14,5.0
2026-07-31,74750,2026-08-14,call,mini,115,0.2833,14,5.0
2026-07-31,74875,2026-08-14,call,mini,4,0.2861,14,5.0
2026-07-31,75000,2026-08-14,call,mini,566,0.2824,14,4.0
2026-07-31,75125,2026-08-14,call,mini,11,0.2852,14,4.0
2026-07-31,75250,2026-08-14,call,mini,137,0.288,14,4.0
2026-07-31,75375,2026-08-14,call,mini,88,0.2908,14,4.0
2026-07-31,62750,2026-08-21,call,mini,4,0.2,21,1765.0
2026-07-31,64500,2026-08-21,call,mini,4,0.1622,21,1040.0
2026-07-31,62750,2026-08-28,call,mini,4,0.1253,28,2080.0
2026-07-31,58750,2026-09-11,call,mini,4835,0.2,42,4835.0
2026-07-31,59250,2026-09-11,call,mini,4490,0.2,42,4490.0
2026-07-31,59375,2026-09-11,call,mini,1,0.2,42,4385.0
2026-07-31,59500,2026-09-11,call,mini,4325,0.2,42,4325.0
2026-07-31,59750,2026-09-11,call,mini,4140,0.2,42,4140.0
2026-07-31,60000,2026-09-11,call,mini,3980,0.2,42,3980.0
2026-07-31,60250,2026-09-11,call,mini,3820,0.2,42,3820.0
2026-07-31,61000,2026-09-11,call,mini,1,0.2,42,3365.0
2026-07-31,61250,2026-09-11,call,mini,32,0.2,42,3205.0
2026-07-31,61500,2026-09-11,call,mini,28,0.2,42,3050.0
2026-07-31,62000,2026-09-11,call,mini,10,0.1194,42,2790.0
2026-07-31,62250,2026-09-11,call,mini,9,0.1323,42,2660.0
2026-07-31,62500,2026-09-11,call,mini,16,0.141,42,2525.0
2026-07-31,62750,2026-09-11,call,mini,8,0.1504,42,2410.0
2026-07-31,62875,2026-09-11,call,mini,2350,0.154,42,2350.0
2026-07-31,63000,2026-09-11,call,mini,57,0.1649,42,2350.0
2026-07-31,63250,2026-09-11,call,mini,60,0.1627,42,2170.0
2026-07-31,63500,2026-09-11,call,mini,37,0.1688,42,2065.0
2026-07-31,63750,2026-09-11,call,mini,24,0.1733,42,1955.0
2026-07-31,64000,2026-09-11,call,mini,93,0.1774,42,1850.0
2026-07-31,64250,2026-09-11,call,mini,298,0.1824,42,1760.0
2026-07-31,64500,2026-09-11,call,mini,160,0.185,42,1655.0
2026-07-31,64750,2026-09-11,call,mini,11,0.1879,42,1560.0
2026-07-31,65000,2026-09-11,call,mini,54,0.1913,42,1475.0
2026-07-31,65125,2026-09-11,call,mini,3,0.1948,42,1450.0
2026-07-31,65250,2026-09-11,call,mini,2,0.1946,42,1395.0
2026-07-31,65500,2026-09-11,call,mini,9,0.1968,42,1310.0
2026-07-31,65750,2026-09-11,call,mini,2,0.2007,42,1245.0
2026-07-31,66000,2026-09-11,call,mini,28,0.2016,42,1160.0
2026-07-31,66125,2026-09-11,call,mini,2,0.2052,42,1145.0
2026-07-31,66250,2026-09-11,call,mini,22,0.2056,42,1105.0
2026-07-31,66500,2026-09-11,call,mini,65,0.2067,42,1030.0
2026-07-31,66625,2026-09-11,call,mini,1015,0.2098,42,1015.0
2026-07-31,66750,2026-09-11,call,mini,975,0.2097,42,975.0
2026-07-31,66875,2026-09-11,call,mini,950,0.2113,42,950.0
2026-07-31,67000,2026-09-11,call,mini,34,0.2161,42,950.0
2026-07-31,67125,2026-09-11,call,mini,1,0.2104,42,870.0
2026-07-31,67250,2026-09-11,call,mini,40,0.2143,42,865.0
2026-07-31,67375,2026-09-11,call,mini,810,0.2115,42,810.0
2026-07-31,67500,2026-09-11,call,mini,104,0.2146,42,800.0
2026-07-31,67625,2026-09-11,call,mini,765,0.2141,42,765.0
2026-07-31,67750,2026-09-11,call,mini,736,0.2157,42,745.0
2026-07-31,68000,2026-09-11,call,mini,885,0.2212,42,725.0
2026-07-31,68125,2026-09-11,call,mini,3,0.2174,42,670.0
2026-07-31,68250,2026-09-11,call,mini,74,0.2193,42,655.0
2026-07-31,68500,2026-09-11,call,mini,913,0.2212,42,615.0
2026-07-31,68625,2026-09-11,call,mini,575,0.2189,42,575.0
2026-07-31,68750,2026-09-11,call,mini,1876,0.2219,42,570.0
2026-07-31,68875,2026-09-11,call,mini,530,0.2193,42,530.0
2026-07-31,69000,2026-09-11,call,mini,1785,0.2246,42,540.0
2026-07-31,69125,2026-09-11,call,mini,3,0.2208,42,495.0
2026-07-31,69250,2026-09-11,call,mini,36,0.2253,42,500.0
2026-07-31,69375,2026-09-11,call,mini,460,0.222,42,460.0
2026-07-31,69500,2026-09-11,call,mini,19,0.2281,42,475.0
2026-07-31,69625,2026-09-11,call,mini,420,0.2218,42,420.0
2026-07-31,69750,2026-09-11,call,mini,9,0.2215,42,400.0
2026-07-31,69875,2026-09-11,call,mini,385,0.222,42,385.0
2026-07-31,70000,2026-09-11,call,mini,122,0.2309,42,415.0
2026-07-31,70125,2026-09-11,call,mini,2,0.2217,42,350.0
2026-07-31,70250,2026-09-11,call,mini,6,0.2218,42,335.0
2026-07-31,70500,2026-09-11,call,mini,22,0.2333,42,360.0
2026-07-31,70625,2026-09-11,call,mini,298,0.2233,42,298.0
2026-07-31,70750,2026-09-11,call,mini,20,0.2241,42,288.0
2026-07-31,71000,2026-09-11,call,mini,65,0.2362,42,315.0
2026-07-31,71125,2026-09-11,call,mini,258,0.2261,42,258.0
2026-07-31,71250,2026-09-11,call,mini,7,0.2268,42,249.0
2026-07-31,71375,2026-09-11,call,mini,240,0.2275,42,240.0
2026-07-31,71500,2026-09-11,call,mini,13,0.238,42,271.0
2026-07-31,71625,2026-09-11,call,mini,222,0.2285,42,222.0
2026-07-31,71750,2026-09-11,call,mini,12,0.2291,42,214.0
2026-07-31,71875,2026-09-11,call,mini,206,0.2297,42,206.0
2026-07-31,72000,2026-09-11,call,mini,52,0.2403,42,235.0
2026-07-31,72250,2026-09-11,call,mini,68,0.2314,42,184.0
2026-07-31,72500,2026-09-11,call,mini,35,0.2427,42,204.0
2026-07-31,72750,2026-09-11,call,mini,27,0.2347,42,161.0
2026-07-31,72875,2026-09-11,call,mini,157,0.2359,42,157.0
2026-07-31,73000,2026-09-11,call,mini,135,0.245,42,177.0
2026-07-31,73125,2026-09-11,call,mini,1,0.2382,42,149.0
2026-07-31,73250,2026-09-11,call,mini,310,0.2393,42,145.0
2026-07-31,73375,2026-09-11,call,mini,4,0.2403,42,141.0
2026-07-31,73500,2026-09-11,call,mini,308,0.2475,42,154.0
2026-07-31,73750,2026-09-11,call,mini,318,0.2423,42,127.0
2026-07-31,73875,2026-09-11,call,mini,3,0.2431,42,123.0
2026-07-31,74000,2026-09-11,call,mini,67,0.2438,42,119.0
2026-07-31,74125,2026-09-11,call,mini,1,0.2441,42,114.0
2026-07-31,74250,2026-09-11,call,mini,79,0.2447,42,110.0
2026-07-31,74375,2026-09-11,call,mini,106,0.2453,42,106.0
2026-07-31,74500,2026-09-11,call,mini,110,0.2457,42,102.0
2026-07-31,74625,2026-09-11,call,mini,98,0.2461,42,98.0
2026-07-31,74750,2026-09-11,call,mini,146,0.2464,42,94.0
2026-07-31,74875,2026-09-11,call,mini,1,0.2472,42,91.0
2026-07-31,75000,2026-09-11,call,mini,178,0.2474,42,87.0
2026-07-31,75250,2026-09-11,call,mini,24,0.2486,42,81.0
2026-07-31,75375,2026-09-11,call,mini,14,0.2496,42,79.0
2026-07-31,61125,2026-10-09,call,mini,1,0.1144,70,3675.0
2026-07-31,61250,2026-10-09,call,mini,10,0.1193,70,3600.0
2026-07-31,61875,2026-10-09,call,mini,4,0.1425,70,3285.0
2026-07-31,62500,2026-10-09,call,mini,8,0.1561,70,2970.0
2026-07-31,63000,2026-10-09,call,mini,15,0.1647,70,2735.0
2026-07-31,63875,2026-10-09,call,mini,12,0.177,70,2360.0
2026-07-31,64000,2026-10-09,call,mini,5,0.1781,70,2305.0
2026-07-31,64250,2026-10-09,call,mini,4,0.1817,70,2215.0
2026-07-31,64750,2026-10-09,call,mini,4,0.1866,70,2025.0
2026-07-31,65000,2026-10-09,call,mini,5,0.1888,70,1935.0
2026-07-31,66000,2026-10-09,call,mini,6,0.1971,70,1610.0
2026-07-31,67000,2026-10-09,call,mini,6,0.2044,70,1335.0
2026-07-31,67500,2026-10-09,call,mini,1,0.2068,70,1205.0
2026-07-31,68000,2026-10-09,call,mini,4,0.21,70,1095.0
2026-07-31,69000,2026-10-09,call,mini,2,0.2162,70,905.0
2026-07-31,70000,2026-10-09,call,mini,51,0.2212,70,740.0
2026-07-31,70125,2026-10-09,call,mini,1,0.221,70,715.0
2026-07-31,70500,2026-10-09,call,mini,2,0.2224,70,660.0
2026-07-31,70750,2026-10-09,call,mini,2,0.2233,70,625.0
2026-07-31,71000,2026-10-09,call,mini,5,0.224,70,590.0
2026-07-31,71750,2026-10-09,call,mini,28,0.2265,70,500.0
