date,strike,expiry,type,product,oi,iv,days_to_expiry,settlement
2026-09-17,20000,2026-10-08,put,regular,1260,1.4236,21,1.0
2026-09-17,22500,2026-10-08,put,regular,250,1.2837,21,1.0
2026-09-17,25000,2026-10-08,put,regular,1563,1.1587,21,1.0
2026-09-17,26000,2026-10-08,put,regular,102,1.1122,21,1.0
2026-09-17,27000,2026-10-08,put,regular,160,1.0675,21,1.0
2026-09-17,28000,2026-10-08,put,regular,80,1.0244,21,1.0
2026-09-17,29000,2026-10-08,put,regular,63,0.9827,21,1.0
2026-09-17,30000,2026-10-08,put,regular,6172,0.9928,21,2.0
2026-09-17,31000,2026-10-08,put,regular,87,0.9519,21,2.0
2026-09-17,32000,2026-10-08,put,regular,159,0.9428,21,3.0
2026-09-17,33000,2026-10-08,put,regular,2851,0.9256,21,4.0
2026-09-17,34000,2026-10-08,put,regular,88,0.8863,21,4.0
2026-09-17,35000,2026-10-08,put,regular,2132,0.8652,21,5.0
2026-09-17,36000,2026-10-08,put,regular,95,0.8274,21,5.0
2026-09-17,37000,2026-10-08,put,regular,254,0.8158,21,7.0
2026-09-17,38000,2026-10-08,put,regular,172,0.7891,21,8.0
2026-09-17,39000,2026-10-08,put,regular,137,0.7616,21,9.0
2026-09-17,40000,2026-10-08,put,regular,4415,0.7408,21,11.0
2026-09-17,41000,2026-10-08,put,regular,129,0.7116,21,12.0
2026-09-17,42000,2026-10-08,put,regular,206,0.6877,21,14.0
2026-09-17,42750,2026-10-08,put,regular,31,0.6714,21,16.0
2026-09-17,43000,2026-10-08,put,regular,320,0.6626,21,16.0
2026-09-17,43250,2026-10-08,put,regular,15,0.6584,21,17.0
2026-09-17,43500,2026-10-08,put,regular,19,0.6539,21,18.0
2026-09-17,43750,2026-10-08,put,regular,13,0.6493,21,19.0
2026-09-17,44000,2026-10-08,put,regular,282,0.6444,21,20.0
2026-09-17,44250,2026-10-08,put,regular,36,0.6394,21,21.0
2026-09-17,44500,2026-10-08,put,regular,5,0.6341,21,22.0
2026-09-17,44750,2026-10-08,put,regular,37,0.6254,21,22.0
2026-09-17,45000,2026-10-08,put,regular,2183,0.6264,21,25.0
2026-09-17,45250,2026-10-08,put,regular,30,0.6145,21,24.0
2026-09-17,45500,2026-10-08,put,regular,714,0.6119,21,26.0
2026-09-17,45750,2026-10-08,put,regular,132,0.6001,21,25.0
2026-09-17,46000,2026-10-08,put,regular,548,0.6028,21,29.0
2026-09-17,46250,2026-10-08,put,regular,13,0.5913,21,28.0
2026-09-17,46500,2026-10-08,put,regular,258,0.5853,21,29.0
2026-09-17,46750,2026-10-08,put,regular,133,0.5791,21,30.0
2026-09-17,47000,2026-10-08,put,regular,448,0.5753,21,32.0
2026-09-17,47250,2026-10-08,put,regular,142,0.5712,21,34.0
2026-09-17,47500,2026-10-08,put,regular,56,0.5625,21,34.0
2026-09-17,47750,2026-10-08,put,regular,46,0.5559,21,35.0
2026-09-17,48000,2026-10-08,put,regular,911,0.5535,21,38.0
2026-09-17,48250,2026-10-08,put,regular,53,0.5487,21,40.0
2026-09-17,48500,2026-10-08,put,regular,205,0.5437,21,42.0
2026-09-17,48750,2026-10-08,put,regular,275,0.5385,21,44.0
2026-09-17,49000,2026-10-08,put,regular,288,0.5365,21,48.0
2026-09-17,49250,2026-10-08,put,regular,82,0.5309,21,50.0
2026-09-17,49500,2026-10-08,put,regular,207,0.5251,21,52.0
2026-09-17,49750,2026-10-08,put,regular,67,0.5147,21,51.0
2026-09-17,50000,2026-10-08,put,regular,2024,0.5103,21,54.0
2026-09-17,50250,2026-10-08,put,regular,69,0.5057,21,57.0
2026-09-17,50500,2026-10-08,put,regular,439,0.5034,21,62.0
2026-09-17,50750,2026-10-08,put,regular,163,0.4957,21,63.0
2026-09-17,51000,2026-10-08,put,regular,530,0.4893,21,65.0
2026-09-17,51250,2026-10-08,put,regular,291,0.4839,21,68.0
2026-09-17,51500,2026-10-08,put,regular,467,0.4794,21,72.0
2026-09-17,51750,2026-10-08,put,regular,80,0.4737,21,75.0
2026-09-17,52000,2026-10-08,put,regular,2082,0.4698,21,80.0
2026-09-17,52250,2026-10-08,put,regular,49,0.4647,21,84.0
2026-09-17,52500,2026-10-08,put,regular,519,0.4574,21,86.0
2026-09-17,52750,2026-10-08,put,regular,123,0.452,21,90.0
2026-09-17,53000,2026-10-08,put,regular,1532,0.4472,21,95.0
2026-09-17,53250,2026-10-08,put,regular,130,0.4413,21,99.0
2026-09-17,53500,2026-10-08,put,regular,1119,0.4369,21,105.0
2026-09-17,53750,2026-10-08,put,regular,163,0.4337,21,113.0
2026-09-17,54000,2026-10-08,put,regular,999,0.4272,21,117.0
2026-09-17,54250,2026-10-08,put,regular,219,0.4213,21,122.0
2026-09-17,54500,2026-10-08,put,regular,784,0.4166,21,129.0
2026-09-17,54750,2026-10-08,put,regular,66,0.4122,21,137.0
2026-09-17,55000,2026-10-08,put,regular,3960,0.4081,21,146.0
2026-09-17,55250,2026-10-08,put,regular,162,0.403,21,154.0
2026-09-17,55500,2026-10-08,put,regular,277,0.3988,21,164.0
2026-09-17,55750,2026-10-08,put,regular,85,0.3937,21,173.0
2026-09-17,56000,2026-10-08,put,regular,1697,0.3899,21,185.0
2026-09-17,56250,2026-10-08,put,regular,65,0.3856,21,197.0
2026-09-17,56500,2026-10-08,put,regular,640,0.3819,21,211.0
2026-09-17,56750,2026-10-08,put,regular,114,0.3773,21,224.0
2026-09-17,57000,2026-10-08,put,regular,1385,0.3744,21,242.0
2026-09-17,57250,2026-10-08,put,regular,167,0.3694,21,256.0
2026-09-17,57500,2026-10-08,put,regular,479,0.3652,21,273.0
2026-09-17,57750,2026-10-08,put,regular,71,0.3613,21,292.0
2026-09-17,58000,2026-10-08,put,regular,2348,0.3583,21,315.0
2026-09-17,58250,2026-10-08,put,regular,125,0.3538,21,335.0
2026-09-17,58375,2026-10-08,put,regular,481,0.353,21,350.0
2026-09-17,58500,2026-10-08,put,regular,420,0.352,21,365.0
2026-09-17,58625,2026-10-08,put,regular,58,0.3493,21,375.0
2026-09-17,58750,2026-10-08,put,regular,56,0.348,21,390.0
2026-09-17,58875,2026-10-08,put,regular,3,0.3465,21,405.0
2026-09-17,59000,2026-10-08,put,regular,1040,0.3463,21,425.0
2026-09-17,59125,2026-10-08,put,regular,76,0.3432,21,435.0
2026-09-17,59250,2026-10-08,put,regular,184,0.3413,21,450.0
2026-09-17,59375,2026-10-08,put,regular,2,0.3419,21,475.0
2026-09-17,59500,2026-10-08,put,regular,897,0.3423,21,500.0
2026-09-17,59625,2026-10-08,put,regular,137,0.3374,21,505.0
2026-09-17,59750,2026-10-08,put,regular,105,0.3361,21,525.0
2026-09-17,59875,2026-10-08,put,regular,53,0.3348,21,545.0
2026-09-17,60000,2026-10-08,put,regular,11757,0.3356,21,575.0
2026-09-17,60125,2026-10-08,put,regular,49,0.3327,21,590.0
2026-09-17,60250,2026-10-08,put,regular,168,0.3319,21,615.0
2026-09-17,60375,2026-10-08,put,regular,660,0.331,21,640.0
2026-09-17,60500,2026-10-08,put,regular,490,0.3288,21,660.0
2026-09-17,60625,2026-10-08,put,regular,155,0.3275,21,685.0
2026-09-17,60750,2026-10-08,put,regular,489,0.3271,21,715.0
2026-09-17,60875,2026-10-08,put,regular,469,0.3244,21,735.0
2026-09-17,61000,2026-10-08,put,regular,1274,0.3247,21,770.0
2026-09-17,61125,2026-10-08,put,regular,1210,0.3237,21,800.0
2026-09-17,61250,2026-10-08,put,regular,106,0.3226,21,830.0
2026-09-17,61375,2026-10-08,put,regular,127,0.3222,21,865.0
2026-09-17,61500,2026-10-08,put,regular,328,0.3216,21,900.0
2026-09-17,61625,2026-10-08,put,regular,136,0.3199,21,930.0
2026-09-17,61750,2026-10-08,put,regular,297,0.3199,21,970.0
2026-09-17,61875,2026-10-08,put,regular,22,0.3178,21,1000.0
2026-09-17,62000,2026-10-08,put,regular,1362,0.3164,21,1035.0
2026-09-17,62125,2026-10-08,put,regular,9,0.3158,21,1075.0
2026-09-17,62250,2026-10-08,put,regular,135,0.3158,21,1120.0
2026-09-17,62375,2026-10-08,put,regular,6,0.3148,21,1160.0
2026-09-17,62500,2026-10-08,put,regular,1613,0.3135,21,1200.0
2026-09-17,62625,2026-10-08,put,regular,624,0.313,21,1245.0
2026-09-17,62750,2026-10-08,put,regular,252,0.3139,21,1300.0
2026-09-17,62875,2026-10-08,put,regular,86,0.312,21,1340.0
2026-09-17,63000,2026-10-08,put,regular,2001,0.3134,21,1400.0
2026-09-17,63125,2026-10-08,put,regular,1,0.3111,21,1440.0
2026-09-17,63250,2026-10-08,put,regular,212,0.3095,21,1485.0
2026-09-17,63375,2026-10-08,put,regular,234,0.3077,21,1530.0
2026-09-17,63500,2026-10-08,put,regular,307,0.3098,21,1600.0
2026-09-17,63750,2026-10-08,put,regular,131,0.3076,21,1705.0
2026-09-17,63875,2026-10-08,put,regular,485,0.305,21,1750.0
2026-09-17,64000,2026-10-08,put,regular,1748,0.307,21,1825.0
2026-09-17,64125,2026-10-08,put,regular,1030,0.3072,21,1890.0
2026-09-17,64250,2026-10-08,put,regular,106,0.3064,21,1950.0
2026-09-17,64500,2026-10-08,put,regular,502,0.3057,21,2080.0
2026-09-17,64750,2026-10-08,put,regular,2,0.3058,21,2220.0
2026-09-17,65000,2026-10-08,put,regular,2032,0.3067,21,2370.0
2026-09-17,65250,2026-10-08,put,regular,2,0.3076,21,2525.0
2026-09-17,65375,2026-10-08,put,regular,231,0.3081,21,2605.0
2026-09-17,65500,2026-10-08,put,regular,144,0.3085,21,2685.0
2026-09-17,65750,2026-10-08,put,regular,116,0.3103,21,2855.0
2026-09-17,66000,2026-10-08,put,regular,1036,0.3114,21,3025.0
2026-09-17,66250,2026-10-08,put,regular,1,0.3134,21,3205.0
2026-09-17,66375,2026-10-08,put,regular,1,0.3141,21,3295.0
2026-09-17,66500,2026-10-08,put,regular,93,0.3156,21,3390.0
2026-09-17,66750,2026-10-08,put,regular,10,0.318,21,3580.0
2026-09-17,67000,2026-10-08,put,regular,511,0.3217,21,3780.0
2026-09-17,67500,2026-10-08,put,regular,36,0.3291,21,4190.0
2026-09-17,67625,2026-10-08,put,regular,6,0.3301,21,4290.0
2026-09-17,67750,2026-10-08,put,regular,9,0.332,21,4395.0
2026-09-17,68000,2026-10-08,put,regular,547,0.3364,21,4610.0
2026-09-17,68500,2026-10-08,put,regular,3,0.346,21,5050.0
2026-09-17,69000,2026-10-08,put,regular,200,0.3562,21,5500.0
2026-09-17,70000,2026-10-08,put,regular,105,0.3811,21,6435.0
2026-09-17,72000,2026-10-08,put,regular,1,0.4363,21,8365.0
2026-09-17,72500,2026-10-08,put,regular,1,0.4521,21,8860.0
2026-09-17,73000,2026-10-08,put,regular,10,0.4661,21,9350.0
2026-09-17,79000,2026-10-08,put,regular,1,0.6412,21,15325.0
2026-09-17,85000,2026-10-08,put,regular,26,0.7964,21,21320.0
2026-09-17,20000,2026-11-12,put,regular,181,0.9692,56,4.0
2026-09-17,22500,2026-11-12,put,regular,7,0.9055,56,6.0
2026-09-17,25000,2026-11-12,put,regular,184,0.8492,56,9.0
2026-09-17,27000,2026-11-12,put,regular,6,0.7543,56,6.0
2026-09-17,28000,2026-11-12,put,regular,47,0.7344,56,7.0
2026-09-17,29000,2026-11-12,put,regular,316,0.7595,56,15.0
2026-09-17,30000,2026-11-12,put,regular,4874,0.7433,56,18.0
2026-09-17,34000,2026-11-12,put,regular,1,0.6323,56,19.0
2026-09-17,35000,2026-11-12,put,regular,861,0.6504,56,35.0
2026-09-17,36000,2026-11-12,put,regular,1,0.6312,56,39.0
2026-09-17,37000,2026-11-12,put,regular,11,0.6133,56,44.0
2026-09-17,38000,2026-11-12,put,regular,14,0.5963,56,50.0
2026-09-17,39000,2026-11-12,put,regular,101,0.5785,56,56.0
2026-09-17,40000,2026-11-12,put,regular,1409,0.5613,56,63.0
2026-09-17,41000,2026-11-12,put,regular,236,0.5445,56,71.0
2026-09-17,42000,2026-11-12,put,regular,381,0.5278,56,80.0
2026-09-17,43000,2026-11-12,put,regular,279,0.5165,56,96.0
2026-09-17,44000,2026-11-12,put,regular,268,0.4953,56,102.0
2026-09-17,44500,2026-11-12,put,regular,175,0.4878,56,109.0
2026-09-17,44750,2026-11-12,put,regular,7,0.4835,56,112.0
2026-09-17,45000,2026-11-12,put,regular,1131,0.4813,56,118.0
2026-09-17,45250,2026-11-12,put,regular,105,0.4755,56,119.0
2026-09-17,45500,2026-11-12,put,regular,105,0.4724,56,124.0
2026-09-17,45750,2026-11-12,put,regular,13,0.4679,56,127.0
2026-09-17,46000,2026-11-12,put,regular,760,0.4652,56,133.0
2026-09-17,46250,2026-11-12,put,regular,4,0.4612,56,137.0
2026-09-17,46500,2026-11-12,put,regular,3,0.4582,56,143.0
2026-09-17,46750,2026-11-12,put,regular,105,0.4546,56,148.0
2026-09-17,47000,2026-11-12,put,regular,106,0.4514,56,154.0
2026-09-17,47250,2026-11-12,put,regular,34,0.4471,56,158.0
2026-09-17,47500,2026-11-12,put,regular,231,0.4437,56,164.0
2026-09-17,47750,2026-11-12,put,regular,98,0.4397,56,169.0
2026-09-17,48000,2026-11-12,put,regular,202,0.4362,56,175.0
2026-09-17,48250,2026-11-12,put,regular,31,0.4339,56,184.0
2026-09-17,48500,2026-11-12,put,regular,148,0.4292,56,188.0
2026-09-17,48750,2026-11-12,put,regular,138,0.4253,56,194.0
2026-09-17,49000,2026-11-12,put,regular,365,0.4218,56,201.0
2026-09-17,49250,2026-11-12,put,regular,160,0.4194,56,211.0
2026-09-17,49500,2026-11-12,put,regular,387,0.4153,56,217.0
2026-09-17,49750,2026-11-12,put,regular,60,0.4122,56,226.0
2026-09-17,50000,2026-11-12,put,regular,1675,0.4079,56,232.0
2026-09-17,50250,2026-11-12,put,regular,77,0.4053,56,243.0
2026-09-17,50500,2026-11-12,put,regular,189,0.4022,56,253.0
2026-09-17,50750,2026-11-12,put,regular,116,0.398,56,260.0
2026-09-17,51000,2026-11-12,put,regular,712,0.395,56,271.0
2026-09-17,51250,2026-11-12,put,regular,10,0.3919,56,282.0
2026-09-17,51500,2026-11-12,put,regular,367,0.388,56,291.0
2026-09-17,51750,2026-11-12,put,regular,57,0.3855,56,305.0
2026-09-17,52000,2026-11-12,put,regular,1427,0.3817,56,315.0
2026-09-17,52250,2026-11-12,put,regular,7,0.3792,56,330.0
2026-09-17,52500,2026-11-12,put,regular,662,0.3765,56,345.0
2026-09-17,52750,2026-11-12,put,regular,18,0.3737,56,360.0
2026-09-17,53000,2026-11-12,put,regular,175,0.3694,56,370.0
2026-09-17,53250,2026-11-12,put,regular,31,0.3662,56,385.0
2026-09-17,53500,2026-11-12,put,regular,529,0.3642,56,405.0
2026-09-17,53750,2026-11-12,put,regular,50,0.3607,56,420.0
2026-09-17,54000,2026-11-12,put,regular,656,0.3582,56,440.0
2026-09-17,54250,2026-11-12,put,regular,5,0.3545,56,455.0
2026-09-17,54500,2026-11-12,put,regular,901,0.3528,56,480.0
2026-09-17,54750,2026-11-12,put,regular,16,0.3487,56,495.0
2026-09-17,55000,2026-11-12,put,regular,579,0.3466,56,520.0
2026-09-17,55250,2026-11-12,put,regular,27,0.3442,56,545.0
2026-09-17,55500,2026-11-12,put,regular,196,0.3416,56,570.0
2026-09-17,55750,2026-11-12,put,regular,75,0.3388,56,595.0
2026-09-17,56000,2026-11-12,put,regular,875,0.3377,56,630.0
2026-09-17,56250,2026-11-12,put,regular,67,0.3344,56,655.0
2026-09-17,56500,2026-11-12,put,regular,402,0.3328,56,690.0
2026-09-17,56750,2026-11-12,put,regular,65,0.3308,56,725.0
2026-09-17,57000,2026-11-12,put,regular,572,0.3278,56,755.0
2026-09-17,57250,2026-11-12,put,regular,105,0.3254,56,790.0
2026-09-17,57500,2026-11-12,put,regular,463,0.3243,56,835.0
2026-09-17,57750,2026-11-12,put,regular,123,0.3221,56,875.0
2026-09-17,58000,2026-11-12,put,regular,658,0.3197,56,915.0
2026-09-17,58250,2026-11-12,put,regular,85,0.3177,56,960.0
2026-09-17,58500,2026-11-12,put,regular,350,0.3162,56,1010.0
2026-09-17,58750,2026-11-12,put,regular,34,0.313,56,1050.0
2026-09-17,59000,2026-11-12,put,regular,1744,0.313,56,1115.0
2026-09-17,59250,2026-11-12,put,regular,6,0.3119,56,1175.0
2026-09-17,59500,2026-11-12,put,regular,1966,0.3105,56,1235.0
2026-09-17,59750,2026-11-12,put,regular,1,0.3081,56,1290.0
2026-09-17,60000,2026-11-12,put,regular,1056,0.3061,56,1350.0
2026-09-17,60250,2026-11-12,put,regular,18,0.3057,56,1425.0
2026-09-17,60500,2026-11-12,put,regular,106,0.3031,56,1485.0
2026-09-17,60750,2026-11-12,put,regular,28,0.3025,56,1565.0
2026-09-17,61000,2026-11-12,put,regular,622,0.3005,56,1635.0
2026-09-17,61250,2026-11-12,put,regular,16,0.3004,56,1725.0
2026-09-17,61500,2026-11-12,put,regular,18,0.2988,56,1805.0
2026-09-17,61875,2026-11-12,put,regular,2110000,0.2975,56,1940.0
2026-09-17,62000,2026-11-12,put,regular,1226,0.2969,56,1985.0
2026-09-17,62500,2026-11-12,put,regular,408,0.2942,56,2170.0
2026-09-17,62875,2026-11-12,put,regular,4,0.2935,56,2330.0
2026-09-17,63000,2026-11-12,put,regular,566,0.2928,56,2380.0
2026-09-17,63125,2026-11-12,put,regular,5265000,0.2924,56,2435.0
2026-09-17,63250,2026-11-12,put,regular,15,0.2915,56,2485.0
2026-09-17,63500,2026-11-12,put,regular,12,0.2905,56,2595.0
2026-09-17,64000,2026-11-12,put,regular,483,0.2874,56,2815.0
2026-09-17,64500,2026-11-12,put,regular,300,0.2859,56,3065.0
2026-09-17,65000,2026-11-12,put,regular,901,0.2855,56,3340.0
2026-09-17,65375,2026-11-12,put,regular,30,0.2848,56,3550.0
2026-09-17,65500,2026-11-12,put,regular,100,0.2848,56,3625.0
2026-09-17,66000,2026-11-12,put,regular,1720,0.2833,56,3915.0
2026-09-17,66500,2026-11-12,put,regular,239,0.2835,56,4235.0
2026-09-17,67000,2026-11-12,put,regular,870,0.2839,56,4570.0
2026-09-17,67500,2026-11-12,put,regular,4,0.2852,56,4925.0
2026-09-17,68375,2026-11-12,put,regular,16,0.2873,56,5570.0
2026-09-17,68500,2026-11-12,put,regular,478,0.287,56,5660.0
2026-09-17,69000,2026-11-12,put,regular,450,0.2888,56,6050.0
2026-09-17,69500,2026-11-12,put,regular,1,0.29,56,6445.0
2026-09-17,70000,2026-11-12,put,regular,460,0.2921,56,6855.0
2026-09-17,70750,2026-11-12,put,regular,160,0.2961,56,7490.0
2026-09-17,72500,2026-11-12,put,regular,330,0.3072,56,9035.0
2026-09-17,79500,2026-11-12,put,regular,2,0.3863,56,15755.0
2026-09-17,12500,2026-12-10,put,regular,1243,1.0438,84,2.0
2026-09-17,12750,2026-12-10,put,regular,1,0.9808,84,1.0
2026-09-17,13000,2026-12-10,put,regular,33,0.9691,84,1.0
2026-09-17,13500,2026-12-10,put,regular,100,0.9465,84,1.0
2026-09-17,14000,2026-12-10,put,regular,11,0.9723,84,2.0
2026-09-17,14500,2026-12-10,put,regular,1,0.9037,84,1.0
2026-09-17,14750,2026-12-10,put,regular,1,0.8934,84,1.0
2026-09-17,15000,2026-12-10,put,regular,5,0.9586,84,3.0
2026-09-17,16000,2026-12-10,put,regular,3,0.8448,84,1.0
2026-09-17,17000,2026-12-10,put,regular,3,0.8086,84,1.0
2026-09-17,18000,2026-12-10,put,regular,153,0.8146,84,2.0
2026-09-17,19000,2026-12-10,put,regular,650,0.7424,84,1.0
2026-09-17,20000,2026-12-10,put,regular,2498,0.8501,84,9.0
2026-09-17,20250,2026-12-10,put,regular,3,0.7045,84,1.0
2026-09-17,21000,2026-12-10,put,regular,350,0.6829,84,1.0
2026-09-17,21500,2026-12-10,put,regular,500,0.6689,84,1.0
2026-09-17,22000,2026-12-10,put,regular,1716,0.6553,84,1.0
2026-09-17,22500,2026-12-10,put,regular,150,0.642,84,1.0
2026-09-17,23000,2026-12-10,put,regular,2106,0.6618,84,2.0
2026-09-17,23500,2026-12-10,put,regular,127,0.6694,84,3.0
2026-09-17,24000,2026-12-10,put,regular,405,0.6717,84,4.0
2026-09-17,24500,2026-12-10,put,regular,250,0.6817,84,6.0
2026-09-17,24750,2026-12-10,put,regular,1,0.6843,84,7.0
2026-09-17,25000,2026-12-10,put,regular,2015,0.6858,84,8.0
2026-09-17,25250,2026-12-10,put,regular,1,0.6864,84,9.0
2026-09-17,25500,2026-12-10,put,regular,2,0.6864,84,10.0
2026-09-17,26000,2026-12-10,put,regular,1425,0.6789,84,11.0
2026-09-17,26500,2026-12-10,put,regular,2,0.6765,84,13.0
2026-09-17,27000,2026-12-10,put,regular,2630,0.6629,84,13.0
2026-09-17,27500,2026-12-10,put,regular,25,0.6592,84,15.0
2026-09-17,27750,2026-12-10,put,regular,72,0.657,84,16.0
2026-09-17,28000,2026-12-10,put,regular,1335,0.6503,84,16.0
2026-09-17,28500,2026-12-10,put,regular,400,0.6452,84,18.0
2026-09-17,29000,2026-12-10,put,regular,1450,0.6359,84,19.0
2026-09-17,30000,2026-12-10,put,regular,7969,0.6476,84,32.0
2026-09-17,30500,2026-12-10,put,regular,51,0.6166,84,25.0
2026-09-17,31000,2026-12-10,put,regular,2037,0.6094,84,27.0
2026-09-17,31500,2026-12-10,put,regular,350,0.6019,84,29.0
2026-09-17,32000,2026-12-10,put,regular,4655,0.5942,84,31.0
2026-09-17,32250,2026-12-10,put,regular,600,0.5925,84,33.0
2026-09-17,32500,2026-12-10,put,regular,900,0.5885,84,34.0
2026-09-17,33000,2026-12-10,put,regular,3362,0.5803,84,36.0
2026-09-17,33250,2026-12-10,put,regular,37,0.5781,84,38.0
2026-09-17,33500,2026-12-10,put,regular,72,0.5739,84,39.0
2026-09-17,34000,2026-12-10,put,regular,2820,0.5671,84,42.0
2026-09-17,34500,2026-12-10,put,regular,560,0.5601,84,45.0
2026-09-17,34750,2026-12-10,put,regular,1,0.5557,84,46.0
2026-09-17,35000,2026-12-10,put,regular,5049,0.5722,84,62.0
2026-09-17,36000,2026-12-10,put,regular,2905,0.5563,84,69.0
2026-09-17,36500,2026-12-10,put,regular,225,0.5476,84,72.0
2026-09-17,36750,2026-12-10,put,regular,400,0.5438,84,74.0
2026-09-17,37000,2026-12-10,put,regular,2635,0.5409,84,77.0
2026-09-17,37500,2026-12-10,put,regular,188,0.533,84,81.0
2026-09-17,37750,2026-12-10,put,regular,100,0.53,84,84.0
2026-09-17,38000,2026-12-10,put,regular,2587,0.5259,84,86.0
2026-09-17,38500,2026-12-10,put,regular,1150,0.5186,84,91.0
2026-09-17,38750,2026-12-10,put,regular,50,0.5136,84,92.0
2026-09-17,39000,2026-12-10,put,regular,2406,0.5087,84,93.0
2026-09-17,39250,2026-12-10,put,regular,650,0.5078,84,99.0
2026-09-17,39500,2026-12-10,put,regular,1008,0.5051,84,103.0
2026-09-17,40000,2026-12-10,put,regular,5309,0.4987,84,110.0
2026-09-17,40250,2026-12-10,put,regular,5,0.4972,84,116.0
2026-09-17,40500,2026-12-10,put,regular,1399,0.4927,84,118.0
2026-09-17,40750,2026-12-10,put,regular,1,0.4896,84,122.0
2026-09-17,41000,2026-12-10,put,regular,1929,0.4858,84,125.0
2026-09-17,41250,2026-12-10,put,regular,3,0.4826,84,129.0
2026-09-17,41500,2026-12-10,put,regular,101,0.4787,84,132.0
2026-09-17,42000,2026-12-10,put,regular,3702,0.4696,84,136.0
2026-09-17,42500,2026-12-10,put,regular,301,0.4622,84,143.0
2026-09-17,43000,2026-12-10,put,regular,2186,0.4568,84,154.0
2026-09-17,43500,2026-12-10,put,regular,100,0.449,84,161.0
2026-09-17,43750,2026-12-10,put,regular,9,0.4453,84,165.0
2026-09-17,44000,2026-12-10,put,regular,2800,0.4411,84,168.0
2026-09-17,44500,2026-12-10,put,regular,1,0.4354,84,180.0
2026-09-17,44750,2026-12-10,put,regular,1,0.4315,84,184.0
2026-09-17,45000,2026-12-10,put,regular,2735,0.4284,84,190.0
2026-09-17,45250,2026-12-10,put,regular,52,0.4286,84,204.0
2026-09-17,45500,2026-12-10,put,regular,350,0.4258,84,211.0
2026-09-17,46000,2026-12-10,put,regular,3857,0.419,84,223.0
2026-09-17,46250,2026-12-10,put,regular,71,0.4166,84,232.0
2026-09-17,46500,2026-12-10,put,regular,119,0.4127,84,237.0
2026-09-17,46750,2026-12-10,put,regular,24,0.4095,84,244.0
2026-09-17,47000,2026-12-10,put,regular,2828,0.4055,84,249.0
2026-09-17,47500,2026-12-10,put,regular,1121,0.4,84,267.0
2026-09-17,47750,2026-12-10,put,regular,5,0.3978,84,278.0
2026-09-17,48000,2026-12-10,put,regular,4133,0.3939,84,284.0
2026-09-17,48250,2026-12-10,put,regular,10,0.3911,84,294.0
2026-09-17,48500,2026-12-10,put,regular,304,0.3886,84,305.0
2026-09-17,48750,2026-12-10,put,regular,4,0.3842,84,310.0
2026-09-17,49000,2026-12-10,put,regular,3632,0.384,84,330.0
2026-09-17,49250,2026-12-10,put,regular,208,0.3809,84,340.0
2026-09-17,49500,2026-12-10,put,regular,2722,0.3763,84,345.0
2026-09-17,49750,2026-12-10,put,regular,75,0.3756,84,365.0
2026-09-17,50000,2026-12-10,put,regular,8839,0.3697,84,365.0
2026-09-17,50250,2026-12-10,put,regular,16,0.3699,84,390.0
2026-09-17,50500,2026-12-10,put,regular,1696,0.3675,84,405.0
2026-09-17,50750,2026-12-10,put,regular,49,0.365,84,420.0
2026-09-17,51000,2026-12-10,put,regular,2184,0.3613,84,430.0
2026-09-17,51250,2026-12-10,put,regular,4,0.3607,84,455.0
2026-09-17,51500,2026-12-10,put,regular,170,0.3558,84,460.0
2026-09-17,51750,2026-12-10,put,regular,3,0.3549,84,485.0
2026-09-17,52000,2026-12-10,put,regular,2907,0.3508,84,495.0
2026-09-17,52250,2026-12-10,put,regular,525,0.3486,84,515.0
2026-09-17,52500,2026-12-10,put,regular,701,0.3463,84,535.0
2026-09-17,53000,2026-12-10,put,regular,2010,0.3422,84,580.0
2026-09-17,53250,2026-12-10,put,regular,188,0.3394,84,600.0
2026-09-17,53500,2026-12-10,put,regular,207,0.3366,84,620.0
2026-09-17,53750,2026-12-10,put,regular,45,0.3353,84,650.0
2026-09-17,54000,2026-12-10,put,regular,3453,0.3314,84,665.0
2026-09-17,54250,2026-12-10,put,regular,3,0.3282,84,685.0
2026-09-17,54500,2026-12-10,put,regular,784,0.3265,84,715.0
2026-09-17,54750,2026-12-10,put,regular,32,0.3253,84,750.0
2026-09-17,55000,2026-12-10,put,regular,5139,0.3253,84,795.0
2026-09-17,55250,2026-12-10,put,regular,1,0.3237,84,830.0
2026-09-17,55500,2026-12-10,put,regular,101,0.3205,84,855.0
2026-09-17,55750,2026-12-10,put,regular,23,0.3166,84,875.0
2026-09-17,56000,2026-12-10,put,regular,2628,0.3159,84,920.0
2026-09-17,56250,2026-12-10,put,regular,45,0.311,84,935.0
2026-09-17,56500,2026-12-10,put,regular,321,0.3106,84,985.0
2026-09-17,56750,2026-12-10,put,regular,12,0.3099,84,1035.0
2026-09-17,57000,2026-12-10,put,regular,2434,0.3071,84,1070.0
2026-09-17,57250,2026-12-10,put,regular,28,0.3066,84,1125.0
2026-09-17,57500,2026-12-10,put,regular,886,0.3064,84,1185.0
2026-09-17,57750,2026-12-10,put,regular,1,0.3037,84,1225.0
2026-09-17,58000,2026-12-10,put,regular,2101,0.3003,84,1260.0
2026-09-17,58250,2026-12-10,put,regular,65,0.3,84,1325.0
2026-09-17,58500,2026-12-10,put,regular,855,0.2979,84,1375.0
2026-09-17,59000,2026-12-10,put,regular,2405,0.2967,84,1510.0
2026-09-17,59250,2026-12-10,put,regular,60,0.2945,84,1565.0
2026-09-17,59500,2026-12-10,put,regular,250,0.2931,84,1630.0
2026-09-17,60000,2026-12-10,put,regular,9771,0.2911,84,1775.0
2026-09-17,60250,2026-12-10,put,regular,40,0.2899,84,1850.0
2026-09-17,60500,2026-12-10,put,regular,200,0.2872,84,1910.0
2026-09-17,61000,2026-12-10,put,regular,1335,0.2871,84,2095.0
2026-09-17,61250,2026-12-10,put,regular,10,0.2869,84,2190.0
2026-09-17,61500,2026-12-10,put,regular,1,0.2851,84,2270.0
2026-09-17,62000,2026-12-10,put,regular,3460,0.2826,84,2450.0
2026-09-17,62125,2026-12-10,put,regular,2550000,0.2823,84,2500.0
2026-09-17,62250,2026-12-10,put,regular,250,0.2819,84,2550.0
2026-09-17,62500,2026-12-10,put,regular,1087,0.2809,84,2650.0
2026-09-17,63000,2026-12-10,put,regular,2658,0.2792,84,2860.0
2026-09-17,63250,2026-12-10,put,regular,55,0.2788,84,2975.0
2026-09-17,63500,2026-12-10,put,regular,600,0.2777,84,3085.0
2026-09-17,63750,2026-12-10,put,regular,55,0.2764,84,3195.0
2026-09-17,64000,2026-12-10,put,regular,2032,0.2753,84,3310.0
2026-09-17,64500,2026-12-10,put,regular,75,0.274,84,3560.0
2026-09-17,65000,2026-12-10,put,regular,4312,0.2725,84,3820.0
2026-09-17,65500,2026-12-10,put,regular,605,0.2718,84,4100.0
2026-09-17,65750,2026-12-10,put,regular,15,0.2719,84,4250.0
2026-09-17,66000,2026-12-10,put,regular,1038,0.2713,84,4395.0
2026-09-17,66500,2026-12-10,put,regular,750,0.2708,84,4700.0
2026-09-17,67000,2026-12-10,put,regular,1590,0.2701,84,5015.0
2026-09-17,67250,2026-12-10,put,regular,25,0.2696,84,5175.0
2026-09-17,67500,2026-12-10,put,regular,25,0.2694,84,5340.0
2026-09-17,68000,2026-12-10,put,regular,1900,0.2699,84,5690.0
2026-09-17,68500,2026-12-10,put,regular,203,0.2696,84,6040.0
2026-09-17,68750,2026-12-10,put,regular,100,0.27,84,6225.0
2026-09-17,69000,2026-12-10,put,regular,1570,0.2702,84,6410.0
2026-09-17,70000,2026-12-10,put,regular,1653,0.2713,84,7175.0
2026-09-17,71000,2026-12-10,put,regular,31,0.2712,84,7960.0
2026-09-17,72000,2026-12-10,put,regular,120,0.2711,84,8775.0
2026-09-17,72500,2026-12-10,put,regular,420,0.2737,84,9215.0
2026-09-17,73000,2026-12-10,put,regular,4,0.2745,84,9645.0
2026-09-17,74000,2026-12-10,put,regular,101,0.278,84,10535.0
2026-09-17,76000,2026-12-10,put,regular,300,0.2871,84,12375.0
2026-09-17,80000,2026-12-10,put,regular,3700,0.3117,84,16200.0
2026-09-17,90000,2026-12-10,put,regular,3,0.3933,84,26075.0
2026-09-17,40000,2027-01-07,put,regular,1,0.4462,112,134.0
2026-09-17,41000,2027-01-07,put,regular,1,0.435,112,152.0
2026-09-17,44000,2027-01-07,put,regular,331,0.4043,112,226.0
2026-09-17,45000,2027-01-07,put,regular,1000,0.3944,112,258.0
2026-09-17,47000,2027-01-07,put,regular,98,0.3773,112,345.0
2026-09-17,48000,2027-01-07,put,regular,200,0.3659,112,385.0
2026-09-17,48750,2027-01-07,put,regular,10,0.3589,112,425.0
2026-09-17,50000,2027-01-07,put,regular,315,0.3471,112,500.0
2026-09-17,52000,2027-01-07,put,regular,300,0.3296,112,655.0
2026-09-17,52500,2027-01-07,put,regular,20,0.3252,112,700.0
2026-09-17,53750,2027-01-07,put,regular,10,0.3218,112,885.0
2026-09-17,55000,2027-01-07,put,regular,100,0.3131,112,1060.0
2026-09-17,57000,2027-01-07,put,regular,60,0.301,112,1420.0
2026-09-17,58000,2027-01-07,put,regular,57,0.2952,112,1640.0
2026-09-17,60000,2027-01-07,put,regular,186,0.2805,112,2125.0
2026-09-17,60500,2027-01-07,put,regular,42,0.2777,112,2275.0
2026-09-17,61000,2027-01-07,put,regular,1,0.2761,112,2450.0
2026-09-17,61500,2027-01-07,put,regular,50,0.2746,112,2635.0
2026-09-17,62750,2027-01-07,put,regular,28725000,0.2703,112,3135.0
2026-09-17,64000,2027-01-07,put,regular,100,0.2669,112,3710.0
2026-09-17,65000,2027-01-07,put,regular,3,0.2645,112,4220.0
2026-09-17,65500,2027-01-07,put,regular,1,0.2636,112,4495.0
2026-09-17,65750,2027-01-07,put,regular,1,0.2634,112,4640.0
2026-09-17,66000,2027-01-07,put,regular,110,0.2623,112,4775.0
2026-09-17,66500,2027-01-07,put,regular,3,0.262,112,5080.0
2026-09-17,67000,2027-01-07,put,regular,2,0.2611,112,5385.0
2026-09-17,67500,2027-01-07,put,regular,1,0.2605,112,5705.0
2026-09-17,67750,2027-01-07,put,regular,1,0.2607,112,5875.0
2026-09-17,43000,2027-02-10,put,regular,11860000,0.3906,146,287.0
2026-09-17,45000,2027-02-10,put,regular,400,0.3758,146,380.0
2026-09-17,47000,2027-02-10,put,regular,125,0.3596,146,490.0
2026-09-17,57500,2027-02-10,put,regular,100,0.2886,146,1870.0
2026-09-17,65000,2027-02-10,put,regular,253,0.2581,146,4645.0
2026-09-17,67000,2027-02-10,put,regular,2,0.2539,146,5780.0
2026-09-17,67250,2027-02-10,put,regular,12,0.2539,146,5940.0
2026-09-17,20000,2027-03-11,put,regular,15,0.6377,175,20.0
2026-09-17,22000,2027-03-11,put,regular,2,0.5908,175,21.0
2026-09-17,29000,2027-03-11,put,regular,1,0.4998,175,55.0
2026-09-17,30000,2027-03-11,put,regular,2,0.4888,175,63.0
2026-09-17,33000,2027-03-11,put,regular,113,0.4554,175,91.0
2026-09-17,35000,2027-03-11,put,regular,700,0.4347,175,116.0
2026-09-17,37000,2027-03-11,put,regular,500,0.4228,175,165.0
2026-09-17,38000,2027-03-11,put,regular,300,0.4061,175,168.0
2026-09-17,40000,2027-03-11,put,regular,1571,0.4023,175,259.0
2026-09-17,41000,2027-03-11,put,regular,250,0.3925,175,288.0
2026-09-17,42000,2027-03-11,put,regular,534,0.3842,175,325.0
2026-09-17,42500,2027-03-11,put,regular,200,0.3788,175,340.0
2026-09-17,43000,2027-03-11,put,regular,114,0.3745,175,360.0
2026-09-17,43500,2027-03-11,put,regular,66,0.37,175,380.0
2026-09-17,43750,2027-03-11,put,regular,12,0.3676,175,390.0
2026-09-17,44000,2027-03-11,put,regular,275,0.3663,175,405.0
2026-09-17,45000,2027-03-11,put,regular,1694,0.3571,175,450.0
2026-09-17,46000,2027-03-11,put,regular,116,0.349,175,505.0
2026-09-17,47000,2027-03-11,put,regular,950,0.3408,175,565.0
2026-09-17,47750,2027-03-11,put,regular,310,0.3355,175,620.0
2026-09-17,48000,2027-03-11,put,regular,699,0.3338,175,640.0
2026-09-17,48500,2027-03-11,put,regular,51,0.3302,175,680.0
2026-09-17,49000,2027-03-11,put,regular,102,0.3264,175,720.0
2026-09-17,50000,2027-03-11,put,regular,1404,0.3197,175,815.0
2026-09-17,50250,2027-03-11,put,regular,112,0.318,175,840.0
2026-09-17,51000,2027-03-11,put,regular,24,0.313,175,920.0
2026-09-17,51250,2027-03-11,put,regular,108,0.3115,175,950.0
2026-09-17,52000,2027-03-11,put,regular,2170,0.3066,175,1040.0
2026-09-17,52500,2027-03-11,put,regular,50,0.3039,175,1110.0
2026-09-17,53000,2027-03-11,put,regular,775,0.2984,175,1155.0
2026-09-17,53500,2027-03-11,put,regular,200,0.296,175,1235.0
2026-09-17,54000,2027-03-11,put,regular,534,0.2932,175,1315.0
2026-09-17,55000,2027-03-11,put,regular,1116,0.2886,175,1500.0
2026-09-17,55500,2027-03-11,put,regular,100,0.2858,175,1595.0
2026-09-17,56000,2027-03-11,put,regular,1050,0.2839,175,1705.0
2026-09-17,56250,2027-03-11,put,regular,120,0.2827,175,1760.0
2026-09-17,57000,2027-03-11,put,regular,1775,0.2794,175,1935.0
2026-09-17,58000,2027-03-11,put,regular,3105,0.275,175,2190.0
2026-09-17,58500,2027-03-11,put,regular,110,0.2733,175,2335.0
2026-09-17,59500,2027-03-11,put,regular,453,0.2708,175,2660.0
2026-09-17,60000,2027-03-11,put,regular,2290,0.269,175,2825.0
2026-09-17,60500,2027-03-11,put,regular,75,0.2673,175,3000.0
2026-09-17,61000,2027-03-11,put,regular,160,0.2655,175,3180.0
2026-09-17,61500,2027-03-11,put,regular,4,0.2644,175,3380.0
2026-09-17,62000,2027-03-11,put,regular,1220,0.2625,175,3575.0
2026-09-17,62500,2027-03-11,put,regular,500,0.2611,175,3785.0
2026-09-17,63000,2027-03-11,put,regular,2058,0.2597,175,4005.0
2026-09-17,64000,2027-03-11,put,regular,1240,0.257,175,4470.0
2026-09-17,65000,2027-03-11,put,regular,880,0.254,175,4965.0
2026-09-17,66000,2027-03-11,put,regular,328,0.2525,175,5520.0
2026-09-17,66250,2027-03-11,put,regular,15,0.2516,175,5655.0
2026-09-17,66500,2027-03-11,put,regular,16,0.2514,175,5805.0
2026-09-17,67000,2027-03-11,put,regular,300,0.2502,175,6095.0
2026-09-17,68000,2027-03-11,put,regular,130,0.2488,175,6720.0
2026-09-17,69000,2027-03-11,put,regular,350,0.2471,175,7370.0
2026-09-17,69250,2027-03-11,put,regular,10,0.2465,175,7535.0
2026-09-17,70000,2027-03-11,put,regular,480,0.244,175,8030.0
2026-09-17,72000,2027-03-11,put,regular,100,0.2415,175,9500.0
2026-09-17,62000,2027-04-08,put,regular,30,0.2681,203,4020.0
2026-09-17,48000,2027-05-13,put,regular,100,0.32,238,935.0
2026-09-17,12500,2027-06-10,put,regular,12,0.6054,266,3.0
2026-09-17,14500,2027-06-10,put,regular,4,0.584,266,6.0
2026-09-17,15000,2027-06-10,put,regular,1,0.5788,266,7.0
2026-09-17,16250,2027-06-10,put,regular,167,0.5709,266,11.0
2026-09-17,23000,2027-06-10,put,regular,140,0.5064,266,48.0
2026-09-17,24000,2027-06-10,put,regular,100,0.4972,266,57.0
2026-09-17,25000,2027-06-10,put,regular,250,0.4881,266,67.0
2026-09-17,26000,2027-06-10,put,regular,200,0.4788,266,78.0
2026-09-17,28000,2027-06-10,put,regular,875,0.4602,266,103.0
2026-09-17,28500,2027-06-10,put,regular,100,0.4556,266,110.0
2026-09-17,29000,2027-06-10,put,regular,165,0.4508,266,117.0
2026-09-17,30000,2027-06-10,put,regular,1201,0.4419,266,133.0
2026-09-17,31000,2027-06-10,put,regular,100,0.4328,266,150.0
2026-09-17,31500,2027-06-10,put,regular,1,0.4283,266,159.0
2026-09-17,32000,2027-06-10,put,regular,250,0.424,266,169.0
2026-09-17,33000,2027-06-10,put,regular,150,0.4154,266,190.0
2026-09-17,34000,2027-06-10,put,regular,1300,0.4068,266,213.0
2026-09-17,35000,2027-06-10,put,regular,1628,0.3987,266,239.0
2026-09-17,35500,2027-06-10,put,regular,145,0.3944,266,252.0
2026-09-17,36000,2027-06-10,put,regular,300,0.3905,266,267.0
2026-09-17,37000,2027-06-10,put,regular,50,0.3825,266,298.0
2026-09-17,38000,2027-06-10,put,regular,201,0.3753,266,335.0
2026-09-17,38500,2027-06-10,put,regular,140,0.3717,266,355.0
2026-09-17,39000,2027-06-10,put,regular,50,0.368,266,375.0
2026-09-17,39500,2027-06-10,put,regular,101,0.3641,266,395.0
2026-09-17,40000,2027-06-10,put,regular,1150,0.361,266,420.0
2026-09-17,41000,2027-06-10,put,regular,100,0.3532,266,465.0
2026-09-17,42000,2027-06-10,put,regular,400,0.3465,266,520.0
2026-09-17,42500,2027-06-10,put,regular,61,0.3433,266,550.0
2026-09-17,43000,2027-06-10,put,regular,35,0.3398,266,580.0
2026-09-17,43750,2027-06-10,put,regular,2,0.335,266,630.0
2026-09-17,44000,2027-06-10,put,regular,196,0.3337,266,650.0
2026-09-17,45000,2027-06-10,put,regular,2075,0.3274,266,725.0
2026-09-17,46000,2027-06-10,put,regular,973,0.3221,266,815.0
2026-09-17,46500,2027-06-10,put,regular,70,0.319,266,860.0
2026-09-17,47000,2027-06-10,put,regular,201,0.3163,266,910.0
2026-09-17,47750,2027-06-10,put,regular,100,0.3123,266,990.0
2026-09-17,48000,2027-06-10,put,regular,1229,0.3111,266,1020.0
2026-09-17,49000,2027-06-10,put,regular,300,0.3059,266,1140.0
2026-09-17,50000,2027-06-10,put,regular,2132,0.301,266,1275.0
2026-09-17,50500,2027-06-10,put,regular,325,0.2987,266,1350.0
2026-09-17,51000,2027-06-10,put,regular,100,0.2962,266,1425.0
2026-09-17,51250,2027-06-10,put,regular,3,0.2955,266,1470.0
2026-09-17,52000,2027-06-10,put,regular,1105,0.292,266,1595.0
2026-09-17,52250,2027-06-10,put,regular,88,0.2909,266,1640.0
2026-09-17,52500,2027-06-10,put,regular,187,0.2898,266,1685.0
2026-09-17,52750,2027-06-10,put,regular,750,0.2889,266,1735.0
2026-09-17,53000,2027-06-10,put,regular,720,0.288,266,1785.0
2026-09-17,53500,2027-06-10,put,regular,1,0.2859,266,1885.0
2026-09-17,53750,2027-06-10,put,regular,35,0.2848,266,1935.0
2026-09-17,54000,2027-06-10,put,regular,2005,0.2839,266,1990.0
2026-09-17,55000,2027-06-10,put,regular,1500,0.2802,266,2220.0
2026-09-17,55500,2027-06-10,put,regular,255,0.2785,266,2345.0
2026-09-17,56000,2027-06-10,put,regular,1346,0.2768,266,2475.0
2026-09-17,56500,2027-06-10,put,regular,40,0.2751,266,2610.0
2026-09-17,57000,2027-06-10,put,regular,1145,0.2734,266,2750.0
2026-09-17,57500,2027-06-10,put,regular,2,0.2719,266,2900.0
2026-09-17,57750,2027-06-10,put,regular,112,0.271,266,2975.0
2026-09-17,58000,2027-06-10,put,regular,637,0.2703,266,3055.0
2026-09-17,58500,2027-06-10,put,regular,401,0.2687,266,3215.0
2026-09-17,59000,2027-06-10,put,regular,535,0.2674,266,3385.0
2026-09-17,59500,2027-06-10,put,regular,212,0.2659,266,3560.0
2026-09-17,60000,2027-06-10,put,regular,2206,0.2647,266,3745.0
2026-09-17,61000,2027-06-10,put,regular,3,0.2622,266,4135.0
2026-09-17,62000,2027-06-10,put,regular,800,0.2596,266,4550.0
2026-09-17,63000,2027-06-10,put,regular,950,0.2574,266,5000.0
2026-09-17,64000,2027-06-10,put,regular,270,0.2554,266,5480.0
2026-09-17,64750,2027-06-10,put,regular,104,0.2539,266,5860.0
2026-09-17,65000,2027-06-10,put,regular,1888,0.2534,266,5990.0
2026-09-17,65500,2027-06-10,put,regular,26,0.2527,266,6260.0
2026-09-17,66000,2027-06-10,put,regular,425,0.2516,266,6530.0
2026-09-17,66750,2027-06-10,put,regular,150,0.2505,266,6960.0
2026-09-17,67000,2027-06-10,put,regular,1070,0.2501,266,7105.0
2026-09-17,67500,2027-06-10,put,regular,100,0.2492,266,7400.0
2026-09-17,68000,2027-06-10,put,regular,600,0.2485,266,7705.0
2026-09-17,68500,2027-06-10,put,regular,200,0.2477,266,8015.0
2026-09-17,69000,2027-06-10,put,regular,500,0.247,266,8335.0
2026-09-17,70000,2027-06-10,put,regular,700,0.2458,266,8995.0
2026-09-17,72000,2027-06-10,put,regular,100,0.2434,266,10390.0
2026-09-17,77500,2027-06-10,put,regular,50,0.2387,266,14700.0
2026-09-17,67000,2027-07-08,put,regular,58,0.2502,294,7385.0
2026-09-17,27000,2027-09-09,put,regular,150,0.4305,357,135.0
2026-09-17,31000,2027-09-09,put,regular,200,0.3957,357,211.0
2026-09-17,32000,2027-09-09,put,regular,150,0.3879,357,236.0
2026-09-17,45000,2027-09-09,put,regular,100,0.3101,357,1000.0
2026-09-17,47000,2027-09-09,put,regular,200,0.3013,357,1240.0
2026-09-17,48000,2027-09-09,put,regular,107,0.2968,357,1375.0
2026-09-17,49000,2027-09-09,put,regular,200,0.2927,357,1525.0
2026-09-17,50000,2027-09-09,put,regular,126,0.2883,357,1685.0
2026-09-17,51000,2027-09-09,put,regular,9,0.2844,357,1865.0
2026-09-17,52000,2027-09-09,put,regular,3,0.2806,357,2060.0
2026-09-17,53000,2027-09-09,put,regular,307,0.277,357,2275.0
2026-09-17,54250,2027-09-09,put,regular,200,0.2727,357,2570.0
2026-09-17,55000,2027-09-09,put,regular,600,0.2701,357,2760.0
2026-09-17,56000,2027-09-09,put,regular,80,0.2669,357,3035.0
2026-09-17,58000,2027-09-09,put,regular,1,0.2605,357,3645.0
2026-09-17,60000,2027-09-09,put,regular,360,0.2551,357,4360.0
2026-09-17,60750,2027-09-09,put,regular,4,0.253,357,4650.0
2026-09-17,62000,2027-09-09,put,regular,189,0.25,357,5175.0
2026-09-17,64500,2027-09-09,put,regular,92,0.2443,357,6345.0
2026-09-17,65000,2027-09-09,put,regular,300,0.2433,357,6600.0
2026-09-17,67000,2027-09-09,put,regular,30,0.2395,357,7690.0
2026-09-17,68250,2027-09-09,put,regular,200,0.2373,357,8425.0
2026-09-17,68750,2027-09-09,put,regular,93,0.2366,357,8735.0
2026-09-17,12500,2027-12-09,put,regular,11,0.5421,448,16.0
2026-09-17,13000,2027-12-09,put,regular,1,0.5386,448,19.0
2026-09-17,16000,2027-12-09,put,regular,350,0.5072,448,38.0
2026-09-17,19000,2027-12-09,put,regular,301,0.479,448,67.0
2026-09-17,20000,2027-12-09,put,regular,400,0.4699,448,79.0
2026-09-17,21000,2027-12-09,put,regular,50,0.4615,448,93.0
2026-09-17,22000,2027-12-09,put,regular,408,0.4523,448,107.0
2026-09-17,22500,2027-12-09,put,regular,36,0.448,448,115.0
2026-09-17,23000,2027-12-09,put,regular,132,0.4441,448,124.0
2026-09-17,23750,2027-12-09,put,regular,39,0.4377,448,137.0
2026-09-17,24000,2027-12-09,put,regular,1721,0.4354,448,141.0
2026-09-17,25000,2027-12-09,put,regular,1350,0.4274,448,161.0
2026-09-17,26000,2027-12-09,put,regular,300,0.4192,448,182.0
2026-09-17,26500,2027-12-09,put,regular,100,0.4152,448,193.0
2026-09-17,27000,2027-12-09,put,regular,1300,0.4113,448,205.0
2026-09-17,28000,2027-12-09,put,regular,2125,0.4038,448,231.0
2026-09-17,29000,2027-12-09,put,regular,450,0.3961,448,258.0
2026-09-17,29500,2027-12-09,put,regular,249,0.3925,448,273.0
2026-09-17,30000,2027-12-09,put,regular,2645,0.3889,448,289.0
2026-09-17,31000,2027-12-09,put,regular,1750,0.3824,448,325.0
2026-09-17,31500,2027-12-09,put,regular,204,0.3783,448,340.0
2026-09-17,32000,2027-12-09,put,regular,1425,0.3752,448,360.0
2026-09-17,32250,2027-12-09,put,regular,30,0.3735,448,370.0
2026-09-17,32750,2027-12-09,put,regular,35,0.3702,448,390.0
2026-09-17,33000,2027-12-09,put,regular,450,0.3684,448,400.0
2026-09-17,34000,2027-12-09,put,regular,1794,0.3621,448,445.0
2026-09-17,34500,2027-12-09,put,regular,100,0.3591,448,470.0
2026-09-17,35000,2027-12-09,put,regular,1600,0.356,448,495.0
2026-09-17,35500,2027-12-09,put,regular,40,0.3528,448,520.0
2026-09-17,36000,2027-12-09,put,regular,1230,0.3494,448,545.0
2026-09-17,36500,2027-12-09,put,regular,300,0.3467,448,575.0
2026-09-17,37000,2027-12-09,put,regular,1150,0.3437,448,605.0
2026-09-17,38000,2027-12-09,put,regular,1175,0.3381,448,670.0
2026-09-17,39000,2027-12-09,put,regular,800,0.3325,448,740.0
2026-09-17,39500,2027-12-09,put,regular,50,0.3295,448,775.0
2026-09-17,40000,2027-12-09,put,regular,3220,0.3269,448,815.0
2026-09-17,40500,2027-12-09,put,regular,450,0.3247,448,860.0
2026-09-17,42000,2027-12-09,put,regular,550,0.317,448,995.0
2026-09-17,43000,2027-12-09,put,regular,240,0.312,448,1095.0
2026-09-17,44000,2027-12-09,put,regular,100,0.3076,448,1210.0
2026-09-17,45000,2027-12-09,put,regular,2076,0.303,448,1330.0
2026-09-17,46000,2027-12-09,put,regular,900,0.2988,448,1465.0
2026-09-17,47000,2027-12-09,put,regular,250,0.2946,448,1610.0
2026-09-17,47500,2027-12-09,put,regular,35,0.2927,448,1690.0
2026-09-17,48000,2027-12-09,put,regular,615,0.2906,448,1770.0
2026-09-17,49000,2027-12-09,put,regular,700,0.2869,448,1945.0
2026-09-17,50000,2027-12-09,put,regular,3970,0.2833,448,2135.0
2026-09-17,51000,2027-12-09,put,regular,350,0.2798,448,2340.0
2026-09-17,52000,2027-12-09,put,regular,685,0.2764,448,2560.0
2026-09-17,53000,2027-12-09,put,regular,822,0.2732,448,2800.0
2026-09-17,54000,2027-12-09,put,regular,775,0.2701,448,3060.0
2026-09-17,54500,2027-12-09,put,regular,400,0.2686,448,3195.0
2026-09-17,55000,2027-12-09,put,regular,1350,0.2673,448,3340.0
2026-09-17,55500,2027-12-09,put,regular,75,0.2658,448,3485.0
2026-09-17,56000,2027-12-09,put,regular,470,0.2645,448,3640.0
2026-09-17,57000,2027-12-09,put,regular,820,0.2618,448,3960.0
2026-09-17,58000,2027-12-09,put,regular,1700,0.2591,448,4300.0
2026-09-17,58500,2027-12-09,put,regular,610,0.2579,448,4480.0
2026-09-17,59000,2027-12-09,put,regular,100,0.2569,448,4670.0
2026-09-17,60000,2027-12-09,put,regular,1262,0.2544,448,5055.0
2026-09-17,62000,2027-12-09,put,regular,425,0.2501,448,5905.0
2026-09-17,62500,2027-12-09,put,regular,70,0.249,448,6130.0
2026-09-17,63000,2027-12-09,put,regular,650,0.2481,448,6365.0
2026-09-17,63500,2027-12-09,put,regular,50,0.2471,448,6605.0
2026-09-17,64000,2027-12-09,put,regular,130,0.2462,448,6850.0
2026-09-17,65000,2027-12-09,put,regular,1300,0.2442,448,7355.0
2026-09-17,66000,2027-12-09,put,regular,825,0.2425,448,7890.0
2026-09-17,67000,2027-12-09,put,regular,400,0.2408,448,8445.0
2026-09-17,68000,2027-12-09,put,regular,400,0.239,448,9020.0
2026-09-17,69000,2027-12-09,put,regular,750,0.2375,448,9625.0
2026-09-17,70000,2027-12-09,put,regular,550,0.236,448,10250.0
2026-09-17,75000,2027-12-09,put,regular,175,0.2288,448,13680.0
2026-09-17,80000,2027-12-09,put,regular,400,0.2219,448,17565.0
2026-09-17,15000,2028-06-08,put,regular,3,0.3809,630,8.0
2026-09-17,20000,2028-06-08,put,regular,3,0.3772,630,54.0
2026-09-17,25000,2028-06-08,put,regular,630,0.376,630,208.0
2026-09-17,26000,2028-06-08,put,regular,250,0.376,630,260.0
2026-09-17,27000,2028-06-08,put,regular,100,0.3703,630,296.0
2026-09-17,30000,2028-06-08,put,regular,300,0.3547,630,430.0
2026-09-17,32000,2028-06-08,put,regular,250,0.3447,630,540.0
2026-09-17,33000,2028-06-08,put,regular,100,0.3395,630,600.0
2026-09-17,35000,2028-06-08,put,regular,200,0.3306,630,745.0
2026-09-17,40000,2028-06-08,put,regular,250,0.3084,630,1210.0
2026-09-17,41500,2028-06-08,put,regular,100,0.3021,630,1385.0
2026-09-17,45000,2028-06-08,put,regular,65,0.2889,630,1890.0
2026-09-17,48000,2028-06-08,put,regular,300,0.2784,630,2430.0
2026-09-17,50000,2028-06-08,put,regular,430,0.2718,630,2855.0
2026-09-17,54000,2028-06-08,put,regular,100,0.2603,630,3905.0
2026-09-17,55000,2028-06-08,put,regular,50,0.2578,630,4215.0
2026-09-17,58000,2028-06-08,put,regular,200,0.2509,630,5255.0
2026-09-17,60000,2028-06-08,put,regular,250,0.2469,630,6055.0
2026-09-17,12000,2028-12-07,put,regular,300,0.3817,812,7.0
2026-09-17,16000,2028-12-07,put,regular,1950,0.3782,812,39.0
2026-09-17,18000,2028-12-07,put,regular,100,0.3774,812,76.0
2026-09-17,20000,2028-12-07,put,regular,200,0.3771,812,135.0
2026-09-17,23000,2028-12-07,put,regular,100,0.3765,812,277.0
2026-09-17,23500,2028-12-07,put,regular,38,0.3769,812,310.0
2026-09-17,24000,2028-12-07,put,regular,1000,0.3771,812,345.0
2026-09-17,25000,2028-12-07,put,regular,1200,0.3769,812,420.0
2026-09-17,27000,2028-12-07,put,regular,120,0.37,812,555.0
2026-09-17,27500,2028-12-07,put,regular,50,0.3673,812,585.0
2026-09-17,28000,2028-12-07,put,regular,1250,0.3644,812,615.0
2026-09-17,30000,2028-12-07,put,regular,750,0.3525,812,740.0
2026-09-17,31000,2028-12-07,put,regular,400,0.347,812,810.0
2026-09-17,32000,2028-12-07,put,regular,850,0.341,812,880.0
2026-09-17,32250,2028-12-07,put,regular,51,0.3397,812,900.0
2026-09-17,33000,2028-12-07,put,regular,525,0.3357,812,960.0
2026-09-17,34000,2028-12-07,put,regular,775,0.3301,812,1040.0
2026-09-17,34750,2028-12-07,put,regular,100,0.3261,812,1105.0
2026-09-17,35000,2028-12-07,put,regular,1305,0.325,812,1130.0
2026-09-17,36000,2028-12-07,put,regular,2750,0.3196,812,1220.0
2026-09-17,37000,2028-12-07,put,regular,580,0.3146,812,1320.0
2026-09-17,38000,2028-12-07,put,regular,2860,0.31,812,1430.0
2026-09-17,39000,2028-12-07,put,regular,50,0.305,812,1540.0
2026-09-17,40000,2028-12-07,put,regular,1210,0.3006,812,1665.0
2026-09-17,42000,2028-12-07,put,regular,350,0.2918,812,1935.0
2026-09-17,43000,2028-12-07,put,regular,100,0.2877,812,2085.0
2026-09-17,44500,2028-12-07,put,regular,75,0.2818,812,2330.0
2026-09-17,45000,2028-12-07,put,regular,770,0.28,812,2420.0
2026-09-17,46000,2028-12-07,put,regular,100,0.2764,812,2605.0
2026-09-17,48000,2028-12-07,put,regular,600,0.2696,812,3015.0
2026-09-17,50000,2028-12-07,put,regular,2450,0.2635,812,3485.0
2026-09-17,51000,2028-12-07,put,regular,150,0.2607,812,3745.0
2026-09-17,52000,2028-12-07,put,regular,250,0.258,812,4020.0
2026-09-17,53000,2028-12-07,put,regular,50,0.2554,812,4310.0
2026-09-17,55000,2028-12-07,put,regular,725,0.2507,812,4950.0
2026-09-17,56000,2028-12-07,put,regular,450,0.2487,812,5300.0
2026-09-17,57000,2028-12-07,put,regular,150,0.2466,812,5665.0
2026-09-17,60000,2028-12-07,put,regular,550,0.2412,812,6885.0
2026-09-17,63000,2028-12-07,put,regular,25,0.2366,812,8280.0
2026-09-17,65000,2028-12-07,put,regular,925,0.234,812,9310.0
2026-09-17,68000,2028-12-07,put,regular,100,0.2304,812,10990.0
2026-09-17,69000,2028-12-07,put,regular,270,0.2292,812,11585.0
2026-09-17,70000,2028-12-07,put,regular,100,0.2281,812,12195.0
2026-09-17,75000,2028-12-07,put,regular,80,0.2224,812,15480.0
2026-09-17,15000,2029-06-07,put,regular,1,0.3654,994,47.0
2026-09-17,15000,2029-12-13,put,regular,1,0.34,1183,53.0
2026-09-17,23250,2029-12-13,put,regular,40,0.3383,1183,445.0
2026-09-17,30000,2029-12-13,call,regular,100,0.2,1183,1055.0
2026-09-17,32000,2029-12-13,call,regular,113,0.2,1183,1235.0
2026-09-17,34250,2029-12-13,call,regular,6,0.2,1183,1470.0
2026-09-17,44000,2029-12-13,call,regular,100,0.2,1183,3025.0
2026-09-17,45000,2029-12-13,call,regular,75,0.2,1183,3245.0
2026-09-17,50000,2029-12-13,call,regular,570,0.2,1183,4520.0
2026-09-17,64000,2029-12-13,call,regular,100,0.2163,1183,10030.0
2026-09-17,65000,2029-12-13,call,regular,50,0.2369,1183,10545.0
2026-09-17,70000,2029-12-13,call,regular,100,0.3387,1183,13355.0
2026-09-17,19000,2030-06-13,call,regular,2,0.2,1365,190.0
2026-09-17,23500,2030-12-12,call,regular,100,0.2,1547,550.0
2026-09-17,31750,2030-12-12,call,regular,74,0.2,1547,1490.0
2026-09-17,34000,2030-12-12,call,regular,24,0.2,1547,1795.0
2026-09-17,44000,2030-12-12,call,regular,80,0.2,1547,3615.0
2026-09-17,45000,2030-12-12,call,regular,40,0.2,1547,3850.0
2026-09-17,49500,2030-12-12,call,regular,100,0.2,1547,5055.0
2026-09-17,50000,2030-12-12,call,regular,100,0.2,1547,5205.0
2026-09-17,64000,2030-12-12,call,regular,3,0.2045,1547,10850.0
2026-09-17,31500,2031-12-11,call,regular,52,0.2,1911,1915.0
2026-09-17,68000,2031-12-11,call,regular,100,0.2629,1911,13865.0
2026-09-17,31250,2032-12-09,call,regular,40,0.2,2275,2505.0
2026-09-17,35000,2026-10-08,call,regular,24,0.2,21,28645.0
2026-09-17,42750,2026-10-08,call,regular,3,0.2,21,20915.0
2026-09-17,45000,2026-10-08,call,regular,2,0.2,21,18675.0
2026-09-17,47500,2026-10-08,call,regular,34,0.2,21,16185.0
2026-09-17,50000,2026-10-08,call,regular,1,0.2,21,13710.0
2026-09-17,53000,2026-10-08,call,regular,34,0.2,21,10750.0
2026-09-17,55000,2026-10-08,call,regular,4,0.2,21,8805.0
2026-09-17,57000,2026-10-08,call,regular,1,0.2,21,6900.0
2026-09-17,59500,2026-10-08,call,regular,14,0.173,21,4650.0
2026-09-17,60000,2026-10-08,call,regular,5,0.2014,21,4230.0
2026-09-17,60500,2026-10-08,call,regular,100,0.214,21,3820.0
2026-09-17,61000,2026-10-08,call,regular,201,0.2228,21,3430.0
2026-09-17,62000,2026-10-08,call,regular,49,0.2304,21,2695.0
2026-09-17,63000,2026-10-08,call,regular,158,0.2325,21,2040.0
2026-09-17,63250,2026-10-08,call,regular,11,0.2325,21,1890.0
2026-09-17,63500,2026-10-08,call,regular,16,0.2305,21,1735.0
2026-09-17,63750,2026-10-08,call,regular,3,0.2339,21,1620.0
2026-09-17,63875,2026-10-08,call,regular,50,0.2315,21,1540.0
2026-09-17,64000,2026-10-08,call,regular,510,0.2321,21,1480.0
2026-09-17,64250,2026-10-08,call,regular,3,0.2332,21,1365.0
2026-09-17,64375,2026-10-08,call,regular,61,0.2313,21,1295.0
2026-09-17,64500,2026-10-08,call,regular,209,0.2332,21,1250.0
2026-09-17,64625,2026-10-08,call,regular,688,0.2316,21,1185.0
2026-09-17,64750,2026-10-08,call,regular,755,0.2329,21,1140.0
2026-09-17,65000,2026-10-08,call,regular,695,0.2323,21,1035.0
2026-09-17,65125,2026-10-08,call,regular,760000,0.232,21,985.0
2026-09-17,65250,2026-10-08,call,regular,19,0.2323,21,940.0
2026-09-17,65375,2026-10-08,call,regular,5,0.2322,21,895.0
2026-09-17,65500,2026-10-08,call,regular,225,0.2319,21,850.0
2026-09-17,65625,2026-10-08,call,regular,18,0.2322,21,810.0
2026-09-17,65750,2026-10-08,call,regular,113,0.2305,21,760.0
2026-09-17,65875,2026-10-08,call,regular,16,0.232,21,730.0
2026-09-17,66000,2026-10-08,call,regular,1885,0.2306,21,685.0
2026-09-17,66125,2026-10-08,call,regular,35,0.2317,21,655.0
2026-09-17,66250,2026-10-08,call,regular,84,0.2306,21,615.0
2026-09-17,66375,2026-10-08,call,regular,21,0.2321,21,590.0
2026-09-17,66500,2026-10-08,call,regular,118,0.2324,21,560.0
2026-09-17,66750,2026-10-08,call,regular,147,0.2322,21,500.0
2026-09-17,66875,2026-10-08,call,regular,21,0.2317,21,470.0
2026-09-17,67000,2026-10-08,call,regular,1751,0.232,21,445.0
2026-09-17,67125,2026-10-08,call,regular,28,0.232,21,420.0
2026-09-17,67250,2026-10-08,call,regular,12,0.2318,21,395.0
2026-09-17,67375,2026-10-08,call,regular,74,0.2325,21,375.0
2026-09-17,67500,2026-10-08,call,regular,671,0.233,21,355.0
2026-09-17,67625,2026-10-08,call,regular,86,0.2319,21,330.0
2026-09-17,67750,2026-10-08,call,regular,1030,0.2332,21,315.0
2026-09-17,67875,2026-10-08,call,regular,2,0.2326,21,294.0
2026-09-17,68000,2026-10-08,call,regular,1804,0.2342,21,282.0
2026-09-17,68125,2026-10-08,call,regular,8,0.2328,21,260.0
2026-09-17,68250,2026-10-08,call,regular,100,0.2341,21,248.0
2026-09-17,68375,2026-10-08,call,regular,2,0.2336,21,231.0
2026-09-17,68500,2026-10-08,call,regular,1191,0.2341,21,218.0
2026-09-17,68750,2026-10-08,call,regular,124,0.2347,21,193.0
2026-09-17,68875,2026-10-08,call,regular,145,0.2342,21,179.0
2026-09-17,69000,2026-10-08,call,regular,2694,0.2344,21,168.0
2026-09-17,69250,2026-10-08,call,regular,15,0.235,21,148.0
2026-09-17,69375,2026-10-08,call,regular,649000,0.2358,21,140.0
2026-09-17,69500,2026-10-08,call,regular,401,0.2368,21,133.0
2026-09-17,69625,2026-10-08,call,regular,95,0.2359,21,122.0
2026-09-17,69750,2026-10-08,call,regular,84,0.2365,21,115.0
2026-09-17,69875,2026-10-08,call,regular,107,0.2365,21,107.0
2026-09-17,70000,2026-10-08,call,regular,2204,0.2382,21,103.0
2026-09-17,70250,2026-10-08,call,regular,17,0.2392,21,91.0
2026-09-17,70375,2026-10-08,call,regular,126,0.2394,21,85.0
2026-09-17,70500,2026-10-08,call,regular,323,0.24,21,80.0
2026-09-17,70625,2026-10-08,call,regular,20,0.2398,21,74.0
2026-09-17,70750,2026-10-08,call,regular,6,0.2407,21,70.0
2026-09-17,70875,2026-10-08,call,regular,1,0.2414,21,66.0
2026-09-17,71000,2026-10-08,call,regular,1282,0.2419,21,62.0
2026-09-17,71125,2026-10-08,call,regular,1,0.2423,21,58.0
2026-09-17,71250,2026-10-08,call,regular,132,0.2424,21,54.0
2026-09-17,71375,2026-10-08,call,regular,35000,0.2432,21,51.0
2026-09-17,71500,2026-10-08,call,regular,308,0.243,21,47.0
2026-09-17,71625,2026-10-08,call,regular,5,0.2452,21,46.0
2026-09-17,71750,2026-10-08,call,regular,5,0.2446,21,42.0
2026-09-17,71875,2026-10-08,call,regular,1,0.2458,21,40.0
2026-09-17,72000,2026-10-08,call,regular,2619,0.2447,21,36.0
2026-09-17,72125,2026-10-08,call,regular,1,0.2466,21,35.0
2026-09-17,72250,2026-10-08,call,regular,87,0.2449,21,31.0
2026-09-17,72500,2026-10-08,call,regular,422,0.247,21,28.0
2026-09-17,72750,2026-10-08,call,regular,18,0.2487,21,25.0
2026-09-17,73000,2026-10-08,call,regular,1606,0.2498,21,22.0
2026-09-17,73250,2026-10-08,call,regular,10,0.252,21,20.0
2026-09-17,73500,2026-10-08,call,regular,39,0.2499,21,16.0
2026-09-17,73750,2026-10-08,call,regular,3,0.2552,21,16.0
2026-09-17,74000,2026-10-08,call,regular,1216,0.2561,21,14.0
2026-09-17,74250,2026-10-08,call,regular,27,0.2537,21,11.0
2026-09-17,74500,2026-10-08,call,regular,94,0.2587,21,11.0
2026-09-17,74750,2026-10-08,call,regular,3,0.2608,21,10.0
2026-09-17,75000,2026-10-08,call,regular,2319,0.259,21,8.0
2026-09-17,75250,2026-10-08,call,regular,2,0.2638,21,8.0
2026-09-17,75500,2026-10-08,call,regular,59,0.2686,21,8.0
2026-09-17,75750,2026-10-08,call,regular,23,0.2694,21,7.0
2026-09-17,76000,2026-10-08,call,regular,878,0.2645,21,5.0
2026-09-17,76250,2026-10-08,call,regular,51,0.269,21,5.0
2026-09-17,76500,2026-10-08,call,regular,66,0.2736,21,5.0
2026-09-17,77000,2026-10-08,call,regular,1438,0.2763,21,4.0
2026-09-17,77500,2026-10-08,call,regular,108,0.2773,21,3.0
2026-09-17,78000,2026-10-08,call,regular,749,0.2857,21,3.0
2026-09-17,78500,2026-10-08,call,regular,44,0.2835,21,2.0
2026-09-17,79000,2026-10-08,call,regular,133,0.2916,21,2.0
2026-09-17,79500,2026-10-08,call,regular,41,0.2995,21,2.0
2026-09-17,80000,2026-10-08,call,regular,1967,0.3074,21,2.0
2026-09-17,80500,2026-10-08,call,regular,39,0.3152,21,2.0
2026-09-17,81000,2026-10-08,call,regular,593,0.3052,21,1.0
2026-09-17,81500,2026-10-08,call,regular,18,0.3125,21,1.0
2026-09-17,82000,2026-10-08,call,regular,285,0.3198,21,1.0
2026-09-17,82500,2026-10-08,call,regular,19,0.327,21,1.0
2026-09-17,83000,2026-10-08,call,regular,74,0.3341,21,1.0
2026-09-17,83500,2026-10-08,call,regular,12,0.3412,21,1.0
2026-09-17,84000,2026-10-08,call,regular,25,0.3483,21,1.0
2026-09-17,84500,2026-10-08,call,regular,2,0.3553,21,1.0
2026-09-17,85000,2026-10-08,call,regular,178,0.3622,21,1.0
2026-09-17,87500,2026-10-08,call,regular,109,0.3961,21,1.0
2026-09-17,90000,2026-10-08,call,regular,199,0.4287,21,1.0
2026-09-17,92500,2026-10-08,call,regular,15,0.4602,21,1.0
2026-09-17,95000,2026-10-08,call,regular,59,0.4907,21,1.0
2026-09-17,97500,2026-10-08,call,regular,14,0.5203,21,1.0
2026-09-17,100000,2026-10-08,call,regular,297,0.5489,21,1.0
2026-09-17,44500,2026-11-12,call,regular,2,0.2,56,19320.0
2026-09-17,50250,2026-11-12,call,regular,35,0.2,56,13715.0
2026-09-17,56000,2026-11-12,call,regular,34,0.255,56,8360.0
2026-09-17,57500,2026-11-12,call,regular,100,0.2612,56,7075.0
2026-09-17,58000,2026-11-12,call,regular,1,0.2607,56,6655.0
2026-09-17,60000,2026-11-12,call,regular,100,0.2598,56,5095.0
2026-09-17,60500,2026-11-12,call,regular,100,0.2588,56,4730.0
2026-09-17,61000,2026-11-12,call,regular,200,0.2579,56,4380.0
2026-09-17,62500,2026-11-12,call,regular,40,0.2557,56,3420.0
2026-09-17,63250,2026-11-12,call,regular,15,0.254,56,2985.0
2026-09-17,63500,2026-11-12,call,regular,17,0.2532,56,2845.0
2026-09-17,63750,2026-11-12,call,regular,2475000,0.251,56,2695.0
2026-09-17,64000,2026-11-12,call,regular,127,0.2503,56,2565.0
2026-09-17,64125,2026-11-12,call,regular,2290000,0.2504,56,2505.0
2026-09-17,64375,2026-11-12,call,regular,2,0.2497,56,2380.0
2026-09-17,64500,2026-11-12,call,regular,201,0.2495,56,2320.0
2026-09-17,65000,2026-11-12,call,regular,424,0.249,56,2095.0
2026-09-17,65250,2026-11-12,call,regular,1840000,0.2479,56,1980.0
2026-09-17,65375,2026-11-12,call,regular,11,0.248,56,1930.0
2026-09-17,65500,2026-11-12,call,regular,171,0.248,56,1880.0
2026-09-17,65750,2026-11-12,call,regular,1,0.2466,56,1770.0
2026-09-17,65875,2026-11-12,call,regular,50,0.2468,56,1725.0
2026-09-17,66000,2026-11-12,call,regular,509,0.2459,56,1670.0
2026-09-17,66125,2026-11-12,call,regular,3,0.2454,56,1620.0
2026-09-17,66500,2026-11-12,call,regular,2,0.2453,56,1490.0
2026-09-17,66750,2026-11-12,call,regular,6,0.2455,56,1410.0
2026-09-17,67000,2026-11-12,call,regular,1235,0.2448,56,1325.0
2026-09-17,67500,2026-11-12,call,regular,927,0.245,56,1180.0
2026-09-17,67750,2026-11-12,call,regular,28,0.2442,56,1105.0
2026-09-17,67875,2026-11-12,call,regular,2,0.2434,56,1065.0
2026-09-17,68000,2026-11-12,call,regular,449,0.2448,56,1045.0
2026-09-17,68375,2026-11-12,call,regular,16,0.245,56,955.0
2026-09-17,68500,2026-11-12,call,regular,1,0.2443,56,920.0
2026-09-17,69000,2026-11-12,call,regular,3315,0.2436,56,805.0
2026-09-17,69500,2026-11-12,call,regular,11,0.2433,56,705.0
2026-09-17,69750,2026-11-12,call,regular,1,0.2434,56,660.0
2026-09-17,69875,2026-11-12,call,regular,16,0.2443,56,645.0
2026-09-17,70000,2026-11-12,call,regular,1460,0.2438,56,620.0
2026-09-17,70250,2026-11-12,call,regular,4,0.2431,56,575.0
2026-09-17,70500,2026-11-12,call,regular,30,0.2428,56,535.0
2026-09-17,70750,2026-11-12,call,regular,4,0.2438,56,505.0
2026-09-17,71000,2026-11-12,call,regular,625,0.2428,56,465.0
2026-09-17,71125,2026-11-12,call,regular,2,0.2438,56,455.0
2026-09-17,71500,2026-11-12,call,regular,355,0.2431,56,405.0
2026-09-17,71625,2026-11-12,call,regular,8,0.2449,56,400.0
2026-09-17,71750,2026-11-12,call,regular,1020000,0.2438,56,380.0
2026-09-17,72000,2026-11-12,call,regular,487,0.2441,56,355.0
2026-09-17,72250,2026-11-12,call,regular,2,0.2431,56,325.0
2026-09-17,72500,2026-11-12,call,regular,603,0.2438,56,305.0
2026-09-17,73000,2026-11-12,call,regular,109,0.2435,56,261.0
2026-09-17,73250,2026-11-12,call,regular,416000,0.2433,56,241.0
2026-09-17,73500,2026-11-12,call,regular,4,0.2438,56,225.0
2026-09-17,73750,2026-11-12,call,regular,2,0.2441,56,209.0
2026-09-17,74000,2026-11-12,call,regular,110,0.2434,56,191.0
2026-09-17,74500,2026-11-12,call,regular,117,0.2448,56,167.0
2026-09-17,75000,2026-11-12,call,regular,372,0.2461,56,146.0
2026-09-17,75250,2026-11-12,call,regular,1,0.2459,56,134.0
2026-09-17,75500,2026-11-12,call,regular,77,0.2465,56,125.0
2026-09-17,75750,2026-11-12,call,regular,1,0.2464,56,115.0
2026-09-17,76000,2026-11-12,call,regular,26,0.2469,56,107.0
2026-09-17,76500,2026-11-12,call,regular,280,0.2476,56,92.0
2026-09-17,77000,2026-11-12,call,regular,124,0.2483,56,79.0
2026-09-17,78000,2026-11-12,call,regular,124,0.2503,56,59.0
2026-09-17,79000,2026-11-12,call,regular,15,0.2531,56,45.0
2026-09-17,79500,2026-11-12,call,regular,3,0.2543,56,39.0
2026-09-17,80000,2026-11-12,call,regular,115,0.2556,56,34.0
2026-09-17,82500,2026-11-12,call,regular,63,0.26,56,16.0
2026-09-17,85000,2026-11-12,call,regular,21,0.2692,56,9.0
2026-09-17,87500,2026-11-12,call,regular,34,0.2773,56,5.0
2026-09-17,90000,2026-11-12,call,regular,193,0.2864,56,3.0
2026-09-17,92500,2026-11-12,call,regular,1,0.3071,56,3.0
2026-09-17,95000,2026-11-12,call,regular,8,0.3166,56,2.0
2026-09-17,100000,2026-11-12,call,regular,93,0.3361,56,1.0
2026-09-17,12500,2026-12-10,call,regular,84,0.2,84,51145.0
2026-09-17,20000,2026-12-10,call,regular,150,0.2,84,43675.0
2026-09-17,22000,2026-12-10,call,regular,100,0.2,84,41685.0
2026-09-17,25000,2026-12-10,call,regular,300,0.2,84,38700.0
2026-09-17,26000,2026-12-10,call,regular,350,0.2,84,37710.0
2026-09-17,27000,2026-12-10,call,regular,250,0.2,84,36715.0
2026-09-17,28000,2026-12-10,call,regular,75,0.2,84,35720.0
2026-09-17,28500,2026-12-10,call,regular,125,0.2,84,35225.0
2026-09-17,29000,2026-12-10,call,regular,150,0.2,84,34730.0
2026-09-17,30000,2026-12-10,call,regular,2553,0.2,84,33735.0
2026-09-17,30500,2026-12-10,call,regular,50,0.2,84,33240.0
2026-09-17,31000,2026-12-10,call,regular,241,0.2,84,32745.0
2026-09-17,31500,2026-12-10,call,regular,50,0.2,84,32245.0
2026-09-17,32000,2026-12-10,call,regular,700,0.2,84,31750.0
2026-09-17,32500,2026-12-10,call,regular,250,0.2,84,31255.0
2026-09-17,33000,2026-12-10,call,regular,1950,0.2,84,30760.0
2026-09-17,34000,2026-12-10,call,regular,280,0.2,84,29770.0
2026-09-17,34500,2026-12-10,call,regular,400,0.2,84,29275.0
2026-09-17,35000,2026-12-10,call,regular,435,0.2,84,28795.0
2026-09-17,36000,2026-12-10,call,regular,975,0.2,84,27805.0
2026-09-17,36500,2026-12-10,call,regular,252,0.2,84,27310.0
2026-09-17,37000,2026-12-10,call,regular,450,0.2,84,26815.0
2026-09-17,37500,2026-12-10,call,regular,88,0.2,84,26320.0
2026-09-17,37750,2026-12-10,call,regular,100,0.2,84,26075.0
2026-09-17,38000,2026-12-10,call,regular,1225,0.2,84,25830.0
2026-09-17,38500,2026-12-10,call,regular,700,0.2,84,25335.0
2026-09-17,38750,2026-12-10,call,regular,50,0.2,84,25090.0
2026-09-17,39000,2026-12-10,call,regular,750,0.2,84,24840.0
2026-09-17,39500,2026-12-10,call,regular,500,0.2,84,24350.0
2026-09-17,40000,2026-12-10,call,regular,1200,0.2,84,23865.0
2026-09-17,40500,2026-12-10,call,regular,400,0.2,84,23370.0
2026-09-17,41000,2026-12-10,call,regular,1300,0.2,84,22880.0
2026-09-17,41500,2026-12-10,call,regular,100,0.2,84,22390.0
2026-09-17,42000,2026-12-10,call,regular,1071,0.2,84,21895.0
2026-09-17,42500,2026-12-10,call,regular,250,0.2,84,21405.0
2026-09-17,43000,2026-12-10,call,regular,1400,0.2,84,20915.0
2026-09-17,43250,2026-12-10,call,regular,4,0.2,84,20670.0
2026-09-17,43750,2026-12-10,call,regular,131,0.2,84,20180.0
2026-09-17,44000,2026-12-10,call,regular,600,0.2,84,19935.0
2026-09-17,45000,2026-12-10,call,regular,1842,0.2,84,18960.0
2026-09-17,45250,2026-12-10,call,regular,413,0.2,84,18715.0
2026-09-17,45500,2026-12-10,call,regular,200,0.2,84,18485.0
2026-09-17,46000,2026-12-10,call,regular,2300,0.2,84,17995.0
2026-09-17,46250,2026-12-10,call,regular,315,0.2,84,17755.0
2026-09-17,47000,2026-12-10,call,regular,350,0.2,84,17030.0
2026-09-17,47500,2026-12-10,call,regular,200,0.2,84,16545.0
2026-09-17,48000,2026-12-10,call,regular,750,0.2,84,16065.0
2026-09-17,49000,2026-12-10,call,regular,1000,0.2,84,15110.0
2026-09-17,49500,2026-12-10,call,regular,260,0.2086,84,14630.0
2026-09-17,50000,2026-12-10,call,regular,5692,0.2328,84,14150.0
2026-09-17,50250,2026-12-10,call,regular,58,0.254,84,13930.0
2026-09-17,50500,2026-12-10,call,regular,600,0.2589,84,13695.0
2026-09-17,50750,2026-12-10,call,regular,45,0.2624,84,13460.0
2026-09-17,51000,2026-12-10,call,regular,731,0.2627,84,13220.0
2026-09-17,52000,2026-12-10,call,regular,802,0.2689,84,12285.0
2026-09-17,52250,2026-12-10,call,regular,250,0.2735,84,12065.0
2026-09-17,52500,2026-12-10,call,regular,50,0.2742,84,11835.0
2026-09-17,53000,2026-12-10,call,regular,1135,0.2757,84,11380.0
2026-09-17,53500,2026-12-10,call,regular,106,0.2756,84,10925.0
2026-09-17,54000,2026-12-10,call,regular,1941,0.2743,84,10470.0
2026-09-17,54500,2026-12-10,call,regular,540,0.2729,84,10020.0
2026-09-17,55000,2026-12-10,call,regular,1829,0.2758,84,9600.0
2026-09-17,55500,2026-12-10,call,regular,300,0.2738,84,9160.0
2026-09-17,56000,2026-12-10,call,regular,791,0.2724,84,8730.0
2026-09-17,56500,2026-12-10,call,regular,283,0.27,84,8300.0
2026-09-17,57000,2026-12-10,call,regular,500,0.2687,84,7885.0
2026-09-17,57250,2026-12-10,call,regular,113,0.2692,84,7690.0
2026-09-17,57500,2026-12-10,call,regular,80,0.2707,84,7505.0
2026-09-17,58000,2026-12-10,call,regular,2603,0.269,84,7105.0
2026-09-17,58500,2026-12-10,call,regular,350,0.2652,84,6695.0
2026-09-17,59000,2026-12-10,call,regular,1900,0.2654,84,6330.0
2026-09-17,59500,2026-12-10,call,regular,100,0.2634,84,5955.0
2026-09-17,60000,2026-12-10,call,regular,7478,0.2624,84,5600.0
2026-09-17,60500,2026-12-10,call,regular,102,0.26,84,5240.0
2026-09-17,61000,2026-12-10,call,regular,813,0.2602,84,4920.0
2026-09-17,61500,2026-12-10,call,regular,1,0.2593,84,4600.0
2026-09-17,62000,2026-12-10,call,regular,1850,0.2565,84,4270.0
2026-09-17,62500,2026-12-10,call,regular,812,0.2561,84,3980.0
2026-09-17,63000,2026-12-10,call,regular,1417,0.2551,84,3695.0
2026-09-17,63500,2026-12-10,call,regular,300,0.2543,84,3425.0
2026-09-17,63750,2026-12-10,call,regular,32,0.2531,84,3285.0
2026-09-17,64000,2026-12-10,call,regular,2241,0.2512,84,3140.0
2026-09-17,64500,2026-12-10,call,regular,146,0.2504,84,2895.0
2026-09-17,65000,2026-12-10,call,regular,3593,0.2493,84,2660.0
2026-09-17,65500,2026-12-10,call,regular,734,0.2484,84,2440.0
2026-09-17,65750,2026-12-10,call,regular,15,0.2484,84,2340.0
2026-09-17,66000,2026-12-10,call,regular,1042,0.2477,84,2235.0
2026-09-17,66250,2026-12-10,call,regular,15,0.2476,84,2140.0
2026-09-17,66500,2026-12-10,call,regular,2783,0.2473,84,2045.0
2026-09-17,67000,2026-12-10,call,regular,1487,0.2467,84,1865.0
2026-09-17,67250,2026-12-10,call,regular,25,0.2464,84,1780.0
2026-09-17,67500,2026-12-10,call,regular,25,0.2459,84,1695.0
2026-09-17,68000,2026-12-10,call,regular,3848,0.2459,84,1545.0
2026-09-17,68500,2026-12-10,call,regular,437,0.2453,84,1400.0
2026-09-17,69000,2026-12-10,call,regular,1630,0.2452,84,1270.0
2026-09-17,69250,2026-12-10,call,regular,50,0.2443,84,1200.0
2026-09-17,69750,2026-12-10,call,regular,158,0.2442,84,1085.0
2026-09-17,70000,2026-12-10,call,regular,5400,0.2451,84,1040.0
2026-09-17,71000,2026-12-10,call,regular,1314,0.2433,84,830.0
2026-09-17,71500,2026-12-10,call,regular,1,0.2426,84,740.0
2026-09-17,71750,2026-12-10,call,regular,24,0.2431,84,705.0
2026-09-17,72000,2026-12-10,call,regular,3210,0.2402,84,645.0
2026-09-17,72250,2026-12-10,call,regular,2,0.2428,84,630.0
2026-09-17,72500,2026-12-10,call,regular,2412,0.242,84,590.0
2026-09-17,73000,2026-12-10,call,regular,800,0.241,84,520.0
2026-09-17,73500,2026-12-10,call,regular,400,0.2421,84,470.0
2026-09-17,74000,2026-12-10,call,regular,1550,0.2415,84,415.0
2026-09-17,74500,2026-12-10,call,regular,1,0.2427,84,375.0
2026-09-17,75000,2026-12-10,call,regular,3624,0.2421,84,330.0
2026-09-17,75500,2026-12-10,call,regular,1,0.2423,84,293.0
2026-09-17,76000,2026-12-10,call,regular,458,0.2423,84,259.0
2026-09-17,76250,2026-12-10,call,regular,12,0.2424,84,244.0
2026-09-17,77000,2026-12-10,call,regular,460,0.2424,84,202.0
2026-09-17,77500,2026-12-10,call,regular,1055,0.2425,84,178.0
2026-09-17,78000,2026-12-10,call,regular,382,0.243,84,158.0
2026-09-17,79000,2026-12-10,call,regular,206,0.2432,84,122.0
2026-09-17,80000,2026-12-10,call,regular,7260,0.2461,84,100.0
2026-09-17,81000,2026-12-10,call,regular,2,0.247,84,78.0
2026-09-17,82000,2026-12-10,call,regular,1,0.2467,84,59.0
2026-09-17,82500,2026-12-10,call,regular,1126,0.2518,84,59.0
2026-09-17,83000,2026-12-10,call,regular,120,0.2493,84,48.0
2026-09-17,84000,2026-12-10,call,regular,523,0.2508,84,38.0
2026-09-17,85000,2026-12-10,call,regular,1003,0.2543,84,32.0
2026-09-17,87500,2026-12-10,call,regular,2457,0.2581,84,18.0
2026-09-17,90000,2026-12-10,call,regular,1790,0.2664,84,12.0
2026-09-17,95000,2026-12-10,call,regular,1078,0.2791,84,5.0
2026-09-17,100000,2026-12-10,call,regular,505,0.2983,84,3.0
2026-09-17,54250,2027-01-07,call,regular,27,0.2807,112,10535.0
2026-09-17,61000,2027-01-07,call,regular,26,0.2566,112,5325.0
2026-09-17,63750,2027-01-07,call,regular,50,0.2506,112,3730.0
2026-09-17,64000,2027-01-07,call,regular,100,0.25,112,3600.0
2026-09-17,65000,2027-01-07,call,regular,14,0.2479,112,3115.0
2026-09-17,66000,2027-01-07,call,regular,60,0.2462,112,2680.0
2026-09-17,67500,2027-01-07,call,regular,5,0.2443,112,2115.0
2026-09-17,67750,2027-01-07,call,regular,3,0.2443,112,2035.0
2026-09-17,68000,2027-01-07,call,regular,1,0.2438,112,1950.0
2026-09-17,68500,2027-01-07,call,regular,5,0.2434,112,1795.0
2026-09-17,69000,2027-01-07,call,regular,943,0.2433,112,1655.0
2026-09-17,69500,2027-01-07,call,regular,2,0.2406,112,1490.0
2026-09-17,70000,2027-01-07,call,regular,2,0.2399,112,1360.0
2026-09-17,70250,2027-01-07,call,regular,1,0.2396,112,1300.0
2026-09-17,70500,2027-01-07,call,regular,2,0.2397,112,1245.0
2026-09-17,71000,2027-01-07,call,regular,1,0.2392,112,1135.0
2026-09-17,71500,2027-01-07,call,regular,50,0.2385,112,1030.0
2026-09-17,72000,2027-01-07,call,regular,12,0.2385,112,940.0
2026-09-17,73000,2027-01-07,call,regular,1,0.2401,112,795.0
2026-09-17,74000,2027-01-07,call,regular,1,0.2398,112,655.0
2026-09-17,75000,2027-01-07,call,regular,1,0.2393,112,535.0
2026-09-17,80000,2027-01-07,call,regular,1,0.2425,112,200.0
2026-09-17,100000,2027-01-07,call,regular,5,0.2741,112,6.0
2026-09-17,56000,2027-02-10,call,regular,8,0.2806,146,9490.0
2026-09-17,56750,2027-02-10,call,regular,60,0.278,146,8905.0
2026-09-17,64000,2027-02-10,call,regular,110,0.2526,146,4145.0
2026-09-17,66000,2027-02-10,call,regular,8,0.2488,146,3215.0
2026-09-17,66250,2027-02-10,call,regular,50,0.2484,146,3110.0
2026-09-17,67250,2027-02-10,call,regular,12,0.2474,146,2725.0
2026-09-17,69000,2027-02-10,call,regular,3,0.2443,146,2115.0
2026-09-17,72500,2027-02-10,call,regular,75,0.2444,146,1280.0
2026-09-17,75000,2027-02-10,call,regular,100,0.2444,146,870.0
2026-09-17,52000,2027-03-11,call,regular,560,0.2864,175,12985.0
2026-09-17,52750,2027-03-11,call,regular,8,0.284,175,12345.0
2026-09-17,53000,2027-03-11,call,regular,275,0.2807,175,12110.0
2026-09-17,53500,2027-03-11,call,regular,202,0.279,175,11690.0
2026-09-17,53750,2027-03-11,call,regular,44,0.2785,175,11485.0
2026-09-17,54000,2027-03-11,call,regular,267,0.2778,175,11280.0
2026-09-17,55000,2027-03-11,call,regular,550,0.2747,175,10470.0
2026-09-17,56000,2027-03-11,call,regular,50,0.2717,175,9685.0
2026-09-17,56500,2027-03-11,call,regular,1,0.27,175,9300.0
2026-09-17,57000,2027-03-11,call,regular,365,0.2683,175,8920.0
2026-09-17,58000,2027-03-11,call,regular,150,0.2655,175,8190.0
2026-09-17,59500,2027-03-11,call,regular,200,0.2626,175,7170.0
2026-09-17,59750,2027-03-11,call,regular,2,0.262,175,7005.0
2026-09-17,60000,2027-03-11,call,regular,12,0.2612,175,6840.0
2026-09-17,60250,2027-03-11,call,regular,44,0.2607,175,6680.0
2026-09-17,61000,2027-03-11,call,regular,160,0.2586,175,6205.0
2026-09-17,61750,2027-03-11,call,regular,1,0.2569,175,5755.0
2026-09-17,62000,2027-03-11,call,regular,200,0.2564,175,5610.0
2026-09-17,62500,2027-03-11,call,regular,508,0.255,175,5320.0
2026-09-17,63000,2027-03-11,call,regular,1052,0.254,175,5045.0
2026-09-17,64000,2027-03-11,call,regular,150,0.2518,175,4520.0
2026-09-17,64250,2027-03-11,call,regular,100,0.2513,175,4395.0
2026-09-17,65000,2027-03-11,call,regular,1401,0.2494,175,4025.0
2026-09-17,66000,2027-03-11,call,regular,1372,0.2482,175,3585.0
2026-09-17,66250,2027-03-11,call,regular,15,0.2475,175,3475.0
2026-09-17,66500,2027-03-11,call,regular,22,0.2474,175,3375.0
2026-09-17,67000,2027-03-11,call,regular,501,0.2463,175,3170.0
2026-09-17,68000,2027-03-11,call,regular,650,0.2455,175,2805.0
2026-09-17,69000,2027-03-11,call,regular,350,0.2442,175,2465.0
2026-09-17,69250,2027-03-11,call,regular,10,0.2436,175,2380.0
2026-09-17,70000,2027-03-11,call,regular,896,0.2413,175,2130.0
2026-09-17,70500,2027-03-11,call,regular,150,0.2408,175,1990.0
2026-09-17,71000,2027-03-11,call,regular,100,0.2405,175,1860.0
2026-09-17,72000,2027-03-11,call,regular,665,0.2399,175,1620.0
2026-09-17,72500,2027-03-11,call,regular,85,0.2396,175,1510.0
2026-09-17,73000,2027-03-11,call,regular,400,0.2396,175,1410.0
2026-09-17,73500,2027-03-11,call,regular,1,0.2392,175,1310.0
2026-09-17,74000,2027-03-11,call,regular,3,0.2394,175,1225.0
2026-09-17,75000,2027-03-11,call,regular,1593,0.2408,175,1080.0
2026-09-17,76000,2027-03-11,call,regular,950,0.2408,175,935.0
2026-09-17,77500,2027-03-11,call,regular,400,0.2407,175,750.0
2026-09-17,80000,2027-03-11,call,regular,390,0.2409,175,515.0
2026-09-17,82500,2027-03-11,call,regular,773,0.2421,175,355.0
2026-09-17,85000,2027-03-11,call,regular,225,0.2468,175,261.0
2026-09-17,90000,2027-03-11,call,regular,350,0.2484,175,120.0
2026-09-17,95000,2027-03-11,call,regular,500,0.259,175,70.0
2026-09-17,100000,2027-03-11,call,regular,80,0.2655,175,38.0
2026-09-17,57000,2027-04-08,call,regular,25,0.2499,203,8935.0
2026-09-17,57750,2027-04-08,call,regular,88,0.2489,203,8400.0
2026-09-17,65000,2027-04-08,call,regular,88,0.238,203,4150.0
2026-09-17,67000,2027-04-08,call,regular,25,0.2361,203,3310.0
2026-09-17,60250,2027-05-13,call,regular,8,0.246,238,7110.0
2026-09-17,61250,2027-05-13,call,regular,23,0.2444,238,6510.0
2026-09-17,71000,2027-05-13,call,regular,23,0.2367,238,2425.0
2026-09-17,72000,2027-05-13,call,regular,8,0.2367,238,2170.0
2026-09-17,16250,2027-06-10,call,regular,114,0.2,266,47130.0
2026-09-17,30000,2027-06-10,call,regular,300,0.2,266,33665.0
2026-09-17,33000,2027-06-10,call,regular,50,0.2,266,30755.0
2026-09-17,36000,2027-06-10,call,regular,150,0.2,266,27865.0
2026-09-17,37000,2027-06-10,call,regular,50,0.2,266,26910.0
2026-09-17,37250,2027-06-10,call,regular,480,0.2,266,26670.0
2026-09-17,38500,2027-06-10,call,regular,140,0.2,266,25480.0
2026-09-17,39000,2027-06-10,call,regular,50,0.2,266,25005.0
2026-09-17,44500,2027-06-10,call,regular,300,0.2596,266,19885.0
2026-09-17,50000,2027-06-10,call,regular,300,0.2666,266,15035.0
2026-09-17,50500,2027-06-10,call,regular,175,0.2662,266,14615.0
2026-09-17,53000,2027-06-10,call,regular,100,0.2627,266,12575.0
2026-09-17,54000,2027-06-10,call,regular,1050,0.2611,266,11795.0
2026-09-17,55000,2027-06-10,call,regular,300,0.2593,266,11035.0
2026-09-17,56000,2027-06-10,call,regular,175,0.2576,266,10300.0
2026-09-17,57000,2027-06-10,call,regular,50,0.2559,266,9590.0
2026-09-17,58500,2027-06-10,call,regular,58,0.2534,266,8575.0
2026-09-17,60000,2027-06-10,call,regular,750,0.2508,266,7620.0
2026-09-17,62500,2027-06-10,call,regular,150,0.2467,266,6175.0
2026-09-17,63000,2027-06-10,call,regular,100,0.246,266,5910.0
2026-09-17,64000,2027-06-10,call,regular,470,0.2445,266,5400.0
2026-09-17,65000,2027-06-10,call,regular,552,0.2432,266,4925.0
2026-09-17,65500,2027-06-10,call,regular,62,0.2425,266,4695.0
2026-09-17,66000,2027-06-10,call,regular,306,0.2418,266,4475.0
2026-09-17,66500,2027-06-10,call,regular,125,0.2413,266,4265.0
2026-09-17,67000,2027-06-10,call,regular,770,0.2407,266,4060.0
2026-09-17,67500,2027-06-10,call,regular,400,0.24,266,3860.0
2026-09-17,68000,2027-06-10,call,regular,438,0.2394,266,3670.0
2026-09-17,68250,2027-06-10,call,regular,15,0.2393,266,3580.0
2026-09-17,68500,2027-06-10,call,regular,206,0.239,266,3490.0
2026-09-17,69000,2027-06-10,call,regular,1,0.2385,266,3315.0
2026-09-17,69250,2027-06-10,call,regular,36,0.2383,266,3230.0
2026-09-17,69500,2027-06-10,call,regular,62,0.238,266,3145.0
2026-09-17,70000,2027-06-10,call,regular,450,0.2376,266,2985.0
2026-09-17,71000,2027-06-10,call,regular,100,0.2366,266,2680.0
2026-09-17,72000,2027-06-10,call,regular,620,0.2359,266,2405.0
2026-09-17,74000,2027-06-10,call,regular,850,0.2345,266,1920.0
2026-09-17,75000,2027-06-10,call,regular,972,0.2338,266,1710.0
2026-09-17,77500,2027-06-10,call,regular,671,0.2327,266,1275.0
2026-09-17,80000,2027-06-10,call,regular,915,0.2322,266,945.0
2026-09-17,85000,2027-06-10,call,regular,2684,0.2325,266,515.0
2026-09-17,90000,2027-06-10,call,regular,400,0.2354,266,289.0
2026-09-17,95000,2027-06-10,call,regular,1,0.2431,266,182.0
2026-09-17,65750,2027-07-08,call,regular,20,0.2405,294,4820.0
2026-09-17,66750,2027-07-08,call,regular,32,0.2398,294,4405.0
2026-09-17,75000,2027-07-08,call,regular,32,0.2353,294,1950.0
2026-09-17,77000,2027-07-08,call,regular,20,0.235,294,1580.0
2026-09-17,68000,2027-08-12,call,regular,22,0.241,329,4290.0
2026-09-17,69000,2027-08-12,call,regular,53,0.2407,329,3940.0
2026-09-17,78000,2027-08-12,call,regular,75,0.2352,329,1655.0
2026-09-17,62500,2027-09-09,call,regular,34,0.2481,357,7050.0
2026-09-17,63250,2027-09-09,call,regular,32,0.2468,357,6655.0
2026-09-17,65000,2027-09-09,call,regular,1,0.2441,357,5795.0
2026-09-17,67000,2027-09-09,call,regular,80,0.2414,357,4915.0
2026-09-17,70000,2027-09-09,call,regular,250,0.2382,357,3795.0
2026-09-17,71250,2027-09-09,call,regular,31,0.2374,357,3400.0
2026-09-17,72250,2027-09-09,call,regular,34,0.2368,357,3110.0
2026-09-17,77500,2027-09-09,call,regular,217,0.2355,357,1930.0
2026-09-17,28000,2027-12-09,call,regular,50,0.2,448,35625.0
2026-09-17,30000,2027-12-09,call,regular,225,0.2,448,33720.0
2026-09-17,31500,2027-12-09,call,regular,50,0.2,448,32300.0
2026-09-17,32000,2027-12-09,call,regular,100,0.2,448,31830.0
2026-09-17,33000,2027-12-09,call,regular,100,0.2,448,30890.0
2026-09-17,34000,2027-12-09,call,regular,375,0.2,448,29955.0
2026-09-17,35000,2027-12-09,call,regular,201,0.2,448,29020.0
2026-09-17,36000,2027-12-09,call,regular,80,0.2,448,28095.0
2026-09-17,36750,2027-12-09,call,regular,442,0.2,448,27400.0
2026-09-17,37000,2027-12-09,call,regular,200,0.1907,448,27170.0
2026-09-17,38000,2027-12-09,call,regular,575,0.2328,448,26255.0
2026-09-17,39000,2027-12-09,call,regular,125,0.2478,448,25345.0
2026-09-17,39250,2027-12-09,call,regular,50,0.2495,448,25115.0
2026-09-17,39500,2027-12-09,call,regular,50,0.252,448,24890.0
2026-09-17,40000,2027-12-09,call,regular,350,0.2558,448,24440.0
2026-09-17,40500,2027-12-09,call,regular,450,0.2585,448,23990.0
2026-09-17,41000,2027-12-09,call,regular,375,0.2611,448,23545.0
2026-09-17,42000,2027-12-09,call,regular,200,0.264,448,22655.0
2026-09-17,43000,2027-12-09,call,regular,400,0.2663,448,21780.0
2026-09-17,43500,2027-12-09,call,regular,150,0.2664,448,21340.0
2026-09-17,45000,2027-12-09,call,regular,1950,0.2672,448,20050.0
2026-09-17,46000,2027-12-09,call,regular,500,0.2671,448,19205.0
2026-09-17,48000,2027-12-09,call,regular,225,0.2656,448,17550.0
2026-09-17,49000,2027-12-09,call,regular,700,0.2642,448,16740.0
2026-09-17,50000,2027-12-09,call,regular,1950,0.263,448,15950.0
2026-09-17,51000,2027-12-09,call,regular,300,0.2617,448,15175.0
2026-09-17,52500,2027-12-09,call,regular,100,0.2595,448,14045.0
2026-09-17,54000,2027-12-09,call,regular,300,0.2571,448,12955.0
2026-09-17,54500,2027-12-09,call,regular,100,0.2562,448,12600.0
2026-09-17,55000,2027-12-09,call,regular,704,0.2556,448,12255.0
2026-09-17,57000,2027-12-09,call,regular,250,0.2523,448,10910.0
2026-09-17,58000,2027-12-09,call,regular,500,0.2509,448,10275.0
2026-09-17,60000,2027-12-09,call,regular,1225,0.2478,448,9065.0
2026-09-17,61000,2027-12-09,call,regular,200,0.2465,448,8500.0
2026-09-17,62000,2027-12-09,call,regular,200,0.2451,448,7955.0
2026-09-17,62500,2027-12-09,call,regular,70,0.2444,448,7690.0
2026-09-17,63000,2027-12-09,call,regular,300,0.2439,448,7435.0
2026-09-17,63500,2027-12-09,call,regular,50,0.2431,448,7180.0
2026-09-17,64000,2027-12-09,call,regular,780,0.2425,448,6935.0
2026-09-17,65000,2027-12-09,call,regular,550,0.2414,448,6465.0
2026-09-17,66000,2027-12-09,call,regular,475,0.2402,448,6015.0
2026-09-17,67000,2027-12-09,call,regular,100,0.2391,448,5590.0
2026-09-17,68000,2027-12-09,call,regular,200,0.2382,448,5190.0
2026-09-17,69000,2027-12-09,call,regular,850,0.2372,448,4810.0
2026-09-17,70000,2027-12-09,call,regular,850,0.2362,448,4450.0
2026-09-17,70500,2027-12-09,call,regular,62,0.2358,448,4280.0
2026-09-17,72000,2027-12-09,call,regular,500,0.2347,448,3805.0
2026-09-17,72500,2027-12-09,call,regular,100,0.2343,448,3655.0
2026-09-17,73500,2027-12-09,call,regular,100,0.2336,448,3370.0
2026-09-17,75000,2027-12-09,call,regular,552,0.2326,448,2980.0
2026-09-17,77500,2027-12-09,call,regular,600,0.2314,448,2420.0
2026-09-17,80000,2027-12-09,call,regular,1000,0.2307,448,1960.0
2026-09-17,85000,2027-12-09,call,regular,100,0.2304,448,1285.0
2026-09-17,87500,2027-12-09,call,regular,100,0.2309,448,1045.0
2026-09-17,95000,2027-12-09,call,regular,1700,0.236,448,595.0
2026-09-17,100000,2027-12-09,call,regular,800,0.2436,448,450.0
2026-09-17,41500,2028-06-08,call,regular,100,0.2656,630,23580.0
2026-09-17,28000,2028-12-07,call,regular,50,0.2,812,35935.0
2026-09-17,30000,2028-12-07,call,regular,80,0.2,812,34130.0
2026-09-17,31000,2028-12-07,call,regular,200,0.215,812,33235.0
2026-09-17,32000,2028-12-07,call,regular,75,0.2407,812,32340.0
2026-09-17,33000,2028-12-07,call,regular,125,0.254,812,31455.0
2026-09-17,34500,2028-12-07,call,regular,330,0.2638,812,30130.0
2026-09-17,34750,2028-12-07,call,regular,100,0.2648,812,29910.0
2026-09-17,35500,2028-12-07,call,regular,443,0.2675,812,29255.0
2026-09-17,36000,2028-12-07,call,regular,450,0.2689,812,28820.0
2026-09-17,36500,2028-12-07,call,regular,52,0.2697,812,28385.0
2026-09-17,38000,2028-12-07,call,regular,120,0.2714,812,27095.0
2026-09-17,39000,2028-12-07,call,regular,575,0.2717,812,26245.0
2026-09-17,40000,2028-12-07,call,regular,30,0.2713,812,25400.0
2026-09-17,41000,2028-12-07,call,regular,375,0.2706,812,24565.0
2026-09-17,42000,2028-12-07,call,regular,65,0.2697,812,23740.0
2026-09-17,42500,2028-12-07,call,regular,100,0.2691,812,23330.0
2026-09-17,50000,2028-12-07,call,regular,400,0.2584,812,17570.0
2026-09-17,53000,2028-12-07,call,regular,50,0.2541,812,15500.0
2026-09-17,55000,2028-12-07,call,regular,50,0.2516,812,14210.0
2026-09-17,56000,2028-12-07,call,regular,650,0.2504,812,13590.0
2026-09-17,60000,2028-12-07,call,regular,250,0.2464,812,11315.0
2026-09-17,65000,2028-12-07,call,regular,250,0.2433,812,8915.0
2026-09-17,66500,2028-12-07,call,regular,130,0.2426,812,8285.0
2026-09-17,67500,2028-12-07,call,regular,100,0.2422,812,7890.0
2026-09-17,75000,2028-12-07,call,regular,80,0.2408,812,5430.0
2026-09-17,80000,2028-12-07,call,regular,200,0.2404,812,4210.0
2026-09-17,50000,2029-12-13,call,regular,100,0.2598,1183,19125.0
2026-09-17,60000,2029-12-13,call,regular,375,0.2485,1183,13250.0
2026-09-17,65000,2029-12-13,call,regular,50,0.2448,1183,10905.0
2026-09-17,57000,2030-12-12,call,regular,300,0.252,1547,16375.0
2026-09-17,64000,2030-12-12,call,regular,3,0.2469,1547,13015.0
2026-09-17,60500,2026-09-18,put,mini,895,0.5963,1,24.0
2026-09-17,60625,2026-09-18,put,mini,28,0.5947,1,28.0
2026-09-17,60750,2026-09-18,put,mini,65,0.584,1,30.0
2026-09-17,60875,2026-09-18,put,mini,14,0.576,1,33.0
2026-09-17,61000,2026-09-18,put,mini,892,0.567,1,36.0
2026-09-17,61125,2026-09-18,put,mini,11,0.5481,1,36.0
2026-09-17,61250,2026-09-18,put,mini,5629,0.5543,1,45.0
2026-09-17,61375,2026-09-18,put,mini,82,0.5268,1,42.0
2026-09-17,61500,2026-09-18,put,mini,1848,0.5364,1,54.0
2026-09-17,61625,2026-09-18,put,mini,15,0.5069,1,50.0
2026-09-17,61750,2026-09-18,put,mini,213,0.5061,1,59.0
2026-09-17,61875,2026-09-18,put,mini,10,0.497,1,65.0
2026-09-17,62000,2026-09-18,put,mini,1383,0.5092,1,84.0
2026-09-17,62125,2026-09-18,put,mini,51,0.4932,1,88.0
2026-09-17,62250,2026-09-18,put,mini,457,0.5044,1,111.0
2026-09-17,62375,2026-09-18,put,mini,49,0.479,1,110.0
2026-09-17,62500,2026-09-18,put,mini,628,0.4932,1,140.0
2026-09-17,62625,2026-09-18,put,mini,33,0.4724,1,144.0
2026-09-17,62750,2026-09-18,put,mini,238,0.4809,1,175.0
2026-09-17,62875,2026-09-18,put,mini,136,0.4661,1,187.0
2026-09-17,63000,2026-09-18,put,mini,888,0.4646,1,214.0
2026-09-17,63125,2026-09-18,put,mini,52,0.451,1,231.0
2026-09-17,63250,2026-09-18,put,mini,696,0.4561,1,271.0
2026-09-17,63375,2026-09-18,put,mini,56,0.4654,1,320.0
2026-09-17,63500,2026-09-18,put,mini,765,0.4555,1,350.0
2026-09-17,63625,2026-09-18,put,mini,1,0.4433,1,380.0
2026-09-17,63750,2026-09-18,put,mini,93,0.4595,1,450.0
2026-09-17,63875,2026-09-18,put,mini,16,0.4871,1,540.0
2026-09-17,64000,2026-09-18,put,mini,220,0.4399,1,535.0
2026-09-17,64125,2026-09-18,put,mini,1,0.4874,1,660.0
2026-09-17,64250,2026-09-18,put,mini,68,0.4833,1,720.0
2026-09-17,64375,2026-09-18,put,mini,1,0.4914,1,800.0
2026-09-17,64500,2026-09-18,put,mini,46,0.5006,1,885.0
2026-09-17,64625,2026-09-18,put,mini,2,0.4995,1,960.0
2026-09-17,64750,2026-09-18,put,mini,8,0.5116,1,1055.0
2026-09-17,64875,2026-09-18,put,mini,1,0.5052,1,1130.0
2026-09-17,65000,2026-09-18,put,mini,30,0.521,1,1235.0
2026-09-17,65250,2026-09-18,put,mini,11,0.4974,1,1390.0
2026-09-17,65375,2026-09-18,put,mini,1535,0.5445,1,1535.0
2026-09-17,65500,2026-09-18,put,mini,8,0.5581,1,1645.0
2026-09-17,65625,2026-09-18,put,mini,1755,0.5704,1,1755.0
2026-09-17,65750,2026-09-18,put,mini,4,0.5866,1,1870.0
2026-09-17,66000,2026-09-18,put,mini,10,0.6159,1,2100.0
2026-09-17,66125,2026-09-18,put,mini,4,0.6292,1,2215.0
2026-09-17,66250,2026-09-18,put,mini,8,0.6475,1,2335.0
2026-09-17,66375,2026-09-18,put,mini,8,0.6651,1,2455.0
2026-09-17,66500,2026-09-18,put,mini,8,0.6822,1,2575.0
2026-09-17,66625,2026-09-18,put,mini,10,0.6988,1,2695.0
2026-09-17,66750,2026-09-18,put,mini,2,0.7148,1,2815.0
2026-09-17,66875,2026-09-18,put,mini,2940,0.737,1,2940.0
2026-09-17,67000,2026-09-18,put,mini,1,0.759,1,3065.0
2026-09-17,67250,2026-09-18,put,mini,3310,0.7953,1,3310.0
2026-09-17,67375,2026-09-18,put,mini,3435,0.8165,1,3435.0
2026-09-17,67500,2026-09-18,put,mini,3555,0.8303,1,3555.0
2026-09-17,67625,2026-09-18,put,mini,3680,0.8511,1,3680.0
2026-09-17,67750,2026-09-18,put,mini,7,0.8718,1,3805.0
2026-09-17,67875,2026-09-18,put,mini,3930,0.8922,1,3930.0
2026-09-17,68000,2026-09-18,put,mini,2,0.9126,1,4055.0
2026-09-17,68125,2026-09-18,put,mini,4180,0.9327,1,4180.0
2026-09-17,68250,2026-09-18,put,mini,4305,0.9528,1,4305.0
2026-09-17,68500,2026-09-18,put,mini,2,0.9924,1,4555.0
2026-09-17,68750,2026-09-18,put,mini,2,1.0315,1,4805.0
2026-09-17,69250,2026-09-18,put,mini,5300,1.0995,1,5300.0
2026-09-17,60500,2026-09-25,put,mini,174,0.3138,8,147.0
2026-09-17,60750,2026-09-25,put,mini,60,0.3208,8,190.0
2026-09-17,61000,2026-09-25,put,mini,74,0.3133,8,210.0
2026-09-17,61125,2026-09-25,put,mini,28,0.3174,8,238.0
2026-09-17,61250,2026-09-25,put,mini,38,0.3105,8,243.0
2026-09-17,61375,2026-09-25,put,mini,34,0.3008,8,242.0
2026-09-17,61500,2026-09-25,put,mini,78,0.2912,8,241.0
2026-09-17,61625,2026-09-25,put,mini,1,0.2906,8,262.0
2026-09-17,61750,2026-09-25,put,mini,100,0.2855,8,273.0
2026-09-17,61875,2026-09-25,put,mini,11,0.2882,8,305.0
2026-09-17,62000,2026-09-25,put,mini,1463,0.2929,8,345.0
2026-09-17,62125,2026-09-25,put,mini,5,0.2826,8,345.0
2026-09-17,62250,2026-09-25,put,mini,76,0.2844,8,380.0
2026-09-17,62500,2026-09-25,put,mini,25,0.2856,8,450.0
2026-09-17,62750,2026-09-25,put,mini,2,0.298,8,565.0
2026-09-17,63000,2026-09-25,put,mini,154,0.2778,8,580.0
2026-09-17,63125,2026-09-25,put,mini,1,0.2652,8,580.0
2026-09-17,63250,2026-09-25,put,mini,22,0.2848,8,695.0
2026-09-17,63500,2026-09-25,put,mini,204,0.2739,8,755.0
2026-09-17,63750,2026-09-25,put,mini,8,0.2863,8,910.0
2026-09-17,64000,2026-09-25,put,mini,9,0.2987,8,1075.0
2026-09-17,64250,2026-09-25,put,mini,4,0.2966,8,1195.0
2026-09-17,64500,2026-09-25,put,mini,5,0.2803,8,1270.0
2026-09-17,64750,2026-09-25,put,mini,4,0.2922,8,1460.0
2026-09-17,65000,2026-09-25,put,mini,52,0.2938,8,1620.0
2026-09-17,65250,2026-09-25,put,mini,8,0.2832,8,1745.0
2026-09-17,65500,2026-09-25,put,mini,1,0.3004,8,1975.0
2026-09-17,66250,2026-09-25,put,mini,8,0.3015,8,2530.0
2026-09-17,66500,2026-09-25,put,mini,4,0.3062,8,2740.0
2026-09-17,66750,2026-09-25,put,mini,1,0.3074,8,2945.0
2026-09-17,67000,2026-09-25,put,mini,2,0.3085,8,3155.0
2026-09-17,64000,2026-09-30,put,mini,1505,0.3236,13,1505.0
2026-09-17,64750,2026-09-30,put,mini,2,0.3228,13,1905.0
2026-09-17,62750,2026-10-02,put,mini,1,0.314,15,1020.0
2026-09-17,63500,2026-10-02,put,mini,1275,0.3028,15,1275.0
2026-09-17,64250,2026-10-02,put,mini,1710,0.3161,15,1710.0
2026-09-17,64750,2026-10-02,put,mini,2,0.3161,15,1985.0
2026-09-17,65000,2026-10-02,put,mini,4,0.3188,15,2145.0
2026-09-17,64750,2026-10-07,put,mini,2,0.3032,20,2160.0
2026-09-17,58375,2026-10-09,put,mini,237,0.3449,22,350.0
2026-09-17,58500,2026-10-09,put,mini,485,0.3439,22,365.0
2026-09-17,58625,2026-10-09,put,mini,1,0.3413,22,375.0
2026-09-17,58750,2026-10-09,put,mini,21,0.34,22,390.0
2026-09-17,58875,2026-10-09,put,mini,1,0.3386,22,405.0
2026-09-17,59000,2026-10-09,put,mini,395,0.3384,22,425.0
2026-09-17,59125,2026-10-09,put,mini,435,0.3353,22,435.0
2026-09-17,59250,2026-10-09,put,mini,19,0.3335,22,450.0
2026-09-17,59375,2026-10-09,put,mini,2,0.3341,22,475.0
2026-09-17,59500,2026-10-09,put,mini,96,0.3344,22,500.0
2026-09-17,59625,2026-10-09,put,mini,505,0.3296,22,505.0
2026-09-17,59750,2026-10-09,put,mini,55,0.3284,22,525.0
2026-09-17,59875,2026-10-09,put,mini,3,0.3271,22,545.0
2026-09-17,60000,2026-10-09,put,mini,655,0.3279,22,575.0
2026-09-17,60125,2026-10-09,put,mini,590,0.325,22,590.0
2026-09-17,60250,2026-10-09,put,mini,23,0.3243,22,615.0
2026-09-17,60500,2026-10-09,put,mini,132,0.3212,22,660.0
2026-09-17,60625,2026-10-09,put,mini,1,0.32,22,685.0
2026-09-17,60750,2026-10-09,put,mini,44,0.3196,22,715.0
2026-09-17,60875,2026-10-09,put,mini,1,0.317,22,735.0
2026-09-17,61000,2026-10-09,put,mini,267,0.3172,22,770.0
2026-09-17,61125,2026-10-09,put,mini,6,0.3163,22,800.0
2026-09-17,61250,2026-10-09,put,mini,574,0.3152,22,830.0
2026-09-17,61375,2026-10-09,put,mini,1,0.3148,22,865.0
2026-09-17,61500,2026-10-09,put,mini,41,0.3142,22,900.0
2026-09-17,61625,2026-10-09,put,mini,1,0.3125,22,930.0
2026-09-17,61750,2026-10-09,put,mini,5,0.3125,22,970.0
2026-09-17,61875,2026-10-09,put,mini,1000,0.3105,22,1000.0
2026-09-17,62000,2026-10-09,put,mini,226,0.3091,22,1035.0
2026-09-17,62125,2026-10-09,put,mini,1075,0.3085,22,1075.0
2026-09-17,62250,2026-10-09,put,mini,5,0.3086,22,1120.0
2026-09-17,62375,2026-10-09,put,mini,1160,0.3076,22,1160.0
2026-09-17,62500,2026-10-09,put,mini,601,0.3063,22,1200.0
2026-09-17,62625,2026-10-09,put,mini,1245,0.3058,22,1245.0
2026-09-17,62750,2026-10-09,put,mini,907,0.3067,22,1300.0
2026-09-17,62875,2026-10-09,put,mini,3,0.3049,22,1340.0
2026-09-17,63000,2026-10-09,put,mini,233,0.3062,22,1400.0
2026-09-17,63125,2026-10-09,put,mini,1440,0.304,22,1440.0
2026-09-17,63250,2026-10-09,put,mini,133,0.3024,22,1485.0
2026-09-17,63375,2026-10-09,put,mini,2,0.3006,22,1530.0
2026-09-17,63500,2026-10-09,put,mini,80,0.3027,22,1600.0
2026-09-17,63625,2026-10-09,put,mini,2,0.2981,22,1630.0
2026-09-17,63750,2026-10-09,put,mini,66,0.3005,22,1705.0
2026-09-17,63875,2026-10-09,put,mini,3,0.298,22,1750.0
2026-09-17,64000,2026-10-09,put,mini,585,0.3,22,1825.0
2026-09-17,64125,2026-10-09,put,mini,1,0.3002,22,1890.0
2026-09-17,64250,2026-10-09,put,mini,352,0.2993,22,1950.0
2026-09-17,64375,2026-10-09,put,mini,2005,0.2975,22,2005.0
2026-09-17,64500,2026-10-09,put,mini,120,0.2987,22,2080.0
2026-09-17,64625,2026-10-09,put,mini,1,0.298,22,2145.0
2026-09-17,64750,2026-10-09,put,mini,104,0.2988,22,2220.0
2026-09-17,64875,2026-10-09,put,mini,1,0.2977,22,2285.0
2026-09-17,65000,2026-10-09,put,mini,120,0.2996,22,2370.0
2026-09-17,65125,2026-10-09,put,mini,2445,0.2998,22,2445.0
2026-09-17,65250,2026-10-09,put,mini,8,0.3005,22,2525.0
2026-09-17,65375,2026-10-09,put,mini,1,0.3011,22,2605.0
2026-09-17,65500,2026-10-09,put,mini,8,0.3014,22,2685.0
2026-09-17,65625,2026-10-09,put,mini,2770,0.3024,22,2770.0
2026-09-17,65750,2026-10-09,put,mini,73,0.3032,22,2855.0
2026-09-17,65875,2026-10-09,put,mini,2940,0.3038,22,2940.0
2026-09-17,66000,2026-10-09,put,mini,28,0.3042,22,3025.0
2026-09-17,66250,2026-10-09,put,mini,14,0.3062,22,3205.0
2026-09-17,66375,2026-10-09,put,mini,3295,0.3069,22,3295.0
2026-09-17,66500,2026-10-09,put,mini,35,0.3084,22,3390.0
2026-09-17,66625,2026-10-09,put,mini,3485,0.3096,22,3485.0
2026-09-17,66750,2026-10-09,put,mini,17,0.3107,22,3580.0
2026-09-17,67000,2026-10-09,put,mini,84,0.3143,22,3780.0
2026-09-17,67125,2026-10-09,put,mini,1,0.3159,22,3880.0
2026-09-17,67250,2026-10-09,put,mini,133,0.3173,22,3980.0
2026-09-17,67375,2026-10-09,put,mini,4080,0.3185,22,4080.0
2026-09-17,67500,2026-10-09,put,mini,40,0.3216,22,4190.0
2026-09-17,67750,2026-10-09,put,mini,53,0.3244,22,4395.0
2026-09-17,68000,2026-10-09,put,mini,83,0.3287,22,4610.0
2026-09-17,68250,2026-10-09,put,mini,59,0.3336,22,4830.0
2026-09-17,68500,2026-10-09,put,mini,25,0.3381,22,5050.0
2026-09-17,68750,2026-10-09,put,mini,93,0.3433,22,5275.0
2026-09-17,69000,2026-10-09,put,mini,124,0.3481,22,5500.0
2026-09-17,69250,2026-10-09,put,mini,9,0.3548,22,5735.0
2026-09-17,69500,2026-10-09,put,mini,2,0.3602,22,5965.0
2026-09-17,69750,2026-10-09,put,mini,5,0.3664,22,6200.0
2026-09-17,70000,2026-10-09,put,mini,4,0.3724,22,6435.0
2026-09-17,70250,2026-10-09,put,mini,35,0.3782,22,6670.0
2026-09-17,70500,2026-10-09,put,mini,1,0.3849,22,6910.0
2026-09-17,71000,2026-10-09,put,mini,3,0.398,22,7390.0
2026-09-17,71250,2026-10-09,put,mini,7635,0.4056,22,7635.0
2026-09-17,71375,2026-10-09,put,mini,7755,0.4087,22,7755.0
2026-09-17,71500,2026-10-09,put,mini,7875,0.4117,22,7875.0
2026-09-17,71750,2026-10-09,put,mini,910,0.4204,22,8125.0
2026-09-17,72000,2026-10-09,put,mini,8365,0.4263,22,8365.0
2026-09-17,72250,2026-10-09,put,mini,2,0.4334,22,8610.0
2026-09-17,61250,2026-10-16,put,mini,1,0.3094,29,1040.0
2026-09-17,60500,2026-11-13,put,mini,32,0.3004,57,1485.0
2026-09-17,60625,2026-11-13,put,mini,2,0.3013,57,1535.0
2026-09-17,60750,2026-11-13,put,mini,2,0.2998,57,1565.0
2026-09-17,61000,2026-11-13,put,mini,48,0.2978,57,1635.0
2026-09-17,61250,2026-11-13,put,mini,673,0.2977,57,1725.0
2026-09-17,61375,2026-11-13,put,mini,1,0.2975,57,1770.0
2026-09-17,61500,2026-11-13,put,mini,17,0.2962,57,1805.0
2026-09-17,61625,2026-11-13,put,mini,1,0.2964,57,1855.0
2026-09-17,61750,2026-11-13,put,mini,3,0.2954,57,1895.0
2026-09-17,61875,2026-11-13,put,mini,1940,0.2949,57,1940.0
2026-09-17,62000,2026-11-13,put,mini,25,0.2943,57,1985.0
2026-09-17,62250,2026-11-13,put,mini,2,0.2929,57,2075.0
2026-09-17,62375,2026-11-13,put,mini,11,0.2925,57,2125.0
2026-09-17,62500,2026-11-13,put,mini,27,0.2916,57,2170.0
2026-09-17,62750,2026-11-13,put,mini,160,0.2911,57,2275.0
2026-09-17,62875,2026-11-13,put,mini,1,0.2909,57,2330.0
2026-09-17,63000,2026-11-13,put,mini,324,0.2902,57,2380.0
2026-09-17,63125,2026-11-13,put,mini,1,0.2899,57,2435.0
2026-09-17,63250,2026-11-13,put,mini,282,0.289,57,2485.0
2026-09-17,63375,2026-11-13,put,mini,2545,0.289,57,2545.0
2026-09-17,63500,2026-11-13,put,mini,102,0.2879,57,2595.0
2026-09-17,63625,2026-11-13,put,mini,3,0.2858,57,2635.0
2026-09-17,63750,2026-11-13,put,mini,132,0.2855,57,2695.0
2026-09-17,64000,2026-11-13,put,mini,658,0.2848,57,2815.0
2026-09-17,64250,2026-11-13,put,mini,638,0.2843,57,2940.0
2026-09-17,64375,2026-11-13,put,mini,1,0.2841,57,3005.0
2026-09-17,64500,2026-11-13,put,mini,182,0.2834,57,3065.0
2026-09-17,64750,2026-11-13,put,mini,195,0.2831,57,3200.0
2026-09-17,65000,2026-11-13,put,mini,128,0.283,57,3340.0
2026-09-17,65250,2026-11-13,put,mini,36,0.2821,57,3475.0
2026-09-17,65375,2026-11-13,put,mini,1,0.2823,57,3550.0
2026-09-17,65500,2026-11-13,put,mini,18,0.2823,57,3625.0
2026-09-17,66000,2026-11-13,put,mini,4,0.2808,57,3915.0
2026-09-17,66250,2026-11-13,put,mini,4080,0.2816,57,4080.0
2026-09-17,66375,2026-11-13,put,mini,2,0.28,57,4145.0
2026-09-17,66500,2026-11-13,put,mini,18,0.281,57,4235.0
2026-09-17,66750,2026-11-13,put,mini,6,0.2811,57,4400.0
2026-09-17,67750,2026-11-13,put,mini,3,0.2821,57,5095.0
2026-09-17,68000,2026-11-13,put,mini,3,0.2834,57,5285.0
2026-09-17,70000,2026-11-13,put,mini,6855,0.2896,57,6855.0
2026-09-17,70250,2026-11-13,put,mini,202,0.2909,57,7065.0
2026-09-17,71000,2026-11-13,put,mini,2,0.2942,57,7700.0
2026-09-17,71500,2026-11-13,put,mini,1,0.2976,57,8140.0
2026-09-17,72000,2026-11-13,put,mini,17,0.3011,57,8585.0
2026-09-17,72250,2026-11-13,put,mini,2,0.3021,57,8805.0
2026-09-17,61000,2026-12-11,put,mini,1,0.2854,85,2095.0
2026-09-17,61750,2026-12-11,put,mini,4,0.2823,85,2360.0
2026-09-17,62000,2026-12-11,put,mini,2,0.281,85,2450.0
2026-09-17,62250,2026-12-11,put,mini,1,0.2802,85,2550.0
2026-09-17,62500,2026-12-11,put,mini,2,0.2793,85,2650.0
2026-09-17,63000,2026-12-11,put,mini,1,0.2775,85,2860.0
2026-09-17,64000,2026-12-11,put,mini,1,0.2737,85,3310.0
2026-09-17,65000,2026-12-11,call,mini,1,0.3418,85,3820.0
2026-09-17,60500,2026-09-18,call,mini,3470,0.2,1,3470.0
2026-09-17,61250,2026-09-18,call,mini,4,0.2,1,2740.0
2026-09-17,61500,2026-09-18,call,mini,2495,0.2,1,2495.0
2026-09-17,62250,2026-09-18,call,mini,2,0.2,1,1790.0
2026-09-17,62375,2026-09-18,call,mini,1680,0.2,1,1680.0
2026-09-17,63000,2026-09-18,call,mini,37,0.3304,1,1200.0
2026-09-17,63125,2026-09-18,call,mini,1050,0.2736,1,1050.0
2026-09-17,63250,2026-09-18,call,mini,2,0.2797,1,950.0
2026-09-17,63375,2026-09-18,call,mini,25,0.2901,1,860.0
2026-09-17,63500,2026-09-18,call,mini,115,0.2939,1,770.0
2026-09-17,63625,2026-09-18,call,mini,3,0.3262,1,720.0
2026-09-17,63750,2026-09-18,call,mini,13,0.3545,1,675.0
2026-09-17,63875,2026-09-18,call,mini,30,0.3579,1,605.0
2026-09-17,64000,2026-09-18,call,mini,413,0.3836,1,570.0
2026-09-17,64125,2026-09-18,call,mini,3,0.3678,1,485.0
2026-09-17,64250,2026-09-18,call,mini,265,0.3632,1,420.0
2026-09-17,64375,2026-09-18,call,mini,9,0.3699,1,375.0
2026-09-17,64500,2026-09-18,call,mini,490,0.3887,1,350.0
2026-09-17,64625,2026-09-18,call,mini,137,0.371,1,283.0
2026-09-17,64750,2026-09-18,call,mini,266,0.3794,1,253.0
2026-09-17,64875,2026-09-18,call,mini,10,0.3678,1,204.0
2026-09-17,65000,2026-09-18,call,mini,862,0.3841,1,190.0
2026-09-17,65125,2026-09-18,call,mini,92,0.3715,1,149.0
2026-09-17,65250,2026-09-18,call,mini,256,0.3772,1,130.0
2026-09-17,65375,2026-09-18,call,mini,2,0.374,1,106.0
2026-09-17,65500,2026-09-18,call,mini,675,0.3796,1,92.0
2026-09-17,65625,2026-09-18,call,mini,8,0.381,1,77.0
2026-09-17,65750,2026-09-18,call,mini,53,0.3789,1,62.0
2026-09-17,65875,2026-09-18,call,mini,57,0.3907,1,57.0
2026-09-17,66000,2026-09-18,call,mini,2383,0.3854,1,44.0
2026-09-17,66125,2026-09-18,call,mini,86,0.391,1,38.0
2026-09-17,66250,2026-09-18,call,mini,162,0.3918,1,31.0
2026-09-17,66375,2026-09-18,call,mini,65,0.3952,1,26.0
2026-09-17,66500,2026-09-18,call,mini,546,0.3849,1,18.0
2026-09-17,66625,2026-09-18,call,mini,17,0.3885,1,15.0
2026-09-17,66750,2026-09-18,call,mini,162,0.3843,1,11.0
2026-09-17,66875,2026-09-18,call,mini,8,0.3873,1,9.0
2026-09-17,67000,2026-09-18,call,mini,2299,0.3949,1,8.0
2026-09-17,67125,2026-09-18,call,mini,59,0.4227,1,10.0
2026-09-17,67250,2026-09-18,call,mini,112,0.4233,1,8.0
2026-09-17,67375,2026-09-18,call,mini,11,0.4204,1,6.0
2026-09-17,67500,2026-09-18,call,mini,389,0.3983,1,3.0
2026-09-17,67625,2026-09-18,call,mini,57,0.4251,1,4.0
2026-09-17,67750,2026-09-18,call,mini,104,0.4234,1,3.0
2026-09-17,67875,2026-09-18,call,mini,81,0.4507,1,4.0
2026-09-17,68000,2026-09-18,call,mini,1667,0.3998,1,1.0
2026-09-17,68125,2026-09-18,call,mini,48,0.4405,1,2.0
2026-09-17,68250,2026-09-18,call,mini,54,0.4222,1,1.0
2026-09-17,68375,2026-09-18,call,mini,15,0.4333,1,1.0
2026-09-17,68500,2026-09-18,call,mini,601,0.4444,1,1.0
2026-09-17,68625,2026-09-18,call,mini,21,0.4554,1,1.0
2026-09-17,68750,2026-09-18,call,mini,368,0.4664,1,1.0
2026-09-17,68875,2026-09-18,call,mini,22,0.4774,1,1.0
2026-09-17,69000,2026-09-18,call,mini,2212,0.4883,1,1.0
2026-09-17,69125,2026-09-18,call,mini,42,0.4991,1,1.0
2026-09-17,69250,2026-09-18,call,mini,409,0.51,1,1.0
2026-09-17,69375,2026-09-18,call,mini,1,0.5208,1,1.0
2026-09-17,69500,2026-09-18,call,mini,170,0.5315,1,1.0
2026-09-17,69625,2026-09-18,call,mini,14,0.5422,1,1.0
2026-09-17,69750,2026-09-18,call,mini,28,0.5529,1,1.0
2026-09-17,69875,2026-09-18,call,mini,22,0.5635,1,1.0
2026-09-17,70000,2026-09-18,call,mini,586,0.5741,1,1.0
2026-09-17,70125,2026-09-18,call,mini,6,0.5846,1,1.0
2026-09-17,70250,2026-09-18,call,mini,6,0.5951,1,1.0
2026-09-17,70375,2026-09-18,call,mini,3,0.6056,1,1.0
2026-09-17,70500,2026-09-18,call,mini,82,0.6161,1,1.0
2026-09-17,70625,2026-09-18,call,mini,1,0.6265,1,1.0
2026-09-17,70750,2026-09-18,call,mini,8,0.6369,1,1.0
2026-09-17,70875,2026-09-18,call,mini,1,0.6472,1,1.0
2026-09-17,71000,2026-09-18,call,mini,833,0.6575,1,1.0
2026-09-17,71125,2026-09-18,call,mini,2,0.6678,1,1.0
2026-09-17,71250,2026-09-18,call,mini,24,0.678,1,1.0
2026-09-17,71375,2026-09-18,call,mini,4,0.6883,1,1.0
2026-09-17,71500,2026-09-18,call,mini,721,0.6984,1,1.0
2026-09-17,71625,2026-09-18,call,mini,8,0.7086,1,1.0
2026-09-17,71750,2026-09-18,call,mini,14,0.7187,1,1.0
2026-09-17,71875,2026-09-18,call,mini,3,0.7288,1,1.0
2026-09-17,72000,2026-09-18,call,mini,426,0.7389,1,1.0
2026-09-17,72125,2026-09-18,call,mini,11,0.7489,1,1.0
2026-09-17,72250,2026-09-18,call,mini,285,0.7589,1,1.0
2026-09-17,63000,2026-09-25,call,mini,2,0.2329,8,1540.0
2026-09-17,63250,2026-09-25,call,mini,55,0.2377,8,1390.0
2026-09-17,63375,2026-09-25,call,mini,82,0.2361,8,1305.0
2026-09-17,63500,2026-09-25,call,mini,411,0.2324,8,1215.0
2026-09-17,63625,2026-09-25,call,mini,44,0.2402,8,1170.0
2026-09-17,63750,2026-09-25,call,mini,2,0.2458,8,1120.0
2026-09-17,64000,2026-09-25,call,mini,62,0.2546,8,1020.0
2026-09-17,64500,2026-09-25,call,mini,4,0.2479,8,760.0
2026-09-17,64625,2026-09-25,call,mini,12,0.2512,8,720.0
2026-09-17,64750,2026-09-25,call,mini,75,0.2511,8,670.0
2026-09-17,64875,2026-09-25,call,mini,61,0.2407,8,585.0
2026-09-17,65000,2026-09-25,call,mini,1384,0.2489,8,570.0
2026-09-17,65125,2026-09-25,call,mini,20,0.2293,8,460.0
2026-09-17,65250,2026-09-25,call,mini,62,0.2392,8,455.0
2026-09-17,65500,2026-09-25,call,mini,103,0.2411,8,390.0
2026-09-17,65625,2026-09-25,call,mini,1,0.2483,8,380.0
2026-09-17,65750,2026-09-25,call,mini,59,0.2437,8,335.0
2026-09-17,65875,2026-09-25,call,mini,3,0.2387,8,292.0
2026-09-17,66000,2026-09-25,call,mini,230,0.2423,8,276.0
2026-09-17,66125,2026-09-25,call,mini,1,0.2444,8,257.0
2026-09-17,66250,2026-09-25,call,mini,60,0.2453,8,236.0
2026-09-17,66500,2026-09-25,call,mini,410,0.2432,8,190.0
2026-09-17,66625,2026-09-25,call,mini,1,0.2469,8,180.0
2026-09-17,66875,2026-09-25,call,mini,1,0.2396,8,133.0
2026-09-17,67000,2026-09-25,call,mini,57,0.2365,8,114.0
2026-09-17,67250,2026-09-25,call,mini,1,0.249,8,111.0
2026-09-17,67375,2026-09-25,call,mini,100,0.2492,8,100.0
2026-09-17,67500,2026-09-25,call,mini,31,0.248,8,88.0
2026-09-17,68000,2026-09-25,call,mini,58,0.2509,8,59.0
2026-09-17,68500,2026-09-25,call,mini,5,0.2487,8,35.0
2026-09-17,69000,2026-09-25,call,mini,812,0.2448,8,19.0
2026-09-17,69250,2026-09-25,call,mini,6,0.2589,8,21.0
2026-09-17,69375,2026-09-25,call,mini,18,0.2578,8,18.0
2026-09-17,64000,2026-09-30,call,mini,1125,0.2215,13,1125.0
2026-09-17,64750,2026-09-30,call,mini,2,0.2203,13,780.0
2026-09-17,63500,2026-10-02,call,mini,1405,0.2076,15,1405.0
2026-09-17,64250,2026-10-02,call,mini,1090,0.223,15,1090.0
2026-09-17,64750,2026-10-02,call,mini,2,0.2218,15,865.0
2026-09-17,65000,2026-10-02,call,mini,4,0.2232,15,775.0
2026-09-17,66500,2026-10-02,call,mini,1,0.2245,15,355.0
2026-09-17,69000,2026-10-02,call,mini,1,0.2342,15,83.0
2026-09-17,64750,2026-10-07,call,mini,2,0.2252,20,1060.0
2026-09-17,58375,2026-10-09,call,mini,6,0.2,22,5635.0
2026-09-17,58500,2026-10-09,call,mini,42,0.2,22,5525.0
2026-09-17,59000,2026-10-09,call,mini,5080,0.2,22,5080.0
2026-09-17,59250,2026-10-09,call,mini,4860,0.2,22,4860.0
2026-09-17,59500,2026-10-09,call,mini,4650,0.1689,22,4650.0
2026-09-17,59750,2026-10-09,call,mini,3,0.1841,22,4435.0
2026-09-17,60000,2026-10-09,call,mini,15,0.1967,22,4230.0
2026-09-17,60250,2026-10-09,call,mini,4025,0.2044,22,4025.0
2026-09-17,60500,2026-10-09,call,mini,32,0.209,22,3820.0
2026-09-17,60750,2026-10-09,call,mini,3625,0.2144,22,3625.0
2026-09-17,61000,2026-10-09,call,mini,75,0.2176,22,3430.0
2026-09-17,61125,2026-10-09,call,mini,8,0.2204,22,3340.0
2026-09-17,61250,2026-10-09,call,mini,619,0.2204,22,3240.0
2026-09-17,61500,2026-10-09,call,mini,9,0.2216,22,3050.0
2026-09-17,61750,2026-10-09,call,mini,2870,0.2235,22,2870.0
2026-09-17,61875,2026-10-09,call,mini,2785,0.225,22,2785.0
2026-09-17,62000,2026-10-09,call,mini,9,0.2251,22,2695.0
2026-09-17,62250,2026-10-09,call,mini,2520,0.2254,22,2520.0
2026-09-17,62500,2026-10-09,call,mini,10,0.2272,22,2360.0
2026-09-17,62750,2026-10-09,call,mini,962,0.2269,22,2195.0
2026-09-17,62875,2026-10-09,call,mini,1,0.2293,22,2130.0
2026-09-17,63000,2026-10-09,call,mini,156,0.2272,22,2040.0
2026-09-17,63250,2026-10-09,call,mini,136,0.2271,22,1890.0
2026-09-17,63375,2026-10-09,call,mini,2,0.2275,22,1820.0
2026-09-17,63500,2026-10-09,call,mini,69,0.2252,22,1735.0
2026-09-17,63750,2026-10-09,call,mini,68,0.2285,22,1620.0
2026-09-17,63875,2026-10-09,call,mini,1540,0.2262,22,1540.0
2026-09-17,64000,2026-10-09,call,mini,409,0.2267,22,1480.0
2026-09-17,64125,2026-10-09,call,mini,1,0.2286,22,1430.0
2026-09-17,64250,2026-10-09,call,mini,363,0.2278,22,1365.0
2026-09-17,64375,2026-10-09,call,mini,1295,0.226,22,1295.0
2026-09-17,64500,2026-10-09,call,mini,127,0.2278,22,1250.0
2026-09-17,64625,2026-10-09,call,mini,1185,0.2262,22,1185.0
2026-09-17,64750,2026-10-09,call,mini,106,0.2275,22,1140.0
2026-09-17,64875,2026-10-09,call,mini,1075,0.2254,22,1075.0
2026-09-17,65000,2026-10-09,call,mini,178,0.227,22,1035.0
2026-09-17,65125,2026-10-09,call,mini,3,0.2266,22,985.0
2026-09-17,65250,2026-10-09,call,mini,8,0.2269,22,940.0
2026-09-17,65375,2026-10-09,call,mini,895,0.2269,22,895.0
2026-09-17,65500,2026-10-09,call,mini,150,0.2266,22,850.0
2026-09-17,65625,2026-10-09,call,mini,810,0.2269,22,810.0
2026-09-17,65750,2026-10-09,call,mini,3,0.2252,22,760.0
2026-09-17,65875,2026-10-09,call,mini,730,0.2267,22,730.0
2026-09-17,66000,2026-10-09,call,mini,452,0.2253,22,685.0
2026-09-17,66125,2026-10-09,call,mini,655,0.2263,22,655.0
2026-09-17,66250,2026-10-09,call,mini,17,0.2252,22,615.0
2026-09-17,66375,2026-10-09,call,mini,590,0.2267,22,590.0
2026-09-17,66500,2026-10-09,call,mini,72,0.227,22,560.0
2026-09-17,66625,2026-10-09,call,mini,1,0.2271,22,530.0
2026-09-17,66750,2026-10-09,call,mini,27,0.2268,22,500.0
2026-09-17,66875,2026-10-09,call,mini,470,0.2264,22,470.0
2026-09-17,67000,2026-10-09,call,mini,411,0.2266,22,445.0
2026-09-17,67125,2026-10-09,call,mini,6,0.2267,22,420.0
2026-09-17,67250,2026-10-09,call,mini,69,0.2265,22,395.0
2026-09-17,67375,2026-10-09,call,mini,2,0.2271,22,375.0
2026-09-17,67500,2026-10-09,call,mini,199,0.2276,22,355.0
2026-09-17,67625,2026-10-09,call,mini,1,0.2266,22,330.0
2026-09-17,67750,2026-10-09,call,mini,43,0.2278,22,315.0
2026-09-17,67875,2026-10-09,call,mini,1,0.2272,22,294.0
2026-09-17,68000,2026-10-09,call,mini,536,0.2288,22,282.0
2026-09-17,68125,2026-10-09,call,mini,260,0.2275,22,260.0
2026-09-17,68250,2026-10-09,call,mini,203,0.2287,22,248.0
2026-09-17,68500,2026-10-09,call,mini,165,0.2287,22,218.0
2026-09-17,68625,2026-10-09,call,mini,2,0.228,22,202.0
2026-09-17,68750,2026-10-09,call,mini,118,0.2293,22,193.0
2026-09-17,68875,2026-10-09,call,mini,179,0.2288,22,179.0
2026-09-17,69000,2026-10-09,call,mini,191,0.229,22,168.0
2026-09-17,69125,2026-10-09,call,mini,1,0.2291,22,157.0
2026-09-17,69250,2026-10-09,call,mini,16,0.2296,22,148.0
2026-09-17,69375,2026-10-09,call,mini,140,0.2304,22,140.0
2026-09-17,69500,2026-10-09,call,mini,75,0.2314,22,133.0
2026-09-17,69625,2026-10-09,call,mini,1,0.2305,22,122.0
2026-09-17,69750,2026-10-09,call,mini,2,0.2311,22,115.0
2026-09-17,69875,2026-10-09,call,mini,107,0.231,22,107.0
2026-09-17,70000,2026-10-09,call,mini,882,0.2328,22,103.0
2026-09-17,70125,2026-10-09,call,mini,1,0.2328,22,96.0
2026-09-17,70250,2026-10-09,call,mini,37,0.2337,22,91.0
2026-09-17,70375,2026-10-09,call,mini,3,0.2339,22,85.0
2026-09-17,70500,2026-10-09,call,mini,73,0.2345,22,80.0
2026-09-17,70625,2026-10-09,call,mini,3,0.2343,22,74.0
2026-09-17,70750,2026-10-09,call,mini,20,0.2351,22,70.0
2026-09-17,71000,2026-10-09,call,mini,342,0.2363,22,62.0
2026-09-17,71125,2026-10-09,call,mini,3,0.2367,22,58.0
2026-09-17,71250,2026-10-09,call,mini,15,0.2368,22,54.0
2026-09-17,71500,2026-10-09,call,mini,77,0.2374,22,47.0
2026-09-17,71625,2026-10-09,call,mini,2,0.2396,22,46.0
2026-09-17,71750,2026-10-09,call,mini,976,0.239,22,42.0
2026-09-17,72000,2026-10-09,call,mini,347,0.239,22,36.0
2026-09-17,72125,2026-10-09,call,mini,4,0.2409,22,35.0
2026-09-17,72250,2026-10-09,call,mini,138,0.2393,22,31.0
2026-09-17,61000,2026-11-13,call,mini,4380,0.2556,57,4380.0
2026-09-17,61250,2026-11-13,call,mini,215,0.2563,57,4220.0
2026-09-17,61500,2026-11-13,call,mini,3,0.2554,57,4050.0
2026-09-17,62000,2026-11-13,call,mini,4,0.2541,57,3725.0
2026-09-17,62500,2026-11-13,call,mini,3420,0.2534,57,3420.0
2026-09-17,62750,2026-11-13,call,mini,32,0.2533,57,3275.0
2026-09-17,63000,2026-11-13,call,mini,313,0.2517,57,3120.0
2026-09-17,63250,2026-11-13,call,mini,279,0.2518,57,2985.0
2026-09-17,63500,2026-11-13,call,mini,83,0.2509,57,2845.0
2026-09-17,63750,2026-11-13,call,mini,132,0.2487,57,2695.0
2026-09-17,64000,2026-11-13,call,mini,660,0.2481,57,2565.0
2026-09-17,64250,2026-11-13,call,mini,708,0.2476,57,2440.0
2026-09-17,64500,2026-11-13,call,mini,187,0.2472,57,2320.0
2026-09-17,64750,2026-11-13,call,mini,216,0.247,57,2205.0
2026-09-17,65000,2026-11-13,call,mini,151,0.2468,57,2095.0
2026-09-17,65125,2026-11-13,call,mini,2,0.2466,57,2040.0
2026-09-17,65250,2026-11-13,call,mini,36,0.2457,57,1980.0
2026-09-17,65500,2026-11-13,call,mini,11,0.2458,57,1880.0
2026-09-17,65750,2026-11-13,call,mini,4,0.2444,57,1770.0
2026-09-17,66000,2026-11-13,call,mini,39,0.2437,57,1670.0
2026-09-17,66250,2026-11-13,call,mini,9,0.2441,57,1585.0
2026-09-17,66500,2026-11-13,call,mini,11,0.2431,57,1490.0
2026-09-17,66625,2026-11-13,call,mini,3,0.2422,57,1440.0
2026-09-17,66750,2026-11-13,call,mini,22,0.2433,57,1410.0
2026-09-17,67000,2026-11-13,call,mini,52,0.2426,57,1325.0
2026-09-17,67125,2026-11-13,call,mini,2,0.2419,57,1280.0
2026-09-17,67250,2026-11-13,call,mini,76,0.2426,57,1250.0
2026-09-17,67500,2026-11-13,call,mini,25,0.2428,57,1180.0
2026-09-17,67625,2026-11-13,call,mini,20,0.2433,57,1150.0
2026-09-17,67750,2026-11-13,call,mini,35,0.242,57,1105.0
2026-09-17,68000,2026-11-13,call,mini,75,0.2426,57,1045.0
2026-09-17,68250,2026-11-13,call,mini,59,0.2417,57,975.0
2026-09-17,68500,2026-11-13,call,mini,48,0.2421,57,920.0
2026-09-17,68750,2026-11-13,call,mini,81,0.2417,57,860.0
2026-09-17,69000,2026-11-13,call,mini,74,0.2414,57,805.0
2026-09-17,69250,2026-11-13,call,mini,7,0.2415,57,755.0
2026-09-17,69375,2026-11-13,call,mini,735,0.242,57,735.0
2026-09-17,69500,2026-11-13,call,mini,3,0.2412,57,705.0
2026-09-17,69750,2026-11-13,call,mini,6,0.2412,57,660.0
2026-09-17,70000,2026-11-13,call,mini,51,0.2416,57,620.0
2026-09-17,70125,2026-11-13,call,mini,6,0.2424,57,605.0
2026-09-17,70250,2026-11-13,call,mini,220,0.241,57,575.0
2026-09-17,70500,2026-11-13,call,mini,3,0.2407,57,535.0
2026-09-17,70750,2026-11-13,call,mini,1,0.2416,57,505.0
2026-09-17,71000,2026-11-13,call,mini,9,0.2406,57,465.0
2026-09-17,71250,2026-11-13,call,mini,1,0.241,57,435.0
2026-09-17,71500,2026-11-13,call,mini,5,0.241,57,405.0
2026-09-17,71625,2026-11-13,call,mini,400,0.2427,57,400.0
2026-09-17,71750,2026-11-13,call,mini,21,0.2416,57,380.0
2026-09-17,72000,2026-11-13,call,mini,162,0.2419,57,355.0
2026-09-17,72125,2026-11-13,call,mini,3,0.2415,57,340.0
2026-09-17,72250,2026-11-13,call,mini,21,0.2409,57,325.0
2026-09-17,61000,2026-12-11,call,mini,1,0.2586,85,4920.0
2026-09-17,63000,2026-12-11,call,mini,1,0.2536,85,3695.0
2026-09-17,63500,2026-12-11,call,mini,2,0.2528,85,3425.0
2026-09-17,64000,2026-12-11,call,mini,2,0.2497,85,3140.0
2026-09-17,64500,2026-12-11,call,mini,1,0.2489,85,2895.0
2026-09-17,65000,2026-12-11,call,mini,4,0.2478,85,2660.0
2026-09-17,65125,2026-12-11,call,mini,1,0.2477,85,2605.0
2026-09-17,65250,2026-12-11,call,mini,1,0.2475,85,2550.0
2026-09-17,65500,2026-12-11,call,mini,8,0.2469,85,2440.0
2026-09-17,65750,2026-12-11,call,mini,4,0.2469,85,2340.0
2026-09-17,66000,2026-12-11,call,mini,1,0.2463,85,2235.0
2026-09-17,67000,2026-12-11,call,mini,2,0.2452,85,1865.0
2026-09-17,67250,2026-12-11,call,mini,1,0.2449,85,1780.0
2026-09-17,67375,2026-12-11,call,mini,1,0.2445,85,1735.0
2026-09-17,68000,2026-12-11,call,mini,4,0.2444,85,1545.0
2026-09-17,68250,2026-12-11,call,mini,2,0.244,85,1470.0
