date,strike,expiry,type,product,oi,iv,days_to_expiry,settlement
2026-09-15,20000,2026-10-08,put,regular,1250,1.3504,23,1.0
2026-09-15,22500,2026-10-08,put,regular,247,1.2167,23,1.0
2026-09-15,25000,2026-10-08,put,regular,1546,1.0972,23,1.0
2026-09-15,26000,2026-10-08,put,regular,66,1.0528,23,1.0
2026-09-15,27000,2026-10-08,put,regular,138,1.01,23,1.0
2026-09-15,28000,2026-10-08,put,regular,74,0.9688,23,1.0
2026-09-15,29000,2026-10-08,put,regular,35,0.9784,23,2.0
2026-09-15,30000,2026-10-08,put,regular,6137,0.9381,23,2.0
2026-09-15,31000,2026-10-08,put,regular,57,0.9289,23,3.0
2026-09-15,32000,2026-10-08,put,regular,148,0.9119,23,4.0
2026-09-15,33000,2026-10-08,put,regular,2818,0.8906,23,5.0
2026-09-15,34000,2026-10-08,put,regular,76,0.8524,23,5.0
2026-09-15,35000,2026-10-08,put,regular,2104,0.8411,23,7.0
2026-09-15,36000,2026-10-08,put,regular,75,0.8144,23,8.0
2026-09-15,37000,2026-10-08,put,regular,253,0.7952,23,10.0
2026-09-15,38000,2026-10-08,put,regular,123,0.7663,23,11.0
2026-09-15,39000,2026-10-08,put,regular,120,0.7435,23,13.0
2026-09-15,40000,2026-10-08,put,regular,4341,0.7136,23,14.0
2026-09-15,41000,2026-10-08,put,regular,166,0.698,23,18.0
2026-09-15,42000,2026-10-08,put,regular,193,0.675,23,21.0
2026-09-15,42750,2026-10-08,put,regular,31,0.6594,23,24.0
2026-09-15,43000,2026-10-08,put,regular,299,0.6539,23,25.0
2026-09-15,43250,2026-10-08,put,regular,15,0.6451,23,25.0
2026-09-15,43500,2026-10-08,put,regular,20,0.6425,23,27.0
2026-09-15,43750,2026-10-08,put,regular,13,0.6423,23,30.0
2026-09-15,44000,2026-10-08,put,regular,269,0.6335,23,30.0
2026-09-15,44250,2026-10-08,put,regular,36,0.63,23,32.0
2026-09-15,44500,2026-10-08,put,regular,5,0.6237,23,33.0
2026-09-15,44750,2026-10-08,put,regular,37,0.615,23,33.0
2026-09-15,45000,2026-10-08,put,regular,2181,0.611,23,35.0
2026-09-15,45250,2026-10-08,put,regular,30,0.6068,23,37.0
2026-09-15,45500,2026-10-08,put,regular,915,0.6023,23,39.0
2026-09-15,45750,2026-10-08,put,regular,132,0.5956,23,40.0
2026-09-15,46000,2026-10-08,put,regular,501,0.5909,23,42.0
2026-09-15,46250,2026-10-08,put,regular,13,0.584,23,43.0
2026-09-15,46500,2026-10-08,put,regular,257,0.5808,23,46.0
2026-09-15,46750,2026-10-08,put,regular,133,0.5738,23,47.0
2026-09-15,47000,2026-10-08,put,regular,425,0.5685,23,49.0
2026-09-15,47250,2026-10-08,put,regular,44,0.563,23,51.0
2026-09-15,47500,2026-10-08,put,regular,43,0.5574,23,53.0
2026-09-15,47750,2026-10-08,put,regular,47,0.5517,23,55.0
2026-09-15,48000,2026-10-08,put,regular,952,0.5443,23,56.0
2026-09-15,48250,2026-10-08,put,regular,55,0.5413,23,60.0
2026-09-15,48500,2026-10-08,put,regular,203,0.5324,23,60.0
2026-09-15,48750,2026-10-08,put,regular,28,0.5303,23,65.0
2026-09-15,49000,2026-10-08,put,regular,285,0.5201,23,64.0
2026-09-15,49250,2026-10-08,put,regular,88,0.5188,23,70.0
2026-09-15,49500,2026-10-08,put,regular,217,0.5134,23,73.0
2026-09-15,49750,2026-10-08,put,regular,69,0.5079,23,76.0
2026-09-15,50000,2026-10-08,put,regular,1403,0.5022,23,79.0
2026-09-15,50250,2026-10-08,put,regular,69,0.4985,23,84.0
2026-09-15,50500,2026-10-08,put,regular,438,0.4925,23,87.0
2026-09-15,50750,2026-10-08,put,regular,61,0.4874,23,91.0
2026-09-15,51000,2026-10-08,put,regular,520,0.482,23,95.0
2026-09-15,51250,2026-10-08,put,regular,191,0.4774,23,100.0
2026-09-15,51500,2026-10-08,put,regular,454,0.4725,23,105.0
2026-09-15,51750,2026-10-08,put,regular,84,0.4675,23,110.0
2026-09-15,52000,2026-10-08,put,regular,1624,0.4583,23,110.0
2026-09-15,52250,2026-10-08,put,regular,50,0.4582,23,122.0
2026-09-15,52500,2026-10-08,put,regular,488,0.4518,23,126.0
2026-09-15,52750,2026-10-08,put,regular,123,0.4474,23,133.0
2026-09-15,53000,2026-10-08,put,regular,1419,0.4413,23,138.0
2026-09-15,53250,2026-10-08,put,regular,107,0.437,23,146.0
2026-09-15,53500,2026-10-08,put,regular,1144,0.4331,23,155.0
2026-09-15,53750,2026-10-08,put,regular,146,0.4288,23,164.0
2026-09-15,54000,2026-10-08,put,regular,1011,0.4236,23,172.0
2026-09-15,54250,2026-10-08,put,regular,68,0.4188,23,181.0
2026-09-15,54500,2026-10-08,put,regular,780,0.4142,23,191.0
2026-09-15,54750,2026-10-08,put,regular,65,0.4098,23,202.0
2026-09-15,55000,2026-10-08,put,regular,3881,0.4037,23,210.0
2026-09-15,55250,2026-10-08,put,regular,171,0.4014,23,227.0
2026-09-15,55500,2026-10-08,put,regular,302,0.3943,23,234.0
2026-09-15,55750,2026-10-08,put,regular,82,0.3921,23,253.0
2026-09-15,56000,2026-10-08,put,regular,1573,0.3866,23,265.0
2026-09-15,56250,2026-10-08,put,regular,65,0.3849,23,288.0
2026-09-15,56500,2026-10-08,put,regular,657,0.3805,23,305.0
2026-09-15,56750,2026-10-08,put,regular,111,0.3768,23,325.0
2026-09-15,57000,2026-10-08,put,regular,1093,0.371,23,340.0
2026-09-15,57250,2026-10-08,put,regular,165,0.3697,23,370.0
2026-09-15,57500,2026-10-08,put,regular,375,0.3647,23,390.0
2026-09-15,57750,2026-10-08,put,regular,71,0.3622,23,420.0
2026-09-15,58000,2026-10-08,put,regular,2408,0.3565,23,440.0
2026-09-15,58250,2026-10-08,put,regular,119,0.3543,23,475.0
2026-09-15,58375,2026-10-08,put,regular,481,0.355,23,500.0
2026-09-15,58500,2026-10-08,put,regular,359,0.3529,23,515.0
2026-09-15,58625,2026-10-08,put,regular,58,0.3519,23,535.0
2026-09-15,58750,2026-10-08,put,regular,62,0.3508,23,555.0
2026-09-15,58875,2026-10-08,put,regular,3,0.3495,23,575.0
2026-09-15,59000,2026-10-08,put,regular,963,0.3445,23,580.0
2026-09-15,59125,2026-10-08,put,regular,76,0.3464,23,615.0
2026-09-15,59250,2026-10-08,put,regular,227,0.3413,23,620.0
2026-09-15,59375,2026-10-08,put,regular,2,0.3428,23,655.0
2026-09-15,59500,2026-10-08,put,regular,371,0.3419,23,680.0
2026-09-15,59625,2026-10-08,put,regular,74,0.3409,23,705.0
2026-09-15,59750,2026-10-08,put,regular,82,0.3386,23,725.0
2026-09-15,59875,2026-10-08,put,regular,66,0.3382,23,755.0
2026-09-15,60000,2026-10-08,put,regular,11277,0.3346,23,770.0
2026-09-15,60125,2026-10-08,put,regular,5,0.336,23,810.0
2026-09-15,60250,2026-10-08,put,regular,167,0.3341,23,835.0
2026-09-15,60375,2026-10-08,put,regular,593,0.3331,23,865.0
2026-09-15,60500,2026-10-08,put,regular,485,0.3271,23,870.0
2026-09-15,60625,2026-10-08,put,regular,155,0.3314,23,930.0
2026-09-15,60750,2026-10-08,put,regular,183,0.3299,23,960.0
2026-09-15,60875,2026-10-08,put,regular,469,0.3291,23,995.0
2026-09-15,61000,2026-10-08,put,regular,1222,0.3281,23,1030.0
2026-09-15,61125,2026-10-08,put,regular,1210,0.3269,23,1065.0
2026-09-15,61250,2026-10-08,put,regular,106,0.3265,23,1105.0
2026-09-15,61375,2026-10-08,put,regular,127,0.325,23,1140.0
2026-09-15,61500,2026-10-08,put,regular,328,0.3242,23,1180.0
2026-09-15,61625,2026-10-08,put,regular,136,0.3232,23,1220.0
2026-09-15,61750,2026-10-08,put,regular,323,0.3229,23,1265.0
2026-09-15,61875,2026-10-08,put,regular,22,0.3224,23,1310.0
2026-09-15,62000,2026-10-08,put,regular,1422,0.3158,23,1320.0
2026-09-15,62125,2026-10-08,put,regular,9,0.32,23,1395.0
2026-09-15,62250,2026-10-08,put,regular,89,0.3189,23,1440.0
2026-09-15,62375,2026-10-08,put,regular,6,0.3185,23,1490.0
2026-09-15,62500,2026-10-08,put,regular,1609,0.317,23,1535.0
2026-09-15,62625,2026-10-08,put,regular,130,0.317,23,1590.0
2026-09-15,62750,2026-10-08,put,regular,247,0.316,23,1640.0
2026-09-15,62875,2026-10-08,put,regular,86,0.3156,23,1695.0
2026-09-15,63000,2026-10-08,put,regular,2041,0.3142,23,1745.0
2026-09-15,63125,2026-10-08,put,regular,1,0.3142,23,1805.0
2026-09-15,63250,2026-10-08,put,regular,211,0.3085,23,1830.0
2026-09-15,63375,2026-10-08,put,regular,234,0.3152,23,1935.0
2026-09-15,63500,2026-10-08,put,regular,456,0.3114,23,1975.0
2026-09-15,63750,2026-10-08,put,regular,131,0.3112,23,2105.0
2026-09-15,63875,2026-10-08,put,regular,485,0.3077,23,2150.0
2026-09-15,64000,2026-10-08,put,regular,1751,0.3095,23,2230.0
2026-09-15,64125,2026-10-08,put,regular,1031,0.3095,23,2300.0
2026-09-15,64250,2026-10-08,put,regular,106,0.3093,23,2370.0
2026-09-15,64500,2026-10-08,put,regular,501,0.3091,23,2515.0
2026-09-15,64750,2026-10-08,put,regular,3,0.3082,23,2660.0
2026-09-15,65000,2026-10-08,put,regular,2026,0.3072,23,2810.0
2026-09-15,65250,2026-10-08,put,regular,2,0.3072,23,2970.0
2026-09-15,65375,2026-10-08,put,regular,231,0.3077,23,3055.0
2026-09-15,65500,2026-10-08,put,regular,144,0.3071,23,3135.0
2026-09-15,65750,2026-10-08,put,regular,116,0.3081,23,3310.0
2026-09-15,66000,2026-10-08,put,regular,1040,0.3083,23,3485.0
2026-09-15,66250,2026-10-08,put,regular,1,0.3086,23,3665.0
2026-09-15,66375,2026-10-08,put,regular,1,0.3085,23,3755.0
2026-09-15,66500,2026-10-08,put,regular,93,0.3101,23,3855.0
2026-09-15,67000,2026-10-08,put,regular,514,0.3119,23,4240.0
2026-09-15,67500,2026-10-08,put,regular,36,0.3161,23,4650.0
2026-09-15,67625,2026-10-08,put,regular,6,0.3173,23,4755.0
2026-09-15,67750,2026-10-08,put,regular,9,0.3184,23,4860.0
2026-09-15,68000,2026-10-08,put,regular,547,0.3212,23,5075.0
2026-09-15,68500,2026-10-08,put,regular,3,0.3277,23,5515.0
2026-09-15,69000,2026-10-08,put,regular,200,0.3348,23,5965.0
2026-09-15,70000,2026-10-08,put,regular,105,0.3526,23,6895.0
2026-09-15,72000,2026-10-08,put,regular,1,0.3958,23,8820.0
2026-09-15,72500,2026-10-08,put,regular,1,0.4078,23,9310.0
2026-09-15,73000,2026-10-08,put,regular,10,0.4194,23,9800.0
2026-09-15,79000,2026-10-08,put,regular,1,0.5683,23,15765.0
2026-09-15,85000,2026-10-08,put,regular,26,0.706,23,21760.0
2026-09-15,20000,2026-11-12,put,regular,140,0.9636,58,5.0
2026-09-15,22500,2026-11-12,put,regular,7,0.8063,58,2.0
2026-09-15,25000,2026-11-12,put,regular,144,0.8356,58,10.0
2026-09-15,27000,2026-11-12,put,regular,6,0.7223,58,5.0
2026-09-15,28000,2026-11-12,put,regular,46,0.6931,58,5.0
2026-09-15,29000,2026-11-12,put,regular,310,0.7485,58,17.0
2026-09-15,30000,2026-11-12,put,regular,4644,0.7226,58,18.0
2026-09-15,34000,2026-11-12,put,regular,1,0.6676,58,39.0
2026-09-15,35000,2026-11-12,put,regular,841,0.6453,58,42.0
2026-09-15,37000,2026-11-12,put,regular,11,0.6119,58,55.0
2026-09-15,38000,2026-11-12,put,regular,10,0.5959,58,63.0
2026-09-15,39000,2026-11-12,put,regular,100,0.5799,58,72.0
2026-09-15,40000,2026-11-12,put,regular,1408,0.5639,58,82.0
2026-09-15,41000,2026-11-12,put,regular,236,0.5487,58,94.0
2026-09-15,42000,2026-11-12,put,regular,381,0.5282,58,101.0
2026-09-15,43000,2026-11-12,put,regular,266,0.5157,58,119.0
2026-09-15,44000,2026-11-12,put,regular,105,0.4995,58,134.0
2026-09-15,44500,2026-11-12,put,regular,101,0.4926,58,144.0
2026-09-15,44750,2026-11-12,put,regular,7,0.4895,58,150.0
2026-09-15,45000,2026-11-12,put,regular,1124,0.4852,58,154.0
2026-09-15,45250,2026-11-12,put,regular,105,0.482,58,160.0
2026-09-15,45500,2026-11-12,put,regular,104,0.4776,58,164.0
2026-09-15,45750,2026-11-12,put,regular,13,0.4741,58,170.0
2026-09-15,46000,2026-11-12,put,regular,757,0.4711,58,177.0
2026-09-15,46250,2026-11-12,put,regular,4,0.467,58,182.0
2026-09-15,46500,2026-11-12,put,regular,3,0.4632,58,188.0
2026-09-15,46750,2026-11-12,put,regular,5,0.459,58,193.0
2026-09-15,47000,2026-11-12,put,regular,105,0.456,58,201.0
2026-09-15,47250,2026-11-12,put,regular,34,0.4524,58,208.0
2026-09-15,47500,2026-11-12,put,regular,230,0.4479,58,213.0
2026-09-15,47750,2026-11-12,put,regular,98,0.4446,58,221.0
2026-09-15,48000,2026-11-12,put,regular,187,0.44,58,226.0
2026-09-15,48250,2026-11-12,put,regular,18,0.4377,58,237.0
2026-09-15,48500,2026-11-12,put,regular,67,0.4325,58,241.0
2026-09-15,48750,2026-11-12,put,regular,167,0.4299,58,252.0
2026-09-15,49000,2026-11-12,put,regular,276,0.4272,58,263.0
2026-09-15,49250,2026-11-12,put,regular,160,0.4233,58,271.0
2026-09-15,49500,2026-11-12,put,regular,387,0.4192,58,279.0
2026-09-15,49750,2026-11-12,put,regular,60,0.4158,58,289.0
2026-09-15,50000,2026-11-12,put,regular,1271,0.4126,58,300.0
2026-09-15,50250,2026-11-12,put,regular,77,0.4073,58,305.0
2026-09-15,50500,2026-11-12,put,regular,170,0.4066,58,325.0
2026-09-15,50750,2026-11-12,put,regular,116,0.4027,58,335.0
2026-09-15,51000,2026-11-12,put,regular,612,0.4001,58,350.0
2026-09-15,51250,2026-11-12,put,regular,11,0.396,58,360.0
2026-09-15,51500,2026-11-12,put,regular,367,0.3931,58,375.0
2026-09-15,51750,2026-11-12,put,regular,57,0.39,58,390.0
2026-09-15,52000,2026-11-12,put,regular,1426,0.3869,58,405.0
2026-09-15,52250,2026-11-12,put,regular,8,0.3835,58,420.0
2026-09-15,52500,2026-11-12,put,regular,462,0.3789,58,430.0
2026-09-15,52750,2026-11-12,put,regular,19,0.3776,58,455.0
2026-09-15,53000,2026-11-12,put,regular,174,0.3727,58,465.0
2026-09-15,53250,2026-11-12,put,regular,32,0.3711,58,490.0
2026-09-15,53500,2026-11-12,put,regular,529,0.3682,58,510.0
2026-09-15,53750,2026-11-12,put,regular,50,0.364,58,525.0
2026-09-15,54000,2026-11-12,put,regular,644,0.3628,58,555.0
2026-09-15,54250,2026-11-12,put,regular,4,0.3594,58,575.0
2026-09-15,54500,2026-11-12,put,regular,902,0.3577,58,605.0
2026-09-15,54750,2026-11-12,put,regular,15,0.3539,58,625.0
2026-09-15,55000,2026-11-12,put,regular,619,0.3527,58,660.0
2026-09-15,55250,2026-11-12,put,regular,27,0.3485,58,680.0
2026-09-15,55500,2026-11-12,put,regular,176,0.346,58,710.0
2026-09-15,55750,2026-11-12,put,regular,53,0.3433,58,740.0
2026-09-15,56000,2026-11-12,put,regular,674,0.3428,58,785.0
2026-09-15,56250,2026-11-12,put,regular,67,0.3403,58,820.0
2026-09-15,56500,2026-11-12,put,regular,402,0.3377,58,855.0
2026-09-15,56750,2026-11-12,put,regular,65,0.3356,58,895.0
2026-09-15,57000,2026-11-12,put,regular,772,0.3333,58,935.0
2026-09-15,57250,2026-11-12,put,regular,105,0.3315,58,980.0
2026-09-15,57500,2026-11-12,put,regular,463,0.3293,58,1025.0
2026-09-15,57750,2026-11-12,put,regular,123,0.3277,58,1075.0
2026-09-15,58000,2026-11-12,put,regular,752,0.3217,58,1095.0
2026-09-15,58250,2026-11-12,put,regular,85,0.3203,58,1150.0
2026-09-15,58500,2026-11-12,put,regular,347,0.3217,58,1230.0
2026-09-15,58750,2026-11-12,put,regular,28,0.3202,58,1290.0
2026-09-15,59000,2026-11-12,put,regular,296,0.316,58,1330.0
2026-09-15,59250,2026-11-12,put,regular,6,0.3164,58,1410.0
2026-09-15,59500,2026-11-12,put,regular,1966,0.3147,58,1475.0
2026-09-15,59750,2026-11-12,put,regular,1,0.3133,58,1545.0
2026-09-15,60000,2026-11-12,put,regular,1044,0.3115,58,1615.0
2026-09-15,60250,2026-11-12,put,regular,18,0.3101,58,1690.0
2026-09-15,60500,2026-11-12,put,regular,105,0.3089,58,1770.0
2026-09-15,60750,2026-11-12,put,regular,28,0.3074,58,1850.0
2026-09-15,61000,2026-11-12,put,regular,622,0.3061,58,1935.0
2026-09-15,61250,2026-11-12,put,regular,16,0.3045,58,2020.0
2026-09-15,61500,2026-11-12,put,regular,18,0.3037,58,2115.0
2026-09-15,61625,2026-11-12,put,regular,2350000,0.3034,58,2165.0
2026-09-15,61750,2026-11-12,put,regular,2395000,0.302,58,2205.0
2026-09-15,61875,2026-11-12,put,regular,2450000,0.3026,58,2265.0
2026-09-15,62000,2026-11-12,put,regular,1223,0.3005,58,2300.0
2026-09-15,62125,2026-11-12,put,regular,12630000,0.301,58,2360.0
2026-09-15,62250,2026-11-12,put,regular,37210000,0.2998,58,2405.0
2026-09-15,62500,2026-11-12,put,regular,404,0.2987,58,2510.0
2026-09-15,62875,2026-11-12,put,regular,4,0.2972,58,2675.0
2026-09-15,63000,2026-11-12,put,regular,566,0.2965,58,2730.0
2026-09-15,63500,2026-11-12,put,regular,12,0.2946,58,2965.0
2026-09-15,63750,2026-11-12,put,regular,3225000,0.2939,58,3090.0
2026-09-15,64000,2026-11-12,put,regular,483,0.2933,58,3220.0
2026-09-15,64500,2026-11-12,put,regular,300,0.2922,58,3490.0
2026-09-15,65000,2026-11-12,put,regular,901,0.2908,58,3770.0
2026-09-15,65375,2026-11-12,put,regular,30,0.2894,58,3985.0
2026-09-15,65500,2026-11-12,put,regular,100,0.2896,58,4065.0
2026-09-15,66000,2026-11-12,put,regular,1720,0.2891,58,4380.0
2026-09-15,66500,2026-11-12,put,regular,239,0.2889,58,4710.0
2026-09-15,67000,2026-11-12,put,regular,870,0.2885,58,5050.0
2026-09-15,67500,2026-11-12,put,regular,4,0.2879,58,5400.0
2026-09-15,68375,2026-11-12,put,regular,16,0.2912,58,6075.0
2026-09-15,68500,2026-11-12,put,regular,553,0.29,58,6160.0
2026-09-15,69000,2026-11-12,put,regular,450,0.29,58,6545.0
2026-09-15,69500,2026-11-12,put,regular,1,0.2913,58,6950.0
2026-09-15,70000,2026-11-12,put,regular,460,0.2929,58,7365.0
2026-09-15,70750,2026-11-12,put,regular,160,0.2952,58,8000.0
2026-09-15,72500,2026-11-12,put,regular,330,0.3039,58,9555.0
2026-09-15,79500,2026-11-12,put,regular,2,0.3677,58,16265.0
2026-09-15,12500,2026-12-10,put,regular,930,1.0592,86,3.0
2026-09-15,13000,2026-12-10,put,regular,28,1.0019,86,2.0
2026-09-15,13500,2026-12-10,put,regular,100,0.9304,86,1.0
2026-09-15,14000,2026-12-10,put,regular,11,0.9557,86,2.0
2026-09-15,14500,2026-12-10,put,regular,1,0.8881,86,1.0
2026-09-15,14750,2026-12-10,put,regular,1,0.878,86,1.0
2026-09-15,15000,2026-12-10,put,regular,4,0.9128,86,2.0
2026-09-15,16000,2026-12-10,put,regular,3,0.8299,86,1.0
2026-09-15,17000,2026-12-10,put,regular,3,0.7941,86,1.0
2026-09-15,18000,2026-12-10,put,regular,153,0.7998,86,2.0
2026-09-15,19000,2026-12-10,put,regular,650,0.7286,86,1.0
2026-09-15,20000,2026-12-10,put,regular,2454,0.8426,86,10.0
2026-09-15,20250,2026-12-10,put,regular,3,0.6912,86,1.0
2026-09-15,21000,2026-12-10,put,regular,350,0.6698,86,1.0
2026-09-15,21500,2026-12-10,put,regular,500,0.656,86,1.0
2026-09-15,22000,2026-12-10,put,regular,1716,0.7757,86,10.0
2026-09-15,22500,2026-12-10,put,regular,150,0.7001,86,4.0
2026-09-15,23000,2026-12-10,put,regular,2106,0.6487,86,2.0
2026-09-15,23500,2026-12-10,put,regular,127,0.6719,86,4.0
2026-09-15,24000,2026-12-10,put,regular,405,0.6818,86,6.0
2026-09-15,24500,2026-12-10,put,regular,250,0.6857,86,8.0
2026-09-15,24750,2026-12-10,put,regular,1,0.6863,86,9.0
2026-09-15,25000,2026-12-10,put,regular,2014,0.6862,86,10.0
2026-09-15,25250,2026-12-10,put,regular,1,0.6856,86,11.0
2026-09-15,25500,2026-12-10,put,regular,2,0.6786,86,11.0
2026-09-15,26000,2026-12-10,put,regular,1425,0.6761,86,13.0
2026-09-15,26500,2026-12-10,put,regular,1,0.6674,86,14.0
2026-09-15,27000,2026-12-10,put,regular,2630,0.663,86,16.0
2026-09-15,27500,2026-12-10,put,regular,25,0.6577,86,18.0
2026-09-15,27750,2026-12-10,put,regular,72,0.6548,86,19.0
2026-09-15,28000,2026-12-10,put,regular,1331,0.6518,86,20.0
2026-09-15,28500,2026-12-10,put,regular,400,0.6453,86,22.0
2026-09-15,29000,2026-12-10,put,regular,1450,0.6384,86,24.0
2026-09-15,30000,2026-12-10,put,regular,7963,0.6424,86,36.0
2026-09-15,30500,2026-12-10,put,regular,51,0.6204,86,32.0
2026-09-15,31000,2026-12-10,put,regular,2037,0.6142,86,35.0
2026-09-15,31500,2026-12-10,put,regular,350,0.6076,86,38.0
2026-09-15,32000,2026-12-10,put,regular,4655,0.6007,86,41.0
2026-09-15,32250,2026-12-10,put,regular,600,0.598,86,43.0
2026-09-15,32500,2026-12-10,put,regular,900,0.5935,86,44.0
2026-09-15,33000,2026-12-10,put,regular,3362,0.5876,86,48.0
2026-09-15,33250,2026-12-10,put,regular,37,0.5846,86,50.0
2026-09-15,33500,2026-12-10,put,regular,72,0.5814,86,52.0
2026-09-15,34000,2026-12-10,put,regular,2820,0.5747,86,56.0
2026-09-15,34500,2026-12-10,put,regular,560,0.5691,86,61.0
2026-09-15,34750,2026-12-10,put,regular,1,0.5643,86,62.0
2026-09-15,35000,2026-12-10,put,regular,5049,0.5666,86,69.0
2026-09-15,36000,2026-12-10,put,regular,2905,0.5657,86,92.0
2026-09-15,36500,2026-12-10,put,regular,225,0.5561,86,95.0
2026-09-15,36750,2026-12-10,put,regular,400,0.5508,86,96.0
2026-09-15,37000,2026-12-10,put,regular,2635,0.5447,86,96.0
2026-09-15,37500,2026-12-10,put,regular,188,0.5417,86,107.0
2026-09-15,37750,2026-12-10,put,regular,100,0.5403,86,113.0
2026-09-15,38000,2026-12-10,put,regular,2686,0.5343,86,113.0
2026-09-15,38500,2026-12-10,put,regular,1150,0.5266,86,119.0
2026-09-15,38750,2026-12-10,put,regular,50,0.5234,86,123.0
2026-09-15,39000,2026-12-10,put,regular,2406,0.5195,86,126.0
2026-09-15,39250,2026-12-10,put,regular,650,0.5169,86,131.0
2026-09-15,39500,2026-12-10,put,regular,1008,0.5115,86,132.0
2026-09-15,40000,2026-12-10,put,regular,5304,0.501,86,134.0
2026-09-15,40250,2026-12-10,put,regular,5,0.5012,86,144.0
2026-09-15,40500,2026-12-10,put,regular,1399,0.4976,86,148.0
2026-09-15,40750,2026-12-10,put,regular,1,0.4957,86,155.0
2026-09-15,41000,2026-12-10,put,regular,1928,0.4892,86,154.0
2026-09-15,41250,2026-12-10,put,regular,3,0.4866,86,160.0
2026-09-15,41500,2026-12-10,put,regular,101,0.4839,86,166.0
2026-09-15,42000,2026-12-10,put,regular,3702,0.4792,86,180.0
2026-09-15,42500,2026-12-10,put,regular,301,0.4698,86,185.0
2026-09-15,43000,2026-12-10,put,regular,2186,0.46,86,189.0
2026-09-15,43500,2026-12-10,put,regular,100,0.4567,86,208.0
2026-09-15,43750,2026-12-10,put,regular,9,0.4513,86,209.0
2026-09-15,44000,2026-12-10,put,regular,2800,0.4499,86,220.0
2026-09-15,44750,2026-12-10,put,regular,1,0.4394,86,238.0
2026-09-15,45000,2026-12-10,put,regular,2725,0.4365,86,246.0
2026-09-15,45250,2026-12-10,put,regular,51,0.4339,86,255.0
2026-09-15,45500,2026-12-10,put,regular,350,0.4329,86,269.0
2026-09-15,46000,2026-12-10,put,regular,3857,0.4242,86,278.0
2026-09-15,46250,2026-12-10,put,regular,71,0.4231,86,293.0
2026-09-15,46500,2026-12-10,put,regular,101,0.4172,86,293.0
2026-09-15,46750,2026-12-10,put,regular,24,0.4135,86,300.0
2026-09-15,47000,2026-12-10,put,regular,2846,0.4136,86,320.0
2026-09-15,47500,2026-12-10,put,regular,1121,0.4075,86,340.0
2026-09-15,47750,2026-12-10,put,regular,5,0.4029,86,345.0
2026-09-15,48000,2026-12-10,put,regular,4135,0.3997,86,355.0
2026-09-15,48250,2026-12-10,put,regular,5,0.3951,86,360.0
2026-09-15,48500,2026-12-10,put,regular,304,0.3943,86,380.0
2026-09-15,48750,2026-12-10,put,regular,4,0.3921,86,395.0
2026-09-15,49000,2026-12-10,put,regular,3631,0.3897,86,410.0
2026-09-15,49250,2026-12-10,put,regular,207,0.3849,86,415.0
2026-09-15,49500,2026-12-10,put,regular,2722,0.3824,86,430.0
2026-09-15,49750,2026-12-10,put,regular,75,0.3797,86,445.0
2026-09-15,50000,2026-12-10,put,regular,8864,0.377,86,460.0
2026-09-15,50250,2026-12-10,put,regular,16,0.3741,86,475.0
2026-09-15,50500,2026-12-10,put,regular,1696,0.3701,86,485.0
2026-09-15,50750,2026-12-10,put,regular,49,0.3671,86,500.0
2026-09-15,51000,2026-12-10,put,regular,2304,0.3659,86,525.0
2026-09-15,51250,2026-12-10,put,regular,4,0.3627,86,540.0
2026-09-15,51500,2026-12-10,put,regular,20,0.3603,86,560.0
2026-09-15,51750,2026-12-10,put,regular,3,0.3587,86,585.0
2026-09-15,52000,2026-12-10,put,regular,2767,0.3569,86,610.0
2026-09-15,52250,2026-12-10,put,regular,525,0.3549,86,635.0
2026-09-15,52500,2026-12-10,put,regular,601,0.3503,86,645.0
2026-09-15,53000,2026-12-10,put,regular,2015,0.349,86,715.0
2026-09-15,53250,2026-12-10,put,regular,188,0.3464,86,740.0
2026-09-15,53500,2026-12-10,put,regular,207,0.3438,86,765.0
2026-09-15,53750,2026-12-10,put,regular,45,0.3417,86,795.0
2026-09-15,54000,2026-12-10,put,regular,3483,0.3352,86,795.0
2026-09-15,54500,2026-12-10,put,regular,780,0.3374,86,905.0
2026-09-15,54750,2026-12-10,put,regular,32,0.3354,86,940.0
2026-09-15,55000,2026-12-10,put,regular,4922,0.3326,86,970.0
2026-09-15,55250,2026-12-10,put,regular,1,0.3309,86,1010.0
2026-09-15,55500,2026-12-10,put,regular,101,0.3266,86,1030.0
2026-09-15,55750,2026-12-10,put,regular,23,0.3215,86,1045.0
2026-09-15,56000,2026-12-10,put,regular,2628,0.3249,86,1130.0
2026-09-15,56250,2026-12-10,put,regular,45,0.3202,86,1150.0
2026-09-15,56500,2026-12-10,put,regular,321,0.3212,86,1220.0
2026-09-15,56750,2026-12-10,put,regular,12,0.318,86,1255.0
2026-09-15,57000,2026-12-10,put,regular,2487,0.3141,86,1285.0
2026-09-15,57250,2026-12-10,put,regular,28,0.316,86,1370.0
2026-09-15,57500,2026-12-10,put,regular,886,0.3134,86,1415.0
2026-09-15,58000,2026-12-10,put,regular,2301,0.3072,86,1500.0
2026-09-15,58250,2026-12-10,put,regular,65,0.3047,86,1550.0
2026-09-15,58500,2026-12-10,put,regular,855,0.3014,86,1595.0
2026-09-15,59000,2026-12-10,put,regular,2405,0.3032,86,1775.0
2026-09-15,59250,2026-12-10,put,regular,60,0.3018,86,1845.0
2026-09-15,59500,2026-12-10,put,regular,268,0.296,86,1870.0
2026-09-15,60000,2026-12-10,put,regular,9571,0.2982,86,2075.0
2026-09-15,60250,2026-12-10,put,regular,36,0.2969,86,2155.0
2026-09-15,60500,2026-12-10,put,regular,200,0.2958,86,2240.0
2026-09-15,61000,2026-12-10,put,regular,1336,0.293,86,2410.0
2026-09-15,61250,2026-12-10,put,regular,42,0.2904,86,2485.0
2026-09-15,61500,2026-12-10,put,regular,1,0.2897,86,2585.0
2026-09-15,62000,2026-12-10,put,regular,3260,0.2873,86,2780.0
2026-09-15,62250,2026-12-10,put,regular,250,0.2859,86,2880.0
2026-09-15,62500,2026-12-10,put,regular,1087,0.2848,86,2985.0
2026-09-15,63000,2026-12-10,put,regular,2730,0.2827,86,3205.0
2026-09-15,63250,2026-12-10,put,regular,23,0.2825,86,3330.0
2026-09-15,63500,2026-12-10,put,regular,600,0.2796,86,3425.0
2026-09-15,63750,2026-12-10,put,regular,55,0.279,86,3550.0
2026-09-15,64000,2026-12-10,put,regular,2032,0.2789,86,3685.0
2026-09-15,64500,2026-12-10,put,regular,75,0.2765,86,3935.0
2026-09-15,65000,2026-12-10,put,regular,4312,0.2751,86,4210.0
2026-09-15,65500,2026-12-10,put,regular,605,0.2732,86,4490.0
2026-09-15,65750,2026-12-10,put,regular,15,0.2728,86,4640.0
2026-09-15,66000,2026-12-10,put,regular,1038,0.2725,86,4795.0
2026-09-15,66500,2026-12-10,put,regular,750,0.2738,86,5135.0
2026-09-15,67000,2026-12-10,put,regular,1590,0.2729,86,5460.0
2026-09-15,67250,2026-12-10,put,regular,25,0.2724,86,5625.0
2026-09-15,67500,2026-12-10,put,regular,25,0.2721,86,5795.0
2026-09-15,68000,2026-12-10,put,regular,1900,0.2716,86,6145.0
2026-09-15,68500,2026-12-10,put,regular,203,0.2712,86,6505.0
2026-09-15,68750,2026-12-10,put,regular,100,0.2711,86,6690.0
2026-09-15,69000,2026-12-10,put,regular,1570,0.2708,86,6875.0
2026-09-15,70000,2026-12-10,put,regular,1653,0.2685,86,7625.0
2026-09-15,71000,2026-12-10,put,regular,31,0.2672,86,8420.0
2026-09-15,72000,2026-12-10,put,regular,120,0.2702,86,9280.0
2026-09-15,72500,2026-12-10,put,regular,420,0.272,86,9720.0
2026-09-15,74000,2026-12-10,put,regular,101,0.2734,86,11040.0
2026-09-15,76000,2026-12-10,put,regular,300,0.2786,86,12880.0
2026-09-15,80000,2026-12-10,put,regular,3700,0.2934,86,16700.0
2026-09-15,90000,2026-12-10,put,regular,3,0.3456,86,26560.0
2026-09-15,40000,2027-01-07,put,regular,1,0.4568,114,177.0
2026-09-15,41000,2027-01-07,put,regular,1,0.4435,114,195.0
2026-09-15,44000,2027-01-07,put,regular,331,0.4099,114,278.0
2026-09-15,45000,2027-01-07,put,regular,1000,0.4051,114,335.0
2026-09-15,47000,2027-01-07,put,regular,98,0.3819,114,415.0
2026-09-15,48000,2027-01-07,put,regular,200,0.3721,114,470.0
2026-09-15,48750,2027-01-07,put,regular,10,0.3646,114,515.0
2026-09-15,50000,2027-01-07,put,regular,315,0.3531,114,605.0
2026-09-15,52000,2027-01-07,put,regular,300,0.3375,114,800.0
2026-09-15,52500,2027-01-07,put,regular,20,0.3334,114,855.0
2026-09-15,53750,2027-01-07,put,regular,10,0.3245,114,1020.0
2026-09-15,55000,2027-01-07,put,regular,100,0.3164,114,1220.0
2026-09-15,57000,2027-01-07,put,regular,60,0.3039,114,1615.0
2026-09-15,58000,2027-01-07,put,regular,57,0.2985,114,1860.0
2026-09-15,60000,2027-01-07,put,regular,186,0.2846,114,2400.0
2026-09-15,60500,2027-01-07,put,regular,42,0.2819,114,2565.0
2026-09-15,61000,2027-01-07,put,regular,1,0.2797,114,2745.0
2026-09-15,61500,2027-01-07,put,regular,50,0.2776,114,2935.0
2026-09-15,64000,2027-01-07,put,regular,100,0.27,114,4075.0
2026-09-15,65000,2027-01-07,put,regular,3,0.2675,114,4610.0
2026-09-15,65500,2027-01-07,put,regular,1,0.2661,114,4890.0
2026-09-15,65750,2027-01-07,put,regular,1,0.2662,114,5045.0
2026-09-15,66000,2027-01-07,put,regular,110,0.2657,114,5195.0
2026-09-15,66500,2027-01-07,put,regular,3,0.2654,114,5510.0
2026-09-15,67000,2027-01-07,put,regular,2,0.2644,114,5825.0
2026-09-15,67500,2027-01-07,put,regular,1,0.2626,114,6140.0
2026-09-15,67750,2027-01-07,put,regular,1,0.262,114,6305.0
2026-09-15,45000,2027-02-10,put,regular,300,0.3746,148,420.0
2026-09-15,47000,2027-02-10,put,regular,125,0.3592,148,545.0
2026-09-15,57500,2027-02-10,put,regular,100,0.2921,148,2095.0
2026-09-15,65000,2027-02-10,put,regular,328,0.2589,148,4995.0
2026-09-15,67000,2027-02-10,put,regular,2,0.2548,148,6175.0
2026-09-15,67250,2027-02-10,put,regular,12,0.2541,148,6330.0
2026-09-15,20000,2027-03-11,put,regular,15,0.6298,177,20.0
2026-09-15,22000,2027-03-11,put,regular,2,0.5993,177,27.0
2026-09-15,29000,2027-03-11,put,regular,1,0.5168,177,79.0
2026-09-15,30000,2027-03-11,put,regular,2,0.5056,177,90.0
2026-09-15,33000,2027-03-11,put,regular,113,0.4727,177,130.0
2026-09-15,35000,2027-03-11,put,regular,700,0.4511,177,163.0
2026-09-15,37000,2027-03-11,put,regular,500,0.4306,177,204.0
2026-09-15,38000,2027-03-11,put,regular,300,0.4206,177,228.0
2026-09-15,40000,2027-03-11,put,regular,1571,0.4017,177,286.0
2026-09-15,41000,2027-03-11,put,regular,250,0.3925,177,320.0
2026-09-15,42000,2027-03-11,put,regular,534,0.384,177,360.0
2026-09-15,42500,2027-03-11,put,regular,200,0.3794,177,380.0
2026-09-15,43000,2027-03-11,put,regular,114,0.3757,177,405.0
2026-09-15,43500,2027-03-11,put,regular,66,0.3706,177,425.0
2026-09-15,43750,2027-03-11,put,regular,12,0.3691,177,440.0
2026-09-15,44000,2027-03-11,put,regular,275,0.3664,177,450.0
2026-09-15,45000,2027-03-11,put,regular,1694,0.3591,177,510.0
2026-09-15,46000,2027-03-11,put,regular,116,0.3508,177,570.0
2026-09-15,47000,2027-03-11,put,regular,950,0.3437,177,645.0
2026-09-15,48000,2027-03-11,put,regular,599,0.3362,177,725.0
2026-09-15,48500,2027-03-11,put,regular,51,0.3327,177,770.0
2026-09-15,49000,2027-03-11,put,regular,102,0.3295,177,820.0
2026-09-15,50000,2027-03-11,put,regular,1404,0.3228,177,925.0
2026-09-15,50250,2027-03-11,put,regular,112,0.3207,177,950.0
2026-09-15,51000,2027-03-11,put,regular,24,0.3164,177,1045.0
2026-09-15,51250,2027-03-11,put,regular,108,0.3146,177,1075.0
2026-09-15,52000,2027-03-11,put,regular,2170,0.3102,177,1180.0
2026-09-15,52500,2027-03-11,put,regular,50,0.3073,177,1255.0
2026-09-15,53000,2027-03-11,put,regular,775,0.3044,177,1335.0
2026-09-15,53500,2027-03-11,put,regular,200,0.3017,177,1420.0
2026-09-15,54000,2027-03-11,put,regular,534,0.299,177,1510.0
2026-09-15,55000,2027-03-11,put,regular,966,0.2937,177,1705.0
2026-09-15,55500,2027-03-11,put,regular,100,0.2914,177,1815.0
2026-09-15,56000,2027-03-11,put,regular,1086,0.2886,177,1925.0
2026-09-15,56250,2027-03-11,put,regular,120,0.2875,177,1985.0
2026-09-15,57000,2027-03-11,put,regular,1775,0.2842,177,2175.0
2026-09-15,58000,2027-03-11,put,regular,2905,0.2797,177,2450.0
2026-09-15,58500,2027-03-11,put,regular,110,0.2776,177,2600.0
2026-09-15,59500,2027-03-11,put,regular,453,0.2725,177,2905.0
2026-09-15,60000,2027-03-11,put,regular,2290,0.271,177,3085.0
2026-09-15,60500,2027-03-11,put,regular,75,0.2693,177,3270.0
2026-09-15,61000,2027-03-11,put,regular,160,0.2672,177,3455.0
2026-09-15,62000,2027-03-11,put,regular,1020,0.2639,177,3865.0
2026-09-15,62500,2027-03-11,put,regular,500,0.2624,177,4085.0
2026-09-15,63000,2027-03-11,put,regular,1548,0.2607,177,4310.0
2026-09-15,64000,2027-03-11,put,regular,1240,0.2573,177,4785.0
2026-09-15,65000,2027-03-11,put,regular,880,0.2543,177,5300.0
2026-09-15,66000,2027-03-11,put,regular,328,0.2521,177,5865.0
2026-09-15,66250,2027-03-11,put,regular,15,0.2515,177,6010.0
2026-09-15,66500,2027-03-11,put,regular,16,0.2508,177,6155.0
2026-09-15,67000,2027-03-11,put,regular,300,0.2498,177,6460.0
2026-09-15,68000,2027-03-11,put,regular,130,0.2472,177,7085.0
2026-09-15,69000,2027-03-11,put,regular,350,0.2451,177,7750.0
2026-09-15,69250,2027-03-11,put,regular,10,0.2445,177,7920.0
2026-09-15,70000,2027-03-11,put,regular,480,0.2446,177,8470.0
2026-09-15,72000,2027-03-11,put,regular,100,0.2409,177,9955.0
2026-09-15,62000,2027-04-08,put,regular,30,0.271,205,4340.0
2026-09-15,48000,2027-05-13,put,regular,100,0.3276,240,1090.0
2026-09-15,12500,2027-06-10,put,regular,12,0.5816,268,2.0
2026-09-15,14500,2027-06-10,put,regular,4,0.5696,268,5.0
2026-09-15,15000,2027-06-10,put,regular,1,0.5656,268,6.0
2026-09-15,16250,2027-06-10,put,regular,167,0.5655,268,11.0
2026-09-15,23000,2027-06-10,put,regular,140,0.5225,268,67.0
2026-09-15,24000,2027-06-10,put,regular,100,0.515,268,81.0
2026-09-15,25000,2027-06-10,put,regular,250,0.5061,268,95.0
2026-09-15,26000,2027-06-10,put,regular,200,0.4968,268,110.0
2026-09-15,28000,2027-06-10,put,regular,875,0.4787,268,145.0
2026-09-15,28500,2027-06-10,put,regular,100,0.4738,268,154.0
2026-09-15,29000,2027-06-10,put,regular,165,0.4692,268,164.0
2026-09-15,30000,2027-06-10,put,regular,1201,0.4595,268,184.0
2026-09-15,31000,2027-06-10,put,regular,100,0.4501,268,206.0
2026-09-15,31500,2027-06-10,put,regular,1,0.4452,268,217.0
2026-09-15,32000,2027-06-10,put,regular,250,0.4405,268,229.0
2026-09-15,33000,2027-06-10,put,regular,150,0.431,268,254.0
2026-09-15,34000,2027-06-10,put,regular,1300,0.4217,268,281.0
2026-09-15,35000,2027-06-10,put,regular,1628,0.4124,268,310.0
2026-09-15,35500,2027-06-10,put,regular,145,0.409,268,330.0
2026-09-15,36000,2027-06-10,put,regular,300,0.4041,268,345.0
2026-09-15,37000,2027-06-10,put,regular,50,0.3953,268,380.0
2026-09-15,38000,2027-06-10,put,regular,201,0.3859,268,415.0
2026-09-15,38500,2027-06-10,put,regular,140,0.3816,268,435.0
2026-09-15,39000,2027-06-10,put,regular,50,0.378,268,460.0
2026-09-15,39500,2027-06-10,put,regular,101,0.3734,268,480.0
2026-09-15,40000,2027-06-10,put,regular,1150,0.3696,268,505.0
2026-09-15,41000,2027-06-10,put,regular,100,0.3622,268,560.0
2026-09-15,42000,2027-06-10,put,regular,400,0.3541,268,615.0
2026-09-15,42500,2027-06-10,put,regular,61,0.3502,268,645.0
2026-09-15,43000,2027-06-10,put,regular,35,0.3468,268,680.0
2026-09-15,43750,2027-06-10,put,regular,2,0.3417,268,735.0
2026-09-15,44000,2027-06-10,put,regular,196,0.3395,268,750.0
2026-09-15,45000,2027-06-10,put,regular,2075,0.3333,268,835.0
2026-09-15,46000,2027-06-10,put,regular,773,0.3267,268,925.0
2026-09-15,46500,2027-06-10,put,regular,70,0.3237,268,975.0
2026-09-15,47000,2027-06-10,put,regular,201,0.3204,268,1025.0
2026-09-15,47750,2027-06-10,put,regular,100,0.3161,268,1110.0
2026-09-15,48000,2027-06-10,put,regular,1229,0.3147,268,1140.0
2026-09-15,49000,2027-06-10,put,regular,300,0.3094,268,1270.0
2026-09-15,50000,2027-06-10,put,regular,2132,0.3043,268,1415.0
2026-09-15,50500,2027-06-10,put,regular,325,0.3016,268,1490.0
2026-09-15,51000,2027-06-10,put,regular,100,0.2994,268,1575.0
2026-09-15,51250,2027-06-10,put,regular,3,0.298,268,1615.0
2026-09-15,52000,2027-06-10,put,regular,1105,0.2949,268,1755.0
2026-09-15,52250,2027-06-10,put,regular,88,0.2936,268,1800.0
2026-09-15,52500,2027-06-10,put,regular,187,0.2926,268,1850.0
2026-09-15,52750,2027-06-10,put,regular,750,0.2915,268,1900.0
2026-09-15,53000,2027-06-10,put,regular,720,0.2903,268,1950.0
2026-09-15,53500,2027-06-10,put,regular,1,0.2884,268,2060.0
2026-09-15,53750,2027-06-10,put,regular,35,0.2874,268,2115.0
2026-09-15,54000,2027-06-10,put,regular,1805,0.2862,268,2170.0
2026-09-15,55000,2027-06-10,put,regular,1400,0.2826,268,2415.0
2026-09-15,55500,2027-06-10,put,regular,255,0.281,268,2550.0
2026-09-15,56000,2027-06-10,put,regular,1322,0.2791,268,2685.0
2026-09-15,56500,2027-06-10,put,regular,40,0.2775,268,2830.0
2026-09-15,57000,2027-06-10,put,regular,1045,0.2759,268,2980.0
2026-09-15,57500,2027-06-10,put,regular,2,0.2742,268,3135.0
2026-09-15,57750,2027-06-10,put,regular,112,0.2737,268,3220.0
2026-09-15,58000,2027-06-10,put,regular,737,0.2728,268,3300.0
2026-09-15,58500,2027-06-10,put,regular,401,0.2715,268,3475.0
2026-09-15,59000,2027-06-10,put,regular,535,0.2699,268,3650.0
2026-09-15,59500,2027-06-10,put,regular,212,0.2688,268,3840.0
2026-09-15,60000,2027-06-10,put,regular,2106,0.2673,268,4030.0
2026-09-15,61000,2027-06-10,put,regular,3,0.265,268,4440.0
2026-09-15,62000,2027-06-10,put,regular,800,0.2627,268,4880.0
2026-09-15,63000,2027-06-10,put,regular,950,0.2606,268,5350.0
2026-09-15,64000,2027-06-10,put,regular,370,0.2587,268,5850.0
2026-09-15,64750,2027-06-10,put,regular,104,0.2573,268,6245.0
2026-09-15,65000,2027-06-10,put,regular,1888,0.2568,268,6380.0
2026-09-15,65500,2027-06-10,put,regular,26,0.2559,268,6655.0
2026-09-15,66000,2027-06-10,put,regular,425,0.2551,268,6940.0
2026-09-15,66750,2027-06-10,put,regular,150,0.2539,268,7380.0
2026-09-15,67000,2027-06-10,put,regular,1070,0.2535,268,7530.0
2026-09-15,67500,2027-06-10,put,regular,100,0.2528,268,7835.0
2026-09-15,68000,2027-06-10,put,regular,600,0.2519,268,8145.0
2026-09-15,68500,2027-06-10,put,regular,200,0.2512,268,8465.0
2026-09-15,69000,2027-06-10,put,regular,500,0.2505,268,8790.0
2026-09-15,70000,2027-06-10,put,regular,700,0.249,268,9460.0
2026-09-15,72000,2027-06-10,put,regular,100,0.2463,268,10875.0
2026-09-15,77500,2027-06-10,put,regular,50,0.2388,268,15200.0
2026-09-15,67000,2027-07-08,put,regular,58,0.2527,296,7785.0
2026-09-15,27000,2027-09-09,put,regular,150,0.4415,359,170.0
2026-09-15,31000,2027-09-09,put,regular,200,0.4084,359,270.0
2026-09-15,32000,2027-09-09,put,regular,150,0.4015,359,305.0
2026-09-15,45000,2027-09-09,put,regular,100,0.3187,359,1165.0
2026-09-15,47000,2027-09-09,put,regular,200,0.3088,359,1420.0
2026-09-15,48000,2027-09-09,put,regular,100,0.304,359,1565.0
2026-09-15,49000,2027-09-09,put,regular,200,0.2995,359,1725.0
2026-09-15,50000,2027-09-09,put,regular,125,0.2952,359,1900.0
2026-09-15,51000,2027-09-09,put,regular,4,0.2909,359,2090.0
2026-09-15,52000,2027-09-09,put,regular,3,0.287,359,2300.0
2026-09-15,53000,2027-09-09,put,regular,300,0.2831,359,2525.0
2026-09-15,54250,2027-09-09,put,regular,200,0.2787,359,2840.0
2026-09-15,55000,2027-09-09,put,regular,600,0.2759,359,3040.0
2026-09-15,56000,2027-09-09,put,regular,80,0.2726,359,3330.0
2026-09-15,58000,2027-09-09,put,regular,1,0.2663,359,3975.0
2026-09-15,60000,2027-09-09,put,regular,360,0.2608,359,4725.0
2026-09-15,60750,2027-09-09,put,regular,4,0.2587,359,5030.0
2026-09-15,62000,2027-09-09,put,regular,189,0.2555,359,5570.0
2026-09-15,64500,2027-09-09,put,regular,92,0.2499,359,6785.0
2026-09-15,65000,2027-09-09,put,regular,300,0.2487,359,7045.0
2026-09-15,67000,2027-09-09,put,regular,30,0.2447,359,8160.0
2026-09-15,68250,2027-09-09,put,regular,200,0.2426,359,8915.0
2026-09-15,68750,2027-09-09,put,regular,93,0.2417,359,9225.0
2026-09-15,12500,2027-12-09,put,regular,11,0.5383,450,16.0
2026-09-15,13000,2027-12-09,put,regular,1,0.5287,450,17.0
2026-09-15,16000,2027-12-09,put,regular,350,0.5001,450,36.0
2026-09-15,19000,2027-12-09,put,regular,301,0.4731,450,65.0
2026-09-15,20000,2027-12-09,put,regular,400,0.465,450,78.0
2026-09-15,21000,2027-12-09,put,regular,50,0.456,450,91.0
2026-09-15,22000,2027-12-09,put,regular,408,0.4481,450,107.0
2026-09-15,22500,2027-12-09,put,regular,36,0.4439,450,115.0
2026-09-15,23000,2027-12-09,put,regular,132,0.44,450,124.0
2026-09-15,23750,2027-12-09,put,regular,39,0.434,450,138.0
2026-09-15,24000,2027-12-09,put,regular,1721,0.4316,450,142.0
2026-09-15,25000,2027-12-09,put,regular,1350,0.424,450,163.0
2026-09-15,26000,2027-12-09,put,regular,300,0.4164,450,186.0
2026-09-15,26500,2027-12-09,put,regular,100,0.4126,450,198.0
2026-09-15,27000,2027-12-09,put,regular,1300,0.409,450,211.0
2026-09-15,28000,2027-12-09,put,regular,2125,0.4015,450,238.0
2026-09-15,29000,2027-12-09,put,regular,450,0.3944,450,268.0
2026-09-15,29500,2027-12-09,put,regular,249,0.3908,450,284.0
2026-09-15,30000,2027-12-09,put,regular,2645,0.3884,450,305.0
2026-09-15,31000,2027-12-09,put,regular,1750,0.3812,450,340.0
2026-09-15,31500,2027-12-09,put,regular,204,0.378,450,360.0
2026-09-15,32000,2027-12-09,put,regular,1425,0.3746,450,380.0
2026-09-15,32250,2027-12-09,put,regular,30,0.3729,450,390.0
2026-09-15,32750,2027-12-09,put,regular,35,0.3693,450,410.0
2026-09-15,33000,2027-12-09,put,regular,450,0.3684,450,425.0
2026-09-15,34000,2027-12-09,put,regular,1794,0.3616,450,470.0
2026-09-15,34500,2027-12-09,put,regular,100,0.3585,450,495.0
2026-09-15,35000,2027-12-09,put,regular,1600,0.3559,450,525.0
2026-09-15,35500,2027-12-09,put,regular,40,0.3525,450,550.0
2026-09-15,36000,2027-12-09,put,regular,1230,0.3496,450,580.0
2026-09-15,36500,2027-12-09,put,regular,300,0.3473,450,615.0
2026-09-15,37000,2027-12-09,put,regular,1150,0.3441,450,645.0
2026-09-15,38000,2027-12-09,put,regular,1175,0.3386,450,715.0
2026-09-15,39000,2027-12-09,put,regular,800,0.3336,450,795.0
2026-09-15,39500,2027-12-09,put,regular,50,0.3309,450,835.0
2026-09-15,40000,2027-12-09,put,regular,3070,0.328,450,875.0
2026-09-15,40500,2027-12-09,put,regular,450,0.3255,450,920.0
2026-09-15,42000,2027-12-09,put,regular,550,0.3184,450,1070.0
2026-09-15,43000,2027-12-09,put,regular,240,0.3141,450,1185.0
2026-09-15,44000,2027-12-09,put,regular,100,0.3095,450,1305.0
2026-09-15,45000,2027-12-09,put,regular,2076,0.3053,450,1440.0
2026-09-15,46000,2027-12-09,put,regular,900,0.3012,450,1585.0
2026-09-15,47000,2027-12-09,put,regular,250,0.2973,450,1745.0
2026-09-15,47500,2027-12-09,put,regular,35,0.2954,450,1830.0
2026-09-15,48000,2027-12-09,put,regular,615,0.2934,450,1915.0
2026-09-15,49000,2027-12-09,put,regular,700,0.2899,450,2105.0
2026-09-15,50000,2027-12-09,put,regular,3970,0.2865,450,2310.0
2026-09-15,51000,2027-12-09,put,regular,350,0.2831,450,2530.0
2026-09-15,52000,2027-12-09,put,regular,685,0.28,450,2770.0
2026-09-15,53000,2027-12-09,put,regular,822,0.2771,450,3030.0
2026-09-15,54000,2027-12-09,put,regular,775,0.2741,450,3305.0
2026-09-15,54500,2027-12-09,put,regular,400,0.2727,450,3450.0
2026-09-15,55000,2027-12-09,put,regular,1300,0.2715,450,3605.0
2026-09-15,55500,2027-12-09,put,regular,75,0.2701,450,3760.0
2026-09-15,56000,2027-12-09,put,regular,470,0.2689,450,3925.0
2026-09-15,57000,2027-12-09,put,regular,820,0.2664,450,4265.0
2026-09-15,58000,2027-12-09,put,regular,1700,0.2639,450,4625.0
2026-09-15,58500,2027-12-09,put,regular,610,0.2627,450,4815.0
2026-09-15,59000,2027-12-09,put,regular,100,0.2618,450,5015.0
2026-09-15,60000,2027-12-09,put,regular,1262,0.2594,450,5420.0
2026-09-15,62000,2027-12-09,put,regular,425,0.2555,450,6310.0
2026-09-15,62500,2027-12-09,put,regular,70,0.2545,450,6545.0
2026-09-15,63000,2027-12-09,put,regular,650,0.2536,450,6790.0
2026-09-15,63500,2027-12-09,put,regular,50,0.2527,450,7040.0
2026-09-15,64000,2027-12-09,put,regular,130,0.2519,450,7295.0
2026-09-15,65000,2027-12-09,put,regular,1300,0.2501,450,7820.0
2026-09-15,66000,2027-12-09,put,regular,825,0.2484,450,8370.0
2026-09-15,67000,2027-12-09,put,regular,400,0.2468,450,8940.0
2026-09-15,68000,2027-12-09,put,regular,400,0.2452,450,9535.0
2026-09-15,69000,2027-12-09,put,regular,750,0.2437,450,10150.0
2026-09-15,70000,2027-12-09,put,regular,550,0.2423,450,10790.0
2026-09-15,75000,2027-12-09,put,regular,175,0.2352,450,14270.0
2026-09-15,80000,2027-12-09,put,regular,400,0.2273,450,18160.0
2026-09-15,15000,2028-06-08,put,regular,3,0.3823,632,9.0
2026-09-15,20000,2028-06-08,put,regular,3,0.3784,632,59.0
2026-09-15,25000,2028-06-08,put,regular,630,0.3773,632,224.0
2026-09-15,26000,2028-06-08,put,regular,250,0.3772,632,279.0
2026-09-15,27000,2028-06-08,put,regular,100,0.371,632,315.0
2026-09-15,30000,2028-06-08,put,regular,300,0.3551,632,455.0
2026-09-15,32000,2028-06-08,put,regular,250,0.345,632,570.0
2026-09-15,33000,2028-06-08,put,regular,100,0.34,632,635.0
2026-09-15,35000,2028-06-08,put,regular,200,0.3313,632,790.0
2026-09-15,40000,2028-06-08,put,regular,250,0.3107,632,1300.0
2026-09-15,41500,2028-06-08,put,regular,100,0.3046,632,1490.0
2026-09-15,45000,2028-06-08,put,regular,65,0.2918,632,2030.0
2026-09-15,48000,2028-06-08,put,regular,300,0.2812,632,2600.0
2026-09-15,50000,2028-06-08,put,regular,430,0.2747,632,3050.0
2026-09-15,54000,2028-06-08,put,regular,100,0.2628,632,4135.0
2026-09-15,55000,2028-06-08,put,regular,50,0.26,632,4450.0
2026-09-15,58000,2028-06-08,put,regular,200,0.2525,632,5510.0
2026-09-15,60000,2028-06-08,put,regular,250,0.2482,632,6325.0
2026-09-15,12000,2028-12-07,put,regular,300,0.3794,814,7.0
2026-09-15,16000,2028-12-07,put,regular,1950,0.3745,814,38.0
2026-09-15,18000,2028-12-07,put,regular,100,0.3741,814,75.0
2026-09-15,20000,2028-12-07,put,regular,200,0.3738,814,134.0
2026-09-15,23000,2028-12-07,put,regular,100,0.373,814,275.0
2026-09-15,23500,2028-12-07,put,regular,38,0.3738,814,310.0
2026-09-15,24000,2028-12-07,put,regular,1000,0.3729,814,340.0
2026-09-15,25000,2028-12-07,put,regular,1200,0.3729,814,415.0
2026-09-15,27000,2028-12-07,put,regular,120,0.3674,814,560.0
2026-09-15,27500,2028-12-07,put,regular,50,0.3646,814,590.0
2026-09-15,28000,2028-12-07,put,regular,1250,0.3624,814,625.0
2026-09-15,30000,2028-12-07,put,regular,550,0.3519,814,765.0
2026-09-15,31000,2028-12-07,put,regular,400,0.3471,814,845.0
2026-09-15,32000,2028-12-07,put,regular,850,0.3418,814,925.0
2026-09-15,32250,2028-12-07,put,regular,51,0.3409,814,950.0
2026-09-15,33000,2028-12-07,put,regular,525,0.3371,814,1015.0
2026-09-15,34000,2028-12-07,put,regular,775,0.3324,814,1110.0
2026-09-15,34750,2028-12-07,put,regular,100,0.3289,814,1185.0
2026-09-15,35000,2028-12-07,put,regular,1305,0.3276,814,1210.0
2026-09-15,36000,2028-12-07,put,regular,2750,0.3229,814,1315.0
2026-09-15,37000,2028-12-07,put,regular,580,0.3184,814,1430.0
2026-09-15,38000,2028-12-07,put,regular,2860,0.3139,814,1550.0
2026-09-15,39000,2028-12-07,put,regular,50,0.3094,814,1675.0
2026-09-15,40000,2028-12-07,put,regular,1210,0.3053,814,1815.0
2026-09-15,42000,2028-12-07,put,regular,350,0.2969,814,2110.0
2026-09-15,43000,2028-12-07,put,regular,100,0.2929,814,2275.0
2026-09-15,44500,2028-12-07,put,regular,75,0.2872,814,2540.0
2026-09-15,45000,2028-12-07,put,regular,770,0.2854,814,2635.0
2026-09-15,46000,2028-12-07,put,regular,100,0.2816,814,2830.0
2026-09-15,48000,2028-12-07,put,regular,600,0.2747,814,3260.0
2026-09-15,50000,2028-12-07,put,regular,2450,0.2682,814,3745.0
2026-09-15,51000,2028-12-07,put,regular,150,0.2651,814,4010.0
2026-09-15,52000,2028-12-07,put,regular,250,0.2621,814,4290.0
2026-09-15,53000,2028-12-07,put,regular,50,0.2594,814,4590.0
2026-09-15,55000,2028-12-07,put,regular,705,0.2541,814,5235.0
2026-09-15,56000,2028-12-07,put,regular,450,0.2515,814,5580.0
2026-09-15,57000,2028-12-07,put,regular,150,0.2492,814,5950.0
2026-09-15,60000,2028-12-07,put,regular,550,0.2428,814,7170.0
2026-09-15,63000,2028-12-07,put,regular,25,0.2373,814,8565.0
2026-09-15,65000,2028-12-07,put,regular,925,0.2341,814,9595.0
2026-09-15,68000,2028-12-07,put,regular,100,0.23,814,11290.0
2026-09-15,69000,2028-12-07,put,regular,270,0.2288,814,11895.0
2026-09-15,70000,2028-12-07,put,regular,100,0.2277,814,12515.0
2026-09-15,75000,2028-12-07,put,regular,80,0.2224,814,15865.0
2026-09-15,15000,2029-06-07,put,regular,1,0.3622,996,46.0
2026-09-15,15000,2029-12-13,put,regular,1,0.3455,1185,63.0
2026-09-15,23250,2029-12-13,put,regular,40,0.3431,1185,495.0
2026-09-15,30000,2029-12-13,put,regular,100,0.3256,1185,1170.0
2026-09-15,32000,2029-12-13,put,regular,113,0.3155,1185,1365.0
2026-09-15,34250,2029-12-13,put,regular,6,0.305,1185,1615.0
2026-09-15,44000,2029-12-13,put,regular,100,0.2681,1185,3195.0
2026-09-15,45000,2029-12-13,put,regular,50,0.265,1185,3415.0
2026-09-15,50000,2029-12-13,put,regular,570,0.2509,1185,4690.0
2026-09-15,64000,2029-12-13,put,regular,100,0.223,1185,10280.0
2026-09-15,65000,2029-12-13,put,regular,50,0.2215,1185,10800.0
2026-09-15,70000,2029-12-13,put,regular,100,0.2146,1185,13645.0
2026-09-15,19000,2030-06-13,put,regular,2,0.3218,1367,205.0
2026-09-15,23500,2030-12-12,put,regular,100,0.3094,1549,595.0
2026-09-15,31750,2030-12-12,put,regular,74,0.2899,1549,1555.0
2026-09-15,34000,2030-12-12,call,regular,24,0.2,1549,1865.0
2026-09-15,44000,2030-12-12,call,regular,80,0.2,1549,3800.0
2026-09-15,45000,2030-12-12,call,regular,40,0.2,1549,4045.0
2026-09-15,49500,2030-12-12,call,regular,100,0.2,1549,5300.0
2026-09-15,50000,2030-12-12,call,regular,100,0.2,1549,5450.0
2026-09-15,64000,2030-12-12,call,regular,3,0.2156,1549,11070.0
2026-09-15,31500,2031-12-11,call,regular,52,0.2,1913,2105.0
2026-09-15,68000,2031-12-11,call,regular,100,0.2672,1913,13770.0
2026-09-15,31250,2032-12-09,call,regular,40,0.2,2277,2600.0
2026-09-15,35000,2026-10-08,call,regular,24,0.2,23,28210.0
2026-09-15,42750,2026-10-08,call,regular,3,0.2,23,20480.0
2026-09-15,45000,2026-10-08,call,regular,2,0.2,23,18245.0
2026-09-15,47500,2026-10-08,call,regular,34,0.2,23,15765.0
2026-09-15,50000,2026-10-08,call,regular,1,0.2,23,13295.0
2026-09-15,53000,2026-10-08,call,regular,34,0.2,23,10360.0
2026-09-15,55000,2026-10-08,call,regular,4,0.2,23,8435.0
2026-09-15,57000,2026-10-08,call,regular,1,0.2464,23,6570.0
2026-09-15,59500,2026-10-08,call,regular,4,0.2758,23,4405.0
2026-09-15,60000,2026-10-08,call,regular,5,0.2771,23,4010.0
2026-09-15,60500,2026-10-08,call,regular,100,0.2765,23,3625.0
2026-09-15,61000,2026-10-08,call,regular,201,0.2753,23,3255.0
2026-09-15,62000,2026-10-08,call,regular,49,0.273,23,2575.0
2026-09-15,63000,2026-10-08,call,regular,43,0.2593,23,1910.0
2026-09-15,63250,2026-10-08,call,regular,5,0.265,23,1815.0
2026-09-15,63500,2026-10-08,call,regular,12,0.2674,23,1705.0
2026-09-15,63875,2026-10-08,call,regular,50,0.2621,23,1495.0
2026-09-15,64000,2026-10-08,call,regular,280,0.2567,23,1405.0
2026-09-15,64250,2026-10-08,call,regular,1,0.257,23,1300.0
2026-09-15,64375,2026-10-08,call,regular,60,0.2596,23,1265.0
2026-09-15,64500,2026-10-08,call,regular,63,0.2572,23,1200.0
2026-09-15,64625,2026-10-08,call,regular,687,0.2577,23,1155.0
2026-09-15,64750,2026-10-08,call,regular,755,0.2539,23,1085.0
2026-09-15,65000,2026-10-08,call,regular,621,0.2547,23,1000.0
2026-09-15,65250,2026-10-08,call,regular,19,0.2528,23,905.0
2026-09-15,65375,2026-10-08,call,regular,5,0.2545,23,875.0
2026-09-15,65500,2026-10-08,call,regular,231,0.2525,23,825.0
2026-09-15,65750,2026-10-08,call,regular,59,0.2512,23,745.0
2026-09-15,65875,2026-10-08,call,regular,2,0.2538,23,725.0
2026-09-15,66000,2026-10-08,call,regular,1964,0.2508,23,675.0
2026-09-15,66125,2026-10-08,call,regular,1,0.253,23,655.0
2026-09-15,66250,2026-10-08,call,regular,73,0.2503,23,610.0
2026-09-15,66375,2026-10-08,call,regular,1,0.2522,23,590.0
2026-09-15,66500,2026-10-08,call,regular,33,0.2499,23,550.0
2026-09-15,66750,2026-10-08,call,regular,124,0.2495,23,495.0
2026-09-15,66875,2026-10-08,call,regular,20,0.2506,23,475.0
2026-09-15,67000,2026-10-08,call,regular,1519,0.2493,23,445.0
2026-09-15,67125,2026-10-08,call,regular,28,0.25,23,425.0
2026-09-15,67250,2026-10-08,call,regular,9,0.2505,23,405.0
2026-09-15,67375,2026-10-08,call,regular,74,0.2484,23,375.0
2026-09-15,67500,2026-10-08,call,regular,703,0.2484,23,355.0
2026-09-15,67625,2026-10-08,call,regular,85,0.2494,23,340.0
2026-09-15,67750,2026-10-08,call,regular,1019,0.2503,23,325.0
2026-09-15,67875,2026-10-08,call,regular,1,0.2497,23,305.0
2026-09-15,68000,2026-10-08,call,regular,1388,0.2502,23,290.0
2026-09-15,68125,2026-10-08,call,regular,8,0.2485,23,268.0
2026-09-15,68250,2026-10-08,call,regular,95,0.2485,23,253.0
2026-09-15,68500,2026-10-08,call,regular,1161,0.2485,23,225.0
2026-09-15,68750,2026-10-08,call,regular,125,0.2487,23,200.0
2026-09-15,68875,2026-10-08,call,regular,145,0.2503,23,193.0
2026-09-15,69000,2026-10-08,call,regular,3092,0.2497,23,180.0
2026-09-15,69250,2026-10-08,call,regular,10,0.2497,23,159.0
2026-09-15,69500,2026-10-08,call,regular,376,0.25,23,141.0
2026-09-15,69625,2026-10-08,call,regular,95,0.2524,23,138.0
2026-09-15,69750,2026-10-08,call,regular,87,0.2508,23,126.0
2026-09-15,69875,2026-10-08,call,regular,107,0.2531,23,123.0
2026-09-15,70000,2026-10-08,call,regular,2082,0.2514,23,112.0
2026-09-15,70250,2026-10-08,call,regular,17,0.2528,23,101.0
2026-09-15,70375,2026-10-08,call,regular,126,0.2547,23,98.0
2026-09-15,70500,2026-10-08,call,regular,326,0.2536,23,90.0
2026-09-15,70625,2026-10-08,call,regular,20,0.2587,23,93.0
2026-09-15,70750,2026-10-08,call,regular,11,0.2543,23,80.0
2026-09-15,70875,2026-10-08,call,regular,1,0.2564,23,78.0
2026-09-15,71000,2026-10-08,call,regular,1339,0.2544,23,70.0
2026-09-15,71250,2026-10-08,call,regular,128,0.2565,23,64.0
2026-09-15,71375,2026-10-08,call,regular,1,0.2582,23,62.0
2026-09-15,71500,2026-10-08,call,regular,319,0.2574,23,57.0
2026-09-15,71750,2026-10-08,call,regular,11,0.2585,23,51.0
2026-09-15,72000,2026-10-08,call,regular,2299,0.2591,23,45.0
2026-09-15,72250,2026-10-08,call,regular,87,0.262,23,42.0
2026-09-15,72500,2026-10-08,call,regular,817,0.2579,23,33.0
2026-09-15,72750,2026-10-08,call,regular,19,0.2704,23,39.0
2026-09-15,73000,2026-10-08,call,regular,1587,0.2639,23,29.0
2026-09-15,73250,2026-10-08,call,regular,6,0.2666,23,27.0
2026-09-15,73500,2026-10-08,call,regular,25,0.269,23,25.0
2026-09-15,73750,2026-10-08,call,regular,4,0.2711,23,23.0
2026-09-15,74000,2026-10-08,call,regular,1312,0.2674,23,18.0
2026-09-15,74250,2026-10-08,call,regular,18,0.2744,23,19.0
2026-09-15,74500,2026-10-08,call,regular,82,0.2663,23,13.0
2026-09-15,74750,2026-10-08,call,regular,3,0.276,23,15.0
2026-09-15,75000,2026-10-08,call,regular,2585,0.2706,23,11.0
2026-09-15,75250,2026-10-08,call,regular,2,0.2781,23,12.0
2026-09-15,75500,2026-10-08,call,regular,58,0.28,23,11.0
2026-09-15,75750,2026-10-08,call,regular,5,0.2815,23,10.0
2026-09-15,76000,2026-10-08,call,regular,866,0.279,23,8.0
2026-09-15,76250,2026-10-08,call,regular,48,0.2872,23,9.0
2026-09-15,76500,2026-10-08,call,regular,66,0.2838,23,7.0
2026-09-15,77000,2026-10-08,call,regular,1522,0.2879,23,6.0
2026-09-15,77500,2026-10-08,call,regular,106,0.291,23,5.0
2026-09-15,78000,2026-10-08,call,regular,744,0.2929,23,4.0
2026-09-15,78500,2026-10-08,call,regular,37,0.301,23,4.0
2026-09-15,79000,2026-10-08,call,regular,149,0.3009,23,3.0
2026-09-15,79500,2026-10-08,call,regular,41,0.3087,23,3.0
2026-09-15,80000,2026-10-08,call,regular,1869,0.3164,23,3.0
2026-09-15,80500,2026-10-08,call,regular,39,0.3127,23,2.0
2026-09-15,81000,2026-10-08,call,regular,579,0.3201,23,2.0
2026-09-15,81500,2026-10-08,call,regular,18,0.3274,23,2.0
2026-09-15,82000,2026-10-08,call,regular,255,0.3347,23,2.0
2026-09-15,82500,2026-10-08,call,regular,19,0.3419,23,2.0
2026-09-15,83000,2026-10-08,call,regular,72,0.349,23,2.0
2026-09-15,83500,2026-10-08,call,regular,12,0.337,23,1.0
2026-09-15,84000,2026-10-08,call,regular,25,0.3437,23,1.0
2026-09-15,84500,2026-10-08,call,regular,2,0.3503,23,1.0
2026-09-15,85000,2026-10-08,call,regular,178,0.3569,23,1.0
2026-09-15,87500,2026-10-08,call,regular,109,0.3892,23,1.0
2026-09-15,90000,2026-10-08,call,regular,199,0.4204,23,1.0
2026-09-15,92500,2026-10-08,call,regular,15,0.4504,23,1.0
2026-09-15,95000,2026-10-08,call,regular,59,0.4795,23,1.0
2026-09-15,97500,2026-10-08,call,regular,14,0.5077,23,1.0
2026-09-15,100000,2026-10-08,call,regular,297,0.535,23,1.0
2026-09-15,44500,2026-11-12,call,regular,2,0.2,58,18850.0
2026-09-15,50250,2026-11-12,call,regular,35,0.2555,58,13285.0
2026-09-15,56000,2026-11-12,call,regular,34,0.2952,58,8025.0
2026-09-15,57500,2026-11-12,call,regular,100,0.2918,58,6780.0
2026-09-15,58000,2026-11-12,call,regular,1,0.2902,58,6380.0
2026-09-15,60000,2026-11-12,call,regular,100,0.2834,58,4885.0
2026-09-15,60500,2026-11-12,call,regular,100,0.2811,58,4535.0
2026-09-15,61000,2026-11-12,call,regular,200,0.2786,58,4195.0
2026-09-15,63500,2026-11-12,call,regular,7,0.2692,58,2725.0
2026-09-15,64000,2026-11-12,call,regular,127,0.2684,58,2485.0
2026-09-15,64375,2026-11-12,call,regular,2,0.2669,58,2305.0
2026-09-15,64500,2026-11-12,call,regular,200,0.2663,58,2245.0
2026-09-15,65000,2026-11-12,call,regular,352,0.2651,58,2030.0
2026-09-15,65375,2026-11-12,call,regular,11,0.2624,58,1860.0
2026-09-15,65500,2026-11-12,call,regular,171,0.2625,58,1815.0
2026-09-15,65750,2026-11-12,call,regular,1,0.2625,58,1725.0
2026-09-15,65875,2026-11-12,call,regular,50,0.2623,58,1680.0
2026-09-15,66000,2026-11-12,call,regular,486,0.2615,58,1630.0
2026-09-15,66125,2026-11-12,call,regular,3,0.2633,58,1605.0
2026-09-15,66500,2026-11-12,call,regular,1,0.2639,58,1490.0
2026-09-15,67000,2026-11-12,call,regular,1133,0.2595,58,1300.0
2026-09-15,67500,2026-11-12,call,regular,302,0.2585,58,1155.0
2026-09-15,67750,2026-11-12,call,regular,28,0.2589,58,1095.0
2026-09-15,67875,2026-11-12,call,regular,2,0.2561,58,1040.0
2026-09-15,68000,2026-11-12,call,regular,531,0.2578,58,1025.0
2026-09-15,68375,2026-11-12,call,regular,16,0.2598,58,955.0
2026-09-15,68500,2026-11-12,call,regular,1,0.2582,58,915.0
2026-09-15,69000,2026-11-12,call,regular,1942,0.258,58,810.0
2026-09-15,69500,2026-11-12,call,regular,6,0.257,58,710.0
2026-09-15,69875,2026-11-12,call,regular,16,0.2583,58,655.0
2026-09-15,70000,2026-11-12,call,regular,1469,0.2561,58,620.0
2026-09-15,70250,2026-11-12,call,regular,4,0.2566,58,585.0
2026-09-15,70500,2026-11-12,call,regular,30,0.256,58,545.0
2026-09-15,70750,2026-11-12,call,regular,4,0.256,58,510.0
2026-09-15,71000,2026-11-12,call,regular,603,0.2555,58,475.0
2026-09-15,71125,2026-11-12,call,regular,2,0.2565,58,465.0
2026-09-15,71250,2026-11-12,call,regular,655000,0.2557,58,445.0
2026-09-15,71500,2026-11-12,call,regular,355,0.2564,58,420.0
2026-09-15,71625,2026-11-12,call,regular,8,0.2571,58,410.0
2026-09-15,72000,2026-11-12,call,regular,484,0.2551,58,360.0
2026-09-15,72125,2026-11-12,call,regular,1140000,0.2555,58,350.0
2026-09-15,72250,2026-11-12,call,regular,1,0.2559,58,340.0
2026-09-15,72500,2026-11-12,call,regular,602,0.2566,58,320.0
2026-09-15,73000,2026-11-12,call,regular,107,0.2556,58,274.0
2026-09-15,73500,2026-11-12,call,regular,3,0.2561,58,239.0
2026-09-15,73750,2026-11-12,call,regular,630000,0.2555,58,220.0
2026-09-15,74000,2026-11-12,call,regular,110,0.2562,58,207.0
2026-09-15,74500,2026-11-12,call,regular,117,0.257,58,181.0
2026-09-15,75000,2026-11-12,call,regular,930,0.2574,58,157.0
2026-09-15,75250,2026-11-12,call,regular,1,0.2572,58,145.0
2026-09-15,75500,2026-11-12,call,regular,77,0.2575,58,135.0
2026-09-15,75750,2026-11-12,call,regular,1,0.2579,58,126.0
2026-09-15,76000,2026-11-12,call,regular,26,0.2593,58,120.0
2026-09-15,76500,2026-11-12,call,regular,280,0.2594,58,103.0
2026-09-15,77000,2026-11-12,call,regular,124,0.2603,58,90.0
2026-09-15,78000,2026-11-12,call,regular,123,0.2632,58,70.0
2026-09-15,79000,2026-11-12,call,regular,14,0.2633,58,51.0
2026-09-15,79500,2026-11-12,call,regular,1,0.2648,58,45.0
2026-09-15,80000,2026-11-12,call,regular,111,0.2665,58,40.0
2026-09-15,82500,2026-11-12,call,regular,63,0.2757,58,23.0
2026-09-15,85000,2026-11-12,call,regular,13,0.281,58,12.0
2026-09-15,87500,2026-11-12,call,regular,28,0.2892,58,7.0
2026-09-15,90000,2026-11-12,call,regular,146,0.296,58,4.0
2026-09-15,92500,2026-11-12,call,regular,1,0.299,58,2.0
2026-09-15,95000,2026-11-12,call,regular,7,0.3019,58,1.0
2026-09-15,100000,2026-11-12,call,regular,93,0.3369,58,1.0
2026-09-15,12500,2026-12-10,call,regular,84,0.2,86,50655.0
2026-09-15,20000,2026-12-10,call,regular,150,0.2,86,43185.0
2026-09-15,22000,2026-12-10,call,regular,100,0.2,86,41195.0
2026-09-15,25000,2026-12-10,call,regular,300,0.2,86,38215.0
2026-09-15,26000,2026-12-10,call,regular,350,0.2,86,37220.0
2026-09-15,27000,2026-12-10,call,regular,250,0.2,86,36225.0
2026-09-15,28000,2026-12-10,call,regular,75,0.2,86,35235.0
2026-09-15,28500,2026-12-10,call,regular,125,0.2,86,34740.0
2026-09-15,29000,2026-12-10,call,regular,150,0.2,86,34245.0
2026-09-15,30000,2026-12-10,call,regular,2553,0.2,86,33250.0
2026-09-15,30500,2026-12-10,call,regular,50,0.2,86,32755.0
2026-09-15,31000,2026-12-10,call,regular,241,0.2,86,32260.0
2026-09-15,31500,2026-12-10,call,regular,50,0.2,86,31765.0
2026-09-15,32000,2026-12-10,call,regular,700,0.2,86,31270.0
2026-09-15,32500,2026-12-10,call,regular,250,0.2,86,30775.0
2026-09-15,33000,2026-12-10,call,regular,1950,0.2,86,30280.0
2026-09-15,34000,2026-12-10,call,regular,280,0.2,86,29295.0
2026-09-15,34500,2026-12-10,call,regular,400,0.2,86,28800.0
2026-09-15,35000,2026-12-10,call,regular,435,0.2,86,28310.0
2026-09-15,36000,2026-12-10,call,regular,975,0.2,86,27340.0
2026-09-15,36500,2026-12-10,call,regular,252,0.2,86,26845.0
2026-09-15,37000,2026-12-10,call,regular,450,0.2,86,26345.0
2026-09-15,37500,2026-12-10,call,regular,88,0.2,86,25860.0
2026-09-15,37750,2026-12-10,call,regular,100,0.2,86,25615.0
2026-09-15,38000,2026-12-10,call,regular,1225,0.2,86,25365.0
2026-09-15,38500,2026-12-10,call,regular,700,0.2,86,24875.0
2026-09-15,38750,2026-12-10,call,regular,50,0.2,86,24630.0
2026-09-15,39000,2026-12-10,call,regular,750,0.2,86,24385.0
2026-09-15,39500,2026-12-10,call,regular,500,0.2,86,23890.0
2026-09-15,40000,2026-12-10,call,regular,1200,0.2,86,23395.0
2026-09-15,40500,2026-12-10,call,regular,400,0.2,86,22910.0
2026-09-15,41000,2026-12-10,call,regular,1300,0.2,86,22420.0
2026-09-15,41500,2026-12-10,call,regular,100,0.2,86,21935.0
2026-09-15,42000,2026-12-10,call,regular,1071,0.2,86,21450.0
2026-09-15,42500,2026-12-10,call,regular,250,0.2,86,20960.0
2026-09-15,43000,2026-12-10,call,regular,1400,0.2,86,20460.0
2026-09-15,43250,2026-12-10,call,regular,4,0.2,86,20220.0
2026-09-15,43750,2026-12-10,call,regular,131,0.2,86,19735.0
2026-09-15,44000,2026-12-10,call,regular,600,0.2,86,19495.0
2026-09-15,45000,2026-12-10,call,regular,1842,0.2671,86,18525.0
2026-09-15,45250,2026-12-10,call,regular,413,0.2872,86,18285.0
2026-09-15,45500,2026-12-10,call,regular,200,0.305,86,18050.0
2026-09-15,46000,2026-12-10,call,regular,2300,0.3117,86,17565.0
2026-09-15,46250,2026-12-10,call,regular,315,0.3197,86,17330.0
2026-09-15,47000,2026-12-10,call,regular,350,0.3221,86,16605.0
2026-09-15,47500,2026-12-10,call,regular,200,0.326,86,16130.0
2026-09-15,48000,2026-12-10,call,regular,750,0.3231,86,15645.0
2026-09-15,49000,2026-12-10,call,regular,1000,0.3265,86,14705.0
2026-09-15,49500,2026-12-10,call,regular,260,0.3227,86,14225.0
2026-09-15,50000,2026-12-10,call,regular,5692,0.3228,86,13760.0
2026-09-15,50250,2026-12-10,call,regular,58,0.3202,86,13520.0
2026-09-15,50500,2026-12-10,call,regular,600,0.3189,86,13285.0
2026-09-15,50750,2026-12-10,call,regular,45,0.3187,86,13055.0
2026-09-15,51000,2026-12-10,call,regular,731,0.3183,86,12825.0
2026-09-15,52000,2026-12-10,call,regular,802,0.3161,86,11915.0
2026-09-15,52250,2026-12-10,call,regular,250,0.3154,86,11690.0
2026-09-15,52500,2026-12-10,call,regular,50,0.3165,86,11475.0
2026-09-15,53000,2026-12-10,call,regular,1135,0.3139,86,11025.0
2026-09-15,53500,2026-12-10,call,regular,106,0.3122,86,10585.0
2026-09-15,54000,2026-12-10,call,regular,1941,0.304,86,10110.0
2026-09-15,54500,2026-12-10,call,regular,540,0.3092,86,9725.0
2026-09-15,55000,2026-12-10,call,regular,1829,0.305,86,9285.0
2026-09-15,55500,2026-12-10,call,regular,300,0.3008,86,8850.0
2026-09-15,56000,2026-12-10,call,regular,791,0.3011,86,8455.0
2026-09-15,56500,2026-12-10,call,regular,283,0.2984,86,8045.0
2026-09-15,57000,2026-12-10,call,regular,500,0.2927,86,7615.0
2026-09-15,57250,2026-12-10,call,regular,113,0.2947,86,7445.0
2026-09-15,57500,2026-12-10,call,regular,80,0.2924,86,7240.0
2026-09-15,58000,2026-12-10,call,regular,2603,0.2875,86,6830.0
2026-09-15,58500,2026-12-10,call,regular,350,0.2844,86,6445.0
2026-09-15,59000,2026-12-10,call,regular,1900,0.2854,86,6110.0
2026-09-15,59500,2026-12-10,call,regular,100,0.2829,86,5750.0
2026-09-15,60000,2026-12-10,call,regular,7478,0.2818,86,5415.0
2026-09-15,60500,2026-12-10,call,regular,102,0.2794,86,5075.0
2026-09-15,61000,2026-12-10,call,regular,813,0.2777,86,4755.0
2026-09-15,61500,2026-12-10,call,regular,1,0.2748,86,4430.0
2026-09-15,62000,2026-12-10,call,regular,1650,0.2721,86,4120.0
2026-09-15,62500,2026-12-10,call,regular,812,0.2707,86,3835.0
2026-09-15,63000,2026-12-10,call,regular,1677,0.2691,86,3560.0
2026-09-15,63500,2026-12-10,call,regular,300,0.2657,86,3275.0
2026-09-15,63750,2026-12-10,call,regular,32,0.2651,86,3150.0
2026-09-15,64000,2026-12-10,call,regular,2315,0.265,86,3035.0
2026-09-15,64500,2026-12-10,call,regular,146,0.2629,86,2790.0
2026-09-15,65000,2026-12-10,call,regular,3393,0.2615,86,2565.0
2026-09-15,65500,2026-12-10,call,regular,734,0.2599,86,2350.0
2026-09-15,65750,2026-12-10,call,regular,15,0.2594,86,2250.0
2026-09-15,66000,2026-12-10,call,regular,997,0.259,86,2155.0
2026-09-15,66250,2026-12-10,call,regular,15,0.2605,86,2085.0
2026-09-15,66500,2026-12-10,call,regular,2783,0.2601,86,1995.0
2026-09-15,67000,2026-12-10,call,regular,1446,0.2594,86,1825.0
2026-09-15,67250,2026-12-10,call,regular,25,0.2587,86,1740.0
2026-09-15,67500,2026-12-10,call,regular,25,0.2586,86,1665.0
2026-09-15,68000,2026-12-10,call,regular,3548,0.2578,86,1515.0
2026-09-15,68500,2026-12-10,call,regular,437,0.257,86,1375.0
2026-09-15,69000,2026-12-10,call,regular,1630,0.2566,86,1250.0
2026-09-15,69250,2026-12-10,call,regular,50,0.2554,86,1180.0
2026-09-15,69750,2026-12-10,call,regular,158,0.2541,86,1060.0
2026-09-15,70000,2026-12-10,call,regular,5151,0.2531,86,1000.0
2026-09-15,71000,2026-12-10,call,regular,2250,0.251,86,800.0
2026-09-15,71500,2026-12-10,call,regular,1,0.2539,86,745.0
2026-09-15,71750,2026-12-10,call,regular,24,0.2529,86,700.0
2026-09-15,72000,2026-12-10,call,regular,3210,0.2524,86,660.0
2026-09-15,72250,2026-12-10,call,regular,2,0.2536,86,635.0
2026-09-15,72500,2026-12-10,call,regular,2412,0.254,86,605.0
2026-09-15,73000,2026-12-10,call,regular,800,0.2527,86,535.0
2026-09-15,73500,2026-12-10,call,regular,400,0.252,86,475.0
2026-09-15,74000,2026-12-10,call,regular,1550,0.2536,86,435.0
2026-09-15,74500,2026-12-10,call,regular,1,0.2512,86,375.0
2026-09-15,75000,2026-12-10,call,regular,3624,0.2541,86,350.0
2026-09-15,75500,2026-12-10,call,regular,1,0.2526,86,305.0
2026-09-15,76000,2026-12-10,call,regular,458,0.2536,86,276.0
2026-09-15,76250,2026-12-10,call,regular,12,0.2531,86,258.0
2026-09-15,77000,2026-12-10,call,regular,460,0.2534,86,217.0
2026-09-15,77500,2026-12-10,call,regular,1055,0.256,86,202.0
2026-09-15,78000,2026-12-10,call,regular,382,0.2562,86,180.0
2026-09-15,79000,2026-12-10,call,regular,206,0.2548,86,137.0
2026-09-15,80000,2026-12-10,call,regular,7259,0.257,86,112.0
2026-09-15,81000,2026-12-10,call,regular,1,0.2626,86,99.0
2026-09-15,82000,2026-12-10,call,regular,1,0.263,86,78.0
2026-09-15,82500,2026-12-10,call,regular,1126,0.2642,86,71.0
2026-09-15,83000,2026-12-10,call,regular,120,0.2565,86,51.0
2026-09-15,84000,2026-12-10,call,regular,523,0.2638,86,48.0
2026-09-15,85000,2026-12-10,call,regular,1007,0.2638,86,37.0
2026-09-15,87500,2026-12-10,call,regular,2457,0.2761,86,28.0
2026-09-15,90000,2026-12-10,call,regular,1782,0.27,86,12.0
2026-09-15,95000,2026-12-10,call,regular,1078,0.2908,86,7.0
2026-09-15,100000,2026-12-10,call,regular,505,0.308,86,4.0
2026-09-15,54250,2027-01-07,call,regular,27,0.2938,114,10135.0
2026-09-15,61000,2027-01-07,call,regular,26,0.2666,114,5095.0
2026-09-15,63750,2027-01-07,call,regular,50,0.2587,114,3555.0
2026-09-15,64000,2027-01-07,call,regular,100,0.2579,114,3430.0
2026-09-15,65000,2027-01-07,call,regular,13,0.2554,114,2965.0
2026-09-15,66000,2027-01-07,call,regular,60,0.2534,114,2550.0
2026-09-15,67500,2027-01-07,call,regular,5,0.2504,114,2005.0
2026-09-15,67750,2027-01-07,call,regular,3,0.2497,114,1920.0
2026-09-15,68000,2027-01-07,call,regular,1,0.2511,114,1865.0
2026-09-15,68500,2027-01-07,call,regular,5,0.25,114,1710.0
2026-09-15,69000,2027-01-07,call,regular,6,0.2517,114,1600.0
2026-09-15,69500,2027-01-07,call,regular,2,0.2512,114,1470.0
2026-09-15,70000,2027-01-07,call,regular,2,0.2503,114,1345.0
2026-09-15,70250,2027-01-07,call,regular,1,0.2503,114,1290.0
2026-09-15,70500,2027-01-07,call,regular,2,0.2501,114,1235.0
2026-09-15,71000,2027-01-07,call,regular,1,0.2497,114,1130.0
2026-09-15,71500,2027-01-07,call,regular,50,0.2495,114,1035.0
2026-09-15,72000,2027-01-07,call,regular,12,0.2491,114,945.0
2026-09-15,73000,2027-01-07,call,regular,1,0.249,114,790.0
2026-09-15,74000,2027-01-07,call,regular,1,0.2487,114,655.0
2026-09-15,75000,2027-01-07,call,regular,1,0.2483,114,540.0
2026-09-15,80000,2027-01-07,call,regular,1,0.2534,114,219.0
2026-09-15,100000,2027-01-07,call,regular,5,0.2844,114,8.0
2026-09-15,56000,2027-02-10,call,regular,8,0.2948,148,9200.0
2026-09-15,56750,2027-02-10,call,regular,60,0.2912,148,8625.0
2026-09-15,64000,2027-02-10,call,regular,110,0.2612,148,3995.0
2026-09-15,66000,2027-02-10,call,regular,8,0.2569,148,3100.0
2026-09-15,66250,2027-02-10,call,regular,50,0.2567,148,3005.0
2026-09-15,67250,2027-02-10,call,regular,12,0.2552,148,2630.0
2026-09-15,72500,2027-02-10,call,regular,75,0.2533,148,1270.0
2026-09-15,75000,2027-02-10,call,regular,100,0.2532,148,875.0
2026-09-15,52000,2027-03-11,call,regular,560,0.3071,177,12680.0
2026-09-15,52750,2027-03-11,call,regular,8,0.3035,177,12050.0
2026-09-15,53000,2027-03-11,call,regular,275,0.302,177,11840.0
2026-09-15,53500,2027-03-11,call,regular,202,0.2998,177,11430.0
2026-09-15,53750,2027-03-11,call,regular,44,0.2985,177,11225.0
2026-09-15,54000,2027-03-11,call,regular,267,0.2976,177,11025.0
2026-09-15,55000,2027-03-11,call,regular,550,0.293,177,10230.0
2026-09-15,56000,2027-03-11,call,regular,50,0.2888,177,9460.0
2026-09-15,56500,2027-03-11,call,regular,1,0.2867,177,9085.0
2026-09-15,57000,2027-03-11,call,regular,365,0.2846,177,8715.0
2026-09-15,58000,2027-03-11,call,regular,150,0.2807,177,8000.0
2026-09-15,59500,2027-03-11,call,regular,200,0.2744,177,6970.0
2026-09-15,59750,2027-03-11,call,regular,2,0.2734,177,6805.0
2026-09-15,60000,2027-03-11,call,regular,12,0.2731,177,6655.0
2026-09-15,60250,2027-03-11,call,regular,44,0.2719,177,6490.0
2026-09-15,61000,2027-03-11,call,regular,160,0.2695,177,6030.0
2026-09-15,61750,2027-03-11,call,regular,1,0.2673,177,5590.0
2026-09-15,62500,2027-03-11,call,regular,508,0.2655,177,5175.0
2026-09-15,63000,2027-03-11,call,regular,392,0.264,177,4905.0
2026-09-15,64000,2027-03-11,call,regular,150,0.2609,177,4385.0
2026-09-15,64250,2027-03-11,call,regular,100,0.2603,177,4265.0
2026-09-15,65000,2027-03-11,call,regular,1401,0.2586,177,3915.0
2026-09-15,66000,2027-03-11,call,regular,1372,0.2565,177,3480.0
2026-09-15,66250,2027-03-11,call,regular,15,0.2562,177,3380.0
2026-09-15,66500,2027-03-11,call,regular,22,0.2557,177,3280.0
2026-09-15,67000,2027-03-11,call,regular,500,0.2551,177,3090.0
2026-09-15,68000,2027-03-11,call,regular,650,0.2532,177,2725.0
2026-09-15,69000,2027-03-11,call,regular,350,0.2516,177,2395.0
2026-09-15,69250,2027-03-11,call,regular,10,0.2514,177,2320.0
2026-09-15,70000,2027-03-11,call,regular,896,0.2522,177,2130.0
2026-09-15,70500,2027-03-11,call,regular,150,0.2517,177,1995.0
2026-09-15,71000,2027-03-11,call,regular,100,0.2511,177,1865.0
2026-09-15,72000,2027-03-11,call,regular,665,0.2502,177,1630.0
2026-09-15,72500,2027-03-11,call,regular,85,0.25,177,1525.0
2026-09-15,73000,2027-03-11,call,regular,400,0.2498,177,1425.0
2026-09-15,73500,2027-03-11,call,regular,1,0.2495,177,1330.0
2026-09-15,74000,2027-03-11,call,regular,3,0.2492,177,1240.0
2026-09-15,75000,2027-03-11,call,regular,1493,0.249,177,1080.0
2026-09-15,76000,2027-03-11,call,regular,950,0.2486,177,935.0
2026-09-15,77500,2027-03-11,call,regular,400,0.249,177,760.0
2026-09-15,80000,2027-03-11,call,regular,390,0.2499,177,535.0
2026-09-15,82500,2027-03-11,call,regular,773,0.2511,177,375.0
2026-09-15,85000,2027-03-11,call,regular,225,0.2534,177,267.0
2026-09-15,90000,2027-03-11,call,regular,350,0.2591,177,139.0
2026-09-15,95000,2027-03-11,call,regular,500,0.266,177,76.0
2026-09-15,100000,2027-03-11,call,regular,80,0.269,177,38.0
2026-09-15,57000,2027-04-08,call,regular,25,0.2623,205,8685.0
2026-09-15,57750,2027-04-08,call,regular,88,0.2606,205,8160.0
2026-09-15,65000,2027-04-08,call,regular,88,0.2471,205,4045.0
2026-09-15,67000,2027-04-08,call,regular,25,0.2447,205,3235.0
2026-09-15,60250,2027-05-13,call,regular,8,0.2587,240,6980.0
2026-09-15,61250,2027-05-13,call,regular,23,0.2568,240,6400.0
2026-09-15,71000,2027-05-13,call,regular,23,0.2447,240,2395.0
2026-09-15,72000,2027-05-13,call,regular,8,0.2441,240,2140.0
2026-09-15,16250,2027-06-10,call,regular,114,0.2,268,46635.0
2026-09-15,30000,2027-06-10,call,regular,300,0.2,268,33215.0
2026-09-15,33000,2027-06-10,call,regular,50,0.2,268,30320.0
2026-09-15,36000,2027-06-10,call,regular,150,0.2,268,27445.0
2026-09-15,37000,2027-06-10,call,regular,50,0.2,268,26490.0
2026-09-15,37250,2027-06-10,call,regular,480,0.2,268,26255.0
2026-09-15,38500,2027-06-10,call,regular,140,0.2466,268,25065.0
2026-09-15,39000,2027-06-10,call,regular,50,0.2633,268,24595.0
2026-09-15,44500,2027-06-10,call,regular,300,0.2908,268,19490.0
2026-09-15,50000,2027-06-10,call,regular,300,0.2809,268,14675.0
2026-09-15,50500,2027-06-10,call,regular,175,0.2798,268,14260.0
2026-09-15,53000,2027-06-10,call,regular,100,0.2738,268,12250.0
2026-09-15,54000,2027-06-10,call,regular,1050,0.2716,268,11485.0
2026-09-15,55000,2027-06-10,call,regular,300,0.2692,268,10740.0
2026-09-15,56000,2027-06-10,call,regular,175,0.267,268,10020.0
2026-09-15,57000,2027-06-10,call,regular,50,0.2648,268,9325.0
2026-09-15,58500,2027-06-10,call,regular,58,0.2617,268,8335.0
2026-09-15,60000,2027-06-10,call,regular,750,0.259,268,7410.0
2026-09-15,62500,2027-06-10,call,regular,150,0.255,268,6020.0
2026-09-15,63000,2027-06-10,call,regular,100,0.2542,268,5765.0
2026-09-15,64000,2027-06-10,call,regular,470,0.2528,268,5275.0
2026-09-15,65000,2027-06-10,call,regular,552,0.2516,268,4820.0
2026-09-15,65500,2027-06-10,call,regular,62,0.2509,268,4600.0
2026-09-15,66000,2027-06-10,call,regular,306,0.2503,268,4390.0
2026-09-15,66500,2027-06-10,call,regular,125,0.2496,268,4185.0
2026-09-15,67000,2027-06-10,call,regular,770,0.2491,268,3990.0
2026-09-15,67500,2027-06-10,call,regular,400,0.2485,268,3800.0
2026-09-15,68000,2027-06-10,call,regular,422,0.2481,268,3620.0
2026-09-15,68250,2027-06-10,call,regular,15,0.2478,268,3530.0
2026-09-15,68500,2027-06-10,call,regular,206,0.2476,268,3445.0
2026-09-15,69000,2027-06-10,call,regular,1,0.247,268,3275.0
2026-09-15,69250,2027-06-10,call,regular,36,0.2469,268,3195.0
2026-09-15,69500,2027-06-10,call,regular,62,0.2467,268,3115.0
2026-09-15,70000,2027-06-10,call,regular,450,0.246,268,2955.0
2026-09-15,71000,2027-06-10,call,regular,100,0.2452,268,2665.0
2026-09-15,72000,2027-06-10,call,regular,620,0.2443,268,2395.0
2026-09-15,74000,2027-06-10,call,regular,850,0.2425,268,1920.0
2026-09-15,75000,2027-06-10,call,regular,898,0.2418,268,1715.0
2026-09-15,77500,2027-06-10,call,regular,671,0.24,268,1280.0
2026-09-15,80000,2027-06-10,call,regular,915,0.2385,268,945.0
2026-09-15,85000,2027-06-10,call,regular,2684,0.2367,268,505.0
2026-09-15,90000,2027-06-10,call,regular,400,0.2376,268,274.0
2026-09-15,95000,2027-06-10,call,regular,1,0.2456,268,175.0
2026-09-15,65750,2027-07-08,call,regular,20,0.2491,296,4740.0
2026-09-15,66750,2027-07-08,call,regular,32,0.2479,296,4330.0
2026-09-15,75000,2027-07-08,call,regular,32,0.241,296,1915.0
2026-09-15,77000,2027-07-08,call,regular,20,0.2402,296,1550.0
2026-09-15,68000,2027-08-12,call,regular,22,0.249,331,4235.0
2026-09-15,69000,2027-08-12,call,regular,53,0.2483,331,3885.0
2026-09-15,78000,2027-08-12,call,regular,75,0.2402,331,1625.0
2026-09-15,65000,2027-09-09,call,regular,1,0.2535,359,5735.0
2026-09-15,67000,2027-09-09,call,regular,80,0.2508,359,4885.0
2026-09-15,70000,2027-09-09,call,regular,250,0.2474,359,3795.0
2026-09-15,77500,2027-09-09,call,regular,150,0.243,359,1945.0
2026-09-15,28000,2027-12-09,call,regular,50,0.2,450,35130.0
2026-09-15,30000,2027-12-09,call,regular,225,0.2,450,33230.0
2026-09-15,31500,2027-12-09,call,regular,50,0.2,450,31815.0
2026-09-15,32000,2027-12-09,call,regular,100,0.2,450,31345.0
2026-09-15,33000,2027-12-09,call,regular,100,0.2,450,30410.0
2026-09-15,34000,2027-12-09,call,regular,375,0.2,450,29475.0
2026-09-15,35000,2027-12-09,call,regular,201,0.1605,450,28550.0
2026-09-15,36000,2027-12-09,call,regular,80,0.2402,450,27625.0
2026-09-15,36750,2027-12-09,call,regular,442,0.2557,450,26940.0
2026-09-15,37000,2027-12-09,call,regular,200,0.2586,450,26710.0
2026-09-15,38000,2027-12-09,call,regular,575,0.2682,450,25800.0
2026-09-15,39000,2027-12-09,call,regular,125,0.2736,450,24895.0
2026-09-15,39250,2027-12-09,call,regular,50,0.2746,450,24670.0
2026-09-15,39500,2027-12-09,call,regular,50,0.2754,450,24445.0
2026-09-15,40000,2027-12-09,call,regular,350,0.2772,450,24000.0
2026-09-15,40500,2027-12-09,call,regular,450,0.2784,450,23555.0
2026-09-15,41000,2027-12-09,call,regular,375,0.279,450,23110.0
2026-09-15,42000,2027-12-09,call,regular,200,0.2798,450,22230.0
2026-09-15,43000,2027-12-09,call,regular,400,0.2805,450,21365.0
2026-09-15,43500,2027-12-09,call,regular,150,0.2805,450,20935.0
2026-09-15,45000,2027-12-09,call,regular,1950,0.2795,450,19660.0
2026-09-15,46000,2027-12-09,call,regular,500,0.2785,450,18825.0
2026-09-15,48000,2027-12-09,call,regular,225,0.2758,450,17195.0
2026-09-15,49000,2027-12-09,call,regular,700,0.2742,450,16400.0
2026-09-15,50000,2027-12-09,call,regular,1950,0.2726,450,15625.0
2026-09-15,51000,2027-12-09,call,regular,300,0.271,450,14865.0
2026-09-15,52500,2027-12-09,call,regular,100,0.2685,450,13760.0
2026-09-15,54000,2027-12-09,call,regular,300,0.2661,450,12700.0
2026-09-15,54500,2027-12-09,call,regular,100,0.2652,450,12355.0
2026-09-15,55000,2027-12-09,call,regular,704,0.2643,450,12015.0
2026-09-15,57000,2027-12-09,call,regular,250,0.2612,450,10715.0
2026-09-15,58000,2027-12-09,call,regular,500,0.2598,450,10100.0
2026-09-15,60000,2027-12-09,call,regular,1225,0.2568,450,8930.0
2026-09-15,61000,2027-12-09,call,regular,200,0.2556,450,8385.0
2026-09-15,62000,2027-12-09,call,regular,200,0.2543,450,7860.0
2026-09-15,62500,2027-12-09,call,regular,70,0.2536,450,7605.0
2026-09-15,63000,2027-12-09,call,regular,300,0.2531,450,7360.0
2026-09-15,63500,2027-12-09,call,regular,50,0.2524,450,7115.0
2026-09-15,64000,2027-12-09,call,regular,780,0.2519,450,6880.0
2026-09-15,65000,2027-12-09,call,regular,550,0.2508,450,6425.0
2026-09-15,66000,2027-12-09,call,regular,475,0.2498,450,5995.0
2026-09-15,67000,2027-12-09,call,regular,100,0.2488,450,5585.0
2026-09-15,68000,2027-12-09,call,regular,200,0.2479,450,5200.0
2026-09-15,69000,2027-12-09,call,regular,850,0.2471,450,4835.0
2026-09-15,70000,2027-12-09,call,regular,850,0.2464,450,4495.0
2026-09-15,70500,2027-12-09,call,regular,62,0.246,450,4330.0
2026-09-15,72000,2027-12-09,call,regular,500,0.245,450,3870.0
2026-09-15,72500,2027-12-09,call,regular,100,0.2447,450,3725.0
2026-09-15,73500,2027-12-09,call,regular,100,0.2441,450,3450.0
2026-09-15,75000,2027-12-09,call,regular,277,0.2433,450,3070.0
2026-09-15,77500,2027-12-09,call,regular,600,0.2422,450,2520.0
2026-09-15,80000,2027-12-09,call,regular,1000,0.2413,450,2060.0
2026-09-15,85000,2027-12-09,call,regular,100,0.2401,450,1365.0
2026-09-15,87500,2027-12-09,call,regular,100,0.2399,450,1110.0
2026-09-15,100000,2027-12-09,call,regular,800,0.2404,450,390.0
2026-09-15,41500,2028-06-08,call,regular,100,0.2769,632,23175.0
2026-09-15,28000,2028-12-07,call,regular,50,0.2,814,35440.0
2026-09-15,30000,2028-12-07,call,regular,80,0.2312,814,33650.0
2026-09-15,31000,2028-12-07,call,regular,200,0.2552,814,32765.0
2026-09-15,32000,2028-12-07,call,regular,75,0.2667,814,31880.0
2026-09-15,33000,2028-12-07,call,regular,125,0.2744,814,31005.0
2026-09-15,34500,2028-12-07,call,regular,330,0.2806,814,29700.0
2026-09-15,34750,2028-12-07,call,regular,100,0.2814,814,29485.0
2026-09-15,35500,2028-12-07,call,regular,443,0.2827,814,28835.0
2026-09-15,36000,2028-12-07,call,regular,450,0.2837,814,28410.0
2026-09-15,36500,2028-12-07,call,regular,52,0.284,814,27980.0
2026-09-15,38000,2028-12-07,call,regular,120,0.2845,814,26710.0
2026-09-15,39000,2028-12-07,call,regular,575,0.2843,814,25875.0
2026-09-15,40000,2028-12-07,call,regular,30,0.2835,814,25045.0
2026-09-15,41000,2028-12-07,call,regular,375,0.2825,814,24225.0
2026-09-15,42000,2028-12-07,call,regular,65,0.2813,814,23415.0
2026-09-15,42500,2028-12-07,call,regular,100,0.2804,814,23010.0
2026-09-15,50000,2028-12-07,call,regular,400,0.2668,814,17325.0
2026-09-15,53000,2028-12-07,call,regular,50,0.2614,814,15275.0
2026-09-15,55000,2028-12-07,call,regular,50,0.2579,814,13985.0
2026-09-15,56000,2028-12-07,call,regular,650,0.2563,814,13370.0
2026-09-15,60000,2028-12-07,call,regular,250,0.2508,814,11095.0
2026-09-15,65000,2028-12-07,call,regular,25,0.2462,814,8700.0
2026-09-15,66500,2028-12-07,call,regular,130,0.2453,814,8080.0
2026-09-15,67500,2028-12-07,call,regular,100,0.2447,814,7685.0
2026-09-15,75000,2028-12-07,call,regular,80,0.2439,814,5315.0
2026-09-15,80000,2028-12-07,call,regular,200,0.2453,814,4190.0
2026-09-15,50000,2029-12-13,call,regular,100,0.2633,1185,18785.0
2026-09-15,60000,2029-12-13,call,regular,375,0.2505,1185,12955.0
2026-09-15,65000,2029-12-13,call,regular,50,0.2465,1185,10645.0
2026-09-15,57000,2030-12-12,call,regular,300,0.2528,1549,16005.0
2026-09-15,64000,2030-12-12,call,regular,3,0.2458,1549,12605.0
2026-09-15,64250,2026-09-16,put,mini,1060,0.4635,1,1060.0
2026-09-15,66250,2026-09-16,put,mini,2,0.5658,1,2810.0
2026-09-15,61000,2026-09-18,put,mini,787,0.4027,3,155.0
2026-09-15,61125,2026-09-18,put,mini,4,0.4003,3,170.0
2026-09-15,61250,2026-09-18,put,mini,5698,0.4005,3,190.0
2026-09-15,61375,2026-09-18,put,mini,64,0.3954,3,204.0
2026-09-15,61500,2026-09-18,put,mini,1713,0.3876,3,215.0
2026-09-15,61625,2026-09-18,put,mini,15,0.3894,3,242.0
2026-09-15,61750,2026-09-18,put,mini,203,0.3788,3,251.0
2026-09-15,61875,2026-09-18,put,mini,4,0.3803,3,281.0
2026-09-15,62000,2026-09-18,put,mini,1143,0.3797,3,310.0
2026-09-15,62125,2026-09-18,put,mini,25,0.3785,3,340.0
2026-09-15,62250,2026-09-18,put,mini,440,0.3578,3,335.0
2026-09-15,62375,2026-09-18,put,mini,5,0.3702,3,395.0
2026-09-15,62500,2026-09-18,put,mini,523,0.3534,3,400.0
2026-09-15,62625,2026-09-18,put,mini,3,0.365,3,465.0
2026-09-15,62750,2026-09-18,put,mini,234,0.3396,3,455.0
2026-09-15,62875,2026-09-18,put,mini,3,0.3645,3,555.0
2026-09-15,63000,2026-09-18,put,mini,615,0.3555,3,585.0
2026-09-15,63125,2026-09-18,put,mini,54,0.3566,3,640.0
2026-09-15,63250,2026-09-18,put,mini,192,0.3564,3,695.0
2026-09-15,63375,2026-09-18,put,mini,23,0.3351,3,705.0
2026-09-15,63500,2026-09-18,put,mini,763,0.3606,3,825.0
2026-09-15,63625,2026-09-18,put,mini,1,0.3651,3,900.0
2026-09-15,63750,2026-09-18,put,mini,88,0.3596,3,955.0
2026-09-15,63875,2026-09-18,put,mini,16,0.3284,3,955.0
2026-09-15,64000,2026-09-18,put,mini,143,0.36,3,1100.0
2026-09-15,64250,2026-09-18,put,mini,67,0.3712,3,1280.0
2026-09-15,64375,2026-09-18,put,mini,2,0.3775,3,1375.0
2026-09-15,64500,2026-09-18,put,mini,57,0.3708,3,1445.0
2026-09-15,64625,2026-09-18,put,mini,2,0.3749,3,1540.0
2026-09-15,64750,2026-09-18,put,mini,8,0.3729,3,1625.0
2026-09-15,64875,2026-09-18,put,mini,1,0.3773,3,1725.0
2026-09-15,65000,2026-09-18,put,mini,30,0.3781,3,1820.0
2026-09-15,65250,2026-09-18,put,mini,12,0.3732,3,2005.0
2026-09-15,65375,2026-09-18,put,mini,2115,0.3793,3,2115.0
2026-09-15,65500,2026-09-18,put,mini,8,0.3814,3,2220.0
2026-09-15,65625,2026-09-18,put,mini,2335,0.3893,3,2335.0
2026-09-15,65750,2026-09-18,put,mini,4,0.3862,3,2435.0
2026-09-15,66000,2026-09-18,put,mini,13,0.3909,3,2655.0
2026-09-15,66125,2026-09-18,put,mini,4,0.3918,3,2765.0
2026-09-15,66250,2026-09-18,put,mini,8,0.3959,3,2880.0
2026-09-15,66375,2026-09-18,put,mini,8,0.3994,3,2995.0
2026-09-15,66500,2026-09-18,put,mini,10,0.4068,3,3115.0
2026-09-15,66625,2026-09-18,put,mini,10,0.4041,3,3225.0
2026-09-15,66750,2026-09-18,put,mini,2,0.4105,3,3345.0
2026-09-15,66875,2026-09-18,put,mini,3465,0.4164,3,3465.0
2026-09-15,67000,2026-09-18,put,mini,1,0.422,3,3585.0
2026-09-15,67250,2026-09-18,put,mini,3825,0.4319,3,3825.0
2026-09-15,67375,2026-09-18,put,mini,3945,0.4361,3,3945.0
2026-09-15,67500,2026-09-18,put,mini,4065,0.4399,3,4065.0
2026-09-15,67625,2026-09-18,put,mini,4190,0.4502,3,4190.0
2026-09-15,67750,2026-09-18,put,mini,7,0.4604,3,4315.0
2026-09-15,67875,2026-09-18,put,mini,4435,0.4633,3,4435.0
2026-09-15,68000,2026-09-18,put,mini,2,0.4656,3,4555.0
2026-09-15,68125,2026-09-18,put,mini,4680,0.4754,3,4680.0
2026-09-15,68250,2026-09-18,put,mini,4800,0.477,3,4800.0
2026-09-15,68500,2026-09-18,put,mini,2,0.4961,3,5050.0
2026-09-15,68750,2026-09-18,put,mini,2,0.506,3,5295.0
2026-09-15,69250,2026-09-18,put,mini,5795,0.5428,3,5795.0
2026-09-15,61000,2026-09-25,put,mini,36,0.3054,10,380.0
2026-09-15,61250,2026-09-25,put,mini,39,0.306,10,440.0
2026-09-15,61375,2026-09-25,put,mini,31,0.304,10,465.0
2026-09-15,61500,2026-09-25,put,mini,25,0.2986,10,480.0
2026-09-15,62000,2026-09-25,put,mini,625,0.2981,10,625.0
2026-09-15,62500,2026-09-25,put,mini,2,0.2877,10,760.0
2026-09-15,63000,2026-09-25,put,mini,22,0.2914,10,980.0
2026-09-15,63125,2026-09-25,put,mini,1,0.2911,10,1035.0
2026-09-15,63500,2026-09-25,put,mini,203,0.2907,10,1215.0
2026-09-15,63750,2026-09-25,put,mini,4,0.2904,10,1345.0
2026-09-15,64000,2026-09-25,put,mini,30,0.2906,10,1485.0
2026-09-15,64250,2026-09-25,put,mini,4,0.29,10,1630.0
2026-09-15,64500,2026-09-25,put,mini,5,0.29,10,1785.0
2026-09-15,64750,2026-09-25,put,mini,4,0.2906,10,1950.0
2026-09-15,65000,2026-09-25,put,mini,52,0.2906,10,2120.0
2026-09-15,65250,2026-09-25,put,mini,8,0.2915,10,2300.0
2026-09-15,65500,2026-09-25,put,mini,1,0.2905,10,2480.0
2026-09-15,66250,2026-09-25,put,mini,10,0.2827,10,3045.0
2026-09-15,66500,2026-09-25,put,mini,4,0.2814,10,3250.0
2026-09-15,64000,2026-09-30,put,mini,1920,0.3226,15,1920.0
2026-09-15,64750,2026-09-30,put,mini,2,0.3274,15,2390.0
2026-09-15,63500,2026-10-02,put,mini,1725,0.3164,17,1725.0
2026-09-15,64250,2026-10-02,put,mini,2150,0.3191,17,2150.0
2026-09-15,64750,2026-10-02,put,mini,2,0.3208,17,2460.0
2026-09-15,65000,2026-10-02,put,mini,4,0.3221,17,2625.0
2026-09-15,64750,2026-10-07,put,mini,2,0.311,22,2635.0
2026-09-15,58375,2026-10-09,put,mini,212,0.3475,24,500.0
2026-09-15,58500,2026-10-09,put,mini,386,0.3455,24,515.0
2026-09-15,58625,2026-10-09,put,mini,1,0.3445,24,535.0
2026-09-15,58750,2026-10-09,put,mini,15,0.3434,24,555.0
2026-09-15,58875,2026-10-09,put,mini,1,0.3421,24,575.0
2026-09-15,59000,2026-10-09,put,mini,461,0.3373,24,580.0
2026-09-15,59125,2026-10-09,put,mini,615,0.3392,24,615.0
2026-09-15,59250,2026-10-09,put,mini,10,0.3341,24,620.0
2026-09-15,59375,2026-10-09,put,mini,2,0.3356,24,655.0
2026-09-15,59500,2026-10-09,put,mini,81,0.3347,24,680.0
2026-09-15,59625,2026-10-09,put,mini,705,0.3337,24,705.0
2026-09-15,59750,2026-10-09,put,mini,51,0.3314,24,725.0
2026-09-15,59875,2026-10-09,put,mini,1,0.3311,24,755.0
2026-09-15,60000,2026-10-09,put,mini,663,0.3276,24,770.0
2026-09-15,60125,2026-10-09,put,mini,1,0.3289,24,810.0
2026-09-15,60250,2026-10-09,put,mini,23,0.3271,24,835.0
2026-09-15,60500,2026-10-09,put,mini,105,0.3202,24,870.0
2026-09-15,60625,2026-10-09,put,mini,1,0.3244,24,930.0
2026-09-15,60750,2026-10-09,put,mini,44,0.3229,24,960.0
2026-09-15,60875,2026-10-09,put,mini,1,0.3221,24,995.0
2026-09-15,61000,2026-10-09,put,mini,225,0.3212,24,1030.0
2026-09-15,61125,2026-10-09,put,mini,6,0.3201,24,1065.0
2026-09-15,61250,2026-10-09,put,mini,498,0.3196,24,1105.0
2026-09-15,61375,2026-10-09,put,mini,1,0.3182,24,1140.0
2026-09-15,61500,2026-10-09,put,mini,31,0.3174,24,1180.0
2026-09-15,61625,2026-10-09,put,mini,1220,0.3164,24,1220.0
2026-09-15,61750,2026-10-09,put,mini,5,0.3161,24,1265.0
2026-09-15,61875,2026-10-09,put,mini,1310,0.3156,24,1310.0
2026-09-15,62000,2026-10-09,put,mini,200,0.3092,24,1320.0
2026-09-15,62125,2026-10-09,put,mini,1395,0.3132,24,1395.0
2026-09-15,62250,2026-10-09,put,mini,5,0.3122,24,1440.0
2026-09-15,62375,2026-10-09,put,mini,1490,0.3118,24,1490.0
2026-09-15,62500,2026-10-09,put,mini,621,0.3103,24,1535.0
2026-09-15,62750,2026-10-09,put,mini,918,0.3093,24,1640.0
2026-09-15,62875,2026-10-09,put,mini,3,0.3089,24,1695.0
2026-09-15,63000,2026-10-09,put,mini,143,0.3076,24,1745.0
2026-09-15,63125,2026-10-09,put,mini,1805,0.3076,24,1805.0
2026-09-15,63250,2026-10-09,put,mini,104,0.302,24,1830.0
2026-09-15,63375,2026-10-09,put,mini,1935,0.3085,24,1935.0
2026-09-15,63500,2026-10-09,put,mini,65,0.3049,24,1975.0
2026-09-15,63625,2026-10-09,put,mini,2,0.3026,24,2025.0
2026-09-15,63750,2026-10-09,put,mini,53,0.3047,24,2105.0
2026-09-15,63875,2026-10-09,put,mini,2,0.3012,24,2150.0
2026-09-15,64000,2026-10-09,put,mini,582,0.303,24,2230.0
2026-09-15,64125,2026-10-09,put,mini,1,0.303,24,2300.0
2026-09-15,64250,2026-10-09,put,mini,352,0.3028,24,2370.0
2026-09-15,64375,2026-10-09,put,mini,2440,0.3024,24,2440.0
2026-09-15,64500,2026-10-09,put,mini,114,0.3026,24,2515.0
2026-09-15,64625,2026-10-09,put,mini,1,0.3019,24,2585.0
2026-09-15,64750,2026-10-09,put,mini,104,0.3017,24,2660.0
2026-09-15,64875,2026-10-09,put,mini,1,0.2998,24,2725.0
2026-09-15,65000,2026-10-09,put,mini,135,0.3008,24,2810.0
2026-09-15,65125,2026-10-09,put,mini,2885,0.3,24,2885.0
2026-09-15,65250,2026-10-09,put,mini,8,0.3007,24,2970.0
2026-09-15,65375,2026-10-09,put,mini,1,0.3012,24,3055.0
2026-09-15,65500,2026-10-09,put,mini,8,0.3007,24,3135.0
2026-09-15,65625,2026-10-09,put,mini,3220,0.3008,24,3220.0
2026-09-15,65750,2026-10-09,put,mini,73,0.3016,24,3310.0
2026-09-15,65875,2026-10-09,put,mini,3395,0.3014,24,3395.0
2026-09-15,66000,2026-10-09,put,mini,29,0.3018,24,3485.0
2026-09-15,66250,2026-10-09,put,mini,9,0.3021,24,3665.0
2026-09-15,66375,2026-10-09,put,mini,3755,0.302,24,3755.0
2026-09-15,66500,2026-10-09,put,mini,24,0.3035,24,3855.0
2026-09-15,66625,2026-10-09,put,mini,3945,0.3031,24,3945.0
2026-09-15,66750,2026-10-09,put,mini,12,0.3043,24,4045.0
2026-09-15,67000,2026-10-09,put,mini,22,0.3053,24,4240.0
2026-09-15,67125,2026-10-09,put,mini,1,0.3061,24,4340.0
2026-09-15,67250,2026-10-09,put,mini,97,0.3077,24,4445.0
2026-09-15,67375,2026-10-09,put,mini,4550,0.3091,24,4550.0
2026-09-15,67500,2026-10-09,put,mini,22,0.3095,24,4650.0
2026-09-15,67750,2026-10-09,put,mini,25,0.3117,24,4860.0
2026-09-15,68000,2026-10-09,put,mini,83,0.3145,24,5075.0
2026-09-15,68250,2026-10-09,put,mini,59,0.3179,24,5295.0
2026-09-15,68500,2026-10-09,put,mini,25,0.3208,24,5515.0
2026-09-15,68750,2026-10-09,put,mini,93,0.3245,24,5740.0
2026-09-15,69000,2026-10-09,put,mini,124,0.3278,24,5965.0
2026-09-15,69250,2026-10-09,put,mini,9,0.332,24,6195.0
2026-09-15,69500,2026-10-09,put,mini,2,0.3358,24,6425.0
2026-09-15,69750,2026-10-09,put,mini,5,0.3407,24,6660.0
2026-09-15,70000,2026-10-09,put,mini,4,0.3453,24,6895.0
2026-09-15,70250,2026-10-09,put,mini,35,0.3496,24,7130.0
2026-09-15,70500,2026-10-09,put,mini,1,0.3551,24,7370.0
2026-09-15,71000,2026-10-09,put,mini,3,0.3656,24,7850.0
2026-09-15,71250,2026-10-09,put,mini,8090,0.3705,24,8090.0
2026-09-15,71375,2026-10-09,put,mini,1,0.3729,24,8210.0
2026-09-15,71500,2026-10-09,put,mini,8330,0.3753,24,8330.0
2026-09-15,71750,2026-10-09,put,mini,922,0.3815,24,8575.0
2026-09-15,72000,2026-10-09,put,mini,1,0.3875,24,8820.0
2026-09-15,72250,2026-10-09,put,mini,2,0.3935,24,9065.0
2026-09-15,61250,2026-10-16,put,mini,1,0.3182,31,1350.0
2026-09-15,61000,2026-11-13,put,mini,23,0.3035,59,1935.0
2026-09-15,61250,2026-11-13,put,mini,612,0.3019,59,2020.0
2026-09-15,61375,2026-11-13,put,mini,1,0.3013,59,2065.0
2026-09-15,61500,2026-11-13,put,mini,9,0.3011,59,2115.0
2026-09-15,61625,2026-11-13,put,mini,1,0.3008,59,2165.0
2026-09-15,61750,2026-11-13,put,mini,1,0.2995,59,2205.0
2026-09-15,61875,2026-11-13,put,mini,2265,0.3,59,2265.0
2026-09-15,62000,2026-11-13,put,mini,22,0.298,59,2300.0
2026-09-15,62250,2026-11-13,put,mini,2,0.2972,59,2405.0
2026-09-15,62375,2026-11-13,put,mini,11,0.297,59,2460.0
2026-09-15,62500,2026-11-13,put,mini,14,0.2961,59,2510.0
2026-09-15,62750,2026-11-13,put,mini,135,0.2952,59,2620.0
2026-09-15,62875,2026-11-13,put,mini,1,0.2947,59,2675.0
2026-09-15,63000,2026-11-13,put,mini,90,0.294,59,2730.0
2026-09-15,63125,2026-11-13,put,mini,1,0.2938,59,2790.0
2026-09-15,63250,2026-11-13,put,mini,205,0.293,59,2845.0
2026-09-15,63500,2026-11-13,put,mini,74,0.2921,59,2965.0
2026-09-15,63625,2026-11-13,put,mini,1,0.2925,59,3035.0
2026-09-15,63750,2026-11-13,put,mini,87,0.2914,59,3090.0
2026-09-15,64000,2026-11-13,put,mini,651,0.2908,59,3220.0
2026-09-15,64250,2026-11-13,put,mini,638,0.2904,59,3355.0
2026-09-15,64375,2026-11-13,put,mini,1,0.2899,59,3420.0
2026-09-15,64500,2026-11-13,put,mini,179,0.2897,59,3490.0
2026-09-15,64750,2026-11-13,put,mini,195,0.2887,59,3625.0
2026-09-15,65000,2026-11-13,put,mini,128,0.2883,59,3770.0
2026-09-15,65250,2026-11-13,put,mini,36,0.2876,59,3915.0
2026-09-15,65375,2026-11-13,put,mini,1,0.2869,59,3985.0
2026-09-15,65500,2026-11-13,put,mini,18,0.2871,59,4065.0
2026-09-15,66000,2026-11-13,put,mini,4,0.2866,59,4380.0
2026-09-15,66250,2026-11-13,put,mini,4540,0.2862,59,4540.0
2026-09-15,66375,2026-11-13,put,mini,2,0.2879,59,4640.0
2026-09-15,66500,2026-11-13,put,mini,18,0.2864,59,4710.0
2026-09-15,66750,2026-11-13,put,mini,6,0.2864,59,4880.0
2026-09-15,67750,2026-11-13,put,mini,3,0.2864,59,5590.0
2026-09-15,68000,2026-11-13,put,mini,3,0.286,59,5770.0
2026-09-15,70000,2026-11-13,put,mini,7365,0.2904,59,7365.0
2026-09-15,70250,2026-11-13,put,mini,188,0.2912,59,7575.0
2026-09-15,71000,2026-11-13,put,mini,2,0.2942,59,8220.0
2026-09-15,71500,2026-11-13,put,mini,1,0.2958,59,8655.0
2026-09-15,72000,2026-11-13,put,mini,17,0.2982,59,9100.0
2026-09-15,72250,2026-11-13,put,mini,2,0.2994,59,9325.0
2026-09-15,61000,2026-12-11,put,mini,1,0.2913,87,2410.0
2026-09-15,62250,2026-12-11,put,mini,1,0.2843,87,2880.0
2026-09-15,62500,2026-12-11,put,mini,2,0.2832,87,2985.0
2026-09-15,63000,2026-12-11,put,mini,1,0.281,87,3205.0
2026-09-15,64250,2026-09-16,call,mini,269,0.4234,1,269.0
2026-09-15,66250,2026-09-16,call,mini,2,0.4341,1,18.0
2026-09-15,61250,2026-09-18,call,mini,4,0.361,3,2395.0
2026-09-15,61500,2026-09-18,call,mini,2175,0.3551,3,2175.0
2026-09-15,62375,2026-09-18,call,mini,1480,0.3464,3,1480.0
2026-09-15,63000,2026-09-18,call,mini,42,0.3435,3,1065.0
2026-09-15,63125,2026-09-18,call,mini,3,0.3471,3,1000.0
2026-09-15,63250,2026-09-18,call,mini,5,0.3579,3,955.0
2026-09-15,63500,2026-09-18,call,mini,65,0.3578,3,825.0
2026-09-15,63625,2026-09-18,call,mini,760,0.3558,3,760.0
2026-09-15,63750,2026-09-18,call,mini,6,0.3546,3,700.0
2026-09-15,63875,2026-09-18,call,mini,2,0.3587,3,655.0
2026-09-15,64000,2026-09-18,call,mini,311,0.3571,3,600.0
2026-09-15,64125,2026-09-18,call,mini,1,0.3541,3,545.0
2026-09-15,64250,2026-09-18,call,mini,58,0.352,3,495.0
2026-09-15,64375,2026-09-18,call,mini,1,0.3556,3,460.0
2026-09-15,64500,2026-09-18,call,mini,190,0.3507,3,410.0
2026-09-15,64625,2026-09-18,call,mini,2,0.3518,3,375.0
2026-09-15,64750,2026-09-18,call,mini,146,0.3515,3,340.0
2026-09-15,64875,2026-09-18,call,mini,6,0.3526,3,310.0
2026-09-15,65000,2026-09-18,call,mini,1133,0.3497,3,275.0
2026-09-15,65125,2026-09-18,call,mini,3,0.3451,3,240.0
2026-09-15,65250,2026-09-18,call,mini,274,0.3449,3,215.0
2026-09-15,65375,2026-09-18,call,mini,200,0.3499,3,200.0
2026-09-15,65500,2026-09-18,call,mini,468,0.3486,3,177.0
2026-09-15,65625,2026-09-18,call,mini,2,0.3545,3,166.0
2026-09-15,65750,2026-09-18,call,mini,89,0.345,3,136.0
2026-09-15,65875,2026-09-18,call,mini,1,0.3496,3,126.0
2026-09-15,66000,2026-09-18,call,mini,2997,0.3526,3,115.0
2026-09-15,66125,2026-09-18,call,mini,51,0.3471,3,96.0
2026-09-15,66250,2026-09-18,call,mini,159,0.3538,3,91.0
2026-09-15,66375,2026-09-18,call,mini,50,0.3502,3,77.0
2026-09-15,66500,2026-09-18,call,mini,490,0.3519,3,69.0
2026-09-15,66625,2026-09-18,call,mini,59,0.35,3,59.0
2026-09-15,66750,2026-09-18,call,mini,162,0.3535,3,54.0
2026-09-15,66875,2026-09-18,call,mini,4,0.3549,3,48.0
2026-09-15,67000,2026-09-18,call,mini,2632,0.3552,3,42.0
2026-09-15,67125,2026-09-18,call,mini,8,0.3504,3,34.0
2026-09-15,67250,2026-09-18,call,mini,130,0.3538,3,31.0
2026-09-15,67375,2026-09-18,call,mini,4,0.3587,3,29.0
2026-09-15,67500,2026-09-18,call,mini,310,0.3535,3,23.0
2026-09-15,67625,2026-09-18,call,mini,24,0.3649,3,24.0
2026-09-15,67750,2026-09-18,call,mini,89,0.3567,3,18.0
2026-09-15,67875,2026-09-18,call,mini,76,0.3713,3,20.0
2026-09-15,68000,2026-09-18,call,mini,1725,0.3429,3,10.0
2026-09-15,68125,2026-09-18,call,mini,23,0.3598,3,12.0
2026-09-15,68250,2026-09-18,call,mini,49,0.3535,3,9.0
2026-09-15,68375,2026-09-18,call,mini,10,0.3497,3,7.0
2026-09-15,68500,2026-09-18,call,mini,361,0.3504,3,6.0
2026-09-15,68625,2026-09-18,call,mini,20,0.3646,3,7.0
2026-09-15,68750,2026-09-18,call,mini,45,0.3651,3,6.0
2026-09-15,68875,2026-09-18,call,mini,2,0.3643,3,5.0
2026-09-15,69000,2026-09-18,call,mini,989,0.3621,3,4.0
2026-09-15,69125,2026-09-18,call,mini,9,0.3691,3,4.0
2026-09-15,69250,2026-09-18,call,mini,142,0.3495,3,2.0
2026-09-15,69375,2026-09-18,call,mini,3,0.3711,3,3.0
2026-09-15,69500,2026-09-18,call,mini,150,0.3396,3,1.0
2026-09-15,69625,2026-09-18,call,mini,14,0.3457,3,1.0
2026-09-15,69750,2026-09-18,call,mini,28,0.3518,3,1.0
2026-09-15,69875,2026-09-18,call,mini,22,0.3579,3,1.0
2026-09-15,70000,2026-09-18,call,mini,586,0.3639,3,1.0
2026-09-15,70125,2026-09-18,call,mini,6,0.37,3,1.0
2026-09-15,70250,2026-09-18,call,mini,6,0.376,3,1.0
2026-09-15,70375,2026-09-18,call,mini,3,0.382,3,1.0
2026-09-15,70500,2026-09-18,call,mini,83,0.388,3,1.0
2026-09-15,70625,2026-09-18,call,mini,1,0.4199,3,2.0
2026-09-15,70750,2026-09-18,call,mini,8,0.3999,3,1.0
2026-09-15,70875,2026-09-18,call,mini,1,0.4059,3,1.0
2026-09-15,71000,2026-09-18,call,mini,833,0.4118,3,1.0
2026-09-15,71125,2026-09-18,call,mini,2,0.4177,3,1.0
2026-09-15,71250,2026-09-18,call,mini,24,0.4235,3,1.0
2026-09-15,71375,2026-09-18,call,mini,4,0.4294,3,1.0
2026-09-15,71500,2026-09-18,call,mini,721,0.4352,3,1.0
2026-09-15,71625,2026-09-18,call,mini,8,0.4411,3,1.0
2026-09-15,71750,2026-09-18,call,mini,14,0.4469,3,1.0
2026-09-15,71875,2026-09-18,call,mini,3,0.4527,3,1.0
2026-09-15,72000,2026-09-18,call,mini,426,0.4584,3,1.0
2026-09-15,72125,2026-09-18,call,mini,11,0.4642,3,1.0
2026-09-15,72250,2026-09-18,call,mini,285,0.4699,3,1.0
2026-09-15,63000,2026-09-25,call,mini,2,0.2823,10,1450.0
2026-09-15,63250,2026-09-25,call,mini,2,0.2824,10,1315.0
2026-09-15,63375,2026-09-25,call,mini,1,0.2823,10,1250.0
2026-09-15,63500,2026-09-25,call,mini,2,0.2817,10,1185.0
2026-09-15,63750,2026-09-25,call,mini,2,0.2814,10,1065.0
2026-09-15,64500,2026-09-25,call,mini,2,0.2818,10,760.0
2026-09-15,64875,2026-09-25,call,mini,630,0.281,10,630.0
2026-09-15,65000,2026-09-25,call,mini,2,0.2806,10,590.0
2026-09-15,65250,2026-09-25,call,mini,8,0.281,10,520.0
2026-09-15,66000,2026-09-25,call,mini,56,0.2795,10,340.0
2026-09-15,66250,2026-09-25,call,mini,58,0.2695,10,266.0
2026-09-15,66500,2026-09-25,call,mini,404,0.2659,10,218.0
2026-09-15,66875,2026-09-25,call,mini,1,0.2609,10,159.0
2026-09-15,67000,2026-09-25,call,mini,15,0.266,10,156.0
2026-09-15,67375,2026-09-25,call,mini,126,0.2696,10,126.0
2026-09-15,67500,2026-09-25,call,mini,3,0.2694,10,115.0
2026-09-15,68000,2026-09-25,call,mini,20,0.2697,10,80.0
2026-09-15,68500,2026-09-25,call,mini,1,0.2692,10,54.0
2026-09-15,69000,2026-09-25,call,mini,804,0.2705,10,37.0
2026-09-15,69250,2026-09-25,call,mini,6,0.2704,10,30.0
2026-09-15,69375,2026-09-25,call,mini,27,0.2704,10,27.0
2026-09-15,64000,2026-09-30,call,mini,1060,0.2504,15,1060.0
2026-09-15,64750,2026-09-30,call,mini,2,0.2522,15,780.0
2026-09-15,63500,2026-10-02,call,mini,1375,0.2507,17,1375.0
2026-09-15,64250,2026-10-02,call,mini,1050,0.2526,17,1050.0
2026-09-15,64750,2026-10-02,call,mini,2,0.2524,17,860.0
2026-09-15,65000,2026-10-02,call,mini,4,0.2523,17,775.0
2026-09-15,69000,2026-10-02,call,mini,1,0.2505,17,97.0
2026-09-15,64750,2026-10-07,call,mini,2,0.253,22,1045.0
2026-09-15,58375,2026-10-09,call,mini,6,0.2657,24,5350.0
2026-09-15,58500,2026-10-09,call,mini,39,0.2658,24,5240.0
2026-09-15,59000,2026-10-09,call,mini,4820,0.2695,24,4820.0
2026-09-15,59500,2026-10-09,call,mini,4405,0.2699,24,4405.0
2026-09-15,59750,2026-10-09,call,mini,3,0.2705,24,4205.0
2026-09-15,60000,2026-10-09,call,mini,15,0.2712,24,4010.0
2026-09-15,60250,2026-10-09,call,mini,3815,0.2709,24,3815.0
2026-09-15,60500,2026-10-09,call,mini,2,0.2707,24,3625.0
2026-09-15,61000,2026-10-09,call,mini,39,0.2695,24,3255.0
2026-09-15,61125,2026-10-09,call,mini,8,0.271,24,3175.0
2026-09-15,61250,2026-10-09,call,mini,518,0.2694,24,3080.0
2026-09-15,61500,2026-10-09,call,mini,2905,0.2685,24,2905.0
2026-09-15,61750,2026-10-09,call,mini,2735,0.2675,24,2735.0
2026-09-15,61875,2026-10-09,call,mini,2660,0.2683,24,2660.0
2026-09-15,62000,2026-10-09,call,mini,7,0.2673,24,2575.0
2026-09-15,62250,2026-10-09,call,mini,2420,0.267,24,2420.0
2026-09-15,62500,2026-10-09,call,mini,10,0.265,24,2260.0
2026-09-15,62750,2026-10-09,call,mini,962,0.2638,24,2110.0
2026-09-15,62875,2026-10-09,call,mini,1,0.2644,24,2045.0
2026-09-15,63000,2026-10-09,call,mini,53,0.2539,24,1910.0
2026-09-15,63250,2026-10-09,call,mini,111,0.2594,24,1815.0
2026-09-15,63375,2026-10-09,call,mini,1775,0.263,24,1775.0
2026-09-15,63500,2026-10-09,call,mini,53,0.2617,24,1705.0
2026-09-15,63750,2026-10-09,call,mini,55,0.2531,24,1530.0
2026-09-15,63875,2026-10-09,call,mini,1495,0.2565,24,1495.0
2026-09-15,64000,2026-10-09,call,mini,423,0.2512,24,1405.0
2026-09-15,64125,2026-10-09,call,mini,1380,0.2558,24,1380.0
2026-09-15,64250,2026-10-09,call,mini,360,0.2516,24,1300.0
2026-09-15,64375,2026-10-09,call,mini,1265,0.2541,24,1265.0
2026-09-15,64500,2026-10-09,call,mini,124,0.2517,24,1200.0
2026-09-15,64625,2026-10-09,call,mini,1155,0.2523,24,1155.0
2026-09-15,64750,2026-10-09,call,mini,105,0.2486,24,1085.0
2026-09-15,64875,2026-10-09,call,mini,1070,0.2535,24,1070.0
2026-09-15,65000,2026-10-09,call,mini,199,0.2493,24,1000.0
2026-09-15,65125,2026-10-09,call,mini,3,0.2522,24,975.0
2026-09-15,65250,2026-10-09,call,mini,8,0.2474,24,905.0
2026-09-15,65375,2026-10-09,call,mini,875,0.2491,24,875.0
2026-09-15,65500,2026-10-09,call,mini,90,0.2471,24,825.0
2026-09-15,65625,2026-10-09,call,mini,800,0.2492,24,800.0
2026-09-15,65750,2026-10-09,call,mini,2,0.2459,24,745.0
2026-09-15,65875,2026-10-09,call,mini,725,0.2485,24,725.0
2026-09-15,66000,2026-10-09,call,mini,401,0.2455,24,675.0
2026-09-15,66125,2026-10-09,call,mini,655,0.2477,24,655.0
2026-09-15,66250,2026-10-09,call,mini,16,0.245,24,610.0
2026-09-15,66375,2026-10-09,call,mini,590,0.2469,24,590.0
2026-09-15,66500,2026-10-09,call,mini,110,0.2446,24,550.0
2026-09-15,66625,2026-10-09,call,mini,530,0.2461,24,530.0
2026-09-15,66750,2026-10-09,call,mini,17,0.2443,24,495.0
2026-09-15,66875,2026-10-09,call,mini,475,0.2453,24,475.0
2026-09-15,67000,2026-10-09,call,mini,367,0.2441,24,445.0
2026-09-15,67125,2026-10-09,call,mini,6,0.2447,24,425.0
2026-09-15,67250,2026-10-09,call,mini,47,0.2452,24,405.0
2026-09-15,67375,2026-10-09,call,mini,2,0.2431,24,375.0
2026-09-15,67500,2026-10-09,call,mini,175,0.2431,24,355.0
2026-09-15,67625,2026-10-09,call,mini,1,0.2442,24,340.0
2026-09-15,67750,2026-10-09,call,mini,27,0.245,24,325.0
2026-09-15,67875,2026-10-09,call,mini,1,0.2444,24,305.0
2026-09-15,68000,2026-10-09,call,mini,533,0.2449,24,290.0
2026-09-15,68125,2026-10-09,call,mini,268,0.2432,24,268.0
2026-09-15,68250,2026-10-09,call,mini,202,0.2433,24,253.0
2026-09-15,68500,2026-10-09,call,mini,143,0.2433,24,225.0
2026-09-15,68625,2026-10-09,call,mini,2,0.2449,24,217.0
2026-09-15,68750,2026-10-09,call,mini,122,0.2434,24,200.0
2026-09-15,68875,2026-10-09,call,mini,193,0.2451,24,193.0
2026-09-15,69000,2026-10-09,call,mini,260,0.2445,24,180.0
2026-09-15,69125,2026-10-09,call,mini,1,0.2455,24,172.0
2026-09-15,69250,2026-10-09,call,mini,14,0.2444,24,159.0
2026-09-15,69375,2026-10-09,call,mini,153,0.2458,24,153.0
2026-09-15,69500,2026-10-09,call,mini,60,0.2447,24,141.0
2026-09-15,69625,2026-10-09,call,mini,1,0.2471,24,138.0
2026-09-15,69750,2026-10-09,call,mini,1,0.2455,24,126.0
2026-09-15,69875,2026-10-09,call,mini,123,0.2477,24,123.0
2026-09-15,70000,2026-10-09,call,mini,815,0.2461,24,112.0
2026-09-15,70125,2026-10-09,call,mini,1,0.2515,24,116.0
2026-09-15,70250,2026-10-09,call,mini,38,0.2475,24,101.0
2026-09-15,70375,2026-10-09,call,mini,2,0.2493,24,98.0
2026-09-15,70500,2026-10-09,call,mini,64,0.2483,24,90.0
2026-09-15,70625,2026-10-09,call,mini,3,0.2533,24,93.0
2026-09-15,70750,2026-10-09,call,mini,8,0.249,24,80.0
2026-09-15,71000,2026-10-09,call,mini,475,0.249,24,70.0
2026-09-15,71125,2026-10-09,call,mini,2,0.2521,24,70.0
2026-09-15,71250,2026-10-09,call,mini,9,0.2511,24,64.0
2026-09-15,71500,2026-10-09,call,mini,81,0.252,24,57.0
2026-09-15,71625,2026-10-09,call,mini,2,0.255,24,57.0
2026-09-15,71750,2026-10-09,call,mini,993,0.2531,24,51.0
2026-09-15,72000,2026-10-09,call,mini,369,0.2536,24,45.0
2026-09-15,72125,2026-10-09,call,mini,4,0.2565,24,45.0
2026-09-15,72250,2026-10-09,call,mini,73,0.2565,24,42.0
2026-09-15,61250,2026-11-13,call,mini,206,0.2766,59,4045.0
2026-09-15,61500,2026-11-13,call,mini,3,0.2745,59,3875.0
2026-09-15,62000,2026-11-13,call,mini,2,0.274,59,3580.0
2026-09-15,62500,2026-11-13,call,mini,3275,0.271,59,3275.0
2026-09-15,62750,2026-11-13,call,mini,7,0.2718,59,3150.0
2026-09-15,63000,2026-11-13,call,mini,69,0.2701,59,3005.0
2026-09-15,63250,2026-11-13,call,mini,205,0.2677,59,2855.0
2026-09-15,63500,2026-11-13,call,mini,56,0.2669,59,2725.0
2026-09-15,63750,2026-11-13,call,mini,93,0.2662,59,2600.0
2026-09-15,64000,2026-11-13,call,mini,653,0.2661,59,2485.0
2026-09-15,64250,2026-11-13,call,mini,708,0.2648,59,2360.0
2026-09-15,64500,2026-11-13,call,mini,186,0.264,59,2245.0
2026-09-15,64750,2026-11-13,call,mini,216,0.2633,59,2135.0
2026-09-15,65000,2026-11-13,call,mini,151,0.2629,59,2030.0
2026-09-15,65125,2026-11-13,call,mini,2,0.2627,59,1980.0
2026-09-15,65250,2026-11-13,call,mini,36,0.2605,59,1910.0
2026-09-15,65500,2026-11-13,call,mini,6,0.2603,59,1815.0
2026-09-15,65750,2026-11-13,call,mini,1,0.2602,59,1725.0
2026-09-15,66000,2026-11-13,call,mini,30,0.2593,59,1630.0
2026-09-15,66250,2026-11-13,call,mini,6,0.2591,59,1545.0
2026-09-15,66500,2026-11-13,call,mini,13,0.2616,59,1490.0
2026-09-15,66625,2026-11-13,call,mini,3,0.2599,59,1435.0
2026-09-15,66750,2026-11-13,call,mini,16,0.258,59,1380.0
2026-09-15,67000,2026-11-13,call,mini,32,0.2573,59,1300.0
2026-09-15,67125,2026-11-13,call,mini,2,0.2589,59,1280.0
2026-09-15,67250,2026-11-13,call,mini,58,0.2578,59,1235.0
2026-09-15,67500,2026-11-13,call,mini,16,0.2563,59,1155.0
2026-09-15,67750,2026-11-13,call,mini,22,0.2567,59,1095.0
2026-09-15,68000,2026-11-13,call,mini,65,0.2556,59,1025.0
2026-09-15,68250,2026-11-13,call,mini,59,0.256,59,970.0
2026-09-15,68500,2026-11-13,call,mini,48,0.256,59,915.0
2026-09-15,68750,2026-11-13,call,mini,81,0.2558,59,860.0
2026-09-15,69000,2026-11-13,call,mini,73,0.2558,59,810.0
2026-09-15,69250,2026-11-13,call,mini,7,0.2548,59,755.0
2026-09-15,69375,2026-11-13,call,mini,745,0.2566,59,745.0
2026-09-15,69500,2026-11-13,call,mini,2,0.2548,59,710.0
2026-09-15,69750,2026-11-13,call,mini,6,0.2552,59,670.0
2026-09-15,70000,2026-11-13,call,mini,34,0.2539,59,620.0
2026-09-15,70125,2026-11-13,call,mini,6,0.2561,59,615.0
2026-09-15,70250,2026-11-13,call,mini,211,0.2544,59,585.0
2026-09-15,70500,2026-11-13,call,mini,2,0.2539,59,545.0
2026-09-15,70750,2026-11-13,call,mini,1,0.2538,59,510.0
2026-09-15,71000,2026-11-13,call,mini,9,0.2534,59,475.0
2026-09-15,71250,2026-11-13,call,mini,1,0.2535,59,445.0
2026-09-15,71500,2026-11-13,call,mini,4,0.2542,59,420.0
2026-09-15,71625,2026-11-13,call,mini,410,0.2549,59,410.0
2026-09-15,71750,2026-11-13,call,mini,2,0.2537,59,390.0
2026-09-15,72000,2026-11-13,call,mini,134,0.2529,59,360.0
2026-09-15,72125,2026-11-13,call,mini,3,0.2534,59,350.0
2026-09-15,72250,2026-11-13,call,mini,11,0.2538,59,340.0
2026-09-15,63000,2026-12-11,call,mini,3,0.2675,87,3560.0
2026-09-15,64000,2026-12-11,call,mini,1,0.2635,87,3035.0
2026-09-15,65125,2026-12-11,call,mini,1,0.2604,87,2520.0
2026-09-15,66000,2026-12-11,call,mini,1,0.2575,87,2155.0
2026-09-15,67000,2026-12-11,call,mini,2,0.2579,87,1825.0
2026-09-15,67375,2026-12-11,call,mini,1,0.257,87,1700.0
2026-09-15,68000,2026-12-11,call,mini,2,0.2563,87,1515.0
