date,strike,expiry,type,product,oi,iv,days_to_expiry,settlement
2026-07-08,20000,2026-07-09,put,regular,2096,0.2,1,1.0
2026-07-08,22000,2026-07-09,put,regular,439,0.2,1,1.0
2026-07-08,24000,2026-07-09,put,regular,629,0.2,1,1.0
2026-07-08,25000,2026-07-09,put,regular,2970,0.2,1,1.0
2026-07-08,26000,2026-07-09,put,regular,385,0.2,1,1.0
2026-07-08,27000,2026-07-09,put,regular,297,0.2,1,1.0
2026-07-08,28000,2026-07-09,put,regular,143,4.9044,1,1.0
2026-07-08,29000,2026-07-09,put,regular,280,4.7143,1,1.0
2026-07-08,30000,2026-07-09,put,regular,2633,4.5305,1,1.0
2026-07-08,31000,2026-07-09,put,regular,189,4.3527,1,1.0
2026-07-08,32000,2026-07-09,put,regular,621,4.1805,1,1.0
2026-07-08,33000,2026-07-09,put,regular,311,4.0135,1,1.0
2026-07-08,34000,2026-07-09,put,regular,116,3.8514,1,1.0
2026-07-08,35000,2026-07-09,put,regular,2207,3.6939,1,1.0
2026-07-08,35500,2026-07-09,put,regular,106,3.6168,1,1.0
2026-07-08,35750,2026-07-09,put,regular,1,3.5786,1,1.0
2026-07-08,36000,2026-07-09,put,regular,766,3.5407,1,1.0
2026-07-08,36250,2026-07-09,put,regular,1,3.503,1,1.0
2026-07-08,36500,2026-07-09,put,regular,114,3.4656,1,1.0
2026-07-08,36750,2026-07-09,put,regular,12,3.4284,1,1.0
2026-07-08,37000,2026-07-09,put,regular,113,3.3915,1,1.0
2026-07-08,37250,2026-07-09,put,regular,4,3.3548,1,1.0
2026-07-08,37500,2026-07-09,put,regular,107,3.3184,1,1.0
2026-07-08,37750,2026-07-09,put,regular,3,3.2822,1,1.0
2026-07-08,38000,2026-07-09,put,regular,376,3.2462,1,1.0
2026-07-08,38250,2026-07-09,put,regular,3,3.2104,1,1.0
2026-07-08,38500,2026-07-09,put,regular,226,3.1749,1,1.0
2026-07-08,38750,2026-07-09,put,regular,6,3.1396,1,1.0
2026-07-08,39000,2026-07-09,put,regular,842,3.1045,1,1.0
2026-07-08,39250,2026-07-09,put,regular,1,3.0696,1,1.0
2026-07-08,39500,2026-07-09,put,regular,60,3.0349,1,1.0
2026-07-08,39750,2026-07-09,put,regular,34,3.0004,1,1.0
2026-07-08,40000,2026-07-09,put,regular,2691,2.9662,1,1.0
2026-07-08,40250,2026-07-09,put,regular,15,2.9321,1,1.0
2026-07-08,40500,2026-07-09,put,regular,171,2.8983,1,1.0
2026-07-08,40750,2026-07-09,put,regular,18,2.8646,1,1.0
2026-07-08,41000,2026-07-09,put,regular,124,2.8311,1,1.0
2026-07-08,41250,2026-07-09,put,regular,57,2.7978,1,1.0
2026-07-08,41500,2026-07-09,put,regular,240,2.7647,1,1.0
2026-07-08,41750,2026-07-09,put,regular,13,2.7318,1,1.0
2026-07-08,42000,2026-07-09,put,regular,349,2.6991,1,1.0
2026-07-08,42250,2026-07-09,put,regular,19,2.6666,1,1.0
2026-07-08,42500,2026-07-09,put,regular,207,2.6342,1,1.0
2026-07-08,42750,2026-07-09,put,regular,68,2.602,1,1.0
2026-07-08,43000,2026-07-09,put,regular,986,2.57,1,1.0
2026-07-08,43250,2026-07-09,put,regular,25,2.5381,1,1.0
2026-07-08,43500,2026-07-09,put,regular,103,2.5065,1,1.0
2026-07-08,43750,2026-07-09,put,regular,28,2.4749,1,1.0
2026-07-08,44000,2026-07-09,put,regular,418,2.4436,1,1.0
2026-07-08,44250,2026-07-09,put,regular,83,2.4124,1,1.0
2026-07-08,44500,2026-07-09,put,regular,472,2.3814,1,1.0
2026-07-08,44750,2026-07-09,put,regular,47,2.3505,1,1.0
2026-07-08,45000,2026-07-09,put,regular,2339,2.3198,1,1.0
2026-07-08,45250,2026-07-09,put,regular,25,2.2893,1,1.0
2026-07-08,45500,2026-07-09,put,regular,227,2.2589,1,1.0
2026-07-08,45750,2026-07-09,put,regular,17,2.2286,1,1.0
2026-07-08,46000,2026-07-09,put,regular,747,2.1985,1,1.0
2026-07-08,46250,2026-07-09,put,regular,79,2.1685,1,1.0
2026-07-08,46500,2026-07-09,put,regular,339,2.1387,1,1.0
2026-07-08,46750,2026-07-09,put,regular,7,2.109,1,1.0
2026-07-08,47000,2026-07-09,put,regular,1187,2.0795,1,1.0
2026-07-08,47250,2026-07-09,put,regular,51,2.0501,1,1.0
2026-07-08,47500,2026-07-09,put,regular,185,2.0209,1,1.0
2026-07-08,47750,2026-07-09,put,regular,163,1.9917,1,1.0
2026-07-08,48000,2026-07-09,put,regular,2706,1.9627,1,1.0
2026-07-08,48250,2026-07-09,put,regular,31,1.9339,1,1.0
2026-07-08,48500,2026-07-09,put,regular,766,1.9052,1,1.0
2026-07-08,48750,2026-07-09,put,regular,24,1.8766,1,1.0
2026-07-08,49000,2026-07-09,put,regular,533,1.8481,1,1.0
2026-07-08,49250,2026-07-09,put,regular,43,1.8197,1,1.0
2026-07-08,49500,2026-07-09,put,regular,366,1.7915,1,1.0
2026-07-08,49750,2026-07-09,put,regular,18,1.7634,1,1.0
2026-07-08,50000,2026-07-09,put,regular,2245,1.7354,1,1.0
2026-07-08,50250,2026-07-09,put,regular,18,1.7075,1,1.0
2026-07-08,50500,2026-07-09,put,regular,132,1.6798,1,1.0
2026-07-08,50750,2026-07-09,put,regular,8,1.6521,1,1.0
2026-07-08,51000,2026-07-09,put,regular,1446,1.6246,1,1.0
2026-07-08,51250,2026-07-09,put,regular,17,1.5972,1,1.0
2026-07-08,51500,2026-07-09,put,regular,805,1.5698,1,1.0
2026-07-08,51750,2026-07-09,put,regular,18,1.5426,1,1.0
2026-07-08,52000,2026-07-09,put,regular,1266,1.5155,1,1.0
2026-07-08,52250,2026-07-09,put,regular,101,1.4886,1,1.0
2026-07-08,52500,2026-07-09,put,regular,770,1.4617,1,1.0
2026-07-08,52750,2026-07-09,put,regular,35,1.4349,1,1.0
2026-07-08,52875,2026-07-09,put,regular,7,1.4215,1,1.0
2026-07-08,53000,2026-07-09,put,regular,4073,1.4082,1,1.0
2026-07-08,53125,2026-07-09,put,regular,4,1.3949,1,1.0
2026-07-08,53250,2026-07-09,put,regular,446,1.3816,1,1.0
2026-07-08,53375,2026-07-09,put,regular,163,1.3683,1,1.0
2026-07-08,53500,2026-07-09,put,regular,213,1.3551,1,1.0
2026-07-08,53625,2026-07-09,put,regular,4,1.3419,1,1.0
2026-07-08,53750,2026-07-09,put,regular,19,1.3287,1,1.0
2026-07-08,53875,2026-07-09,put,regular,110,1.3155,1,1.0
2026-07-08,54000,2026-07-09,put,regular,966,1.3024,1,1.0
2026-07-08,54125,2026-07-09,put,regular,8,1.3672,1,2.0
2026-07-08,54250,2026-07-09,put,regular,22,1.4047,1,3.0
2026-07-08,54375,2026-07-09,put,regular,22,1.3905,1,3.0
2026-07-08,54500,2026-07-09,put,regular,291,1.3763,1,3.0
2026-07-08,54625,2026-07-09,put,regular,3,1.3621,1,3.0
2026-07-08,54750,2026-07-09,put,regular,21,1.348,1,3.0
2026-07-08,54875,2026-07-09,put,regular,8,1.3339,1,3.0
2026-07-08,55000,2026-07-09,put,regular,3380,1.3198,1,3.0
2026-07-08,55125,2026-07-09,put,regular,100,1.3057,1,3.0
2026-07-08,55250,2026-07-09,put,regular,13,1.2916,1,3.0
2026-07-08,55375,2026-07-09,put,regular,11,1.2776,1,3.0
2026-07-08,55500,2026-07-09,put,regular,570,1.2636,1,3.0
2026-07-08,55625,2026-07-09,put,regular,6,1.2496,1,3.0
2026-07-08,55750,2026-07-09,put,regular,8,1.2356,1,3.0
2026-07-08,55875,2026-07-09,put,regular,7,1.2217,1,3.0
2026-07-08,56000,2026-07-09,put,regular,1948,1.2078,1,3.0
2026-07-08,56125,2026-07-09,put,regular,6,1.1938,1,3.0
2026-07-08,56250,2026-07-09,put,regular,98,1.18,1,3.0
2026-07-08,56375,2026-07-09,put,regular,736,1.1998,1,4.0
2026-07-08,56500,2026-07-09,put,regular,450,1.1856,1,4.0
2026-07-08,56625,2026-07-09,put,regular,77,1.1715,1,4.0
2026-07-08,56750,2026-07-09,put,regular,28,1.1573,1,4.0
2026-07-08,56875,2026-07-09,put,regular,15,1.1432,1,4.0
2026-07-08,57000,2026-07-09,put,regular,2499,1.1556,1,5.0
2026-07-08,57125,2026-07-09,put,regular,2,1.1412,1,5.0
2026-07-08,57250,2026-07-09,put,regular,23,1.1268,1,5.0
2026-07-08,57375,2026-07-09,put,regular,8,1.1125,1,5.0
2026-07-08,57500,2026-07-09,put,regular,677,1.0982,1,5.0
2026-07-08,57625,2026-07-09,put,regular,20,1.0839,1,5.0
2026-07-08,57750,2026-07-09,put,regular,19,1.0696,1,5.0
2026-07-08,57875,2026-07-09,put,regular,46,1.0553,1,5.0
2026-07-08,58000,2026-07-09,put,regular,4181,1.041,1,5.0
2026-07-08,58125,2026-07-09,put,regular,5,1.0475,1,6.0
2026-07-08,58250,2026-07-09,put,regular,22,1.033,1,6.0
2026-07-08,58375,2026-07-09,put,regular,15,1.0366,1,7.0
2026-07-08,58500,2026-07-09,put,regular,1289,1.0219,1,7.0
2026-07-08,58625,2026-07-09,put,regular,9,1.0072,1,7.0
2026-07-08,58750,2026-07-09,put,regular,13,1.0083,1,8.0
2026-07-08,58875,2026-07-09,put,regular,26,0.9935,1,8.0
2026-07-08,59000,2026-07-09,put,regular,1672,0.9787,1,8.0
2026-07-08,59125,2026-07-09,put,regular,9,0.9777,1,9.0
2026-07-08,59250,2026-07-09,put,regular,20,0.9627,1,9.0
2026-07-08,59375,2026-07-09,put,regular,29,0.9478,1,9.0
2026-07-08,59500,2026-07-09,put,regular,1822,0.9452,1,10.0
2026-07-08,59625,2026-07-09,put,regular,6,0.9414,1,11.0
2026-07-08,59750,2026-07-09,put,regular,27,0.9262,1,11.0
2026-07-08,59875,2026-07-09,put,regular,131,0.911,1,11.0
2026-07-08,60000,2026-07-09,put,regular,3433,0.8958,1,11.0
2026-07-08,60125,2026-07-09,put,regular,52,0.8907,1,12.0
2026-07-08,60250,2026-07-09,put,regular,300,0.8753,1,12.0
2026-07-08,60375,2026-07-09,put,regular,5,0.8693,1,13.0
2026-07-08,60500,2026-07-09,put,regular,1612,0.8538,1,13.0
2026-07-08,60625,2026-07-09,put,regular,106,0.8469,1,14.0
2026-07-08,60750,2026-07-09,put,regular,37,0.8313,1,14.0
2026-07-08,60875,2026-07-09,put,regular,107,0.8157,1,14.0
2026-07-08,61000,2026-07-09,put,regular,1623,0.808,1,15.0
2026-07-08,61125,2026-07-09,put,regular,5,0.8067,1,17.0
2026-07-08,61250,2026-07-09,put,regular,230,0.8039,1,19.0
2026-07-08,61375,2026-07-09,put,regular,5,0.7999,1,21.0
2026-07-08,61500,2026-07-09,put,regular,928,0.7948,1,23.0
2026-07-08,61625,2026-07-09,put,regular,1,0.7835,1,24.0
2026-07-08,61750,2026-07-09,put,regular,15,0.772,1,25.0
2026-07-08,61875,2026-07-09,put,regular,11,0.7553,1,25.0
2026-07-08,62000,2026-07-09,put,regular,2363,0.7433,1,26.0
2026-07-08,62125,2026-07-09,put,regular,41,0.7443,1,30.0
2026-07-08,62250,2026-07-09,put,regular,76,0.7313,1,31.0
2026-07-08,62375,2026-07-09,put,regular,368,0.7258,1,34.0
2026-07-08,62500,2026-07-09,put,regular,514,0.7121,1,35.0
2026-07-08,62625,2026-07-09,put,regular,10,0.7086,1,39.0
2026-07-08,62750,2026-07-09,put,regular,22,0.694,1,40.0
2026-07-08,62875,2026-07-09,put,regular,10,0.6856,1,43.0
2026-07-08,63000,2026-07-09,put,regular,1867,0.6734,1,45.0
2026-07-08,63125,2026-07-09,put,regular,20,0.6774,1,53.0
2026-07-08,63250,2026-07-09,put,regular,78,0.6585,1,53.0
2026-07-08,63375,2026-07-09,put,regular,51,0.6397,1,53.0
2026-07-08,63500,2026-07-09,put,regular,280,0.6257,1,55.0
2026-07-08,63625,2026-07-09,put,regular,20,0.6319,1,66.0
2026-07-08,63750,2026-07-09,put,regular,41,0.6207,1,70.0
2026-07-08,63875,2026-07-09,put,regular,43,0.6147,1,77.0
2026-07-08,64000,2026-07-09,put,regular,2206,0.6019,1,81.0
2026-07-08,64125,2026-07-09,put,regular,2,0.5956,1,89.0
2026-07-08,64250,2026-07-09,put,regular,84,0.5813,1,93.0
2026-07-08,64375,2026-07-09,put,regular,9,0.5792,1,105.0
2026-07-08,64500,2026-07-09,put,regular,1053,0.5633,1,109.0
2026-07-08,64625,2026-07-09,put,regular,195,0.5483,1,114.0
2026-07-08,64750,2026-07-09,put,regular,72,0.5489,1,131.0
2026-07-08,64875,2026-07-09,put,regular,25,0.5333,1,137.0
2026-07-08,65000,2026-07-09,put,regular,2835,0.5194,1,145.0
2026-07-08,65125,2026-07-09,put,regular,558,0.5139,1,161.0
2026-07-08,65250,2026-07-09,put,regular,40,0.5022,1,173.0
2026-07-08,65375,2026-07-09,put,regular,50,0.4923,1,188.0
2026-07-08,65500,2026-07-09,put,regular,859,0.478,1,200.0
2026-07-08,65625,2026-07-09,put,regular,50,0.47,1,220.0
2026-07-08,65750,2026-07-09,put,regular,14,0.4583,1,238.0
2026-07-08,65875,2026-07-09,put,regular,54,0.4467,1,258.0
2026-07-08,66000,2026-07-09,put,regular,1966,0.4325,1,277.0
2026-07-08,66125,2026-07-09,put,regular,283,0.4196,1,300.0
2026-07-08,66250,2026-07-09,put,regular,487,0.4063,1,325.0
2026-07-08,66375,2026-07-09,put,regular,21,0.3908,1,350.0
2026-07-08,66500,2026-07-09,put,regular,1473,0.3692,1,370.0
2026-07-08,66625,2026-07-09,put,regular,16,0.3597,1,410.0
2026-07-08,66750,2026-07-09,put,regular,40,0.3218,1,415.0
2026-07-08,66875,2026-07-09,put,regular,1,0.3199,1,475.0
2026-07-08,67000,2026-07-09,put,regular,1742,0.2813,1,490.0
2026-07-08,67125,2026-07-09,put,regular,20,0.2662,1,545.0
2026-07-08,67250,2026-07-09,put,regular,15,0.2282,1,580.0
2026-07-08,67375,2026-07-09,put,regular,14,0.1834,1,625.0
2026-07-08,67500,2026-07-09,put,regular,244,0.2,1,655.0
2026-07-08,67625,2026-07-09,put,regular,6,0.2,1,710.0
2026-07-08,67750,2026-07-09,put,regular,423,0.2,1,755.0
2026-07-08,67875,2026-07-09,put,regular,16,0.2,1,810.0
2026-07-08,68000,2026-07-09,put,regular,1658,0.2,1,840.0
2026-07-08,68125,2026-07-09,put,regular,50,0.2,1,930.0
2026-07-08,68250,2026-07-09,put,regular,396,0.2,1,955.0
2026-07-08,68375,2026-07-09,put,regular,29,0.2,1,1030.0
2026-07-08,68500,2026-07-09,put,regular,294,0.2,1,1085.0
2026-07-08,68625,2026-07-09,put,regular,25,0.2,1,1150.0
2026-07-08,68750,2026-07-09,put,regular,185,0.2,1,1220.0
2026-07-08,68875,2026-07-09,put,regular,11,0.2,1,1295.0
2026-07-08,69000,2026-07-09,put,regular,1492,0.2,1,1395.0
2026-07-08,69125,2026-07-09,put,regular,5,0.2,1,1445.0
2026-07-08,69250,2026-07-09,put,regular,1766,0.2,1,1525.0
2026-07-08,69375,2026-07-09,put,regular,58,0.2,1,1605.0
2026-07-08,69500,2026-07-09,put,regular,1171,0.2,1,1700.0
2026-07-08,69625,2026-07-09,put,regular,25,0.2,1,1775.0
2026-07-08,69750,2026-07-09,put,regular,519,0.2,1,1875.0
2026-07-08,69875,2026-07-09,put,regular,25,0.2,1,1955.0
2026-07-08,70000,2026-07-09,put,regular,1580,0.2,1,2055.0
2026-07-08,70125,2026-07-09,put,regular,12,0.2,1,2140.0
2026-07-08,70250,2026-07-09,put,regular,6,0.2,1,2235.0
2026-07-08,70375,2026-07-09,put,regular,2,0.2,1,2335.0
2026-07-08,70500,2026-07-09,put,regular,24,0.2,1,2440.0
2026-07-08,70750,2026-07-09,put,regular,2,0.2,1,2645.0
2026-07-08,70875,2026-07-09,put,regular,1,0.2,1,2750.0
2026-07-08,71000,2026-07-09,put,regular,123,0.2,1,2860.0
2026-07-08,71250,2026-07-09,put,regular,3,0.2,1,3090.0
2026-07-08,71375,2026-07-09,put,regular,1,0.2,1,3190.0
2026-07-08,71500,2026-07-09,put,regular,40,0.2,1,3305.0
2026-07-08,71625,2026-07-09,put,regular,1,0.2,1,3420.0
2026-07-08,71750,2026-07-09,put,regular,4990000,0.2,1,3530.0
2026-07-08,72000,2026-07-09,put,regular,334,0.2,1,3765.0
2026-07-08,72500,2026-07-09,put,regular,17,0.2,1,4240.0
2026-07-08,73000,2026-07-09,put,regular,5,0.2,1,4730.0
2026-07-08,73500,2026-07-09,put,regular,2,0.2,1,5220.0
2026-07-08,74000,2026-07-09,put,regular,13,0.2,1,5710.0
2026-07-08,75000,2026-07-09,put,regular,4,0.2,1,6705.0
2026-07-08,20000,2026-08-13,put,regular,1409,1.1795,36,2.0
2026-07-08,22000,2026-08-13,put,regular,88,1.089,36,2.0
2026-07-08,24000,2026-08-13,put,regular,56,1.0065,36,2.0
2026-07-08,25000,2026-08-13,put,regular,4063,0.9991,36,3.0
2026-07-08,26000,2026-08-13,put,regular,11,0.9608,36,3.0
2026-07-08,27000,2026-08-13,put,regular,34,0.9461,36,4.0
2026-07-08,28000,2026-08-13,put,regular,56,0.9099,36,4.0
2026-07-08,29000,2026-08-13,put,regular,21,0.8918,36,5.0
2026-07-08,30000,2026-08-13,put,regular,6120,0.8713,36,6.0
2026-07-08,31000,2026-08-13,put,regular,14,0.86,36,8.0
2026-07-08,32000,2026-08-13,put,regular,93,0.8357,36,9.0
2026-07-08,33000,2026-08-13,put,regular,27,0.8029,36,9.0
2026-07-08,34000,2026-08-13,put,regular,15,0.7863,36,11.0
2026-07-08,35000,2026-08-13,put,regular,983,0.7677,36,13.0
2026-07-08,36000,2026-08-13,put,regular,54,0.7527,36,16.0
2026-07-08,37000,2026-08-13,put,regular,41,0.7311,36,18.0
2026-07-08,37500,2026-08-13,put,regular,50,0.72,36,19.0
2026-07-08,38000,2026-08-13,put,regular,1524,0.7127,36,21.0
2026-07-08,38500,2026-08-13,put,regular,81,0.7012,36,22.0
2026-07-08,39000,2026-08-13,put,regular,115,0.6931,36,24.0
2026-07-08,39500,2026-08-13,put,regular,1,0.6813,36,25.0
2026-07-08,40000,2026-08-13,put,regular,826,0.6754,36,28.0
2026-07-08,40250,2026-08-13,put,regular,7,0.6708,36,29.0
2026-07-08,40500,2026-08-13,put,regular,30,0.6687,36,31.0
2026-07-08,40750,2026-08-13,put,regular,5,0.6639,36,32.0
2026-07-08,41000,2026-08-13,put,regular,129,0.6614,36,34.0
2026-07-08,41250,2026-08-13,put,regular,25,0.6586,36,36.0
2026-07-08,41500,2026-08-13,put,regular,8,0.6557,36,38.0
2026-07-08,41750,2026-08-13,put,regular,20,0.6525,36,40.0
2026-07-08,42000,2026-08-13,put,regular,443,0.6492,36,42.0
2026-07-08,42250,2026-08-13,put,regular,1,0.6457,36,44.0
2026-07-08,42500,2026-08-13,put,regular,137,0.6382,36,44.0
2026-07-08,42750,2026-08-13,put,regular,36,0.6345,36,46.0
2026-07-08,43000,2026-08-13,put,regular,112,0.6289,36,47.0
2026-07-08,43250,2026-08-13,put,regular,8,0.625,36,49.0
2026-07-08,43500,2026-08-13,put,regular,4,0.621,36,51.0
2026-07-08,43750,2026-08-13,put,regular,10,0.6136,36,51.0
2026-07-08,44000,2026-08-13,put,regular,158,0.6142,36,56.0
2026-07-08,44250,2026-08-13,put,regular,5,0.6083,36,57.0
2026-07-08,44500,2026-08-13,put,regular,205,0.6039,36,59.0
2026-07-08,44750,2026-08-13,put,regular,51,0.5965,36,59.0
2026-07-08,45000,2026-08-13,put,regular,1200,0.5934,36,62.0
2026-07-08,45250,2026-08-13,put,regular,101,0.586,36,62.0
2026-07-08,45500,2026-08-13,put,regular,150,0.5801,36,63.0
2026-07-08,45750,2026-08-13,put,regular,29,0.578,36,67.0
2026-07-08,46000,2026-08-13,put,regular,422,0.5756,36,71.0
2026-07-08,46250,2026-08-13,put,regular,13,0.5707,36,73.0
2026-07-08,46500,2026-08-13,put,regular,254,0.5634,36,73.0
2026-07-08,46750,2026-08-13,put,regular,55,0.5617,36,78.0
2026-07-08,47000,2026-08-13,put,regular,531,0.5544,36,78.0
2026-07-08,47250,2026-08-13,put,regular,65,0.5535,36,84.0
2026-07-08,47500,2026-08-13,put,regular,251,0.5462,36,84.0
2026-07-08,47750,2026-08-13,put,regular,41,0.5448,36,90.0
2026-07-08,48000,2026-08-13,put,regular,691,0.5423,36,95.0
2026-07-08,48250,2026-08-13,put,regular,119,0.5385,36,99.0
2026-07-08,48500,2026-08-13,put,regular,228,0.5321,36,100.0
2026-07-08,48750,2026-08-13,put,regular,151,0.529,36,105.0
2026-07-08,49000,2026-08-13,put,regular,1057,0.5225,36,106.0
2026-07-08,49250,2026-08-13,put,regular,41,0.52,36,112.0
2026-07-08,49500,2026-08-13,put,regular,563,0.5165,36,117.0
2026-07-08,49750,2026-08-13,put,regular,32,0.5091,36,117.0
2026-07-08,50000,2026-08-13,put,regular,3714,0.5098,36,128.0
2026-07-08,50250,2026-08-13,put,regular,76,0.5024,36,128.0
2026-07-08,50500,2026-08-13,put,regular,234,0.4978,36,132.0
2026-07-08,50750,2026-08-13,put,regular,706,0.4944,36,138.0
2026-07-08,51000,2026-08-13,put,regular,405,0.4902,36,143.0
2026-07-08,51250,2026-08-13,put,regular,50,0.4883,36,152.0
2026-07-08,51500,2026-08-13,put,regular,138,0.4844,36,158.0
2026-07-08,51750,2026-08-13,put,regular,43,0.4804,36,164.0
2026-07-08,52000,2026-08-13,put,regular,589,0.4751,36,168.0
2026-07-08,52250,2026-08-13,put,regular,6,0.473,36,178.0
2026-07-08,52500,2026-08-13,put,regular,317,0.4691,36,185.0
2026-07-08,52750,2026-08-13,put,regular,3,0.466,36,194.0
2026-07-08,53000,2026-08-13,put,regular,1035,0.4618,36,201.0
2026-07-08,53250,2026-08-13,put,regular,9,0.4579,36,209.0
2026-07-08,53500,2026-08-13,put,regular,217,0.4539,36,217.0
2026-07-08,53750,2026-08-13,put,regular,8,0.4502,36,226.0
2026-07-08,54000,2026-08-13,put,regular,328,0.4467,36,236.0
2026-07-08,54250,2026-08-13,put,regular,8,0.4426,36,245.0
2026-07-08,54500,2026-08-13,put,regular,331,0.4388,36,255.0
2026-07-08,54750,2026-08-13,put,regular,13,0.4353,36,266.0
2026-07-08,55000,2026-08-13,put,regular,2106,0.4326,36,280.0
2026-07-08,55250,2026-08-13,put,regular,11,0.4283,36,290.0
2026-07-08,55500,2026-08-13,put,regular,215,0.4235,36,299.0
2026-07-08,55750,2026-08-13,put,regular,1006,0.421,36,315.0
2026-07-08,56000,2026-08-13,put,regular,1210,0.4178,36,330.0
2026-07-08,56250,2026-08-13,put,regular,16,0.4145,36,345.0
2026-07-08,56500,2026-08-13,put,regular,33,0.4109,36,360.0
2026-07-08,56750,2026-08-13,put,regular,33,0.4072,36,375.0
2026-07-08,56875,2026-08-13,put,regular,8,0.4045,36,380.0
2026-07-08,57000,2026-08-13,put,regular,475,0.4032,36,390.0
2026-07-08,57125,2026-08-13,put,regular,1,0.4033,36,405.0
2026-07-08,57250,2026-08-13,put,regular,16,0.3991,36,405.0
2026-07-08,57375,2026-08-13,put,regular,1,0.3977,36,415.0
2026-07-08,57500,2026-08-13,put,regular,426,0.3962,36,425.0
2026-07-08,57625,2026-08-13,put,regular,2,0.3946,36,435.0
2026-07-08,57750,2026-08-13,put,regular,7,0.3917,36,440.0
2026-07-08,57875,2026-08-13,put,regular,1,0.3938,36,465.0
2026-07-08,58000,2026-08-13,put,regular,1096,0.3895,36,465.0
2026-07-08,58125,2026-08-13,put,regular,1,0.3902,36,485.0
2026-07-08,58250,2026-08-13,put,regular,9,0.3859,36,485.0
2026-07-08,58375,2026-08-13,put,regular,11,0.3864,36,505.0
2026-07-08,58500,2026-08-13,put,regular,132,0.3832,36,510.0
2026-07-08,58625,2026-08-13,put,regular,4,0.3812,36,520.0
2026-07-08,58750,2026-08-13,put,regular,8,0.3791,36,530.0
2026-07-08,58875,2026-08-13,put,regular,13,0.377,36,540.0
2026-07-08,59000,2026-08-13,put,regular,508,0.377,36,560.0
2026-07-08,59125,2026-08-13,put,regular,34,0.3748,36,570.0
2026-07-08,59250,2026-08-13,put,regular,70,0.3714,36,575.0
2026-07-08,59375,2026-08-13,put,regular,12,0.3712,36,595.0
2026-07-08,59500,2026-08-13,put,regular,706,0.3699,36,610.0
2026-07-08,59625,2026-08-13,put,regular,10,0.3674,36,620.0
2026-07-08,59750,2026-08-13,put,regular,10,0.3659,36,635.0
2026-07-08,59875,2026-08-13,put,regular,13,0.3644,36,650.0
2026-07-08,60000,2026-08-13,put,regular,3575,0.3628,36,665.0
2026-07-08,60125,2026-08-13,put,regular,100,0.3601,36,675.0
2026-07-08,60250,2026-08-13,put,regular,2,0.3593,36,695.0
2026-07-08,60375,2026-08-13,put,regular,7,0.3575,36,710.0
2026-07-08,60500,2026-08-13,put,regular,109,0.3547,36,720.0
2026-07-08,60625,2026-08-13,put,regular,112,0.3537,36,740.0
2026-07-08,60750,2026-08-13,put,regular,25,0.3526,36,760.0
2026-07-08,61000,2026-08-13,put,regular,1193,0.3501,36,800.0
2026-07-08,61125,2026-08-13,put,regular,11,0.347,36,810.0
2026-07-08,61375,2026-08-13,put,regular,5,0.3458,36,860.0
2026-07-08,61500,2026-08-13,put,regular,232,0.3426,36,870.0
2026-07-08,61750,2026-08-13,put,regular,9,0.3392,36,910.0
2026-07-08,61875,2026-08-13,put,regular,5,0.339,36,940.0
2026-07-08,62000,2026-08-13,put,regular,1852,0.3363,36,955.0
2026-07-08,62125,2026-08-13,put,regular,125,0.336,36,985.0
2026-07-08,62250,2026-08-13,put,regular,125,0.3339,36,1005.0
2026-07-08,62375,2026-08-13,put,regular,3,0.3318,36,1025.0
2026-07-08,62500,2026-08-13,put,regular,1212,0.3304,36,1050.0
2026-07-08,62625,2026-08-13,put,regular,2,0.3289,36,1075.0
2026-07-08,62750,2026-08-13,put,regular,311,0.3281,36,1105.0
2026-07-08,62875,2026-08-13,put,regular,10,0.3257,36,1125.0
2026-07-08,63000,2026-08-13,put,regular,1920,0.3232,36,1145.0
2026-07-08,63125,2026-08-13,put,regular,5,0.3228,36,1180.0
2026-07-08,63250,2026-08-13,put,regular,975000,0.3202,36,1200.0
2026-07-08,63375,2026-08-13,put,regular,28,0.3196,36,1235.0
2026-07-08,63500,2026-08-13,put,regular,456,0.3189,36,1270.0
2026-07-08,63625,2026-08-13,put,regular,6,0.316,36,1290.0
2026-07-08,63750,2026-08-13,put,regular,5,0.3151,36,1325.0
2026-07-08,63875,2026-08-13,put,regular,50,0.3128,36,1350.0
2026-07-08,64000,2026-08-13,put,regular,1665,0.311,36,1380.0
2026-07-08,64125,2026-08-13,put,regular,30,0.3098,36,1415.0
2026-07-08,64250,2026-08-13,put,regular,22,0.3066,36,1435.0
2026-07-08,64375,2026-08-13,put,regular,20,0.3059,36,1475.0
2026-07-08,64500,2026-08-13,put,regular,198,0.305,36,1515.0
2026-07-08,64625,2026-08-13,put,regular,20,0.3035,36,1550.0
2026-07-08,64750,2026-08-13,put,regular,10,0.3024,36,1590.0
2026-07-08,64875,2026-08-13,put,regular,6,0.3,36,1620.0
2026-07-08,65000,2026-08-13,put,regular,9905,0.2975,36,1650.0
2026-07-08,65125,2026-08-13,put,regular,9,0.2968,36,1695.0
2026-07-08,65250,2026-08-13,put,regular,15,0.2953,36,1735.0
2026-07-08,65375,2026-08-13,put,regular,8,0.2938,36,1775.0
2026-07-08,65500,2026-08-13,put,regular,1795,0.2915,36,1810.0
2026-07-08,65625,2026-08-13,put,regular,43,0.2897,36,1850.0
2026-07-08,65750,2026-08-13,put,regular,101,0.289,36,1900.0
2026-07-08,66000,2026-08-13,put,regular,1671,0.2843,36,1975.0
2026-07-08,66125,2026-08-13,put,regular,110,0.2833,36,2025.0
2026-07-08,66250,2026-08-13,put,regular,17,0.281,36,2065.0
2026-07-08,66375,2026-08-13,put,regular,5,0.2798,36,2115.0
2026-07-08,66500,2026-08-13,put,regular,501,0.2784,36,2165.0
2026-07-08,66625,2026-08-13,put,regular,15,0.2757,36,2205.0
2026-07-08,66750,2026-08-13,put,regular,25,0.2729,36,2245.0
2026-07-08,66875,2026-08-13,put,regular,5,0.2718,36,2300.0
2026-07-08,67000,2026-08-13,put,regular,1030,0.2699,36,2350.0
2026-07-08,67250,2026-08-13,put,regular,80,0.2658,36,2450.0
2026-07-08,67375,2026-08-13,put,regular,1,0.2635,36,2500.0
2026-07-08,67500,2026-08-13,put,regular,76,0.2617,36,2555.0
2026-07-08,67750,2026-08-13,put,regular,6,0.2571,36,2660.0
2026-07-08,68000,2026-08-13,put,regular,2968,0.2537,36,2780.0
2026-07-08,68125,2026-08-13,put,regular,1,0.2505,36,2830.0
2026-07-08,68250,2026-08-13,put,regular,202,0.2484,36,2890.0
2026-07-08,68375,2026-08-13,put,regular,7,0.2462,36,2950.0
2026-07-08,68500,2026-08-13,put,regular,229,0.2425,36,3000.0
2026-07-08,69000,2026-08-13,put,regular,1920,0.2368,36,3285.0
2026-07-08,69125,2026-08-13,put,regular,10,0.2295,36,3315.0
2026-07-08,69250,2026-08-13,put,regular,34,0.2259,36,3375.0
2026-07-08,69500,2026-08-13,put,regular,601,0.2207,36,3515.0
2026-07-08,69750,2026-08-13,put,regular,1,0.2123,36,3640.0
2026-07-08,70000,2026-08-13,put,regular,6150,0.2063,36,3790.0
2026-07-08,70125,2026-08-13,put,regular,1,0.2022,36,3860.0
2026-07-08,70250,2026-08-13,put,regular,4,0.1984,36,3935.0
2026-07-08,70375,2026-08-13,put,regular,1,0.1934,36,4005.0
2026-07-08,70500,2026-08-13,put,regular,6,0.1869,36,4070.0
2026-07-08,71000,2026-08-13,put,regular,186,0.1657,36,4390.0
2026-07-08,71500,2026-08-13,put,regular,1,0.1159,36,4705.0
2026-07-08,72000,2026-08-13,put,regular,201,0.2,36,5040.0
2026-07-08,72250,2026-08-13,put,regular,1,0.2,36,5210.0
2026-07-08,73000,2026-08-13,put,regular,14,0.2,36,5745.0
2026-07-08,75000,2026-08-13,put,regular,60,0.2,36,7320.0
2026-07-08,77500,2026-08-13,put,regular,5,0.2,36,9470.0
2026-07-08,20000,2026-09-10,put,regular,839,0.9674,64,6.0
2026-07-08,22000,2026-09-10,put,regular,13,0.9268,64,9.0
2026-07-08,23000,2026-09-10,put,regular,3,0.9083,64,11.0
2026-07-08,24000,2026-09-10,put,regular,5,0.8879,64,13.0
2026-07-08,25000,2026-09-10,put,regular,3608,0.8722,64,16.0
2026-07-08,26000,2026-09-10,put,regular,117,0.8391,64,16.0
2026-07-08,27000,2026-09-10,put,regular,1,0.8219,64,19.0
2026-07-08,27500,2026-09-10,put,regular,10,0.8062,64,19.0
2026-07-08,28000,2026-09-10,put,regular,19,0.7908,64,19.0
2026-07-08,28750,2026-09-10,put,regular,65,0.7765,64,21.0
2026-07-08,29000,2026-09-10,put,regular,19,0.769,64,21.0
2026-07-08,30000,2026-09-10,put,regular,4161,0.7574,64,26.0
2026-07-08,30500,2026-09-10,put,regular,86,0.7521,64,29.0
2026-07-08,31500,2026-09-10,put,regular,6,0.7368,64,34.0
2026-07-08,32000,2026-09-10,put,regular,15,0.7275,64,36.0
2026-07-08,33000,2026-09-10,put,regular,130,0.7105,64,41.0
2026-07-08,34000,2026-09-10,put,regular,11,0.6947,64,47.0
2026-07-08,34750,2026-09-10,put,regular,69,0.683,64,52.0
2026-07-08,35000,2026-09-10,put,regular,1089,0.6778,64,53.0
2026-07-08,35750,2026-09-10,put,regular,50,0.6669,64,59.0
2026-07-08,36000,2026-09-10,put,regular,12,0.6617,64,60.0
2026-07-08,36750,2026-09-10,put,regular,60,0.6501,64,66.0
2026-07-08,37000,2026-09-10,put,regular,500,0.6474,64,69.0
2026-07-08,37500,2026-09-10,put,regular,2,0.6428,64,76.0
2026-07-08,37750,2026-09-10,put,regular,1,0.6409,64,80.0
2026-07-08,38000,2026-09-10,put,regular,705,0.6387,64,84.0
2026-07-08,38500,2026-09-10,put,regular,231,0.6255,64,84.0
2026-07-08,39000,2026-09-10,put,regular,62,0.6134,64,85.0
2026-07-08,39250,2026-09-10,put,regular,168,0.6101,64,88.0
2026-07-08,39500,2026-09-10,put,regular,250,0.6066,64,91.0
2026-07-08,40000,2026-09-10,put,regular,3043,0.6004,64,98.0
2026-07-08,40250,2026-09-10,put,regular,1,0.5967,64,101.0
2026-07-08,40500,2026-09-10,put,regular,176,0.5929,64,104.0
2026-07-08,40750,2026-09-10,put,regular,42,0.5891,64,107.0
2026-07-08,41000,2026-09-10,put,regular,864,0.5852,64,110.0
2026-07-08,41250,2026-09-10,put,regular,1,0.582,64,114.0
2026-07-08,41500,2026-09-10,put,regular,1,0.578,64,117.0
2026-07-08,42000,2026-09-10,put,regular,2043,0.5706,64,124.0
2026-07-08,42750,2026-09-10,put,regular,2,0.5628,64,140.0
2026-07-08,43000,2026-09-10,put,regular,909,0.5584,64,143.0
2026-07-08,43250,2026-09-10,put,regular,61,0.5553,64,148.0
2026-07-08,43500,2026-09-10,put,regular,548,0.5564,64,160.0
2026-07-08,43750,2026-09-10,put,regular,1,0.5512,64,162.0
2026-07-08,44000,2026-09-10,put,regular,1448,0.5466,64,165.0
2026-07-08,44250,2026-09-10,put,regular,13,0.542,64,168.0
2026-07-08,44500,2026-09-10,put,regular,5,0.5367,64,170.0
2026-07-08,44750,2026-09-10,put,regular,1,0.5343,64,177.0
2026-07-08,45000,2026-09-10,put,regular,1986,0.5327,64,186.0
2026-07-08,45500,2026-09-10,put,regular,1,0.5241,64,194.0
2026-07-08,45750,2026-09-10,put,regular,30,0.5208,64,200.0
2026-07-08,46000,2026-09-10,put,regular,2187,0.5178,64,207.0
2026-07-08,46250,2026-09-10,put,regular,3,0.5147,64,214.0
2026-07-08,46500,2026-09-10,put,regular,340,0.5102,64,218.0
2026-07-08,46750,2026-09-10,put,regular,1,0.5074,64,226.0
2026-07-08,47000,2026-09-10,put,regular,659,0.5041,64,233.0
2026-07-08,47250,2026-09-10,put,regular,6,0.5011,64,241.0
2026-07-08,47500,2026-09-10,put,regular,1015,0.498,64,249.0
2026-07-08,47750,2026-09-10,put,regular,1,0.4949,64,257.0
2026-07-08,48000,2026-09-10,put,regular,3212,0.4916,64,265.0
2026-07-08,48250,2026-09-10,put,regular,13,0.4879,64,272.0
2026-07-08,48500,2026-09-10,put,regular,641,0.4837,64,278.0
2026-07-08,48750,2026-09-10,put,regular,12,0.4781,64,280.0
2026-07-08,49000,2026-09-10,put,regular,1382,0.4749,64,289.0
2026-07-08,49250,2026-09-10,put,regular,13,0.472,64,299.0
2026-07-08,49500,2026-09-10,put,regular,104,0.4694,64,310.0
2026-07-08,49750,2026-09-10,put,regular,13,0.4662,64,320.0
2026-07-08,50000,2026-09-10,put,regular,8211,0.463,64,330.0
2026-07-08,50250,2026-09-10,put,regular,7,0.4628,64,350.0
2026-07-08,50500,2026-09-10,put,regular,1067,0.4609,64,365.0
2026-07-08,50750,2026-09-10,put,regular,30,0.4573,64,375.0
2026-07-08,51000,2026-09-10,put,regular,921,0.4536,64,385.0
2026-07-08,51250,2026-09-10,put,regular,230,0.4499,64,395.0
2026-07-08,51500,2026-09-10,put,regular,221,0.4475,64,410.0
2026-07-08,51750,2026-09-10,put,regular,9,0.4436,64,420.0
2026-07-08,52000,2026-09-10,put,regular,1593,0.4409,64,435.0
2026-07-08,52250,2026-09-10,put,regular,44,0.4381,64,450.0
2026-07-08,52500,2026-09-10,put,regular,19,0.4352,64,465.0
2026-07-08,52750,2026-09-10,put,regular,4,0.4333,64,485.0
2026-07-08,53000,2026-09-10,put,regular,1450,0.4279,64,490.0
2026-07-08,53250,2026-09-10,put,regular,15,0.4292,64,525.0
2026-07-08,53500,2026-09-10,put,regular,297,0.4246,64,535.0
2026-07-08,53750,2026-09-10,put,regular,75,0.4201,64,545.0
2026-07-08,54000,2026-09-10,put,regular,2577,0.4155,64,555.0
2026-07-08,54250,2026-09-10,put,regular,2,0.4108,64,565.0
2026-07-08,54500,2026-09-10,put,regular,226,0.4081,64,585.0
2026-07-08,54750,2026-09-10,put,regular,219,0.4044,64,600.0
2026-07-08,55000,2026-09-10,put,regular,2849,0.4043,64,635.0
2026-07-08,55250,2026-09-10,put,regular,8,0.3994,64,645.0
2026-07-08,55500,2026-09-10,put,regular,300,0.399,64,680.0
2026-07-08,55750,2026-09-10,put,regular,1,0.3983,64,715.0
2026-07-08,56000,2026-09-10,put,regular,1827,0.393,64,725.0
2026-07-08,56500,2026-09-10,put,regular,155,0.385,64,760.0
2026-07-08,57000,2026-09-10,put,regular,2397,0.3789,64,810.0
2026-07-08,57250,2026-09-10,put,regular,11,0.3758,64,835.0
2026-07-08,57500,2026-09-10,put,regular,385,0.3724,64,860.0
2026-07-08,57750,2026-09-10,put,regular,110,0.3697,64,890.0
2026-07-08,58000,2026-09-10,put,regular,1663,0.3706,64,945.0
2026-07-08,58250,2026-09-10,put,regular,44,0.3668,64,970.0
2026-07-08,58500,2026-09-10,put,regular,208,0.365,64,1010.0
2026-07-08,58750,2026-09-10,put,regular,2,0.361,64,1035.0
2026-07-08,59000,2026-09-10,put,regular,1757,0.3575,64,1065.0
2026-07-08,59250,2026-09-10,put,regular,18,0.3553,64,1105.0
2026-07-08,59500,2026-09-10,put,regular,108,0.3528,64,1145.0
2026-07-08,59750,2026-09-10,put,regular,13,0.3502,64,1185.0
2026-07-08,60000,2026-09-10,put,regular,2828,0.3474,64,1225.0
2026-07-08,60500,2026-09-10,put,regular,321,0.342,64,1310.0
2026-07-08,60750,2026-09-10,put,regular,128,0.3393,64,1355.0
2026-07-08,61000,2026-09-10,put,regular,816,0.3364,64,1400.0
2026-07-08,61250,2026-09-10,put,regular,2,0.334,64,1450.0
2026-07-08,61500,2026-09-10,put,regular,2,0.3313,64,1500.0
2026-07-08,61750,2026-09-10,put,regular,8,0.329,64,1555.0
2026-07-08,62000,2026-09-10,put,regular,2525,0.326,64,1605.0
2026-07-08,62500,2026-09-10,put,regular,560,0.321,64,1720.0
2026-07-08,62750,2026-09-10,put,regular,6,0.3189,64,1785.0
2026-07-08,63000,2026-09-10,put,regular,2867,0.3157,64,1840.0
2026-07-08,63125,2026-09-10,put,regular,5,0.3152,64,1880.0
2026-07-08,63500,2026-09-10,put,regular,10,0.3106,64,1970.0
2026-07-08,64000,2026-09-10,put,regular,1935,0.3056,64,2110.0
2026-07-08,64125,2026-09-10,put,regular,8,0.3042,64,2145.0
2026-07-08,64500,2026-09-10,put,regular,304,0.3002,64,2255.0
2026-07-08,65000,2026-09-10,put,regular,2311,0.2953,64,2415.0
2026-07-08,65250,2026-09-10,put,regular,78,0.292,64,2490.0
2026-07-08,65500,2026-09-10,put,regular,275,0.2899,64,2580.0
2026-07-08,66000,2026-09-10,put,regular,1320,0.2849,64,2760.0
2026-07-08,66250,2026-09-10,put,regular,2,0.282,64,2850.0
2026-07-08,66500,2026-09-10,put,regular,1200,0.2788,64,2940.0
2026-07-08,66625,2026-09-10,put,regular,15,0.2776,64,2990.0
2026-07-08,67000,2026-09-10,put,regular,1050,0.2735,64,3140.0
2026-07-08,67500,2026-09-10,put,regular,23,0.2679,64,3350.0
2026-07-08,67750,2026-09-10,put,regular,16,0.2651,64,3460.0
2026-07-08,68000,2026-09-10,put,regular,392,0.262,64,3570.0
2026-07-08,68500,2026-09-10,put,regular,7,0.2562,64,3805.0
2026-07-08,69000,2026-09-10,put,regular,1131,0.2496,64,4045.0
2026-07-08,69500,2026-09-10,put,regular,76,0.2433,64,4305.0
2026-07-08,70000,2026-09-10,put,regular,1125,0.2364,64,4575.0
2026-07-08,71000,2026-09-10,put,regular,100,0.2208,64,5150.0
2026-07-08,73000,2026-09-10,put,regular,12,0.1728,64,6440.0
2026-07-08,75000,2026-09-10,put,regular,2,0.2,64,7895.0
2026-07-08,25000,2026-10-08,put,regular,8,0.7364,92,18.0
2026-07-08,30000,2026-10-08,put,regular,1,0.6539,92,35.0
2026-07-08,32000,2026-10-08,put,regular,1,0.6304,92,49.0
2026-07-08,35000,2026-10-08,put,regular,1,0.5949,92,77.0
2026-07-08,38000,2026-10-08,put,regular,2,0.5602,92,117.0
2026-07-08,40000,2026-10-08,put,regular,2,0.5374,92,152.0
2026-07-08,43750,2026-10-08,put,regular,9,0.4921,92,234.0
2026-07-08,45000,2026-10-08,put,regular,120,0.479,92,274.0
2026-07-08,45500,2026-10-08,put,regular,194,0.4719,92,286.0
2026-07-08,46000,2026-10-08,put,regular,150,0.4685,92,310.0
2026-07-08,46500,2026-10-08,put,regular,62,0.465,92,335.0
2026-07-08,46750,2026-10-08,put,regular,31,0.4623,92,345.0
2026-07-08,47000,2026-10-08,put,regular,75,0.4595,92,355.0
2026-07-08,47750,2026-10-08,put,regular,28,0.4521,92,390.0
2026-07-08,48000,2026-10-08,put,regular,400,0.4516,92,410.0
2026-07-08,49000,2026-10-08,put,regular,6,0.4467,92,485.0
2026-07-08,49500,2026-10-08,put,regular,1,0.4461,92,535.0
2026-07-08,49750,2026-10-08,put,regular,1,0.4402,92,535.0
2026-07-08,50000,2026-10-08,put,regular,252,0.4375,92,550.0
2026-07-08,50500,2026-10-08,put,regular,4,0.4309,92,575.0
2026-07-08,54000,2026-10-08,put,regular,75,0.3927,92,840.0
2026-07-08,54750,2026-10-08,put,regular,6,0.3887,92,940.0
2026-07-08,55000,2026-10-08,put,regular,501,0.3874,92,975.0
2026-07-08,55250,2026-10-08,put,regular,31,0.3858,92,1010.0
2026-07-08,55750,2026-10-08,put,regular,1,0.3804,92,1065.0
2026-07-08,56500,2026-10-08,put,regular,4,0.3762,92,1185.0
2026-07-08,57500,2026-10-08,put,regular,3,0.3687,92,1345.0
2026-07-08,58000,2026-10-08,put,regular,806,0.3648,92,1430.0
2026-07-08,58250,2026-10-08,put,regular,5,0.3623,92,1470.0
2026-07-08,58500,2026-10-08,put,regular,5,0.3577,92,1490.0
2026-07-08,59000,2026-10-08,put,regular,25,0.3508,92,1555.0
2026-07-08,59250,2026-10-08,put,regular,17,0.3465,92,1580.0
2026-07-08,59500,2026-10-08,put,regular,5,0.3456,92,1640.0
2026-07-08,60000,2026-10-08,put,regular,1664,0.3399,92,1725.0
2026-07-08,60500,2026-10-08,put,regular,100,0.3342,92,1815.0
2026-07-08,60750,2026-10-08,put,regular,9,0.3322,92,1870.0
2026-07-08,61000,2026-10-08,put,regular,200,0.3295,92,1920.0
2026-07-08,62000,2026-10-08,put,regular,14,0.3211,92,2160.0
2026-07-08,64000,2026-10-08,put,regular,700,0.3092,92,2785.0
2026-07-08,64750,2026-10-08,put,regular,1,0.3025,92,3025.0
2026-07-08,65000,2026-10-08,put,regular,750,0.3003,92,3110.0
2026-07-08,67000,2026-10-08,put,regular,201,0.2855,92,3905.0
2026-07-08,68000,2026-10-08,put,regular,530,0.278,92,4360.0
2026-07-08,68500,2026-10-08,put,regular,2,0.2691,92,4535.0
2026-07-08,69000,2026-10-08,put,regular,200,0.2649,92,4785.0
2026-07-08,70000,2026-10-08,put,regular,101,0.2567,92,5320.0
2026-07-08,72500,2026-10-08,put,regular,1,0.2336,92,6840.0
2026-07-08,25000,2026-11-12,put,regular,2,0.6746,127,35.0
2026-07-08,38000,2026-11-12,put,regular,1,0.52,127,197.0
2026-07-08,40000,2026-11-12,put,regular,1,0.5,127,250.0
2026-07-08,43000,2026-11-12,put,regular,1,0.4714,127,355.0
2026-07-08,51000,2026-11-12,put,regular,100,0.3982,127,845.0
2026-07-08,53000,2026-11-12,put,regular,55,0.3813,127,1045.0
2026-07-08,53750,2026-11-12,put,regular,1,0.3738,127,1120.0
2026-07-08,58000,2026-11-12,put,regular,100,0.3425,127,1785.0
2026-07-08,59500,2026-11-12,put,regular,250,0.3306,127,2080.0
2026-07-08,60000,2026-11-12,put,regular,120,0.3272,127,2195.0
2026-07-08,60500,2026-11-12,put,regular,100,0.323,127,2305.0
2026-07-08,61000,2026-11-12,put,regular,200,0.3196,127,2430.0
2026-07-08,63000,2026-11-12,put,regular,100,0.3053,127,2985.0
2026-07-08,64000,2026-11-12,put,regular,560,0.2951,127,3255.0
2026-07-08,65000,2026-11-12,put,regular,100,0.2978,127,3750.0
2026-07-08,66000,2026-11-12,put,regular,150,0.2899,127,4115.0
2026-07-08,67000,2026-11-12,put,regular,350,0.2837,127,4540.0
2026-07-08,67500,2026-11-12,put,regular,4,0.2806,127,4765.0
2026-07-08,68500,2026-11-12,put,regular,328,0.2682,127,5145.0
2026-07-08,70000,2026-11-12,put,regular,460,0.2583,127,5920.0
2026-07-08,72500,2026-11-12,put,regular,330,0.2402,127,7390.0
2026-07-08,12500,2026-12-10,put,regular,287,0.8897,155,9.0
2026-07-08,13000,2026-12-10,put,regular,4,0.8691,155,9.0
2026-07-08,13500,2026-12-10,put,regular,100,0.8493,155,9.0
2026-07-08,14000,2026-12-10,put,regular,11,0.8302,155,9.0
2026-07-08,14500,2026-12-10,put,regular,1,0.8119,155,9.0
2026-07-08,14750,2026-12-10,put,regular,1,0.8029,155,9.0
2026-07-08,15000,2026-12-10,put,regular,5,0.7942,155,9.0
2026-07-08,16000,2026-12-10,put,regular,3,0.7605,155,9.0
2026-07-08,17000,2026-12-10,put,regular,3,0.7362,155,10.0
2026-07-08,18000,2026-12-10,put,regular,153,0.7126,155,11.0
2026-07-08,19000,2026-12-10,put,regular,650,0.6899,155,12.0
2026-07-08,20000,2026-12-10,put,regular,2350,0.6678,155,13.0
2026-07-08,21000,2026-12-10,put,regular,350,0.651,155,15.0
2026-07-08,21500,2026-12-10,put,regular,500,0.6424,155,16.0
2026-07-08,22000,2026-12-10,put,regular,1715,0.6339,155,17.0
2026-07-08,22500,2026-12-10,put,regular,154,0.6288,155,19.0
2026-07-08,23000,2026-12-10,put,regular,2105,0.62,155,20.0
2026-07-08,23500,2026-12-10,put,regular,127,0.6143,155,22.0
2026-07-08,24000,2026-12-10,put,regular,400,0.6082,155,24.0
2026-07-08,24500,2026-12-10,put,regular,250,0.6018,155,26.0
2026-07-08,24750,2026-12-10,put,regular,1,0.5986,155,27.0
2026-07-08,25000,2026-12-10,put,regular,2464,0.5953,155,28.0
2026-07-08,25250,2026-12-10,put,regular,1,0.5919,155,29.0
2026-07-08,25500,2026-12-10,put,regular,2,0.5885,155,30.0
2026-07-08,26000,2026-12-10,put,regular,1425,0.5837,155,33.0
2026-07-08,26500,2026-12-10,put,regular,1,0.5765,155,35.0
2026-07-08,27000,2026-12-10,put,regular,2630,0.5729,155,39.0
2026-07-08,27500,2026-12-10,put,regular,25,0.567,155,42.0
2026-07-08,27750,2026-12-10,put,regular,72,0.5648,155,44.0
2026-07-08,28000,2026-12-10,put,regular,1326,0.5625,155,46.0
2026-07-08,28500,2026-12-10,put,regular,400,0.5576,155,50.0
2026-07-08,29000,2026-12-10,put,regular,1450,0.5537,155,55.0
2026-07-08,30000,2026-12-10,put,regular,5997,0.5446,155,65.0
2026-07-08,30500,2026-12-10,put,regular,51,0.5406,155,71.0
2026-07-08,31000,2026-12-10,put,regular,2257,0.5372,155,78.0
2026-07-08,31500,2026-12-10,put,regular,350,0.5333,155,85.0
2026-07-08,32000,2026-12-10,put,regular,4655,0.5291,155,92.0
2026-07-08,32250,2026-12-10,put,regular,600,0.5272,155,96.0
2026-07-08,32500,2026-12-10,put,regular,900,0.5252,155,100.0
2026-07-08,32750,2026-12-10,put,regular,20,0.5232,155,104.0
2026-07-08,33000,2026-12-10,put,regular,3362,0.521,155,108.0
2026-07-08,33250,2026-12-10,put,regular,37,0.5195,155,113.0
2026-07-08,33500,2026-12-10,put,regular,72,0.5172,155,117.0
2026-07-08,34000,2026-12-10,put,regular,2820,0.5136,155,127.0
2026-07-08,34500,2026-12-10,put,regular,560,0.5097,155,137.0
2026-07-08,34750,2026-12-10,put,regular,1,0.5076,155,142.0
2026-07-08,35000,2026-12-10,put,regular,5065,0.5054,155,147.0
2026-07-08,36000,2026-12-10,put,regular,2935,0.498,155,171.0
2026-07-08,36500,2026-12-10,put,regular,225,0.4938,155,183.0
2026-07-08,36750,2026-12-10,put,regular,400,0.4921,155,190.0
2026-07-08,37000,2026-12-10,put,regular,2537,0.4902,155,197.0
2026-07-08,37500,2026-12-10,put,regular,188,0.4863,155,211.0
2026-07-08,37750,2026-12-10,put,regular,100,0.4846,155,219.0
2026-07-08,38000,2026-12-10,put,regular,2686,0.4825,155,226.0
2026-07-08,38500,2026-12-10,put,regular,1150,0.4787,155,242.0
2026-07-08,38750,2026-12-10,put,regular,50,0.4767,155,250.0
2026-07-08,39000,2026-12-10,put,regular,2505,0.475,155,259.0
2026-07-08,39250,2026-12-10,put,regular,650,0.4732,155,268.0
2026-07-08,39500,2026-12-10,put,regular,1008,0.4713,155,277.0
2026-07-08,40000,2026-12-10,put,regular,6177,0.4676,155,296.0
2026-07-08,40250,2026-12-10,put,regular,5,0.4655,155,305.0
2026-07-08,40500,2026-12-10,put,regular,1469,0.4636,155,315.0
2026-07-08,41000,2026-12-10,put,regular,1825,0.4611,155,340.0
2026-07-08,41250,2026-12-10,put,regular,3,0.4603,155,355.0
2026-07-08,41500,2026-12-10,put,regular,101,0.4594,155,370.0
2026-07-08,42000,2026-12-10,put,regular,3599,0.4573,155,400.0
2026-07-08,42500,2026-12-10,put,regular,300,0.457,155,440.0
2026-07-08,43000,2026-12-10,put,regular,1694,0.4551,155,475.0
2026-07-08,43500,2026-12-10,put,regular,100,0.4505,155,500.0
2026-07-08,43750,2026-12-10,put,regular,5,0.4487,155,515.0
2026-07-08,44000,2026-12-10,put,regular,3390,0.4468,155,530.0
2026-07-08,45000,2026-12-10,put,regular,3048,0.4367,155,580.0
2026-07-08,45250,2026-12-10,put,regular,51,0.4337,155,590.0
2026-07-08,45500,2026-12-10,put,regular,350,0.4314,155,605.0
2026-07-08,46000,2026-12-10,put,regular,3757,0.4269,155,635.0
2026-07-08,46500,2026-12-10,put,regular,2,0.4229,155,670.0
2026-07-08,47000,2026-12-10,put,regular,2846,0.4211,155,720.0
2026-07-08,47500,2026-12-10,put,regular,1081,0.4151,155,745.0
2026-07-08,48000,2026-12-10,put,regular,4124,0.4126,155,795.0
2026-07-08,48500,2026-12-10,put,regular,300,0.407,155,825.0
2026-07-08,49000,2026-12-10,put,regular,3177,0.4032,155,870.0
2026-07-08,49500,2026-12-10,put,regular,2717,0.3992,155,915.0
2026-07-08,50000,2026-12-10,put,regular,6363,0.3937,155,950.0
2026-07-08,50250,2026-12-10,put,regular,16,0.3906,155,965.0
2026-07-08,50500,2026-12-10,put,regular,640,0.3887,155,990.0
2026-07-08,50750,2026-12-10,put,regular,45,0.3867,155,1015.0
2026-07-08,51000,2026-12-10,put,regular,1680,0.3847,155,1040.0
2026-07-08,51500,2026-12-10,put,regular,20,0.3815,155,1100.0
2026-07-08,52000,2026-12-10,put,regular,2275,0.3786,155,1165.0
2026-07-08,52250,2026-12-10,put,regular,525,0.3757,155,1185.0
2026-07-08,52500,2026-12-10,put,regular,117,0.3738,155,1215.0
2026-07-08,53000,2026-12-10,put,regular,1398,0.3714,155,1290.0
2026-07-08,53250,2026-12-10,put,regular,186,0.3682,155,1310.0
2026-07-08,53500,2026-12-10,put,regular,205,0.3666,155,1345.0
2026-07-08,53750,2026-12-10,put,regular,4,0.3643,155,1375.0
2026-07-08,54000,2026-12-10,put,regular,2140,0.364,155,1425.0
2026-07-08,54500,2026-12-10,put,regular,440,0.3592,155,1485.0
2026-07-08,55000,2026-12-10,put,regular,3912,0.3564,155,1570.0
2026-07-08,55500,2026-12-10,put,regular,100,0.352,155,1640.0
2026-07-08,56000,2026-12-10,put,regular,2126,0.349,155,1730.0
2026-07-08,56500,2026-12-10,put,regular,151,0.3449,155,1810.0
2026-07-08,57000,2026-12-10,put,regular,1215,0.3421,155,1910.0
2026-07-08,57500,2026-12-10,put,regular,850,0.339,155,2010.0
2026-07-08,58000,2026-12-10,put,regular,1472,0.3348,155,2100.0
2026-07-08,58500,2026-12-10,put,regular,450,0.3317,155,2210.0
2026-07-08,59000,2026-12-10,put,regular,2290,0.328,155,2315.0
2026-07-08,59500,2026-12-10,put,regular,250,0.325,155,2435.0
2026-07-08,60000,2026-12-10,put,regular,7435,0.3214,155,2550.0
2026-07-08,61000,2026-12-10,put,regular,1350,0.3147,155,2805.0
2026-07-08,61500,2026-12-10,put,regular,2,0.3116,155,2945.0
2026-07-08,62000,2026-12-10,put,regular,2231,0.3082,155,3085.0
2026-07-08,62250,2026-12-10,put,regular,350,0.3067,155,3160.0
2026-07-08,62500,2026-12-10,put,regular,385,0.3051,155,3235.0
2026-07-08,63000,2026-12-10,put,regular,1501,0.3022,155,3395.0
2026-07-08,63750,2026-12-10,put,regular,25,0.2977,155,3645.0
2026-07-08,64000,2026-12-10,put,regular,955,0.297,155,3745.0
2026-07-08,65000,2026-12-10,put,regular,2740,0.2949,155,4175.0
2026-07-08,65500,2026-12-10,put,regular,580,0.2935,155,4395.0
2026-07-08,66000,2026-12-10,put,regular,100,0.2894,155,4575.0
2026-07-08,67000,2026-12-10,put,regular,851,0.2835,155,5000.0
2026-07-08,67250,2026-12-10,put,regular,25,0.282,155,5110.0
2026-07-08,67500,2026-12-10,put,regular,25,0.2806,155,5225.0
2026-07-08,68000,2026-12-10,put,regular,1625,0.2779,155,5460.0
2026-07-08,68500,2026-12-10,put,regular,3,0.2776,155,5745.0
2026-07-08,68750,2026-12-10,put,regular,100,0.2705,155,5770.0
2026-07-08,69000,2026-12-10,put,regular,1470,0.2676,155,5870.0
2026-07-08,70000,2026-12-10,put,regular,1644,0.2616,155,6390.0
2026-07-08,71000,2026-12-10,put,regular,31,0.2557,155,6945.0
2026-07-08,72000,2026-12-10,put,regular,120,0.2501,155,7540.0
2026-07-08,72500,2026-12-10,put,regular,320,0.2465,155,7840.0
2026-07-08,76000,2026-12-10,put,regular,300,0.223,155,10220.0
2026-07-08,80000,2026-12-10,put,regular,3700,0.1486,155,13235.0
2026-07-08,44000,2027-01-07,put,regular,331,0.4307,183,640.0
2026-07-08,45000,2027-01-07,put,regular,150,0.4225,183,705.0
2026-07-08,48000,2027-01-07,put,regular,200,0.3968,183,925.0
2026-07-08,47000,2027-02-10,put,regular,125,0.4072,217,1145.0
2026-07-08,29000,2027-03-11,put,regular,1,0.529,246,195.0
2026-07-08,33000,2027-03-11,put,regular,113,0.4941,246,310.0
2026-07-08,35000,2027-03-11,put,regular,600,0.4764,246,380.0
2026-07-08,37000,2027-03-11,put,regular,500,0.461,246,470.0
2026-07-08,38000,2027-03-11,put,regular,265,0.4523,246,515.0
2026-07-08,40000,2027-03-11,put,regular,470,0.4352,246,615.0
2026-07-08,41000,2027-03-11,put,regular,250,0.4336,246,715.0
2026-07-08,42000,2027-03-11,put,regular,749,0.4325,246,830.0
2026-07-08,42500,2027-03-11,put,regular,200,0.4317,246,890.0
2026-07-08,43000,2027-03-11,put,regular,62,0.4312,246,955.0
2026-07-08,43500,2027-03-11,put,regular,66,0.4266,246,990.0
2026-07-08,44000,2027-03-11,put,regular,450,0.4213,246,1020.0
2026-07-08,45000,2027-03-11,put,regular,698,0.4082,246,1060.0
2026-07-08,46000,2027-03-11,put,regular,116,0.3951,246,1100.0
2026-07-08,47000,2027-03-11,put,regular,800,0.3841,246,1160.0
2026-07-08,48000,2027-03-11,put,regular,299,0.3777,246,1270.0
2026-07-08,48500,2027-03-11,put,regular,51,0.3746,246,1330.0
2026-07-08,49000,2027-03-11,put,regular,100,0.3714,246,1390.0
2026-07-08,50000,2027-03-11,put,regular,1270,0.3653,246,1520.0
2026-07-08,50250,2027-03-11,put,regular,112,0.3639,246,1555.0
2026-07-08,51000,2027-03-11,put,regular,24,0.3592,246,1660.0
2026-07-08,51250,2027-03-11,put,regular,109,0.3576,246,1695.0
2026-07-08,52000,2027-03-11,put,regular,1470,0.3532,246,1810.0
2026-07-08,53000,2027-03-11,put,regular,525,0.347,246,1970.0
2026-07-08,53500,2027-03-11,put,regular,200,0.3444,246,2060.0
2026-07-08,54000,2027-03-11,put,regular,224,0.3425,246,2165.0
2026-07-08,55000,2027-03-11,put,regular,400,0.3364,246,2350.0
2026-07-08,55500,2027-03-11,put,regular,100,0.3339,246,2455.0
2026-07-08,56000,2027-03-11,put,regular,401,0.3305,246,2550.0
2026-07-08,56250,2027-03-11,put,regular,123,0.3295,246,2610.0
2026-07-08,57000,2027-03-11,put,regular,950,0.3246,246,2765.0
2026-07-08,58000,2027-03-11,put,regular,1600,0.3191,246,3000.0
2026-07-08,59500,2027-03-11,put,regular,203,0.3103,246,3375.0
2026-07-08,60000,2027-03-11,put,regular,1150,0.3083,246,3525.0
2026-07-08,61000,2027-03-11,put,regular,160,0.3029,246,3815.0
2026-07-08,62000,2027-03-11,put,regular,200,0.2978,246,4130.0
2026-07-08,62500,2027-03-11,put,regular,101,0.2948,246,4285.0
2026-07-08,63000,2027-03-11,put,regular,992,0.293,246,4470.0
2026-07-08,64000,2027-03-11,put,regular,800,0.2881,246,4830.0
2026-07-08,66000,2027-03-11,put,regular,200,0.279,246,5630.0
2026-07-08,66500,2027-03-11,put,regular,6,0.2762,246,5835.0
2026-07-08,67000,2027-03-11,put,regular,150,0.2746,246,6070.0
2026-07-08,68000,2027-03-11,put,regular,130,0.2704,246,6540.0
2026-07-08,69000,2027-03-11,put,regular,350,0.2662,246,7035.0
2026-07-08,70000,2027-03-11,put,regular,216,0.262,246,7555.0
2026-07-08,72000,2027-03-11,put,regular,100,0.2537,246,8680.0
2026-07-08,12500,2027-06-10,put,regular,10,0.6526,337,20.0
2026-07-08,14500,2027-06-10,put,regular,4,0.635,337,36.0
2026-07-08,15000,2027-06-10,put,regular,1,0.6307,337,41.0
2026-07-08,16250,2027-06-10,put,regular,167,0.6193,337,55.0
2026-07-08,23000,2027-06-10,put,regular,140,0.5576,337,177.0
2026-07-08,24000,2027-06-10,put,regular,100,0.5485,337,202.0
2026-07-08,25000,2027-06-10,put,regular,250,0.5394,337,229.0
2026-07-08,26000,2027-06-10,put,regular,200,0.5304,337,258.0
2026-07-08,28000,2027-06-10,put,regular,895,0.5056,337,299.0
2026-07-08,28500,2027-06-10,put,regular,100,0.4981,337,305.0
2026-07-08,29000,2027-06-10,put,regular,66,0.4904,337,310.0
2026-07-08,30000,2027-06-10,put,regular,275,0.4768,337,325.0
2026-07-08,31000,2027-06-10,put,regular,100,0.4646,337,345.0
2026-07-08,31500,2027-06-10,put,regular,1,0.4573,337,350.0
2026-07-08,32000,2027-06-10,put,regular,250,0.4513,337,360.0
2026-07-08,33000,2027-06-10,put,regular,150,0.4404,337,385.0
2026-07-08,34000,2027-06-10,put,regular,750,0.4327,337,425.0
2026-07-08,35000,2027-06-10,put,regular,1327,0.4275,337,480.0
2026-07-08,35500,2027-06-10,put,regular,145,0.4249,337,510.0
2026-07-08,36000,2027-06-10,put,regular,300,0.4222,337,540.0
2026-07-08,37000,2027-06-10,put,regular,50,0.4169,337,605.0
2026-07-08,38000,2027-06-10,put,regular,200,0.4109,337,670.0
2026-07-08,38500,2027-06-10,put,regular,140,0.4087,337,710.0
2026-07-08,39000,2027-06-10,put,regular,50,0.4055,337,745.0
2026-07-08,39500,2027-06-10,put,regular,101,0.4029,337,785.0
2026-07-08,40000,2027-06-10,put,regular,1095,0.4008,337,830.0
2026-07-08,41000,2027-06-10,put,regular,100,0.3952,337,915.0
2026-07-08,42000,2027-06-10,put,regular,300,0.39,337,1010.0
2026-07-08,42500,2027-06-10,put,regular,61,0.3875,337,1060.0
2026-07-08,43000,2027-06-10,put,regular,35,0.3847,337,1110.0
2026-07-08,44000,2027-06-10,put,regular,196,0.3797,337,1220.0
2026-07-08,45000,2027-06-10,put,regular,720,0.3744,337,1335.0
2026-07-08,46000,2027-06-10,put,regular,773,0.371,337,1480.0
2026-07-08,47000,2027-06-10,put,regular,201,0.3675,337,1635.0
2026-07-08,47750,2027-06-10,put,regular,100,0.3635,337,1740.0
2026-07-08,48000,2027-06-10,put,regular,804,0.3621,337,1775.0
2026-07-08,49000,2027-06-10,put,regular,300,0.3568,337,1925.0
2026-07-08,50000,2027-06-10,put,regular,1317,0.3515,337,2085.0
2026-07-08,50500,2027-06-10,put,regular,175,0.349,337,2170.0
2026-07-08,51250,2027-06-10,put,regular,3,0.345,337,2300.0
2026-07-08,52000,2027-06-10,put,regular,1050,0.341,337,2435.0
2026-07-08,52250,2027-06-10,put,regular,89,0.3399,337,2485.0
2026-07-08,52500,2027-06-10,put,regular,57,0.3384,337,2530.0
2026-07-08,53000,2027-06-10,put,regular,720,0.3348,337,2610.0
2026-07-08,53500,2027-06-10,put,regular,1,0.3334,337,2730.0
2026-07-08,53750,2027-06-10,put,regular,35,0.3323,337,2785.0
2026-07-08,54000,2027-06-10,put,regular,1402,0.3301,337,2820.0
2026-07-08,55000,2027-06-10,put,regular,1350,0.3251,337,3040.0
2026-07-08,56000,2027-06-10,put,regular,185,0.3203,337,3275.0
2026-07-08,56500,2027-06-10,put,regular,40,0.3186,337,3410.0
2026-07-08,57000,2027-06-10,put,regular,675,0.3156,337,3525.0
2026-07-08,57750,2027-06-10,put,regular,108,0.3113,337,3705.0
2026-07-08,58000,2027-06-10,put,regular,117,0.3109,337,3790.0
2026-07-08,59000,2027-06-10,put,regular,400,0.3064,337,4075.0
2026-07-08,59500,2027-06-10,put,regular,112,0.3034,337,4205.0
2026-07-08,60000,2027-06-10,put,regular,845,0.3019,337,4375.0
2026-07-08,61000,2027-06-10,put,regular,3,0.2978,337,4700.0
2026-07-08,62000,2027-06-10,put,regular,805,0.2927,337,5020.0
2026-07-08,63000,2027-06-10,put,regular,225,0.2892,337,5395.0
2026-07-08,64000,2027-06-10,put,regular,150,0.2863,337,5805.0
2026-07-08,64750,2027-06-10,put,regular,102,0.2839,337,6120.0
2026-07-08,65000,2027-06-10,put,regular,1186,0.283,337,6225.0
2026-07-08,65500,2027-06-10,put,regular,26,0.2811,337,6435.0
2026-07-08,67000,2027-06-10,put,regular,220,0.2758,337,7110.0
2026-07-08,67500,2027-06-10,put,regular,100,0.2742,337,7350.0
2026-07-08,68000,2027-06-10,put,regular,350,0.2724,337,7590.0
2026-07-08,69000,2027-06-10,put,regular,15,0.269,337,8090.0
2026-07-08,70000,2027-06-10,put,regular,500,0.265,337,8595.0
2026-07-08,72000,2027-06-10,put,regular,100,0.2582,337,9705.0
2026-07-08,77500,2027-06-10,put,regular,150,0.2389,337,13200.0
2026-07-08,50000,2027-09-09,put,regular,25,0.3342,428,2470.0
2026-07-08,54250,2027-09-09,put,regular,200,0.3155,428,3365.0
2026-07-08,58000,2027-09-09,put,regular,1,0.3002,428,4365.0
2026-07-08,68250,2027-09-09,put,regular,200,0.2669,428,8450.0
2026-07-08,68750,2027-09-09,put,regular,81,0.2659,428,8715.0
2026-07-08,12500,2027-12-09,put,regular,5,0.4294,519,2.0
2026-07-08,13000,2027-12-09,put,regular,1,0.4195,519,2.0
2026-07-08,16000,2027-12-09,put,regular,350,0.4115,519,8.0
2026-07-08,19000,2027-12-09,put,regular,300,0.4085,519,26.0
2026-07-08,20000,2027-12-09,put,regular,400,0.4084,519,37.0
2026-07-08,21000,2027-12-09,put,regular,50,0.408,519,51.0
2026-07-08,22000,2027-12-09,put,regular,408,0.407,519,68.0
2026-07-08,22500,2027-12-09,put,regular,36,0.4072,519,79.0
2026-07-08,23000,2027-12-09,put,regular,132,0.4066,519,90.0
2026-07-08,23750,2027-12-09,put,regular,39,0.4065,519,110.0
2026-07-08,24000,2027-12-09,put,regular,1721,0.4068,519,118.0
2026-07-08,25000,2027-12-09,put,regular,1210,0.4061,519,150.0
2026-07-08,26000,2027-12-09,put,regular,200,0.4061,519,190.0
2026-07-08,26500,2027-12-09,put,regular,100,0.4058,519,212.0
2026-07-08,27000,2027-12-09,put,regular,1300,0.4057,519,236.0
2026-07-08,28000,2027-12-09,put,regular,1575,0.4054,519,290.0
2026-07-08,29000,2027-12-09,put,regular,350,0.4012,519,335.0
2026-07-08,29500,2027-12-09,put,regular,249,0.3993,519,360.0
2026-07-08,30000,2027-12-09,put,regular,2445,0.3971,519,385.0
2026-07-08,31000,2027-12-09,put,regular,1750,0.3931,519,440.0
2026-07-08,31500,2027-12-09,put,regular,204,0.3903,519,465.0
2026-07-08,32000,2027-12-09,put,regular,1425,0.3891,519,500.0
2026-07-08,32250,2027-12-09,put,regular,30,0.3879,519,515.0
2026-07-08,32750,2027-12-09,put,regular,35,0.3855,519,545.0
2026-07-08,33000,2027-12-09,put,regular,450,0.3842,519,560.0
2026-07-08,34000,2027-12-09,put,regular,1569,0.3808,519,635.0
2026-07-08,34500,2027-12-09,put,regular,100,0.3784,519,670.0
2026-07-08,35000,2027-12-09,put,regular,1450,0.3766,519,710.0
2026-07-08,35500,2027-12-09,put,regular,40,0.3745,519,750.0
2026-07-08,36000,2027-12-09,put,regular,1130,0.3722,519,790.0
2026-07-08,36500,2027-12-09,put,regular,300,0.3704,519,835.0
2026-07-08,37000,2027-12-09,put,regular,1150,0.3684,519,880.0
2026-07-08,38000,2027-12-09,put,regular,1175,0.3648,519,980.0
2026-07-08,39000,2027-12-09,put,regular,800,0.3606,519,1080.0
2026-07-08,39500,2027-12-09,put,regular,50,0.3587,519,1135.0
2026-07-08,40000,2027-12-09,put,regular,2950,0.3571,519,1195.0
2026-07-08,40500,2027-12-09,put,regular,450,0.3549,519,1250.0
2026-07-08,42000,2027-12-09,put,regular,450,0.3494,519,1440.0
2026-07-08,43000,2027-12-09,put,regular,240,0.3459,519,1580.0
2026-07-08,44000,2027-12-09,put,regular,100,0.3422,519,1725.0
2026-07-08,45000,2027-12-09,put,regular,1675,0.3386,519,1880.0
2026-07-08,46000,2027-12-09,put,regular,700,0.3349,519,2045.0
2026-07-08,47000,2027-12-09,put,regular,250,0.3314,519,2220.0
2026-07-08,47500,2027-12-09,put,regular,35,0.3295,519,2310.0
2026-07-08,48000,2027-12-09,put,regular,615,0.3278,519,2405.0
2026-07-08,49000,2027-12-09,put,regular,700,0.3242,519,2600.0
2026-07-08,50000,2027-12-09,put,regular,2915,0.3208,519,2810.0
2026-07-08,51000,2027-12-09,put,regular,350,0.3174,519,3030.0
2026-07-08,52000,2027-12-09,put,regular,500,0.3139,519,3260.0
2026-07-08,53000,2027-12-09,put,regular,802,0.3105,519,3505.0
2026-07-08,54000,2027-12-09,put,regular,275,0.3072,519,3765.0
2026-07-08,54500,2027-12-09,put,regular,400,0.3054,519,3895.0
2026-07-08,55000,2027-12-09,put,regular,1012,0.3039,519,4035.0
2026-07-08,55500,2027-12-09,put,regular,75,0.3022,519,4175.0
2026-07-08,56000,2027-12-09,put,regular,230,0.3006,519,4320.0
2026-07-08,57000,2027-12-09,put,regular,220,0.2972,519,4615.0
2026-07-08,58000,2027-12-09,put,regular,1000,0.294,519,4930.0
2026-07-08,58500,2027-12-09,put,regular,210,0.2923,519,5090.0
2026-07-08,59000,2027-12-09,put,regular,65,0.2908,519,5260.0
2026-07-08,60000,2027-12-09,put,regular,500,0.2877,519,5605.0
2026-07-08,62000,2027-12-09,put,regular,100,0.2815,519,6345.0
2026-07-08,63000,2027-12-09,put,regular,100,0.2787,519,6745.0
2026-07-08,63500,2027-12-09,put,regular,50,0.2774,519,6955.0
2026-07-08,64000,2027-12-09,put,regular,130,0.276,519,7165.0
2026-07-08,65000,2027-12-09,put,regular,700,0.2732,519,7600.0
2026-07-08,66000,2027-12-09,put,regular,500,0.2705,519,8055.0
2026-07-08,67000,2027-12-09,put,regular,100,0.2678,519,8525.0
2026-07-08,68000,2027-12-09,put,regular,200,0.2653,519,9020.0
2026-07-08,69000,2027-12-09,put,regular,750,0.2637,519,9560.0
2026-07-08,70000,2027-12-09,put,regular,300,0.2622,519,10120.0
2026-07-08,75000,2027-12-09,put,regular,175,0.2526,519,13115.0
2026-07-08,15000,2028-06-08,put,regular,3,0.402,701,19.0
2026-07-08,25000,2028-06-08,put,regular,630,0.3983,701,325.0
2026-07-08,26000,2028-06-08,put,regular,250,0.3983,701,395.0
2026-07-08,27000,2028-06-08,put,regular,100,0.3982,701,475.0
2026-07-08,30000,2028-06-08,put,regular,300,0.3883,701,700.0
2026-07-08,32000,2028-06-08,put,regular,250,0.3787,701,855.0
2026-07-08,33000,2028-06-08,put,regular,100,0.3745,701,945.0
2026-07-08,35000,2028-06-08,put,regular,200,0.3658,701,1140.0
2026-07-08,41500,2028-06-08,put,regular,100,0.3396,701,1965.0
2026-07-08,45000,2028-06-08,put,regular,15,0.3267,701,2555.0
2026-07-08,48000,2028-06-08,put,regular,300,0.3161,701,3155.0
2026-07-08,50000,2028-06-08,put,regular,150,0.3121,701,3675.0
2026-07-08,54000,2028-06-08,put,regular,100,0.3048,701,4890.0
2026-07-08,60000,2028-06-08,put,regular,250,0.2862,701,6865.0
2026-07-08,12000,2028-12-07,put,regular,300,0.3894,883,11.0
2026-07-08,16000,2028-12-07,put,regular,1950,0.3853,883,53.0
2026-07-08,18000,2028-12-07,put,regular,100,0.3848,883,99.0
2026-07-08,20000,2028-12-07,put,regular,200,0.3845,883,169.0
2026-07-08,23000,2028-12-07,put,regular,100,0.3837,883,330.0
2026-07-08,23500,2028-12-07,put,regular,38,0.3837,883,365.0
2026-07-08,24000,2028-12-07,put,regular,1000,0.3833,883,400.0
2026-07-08,25000,2028-12-07,put,regular,800,0.3829,883,480.0
2026-07-08,27000,2028-12-07,put,regular,120,0.3821,883,670.0
2026-07-08,28000,2028-12-07,put,regular,1250,0.3821,883,785.0
2026-07-08,30000,2028-12-07,put,regular,350,0.3729,883,955.0
2026-07-08,31000,2028-12-07,put,regular,400,0.3704,883,1070.0
2026-07-08,32000,2028-12-07,put,regular,850,0.3681,883,1195.0
2026-07-08,32250,2028-12-07,put,regular,51,0.3677,883,1230.0
2026-07-08,33000,2028-12-07,put,regular,125,0.3663,883,1335.0
2026-07-08,34000,2028-12-07,put,regular,775,0.3641,883,1480.0
2026-07-08,34750,2028-12-07,put,regular,100,0.3624,883,1595.0
2026-07-08,35000,2028-12-07,put,regular,955,0.3619,883,1635.0
2026-07-08,36000,2028-12-07,put,regular,2750,0.3602,883,1805.0
2026-07-08,37000,2028-12-07,put,regular,580,0.3581,883,1980.0
2026-07-08,38000,2028-12-07,put,regular,2860,0.3565,883,2175.0
2026-07-08,39000,2028-12-07,put,regular,50,0.352,883,2325.0
2026-07-08,40000,2028-12-07,put,regular,1210,0.348,883,2490.0
2026-07-08,42000,2028-12-07,put,regular,350,0.3398,883,2835.0
2026-07-08,43000,2028-12-07,put,regular,100,0.3358,883,3020.0
2026-07-08,45000,2028-12-07,put,regular,100,0.3282,883,3420.0
2026-07-08,48000,2028-12-07,put,regular,600,0.3173,883,4090.0
2026-07-08,50000,2028-12-07,put,regular,1600,0.3104,883,4585.0
2026-07-08,51000,2028-12-07,put,regular,150,0.307,883,4850.0
2026-07-08,53000,2028-12-07,put,regular,50,0.3006,883,5415.0
2026-07-08,55000,2028-12-07,put,regular,560,0.2945,883,6030.0
2026-07-08,56000,2028-12-07,put,regular,400,0.2915,883,6355.0
2026-07-08,57000,2028-12-07,put,regular,150,0.2887,883,6695.0
2026-07-08,60000,2028-12-07,put,regular,100,0.2802,883,7785.0
2026-07-08,65000,2028-12-07,put,regular,400,0.2672,883,9875.0
2026-07-08,68000,2028-12-07,put,regular,100,0.2598,883,11295.0
2026-07-08,70000,2028-12-07,put,regular,100,0.2551,883,12315.0
2026-07-08,75000,2028-12-07,put,regular,80,0.2437,883,15110.0
2026-07-08,15000,2029-06-07,put,regular,1,0.3976,1065,99.0
2026-07-08,15000,2029-12-13,put,regular,1,0.3472,1254,66.0
2026-07-08,23250,2029-12-13,put,regular,40,0.3447,1254,490.0
2026-07-08,32000,2029-12-13,put,regular,113,0.3356,1254,1595.0
2026-07-08,34250,2029-12-13,put,regular,6,0.3318,1254,1985.0
2026-07-08,44000,2029-12-13,put,regular,100,0.3135,1254,4205.0
2026-07-08,70000,2029-12-13,put,regular,100,0.2459,1254,13835.0
2026-07-08,19000,2030-06-13,put,regular,2,0.3394,1436,271.0
2026-07-08,23500,2030-12-12,call,regular,100,0.2,1618,670.0
2026-07-08,31750,2030-12-12,call,regular,74,0.2,1618,1800.0
2026-07-08,34000,2030-12-12,call,regular,24,0.2,1618,2135.0
2026-07-08,44000,2030-12-12,call,regular,80,0.2,1618,4185.0
2026-07-08,49500,2030-12-12,call,regular,100,0.2,1618,5680.0
2026-07-08,64000,2030-12-12,call,regular,3,0.179,1618,11385.0
2026-07-08,31500,2031-12-11,call,regular,52,0.2,1982,1870.0
2026-07-08,68000,2031-12-11,call,regular,100,0.2249,1982,13495.0
2026-07-08,31250,2032-12-09,call,regular,40,0.2,2346,1870.0
2026-07-08,39500,2026-07-09,call,regular,26,0.2,1,28800.0
2026-07-08,42500,2026-07-09,call,regular,10,0.2,1,25805.0
2026-07-08,45000,2026-07-09,call,regular,4,0.2,1,23305.0
2026-07-08,46000,2026-07-09,call,regular,26,0.2,1,22305.0
2026-07-08,48000,2026-07-09,call,regular,2,0.2,1,20305.0
2026-07-08,55000,2026-07-09,call,regular,2,4.3353,1,13305.0
2026-07-08,56000,2026-07-09,call,regular,1,4.0737,1,12305.0
2026-07-08,56750,2026-07-09,call,regular,2,3.8782,1,11555.0
2026-07-08,57000,2026-07-09,call,regular,1102,3.8131,1,11305.0
2026-07-08,58000,2026-07-09,call,regular,693,3.553,1,10305.0
2026-07-08,58500,2026-07-09,call,regular,875,3.4279,1,9810.0
2026-07-08,59500,2026-07-09,call,regular,301,3.167,1,8810.0
2026-07-08,59625,2026-07-09,call,regular,12,3.1391,1,8690.0
2026-07-08,60000,2026-07-09,call,regular,837,3.0408,1,8315.0
2026-07-08,60250,2026-07-09,call,regular,360,2.975,1,8065.0
2026-07-08,60500,2026-07-09,call,regular,1001,2.9139,1,7820.0
2026-07-08,60750,2026-07-09,call,regular,1,2.8478,1,7570.0
2026-07-08,61000,2026-07-09,call,regular,205,2.777,1,7315.0
2026-07-08,61500,2026-07-09,call,regular,2,2.6529,1,6825.0
2026-07-08,62000,2026-07-09,call,regular,736,2.523,1,6330.0
2026-07-08,62500,2026-07-09,call,regular,101,2.3916,1,5835.0
2026-07-08,63000,2026-07-09,call,regular,815,2.2627,1,5345.0
2026-07-08,63250,2026-07-09,call,regular,95,2.2016,1,5105.0
2026-07-08,63500,2026-07-09,call,regular,512,2.1315,1,4855.0
2026-07-08,63750,2026-07-09,call,regular,99,2.073,1,4620.0
2026-07-08,63875,2026-07-09,call,regular,2,2.0454,1,4505.0
2026-07-08,64000,2026-07-09,call,regular,1103,2.0135,1,4385.0
2026-07-08,64250,2026-07-09,call,regular,5,1.9491,1,4145.0
2026-07-08,64375,2026-07-09,call,regular,2,1.9204,1,4030.0
2026-07-08,64500,2026-07-09,call,regular,179,1.8876,1,3910.0
2026-07-08,64625,2026-07-09,call,regular,5,1.8544,1,3790.0
2026-07-08,64875,2026-07-09,call,regular,1,1.7988,1,3565.0
2026-07-08,65000,2026-07-09,call,regular,1583,1.7647,1,3445.0
2026-07-08,65125,2026-07-09,call,regular,1,1.7416,1,3340.0
2026-07-08,65250,2026-07-09,call,regular,7,1.7106,1,3225.0
2026-07-08,65375,2026-07-09,call,regular,2,1.6828,1,3115.0
2026-07-08,65500,2026-07-09,call,regular,798,1.6509,1,3000.0
2026-07-08,65625,2026-07-09,call,regular,1,1.6259,1,2895.0
2026-07-08,65750,2026-07-09,call,regular,90,1.6004,1,2790.0
2026-07-08,65875,2026-07-09,call,regular,3,1.5743,1,2685.0
2026-07-08,66000,2026-07-09,call,regular,874,1.5477,1,2580.0
2026-07-08,66250,2026-07-09,call,regular,1,1.4961,1,2375.0
2026-07-08,66375,2026-07-09,call,regular,2,1.4711,1,2275.0
2026-07-08,66500,2026-07-09,call,regular,623,1.4417,1,2170.0
2026-07-08,66625,2026-07-09,call,regular,1,1.4261,1,2085.0
2026-07-08,66750,2026-07-09,call,regular,2,1.3844,1,1965.0
2026-07-08,66875,2026-07-09,call,regular,5,1.3814,1,1900.0
2026-07-08,67000,2026-07-09,call,regular,1037,1.3452,1,1790.0
2026-07-08,67125,2026-07-09,call,regular,50,1.3367,1,1720.0
2026-07-08,67250,2026-07-09,call,regular,29,1.3129,1,1630.0
2026-07-08,67375,2026-07-09,call,regular,10,1.2952,1,1550.0
2026-07-08,67500,2026-07-09,call,regular,604,1.2657,1,1455.0
2026-07-08,67625,2026-07-09,call,regular,1,1.2531,1,1385.0
2026-07-08,67750,2026-07-09,call,regular,397,1.2321,1,1305.0
2026-07-08,67875,2026-07-09,call,regular,39,1.2171,1,1235.0
2026-07-08,68000,2026-07-09,call,regular,991,1.1936,1,1155.0
2026-07-08,68125,2026-07-09,call,regular,11,1.191,1,1105.0
2026-07-08,68250,2026-07-09,call,regular,301,1.1496,1,1005.0
2026-07-08,68375,2026-07-09,call,regular,6,1.1444,1,955.0
2026-07-08,68500,2026-07-09,call,regular,425,1.1226,1,885.0
2026-07-08,68625,2026-07-09,call,regular,1,1.1069,1,825.0
2026-07-08,68750,2026-07-09,call,regular,40,1.0936,1,770.0
2026-07-08,68875,2026-07-09,call,regular,29,1.0828,1,720.0
2026-07-08,69000,2026-07-09,call,regular,4011,1.0912,1,695.0
2026-07-08,69125,2026-07-09,call,regular,69,1.0565,1,620.0
2026-07-08,69250,2026-07-09,call,regular,3678,1.0451,1,575.0
2026-07-08,69375,2026-07-09,call,regular,3,1.0321,1,530.0
2026-07-08,69500,2026-07-09,call,regular,1282,1.0309,1,500.0
2026-07-08,69625,2026-07-09,call,regular,51,1.0097,1,450.0
2026-07-08,69750,2026-07-09,call,regular,49,1.0103,1,425.0
2026-07-08,69875,2026-07-09,call,regular,5,0.9897,1,380.0
2026-07-08,70000,2026-07-09,call,regular,2369,0.9874,1,355.0
2026-07-08,70125,2026-07-09,call,regular,11,0.9673,1,315.0
2026-07-08,70250,2026-07-09,call,regular,21,0.9546,1,284.0
2026-07-08,70375,2026-07-09,call,regular,3,0.9468,1,259.0
2026-07-08,70500,2026-07-09,call,regular,943,0.9446,1,240.0
2026-07-08,70625,2026-07-09,call,regular,352,0.9304,1,213.0
2026-07-08,70750,2026-07-09,call,regular,37,0.9218,1,192.0
2026-07-08,70875,2026-07-09,call,regular,3,0.9141,1,173.0
2026-07-08,71000,2026-07-09,call,regular,776,0.912,1,159.0
2026-07-08,71125,2026-07-09,call,regular,23,0.8984,1,139.0
2026-07-08,71250,2026-07-09,call,regular,33,0.9135,1,137.0
2026-07-08,71375,2026-07-09,call,regular,9,0.8864,1,112.0
2026-07-08,71500,2026-07-09,call,regular,523,0.8883,1,104.0
2026-07-08,71625,2026-07-09,call,regular,14,0.8806,1,92.0
2026-07-08,71750,2026-07-09,call,regular,49,0.8704,1,80.0
2026-07-08,71875,2026-07-09,call,regular,4,0.8649,1,71.0
2026-07-08,72000,2026-07-09,call,regular,6163,0.8571,1,62.0
2026-07-08,72125,2026-07-09,call,regular,26,0.8556,1,56.0
2026-07-08,72250,2026-07-09,call,regular,3060,0.8525,1,50.0
2026-07-08,72375,2026-07-09,call,regular,9,0.8441,1,43.0
2026-07-08,72500,2026-07-09,call,regular,586,0.8404,1,38.0
2026-07-08,72625,2026-07-09,call,regular,5,0.847,1,36.0
2026-07-08,72750,2026-07-09,call,regular,12,0.8445,1,32.0
2026-07-08,72875,2026-07-09,call,regular,84,0.8449,1,29.0
2026-07-08,73000,2026-07-09,call,regular,912,0.844,1,26.0
2026-07-08,73125,2026-07-09,call,regular,38,0.847,1,24.0
2026-07-08,73250,2026-07-09,call,regular,14,0.8372,1,20.0
2026-07-08,73375,2026-07-09,call,regular,9,0.8235,1,16.0
2026-07-08,73500,2026-07-09,call,regular,524,0.8363,1,16.0
2026-07-08,73625,2026-07-09,call,regular,21,0.8336,1,14.0
2026-07-08,73750,2026-07-09,call,regular,33,0.8377,1,13.0
2026-07-08,73875,2026-07-09,call,regular,3,0.8317,1,11.0
2026-07-08,74000,2026-07-09,call,regular,661,0.8336,1,10.0
2026-07-08,74125,2026-07-09,call,regular,14,0.8345,1,9.0
2026-07-08,74250,2026-07-09,call,regular,22,0.8211,1,7.0
2026-07-08,74375,2026-07-09,call,regular,1,0.8326,1,7.0
2026-07-08,74500,2026-07-09,call,regular,190,0.8291,1,6.0
2026-07-08,74625,2026-07-09,call,regular,8,0.8234,1,5.0
2026-07-08,74750,2026-07-09,call,regular,24,0.8344,1,5.0
2026-07-08,74875,2026-07-09,call,regular,51,0.8254,1,4.0
2026-07-08,75000,2026-07-09,call,regular,3140,0.8361,1,4.0
2026-07-08,75125,2026-07-09,call,regular,24,0.8468,1,4.0
2026-07-08,75250,2026-07-09,call,regular,42,0.8326,1,3.0
2026-07-08,75375,2026-07-09,call,regular,18,0.8429,1,3.0
2026-07-08,75500,2026-07-09,call,regular,920,0.8533,1,3.0
2026-07-08,76000,2026-07-09,call,regular,1627,0.8603,1,2.0
2026-07-08,76500,2026-07-09,call,regular,236,0.8997,1,2.0
2026-07-08,77000,2026-07-09,call,regular,651,0.8835,1,1.0
2026-07-08,77500,2026-07-09,call,regular,78,0.9202,1,1.0
2026-07-08,78000,2026-07-09,call,regular,1049,0.9565,1,1.0
2026-07-08,78500,2026-07-09,call,regular,123,0.9924,1,1.0
2026-07-08,79000,2026-07-09,call,regular,679,1.028,1,1.0
2026-07-08,79500,2026-07-09,call,regular,121,1.0633,1,1.0
2026-07-08,80000,2026-07-09,call,regular,4019,1.0983,1,1.0
2026-07-08,80500,2026-07-09,call,regular,133,1.1329,1,1.0
2026-07-08,81000,2026-07-09,call,regular,383,1.1672,1,1.0
2026-07-08,81500,2026-07-09,call,regular,175,1.2012,1,1.0
2026-07-08,82000,2026-07-09,call,regular,370,1.2349,1,1.0
2026-07-08,82500,2026-07-09,call,regular,590,1.2684,1,1.0
2026-07-08,83000,2026-07-09,call,regular,235,1.3015,1,1.0
2026-07-08,83500,2026-07-09,call,regular,149,1.3344,1,1.0
2026-07-08,84000,2026-07-09,call,regular,294,1.367,1,1.0
2026-07-08,84500,2026-07-09,call,regular,26,1.3994,1,1.0
2026-07-08,85000,2026-07-09,call,regular,1293,1.4315,1,1.0
2026-07-08,85750,2026-07-09,call,regular,556,1.4791,1,1.0
2026-07-08,87500,2026-07-09,call,regular,148,1.5882,1,1.0
2026-07-08,88000,2026-07-09,call,regular,250,1.6189,1,1.0
2026-07-08,90000,2026-07-09,call,regular,1722,1.7392,1,1.0
2026-07-08,92000,2026-07-09,call,regular,199,1.8562,1,1.0
2026-07-08,94000,2026-07-09,call,regular,293,1.97,1,1.0
2026-07-08,95000,2026-07-09,call,regular,282,2.0257,1,1.0
2026-07-08,100000,2026-07-09,call,regular,48,2.294,1,1.0
2026-07-08,42750,2026-08-13,call,regular,27,1.3308,36,25680.0
2026-07-08,49000,2026-08-13,call,regular,27,1.0342,36,19495.0
2026-07-08,56000,2026-08-13,call,regular,1,0.7542,36,12730.0
2026-07-08,58000,2026-08-13,call,regular,850,0.6842,36,10865.0
2026-07-08,59500,2026-08-13,call,regular,20,0.6362,36,9510.0
2026-07-08,59750,2026-08-13,call,regular,50,0.6281,36,9285.0
2026-07-08,60000,2026-08-13,call,regular,225,0.6213,36,9070.0
2026-07-08,60500,2026-08-13,call,regular,120,0.6053,36,8625.0
2026-07-08,61000,2026-08-13,call,regular,402,0.5924,36,8205.0
2026-07-08,61500,2026-08-13,call,regular,200,0.5776,36,7775.0
2026-07-08,62000,2026-08-13,call,regular,104,0.5643,36,7360.0
2026-07-08,62500,2026-08-13,call,regular,15,0.5518,36,6955.0
2026-07-08,63000,2026-08-13,call,regular,2130,0.5386,36,6550.0
2026-07-08,63375,2026-08-13,call,regular,5,0.5307,36,6265.0
2026-07-08,63625,2026-08-13,call,regular,5,0.5246,36,6070.0
2026-07-08,63750,2026-08-13,call,regular,5,0.5224,36,5980.0
2026-07-08,63875,2026-08-13,call,regular,10,0.5189,36,5880.0
2026-07-08,64000,2026-08-13,call,regular,425,0.516,36,5785.0
2026-07-08,64125,2026-08-13,call,regular,30,0.5136,36,5695.0
2026-07-08,64250,2026-08-13,call,regular,20,0.5099,36,5595.0
2026-07-08,64375,2026-08-13,call,regular,20,0.5081,36,5510.0
2026-07-08,64500,2026-08-13,call,regular,11,0.5062,36,5425.0
2026-07-08,64625,2026-08-13,call,regular,15,0.5036,36,5335.0
2026-07-08,64750,2026-08-13,call,regular,10,0.5016,36,5250.0
2026-07-08,64875,2026-08-13,call,regular,15,0.4983,36,5155.0
2026-07-08,65000,2026-08-13,call,regular,795,0.4949,36,5060.0
2026-07-08,65125,2026-08-13,call,regular,15,0.4934,36,4980.0
2026-07-08,65250,2026-08-13,call,regular,15,0.4911,36,4895.0
2026-07-08,65375,2026-08-13,call,regular,20,0.4888,36,4810.0
2026-07-08,65500,2026-08-13,call,regular,20,0.4858,36,4720.0
2026-07-08,65625,2026-08-13,call,regular,10,0.4834,36,4635.0
2026-07-08,65750,2026-08-13,call,regular,455,0.4821,36,4560.0
2026-07-08,66000,2026-08-13,call,regular,110,0.4762,36,4385.0
2026-07-08,66250,2026-08-13,call,regular,2,0.472,36,4225.0
2026-07-08,66375,2026-08-13,call,regular,2,0.4703,36,4150.0
2026-07-08,66500,2026-08-13,call,regular,3,0.4686,36,4075.0
2026-07-08,67000,2026-08-13,call,regular,277,0.4593,36,3760.0
2026-07-08,67250,2026-08-13,call,regular,5,0.4551,36,3610.0
2026-07-08,67625,2026-08-13,call,regular,2,0.4494,36,3395.0
2026-07-08,68000,2026-08-13,call,regular,309,0.4442,36,3190.0
2026-07-08,68250,2026-08-13,call,regular,25,0.4399,36,3050.0
2026-07-08,68500,2026-08-13,call,regular,1,0.4353,36,2910.0
2026-07-08,69000,2026-08-13,call,regular,416,0.4293,36,2665.0
2026-07-08,69125,2026-08-13,call,regular,10,0.4272,36,2600.0
2026-07-08,69375,2026-08-13,call,regular,1,0.4238,36,2480.0
2026-07-08,69500,2026-08-13,call,regular,141,0.4226,36,2425.0
2026-07-08,69750,2026-08-13,call,regular,1,0.4181,36,2300.0
2026-07-08,70000,2026-08-13,call,regular,1498,0.4163,36,2200.0
2026-07-08,70375,2026-08-13,call,regular,26,0.4117,36,2040.0
2026-07-08,70500,2026-08-13,call,regular,2,0.4091,36,1980.0
2026-07-08,70750,2026-08-13,call,regular,1,0.4069,36,1885.0
2026-07-08,71000,2026-08-13,call,regular,363,0.4056,36,1800.0
2026-07-08,71500,2026-08-13,call,regular,6,0.3999,36,1615.0
2026-07-08,71750,2026-08-13,call,regular,15,0.3982,36,1535.0
2026-07-08,72000,2026-08-13,call,regular,338,0.3954,36,1450.0
2026-07-08,72125,2026-08-13,call,regular,15,0.3949,36,1415.0
2026-07-08,72250,2026-08-13,call,regular,2,0.3929,36,1370.0
2026-07-08,72500,2026-08-13,call,regular,627,0.3908,36,1295.0
2026-07-08,72750,2026-08-13,call,regular,2,0.3889,36,1225.0
2026-07-08,73000,2026-08-13,call,regular,138,0.3875,36,1160.0
2026-07-08,73500,2026-08-13,call,regular,301,0.385,36,1040.0
2026-07-08,74000,2026-08-13,call,regular,418,0.3817,36,925.0
2026-07-08,74375,2026-08-13,call,regular,20,0.3794,36,845.0
2026-07-08,74500,2026-08-13,call,regular,309,0.3778,36,815.0
2026-07-08,74875,2026-08-13,call,regular,13,0.3769,36,750.0
2026-07-08,75000,2026-08-13,call,regular,1499,0.3776,36,735.0
2026-07-08,75125,2026-08-13,call,regular,16,0.3727,36,690.0
2026-07-08,75500,2026-08-13,call,regular,151,0.3751,36,650.0
2026-07-08,76000,2026-08-13,call,regular,413,0.3721,36,570.0
2026-07-08,76500,2026-08-13,call,regular,52,0.3708,36,505.0
2026-07-08,77000,2026-08-13,call,regular,711,0.3692,36,445.0
2026-07-08,77500,2026-08-13,call,regular,848,0.3673,36,390.0
2026-07-08,78000,2026-08-13,call,regular,390,0.3653,36,340.0
2026-07-08,78500,2026-08-13,call,regular,7,0.3635,36,296.0
2026-07-08,79000,2026-08-13,call,regular,48,0.3621,36,258.0
2026-07-08,79500,2026-08-13,call,regular,7,0.3607,36,224.0
2026-07-08,80000,2026-08-13,call,regular,1008,0.3601,36,196.0
2026-07-08,80500,2026-08-13,call,regular,9,0.359,36,170.0
2026-07-08,81000,2026-08-13,call,regular,82,0.357,36,145.0
2026-07-08,81500,2026-08-13,call,regular,3,0.3575,36,128.0
2026-07-08,82000,2026-08-13,call,regular,867,0.3553,36,108.0
2026-07-08,82500,2026-08-13,call,regular,18,0.3577,36,98.0
2026-07-08,83000,2026-08-13,call,regular,153,0.358,36,86.0
2026-07-08,83500,2026-08-13,call,regular,3,0.3566,36,73.0
2026-07-08,84000,2026-08-13,call,regular,38,0.3545,36,61.0
2026-07-08,84500,2026-08-13,call,regular,3,0.3575,36,56.0
2026-07-08,85000,2026-08-13,call,regular,891,0.36,36,51.0
2026-07-08,85750,2026-08-13,call,regular,15,0.3574,36,39.0
2026-07-08,87500,2026-08-13,call,regular,98,0.3589,36,24.0
2026-07-08,88000,2026-08-13,call,regular,162,0.3596,36,21.0
2026-07-08,90000,2026-08-13,call,regular,435,0.3616,36,12.0
2026-07-08,92000,2026-08-13,call,regular,78,0.3693,36,8.0
2026-07-08,94000,2026-08-13,call,regular,12,0.3743,36,5.0
2026-07-08,95000,2026-08-13,call,regular,56,0.3771,36,4.0
2026-07-08,96000,2026-08-13,call,regular,11,0.3872,36,4.0
2026-07-08,98000,2026-08-13,call,regular,32,0.3843,36,2.0
2026-07-08,100000,2026-08-13,call,regular,67,0.4026,36,2.0
2026-07-08,30000,2026-09-10,call,regular,3750,1.5738,64,38370.0
2026-07-08,37000,2026-09-10,call,regular,1,1.2389,64,31425.0
2026-07-08,42000,2026-09-10,call,regular,101,1.0398,64,26490.0
2026-07-08,42500,2026-09-10,call,regular,1,1.0227,64,26005.0
2026-07-08,43000,2026-09-10,call,regular,100,1.0047,64,25515.0
2026-07-08,43500,2026-09-10,call,regular,57,0.9878,64,25030.0
2026-07-08,45000,2026-09-10,call,regular,41,0.935,64,23560.0
2026-07-08,48000,2026-09-10,call,regular,400,0.8367,64,20645.0
2026-07-08,48500,2026-09-10,call,regular,240,0.8208,64,20160.0
2026-07-08,49000,2026-09-10,call,regular,200,0.804,64,19670.0
2026-07-08,50000,2026-09-10,call,regular,4650,0.7747,64,18715.0
2026-07-08,50500,2026-09-10,call,regular,50,0.762,64,18250.0
2026-07-08,51000,2026-09-10,call,regular,141,0.7469,64,17770.0
2026-07-08,51250,2026-09-10,call,regular,210,0.7394,64,17530.0
2026-07-08,52000,2026-09-10,call,regular,350,0.719,64,16825.0
2026-07-08,53000,2026-09-10,call,regular,1100,0.691,64,15880.0
2026-07-08,53500,2026-09-10,call,regular,400,0.6793,64,15425.0
2026-07-08,53750,2026-09-10,call,regular,150,0.6696,64,15170.0
2026-07-08,54000,2026-09-10,call,regular,1056,0.6647,64,14950.0
2026-07-08,54250,2026-09-10,call,regular,50,0.6571,64,14710.0
2026-07-08,54500,2026-09-10,call,regular,200,0.6508,64,14480.0
2026-07-08,54750,2026-09-10,call,regular,90,0.6439,64,14245.0
2026-07-08,55000,2026-09-10,call,regular,661,0.6395,64,14030.0
2026-07-08,56000,2026-09-10,call,regular,1250,0.615,64,13120.0
2026-07-08,56500,2026-09-10,call,regular,79,0.6019,64,12660.0
2026-07-08,57000,2026-09-10,call,regular,850,0.5935,64,12240.0
2026-07-08,57500,2026-09-10,call,regular,384,0.5776,64,11760.0
2026-07-08,58000,2026-09-10,call,regular,1101,0.5693,64,11345.0
2026-07-08,59000,2026-09-10,call,regular,1096,0.5466,64,10470.0
2026-07-08,60000,2026-09-10,call,regular,786,0.5266,64,9630.0
2026-07-08,60500,2026-09-10,call,regular,700,0.5166,64,9215.0
2026-07-08,60750,2026-09-10,call,regular,120,0.5118,64,9010.0
2026-07-08,61000,2026-09-10,call,regular,220,0.5068,64,8805.0
2026-07-08,61250,2026-09-10,call,regular,21,0.5028,64,8610.0
2026-07-08,61500,2026-09-10,call,regular,1,0.4982,64,8410.0
2026-07-08,62000,2026-09-10,call,regular,1300,0.4891,64,8015.0
2026-07-08,62500,2026-09-10,call,regular,500,0.4806,64,7630.0
2026-07-08,63000,2026-09-10,call,regular,950,0.472,64,7250.0
2026-07-08,63250,2026-09-10,call,regular,1,0.4681,64,7065.0
2026-07-08,64000,2026-09-10,call,regular,1210,0.4568,64,6525.0
2026-07-08,64250,2026-09-10,call,regular,100,0.4528,64,6345.0
2026-07-08,65000,2026-09-10,call,regular,3885,0.4421,64,5830.0
2026-07-08,65500,2026-09-10,call,regular,150,0.435,64,5495.0
2026-07-08,66000,2026-09-10,call,regular,1390,0.4291,64,5180.0
2026-07-08,66250,2026-09-10,call,regular,28,0.4256,64,5020.0
2026-07-08,67000,2026-09-10,call,regular,633,0.4161,64,4560.0
2026-07-08,67500,2026-09-10,call,regular,1125,0.4103,64,4270.0
2026-07-08,67750,2026-09-10,call,regular,23,0.4076,64,4130.0
2026-07-08,68000,2026-09-10,call,regular,783,0.4046,64,3990.0
2026-07-08,68500,2026-09-10,call,regular,101,0.3996,64,3725.0
2026-07-08,69000,2026-09-10,call,regular,496,0.3942,64,3465.0
2026-07-08,69500,2026-09-10,call,regular,1,0.3898,64,3225.0
2026-07-08,69625,2026-09-10,call,regular,3,0.389,64,3170.0
2026-07-08,69750,2026-09-10,call,regular,450,0.3877,64,3110.0
2026-07-08,70000,2026-09-10,call,regular,1842,0.3854,64,2995.0
2026-07-08,70250,2026-09-10,call,regular,1,0.3834,64,2885.0
2026-07-08,70500,2026-09-10,call,regular,3,0.3817,64,2780.0
2026-07-08,71000,2026-09-10,call,regular,1259,0.378,64,2575.0
2026-07-08,71625,2026-09-10,call,regular,2,0.3742,64,2340.0
2026-07-08,72000,2026-09-10,call,regular,1573,0.3713,64,2200.0
2026-07-08,72500,2026-09-10,call,regular,604,0.3684,64,2030.0
2026-07-08,72750,2026-09-10,call,regular,1,0.3666,64,1945.0
2026-07-08,73000,2026-09-10,call,regular,611,0.3651,64,1865.0
2026-07-08,73500,2026-09-10,call,regular,475,0.363,64,1720.0
2026-07-08,73625,2026-09-10,call,regular,2,0.362,64,1680.0
2026-07-08,74000,2026-09-10,call,regular,1540,0.3601,64,1575.0
2026-07-08,74500,2026-09-10,call,regular,1,0.3584,64,1450.0
2026-07-08,75000,2026-09-10,call,regular,2315,0.3559,64,1325.0
2026-07-08,75500,2026-09-10,call,regular,1,0.3542,64,1215.0
2026-07-08,76000,2026-09-10,call,regular,277,0.3523,64,1110.0
2026-07-08,76500,2026-09-10,call,regular,22,0.3508,64,1015.0
2026-07-08,77000,2026-09-10,call,regular,599,0.3478,64,915.0
2026-07-08,77500,2026-09-10,call,regular,961,0.3466,64,835.0
2026-07-08,78000,2026-09-10,call,regular,1451,0.3467,64,770.0
2026-07-08,78500,2026-09-10,call,regular,7,0.3455,64,700.0
2026-07-08,79000,2026-09-10,call,regular,2,0.3417,64,620.0
2026-07-08,79500,2026-09-10,call,regular,200,0.3403,64,560.0
2026-07-08,80000,2026-09-10,call,regular,761,0.3398,64,510.0
2026-07-08,80500,2026-09-10,call,regular,1,0.3386,64,460.0
2026-07-08,81000,2026-09-10,call,regular,2,0.3375,64,415.0
2026-07-08,83000,2026-09-10,call,regular,800,0.3351,64,276.0
2026-07-08,84000,2026-09-10,call,regular,751,0.3278,64,204.0
2026-07-08,85000,2026-09-10,call,regular,183,0.3342,64,184.0
2026-07-08,87500,2026-09-10,call,regular,2,0.3365,64,115.0
2026-07-08,90000,2026-09-10,call,regular,24,0.3378,64,70.0
2026-07-08,92000,2026-09-10,call,regular,2,0.3429,64,51.0
2026-07-08,94000,2026-09-10,call,regular,1,0.3463,64,36.0
2026-07-08,95000,2026-09-10,call,regular,3,0.3462,64,29.0
2026-07-08,98000,2026-09-10,call,regular,5,0.3485,64,16.0
2026-07-08,100000,2026-09-10,call,regular,10,0.3508,64,11.0
2026-07-08,47500,2026-10-08,call,regular,34,0.6826,92,20935.0
2026-07-08,53000,2026-10-08,call,regular,34,0.5689,92,15820.0
2026-07-08,60500,2026-10-08,call,regular,100,0.4486,92,9420.0
2026-07-08,61000,2026-10-08,call,regular,200,0.4414,92,9025.0
2026-07-08,62000,2026-10-08,call,regular,28,0.4289,92,8270.0
2026-07-08,63000,2026-10-08,call,regular,4,0.4185,92,7560.0
2026-07-08,64000,2026-10-08,call,regular,31,0.4106,92,6905.0
2026-07-08,65000,2026-10-08,call,regular,1,0.3993,92,6230.0
2026-07-08,69500,2026-10-08,call,regular,1,0.3597,92,3685.0
2026-07-08,70000,2026-10-08,call,regular,400,0.3563,92,3455.0
2026-07-08,70750,2026-10-08,call,regular,1,0.3524,92,3140.0
2026-07-08,74500,2026-10-08,call,regular,2,0.3369,92,1875.0
2026-07-08,75000,2026-10-08,call,regular,1883,0.3323,92,1710.0
2026-07-08,76000,2026-10-08,call,regular,300,0.3302,92,1480.0
2026-07-08,77000,2026-10-08,call,regular,988,0.3276,92,1270.0
2026-07-08,77500,2026-10-08,call,regular,1,0.3265,92,1175.0
2026-07-08,78000,2026-10-08,call,regular,1,0.3252,92,1085.0
2026-07-08,80000,2026-10-08,call,regular,7,0.3214,92,785.0
2026-07-08,81000,2026-10-08,call,regular,400,0.3205,92,670.0
2026-07-08,83000,2026-10-08,call,regular,4,0.3183,92,480.0
2026-07-08,83500,2026-10-08,call,regular,5,0.3177,92,440.0
2026-07-08,90000,2026-10-08,call,regular,3,0.3169,92,147.0
2026-07-08,95000,2026-10-08,call,regular,4,0.3197,92,64.0
2026-07-08,50250,2026-11-12,call,regular,35,0.5715,127,18730.0
2026-07-08,56000,2026-11-12,call,regular,34,0.4858,127,13695.0
2026-07-08,57500,2026-11-12,call,regular,100,0.4653,127,12440.0
2026-07-08,60500,2026-11-12,call,regular,100,0.4296,127,10075.0
2026-07-08,61000,2026-11-12,call,regular,200,0.4242,127,9700.0
2026-07-08,65000,2026-11-12,call,regular,10,0.393,127,7045.0
2026-07-08,66000,2026-11-12,call,regular,200,0.3838,127,6415.0
2026-07-08,70000,2026-11-12,call,regular,103,0.3532,127,4235.0
2026-07-08,71000,2026-11-12,call,regular,4,0.3483,127,3800.0
2026-07-08,72500,2026-11-12,call,regular,1,0.3424,127,3220.0
2026-07-08,74000,2026-11-12,call,regular,100,0.3369,127,2705.0
2026-07-08,75000,2026-11-12,call,regular,102,0.3329,127,2390.0
2026-07-08,95000,2026-11-12,call,regular,1,0.3142,127,164.0
2026-07-08,100000,2026-11-12,call,regular,1,0.3182,127,87.0
2026-07-08,12500,2026-12-10,call,regular,84,1.8473,155,55465.0
2026-07-08,20000,2026-12-10,call,regular,150,1.356,155,48020.0
2026-07-08,22000,2026-12-10,call,regular,100,1.2606,155,46035.0
2026-07-08,25000,2026-12-10,call,regular,300,1.136,155,43065.0
2026-07-08,26000,2026-12-10,call,regular,350,1.0992,155,42080.0
2026-07-08,27000,2026-12-10,call,regular,250,1.0626,155,41090.0
2026-07-08,28000,2026-12-10,call,regular,75,1.0286,155,40105.0
2026-07-08,28500,2026-12-10,call,regular,125,1.0114,155,39610.0
2026-07-08,29000,2026-12-10,call,regular,150,0.9957,155,39120.0
2026-07-08,30000,2026-12-10,call,regular,100,0.9639,155,38135.0
2026-07-08,30500,2026-12-10,call,regular,50,0.9489,155,37645.0
2026-07-08,31000,2026-12-10,call,regular,241,0.9341,155,37155.0
2026-07-08,31500,2026-12-10,call,regular,50,0.9196,155,36665.0
2026-07-08,32000,2026-12-10,call,regular,700,0.9052,155,36175.0
2026-07-08,32500,2026-12-10,call,regular,250,0.892,155,35690.0
2026-07-08,33000,2026-12-10,call,regular,1950,0.878,155,35200.0
2026-07-08,34000,2026-12-10,call,regular,280,0.8515,155,34225.0
2026-07-08,34500,2026-12-10,call,regular,400,0.8389,155,33740.0
2026-07-08,35000,2026-12-10,call,regular,435,0.8256,155,33250.0
2026-07-08,36000,2026-12-10,call,regular,975,0.8011,155,32280.0
2026-07-08,36500,2026-12-10,call,regular,252,0.789,155,31795.0
2026-07-08,37000,2026-12-10,call,regular,450,0.7778,155,31315.0
2026-07-08,37500,2026-12-10,call,regular,88,0.766,155,30830.0
2026-07-08,37750,2026-12-10,call,regular,100,0.7605,155,30590.0
2026-07-08,38000,2026-12-10,call,regular,1225,0.755,155,30350.0
2026-07-08,38500,2026-12-10,call,regular,700,0.7441,155,29870.0
2026-07-08,38750,2026-12-10,call,regular,50,0.7387,155,29630.0
2026-07-08,39000,2026-12-10,call,regular,750,0.7333,155,29390.0
2026-07-08,39500,2026-12-10,call,regular,500,0.7225,155,28910.0
2026-07-08,40000,2026-12-10,call,regular,1200,0.7125,155,28435.0
2026-07-08,40500,2026-12-10,call,regular,400,0.7019,155,27955.0
2026-07-08,41000,2026-12-10,call,regular,1300,0.6927,155,27485.0
2026-07-08,41500,2026-12-10,call,regular,100,0.6835,155,27015.0
2026-07-08,42000,2026-12-10,call,regular,1071,0.6749,155,26550.0
2026-07-08,42500,2026-12-10,call,regular,250,0.6676,155,26095.0
2026-07-08,43000,2026-12-10,call,regular,1400,0.659,155,25630.0
2026-07-08,43750,2026-12-10,call,regular,100,0.6451,155,24925.0
2026-07-08,44000,2026-12-10,call,regular,600,0.6411,155,24695.0
2026-07-08,45000,2026-12-10,call,regular,1842,0.6238,155,23765.0
2026-07-08,45250,2026-12-10,call,regular,413,0.6169,155,23510.0
2026-07-08,45500,2026-12-10,call,regular,200,0.6128,155,23280.0
2026-07-08,46000,2026-12-10,call,regular,2300,0.6036,155,22810.0
2026-07-08,46250,2026-12-10,call,regular,315,0.6001,155,22585.0
2026-07-08,47000,2026-12-10,call,regular,350,0.5889,155,21905.0
2026-07-08,47500,2026-12-10,call,regular,200,0.5791,155,21430.0
2026-07-08,48000,2026-12-10,call,regular,750,0.5724,155,20985.0
2026-07-08,49000,2026-12-10,call,regular,1000,0.5557,155,20065.0
2026-07-08,49500,2026-12-10,call,regular,260,0.5483,155,19615.0
2026-07-08,50000,2026-12-10,call,regular,3342,0.5399,155,19155.0
2026-07-08,50250,2026-12-10,call,regular,58,0.5351,155,18920.0
2026-07-08,50500,2026-12-10,call,regular,600,0.5314,155,18695.0
2026-07-08,50750,2026-12-10,call,regular,45,0.528,155,18475.0
2026-07-08,51000,2026-12-10,call,regular,731,0.5242,155,18250.0
2026-07-08,52000,2026-12-10,call,regular,802,0.5114,155,17380.0
2026-07-08,52250,2026-12-10,call,regular,250,0.507,155,17150.0
2026-07-08,52500,2026-12-10,call,regular,50,0.5039,155,16935.0
2026-07-08,53000,2026-12-10,call,regular,1135,0.498,155,16510.0
2026-07-08,53500,2026-12-10,call,regular,106,0.4908,155,16070.0
2026-07-08,54000,2026-12-10,call,regular,1941,0.4854,155,15655.0
2026-07-08,54500,2026-12-10,call,regular,540,0.4779,155,15215.0
2026-07-08,55000,2026-12-10,call,regular,1829,0.4727,155,14805.0
2026-07-08,55500,2026-12-10,call,regular,300,0.4661,155,14380.0
2026-07-08,56000,2026-12-10,call,regular,791,0.4605,155,13970.0
2026-07-08,56500,2026-12-10,call,regular,283,0.4544,155,13555.0
2026-07-08,57000,2026-12-10,call,regular,500,0.4495,155,13160.0
2026-07-08,57250,2026-12-10,call,regular,113,0.4461,155,12950.0
2026-07-08,57500,2026-12-10,call,regular,90,0.4441,155,12760.0
2026-07-08,58000,2026-12-10,call,regular,2603,0.4381,155,12355.0
2026-07-08,58500,2026-12-10,call,regular,350,0.4333,155,11970.0
2026-07-08,59000,2026-12-10,call,regular,1900,0.4277,155,11575.0
2026-07-08,59500,2026-12-10,call,regular,100,0.4231,155,11200.0
2026-07-08,60000,2026-12-10,call,regular,7846,0.418,155,10820.0
2026-07-08,60500,2026-12-10,call,regular,2,0.4127,155,10440.0
2026-07-08,61000,2026-12-10,call,regular,813,0.4084,155,10080.0
2026-07-08,62000,2026-12-10,call,regular,1350,0.3994,155,9365.0
2026-07-08,62500,2026-12-10,call,regular,385,0.3952,155,9020.0
2026-07-08,63000,2026-12-10,call,regular,1590,0.3914,155,8685.0
2026-07-08,63750,2026-12-10,call,regular,25,0.3856,155,8190.0
2026-07-08,64000,2026-12-10,call,regular,1855,0.3845,155,8040.0
2026-07-08,65000,2026-12-10,call,regular,3226,0.381,155,7475.0
2026-07-08,65500,2026-12-10,call,regular,584,0.3792,155,7200.0
2026-07-08,66000,2026-12-10,call,regular,620,0.3745,155,6880.0
2026-07-08,67000,2026-12-10,call,regular,677,0.3684,155,6315.0
2026-07-08,67250,2026-12-10,call,regular,25,0.3667,155,6175.0
2026-07-08,67500,2026-12-10,call,regular,25,0.3653,155,6040.0
2026-07-08,68000,2026-12-10,call,regular,2808,0.3627,155,5780.0
2026-07-08,69000,2026-12-10,call,regular,771,0.3524,155,5190.0
2026-07-08,69250,2026-12-10,call,regular,50,0.3512,155,5070.0
2026-07-08,69750,2026-12-10,call,regular,158,0.3489,155,4835.0
2026-07-08,70000,2026-12-10,call,regular,2939,0.3477,155,4720.0
2026-07-08,71000,2026-12-10,call,regular,30,0.3433,155,4280.0
2026-07-08,72000,2026-12-10,call,regular,329,0.3397,155,3880.0
2026-07-08,72500,2026-12-10,call,regular,2403,0.3377,155,3685.0
2026-07-08,73000,2026-12-10,call,regular,25,0.3359,155,3500.0
2026-07-08,73500,2026-12-10,call,regular,400,0.334,155,3320.0
2026-07-08,74000,2026-12-10,call,regular,630,0.3327,155,3155.0
2026-07-08,75000,2026-12-10,call,regular,2592,0.33,155,2840.0
2026-07-08,76000,2026-12-10,call,regular,100,0.33,155,2590.0
2026-07-08,77000,2026-12-10,call,regular,159,0.3274,155,2320.0
2026-07-08,77500,2026-12-10,call,regular,1301,0.3262,155,2195.0
2026-07-08,78000,2026-12-10,call,regular,3,0.3251,155,2075.0
2026-07-08,79000,2026-12-10,call,regular,4,0.3232,155,1855.0
2026-07-08,80000,2026-12-10,call,regular,6796,0.3195,155,1630.0
2026-07-08,81000,2026-12-10,call,regular,50,0.3198,155,1475.0
2026-07-08,82500,2026-12-10,call,regular,1,0.3179,155,1240.0
2026-07-08,84000,2026-12-10,call,regular,101,0.3159,155,1035.0
2026-07-08,85000,2026-12-10,call,regular,426,0.3105,155,875.0
2026-07-08,87500,2026-12-10,call,regular,1424,0.309,155,645.0
2026-07-08,90000,2026-12-10,call,regular,1927,0.3089,155,480.0
2026-07-08,95000,2026-12-10,call,regular,1062,0.3073,155,254.0
2026-07-08,100000,2026-12-10,call,regular,601,0.3079,155,136.0
2026-07-08,54250,2027-01-07,call,regular,27,0.4659,183,15745.0
2026-07-08,61000,2027-01-07,call,regular,26,0.4003,183,10495.0
2026-07-08,56000,2027-02-10,call,regular,8,0.4332,217,14675.0
2026-07-08,56750,2027-02-10,call,regular,60,0.426,217,14080.0
2026-07-08,64000,2027-02-10,call,regular,60,0.3704,217,8940.0
2026-07-08,66000,2027-02-10,call,regular,8,0.359,217,7745.0
2026-07-08,52000,2027-03-11,call,regular,560,0.4601,246,18190.0
2026-07-08,52750,2027-03-11,call,regular,8,0.4525,246,17565.0
2026-07-08,53000,2027-03-11,call,regular,275,0.4499,246,17355.0
2026-07-08,53500,2027-03-11,call,regular,200,0.4454,246,16950.0
2026-07-08,53750,2027-03-11,call,regular,44,0.4429,246,16745.0
2026-07-08,54000,2027-03-11,call,regular,267,0.4417,246,16560.0
2026-07-08,55000,2027-03-11,call,regular,550,0.4324,246,15755.0
2026-07-08,56000,2027-03-11,call,regular,50,0.4235,246,14965.0
2026-07-08,57000,2027-03-11,call,regular,365,0.4149,246,14190.0
2026-07-08,58000,2027-03-11,call,regular,150,0.4069,246,13435.0
2026-07-08,59500,2027-03-11,call,regular,200,0.3949,246,12325.0
2026-07-08,60000,2027-03-11,call,regular,12,0.3918,246,11980.0
2026-07-08,60250,2027-03-11,call,regular,44,0.3893,246,11790.0
2026-07-08,61000,2027-03-11,call,regular,160,0.3845,246,11275.0
2026-07-08,62500,2027-03-11,call,regular,8,0.3742,246,10260.0
2026-07-08,63000,2027-03-11,call,regular,292,0.3718,246,9950.0
2026-07-08,64250,2027-03-11,call,regular,100,0.3637,246,9150.0
2026-07-08,65000,2027-03-11,call,regular,301,0.3604,246,8715.0
2026-07-08,66500,2027-03-11,call,regular,6,0.3525,246,7850.0
2026-07-08,67000,2027-03-11,call,regular,200,0.3508,246,7590.0
2026-07-08,69000,2027-03-11,call,regular,250,0.3423,246,6565.0
2026-07-08,70000,2027-03-11,call,regular,210,0.3386,246,6095.0
2026-07-08,72000,2027-03-11,call,regular,100,0.3325,246,5240.0
2026-07-08,72500,2027-03-11,call,regular,35,0.3304,246,5025.0
2026-07-08,75000,2027-03-11,call,regular,150,0.3236,246,4110.0
2026-07-08,77500,2027-03-11,call,regular,60,0.318,246,3335.0
2026-07-08,80000,2027-03-11,call,regular,200,0.3141,246,2700.0
2026-07-08,82500,2027-03-11,call,regular,36,0.31,246,2160.0
2026-07-08,90000,2027-03-11,call,regular,56,0.3048,246,1110.0
2026-07-08,100000,2027-03-11,call,regular,78,0.3044,246,460.0
2026-07-08,57000,2027-04-08,call,regular,25,0.3903,274,14140.0
2026-07-08,57750,2027-04-08,call,regular,88,0.3851,274,13580.0
2026-07-08,65000,2027-04-08,call,regular,88,0.3445,274,8785.0
2026-07-08,67000,2027-04-08,call,regular,25,0.3366,274,7690.0
2026-07-08,60250,2027-05-13,call,regular,8,0.3645,309,12170.0
2026-07-08,61250,2027-05-13,call,regular,23,0.359,309,11500.0
2026-07-08,71000,2027-05-13,call,regular,23,0.3228,309,6235.0
2026-07-08,72000,2027-05-13,call,regular,8,0.3216,309,5850.0
2026-07-08,16250,2027-06-10,call,regular,114,1.0045,337,51510.0
2026-07-08,30000,2027-06-10,call,regular,300,0.6616,337,38205.0
2026-07-08,33000,2027-06-10,call,regular,50,0.6066,337,35305.0
2026-07-08,36000,2027-06-10,call,regular,150,0.5655,337,32500.0
2026-07-08,37000,2027-06-10,call,regular,50,0.553,337,31575.0
2026-07-08,37250,2027-06-10,call,regular,480,0.55,337,31345.0
2026-07-08,38500,2027-06-10,call,regular,140,0.5354,337,30200.0
2026-07-08,39000,2027-06-10,call,regular,50,0.5293,337,29740.0
2026-07-08,44500,2027-06-10,call,regular,300,0.4741,337,24840.0
2026-07-08,50000,2027-06-10,call,regular,300,0.4308,337,20225.0
2026-07-08,50500,2027-06-10,call,regular,175,0.4269,337,19815.0
2026-07-08,53000,2027-06-10,call,regular,100,0.407,337,17785.0
2026-07-08,54000,2027-06-10,call,regular,1050,0.4004,337,17010.0
2026-07-08,55000,2027-06-10,call,regular,300,0.3935,337,16240.0
2026-07-08,56000,2027-06-10,call,regular,175,0.3871,337,15490.0
2026-07-08,57000,2027-06-10,call,regular,50,0.3807,337,14750.0
2026-07-08,58500,2027-06-10,call,regular,58,0.3711,337,13660.0
2026-07-08,60000,2027-06-10,call,regular,850,0.3635,337,12640.0
2026-07-08,62500,2027-06-10,call,regular,150,0.3501,337,10995.0
2026-07-08,63000,2027-06-10,call,regular,100,0.3484,337,10700.0
2026-07-08,64000,2027-06-10,call,regular,200,0.3449,337,10120.0
2026-07-08,65000,2027-06-10,call,regular,124,0.3414,337,9555.0
2026-07-08,65500,2027-06-10,call,regular,62,0.3393,337,9270.0
2026-07-08,67000,2027-06-10,call,regular,370,0.3339,337,8465.0
2026-07-08,68000,2027-06-10,call,regular,300,0.3308,337,7960.0
2026-07-08,68250,2027-06-10,call,regular,15,0.3299,337,7835.0
2026-07-08,69250,2027-06-10,call,regular,36,0.3265,337,7345.0
2026-07-08,70000,2027-06-10,call,regular,550,0.3238,337,6985.0
2026-07-08,71000,2027-06-10,call,regular,100,0.321,337,6540.0
2026-07-08,75000,2027-06-10,call,regular,500,0.3119,337,4990.0
2026-07-08,77500,2027-06-10,call,regular,36,0.3074,337,4185.0
2026-07-08,80000,2027-06-10,call,regular,15,0.3047,337,3520.0
2026-07-08,85000,2027-06-10,call,regular,550,0.2994,337,2440.0
2026-07-08,90000,2027-06-10,call,regular,100,0.2962,337,1680.0
2026-07-08,65000,2027-09-09,call,regular,1,0.3338,428,10425.0
2026-07-08,28000,2027-12-09,call,regular,50,0.5426,519,39970.0
2026-07-08,30000,2027-12-09,call,regular,225,0.5206,519,38105.0
2026-07-08,31500,2027-12-09,call,regular,50,0.505,519,36715.0
2026-07-08,32000,2027-12-09,call,regular,100,0.5007,519,36260.0
2026-07-08,33000,2027-12-09,call,regular,100,0.4909,519,35340.0
2026-07-08,34000,2027-12-09,call,regular,375,0.482,519,34430.0
2026-07-08,35000,2027-12-09,call,regular,201,0.4734,519,33525.0
2026-07-08,36000,2027-12-09,call,regular,80,0.465,519,32625.0
2026-07-08,36750,2027-12-09,call,regular,442,0.4594,519,31960.0
2026-07-08,37000,2027-12-09,call,regular,200,0.4573,519,31735.0
2026-07-08,38000,2027-12-09,call,regular,575,0.4501,519,30855.0
2026-07-08,39000,2027-12-09,call,regular,125,0.4427,519,29975.0
2026-07-08,39250,2027-12-09,call,regular,50,0.4411,519,29760.0
2026-07-08,39500,2027-12-09,call,regular,50,0.4392,519,29540.0
2026-07-08,40000,2027-12-09,call,regular,350,0.436,519,29110.0
2026-07-08,40500,2027-12-09,call,regular,450,0.4324,519,28675.0
2026-07-08,41000,2027-12-09,call,regular,375,0.4294,519,28250.0
2026-07-08,42000,2027-12-09,call,regular,200,0.4228,519,27395.0
2026-07-08,43000,2027-12-09,call,regular,400,0.4169,519,26555.0
2026-07-08,43500,2027-12-09,call,regular,150,0.4138,519,26135.0
2026-07-08,45000,2027-12-09,call,regular,1950,0.4051,519,24895.0
2026-07-08,46000,2027-12-09,call,regular,500,0.3993,519,24075.0
2026-07-08,48000,2027-12-09,call,regular,225,0.3887,519,22475.0
2026-07-08,49000,2027-12-09,call,regular,700,0.3836,519,21690.0
2026-07-08,50000,2027-12-09,call,regular,1950,0.3788,519,20920.0
2026-07-08,51000,2027-12-09,call,regular,300,0.3741,519,20160.0
2026-07-08,52500,2027-12-09,call,regular,100,0.3671,519,19040.0
2026-07-08,54000,2027-12-09,call,regular,300,0.3607,519,17955.0
2026-07-08,54500,2027-12-09,call,regular,100,0.3585,519,17595.0
2026-07-08,55000,2027-12-09,call,regular,704,0.3565,519,17245.0
2026-07-08,57000,2027-12-09,call,regular,250,0.3483,519,15865.0
2026-07-08,58000,2027-12-09,call,regular,500,0.3443,519,15195.0
2026-07-08,60000,2027-12-09,call,regular,1025,0.3371,519,13910.0
2026-07-08,61000,2027-12-09,call,regular,200,0.3336,519,13290.0
2026-07-08,63000,2027-12-09,call,regular,100,0.3274,519,12110.0
2026-07-08,63500,2027-12-09,call,regular,50,0.326,519,11830.0
2026-07-08,64000,2027-12-09,call,regular,780,0.3246,519,11550.0
2026-07-08,65000,2027-12-09,call,regular,100,0.3218,519,11005.0
2026-07-08,66000,2027-12-09,call,regular,200,0.3192,519,10480.0
2026-07-08,67000,2027-12-09,call,regular,100,0.3167,519,9970.0
2026-07-08,68000,2027-12-09,call,regular,200,0.3145,519,9485.0
2026-07-08,69000,2027-12-09,call,regular,850,0.3131,519,9040.0
2026-07-08,70000,2027-12-09,call,regular,500,0.3118,519,8615.0
2026-07-08,72500,2027-12-09,call,regular,100,0.3092,519,7630.0
2026-07-08,75000,2027-12-09,call,regular,175,0.306,519,6710.0
2026-07-08,80000,2027-12-09,call,regular,400,0.2957,519,5005.0
2026-07-08,87500,2027-12-09,call,regular,100,0.2907,519,3305.0
2026-07-08,41500,2028-06-08,call,regular,100,0.3955,701,28375.0
2026-07-08,28000,2028-12-07,call,regular,50,0.4447,883,40305.0
2026-07-08,30000,2028-12-07,call,regular,80,0.4332,883,38545.0
2026-07-08,31000,2028-12-07,call,regular,200,0.4288,883,37690.0
2026-07-08,32000,2028-12-07,call,regular,75,0.4251,883,36850.0
2026-07-08,33000,2028-12-07,call,regular,125,0.4216,883,36020.0
2026-07-08,34500,2028-12-07,call,regular,330,0.4164,883,34790.0
2026-07-08,34750,2028-12-07,call,regular,100,0.4157,883,34590.0
2026-07-08,35500,2028-12-07,call,regular,443,0.4135,883,33990.0
2026-07-08,36000,2028-12-07,call,regular,450,0.4119,883,33590.0
2026-07-08,36500,2028-12-07,call,regular,52,0.4104,883,33195.0
2026-07-08,38000,2028-12-07,call,regular,120,0.4062,883,32025.0
2026-07-08,39000,2028-12-07,call,regular,575,0.4012,883,31210.0
2026-07-08,40000,2028-12-07,call,regular,30,0.3967,883,30410.0
2026-07-08,41000,2028-12-07,call,regular,375,0.3919,883,29610.0
2026-07-08,42000,2028-12-07,call,regular,65,0.3873,883,28820.0
2026-07-08,42500,2028-12-07,call,regular,100,0.3851,883,28430.0
2026-07-08,50000,2028-12-07,call,regular,400,0.3548,883,22835.0
2026-07-08,53000,2028-12-07,call,regular,50,0.3444,883,20765.0
2026-07-08,55000,2028-12-07,call,regular,50,0.338,883,19445.0
2026-07-08,56000,2028-12-07,call,regular,650,0.3349,883,18800.0
2026-07-08,60000,2028-12-07,call,regular,250,0.3237,883,16365.0
2026-07-08,67500,2028-12-07,call,regular,100,0.3064,883,12375.0
2026-07-08,75000,2028-12-07,call,regular,80,0.2938,883,9180.0
2026-07-08,80000,2028-12-07,call,regular,200,0.2881,883,7490.0
2026-07-08,50000,2029-12-13,call,regular,100,0.3424,1254,24480.0
2026-07-08,60000,2029-12-13,call,regular,375,0.317,1254,18395.0
2026-07-08,57000,2030-12-12,call,regular,300,0.3041,1618,21035.0
2026-07-08,64000,2030-12-12,call,regular,3,0.2973,1618,17630.0
2026-07-08,52875,2026-07-10,put,mini,571,1.0052,2,1.0
2026-07-08,53000,2026-07-10,put,mini,254,0.9957,2,1.0
2026-07-08,53125,2026-07-10,put,mini,3,0.9863,2,1.0
2026-07-08,53250,2026-07-10,put,mini,5,0.9769,2,1.0
2026-07-08,53375,2026-07-10,put,mini,4,0.9676,2,1.0
2026-07-08,53500,2026-07-10,put,mini,20,0.9582,2,1.0
2026-07-08,53625,2026-07-10,put,mini,3,0.9489,2,1.0
2026-07-08,53750,2026-07-10,put,mini,10,0.9395,2,1.0
2026-07-08,53875,2026-07-10,put,mini,14,0.9302,2,1.0
2026-07-08,54000,2026-07-10,put,mini,451,0.9209,2,1.0
2026-07-08,54125,2026-07-10,put,mini,2,0.9668,2,2.0
2026-07-08,54250,2026-07-10,put,mini,14,0.9933,2,3.0
2026-07-08,54375,2026-07-10,put,mini,3,0.9832,2,3.0
2026-07-08,54500,2026-07-10,put,mini,116,0.9732,2,3.0
2026-07-08,54625,2026-07-10,put,mini,1,0.9632,2,3.0
2026-07-08,54750,2026-07-10,put,mini,60,0.9532,2,3.0
2026-07-08,54875,2026-07-10,put,mini,1,0.9432,2,3.0
2026-07-08,55000,2026-07-10,put,mini,173,0.9332,2,3.0
2026-07-08,55125,2026-07-10,put,mini,3,0.9233,2,3.0
2026-07-08,55250,2026-07-10,put,mini,9,0.9133,2,3.0
2026-07-08,55375,2026-07-10,put,mini,1,0.9034,2,3.0
2026-07-08,55500,2026-07-10,put,mini,20,0.8935,2,3.0
2026-07-08,55625,2026-07-10,put,mini,2,0.8836,2,3.0
2026-07-08,55750,2026-07-10,put,mini,1,0.8737,2,3.0
2026-07-08,55875,2026-07-10,put,mini,3,0.8639,2,3.0
2026-07-08,56000,2026-07-10,put,mini,106,0.854,2,3.0
2026-07-08,56125,2026-07-10,put,mini,6,0.8442,2,3.0
2026-07-08,56250,2026-07-10,put,mini,10,0.8344,2,3.0
2026-07-08,56375,2026-07-10,put,mini,1,0.8484,2,4.0
2026-07-08,56500,2026-07-10,put,mini,31,0.8384,2,4.0
2026-07-08,56625,2026-07-10,put,mini,4,0.8284,2,4.0
2026-07-08,56750,2026-07-10,put,mini,644,0.8183,2,4.0
2026-07-08,56875,2026-07-10,put,mini,3,0.8083,2,4.0
2026-07-08,57000,2026-07-10,put,mini,235,0.8171,2,5.0
2026-07-08,57125,2026-07-10,put,mini,6,0.807,2,5.0
2026-07-08,57250,2026-07-10,put,mini,21,0.7968,2,5.0
2026-07-08,57375,2026-07-10,put,mini,3,0.7867,2,5.0
2026-07-08,57500,2026-07-10,put,mini,71,0.7765,2,5.0
2026-07-08,57625,2026-07-10,put,mini,9,0.7664,2,5.0
2026-07-08,57750,2026-07-10,put,mini,10,0.7563,2,5.0
2026-07-08,57875,2026-07-10,put,mini,16,0.7462,2,5.0
2026-07-08,58000,2026-07-10,put,mini,358,0.7361,2,5.0
2026-07-08,58125,2026-07-10,put,mini,7,0.7407,2,6.0
2026-07-08,58250,2026-07-10,put,mini,8,0.7305,2,6.0
2026-07-08,58375,2026-07-10,put,mini,27,0.733,2,7.0
2026-07-08,58500,2026-07-10,put,mini,91,0.7226,2,7.0
2026-07-08,58625,2026-07-10,put,mini,16,0.7122,2,7.0
2026-07-08,58750,2026-07-10,put,mini,30,0.713,2,8.0
2026-07-08,58875,2026-07-10,put,mini,15,0.7025,2,8.0
2026-07-08,59000,2026-07-10,put,mini,334,0.692,2,8.0
2026-07-08,59125,2026-07-10,put,mini,22,0.6913,2,9.0
2026-07-08,59250,2026-07-10,put,mini,37,0.6808,2,9.0
2026-07-08,59375,2026-07-10,put,mini,9,0.6702,2,9.0
2026-07-08,59500,2026-07-10,put,mini,125,0.6683,2,10.0
2026-07-08,59625,2026-07-10,put,mini,4,0.6657,2,11.0
2026-07-08,59750,2026-07-10,put,mini,45,0.6549,2,11.0
2026-07-08,59875,2026-07-10,put,mini,14,0.6442,2,11.0
2026-07-08,60000,2026-07-10,put,mini,666,0.6334,2,11.0
2026-07-08,60125,2026-07-10,put,mini,11,0.6298,2,12.0
2026-07-08,60250,2026-07-10,put,mini,2,0.619,2,12.0
2026-07-08,60375,2026-07-10,put,mini,12,0.6147,2,13.0
2026-07-08,60500,2026-07-10,put,mini,56,0.6037,2,13.0
2026-07-08,60625,2026-07-10,put,mini,8,0.5989,2,14.0
2026-07-08,60750,2026-07-10,put,mini,12,0.5878,2,14.0
2026-07-08,60875,2026-07-10,put,mini,6,0.5768,2,14.0
2026-07-08,61000,2026-07-10,put,mini,367,0.5713,2,15.0
2026-07-08,61125,2026-07-10,put,mini,8,0.5704,2,17.0
2026-07-08,61250,2026-07-10,put,mini,7,0.5685,2,19.0
2026-07-08,61375,2026-07-10,put,mini,43,0.5656,2,21.0
2026-07-08,61500,2026-07-10,put,mini,124,0.562,2,23.0
2026-07-08,61625,2026-07-10,put,mini,10,0.5541,2,24.0
2026-07-08,61750,2026-07-10,put,mini,9,0.5459,2,25.0
2026-07-08,61875,2026-07-10,put,mini,21,0.5341,2,25.0
2026-07-08,62000,2026-07-10,put,mini,1206,0.5256,2,26.0
2026-07-08,62125,2026-07-10,put,mini,5,0.5263,2,30.0
2026-07-08,62250,2026-07-10,put,mini,27,0.5171,2,31.0
2026-07-08,62375,2026-07-10,put,mini,12,0.5133,2,34.0
2026-07-08,62500,2026-07-10,put,mini,320,0.5035,2,35.0
2026-07-08,62625,2026-07-10,put,mini,36,0.501,2,39.0
2026-07-08,62750,2026-07-10,put,mini,39,0.4908,2,40.0
2026-07-08,62875,2026-07-10,put,mini,22,0.4848,2,43.0
2026-07-08,63000,2026-07-10,put,mini,833,0.4762,2,45.0
2026-07-08,63125,2026-07-10,put,mini,4,0.479,2,53.0
2026-07-08,63250,2026-07-10,put,mini,24,0.4657,2,53.0
2026-07-08,63375,2026-07-10,put,mini,10,0.4523,2,53.0
2026-07-08,63500,2026-07-10,put,mini,195,0.4425,2,55.0
2026-07-08,63625,2026-07-10,put,mini,12,0.4469,2,66.0
2026-07-08,63750,2026-07-10,put,mini,51,0.4389,2,70.0
2026-07-08,63875,2026-07-10,put,mini,17,0.4347,2,77.0
2026-07-08,64000,2026-07-10,put,mini,677,0.4257,2,81.0
2026-07-08,64125,2026-07-10,put,mini,9,0.4212,2,89.0
2026-07-08,64250,2026-07-10,put,mini,72,0.4111,2,93.0
2026-07-08,64375,2026-07-10,put,mini,16,0.4095,2,105.0
2026-07-08,64500,2026-07-10,put,mini,349,0.3983,2,109.0
2026-07-08,64625,2026-07-10,put,mini,22,0.3877,2,114.0
2026-07-08,64750,2026-07-10,put,mini,247,0.3882,2,131.0
2026-07-08,64875,2026-07-10,put,mini,25,0.3771,2,137.0
2026-07-08,65000,2026-07-10,put,mini,932,0.3673,2,145.0
2026-07-08,65125,2026-07-10,put,mini,28,0.3634,2,161.0
2026-07-08,65250,2026-07-10,put,mini,25,0.3551,2,173.0
2026-07-08,65375,2026-07-10,put,mini,28,0.3482,2,188.0
2026-07-08,65500,2026-07-10,put,mini,209,0.338,2,200.0
2026-07-08,65625,2026-07-10,put,mini,5,0.3324,2,220.0
2026-07-08,65750,2026-07-10,put,mini,660,0.3241,2,238.0
2026-07-08,65875,2026-07-10,put,mini,17,0.3159,2,258.0
2026-07-08,66000,2026-07-10,put,mini,805,0.3058,2,277.0
2026-07-08,66125,2026-07-10,put,mini,8,0.2968,2,300.0
2026-07-08,66250,2026-07-10,put,mini,168,0.2874,2,325.0
2026-07-08,66375,2026-07-10,put,mini,29,0.2764,2,350.0
2026-07-08,66500,2026-07-10,put,mini,458,0.2611,2,370.0
2026-07-08,66625,2026-07-10,put,mini,5,0.2544,2,410.0
2026-07-08,66750,2026-07-10,put,mini,192,0.2276,2,415.0
2026-07-08,66875,2026-07-10,put,mini,51,0.2263,2,475.0
2026-07-08,67000,2026-07-10,put,mini,770,0.1989,2,490.0
2026-07-08,67125,2026-07-10,put,mini,37,0.1883,2,545.0
2026-07-08,67250,2026-07-10,put,mini,109,0.1614,2,580.0
2026-07-08,67375,2026-07-10,put,mini,73,0.1298,2,625.0
2026-07-08,67500,2026-07-10,put,mini,283,0.2,2,655.0
2026-07-08,67625,2026-07-10,put,mini,3,0.2,2,710.0
2026-07-08,67750,2026-07-10,put,mini,81,0.2,2,755.0
2026-07-08,67875,2026-07-10,put,mini,36,0.2,2,810.0
2026-07-08,68000,2026-07-10,put,mini,504,0.2,2,840.0
2026-07-08,68125,2026-07-10,put,mini,21,0.2,2,930.0
2026-07-08,68250,2026-07-10,put,mini,61,0.2,2,955.0
2026-07-08,68375,2026-07-10,put,mini,11,0.2,2,1030.0
2026-07-08,68500,2026-07-10,put,mini,296,0.2,2,1085.0
2026-07-08,68625,2026-07-10,put,mini,3,0.2,2,1150.0
2026-07-08,68750,2026-07-10,put,mini,45,0.2,2,1220.0
2026-07-08,68875,2026-07-10,put,mini,17,0.2,2,1295.0
2026-07-08,69000,2026-07-10,put,mini,410,0.2,2,1395.0
2026-07-08,69125,2026-07-10,put,mini,5,0.2,2,1445.0
2026-07-08,69250,2026-07-10,put,mini,130,0.2,2,1525.0
2026-07-08,69375,2026-07-10,put,mini,17,0.2,2,1605.0
2026-07-08,69500,2026-07-10,put,mini,604,0.2,2,1700.0
2026-07-08,69625,2026-07-10,put,mini,20,0.2,2,1775.0
2026-07-08,69750,2026-07-10,put,mini,94,0.2,2,1875.0
2026-07-08,69875,2026-07-10,put,mini,61,0.2,2,1955.0
2026-07-08,70000,2026-07-10,put,mini,411,0.2,2,2055.0
2026-07-08,70125,2026-07-10,put,mini,1,0.2,2,2140.0
2026-07-08,70250,2026-07-10,put,mini,70,0.2,2,2235.0
2026-07-08,70375,2026-07-10,put,mini,1,0.2,2,2335.0
2026-07-08,70500,2026-07-10,put,mini,95,0.2,2,2440.0
2026-07-08,70625,2026-07-10,put,mini,2,0.2,2,2540.0
2026-07-08,70750,2026-07-10,put,mini,67,0.2,2,2645.0
2026-07-08,70875,2026-07-10,put,mini,3,0.2,2,2750.0
2026-07-08,71000,2026-07-10,put,mini,128,0.2,2,2860.0
2026-07-08,71125,2026-07-10,put,mini,14,0.2,2,2965.0
2026-07-08,71250,2026-07-10,put,mini,155,0.2,2,3090.0
2026-07-08,71375,2026-07-10,put,mini,80,0.2,2,3190.0
2026-07-08,71500,2026-07-10,put,mini,47,0.2,2,3305.0
2026-07-08,71625,2026-07-10,put,mini,10,0.2,2,3420.0
2026-07-08,71750,2026-07-10,put,mini,14,0.2,2,3530.0
2026-07-08,71875,2026-07-10,put,mini,1,0.2,2,3650.0
2026-07-08,72000,2026-07-10,put,mini,169,0.2,2,3765.0
2026-07-08,72125,2026-07-10,put,mini,3885,0.2,2,3885.0
2026-07-08,72250,2026-07-10,put,mini,9,0.2,2,4000.0
2026-07-08,72375,2026-07-10,put,mini,13,0.2,2,4120.0
2026-07-08,72500,2026-07-10,put,mini,37,0.2,2,4240.0
2026-07-08,72625,2026-07-10,put,mini,4365,0.2,2,4365.0
2026-07-08,72750,2026-07-10,put,mini,2,0.2,2,4485.0
2026-07-08,72875,2026-07-10,put,mini,4605,0.2,2,4605.0
2026-07-08,73000,2026-07-10,put,mini,27,0.2,2,4730.0
2026-07-08,73125,2026-07-10,put,mini,4850,0.2,2,4850.0
2026-07-08,73250,2026-07-10,put,mini,2,0.2,2,4970.0
2026-07-08,73500,2026-07-10,put,mini,12,0.2,2,5220.0
2026-07-08,74000,2026-07-10,put,mini,40,0.2,2,5710.0
2026-07-08,74250,2026-07-10,put,mini,5960,0.2,2,5960.0
2026-07-08,74500,2026-07-10,put,mini,5,0.2,2,6210.0
2026-07-08,75000,2026-07-10,put,mini,5,0.2,2,6705.0
2026-07-08,75375,2026-07-10,put,mini,4,0.2,2,7080.0
2026-07-08,71250,2026-07-15,put,mini,2,0.2,7,3385.0
2026-07-08,72000,2026-07-15,put,mini,3995,0.2,7,3995.0
2026-07-08,72500,2026-07-15,put,mini,2,0.2,7,4415.0
2026-07-08,61000,2026-07-17,put,mini,372,0.3793,9,104.0
2026-07-08,61125,2026-07-17,put,mini,1,0.3765,9,109.0
2026-07-08,61250,2026-07-17,put,mini,44,0.3728,9,113.0
2026-07-08,61500,2026-07-17,put,mini,38,0.3677,9,125.0
2026-07-08,61750,2026-07-17,put,mini,12,0.3631,9,139.0
2026-07-08,62000,2026-07-17,put,mini,50,0.3563,9,151.0
2026-07-08,62125,2026-07-17,put,mini,2,0.3538,9,159.0
2026-07-08,62250,2026-07-17,put,mini,4,0.3505,9,166.0
2026-07-08,62500,2026-07-17,put,mini,86,0.346,9,185.0
2026-07-08,62625,2026-07-17,put,mini,50,0.3431,9,194.0
2026-07-08,62750,2026-07-17,put,mini,50,0.3404,9,204.0
2026-07-08,63000,2026-07-17,put,mini,78,0.3348,9,225.0
2026-07-08,63125,2026-07-17,put,mini,50,0.3319,9,236.0
2026-07-08,63250,2026-07-17,put,mini,50,0.33,9,250.0
2026-07-08,63500,2026-07-17,put,mini,126,0.324,9,275.0
2026-07-08,63625,2026-07-17,put,mini,1,0.3208,9,288.0
2026-07-08,63750,2026-07-17,put,mini,103,0.3169,9,300.0
2026-07-08,64000,2026-07-17,put,mini,152,0.3143,9,340.0
2026-07-08,64250,2026-07-17,put,mini,101,0.3068,9,370.0
2026-07-08,64375,2026-07-17,put,mini,50,0.3043,9,390.0
2026-07-08,64500,2026-07-17,put,mini,211,0.3015,9,410.0
2026-07-08,64750,2026-07-17,put,mini,52,0.2964,9,455.0
2026-07-08,64875,2026-07-17,put,mini,1,0.2925,9,475.0
2026-07-08,65000,2026-07-17,put,mini,219,0.2898,9,500.0
2026-07-08,65250,2026-07-17,put,mini,3,0.2833,9,550.0
2026-07-08,65500,2026-07-17,put,mini,9,0.278,9,610.0
2026-07-08,65750,2026-07-17,put,mini,5,0.2697,9,665.0
2026-07-08,65875,2026-07-17,put,mini,1,0.2682,9,705.0
2026-07-08,66000,2026-07-17,put,mini,23,0.2624,9,730.0
2026-07-08,66250,2026-07-17,put,mini,805,0.2558,9,805.0
2026-07-08,66500,2026-07-17,put,mini,22,0.246,9,875.0
2026-07-08,66750,2026-07-17,put,mini,955,0.2366,9,955.0
2026-07-08,66875,2026-07-17,put,mini,1010,0.2347,9,1010.0
2026-07-08,67000,2026-07-17,put,mini,41,0.2285,9,1050.0
2026-07-08,67500,2026-07-17,put,mini,3,0.1952,9,1205.0
2026-07-08,68000,2026-07-17,put,mini,8,0.1607,9,1425.0
2026-07-08,68125,2026-07-17,put,mini,10,0.1489,9,1485.0
2026-07-08,68250,2026-07-17,put,mini,1,0.1466,9,1580.0
2026-07-08,68500,2026-07-17,put,mini,12,0.2,9,1680.0
2026-07-08,68750,2026-07-17,put,mini,5,0.2,9,1830.0
2026-07-08,69000,2026-07-17,put,mini,4,0.2,9,1965.0
2026-07-08,69250,2026-07-17,put,mini,10,0.2,9,2120.0
2026-07-08,69375,2026-07-17,put,mini,2180,0.2,9,2180.0
2026-07-08,69500,2026-07-17,put,mini,34,0.2,9,2255.0
2026-07-08,69750,2026-07-17,put,mini,14,0.2,9,2405.0
2026-07-08,69875,2026-07-17,put,mini,1,0.2,9,2475.0
2026-07-08,70000,2026-07-17,put,mini,9,0.2,9,2575.0
2026-07-08,70250,2026-07-17,put,mini,2,0.2,9,2730.0
2026-07-08,70500,2026-07-17,put,mini,2,0.2,9,2895.0
2026-07-08,70750,2026-07-17,put,mini,20,0.2,9,3075.0
2026-07-08,71500,2026-07-17,put,mini,2,0.2,9,3640.0
2026-07-08,71750,2026-07-17,put,mini,8,0.2,9,3845.0
2026-07-08,72500,2026-07-17,put,mini,2,0.2,9,4455.0
2026-07-08,74000,2026-07-17,put,mini,5,0.2,9,5800.0
2026-07-08,75000,2026-07-17,put,mini,5,0.2,9,6740.0
2026-07-08,72500,2026-07-22,put,mini,2,0.2,14,4645.0
2026-07-08,65750,2026-07-24,put,mini,30,0.2758,16,1050.0
2026-07-08,67000,2026-07-24,put,mini,1,0.2423,16,1445.0
2026-07-08,67250,2026-07-24,put,mini,1,0.234,16,1535.0
2026-07-08,67750,2026-07-24,put,mini,1,0.2162,16,1735.0
2026-07-08,69250,2026-07-24,put,mini,12,0.1234,16,2495.0
2026-07-08,69500,2026-07-24,put,mini,30,0.2,16,2635.0
2026-07-08,69750,2026-07-24,put,mini,8,0.2,16,2780.0
2026-07-08,70750,2026-07-24,put,mini,20,0.2,16,3415.0
2026-07-08,72500,2026-07-24,put,mini,3,0.2,16,4705.0
2026-07-08,70750,2026-07-31,put,mini,30,0.2,23,3735.0
2026-07-08,56750,2026-08-14,put,mini,106,0.4016,37,375.0
2026-07-08,56875,2026-08-14,put,mini,2,0.399,37,380.0
2026-07-08,57000,2026-08-14,put,mini,108,0.3977,37,390.0
2026-07-08,57125,2026-08-14,put,mini,405,0.3978,37,405.0
2026-07-08,57250,2026-08-14,put,mini,10,0.3937,37,405.0
2026-07-08,57375,2026-08-14,put,mini,415,0.3923,37,415.0
2026-07-08,57500,2026-08-14,put,mini,9,0.3908,37,425.0
2026-07-08,57750,2026-08-14,put,mini,2,0.3864,37,440.0
2026-07-08,57875,2026-08-14,put,mini,3,0.3885,37,465.0
2026-07-08,58000,2026-08-14,put,mini,58,0.3843,37,465.0
2026-07-08,58250,2026-08-14,put,mini,3,0.3807,37,485.0
2026-07-08,58375,2026-08-14,put,mini,1,0.3811,37,505.0
2026-07-08,58500,2026-08-14,put,mini,17,0.378,37,510.0
2026-07-08,58750,2026-08-14,put,mini,530,0.374,37,530.0
2026-07-08,58875,2026-08-14,put,mini,1,0.3719,37,540.0
2026-07-08,59000,2026-08-14,put,mini,84,0.3719,37,560.0
2026-07-08,59250,2026-08-14,put,mini,1,0.3664,37,575.0
2026-07-08,59375,2026-08-14,put,mini,1,0.3662,37,595.0
2026-07-08,59500,2026-08-14,put,mini,37,0.3648,37,610.0
2026-07-08,59750,2026-08-14,put,mini,6,0.361,37,635.0
2026-07-08,59875,2026-08-14,put,mini,2,0.3594,37,650.0
2026-07-08,60000,2026-08-14,put,mini,308,0.3578,37,665.0
2026-07-08,60125,2026-08-14,put,mini,675,0.3552,37,675.0
2026-07-08,60250,2026-08-14,put,mini,22,0.3544,37,695.0
2026-07-08,60500,2026-08-14,put,mini,11,0.3499,37,720.0
2026-07-08,60625,2026-08-14,put,mini,1,0.3489,37,740.0
2026-07-08,60750,2026-08-14,put,mini,2,0.3478,37,760.0
2026-07-08,60875,2026-08-14,put,mini,1,0.3457,37,775.0
2026-07-08,61000,2026-08-14,put,mini,130,0.3454,37,800.0
2026-07-08,61125,2026-08-14,put,mini,810,0.3423,37,810.0
2026-07-08,61250,2026-08-14,put,mini,3,0.3418,37,835.0
2026-07-08,61375,2026-08-14,put,mini,10,0.3411,37,860.0
2026-07-08,61500,2026-08-14,put,mini,63,0.3379,37,870.0
2026-07-08,61625,2026-08-14,put,mini,895,0.3371,37,895.0
2026-07-08,61750,2026-08-14,put,mini,61,0.3346,37,910.0
2026-07-08,61875,2026-08-14,put,mini,1,0.3344,37,940.0
2026-07-08,62000,2026-08-14,put,mini,762,0.3318,37,955.0
2026-07-08,62125,2026-08-14,put,mini,1,0.3314,37,985.0
2026-07-08,62250,2026-08-14,put,mini,519,0.3294,37,1005.0
2026-07-08,62375,2026-08-14,put,mini,504,0.3273,37,1025.0
2026-07-08,62500,2026-08-14,put,mini,21,0.3259,37,1050.0
2026-07-08,62625,2026-08-14,put,mini,1075,0.3245,37,1075.0
2026-07-08,62750,2026-08-14,put,mini,3,0.3236,37,1105.0
2026-07-08,63000,2026-08-14,put,mini,153,0.3188,37,1145.0
2026-07-08,63125,2026-08-14,put,mini,2,0.3184,37,1180.0
2026-07-08,63250,2026-08-14,put,mini,8,0.3158,37,1200.0
2026-07-08,63375,2026-08-14,put,mini,10,0.3152,37,1235.0
2026-07-08,63500,2026-08-14,put,mini,6,0.3146,37,1270.0
2026-07-08,63625,2026-08-14,put,mini,1290,0.3117,37,1290.0
2026-07-08,63750,2026-08-14,put,mini,6,0.3108,37,1325.0
2026-07-08,63875,2026-08-14,put,mini,1350,0.3085,37,1350.0
2026-07-08,64000,2026-08-14,put,mini,88,0.3068,37,1380.0
2026-07-08,64125,2026-08-14,put,mini,1,0.3056,37,1415.0
2026-07-08,64250,2026-08-14,put,mini,86,0.3024,37,1435.0
2026-07-08,64375,2026-08-14,put,mini,1475,0.3017,37,1475.0
2026-07-08,64500,2026-08-14,put,mini,15,0.3009,37,1515.0
2026-07-08,64625,2026-08-14,put,mini,1550,0.2993,37,1550.0
2026-07-08,64750,2026-08-14,put,mini,388,0.2983,37,1590.0
2026-07-08,64875,2026-08-14,put,mini,2,0.2959,37,1620.0
2026-07-08,65000,2026-08-14,put,mini,126,0.2935,37,1650.0
2026-07-08,65250,2026-08-14,put,mini,1735,0.2913,37,1735.0
2026-07-08,65500,2026-08-14,put,mini,16,0.2875,37,1810.0
2026-07-08,65625,2026-08-14,put,mini,1850,0.2858,37,1850.0
2026-07-08,65750,2026-08-14,put,mini,2,0.2851,37,1900.0
2026-07-08,65875,2026-08-14,put,mini,1,0.2826,37,1935.0
2026-07-08,66000,2026-08-14,put,mini,144,0.2805,37,1975.0
2026-07-08,66125,2026-08-14,put,mini,2025,0.2795,37,2025.0
2026-07-08,66250,2026-08-14,put,mini,9,0.2772,37,2065.0
2026-07-08,66375,2026-08-14,put,mini,2115,0.276,37,2115.0
2026-07-08,66500,2026-08-14,put,mini,274,0.2746,37,2165.0
2026-07-08,66625,2026-08-14,put,mini,2205,0.272,37,2205.0
2026-07-08,66750,2026-08-14,put,mini,229,0.2692,37,2245.0
2026-07-08,66875,2026-08-14,put,mini,2300,0.2681,37,2300.0
2026-07-08,67000,2026-08-14,put,mini,266,0.2662,37,2350.0
2026-07-08,67125,2026-08-14,put,mini,2400,0.2643,37,2400.0
2026-07-08,67250,2026-08-14,put,mini,76,0.2622,37,2450.0
2026-07-08,67375,2026-08-14,put,mini,2500,0.2599,37,2500.0
2026-07-08,67500,2026-08-14,put,mini,14,0.2582,37,2555.0
2026-07-08,67625,2026-08-14,put,mini,9,0.2563,37,2610.0
2026-07-08,67750,2026-08-14,put,mini,8,0.2536,37,2660.0
2026-07-08,67875,2026-08-14,put,mini,2720,0.252,37,2720.0
2026-07-08,68000,2026-08-14,put,mini,133,0.2502,37,2780.0
2026-07-08,68125,2026-08-14,put,mini,2830,0.2471,37,2830.0
2026-07-08,68250,2026-08-14,put,mini,9,0.2451,37,2890.0
2026-07-08,68375,2026-08-14,put,mini,2950,0.2429,37,2950.0
2026-07-08,68500,2026-08-14,put,mini,9,0.2393,37,3000.0
2026-07-08,68625,2026-08-14,put,mini,3065,0.2373,37,3065.0
2026-07-08,68750,2026-08-14,put,mini,6,0.2339,37,3120.0
2026-07-08,68875,2026-08-14,put,mini,3190,0.2323,37,3190.0
2026-07-08,69000,2026-08-14,put,mini,50,0.2336,37,3285.0
2026-07-08,69125,2026-08-14,put,mini,1,0.2264,37,3315.0
2026-07-08,69250,2026-08-14,put,mini,149,0.2229,37,3375.0
2026-07-08,69375,2026-08-14,put,mini,3445,0.2204,37,3445.0
2026-07-08,69500,2026-08-14,put,mini,196,0.2177,37,3515.0
2026-07-08,69625,2026-08-14,put,mini,3580,0.214,37,3580.0
2026-07-08,69750,2026-08-14,put,mini,111,0.2094,37,3640.0
2026-07-08,70000,2026-08-14,put,mini,85,0.2036,37,3790.0
2026-07-08,70125,2026-08-14,put,mini,3860,0.1994,37,3860.0
2026-07-08,70250,2026-08-14,put,mini,11,0.1957,37,3935.0
2026-07-08,70500,2026-08-14,put,mini,59,0.1844,37,4070.0
2026-07-08,70750,2026-08-14,put,mini,77,0.1743,37,4225.0
2026-07-08,70875,2026-08-14,put,mini,4310,0.1698,37,4310.0
2026-07-08,71000,2026-08-14,put,mini,655,0.1634,37,4390.0
2026-07-08,71250,2026-08-14,put,mini,524,0.1439,37,4540.0
2026-07-08,71375,2026-08-14,put,mini,498,0.1333,37,4625.0
2026-07-08,71500,2026-08-14,put,mini,11,0.1145,37,4705.0
2026-07-08,71750,2026-08-14,put,mini,2,0.2,37,4875.0
2026-07-08,72000,2026-08-14,put,mini,10,0.2,37,5040.0
2026-07-08,72125,2026-08-14,put,mini,5130,0.2,37,5130.0
2026-07-08,72250,2026-08-14,put,mini,3,0.2,37,5210.0
2026-07-08,72500,2026-08-14,put,mini,31,0.2,37,5385.0
2026-07-08,72750,2026-08-14,put,mini,2,0.2,37,5560.0
2026-07-08,73000,2026-08-14,put,mini,2,0.2,37,5745.0
2026-07-08,73250,2026-08-14,put,mini,5935,0.2,37,5935.0
2026-07-08,74000,2026-08-14,put,mini,4,0.2,37,6510.0
2026-07-08,74250,2026-08-14,put,mini,6705,0.2,37,6705.0
2026-07-08,75250,2026-08-14,put,mini,5,0.2,37,7520.0
2026-07-08,61250,2026-09-11,put,mini,30,0.3314,65,1450.0
2026-07-08,61375,2026-09-11,put,mini,1,0.3301,65,1475.0
2026-07-08,61500,2026-09-11,put,mini,17,0.3288,65,1500.0
2026-07-08,61625,2026-09-11,put,mini,1,0.3274,65,1525.0
2026-07-08,61750,2026-09-11,put,mini,2,0.3265,65,1555.0
2026-07-08,62000,2026-09-11,put,mini,16,0.3235,65,1605.0
2026-07-08,63000,2026-09-11,put,mini,24,0.3132,65,1840.0
2026-07-08,63750,2026-09-11,put,mini,5,0.3058,65,2040.0
2026-07-08,64000,2026-09-11,put,mini,9,0.3032,65,2110.0
2026-07-08,64250,2026-09-11,put,mini,3,0.3004,65,2180.0
2026-07-08,64500,2026-09-11,put,mini,9,0.2979,65,2255.0
2026-07-08,65000,2026-09-11,put,mini,10,0.293,65,2415.0
2026-07-08,65500,2026-09-11,put,mini,2,0.2876,65,2580.0
2026-07-08,66000,2026-09-11,put,mini,8,0.2827,65,2760.0
2026-07-08,66750,2026-09-11,put,mini,3040,0.2741,65,3040.0
2026-07-08,67000,2026-09-11,put,mini,5,0.2714,65,3140.0
2026-07-08,67250,2026-09-11,put,mini,2,0.2687,65,3245.0
2026-07-08,67500,2026-09-11,put,mini,6,0.2658,65,3350.0
2026-07-08,67750,2026-09-11,put,mini,1,0.2631,65,3460.0
2026-07-08,68000,2026-09-11,put,mini,3570,0.26,65,3570.0
2026-07-08,68500,2026-09-11,put,mini,3805,0.2543,65,3805.0
2026-07-08,69000,2026-09-11,put,mini,20,0.2476,65,4045.0
2026-07-08,69250,2026-09-11,put,mini,3,0.2447,65,4175.0
2026-07-08,70000,2026-09-11,put,mini,5,0.2346,65,4575.0
2026-07-08,71000,2026-09-11,put,mini,5150,0.2191,65,5150.0
2026-07-08,71250,2026-09-11,put,mini,3,0.2146,65,5300.0
2026-07-08,71500,2026-09-11,put,mini,3,0.21,65,5455.0
2026-07-08,71750,2026-09-11,put,mini,12,0.2054,65,5615.0
2026-07-08,72000,2026-09-11,put,mini,2,0.2001,65,5775.0
2026-07-08,72250,2026-09-11,put,mini,5940,0.1945,65,5940.0
2026-07-08,72375,2026-09-11,put,mini,6020,0.191,65,6020.0
2026-07-08,72500,2026-09-11,put,mini,1,0.188,65,6105.0
2026-07-08,73000,2026-09-11,put,mini,6440,0.1715,65,6440.0
2026-07-08,73500,2026-09-11,call,mini,16,0.8316,65,6790.0
2026-07-08,74000,2026-09-11,call,mini,12,0.8778,65,7145.0
2026-07-08,74250,2026-09-11,call,mini,1,0.9015,65,7330.0
2026-07-08,75000,2026-09-11,call,mini,41,0.973,65,7895.0
2026-07-08,53000,2026-07-10,call,mini,47,3.4389,2,15305.0
2026-07-08,54500,2026-07-10,call,mini,23,3.1583,2,13805.0
2026-07-08,55000,2026-07-10,call,mini,13305,3.0654,2,13305.0
2026-07-08,56000,2026-07-10,call,mini,12305,2.8804,2,12305.0
2026-07-08,56250,2026-07-10,call,mini,12055,2.8343,2,12055.0
2026-07-08,56500,2026-07-10,call,mini,15,2.7882,2,11805.0
2026-07-08,56750,2026-07-10,call,mini,631,2.7422,2,11555.0
2026-07-08,57000,2026-07-10,call,mini,11305,2.6962,2,11305.0
2026-07-08,57375,2026-07-10,call,mini,10930,2.6272,2,10930.0
2026-07-08,57750,2026-07-10,call,mini,1,2.5619,2,10560.0
2026-07-08,58000,2026-07-10,call,mini,3,2.5122,2,10305.0
2026-07-08,58250,2026-07-10,call,mini,1,2.4699,2,10060.0
2026-07-08,58500,2026-07-10,call,mini,9810,2.4238,2,9810.0
2026-07-08,58750,2026-07-10,call,mini,9560,2.3777,2,9560.0
2026-07-08,59000,2026-07-10,call,mini,11,2.3316,2,9310.0
2026-07-08,59125,2026-07-10,call,mini,9185,2.3086,2,9185.0
2026-07-08,59250,2026-07-10,call,mini,9060,2.2855,2,9060.0
2026-07-08,59500,2026-07-10,call,mini,61,2.2393,2,8810.0
2026-07-08,59750,2026-07-10,call,mini,10,2.1964,2,8565.0
2026-07-08,59875,2026-07-10,call,mini,8440,2.1733,2,8440.0
2026-07-08,60000,2026-07-10,call,mini,317,2.1501,2,8315.0
2026-07-08,60125,2026-07-10,call,mini,1,2.1268,2,8190.0
2026-07-08,60250,2026-07-10,call,mini,35,2.1036,2,8065.0
2026-07-08,60375,2026-07-10,call,mini,7940,2.0803,2,7940.0
2026-07-08,60500,2026-07-10,call,mini,1,2.0603,2,7820.0
2026-07-08,60625,2026-07-10,call,mini,7695,2.037,2,7695.0
2026-07-08,60750,2026-07-10,call,mini,1,2.0136,2,7570.0
2026-07-08,60875,2026-07-10,call,mini,7445,1.9902,2,7445.0
2026-07-08,61000,2026-07-10,call,mini,64,1.9635,2,7315.0
2026-07-08,61125,2026-07-10,call,mini,7195,1.9433,2,7195.0
2026-07-08,61250,2026-07-10,call,mini,7075,1.923,2,7075.0
2026-07-08,61375,2026-07-10,call,mini,6950,1.8994,2,6950.0
2026-07-08,61500,2026-07-10,call,mini,7,1.8758,2,6825.0
2026-07-08,61625,2026-07-10,call,mini,1,1.8521,2,6700.0
2026-07-08,61750,2026-07-10,call,mini,80,1.8315,2,6580.0
2026-07-08,62000,2026-07-10,call,mini,131,1.7839,2,6330.0
2026-07-08,62125,2026-07-10,call,mini,1,1.7601,2,6205.0
2026-07-08,62250,2026-07-10,call,mini,28,1.7392,2,6085.0
2026-07-08,62375,2026-07-10,call,mini,5960,1.7152,2,5960.0
2026-07-08,62500,2026-07-10,call,mini,11,1.6911,2,5835.0
2026-07-08,62625,2026-07-10,call,mini,4,1.6699,2,5715.0
2026-07-08,62750,2026-07-10,call,mini,14,1.6457,2,5590.0
2026-07-08,63000,2026-07-10,call,mini,55,1.5999,2,5345.0
2026-07-08,63125,2026-07-10,call,mini,1,1.5813,2,5230.0
2026-07-08,63250,2026-07-10,call,mini,6,1.5567,2,5105.0
2026-07-08,63500,2026-07-10,call,mini,52,1.5071,2,4855.0
2026-07-08,63625,2026-07-10,call,mini,4745,1.4908,2,4745.0
2026-07-08,63750,2026-07-10,call,mini,1,1.4657,2,4620.0
2026-07-08,64000,2026-07-10,call,mini,62,1.4237,2,4385.0
2026-07-08,64250,2026-07-10,call,mini,50,1.3782,2,4145.0
2026-07-08,64375,2026-07-10,call,mini,4030,1.3579,2,4030.0
2026-07-08,64500,2026-07-10,call,mini,42,1.3347,2,3910.0
2026-07-08,64625,2026-07-10,call,mini,3790,1.3112,2,3790.0
2026-07-08,64750,2026-07-10,call,mini,196,1.2958,2,3685.0
2026-07-08,64875,2026-07-10,call,mini,3565,1.2719,2,3565.0
2026-07-08,65000,2026-07-10,call,mini,79,1.2478,2,3445.0
2026-07-08,65125,2026-07-10,call,mini,1,1.2315,2,3340.0
2026-07-08,65250,2026-07-10,call,mini,6,1.2095,2,3225.0
2026-07-08,65375,2026-07-10,call,mini,3115,1.1899,2,3115.0
2026-07-08,65500,2026-07-10,call,mini,33,1.1673,2,3000.0
2026-07-08,65625,2026-07-10,call,mini,2895,1.1496,2,2895.0
2026-07-08,65750,2026-07-10,call,mini,621,1.1316,2,2790.0
2026-07-08,65875,2026-07-10,call,mini,1,1.1132,2,2685.0
2026-07-08,66000,2026-07-10,call,mini,102,1.0943,2,2580.0
2026-07-08,66125,2026-07-10,call,mini,2,1.075,2,2475.0
2026-07-08,66250,2026-07-10,call,mini,33,1.0578,2,2375.0
2026-07-08,66375,2026-07-10,call,mini,5,1.0402,2,2275.0
2026-07-08,66500,2026-07-10,call,mini,205,1.0194,2,2170.0
2026-07-08,66625,2026-07-10,call,mini,2085,1.0083,2,2085.0
2026-07-08,66750,2026-07-10,call,mini,130,0.9789,2,1965.0
2026-07-08,66875,2026-07-10,call,mini,1900,0.9767,2,1900.0
2026-07-08,67000,2026-07-10,call,mini,246,0.9511,2,1790.0
2026-07-08,67125,2026-07-10,call,mini,1,0.9451,2,1720.0
2026-07-08,67250,2026-07-10,call,mini,32,0.9283,2,1630.0
2026-07-08,67375,2026-07-10,call,mini,2,0.9158,2,1550.0
2026-07-08,67500,2026-07-10,call,mini,50,0.8949,2,1455.0
2026-07-08,67625,2026-07-10,call,mini,1385,0.886,2,1385.0
2026-07-08,67750,2026-07-10,call,mini,9,0.8712,2,1305.0
2026-07-08,67875,2026-07-10,call,mini,1235,0.8606,2,1235.0
2026-07-08,68000,2026-07-10,call,mini,153,0.8439,2,1155.0
2026-07-08,68125,2026-07-10,call,mini,3,0.8421,2,1105.0
2026-07-08,68250,2026-07-10,call,mini,12,0.8129,2,1005.0
2026-07-08,68375,2026-07-10,call,mini,3,0.8092,2,955.0
2026-07-08,68500,2026-07-10,call,mini,80,0.7937,2,885.0
2026-07-08,68625,2026-07-10,call,mini,2,0.7826,2,825.0
2026-07-08,68750,2026-07-10,call,mini,33,0.7732,2,770.0
2026-07-08,68875,2026-07-10,call,mini,10,0.7656,2,720.0
2026-07-08,69000,2026-07-10,call,mini,292,0.7716,2,695.0
2026-07-08,69125,2026-07-10,call,mini,3,0.747,2,620.0
2026-07-08,69250,2026-07-10,call,mini,123,0.739,2,575.0
2026-07-08,69375,2026-07-10,call,mini,7,0.7298,2,530.0
2026-07-08,69500,2026-07-10,call,mini,308,0.729,2,500.0
2026-07-08,69625,2026-07-10,call,mini,2,0.7139,2,450.0
2026-07-08,69750,2026-07-10,call,mini,101,0.7144,2,425.0
2026-07-08,69875,2026-07-10,call,mini,5,0.6998,2,380.0
2026-07-08,70000,2026-07-10,call,mini,644,0.6981,2,355.0
2026-07-08,70125,2026-07-10,call,mini,2,0.6839,2,315.0
2026-07-08,70250,2026-07-10,call,mini,91,0.675,2,284.0
2026-07-08,70375,2026-07-10,call,mini,8,0.6694,2,259.0
2026-07-08,70500,2026-07-10,call,mini,293,0.6679,2,240.0
2026-07-08,70625,2026-07-10,call,mini,3,0.6579,2,213.0
2026-07-08,70750,2026-07-10,call,mini,56,0.6518,2,192.0
2026-07-08,70875,2026-07-10,call,mini,2,0.6463,2,173.0
2026-07-08,71000,2026-07-10,call,mini,748,0.6448,2,159.0
2026-07-08,71125,2026-07-10,call,mini,19,0.6353,2,139.0
2026-07-08,71250,2026-07-10,call,mini,91,0.6459,2,137.0
2026-07-08,71375,2026-07-10,call,mini,81,0.6268,2,112.0
2026-07-08,71500,2026-07-10,call,mini,369,0.6281,2,104.0
2026-07-08,71625,2026-07-10,call,mini,11,0.6227,2,92.0
2026-07-08,71750,2026-07-10,call,mini,36,0.6155,2,80.0
2026-07-08,71875,2026-07-10,call,mini,4,0.6115,2,71.0
2026-07-08,72000,2026-07-10,call,mini,887,0.606,2,62.0
2026-07-08,72125,2026-07-10,call,mini,32,0.605,2,56.0
2026-07-08,72250,2026-07-10,call,mini,183,0.6028,2,50.0
2026-07-08,72375,2026-07-10,call,mini,30,0.5968,2,43.0
2026-07-08,72500,2026-07-10,call,mini,421,0.5942,2,38.0
2026-07-08,72625,2026-07-10,call,mini,2,0.5989,2,36.0
2026-07-08,72750,2026-07-10,call,mini,108,0.5971,2,32.0
2026-07-08,72875,2026-07-10,call,mini,46,0.5974,2,29.0
2026-07-08,73000,2026-07-10,call,mini,676,0.5967,2,26.0
2026-07-08,73125,2026-07-10,call,mini,11,0.5989,2,24.0
2026-07-08,73250,2026-07-10,call,mini,38,0.592,2,20.0
2026-07-08,73375,2026-07-10,call,mini,8,0.5823,2,16.0
2026-07-08,73500,2026-07-10,call,mini,384,0.5913,2,16.0
2026-07-08,73625,2026-07-10,call,mini,4,0.5894,2,14.0
2026-07-08,73750,2026-07-10,call,mini,32,0.5923,2,13.0
2026-07-08,73875,2026-07-10,call,mini,24,0.5881,2,11.0
2026-07-08,74000,2026-07-10,call,mini,732,0.5894,2,10.0
2026-07-08,74125,2026-07-10,call,mini,1,0.5901,2,9.0
2026-07-08,74250,2026-07-10,call,mini,54,0.5806,2,7.0
2026-07-08,74375,2026-07-10,call,mini,3,0.5887,2,7.0
2026-07-08,74500,2026-07-10,call,mini,204,0.5863,2,6.0
2026-07-08,74625,2026-07-10,call,mini,6,0.5822,2,5.0
2026-07-08,74750,2026-07-10,call,mini,21,0.59,2,5.0
2026-07-08,74875,2026-07-10,call,mini,18,0.5836,2,4.0
2026-07-08,75000,2026-07-10,call,mini,841,0.5912,2,4.0
2026-07-08,75125,2026-07-10,call,mini,14,0.5988,2,4.0
2026-07-08,75250,2026-07-10,call,mini,94,0.5887,2,3.0
2026-07-08,75375,2026-07-10,call,mini,497,0.596,2,3.0
2026-07-08,71250,2026-07-15,call,mini,2,0.5015,7,460.0
2026-07-08,72500,2026-07-15,call,mini,2,0.4787,7,243.0
2026-07-08,72875,2026-07-15,call,mini,198,0.4733,7,198.0
2026-07-08,75000,2026-07-15,call,mini,1,0.4609,7,63.0
2026-07-08,64750,2026-07-17,call,mini,4040,0.7011,9,4040.0
2026-07-08,66500,2026-07-17,call,mini,4,0.61,9,2710.0
2026-07-08,66750,2026-07-17,call,mini,2540,0.5989,9,2540.0
2026-07-08,67500,2026-07-17,call,mini,2,0.5621,9,2040.0
2026-07-08,68000,2026-07-17,call,mini,1,0.5453,9,1760.0
2026-07-08,69000,2026-07-17,call,mini,16,0.5212,9,1295.0
2026-07-08,69250,2026-07-17,call,mini,10,0.5176,9,1200.0
2026-07-08,69375,2026-07-17,call,mini,3,0.5108,9,1135.0
2026-07-08,69500,2026-07-17,call,mini,205,0.5075,9,1085.0
2026-07-08,69750,2026-07-17,call,mini,206,0.5,9,985.0
2026-07-08,70000,2026-07-17,call,mini,248,0.4966,9,905.0
2026-07-08,70500,2026-07-17,call,mini,5,0.48,9,725.0
2026-07-08,70750,2026-07-17,call,mini,22,0.4753,9,655.0
2026-07-08,71000,2026-07-17,call,mini,33,0.4708,9,590.0
2026-07-08,71250,2026-07-17,call,mini,5,0.4682,9,535.0
2026-07-08,71500,2026-07-17,call,mini,19,0.4607,9,470.0
2026-07-08,71750,2026-07-17,call,mini,8,0.4588,9,425.0
2026-07-08,71875,2026-07-17,call,mini,2,0.4544,9,395.0
2026-07-08,72000,2026-07-17,call,mini,69,0.4536,9,375.0
2026-07-08,72125,2026-07-17,call,mini,120,0.4544,9,360.0
2026-07-08,72250,2026-07-17,call,mini,7,0.455,9,345.0
2026-07-08,72500,2026-07-17,call,mini,8,0.4425,9,286.0
2026-07-08,72750,2026-07-17,call,mini,6,0.4421,9,258.0
2026-07-08,72875,2026-07-17,call,mini,1,0.4405,9,242.0
2026-07-08,73000,2026-07-17,call,mini,37,0.4384,9,226.0
2026-07-08,73250,2026-07-17,call,mini,11,0.4358,9,199.0
2026-07-08,73500,2026-07-17,call,mini,65,0.4329,9,174.0
2026-07-08,73625,2026-07-17,call,mini,1,0.4311,9,162.0
2026-07-08,74000,2026-07-17,call,mini,117,0.4275,9,132.0
2026-07-08,74250,2026-07-17,call,mini,68,0.4254,9,115.0
2026-07-08,74375,2026-07-17,call,mini,1,0.4241,9,107.0
2026-07-08,74500,2026-07-17,call,mini,107,0.4234,9,100.0
2026-07-08,74750,2026-07-17,call,mini,51,0.4208,9,86.0
2026-07-08,74875,2026-07-17,call,mini,1,0.4199,9,80.0
2026-07-08,75000,2026-07-17,call,mini,237,0.4186,9,74.0
2026-07-08,75125,2026-07-17,call,mini,3,0.418,9,69.0
2026-07-08,75250,2026-07-17,call,mini,43,0.4183,9,65.0
2026-07-08,75375,2026-07-17,call,mini,71,0.4183,9,61.0
2026-07-08,72500,2026-07-22,call,mini,2,0.4202,14,485.0
2026-07-08,69250,2026-07-24,call,mini,12,0.4635,16,1595.0
2026-07-08,69500,2026-07-24,call,mini,30,0.4584,16,1485.0
2026-07-08,69750,2026-07-24,call,mini,8,0.4534,16,1380.0
2026-07-08,70750,2026-07-24,call,mini,20,0.4361,16,1015.0
2026-07-08,72500,2026-07-24,call,mini,3,0.4123,16,555.0
2026-07-08,72625,2026-07-24,call,mini,1,0.4095,16,525.0
2026-07-08,73000,2026-07-24,call,mini,1,0.4052,16,455.0
2026-07-08,73500,2026-07-24,call,mini,370,0.3988,16,370.0
2026-07-08,74000,2026-07-24,call,mini,1,0.3971,16,310.0
2026-07-08,74500,2026-07-24,call,mini,3,0.3942,16,255.0
2026-07-08,75000,2026-07-24,call,mini,1,0.388,16,201.0
2026-07-08,75375,2026-07-24,call,mini,9,0.3851,16,170.0
2026-07-08,70750,2026-07-31,call,mini,30,0.4214,23,1350.0
2026-07-08,56750,2026-08-14,call,mini,26,0.7174,37,12025.0
2026-07-08,57000,2026-08-14,call,mini,12,0.7085,37,11790.0
2026-07-08,57250,2026-08-14,call,mini,9,0.6996,37,11555.0
2026-07-08,57875,2026-08-14,call,mini,1,0.6806,37,10990.0
2026-07-08,58000,2026-08-14,call,mini,10865,0.6749,37,10865.0
2026-07-08,58875,2026-08-14,call,mini,1,0.6461,37,10065.0
2026-07-08,59000,2026-08-14,call,mini,10,0.6434,37,9960.0
2026-07-08,60000,2026-08-14,call,mini,19,0.6128,37,9070.0
2026-07-08,60250,2026-08-14,call,mini,1,0.6053,37,8850.0
2026-07-08,60500,2026-08-14,call,mini,1,0.597,37,8625.0
2026-07-08,61000,2026-08-14,call,mini,30,0.5843,37,8205.0
2026-07-08,61250,2026-08-14,call,mini,7990,0.5771,37,7990.0
2026-07-08,61500,2026-08-14,call,mini,60,0.5697,37,7775.0
2026-07-08,61750,2026-08-14,call,mini,12,0.5629,37,7565.0
2026-07-08,62000,2026-08-14,call,mini,651,0.5567,37,7360.0
2026-07-08,62250,2026-08-14,call,mini,506,0.5509,37,7160.0
2026-07-08,62375,2026-08-14,call,mini,501,0.5473,37,7055.0
2026-07-08,62750,2026-08-14,call,mini,7,0.5389,37,6760.0
2026-07-08,63000,2026-08-14,call,mini,2,0.5313,37,6550.0
2026-07-08,63250,2026-08-14,call,mini,6,0.5255,37,6355.0
2026-07-08,63500,2026-08-14,call,mini,4,0.5215,37,6175.0
2026-07-08,63750,2026-08-14,call,mini,5980,0.5153,37,5980.0
2026-07-08,64000,2026-08-14,call,mini,3,0.5089,37,5785.0
2026-07-08,64250,2026-08-14,call,mini,88,0.503,37,5595.0
2026-07-08,64500,2026-08-14,call,mini,6,0.4993,37,5425.0
2026-07-08,64750,2026-08-14,call,mini,388,0.4948,37,5250.0
2026-07-08,64875,2026-08-14,call,mini,1,0.4915,37,5155.0
2026-07-08,65000,2026-08-14,call,mini,32,0.4882,37,5060.0
2026-07-08,65250,2026-08-14,call,mini,2,0.4844,37,4895.0
2026-07-08,65500,2026-08-14,call,mini,10,0.4792,37,4720.0
2026-07-08,65750,2026-08-14,call,mini,4560,0.4755,37,4560.0
2026-07-08,65875,2026-08-14,call,mini,1,0.4723,37,4470.0
2026-07-08,66000,2026-08-14,call,mini,22,0.4697,37,4385.0
2026-07-08,66250,2026-08-14,call,mini,15,0.4655,37,4225.0
2026-07-08,66375,2026-08-14,call,mini,1,0.4639,37,4150.0
2026-07-08,66500,2026-08-14,call,mini,270,0.4622,37,4075.0
2026-07-08,66750,2026-08-14,call,mini,224,0.4563,37,3905.0
2026-07-08,67000,2026-08-14,call,mini,231,0.453,37,3760.0
2026-07-08,67250,2026-08-14,call,mini,70,0.4489,37,3610.0
2026-07-08,67500,2026-08-14,call,mini,11,0.445,37,3465.0
2026-07-08,67750,2026-08-14,call,mini,1,0.4408,37,3320.0
2026-07-08,68000,2026-08-14,call,mini,22,0.4381,37,3190.0
2026-07-08,68125,2026-08-14,call,mini,3115,0.4354,37,3115.0
2026-07-08,68250,2026-08-14,call,mini,7,0.4339,37,3050.0
2026-07-08,68500,2026-08-14,call,mini,14,0.4294,37,2910.0
2026-07-08,68750,2026-08-14,call,mini,1,0.4257,37,2780.0
2026-07-08,69000,2026-08-14,call,mini,130,0.4235,37,2665.0
2026-07-08,69125,2026-08-14,call,mini,2600,0.4213,37,2600.0
2026-07-08,69250,2026-08-14,call,mini,155,0.4191,37,2535.0
2026-07-08,69375,2026-08-14,call,mini,2480,0.418,37,2480.0
2026-07-08,69500,2026-08-14,call,mini,374,0.4168,37,2425.0
2026-07-08,69750,2026-08-14,call,mini,123,0.4124,37,2300.0
2026-07-08,69875,2026-08-14,call,mini,1,0.4121,37,2255.0
2026-07-08,70000,2026-08-14,call,mini,160,0.4106,37,2200.0
2026-07-08,70250,2026-08-14,call,mini,15,0.4079,37,2095.0
2026-07-08,70500,2026-08-14,call,mini,111,0.4035,37,1980.0
2026-07-08,70750,2026-08-14,call,mini,92,0.4013,37,1885.0
2026-07-08,70875,2026-08-14,call,mini,1845,0.401,37,1845.0
2026-07-08,71000,2026-08-14,call,mini,774,0.4,37,1800.0
2026-07-08,71125,2026-08-14,call,mini,15,0.3983,37,1750.0
2026-07-08,71250,2026-08-14,call,mini,582,0.3965,37,1700.0
2026-07-08,71375,2026-08-14,call,mini,555,0.3958,37,1660.0
2026-07-08,71500,2026-08-14,call,mini,163,0.3945,37,1615.0
2026-07-08,71625,2026-08-14,call,mini,3,0.393,37,1570.0
2026-07-08,71750,2026-08-14,call,mini,8,0.3928,37,1535.0
2026-07-08,72000,2026-08-14,call,mini,155,0.39,37,1450.0
2026-07-08,72125,2026-08-14,call,mini,1415,0.3895,37,1415.0
2026-07-08,72250,2026-08-14,call,mini,16,0.3876,37,1370.0
2026-07-08,72375,2026-08-14,call,mini,5,0.3869,37,1335.0
2026-07-08,72500,2026-08-14,call,mini,70,0.3855,37,1295.0
2026-07-08,72625,2026-08-14,call,mini,1265,0.3853,37,1265.0
2026-07-08,72750,2026-08-14,call,mini,13,0.3836,37,1225.0
2026-07-08,72875,2026-08-14,call,mini,15,0.3833,37,1195.0
2026-07-08,73000,2026-08-14,call,mini,66,0.3822,37,1160.0
2026-07-08,73250,2026-08-14,call,mini,1100,0.3811,37,1100.0
2026-07-08,73375,2026-08-14,call,mini,1070,0.3805,37,1070.0
2026-07-08,73500,2026-08-14,call,mini,22,0.3797,37,1040.0
2026-07-08,73625,2026-08-14,call,mini,1010,0.3789,37,1010.0
2026-07-08,73750,2026-08-14,call,mini,3,0.3779,37,980.0
2026-07-08,73875,2026-08-14,call,mini,950,0.3769,37,950.0
2026-07-08,74000,2026-08-14,call,mini,274,0.3765,37,925.0
2026-07-08,74250,2026-08-14,call,mini,209,0.3748,37,870.0
2026-07-08,74375,2026-08-14,call,mini,845,0.3742,37,845.0
2026-07-08,74500,2026-08-14,call,mini,23,0.3726,37,815.0
2026-07-08,74625,2026-08-14,call,mini,795,0.3727,37,795.0
2026-07-08,74750,2026-08-14,call,mini,3,0.3718,37,770.0
2026-07-08,74875,2026-08-14,call,mini,2,0.3717,37,750.0
2026-07-08,75000,2026-08-14,call,mini,178,0.3724,37,735.0
2026-07-08,75125,2026-08-14,call,mini,5,0.3676,37,690.0
2026-07-08,75250,2026-08-14,call,mini,33,0.37,37,685.0
2026-07-08,75375,2026-08-14,call,mini,30,0.3696,37,665.0
2026-07-08,61250,2026-09-11,call,mini,21,0.4989,65,8610.0
2026-07-08,62000,2026-09-11,call,mini,2,0.4853,65,8015.0
2026-07-08,63000,2026-09-11,call,mini,22,0.4684,65,7250.0
2026-07-08,64000,2026-09-11,call,mini,8,0.4533,65,6525.0
2026-07-08,65000,2026-09-11,call,mini,2,0.4387,65,5830.0
2026-07-08,68250,2026-09-11,call,mini,1,0.3989,65,3855.0
2026-07-08,68750,2026-09-11,call,mini,3595,0.3939,65,3595.0
2026-07-08,69000,2026-09-11,call,mini,3,0.3911,65,3465.0
2026-07-08,70000,2026-09-11,call,mini,4,0.3825,65,2995.0
2026-07-08,70125,2026-09-11,call,mini,1,0.3815,65,2940.0
2026-07-08,71000,2026-09-11,call,mini,7,0.3751,65,2575.0
2026-07-08,71250,2026-09-11,call,mini,5,0.3731,65,2475.0
2026-07-08,71500,2026-09-11,call,mini,4,0.3715,65,2380.0
2026-07-08,71750,2026-09-11,call,mini,12,0.3701,65,2290.0
2026-07-08,72000,2026-09-11,call,mini,9,0.3685,65,2200.0
2026-07-08,72500,2026-09-11,call,mini,1,0.3656,65,2030.0
2026-07-08,72875,2026-09-11,call,mini,1,0.3631,65,1905.0
2026-07-08,73000,2026-09-11,call,mini,4,0.3623,65,1865.0
2026-07-08,74000,2026-09-11,call,mini,8,0.3573,65,1575.0
2026-07-08,74250,2026-09-11,call,mini,3,0.3563,65,1510.0
2026-07-08,74500,2026-09-11,call,mini,1,0.3556,65,1450.0
2026-07-08,74750,2026-09-11,call,mini,1385,0.3542,65,1385.0
2026-07-08,74875,2026-09-11,call,mini,1,0.3537,65,1355.0
2026-07-08,75000,2026-09-11,call,mini,62,0.3531,65,1325.0
2026-07-08,75250,2026-09-11,call,mini,7,0.3524,65,1270.0
2026-07-08,75375,2026-09-11,call,mini,2,0.3516,65,1240.0
