date,strike,expiry,type,product,oi,iv,days_to_expiry,settlement
2026-09-30,20000,2026-10-08,put,regular,1570,2.3636,8,1.0
2026-09-30,22500,2026-10-08,put,regular,451,2.1374,8,1.0
2026-09-30,25000,2026-10-08,put,regular,1564,1.9353,8,1.0
2026-09-30,26000,2026-10-08,put,regular,184,1.8601,8,1.0
2026-09-30,27000,2026-10-08,put,regular,206,1.7878,8,1.0
2026-09-30,28000,2026-10-08,put,regular,243,1.718,8,1.0
2026-09-30,29000,2026-10-08,put,regular,175,1.6508,8,1.0
2026-09-30,30000,2026-10-08,put,regular,6427,1.5858,8,1.0
2026-09-30,31000,2026-10-08,put,regular,114,1.5229,8,1.0
2026-09-30,32000,2026-10-08,put,regular,299,1.4619,8,1.0
2026-09-30,33000,2026-10-08,put,regular,2929,1.4028,8,1.0
2026-09-30,34000,2026-10-08,put,regular,181,1.3455,8,1.0
2026-09-30,35000,2026-10-08,put,regular,2205,1.2897,8,1.0
2026-09-30,36000,2026-10-08,put,regular,96,1.2355,8,1.0
2026-09-30,37000,2026-10-08,put,regular,460,1.1827,8,1.0
2026-09-30,38000,2026-10-08,put,regular,220,1.1313,8,1.0
2026-09-30,39000,2026-10-08,put,regular,191,1.0812,8,1.0
2026-09-30,40000,2026-10-08,put,regular,4490,1.0322,8,1.0
2026-09-30,41000,2026-10-08,put,regular,268,0.9844,8,1.0
2026-09-30,42000,2026-10-08,put,regular,360,0.9377,8,1.0
2026-09-30,42750,2026-10-08,put,regular,38,0.9033,8,1.0
2026-09-30,43000,2026-10-08,put,regular,501,0.9418,8,2.0
2026-09-30,43250,2026-10-08,put,regular,21,0.8807,8,1.0
2026-09-30,43500,2026-10-08,put,regular,52,0.8695,8,1.0
2026-09-30,43750,2026-10-08,put,regular,25,0.8583,8,1.0
2026-09-30,44000,2026-10-08,put,regular,333,0.8948,8,2.0
2026-09-30,44250,2026-10-08,put,regular,37,0.8832,8,2.0
2026-09-30,44500,2026-10-08,put,regular,60,0.8717,8,2.0
2026-09-30,44750,2026-10-08,put,regular,39,0.8602,8,2.0
2026-09-30,45000,2026-10-08,put,regular,2113,0.8488,8,2.0
2026-09-30,45250,2026-10-08,put,regular,32,0.8374,8,2.0
2026-09-30,45500,2026-10-08,put,regular,817,0.8552,8,3.0
2026-09-30,45750,2026-10-08,put,regular,136,0.8436,8,3.0
2026-09-30,46000,2026-10-08,put,regular,626,0.8539,8,4.0
2026-09-30,46250,2026-10-08,put,regular,10,0.8422,8,4.0
2026-09-30,46500,2026-10-08,put,regular,260,0.8092,8,3.0
2026-09-30,46750,2026-10-08,put,regular,135,0.8188,8,4.0
2026-09-30,47000,2026-10-08,put,regular,448,0.8072,8,4.0
2026-09-30,47250,2026-10-08,put,regular,152,0.7957,8,4.0
2026-09-30,47500,2026-10-08,put,regular,56,0.7842,8,4.0
2026-09-30,47750,2026-10-08,put,regular,46,0.7728,8,4.0
2026-09-30,48000,2026-10-08,put,regular,980,0.7777,8,5.0
2026-09-30,48250,2026-10-08,put,regular,53,0.7661,8,5.0
2026-09-30,48500,2026-10-08,put,regular,214,0.7546,8,5.0
2026-09-30,48750,2026-10-08,put,regular,277,0.7432,8,5.0
2026-09-30,49000,2026-10-08,put,regular,516,0.7318,8,5.0
2026-09-30,49250,2026-10-08,put,regular,84,0.7204,8,5.0
2026-09-30,49500,2026-10-08,put,regular,364,0.7221,8,6.0
2026-09-30,49750,2026-10-08,put,regular,82,0.7106,8,6.0
2026-09-30,50000,2026-10-08,put,regular,2807,0.6992,8,6.0
2026-09-30,50250,2026-10-08,put,regular,73,0.6879,8,6.0
2026-09-30,50500,2026-10-08,put,regular,321,0.6874,8,7.0
2026-09-30,50750,2026-10-08,put,regular,165,0.676,8,7.0
2026-09-30,51000,2026-10-08,put,regular,868,0.6646,8,7.0
2026-09-30,51250,2026-10-08,put,regular,315,0.6626,8,8.0
2026-09-30,51500,2026-10-08,put,regular,643,0.6595,8,9.0
2026-09-30,51750,2026-10-08,put,regular,165,0.6398,8,8.0
2026-09-30,52000,2026-10-08,put,regular,1467,0.6366,8,9.0
2026-09-30,52250,2026-10-08,put,regular,77,0.6252,8,9.0
2026-09-30,52500,2026-10-08,put,regular,622,0.6138,8,9.0
2026-09-30,52750,2026-10-08,put,regular,127,0.6096,8,10.0
2026-09-30,53000,2026-10-08,put,regular,1733,0.6048,8,11.0
2026-09-30,53250,2026-10-08,put,regular,135,0.5868,8,10.0
2026-09-30,53500,2026-10-08,put,regular,1345,0.5818,8,11.0
2026-09-30,53750,2026-10-08,put,regular,163,0.5763,8,12.0
2026-09-30,54000,2026-10-08,put,regular,1424,0.5648,8,12.0
2026-09-30,54250,2026-10-08,put,regular,217,0.5587,8,13.0
2026-09-30,54500,2026-10-08,put,regular,535,0.5522,8,14.0
2026-09-30,54750,2026-10-08,put,regular,82,0.5453,8,15.0
2026-09-30,55000,2026-10-08,put,regular,3837,0.538,8,16.0
2026-09-30,55250,2026-10-08,put,regular,168,0.5264,8,16.0
2026-09-30,55500,2026-10-08,put,regular,354,0.5188,8,17.0
2026-09-30,55750,2026-10-08,put,regular,80,0.511,8,18.0
2026-09-30,56000,2026-10-08,put,regular,2030,0.5029,8,19.0
2026-09-30,56250,2026-10-08,put,regular,77,0.4978,8,21.0
2026-09-30,56500,2026-10-08,put,regular,660,0.4891,8,22.0
2026-09-30,56750,2026-10-08,put,regular,128,0.4802,8,23.0
2026-09-30,57000,2026-10-08,put,regular,1664,0.4791,8,27.0
2026-09-30,57250,2026-10-08,put,regular,164,0.467,8,27.0
2026-09-30,57500,2026-10-08,put,regular,539,0.4598,8,29.0
2026-09-30,57750,2026-10-08,put,regular,99,0.4522,8,31.0
2026-09-30,58000,2026-10-08,put,regular,2467,0.4442,8,33.0
2026-09-30,58250,2026-10-08,put,regular,159,0.4397,8,37.0
2026-09-30,58375,2026-10-08,put,regular,487,0.4297,8,35.0
2026-09-30,58500,2026-10-08,put,regular,839,0.4327,8,40.0
2026-09-30,58625,2026-10-08,put,regular,59,0.4228,8,38.0
2026-09-30,58750,2026-10-08,put,regular,77,0.4268,8,44.0
2026-09-30,58875,2026-10-08,put,regular,20,0.4172,8,42.0
2026-09-30,59000,2026-10-08,put,regular,1328,0.4218,8,49.0
2026-09-30,59125,2026-10-08,put,regular,113,0.4124,8,47.0
2026-09-30,59250,2026-10-08,put,regular,208,0.4132,8,52.0
2026-09-30,59375,2026-10-08,put,regular,2,0.4053,8,51.0
2026-09-30,59500,2026-10-08,put,regular,464,0.407,8,57.0
2026-09-30,59625,2026-10-08,put,regular,139,0.3991,8,56.0
2026-09-30,59750,2026-10-08,put,regular,131,0.4,8,62.0
2026-09-30,59875,2026-10-08,put,regular,56,0.3933,8,62.0
2026-09-30,60000,2026-10-08,put,regular,11880,0.3936,8,68.0
2026-09-30,60125,2026-10-08,put,regular,50,0.3891,8,70.0
2026-09-30,60250,2026-10-08,put,regular,207,0.3907,8,78.0
2026-09-30,60375,2026-10-08,put,regular,664,0.3838,8,78.0
2026-09-30,60500,2026-10-08,put,regular,621,0.3856,8,87.0
2026-09-30,60625,2026-10-08,put,regular,159,0.3785,8,87.0
2026-09-30,60750,2026-10-08,put,regular,509,0.3937,8,113.0
2026-09-30,60875,2026-10-08,put,regular,500,0.3741,8,98.0
2026-09-30,61000,2026-10-08,put,regular,1517,0.3775,8,111.0
2026-09-30,61125,2026-10-08,put,regular,1230,0.3701,8,111.0
2026-09-30,61250,2026-10-08,put,regular,113,0.3725,8,124.0
2026-09-30,61375,2026-10-08,put,regular,179,0.3714,8,133.0
2026-09-30,61500,2026-10-08,put,regular,489,0.3678,8,139.0
2026-09-30,61625,2026-10-08,put,regular,139,0.3615,8,141.0
2026-09-30,61750,2026-10-08,put,regular,312,0.3639,8,157.0
2026-09-30,61875,2026-10-08,put,regular,88,0.3585,8,161.0
2026-09-30,62000,2026-10-08,put,regular,1744,0.3633,8,183.0
2026-09-30,62125,2026-10-08,put,regular,10,0.3558,8,184.0
2026-09-30,62250,2026-10-08,put,regular,120,0.3609,8,209.0
2026-09-30,62375,2026-10-08,put,regular,6,0.3531,8,210.0
2026-09-30,62500,2026-10-08,put,regular,1763,0.3556,8,232.0
2026-09-30,62625,2026-10-08,put,regular,719,0.3503,8,239.0
2026-09-30,62750,2026-10-08,put,regular,413,0.3504,8,258.0
2026-09-30,62875,2026-10-08,put,regular,90,0.3491,8,275.0
2026-09-30,63000,2026-10-08,put,regular,2173,0.3508,8,300.0
2026-09-30,63125,2026-10-08,put,regular,2,0.3498,8,320.0
2026-09-30,63250,2026-10-08,put,regular,254,0.3484,8,340.0
2026-09-30,63375,2026-10-08,put,regular,304,0.3466,8,360.0
2026-09-30,63500,2026-10-08,put,regular,373,0.348,8,390.0
2026-09-30,63750,2026-10-08,put,regular,136,0.3475,8,445.0
2026-09-30,63875,2026-10-08,put,regular,546,0.3457,8,470.0
2026-09-30,64000,2026-10-08,put,regular,2015,0.3516,8,520.0
2026-09-30,64125,2026-10-08,put,regular,1061,0.3457,8,535.0
2026-09-30,64250,2026-10-08,put,regular,335,0.3458,8,570.0
2026-09-30,64375,2026-10-08,put,regular,1,0.3438,8,600.0
2026-09-30,64500,2026-10-08,put,regular,998,0.3459,8,645.0
2026-09-30,64625,2026-10-08,put,regular,3,0.3445,8,680.0
2026-09-30,64750,2026-10-08,put,regular,128,0.3526,8,750.0
2026-09-30,64875,2026-10-08,put,regular,9,0.3418,8,755.0
2026-09-30,65000,2026-10-08,put,regular,2393,0.3556,8,850.0
2026-09-30,65125,2026-10-08,put,regular,4,0.3469,8,865.0
2026-09-30,65250,2026-10-08,put,regular,152,0.354,8,940.0
2026-09-30,65375,2026-10-08,put,regular,248,0.3498,8,975.0
2026-09-30,65500,2026-10-08,put,regular,191,0.3532,8,1040.0
2026-09-30,65625,2026-10-08,put,regular,7,0.3481,8,1075.0
2026-09-30,65750,2026-10-08,put,regular,157,0.3505,8,1140.0
2026-09-30,65875,2026-10-08,put,regular,20,0.3524,8,1205.0
2026-09-30,66000,2026-10-08,put,regular,1218,0.3551,8,1275.0
2026-09-30,66125,2026-10-08,put,regular,18,0.3585,8,1350.0
2026-09-30,66250,2026-10-08,put,regular,54,0.359,8,1415.0
2026-09-30,66375,2026-10-08,put,regular,2,0.3628,8,1495.0
2026-09-30,66500,2026-10-08,put,regular,103,0.3636,8,1565.0
2026-09-30,66750,2026-10-08,put,regular,10,0.3691,8,1725.0
2026-09-30,67000,2026-10-08,put,regular,504,0.3768,8,1900.0
2026-09-30,67500,2026-10-08,put,regular,36,0.3918,8,2265.0
2026-09-30,67625,2026-10-08,put,regular,6,0.3956,8,2360.0
2026-09-30,67750,2026-10-08,put,regular,9,0.4005,8,2460.0
2026-09-30,68000,2026-10-08,put,regular,553,0.4109,8,2665.0
2026-09-30,68500,2026-10-08,put,regular,3,0.4312,8,3085.0
2026-09-30,69000,2026-10-08,put,regular,200,0.4554,8,3530.0
2026-09-30,70000,2026-10-08,put,regular,105,0.5084,8,4460.0
2026-09-30,72000,2026-10-08,put,regular,1,0.6235,8,6405.0
2026-09-30,72500,2026-10-08,put,regular,1,0.6528,8,6900.0
2026-09-30,73000,2026-10-08,put,regular,6,0.6832,8,7400.0
2026-09-30,79000,2026-10-08,put,regular,1,1.0014,8,13385.0
2026-09-30,85000,2026-10-08,put,regular,26,1.2726,8,19380.0
2026-09-30,20000,2026-11-12,put,regular,242,1.0196,43,1.0
2026-09-30,22500,2026-11-12,put,regular,47,0.922,43,1.0
2026-09-30,25000,2026-11-12,put,regular,204,0.8784,43,2.0
2026-09-30,26000,2026-11-12,put,regular,2,0.8444,43,2.0
2026-09-30,27000,2026-11-12,put,regular,18,0.8117,43,2.0
2026-09-30,28000,2026-11-12,put,regular,44,0.7801,43,2.0
2026-09-30,29000,2026-11-12,put,regular,306,0.7497,43,2.0
2026-09-30,30000,2026-11-12,put,regular,5582,0.7768,43,5.0
2026-09-30,34000,2026-11-12,put,regular,6,0.6895,43,8.0
2026-09-30,35000,2026-11-12,put,regular,3542,0.6823,43,11.0
2026-09-30,36000,2026-11-12,put,regular,6,0.6542,43,11.0
2026-09-30,37000,2026-11-12,put,regular,14,0.6562,43,17.0
2026-09-30,38000,2026-11-12,put,regular,11,0.6106,43,13.0
2026-09-30,39000,2026-11-12,put,regular,104,0.5973,43,16.0
2026-09-30,40000,2026-11-12,put,regular,1677,0.5949,43,23.0
2026-09-30,41000,2026-11-12,put,regular,236,0.5738,43,25.0
2026-09-30,42000,2026-11-12,put,regular,382,0.5527,43,27.0
2026-09-30,43000,2026-11-12,put,regular,379,0.5358,43,31.0
2026-09-30,44000,2026-11-12,put,regular,1135,0.5236,43,38.0
2026-09-30,44500,2026-11-12,put,regular,127,0.5191,43,43.0
2026-09-30,44750,2026-11-12,put,regular,7,0.5142,43,44.0
2026-09-30,45000,2026-11-12,put,regular,1198,0.5093,43,45.0
2026-09-30,45250,2026-11-12,put,regular,106,0.5043,43,46.0
2026-09-30,45500,2026-11-12,put,regular,107,0.5036,43,50.0
2026-09-30,45750,2026-11-12,put,regular,13,0.4971,43,50.0
2026-09-30,46000,2026-11-12,put,regular,919,0.492,43,51.0
2026-09-30,46250,2026-11-12,put,regular,5,0.4895,43,54.0
2026-09-30,46500,2026-11-12,put,regular,300,0.4855,43,56.0
2026-09-30,46750,2026-11-12,put,regular,105,0.4815,43,58.0
2026-09-30,47000,2026-11-12,put,regular,870,0.4762,43,59.0
2026-09-30,47250,2026-11-12,put,regular,34,0.4732,43,62.0
2026-09-30,47500,2026-11-12,put,regular,235,0.4711,43,66.0
2026-09-30,47750,2026-11-12,put,regular,98,0.4657,43,67.0
2026-09-30,48000,2026-11-12,put,regular,218,0.4623,43,70.0
2026-09-30,48250,2026-11-12,put,regular,33,0.4578,43,72.0
2026-09-30,48500,2026-11-12,put,regular,280,0.4532,43,74.0
2026-09-30,48750,2026-11-12,put,regular,140,0.4477,43,75.0
2026-09-30,49000,2026-11-12,put,regular,384,0.4458,43,80.0
2026-09-30,49250,2026-11-12,put,regular,159,0.4401,43,81.0
2026-09-30,49500,2026-11-12,put,regular,417,0.437,43,85.0
2026-09-30,49750,2026-11-12,put,regular,64,0.4346,43,90.0
2026-09-30,50000,2026-11-12,put,regular,2876,0.4304,43,93.0
2026-09-30,50250,2026-11-12,put,regular,77,0.4277,43,98.0
2026-09-30,50500,2026-11-12,put,regular,428,0.4211,43,98.0
2026-09-30,50750,2026-11-12,put,regular,195,0.4189,43,104.0
2026-09-30,51000,2026-11-12,put,regular,1664,0.4157,43,109.0
2026-09-30,51250,2026-11-12,put,regular,43,0.4111,43,112.0
2026-09-30,51500,2026-11-12,put,regular,682,0.4071,43,116.0
2026-09-30,51750,2026-11-12,put,regular,61,0.4042,43,122.0
2026-09-30,52000,2026-11-12,put,regular,2028,0.4023,43,130.0
2026-09-30,52250,2026-11-12,put,regular,8,0.3984,43,135.0
2026-09-30,52500,2026-11-12,put,regular,750,0.3939,43,139.0
2026-09-30,52750,2026-11-12,put,regular,47,0.3909,43,146.0
2026-09-30,53000,2026-11-12,put,regular,585,0.3873,43,152.0
2026-09-30,53250,2026-11-12,put,regular,170,0.3844,43,160.0
2026-09-30,53500,2026-11-12,put,regular,685,0.3805,43,166.0
2026-09-30,53750,2026-11-12,put,regular,85,0.3773,43,174.0
2026-09-30,54000,2026-11-12,put,regular,1033,0.374,43,182.0
2026-09-30,54250,2026-11-12,put,regular,5,0.3697,43,188.0
2026-09-30,54500,2026-11-12,put,regular,724,0.3673,43,199.0
2026-09-30,54750,2026-11-12,put,regular,16,0.3631,43,206.0
2026-09-30,55000,2026-11-12,put,regular,1396,0.3611,43,219.0
2026-09-30,55250,2026-11-12,put,regular,38,0.3577,43,229.0
2026-09-30,55500,2026-11-12,put,regular,219,0.3549,43,241.0
2026-09-30,55750,2026-11-12,put,regular,80,0.3511,43,251.0
2026-09-30,56000,2026-11-12,put,regular,1319,0.3498,43,269.0
2026-09-30,56250,2026-11-12,put,regular,112,0.3467,43,282.0
2026-09-30,56500,2026-11-12,put,regular,414,0.3433,43,295.0
2026-09-30,56750,2026-11-12,put,regular,100,0.3418,43,315.0
2026-09-30,57000,2026-11-12,put,regular,731,0.3385,43,330.0
2026-09-30,57250,2026-11-12,put,regular,108,0.3351,43,345.0
2026-09-30,57500,2026-11-12,put,regular,674,0.334,43,370.0
2026-09-30,57750,2026-11-12,put,regular,130,0.3289,43,380.0
2026-09-30,58000,2026-11-12,put,regular,1021,0.3261,43,400.0
2026-09-30,58250,2026-11-12,put,regular,113,0.3265,43,435.0
2026-09-30,58500,2026-11-12,put,regular,387,0.322,43,450.0
2026-09-30,58750,2026-11-12,put,regular,58,0.3184,43,470.0
2026-09-30,59000,2026-11-12,put,regular,1976,0.3198,43,515.0
2026-09-30,59250,2026-11-12,put,regular,48,0.3137,43,525.0
2026-09-30,59500,2026-11-12,put,regular,2003,0.3162,43,580.0
2026-09-30,59750,2026-11-12,put,regular,17,0.3134,43,610.0
2026-09-30,60000,2026-11-12,put,regular,1758,0.3122,43,650.0
2026-09-30,60250,2026-11-12,put,regular,21,0.3097,43,685.0
2026-09-30,60500,2026-11-12,put,regular,109,0.3086,43,730.0
2026-09-30,60750,2026-11-12,put,regular,41,0.3063,43,770.0
2026-09-30,61000,2026-11-12,put,regular,1055,0.3045,43,815.0
2026-09-30,61125,2026-11-12,put,regular,5,0.3038,43,840.0
2026-09-30,61250,2026-11-12,put,regular,24,0.3015,43,855.0
2026-09-30,61375,2026-11-12,put,regular,112,0.303,43,895.0
2026-09-30,61500,2026-11-12,put,regular,514,0.302,43,920.0
2026-09-30,61625,2026-11-12,put,regular,6,0.2966,43,915.0
2026-09-30,61750,2026-11-12,put,regular,8,0.3013,43,980.0
2026-09-30,62000,2026-11-12,put,regular,1322,0.3016,43,1050.0
2026-09-30,62250,2026-11-12,put,regular,103,0.298,43,1095.0
2026-09-30,62500,2026-11-12,put,regular,437,0.2968,43,1160.0
2026-09-30,62625,2026-11-12,put,regular,3,0.297,43,1200.0
2026-09-30,62875,2026-11-12,put,regular,4,0.2952,43,1265.0
2026-09-30,63000,2026-11-12,put,regular,969,0.2951,43,1305.0
2026-09-30,63250,2026-11-12,put,regular,15,0.294,43,1380.0
2026-09-30,63500,2026-11-12,put,regular,50,0.2925,43,1455.0
2026-09-30,63750,2026-11-12,put,regular,2,0.2918,43,1540.0
2026-09-30,64000,2026-11-12,put,regular,535,0.2913,43,1630.0
2026-09-30,64250,2026-11-12,put,regular,1,0.2898,43,1715.0
2026-09-30,64375,2026-11-12,put,regular,2,0.2897,43,1765.0
2026-09-30,64500,2026-11-12,put,regular,300,0.289,43,1810.0
2026-09-30,64625,2026-11-12,put,regular,494,0.2893,43,1865.0
2026-09-30,64750,2026-11-12,put,regular,5,0.289,43,1915.0
2026-09-30,65000,2026-11-12,put,regular,1140,0.2891,43,2025.0
2026-09-30,65375,2026-11-12,put,regular,30,0.2884,43,2190.0
2026-09-30,65500,2026-11-12,put,regular,135,0.288,43,2245.0
2026-09-30,66000,2026-11-12,put,regular,2087,0.288,43,2490.0
2026-09-30,66500,2026-11-12,put,regular,241,0.2879,43,2750.0
2026-09-30,67000,2026-11-12,put,regular,870,0.2895,43,3040.0
2026-09-30,67500,2026-11-12,put,regular,4,0.2907,43,3340.0
2026-09-30,68000,2026-11-12,put,regular,5,0.2924,43,3660.0
2026-09-30,68375,2026-11-12,put,regular,16,0.2967,43,3935.0
2026-09-30,68500,2026-11-12,put,regular,478,0.2961,43,4010.0
2026-09-30,69000,2026-11-12,put,regular,450,0.2977,43,4355.0
2026-09-30,69500,2026-11-12,put,regular,1,0.3003,43,4720.0
2026-09-30,70000,2026-11-12,put,regular,465,0.3047,43,5110.0
2026-09-30,70750,2026-11-12,put,regular,160,0.3109,43,5710.0
2026-09-30,72500,2026-11-12,put,regular,330,0.3292,43,7205.0
2026-09-30,79500,2026-11-12,put,regular,2,0.4429,43,13880.0
2026-09-30,12500,2026-12-10,put,regular,1426,1.0986,71,1.0
2026-09-30,12750,2026-12-10,put,regular,2,1.0856,71,1.0
2026-09-30,13000,2026-12-10,put,regular,33,1.0729,71,1.0
2026-09-30,13500,2026-12-10,put,regular,101,1.0483,71,1.0
2026-09-30,14000,2026-12-10,put,regular,12,1.0246,71,1.0
2026-09-30,14500,2026-12-10,put,regular,1,1.0018,71,1.0
2026-09-30,14750,2026-12-10,put,regular,1,0.9907,71,1.0
2026-09-30,15000,2026-12-10,put,regular,6,0.9798,71,1.0
2026-09-30,16000,2026-12-10,put,regular,3,0.9379,71,1.0
2026-09-30,17000,2026-12-10,put,regular,3,0.8986,71,1.0
2026-09-30,18000,2026-12-10,put,regular,157,0.8616,71,1.0
2026-09-30,19000,2026-12-10,put,regular,650,0.8266,71,1.0
2026-09-30,20000,2026-12-10,put,regular,2662,0.8816,71,4.0
2026-09-30,20250,2026-12-10,put,regular,3,0.7855,71,1.0
2026-09-30,21000,2026-12-10,put,regular,350,0.8015,71,2.0
2026-09-30,21500,2026-12-10,put,regular,500,0.7469,71,1.0
2026-09-30,22000,2026-12-10,put,regular,1716,0.7948,71,3.0
2026-09-30,22500,2026-12-10,put,regular,150,0.7176,71,1.0
2026-09-30,23000,2026-12-10,put,regular,2106,0.74,71,2.0
2026-09-30,23250,2026-12-10,put,regular,1,0.6965,71,1.0
2026-09-30,23500,2026-12-10,put,regular,127,0.6896,71,1.0
2026-09-30,24000,2026-12-10,put,regular,405,0.676,71,1.0
2026-09-30,24500,2026-12-10,put,regular,250,0.6627,71,1.0
2026-09-30,24750,2026-12-10,put,regular,1,0.6562,71,1.0
2026-09-30,25000,2026-12-10,put,regular,2019,0.7365,71,5.0
2026-09-30,25250,2026-12-10,put,regular,1,0.6433,71,1.0
2026-09-30,25500,2026-12-10,put,regular,2,0.637,71,1.0
2026-09-30,26000,2026-12-10,put,regular,1425,0.6572,71,2.0
2026-09-30,26500,2026-12-10,put,regular,3,0.6443,71,2.0
2026-09-30,27000,2026-12-10,put,regular,2631,0.6808,71,5.0
2026-09-30,27500,2026-12-10,put,regular,25,0.6395,71,3.0
2026-09-30,27750,2026-12-10,put,regular,72,0.6332,71,3.0
2026-09-30,28000,2026-12-10,put,regular,1334,0.6545,71,5.0
2026-09-30,28500,2026-12-10,put,regular,400,0.6147,71,3.0
2026-09-30,29000,2026-12-10,put,regular,1450,0.6291,71,5.0
2026-09-30,30000,2026-12-10,put,regular,7998,0.6615,71,13.0
2026-09-30,30250,2026-12-10,put,regular,1,0.5986,71,5.0
2026-09-30,30500,2026-12-10,put,regular,51,0.5926,71,5.0
2026-09-30,31000,2026-12-10,put,regular,2037,0.5904,71,6.0
2026-09-30,31500,2026-12-10,put,regular,350,0.5786,71,6.0
2026-09-30,32000,2026-12-10,put,regular,4655,0.5751,71,7.0
2026-09-30,32250,2026-12-10,put,regular,600,0.5765,71,8.0
2026-09-30,32500,2026-12-10,put,regular,900,0.5706,71,8.0
2026-09-30,33000,2026-12-10,put,regular,3362,0.5953,71,15.0
2026-09-30,33250,2026-12-10,put,regular,37,0.5597,71,9.0
2026-09-30,33500,2026-12-10,put,regular,72,0.5598,71,10.0
2026-09-30,34000,2026-12-10,put,regular,2820,0.5536,71,11.0
2026-09-30,34500,2026-12-10,put,regular,560,0.547,71,12.0
2026-09-30,34750,2026-12-10,put,regular,1,0.5414,71,12.0
2026-09-30,35000,2026-12-10,put,regular,5258,0.5717,71,22.0
2026-09-30,36000,2026-12-10,put,regular,2905,0.5483,71,22.0
2026-09-30,36500,2026-12-10,put,regular,225,0.5217,71,17.0
2026-09-30,36750,2026-12-10,put,regular,400,0.5194,71,18.0
2026-09-30,37000,2026-12-10,put,regular,2619,0.5139,71,18.0
2026-09-30,37500,2026-12-10,put,regular,188,0.5089,71,20.0
2026-09-30,37750,2026-12-10,put,regular,100,0.5062,71,21.0
2026-09-30,38000,2026-12-10,put,regular,2587,0.5034,71,22.0
2026-09-30,38500,2026-12-10,put,regular,1150,0.4975,71,24.0
2026-09-30,38750,2026-12-10,put,regular,50,0.4944,71,25.0
2026-09-30,39000,2026-12-10,put,regular,2301,0.4912,71,26.0
2026-09-30,39250,2026-12-10,put,regular,650,0.488,71,27.0
2026-09-30,39500,2026-12-10,put,regular,1008,0.4847,71,28.0
2026-09-30,40000,2026-12-10,put,regular,6043,0.4798,71,31.0
2026-09-30,40250,2026-12-10,put,regular,5,0.4763,71,32.0
2026-09-30,40500,2026-12-10,put,regular,1399,0.4779,71,36.0
2026-09-30,40750,2026-12-10,put,regular,1,0.4742,71,37.0
2026-09-30,41000,2026-12-10,put,regular,1929,0.4704,71,38.0
2026-09-30,41250,2026-12-10,put,regular,3,0.465,71,38.0
2026-09-30,41500,2026-12-10,put,regular,101,0.4612,71,39.0
2026-09-30,42000,2026-12-10,put,regular,3702,0.4831,71,65.0
2026-09-30,42500,2026-12-10,put,regular,302,0.4739,71,67.0
2026-09-30,43000,2026-12-10,put,regular,2191,0.4638,71,68.0
2026-09-30,43500,2026-12-10,put,regular,102,0.4631,71,79.0
2026-09-30,43750,2026-12-10,put,regular,9,0.4584,71,80.0
2026-09-30,44000,2026-12-10,put,regular,2803,0.4562,71,84.0
2026-09-30,44500,2026-12-10,put,regular,102,0.4546,71,96.0
2026-09-30,44750,2026-12-10,put,regular,1,0.4452,71,91.0
2026-09-30,45000,2026-12-10,put,regular,2736,0.4404,71,92.0
2026-09-30,45250,2026-12-10,put,regular,53,0.4421,71,102.0
2026-09-30,45500,2026-12-10,put,regular,350,0.4387,71,105.0
2026-09-30,46000,2026-12-10,put,regular,3957,0.4282,71,106.0
2026-09-30,46250,2026-12-10,put,regular,71,0.4285,71,115.0
2026-09-30,46500,2026-12-10,put,regular,119,0.4254,71,119.0
2026-09-30,46750,2026-12-10,put,regular,24,0.4223,71,123.0
2026-09-30,47000,2026-12-10,put,regular,2828,0.4184,71,126.0
2026-09-30,47500,2026-12-10,put,regular,1122,0.4161,71,142.0
2026-09-30,47750,2026-12-10,put,regular,5,0.4089,71,139.0
2026-09-30,48000,2026-12-10,put,regular,4326,0.4059,71,144.0
2026-09-30,48250,2026-12-10,put,regular,10,0.4029,71,149.0
2026-09-30,48500,2026-12-10,put,regular,309,0.3978,71,150.0
2026-09-30,48750,2026-12-10,put,regular,4,0.3946,71,155.0
2026-09-30,49000,2026-12-10,put,regular,3649,0.3923,71,162.0
2026-09-30,49250,2026-12-10,put,regular,210,0.3885,71,166.0
2026-09-30,49500,2026-12-10,put,regular,2327,0.3911,71,185.0
2026-09-30,49750,2026-12-10,put,regular,78,0.3838,71,181.0
2026-09-30,50000,2026-12-10,put,regular,9103,0.3786,71,182.0
2026-09-30,50250,2026-12-10,put,regular,16,0.3828,71,207.0
2026-09-30,50500,2026-12-10,put,regular,2017,0.38,71,215.0
2026-09-30,50750,2026-12-10,put,regular,55,0.3761,71,220.0
2026-09-30,51000,2026-12-10,put,regular,1913,0.3726,71,226.0
2026-09-30,51250,2026-12-10,put,regular,20,0.3699,71,235.0
2026-09-30,51500,2026-12-10,put,regular,270,0.3668,71,243.0
2026-09-30,51750,2026-12-10,put,regular,13,0.3637,71,251.0
2026-09-30,52000,2026-12-10,put,regular,3116,0.3641,71,271.0
2026-09-30,52250,2026-12-10,put,regular,525,0.3562,71,264.0
2026-09-30,52500,2026-12-10,put,regular,742,0.3566,71,285.0
2026-09-30,53000,2026-12-10,put,regular,2020,0.3505,71,305.0
2026-09-30,53250,2026-12-10,put,regular,188,0.3473,71,315.0
2026-09-30,53500,2026-12-10,put,regular,307,0.3466,71,335.0
2026-09-30,53750,2026-12-10,put,regular,45,0.342,71,340.0
2026-09-30,54000,2026-12-10,put,regular,3537,0.3348,71,335.0
2026-09-30,54250,2026-12-10,put,regular,3,0.3349,71,360.0
2026-09-30,54500,2026-12-10,put,regular,880,0.3301,71,365.0
2026-09-30,54750,2026-12-10,put,regular,32,0.3321,71,400.0
2026-09-30,55000,2026-12-10,put,regular,5010,0.3292,71,415.0
2026-09-30,55250,2026-12-10,put,regular,2,0.3284,71,440.0
2026-09-30,55500,2026-12-10,put,regular,127,0.3243,71,450.0
2026-09-30,55750,2026-12-10,put,regular,24,0.3191,71,455.0
2026-09-30,56000,2026-12-10,put,regular,2594,0.3207,71,495.0
2026-09-30,56250,2026-12-10,put,regular,47,0.3191,71,520.0
2026-09-30,56500,2026-12-10,put,regular,321,0.3137,71,525.0
2026-09-30,56750,2026-12-10,put,regular,13,0.3144,71,565.0
2026-09-30,57000,2026-12-10,put,regular,2635,0.3088,71,570.0
2026-09-30,57250,2026-12-10,put,regular,30,0.3107,71,620.0
2026-09-30,57500,2026-12-10,put,regular,987,0.3074,71,640.0
2026-09-30,57750,2026-12-10,put,regular,4,0.3071,71,680.0
2026-09-30,58000,2026-12-10,put,regular,2029,0.3035,71,700.0
2026-09-30,58250,2026-12-10,put,regular,147,0.3005,71,725.0
2026-09-30,58500,2026-12-10,put,regular,863,0.3016,71,780.0
2026-09-30,59000,2026-12-10,put,regular,2780,0.2962,71,840.0
2026-09-30,59250,2026-12-10,put,regular,62,0.2919,71,860.0
2026-09-30,59500,2026-12-10,put,regular,250,0.2926,71,920.0
2026-09-30,60000,2026-12-10,put,regular,9898,0.2895,71,1010.0
2026-09-30,60250,2026-12-10,put,regular,44,0.2894,71,1070.0
2026-09-30,60500,2026-12-10,put,regular,200,0.2884,71,1125.0
2026-09-30,60750,2026-12-10,put,regular,5,0.2872,71,1180.0
2026-09-30,61000,2026-12-10,put,regular,1351,0.2841,71,1220.0
2026-09-30,61250,2026-12-10,put,regular,10,0.2835,71,1285.0
2026-09-30,61500,2026-12-10,put,regular,254,0.2816,71,1340.0
2026-09-30,62000,2026-12-10,put,regular,3486,0.2802,71,1480.0
2026-09-30,62250,2026-12-10,put,regular,250,0.2791,71,1550.0
2026-09-30,62500,2026-12-10,put,regular,1087,0.2777,71,1620.0
2026-09-30,63000,2026-12-10,put,regular,3042,0.2752,71,1770.0
2026-09-30,63250,2026-12-10,put,regular,55,0.276,71,1870.0
2026-09-30,63500,2026-12-10,put,regular,600,0.2736,71,1940.0
2026-09-30,63750,2026-12-10,put,regular,55,0.2729,71,2030.0
2026-09-30,64000,2026-12-10,put,regular,2033,0.2737,71,2140.0
2026-09-30,64500,2026-12-10,put,regular,175,0.2726,71,2340.0
2026-09-30,64625,2026-12-10,put,regular,25,0.2722,71,2390.0
2026-09-30,65000,2026-12-10,put,regular,4555,0.2793,71,2640.0
2026-09-30,65500,2026-12-10,put,regular,605,0.2704,71,2775.0
2026-09-30,65750,2026-12-10,put,regular,15,0.2697,71,2890.0
2026-09-30,66000,2026-12-10,put,regular,1038,0.2696,71,3015.0
2026-09-30,66500,2026-12-10,put,regular,950,0.2698,71,3280.0
2026-09-30,67000,2026-12-10,put,regular,1592,0.2685,71,3540.0
2026-09-30,67250,2026-12-10,put,regular,25,0.2679,71,3675.0
2026-09-30,67500,2026-12-10,put,regular,25,0.2679,71,3820.0
2026-09-30,68000,2026-12-10,put,regular,1900,0.2684,71,4125.0
2026-09-30,68500,2026-12-10,put,regular,203,0.2683,71,4435.0
2026-09-30,68750,2026-12-10,put,regular,100,0.2706,71,4620.0
2026-09-30,69000,2026-12-10,put,regular,1570,0.2686,71,4760.0
2026-09-30,70000,2026-12-10,put,regular,1653,0.2719,71,5475.0
2026-09-30,71000,2026-12-10,put,regular,31,0.2745,71,6220.0
2026-09-30,72000,2026-12-10,put,regular,120,0.2755,71,6985.0
2026-09-30,72500,2026-12-10,put,regular,420,0.2793,71,7410.0
2026-09-30,73000,2026-12-10,put,regular,4,0.2807,71,7820.0
2026-09-30,74000,2026-12-10,put,regular,101,0.2848,71,8670.0
2026-09-30,76000,2026-12-10,put,regular,300,0.2975,71,10465.0
2026-09-30,80000,2026-12-10,put,regular,3700,0.3323,71,14255.0
2026-09-30,90000,2026-12-10,put,regular,3,0.4388,71,24115.0
2026-09-30,36000,2027-01-07,put,regular,11,0.5131,99,50.0
2026-09-30,39000,2027-01-07,put,regular,200,0.4504,99,49.0
2026-09-30,40000,2027-01-07,put,regular,1,0.442,99,59.0
2026-09-30,41000,2027-01-07,put,regular,1,0.4339,99,71.0
2026-09-30,43000,2027-01-07,put,regular,18,0.4159,99,99.0
2026-09-30,44000,2027-01-07,put,regular,1600,0.4068,99,116.0
2026-09-30,45000,2027-01-07,put,regular,1351,0.3979,99,136.0
2026-09-30,47000,2027-01-07,put,regular,98,0.38,99,185.0
2026-09-30,48000,2027-01-07,put,regular,200,0.3714,99,216.0
2026-09-30,48750,2027-01-07,put,regular,30,0.3648,99,242.0
2026-09-30,50000,2027-01-07,put,regular,915,0.3601,99,315.0
2026-09-30,52000,2027-01-07,put,regular,300,0.3393,99,405.0
2026-09-30,52500,2027-01-07,put,regular,20,0.3349,99,435.0
2026-09-30,53750,2027-01-07,put,regular,30,0.3249,99,525.0
2026-09-30,55000,2027-01-07,put,regular,100,0.3145,99,630.0
2026-09-30,57000,2027-01-07,put,regular,60,0.3034,99,885.0
2026-09-30,58000,2027-01-07,put,regular,57,0.297,99,1035.0
2026-09-30,60000,2027-01-07,put,regular,186,0.2869,99,1430.0
2026-09-30,60500,2027-01-07,put,regular,42,0.2842,99,1545.0
2026-09-30,61000,2027-01-07,put,regular,1,0.2818,99,1670.0
2026-09-30,61500,2027-01-07,put,regular,50,0.2756,99,1760.0
2026-09-30,64000,2027-01-07,put,regular,100,0.2684,99,2615.0
2026-09-30,65000,2027-01-07,put,regular,3,0.2664,99,3040.0
2026-09-30,65500,2027-01-07,put,regular,1,0.2663,99,3280.0
2026-09-30,66000,2027-01-07,put,regular,210,0.265,99,3515.0
2026-09-30,66500,2027-01-07,put,regular,2,0.264,99,3765.0
2026-09-30,67000,2027-01-07,put,regular,1,0.264,99,4040.0
2026-09-30,67500,2027-01-07,put,regular,1,0.2636,99,4320.0
2026-09-30,67750,2027-01-07,put,regular,1,0.2631,99,4460.0
2026-09-30,45000,2027-02-10,put,regular,400,0.3709,133,208.0
2026-09-30,47000,2027-02-10,put,regular,125,0.3557,133,278.0
2026-09-30,57500,2027-02-10,put,regular,100,0.2868,133,1240.0
2026-09-30,65000,2027-02-10,put,regular,253,0.2579,133,3475.0
2026-09-30,67000,2027-02-10,put,regular,2,0.2546,133,4465.0
2026-09-30,67250,2027-02-10,put,regular,12,0.2539,133,4595.0
2026-09-30,20000,2027-03-11,put,regular,16,0.5703,162,3.0
2026-09-30,22000,2027-03-11,put,regular,2,0.5388,162,4.0
2026-09-30,29000,2027-03-11,put,regular,1,0.4815,162,22.0
2026-09-30,30000,2027-03-11,put,regular,2,0.4737,162,27.0
2026-09-30,33000,2027-03-11,put,regular,113,0.4485,162,46.0
2026-09-30,35000,2027-03-11,put,regular,700,0.433,162,65.0
2026-09-30,37000,2027-03-11,put,regular,500,0.417,162,89.0
2026-09-30,38000,2027-03-11,put,regular,300,0.4088,162,103.0
2026-09-30,40000,2027-03-11,put,regular,1871,0.3973,162,147.0
2026-09-30,41000,2027-03-11,put,regular,250,0.3854,162,159.0
2026-09-30,42000,2027-03-11,put,regular,534,0.3914,162,222.0
2026-09-30,42500,2027-03-11,put,regular,200,0.3869,162,235.0
2026-09-30,43000,2027-03-11,put,regular,114,0.3824,162,249.0
2026-09-30,43500,2027-03-11,put,regular,66,0.3775,162,262.0
2026-09-30,43750,2027-03-11,put,regular,12,0.3749,162,268.0
2026-09-30,44000,2027-03-11,put,regular,375,0.373,162,277.0
2026-09-30,45000,2027-03-11,put,regular,1794,0.3642,162,310.0
2026-09-30,46000,2027-03-11,put,regular,341,0.355,162,345.0
2026-09-30,47000,2027-03-11,put,regular,950,0.3472,162,390.0
2026-09-30,47750,2027-03-11,put,regular,310,0.342,162,430.0
2026-09-30,48000,2027-03-11,put,regular,1299,0.3395,162,440.0
2026-09-30,48500,2027-03-11,put,regular,51,0.3352,162,465.0
2026-09-30,49000,2027-03-11,put,regular,177,0.3316,162,495.0
2026-09-30,50000,2027-03-11,put,regular,3895,0.3243,162,560.0
2026-09-30,50250,2027-03-11,put,regular,112,0.3229,162,580.0
2026-09-30,51000,2027-03-11,put,regular,24,0.3174,162,635.0
2026-09-30,51250,2027-03-11,put,regular,108,0.3156,162,655.0
2026-09-30,51500,2027-03-11,put,regular,1,0.3138,162,675.0
2026-09-30,52000,2027-03-11,put,regular,2620,0.3106,162,720.0
2026-09-30,52500,2027-03-11,put,regular,50,0.307,162,765.0
2026-09-30,53000,2027-03-11,put,regular,775,0.3038,162,815.0
2026-09-30,53500,2027-03-11,put,regular,200,0.3008,162,870.0
2026-09-30,54000,2027-03-11,put,regular,634,0.298,162,930.0
2026-09-30,55000,2027-03-11,put,regular,1166,0.2923,162,1060.0
2026-09-30,55500,2027-03-11,put,regular,200,0.2879,162,1115.0
2026-09-30,56000,2027-03-11,put,regular,1150,0.2856,162,1195.0
2026-09-30,56250,2027-03-11,put,regular,120,0.2843,162,1235.0
2026-09-30,57000,2027-03-11,put,regular,1485,0.2802,162,1360.0
2026-09-30,58000,2027-03-11,put,regular,2905,0.2756,162,1555.0
2026-09-30,58500,2027-03-11,put,regular,110,0.2733,162,1660.0
2026-09-30,59500,2027-03-11,put,regular,453,0.2692,162,1895.0
2026-09-30,60000,2027-03-11,put,regular,2290,0.267,162,2020.0
2026-09-30,60500,2027-03-11,put,regular,75,0.265,162,2155.0
2026-09-30,61000,2027-03-11,put,regular,160,0.2632,162,2300.0
2026-09-30,61500,2027-03-11,put,regular,12,0.2613,162,2450.0
2026-09-30,62000,2027-03-11,put,regular,1400,0.2618,162,2645.0
2026-09-30,62500,2027-03-11,put,regular,500,0.2604,162,2820.0
2026-09-30,63000,2027-03-11,put,regular,1892,0.2586,162,2995.0
2026-09-30,64000,2027-03-11,put,regular,1270,0.2562,162,3390.0
2026-09-30,65000,2027-03-11,put,regular,880,0.2535,162,3815.0
2026-09-30,66000,2027-03-11,put,regular,478,0.2517,162,4290.0
2026-09-30,66250,2027-03-11,put,regular,15,0.2513,162,4415.0
2026-09-30,66500,2027-03-11,put,regular,16,0.2508,162,4540.0
2026-09-30,67000,2027-03-11,put,regular,300,0.2502,162,4805.0
2026-09-30,68000,2027-03-11,put,regular,130,0.2489,162,5360.0
2026-09-30,69000,2027-03-11,put,regular,350,0.2466,162,5930.0
2026-09-30,69250,2027-03-11,put,regular,10,0.2461,162,6080.0
2026-09-30,70000,2027-03-11,put,regular,480,0.2457,162,6560.0
2026-09-30,72000,2027-03-11,put,regular,100,0.2407,162,7865.0
2026-09-30,53750,2027-04-08,put,regular,12,0.2928,190,1065.0
2026-09-30,55500,2027-04-08,put,regular,1,0.2848,190,1335.0
2026-09-30,62000,2027-04-08,put,regular,30,0.2619,190,2990.0
2026-09-30,48000,2027-05-13,put,regular,100,0.3234,225,690.0
2026-09-30,12500,2027-06-10,put,regular,12,0.6687,253,6.0
2026-09-30,14500,2027-06-10,put,regular,4,0.5581,253,2.0
2026-09-30,15000,2027-06-10,put,regular,1,0.5458,253,2.0
2026-09-30,16250,2027-06-10,put,regular,167,0.5334,253,3.0
2026-09-30,23000,2027-06-10,put,regular,140,0.4767,253,18.0
2026-09-30,24000,2027-06-10,put,regular,100,0.4683,253,22.0
2026-09-30,25000,2027-06-10,put,regular,250,0.4625,253,28.0
2026-09-30,26000,2027-06-10,put,regular,200,0.455,253,34.0
2026-09-30,28000,2027-06-10,put,regular,875,0.4402,253,49.0
2026-09-30,28500,2027-06-10,put,regular,100,0.436,253,53.0
2026-09-30,29000,2027-06-10,put,regular,165,0.4327,253,58.0
2026-09-30,30000,2027-06-10,put,regular,1201,0.426,253,69.0
2026-09-30,31000,2027-06-10,put,regular,100,0.4189,253,81.0
2026-09-30,31500,2027-06-10,put,regular,1,0.4156,253,88.0
2026-09-30,32000,2027-06-10,put,regular,250,0.4121,253,95.0
2026-09-30,33000,2027-06-10,put,regular,150,0.4055,253,111.0
2026-09-30,34000,2027-06-10,put,regular,1300,0.3989,253,129.0
2026-09-30,35000,2027-06-10,put,regular,1628,0.3919,253,148.0
2026-09-30,35500,2027-06-10,put,regular,145,0.3886,253,159.0
2026-09-30,36000,2027-06-10,put,regular,300,0.3856,253,171.0
2026-09-30,37000,2027-06-10,put,regular,50,0.379,253,196.0
2026-09-30,38000,2027-06-10,put,regular,201,0.3726,253,224.0
2026-09-30,38500,2027-06-10,put,regular,140,0.3694,253,239.0
2026-09-30,39000,2027-06-10,put,regular,50,0.3662,253,255.0
2026-09-30,39500,2027-06-10,put,regular,101,0.363,253,272.0
2026-09-30,40000,2027-06-10,put,regular,1150,0.3599,253,290.0
2026-09-30,41000,2027-06-10,put,regular,100,0.354,253,330.0
2026-09-30,42000,2027-06-10,put,regular,400,0.3482,253,375.0
2026-09-30,42500,2027-06-10,put,regular,61,0.3454,253,400.0
2026-09-30,43000,2027-06-10,put,regular,35,0.3424,253,425.0
2026-09-30,43750,2027-06-10,put,regular,2,0.3379,253,465.0
2026-09-30,44000,2027-06-10,put,regular,196,0.3358,253,475.0
2026-09-30,45000,2027-06-10,put,regular,2075,0.3307,253,540.0
2026-09-30,46000,2027-06-10,put,regular,1773,0.3247,253,605.0
2026-09-30,46500,2027-06-10,put,regular,70,0.3217,253,640.0
2026-09-30,47000,2027-06-10,put,regular,201,0.3191,253,680.0
2026-09-30,47750,2027-06-10,put,regular,100,0.3154,253,745.0
2026-09-30,48000,2027-06-10,put,regular,1229,0.3139,253,765.0
2026-09-30,49000,2027-06-10,put,regular,400,0.3087,253,860.0
2026-09-30,50000,2027-06-10,put,regular,2132,0.3037,253,965.0
2026-09-30,50500,2027-06-10,put,regular,325,0.301,253,1020.0
2026-09-30,51000,2027-06-10,put,regular,100,0.2986,253,1080.0
2026-09-30,51250,2027-06-10,put,regular,3,0.2973,253,1110.0
2026-09-30,52000,2027-06-10,put,regular,1105,0.2939,253,1210.0
2026-09-30,52250,2027-06-10,put,regular,88,0.2927,253,1245.0
2026-09-30,52500,2027-06-10,put,regular,187,0.2915,253,1280.0
2026-09-30,52750,2027-06-10,put,regular,750,0.2903,253,1315.0
2026-09-30,53000,2027-06-10,put,regular,720,0.2893,253,1355.0
2026-09-30,53500,2027-06-10,put,regular,1,0.2868,253,1430.0
2026-09-30,53750,2027-06-10,put,regular,35,0.2861,253,1475.0
2026-09-30,54000,2027-06-10,put,regular,2002,0.2848,253,1515.0
2026-09-30,55000,2027-06-10,put,regular,1800,0.2807,253,1695.0
2026-09-30,55500,2027-06-10,put,regular,255,0.2786,253,1790.0
2026-09-30,56000,2027-06-10,put,regular,1346,0.2765,253,1890.0
2026-09-30,56500,2027-06-10,put,regular,40,0.2744,253,1995.0
2026-09-30,57000,2027-06-10,put,regular,1345,0.2727,253,2110.0
2026-09-30,57500,2027-06-10,put,regular,2,0.271,253,2230.0
2026-09-30,57750,2027-06-10,put,regular,112,0.27,253,2290.0
2026-09-30,58000,2027-06-10,put,regular,1187,0.269,253,2350.0
2026-09-30,58500,2027-06-10,put,regular,401,0.2673,253,2480.0
2026-09-30,59000,2027-06-10,put,regular,535,0.2658,253,2620.0
2026-09-30,59500,2027-06-10,put,regular,212,0.264,253,2760.0
2026-09-30,60000,2027-06-10,put,regular,2106,0.2624,253,2910.0
2026-09-30,61000,2027-06-10,put,regular,3,0.2594,253,3230.0
2026-09-30,62000,2027-06-10,put,regular,800,0.2566,253,3580.0
2026-09-30,63000,2027-06-10,put,regular,950,0.2541,253,3960.0
2026-09-30,64000,2027-06-10,put,regular,270,0.2519,253,4375.0
2026-09-30,64750,2027-06-10,put,regular,104,0.2503,253,4705.0
2026-09-30,65000,2027-06-10,put,regular,1988,0.2498,253,4820.0
2026-09-30,65500,2027-06-10,put,regular,26,0.2489,253,5055.0
2026-09-30,66000,2027-06-10,put,regular,575,0.248,253,5300.0
2026-09-30,66750,2027-06-10,put,regular,150,0.2468,253,5680.0
2026-09-30,67000,2027-06-10,put,regular,1270,0.2463,253,5810.0
2026-09-30,67500,2027-06-10,put,regular,100,0.2457,253,6080.0
2026-09-30,68000,2027-06-10,put,regular,600,0.245,253,6355.0
2026-09-30,68500,2027-06-10,put,regular,200,0.2443,253,6640.0
2026-09-30,69000,2027-06-10,put,regular,500,0.2439,253,6935.0
2026-09-30,70000,2027-06-10,put,regular,700,0.2429,253,7545.0
2026-09-30,70500,2027-06-10,put,regular,31,0.2426,253,7865.0
2026-09-30,72000,2027-06-10,put,regular,100,0.2419,253,8865.0
2026-09-30,77500,2027-06-10,put,regular,50,0.2431,253,13040.0
2026-09-30,67000,2027-07-08,put,regular,58,0.2458,281,6085.0
2026-09-30,27000,2027-09-09,put,regular,150,0.4185,344,80.0
2026-09-30,31000,2027-09-09,put,regular,200,0.3935,344,149.0
2026-09-30,32000,2027-09-09,put,regular,150,0.3872,344,171.0
2026-09-30,45000,2027-09-09,put,regular,100,0.3135,344,795.0
2026-09-30,47000,2027-09-09,put,regular,200,0.3036,344,980.0
2026-09-30,48000,2027-09-09,put,regular,116,0.2992,344,1090.0
2026-09-30,49000,2027-09-09,put,regular,200,0.2943,344,1205.0
2026-09-30,50000,2027-09-09,put,regular,226,0.2899,344,1335.0
2026-09-30,51000,2027-09-09,put,regular,16,0.2854,344,1475.0
2026-09-30,52000,2027-09-09,put,regular,6,0.2815,344,1635.0
2026-09-30,53000,2027-09-09,put,regular,316,0.2774,344,1805.0
2026-09-30,54250,2027-09-09,put,regular,200,0.2724,344,2040.0
2026-09-30,55000,2027-09-09,put,regular,800,0.2696,344,2195.0
2026-09-30,56000,2027-09-09,put,regular,80,0.2661,344,2420.0
2026-09-30,58000,2027-09-09,put,regular,1,0.2594,344,2930.0
2026-09-30,60000,2027-09-09,put,regular,435,0.2536,344,3535.0
2026-09-30,60750,2027-09-09,put,regular,4,0.2514,344,3785.0
2026-09-30,62000,2027-09-09,put,regular,189,0.2481,344,4235.0
2026-09-30,64500,2027-09-09,put,regular,92,0.2425,344,5270.0
2026-09-30,65000,2027-09-09,put,regular,400,0.2414,344,5495.0
2026-09-30,67000,2027-09-09,put,regular,30,0.2378,344,6480.0
2026-09-30,68250,2027-09-09,put,regular,200,0.2359,344,7155.0
2026-09-30,68750,2027-09-09,put,regular,93,0.2351,344,7435.0
2026-09-30,12500,2027-12-09,put,regular,11,0.5591,435,16.0
2026-09-30,13000,2027-12-09,put,regular,1,0.4983,435,6.0
2026-09-30,16000,2027-12-09,put,regular,350,0.4713,435,14.0
2026-09-30,19000,2027-12-09,put,regular,301,0.4489,435,29.0
2026-09-30,20000,2027-12-09,put,regular,400,0.4419,435,36.0
2026-09-30,21000,2027-12-09,put,regular,50,0.4348,435,44.0
2026-09-30,22000,2027-12-09,put,regular,408,0.4512,435,80.0
2026-09-30,22500,2027-12-09,put,regular,36,0.4252,435,59.0
2026-09-30,23000,2027-12-09,put,regular,132,0.4222,435,65.0
2026-09-30,23750,2027-12-09,put,regular,39,0.4172,435,74.0
2026-09-30,24000,2027-12-09,put,regular,1721,0.4155,435,77.0
2026-09-30,25000,2027-12-09,put,regular,1350,0.4091,435,91.0
2026-09-30,26000,2027-12-09,put,regular,300,0.4029,435,107.0
2026-09-30,26500,2027-12-09,put,regular,100,0.4,435,116.0
2026-09-30,27000,2027-12-09,put,regular,1300,0.3974,435,126.0
2026-09-30,28000,2027-12-09,put,regular,2125,0.3913,435,146.0
2026-09-30,29000,2027-12-09,put,regular,450,0.3856,435,169.0
2026-09-30,29500,2027-12-09,put,regular,249,0.3826,435,181.0
2026-09-30,30000,2027-12-09,put,regular,2645,0.3797,435,194.0
2026-09-30,31000,2027-12-09,put,regular,1750,0.3741,435,222.0
2026-09-30,31500,2027-12-09,put,regular,204,0.3712,435,237.0
2026-09-30,32000,2027-12-09,put,regular,1425,0.3685,435,253.0
2026-09-30,32250,2027-12-09,put,regular,30,0.367,435,261.0
2026-09-30,32750,2027-12-09,put,regular,35,0.3645,435,279.0
2026-09-30,33000,2027-12-09,put,regular,450,0.3629,435,287.0
2026-09-30,34000,2027-12-09,put,regular,2694,0.3576,435,325.0
2026-09-30,34500,2027-12-09,put,regular,100,0.3559,435,350.0
2026-09-30,35000,2027-12-09,put,regular,2000,0.353,435,370.0
2026-09-30,35500,2027-12-09,put,regular,40,0.3499,435,390.0
2026-09-30,36000,2027-12-09,put,regular,1230,0.3476,435,415.0
2026-09-30,36500,2027-12-09,put,regular,300,0.345,435,440.0
2026-09-30,37000,2027-12-09,put,regular,1150,0.3423,435,465.0
2026-09-30,38000,2027-12-09,put,regular,1175,0.3373,435,520.0
2026-09-30,39000,2027-12-09,put,regular,800,0.3323,435,580.0
2026-09-30,39500,2027-12-09,put,regular,50,0.3302,435,615.0
2026-09-30,40000,2027-12-09,put,regular,3320,0.3279,435,650.0
2026-09-30,40500,2027-12-09,put,regular,450,0.3254,435,685.0
2026-09-30,42000,2027-12-09,put,regular,550,0.3182,435,800.0
2026-09-30,43000,2027-12-09,put,regular,640,0.3135,435,885.0
2026-09-30,44000,2027-12-09,put,regular,100,0.3091,435,980.0
2026-09-30,45000,2027-12-09,put,regular,2176,0.3049,435,1085.0
2026-09-30,46000,2027-12-09,put,regular,1000,0.3004,435,1195.0
2026-09-30,47000,2027-12-09,put,regular,250,0.2965,435,1320.0
2026-09-30,47500,2027-12-09,put,regular,35,0.2944,435,1385.0
2026-09-30,48000,2027-12-09,put,regular,715,0.2922,435,1450.0
2026-09-30,49000,2027-12-09,put,regular,700,0.2883,435,1595.0
2026-09-30,50000,2027-12-09,put,regular,3970,0.2844,435,1750.0
2026-09-30,51000,2027-12-09,put,regular,350,0.2806,435,1920.0
2026-09-30,52000,2027-12-09,put,regular,685,0.2771,435,2105.0
2026-09-30,53000,2027-12-09,put,regular,822,0.2736,435,2305.0
2026-09-30,54000,2027-12-09,put,regular,775,0.2702,435,2520.0
2026-09-30,54500,2027-12-09,put,regular,400,0.2686,435,2635.0
2026-09-30,55000,2027-12-09,put,regular,1400,0.267,435,2755.0
2026-09-30,55500,2027-12-09,put,regular,75,0.2655,435,2880.0
2026-09-30,56000,2027-12-09,put,regular,470,0.2638,435,3005.0
2026-09-30,57000,2027-12-09,put,regular,820,0.2608,435,3275.0
2026-09-30,58000,2027-12-09,put,regular,1700,0.2581,435,3570.0
2026-09-30,58500,2027-12-09,put,regular,610,0.2565,435,3720.0
2026-09-30,59000,2027-12-09,put,regular,100,0.2552,435,3880.0
2026-09-30,60000,2027-12-09,put,regular,1257,0.2526,435,4215.0
2026-09-30,62000,2027-12-09,put,regular,425,0.2477,435,4950.0
2026-09-30,62500,2027-12-09,put,regular,70,0.2465,435,5150.0
2026-09-30,63000,2027-12-09,put,regular,650,0.2454,435,5355.0
2026-09-30,63500,2027-12-09,put,regular,50,0.2443,435,5565.0
2026-09-30,64000,2027-12-09,put,regular,130,0.2431,435,5780.0
2026-09-30,65000,2027-12-09,put,regular,1300,0.2412,435,6235.0
2026-09-30,66000,2027-12-09,put,regular,1195,0.2393,435,6715.0
2026-09-30,67000,2027-12-09,put,regular,400,0.2375,435,7220.0
2026-09-30,68000,2027-12-09,put,regular,400,0.2359,435,7750.0
2026-09-30,69000,2027-12-09,put,regular,750,0.2343,435,8305.0
2026-09-30,70000,2027-12-09,put,regular,550,0.2329,435,8885.0
2026-09-30,70500,2027-12-09,put,regular,31,0.2322,435,9185.0
2026-09-30,75000,2027-12-09,put,regular,175,0.2271,435,12140.0
2026-09-30,80000,2027-12-09,put,regular,400,0.2231,435,15910.0
2026-09-30,59000,2028-03-09,put,regular,29,0.2526,526,4435.0
2026-09-30,15000,2028-06-08,put,regular,3,0.3763,617,5.0
2026-09-30,20000,2028-06-08,put,regular,3,0.3758,617,40.0
2026-09-30,25000,2028-06-08,put,regular,630,0.3755,617,165.0
2026-09-30,26000,2028-06-08,put,regular,250,0.3754,617,208.0
2026-09-30,27000,2028-06-08,put,regular,100,0.3752,617,258.0
2026-09-30,30000,2028-06-08,put,regular,300,0.3557,617,355.0
2026-09-30,32000,2028-06-08,put,regular,250,0.3437,617,435.0
2026-09-30,33000,2028-06-08,put,regular,100,0.3386,617,485.0
2026-09-30,35000,2028-06-08,put,regular,200,0.329,617,600.0
2026-09-30,40000,2028-06-08,put,regular,250,0.3076,617,995.0
2026-09-30,41500,2028-06-08,put,regular,100,0.3023,617,1155.0
2026-09-30,45000,2028-06-08,put,regular,65,0.2902,617,1605.0
2026-09-30,48000,2028-06-08,put,regular,400,0.2807,617,2095.0
2026-09-30,50000,2028-06-08,put,regular,430,0.2749,617,2485.0
2026-09-30,54000,2028-06-08,put,regular,100,0.2638,617,3430.0
2026-09-30,55000,2028-06-08,put,regular,50,0.2612,617,3705.0
2026-09-30,58000,2028-06-08,put,regular,200,0.2538,617,4630.0
2026-09-30,60000,2028-06-08,put,regular,250,0.2494,617,5340.0
2026-09-30,12000,2028-12-07,put,regular,300,0.3728,799,4.0
2026-09-30,16000,2028-12-07,put,regular,1950,0.3662,799,23.0
2026-09-30,18000,2028-12-07,put,regular,100,0.3661,799,48.0
2026-09-30,20000,2028-12-07,put,regular,200,0.3652,799,88.0
2026-09-30,23000,2028-12-07,put,regular,100,0.365,799,192.0
2026-09-30,23500,2028-12-07,put,regular,38,0.3648,799,215.0
2026-09-30,24000,2028-12-07,put,regular,1000,0.3647,799,240.0
2026-09-30,25000,2028-12-07,put,regular,1200,0.3644,799,296.0
2026-09-30,27000,2028-12-07,put,regular,120,0.3648,799,440.0
2026-09-30,27500,2028-12-07,put,regular,50,0.3613,799,460.0
2026-09-30,28000,2028-12-07,put,regular,1250,0.3586,799,485.0
2026-09-30,30000,2028-12-07,put,regular,750,0.346,799,580.0
2026-09-30,31000,2028-12-07,put,regular,400,0.3409,799,640.0
2026-09-30,32000,2028-12-07,put,regular,850,0.3354,799,700.0
2026-09-30,32250,2028-12-07,put,regular,51,0.334,799,715.0
2026-09-30,33000,2028-12-07,put,regular,525,0.3301,799,765.0
2026-09-30,34000,2028-12-07,put,regular,775,0.325,799,835.0
2026-09-30,34750,2028-12-07,put,regular,100,0.3212,799,890.0
2026-09-30,35000,2028-12-07,put,regular,1305,0.32,799,910.0
2026-09-30,36000,2028-12-07,put,regular,2750,0.3151,799,990.0
2026-09-30,37000,2028-12-07,put,regular,580,0.3107,799,1080.0
2026-09-30,38000,2028-12-07,put,regular,2860,0.3063,799,1175.0
2026-09-30,39000,2028-12-07,put,regular,50,0.3022,799,1280.0
2026-09-30,40000,2028-12-07,put,regular,1210,0.298,799,1390.0
2026-09-30,42000,2028-12-07,put,regular,350,0.2905,799,1640.0
2026-09-30,43000,2028-12-07,put,regular,100,0.2869,799,1780.0
2026-09-30,44500,2028-12-07,put,regular,75,0.2819,799,2010.0
2026-09-30,45000,2028-12-07,put,regular,770,0.2802,799,2090.0
2026-09-30,46000,2028-12-07,put,regular,100,0.2769,799,2260.0
2026-09-30,48000,2028-12-07,put,regular,600,0.2711,799,2645.0
2026-09-30,50000,2028-12-07,put,regular,2450,0.2656,799,3080.0
2026-09-30,51000,2028-12-07,put,regular,150,0.2628,799,3315.0
2026-09-30,52000,2028-12-07,put,regular,250,0.2604,799,3570.0
2026-09-30,53000,2028-12-07,put,regular,50,0.258,799,3840.0
2026-09-30,55000,2028-12-07,put,regular,725,0.2535,799,4425.0
2026-09-30,56000,2028-12-07,put,regular,450,0.2514,799,4745.0
2026-09-30,57000,2028-12-07,put,regular,150,0.2494,799,5080.0
2026-09-30,60000,2028-12-07,put,regular,550,0.2436,799,6185.0
2026-09-30,63000,2028-12-07,put,regular,25,0.2385,799,7455.0
2026-09-30,65000,2028-12-07,put,regular,925,0.2352,799,8385.0
2026-09-30,68000,2028-12-07,put,regular,100,0.2305,799,9910.0
2026-09-30,69000,2028-12-07,put,regular,270,0.229,799,10455.0
2026-09-30,70000,2028-12-07,put,regular,225,0.2274,799,11010.0
2026-09-30,75000,2028-12-07,put,regular,80,0.2198,799,14045.0
2026-09-30,15000,2029-06-07,put,regular,1,0.3554,981,30.0
2026-09-30,15000,2029-12-13,put,regular,1,0.3446,1170,49.0
2026-09-30,23250,2029-12-13,put,regular,40,0.3422,1170,410.0
2026-09-30,30000,2029-12-13,put,regular,100,0.3219,1170,955.0
2026-09-30,32000,2029-12-13,put,regular,113,0.3113,1170,1110.0
2026-09-30,34250,2029-12-13,put,regular,6,0.3004,1170,1310.0
2026-09-30,40000,2029-12-13,call,regular,150,0.2,1170,2020.0
2026-09-30,44000,2029-12-13,call,regular,100,0.2,1170,2715.0
2026-09-30,45000,2029-12-13,call,regular,75,0.2,1170,2915.0
2026-09-30,50000,2029-12-13,call,regular,570,0.2,1170,4115.0
2026-09-30,64000,2029-12-13,call,regular,100,0.1736,1170,9300.0
2026-09-30,65000,2029-12-13,call,regular,50,0.1941,1170,9770.0
2026-09-30,70000,2029-12-13,call,regular,100,0.2927,1170,12350.0
2026-09-30,19000,2030-06-13,call,regular,2,0.2,1352,205.0
2026-09-30,23500,2030-12-12,call,regular,100,0.2,1534,505.0
2026-09-30,31750,2030-12-12,call,regular,74,0.2,1534,1340.0
2026-09-30,34000,2030-12-12,call,regular,24,0.2,1534,1595.0
2026-09-30,44000,2030-12-12,call,regular,80,0.2,1534,3370.0
2026-09-30,45000,2030-12-12,call,regular,40,0.2,1534,3610.0
2026-09-30,49500,2030-12-12,call,regular,100,0.2,1534,4830.0
2026-09-30,50000,2030-12-12,call,regular,200,0.2,1534,4980.0
2026-09-30,64000,2030-12-12,call,regular,3,0.1702,1534,10300.0
2026-09-30,31500,2031-12-11,call,regular,52,0.2,1898,1920.0
2026-09-30,68000,2031-12-11,call,regular,100,0.2278,1898,13020.0
2026-09-30,31250,2032-12-09,call,regular,40,0.2,2262,2520.0
2026-09-30,35000,2026-10-08,call,regular,24,0.2,8,30610.0
2026-09-30,42750,2026-10-08,call,regular,3,0.2,8,22860.0
2026-09-30,45000,2026-10-08,call,regular,2,0.2,8,20610.0
2026-09-30,47500,2026-10-08,call,regular,34,0.2,8,18115.0
2026-09-30,50000,2026-10-08,call,regular,1,0.2,8,15620.0
2026-09-30,53000,2026-10-08,call,regular,34,0.2,8,12625.0
2026-09-30,55000,2026-10-08,call,regular,4,0.2,8,10630.0
2026-09-30,57000,2026-10-08,call,regular,1,0.2,8,8635.0
2026-09-30,59500,2026-10-08,call,regular,14,0.2,8,6170.0
2026-09-30,60000,2026-10-08,call,regular,9,0.2,8,5680.0
2026-09-30,60500,2026-10-08,call,regular,100,0.2,8,5195.0
2026-09-30,61000,2026-10-08,call,regular,201,0.2,8,4720.0
2026-09-30,62000,2026-10-08,call,regular,49,0.2,8,3785.0
2026-09-30,63000,2026-10-08,call,regular,158,0.2,8,2880.0
2026-09-30,63250,2026-10-08,call,regular,6,0.2,8,2700.0
2026-09-30,63500,2026-10-08,call,regular,11,0.2,8,2500.0
2026-09-30,63625,2026-10-08,call,regular,1,0.2,8,2400.0
2026-09-30,63750,2026-10-08,call,regular,4,0.2,8,2305.0
2026-09-30,63875,2026-10-08,call,regular,50,0.2,8,2210.0
2026-09-30,64000,2026-10-08,call,regular,735,0.2,8,2080.0
2026-09-30,64125,2026-10-08,call,regular,1,0.2,8,2025.0
2026-09-30,64250,2026-10-08,call,regular,6,0.2,8,1930.0
2026-09-30,64375,2026-10-08,call,regular,61,0.2,8,1840.0
2026-09-30,64500,2026-10-08,call,regular,212,0.113,8,1755.0
2026-09-30,64625,2026-10-08,call,regular,687,0.1334,8,1670.0
2026-09-30,64750,2026-10-08,call,regular,755,0.1452,8,1585.0
2026-09-30,64875,2026-10-08,call,regular,7,0.1513,8,1495.0
2026-09-30,65000,2026-10-08,call,regular,1384,0.1641,8,1430.0
2026-09-30,65125,2026-10-08,call,regular,5,0.1707,8,1355.0
2026-09-30,65250,2026-10-08,call,regular,54,0.1757,8,1280.0
2026-09-30,65375,2026-10-08,call,regular,8,0.1778,8,1200.0
2026-09-30,65500,2026-10-08,call,regular,320,0.1705,8,1090.0
2026-09-30,65625,2026-10-08,call,regular,32,0.175,8,1025.0
2026-09-30,65750,2026-10-08,call,regular,138,0.1756,8,950.0
2026-09-30,65875,2026-10-08,call,regular,44,0.1923,8,940.0
2026-09-30,66000,2026-10-08,call,regular,3131,0.1973,8,890.0
2026-09-30,66125,2026-10-08,call,regular,35,0.195,8,815.0
2026-09-30,66250,2026-10-08,call,regular,97,0.1945,8,750.0
2026-09-30,66375,2026-10-08,call,regular,97,0.2008,8,715.0
2026-09-30,66500,2026-10-08,call,regular,332,0.1973,8,645.0
2026-09-30,66625,2026-10-08,call,regular,66,0.2059,8,625.0
2026-09-30,66750,2026-10-08,call,regular,198,0.2021,8,560.0
2026-09-30,66875,2026-10-08,call,regular,39,0.2108,8,545.0
2026-09-30,67000,2026-10-08,call,regular,1860,0.204,8,475.0
2026-09-30,67125,2026-10-08,call,regular,63,0.2128,8,465.0
2026-09-30,67250,2026-10-08,call,regular,97,0.2128,8,425.0
2026-09-30,67375,2026-10-08,call,regular,88,0.2164,8,400.0
2026-09-30,67500,2026-10-08,call,regular,1281,0.2164,8,365.0
2026-09-30,67625,2026-10-08,call,regular,94,0.2172,8,335.0
2026-09-30,67750,2026-10-08,call,regular,1080,0.219,8,310.0
2026-09-30,67875,2026-10-08,call,regular,21,0.2209,8,287.0
2026-09-30,68000,2026-10-08,call,regular,2325,0.2207,8,260.0
2026-09-30,68125,2026-10-08,call,regular,82,0.2239,8,244.0
2026-09-30,68250,2026-10-08,call,regular,117,0.2251,8,224.0
2026-09-30,68375,2026-10-08,call,regular,6,0.2269,8,207.0
2026-09-30,68500,2026-10-08,call,regular,1505,0.226,8,185.0
2026-09-30,68625,2026-10-08,call,regular,1,0.2301,8,176.0
2026-09-30,68750,2026-10-08,call,regular,210,0.2293,8,157.0
2026-09-30,68875,2026-10-08,call,regular,161,0.2321,8,147.0
2026-09-30,69000,2026-10-08,call,regular,2756,0.2356,8,139.0
2026-09-30,69125,2026-10-08,call,regular,2,0.2355,8,125.0
2026-09-30,69250,2026-10-08,call,regular,27,0.2359,8,113.0
2026-09-30,69375,2026-10-08,call,regular,2,0.2375,8,104.0
2026-09-30,69500,2026-10-08,call,regular,620,0.2381,8,94.0
2026-09-30,69625,2026-10-08,call,regular,97,0.2407,8,88.0
2026-09-30,69750,2026-10-08,call,regular,114,0.238,8,75.0
2026-09-30,69875,2026-10-08,call,regular,115,0.2427,8,73.0
2026-09-30,70000,2026-10-08,call,regular,2891,0.2434,8,66.0
2026-09-30,70125,2026-10-08,call,regular,8,0.2452,8,61.0
2026-09-30,70250,2026-10-08,call,regular,60,0.2439,8,53.0
2026-09-30,70375,2026-10-08,call,regular,128,0.2468,8,50.0
2026-09-30,70500,2026-10-08,call,regular,438,0.243,8,41.0
2026-09-30,70625,2026-10-08,call,regular,23,0.2519,8,44.0
2026-09-30,70750,2026-10-08,call,regular,60,0.2468,8,35.0
2026-09-30,70875,2026-10-08,call,regular,4,0.2559,8,38.0
2026-09-30,71000,2026-10-08,call,regular,2269,0.2477,8,28.0
2026-09-30,71125,2026-10-08,call,regular,3,0.2587,8,32.0
2026-09-30,71250,2026-10-08,call,regular,141,0.2564,8,27.0
2026-09-30,71500,2026-10-08,call,regular,400,0.2522,8,19.0
2026-09-30,71625,2026-10-08,call,regular,5,0.2591,8,20.0
2026-09-30,71750,2026-10-08,call,regular,37,0.2598,8,18.0
2026-09-30,71875,2026-10-08,call,regular,2,0.2623,8,17.0
2026-09-30,72000,2026-10-08,call,regular,3924,0.2597,8,14.0
2026-09-30,72125,2026-10-08,call,regular,1,0.2669,8,15.0
2026-09-30,72250,2026-10-08,call,regular,101,0.2715,8,15.0
2026-09-30,72500,2026-10-08,call,regular,455,0.2691,8,11.0
2026-09-30,72750,2026-10-08,call,regular,30,0.2745,8,10.0
2026-09-30,73000,2026-10-08,call,regular,1931,0.271,8,7.0
2026-09-30,73250,2026-10-08,call,regular,38,0.2793,8,7.0
2026-09-30,73500,2026-10-08,call,regular,166,0.2824,8,6.0
2026-09-30,73750,2026-10-08,call,regular,45,0.2846,8,5.0
2026-09-30,74000,2026-10-08,call,regular,1078,0.2855,8,4.0
2026-09-30,74250,2026-10-08,call,regular,67,0.2932,8,4.0
2026-09-30,74500,2026-10-08,call,regular,153,0.3009,8,4.0
2026-09-30,74750,2026-10-08,call,regular,63,0.2995,8,3.0
2026-09-30,75000,2026-10-08,call,regular,2402,0.3069,8,3.0
2026-09-30,75250,2026-10-08,call,regular,17,0.3312,8,5.0
2026-09-30,75500,2026-10-08,call,regular,71,0.3215,8,3.0
2026-09-30,75750,2026-10-08,call,regular,24,0.3288,8,3.0
2026-09-30,76000,2026-10-08,call,regular,932,0.3233,8,2.0
2026-09-30,76250,2026-10-08,call,regular,46,0.3302,8,2.0
2026-09-30,76500,2026-10-08,call,regular,75,0.3371,8,2.0
2026-09-30,77000,2026-10-08,call,regular,1439,0.3508,8,2.0
2026-09-30,77500,2026-10-08,call,regular,127,0.3644,8,2.0
2026-09-30,78000,2026-10-08,call,regular,742,0.3779,8,2.0
2026-09-30,78500,2026-10-08,call,regular,60,0.3912,8,2.0
2026-09-30,79000,2026-10-08,call,regular,167,0.3813,8,1.0
2026-09-30,79500,2026-10-08,call,regular,48,0.3937,8,1.0
2026-09-30,80000,2026-10-08,call,regular,1878,0.406,8,1.0
2026-09-30,80500,2026-10-08,call,regular,49,0.4182,8,1.0
2026-09-30,81000,2026-10-08,call,regular,635,0.4303,8,1.0
2026-09-30,81500,2026-10-08,call,regular,26,0.4423,8,1.0
2026-09-30,82000,2026-10-08,call,regular,282,0.4542,8,1.0
2026-09-30,82500,2026-10-08,call,regular,19,0.466,8,1.0
2026-09-30,83000,2026-10-08,call,regular,74,0.4777,8,1.0
2026-09-30,83500,2026-10-08,call,regular,12,0.4893,8,1.0
2026-09-30,84000,2026-10-08,call,regular,25,0.5008,8,1.0
2026-09-30,84500,2026-10-08,call,regular,2,0.5122,8,1.0
2026-09-30,85000,2026-10-08,call,regular,178,0.5235,8,1.0
2026-09-30,87500,2026-10-08,call,regular,75,0.5788,8,1.0
2026-09-30,90000,2026-10-08,call,regular,226,0.6321,8,1.0
2026-09-30,92500,2026-10-08,call,regular,15,0.6835,8,1.0
2026-09-30,95000,2026-10-08,call,regular,59,0.7332,8,1.0
2026-09-30,97500,2026-10-08,call,regular,14,0.7813,8,1.0
2026-09-30,100000,2026-10-08,call,regular,297,0.8279,8,1.0
2026-09-30,44500,2026-11-12,call,regular,2,0.2,43,21140.0
2026-09-30,50250,2026-11-12,call,regular,35,0.2,43,15455.0
2026-09-30,56000,2026-11-12,call,regular,34,0.2,43,9880.0
2026-09-30,57500,2026-11-12,call,regular,100,0.2,43,8485.0
2026-09-30,60000,2026-11-12,call,regular,100,0.1514,43,6270.0
2026-09-30,60500,2026-11-12,call,regular,100,0.1773,43,5850.0
2026-09-30,61000,2026-11-12,call,regular,200,0.1904,43,5440.0
2026-09-30,63250,2026-11-12,call,regular,15,0.2153,43,3760.0
2026-09-30,63500,2026-11-12,call,regular,17,0.2157,43,3585.0
2026-09-30,64000,2026-11-12,call,regular,132,0.2179,43,3260.0
2026-09-30,64375,2026-11-12,call,regular,2,0.2176,43,3015.0
2026-09-30,64500,2026-11-12,call,regular,201,0.2175,43,2935.0
2026-09-30,64625,2026-11-12,call,regular,1,0.219,43,2870.0
2026-09-30,65000,2026-11-12,call,regular,441,0.2201,43,2655.0
2026-09-30,65125,2026-11-12,call,regular,3,0.2203,43,2585.0
2026-09-30,65375,2026-11-12,call,regular,11,0.2204,43,2445.0
2026-09-30,65500,2026-11-12,call,regular,172,0.2203,43,2375.0
2026-09-30,65625,2026-11-12,call,regular,1,0.2205,43,2310.0
2026-09-30,65750,2026-11-12,call,regular,1,0.2195,43,2235.0
2026-09-30,65875,2026-11-12,call,regular,50,0.2218,43,2190.0
2026-09-30,66000,2026-11-12,call,regular,670,0.2216,43,2125.0
2026-09-30,66125,2026-11-12,call,regular,4,0.2224,43,2070.0
2026-09-30,66250,2026-11-12,call,regular,2,0.2236,43,2020.0
2026-09-30,66500,2026-11-12,call,regular,1,0.2212,43,1880.0
2026-09-30,66750,2026-11-12,call,regular,7,0.2222,43,1775.0
2026-09-30,67000,2026-11-12,call,regular,1446,0.2226,43,1670.0
2026-09-30,67500,2026-11-12,call,regular,966,0.2235,43,1475.0
2026-09-30,67750,2026-11-12,call,regular,35,0.2246,43,1390.0
2026-09-30,67875,2026-11-12,call,regular,2,0.227,43,1365.0
2026-09-30,68000,2026-11-12,call,regular,626,0.2223,43,1280.0
2026-09-30,68375,2026-11-12,call,regular,16,0.2266,43,1190.0
2026-09-30,68500,2026-11-12,call,regular,16,0.2261,43,1145.0
2026-09-30,68750,2026-11-12,call,regular,10,0.2252,43,1060.0
2026-09-30,69000,2026-11-12,call,regular,3696,0.2231,43,970.0
2026-09-30,69250,2026-11-12,call,regular,1,0.2261,43,925.0
2026-09-30,69375,2026-11-12,call,regular,113,0.2253,43,885.0
2026-09-30,69500,2026-11-12,call,regular,16,0.2256,43,855.0
2026-09-30,69750,2026-11-12,call,regular,1,0.2265,43,800.0
2026-09-30,69875,2026-11-12,call,regular,18,0.2278,43,780.0
2026-09-30,70000,2026-11-12,call,regular,1093,0.2249,43,730.0
2026-09-30,70125,2026-11-12,call,regular,1,0.2274,43,720.0
2026-09-30,70250,2026-11-12,call,regular,8,0.227,43,690.0
2026-09-30,70375,2026-11-12,call,regular,102,0.2279,43,670.0
2026-09-30,70500,2026-11-12,call,regular,39,0.228,43,645.0
2026-09-30,70750,2026-11-12,call,regular,5,0.2278,43,595.0
2026-09-30,71000,2026-11-12,call,regular,636,0.2302,43,565.0
2026-09-30,71125,2026-11-12,call,regular,2,0.2314,43,550.0
2026-09-30,71250,2026-11-12,call,regular,6,0.2283,43,510.0
2026-09-30,71500,2026-11-12,call,regular,365,0.2292,43,475.0
2026-09-30,71625,2026-11-12,call,regular,8,0.2316,43,470.0
2026-09-30,72000,2026-11-12,call,regular,1541,0.2278,43,395.0
2026-09-30,72125,2026-11-12,call,regular,11,0.2329,43,405.0
2026-09-30,72250,2026-11-12,call,regular,8,0.2293,43,370.0
2026-09-30,72500,2026-11-12,call,regular,609,0.2304,43,345.0
2026-09-30,73000,2026-11-12,call,regular,213,0.2304,43,290.0
2026-09-30,73250,2026-11-12,call,regular,1,0.231,43,268.0
2026-09-30,73500,2026-11-12,call,regular,18,0.2308,43,244.0
2026-09-30,73750,2026-11-12,call,regular,2,0.2321,43,228.0
2026-09-30,74000,2026-11-12,call,regular,241,0.2315,43,206.0
2026-09-30,74250,2026-11-12,call,regular,1,0.2324,43,191.0
2026-09-30,74500,2026-11-12,call,regular,120,0.233,43,176.0
2026-09-30,75000,2026-11-12,call,regular,449,0.232,43,143.0
2026-09-30,75250,2026-11-12,call,regular,1,0.2339,43,135.0
2026-09-30,75500,2026-11-12,call,regular,84,0.2345,43,124.0
2026-09-30,75750,2026-11-12,call,regular,1,0.2342,43,112.0
2026-09-30,76000,2026-11-12,call,regular,130,0.2331,43,99.0
2026-09-30,76250,2026-11-12,call,regular,1,0.2366,43,97.0
2026-09-30,76500,2026-11-12,call,regular,283,0.2351,43,85.0
2026-09-30,77000,2026-11-12,call,regular,171,0.2342,43,68.0
2026-09-30,77500,2026-11-12,call,regular,2,0.2387,43,62.0
2026-09-30,78000,2026-11-12,call,regular,158,0.2375,43,49.0
2026-09-30,78500,2026-11-12,call,regular,1,0.2404,43,43.0
2026-09-30,79000,2026-11-12,call,regular,60,0.2415,43,36.0
2026-09-30,79500,2026-11-12,call,regular,16,0.2424,43,30.0
2026-09-30,80000,2026-11-12,call,regular,230,0.2421,43,24.0
2026-09-30,82500,2026-11-12,call,regular,138,0.2511,43,11.0
2026-09-30,85000,2026-11-12,call,regular,146,0.2591,43,5.0
2026-09-30,87500,2026-11-12,call,regular,176,0.2859,43,5.0
2026-09-30,90000,2026-11-12,call,regular,251,0.2977,43,3.0
2026-09-30,92500,2026-11-12,call,regular,1,0.2947,43,1.0
2026-09-30,95000,2026-11-12,call,regular,28,0.3162,43,1.0
2026-09-30,100000,2026-11-12,call,regular,93,0.357,43,1.0
2026-09-30,12500,2026-12-10,call,regular,84,0.2,71,53185.0
2026-09-30,20000,2026-12-10,call,regular,150,0.2,71,45705.0
2026-09-30,22000,2026-12-10,call,regular,100,0.2,71,43710.0
2026-09-30,25000,2026-12-10,call,regular,300,0.2,71,40720.0
2026-09-30,26000,2026-12-10,call,regular,350,0.2,71,39720.0
2026-09-30,27000,2026-12-10,call,regular,250,0.2,71,38725.0
2026-09-30,28000,2026-12-10,call,regular,75,0.2,71,37730.0
2026-09-30,28500,2026-12-10,call,regular,125,0.2,71,37230.0
2026-09-30,29000,2026-12-10,call,regular,150,0.2,71,36730.0
2026-09-30,30000,2026-12-10,call,regular,2553,0.2,71,35735.0
2026-09-30,30500,2026-12-10,call,regular,50,0.2,71,35240.0
2026-09-30,31000,2026-12-10,call,regular,241,0.2,71,34740.0
2026-09-30,31500,2026-12-10,call,regular,50,0.2,71,34240.0
2026-09-30,32000,2026-12-10,call,regular,700,0.2,71,33745.0
2026-09-30,32500,2026-12-10,call,regular,250,0.2,71,33245.0
2026-09-30,33000,2026-12-10,call,regular,1950,0.2,71,32750.0
2026-09-30,34000,2026-12-10,call,regular,280,0.2,71,31755.0
2026-09-30,34500,2026-12-10,call,regular,400,0.2,71,31255.0
2026-09-30,35000,2026-12-10,call,regular,435,0.2,71,30760.0
2026-09-30,36000,2026-12-10,call,regular,975,0.2,71,29765.0
2026-09-30,36500,2026-12-10,call,regular,252,0.2,71,29265.0
2026-09-30,37000,2026-12-10,call,regular,450,0.2,71,28770.0
2026-09-30,37500,2026-12-10,call,regular,88,0.2,71,28270.0
2026-09-30,37750,2026-12-10,call,regular,100,0.2,71,28025.0
2026-09-30,38000,2026-12-10,call,regular,1225,0.2,71,27775.0
2026-09-30,38500,2026-12-10,call,regular,700,0.2,71,27280.0
2026-09-30,38750,2026-12-10,call,regular,50,0.2,71,27030.0
2026-09-30,39000,2026-12-10,call,regular,750,0.2,71,26785.0
2026-09-30,39500,2026-12-10,call,regular,500,0.2,71,26285.0
2026-09-30,40000,2026-12-10,call,regular,1200,0.2,71,25790.0
2026-09-30,40500,2026-12-10,call,regular,400,0.2,71,25295.0
2026-09-30,41000,2026-12-10,call,regular,1300,0.2,71,24800.0
2026-09-30,41500,2026-12-10,call,regular,100,0.2,71,24305.0
2026-09-30,42000,2026-12-10,call,regular,1071,0.2,71,23830.0
2026-09-30,42500,2026-12-10,call,regular,250,0.2,71,23335.0
2026-09-30,43000,2026-12-10,call,regular,1400,0.2,71,22835.0
2026-09-30,43250,2026-12-10,call,regular,4,0.2,71,22595.0
2026-09-30,43750,2026-12-10,call,regular,131,0.2,71,22100.0
2026-09-30,44000,2026-12-10,call,regular,600,0.2,71,21855.0
2026-09-30,45000,2026-12-10,call,regular,1842,0.2,71,20865.0
2026-09-30,45250,2026-12-10,call,regular,413,0.2,71,20625.0
2026-09-30,45500,2026-12-10,call,regular,200,0.2,71,20380.0
2026-09-30,46000,2026-12-10,call,regular,2300,0.2,71,19880.0
2026-09-30,46250,2026-12-10,call,regular,315,0.2,71,19640.0
2026-09-30,47000,2026-12-10,call,regular,350,0.2,71,18905.0
2026-09-30,47500,2026-12-10,call,regular,200,0.2,71,18410.0
2026-09-30,48000,2026-12-10,call,regular,750,0.2,71,17925.0
2026-09-30,49000,2026-12-10,call,regular,1000,0.2,71,16945.0
2026-09-30,49500,2026-12-10,call,regular,260,0.2,71,16460.0
2026-09-30,50000,2026-12-10,call,regular,5692,0.2,71,15970.0
2026-09-30,50250,2026-12-10,call,regular,58,0.2,71,15745.0
2026-09-30,50500,2026-12-10,call,regular,600,0.2,71,15505.0
2026-09-30,50750,2026-12-10,call,regular,45,0.2,71,15255.0
2026-09-30,51000,2026-12-10,call,regular,731,0.2,71,15005.0
2026-09-30,52000,2026-12-10,call,regular,802,0.2,71,14050.0
2026-09-30,52250,2026-12-10,call,regular,250,0.2,71,13810.0
2026-09-30,52500,2026-12-10,call,regular,50,0.2,71,13580.0
2026-09-30,53000,2026-12-10,call,regular,1135,0.2,71,13100.0
2026-09-30,53500,2026-12-10,call,regular,106,0.2,71,12630.0
2026-09-30,54000,2026-12-10,call,regular,1941,0.2,71,12130.0
2026-09-30,54500,2026-12-10,call,regular,540,0.2,71,11665.0
2026-09-30,55000,2026-12-10,call,regular,1829,0.2,71,11215.0
2026-09-30,55500,2026-12-10,call,regular,300,0.1672,71,10750.0
2026-09-30,56000,2026-12-10,call,regular,791,0.1961,71,10290.0
2026-09-30,56500,2026-12-10,call,regular,283,0.207,71,9830.0
2026-09-30,57000,2026-12-10,call,regular,500,0.2139,71,9375.0
2026-09-30,57250,2026-12-10,call,regular,113,0.2209,71,9165.0
2026-09-30,57500,2026-12-10,call,regular,80,0.2237,71,8945.0
2026-09-30,58000,2026-12-10,call,regular,2603,0.227,71,8505.0
2026-09-30,58500,2026-12-10,call,regular,350,0.2272,71,8060.0
2026-09-30,59000,2026-12-10,call,regular,1900,0.2319,71,7650.0
2026-09-30,59500,2026-12-10,call,regular,100,0.2335,71,7235.0
2026-09-30,60000,2026-12-10,call,regular,7478,0.2341,71,6825.0
2026-09-30,60500,2026-12-10,call,regular,102,0.2365,71,6440.0
2026-09-30,61000,2026-12-10,call,regular,813,0.2354,71,6040.0
2026-09-30,61500,2026-12-10,call,regular,1,0.2347,71,5655.0
2026-09-30,62000,2026-12-10,call,regular,1850,0.236,71,5300.0
2026-09-30,62500,2026-12-10,call,regular,812,0.2354,71,4940.0
2026-09-30,63000,2026-12-10,call,regular,1417,0.2344,71,4590.0
2026-09-30,63500,2026-12-10,call,regular,300,0.2346,71,4265.0
2026-09-30,63750,2026-12-10,call,regular,32,0.2344,71,4105.0
2026-09-30,64000,2026-12-10,call,regular,2242,0.2352,71,3960.0
2026-09-30,64500,2026-12-10,call,regular,296,0.2341,71,3650.0
2026-09-30,65000,2026-12-10,call,regular,3594,0.2331,71,3355.0
2026-09-30,65500,2026-12-10,call,regular,734,0.2317,71,3070.0
2026-09-30,65750,2026-12-10,call,regular,15,0.2299,71,2920.0
2026-09-30,66000,2026-12-10,call,regular,1092,0.2304,71,2800.0
2026-09-30,66250,2026-12-10,call,regular,15,0.2296,71,2670.0
2026-09-30,66500,2026-12-10,call,regular,2990,0.2312,71,2570.0
2026-09-30,67000,2026-12-10,call,regular,1739,0.2303,71,2335.0
2026-09-30,67250,2026-12-10,call,regular,25,0.2296,71,2220.0
2026-09-30,67500,2026-12-10,call,regular,25,0.2295,71,2115.0
2026-09-30,68000,2026-12-10,call,regular,4264,0.23,71,1925.0
2026-09-30,68500,2026-12-10,call,regular,437,0.2298,71,1740.0
2026-09-30,69000,2026-12-10,call,regular,1646,0.2324,71,1600.0
2026-09-30,69250,2026-12-10,call,regular,50,0.2343,71,1540.0
2026-09-30,70000,2026-12-10,call,regular,5415,0.2336,71,1310.0
2026-09-30,71000,2026-12-10,call,regular,1313,0.2342,71,1060.0
2026-09-30,71500,2026-12-10,call,regular,251,0.2339,71,945.0
2026-09-30,71750,2026-12-10,call,regular,24,0.233,71,885.0
2026-09-30,72000,2026-12-10,call,regular,3761,0.2324,71,830.0
2026-09-30,72250,2026-12-10,call,regular,2,0.2344,71,800.0
2026-09-30,72500,2026-12-10,call,regular,2413,0.2351,71,760.0
2026-09-30,73000,2026-12-10,call,regular,705,0.2344,71,670.0
2026-09-30,73500,2026-12-10,call,regular,400,0.2346,71,595.0
2026-09-30,73750,2026-12-10,call,regular,1,0.234,71,555.0
2026-09-30,74000,2026-12-10,call,regular,1751,0.2344,71,525.0
2026-09-30,74500,2026-12-10,call,regular,1,0.2363,71,475.0
2026-09-30,74750,2026-12-10,call,regular,1,0.2353,71,440.0
2026-09-30,75000,2026-12-10,call,regular,3727,0.2357,71,415.0
2026-09-30,75500,2026-12-10,call,regular,2,0.2349,71,360.0
2026-09-30,76000,2026-12-10,call,regular,460,0.2357,71,320.0
2026-09-30,76250,2026-12-10,call,regular,12,0.2378,71,310.0
2026-09-30,77000,2026-12-10,call,regular,303,0.2351,71,242.0
2026-09-30,77500,2026-12-10,call,regular,1055,0.2357,71,213.0
2026-09-30,78000,2026-12-10,call,regular,388,0.2402,71,202.0
2026-09-30,79000,2026-12-10,call,regular,209,0.2408,71,155.0
2026-09-30,80000,2026-12-10,call,regular,7264,0.2401,71,115.0
2026-09-30,81000,2026-12-10,call,regular,7,0.2448,71,96.0
2026-09-30,82000,2026-12-10,call,regular,3,0.246,71,74.0
2026-09-30,82500,2026-12-10,call,regular,1126,0.2467,71,65.0
2026-09-30,83000,2026-12-10,call,regular,121,0.2453,71,54.0
2026-09-30,84000,2026-12-10,call,regular,523,0.2445,71,39.0
2026-09-30,85000,2026-12-10,call,regular,1009,0.2539,71,38.0
2026-09-30,87500,2026-12-10,call,regular,2459,0.263,71,24.0
2026-09-30,90000,2026-12-10,call,regular,1803,0.262,71,11.0
2026-09-30,95000,2026-12-10,call,regular,1078,0.2803,71,5.0
2026-09-30,100000,2026-12-10,call,regular,512,0.2926,71,2.0
2026-09-30,54250,2027-01-07,call,regular,27,0.1659,99,12010.0
2026-09-30,58000,2027-01-07,call,regular,1,0.2312,99,8750.0
2026-09-30,61000,2027-01-07,call,regular,26,0.2347,99,6400.0
2026-09-30,63750,2027-01-07,call,regular,50,0.2305,99,4515.0
2026-09-30,64000,2027-01-07,call,regular,100,0.2297,99,4355.0
2026-09-30,65000,2027-01-07,call,regular,14,0.2293,99,3785.0
2026-09-30,66000,2027-01-07,call,regular,160,0.2292,99,3270.0
2026-09-30,67000,2027-01-07,call,regular,100,0.2283,99,2795.0
2026-09-30,67500,2027-01-07,call,regular,5,0.2278,99,2575.0
2026-09-30,67750,2027-01-07,call,regular,3,0.2276,99,2470.0
2026-09-30,68000,2027-01-07,call,regular,1,0.2279,99,2375.0
2026-09-30,68500,2027-01-07,call,regular,5,0.2282,99,2190.0
2026-09-30,69000,2027-01-07,call,regular,944,0.2284,99,2015.0
2026-09-30,69500,2027-01-07,call,regular,2,0.2277,99,1840.0
2026-09-30,70000,2027-01-07,call,regular,2,0.2273,99,1680.0
2026-09-30,70250,2027-01-07,call,regular,1,0.228,99,1615.0
2026-09-30,70500,2027-01-07,call,regular,2,0.2269,99,1530.0
2026-09-30,71000,2027-01-07,call,regular,1,0.2269,99,1395.0
2026-09-30,71500,2027-01-07,call,regular,50,0.2269,99,1270.0
2026-09-30,72000,2027-01-07,call,regular,20,0.2265,99,1150.0
2026-09-30,73000,2027-01-07,call,regular,1,0.227,99,950.0
2026-09-30,74000,2027-01-07,call,regular,1,0.229,99,795.0
2026-09-30,75000,2027-01-07,call,regular,1,0.23,99,655.0
2026-09-30,80000,2027-01-07,call,regular,1,0.2341,99,233.0
2026-09-30,90000,2027-01-07,call,regular,3,0.2571,99,39.0
2026-09-30,100000,2027-01-07,call,regular,7,0.2673,99,5.0
2026-09-30,56000,2027-02-10,call,regular,8,0.2624,133,10960.0
2026-09-30,56750,2027-02-10,call,regular,60,0.2612,133,10330.0
2026-09-30,64000,2027-02-10,call,regular,110,0.2439,133,5050.0
2026-09-30,66000,2027-02-10,call,regular,8,0.2375,133,3905.0
2026-09-30,66250,2027-02-10,call,regular,50,0.2375,133,3785.0
2026-09-30,67250,2027-02-10,call,regular,12,0.2363,133,3315.0
2026-09-30,69000,2027-02-10,call,regular,3,0.2347,133,2600.0
2026-09-30,70000,2027-02-10,call,regular,1,0.2351,133,2265.0
2026-09-30,71000,2027-02-10,call,regular,2,0.2348,133,1955.0
2026-09-30,72500,2027-02-10,call,regular,77,0.2352,133,1565.0
2026-09-30,75000,2027-02-10,call,regular,100,0.2354,133,1055.0
2026-09-30,52000,2027-03-11,call,regular,560,0.2638,162,14645.0
2026-09-30,52750,2027-03-11,call,regular,8,0.2638,162,13975.0
2026-09-30,53000,2027-03-11,call,regular,275,0.2632,162,13750.0
2026-09-30,53500,2027-03-11,call,regular,202,0.263,162,13310.0
2026-09-30,53750,2027-03-11,call,regular,44,0.2626,162,13090.0
2026-09-30,54000,2027-03-11,call,regular,267,0.2627,162,12875.0
2026-09-30,55000,2027-03-11,call,regular,550,0.2608,162,12010.0
2026-09-30,56000,2027-03-11,call,regular,50,0.2572,162,11150.0
2026-09-30,56500,2027-03-11,call,regular,1,0.2561,162,10735.0
2026-09-30,57000,2027-03-11,call,regular,365,0.2554,162,10330.0
2026-09-30,58000,2027-03-11,call,regular,150,0.2531,162,9530.0
2026-09-30,59500,2027-03-11,call,regular,200,0.2496,162,8380.0
2026-09-30,59750,2027-03-11,call,regular,2,0.249,162,8195.0
2026-09-30,60000,2027-03-11,call,regular,12,0.2483,162,8010.0
2026-09-30,60250,2027-03-11,call,regular,44,0.2478,162,7830.0
2026-09-30,61000,2027-03-11,call,regular,160,0.2459,162,7295.0
2026-09-30,61750,2027-03-11,call,regular,1,0.2444,162,6785.0
2026-09-30,62000,2027-03-11,call,regular,200,0.2462,162,6655.0
2026-09-30,62500,2027-03-11,call,regular,508,0.2452,162,6330.0
2026-09-30,63000,2027-03-11,call,regular,1052,0.2439,162,6010.0
2026-09-30,64000,2027-03-11,call,regular,150,0.2416,162,5400.0
2026-09-30,64250,2027-03-11,call,regular,100,0.2415,162,5260.0
2026-09-30,65000,2027-03-11,call,regular,1401,0.2398,162,4835.0
2026-09-30,66000,2027-03-11,call,regular,1591,0.2382,162,4310.0
2026-09-30,66250,2027-03-11,call,regular,15,0.2381,162,4190.0
2026-09-30,66500,2027-03-11,call,regular,22,0.2376,162,4065.0
2026-09-30,67000,2027-03-11,call,regular,501,0.2373,162,3835.0
2026-09-30,68000,2027-03-11,call,regular,740,0.236,162,3390.0
2026-09-30,69000,2027-03-11,call,regular,350,0.2355,162,2995.0
2026-09-30,69250,2027-03-11,call,regular,10,0.2352,162,2900.0
2026-09-30,70000,2027-03-11,call,regular,933,0.2346,162,2630.0
2026-09-30,70500,2027-03-11,call,regular,150,0.2345,162,2465.0
2026-09-30,71000,2027-03-11,call,regular,103,0.2341,162,2305.0
2026-09-30,72000,2027-03-11,call,regular,665,0.2301,162,1955.0
2026-09-30,72500,2027-03-11,call,regular,254,0.2301,162,1825.0
2026-09-30,73000,2027-03-11,call,regular,400,0.23,162,1700.0
2026-09-30,73500,2027-03-11,call,regular,1,0.23,162,1585.0
2026-09-30,74000,2027-03-11,call,regular,3,0.23,162,1475.0
2026-09-30,75000,2027-03-11,call,regular,1593,0.2322,162,1305.0
2026-09-30,76000,2027-03-11,call,regular,900,0.2321,162,1125.0
2026-09-30,77500,2027-03-11,call,regular,400,0.2319,162,895.0
2026-09-30,80000,2027-03-11,call,regular,491,0.2326,162,610.0
2026-09-30,82500,2027-03-11,call,regular,773,0.2339,162,415.0
2026-09-30,85000,2027-03-11,call,regular,225,0.2343,162,274.0
2026-09-30,90000,2027-03-11,call,regular,350,0.2498,162,165.0
2026-09-30,95000,2027-03-11,call,regular,500,0.2532,162,78.0
2026-09-30,100000,2027-03-11,call,regular,85,0.2623,162,44.0
2026-09-30,57000,2027-04-08,call,regular,25,0.2355,190,10330.0
2026-09-30,57750,2027-04-08,call,regular,88,0.2357,190,9750.0
2026-09-30,65000,2027-04-08,call,regular,88,0.2304,190,5005.0
2026-09-30,67000,2027-04-08,call,regular,25,0.229,190,4025.0
2026-09-30,60250,2027-05-13,call,regular,8,0.2378,225,8305.0
2026-09-30,61250,2027-05-13,call,regular,23,0.2369,225,7645.0
2026-09-30,71000,2027-05-13,call,regular,23,0.2293,225,2910.0
2026-09-30,72000,2027-05-13,call,regular,8,0.2287,225,2595.0
2026-09-30,16250,2027-06-10,call,regular,114,0.2,253,49070.0
2026-09-30,30000,2027-06-10,call,regular,300,0.2,253,35535.0
2026-09-30,33000,2027-06-10,call,regular,50,0.2,253,32610.0
2026-09-30,36000,2027-06-10,call,regular,150,0.2,253,29705.0
2026-09-30,37000,2027-06-10,call,regular,50,0.2,253,28740.0
2026-09-30,37250,2027-06-10,call,regular,480,0.2,253,28500.0
2026-09-30,38500,2027-06-10,call,regular,140,0.2,253,27300.0
2026-09-30,39000,2027-06-10,call,regular,50,0.2,253,26820.0
2026-09-30,44500,2027-06-10,call,regular,300,0.2,253,21630.0
2026-09-30,50000,2027-06-10,call,regular,300,0.2368,253,16650.0
2026-09-30,50500,2027-06-10,call,regular,175,0.2384,253,16210.0
2026-09-30,53000,2027-06-10,call,regular,100,0.2425,253,14070.0
2026-09-30,54000,2027-06-10,call,regular,1050,0.243,253,13245.0
2026-09-30,55000,2027-06-10,call,regular,300,0.2427,253,12435.0
2026-09-30,56000,2027-06-10,call,regular,175,0.2417,253,11640.0
2026-09-30,57000,2027-06-10,call,regular,50,0.2407,253,10870.0
2026-09-30,58500,2027-06-10,call,regular,58,0.239,253,9760.0
2026-09-30,60000,2027-06-10,call,regular,750,0.2369,253,8705.0
2026-09-30,62500,2027-06-10,call,regular,150,0.2334,253,7090.0
2026-09-30,63000,2027-06-10,call,regular,100,0.2328,253,6790.0
2026-09-30,64000,2027-06-10,call,regular,470,0.2315,253,6215.0
2026-09-30,65000,2027-06-10,call,regular,552,0.2303,253,5670.0
2026-09-30,65500,2027-06-10,call,regular,62,0.2296,253,5410.0
2026-09-30,66000,2027-06-10,call,regular,506,0.2291,253,5160.0
2026-09-30,66500,2027-06-10,call,regular,125,0.2285,253,4915.0
2026-09-30,67000,2027-06-10,call,regular,930,0.2282,253,4685.0
2026-09-30,67500,2027-06-10,call,regular,400,0.2276,253,4455.0
2026-09-30,68000,2027-06-10,call,regular,582,0.2273,253,4240.0
2026-09-30,68250,2027-06-10,call,regular,15,0.2271,253,4135.0
2026-09-30,68500,2027-06-10,call,regular,206,0.2268,253,4030.0
2026-09-30,69000,2027-06-10,call,regular,1,0.2265,253,3830.0
2026-09-30,69250,2027-06-10,call,regular,36,0.2262,253,3730.0
2026-09-30,69500,2027-06-10,call,regular,62,0.2261,253,3635.0
2026-09-30,70000,2027-06-10,call,regular,450,0.2258,253,3450.0
2026-09-30,70500,2027-06-10,call,regular,31,0.2256,253,3275.0
2026-09-30,71000,2027-06-10,call,regular,100,0.2254,253,3105.0
2026-09-30,72000,2027-06-10,call,regular,820,0.2251,253,2790.0
2026-09-30,73000,2027-06-10,call,regular,2,0.225,253,2505.0
2026-09-30,74000,2027-06-10,call,regular,850,0.2249,253,2245.0
2026-09-30,75000,2027-06-10,call,regular,1448,0.225,253,2010.0
2026-09-30,76000,2027-06-10,call,regular,150,0.2252,253,1800.0
2026-09-30,77500,2027-06-10,call,regular,671,0.2259,253,1525.0
2026-09-30,80000,2027-06-10,call,regular,1215,0.2276,253,1160.0
2026-09-30,85000,2027-06-10,call,regular,2684,0.233,253,685.0
2026-09-30,90000,2027-06-10,call,regular,400,0.2382,253,405.0
2026-09-30,95000,2027-06-10,call,regular,601,0.2409,253,229.0
2026-09-30,65750,2027-07-08,call,regular,20,0.232,281,5615.0
2026-09-30,66750,2027-07-08,call,regular,32,0.2309,281,5130.0
2026-09-30,75000,2027-07-08,call,regular,32,0.2264,281,2270.0
2026-09-30,77000,2027-07-08,call,regular,20,0.2264,281,1840.0
2026-09-30,68000,2027-08-12,call,regular,22,0.2355,316,5035.0
2026-09-30,69000,2027-08-12,call,regular,53,0.2344,316,4610.0
2026-09-30,78000,2027-08-12,call,regular,75,0.2265,316,1905.0
2026-09-30,62500,2027-09-09,call,regular,34,0.2382,344,8005.0
2026-09-30,63250,2027-09-09,call,regular,32,0.2371,344,7570.0
2026-09-30,65000,2027-09-09,call,regular,101,0.2345,344,6610.0
2026-09-30,67000,2027-09-09,call,regular,80,0.2319,344,5620.0
2026-09-30,70000,2027-09-09,call,regular,250,0.2291,344,4355.0
2026-09-30,71250,2027-09-09,call,regular,31,0.2284,344,3905.0
2026-09-30,72250,2027-09-09,call,regular,34,0.2278,344,3570.0
2026-09-30,77500,2027-09-09,call,regular,417,0.2266,344,2205.0
2026-09-30,80000,2027-09-09,call,regular,100,0.2269,344,1745.0
2026-09-30,28000,2027-12-09,call,regular,50,0.2,435,37515.0
2026-09-30,30000,2027-12-09,call,regular,225,0.2,435,35600.0
2026-09-30,31500,2027-12-09,call,regular,50,0.2,435,34170.0
2026-09-30,32000,2027-12-09,call,regular,100,0.2,435,33695.0
2026-09-30,33000,2027-12-09,call,regular,100,0.2,435,32750.0
2026-09-30,34000,2027-12-09,call,regular,375,0.2,435,31805.0
2026-09-30,35000,2027-12-09,call,regular,201,0.2,435,30865.0
2026-09-30,36000,2027-12-09,call,regular,80,0.2,435,29930.0
2026-09-30,36750,2027-12-09,call,regular,442,0.2,435,29230.0
2026-09-30,37000,2027-12-09,call,regular,200,0.2,435,29000.0
2026-09-30,38000,2027-12-09,call,regular,575,0.2,435,28075.0
2026-09-30,39000,2027-12-09,call,regular,125,0.2,435,27155.0
2026-09-30,39250,2027-12-09,call,regular,50,0.2,435,26925.0
2026-09-30,39500,2027-12-09,call,regular,50,0.2,435,26695.0
2026-09-30,40000,2027-12-09,call,regular,350,0.2,435,26240.0
2026-09-30,40500,2027-12-09,call,regular,450,0.1669,435,25785.0
2026-09-30,41000,2027-12-09,call,regular,375,0.1996,435,25330.0
2026-09-30,42000,2027-12-09,call,regular,200,0.2224,435,24425.0
2026-09-30,43000,2027-12-09,call,regular,400,0.2342,435,23530.0
2026-09-30,43500,2027-12-09,call,regular,150,0.2389,435,23090.0
2026-09-30,45000,2027-12-09,call,regular,1950,0.2459,435,21765.0
2026-09-30,46000,2027-12-09,call,regular,500,0.2492,435,20900.0
2026-09-30,48000,2027-12-09,call,regular,225,0.2516,435,19190.0
2026-09-30,49000,2027-12-09,call,regular,700,0.252,435,18355.0
2026-09-30,50000,2027-12-09,call,regular,1950,0.2518,435,17530.0
2026-09-30,51000,2027-12-09,call,regular,300,0.2513,435,16720.0
2026-09-30,52500,2027-12-09,call,regular,100,0.2499,435,15530.0
2026-09-30,54000,2027-12-09,call,regular,300,0.2481,435,14375.0
2026-09-30,54500,2027-12-09,call,regular,100,0.2475,435,14000.0
2026-09-30,55000,2027-12-09,call,regular,704,0.2467,435,13625.0
2026-09-30,57000,2027-12-09,call,regular,250,0.2439,435,12185.0
2026-09-30,58000,2027-12-09,call,regular,500,0.2424,435,11495.0
2026-09-30,60000,2027-12-09,call,regular,1225,0.2395,435,10180.0
2026-09-30,61000,2027-12-09,call,regular,200,0.238,435,9555.0
2026-09-30,62000,2027-12-09,call,regular,200,0.2366,435,8955.0
2026-09-30,62500,2027-12-09,call,regular,70,0.2358,435,8660.0
2026-09-30,63000,2027-12-09,call,regular,300,0.2351,435,8375.0
2026-09-30,63500,2027-12-09,call,regular,50,0.2344,435,8095.0
2026-09-30,64000,2027-12-09,call,regular,780,0.2339,435,7825.0
2026-09-30,65000,2027-12-09,call,regular,550,0.2325,435,7295.0
2026-09-30,66000,2027-12-09,call,regular,845,0.2314,435,6795.0
2026-09-30,67000,2027-12-09,call,regular,100,0.2302,435,6315.0
2026-09-30,68000,2027-12-09,call,regular,200,0.2292,435,5865.0
2026-09-30,69000,2027-12-09,call,regular,850,0.2283,435,5440.0
2026-09-30,70000,2027-12-09,call,regular,900,0.2273,435,5035.0
2026-09-30,70500,2027-12-09,call,regular,93,0.2269,435,4845.0
2026-09-30,72000,2027-12-09,call,regular,500,0.226,435,4310.0
2026-09-30,72500,2027-12-09,call,regular,100,0.2256,435,4140.0
2026-09-30,73500,2027-12-09,call,regular,100,0.2252,435,3825.0
2026-09-30,75000,2027-12-09,call,regular,552,0.2244,435,3385.0
2026-09-30,77500,2027-12-09,call,regular,600,0.2238,435,2760.0
2026-09-30,80000,2027-12-09,call,regular,1150,0.2239,435,2250.0
2026-09-30,85000,2027-12-09,call,regular,100,0.2253,435,1500.0
2026-09-30,87500,2027-12-09,call,regular,100,0.2262,435,1225.0
2026-09-30,95000,2027-12-09,call,regular,2600,0.2291,435,665.0
2026-09-30,100000,2027-12-09,call,regular,800,0.2286,435,420.0
2026-09-30,41500,2028-06-08,call,regular,100,0.2588,617,25445.0
2026-09-30,28000,2028-12-07,call,regular,50,0.2,799,37920.0
2026-09-30,30000,2028-12-07,call,regular,80,0.2,799,36085.0
2026-09-30,31000,2028-12-07,call,regular,200,0.2,799,35175.0
2026-09-30,32000,2028-12-07,call,regular,75,0.2,799,34270.0
2026-09-30,33000,2028-12-07,call,regular,125,0.2143,799,33370.0
2026-09-30,34500,2028-12-07,call,regular,330,0.2425,799,32030.0
2026-09-30,34750,2028-12-07,call,regular,100,0.2446,799,31805.0
2026-09-30,35500,2028-12-07,call,regular,443,0.2508,799,31140.0
2026-09-30,36000,2028-12-07,call,regular,450,0.2541,799,30700.0
2026-09-30,36500,2028-12-07,call,regular,52,0.2566,799,30260.0
2026-09-30,38000,2028-12-07,call,regular,120,0.262,799,28955.0
2026-09-30,39000,2028-12-07,call,regular,575,0.2637,799,28090.0
2026-09-30,40000,2028-12-07,call,regular,30,0.2649,799,27235.0
2026-09-30,41000,2028-12-07,call,regular,375,0.2656,799,26390.0
2026-09-30,42000,2028-12-07,call,regular,65,0.2658,799,25555.0
2026-09-30,42500,2028-12-07,call,regular,100,0.2658,799,25140.0
2026-09-30,50000,2028-12-07,call,regular,400,0.2596,799,19265.0
2026-09-30,53000,2028-12-07,call,regular,50,0.2562,799,17130.0
2026-09-30,55000,2028-12-07,call,regular,50,0.2539,799,15785.0
2026-09-30,56000,2028-12-07,call,regular,650,0.2527,799,15135.0
2026-09-30,60000,2028-12-07,call,regular,250,0.2485,799,12715.0
2026-09-30,65000,2028-12-07,call,regular,250,0.2439,799,10085.0
2026-09-30,66500,2028-12-07,call,regular,130,0.2426,799,9380.0
2026-09-30,67500,2028-12-07,call,regular,100,0.2418,799,8930.0
2026-09-30,70000,2028-12-07,call,regular,125,0.24,799,7885.0
2026-09-30,75000,2028-12-07,call,regular,80,0.2367,799,6085.0
2026-09-30,80000,2028-12-07,call,regular,200,0.234,799,4645.0
2026-09-30,50000,2029-12-13,call,regular,100,0.2643,1170,20900.0
2026-09-30,60000,2029-12-13,call,regular,375,0.2538,1170,14815.0
2026-09-30,65000,2029-12-13,call,regular,50,0.2493,1170,12300.0
2026-09-30,57000,2030-12-12,call,regular,300,0.2652,1534,18420.0
2026-09-30,64000,2030-12-12,call,regular,3,0.2573,1534,14800.0
2026-09-30,60500,2026-10-02,put,mini,3712,0.5043,2,6.0
2026-09-30,60625,2026-10-02,put,mini,36,0.4714,2,4.0
2026-09-30,60750,2026-10-02,put,mini,21,0.4839,2,6.0
2026-09-30,60875,2026-10-02,put,mini,21,0.4518,2,4.0
2026-09-30,61000,2026-10-02,put,mini,466,0.4805,2,8.0
2026-09-30,61125,2026-10-02,put,mini,2,0.4773,2,9.0
2026-09-30,61250,2026-10-02,put,mini,33,0.4733,2,10.0
2026-09-30,61375,2026-10-02,put,mini,19,0.4743,2,12.0
2026-09-30,61500,2026-10-02,put,mini,643,0.4633,2,12.0
2026-09-30,61625,2026-10-02,put,mini,11,0.4279,2,8.0
2026-09-30,61750,2026-10-02,put,mini,43,0.4359,2,11.0
2026-09-30,61875,2026-10-02,put,mini,7,0.4303,2,12.0
2026-09-30,62000,2026-10-02,put,mini,966,0.4458,2,18.0
2026-09-30,62125,2026-10-02,put,mini,8,0.4221,2,15.0
2026-09-30,62250,2026-10-02,put,mini,111,0.4226,2,18.0
2026-09-30,62375,2026-10-02,put,mini,10,0.4248,2,22.0
2026-09-30,62500,2026-10-02,put,mini,909,0.4333,2,29.0
2026-09-30,62625,2026-10-02,put,mini,6,0.4183,2,28.0
2026-09-30,62750,2026-10-02,put,mini,99,0.4136,2,31.0
2026-09-30,62875,2026-10-02,put,mini,8,0.4127,2,36.0
2026-09-30,63000,2026-10-02,put,mini,5810,0.4182,2,45.0
2026-09-30,63125,2026-10-02,put,mini,1,0.405,2,45.0
2026-09-30,63250,2026-10-02,put,mini,100,0.4295,2,68.0
2026-09-30,63375,2026-10-02,put,mini,50,0.4063,2,62.0
2026-09-30,63500,2026-10-02,put,mini,766,0.4107,2,75.0
2026-09-30,63625,2026-10-02,put,mini,8,0.4065,2,83.0
2026-09-30,63750,2026-10-02,put,mini,528,0.4048,2,94.0
2026-09-30,63875,2026-10-02,put,mini,6,0.4083,2,111.0
2026-09-30,64000,2026-10-02,put,mini,2624,0.4066,2,125.0
2026-09-30,64125,2026-10-02,put,mini,14,0.4073,2,143.0
2026-09-30,64250,2026-10-02,put,mini,157,0.408,2,163.0
2026-09-30,64375,2026-10-02,put,mini,5,0.4079,2,184.0
2026-09-30,64500,2026-10-02,put,mini,647,0.4322,2,240.0
2026-09-30,64625,2026-10-02,put,mini,6,0.4123,2,239.0
2026-09-30,64750,2026-10-02,put,mini,322,0.415,2,271.0
2026-09-30,64875,2026-10-02,put,mini,39,0.4203,2,310.0
2026-09-30,65000,2026-10-02,put,mini,1331,0.415,2,335.0
2026-09-30,65125,2026-10-02,put,mini,9,0.4412,2,415.0
2026-09-30,65250,2026-10-02,put,mini,69,0.4412,2,455.0
2026-09-30,65375,2026-10-02,put,mini,3,0.4369,2,490.0
2026-09-30,65500,2026-10-02,put,mini,235,0.445,2,550.0
2026-09-30,65625,2026-10-02,put,mini,4,0.4513,2,610.0
2026-09-30,65750,2026-10-02,put,mini,90,0.4585,2,675.0
2026-09-30,65875,2026-10-02,put,mini,4,0.4719,2,755.0
2026-09-30,66000,2026-10-02,put,mini,202,0.4734,2,815.0
2026-09-30,66125,2026-10-02,put,mini,890,0.4812,2,890.0
2026-09-30,66250,2026-10-02,put,mini,99,0.4952,2,980.0
2026-09-30,66375,2026-10-02,put,mini,12,0.4977,2,1050.0
2026-09-30,66500,2026-10-02,put,mini,92,0.5066,2,1135.0
2026-09-30,66625,2026-10-02,put,mini,5,0.5168,2,1225.0
2026-09-30,66750,2026-10-02,put,mini,10,0.5312,2,1325.0
2026-09-30,67000,2026-10-02,put,mini,9,0.557,2,1525.0
2026-09-30,67500,2026-10-02,put,mini,1,0.6122,2,1950.0
2026-09-30,68000,2026-10-02,put,mini,5,0.677,2,2410.0
2026-09-30,62250,2026-10-07,put,mini,4,0.3446,7,140.0
2026-09-30,62375,2026-10-07,put,mini,3,0.3439,7,152.0
2026-09-30,64750,2026-10-07,put,mini,4,0.3324,7,605.0
2026-09-30,58375,2026-10-09,put,mini,299,0.4051,9,35.0
2026-09-30,58500,2026-10-09,put,mini,713,0.408,9,40.0
2026-09-30,58625,2026-10-09,put,mini,7,0.3987,9,38.0
2026-09-30,58750,2026-10-09,put,mini,187,0.4024,9,44.0
2026-09-30,58875,2026-10-09,put,mini,3,0.3933,9,42.0
2026-09-30,59000,2026-10-09,put,mini,707,0.3977,9,49.0
2026-09-30,59125,2026-10-09,put,mini,47,0.3888,9,47.0
2026-09-30,59250,2026-10-09,put,mini,137,0.3896,9,52.0
2026-09-30,59375,2026-10-09,put,mini,2,0.3821,9,51.0
2026-09-30,59500,2026-10-09,put,mini,271,0.3837,9,57.0
2026-09-30,59625,2026-10-09,put,mini,56,0.3762,9,56.0
2026-09-30,59750,2026-10-09,put,mini,147,0.3771,9,62.0
2026-09-30,59875,2026-10-09,put,mini,2,0.3708,9,62.0
2026-09-30,60000,2026-10-09,put,mini,1627,0.3711,9,68.0
2026-09-30,60125,2026-10-09,put,mini,70,0.3668,9,70.0
2026-09-30,60250,2026-10-09,put,mini,38,0.3683,9,78.0
2026-09-30,60375,2026-10-09,put,mini,1,0.3618,9,78.0
2026-09-30,60500,2026-10-09,put,mini,340,0.3635,9,87.0
2026-09-30,60625,2026-10-09,put,mini,4,0.3569,9,87.0
2026-09-30,60750,2026-10-09,put,mini,184,0.3712,9,113.0
2026-09-30,60875,2026-10-09,put,mini,6,0.3527,9,98.0
2026-09-30,61000,2026-10-09,put,mini,857,0.3559,9,111.0
2026-09-30,61125,2026-10-09,put,mini,10,0.349,9,111.0
2026-09-30,61250,2026-10-09,put,mini,387,0.3512,9,124.0
2026-09-30,61375,2026-10-09,put,mini,1,0.3501,9,133.0
2026-09-30,61500,2026-10-09,put,mini,378,0.3468,9,139.0
2026-09-30,61625,2026-10-09,put,mini,1,0.3409,9,141.0
2026-09-30,61750,2026-10-09,put,mini,223,0.3431,9,157.0
2026-09-30,61875,2026-10-09,put,mini,4,0.338,9,161.0
2026-09-30,62000,2026-10-09,put,mini,849,0.3425,9,183.0
2026-09-30,62125,2026-10-09,put,mini,184,0.3354,9,184.0
2026-09-30,62250,2026-10-09,put,mini,155,0.3403,9,209.0
2026-09-30,62375,2026-10-09,put,mini,4,0.3329,9,210.0
2026-09-30,62500,2026-10-09,put,mini,936,0.3352,9,232.0
2026-09-30,62625,2026-10-09,put,mini,239,0.3303,9,239.0
2026-09-30,62750,2026-10-09,put,mini,1009,0.3304,9,258.0
2026-09-30,62875,2026-10-09,put,mini,2,0.3292,9,275.0
2026-09-30,63000,2026-10-09,put,mini,1054,0.3307,9,300.0
2026-09-30,63125,2026-10-09,put,mini,320,0.3298,9,320.0
2026-09-30,63250,2026-10-09,put,mini,282,0.3285,9,340.0
2026-09-30,63375,2026-10-09,put,mini,3,0.3268,9,360.0
2026-09-30,63500,2026-10-09,put,mini,279,0.3281,9,390.0
2026-09-30,63625,2026-10-09,put,mini,2,0.3256,9,410.0
2026-09-30,63750,2026-10-09,put,mini,139,0.3277,9,445.0
2026-09-30,63875,2026-10-09,put,mini,4,0.326,9,470.0
2026-09-30,64000,2026-10-09,put,mini,1054,0.3315,9,520.0
2026-09-30,64125,2026-10-09,put,mini,1,0.326,9,535.0
2026-09-30,64250,2026-10-09,put,mini,446,0.326,9,570.0
2026-09-30,64375,2026-10-09,put,mini,600,0.3241,9,600.0
2026-09-30,64500,2026-10-09,put,mini,256,0.3261,9,645.0
2026-09-30,64625,2026-10-09,put,mini,2,0.3248,9,680.0
2026-09-30,64750,2026-10-09,put,mini,131,0.3325,9,750.0
2026-09-30,64875,2026-10-09,put,mini,2,0.3223,9,755.0
2026-09-30,65000,2026-10-09,put,mini,442,0.3353,9,850.0
2026-09-30,65125,2026-10-09,put,mini,865,0.3271,9,865.0
2026-09-30,65250,2026-10-09,put,mini,19,0.3337,9,940.0
2026-09-30,65375,2026-10-09,put,mini,4,0.3298,9,975.0
2026-09-30,65500,2026-10-09,put,mini,117,0.333,9,1040.0
2026-09-30,65625,2026-10-09,put,mini,2,0.3283,9,1075.0
2026-09-30,65750,2026-10-09,put,mini,91,0.3305,9,1140.0
2026-09-30,65875,2026-10-09,put,mini,1,0.3322,9,1205.0
2026-09-30,66000,2026-10-09,put,mini,280,0.3348,9,1275.0
2026-09-30,66125,2026-10-09,put,mini,1350,0.338,9,1350.0
2026-09-30,66250,2026-10-09,put,mini,55,0.3385,9,1415.0
2026-09-30,66375,2026-10-09,put,mini,1,0.3421,9,1495.0
2026-09-30,66500,2026-10-09,put,mini,103,0.3429,9,1565.0
2026-09-30,66625,2026-10-09,put,mini,1645,0.3457,9,1645.0
2026-09-30,66750,2026-10-09,put,mini,22,0.348,9,1725.0
2026-09-30,66875,2026-10-09,put,mini,1810,0.3513,9,1810.0
2026-09-30,67000,2026-10-09,put,mini,108,0.3553,9,1900.0
2026-09-30,67125,2026-10-09,put,mini,1,0.3578,9,1985.0
2026-09-30,67250,2026-10-09,put,mini,132,0.3624,9,2080.0
2026-09-30,67375,2026-10-09,put,mini,2170,0.3654,9,2170.0
2026-09-30,67500,2026-10-09,put,mini,43,0.3694,9,2265.0
2026-09-30,67750,2026-10-09,put,mini,53,0.3777,9,2460.0
2026-09-30,68000,2026-10-09,put,mini,85,0.3874,9,2665.0
2026-09-30,68125,2026-10-09,put,mini,4,0.3925,9,2770.0
2026-09-30,68250,2026-10-09,put,mini,62,0.3961,9,2870.0
2026-09-30,68500,2026-10-09,put,mini,29,0.4066,9,3085.0
2026-09-30,68750,2026-10-09,put,mini,93,0.4177,9,3305.0
2026-09-30,69000,2026-10-09,put,mini,126,0.4294,9,3530.0
2026-09-30,69250,2026-10-09,put,mini,9,0.442,9,3760.0
2026-09-30,69500,2026-10-09,put,mini,2,0.4539,9,3990.0
2026-09-30,69750,2026-10-09,put,mini,5,0.4654,9,4220.0
2026-09-30,70000,2026-10-09,put,mini,10,0.4794,9,4460.0
2026-09-30,70250,2026-10-09,put,mini,35,0.493,9,4700.0
2026-09-30,70500,2026-10-09,put,mini,1,0.5063,9,4940.0
2026-09-30,71000,2026-10-09,put,mini,6,0.5334,9,5425.0
2026-09-30,71250,2026-10-09,put,mini,5670,0.5474,9,5670.0
2026-09-30,71375,2026-10-09,put,mini,5790,0.5535,9,5790.0
2026-09-30,71500,2026-10-09,put,mini,5915,0.5611,9,5915.0
2026-09-30,71750,2026-10-09,put,mini,907,0.5746,9,6160.0
2026-09-30,72000,2026-10-09,put,mini,6405,0.5879,9,6405.0
2026-09-30,72250,2026-10-09,put,mini,2,0.6027,9,6655.0
2026-09-30,64750,2026-10-14,put,mini,2,0.2975,14,895.0
2026-09-30,65250,2026-10-14,put,mini,2,0.302,14,1110.0
2026-09-30,60500,2026-10-16,put,mini,14,0.3092,16,151.0
2026-09-30,61000,2026-10-16,put,mini,5,0.3095,16,200.0
2026-09-30,61250,2026-10-16,put,mini,1,0.312,16,235.0
2026-09-30,61750,2026-10-16,put,mini,4,0.3061,16,285.0
2026-09-30,62000,2026-10-16,put,mini,4,0.2957,16,291.0
2026-09-30,63000,2026-10-16,put,mini,8,0.2907,16,455.0
2026-09-30,63375,2026-10-16,put,mini,1,0.2953,16,560.0
2026-09-30,63750,2026-10-16,put,mini,4,0.2967,16,665.0
2026-09-30,64000,2026-10-16,put,mini,31,0.2983,16,745.0
2026-09-30,64375,2026-10-16,put,mini,1,0.2841,16,795.0
2026-09-30,64750,2026-10-16,put,mini,2,0.2881,16,945.0
2026-09-30,65000,2026-10-16,put,mini,4,0.2921,16,1060.0
2026-09-30,65250,2026-10-16,put,mini,2,0.2947,16,1175.0
2026-09-30,66250,2026-10-16,put,mini,4,0.3055,16,1700.0
2026-09-30,66750,2026-10-16,put,mini,4,0.3075,16,1980.0
2026-09-30,60500,2026-10-21,put,mini,6,0.3062,21,244.0
2026-09-30,65250,2026-10-21,put,mini,2,0.2891,21,1370.0
2026-09-30,65250,2026-10-23,put,mini,2,0.2864,23,1435.0
2026-09-30,66250,2026-10-23,put,mini,4,0.2941,23,1960.0
2026-09-30,66750,2026-10-23,put,mini,4,0.2936,23,2225.0
2026-09-30,63000,2026-10-30,put,mini,11,0.2863,30,880.0
2026-09-30,60500,2026-11-13,put,mini,274,0.3051,44,730.0
2026-09-30,60625,2026-11-13,put,mini,113,0.304,44,750.0
2026-09-30,60750,2026-11-13,put,mini,9,0.3028,44,770.0
2026-09-30,60875,2026-11-13,put,mini,795,0.3023,44,795.0
2026-09-30,61000,2026-11-13,put,mini,117,0.301,44,815.0
2026-09-30,61250,2026-11-13,put,mini,673,0.2981,44,855.0
2026-09-30,61375,2026-11-13,put,mini,1,0.2995,44,895.0
2026-09-30,61500,2026-11-13,put,mini,26,0.2986,44,920.0
2026-09-30,61625,2026-11-13,put,mini,1,0.2932,44,915.0
2026-09-30,61750,2026-11-13,put,mini,3,0.2979,44,980.0
2026-09-30,61875,2026-11-13,put,mini,1000,0.296,44,1000.0
2026-09-30,62000,2026-11-13,put,mini,72,0.2982,44,1050.0
2026-09-30,62250,2026-11-13,put,mini,11,0.2946,44,1095.0
2026-09-30,62375,2026-11-13,put,mini,5,0.2937,44,1125.0
2026-09-30,62500,2026-11-13,put,mini,42,0.2934,44,1160.0
2026-09-30,62750,2026-11-13,put,mini,165,0.2925,44,1230.0
2026-09-30,62875,2026-11-13,put,mini,1,0.2919,44,1265.0
2026-09-30,63000,2026-11-13,put,mini,363,0.2918,44,1305.0
2026-09-30,63125,2026-11-13,put,mini,1,0.2897,44,1330.0
2026-09-30,63250,2026-11-13,put,mini,297,0.2907,44,1380.0
2026-09-30,63375,2026-11-13,put,mini,1410,0.2891,44,1410.0
2026-09-30,63500,2026-11-13,put,mini,98,0.2892,44,1455.0
2026-09-30,63625,2026-11-13,put,mini,1,0.2874,44,1485.0
2026-09-30,63750,2026-11-13,put,mini,137,0.2885,44,1540.0
2026-09-30,64000,2026-11-13,put,mini,685,0.288,44,1630.0
2026-09-30,64250,2026-11-13,put,mini,650,0.2865,44,1715.0
2026-09-30,64375,2026-11-13,put,mini,2,0.2864,44,1765.0
2026-09-30,64500,2026-11-13,put,mini,199,0.2857,44,1810.0
2026-09-30,64750,2026-11-13,put,mini,200,0.2857,44,1915.0
2026-09-30,65000,2026-11-13,put,mini,267,0.2858,44,2025.0
2026-09-30,65250,2026-11-13,put,mini,60,0.2849,44,2130.0
2026-09-30,65375,2026-11-13,put,mini,2,0.2851,44,2190.0
2026-09-30,65500,2026-11-13,put,mini,47,0.2847,44,2245.0
2026-09-30,65750,2026-11-13,put,mini,22,0.2835,44,2355.0
2026-09-30,65875,2026-11-13,put,mini,3,0.2855,44,2435.0
2026-09-30,66000,2026-11-13,put,mini,11,0.2847,44,2490.0
2026-09-30,66250,2026-11-13,put,mini,26,0.2865,44,2635.0
2026-09-30,66375,2026-11-13,put,mini,2680,0.2843,44,2680.0
2026-09-30,66500,2026-11-13,put,mini,4,0.2847,44,2750.0
2026-09-30,66750,2026-11-13,put,mini,12,0.2857,44,2895.0
2026-09-30,66875,2026-11-13,put,mini,2980,0.2874,44,2980.0
2026-09-30,67000,2026-11-13,put,mini,2,0.2863,44,3040.0
2026-09-30,67250,2026-11-13,put,mini,6,0.2864,44,3185.0
2026-09-30,67500,2026-11-13,put,mini,1,0.2873,44,3340.0
2026-09-30,67750,2026-11-13,put,mini,8,0.289,44,3505.0
2026-09-30,68000,2026-11-13,put,mini,5,0.2891,44,3660.0
2026-09-30,68125,2026-11-13,put,mini,1,0.2932,44,3775.0
2026-09-30,70000,2026-11-13,put,mini,5110,0.3012,44,5110.0
2026-09-30,70250,2026-11-13,put,mini,200,0.3029,44,5305.0
2026-09-30,71000,2026-11-13,put,mini,2,0.3095,44,5915.0
2026-09-30,71500,2026-11-13,put,mini,1,0.3143,44,6335.0
2026-09-30,72000,2026-11-13,put,mini,18,0.3203,44,6770.0
2026-09-30,72250,2026-11-13,put,mini,2,0.3227,44,6985.0
2026-09-30,60500,2026-12-11,put,mini,23,0.2864,72,1125.0
2026-09-30,60750,2026-12-11,put,mini,1,0.2852,72,1180.0
2026-09-30,61000,2026-12-11,put,mini,4,0.2821,72,1220.0
2026-09-30,61500,2026-12-11,put,mini,2,0.2796,72,1340.0
2026-09-30,61750,2026-12-11,put,mini,4,0.2785,72,1405.0
2026-09-30,62000,2026-12-11,put,mini,12,0.2782,72,1480.0
2026-09-30,62250,2026-12-11,put,mini,1,0.2771,72,1550.0
2026-09-30,62500,2026-12-11,put,mini,3,0.2758,72,1620.0
2026-09-30,63000,2026-12-11,put,mini,3,0.2733,72,1770.0
2026-09-30,63500,2026-12-11,put,mini,1,0.2717,72,1940.0
2026-09-30,63875,2026-12-11,put,mini,1,0.2723,72,2095.0
2026-09-30,64000,2026-12-11,put,mini,9,0.2718,72,2140.0
2026-09-30,64250,2026-12-11,put,mini,6,0.271,72,2235.0
2026-09-30,64500,2026-12-11,put,mini,2,0.2707,72,2340.0
2026-09-30,65000,2026-12-11,put,mini,1,0.2774,72,2640.0
2026-09-30,65250,2026-12-11,put,mini,6,0.2689,72,2660.0
2026-09-30,65500,2026-12-11,put,mini,6,0.2685,72,2775.0
2026-09-30,65750,2026-12-11,call,mini,6,0.2257,72,2890.0
2026-09-30,66750,2026-12-11,call,mini,6,0.3105,72,3405.0
2026-09-30,67250,2026-12-11,call,mini,12,0.3522,72,3675.0
2026-09-30,63500,2026-10-02,call,mini,2225,0.2,2,2225.0
2026-09-30,63625,2026-10-02,call,mini,1,0.2,2,2110.0
2026-09-30,63750,2026-10-02,call,mini,4,0.2,2,1995.0
2026-09-30,64000,2026-10-02,call,mini,4,0.2,2,1775.0
2026-09-30,64250,2026-10-02,call,mini,3,0.2,2,1565.0
2026-09-30,64375,2026-10-02,call,mini,1460,0.2,2,1460.0
2026-09-30,64500,2026-10-02,call,mini,4,0.2,2,1310.0
2026-09-30,64625,2026-10-02,call,mini,1265,0.2,2,1265.0
2026-09-30,64750,2026-10-02,call,mini,7,0.2,2,1175.0
2026-09-30,64875,2026-10-02,call,mini,1075,0.2,2,1075.0
2026-09-30,65000,2026-10-02,call,mini,119,0.2,2,975.0
2026-09-30,65125,2026-10-02,call,mini,1,0.2,2,940.0
2026-09-30,65250,2026-10-02,call,mini,23,0.2,2,855.0
2026-09-30,65500,2026-10-02,call,mini,410,0.2,2,655.0
2026-09-30,65625,2026-10-02,call,mini,595,0.2,2,595.0
2026-09-30,65750,2026-10-02,call,mini,599,0.1081,2,530.0
2026-09-30,65875,2026-10-02,call,mini,2,0.146,2,495.0
2026-09-30,66000,2026-10-02,call,mini,802,0.1497,2,420.0
2026-09-30,66125,2026-10-02,call,mini,8,0.1592,2,365.0
2026-09-30,66250,2026-10-02,call,mini,105,0.1591,2,300.0
2026-09-30,66375,2026-10-02,call,mini,10,0.1885,2,300.0
2026-09-30,66500,2026-10-02,call,mini,506,0.1805,2,234.0
2026-09-30,66625,2026-10-02,call,mini,1,0.2038,2,232.0
2026-09-30,66750,2026-10-02,call,mini,107,0.1968,2,180.0
2026-09-30,66875,2026-10-02,call,mini,4,0.2172,2,179.0
2026-09-30,67000,2026-10-02,call,mini,1500,0.2201,2,152.0
2026-09-30,67125,2026-10-02,call,mini,2,0.2274,2,135.0
2026-09-30,67250,2026-10-02,call,mini,828,0.2307,2,115.0
2026-09-30,67375,2026-10-02,call,mini,18,0.2248,2,87.0
2026-09-30,67500,2026-10-02,call,mini,2631,0.2398,2,86.0
2026-09-30,67625,2026-10-02,call,mini,2,0.2183,2,50.0
2026-09-30,67750,2026-10-02,call,mini,269,0.245,2,61.0
2026-09-30,67875,2026-10-02,call,mini,2,0.2534,2,56.0
2026-09-30,68000,2026-10-02,call,mini,2224,0.2557,2,47.0
2026-09-30,68125,2026-10-02,call,mini,22,0.2633,2,43.0
2026-09-30,68250,2026-10-02,call,mini,174,0.2604,2,33.0
2026-09-30,68375,2026-10-02,call,mini,30,0.2512,2,22.0
2026-09-30,68500,2026-10-02,call,mini,987,0.2693,2,25.0
2026-09-30,68625,2026-10-02,call,mini,20,0.2718,2,21.0
2026-09-30,68750,2026-10-02,call,mini,387,0.2605,2,13.0
2026-09-30,68875,2026-10-02,call,mini,19,0.2743,2,14.0
2026-09-30,69000,2026-10-02,call,mini,787,0.2779,2,12.0
2026-09-30,69125,2026-10-02,call,mini,32,0.2758,2,9.0
2026-09-30,69250,2026-10-02,call,mini,390,0.2857,2,9.0
2026-09-30,69375,2026-10-02,call,mini,1646,0.2852,2,7.0
2026-09-30,64750,2026-10-07,call,mini,4,0.115,7,1515.0
2026-09-30,58375,2026-10-09,call,mini,6,0.2,9,7275.0
2026-09-30,58500,2026-10-09,call,mini,42,0.2,9,7150.0
2026-09-30,59000,2026-10-09,call,mini,6660,0.2,9,6660.0
2026-09-30,59250,2026-10-09,call,mini,6415,0.2,9,6415.0
2026-09-30,59500,2026-10-09,call,mini,5,0.2,9,6170.0
2026-09-30,59750,2026-10-09,call,mini,3,0.2,9,5925.0
2026-09-30,60000,2026-10-09,call,mini,15,0.2,9,5680.0
2026-09-30,60250,2026-10-09,call,mini,1,0.2,9,5440.0
2026-09-30,60500,2026-10-09,call,mini,37,0.2,9,5195.0
2026-09-30,60750,2026-10-09,call,mini,4955,0.2,9,4955.0
2026-09-30,61000,2026-10-09,call,mini,75,0.2,9,4720.0
2026-09-30,61125,2026-10-09,call,mini,8,0.2,9,4600.0
2026-09-30,61250,2026-10-09,call,mini,617,0.2,9,4480.0
2026-09-30,61500,2026-10-09,call,mini,9,0.2,9,4250.0
2026-09-30,61750,2026-10-09,call,mini,4015,0.2,9,4015.0
2026-09-30,61875,2026-10-09,call,mini,3900,0.2,9,3900.0
2026-09-30,62000,2026-10-09,call,mini,9,0.2,9,3785.0
2026-09-30,62250,2026-10-09,call,mini,3,0.2,9,3560.0
2026-09-30,62500,2026-10-09,call,mini,12,0.2,9,3340.0
2026-09-30,62750,2026-10-09,call,mini,959,0.2,9,3120.0
2026-09-30,62875,2026-10-09,call,mini,1,0.2,9,3015.0
2026-09-30,63000,2026-10-09,call,mini,150,0.2,9,2880.0
2026-09-30,63250,2026-10-09,call,mini,138,0.2,9,2700.0
2026-09-30,63375,2026-10-09,call,mini,2,0.2,9,2595.0
2026-09-30,63500,2026-10-09,call,mini,66,0.2,9,2500.0
2026-09-30,63750,2026-10-09,call,mini,73,0.2,9,2305.0
2026-09-30,63875,2026-10-09,call,mini,5,0.2,9,2210.0
2026-09-30,64000,2026-10-09,call,mini,416,0.2,9,2080.0
2026-09-30,64125,2026-10-09,call,mini,1,0.2,9,2025.0
2026-09-30,64250,2026-10-09,call,mini,362,0.2,9,1930.0
2026-09-30,64375,2026-10-09,call,mini,1840,0.2,9,1840.0
2026-09-30,64500,2026-10-09,call,mini,118,0.1064,9,1755.0
2026-09-30,64625,2026-10-09,call,mini,1,0.1257,9,1670.0
2026-09-30,64750,2026-10-09,call,mini,130,0.1369,9,1585.0
2026-09-30,64875,2026-10-09,call,mini,1,0.1426,9,1495.0
2026-09-30,65000,2026-10-09,call,mini,303,0.1546,9,1430.0
2026-09-30,65125,2026-10-09,call,mini,2,0.1609,9,1355.0
2026-09-30,65250,2026-10-09,call,mini,22,0.1656,9,1280.0
2026-09-30,65375,2026-10-09,call,mini,1,0.1676,9,1200.0
2026-09-30,65500,2026-10-09,call,mini,236,0.1607,9,1090.0
2026-09-30,65625,2026-10-09,call,mini,13,0.1649,9,1025.0
2026-09-30,65750,2026-10-09,call,mini,17,0.1655,9,950.0
2026-09-30,65875,2026-10-09,call,mini,2,0.1813,9,940.0
2026-09-30,66000,2026-10-09,call,mini,796,0.186,9,890.0
2026-09-30,66125,2026-10-09,call,mini,1,0.1838,9,815.0
2026-09-30,66250,2026-10-09,call,mini,36,0.1833,9,750.0
2026-09-30,66375,2026-10-09,call,mini,3,0.1893,9,715.0
2026-09-30,66500,2026-10-09,call,mini,175,0.186,9,645.0
2026-09-30,66625,2026-10-09,call,mini,625,0.1941,9,625.0
2026-09-30,66750,2026-10-09,call,mini,41,0.1905,9,560.0
2026-09-30,66875,2026-10-09,call,mini,1,0.1987,9,545.0
2026-09-30,67000,2026-10-09,call,mini,974,0.1923,9,475.0
2026-09-30,67125,2026-10-09,call,mini,7,0.2006,9,465.0
2026-09-30,67250,2026-10-09,call,mini,140,0.2006,9,425.0
2026-09-30,67375,2026-10-09,call,mini,3,0.204,9,400.0
2026-09-30,67500,2026-10-09,call,mini,513,0.204,9,365.0
2026-09-30,67625,2026-10-09,call,mini,1,0.2048,9,335.0
2026-09-30,67750,2026-10-09,call,mini,67,0.2065,9,310.0
2026-09-30,67875,2026-10-09,call,mini,8,0.2082,9,287.0
2026-09-30,68000,2026-10-09,call,mini,1318,0.2081,9,260.0
2026-09-30,68125,2026-10-09,call,mini,1,0.2111,9,244.0
2026-09-30,68250,2026-10-09,call,mini,179,0.2122,9,224.0
2026-09-30,68375,2026-10-09,call,mini,7,0.2139,9,207.0
2026-09-30,68500,2026-10-09,call,mini,622,0.2131,9,185.0
2026-09-30,68625,2026-10-09,call,mini,176,0.2169,9,176.0
2026-09-30,68750,2026-10-09,call,mini,168,0.2162,9,157.0
2026-09-30,68875,2026-10-09,call,mini,3,0.2188,9,147.0
2026-09-30,69000,2026-10-09,call,mini,1237,0.2221,9,139.0
2026-09-30,69125,2026-10-09,call,mini,125,0.222,9,125.0
2026-09-30,69250,2026-10-09,call,mini,91,0.2224,9,113.0
2026-09-30,69375,2026-10-09,call,mini,104,0.2239,9,104.0
2026-09-30,69500,2026-10-09,call,mini,263,0.2244,9,94.0
2026-09-30,69625,2026-10-09,call,mini,88,0.2269,9,88.0
2026-09-30,69750,2026-10-09,call,mini,337,0.2243,9,75.0
2026-09-30,69875,2026-10-09,call,mini,73,0.2288,9,73.0
2026-09-30,70000,2026-10-09,call,mini,1394,0.2294,9,66.0
2026-09-30,70125,2026-10-09,call,mini,4,0.2312,9,61.0
2026-09-30,70250,2026-10-09,call,mini,172,0.23,9,53.0
2026-09-30,70375,2026-10-09,call,mini,3,0.2327,9,50.0
2026-09-30,70500,2026-10-09,call,mini,278,0.2291,9,41.0
2026-09-30,70625,2026-10-09,call,mini,1,0.2375,9,44.0
2026-09-30,70750,2026-10-09,call,mini,47,0.2326,9,35.0
2026-09-30,71000,2026-10-09,call,mini,491,0.2335,9,28.0
2026-09-30,71125,2026-10-09,call,mini,3,0.2439,9,32.0
2026-09-30,71250,2026-10-09,call,mini,30,0.2418,9,27.0
2026-09-30,71375,2026-10-09,call,mini,1,0.2435,9,25.0
2026-09-30,71500,2026-10-09,call,mini,272,0.2378,9,19.0
2026-09-30,71625,2026-10-09,call,mini,2,0.2442,9,20.0
2026-09-30,71750,2026-10-09,call,mini,1053,0.2449,9,18.0
2026-09-30,71875,2026-10-09,call,mini,2,0.2473,9,17.0
2026-09-30,72000,2026-10-09,call,mini,528,0.2449,9,14.0
2026-09-30,72125,2026-10-09,call,mini,4,0.2516,9,15.0
2026-09-30,72250,2026-10-09,call,mini,257,0.256,9,15.0
2026-09-30,64750,2026-10-14,call,mini,2,0.1731,14,1815.0
2026-09-30,65250,2026-10-14,call,mini,2,0.1873,14,1530.0
2026-09-30,63750,2026-10-16,call,mini,4,0.1134,16,2515.0
2026-09-30,64750,2026-10-16,call,mini,2,0.1775,16,1885.0
2026-09-30,65000,2026-10-16,call,mini,4,0.185,16,1745.0
2026-09-30,65250,2026-10-16,call,mini,2,0.1919,16,1615.0
2026-09-30,66250,2026-10-16,call,mini,4,0.2079,16,1140.0
2026-09-30,66750,2026-10-16,call,mini,4,0.2092,16,920.0
2026-09-30,67000,2026-10-16,call,mini,1,0.2094,16,820.0
2026-09-30,68000,2026-10-16,call,mini,1,0.2158,16,525.0
2026-09-30,68250,2026-10-16,call,mini,2,0.2169,16,465.0
2026-09-30,68875,2026-10-16,call,mini,330,0.2169,16,330.0
2026-09-30,69000,2026-10-16,call,mini,1,0.2164,16,305.0
2026-09-30,69250,2026-10-16,call,mini,13,0.216,16,262.0
2026-09-30,69375,2026-10-16,call,mini,3,0.2207,16,259.0
2026-09-30,65250,2026-10-21,call,mini,2,0.2019,21,1820.0
2026-09-30,65250,2026-10-23,call,mini,2,0.2048,23,1895.0
2026-09-30,66250,2026-10-23,call,mini,4,0.2155,23,1420.0
2026-09-30,66750,2026-10-23,call,mini,4,0.2147,23,1185.0
2026-09-30,61000,2026-11-13,call,mini,5440,0.1882,44,5440.0
2026-09-30,61250,2026-11-13,call,mini,215,0.1941,44,5245.0
2026-09-30,61500,2026-11-13,call,mini,3,0.1964,44,5040.0
2026-09-30,62000,2026-11-13,call,mini,4,0.2034,44,4660.0
2026-09-30,62500,2026-11-13,call,mini,4285,0.2074,44,4285.0
2026-09-30,62750,2026-11-13,call,mini,32,0.2092,44,4105.0
2026-09-30,63000,2026-11-13,call,mini,311,0.2111,44,3930.0
2026-09-30,63250,2026-11-13,call,mini,278,0.2128,44,3760.0
2026-09-30,63500,2026-11-13,call,mini,71,0.2132,44,3585.0
2026-09-30,63750,2026-11-13,call,mini,144,0.2143,44,3420.0
2026-09-30,64000,2026-11-13,call,mini,663,0.2153,44,3260.0
2026-09-30,64250,2026-11-13,call,mini,708,0.2152,44,3095.0
2026-09-30,64500,2026-11-13,call,mini,187,0.215,44,2935.0
2026-09-30,64750,2026-11-13,call,mini,227,0.2166,44,2795.0
2026-09-30,64875,2026-11-13,call,mini,2730,0.2177,44,2730.0
2026-09-30,65000,2026-11-13,call,mini,201,0.2175,44,2655.0
2026-09-30,65125,2026-11-13,call,mini,2585,0.2178,44,2585.0
2026-09-30,65250,2026-11-13,call,mini,40,0.2174,44,2510.0
2026-09-30,65500,2026-11-13,call,mini,93,0.2178,44,2375.0
2026-09-30,65625,2026-11-13,call,mini,2310,0.218,44,2310.0
2026-09-30,65750,2026-11-13,call,mini,30,0.217,44,2235.0
2026-09-30,65875,2026-11-13,call,mini,2190,0.2192,44,2190.0
2026-09-30,66000,2026-11-13,call,mini,44,0.219,44,2125.0
2026-09-30,66250,2026-11-13,call,mini,43,0.2211,44,2020.0
2026-09-30,66500,2026-11-13,call,mini,8,0.2187,44,1880.0
2026-09-30,66625,2026-11-13,call,mini,1825,0.219,44,1825.0
2026-09-30,66750,2026-11-13,call,mini,28,0.2196,44,1775.0
2026-09-30,67000,2026-11-13,call,mini,69,0.22,44,1670.0
2026-09-30,67125,2026-11-13,call,mini,1625,0.2209,44,1625.0
2026-09-30,67250,2026-11-13,call,mini,74,0.2205,44,1570.0
2026-09-30,67500,2026-11-13,call,mini,132,0.2209,44,1475.0
2026-09-30,67625,2026-11-13,call,mini,20,0.2213,44,1430.0
2026-09-30,67750,2026-11-13,call,mini,35,0.222,44,1390.0
2026-09-30,68000,2026-11-13,call,mini,114,0.2198,44,1280.0
2026-09-30,68250,2026-11-13,call,mini,77,0.2221,44,1215.0
2026-09-30,68500,2026-11-13,call,mini,56,0.2235,44,1145.0
2026-09-30,68625,2026-11-13,call,mini,1115,0.2246,44,1115.0
2026-09-30,68750,2026-11-13,call,mini,82,0.2226,44,1060.0
2026-09-30,69000,2026-11-13,call,mini,93,0.2205,44,970.0
2026-09-30,69250,2026-11-13,call,mini,8,0.2236,44,925.0
2026-09-30,69375,2026-11-13,call,mini,10,0.2227,44,885.0
2026-09-30,69500,2026-11-13,call,mini,10,0.223,44,855.0
2026-09-30,69625,2026-11-13,call,mini,10,0.2271,44,855.0
2026-09-30,69750,2026-11-13,call,mini,6,0.2239,44,800.0
2026-09-30,69875,2026-11-13,call,mini,10,0.2252,44,780.0
2026-09-30,70000,2026-11-13,call,mini,103,0.2223,44,730.0
2026-09-30,70125,2026-11-13,call,mini,20,0.2248,44,720.0
2026-09-30,70250,2026-11-13,call,mini,221,0.2244,44,690.0
2026-09-30,70375,2026-11-13,call,mini,20,0.2253,44,670.0
2026-09-30,70500,2026-11-13,call,mini,5,0.2253,44,645.0
2026-09-30,70625,2026-11-13,call,mini,20,0.2283,44,640.0
2026-09-30,70750,2026-11-13,call,mini,2,0.2252,44,595.0
2026-09-30,71000,2026-11-13,call,mini,32,0.2276,44,565.0
2026-09-30,71250,2026-11-13,call,mini,1,0.2257,44,510.0
2026-09-30,71500,2026-11-13,call,mini,20,0.2266,44,475.0
2026-09-30,71625,2026-11-13,call,mini,470,0.229,44,470.0
2026-09-30,71750,2026-11-13,call,mini,21,0.2262,44,435.0
2026-09-30,71875,2026-11-13,call,mini,1,0.2302,44,440.0
2026-09-30,72000,2026-11-13,call,mini,353,0.2252,44,395.0
2026-09-30,72125,2026-11-13,call,mini,1,0.2302,44,405.0
2026-09-30,72250,2026-11-13,call,mini,124,0.2267,44,370.0
2026-09-30,60500,2026-12-11,call,mini,6440,0.2349,72,6440.0
2026-09-30,61000,2026-12-11,call,mini,6040,0.2337,72,6040.0
2026-09-30,63000,2026-12-11,call,mini,4590,0.2328,72,4590.0
2026-09-30,63500,2026-12-11,call,mini,1,0.2329,72,4265.0
2026-09-30,63750,2026-12-11,call,mini,6,0.2327,72,4105.0
2026-09-30,64000,2026-12-11,call,mini,3960,0.2336,72,3960.0
2026-09-30,64500,2026-12-11,call,mini,3650,0.2325,72,3650.0
2026-09-30,64750,2026-12-11,call,mini,6,0.2328,72,3510.0
2026-09-30,65000,2026-12-11,call,mini,6,0.2315,72,3355.0
2026-09-30,65125,2026-12-11,call,mini,1,0.2322,72,3295.0
2026-09-30,65250,2026-12-11,call,mini,6,0.2316,72,3220.0
2026-09-30,65500,2026-12-11,call,mini,2,0.2301,72,3070.0
2026-09-30,65750,2026-12-11,call,mini,5,0.2283,72,2920.0
2026-09-30,66000,2026-12-11,call,mini,3,0.2288,72,2800.0
2026-09-30,66250,2026-12-11,call,mini,19,0.228,72,2670.0
2026-09-30,66500,2026-12-11,call,mini,1,0.2296,72,2570.0
2026-09-30,66750,2026-12-11,call,mini,12,0.2291,72,2450.0
2026-09-30,67000,2026-12-11,call,mini,2,0.2287,72,2335.0
2026-09-30,67125,2026-12-11,call,mini,2280,0.2286,72,2280.0
2026-09-30,67250,2026-12-11,call,mini,1,0.228,72,2220.0
2026-09-30,67375,2026-12-11,call,mini,1,0.2291,72,2180.0
2026-09-30,67500,2026-12-11,call,mini,1,0.2279,72,2115.0
2026-09-30,67750,2026-12-11,call,mini,2020,0.2283,72,2020.0
2026-09-30,68000,2026-12-11,call,mini,25,0.2284,72,1925.0
2026-09-30,68250,2026-12-11,call,mini,3,0.2287,72,1835.0
2026-09-30,69000,2026-12-11,call,mini,3,0.2308,72,1600.0
