date,strike,expiry,type,product,oi,iv,days_to_expiry,settlement
2026-07-22,20000,2026-08-13,put,regular,2240,1.5201,22,2.0
2026-07-22,22000,2026-08-13,put,regular,335,1.4044,22,2.0
2026-07-22,24000,2026-08-13,put,regular,370,1.2989,22,2.0
2026-07-22,25000,2026-08-13,put,regular,5308,1.2898,22,3.0
2026-07-22,26000,2026-08-13,put,regular,127,1.2408,22,3.0
2026-07-22,27000,2026-08-13,put,regular,173,1.2223,22,4.0
2026-07-22,28000,2026-08-13,put,regular,245,1.176,22,4.0
2026-07-22,29000,2026-08-13,put,regular,245,1.1312,22,4.0
2026-07-22,30000,2026-08-13,put,regular,5987,1.1091,22,5.0
2026-07-22,31000,2026-08-13,put,regular,321,1.0992,22,7.0
2026-07-22,32000,2026-08-13,put,regular,233,1.07,22,8.0
2026-07-22,33000,2026-08-13,put,regular,152,1.0284,22,8.0
2026-07-22,34000,2026-08-13,put,regular,100,1.0095,22,10.0
2026-07-22,35000,2026-08-13,put,regular,2144,0.9874,22,12.0
2026-07-22,36000,2026-08-13,put,regular,217,0.963,22,14.0
2026-07-22,37000,2026-08-13,put,regular,153,0.9371,22,16.0
2026-07-22,37250,2026-08-13,put,regular,2,0.9335,22,17.0
2026-07-22,37500,2026-08-13,put,regular,53,0.9237,22,17.0
2026-07-22,37750,2026-08-13,put,regular,1,0.9198,22,18.0
2026-07-22,38000,2026-08-13,put,regular,1610,0.9102,22,18.0
2026-07-22,38250,2026-08-13,put,regular,5,0.906,22,19.0
2026-07-22,38500,2026-08-13,put,regular,81,0.9015,22,20.0
2026-07-22,38750,2026-08-13,put,regular,2,0.8969,22,21.0
2026-07-22,39000,2026-08-13,put,regular,224,0.8873,22,21.0
2026-07-22,39250,2026-08-13,put,regular,3,0.8825,22,22.0
2026-07-22,39500,2026-08-13,put,regular,6,0.8775,22,23.0
2026-07-22,39750,2026-08-13,put,regular,11,0.8723,22,24.0
2026-07-22,40000,2026-08-13,put,regular,973,0.8586,22,23.0
2026-07-22,40250,2026-08-13,put,regular,7,0.8575,22,25.0
2026-07-22,40500,2026-08-13,put,regular,35,0.8521,22,26.0
2026-07-22,40750,2026-08-13,put,regular,13,0.8465,22,27.0
2026-07-22,41000,2026-08-13,put,regular,169,0.8408,22,28.0
2026-07-22,41250,2026-08-13,put,regular,25,0.835,22,29.0
2026-07-22,41500,2026-08-13,put,regular,22,0.8291,22,30.0
2026-07-22,41750,2026-08-13,put,regular,20,0.8231,22,31.0
2026-07-22,42000,2026-08-13,put,regular,468,0.8138,22,31.0
2026-07-22,42250,2026-08-13,put,regular,2,0.8139,22,34.0
2026-07-22,42500,2026-08-13,put,regular,137,0.8076,22,35.0
2026-07-22,42750,2026-08-13,put,regular,36,0.8012,22,36.0
2026-07-22,43000,2026-08-13,put,regular,166,0.7948,22,37.0
2026-07-22,43250,2026-08-13,put,regular,9,0.7909,22,39.0
2026-07-22,43500,2026-08-13,put,regular,8,0.7843,22,40.0
2026-07-22,43750,2026-08-13,put,regular,47,0.7776,22,41.0
2026-07-22,44000,2026-08-13,put,regular,229,0.7709,22,42.0
2026-07-22,44250,2026-08-13,put,regular,5,0.7641,22,43.0
2026-07-22,44500,2026-08-13,put,regular,112,0.7596,22,45.0
2026-07-22,44750,2026-08-13,put,regular,53,0.7634,22,51.0
2026-07-22,45000,2026-08-13,put,regular,1086,0.7583,22,53.0
2026-07-22,45250,2026-08-13,put,regular,128,0.745,22,51.0
2026-07-22,45500,2026-08-13,put,regular,159,0.7399,22,53.0
2026-07-22,45750,2026-08-13,put,regular,30,0.7346,22,55.0
2026-07-22,46000,2026-08-13,put,regular,386,0.7292,22,57.0
2026-07-22,46250,2026-08-13,put,regular,17,0.7218,22,58.0
2026-07-22,46500,2026-08-13,put,regular,280,0.718,22,61.0
2026-07-22,46750,2026-08-13,put,regular,56,0.7122,22,63.0
2026-07-22,47000,2026-08-13,put,regular,440,0.7064,22,65.0
2026-07-22,47250,2026-08-13,put,regular,66,0.7004,22,67.0
2026-07-22,47500,2026-08-13,put,regular,313,0.6974,22,71.0
2026-07-22,47750,2026-08-13,put,regular,85,0.6883,22,71.0
2026-07-22,48000,2026-08-13,put,regular,811,0.6821,22,73.0
2026-07-22,48250,2026-08-13,put,regular,123,0.6786,22,77.0
2026-07-22,48500,2026-08-13,put,regular,333,0.6774,22,83.0
2026-07-22,48750,2026-08-13,put,regular,162,0.6683,22,83.0
2026-07-22,49000,2026-08-13,put,regular,1388,0.6642,22,87.0
2026-07-22,49250,2026-08-13,put,regular,141,0.6562,22,88.0
2026-07-22,49500,2026-08-13,put,regular,610,0.653,22,93.0
2026-07-22,49750,2026-08-13,put,regular,53,0.6461,22,95.0
2026-07-22,50000,2026-08-13,put,regular,2805,0.6425,22,100.0
2026-07-22,50250,2026-08-13,put,regular,180,0.6365,22,103.0
2026-07-22,50500,2026-08-13,put,regular,283,0.6304,22,106.0
2026-07-22,50750,2026-08-13,put,regular,808,0.6252,22,110.0
2026-07-22,51000,2026-08-13,put,regular,1057,0.6218,22,116.0
2026-07-22,51250,2026-08-13,put,regular,53,0.6172,22,121.0
2026-07-22,51500,2026-08-13,put,regular,263,0.608,22,121.0
2026-07-22,51750,2026-08-13,put,regular,43,0.6066,22,130.0
2026-07-22,52000,2026-08-13,put,regular,894,0.5998,22,133.0
2026-07-22,52250,2026-08-13,put,regular,85,0.5963,22,140.0
2026-07-22,52500,2026-08-13,put,regular,510,0.5924,22,147.0
2026-07-22,52750,2026-08-13,put,regular,5,0.5868,22,152.0
2026-07-22,53000,2026-08-13,put,regular,1546,0.5832,22,160.0
2026-07-22,53250,2026-08-13,put,regular,54,0.5766,22,164.0
2026-07-22,53500,2026-08-13,put,regular,395,0.574,22,174.0
2026-07-22,53750,2026-08-13,put,regular,57,0.5678,22,179.0
2026-07-22,54000,2026-08-13,put,regular,660,0.5621,22,185.0
2026-07-22,54250,2026-08-13,put,regular,183,0.5587,22,195.0
2026-07-22,54500,2026-08-13,put,regular,664,0.5533,22,202.0
2026-07-22,54750,2026-08-13,put,regular,74,0.5494,22,212.0
2026-07-22,55000,2026-08-13,put,regular,2425,0.5442,22,220.0
2026-07-22,55250,2026-08-13,put,regular,95,0.5435,22,237.0
2026-07-22,55500,2026-08-13,put,regular,352,0.5402,22,250.0
2026-07-22,55750,2026-08-13,put,regular,305,0.5338,22,257.0
2026-07-22,56000,2026-08-13,put,regular,1035,0.531,22,272.0
2026-07-22,56250,2026-08-13,put,regular,147,0.5248,22,280.0
2026-07-22,56500,2026-08-13,put,regular,1743,0.5223,22,297.0
2026-07-22,56750,2026-08-13,put,regular,35,0.5198,22,315.0
2026-07-22,56875,2026-08-13,put,regular,8,0.5168,22,320.0
2026-07-22,57000,2026-08-13,put,regular,1890,0.5117,22,320.0
2026-07-22,57125,2026-08-13,put,regular,1,0.5127,22,335.0
2026-07-22,57250,2026-08-13,put,regular,362,0.5115,22,345.0
2026-07-22,57375,2026-08-13,put,regular,26,0.5083,22,350.0
2026-07-22,57500,2026-08-13,put,regular,711,0.5088,22,365.0
2026-07-22,57625,2026-08-13,put,regular,3,0.5055,22,370.0
2026-07-22,57750,2026-08-13,put,regular,13,0.5021,22,375.0
2026-07-22,57875,2026-08-13,put,regular,1,0.5005,22,385.0
2026-07-22,58000,2026-08-13,put,regular,2968,0.5006,22,400.0
2026-07-22,58125,2026-08-13,put,regular,6,0.5005,22,415.0
2026-07-22,58250,2026-08-13,put,regular,34,0.4935,22,410.0
2026-07-22,58375,2026-08-13,put,regular,13,0.4966,22,435.0
2026-07-22,58500,2026-08-13,put,regular,283,0.4896,22,430.0
2026-07-22,58625,2026-08-13,put,regular,11,0.494,22,460.0
2026-07-22,58750,2026-08-13,put,regular,69,0.4902,22,465.0
2026-07-22,58875,2026-08-13,put,regular,14,0.4895,22,480.0
2026-07-22,59000,2026-08-13,put,regular,3406,0.4856,22,485.0
2026-07-22,59125,2026-08-13,put,regular,36,0.4877,22,510.0
2026-07-22,59250,2026-08-13,put,regular,78,0.4837,22,515.0
2026-07-22,59375,2026-08-13,put,regular,12,0.4825,22,530.0
2026-07-22,59500,2026-08-13,put,regular,1260,0.4799,22,540.0
2026-07-22,59625,2026-08-13,put,regular,24,0.4814,22,565.0
2026-07-22,59750,2026-08-13,put,regular,18,0.4799,22,580.0
2026-07-22,59875,2026-08-13,put,regular,58,0.4783,22,595.0
2026-07-22,60000,2026-08-13,put,regular,4264,0.474,22,600.0
2026-07-22,60125,2026-08-13,put,regular,102,0.4736,22,620.0
2026-07-22,60250,2026-08-13,put,regular,96,0.4744,22,645.0
2026-07-22,60375,2026-08-13,put,regular,22,0.4711,22,655.0
2026-07-22,60500,2026-08-13,put,regular,143,0.4691,22,670.0
2026-07-22,60625,2026-08-13,put,regular,357,0.4683,22,690.0
2026-07-22,60750,2026-08-13,put,regular,39,0.4661,22,705.0
2026-07-22,60875,2026-08-13,put,regular,3,0.4674,22,735.0
2026-07-22,61000,2026-08-13,put,regular,2175,0.459,22,725.0
2026-07-22,61125,2026-08-13,put,regular,27,0.4637,22,770.0
2026-07-22,61250,2026-08-13,put,regular,4,0.4599,22,780.0
2026-07-22,61375,2026-08-13,put,regular,32,0.4607,22,810.0
2026-07-22,61500,2026-08-13,put,regular,445,0.4591,22,830.0
2026-07-22,61625,2026-08-13,put,regular,39,0.4573,22,850.0
2026-07-22,61750,2026-08-13,put,regular,69,0.4577,22,880.0
2026-07-22,61875,2026-08-13,put,regular,11,0.4547,22,895.0
2026-07-22,62000,2026-08-13,put,regular,2929,0.4505,22,905.0
2026-07-22,62125,2026-08-13,put,regular,126,0.4536,22,950.0
2026-07-22,62250,2026-08-13,put,regular,125,0.4514,22,970.0
2026-07-22,62375,2026-08-13,put,regular,27,0.4511,22,1000.0
2026-07-22,62500,2026-08-13,put,regular,1293,0.4496,22,1025.0
2026-07-22,62625,2026-08-13,put,regular,34,0.4501,22,1060.0
2026-07-22,62750,2026-08-13,put,regular,333,0.4484,22,1085.0
2026-07-22,62875,2026-08-13,put,regular,52,0.4476,22,1115.0
2026-07-22,63000,2026-08-13,put,regular,2782,0.4428,22,1125.0
2026-07-22,63125,2026-08-13,put,regular,82,0.4455,22,1175.0
2026-07-22,63250,2026-08-13,put,regular,144,0.4444,22,1205.0
2026-07-22,63375,2026-08-13,put,regular,60,0.4421,22,1230.0
2026-07-22,63500,2026-08-13,put,regular,726,0.4361,22,1235.0
2026-07-22,63625,2026-08-13,put,regular,10,0.4419,22,1305.0
2026-07-22,63750,2026-08-13,put,regular,9,0.4411,22,1340.0
2026-07-22,63875,2026-08-13,put,regular,50,0.4402,22,1375.0
2026-07-22,64000,2026-08-13,put,regular,2665,0.4375,22,1400.0
2026-07-22,64125,2026-08-13,put,regular,53,0.4372,22,1440.0
2026-07-22,64250,2026-08-13,put,regular,46,0.4385,22,1490.0
2026-07-22,64375,2026-08-13,put,regular,20,0.4354,22,1515.0
2026-07-22,64500,2026-08-13,put,regular,710,0.4365,22,1565.0
2026-07-22,64625,2026-08-13,put,regular,20,0.4331,22,1590.0
2026-07-22,64750,2026-08-13,put,regular,34,0.4356,22,1650.0
2026-07-22,64875,2026-08-13,put,regular,6,0.4345,22,1690.0
2026-07-22,65000,2026-08-13,put,regular,8966,0.4325,22,1725.0
2026-07-22,65125,2026-08-13,put,regular,7,0.4337,22,1780.0
2026-07-22,65250,2026-08-13,put,regular,101,0.4322,22,1820.0
2026-07-22,65375,2026-08-13,put,regular,13,0.4331,22,1875.0
2026-07-22,65500,2026-08-13,put,regular,992,0.4298,22,1905.0
2026-07-22,65625,2026-08-13,put,regular,64,0.4303,22,1960.0
2026-07-22,65750,2026-08-13,put,regular,152,0.4316,22,2020.0
2026-07-22,65875,2026-08-13,put,regular,37,0.4311,22,2070.0
2026-07-22,66000,2026-08-13,put,regular,1925,0.4265,22,2095.0
2026-07-22,66125,2026-08-13,put,regular,110,0.4312,22,2180.0
2026-07-22,66250,2026-08-13,put,regular,19,0.4327,22,2245.0
2026-07-22,66375,2026-08-13,put,regular,5,0.4332,22,2305.0
2026-07-22,66500,2026-08-13,put,regular,727,0.4335,22,2365.0
2026-07-22,66625,2026-08-13,put,regular,16,0.433,22,2420.0
2026-07-22,66750,2026-08-13,put,regular,2,0.4346,22,2490.0
2026-07-22,66875,2026-08-13,put,regular,82,0.4384,22,2575.0
2026-07-22,67000,2026-08-13,put,regular,1640,0.4314,22,2590.0
2026-07-22,67125,2026-08-13,put,regular,1,0.4318,22,2655.0
2026-07-22,67250,2026-08-13,put,regular,39,0.4367,22,2750.0
2026-07-22,67375,2026-08-13,put,regular,1,0.4369,22,2815.0
2026-07-22,67500,2026-08-13,put,regular,283,0.4377,22,2885.0
2026-07-22,67625,2026-08-13,put,regular,1,0.4354,22,2935.0
2026-07-22,67750,2026-08-13,put,regular,7,0.4405,22,3035.0
2026-07-22,68000,2026-08-13,put,regular,2551,0.4434,22,3190.0
2026-07-22,68125,2026-08-13,put,regular,3,0.4428,22,3255.0
2026-07-22,68250,2026-08-13,put,regular,191,0.4436,22,3330.0
2026-07-22,68375,2026-08-13,put,regular,33,0.4458,22,3415.0
2026-07-22,68500,2026-08-13,put,regular,222,0.4479,22,3500.0
2026-07-22,68625,2026-08-13,put,regular,2,0.4476,22,3570.0
2026-07-22,68750,2026-08-13,put,regular,9,0.4486,22,3650.0
2026-07-22,68875,2026-08-13,put,regular,6,0.4504,22,3735.0
2026-07-22,69000,2026-08-13,put,regular,1727,0.452,22,3820.0
2026-07-22,69125,2026-08-13,put,regular,10,0.4534,22,3905.0
2026-07-22,69250,2026-08-13,put,regular,31,0.4548,22,3990.0
2026-07-22,69500,2026-08-13,put,regular,602,0.4588,22,4170.0
2026-07-22,69750,2026-08-13,put,regular,2,0.4623,22,4350.0
2026-07-22,70000,2026-08-13,put,regular,6125,0.4662,22,4535.0
2026-07-22,70125,2026-08-13,put,regular,1,0.4684,22,4630.0
2026-07-22,70250,2026-08-13,put,regular,1,0.4705,22,4725.0
2026-07-22,70375,2026-08-13,put,regular,1,0.4725,22,4820.0
2026-07-22,70500,2026-08-13,put,regular,5,0.4752,22,4920.0
2026-07-22,71000,2026-08-13,put,regular,186,0.4843,22,5315.0
2026-07-22,72000,2026-08-13,put,regular,201,0.5036,22,6135.0
2026-07-22,72250,2026-08-13,put,regular,1,0.5102,22,6355.0
2026-07-22,73000,2026-08-13,put,regular,13,0.5286,22,7015.0
2026-07-22,73750,2026-08-13,put,regular,4,0.5486,22,7695.0
2026-07-22,74000,2026-08-13,put,regular,10,0.5555,22,7925.0
2026-07-22,75000,2026-08-13,put,regular,61,0.5841,22,8860.0
2026-07-22,77500,2026-08-13,put,regular,5,0.6625,22,11280.0
2026-07-22,20000,2026-09-10,put,regular,922,1.1025,50,6.0
2026-07-22,21000,2026-09-10,put,regular,25,1.0742,50,7.0
2026-07-22,22000,2026-09-10,put,regular,20,1.0454,50,8.0
2026-07-22,23000,2026-09-10,put,regular,11,1.0056,50,8.0
2026-07-22,24000,2026-09-10,put,regular,5,0.9878,50,10.0
2026-07-22,25000,2026-09-10,put,regular,4686,0.9673,50,12.0
2026-07-22,26000,2026-09-10,put,regular,118,0.9383,50,13.0
2026-07-22,27000,2026-09-10,put,regular,2,0.9222,50,16.0
2026-07-22,27500,2026-09-10,put,regular,15,0.9104,50,17.0
2026-07-22,28000,2026-09-10,put,regular,21,0.8985,50,18.0
2026-07-22,28750,2026-09-10,put,regular,65,0.8875,50,21.0
2026-07-22,29000,2026-09-10,put,regular,20,0.8791,50,21.0
2026-07-22,30000,2026-09-10,put,regular,4312,0.8623,50,25.0
2026-07-22,30500,2026-09-10,put,regular,86,0.8496,50,26.0
2026-07-22,31000,2026-09-10,put,regular,4,0.8404,50,28.0
2026-07-22,31500,2026-09-10,put,regular,15,0.8309,50,30.0
2026-07-22,32000,2026-09-10,put,regular,37,0.8211,50,32.0
2026-07-22,33000,2026-09-10,put,regular,130,0.8008,50,36.0
2026-07-22,34000,2026-09-10,put,regular,13,0.7799,50,40.0
2026-07-22,34750,2026-09-10,put,regular,69,0.7726,50,47.0
2026-07-22,35000,2026-09-10,put,regular,1090,0.769,50,49.0
2026-07-22,35750,2026-09-10,put,regular,50,0.7558,50,54.0
2026-07-22,36000,2026-09-10,put,regular,13,0.7537,50,57.0
2026-07-22,36750,2026-09-10,put,regular,60,0.7362,50,60.0
2026-07-22,37000,2026-09-10,put,regular,503,0.732,50,62.0
2026-07-22,37500,2026-09-10,put,regular,2,0.7203,50,64.0
2026-07-22,37750,2026-09-10,put,regular,1,0.7129,50,64.0
2026-07-22,38000,2026-09-10,put,regular,734,0.7116,50,68.0
2026-07-22,38500,2026-09-10,put,regular,226,0.7026,50,72.0
2026-07-22,39000,2026-09-10,put,regular,59,0.6908,50,74.0
2026-07-22,39250,2026-09-10,put,regular,165,0.6862,50,76.0
2026-07-22,39500,2026-09-10,put,regular,350,0.6815,50,78.0
2026-07-22,40000,2026-09-10,put,regular,2962,0.6768,50,86.0
2026-07-22,40250,2026-09-10,put,regular,1,0.6661,50,83.0
2026-07-22,40500,2026-09-10,put,regular,176,0.6625,50,86.0
2026-07-22,40750,2026-09-10,put,regular,42,0.6587,50,89.0
2026-07-22,41000,2026-09-10,put,regular,838,0.6602,50,97.0
2026-07-22,41250,2026-09-10,put,regular,1,0.6611,50,105.0
2026-07-22,41500,2026-09-10,put,regular,51,0.6568,50,108.0
2026-07-22,42000,2026-09-10,put,regular,1943,0.6454,50,111.0
2026-07-22,42250,2026-09-10,put,regular,20,0.6428,50,116.0
2026-07-22,42500,2026-09-10,put,regular,50,0.6409,50,122.0
2026-07-22,42750,2026-09-10,put,regular,16,0.6371,50,126.0
2026-07-22,43000,2026-09-10,put,regular,999,0.6332,50,130.0
2026-07-22,43250,2026-09-10,put,regular,66,0.6285,50,133.0
2026-07-22,43500,2026-09-10,put,regular,582,0.6245,50,137.0
2026-07-22,43750,2026-09-10,put,regular,9,0.6212,50,142.0
2026-07-22,44000,2026-09-10,put,regular,1454,0.617,50,146.0
2026-07-22,44250,2026-09-10,put,regular,27,0.6128,50,150.0
2026-07-22,44500,2026-09-10,put,regular,126,0.6078,50,153.0
2026-07-22,44750,2026-09-10,put,regular,8,0.6049,50,159.0
2026-07-22,45000,2026-09-10,put,regular,2278,0.5985,50,160.0
2026-07-22,45500,2026-09-10,put,regular,1,0.5927,50,173.0
2026-07-22,45750,2026-09-10,put,regular,33,0.5887,50,178.0
2026-07-22,46000,2026-09-10,put,regular,2152,0.5852,50,184.0
2026-07-22,46250,2026-09-10,put,regular,26,0.581,50,189.0
2026-07-22,46500,2026-09-10,put,regular,340,0.5757,50,192.0
2026-07-22,46750,2026-09-10,put,regular,24,0.5736,50,201.0
2026-07-22,47000,2026-09-10,put,regular,621,0.5697,50,207.0
2026-07-22,47250,2026-09-10,put,regular,19,0.5689,50,219.0
2026-07-22,47500,2026-09-10,put,regular,1015,0.5648,50,225.0
2026-07-22,47750,2026-09-10,put,regular,15,0.5592,50,228.0
2026-07-22,48000,2026-09-10,put,regular,3394,0.5536,50,231.0
2026-07-22,48250,2026-09-10,put,regular,25,0.5521,50,243.0
2026-07-22,48500,2026-09-10,put,regular,650,0.5464,50,246.0
2026-07-22,48750,2026-09-10,put,regular,25,0.5429,50,254.0
2026-07-22,49000,2026-09-10,put,regular,1371,0.5393,50,262.0
2026-07-22,49250,2026-09-10,put,regular,93,0.536,50,271.0
2026-07-22,49500,2026-09-10,put,regular,114,0.5326,50,280.0
2026-07-22,49750,2026-09-10,put,regular,141,0.5287,50,288.0
2026-07-22,50000,2026-09-10,put,regular,9068,0.524,50,294.0
2026-07-22,50250,2026-09-10,put,regular,39,0.5229,50,310.0
2026-07-22,50500,2026-09-10,put,regular,1135,0.5195,50,320.0
2026-07-22,50750,2026-09-10,put,regular,146,0.5159,50,330.0
2026-07-22,51000,2026-09-10,put,regular,1091,0.5105,50,335.0
2026-07-22,51250,2026-09-10,put,regular,210,0.5085,50,350.0
2026-07-22,51500,2026-09-10,put,regular,241,0.5062,50,365.0
2026-07-22,51750,2026-09-10,put,regular,41,0.5022,50,375.0
2026-07-22,52000,2026-09-10,put,regular,1226,0.4997,50,390.0
2026-07-22,52250,2026-09-10,put,regular,61,0.4955,50,400.0
2026-07-22,52500,2026-09-10,put,regular,305,0.4927,50,415.0
2026-07-22,52750,2026-09-10,put,regular,25,0.4898,50,430.0
2026-07-22,53000,2026-09-10,put,regular,1552,0.4853,50,440.0
2026-07-22,53250,2026-09-10,put,regular,15,0.4835,50,460.0
2026-07-22,53500,2026-09-10,put,regular,1213,0.4802,50,475.0
2026-07-22,53750,2026-09-10,put,regular,75,0.4767,50,490.0
2026-07-22,54000,2026-09-10,put,regular,2586,0.4744,50,510.0
2026-07-22,54250,2026-09-10,put,regular,2,0.4706,50,525.0
2026-07-22,54500,2026-09-10,put,regular,407,0.468,50,545.0
2026-07-22,54750,2026-09-10,put,regular,233,0.4605,50,545.0
2026-07-22,55000,2026-09-10,put,regular,4326,0.46,50,575.0
2026-07-22,55250,2026-09-10,put,regular,8,0.4592,50,605.0
2026-07-22,55500,2026-09-10,put,regular,600,0.457,50,630.0
2026-07-22,56000,2026-09-10,put,regular,1668,0.4593,50,715.0
2026-07-22,56250,2026-09-10,put,regular,24,0.4475,50,695.0
2026-07-22,56500,2026-09-10,put,regular,183,0.4437,50,715.0
2026-07-22,56750,2026-09-10,put,regular,24,0.4436,50,755.0
2026-07-22,57000,2026-09-10,put,regular,2835,0.4395,50,775.0
2026-07-22,57250,2026-09-10,put,regular,24,0.439,50,815.0
2026-07-22,57500,2026-09-10,put,regular,389,0.4354,50,840.0
2026-07-22,57750,2026-09-10,put,regular,142,0.4327,50,870.0
2026-07-22,58000,2026-09-10,put,regular,2164,0.4315,50,910.0
2026-07-22,58250,2026-09-10,put,regular,163,0.4292,50,945.0
2026-07-22,58500,2026-09-10,put,regular,918,0.4258,50,975.0
2026-07-22,58750,2026-09-10,put,regular,20,0.4248,50,1020.0
2026-07-22,59000,2026-09-10,put,regular,2515,0.4219,50,1055.0
2026-07-22,59250,2026-09-10,put,regular,42,0.4196,50,1095.0
2026-07-22,59500,2026-09-10,put,regular,245,0.4171,50,1135.0
2026-07-22,59750,2026-09-10,put,regular,22,0.4152,50,1180.0
2026-07-22,60000,2026-09-10,put,regular,3502,0.4187,50,1265.0
2026-07-22,60500,2026-09-10,put,regular,321,0.4094,50,1325.0
2026-07-22,60750,2026-09-10,put,regular,128,0.4073,50,1375.0
2026-07-22,61000,2026-09-10,put,regular,974,0.4056,50,1430.0
2026-07-22,61250,2026-09-10,put,regular,2,0.4044,50,1490.0
2026-07-22,61500,2026-09-10,put,regular,15,0.4022,50,1545.0
2026-07-22,61625,2026-09-10,put,regular,1,0.4014,50,1575.0
2026-07-22,61750,2026-09-10,put,regular,6,0.4011,50,1610.0
2026-07-22,62000,2026-09-10,put,regular,2621,0.4004,50,1680.0
2026-07-22,62250,2026-09-10,put,regular,22,0.3976,50,1735.0
2026-07-22,62375,2026-09-10,put,regular,3,0.397,50,1770.0
2026-07-22,62500,2026-09-10,put,regular,697,0.3964,50,1805.0
2026-07-22,62750,2026-09-10,put,regular,6,0.3949,50,1875.0
2026-07-22,63000,2026-09-10,put,regular,3167,0.3937,50,1950.0
2026-07-22,63125,2026-09-10,put,regular,5,0.3922,50,1980.0
2026-07-22,63250,2026-09-10,put,regular,1,0.3918,50,2020.0
2026-07-22,63500,2026-09-10,put,regular,319,0.3901,50,2095.0
2026-07-22,63750,2026-09-10,put,regular,4,0.3894,50,2180.0
2026-07-22,64000,2026-09-10,put,regular,2145,0.3883,50,2265.0
2026-07-22,64375,2026-09-10,put,regular,22,0.3855,50,2385.0
2026-07-22,64500,2026-09-10,put,regular,340,0.3844,50,2425.0
2026-07-22,65000,2026-09-10,put,regular,3204,0.3828,50,2615.0
2026-07-22,65250,2026-09-10,put,regular,80,0.382,50,2715.0
2026-07-22,65375,2026-09-10,put,regular,19,0.3821,50,2770.0
2026-07-22,65500,2026-09-10,put,regular,277,0.3816,50,2820.0
2026-07-22,65625,2026-09-10,put,regular,15,0.381,50,2870.0
2026-07-22,65750,2026-09-10,put,regular,2,0.3809,50,2925.0
2026-07-22,66000,2026-09-10,put,regular,1763,0.3799,50,3030.0
2026-07-22,66125,2026-09-10,put,regular,6,0.3801,50,3090.0
2026-07-22,66250,2026-09-10,put,regular,10,0.3802,50,3150.0
2026-07-22,66500,2026-09-10,put,regular,1509,0.3848,50,3315.0
2026-07-22,66625,2026-09-10,put,regular,15,0.3831,50,3360.0
2026-07-22,66750,2026-09-10,put,regular,9,0.383,50,3420.0
2026-07-22,67000,2026-09-10,put,regular,1139,0.3845,50,3560.0
2026-07-22,67250,2026-09-10,put,regular,8,0.3832,50,3675.0
2026-07-22,67500,2026-09-10,put,regular,300,0.3831,50,3805.0
2026-07-22,67750,2026-09-10,put,regular,172,0.3833,50,3940.0
2026-07-22,68000,2026-09-10,put,regular,756,0.3827,50,4070.0
2026-07-22,68250,2026-09-10,put,regular,8,0.3839,50,4220.0
2026-07-22,68500,2026-09-10,put,regular,33,0.3843,50,4365.0
2026-07-22,68750,2026-09-10,put,regular,18,0.385,50,4515.0
2026-07-22,69000,2026-09-10,put,regular,1146,0.3844,50,4655.0
2026-07-22,69500,2026-09-10,put,regular,6,0.3855,50,4965.0
2026-07-22,70000,2026-09-10,put,regular,1475,0.3877,50,5295.0
2026-07-22,71000,2026-09-10,put,regular,100,0.3929,50,5990.0
2026-07-22,73000,2026-09-10,put,regular,18,0.4087,50,7525.0
2026-07-22,75000,2026-09-10,put,regular,2,0.4305,50,9210.0
2026-07-22,25000,2026-10-08,put,regular,19,0.8561,78,31.0
2026-07-22,30000,2026-10-08,put,regular,2,0.7624,78,57.0
2026-07-22,35000,2026-10-08,put,regular,1,0.6713,78,92.0
2026-07-22,36000,2026-10-08,put,regular,1,0.6532,78,100.0
2026-07-22,37000,2026-10-08,put,regular,1,0.6349,78,108.0
2026-07-22,38000,2026-10-08,put,regular,2,0.6245,78,126.0
2026-07-22,39000,2026-10-08,put,regular,1,0.6132,78,145.0
2026-07-22,40000,2026-10-08,put,regular,102,0.6024,78,167.0
2026-07-22,41000,2026-10-08,put,regular,1,0.5917,78,192.0
2026-07-22,42000,2026-10-08,put,regular,100,0.5762,78,210.0
2026-07-22,42750,2026-10-08,put,regular,1,0.5658,78,227.0
2026-07-22,43000,2026-10-08,put,regular,24,0.5642,78,237.0
2026-07-22,43750,2026-10-08,put,regular,9,0.5526,78,253.0
2026-07-22,45000,2026-10-08,put,regular,211,0.5581,78,350.0
2026-07-22,45500,2026-10-08,put,regular,203,0.5258,78,294.0
2026-07-22,46000,2026-10-08,put,regular,150,0.5296,78,340.0
2026-07-22,46500,2026-10-08,put,regular,63,0.5269,78,370.0
2026-07-22,46750,2026-10-08,put,regular,59,0.5268,78,390.0
2026-07-22,47000,2026-10-08,put,regular,78,0.525,78,405.0
2026-07-22,47250,2026-10-08,put,regular,5,0.5246,78,425.0
2026-07-22,47750,2026-10-08,put,regular,28,0.5134,78,430.0
2026-07-22,48000,2026-10-08,put,regular,501,0.5071,78,430.0
2026-07-22,48250,2026-10-08,put,regular,3,0.5023,78,435.0
2026-07-22,48500,2026-10-08,put,regular,1,0.4974,78,440.0
2026-07-22,48750,2026-10-08,put,regular,1,0.4912,78,440.0
2026-07-22,49000,2026-10-08,put,regular,6,0.4876,78,450.0
2026-07-22,49250,2026-10-08,put,regular,2,0.4852,78,465.0
2026-07-22,49500,2026-10-08,put,regular,2,0.4816,78,475.0
2026-07-22,49750,2026-10-08,put,regular,2,0.4778,78,485.0
2026-07-22,50000,2026-10-08,put,regular,556,0.48,78,520.0
2026-07-22,50250,2026-10-08,put,regular,1,0.4772,78,535.0
2026-07-22,50500,2026-10-08,put,regular,4,0.4743,78,550.0
2026-07-22,50750,2026-10-08,put,regular,1,0.4702,78,560.0
2026-07-22,51000,2026-10-08,put,regular,1,0.4661,78,570.0
2026-07-22,51250,2026-10-08,put,regular,1,0.463,78,585.0
2026-07-22,51500,2026-10-08,put,regular,176,0.464,78,620.0
2026-07-22,51750,2026-10-08,put,regular,1,0.4576,78,620.0
2026-07-22,52000,2026-10-08,put,regular,53,0.4593,78,660.0
2026-07-22,52250,2026-10-08,put,regular,1,0.4529,78,660.0
2026-07-22,52500,2026-10-08,put,regular,252,0.4503,78,680.0
2026-07-22,52750,2026-10-08,put,regular,1,0.4486,78,705.0
2026-07-22,53000,2026-10-08,put,regular,8,0.4495,78,745.0
2026-07-22,53250,2026-10-08,put,regular,1,0.443,78,745.0
2026-07-22,53500,2026-10-08,put,regular,101,0.4401,78,765.0
2026-07-22,54000,2026-10-08,put,regular,107,0.4397,78,840.0
2026-07-22,54250,2026-10-08,put,regular,7,0.4356,78,855.0
2026-07-22,54750,2026-10-08,put,regular,6,0.4304,78,905.0
2026-07-22,55000,2026-10-08,put,regular,607,0.4314,78,955.0
2026-07-22,55250,2026-10-08,put,regular,31,0.4285,78,980.0
2026-07-22,55750,2026-10-08,put,regular,1,0.423,78,1035.0
2026-07-22,56000,2026-10-08,put,regular,250,0.4205,78,1065.0
2026-07-22,56250,2026-10-08,put,regular,5,0.4185,78,1100.0
2026-07-22,56500,2026-10-08,put,regular,4,0.4165,78,1135.0
2026-07-22,56750,2026-10-08,put,regular,1,0.4156,78,1180.0
2026-07-22,57000,2026-10-08,put,regular,252,0.4132,78,1215.0
2026-07-22,57500,2026-10-08,put,regular,100,0.4107,78,1305.0
2026-07-22,57750,2026-10-08,put,regular,31,0.4073,78,1335.0
2026-07-22,58000,2026-10-08,put,regular,921,0.4063,78,1385.0
2026-07-22,58250,2026-10-08,put,regular,5,0.4045,78,1430.0
2026-07-22,58500,2026-10-08,put,regular,6,0.4031,78,1480.0
2026-07-22,58750,2026-10-08,put,regular,5,0.4016,78,1530.0
2026-07-22,59000,2026-10-08,put,regular,125,0.3999,78,1580.0
2026-07-22,59250,2026-10-08,put,regular,17,0.3987,78,1635.0
2026-07-22,59500,2026-10-08,put,regular,5,0.3973,78,1690.0
2026-07-22,60000,2026-10-08,put,regular,1739,0.3945,78,1805.0
2026-07-22,60500,2026-10-08,put,regular,102,0.3916,78,1925.0
2026-07-22,60750,2026-10-08,put,regular,23,0.3899,78,1985.0
2026-07-22,61000,2026-10-08,put,regular,202,0.3896,78,2060.0
2026-07-22,62000,2026-10-08,put,regular,214,0.3845,78,2340.0
2026-07-22,64000,2026-10-08,put,regular,650,0.3781,78,3030.0
2026-07-22,64500,2026-10-08,put,regular,230,0.3759,78,3215.0
2026-07-22,64750,2026-10-08,put,regular,1,0.3756,78,3320.0
2026-07-22,65000,2026-10-08,put,regular,850,0.3747,78,3420.0
2026-07-22,65500,2026-10-08,put,regular,60,0.3745,78,3645.0
2026-07-22,66000,2026-10-08,put,regular,1,0.3727,78,3860.0
2026-07-22,67000,2026-10-08,put,regular,201,0.3728,78,4360.0
2026-07-22,68000,2026-10-08,put,regular,536,0.3742,78,4910.0
2026-07-22,68500,2026-10-08,put,regular,2,0.3746,78,5195.0
2026-07-22,69000,2026-10-08,put,regular,200,0.3756,78,5495.0
2026-07-22,69500,2026-10-08,put,regular,75,0.3771,78,5810.0
2026-07-22,70000,2026-10-08,put,regular,101,0.3785,78,6130.0
2026-07-22,72500,2026-10-08,put,regular,1,0.3918,78,7920.0
2026-07-22,79000,2026-10-08,put,regular,2,0.4477,78,13420.0
2026-07-22,25000,2026-11-12,put,regular,8,0.7189,113,34.0
2026-07-22,27000,2026-11-12,put,regular,626000,0.7065,113,55.0
2026-07-22,30000,2026-11-12,put,regular,1,0.664,113,81.0
2026-07-22,35000,2026-11-12,put,regular,1,0.5973,113,144.0
2026-07-22,38000,2026-11-12,put,regular,1,0.5605,113,200.0
2026-07-22,40000,2026-11-12,put,regular,2,0.5277,113,225.0
2026-07-22,42000,2026-11-12,put,regular,150,0.501,113,267.0
2026-07-22,43000,2026-11-12,put,regular,1,0.491,113,300.0
2026-07-22,51000,2026-11-12,put,regular,100,0.4171,113,745.0
2026-07-22,53000,2026-11-12,put,regular,55,0.402,113,945.0
2026-07-22,53750,2026-11-12,put,regular,1,0.3969,113,1035.0
2026-07-22,56000,2026-11-12,put,regular,150,0.3826,113,1360.0
2026-07-22,58000,2026-11-12,put,regular,100,0.3765,113,1785.0
2026-07-22,59500,2026-11-12,put,regular,250,0.3738,113,2185.0
2026-07-22,60000,2026-11-12,put,regular,420,0.3728,113,2330.0
2026-07-22,60500,2026-11-12,put,regular,100,0.3692,113,2450.0
2026-07-22,61000,2026-11-12,put,regular,300,0.3648,113,2565.0
2026-07-22,63000,2026-11-12,put,regular,100,0.3586,113,3230.0
2026-07-22,64000,2026-11-12,put,regular,560,0.3556,113,3605.0
2026-07-22,65000,2026-11-12,put,regular,100,0.3534,113,4020.0
2026-07-22,66000,2026-11-12,put,regular,150,0.3519,113,4475.0
2026-07-22,67000,2026-11-12,put,regular,350,0.3483,113,4930.0
2026-07-22,67500,2026-11-12,put,regular,4,0.348,113,5190.0
2026-07-22,68500,2026-11-12,put,regular,328,0.3475,113,5735.0
2026-07-22,70000,2026-11-12,put,regular,460,0.3489,113,6640.0
2026-07-22,72500,2026-11-12,put,regular,330,0.3501,113,8270.0
2026-07-22,12500,2026-12-10,put,regular,430,0.9276,141,8.0
2026-07-22,13000,2026-12-10,put,regular,4,0.916,141,9.0
2026-07-22,13500,2026-12-10,put,regular,100,0.904,141,10.0
2026-07-22,14000,2026-12-10,put,regular,11,0.8918,141,11.0
2026-07-22,14500,2026-12-10,put,regular,1,0.8795,141,12.0
2026-07-22,14750,2026-12-10,put,regular,1,0.8766,141,13.0
2026-07-22,15000,2026-12-10,put,regular,5,0.8734,141,14.0
2026-07-22,16000,2026-12-10,put,regular,3,0.853,141,17.0
2026-07-22,17000,2026-12-10,put,regular,3,0.836,141,21.0
2026-07-22,18000,2026-12-10,put,regular,153,0.8138,141,24.0
2026-07-22,19000,2026-12-10,put,regular,650,0.7916,141,27.0
2026-07-22,20000,2026-12-10,put,regular,2350,0.7697,141,30.0
2026-07-22,21000,2026-12-10,put,regular,350,0.7481,141,33.0
2026-07-22,21500,2026-12-10,put,regular,500,0.7362,141,34.0
2026-07-22,22000,2026-12-10,put,regular,1715,0.7244,141,35.0
2026-07-22,22500,2026-12-10,put,regular,154,0.7129,141,36.0
2026-07-22,23000,2026-12-10,put,regular,2105,0.7016,141,37.0
2026-07-22,23500,2026-12-10,put,regular,127,0.6967,141,41.0
2026-07-22,24000,2026-12-10,put,regular,400,0.6893,141,44.0
2026-07-22,24500,2026-12-10,put,regular,250,0.6835,141,48.0
2026-07-22,24750,2026-12-10,put,regular,1,0.6805,141,50.0
2026-07-22,25000,2026-12-10,put,regular,2464,0.6774,141,52.0
2026-07-22,25250,2026-12-10,put,regular,1,0.6742,141,54.0
2026-07-22,25500,2026-12-10,put,regular,2,0.6709,141,56.0
2026-07-22,26000,2026-12-10,put,regular,1425,0.6656,141,61.0
2026-07-22,26500,2026-12-10,put,regular,1,0.6586,141,65.0
2026-07-22,27000,2026-12-10,put,regular,2630,0.6526,141,70.0
2026-07-22,27500,2026-12-10,put,regular,25,0.6464,141,75.0
2026-07-22,27750,2026-12-10,put,regular,72,0.6427,141,77.0
2026-07-22,28000,2026-12-10,put,regular,1326,0.64,141,80.0
2026-07-22,28500,2026-12-10,put,regular,400,0.6364,141,88.0
2026-07-22,29000,2026-12-10,put,regular,1450,0.6332,141,97.0
2026-07-22,30000,2026-12-10,put,regular,5896,0.6125,141,100.0
2026-07-22,30500,2026-12-10,put,regular,51,0.6045,141,104.0
2026-07-22,31000,2026-12-10,put,regular,2257,0.5988,141,111.0
2026-07-22,31500,2026-12-10,put,regular,350,0.5923,141,117.0
2026-07-22,32000,2026-12-10,put,regular,4655,0.5863,141,124.0
2026-07-22,32250,2026-12-10,put,regular,600,0.5835,141,128.0
2026-07-22,32500,2026-12-10,put,regular,900,0.5808,141,132.0
2026-07-22,32750,2026-12-10,put,regular,20,0.5779,141,136.0
2026-07-22,33000,2026-12-10,put,regular,3362,0.575,141,140.0
2026-07-22,33250,2026-12-10,put,regular,37,0.5721,141,144.0
2026-07-22,33500,2026-12-10,put,regular,72,0.5691,141,148.0
2026-07-22,34000,2026-12-10,put,regular,2820,0.5637,141,157.0
2026-07-22,34500,2026-12-10,put,regular,560,0.558,141,166.0
2026-07-22,34750,2026-12-10,put,regular,1,0.5553,141,171.0
2026-07-22,35000,2026-12-10,put,regular,5063,0.5521,141,175.0
2026-07-22,36000,2026-12-10,put,regular,2905,0.5413,141,196.0
2026-07-22,36500,2026-12-10,put,regular,225,0.5359,141,207.0
2026-07-22,36750,2026-12-10,put,regular,400,0.5333,141,213.0
2026-07-22,37000,2026-12-10,put,regular,2537,0.5307,141,219.0
2026-07-22,37500,2026-12-10,put,regular,188,0.5253,141,231.0
2026-07-22,37750,2026-12-10,put,regular,100,0.523,141,238.0
2026-07-22,38000,2026-12-10,put,regular,2686,0.5205,141,245.0
2026-07-22,38500,2026-12-10,put,regular,1150,0.5152,141,258.0
2026-07-22,38750,2026-12-10,put,regular,50,0.5126,141,265.0
2026-07-22,39000,2026-12-10,put,regular,2505,0.5099,141,272.0
2026-07-22,39250,2026-12-10,put,regular,650,0.5076,141,280.0
2026-07-22,39500,2026-12-10,put,regular,1008,0.5049,141,287.0
2026-07-22,40000,2026-12-10,put,regular,6177,0.5006,141,305.0
2026-07-22,40250,2026-12-10,put,regular,5,0.4987,141,315.0
2026-07-22,40500,2026-12-10,put,regular,1469,0.4936,141,315.0
2026-07-22,41000,2026-12-10,put,regular,1825,0.485,141,320.0
2026-07-22,41250,2026-12-10,put,regular,3,0.4815,141,325.0
2026-07-22,41500,2026-12-10,put,regular,101,0.4779,141,330.0
2026-07-22,42000,2026-12-10,put,regular,3599,0.4708,141,340.0
2026-07-22,42500,2026-12-10,put,regular,300,0.4664,141,360.0
2026-07-22,43000,2026-12-10,put,regular,1690,0.4618,141,380.0
2026-07-22,43500,2026-12-10,put,regular,100,0.4582,141,405.0
2026-07-22,43750,2026-12-10,put,regular,8,0.4557,141,415.0
2026-07-22,44000,2026-12-10,put,regular,3390,0.4543,141,430.0
2026-07-22,45000,2026-12-10,put,regular,2998,0.4456,141,480.0
2026-07-22,45250,2026-12-10,put,regular,51,0.4439,141,495.0
2026-07-22,45500,2026-12-10,put,regular,350,0.442,141,510.0
2026-07-22,46000,2026-12-10,put,regular,3757,0.4381,141,540.0
2026-07-22,47000,2026-12-10,put,regular,2846,0.4303,141,605.0
2026-07-22,47500,2026-12-10,put,regular,1077,0.4265,141,640.0
2026-07-22,48000,2026-12-10,put,regular,4167,0.4232,141,680.0
2026-07-22,48500,2026-12-10,put,regular,300,0.4196,141,720.0
2026-07-22,49000,2026-12-10,put,regular,3177,0.4157,141,760.0
2026-07-22,49500,2026-12-10,put,regular,2717,0.4122,141,805.0
2026-07-22,50000,2026-12-10,put,regular,6061,0.4085,141,850.0
2026-07-22,50250,2026-12-10,put,regular,16,0.4069,141,875.0
2026-07-22,50500,2026-12-10,put,regular,635,0.4051,141,900.0
2026-07-22,50750,2026-12-10,put,regular,45,0.4033,141,925.0
2026-07-22,51000,2026-12-10,put,regular,1680,0.4015,141,950.0
2026-07-22,51500,2026-12-10,put,regular,20,0.3982,141,1005.0
2026-07-22,52000,2026-12-10,put,regular,2175,0.3951,141,1065.0
2026-07-22,52250,2026-12-10,put,regular,525,0.3935,141,1095.0
2026-07-22,52500,2026-12-10,put,regular,417,0.3917,141,1125.0
2026-07-22,53000,2026-12-10,put,regular,1398,0.3886,141,1190.0
2026-07-22,53250,2026-12-10,put,regular,186,0.3872,141,1225.0
2026-07-22,53500,2026-12-10,put,regular,205,0.3857,141,1260.0
2026-07-22,53750,2026-12-10,put,regular,4,0.3857,141,1310.0
2026-07-22,54000,2026-12-10,put,regular,2427,0.3928,141,1430.0
2026-07-22,54500,2026-12-10,put,regular,440,0.3864,141,1475.0
2026-07-22,55000,2026-12-10,put,regular,4887,0.3847,141,1570.0
2026-07-22,55500,2026-12-10,put,regular,100,0.3821,141,1660.0
2026-07-22,56000,2026-12-10,put,regular,2176,0.3787,141,1745.0
2026-07-22,56500,2026-12-10,put,regular,151,0.3763,141,1845.0
2026-07-22,57000,2026-12-10,put,regular,1250,0.3731,141,1940.0
2026-07-22,57500,2026-12-10,put,regular,850,0.3708,141,2050.0
2026-07-22,58000,2026-12-10,put,regular,1397,0.3677,141,2155.0
2026-07-22,58500,2026-12-10,put,regular,450,0.3655,141,2275.0
2026-07-22,59000,2026-12-10,put,regular,2240,0.3628,141,2395.0
2026-07-22,59500,2026-12-10,put,regular,250,0.3606,141,2525.0
2026-07-22,60000,2026-12-10,put,regular,8095,0.3594,141,2675.0
2026-07-22,61000,2026-12-10,put,regular,1650,0.3565,141,2985.0
2026-07-22,61500,2026-12-10,put,regular,2,0.3534,141,3125.0
2026-07-22,62000,2026-12-10,put,regular,2231,0.3516,141,3290.0
2026-07-22,62250,2026-12-10,put,regular,350,0.3511,141,3380.0
2026-07-22,62500,2026-12-10,put,regular,385,0.3501,141,3465.0
2026-07-22,63000,2026-12-10,put,regular,1601,0.3504,141,3675.0
2026-07-22,63750,2026-12-10,put,regular,25,0.3475,141,3950.0
2026-07-22,64000,2026-12-10,put,regular,1125,0.3469,141,4050.0
2026-07-22,65000,2026-12-10,put,regular,2890,0.3445,141,4470.0
2026-07-22,65500,2026-12-10,put,regular,580,0.3434,141,4690.0
2026-07-22,66000,2026-12-10,put,regular,201,0.3427,141,4925.0
2026-07-22,67000,2026-12-10,put,regular,1405,0.3398,141,5390.0
2026-07-22,67250,2026-12-10,put,regular,25,0.339,141,5510.0
2026-07-22,67500,2026-12-10,put,regular,25,0.3387,141,5640.0
2026-07-22,68000,2026-12-10,put,regular,1700,0.3382,141,5905.0
2026-07-22,68500,2026-12-10,put,regular,203,0.3385,141,6190.0
2026-07-22,68750,2026-12-10,put,regular,100,0.3374,141,6315.0
2026-07-22,69000,2026-12-10,put,regular,1470,0.3383,141,6475.0
2026-07-22,70000,2026-12-10,put,regular,1644,0.3386,141,7075.0
2026-07-22,71000,2026-12-10,put,regular,31,0.3392,141,7705.0
2026-07-22,72000,2026-12-10,put,regular,120,0.3403,141,8370.0
2026-07-22,72500,2026-12-10,put,regular,320,0.3399,141,8695.0
2026-07-22,74000,2026-12-10,put,regular,100,0.3426,141,9770.0
2026-07-22,76000,2026-12-10,put,regular,300,0.3489,141,11315.0
2026-07-22,80000,2026-12-10,put,regular,3700,0.3632,141,14625.0
2026-07-22,44000,2027-01-07,put,regular,331,0.4496,169,605.0
2026-07-22,45000,2027-01-07,put,regular,400,0.4374,169,645.0
2026-07-22,47000,2027-01-07,put,regular,41,0.4137,169,735.0
2026-07-22,48000,2027-01-07,put,regular,200,0.4084,169,830.0
2026-07-22,50000,2027-01-07,put,regular,15,0.3949,169,1025.0
2026-07-22,60000,2027-01-07,put,regular,1,0.3447,169,2920.0
2026-07-22,60500,2027-01-07,put,regular,41,0.3449,169,3100.0
2026-07-22,64250,2027-01-07,put,regular,65565000,0.3345,169,4465.0
2026-07-22,65000,2027-01-07,put,regular,3,0.3327,169,4785.0
2026-07-22,66000,2027-01-07,put,regular,78,0.331,169,5245.0
2026-07-22,47000,2027-02-10,put,regular,125,0.4,203,905.0
2026-07-22,29000,2027-03-11,put,regular,1,0.5517,232,199.0
2026-07-22,30000,2027-03-11,put,regular,1,0.5415,232,222.0
2026-07-22,33000,2027-03-11,put,regular,113,0.5127,232,305.0
2026-07-22,35000,2027-03-11,put,regular,600,0.495,232,375.0
2026-07-22,37000,2027-03-11,put,regular,500,0.4773,232,455.0
2026-07-22,38000,2027-03-11,put,regular,265,0.4687,232,500.0
2026-07-22,40000,2027-03-11,put,regular,471,0.4408,232,540.0
2026-07-22,41000,2027-03-11,put,regular,250,0.4314,232,585.0
2026-07-22,42000,2027-03-11,put,regular,749,0.424,232,645.0
2026-07-22,42500,2027-03-11,put,regular,200,0.4209,232,680.0
2026-07-22,43000,2027-03-11,put,regular,62,0.4175,232,715.0
2026-07-22,43500,2027-03-11,put,regular,66,0.4139,232,750.0
2026-07-22,44000,2027-03-11,put,regular,450,0.4109,232,790.0
2026-07-22,45000,2027-03-11,put,regular,848,0.4048,232,875.0
2026-07-22,46000,2027-03-11,put,regular,116,0.3985,232,965.0
2026-07-22,47000,2027-03-11,put,regular,800,0.3925,232,1065.0
2026-07-22,48000,2027-03-11,put,regular,299,0.3862,232,1170.0
2026-07-22,48500,2027-03-11,put,regular,51,0.3835,232,1230.0
2026-07-22,49000,2027-03-11,put,regular,100,0.3806,232,1290.0
2026-07-22,50000,2027-03-11,put,regular,1270,0.3751,232,1420.0
2026-07-22,50250,2027-03-11,put,regular,108,0.3738,232,1455.0
2026-07-22,51000,2027-03-11,put,regular,24,0.3696,232,1560.0
2026-07-22,51250,2027-03-11,put,regular,105,0.3685,232,1600.0
2026-07-22,52000,2027-03-11,put,regular,1570,0.3644,232,1715.0
2026-07-22,53000,2027-03-11,put,regular,525,0.3595,232,1885.0
2026-07-22,53500,2027-03-11,put,regular,200,0.3571,232,1975.0
2026-07-22,54000,2027-03-11,put,regular,224,0.3548,232,2070.0
2026-07-22,55000,2027-03-11,put,regular,400,0.3505,232,2275.0
2026-07-22,55500,2027-03-11,put,regular,100,0.3481,232,2380.0
2026-07-22,56000,2027-03-11,put,regular,401,0.3458,232,2490.0
2026-07-22,56250,2027-03-11,put,regular,120,0.3449,232,2550.0
2026-07-22,57000,2027-03-11,put,regular,1040,0.3418,232,2730.0
2026-07-22,58000,2027-03-11,put,regular,1800,0.338,232,2990.0
2026-07-22,58500,2027-03-11,put,regular,15,0.3363,232,3130.0
2026-07-22,59500,2027-03-11,put,regular,253,0.3326,232,3420.0
2026-07-22,60000,2027-03-11,put,regular,1250,0.331,232,3575.0
2026-07-22,61000,2027-03-11,put,regular,160,0.3279,232,3905.0
2026-07-22,62000,2027-03-11,put,regular,200,0.3251,232,4260.0
2026-07-22,62500,2027-03-11,put,regular,101,0.3237,232,4445.0
2026-07-22,63000,2027-03-11,put,regular,1142,0.324,232,4670.0
2026-07-22,64000,2027-03-11,put,regular,800,0.3242,232,5130.0
2026-07-22,66000,2027-03-11,put,regular,200,0.3205,232,6035.0
2026-07-22,66500,2027-03-11,put,regular,6,0.3197,232,6280.0
2026-07-22,67000,2027-03-11,put,regular,150,0.319,232,6530.0
2026-07-22,68000,2027-03-11,put,regular,130,0.3181,232,7060.0
2026-07-22,69000,2027-03-11,put,regular,350,0.3171,232,7610.0
2026-07-22,70000,2027-03-11,put,regular,250,0.3169,232,8200.0
2026-07-22,72000,2027-03-11,put,regular,100,0.3116,232,9340.0
2026-07-22,12500,2027-06-10,put,regular,10,0.6733,323,21.0
2026-07-22,14500,2027-06-10,put,regular,4,0.6582,323,39.0
2026-07-22,15000,2027-06-10,put,regular,1,0.6532,323,44.0
2026-07-22,16250,2027-06-10,put,regular,167,0.6404,323,58.0
2026-07-22,23000,2027-06-10,put,regular,140,0.5545,323,142.0
2026-07-22,24000,2027-06-10,put,regular,100,0.5362,323,146.0
2026-07-22,25000,2027-06-10,put,regular,250,0.5181,323,149.0
2026-07-22,26000,2027-06-10,put,regular,200,0.4996,323,150.0
2026-07-22,28000,2027-06-10,put,regular,895,0.4796,323,185.0
2026-07-22,28500,2027-06-10,put,regular,100,0.476,323,198.0
2026-07-22,29000,2027-06-10,put,regular,66,0.4727,323,212.0
2026-07-22,30000,2027-06-10,put,regular,275,0.4657,323,241.0
2026-07-22,31000,2027-06-10,put,regular,100,0.4591,323,274.0
2026-07-22,31500,2027-06-10,put,regular,1,0.4559,323,292.0
2026-07-22,32000,2027-06-10,put,regular,250,0.4539,323,315.0
2026-07-22,33000,2027-06-10,put,regular,150,0.4475,323,355.0
2026-07-22,34000,2027-06-10,put,regular,750,0.4403,323,395.0
2026-07-22,35000,2027-06-10,put,regular,1327,0.4346,323,445.0
2026-07-22,35500,2027-06-10,put,regular,145,0.4314,323,470.0
2026-07-22,36000,2027-06-10,put,regular,300,0.429,323,500.0
2026-07-22,37000,2027-06-10,put,regular,50,0.4235,323,560.0
2026-07-22,38000,2027-06-10,put,regular,200,0.4173,323,620.0
2026-07-22,38500,2027-06-10,put,regular,140,0.4147,323,655.0
2026-07-22,39000,2027-06-10,put,regular,50,0.4118,323,690.0
2026-07-22,39500,2027-06-10,put,regular,101,0.4095,323,730.0
2026-07-22,40000,2027-06-10,put,regular,1095,0.407,323,770.0
2026-07-22,41000,2027-06-10,put,regular,100,0.4014,323,850.0
2026-07-22,42000,2027-06-10,put,regular,300,0.3963,323,940.0
2026-07-22,42500,2027-06-10,put,regular,61,0.394,323,990.0
2026-07-22,43000,2027-06-10,put,regular,35,0.3931,323,1055.0
2026-07-22,44000,2027-06-10,put,regular,196,0.388,323,1160.0
2026-07-22,45000,2027-06-10,put,regular,720,0.3826,323,1270.0
2026-07-22,46000,2027-06-10,put,regular,773,0.3775,323,1390.0
2026-07-22,47000,2027-06-10,put,regular,201,0.373,323,1525.0
2026-07-22,47750,2027-06-10,put,regular,100,0.3686,323,1620.0
2026-07-22,48000,2027-06-10,put,regular,904,0.3681,323,1665.0
2026-07-22,49000,2027-06-10,put,regular,300,0.3637,323,1820.0
2026-07-22,50000,2027-06-10,put,regular,1667,0.3592,323,1985.0
2026-07-22,50500,2027-06-10,put,regular,175,0.3582,323,2090.0
2026-07-22,51000,2027-06-10,put,regular,100,0.355,323,2165.0
2026-07-22,51250,2027-06-10,put,regular,3,0.3551,323,2230.0
2026-07-22,52000,2027-06-10,put,regular,1100,0.352,323,2375.0
2026-07-22,52250,2027-06-10,put,regular,86,0.3512,323,2430.0
2026-07-22,52500,2027-06-10,put,regular,57,0.3501,323,2480.0
2026-07-22,53000,2027-06-10,put,regular,720,0.3484,323,2590.0
2026-07-22,53500,2027-06-10,put,regular,1,0.3465,323,2700.0
2026-07-22,53750,2027-06-10,put,regular,35,0.3454,323,2755.0
2026-07-22,54000,2027-06-10,put,regular,1402,0.3446,323,2815.0
2026-07-22,55000,2027-06-10,put,regular,1400,0.3412,323,3060.0
2026-07-22,56000,2027-06-10,put,regular,635,0.3376,323,3315.0
2026-07-22,56500,2027-06-10,put,regular,40,0.3361,323,3455.0
2026-07-22,57000,2027-06-10,put,regular,775,0.3344,323,3595.0
2026-07-22,57750,2027-06-10,put,regular,103,0.3323,323,3820.0
2026-07-22,58000,2027-06-10,put,regular,317,0.3315,323,3895.0
2026-07-22,59000,2027-06-10,put,regular,400,0.3284,323,4210.0
2026-07-22,59500,2027-06-10,put,regular,112,0.3272,323,4380.0
2026-07-22,60000,2027-06-10,put,regular,895,0.3258,323,4550.0
2026-07-22,61000,2027-06-10,put,regular,3,0.3232,323,4910.0
2026-07-22,62000,2027-06-10,put,regular,805,0.321,323,5295.0
2026-07-22,63000,2027-06-10,put,regular,375,0.3188,323,5700.0
2026-07-22,64000,2027-06-10,put,regular,150,0.3168,323,6130.0
2026-07-22,64750,2027-06-10,put,regular,95,0.3156,323,6470.0
2026-07-22,65000,2027-06-10,put,regular,1486,0.3151,323,6585.0
2026-07-22,65500,2027-06-10,put,regular,26,0.3145,323,6825.0
2026-07-22,66750,2027-06-10,put,regular,150,0.313,323,7450.0
2026-07-22,67000,2027-06-10,put,regular,870,0.3127,323,7580.0
2026-07-22,67500,2027-06-10,put,regular,100,0.3121,323,7840.0
2026-07-22,68000,2027-06-10,put,regular,450,0.3117,323,8110.0
2026-07-22,68500,2027-06-10,put,regular,200,0.3115,323,8390.0
2026-07-22,69000,2027-06-10,put,regular,15,0.3095,323,8630.0
2026-07-22,70000,2027-06-10,put,regular,800,0.3081,323,9190.0
2026-07-22,72000,2027-06-10,put,regular,100,0.3068,323,10405.0
2026-07-22,77500,2027-06-10,put,regular,50,0.3077,323,14210.0
2026-07-22,67000,2027-07-08,put,regular,58,0.3107,351,7855.0
2026-07-22,48000,2027-09-09,put,regular,100,0.3485,414,2015.0
2026-07-22,50000,2027-09-09,put,regular,25,0.3416,414,2390.0
2026-07-22,54250,2027-09-09,put,regular,200,0.3285,414,3380.0
2026-07-22,58000,2027-09-09,put,regular,1,0.3186,414,4495.0
2026-07-22,60000,2027-09-09,put,regular,225,0.3141,414,5200.0
2026-07-22,68250,2027-09-09,put,regular,200,0.3024,414,9015.0
2026-07-22,68750,2027-09-09,put,regular,81,0.3026,414,9310.0
2026-07-22,12500,2027-12-09,put,regular,11,0.4376,505,2.0
2026-07-22,13000,2027-12-09,put,regular,1,0.4276,505,2.0
2026-07-22,16000,2027-12-09,put,regular,350,0.4242,505,9.0
2026-07-22,19000,2027-12-09,put,regular,300,0.4219,505,29.0
2026-07-22,20000,2027-12-09,put,regular,400,0.4207,505,40.0
2026-07-22,21000,2027-12-09,put,regular,50,0.4214,505,56.0
2026-07-22,22000,2027-12-09,put,regular,408,0.421,505,75.0
2026-07-22,22500,2027-12-09,put,regular,36,0.4214,505,87.0
2026-07-22,23000,2027-12-09,put,regular,132,0.4209,505,99.0
2026-07-22,23750,2027-12-09,put,regular,39,0.4211,505,121.0
2026-07-22,24000,2027-12-09,put,regular,1721,0.4211,505,129.0
2026-07-22,25000,2027-12-09,put,regular,1210,0.4212,505,165.0
2026-07-22,26000,2027-12-09,put,regular,200,0.4213,505,208.0
2026-07-22,26500,2027-12-09,put,regular,100,0.4213,505,232.0
2026-07-22,27000,2027-12-09,put,regular,1300,0.4215,505,259.0
2026-07-22,28000,2027-12-09,put,regular,2125,0.4161,505,296.0
2026-07-22,29000,2027-12-09,put,regular,350,0.4116,505,340.0
2026-07-22,29500,2027-12-09,put,regular,249,0.4085,505,360.0
2026-07-22,30000,2027-12-09,put,regular,2445,0.4064,505,385.0
2026-07-22,31000,2027-12-09,put,regular,1750,0.4014,505,435.0
2026-07-22,31500,2027-12-09,put,regular,204,0.3987,505,460.0
2026-07-22,32000,2027-12-09,put,regular,1425,0.3966,505,490.0
2026-07-22,32250,2027-12-09,put,regular,30,0.3955,505,505.0
2026-07-22,32750,2027-12-09,put,regular,35,0.3932,505,535.0
2026-07-22,33000,2027-12-09,put,regular,450,0.3919,505,550.0
2026-07-22,34000,2027-12-09,put,regular,1794,0.3873,505,615.0
2026-07-22,34500,2027-12-09,put,regular,100,0.3858,505,655.0
2026-07-22,35000,2027-12-09,put,regular,1450,0.3833,505,690.0
2026-07-22,35500,2027-12-09,put,regular,40,0.3814,505,730.0
2026-07-22,36000,2027-12-09,put,regular,1130,0.3792,505,770.0
2026-07-22,36500,2027-12-09,put,regular,300,0.3769,505,810.0
2026-07-22,37000,2027-12-09,put,regular,1150,0.375,505,855.0
2026-07-22,38000,2027-12-09,put,regular,1175,0.3713,505,950.0
2026-07-22,39000,2027-12-09,put,regular,800,0.3673,505,1050.0
2026-07-22,39500,2027-12-09,put,regular,50,0.365,505,1100.0
2026-07-22,40000,2027-12-09,put,regular,2950,0.3631,505,1155.0
2026-07-22,40500,2027-12-09,put,regular,450,0.3615,505,1215.0
2026-07-22,42000,2027-12-09,put,regular,450,0.3559,505,1400.0
2026-07-22,43000,2027-12-09,put,regular,240,0.3524,505,1535.0
2026-07-22,44000,2027-12-09,put,regular,100,0.3492,505,1685.0
2026-07-22,45000,2027-12-09,put,regular,1675,0.3458,505,1840.0
2026-07-22,46000,2027-12-09,put,regular,700,0.3427,505,2010.0
2026-07-22,47000,2027-12-09,put,regular,250,0.3396,505,2190.0
2026-07-22,47500,2027-12-09,put,regular,35,0.3381,505,2285.0
2026-07-22,48000,2027-12-09,put,regular,615,0.3365,505,2380.0
2026-07-22,49000,2027-12-09,put,regular,700,0.3335,505,2585.0
2026-07-22,50000,2027-12-09,put,regular,2765,0.3308,505,2805.0
2026-07-22,51000,2027-12-09,put,regular,350,0.3282,505,3040.0
2026-07-22,52000,2027-12-09,put,regular,535,0.3255,505,3285.0
2026-07-22,53000,2027-12-09,put,regular,802,0.3228,505,3545.0
2026-07-22,54000,2027-12-09,put,regular,275,0.3205,505,3825.0
2026-07-22,54500,2027-12-09,put,regular,400,0.3193,505,3970.0
2026-07-22,55000,2027-12-09,put,regular,1062,0.318,505,4115.0
2026-07-22,55500,2027-12-09,put,regular,75,0.3169,505,4270.0
2026-07-22,56000,2027-12-09,put,regular,270,0.3159,505,4430.0
2026-07-22,57000,2027-12-09,put,regular,220,0.3137,505,4755.0
2026-07-22,58000,2027-12-09,put,regular,1000,0.3117,505,5100.0
2026-07-22,58500,2027-12-09,put,regular,210,0.3107,505,5280.0
2026-07-22,59000,2027-12-09,put,regular,65,0.3098,505,5465.0
2026-07-22,60000,2027-12-09,put,regular,400,0.3081,505,5850.0
2026-07-22,62000,2027-12-09,put,regular,100,0.3047,505,6670.0
2026-07-22,63000,2027-12-09,put,regular,100,0.3034,505,7115.0
2026-07-22,63500,2027-12-09,put,regular,50,0.3027,505,7340.0
2026-07-22,64000,2027-12-09,put,regular,130,0.3021,505,7575.0
2026-07-22,65000,2027-12-09,put,regular,900,0.3009,505,8055.0
2026-07-22,66000,2027-12-09,put,regular,600,0.2999,505,8560.0
2026-07-22,67000,2027-12-09,put,regular,400,0.2991,505,9085.0
2026-07-22,68000,2027-12-09,put,regular,200,0.2982,505,9625.0
2026-07-22,69000,2027-12-09,put,regular,750,0.2975,505,10185.0
2026-07-22,70000,2027-12-09,put,regular,350,0.2968,505,10765.0
2026-07-22,75000,2027-12-09,put,regular,175,0.2939,505,13895.0
2026-07-22,80000,2027-12-09,put,regular,200,0.2918,505,17400.0
2026-07-22,15000,2028-06-08,put,regular,3,0.3961,687,14.0
2026-07-22,25000,2028-06-08,put,regular,630,0.3949,687,281.0
2026-07-22,26000,2028-06-08,put,regular,250,0.3951,687,345.0
2026-07-22,27000,2028-06-08,put,regular,100,0.3956,687,420.0
2026-07-22,30000,2028-06-08,put,regular,300,0.3815,687,595.0
2026-07-22,32000,2028-06-08,put,regular,250,0.3729,687,740.0
2026-07-22,33000,2028-06-08,put,regular,100,0.3687,687,820.0
2026-07-22,35000,2028-06-08,put,regular,200,0.361,687,1005.0
2026-07-22,41500,2028-06-08,put,regular,100,0.3388,687,1825.0
2026-07-22,45000,2028-06-08,put,regular,15,0.3282,687,2430.0
2026-07-22,48000,2028-06-08,put,regular,300,0.3201,687,3060.0
2026-07-22,50000,2028-06-08,put,regular,150,0.3151,687,3545.0
2026-07-22,54000,2028-06-08,put,regular,100,0.3061,687,4680.0
2026-07-22,60000,2028-06-08,put,regular,250,0.2951,687,6845.0
2026-07-22,12000,2028-12-07,put,regular,300,0.3735,869,6.0
2026-07-22,16000,2028-12-07,put,regular,1950,0.3742,869,37.0
2026-07-22,18000,2028-12-07,put,regular,100,0.3739,869,72.0
2026-07-22,20000,2028-12-07,put,regular,200,0.3735,869,127.0
2026-07-22,23000,2028-12-07,put,regular,100,0.3733,869,260.0
2026-07-22,23500,2028-12-07,put,regular,38,0.3733,869,289.0
2026-07-22,24000,2028-12-07,put,regular,1000,0.3742,869,325.0
2026-07-22,25000,2028-12-07,put,regular,800,0.3741,869,395.0
2026-07-22,27000,2028-12-07,put,regular,120,0.3733,869,560.0
2026-07-22,27500,2028-12-07,put,regular,50,0.3714,869,595.0
2026-07-22,28000,2028-12-07,put,regular,1250,0.3694,869,630.0
2026-07-22,30000,2028-12-07,put,regular,350,0.3609,869,780.0
2026-07-22,31000,2028-12-07,put,regular,400,0.3575,869,870.0
2026-07-22,32000,2028-12-07,put,regular,850,0.3535,869,960.0
2026-07-22,32250,2028-12-07,put,regular,51,0.3527,869,985.0
2026-07-22,33000,2028-12-07,put,regular,125,0.35,869,1060.0
2026-07-22,34000,2028-12-07,put,regular,775,0.3463,869,1165.0
2026-07-22,34750,2028-12-07,put,regular,100,0.3438,869,1250.0
2026-07-22,35000,2028-12-07,put,regular,1105,0.343,869,1280.0
2026-07-22,36000,2028-12-07,put,regular,2750,0.3395,869,1400.0
2026-07-22,37000,2028-12-07,put,regular,580,0.3363,869,1530.0
2026-07-22,38000,2028-12-07,put,regular,2860,0.3332,869,1670.0
2026-07-22,39000,2028-12-07,put,regular,50,0.3303,869,1820.0
2026-07-22,40000,2028-12-07,put,regular,1210,0.3272,869,1975.0
2026-07-22,42000,2028-12-07,put,regular,350,0.3216,869,2320.0
2026-07-22,43000,2028-12-07,put,regular,100,0.3187,869,2505.0
2026-07-22,45000,2028-12-07,put,regular,100,0.3136,869,2915.0
2026-07-22,48000,2028-12-07,put,regular,600,0.3063,869,3610.0
2026-07-22,50000,2028-12-07,put,regular,2100,0.3017,869,4135.0
2026-07-22,51000,2028-12-07,put,regular,150,0.2997,869,4420.0
2026-07-22,53000,2028-12-07,put,regular,50,0.2955,869,5025.0
2026-07-22,55000,2028-12-07,put,regular,705,0.2918,869,5690.0
2026-07-22,56000,2028-12-07,put,regular,400,0.2901,869,6045.0
2026-07-22,57000,2028-12-07,put,regular,150,0.2884,869,6415.0
2026-07-22,60000,2028-12-07,put,regular,100,0.2836,869,7610.0
2026-07-22,65000,2028-12-07,put,regular,700,0.2771,869,9920.0
2026-07-22,68000,2028-12-07,put,regular,100,0.2741,869,11500.0
2026-07-22,70000,2028-12-07,put,regular,100,0.2723,869,12625.0
2026-07-22,75000,2028-12-07,call,regular,80,0.4459,869,15705.0
2026-07-22,15000,2029-06-07,call,regular,1,0.2,1051,37.0
2026-07-22,15000,2029-12-13,call,regular,1,0.2,1240,49.0
2026-07-22,23250,2029-12-13,call,regular,40,0.2,1240,415.0
2026-07-22,32000,2029-12-13,call,regular,113,0.2,1240,1290.0
2026-07-22,34250,2029-12-13,call,regular,6,0.2,1240,1580.0
2026-07-22,44000,2029-12-13,call,regular,100,0.2,1240,3380.0
2026-07-22,64000,2029-12-13,call,regular,100,0.1781,1240,10550.0
2026-07-22,65000,2029-12-13,call,regular,50,0.199,1240,11050.0
2026-07-22,70000,2029-12-13,call,regular,100,0.2978,1240,13745.0
2026-07-22,19000,2030-06-13,call,regular,2,0.2,1422,183.0
2026-07-22,23500,2030-12-12,call,regular,100,0.2,1604,895.0
2026-07-22,31750,2030-12-12,call,regular,74,0.2,1604,2150.0
2026-07-22,34000,2030-12-12,call,regular,24,0.2,1604,2510.0
2026-07-22,44000,2030-12-12,call,regular,80,0.2,1604,4610.0
2026-07-22,49500,2030-12-12,call,regular,100,0.2,1604,6170.0
2026-07-22,64000,2030-12-12,call,regular,3,0.1678,1604,11180.0
2026-07-22,31500,2031-12-11,call,regular,52,0.2,1968,2495.0
2026-07-22,68000,2031-12-11,call,regular,100,0.2382,1968,14660.0
2026-07-22,31250,2032-12-09,call,regular,40,0.2,2332,2810.0
2026-07-22,42750,2026-08-13,call,regular,27,0.2,22,23525.0
2026-07-22,49000,2026-08-13,call,regular,27,0.2,22,17330.0
2026-07-22,55000,2026-08-13,call,regular,1,0.2,22,11470.0
2026-07-22,56000,2026-08-13,call,regular,1,0.2,22,10520.0
2026-07-22,57000,2026-08-13,call,regular,4,0.2,22,9570.0
2026-07-22,58000,2026-08-13,call,regular,850,0.2,22,8650.0
2026-07-22,59500,2026-08-13,call,regular,20,0.2,22,7290.0
2026-07-22,59750,2026-08-13,call,regular,50,0.2,22,7085.0
2026-07-22,60000,2026-08-13,call,regular,228,0.2,22,6855.0
2026-07-22,60500,2026-08-13,call,regular,120,0.2,22,6425.0
2026-07-22,61000,2026-08-13,call,regular,403,0.2,22,5980.0
2026-07-22,61500,2026-08-13,call,regular,200,0.2,22,5585.0
2026-07-22,62000,2026-08-13,call,regular,104,0.2,22,5160.0
2026-07-22,62500,2026-08-13,call,regular,16,0.2,22,4780.0
2026-07-22,63000,2026-08-13,call,regular,2131,0.2,22,4380.0
2026-07-22,63375,2026-08-13,call,regular,5,0.2,22,4110.0
2026-07-22,63500,2026-08-13,call,regular,12,0.2,22,3990.0
2026-07-22,63625,2026-08-13,call,regular,5,0.1443,22,3935.0
2026-07-22,63750,2026-08-13,call,regular,9,0.1589,22,3845.0
2026-07-22,63875,2026-08-13,call,regular,10,0.1691,22,3755.0
2026-07-22,64000,2026-08-13,call,regular,611,0.1735,22,3655.0
2026-07-22,64125,2026-08-13,call,regular,30,0.1816,22,3570.0
2026-07-22,64250,2026-08-13,call,regular,20,0.1909,22,3495.0
2026-07-22,64375,2026-08-13,call,regular,20,0.1923,22,3395.0
2026-07-22,64500,2026-08-13,call,regular,14,0.1994,22,3320.0
2026-07-22,64625,2026-08-13,call,regular,15,0.1998,22,3220.0
2026-07-22,64750,2026-08-13,call,regular,119,0.2075,22,3155.0
2026-07-22,64875,2026-08-13,call,regular,15,0.2101,22,3070.0
2026-07-22,65000,2026-08-13,call,regular,1128,0.2113,22,2980.0
2026-07-22,65125,2026-08-13,call,regular,78,0.2161,22,2910.0
2026-07-22,65250,2026-08-13,call,regular,120,0.2174,22,2825.0
2026-07-22,65375,2026-08-13,call,regular,22,0.2212,22,2755.0
2026-07-22,65500,2026-08-13,call,regular,224,0.2227,22,2675.0
2026-07-22,65625,2026-08-13,call,regular,10,0.223,22,2590.0
2026-07-22,65750,2026-08-13,call,regular,456,0.2265,22,2525.0
2026-07-22,66000,2026-08-13,call,regular,278,0.2323,22,2395.0
2026-07-22,66250,2026-08-13,call,regular,2,0.2344,22,2250.0
2026-07-22,66375,2026-08-13,call,regular,2,0.2363,22,2185.0
2026-07-22,66500,2026-08-13,call,regular,88,0.2378,22,2120.0
2026-07-22,66625,2026-08-13,call,regular,5120000,0.2383,22,2050.0
2026-07-22,66750,2026-08-13,call,regular,2,0.2408,22,1995.0
2026-07-22,66875,2026-08-13,call,regular,121,0.2454,22,1955.0
2026-07-22,67000,2026-08-13,call,regular,958,0.2451,22,1885.0
2026-07-22,67125,2026-08-13,call,regular,208,0.24,22,1785.0
2026-07-22,67250,2026-08-13,call,regular,79,0.2454,22,1755.0
2026-07-22,67375,2026-08-13,call,regular,76,0.2459,22,1695.0
2026-07-22,67500,2026-08-13,call,regular,239,0.2469,22,1640.0
2026-07-22,67625,2026-08-13,call,regular,18,0.2447,22,1565.0
2026-07-22,67750,2026-08-13,call,regular,235,0.2499,22,1540.0
2026-07-22,67875,2026-08-13,call,regular,1,0.2502,22,1485.0
2026-07-22,68000,2026-08-13,call,regular,1582,0.2526,22,1445.0
2026-07-22,68125,2026-08-13,call,regular,456,0.2518,22,1385.0
2026-07-22,68250,2026-08-13,call,regular,270,0.2523,22,1335.0
2026-07-22,68375,2026-08-13,call,regular,8,0.2525,22,1285.0
2026-07-22,68500,2026-08-13,call,regular,602,0.2556,22,1255.0
2026-07-22,68625,2026-08-13,call,regular,20,0.2547,22,1200.0
2026-07-22,68750,2026-08-13,call,regular,100,0.2551,22,1155.0
2026-07-22,68875,2026-08-13,call,regular,75,0.256,22,1115.0
2026-07-22,69000,2026-08-13,call,regular,1679,0.2568,22,1075.0
2026-07-22,69125,2026-08-13,call,regular,56,0.2573,22,1035.0
2026-07-22,69250,2026-08-13,call,regular,45,0.2577,22,995.0
2026-07-22,69375,2026-08-13,call,regular,41,0.2587,22,960.0
2026-07-22,69500,2026-08-13,call,regular,143,0.2594,22,925.0
2026-07-22,69625,2026-08-13,call,regular,1780000,0.26,22,890.0
2026-07-22,69750,2026-08-13,call,regular,552,0.2604,22,855.0
2026-07-22,69875,2026-08-13,call,regular,1,0.2606,22,820.0
2026-07-22,70000,2026-08-13,call,regular,2250,0.2615,22,790.0
2026-07-22,70125,2026-08-13,call,regular,1,0.2622,22,760.0
2026-07-22,70250,2026-08-13,call,regular,28,0.2627,22,730.0
2026-07-22,70375,2026-08-13,call,regular,34,0.263,22,700.0
2026-07-22,70500,2026-08-13,call,regular,128,0.2641,22,675.0
2026-07-22,70625,2026-08-13,call,regular,1,0.2631,22,640.0
2026-07-22,70750,2026-08-13,call,regular,46,0.2628,22,610.0
2026-07-22,70875,2026-08-13,call,regular,5,0.2643,22,590.0
2026-07-22,71000,2026-08-13,call,regular,822,0.2656,22,570.0
2026-07-22,71125,2026-08-13,call,regular,1,0.2658,22,545.0
2026-07-22,71250,2026-08-13,call,regular,77,0.2668,22,525.0
2026-07-22,71375,2026-08-13,call,regular,1,0.2666,22,500.0
2026-07-22,71500,2026-08-13,call,regular,335,0.2651,22,470.0
2026-07-22,71625,2026-08-13,call,regular,690000,0.2678,22,460.0
2026-07-22,71750,2026-08-13,call,regular,33,0.2681,22,440.0
2026-07-22,71875,2026-08-13,call,regular,35,0.2683,22,420.0
2026-07-22,72000,2026-08-13,call,regular,1006,0.2659,22,390.0
2026-07-22,72125,2026-08-13,call,regular,15,0.2681,22,380.0
2026-07-22,72250,2026-08-13,call,regular,7,0.2677,22,360.0
2026-07-22,72375,2026-08-13,call,regular,1,0.2696,22,350.0
2026-07-22,72500,2026-08-13,call,regular,818,0.2689,22,330.0
2026-07-22,72750,2026-08-13,call,regular,5,0.2708,22,305.0
2026-07-22,72875,2026-08-13,call,regular,2,0.2708,22,290.0
2026-07-22,73000,2026-08-13,call,regular,2412,0.2698,22,272.0
2026-07-22,73125,2026-08-13,call,regular,11,0.2709,22,262.0
2026-07-22,73250,2026-08-13,call,regular,23,0.2704,22,247.0
2026-07-22,73375,2026-08-13,call,regular,1,0.2719,22,239.0
2026-07-22,73500,2026-08-13,call,regular,724,0.271,22,224.0
2026-07-22,73625,2026-08-13,call,regular,1,0.2718,22,215.0
2026-07-22,73750,2026-08-13,call,regular,24,0.2716,22,203.0
2026-07-22,74000,2026-08-13,call,regular,1009,0.2726,22,185.0
2026-07-22,74125,2026-08-13,call,regular,34,0.2729,22,176.0
2026-07-22,74250,2026-08-13,call,regular,8,0.2727,22,166.0
2026-07-22,74375,2026-08-13,call,regular,20,0.273,22,158.0
2026-07-22,74500,2026-08-13,call,regular,195,0.2732,22,150.0
2026-07-22,74625,2026-08-13,call,regular,24,0.2742,22,144.0
2026-07-22,74750,2026-08-13,call,regular,5,0.2736,22,135.0
2026-07-22,74875,2026-08-13,call,regular,21,0.2748,22,130.0
2026-07-22,75000,2026-08-13,call,regular,1984,0.2739,22,121.0
2026-07-22,75125,2026-08-13,call,regular,16,0.2752,22,117.0
2026-07-22,75250,2026-08-13,call,regular,3,0.2755,22,111.0
2026-07-22,75375,2026-08-13,call,regular,20,0.2734,22,101.0
2026-07-22,75500,2026-08-13,call,regular,366,0.275,22,98.0
2026-07-22,76000,2026-08-13,call,regular,724,0.276,22,79.0
2026-07-22,76500,2026-08-13,call,regular,75,0.2782,22,65.0
2026-07-22,77000,2026-08-13,call,regular,623,0.2791,22,52.0
2026-07-22,77500,2026-08-13,call,regular,868,0.2806,22,42.0
2026-07-22,78000,2026-08-13,call,regular,1882,0.2822,22,34.0
2026-07-22,78500,2026-08-13,call,regular,41,0.2846,22,28.0
2026-07-22,79000,2026-08-13,call,regular,182,0.2851,22,22.0
2026-07-22,79500,2026-08-13,call,regular,41,0.2893,22,19.0
2026-07-22,80000,2026-08-13,call,regular,1564,0.2924,22,16.0
2026-07-22,80500,2026-08-13,call,regular,48,0.2942,22,13.0
2026-07-22,81000,2026-08-13,call,regular,256,0.2941,22,10.0
2026-07-22,81500,2026-08-13,call,regular,12,0.2993,22,9.0
2026-07-22,82000,2026-08-13,call,regular,1215,0.2949,22,6.0
2026-07-22,82500,2026-08-13,call,regular,30,0.3031,22,6.0
2026-07-22,83000,2026-08-13,call,regular,541,0.3055,22,5.0
2026-07-22,83500,2026-08-13,call,regular,23,0.3068,22,4.0
2026-07-22,84000,2026-08-13,call,regular,130,0.3062,22,3.0
2026-07-22,84500,2026-08-13,call,regular,13,0.3137,22,3.0
2026-07-22,85000,2026-08-13,call,regular,1057,0.3211,22,3.0
2026-07-22,85750,2026-08-13,call,regular,164,0.3206,22,2.0
2026-07-22,87500,2026-08-13,call,regular,174,0.345,22,2.0
2026-07-22,88000,2026-08-13,call,regular,232,0.3519,22,2.0
2026-07-22,90000,2026-08-13,call,regular,671,0.3587,22,1.0
2026-07-22,92000,2026-08-13,call,regular,71,0.3837,22,1.0
2026-07-22,94000,2026-08-13,call,regular,96,0.408,22,1.0
2026-07-22,95000,2026-08-13,call,regular,187,0.4199,22,1.0
2026-07-22,96000,2026-08-13,call,regular,31,0.4317,22,1.0
2026-07-22,98000,2026-08-13,call,regular,37,0.4547,22,1.0
2026-07-22,100000,2026-08-13,call,regular,119,0.4772,22,1.0
2026-07-22,30000,2026-09-10,call,regular,3750,0.2,50,36290.0
2026-07-22,37000,2026-09-10,call,regular,1,0.2,50,29335.0
2026-07-22,42000,2026-09-10,call,regular,101,0.2,50,24395.0
2026-07-22,42500,2026-09-10,call,regular,10,0.2,50,23905.0
2026-07-22,43000,2026-09-10,call,regular,100,0.2,50,23405.0
2026-07-22,43500,2026-09-10,call,regular,57,0.2,50,22920.0
2026-07-22,45000,2026-09-10,call,regular,41,0.2,50,21445.0
2026-07-22,48000,2026-09-10,call,regular,400,0.2,50,18525.0
2026-07-22,48500,2026-09-10,call,regular,240,0.2,50,18040.0
2026-07-22,49000,2026-09-10,call,regular,200,0.2,50,17555.0
2026-07-22,50000,2026-09-10,call,regular,4650,0.2,50,16590.0
2026-07-22,50500,2026-09-10,call,regular,50,0.2,50,16115.0
2026-07-22,51000,2026-09-10,call,regular,141,0.2,50,15630.0
2026-07-22,51250,2026-09-10,call,regular,210,0.2,50,15400.0
2026-07-22,52000,2026-09-10,call,regular,350,0.2,50,14690.0
2026-07-22,53000,2026-09-10,call,regular,1100,0.2,50,13740.0
2026-07-22,53500,2026-09-10,call,regular,400,0.2,50,13275.0
2026-07-22,53750,2026-09-10,call,regular,150,0.2,50,13040.0
2026-07-22,54000,2026-09-10,call,regular,1056,0.2,50,12810.0
2026-07-22,54250,2026-09-10,call,regular,50,0.2,50,12580.0
2026-07-22,54500,2026-09-10,call,regular,200,0.2,50,12350.0
2026-07-22,54750,2026-09-10,call,regular,90,0.2,50,12100.0
2026-07-22,55000,2026-09-10,call,regular,661,0.2,50,11880.0
2026-07-22,56000,2026-09-10,call,regular,1250,0.2,50,11020.0
2026-07-22,56500,2026-09-10,call,regular,78,0.2,50,10520.0
2026-07-22,57000,2026-09-10,call,regular,850,0.2,50,10080.0
2026-07-22,57500,2026-09-10,call,regular,384,0.2,50,9650.0
2026-07-22,58000,2026-09-10,call,regular,1101,0.2,50,9220.0
2026-07-22,59000,2026-09-10,call,regular,1096,0.2,50,8365.0
2026-07-22,60000,2026-09-10,call,regular,786,0.1752,50,7575.0
2026-07-22,60500,2026-09-10,call,regular,700,0.1923,50,7140.0
2026-07-22,60750,2026-09-10,call,regular,120,0.2021,50,6940.0
2026-07-22,61000,2026-09-10,call,regular,220,0.2105,50,6745.0
2026-07-22,61250,2026-09-10,call,regular,21,0.2179,50,6555.0
2026-07-22,61500,2026-09-10,call,regular,1,0.2226,50,6360.0
2026-07-22,62000,2026-09-10,call,regular,1302,0.2332,50,5995.0
2026-07-22,62500,2026-09-10,call,regular,500,0.2383,50,5620.0
2026-07-22,63000,2026-09-10,call,regular,957,0.2435,50,5265.0
2026-07-22,63250,2026-09-10,call,regular,1,0.2448,50,5085.0
2026-07-22,63500,2026-09-10,call,regular,2,0.2468,50,4915.0
2026-07-22,64000,2026-09-10,call,regular,1212,0.2505,50,4585.0
2026-07-22,64250,2026-09-10,call,regular,100,0.2503,50,4410.0
2026-07-22,64375,2026-09-10,call,regular,2,0.251,50,4330.0
2026-07-22,64500,2026-09-10,call,regular,3,0.2509,50,4245.0
2026-07-22,64750,2026-09-10,call,regular,3060000,0.2522,50,4090.0
2026-07-22,65000,2026-09-10,call,regular,4285,0.253,50,3935.0
2026-07-22,65375,2026-09-10,call,regular,1,0.2547,50,3715.0
2026-07-22,65500,2026-09-10,call,regular,162,0.2549,50,3640.0
2026-07-22,66000,2026-09-10,call,regular,1766,0.2555,50,3350.0
2026-07-22,66250,2026-09-10,call,regular,28,0.2568,50,3220.0
2026-07-22,67000,2026-09-10,call,regular,3350,0.2631,50,2880.0
2026-07-22,67125,2026-09-10,call,regular,2,0.262,50,2805.0
2026-07-22,67500,2026-09-10,call,regular,2150,0.2625,50,2625.0
2026-07-22,67750,2026-09-10,call,regular,180,0.2628,50,2510.0
2026-07-22,68000,2026-09-10,call,regular,1581,0.2623,50,2390.0
2026-07-22,68250,2026-09-10,call,regular,4,0.2634,50,2290.0
2026-07-22,68500,2026-09-10,call,regular,101,0.2636,50,2185.0
2026-07-22,68625,2026-09-10,call,regular,1,0.2639,50,2135.0
2026-07-22,68750,2026-09-10,call,regular,22,0.264,50,2085.0
2026-07-22,69000,2026-09-10,call,regular,1047,0.263,50,1975.0
2026-07-22,69250,2026-09-10,call,regular,8,0.2632,50,1880.0
2026-07-22,69500,2026-09-10,call,regular,172,0.2635,50,1790.0
2026-07-22,69625,2026-09-10,call,regular,3,0.2635,50,1745.0
2026-07-22,69750,2026-09-10,call,regular,485,0.2634,50,1700.0
2026-07-22,69875,2026-09-10,call,regular,1175000,0.2638,50,1660.0
2026-07-22,70000,2026-09-10,call,regular,2235,0.2641,50,1620.0
2026-07-22,70125,2026-09-10,call,regular,1,0.2642,50,1580.0
2026-07-22,70250,2026-09-10,call,regular,9,0.2644,50,1540.0
2026-07-22,70500,2026-09-10,call,regular,25,0.2649,50,1465.0
2026-07-22,70750,2026-09-10,call,regular,2,0.265,50,1390.0
2026-07-22,71000,2026-09-10,call,regular,1838,0.2648,50,1315.0
2026-07-22,71125,2026-09-10,call,regular,16,0.2655,50,1285.0
2026-07-22,71250,2026-09-10,call,regular,2,0.2654,50,1250.0
2026-07-22,71500,2026-09-10,call,regular,1204,0.2657,50,1185.0
2026-07-22,71625,2026-09-10,call,regular,2,0.266,50,1155.0
2026-07-22,71750,2026-09-10,call,regular,750000,0.2662,50,1125.0
2026-07-22,72000,2026-09-10,call,regular,1643,0.2664,50,1065.0
2026-07-22,72500,2026-09-10,call,regular,918,0.2671,50,955.0
2026-07-22,72750,2026-09-10,call,regular,3,0.267,50,900.0
2026-07-22,73000,2026-09-10,call,regular,1415,0.2678,50,855.0
2026-07-22,73250,2026-09-10,call,regular,1,0.2677,50,805.0
2026-07-22,73375,2026-09-10,call,regular,1810000,0.2689,50,790.0
2026-07-22,73500,2026-09-10,call,regular,406,0.268,50,760.0
2026-07-22,73625,2026-09-10,call,regular,2,0.269,50,745.0
2026-07-22,73750,2026-09-10,call,regular,460000,0.2686,50,720.0
2026-07-22,74000,2026-09-10,call,regular,1349,0.269,50,680.0
2026-07-22,74500,2026-09-10,call,regular,106,0.2688,50,600.0
2026-07-22,75000,2026-09-10,call,regular,2484,0.2706,50,540.0
2026-07-22,75250,2026-09-10,call,regular,24,0.2711,50,510.0
2026-07-22,75500,2026-09-10,call,regular,106,0.2714,50,480.0
2026-07-22,76000,2026-09-10,call,regular,371,0.271,50,420.0
2026-07-22,76500,2026-09-10,call,regular,26,0.2714,50,370.0
2026-07-22,77000,2026-09-10,call,regular,694,0.2727,50,330.0
2026-07-22,77500,2026-09-10,call,regular,964,0.2729,50,289.0
2026-07-22,78000,2026-09-10,call,regular,1456,0.2724,50,250.0
2026-07-22,78500,2026-09-10,call,regular,6,0.2739,50,223.0
2026-07-22,79000,2026-09-10,call,regular,5,0.2743,50,195.0
2026-07-22,79500,2026-09-10,call,regular,200,0.2753,50,172.0
2026-07-22,80000,2026-09-10,call,regular,922,0.2756,50,150.0
2026-07-22,80500,2026-09-10,call,regular,3,0.2762,50,131.0
2026-07-22,81000,2026-09-10,call,regular,181,0.277,50,115.0
2026-07-22,81500,2026-09-10,call,regular,2,0.2724,50,90.0
2026-07-22,82000,2026-09-10,call,regular,33,0.2763,50,84.0
2026-07-22,82500,2026-09-10,call,regular,1,0.275,50,70.0
2026-07-22,83000,2026-09-10,call,regular,812,0.2792,50,66.0
2026-07-22,83500,2026-09-10,call,regular,1,0.2817,50,60.0
2026-07-22,84000,2026-09-10,call,regular,756,0.2882,50,60.0
2026-07-22,84500,2026-09-10,call,regular,4,0.2947,50,60.0
2026-07-22,85000,2026-09-10,call,regular,869,0.28,50,36.0
2026-07-22,87500,2026-09-10,call,regular,131,0.2822,50,17.0
2026-07-22,90000,2026-09-10,call,regular,222,0.2883,50,9.0
2026-07-22,92000,2026-09-10,call,regular,32,0.2957,50,6.0
2026-07-22,94000,2026-09-10,call,regular,1,0.3026,50,4.0
2026-07-22,95000,2026-09-10,call,regular,4,0.3037,50,3.0
2026-07-22,98000,2026-09-10,call,regular,6,0.3178,50,2.0
2026-07-22,100000,2026-09-10,call,regular,30,0.3334,50,2.0
2026-07-22,47500,2026-10-08,call,regular,34,0.2,78,18780.0
2026-07-22,53000,2026-10-08,call,regular,34,0.2,78,13615.0
2026-07-22,55000,2026-10-08,call,regular,4,0.2,78,11835.0
2026-07-22,57000,2026-10-08,call,regular,2,0.2,78,10100.0
2026-07-22,60500,2026-10-08,call,regular,100,0.1924,78,7320.0
2026-07-22,61000,2026-10-08,call,regular,200,0.2036,78,6955.0
2026-07-22,62000,2026-10-08,call,regular,28,0.2175,78,6240.0
2026-07-22,63000,2026-10-08,call,regular,4,0.2273,78,5570.0
2026-07-22,64000,2026-10-08,call,regular,31,0.2336,78,4935.0
2026-07-22,65000,2026-10-08,call,regular,1,0.237,78,4330.0
2026-07-22,65250,2026-10-08,call,regular,1,0.2385,78,4195.0
2026-07-22,65500,2026-10-08,call,regular,60,0.2392,78,4055.0
2026-07-22,66000,2026-10-08,call,regular,200,0.2394,78,3770.0
2026-07-22,67500,2026-10-08,call,regular,1,0.2433,78,3040.0
2026-07-22,68000,2026-10-08,call,regular,80,0.2448,78,2825.0
2026-07-22,69000,2026-10-08,call,regular,200,0.2458,78,2410.0
2026-07-22,69500,2026-10-08,call,regular,1,0.247,78,2230.0
2026-07-22,70000,2026-10-08,call,regular,560,0.2473,78,2050.0
2026-07-22,70750,2026-10-08,call,regular,1,0.2492,78,1820.0
2026-07-22,71500,2026-10-08,call,regular,2,0.2505,78,1605.0
2026-07-22,72000,2026-10-08,call,regular,182,0.251,78,1470.0
2026-07-22,73000,2026-10-08,call,regular,3,0.2521,78,1230.0
2026-07-22,74000,2026-10-08,call,regular,1,0.2563,78,1055.0
2026-07-22,74500,2026-10-08,call,regular,127,0.2517,78,915.0
2026-07-22,75000,2026-10-08,call,regular,2035,0.2554,78,860.0
2026-07-22,76000,2026-10-08,call,regular,301,0.2539,78,690.0
2026-07-22,77000,2026-10-08,call,regular,994,0.2569,78,580.0
2026-07-22,77500,2026-10-08,call,regular,1,0.2544,78,505.0
2026-07-22,78000,2026-10-08,call,regular,1,0.2539,78,450.0
2026-07-22,79000,2026-10-08,call,regular,4,0.2557,78,370.0
2026-07-22,80000,2026-10-08,call,regular,456,0.2588,78,310.0
2026-07-22,81000,2026-10-08,call,regular,402,0.2623,78,262.0
2026-07-22,82000,2026-10-08,call,regular,2,0.2635,78,213.0
2026-07-22,83000,2026-10-08,call,regular,3,0.27,78,191.0
2026-07-22,83500,2026-10-08,call,regular,5,0.2704,78,172.0
2026-07-22,84000,2026-10-08,call,regular,2,0.271,78,155.0
2026-07-22,85000,2026-10-08,call,regular,100,0.2729,78,128.0
2026-07-22,87500,2026-10-08,call,regular,1,0.2795,78,83.0
2026-07-22,90000,2026-10-08,call,regular,9,0.2828,78,50.0
2026-07-22,95000,2026-10-08,call,regular,6,0.294,78,21.0
2026-07-22,100000,2026-10-08,call,regular,25,0.3155,78,13.0
2026-07-22,50250,2026-11-12,call,regular,35,0.2,113,16525.0
2026-07-22,56000,2026-11-12,call,regular,34,0.2,113,11485.0
2026-07-22,57500,2026-11-12,call,regular,100,0.2072,113,10295.0
2026-07-22,60500,2026-11-12,call,regular,100,0.2481,113,8095.0
2026-07-22,61000,2026-11-12,call,regular,200,0.248,113,7715.0
2026-07-22,65000,2026-11-12,call,regular,10,0.2577,113,5185.0
2026-07-22,66000,2026-11-12,call,regular,200,0.2588,113,4645.0
2026-07-22,69000,2026-11-12,call,regular,937,0.2577,113,3210.0
2026-07-22,70000,2026-11-12,call,regular,103,0.2582,113,2825.0
2026-07-22,71000,2026-11-12,call,regular,4,0.2589,113,2480.0
2026-07-22,72500,2026-11-12,call,regular,1,0.2558,113,1970.0
2026-07-22,74000,2026-11-12,call,regular,100,0.255,113,1570.0
2026-07-22,75000,2026-11-12,call,regular,102,0.2557,113,1355.0
2026-07-22,95000,2026-11-12,call,regular,1,0.2845,113,70.0
2026-07-22,100000,2026-11-12,call,regular,1,0.2925,113,35.0
2026-07-22,12500,2026-12-10,call,regular,84,0.2,141,53370.0
2026-07-22,20000,2026-12-10,call,regular,150,0.2,141,45935.0
2026-07-22,22000,2026-12-10,call,regular,100,0.2,141,43955.0
2026-07-22,25000,2026-12-10,call,regular,300,0.2,141,40990.0
2026-07-22,26000,2026-12-10,call,regular,350,0.2,141,40005.0
2026-07-22,27000,2026-12-10,call,regular,250,0.2,141,39020.0
2026-07-22,28000,2026-12-10,call,regular,75,0.2,141,38035.0
2026-07-22,28500,2026-12-10,call,regular,125,0.2,141,37545.0
2026-07-22,29000,2026-12-10,call,regular,150,0.2,141,37060.0
2026-07-22,30000,2026-12-10,call,regular,100,0.2,141,36065.0
2026-07-22,30500,2026-12-10,call,regular,50,0.2,141,35575.0
2026-07-22,31000,2026-12-10,call,regular,241,0.2,141,35085.0
2026-07-22,31500,2026-12-10,call,regular,50,0.2,141,34595.0
2026-07-22,32000,2026-12-10,call,regular,700,0.2,141,34105.0
2026-07-22,32500,2026-12-10,call,regular,250,0.2,141,33615.0
2026-07-22,33000,2026-12-10,call,regular,1950,0.2,141,33125.0
2026-07-22,34000,2026-12-10,call,regular,280,0.2,141,32150.0
2026-07-22,34500,2026-12-10,call,regular,400,0.2,141,31660.0
2026-07-22,35000,2026-12-10,call,regular,435,0.2,141,31170.0
2026-07-22,36000,2026-12-10,call,regular,975,0.2,141,30200.0
2026-07-22,36500,2026-12-10,call,regular,252,0.2,141,29715.0
2026-07-22,37000,2026-12-10,call,regular,450,0.2,141,29230.0
2026-07-22,37500,2026-12-10,call,regular,88,0.2,141,28745.0
2026-07-22,37750,2026-12-10,call,regular,100,0.2,141,28500.0
2026-07-22,38000,2026-12-10,call,regular,1225,0.2,141,28260.0
2026-07-22,38500,2026-12-10,call,regular,700,0.2,141,27775.0
2026-07-22,38750,2026-12-10,call,regular,50,0.2,141,27535.0
2026-07-22,39000,2026-12-10,call,regular,750,0.2,141,27290.0
2026-07-22,39500,2026-12-10,call,regular,500,0.2,141,26810.0
2026-07-22,40000,2026-12-10,call,regular,1200,0.2,141,26375.0
2026-07-22,40500,2026-12-10,call,regular,400,0.2,141,25845.0
2026-07-22,41000,2026-12-10,call,regular,1300,0.2,141,25350.0
2026-07-22,41500,2026-12-10,call,regular,100,0.2,141,24865.0
2026-07-22,42000,2026-12-10,call,regular,1071,0.2,141,24380.0
2026-07-22,42500,2026-12-10,call,regular,250,0.2,141,23900.0
2026-07-22,43000,2026-12-10,call,regular,1400,0.2,141,23425.0
2026-07-22,43750,2026-12-10,call,regular,100,0.2,141,22715.0
2026-07-22,44000,2026-12-10,call,regular,600,0.2,141,22480.0
2026-07-22,45000,2026-12-10,call,regular,1842,0.2,141,21535.0
2026-07-22,45250,2026-12-10,call,regular,413,0.2,141,21305.0
2026-07-22,45500,2026-12-10,call,regular,200,0.2,141,21070.0
2026-07-22,46000,2026-12-10,call,regular,2300,0.2,141,20600.0
2026-07-22,46250,2026-12-10,call,regular,315,0.2,141,20370.0
2026-07-22,47000,2026-12-10,call,regular,350,0.2,141,19675.0
2026-07-22,47500,2026-12-10,call,regular,200,0.2,141,19210.0
2026-07-22,48000,2026-12-10,call,regular,750,0.2,141,18755.0
2026-07-22,49000,2026-12-10,call,regular,1000,0.2,141,17840.0
2026-07-22,49500,2026-12-10,call,regular,260,0.2,141,17390.0
2026-07-22,50000,2026-12-10,call,regular,3342,0.2,141,16935.0
2026-07-22,50250,2026-12-10,call,regular,58,0.2,141,16715.0
2026-07-22,50500,2026-12-10,call,regular,600,0.2,141,16490.0
2026-07-22,50750,2026-12-10,call,regular,45,0.2,141,16265.0
2026-07-22,51000,2026-12-10,call,regular,731,0.2,141,16040.0
2026-07-22,52000,2026-12-10,call,regular,802,0.2,141,15165.0
2026-07-22,52250,2026-12-10,call,regular,250,0.2,141,14945.0
2026-07-22,52500,2026-12-10,call,regular,50,0.2,141,14725.0
2026-07-22,53000,2026-12-10,call,regular,1135,0.2,141,14395.0
2026-07-22,53500,2026-12-10,call,regular,106,0.2,141,13865.0
2026-07-22,54000,2026-12-10,call,regular,1941,0.1395,141,13540.0
2026-07-22,54500,2026-12-10,call,regular,540,0.1739,141,13090.0
2026-07-22,55000,2026-12-10,call,regular,1829,0.1993,141,12685.0
2026-07-22,55500,2026-12-10,call,regular,300,0.2132,141,12280.0
2026-07-22,56000,2026-12-10,call,regular,791,0.2206,141,11865.0
2026-07-22,56500,2026-12-10,call,regular,283,0.2285,141,11470.0
2026-07-22,57000,2026-12-10,call,regular,500,0.2335,141,11070.0
2026-07-22,57250,2026-12-10,call,regular,113,0.2359,141,10875.0
2026-07-22,57500,2026-12-10,call,regular,90,0.238,141,10680.0
2026-07-22,58000,2026-12-10,call,regular,2603,0.2411,141,10290.0
2026-07-22,58500,2026-12-10,call,regular,350,0.2441,141,9910.0
2026-07-22,59000,2026-12-10,call,regular,1900,0.2465,141,9535.0
2026-07-22,59500,2026-12-10,call,regular,100,0.2488,141,9170.0
2026-07-22,60000,2026-12-10,call,regular,7446,0.2514,141,8820.0
2026-07-22,60500,2026-12-10,call,regular,2,0.2548,141,8490.0
2026-07-22,61000,2026-12-10,call,regular,813,0.2552,141,8135.0
2026-07-22,62000,2026-12-10,call,regular,1350,0.256,141,7450.0
2026-07-22,62500,2026-12-10,call,regular,385,0.2566,141,7125.0
2026-07-22,63000,2026-12-10,call,regular,1665,0.2592,141,6840.0
2026-07-22,63750,2026-12-10,call,regular,25,0.259,141,6370.0
2026-07-22,64000,2026-12-10,call,regular,1855,0.2591,141,6220.0
2026-07-22,65000,2026-12-10,call,regular,3186,0.2595,141,5645.0
2026-07-22,65500,2026-12-10,call,regular,584,0.2596,141,5370.0
2026-07-22,66000,2026-12-10,call,regular,620,0.2597,141,5105.0
2026-07-22,67000,2026-12-10,call,regular,1077,0.2579,141,4570.0
2026-07-22,67250,2026-12-10,call,regular,25,0.2577,141,4445.0
2026-07-22,67500,2026-12-10,call,regular,25,0.2576,141,4325.0
2026-07-22,68000,2026-12-10,call,regular,3112,0.2576,141,4095.0
2026-07-22,68500,2026-12-10,call,regular,200,0.258,141,3880.0
2026-07-22,69000,2026-12-10,call,regular,971,0.2581,141,3670.0
2026-07-22,69250,2026-12-10,call,regular,50,0.2576,141,3560.0
2026-07-22,69750,2026-12-10,call,regular,158,0.2582,141,3370.0
2026-07-22,70000,2026-12-10,call,regular,2939,0.2583,141,3275.0
2026-07-22,71000,2026-12-10,call,regular,200,0.2582,141,2910.0
2026-07-22,72000,2026-12-10,call,regular,407,0.2583,141,2580.0
2026-07-22,72500,2026-12-10,call,regular,2293,0.2573,141,2410.0
2026-07-22,73000,2026-12-10,call,regular,26,0.257,141,2260.0
2026-07-22,73500,2026-12-10,call,regular,400,0.2576,141,2130.0
2026-07-22,74000,2026-12-10,call,regular,630,0.2574,141,1995.0
2026-07-22,75000,2026-12-10,call,regular,2909,0.2584,141,1765.0
2026-07-22,76000,2026-12-10,call,regular,100,0.2588,141,1550.0
2026-07-22,77000,2026-12-10,call,regular,359,0.2589,141,1355.0
2026-07-22,77500,2026-12-10,call,regular,1301,0.2589,141,1265.0
2026-07-22,78000,2026-12-10,call,regular,3,0.2593,141,1185.0
2026-07-22,79000,2026-12-10,call,regular,204,0.2597,141,1035.0
2026-07-22,80000,2026-12-10,call,regular,7001,0.2585,141,885.0
2026-07-22,81000,2026-12-10,call,regular,120,0.2596,141,775.0
2026-07-22,82500,2026-12-10,call,regular,1,0.2608,141,630.0
2026-07-22,84000,2026-12-10,call,regular,401,0.2631,141,520.0
2026-07-22,85000,2026-12-10,call,regular,426,0.2643,141,455.0
2026-07-22,87500,2026-12-10,call,regular,2377,0.2671,141,325.0
2026-07-22,90000,2026-12-10,call,regular,2526,0.2702,141,233.0
2026-07-22,95000,2026-12-10,call,regular,1010,0.2765,141,121.0
2026-07-22,100000,2026-12-10,call,regular,501,0.2765,141,54.0
2026-07-22,54250,2027-01-07,call,regular,27,0.2129,169,13535.0
2026-07-22,61000,2027-01-07,call,regular,26,0.2593,169,8515.0
2026-07-22,66000,2027-01-07,call,regular,9310000,0.26,169,5515.0
2026-07-22,71000,2027-01-07,call,regular,1,0.2589,169,3325.0
2026-07-22,71500,2027-01-07,call,regular,125,0.2588,169,3150.0
2026-07-22,72000,2027-01-07,call,regular,2,0.2586,169,2980.0
2026-07-22,73000,2027-01-07,call,regular,1,0.2573,169,2645.0
2026-07-22,74000,2027-01-07,call,regular,2,0.2572,169,2360.0
2026-07-22,80000,2027-01-07,call,regular,1,0.2586,169,1155.0
2026-07-22,56000,2027-02-10,call,regular,8,0.2501,203,12485.0
2026-07-22,56750,2027-02-10,call,regular,60,0.2528,203,11910.0
2026-07-22,64000,2027-02-10,call,regular,60,0.2656,203,7150.0
2026-07-22,66000,2027-02-10,call,regular,8,0.2636,203,6035.0
2026-07-22,52000,2027-03-11,call,regular,560,0.2388,232,15980.0
2026-07-22,52750,2027-03-11,call,regular,8,0.2453,232,15365.0
2026-07-22,53000,2027-03-11,call,regular,275,0.2469,232,15160.0
2026-07-22,53500,2027-03-11,call,regular,201,0.2498,232,14755.0
2026-07-22,53750,2027-03-11,call,regular,44,0.2512,232,14555.0
2026-07-22,54000,2027-03-11,call,regular,267,0.2524,232,14355.0
2026-07-22,55000,2027-03-11,call,regular,550,0.2561,232,13565.0
2026-07-22,56000,2027-03-11,call,regular,50,0.2584,232,12790.0
2026-07-22,57000,2027-03-11,call,regular,365,0.2603,232,12040.0
2026-07-22,58000,2027-03-11,call,regular,150,0.2616,232,11310.0
2026-07-22,59500,2027-03-11,call,regular,200,0.2622,232,10250.0
2026-07-22,59750,2027-03-11,call,regular,1,0.2623,232,10080.0
2026-07-22,60000,2027-03-11,call,regular,12,0.2623,232,9910.0
2026-07-22,60250,2027-03-11,call,regular,44,0.2626,232,9745.0
2026-07-22,61000,2027-03-11,call,regular,160,0.2625,232,9250.0
2026-07-22,62500,2027-03-11,call,regular,8,0.2623,232,8305.0
2026-07-22,63000,2027-03-11,call,regular,292,0.2638,232,8035.0
2026-07-22,64250,2027-03-11,call,regular,100,0.2664,232,7375.0
2026-07-22,65000,2027-03-11,call,regular,301,0.2657,232,6955.0
2026-07-22,66500,2027-03-11,call,regular,6,0.2649,232,6175.0
2026-07-22,67000,2027-03-11,call,regular,200,0.2644,232,5925.0
2026-07-22,69000,2027-03-11,call,regular,250,0.2638,232,5020.0
2026-07-22,70000,2027-03-11,call,regular,234,0.264,232,4620.0
2026-07-22,70500,2027-03-11,call,regular,150,0.2641,232,4430.0
2026-07-22,72000,2027-03-11,call,regular,100,0.2586,232,3775.0
2026-07-22,72500,2027-03-11,call,regular,35,0.2583,232,3600.0
2026-07-22,73500,2027-03-11,call,regular,1,0.2583,232,3285.0
2026-07-22,74000,2027-03-11,call,regular,3,0.2582,232,3135.0
2026-07-22,75000,2027-03-11,call,regular,150,0.2581,232,2850.0
2026-07-22,77500,2027-03-11,call,regular,60,0.2584,232,2245.0
2026-07-22,80000,2027-03-11,call,regular,200,0.2594,232,1765.0
2026-07-22,82500,2027-03-11,call,regular,37,0.2604,232,1380.0
2026-07-22,90000,2027-03-11,call,regular,174,0.2661,232,670.0
2026-07-22,100000,2027-03-11,call,regular,78,0.274,232,258.0
2026-07-22,57000,2027-04-08,call,regular,25,0.2534,260,12155.0
2026-07-22,57750,2027-04-08,call,regular,88,0.2545,260,11615.0
2026-07-22,65000,2027-04-08,call,regular,88,0.2573,260,7095.0
2026-07-22,67000,2027-04-08,call,regular,25,0.2548,260,6040.0
2026-07-22,60250,2027-05-13,call,regular,8,0.2614,295,10320.0
2026-07-22,61250,2027-05-13,call,regular,23,0.2614,295,9690.0
2026-07-22,71000,2027-05-13,call,regular,23,0.2596,295,4860.0
2026-07-22,72000,2027-05-13,call,regular,8,0.2602,295,4515.0
2026-07-22,16250,2027-06-10,call,regular,114,0.2,323,49430.0
2026-07-22,30000,2027-06-10,call,regular,300,0.2,323,36030.0
2026-07-22,33000,2027-06-10,call,regular,50,0.2,323,33180.0
2026-07-22,36000,2027-06-10,call,regular,150,0.2,323,30360.0
2026-07-22,37000,2027-06-10,call,regular,50,0.2,323,29435.0
2026-07-22,37250,2027-06-10,call,regular,480,0.2,323,29200.0
2026-07-22,38500,2027-06-10,call,regular,140,0.2,323,28045.0
2026-07-22,39000,2027-06-10,call,regular,50,0.2,323,27590.0
2026-07-22,44500,2027-06-10,call,regular,300,0.2,323,22690.0
2026-07-22,50000,2027-06-10,call,regular,300,0.2297,323,18020.0
2026-07-22,50500,2027-06-10,call,regular,175,0.2361,323,17630.0
2026-07-22,53000,2027-06-10,call,regular,100,0.2505,323,15660.0
2026-07-22,54000,2027-06-10,call,regular,1050,0.2538,323,14900.0
2026-07-22,55000,2027-06-10,call,regular,300,0.2562,323,14155.0
2026-07-22,56000,2027-06-10,call,regular,175,0.2574,323,13420.0
2026-07-22,57000,2027-06-10,call,regular,50,0.2589,323,12715.0
2026-07-22,58500,2027-06-10,call,regular,58,0.2601,323,11690.0
2026-07-22,60000,2027-06-10,call,regular,850,0.2603,323,10705.0
2026-07-22,62500,2027-06-10,call,regular,150,0.26,323,9175.0
2026-07-22,63000,2027-06-10,call,regular,100,0.2602,323,8895.0
2026-07-22,64000,2027-06-10,call,regular,200,0.2599,323,8335.0
2026-07-22,65000,2027-06-10,call,regular,124,0.2596,323,7800.0
2026-07-22,65500,2027-06-10,call,regular,62,0.2597,323,7550.0
2026-07-22,67000,2027-06-10,call,regular,470,0.2593,323,6815.0
2026-07-22,68000,2027-06-10,call,regular,300,0.2592,323,6360.0
2026-07-22,68250,2027-06-10,call,regular,15,0.2592,323,6250.0
2026-07-22,68500,2027-06-10,call,regular,200,0.2593,323,6145.0
2026-07-22,69250,2027-06-10,call,regular,36,0.257,323,5770.0
2026-07-22,70000,2027-06-10,call,regular,550,0.2568,323,5465.0
2026-07-22,71000,2027-06-10,call,regular,100,0.2566,323,5075.0
2026-07-22,75000,2027-06-10,call,regular,500,0.2559,323,3740.0
2026-07-22,77500,2027-06-10,call,regular,36,0.256,323,3075.0
2026-07-22,80000,2027-06-10,call,regular,15,0.2575,323,2545.0
2026-07-22,85000,2027-06-10,call,regular,550,0.2589,323,1705.0
2026-07-22,90000,2027-06-10,call,regular,100,0.2609,323,1140.0
2026-07-22,65750,2027-07-08,call,regular,20,0.2586,351,7670.0
2026-07-22,66750,2027-07-08,call,regular,32,0.2588,351,7195.0
2026-07-22,75000,2027-07-08,call,regular,32,0.2575,351,4045.0
2026-07-22,77000,2027-07-08,call,regular,20,0.2573,351,3485.0
2026-07-22,65000,2027-09-09,call,regular,1,0.2632,414,8745.0
2026-07-22,28000,2027-12-09,call,regular,50,0.2,505,37880.0
2026-07-22,30000,2027-12-09,call,regular,225,0.2,505,36005.0
2026-07-22,31500,2027-12-09,call,regular,50,0.2,505,34610.0
2026-07-22,32000,2027-12-09,call,regular,100,0.2,505,34150.0
2026-07-22,33000,2027-12-09,call,regular,100,0.2,505,33225.0
2026-07-22,34000,2027-12-09,call,regular,375,0.2,505,32310.0
2026-07-22,35000,2027-12-09,call,regular,201,0.2,505,31405.0
2026-07-22,36000,2027-12-09,call,regular,80,0.2,505,30505.0
2026-07-22,36750,2027-12-09,call,regular,442,0.2,505,29830.0
2026-07-22,37000,2027-12-09,call,regular,200,0.2,505,29610.0
2026-07-22,38000,2027-12-09,call,regular,575,0.2,505,28725.0
2026-07-22,39000,2027-12-09,call,regular,125,0.2,505,27840.0
2026-07-22,39250,2027-12-09,call,regular,50,0.2,505,27620.0
2026-07-22,39500,2027-12-09,call,regular,50,0.2,505,27400.0
2026-07-22,40000,2027-12-09,call,regular,350,0.2,505,26965.0
2026-07-22,40500,2027-12-09,call,regular,450,0.2,505,26535.0
2026-07-22,41000,2027-12-09,call,regular,375,0.2,505,26105.0
2026-07-22,42000,2027-12-09,call,regular,200,0.2,505,25250.0
2026-07-22,43000,2027-12-09,call,regular,400,0.2,505,24405.0
2026-07-22,43500,2027-12-09,call,regular,150,0.2,505,23990.0
2026-07-22,45000,2027-12-09,call,regular,1950,0.1912,505,22745.0
2026-07-22,46000,2027-12-09,call,regular,500,0.2113,505,21935.0
2026-07-22,48000,2027-12-09,call,regular,225,0.2316,505,20345.0
2026-07-22,49000,2027-12-09,call,regular,700,0.2375,505,19565.0
2026-07-22,50000,2027-12-09,call,regular,1950,0.2424,505,18805.0
2026-07-22,51000,2027-12-09,call,regular,300,0.2462,505,18060.0
2026-07-22,52500,2027-12-09,call,regular,100,0.2502,505,16965.0
2026-07-22,54000,2027-12-09,call,regular,300,0.253,505,15905.0
2026-07-22,54500,2027-12-09,call,regular,100,0.2535,505,15555.0
2026-07-22,55000,2027-12-09,call,regular,704,0.2539,505,15210.0
2026-07-22,57000,2027-12-09,call,regular,250,0.2559,505,13890.0
2026-07-22,58000,2027-12-09,call,regular,500,0.2565,505,13255.0
2026-07-22,60000,2027-12-09,call,regular,1025,0.2572,505,12040.0
2026-07-22,61000,2027-12-09,call,regular,200,0.2573,505,11460.0
2026-07-22,63000,2027-12-09,call,regular,100,0.2577,505,10365.0
2026-07-22,63500,2027-12-09,call,regular,50,0.2576,505,10100.0
2026-07-22,64000,2027-12-09,call,regular,780,0.2577,505,9845.0
2026-07-22,65000,2027-12-09,call,regular,100,0.2578,505,9345.0
2026-07-22,66000,2027-12-09,call,regular,300,0.2578,505,8865.0
2026-07-22,67000,2027-12-09,call,regular,100,0.2578,505,8405.0
2026-07-22,68000,2027-12-09,call,regular,200,0.2578,505,7965.0
2026-07-22,69000,2027-12-09,call,regular,850,0.2579,505,7545.0
2026-07-22,70000,2027-12-09,call,regular,550,0.258,505,7145.0
2026-07-22,72500,2027-12-09,call,regular,100,0.2585,505,6230.0
2026-07-22,75000,2027-12-09,call,regular,177,0.2574,505,5370.0
2026-07-22,80000,2027-12-09,call,regular,600,0.2563,505,3970.0
2026-07-22,87500,2027-12-09,call,regular,100,0.2558,505,2490.0
2026-07-22,41500,2028-06-08,call,regular,100,0.1463,687,26115.0
2026-07-22,28000,2028-12-07,call,regular,50,0.2,869,38015.0
2026-07-22,30000,2028-12-07,call,regular,80,0.2,869,36230.0
2026-07-22,31000,2028-12-07,call,regular,200,0.2,869,35355.0
2026-07-22,32000,2028-12-07,call,regular,75,0.2,869,34475.0
2026-07-22,33000,2028-12-07,call,regular,125,0.2,869,33610.0
2026-07-22,34500,2028-12-07,call,regular,330,0.2,869,32315.0
2026-07-22,34750,2028-12-07,call,regular,100,0.2,869,32105.0
2026-07-22,35500,2028-12-07,call,regular,443,0.2,869,31470.0
2026-07-22,36000,2028-12-07,call,regular,450,0.2,869,31045.0
2026-07-22,36500,2028-12-07,call,regular,52,0.2,869,30625.0
2026-07-22,38000,2028-12-07,call,regular,120,0.2,869,29380.0
2026-07-22,39000,2028-12-07,call,regular,575,0.2,869,28565.0
2026-07-22,40000,2028-12-07,call,regular,30,0.1766,869,27750.0
2026-07-22,41000,2028-12-07,call,regular,375,0.1992,869,26955.0
2026-07-22,42000,2028-12-07,call,regular,65,0.2115,869,26160.0
2026-07-22,42500,2028-12-07,call,regular,100,0.2159,869,25765.0
2026-07-22,50000,2028-12-07,call,regular,400,0.2449,869,20235.0
2026-07-22,53000,2028-12-07,call,regular,50,0.2481,869,18225.0
2026-07-22,55000,2028-12-07,call,regular,50,0.2493,869,16955.0
2026-07-22,56000,2028-12-07,call,regular,650,0.2496,869,16340.0
2026-07-22,60000,2028-12-07,call,regular,250,0.2501,869,14035.0
2026-07-22,67500,2028-12-07,call,regular,100,0.2498,869,10390.0
2026-07-22,75000,2028-12-07,call,regular,80,0.2502,869,7615.0
2026-07-22,80000,2028-12-07,call,regular,200,0.2493,869,6115.0
2026-07-22,50000,2029-12-13,call,regular,100,0.2423,1240,21455.0
2026-07-22,60000,2029-12-13,call,regular,375,0.2448,1240,15620.0
2026-07-22,65000,2029-12-13,call,regular,50,0.2446,1240,13210.0
2026-07-22,57000,2030-12-12,call,regular,300,0.2577,1604,19270.0
2026-07-22,64000,2030-12-12,call,regular,3,0.2405,1604,15040.0
2026-07-22,61125,2026-07-24,put,mini,826,0.6928,2,33.0
2026-07-22,61250,2026-07-24,put,mini,20,0.6971,2,38.0
2026-07-22,61375,2026-07-24,put,mini,2,0.6879,2,39.0
2026-07-22,61500,2026-07-24,put,mini,83,0.6786,2,40.0
2026-07-22,61625,2026-07-24,put,mini,25,0.6908,2,49.0
2026-07-22,61750,2026-07-24,put,mini,1,0.6781,2,49.0
2026-07-22,61875,2026-07-24,put,mini,2,0.6752,2,53.0
2026-07-22,62000,2026-07-24,put,mini,114,0.6694,2,56.0
2026-07-22,62250,2026-07-24,put,mini,5,0.6668,2,67.0
2026-07-22,62500,2026-07-24,put,mini,114,0.6572,2,76.0
2026-07-22,62750,2026-07-24,put,mini,30,0.6456,2,85.0
2026-07-22,63000,2026-07-24,put,mini,103,0.6516,2,107.0
2026-07-22,63250,2026-07-24,put,mini,4,0.6406,2,120.0
2026-07-22,63375,2026-07-24,put,mini,2,0.645,2,135.0
2026-07-22,63500,2026-07-24,put,mini,79,0.6491,2,151.0
2026-07-22,63750,2026-07-24,put,mini,22,0.6413,2,172.0
2026-07-22,63875,2026-07-24,put,mini,741,0.639,2,185.0
2026-07-22,64000,2026-07-24,put,mini,1150,0.6579,2,221.0
2026-07-22,64125,2026-07-24,put,mini,8,0.6421,2,222.0
2026-07-22,64250,2026-07-24,put,mini,285,0.6406,2,239.0
2026-07-22,64375,2026-07-24,put,mini,3,0.6441,2,263.0
2026-07-22,64500,2026-07-24,put,mini,457,0.648,2,289.0
2026-07-22,64625,2026-07-24,put,mini,8,0.6427,2,305.0
2026-07-22,64750,2026-07-24,put,mini,310,0.6398,2,325.0
2026-07-22,64875,2026-07-24,put,mini,6,0.6505,2,365.0
2026-07-22,65000,2026-07-24,put,mini,641,0.6526,2,395.0
2026-07-22,65125,2026-07-24,put,mini,6,0.6602,2,435.0
2026-07-22,65250,2026-07-24,put,mini,177,0.6663,2,475.0
2026-07-22,65375,2026-07-24,put,mini,1,0.6617,2,500.0
2026-07-22,65500,2026-07-24,put,mini,271,0.6747,2,555.0
2026-07-22,65625,2026-07-24,put,mini,1,0.6712,2,585.0
2026-07-22,65750,2026-07-24,put,mini,43,0.6756,2,630.0
2026-07-22,65875,2026-07-24,put,mini,4,0.6789,2,675.0
2026-07-22,66000,2026-07-24,put,mini,326,0.6951,2,745.0
2026-07-22,66250,2026-07-24,put,mini,3,0.6988,2,840.0
2026-07-22,66500,2026-07-24,put,mini,73,0.7223,2,980.0
2026-07-22,66625,2026-07-24,put,mini,1,0.7245,2,1035.0
2026-07-22,66750,2026-07-24,put,mini,1,0.7465,2,1130.0
2026-07-22,66875,2026-07-24,put,mini,2,0.7595,2,1210.0
2026-07-22,67000,2026-07-24,put,mini,121,0.7512,2,1250.0
2026-07-22,67250,2026-07-24,put,mini,1,0.7852,2,1435.0
2026-07-22,67500,2026-07-24,put,mini,383,0.8056,2,1600.0
2026-07-22,67625,2026-07-24,put,mini,1700,0.8233,2,1700.0
2026-07-22,67750,2026-07-24,put,mini,4,0.8378,2,1795.0
2026-07-22,68000,2026-07-24,put,mini,66,0.9451,2,2145.0
2026-07-22,68250,2026-07-24,put,mini,2195,0.8989,2,2195.0
2026-07-22,68500,2026-07-24,put,mini,18,0.9361,2,2415.0
2026-07-22,68750,2026-07-24,put,mini,9,0.9635,2,2620.0
2026-07-22,69000,2026-07-24,put,mini,2,0.9993,2,2845.0
2026-07-22,69250,2026-07-24,put,mini,3070,1.0335,2,3070.0
2026-07-22,69500,2026-07-24,put,mini,11,1.0689,2,3300.0
2026-07-22,69750,2026-07-24,put,mini,3540,1.1083,2,3540.0
2026-07-22,70000,2026-07-24,put,mini,1,1.1439,2,3775.0
2026-07-22,70750,2026-07-24,put,mini,4505,1.2582,2,4505.0
2026-07-22,71000,2026-07-24,put,mini,6,1.2984,2,4755.0
2026-07-22,72500,2026-07-24,put,mini,2,1.5235,2,6250.0
2026-07-22,75000,2026-07-24,put,mini,10,1.8657,2,8750.0
2026-07-22,64000,2026-07-29,put,mini,15,0.5019,7,580.0
2026-07-22,66500,2026-07-29,put,mini,50,0.5046,7,1405.0
2026-07-22,67750,2026-07-29,put,mini,2,0.5552,7,2195.0
2026-07-22,61125,2026-07-31,put,mini,10,0.4963,9,240.0
2026-07-22,61250,2026-07-31,put,mini,3,0.4909,9,244.0
2026-07-22,61500,2026-07-31,put,mini,58,0.4874,9,266.0
2026-07-22,61750,2026-07-31,put,mini,1,0.4764,9,275.0
2026-07-22,62000,2026-07-31,put,mini,71,0.48,9,315.0
2026-07-22,62500,2026-07-31,put,mini,50,0.4738,9,375.0
2026-07-22,63000,2026-07-31,put,mini,2,0.4809,9,480.0
2026-07-22,63500,2026-07-31,put,mini,1,0.4768,9,570.0
2026-07-22,63875,2026-07-31,put,mini,20,0.4732,9,645.0
2026-07-22,64000,2026-07-31,put,mini,8,0.47,9,665.0
2026-07-22,64125,2026-07-31,put,mini,1,0.4788,9,725.0
2026-07-22,64250,2026-07-31,put,mini,11,0.481,9,765.0
2026-07-22,64375,2026-07-31,put,mini,1,0.4798,9,795.0
2026-07-22,64500,2026-07-31,put,mini,1,0.4783,9,825.0
2026-07-22,65000,2026-07-31,put,mini,10,0.4807,9,985.0
2026-07-22,65250,2026-07-31,put,mini,6,0.4747,9,1045.0
2026-07-22,65500,2026-07-31,put,mini,3,0.4795,9,1150.0
2026-07-22,65625,2026-07-31,put,mini,1,0.4781,9,1190.0
2026-07-22,65750,2026-07-31,put,mini,2,0.479,9,1240.0
2026-07-22,66000,2026-07-31,put,mini,3,0.4811,9,1345.0
2026-07-22,66250,2026-07-31,put,mini,2,0.4857,9,1465.0
2026-07-22,66500,2026-07-31,put,mini,10,0.4974,9,1620.0
2026-07-22,67000,2026-07-31,put,mini,1870,0.5025,9,1870.0
2026-07-22,67750,2026-07-31,put,mini,4,0.5181,9,2315.0
2026-07-22,68500,2026-07-31,put,mini,2765,0.5252,9,2765.0
2026-07-22,68750,2026-07-31,put,mini,3015,0.5495,9,3015.0
2026-07-22,70750,2026-07-31,put,mini,4670,0.6363,9,4670.0
2026-07-22,66500,2026-08-05,put,mini,2,0.4572,14,1920.0
2026-07-22,67750,2026-08-05,put,mini,2,0.4714,14,2610.0
2026-07-22,66000,2026-08-07,put,mini,1785,0.4429,16,1785.0
2026-07-22,66500,2026-08-07,put,mini,2,0.4477,16,2030.0
2026-07-22,67750,2026-08-07,put,mini,6,0.4596,16,2715.0
2026-07-22,68500,2026-08-07,put,mini,20,0.4708,16,3195.0
2026-07-22,68750,2026-08-07,put,mini,12,0.4751,16,3365.0
2026-07-22,56750,2026-08-14,put,mini,488,0.5084,23,315.0
2026-07-22,56875,2026-08-14,put,mini,2,0.5055,23,320.0
2026-07-22,57000,2026-08-14,put,mini,530,0.5005,23,320.0
2026-07-22,57125,2026-08-14,put,mini,335,0.5014,23,335.0
2026-07-22,57250,2026-08-14,put,mini,17,0.5003,23,345.0
2026-07-22,57375,2026-08-14,put,mini,350,0.4971,23,350.0
2026-07-22,57500,2026-08-14,put,mini,140,0.4976,23,365.0
2026-07-22,57750,2026-08-14,put,mini,30,0.4911,23,375.0
2026-07-22,57875,2026-08-14,put,mini,5,0.4895,23,385.0
2026-07-22,58000,2026-08-14,put,mini,420,0.4896,23,400.0
2026-07-22,58125,2026-08-14,put,mini,5,0.4895,23,415.0
2026-07-22,58250,2026-08-14,put,mini,39,0.4827,23,410.0
2026-07-22,58375,2026-08-14,put,mini,435,0.4857,23,435.0
2026-07-22,58500,2026-08-14,put,mini,100,0.4789,23,430.0
2026-07-22,58625,2026-08-14,put,mini,460,0.4832,23,460.0
2026-07-22,58750,2026-08-14,put,mini,68,0.4794,23,465.0
2026-07-22,58875,2026-08-14,put,mini,1,0.4787,23,480.0
2026-07-22,59000,2026-08-14,put,mini,315,0.4749,23,485.0
2026-07-22,59250,2026-08-14,put,mini,9,0.473,23,515.0
2026-07-22,59375,2026-08-14,put,mini,1,0.4719,23,530.0
2026-07-22,59500,2026-08-14,put,mini,145,0.4693,23,540.0
2026-07-22,59625,2026-08-14,put,mini,565,0.4708,23,565.0
2026-07-22,59750,2026-08-14,put,mini,59,0.4693,23,580.0
2026-07-22,59875,2026-08-14,put,mini,4,0.4678,23,595.0
2026-07-22,60000,2026-08-14,put,mini,742,0.4636,23,600.0
2026-07-22,60125,2026-08-14,put,mini,1,0.4632,23,620.0
2026-07-22,60250,2026-08-14,put,mini,32,0.4639,23,645.0
2026-07-22,60375,2026-08-14,put,mini,2,0.4608,23,655.0
2026-07-22,60500,2026-08-14,put,mini,83,0.4588,23,670.0
2026-07-22,60625,2026-08-14,put,mini,1,0.458,23,690.0
2026-07-22,60750,2026-08-14,put,mini,46,0.4558,23,705.0
2026-07-22,60875,2026-08-14,put,mini,3,0.4571,23,735.0
2026-07-22,61000,2026-08-14,put,mini,486,0.449,23,725.0
2026-07-22,61125,2026-08-14,put,mini,770,0.4535,23,770.0
2026-07-22,61250,2026-08-14,put,mini,25,0.4498,23,780.0
2026-07-22,61375,2026-08-14,put,mini,810,0.4506,23,810.0
2026-07-22,61500,2026-08-14,put,mini,70,0.449,23,830.0
2026-07-22,61625,2026-08-14,put,mini,850,0.4473,23,850.0
2026-07-22,61750,2026-08-14,put,mini,33,0.4476,23,880.0
2026-07-22,61875,2026-08-14,put,mini,2,0.4447,23,895.0
2026-07-22,62000,2026-08-14,put,mini,818,0.4406,23,905.0
2026-07-22,62125,2026-08-14,put,mini,1,0.4437,23,950.0
2026-07-22,62250,2026-08-14,put,mini,515,0.4415,23,970.0
2026-07-22,62375,2026-08-14,put,mini,493,0.4412,23,1000.0
2026-07-22,62500,2026-08-14,put,mini,165,0.4398,23,1025.0
2026-07-22,62625,2026-08-14,put,mini,1060,0.4402,23,1060.0
2026-07-22,62750,2026-08-14,put,mini,49,0.4385,23,1085.0
2026-07-22,63000,2026-08-14,put,mini,426,0.4331,23,1125.0
2026-07-22,63125,2026-08-14,put,mini,4,0.4358,23,1175.0
2026-07-22,63250,2026-08-14,put,mini,134,0.4346,23,1205.0
2026-07-22,63375,2026-08-14,put,mini,1,0.4324,23,1230.0
2026-07-22,63500,2026-08-14,put,mini,238,0.4265,23,1235.0
2026-07-22,63625,2026-08-14,put,mini,1305,0.4322,23,1305.0
2026-07-22,63750,2026-08-14,put,mini,34,0.4314,23,1340.0
2026-07-22,63875,2026-08-14,put,mini,1375,0.4306,23,1375.0
2026-07-22,64000,2026-08-14,put,mini,263,0.4279,23,1400.0
2026-07-22,64125,2026-08-14,put,mini,2,0.4276,23,1440.0
2026-07-22,64250,2026-08-14,put,mini,40,0.4289,23,1490.0
2026-07-22,64375,2026-08-14,put,mini,1515,0.4259,23,1515.0
2026-07-22,64500,2026-08-14,put,mini,116,0.4269,23,1565.0
2026-07-22,64625,2026-08-14,put,mini,4,0.4236,23,1590.0
2026-07-22,64750,2026-08-14,put,mini,44,0.426,23,1650.0
2026-07-22,64875,2026-08-14,put,mini,2,0.425,23,1690.0
2026-07-22,65000,2026-08-14,put,mini,247,0.423,23,1725.0
2026-07-22,65125,2026-08-14,put,mini,1,0.4241,23,1780.0
2026-07-22,65250,2026-08-14,put,mini,2,0.4227,23,1820.0
2026-07-22,65375,2026-08-14,put,mini,1875,0.4236,23,1875.0
2026-07-22,65500,2026-08-14,put,mini,45,0.4203,23,1905.0
2026-07-22,65625,2026-08-14,put,mini,5,0.4209,23,1960.0
2026-07-22,65750,2026-08-14,put,mini,24,0.4221,23,2020.0
2026-07-22,65875,2026-08-14,put,mini,1,0.4216,23,2070.0
2026-07-22,66000,2026-08-14,put,mini,226,0.4172,23,2095.0
2026-07-22,66125,2026-08-14,put,mini,2180,0.4218,23,2180.0
2026-07-22,66250,2026-08-14,put,mini,20,0.4232,23,2245.0
2026-07-22,66375,2026-08-14,put,mini,1,0.4237,23,2305.0
2026-07-22,66500,2026-08-14,put,mini,58,0.424,23,2365.0
2026-07-22,66625,2026-08-14,put,mini,2420,0.4235,23,2420.0
2026-07-22,66750,2026-08-14,put,mini,15,0.4251,23,2490.0
2026-07-22,66875,2026-08-14,put,mini,11,0.4288,23,2575.0
2026-07-22,67000,2026-08-14,put,mini,107,0.4219,23,2590.0
2026-07-22,67125,2026-08-14,put,mini,1,0.4224,23,2655.0
2026-07-22,67250,2026-08-14,put,mini,36,0.4271,23,2750.0
2026-07-22,67375,2026-08-14,put,mini,2815,0.4273,23,2815.0
2026-07-22,67500,2026-08-14,put,mini,121,0.4281,23,2885.0
2026-07-22,67625,2026-08-14,put,mini,10,0.4258,23,2935.0
2026-07-22,67750,2026-08-14,put,mini,477,0.4308,23,3035.0
2026-07-22,67875,2026-08-14,put,mini,3105,0.4312,23,3105.0
2026-07-22,68000,2026-08-14,put,mini,692,0.4337,23,3190.0
2026-07-22,68125,2026-08-14,put,mini,3255,0.4331,23,3255.0
2026-07-22,68250,2026-08-14,put,mini,60,0.4339,23,3330.0
2026-07-22,68375,2026-08-14,put,mini,3415,0.4361,23,3415.0
2026-07-22,68500,2026-08-14,put,mini,571,0.4381,23,3500.0
2026-07-22,68625,2026-08-14,put,mini,3570,0.4378,23,3570.0
2026-07-22,68750,2026-08-14,put,mini,1154,0.4388,23,3650.0
2026-07-22,68875,2026-08-14,put,mini,3735,0.4405,23,3735.0
2026-07-22,69000,2026-08-14,put,mini,1122,0.442,23,3820.0
2026-07-22,69125,2026-08-14,put,mini,2,0.4435,23,3905.0
2026-07-22,69250,2026-08-14,put,mini,43,0.4448,23,3990.0
2026-07-22,69375,2026-08-14,put,mini,4080,0.4468,23,4080.0
2026-07-22,69500,2026-08-14,put,mini,19,0.4487,23,4170.0
2026-07-22,69625,2026-08-14,put,mini,4260,0.4505,23,4260.0
2026-07-22,69750,2026-08-14,put,mini,5,0.4522,23,4350.0
2026-07-22,70000,2026-08-14,put,mini,49,0.456,23,4535.0
2026-07-22,70125,2026-08-14,put,mini,4630,0.4581,23,4630.0
2026-07-22,70250,2026-08-14,put,mini,72,0.4602,23,4725.0
2026-07-22,70500,2026-08-14,put,mini,254,0.4648,23,4920.0
2026-07-22,70750,2026-08-14,put,mini,70,0.4674,23,5105.0
2026-07-22,70875,2026-08-14,put,mini,5210,0.4706,23,5210.0
2026-07-22,71000,2026-08-14,put,mini,642,0.4737,23,5315.0
2026-07-22,71250,2026-08-14,put,mini,509,0.4789,23,5520.0
2026-07-22,71375,2026-08-14,put,mini,489,0.4809,23,5620.0
2026-07-22,71500,2026-08-14,put,mini,1,0.4821,23,5715.0
2026-07-22,71750,2026-08-14,put,mini,2,0.4891,23,5935.0
2026-07-22,72000,2026-08-14,put,mini,12,0.4926,23,6135.0
2026-07-22,72125,2026-08-14,put,mini,6250,0.4967,23,6250.0
2026-07-22,72250,2026-08-14,put,mini,14,0.499,23,6355.0
2026-07-22,72500,2026-08-14,put,mini,10,0.5053,23,6575.0
2026-07-22,72750,2026-08-14,put,mini,2,0.5121,23,6800.0
2026-07-22,73000,2026-08-14,put,mini,24,0.517,23,7015.0
2026-07-22,73250,2026-08-14,put,mini,24,0.5234,23,7240.0
2026-07-22,73375,2026-08-14,put,mini,5,0.527,23,7355.0
2026-07-22,73500,2026-08-14,put,mini,267,0.5297,23,7465.0
2026-07-22,73750,2026-08-14,put,mini,460,0.5366,23,7695.0
2026-07-22,74000,2026-08-14,put,mini,40,0.5433,23,7925.0
2026-07-22,74250,2026-08-14,put,mini,45,0.5498,23,8155.0
2026-07-22,74500,2026-08-14,put,mini,25,0.5571,23,8390.0
2026-07-22,74750,2026-08-14,put,mini,132,0.5643,23,8625.0
2026-07-22,75000,2026-08-14,put,mini,11,0.5713,23,8860.0
2026-07-22,75250,2026-08-14,put,mini,5,0.579,23,9100.0
2026-07-22,61125,2026-09-11,put,mini,1,0.4011,51,1460.0
2026-07-22,61250,2026-09-11,put,mini,90,0.4004,51,1490.0
2026-07-22,61375,2026-09-11,put,mini,2,0.3991,51,1515.0
2026-07-22,61500,2026-09-11,put,mini,29,0.3983,51,1545.0
2026-07-22,61625,2026-09-11,put,mini,1,0.3975,51,1575.0
2026-07-22,61750,2026-09-11,put,mini,6,0.3972,51,1610.0
2026-07-22,62000,2026-09-11,put,mini,251,0.3965,51,1680.0
2026-07-22,62250,2026-09-11,put,mini,395,0.3937,51,1735.0
2026-07-22,62500,2026-09-11,put,mini,86,0.3925,51,1805.0
2026-07-22,62750,2026-09-11,put,mini,79,0.391,51,1875.0
2026-07-22,63000,2026-09-11,put,mini,130,0.3899,51,1950.0
2026-07-22,63125,2026-09-11,put,mini,1980,0.3883,51,1980.0
2026-07-22,63250,2026-09-11,put,mini,202,0.3879,51,2020.0
2026-07-22,63500,2026-09-11,put,mini,135,0.3863,51,2095.0
2026-07-22,63625,2026-09-11,put,mini,2140,0.3862,51,2140.0
2026-07-22,63750,2026-09-11,put,mini,46,0.3855,51,2180.0
2026-07-22,64000,2026-09-11,put,mini,138,0.3845,51,2265.0
2026-07-22,64125,2026-09-11,put,mini,20,0.3836,51,2305.0
2026-07-22,64250,2026-09-11,put,mini,352,0.3822,51,2340.0
2026-07-22,64500,2026-09-11,put,mini,167,0.3807,51,2425.0
2026-07-22,64750,2026-09-11,put,mini,3,0.38,51,2520.0
2026-07-22,65000,2026-09-11,put,mini,73,0.379,51,2615.0
2026-07-22,65125,2026-09-11,put,mini,1,0.3787,51,2665.0
2026-07-22,65250,2026-09-11,put,mini,17,0.3783,51,2715.0
2026-07-22,65375,2026-09-11,put,mini,6,0.3784,51,2770.0
2026-07-22,65500,2026-09-11,put,mini,8,0.3778,51,2820.0
2026-07-22,65625,2026-09-11,put,mini,2870,0.3773,51,2870.0
2026-07-22,65750,2026-09-11,put,mini,42,0.3771,51,2925.0
2026-07-22,65875,2026-09-11,put,mini,1,0.3764,51,2975.0
2026-07-22,66000,2026-09-11,put,mini,57,0.3762,51,3030.0
2026-07-22,66250,2026-09-11,put,mini,182,0.3764,51,3150.0
2026-07-22,66500,2026-09-11,put,mini,249,0.381,51,3315.0
2026-07-22,66750,2026-09-11,put,mini,2,0.3792,51,3420.0
2026-07-22,66875,2026-09-11,put,mini,3480,0.379,51,3480.0
2026-07-22,67000,2026-09-11,put,mini,80,0.3807,51,3560.0
2026-07-22,67125,2026-09-11,put,mini,3610,0.3793,51,3610.0
2026-07-22,67250,2026-09-11,put,mini,53,0.3794,51,3675.0
2026-07-22,67500,2026-09-11,put,mini,162,0.3793,51,3805.0
2026-07-22,67750,2026-09-11,put,mini,855,0.3795,51,3940.0
2026-07-22,68000,2026-09-11,put,mini,1024,0.379,51,4070.0
2026-07-22,68250,2026-09-11,put,mini,109,0.3801,51,4220.0
2026-07-22,68500,2026-09-11,put,mini,1010,0.3805,51,4365.0
2026-07-22,68750,2026-09-11,put,mini,2036,0.3812,51,4515.0
2026-07-22,68875,2026-09-11,put,mini,4580,0.3804,51,4580.0
2026-07-22,69000,2026-09-11,put,mini,1752,0.3806,51,4655.0
2026-07-22,69250,2026-09-11,put,mini,48,0.3813,51,4810.0
2026-07-22,69500,2026-09-11,put,mini,6,0.3817,51,4965.0
2026-07-22,69750,2026-09-11,put,mini,5125,0.3824,51,5125.0
2026-07-22,70000,2026-09-11,put,mini,5,0.3839,51,5295.0
2026-07-22,71000,2026-09-11,put,mini,5990,0.389,51,5990.0
2026-07-22,71250,2026-09-11,put,mini,4,0.3909,51,6175.0
2026-07-22,71500,2026-09-11,put,mini,4,0.3926,51,6360.0
2026-07-22,71750,2026-09-11,put,mini,6,0.3946,51,6550.0
2026-07-22,72000,2026-09-11,put,mini,9,0.3965,51,6740.0
2026-07-22,72250,2026-09-11,put,mini,63,0.3981,51,6930.0
2026-07-22,72375,2026-09-11,put,mini,7030,0.3994,51,7030.0
2026-07-22,72500,2026-09-11,put,mini,53,0.4001,51,7125.0
2026-07-22,72750,2026-09-11,put,mini,24,0.402,51,7320.0
2026-07-22,73000,2026-09-11,put,mini,79,0.4047,51,7525.0
2026-07-22,73250,2026-09-11,put,mini,348,0.4067,51,7725.0
2026-07-22,73500,2026-09-11,put,mini,162,0.4092,51,7930.0
2026-07-22,73750,2026-09-11,put,mini,3,0.412,51,8140.0
2026-07-22,74000,2026-09-11,put,mini,99,0.4147,51,8350.0
2026-07-22,74250,2026-09-11,put,mini,1,0.4172,51,8560.0
2026-07-22,75000,2026-09-11,put,mini,67,0.4263,51,9210.0
2026-07-22,75250,2026-09-11,put,mini,10,0.4295,51,9430.0
2026-07-22,61125,2026-10-09,put,mini,2,0.3866,79,2095.0
2026-07-22,63000,2026-10-09,put,mini,4,0.3785,79,2665.0
2026-07-22,64000,2026-10-09,call,mini,3,0.2,79,3030.0
2026-07-22,64750,2026-10-09,call,mini,1,0.1267,79,3320.0
2026-07-22,65000,2026-10-09,call,mini,11,0.1542,79,3420.0
2026-07-22,66000,2026-10-09,call,mini,4,0.2453,79,3860.0
2026-07-22,63875,2026-07-24,call,mini,6,0.2,2,2565.0
2026-07-22,64000,2026-07-24,call,mini,868,0.2,2,2480.0
2026-07-22,64125,2026-07-24,call,mini,1,0.2,2,2355.0
2026-07-22,64250,2026-07-24,call,mini,8,0.2,2,2270.0
2026-07-22,64375,2026-07-24,call,mini,2145,0.2,2,2145.0
2026-07-22,64500,2026-07-24,call,mini,234,0.2,2,2045.0
2026-07-22,64625,2026-07-24,call,mini,1935,0.2,2,1935.0
2026-07-22,64750,2026-07-24,call,mini,152,0.2,2,1830.0
2026-07-22,64875,2026-07-24,call,mini,3,0.2,2,1745.0
2026-07-22,65000,2026-07-24,call,mini,453,0.2,2,1635.0
2026-07-22,65125,2026-07-24,call,mini,5,0.2,2,1565.0
2026-07-22,65250,2026-07-24,call,mini,244,0.2,2,1480.0
2026-07-22,65375,2026-07-24,call,mini,2,0.2,2,1380.0
2026-07-22,65500,2026-07-24,call,mini,411,0.2,2,1310.0
2026-07-22,65625,2026-07-24,call,mini,1,0.2,2,1215.0
2026-07-22,65750,2026-07-24,call,mini,360,0.2,2,1140.0
2026-07-22,65875,2026-07-24,call,mini,2,0.2,2,1060.0
2026-07-22,66000,2026-07-24,call,mini,445,0.2,2,980.0
2026-07-22,66125,2026-07-24,call,mini,14,0.2,2,945.0
2026-07-22,66250,2026-07-24,call,mini,412,0.2,2,850.0
2026-07-22,66375,2026-07-24,call,mini,6,0.2,2,805.0
2026-07-22,66500,2026-07-24,call,mini,308,0.2,2,735.0
2026-07-22,66625,2026-07-24,call,mini,31,0.2,2,665.0
2026-07-22,66750,2026-07-24,call,mini,128,0.2,2,635.0
2026-07-22,66875,2026-07-24,call,mini,6,0.2,2,590.0
2026-07-22,67000,2026-07-24,call,mini,548,0.2,2,505.0
2026-07-22,67125,2026-07-24,call,mini,9,0.1201,2,480.0
2026-07-22,67250,2026-07-24,call,mini,215,0.1462,2,440.0
2026-07-22,67375,2026-07-24,call,mini,2,0.1643,2,400.0
2026-07-22,67500,2026-07-24,call,mini,532,0.1752,2,355.0
2026-07-22,67625,2026-07-24,call,mini,330,0.1925,2,330.0
2026-07-22,67750,2026-07-24,call,mini,146,0.2034,2,298.0
2026-07-22,67875,2026-07-24,call,mini,15,0.2144,2,271.0
2026-07-22,68000,2026-07-24,call,mini,4037,0.2154,2,230.0
2026-07-22,68125,2026-07-24,call,mini,3,0.2309,2,219.0
2026-07-22,68250,2026-07-24,call,mini,39,0.2386,2,197.0
2026-07-22,68375,2026-07-24,call,mini,2,0.2451,2,176.0
2026-07-22,68500,2026-07-24,call,mini,2323,0.2573,2,166.0
2026-07-22,68625,2026-07-24,call,mini,19,0.2578,2,141.0
2026-07-22,68750,2026-07-24,call,mini,34,0.2606,2,122.0
2026-07-22,68875,2026-07-24,call,mini,22,0.263,2,105.0
2026-07-22,69000,2026-07-24,call,mini,1019,0.2743,2,100.0
2026-07-22,69125,2026-07-24,call,mini,5,0.2705,2,80.0
2026-07-22,69250,2026-07-24,call,mini,361,0.2776,2,73.0
2026-07-22,69375,2026-07-24,call,mini,1,0.2838,2,66.0
2026-07-22,69500,2026-07-24,call,mini,343,0.2813,2,53.0
2026-07-22,69625,2026-07-24,call,mini,5,0.2903,2,50.0
2026-07-22,69750,2026-07-24,call,mini,91,0.2911,2,42.0
2026-07-22,69875,2026-07-24,call,mini,77,0.2935,2,36.0
2026-07-22,70000,2026-07-24,call,mini,2200,0.2942,2,30.0
2026-07-22,70125,2026-07-24,call,mini,20,0.278,2,18.0
2026-07-22,70250,2026-07-24,call,mini,118,0.2941,2,20.0
2026-07-22,70375,2026-07-24,call,mini,31,0.2903,2,15.0
2026-07-22,70500,2026-07-24,call,mini,346,0.2972,2,14.0
2026-07-22,70625,2026-07-24,call,mini,44,0.3,2,12.0
2026-07-22,70750,2026-07-24,call,mini,50,0.292,2,8.0
2026-07-22,70875,2026-07-24,call,mini,24,0.2959,2,7.0
2026-07-22,71000,2026-07-24,call,mini,907,0.2989,2,6.0
2026-07-22,71125,2026-07-24,call,mini,39,0.3079,2,6.0
2026-07-22,71250,2026-07-24,call,mini,201,0.2913,2,3.0
2026-07-22,71375,2026-07-24,call,mini,13,0.3099,2,4.0
2026-07-22,71500,2026-07-24,call,mini,235,0.2946,2,2.0
2026-07-22,71625,2026-07-24,call,mini,1,0.3026,2,2.0
2026-07-22,71750,2026-07-24,call,mini,111,0.3105,2,2.0
2026-07-22,71875,2026-07-24,call,mini,2,0.2973,2,1.0
2026-07-22,72000,2026-07-24,call,mini,3055,0.3048,2,1.0
2026-07-22,72125,2026-07-24,call,mini,20,0.3122,2,1.0
2026-07-22,72250,2026-07-24,call,mini,4,0.3196,2,1.0
2026-07-22,72375,2026-07-24,call,mini,1,0.3269,2,1.0
2026-07-22,72500,2026-07-24,call,mini,541,0.3343,2,1.0
2026-07-22,72625,2026-07-24,call,mini,4,0.3416,2,1.0
2026-07-22,72750,2026-07-24,call,mini,192,0.3488,2,1.0
2026-07-22,72875,2026-07-24,call,mini,1,0.3561,2,1.0
2026-07-22,73000,2026-07-24,call,mini,1418,0.3633,2,1.0
2026-07-22,73125,2026-07-24,call,mini,1,0.3705,2,1.0
2026-07-22,73250,2026-07-24,call,mini,76,0.3777,2,1.0
2026-07-22,73375,2026-07-24,call,mini,28,0.3848,2,1.0
2026-07-22,73500,2026-07-24,call,mini,295,0.3919,2,1.0
2026-07-22,73625,2026-07-24,call,mini,1,0.399,2,1.0
2026-07-22,73750,2026-07-24,call,mini,162,0.4061,2,1.0
2026-07-22,73875,2026-07-24,call,mini,1,0.4132,2,1.0
2026-07-22,74000,2026-07-24,call,mini,1082,0.4202,2,1.0
2026-07-22,74125,2026-07-24,call,mini,1,0.4272,2,1.0
2026-07-22,74250,2026-07-24,call,mini,2,0.4342,2,1.0
2026-07-22,74375,2026-07-24,call,mini,1,0.4412,2,1.0
2026-07-22,74500,2026-07-24,call,mini,596,0.4481,2,1.0
2026-07-22,74625,2026-07-24,call,mini,1,0.455,2,1.0
2026-07-22,74750,2026-07-24,call,mini,6,0.4619,2,1.0
2026-07-22,74875,2026-07-24,call,mini,2,0.4688,2,1.0
2026-07-22,75000,2026-07-24,call,mini,265,0.4757,2,1.0
2026-07-22,75125,2026-07-24,call,mini,1,0.4825,2,1.0
2026-07-22,75250,2026-07-24,call,mini,36,0.4893,2,1.0
2026-07-22,75375,2026-07-24,call,mini,183,0.4961,2,1.0
2026-07-22,66500,2026-07-29,call,mini,1165,0.1366,7,1165.0
2026-07-22,67750,2026-07-29,call,mini,2,0.219,7,705.0
2026-07-22,64125,2026-07-31,call,mini,1,0.2,9,2865.0
2026-07-22,64500,2026-07-31,call,mini,1,0.2,9,2590.0
2026-07-22,65000,2026-07-31,call,mini,4,0.2,9,2250.0
2026-07-22,65500,2026-07-31,call,mini,3,0.2,9,1915.0
2026-07-22,65625,2026-07-31,call,mini,1,0.2,9,1830.0
2026-07-22,66000,2026-07-31,call,mini,41,0.1325,9,1610.0
2026-07-22,66125,2026-07-31,call,mini,20,0.1461,9,1540.0
2026-07-22,66250,2026-07-31,call,mini,1480,0.1592,9,1480.0
2026-07-22,66500,2026-07-31,call,mini,20,0.1835,9,1380.0
2026-07-22,66625,2026-07-31,call,mini,20,0.1875,9,1310.0
2026-07-22,67000,2026-07-31,call,mini,61,0.2016,9,1130.0
2026-07-22,67500,2026-07-31,call,mini,10,0.2149,9,915.0
2026-07-22,67750,2026-07-31,call,mini,4,0.2216,9,825.0
2026-07-22,68000,2026-07-31,call,mini,66,0.2236,9,725.0
2026-07-22,68500,2026-07-31,call,mini,155,0.22,9,525.0
2026-07-22,68750,2026-07-31,call,mini,525,0.2407,9,525.0
2026-07-22,69000,2026-07-31,call,mini,22,0.2402,9,450.0
2026-07-22,69250,2026-07-31,call,mini,1,0.2474,9,410.0
2026-07-22,69375,2026-07-31,call,mini,2,0.249,9,385.0
2026-07-22,69500,2026-07-31,call,mini,4,0.2517,9,365.0
2026-07-22,69750,2026-07-31,call,mini,5,0.2543,9,320.0
2026-07-22,69875,2026-07-31,call,mini,297,0.2548,9,297.0
2026-07-22,70000,2026-07-31,call,mini,90,0.2463,9,250.0
2026-07-22,70750,2026-07-31,call,mini,181,0.2621,9,181.0
2026-07-22,71000,2026-07-31,call,mini,12,0.2639,9,156.0
2026-07-22,71500,2026-07-31,call,mini,1,0.2668,9,114.0
2026-07-22,72000,2026-07-31,call,mini,9,0.2654,9,77.0
2026-07-22,73000,2026-07-31,call,mini,2,0.2747,9,42.0
2026-07-22,73500,2026-07-31,call,mini,7,0.2763,9,29.0
2026-07-22,75000,2026-07-31,call,mini,12,0.2882,9,11.0
2026-07-22,75375,2026-07-31,call,mini,14,0.2734,9,5.0
2026-07-22,66500,2026-08-05,call,mini,2,0.2121,14,1690.0
2026-07-22,67750,2026-08-05,call,mini,2,0.2356,14,1130.0
2026-07-22,66000,2026-08-07,call,mini,2070,0.2079,16,2070.0
2026-07-22,66500,2026-08-07,call,mini,2,0.2211,16,1810.0
2026-07-22,67750,2026-08-07,call,mini,6,0.2407,16,1245.0
2026-07-22,68500,2026-08-07,call,mini,20,0.2489,16,975.0
2026-07-22,68750,2026-08-07,call,mini,12,0.2511,16,895.0
2026-07-22,56750,2026-08-14,call,mini,25,0.2,23,9815.0
2026-07-22,57000,2026-08-14,call,mini,9570,0.2,23,9570.0
2026-07-22,57250,2026-08-14,call,mini,9,0.2,23,9345.0
2026-07-22,57875,2026-08-14,call,mini,1,0.2,23,8760.0
2026-07-22,58000,2026-08-14,call,mini,7,0.2,23,8650.0
2026-07-22,58875,2026-08-14,call,mini,1,0.2,23,7855.0
2026-07-22,59000,2026-08-14,call,mini,9,0.2,23,7735.0
2026-07-22,60000,2026-08-14,call,mini,23,0.2,23,6855.0
2026-07-22,60250,2026-08-14,call,mini,1,0.2,23,6650.0
2026-07-22,60500,2026-08-14,call,mini,6425,0.2,23,6425.0
2026-07-22,61000,2026-08-14,call,mini,30,0.2,23,5980.0
2026-07-22,61250,2026-08-14,call,mini,5785,0.2,23,5785.0
2026-07-22,61500,2026-08-14,call,mini,51,0.2,23,5585.0
2026-07-22,61750,2026-08-14,call,mini,40,0.2,23,5385.0
2026-07-22,62000,2026-08-14,call,mini,872,0.2,23,5160.0
2026-07-22,62250,2026-08-14,call,mini,980,0.2,23,4975.0
2026-07-22,62375,2026-08-14,call,mini,492,0.2,23,4880.0
2026-07-22,62500,2026-08-14,call,mini,46,0.2,23,4780.0
2026-07-22,62750,2026-08-14,call,mini,31,0.2,23,4590.0
2026-07-22,63000,2026-08-14,call,mini,68,0.2,23,4380.0
2026-07-22,63250,2026-08-14,call,mini,126,0.2,23,4210.0
2026-07-22,63375,2026-08-14,call,mini,4110,0.2,23,4110.0
2026-07-22,63500,2026-08-14,call,mini,12,0.2,23,3990.0
2026-07-22,63625,2026-08-14,call,mini,3935,0.1411,23,3935.0
2026-07-22,63750,2026-08-14,call,mini,22,0.1554,23,3845.0
2026-07-22,64000,2026-08-14,call,mini,77,0.1697,23,3655.0
2026-07-22,64125,2026-08-14,call,mini,3570,0.1776,23,3570.0
2026-07-22,64250,2026-08-14,call,mini,12,0.1867,23,3495.0
2026-07-22,64500,2026-08-14,call,mini,51,0.195,23,3320.0
2026-07-22,64625,2026-08-14,call,mini,1,0.1954,23,3220.0
2026-07-22,64750,2026-08-14,call,mini,7,0.2029,23,3155.0
2026-07-22,64875,2026-08-14,call,mini,1,0.2055,23,3070.0
2026-07-22,65000,2026-08-14,call,mini,162,0.2066,23,2980.0
2026-07-22,65125,2026-08-14,call,mini,29,0.2113,23,2910.0
2026-07-22,65250,2026-08-14,call,mini,20,0.2126,23,2825.0
2026-07-22,65500,2026-08-14,call,mini,44,0.2178,23,2675.0
2026-07-22,65625,2026-08-14,call,mini,10,0.2181,23,2590.0
2026-07-22,65750,2026-08-14,call,mini,42,0.2215,23,2525.0
2026-07-22,65875,2026-08-14,call,mini,1,0.2229,23,2450.0
2026-07-22,66000,2026-08-14,call,mini,157,0.2272,23,2395.0
2026-07-22,66125,2026-08-14,call,mini,1,0.2264,23,2310.0
2026-07-22,66250,2026-08-14,call,mini,15,0.2293,23,2250.0
2026-07-22,66375,2026-08-14,call,mini,2,0.231,23,2185.0
2026-07-22,66500,2026-08-14,call,mini,70,0.2325,23,2120.0
2026-07-22,66625,2026-08-14,call,mini,2050,0.233,23,2050.0
2026-07-22,66750,2026-08-14,call,mini,29,0.2355,23,1995.0
2026-07-22,66875,2026-08-14,call,mini,26,0.24,23,1955.0
2026-07-22,67000,2026-08-14,call,mini,223,0.2397,23,1885.0
2026-07-22,67125,2026-08-14,call,mini,1,0.2347,23,1785.0
2026-07-22,67250,2026-08-14,call,mini,105,0.24,23,1755.0
2026-07-22,67500,2026-08-14,call,mini,398,0.2415,23,1640.0
2026-07-22,67625,2026-08-14,call,mini,1,0.2393,23,1565.0
2026-07-22,67750,2026-08-14,call,mini,567,0.2444,23,1540.0
2026-07-22,67875,2026-08-14,call,mini,1485,0.2447,23,1485.0
2026-07-22,68000,2026-08-14,call,mini,738,0.2471,23,1445.0
2026-07-22,68125,2026-08-14,call,mini,1,0.2463,23,1385.0
2026-07-22,68250,2026-08-14,call,mini,119,0.2467,23,1335.0
2026-07-22,68375,2026-08-14,call,mini,1285,0.247,23,1285.0
2026-07-22,68500,2026-08-14,call,mini,799,0.25,23,1255.0
2026-07-22,68625,2026-08-14,call,mini,1,0.2491,23,1200.0
2026-07-22,68750,2026-08-14,call,mini,1403,0.2494,23,1155.0
2026-07-22,68875,2026-08-14,call,mini,10,0.2504,23,1115.0
2026-07-22,69000,2026-08-14,call,mini,1472,0.2511,23,1075.0
2026-07-22,69125,2026-08-14,call,mini,1,0.2517,23,1035.0
2026-07-22,69250,2026-08-14,call,mini,78,0.252,23,995.0
2026-07-22,69375,2026-08-14,call,mini,14,0.253,23,960.0
2026-07-22,69500,2026-08-14,call,mini,251,0.2537,23,925.0
2026-07-22,69625,2026-08-14,call,mini,1,0.2543,23,890.0
2026-07-22,69750,2026-08-14,call,mini,64,0.2547,23,855.0
2026-07-22,69875,2026-08-14,call,mini,6,0.2549,23,820.0
2026-07-22,70000,2026-08-14,call,mini,524,0.2557,23,790.0
2026-07-22,70125,2026-08-14,call,mini,5,0.2564,23,760.0
2026-07-22,70250,2026-08-14,call,mini,41,0.2569,23,730.0
2026-07-22,70375,2026-08-14,call,mini,700,0.2572,23,700.0
2026-07-22,70500,2026-08-14,call,mini,158,0.2583,23,675.0
2026-07-22,70750,2026-08-14,call,mini,19,0.257,23,610.0
2026-07-22,70875,2026-08-14,call,mini,590,0.2585,23,590.0
2026-07-22,71000,2026-08-14,call,mini,888,0.2598,23,570.0
2026-07-22,71125,2026-08-14,call,mini,15,0.2599,23,545.0
2026-07-22,71250,2026-08-14,call,mini,541,0.2609,23,525.0
2026-07-22,71375,2026-08-14,call,mini,495,0.2607,23,500.0
2026-07-22,71500,2026-08-14,call,mini,229,0.2593,23,470.0
2026-07-22,71625,2026-08-14,call,mini,3,0.2619,23,460.0
2026-07-22,71750,2026-08-14,call,mini,76,0.2622,23,440.0
2026-07-22,71875,2026-08-14,call,mini,1,0.2624,23,420.0
2026-07-22,72000,2026-08-14,call,mini,549,0.2601,23,390.0
2026-07-22,72125,2026-08-14,call,mini,2,0.2622,23,380.0
2026-07-22,72250,2026-08-14,call,mini,57,0.2618,23,360.0
2026-07-22,72375,2026-08-14,call,mini,2,0.2637,23,350.0
2026-07-22,72500,2026-08-14,call,mini,284,0.2629,23,330.0
2026-07-22,72625,2026-08-14,call,mini,1,0.2633,23,315.0
2026-07-22,72750,2026-08-14,call,mini,74,0.2648,23,305.0
2026-07-22,72875,2026-08-14,call,mini,10,0.2648,23,290.0
2026-07-22,73000,2026-08-14,call,mini,298,0.2638,23,272.0
2026-07-22,73125,2026-08-14,call,mini,1,0.2649,23,262.0
2026-07-22,73250,2026-08-14,call,mini,64,0.2644,23,247.0
2026-07-22,73375,2026-08-14,call,mini,2,0.2659,23,239.0
2026-07-22,73500,2026-08-14,call,mini,197,0.265,23,224.0
2026-07-22,73625,2026-08-14,call,mini,3,0.2659,23,215.0
2026-07-22,73750,2026-08-14,call,mini,244,0.2656,23,203.0
2026-07-22,73875,2026-08-14,call,mini,1,0.2665,23,195.0
2026-07-22,74000,2026-08-14,call,mini,531,0.2666,23,185.0
2026-07-22,74125,2026-08-14,call,mini,176,0.2669,23,176.0
2026-07-22,74250,2026-08-14,call,mini,132,0.2667,23,166.0
2026-07-22,74375,2026-08-14,call,mini,158,0.267,23,158.0
2026-07-22,74500,2026-08-14,call,mini,252,0.2672,23,150.0
2026-07-22,74625,2026-08-14,call,mini,144,0.2681,23,144.0
2026-07-22,74750,2026-08-14,call,mini,127,0.2676,23,135.0
2026-07-22,74875,2026-08-14,call,mini,4,0.2687,23,130.0
2026-07-22,75000,2026-08-14,call,mini,501,0.2678,23,121.0
2026-07-22,75125,2026-08-14,call,mini,8,0.2692,23,117.0
2026-07-22,75250,2026-08-14,call,mini,103,0.2694,23,111.0
2026-07-22,75375,2026-08-14,call,mini,109,0.2674,23,101.0
2026-07-22,61250,2026-09-11,call,mini,32,0.2157,51,6555.0
2026-07-22,61500,2026-09-11,call,mini,6360,0.2204,51,6360.0
2026-07-22,62000,2026-09-11,call,mini,2,0.2309,51,5995.0
2026-07-22,62250,2026-09-11,call,mini,3,0.2326,51,5800.0
2026-07-22,62500,2026-09-11,call,mini,3,0.2359,51,5620.0
2026-07-22,62750,2026-09-11,call,mini,6,0.2385,51,5440.0
2026-07-22,63000,2026-09-11,call,mini,54,0.241,51,5265.0
2026-07-22,63250,2026-09-11,call,mini,63,0.2423,51,5085.0
2026-07-22,63500,2026-09-11,call,mini,65,0.2444,51,4915.0
2026-07-22,63750,2026-09-11,call,mini,24,0.2465,51,4750.0
2026-07-22,64000,2026-09-11,call,mini,121,0.248,51,4585.0
2026-07-22,64250,2026-09-11,call,mini,341,0.2479,51,4410.0
2026-07-22,64500,2026-09-11,call,mini,156,0.2484,51,4245.0
2026-07-22,64750,2026-09-11,call,mini,9,0.2497,51,4090.0
2026-07-22,65000,2026-09-11,call,mini,57,0.2505,51,3935.0
2026-07-22,65125,2026-09-11,call,mini,2,0.251,51,3860.0
2026-07-22,65250,2026-09-11,call,mini,2,0.2514,51,3785.0
2026-07-22,65500,2026-09-11,call,mini,21,0.2523,51,3640.0
2026-07-22,65750,2026-09-11,call,mini,3495,0.2529,51,3495.0
2026-07-22,66000,2026-09-11,call,mini,12,0.253,51,3350.0
2026-07-22,66125,2026-09-11,call,mini,2,0.2537,51,3285.0
2026-07-22,66250,2026-09-11,call,mini,6,0.2542,51,3220.0
2026-07-22,66500,2026-09-11,call,mini,8,0.2596,51,3135.0
2026-07-22,66625,2026-09-11,call,mini,3055,0.2584,51,3055.0
2026-07-22,66750,2026-09-11,call,mini,2990,0.2585,51,2990.0
2026-07-22,66875,2026-09-11,call,mini,2925,0.2586,51,2925.0
2026-07-22,67000,2026-09-11,call,mini,59,0.2605,51,2880.0
2026-07-22,67250,2026-09-11,call,mini,49,0.2596,51,2745.0
2026-07-22,67375,2026-09-11,call,mini,2685,0.2598,51,2685.0
2026-07-22,67500,2026-09-11,call,mini,166,0.2599,51,2625.0
2026-07-22,67625,2026-09-11,call,mini,1,0.2598,51,2565.0
2026-07-22,67750,2026-09-11,call,mini,865,0.2602,51,2510.0
2026-07-22,68000,2026-09-11,call,mini,1029,0.2597,51,2390.0
2026-07-22,68125,2026-09-11,call,mini,1,0.2603,51,2340.0
2026-07-22,68250,2026-09-11,call,mini,110,0.2608,51,2290.0
2026-07-22,68500,2026-09-11,call,mini,1065,0.261,51,2185.0
2026-07-22,68625,2026-09-11,call,mini,2135,0.2613,51,2135.0
2026-07-22,68750,2026-09-11,call,mini,2102,0.2614,51,2085.0
2026-07-22,68875,2026-09-11,call,mini,2,0.2604,51,2025.0
2026-07-22,69000,2026-09-11,call,mini,1926,0.2604,51,1975.0
2026-07-22,69125,2026-09-11,call,mini,1,0.2608,51,1930.0
2026-07-22,69250,2026-09-11,call,mini,84,0.2606,51,1880.0
2026-07-22,69375,2026-09-11,call,mini,1835,0.2607,51,1835.0
2026-07-22,69500,2026-09-11,call,mini,7,0.2609,51,1790.0
2026-07-22,69625,2026-09-11,call,mini,1745,0.2609,51,1745.0
2026-07-22,69750,2026-09-11,call,mini,20,0.2608,51,1700.0
2026-07-22,69875,2026-09-11,call,mini,1660,0.2612,51,1660.0
2026-07-22,70000,2026-09-11,call,mini,45,0.2614,51,1620.0
2026-07-22,70125,2026-09-11,call,mini,2,0.2616,51,1580.0
2026-07-22,70250,2026-09-11,call,mini,3,0.2617,51,1540.0
2026-07-22,70500,2026-09-11,call,mini,4,0.2622,51,1465.0
2026-07-22,70625,2026-09-11,call,mini,1425,0.2621,51,1425.0
2026-07-22,70750,2026-09-11,call,mini,20,0.2624,51,1390.0
2026-07-22,71000,2026-09-11,call,mini,33,0.2622,51,1315.0
2026-07-22,71125,2026-09-11,call,mini,1285,0.2628,51,1285.0
2026-07-22,71250,2026-09-11,call,mini,5,0.2628,51,1250.0
2026-07-22,71375,2026-09-11,call,mini,1220,0.2633,51,1220.0
2026-07-22,71500,2026-09-11,call,mini,5,0.2631,51,1185.0
2026-07-22,71625,2026-09-11,call,mini,1155,0.2634,51,1155.0
2026-07-22,71750,2026-09-11,call,mini,12,0.2636,51,1125.0
2026-07-22,71875,2026-09-11,call,mini,1095,0.2637,51,1095.0
2026-07-22,72000,2026-09-11,call,mini,50,0.2638,51,1065.0
2026-07-22,72250,2026-09-11,call,mini,72,0.2637,51,1005.0
2026-07-22,72500,2026-09-11,call,mini,75,0.2645,51,955.0
2026-07-22,72750,2026-09-11,call,mini,30,0.2644,51,900.0
2026-07-22,72875,2026-09-11,call,mini,885,0.2658,51,885.0
2026-07-22,73000,2026-09-11,call,mini,118,0.2652,51,855.0
2026-07-22,73125,2026-09-11,call,mini,1,0.2652,51,830.0
2026-07-22,73250,2026-09-11,call,mini,363,0.2651,51,805.0
2026-07-22,73375,2026-09-11,call,mini,3,0.2663,51,790.0
2026-07-22,73500,2026-09-11,call,mini,368,0.2653,51,760.0
2026-07-22,73750,2026-09-11,call,mini,384,0.266,51,720.0
2026-07-22,73875,2026-09-11,call,mini,3,0.2669,51,705.0
2026-07-22,74000,2026-09-11,call,mini,148,0.2663,51,680.0
2026-07-22,74250,2026-09-11,call,mini,84,0.2664,51,640.0
2026-07-22,74375,2026-09-11,call,mini,625,0.2671,51,625.0
2026-07-22,74500,2026-09-11,call,mini,108,0.2661,51,600.0
2026-07-22,74625,2026-09-11,call,mini,590,0.2675,51,590.0
2026-07-22,74750,2026-09-11,call,mini,150,0.2664,51,565.0
2026-07-22,74875,2026-09-11,call,mini,1,0.2676,51,555.0
2026-07-22,75000,2026-09-11,call,mini,194,0.2679,51,540.0
2026-07-22,75250,2026-09-11,call,mini,10,0.2685,51,510.0
2026-07-22,75375,2026-09-11,call,mini,6,0.2669,51,485.0
2026-07-22,63875,2026-10-09,call,mini,4,0.2303,79,5000.0
2026-07-22,65000,2026-10-09,call,mini,1,0.2355,79,4330.0
2026-07-22,68000,2026-10-09,call,mini,4,0.2432,79,2825.0
2026-07-22,69000,2026-10-09,call,mini,1,0.2442,79,2410.0
2026-07-22,70000,2026-10-09,call,mini,4,0.2457,79,2050.0
2026-07-22,70500,2026-10-09,call,mini,1,0.2471,79,1895.0
2026-07-22,70750,2026-10-09,call,mini,2,0.2477,79,1820.0
2026-07-22,71750,2026-10-09,call,mini,3,0.2495,79,1540.0
