date,strike,expiry,type,product,oi,iv,days_to_expiry,settlement
2026-08-14,20000,2026-09-10,put,regular,1405,1.3236,27,1.0
2026-08-14,21000,2026-09-10,put,regular,252,1.2727,27,1.0
2026-08-14,22000,2026-09-10,put,regular,166,1.2242,27,1.0
2026-08-14,23000,2026-09-10,put,regular,20,1.1778,27,1.0
2026-08-14,24000,2026-09-10,put,regular,27,1.1335,27,1.0
2026-08-14,25000,2026-09-10,put,regular,3896,1.1475,27,2.0
2026-08-14,26000,2026-09-10,put,regular,156,1.0501,27,1.0
2026-08-14,27000,2026-09-10,put,regular,16,1.0109,27,1.0
2026-08-14,27500,2026-09-10,put,regular,6,0.9918,27,1.0
2026-08-14,28000,2026-09-10,put,regular,31,0.973,27,1.0
2026-08-14,28500,2026-09-10,put,regular,3,0.9546,27,1.0
2026-08-14,28750,2026-09-10,put,regular,65,0.9455,27,1.0
2026-08-14,29000,2026-09-10,put,regular,45,0.9855,27,2.0
2026-08-14,29500,2026-09-10,put,regular,6,0.9187,27,1.0
2026-08-14,29750,2026-09-10,put,regular,1,0.9099,27,1.0
2026-08-14,30000,2026-09-10,put,regular,6493,0.9485,27,2.0
2026-08-14,30500,2026-09-10,put,regular,86,0.884,27,1.0
2026-08-14,30750,2026-09-10,put,regular,2,0.8755,27,1.0
2026-08-14,31000,2026-09-10,put,regular,174,0.9127,27,2.0
2026-08-14,31500,2026-09-10,put,regular,157,0.8952,27,2.0
2026-08-14,32000,2026-09-10,put,regular,62,0.9068,27,3.0
2026-08-14,33000,2026-09-10,put,regular,334,0.8722,27,3.0
2026-08-14,33250,2026-09-10,put,regular,1,0.8362,27,2.0
2026-08-14,34000,2026-09-10,put,regular,33,0.859,27,4.0
2026-08-14,34750,2026-09-10,put,regular,69,0.814,27,3.0
2026-08-14,35000,2026-09-10,put,regular,2693,0.8418,27,5.0
2026-08-14,35500,2026-09-10,put,regular,120000,0.8252,27,5.0
2026-08-14,35750,2026-09-10,put,regular,50,0.782,27,3.0
2026-08-14,36000,2026-09-10,put,regular,63,0.8087,27,5.0
2026-08-14,36500,2026-09-10,put,regular,4,0.7926,27,5.0
2026-08-14,36750,2026-09-10,put,regular,56,0.7693,27,4.0
2026-08-14,37000,2026-09-10,put,regular,568,0.7615,27,4.0
2026-08-14,37500,2026-09-10,put,regular,2,0.7608,27,5.0
2026-08-14,37750,2026-09-10,put,regular,1,0.7655,27,6.0
2026-08-14,38000,2026-09-10,put,regular,810,0.7576,27,6.0
2026-08-14,38500,2026-09-10,put,regular,230,0.742,27,6.0
2026-08-14,39000,2026-09-10,put,regular,163,0.7552,27,9.0
2026-08-14,39250,2026-09-10,put,regular,165,0.7294,27,7.0
2026-08-14,39500,2026-09-10,put,regular,276,0.731,27,8.0
2026-08-14,40000,2026-09-10,put,regular,4396,0.7315,27,10.0
2026-08-14,40250,2026-09-10,put,regular,1,0.6989,27,7.0
2026-08-14,40500,2026-09-10,put,regular,177,0.7003,27,8.0
2026-08-14,40750,2026-09-10,put,regular,42,0.7008,27,9.0
2026-08-14,41000,2026-09-10,put,regular,877,0.7137,27,12.0
2026-08-14,41250,2026-09-10,put,regular,1,0.693,27,10.0
2026-08-14,41500,2026-09-10,put,regular,22,0.6854,27,10.0
2026-08-14,42000,2026-09-10,put,regular,1976,0.6942,27,14.0
2026-08-14,42250,2026-09-10,put,regular,21,0.6755,27,12.0
2026-08-14,42500,2026-09-10,put,regular,29,0.668,27,12.0
2026-08-14,42750,2026-09-10,put,regular,17,0.6661,27,13.0
2026-08-14,43000,2026-09-10,put,regular,998,0.678,27,17.0
2026-08-14,43250,2026-09-10,put,regular,60,0.6746,27,18.0
2026-08-14,43500,2026-09-10,put,regular,782,0.6711,27,19.0
2026-08-14,43750,2026-09-10,put,regular,14,0.6711,27,21.0
2026-08-14,44000,2026-09-10,put,regular,1428,0.6634,27,21.0
2026-08-14,44250,2026-09-10,put,regular,31,0.6593,27,22.0
2026-08-14,44500,2026-09-10,put,regular,127,0.6551,27,23.0
2026-08-14,44750,2026-09-10,put,regular,14,0.6474,27,23.0
2026-08-14,45000,2026-09-10,put,regular,2674,0.6431,27,24.0
2026-08-14,45250,2026-09-10,put,regular,105,0.6416,27,26.0
2026-08-14,45500,2026-09-10,put,regular,160,0.634,27,26.0
2026-08-14,45750,2026-09-10,put,regular,60,0.6293,27,27.0
2026-08-14,46000,2026-09-10,put,regular,1946,0.6245,27,28.0
2026-08-14,46250,2026-09-10,put,regular,67,0.6196,27,29.0
2026-08-14,46500,2026-09-10,put,regular,390,0.6146,27,30.0
2026-08-14,46750,2026-09-10,put,regular,27,0.6096,27,31.0
2026-08-14,47000,2026-09-10,put,regular,1052,0.6069,27,33.0
2026-08-14,47250,2026-09-10,put,regular,24,0.6016,27,34.0
2026-08-14,47500,2026-09-10,put,regular,1017,0.5963,27,35.0
2026-08-14,47750,2026-09-10,put,regular,92,0.5909,27,36.0
2026-08-14,48000,2026-09-10,put,regular,3957,0.5855,27,37.0
2026-08-14,48250,2026-09-10,put,regular,122,0.584,27,40.0
2026-08-14,48500,2026-09-10,put,regular,751,0.5784,27,41.0
2026-08-14,48750,2026-09-10,put,regular,150,0.5727,27,42.0
2026-08-14,49000,2026-09-10,put,regular,1416,0.567,27,43.0
2026-08-14,49250,2026-09-10,put,regular,216,0.5647,27,46.0
2026-08-14,49500,2026-09-10,put,regular,196,0.5605,27,48.0
2026-08-14,49750,2026-09-10,put,regular,151,0.5577,27,51.0
2026-08-14,50000,2026-09-10,put,regular,8953,0.5502,27,51.0
2026-08-14,50250,2026-09-10,put,regular,81,0.5471,27,54.0
2026-08-14,50500,2026-09-10,put,regular,1320,0.541,27,55.0
2026-08-14,50750,2026-09-10,put,regular,146,0.5334,27,55.0
2026-08-14,51000,2026-09-10,put,regular,1475,0.5314,27,59.0
2026-08-14,51250,2026-09-10,put,regular,210,0.5303,27,64.0
2026-08-14,51500,2026-09-10,put,regular,236,0.5264,27,67.0
2026-08-14,51750,2026-09-10,put,regular,48,0.5223,27,70.0
2026-08-14,52000,2026-09-10,put,regular,2004,0.5147,27,70.0
2026-08-14,52250,2026-09-10,put,regular,62,0.5137,27,76.0
2026-08-14,52500,2026-09-10,put,regular,651,0.5082,27,78.0
2026-08-14,52750,2026-09-10,put,regular,26,0.5046,27,82.0
2026-08-14,53000,2026-09-10,put,regular,1625,0.4959,27,81.0
2026-08-14,53250,2026-09-10,put,regular,25,0.495,27,88.0
2026-08-14,53500,2026-09-10,put,regular,1712,0.4891,27,90.0
2026-08-14,53750,2026-09-10,put,regular,75,0.4867,27,96.0
2026-08-14,54000,2026-09-10,put,regular,2646,0.4807,27,98.0
2026-08-14,54250,2026-09-10,put,regular,84,0.4779,27,104.0
2026-08-14,54500,2026-09-10,put,regular,454,0.4717,27,106.0
2026-08-14,54750,2026-09-10,put,regular,292,0.4677,27,111.0
2026-08-14,55000,2026-09-10,put,regular,4352,0.4622,27,114.0
2026-08-14,55250,2026-09-10,put,regular,10,0.4601,27,122.0
2026-08-14,55500,2026-09-10,put,regular,789,0.4563,27,128.0
2026-08-14,56000,2026-09-10,put,regular,1815,0.4475,27,139.0
2026-08-14,56250,2026-09-10,put,regular,30,0.445,27,148.0
2026-08-14,56500,2026-09-10,put,regular,508,0.4393,27,152.0
2026-08-14,56750,2026-09-10,put,regular,101,0.4369,27,162.0
2026-08-14,57000,2026-09-10,put,regular,3365,0.4321,27,168.0
2026-08-14,57250,2026-09-10,put,regular,48,0.4297,27,179.0
2026-08-14,57500,2026-09-10,put,regular,532,0.4254,27,187.0
2026-08-14,57750,2026-09-10,put,regular,102,0.4225,27,198.0
2026-08-14,58000,2026-09-10,put,regular,1917,0.416,27,202.0
2026-08-14,58250,2026-09-10,put,regular,215,0.4148,27,218.0
2026-08-14,58500,2026-09-10,put,regular,830,0.409,27,224.0
2026-08-14,58750,2026-09-10,put,regular,94,0.4067,27,239.0
2026-08-14,58875,2026-09-10,put,regular,4,0.41,27,258.0
2026-08-14,59000,2026-09-10,put,regular,3511,0.4053,27,257.0
2026-08-14,59125,2026-09-10,put,regular,17,0.407,27,273.0
2026-08-14,59250,2026-09-10,put,regular,105,0.4019,27,271.0
2026-08-14,59375,2026-09-10,put,regular,15,0.4027,27,285.0
2026-08-14,59500,2026-09-10,put,regular,672,0.399,27,287.0
2026-08-14,59625,2026-09-10,put,regular,3,0.4009,27,305.0
2026-08-14,59750,2026-09-10,put,regular,49,0.3965,27,305.0
2026-08-14,59875,2026-09-10,put,regular,19,0.3987,27,325.0
2026-08-14,60000,2026-09-10,put,regular,8347,0.391,27,315.0
2026-08-14,60250,2026-09-10,put,regular,71,0.3901,27,340.0
2026-08-14,60375,2026-09-10,put,regular,2,0.3933,27,365.0
2026-08-14,60500,2026-09-10,put,regular,632,0.3872,27,360.0
2026-08-14,60625,2026-09-10,put,regular,1,0.3916,27,390.0
2026-08-14,60750,2026-09-10,put,regular,147,0.3855,27,385.0
2026-08-14,60875,2026-09-10,put,regular,67,0.388,27,410.0
2026-08-14,61000,2026-09-10,put,regular,2384,0.3819,27,405.0
2026-08-14,61125,2026-09-10,put,regular,16,0.3855,27,435.0
2026-08-14,61250,2026-09-10,put,regular,6,0.3794,27,430.0
2026-08-14,61500,2026-09-10,put,regular,1523,0.3753,27,450.0
2026-08-14,61625,2026-09-10,put,regular,6,0.3795,27,485.0
2026-08-14,61750,2026-09-10,put,regular,237,0.3734,27,480.0
2026-08-14,61875,2026-09-10,put,regular,57,0.3759,27,510.0
2026-08-14,62000,2026-09-10,put,regular,2791,0.3711,27,510.0
2026-08-14,62250,2026-09-10,put,regular,29,0.3695,27,545.0
2026-08-14,62375,2026-09-10,put,regular,302,0.3726,27,580.0
2026-08-14,62500,2026-09-10,put,regular,781,0.3675,27,580.0
2026-08-14,62625,2026-09-10,put,regular,10,0.3724,27,625.0
2026-08-14,62750,2026-09-10,put,regular,704,0.3629,27,605.0
2026-08-14,62875,2026-09-10,put,regular,1,0.3685,27,655.0
2026-08-14,63000,2026-09-10,put,regular,2822,0.3623,27,650.0
2026-08-14,63125,2026-09-10,put,regular,73,0.3664,27,695.0
2026-08-14,63250,2026-09-10,put,regular,34,0.3611,27,695.0
2026-08-14,63375,2026-09-10,put,regular,57,0.3639,27,735.0
2026-08-14,63500,2026-09-10,put,regular,766,0.3595,27,740.0
2026-08-14,63625,2026-09-10,put,regular,21,0.3628,27,785.0
2026-08-14,63750,2026-09-10,put,regular,5,0.3574,27,785.0
2026-08-14,63875,2026-09-10,put,regular,51,0.3604,27,830.0
2026-08-14,64000,2026-09-10,put,regular,2909,0.3558,27,835.0
2026-08-14,64125,2026-09-10,put,regular,1,0.3593,27,885.0
2026-08-14,64250,2026-09-10,put,regular,12,0.3555,27,895.0
2026-08-14,64375,2026-09-10,put,regular,22,0.3587,27,945.0
2026-08-14,64500,2026-09-10,put,regular,634,0.3503,27,930.0
2026-08-14,64625,2026-09-10,put,regular,46,0.3575,27,1005.0
2026-08-14,64750,2026-09-10,put,regular,480,0.3533,27,1015.0
2026-08-14,64875,2026-09-10,put,regular,1,0.355,27,1060.0
2026-08-14,65000,2026-09-10,put,regular,3412,0.3507,27,1070.0
2026-08-14,65250,2026-09-10,put,regular,80,0.35,27,1140.0
2026-08-14,65375,2026-09-10,put,regular,62,0.3567,27,1220.0
2026-08-14,65500,2026-09-10,put,regular,389,0.3489,27,1210.0
2026-08-14,65625,2026-09-10,put,regular,24,0.3535,27,1280.0
2026-08-14,65750,2026-09-10,put,regular,694,0.3487,27,1290.0
2026-08-14,66000,2026-09-10,put,regular,2581,0.3428,27,1335.0
2026-08-14,66250,2026-09-10,put,regular,12,0.3476,27,1455.0
2026-08-14,66500,2026-09-10,put,regular,1988,0.3408,27,1500.0
2026-08-14,66625,2026-09-10,put,regular,15,0.347,27,1590.0
2026-08-14,66750,2026-09-10,put,regular,115,0.3451,27,1625.0
2026-08-14,67000,2026-09-10,put,regular,2202,0.3396,27,1685.0
2026-08-14,67250,2026-09-10,put,regular,76,0.3427,27,1810.0
2026-08-14,67500,2026-09-10,put,regular,577,0.3425,27,1915.0
2026-08-14,67750,2026-09-10,put,regular,222,0.3425,27,2025.0
2026-08-14,68000,2026-09-10,put,regular,2089,0.3425,27,2140.0
2026-08-14,68250,2026-09-10,put,regular,73,0.3421,27,2255.0
2026-08-14,68375,2026-09-10,put,regular,1,0.3427,27,2320.0
2026-08-14,68500,2026-09-10,put,regular,111,0.3418,27,2375.0
2026-08-14,68750,2026-09-10,put,regular,5,0.3423,27,2505.0
2026-08-14,69000,2026-09-10,put,regular,1146,0.343,27,2640.0
2026-08-14,69500,2026-09-10,put,regular,7,0.3434,27,2915.0
2026-08-14,70000,2026-09-10,put,regular,1481,0.3452,27,3215.0
2026-08-14,71000,2026-09-10,put,regular,100,0.3511,27,3875.0
2026-08-14,71250,2026-09-10,put,regular,1,0.3528,27,4050.0
2026-08-14,73000,2026-09-10,put,regular,2,0.3686,27,5380.0
2026-08-14,77500,2026-09-10,put,regular,4,0.4384,27,9385.0
2026-08-14,80000,2026-09-10,put,regular,1,0.4904,27,11795.0
2026-08-14,85000,2026-09-10,put,regular,5,0.6022,27,16735.0
2026-08-14,25000,2026-10-08,put,regular,3375,0.8658,55,5.0
2026-08-14,26000,2026-10-08,put,regular,21000,0.847,55,6.0
2026-08-14,27000,2026-10-08,put,regular,3,0.7452,55,2.0
2026-08-14,28000,2026-10-08,put,regular,3,0.7174,55,2.0
2026-08-14,30000,2026-10-08,put,regular,408,0.7702,55,11.0
2026-08-14,31000,2026-10-08,put,regular,1,0.6895,55,5.0
2026-08-14,32000,2026-10-08,put,regular,3,0.6837,55,7.0
2026-08-14,35000,2026-10-08,put,regular,111,0.6599,55,16.0
2026-08-14,36000,2026-10-08,put,regular,1,0.6255,55,14.0
2026-08-14,37000,2026-10-08,put,regular,151,0.6171,55,18.0
2026-08-14,38000,2026-10-08,put,regular,4,0.6441,55,37.0
2026-08-14,39000,2026-10-08,put,regular,101,0.6263,55,41.0
2026-08-14,40000,2026-10-08,put,regular,113,0.6116,55,47.0
2026-08-14,41000,2026-10-08,put,regular,103,0.5927,55,51.0
2026-08-14,42000,2026-10-08,put,regular,114,0.5792,55,59.0
2026-08-14,42750,2026-10-08,put,regular,30,0.5694,55,66.0
2026-08-14,43000,2026-10-08,put,regular,135,0.5668,55,69.0
2026-08-14,43250,2026-10-08,put,regular,15,0.5629,55,71.0
2026-08-14,43500,2026-10-08,put,regular,15,0.5589,55,73.0
2026-08-14,43750,2026-10-08,put,regular,11,0.556,55,76.0
2026-08-14,44000,2026-10-08,put,regular,179,0.5519,55,78.0
2026-08-14,44250,2026-10-08,put,regular,36,0.5478,55,80.0
2026-08-14,44500,2026-10-08,put,regular,1,0.5446,55,83.0
2026-08-14,44750,2026-10-08,put,regular,34,0.5404,55,85.0
2026-08-14,45000,2026-10-08,put,regular,218,0.5398,55,91.0
2026-08-14,45250,2026-10-08,put,regular,28,0.5336,55,91.0
2026-08-14,45500,2026-10-08,put,regular,207,0.5327,55,97.0
2026-08-14,45750,2026-10-08,put,regular,38,0.5266,55,97.0
2026-08-14,46000,2026-10-08,put,regular,231,0.5229,55,100.0
2026-08-14,46250,2026-10-08,put,regular,5,0.5168,55,100.0
2026-08-14,46500,2026-10-08,put,regular,126,0.5131,55,103.0
2026-08-14,46750,2026-10-08,put,regular,118,0.5093,55,106.0
2026-08-14,47000,2026-10-08,put,regular,252,0.5085,55,113.0
2026-08-14,47250,2026-10-08,put,regular,25,0.5024,55,113.0
2026-08-14,47500,2026-10-08,put,regular,4,0.5006,55,119.0
2026-08-14,47750,2026-10-08,put,regular,31,0.4965,55,122.0
2026-08-14,48000,2026-10-08,put,regular,462,0.4951,55,129.0
2026-08-14,48250,2026-10-08,put,regular,14,0.4896,55,130.0
2026-08-14,48500,2026-10-08,put,regular,155,0.4866,55,135.0
2026-08-14,48750,2026-10-08,put,regular,12,0.4836,55,140.0
2026-08-14,49000,2026-10-08,put,regular,117,0.4822,55,148.0
2026-08-14,49250,2026-10-08,put,regular,18,0.4766,55,149.0
2026-08-14,49500,2026-10-08,put,regular,26,0.4733,55,154.0
2026-08-14,49750,2026-10-08,put,regular,38,0.4704,55,160.0
2026-08-14,50000,2026-10-08,put,regular,564,0.4695,55,170.0
2026-08-14,50250,2026-10-08,put,regular,35,0.4643,55,172.0
2026-08-14,50500,2026-10-08,put,regular,236,0.4612,55,178.0
2026-08-14,50750,2026-10-08,put,regular,17,0.4584,55,185.0
2026-08-14,51000,2026-10-08,put,regular,281,0.4586,55,199.0
2026-08-14,51250,2026-10-08,put,regular,21,0.4529,55,200.0
2026-08-14,51500,2026-10-08,put,regular,175,0.4519,55,212.0
2026-08-14,51750,2026-10-08,put,regular,60,0.4448,55,210.0
2026-08-14,52000,2026-10-08,put,regular,411,0.4427,55,220.0
2026-08-14,52250,2026-10-08,put,regular,45,0.4444,55,240.0
2026-08-14,52500,2026-10-08,put,regular,151,0.4373,55,238.0
2026-08-14,53000,2026-10-08,put,regular,394,0.4318,55,257.0
2026-08-14,53250,2026-10-08,put,regular,4,0.4294,55,268.0
2026-08-14,53500,2026-10-08,put,regular,102,0.4268,55,279.0
2026-08-14,53750,2026-10-08,put,regular,2,0.4245,55,291.0
2026-08-14,54000,2026-10-08,put,regular,354,0.4226,55,305.0
2026-08-14,54250,2026-10-08,put,regular,31,0.4208,55,320.0
2026-08-14,54500,2026-10-08,put,regular,420,0.4174,55,330.0
2026-08-14,54750,2026-10-08,put,regular,6,0.4153,55,345.0
2026-08-14,55000,2026-10-08,put,regular,2010,0.4102,55,350.0
2026-08-14,55250,2026-10-08,put,regular,39,0.4079,55,365.0
2026-08-14,55500,2026-10-08,put,regular,203,0.4067,55,385.0
2026-08-14,55750,2026-10-08,put,regular,101,0.4041,55,400.0
2026-08-14,56000,2026-10-08,put,regular,294,0.4013,55,415.0
2026-08-14,56250,2026-10-08,put,regular,9,0.3995,55,435.0
2026-08-14,56500,2026-10-08,put,regular,52,0.3964,55,450.0
2026-08-14,56750,2026-10-08,put,regular,22,0.3943,55,470.0
2026-08-14,57000,2026-10-08,put,regular,357,0.3921,55,490.0
2026-08-14,57250,2026-10-08,put,regular,10,0.3907,55,515.0
2026-08-14,57500,2026-10-08,put,regular,208,0.3881,55,535.0
2026-08-14,57750,2026-10-08,put,regular,31,0.3864,55,560.0
2026-08-14,58000,2026-10-08,put,regular,1616,0.3834,55,580.0
2026-08-14,58250,2026-10-08,put,regular,16,0.3813,55,605.0
2026-08-14,58375,2026-10-08,put,regular,441,0.3807,55,620.0
2026-08-14,58500,2026-10-08,put,regular,10,0.38,55,635.0
2026-08-14,58625,2026-10-08,put,regular,10,0.3783,55,645.0
2026-08-14,58750,2026-10-08,put,regular,13,0.3775,55,660.0
2026-08-14,59000,2026-10-08,put,regular,128,0.3757,55,690.0
2026-08-14,59125,2026-10-08,put,regular,10,0.3712,55,685.0
2026-08-14,59250,2026-10-08,put,regular,42,0.3738,55,720.0
2026-08-14,59500,2026-10-08,put,regular,14,0.3716,55,750.0
2026-08-14,59750,2026-10-08,put,regular,3,0.3709,55,790.0
2026-08-14,60000,2026-10-08,put,regular,1669,0.3683,55,820.0
2026-08-14,60250,2026-10-08,put,regular,4,0.3671,55,860.0
2026-08-14,60375,2026-10-08,put,regular,300,0.3664,55,880.0
2026-08-14,60500,2026-10-08,put,regular,123,0.3657,55,900.0
2026-08-14,60750,2026-10-08,put,regular,48,0.3633,55,935.0
2026-08-14,60875,2026-10-08,put,regular,7,0.3624,55,955.0
2026-08-14,61000,2026-10-08,put,regular,519,0.3586,55,955.0
2026-08-14,61875,2026-10-08,put,regular,6,0.3581,55,1150.0
2026-08-14,62000,2026-10-08,put,regular,738,0.3487,55,1110.0
2026-08-14,62250,2026-10-08,put,regular,1,0.3551,55,1220.0
2026-08-14,62375,2026-10-08,put,regular,6,0.3491,55,1205.0
2026-08-14,62500,2026-10-08,put,regular,110,0.3539,55,1275.0
2026-08-14,62875,2026-10-08,put,regular,1285000,0.3519,55,1360.0
2026-08-14,63000,2026-10-08,put,regular,100,0.3501,55,1380.0
2026-08-14,63500,2026-10-08,put,regular,2,0.349,55,1515.0
2026-08-14,63625,2026-10-08,put,regular,6,0.3493,55,1555.0
2026-08-14,64000,2026-10-08,put,regular,1150,0.3469,55,1650.0
2026-08-14,64250,2026-10-08,put,regular,7,0.3457,55,1720.0
2026-08-14,64500,2026-10-08,put,regular,231,0.3448,55,1795.0
2026-08-14,64750,2026-10-08,put,regular,1,0.3437,55,1870.0
2026-08-14,65000,2026-10-08,put,regular,1258,0.3418,55,1940.0
2026-08-14,65375,2026-10-08,put,regular,231,0.3421,55,2080.0
2026-08-14,65500,2026-10-08,put,regular,62,0.3419,55,2125.0
2026-08-14,66000,2026-10-08,put,regular,11,0.3379,55,2280.0
2026-08-14,66375,2026-10-08,put,regular,2375000,0.3366,55,2420.0
2026-08-14,67000,2026-10-08,put,regular,201,0.3354,55,2675.0
2026-08-14,67500,2026-10-08,put,regular,6,0.3347,55,2895.0
2026-08-14,67625,2026-10-08,put,regular,6,0.3349,55,2955.0
2026-08-14,67750,2026-10-08,put,regular,9,0.3345,55,3010.0
2026-08-14,68000,2026-10-08,put,regular,536,0.3349,55,3135.0
2026-08-14,68125,2026-10-08,put,regular,4,0.3338,55,3185.0
2026-08-14,68250,2026-10-08,put,regular,3150000,0.3341,55,3250.0
2026-08-14,68500,2026-10-08,put,regular,7,0.3321,55,3355.0
2026-08-14,68625,2026-10-08,put,regular,6690000,0.3322,55,3420.0
2026-08-14,69000,2026-10-08,put,regular,200,0.3335,55,3630.0
2026-08-14,69500,2026-10-08,put,regular,75,0.3333,55,3900.0
2026-08-14,70000,2026-10-08,put,regular,101,0.3345,55,4195.0
2026-08-14,72500,2026-10-08,put,regular,1,0.3434,55,5855.0
2026-08-14,79000,2026-10-08,put,regular,1,0.3989,55,11315.0
2026-08-14,85000,2026-10-08,put,regular,22,0.4766,55,17040.0
2026-08-14,25000,2026-11-12,put,regular,18,0.7721,90,20.0
2026-08-14,30000,2026-11-12,put,regular,1,0.6401,90,20.0
2026-08-14,35000,2026-11-12,put,regular,2,0.6109,90,66.0
2026-08-14,37000,2026-11-12,put,regular,2,0.5835,90,83.0
2026-08-14,38000,2026-11-12,put,regular,1,0.5711,90,94.0
2026-08-14,40000,2026-11-12,put,regular,100,0.5483,90,122.0
2026-08-14,41000,2026-11-12,put,regular,103,0.5322,90,131.0
2026-08-14,42000,2026-11-12,put,regular,250,0.519,90,145.0
2026-08-14,43000,2026-11-12,put,regular,137,0.4996,90,149.0
2026-08-14,44000,2026-11-12,put,regular,102,0.4943,90,180.0
2026-08-14,44500,2026-11-12,put,regular,1,0.4887,90,191.0
2026-08-14,44750,2026-11-12,put,regular,1,0.4856,90,196.0
2026-08-14,45000,2026-11-12,put,regular,1,0.4824,90,201.0
2026-08-14,45250,2026-11-12,put,regular,1,0.4796,90,207.0
2026-08-14,45500,2026-11-12,put,regular,2,0.4768,90,213.0
2026-08-14,45750,2026-11-12,put,regular,2,0.4726,90,216.0
2026-08-14,46000,2026-11-12,put,regular,2,0.4701,90,223.0
2026-08-14,46250,2026-11-12,put,regular,2,0.4671,90,229.0
2026-08-14,46500,2026-11-12,put,regular,3,0.4641,90,235.0
2026-08-14,46750,2026-11-12,put,regular,2,0.4613,90,242.0
2026-08-14,47000,2026-11-12,put,regular,2,0.4586,90,249.0
2026-08-14,47250,2026-11-12,put,regular,2,0.4553,90,255.0
2026-08-14,47500,2026-11-12,put,regular,2,0.4528,90,263.0
2026-08-14,47750,2026-11-12,put,regular,2,0.4498,90,270.0
2026-08-14,48000,2026-11-12,put,regular,6,0.4498,90,286.0
2026-08-14,48250,2026-11-12,put,regular,3,0.445,90,288.0
2026-08-14,48500,2026-11-12,put,regular,2,0.4419,90,295.0
2026-08-14,48750,2026-11-12,put,regular,98,0.4396,90,305.0
2026-08-14,49000,2026-11-12,put,regular,49,0.4402,90,325.0
2026-08-14,49250,2026-11-12,put,regular,15,0.4348,90,325.0
2026-08-14,49500,2026-11-12,put,regular,215,0.4322,90,335.0
2026-08-14,49750,2026-11-12,put,regular,2,0.4296,90,345.0
2026-08-14,50000,2026-11-12,put,regular,241,0.4269,90,355.0
2026-08-14,50250,2026-11-12,put,regular,2,0.4242,90,365.0
2026-08-14,50500,2026-11-12,put,regular,2,0.4214,90,375.0
2026-08-14,50750,2026-11-12,put,regular,17,0.4185,90,385.0
2026-08-14,51000,2026-11-12,put,regular,606,0.4155,90,395.0
2026-08-14,51250,2026-11-12,put,regular,40,0.4137,90,410.0
2026-08-14,51500,2026-11-12,put,regular,3,0.4153,90,440.0
2026-08-14,52000,2026-11-12,put,regular,475,0.4066,90,450.0
2026-08-14,53000,2026-11-12,put,regular,55,0.3962,90,505.0
2026-08-14,53500,2026-11-12,put,regular,400,0.392,90,540.0
2026-08-14,53750,2026-11-12,put,regular,1,0.3903,90,560.0
2026-08-14,54000,2026-11-12,put,regular,61,0.3875,90,575.0
2026-08-14,54750,2026-11-12,put,regular,1,0.3812,90,635.0
2026-08-14,55000,2026-11-12,put,regular,12,0.3789,90,655.0
2026-08-14,55250,2026-11-12,put,regular,16,0.3774,90,680.0
2026-08-14,55500,2026-11-12,put,regular,150,0.3757,90,705.0
2026-08-14,56000,2026-11-12,put,regular,150,0.3712,90,750.0
2026-08-14,56500,2026-11-12,put,regular,38,0.367,90,800.0
2026-08-14,56750,2026-11-12,put,regular,23,0.3655,90,830.0
2026-08-14,57000,2026-11-12,put,regular,233,0.3652,90,870.0
2026-08-14,57250,2026-11-12,put,regular,1,0.3627,90,895.0
2026-08-14,58000,2026-11-12,put,regular,226,0.3578,90,995.0
2026-08-14,59000,2026-11-12,put,regular,125,0.3504,90,1135.0
2026-08-14,59500,2026-11-12,put,regular,459,0.3471,90,1215.0
2026-08-14,60000,2026-11-12,put,regular,470,0.3443,90,1305.0
2026-08-14,60500,2026-11-12,put,regular,100,0.3415,90,1400.0
2026-08-14,60750,2026-11-12,put,regular,28,0.3402,90,1450.0
2026-08-14,61000,2026-11-12,put,regular,620,0.3392,90,1505.0
2026-08-14,61500,2026-11-12,put,regular,5,0.3357,90,1605.0
2026-08-14,62000,2026-11-12,put,regular,400,0.3341,90,1730.0
2026-08-14,63000,2026-11-12,put,regular,50,0.3299,90,1990.0
2026-08-14,64000,2026-11-12,put,regular,660,0.3261,90,2285.0
2026-08-14,64500,2026-11-12,put,regular,340,0.3243,90,2445.0
2026-08-14,65000,2026-11-12,put,regular,800,0.3226,90,2615.0
2026-08-14,66000,2026-11-12,put,regular,270,0.3204,90,2995.0
2026-08-14,67000,2026-11-12,put,regular,870,0.3174,90,3400.0
2026-08-14,67500,2026-11-12,put,regular,4,0.3166,90,3625.0
2026-08-14,68500,2026-11-12,put,regular,328,0.3152,90,4105.0
2026-08-14,70000,2026-11-12,put,regular,460,0.3139,90,4905.0
2026-08-14,70750,2026-11-12,put,regular,160,0.3143,90,5350.0
2026-08-14,72500,2026-11-12,put,regular,330,0.3161,90,6475.0
2026-08-14,12500,2026-12-10,put,regular,537,0.9647,118,4.0
2026-08-14,13000,2026-12-10,put,regular,4,0.9212,118,3.0
2026-08-14,13500,2026-12-10,put,regular,100,0.8306,118,1.0
2026-08-14,14000,2026-12-10,put,regular,11,0.8537,118,2.0
2026-08-14,14500,2026-12-10,put,regular,1,0.7946,118,1.0
2026-08-14,14750,2026-12-10,put,regular,1,0.786,118,1.0
2026-08-14,15000,2026-12-10,put,regular,5,0.8172,118,2.0
2026-08-14,16000,2026-12-10,put,regular,3,0.7451,118,1.0
2026-08-14,17000,2026-12-10,put,regular,3,0.7146,118,1.0
2026-08-14,18000,2026-12-10,put,regular,153,0.7211,118,2.0
2026-08-14,19000,2026-12-10,put,regular,650,0.6927,118,2.0
2026-08-14,20000,2026-12-10,put,regular,2350,0.7164,118,5.0
2026-08-14,21000,2026-12-10,put,regular,350,0.6762,118,4.0
2026-08-14,21500,2026-12-10,put,regular,500,0.6632,118,4.0
2026-08-14,22000,2026-12-10,put,regular,1715,0.6628,118,5.0
2026-08-14,22500,2026-12-10,put,regular,150,0.6605,118,6.0
2026-08-14,23000,2026-12-10,put,regular,2106,0.6569,118,7.0
2026-08-14,23500,2026-12-10,put,regular,127,0.6524,118,8.0
2026-08-14,24000,2026-12-10,put,regular,400,0.6471,118,9.0
2026-08-14,24500,2026-12-10,put,regular,250,0.6413,118,10.0
2026-08-14,24750,2026-12-10,put,regular,1,0.641,118,11.0
2026-08-14,25000,2026-12-10,put,regular,2461,0.635,118,11.0
2026-08-14,25250,2026-12-10,put,regular,1,0.6344,118,12.0
2026-08-14,25500,2026-12-10,put,regular,2,0.6334,118,13.0
2026-08-14,26000,2026-12-10,put,regular,1425,0.6305,118,15.0
2026-08-14,26500,2026-12-10,put,regular,1,0.6229,118,16.0
2026-08-14,27000,2026-12-10,put,regular,2630,0.6188,118,18.0
2026-08-14,27500,2026-12-10,put,regular,25,0.6141,118,20.0
2026-08-14,27750,2026-12-10,put,regular,72,0.6115,118,21.0
2026-08-14,28000,2026-12-10,put,regular,1326,0.6118,118,23.0
2026-08-14,28500,2026-12-10,put,regular,400,0.606,118,25.0
2026-08-14,29000,2026-12-10,put,regular,1450,0.6023,118,28.0
2026-08-14,30000,2026-12-10,put,regular,5895,0.6085,118,42.0
2026-08-14,30500,2026-12-10,put,regular,51,0.5862,118,36.0
2026-08-14,31000,2026-12-10,put,regular,2237,0.5826,118,40.0
2026-08-14,31500,2026-12-10,put,regular,350,0.5768,118,43.0
2026-08-14,32000,2026-12-10,put,regular,4655,0.6051,118,72.0
2026-08-14,32250,2026-12-10,put,regular,600,0.6016,118,74.0
2026-08-14,32500,2026-12-10,put,regular,900,0.5982,118,76.0
2026-08-14,33000,2026-12-10,put,regular,3362,0.5923,118,81.0
2026-08-14,33250,2026-12-10,put,regular,37,0.5867,118,81.0
2026-08-14,33500,2026-12-10,put,regular,72,0.5832,118,83.0
2026-08-14,34000,2026-12-10,put,regular,2820,0.5779,118,89.0
2026-08-14,34500,2026-12-10,put,regular,560,0.5715,118,94.0
2026-08-14,34750,2026-12-10,put,regular,1,0.5678,118,96.0
2026-08-14,35000,2026-12-10,put,regular,5157,0.565,118,99.0
2026-08-14,36000,2026-12-10,put,regular,2905,0.5553,118,114.0
2026-08-14,36500,2026-12-10,put,regular,225,0.5489,118,120.0
2026-08-14,36750,2026-12-10,put,regular,400,0.5457,118,123.0
2026-08-14,37000,2026-12-10,put,regular,2535,0.5431,118,127.0
2026-08-14,37500,2026-12-10,put,regular,188,0.5365,118,133.0
2026-08-14,37750,2026-12-10,put,regular,100,0.5338,118,137.0
2026-08-14,38000,2026-12-10,put,regular,2686,0.5304,118,140.0
2026-08-14,38500,2026-12-10,put,regular,1150,0.5247,118,148.0
2026-08-14,38750,2026-12-10,put,regular,50,0.5218,118,152.0
2026-08-14,39000,2026-12-10,put,regular,2405,0.5189,118,156.0
2026-08-14,39250,2026-12-10,put,regular,650,0.5143,118,157.0
2026-08-14,39500,2026-12-10,put,regular,1008,0.5113,118,161.0
2026-08-14,40000,2026-12-10,put,regular,6228,0.5057,118,170.0
2026-08-14,40250,2026-12-10,put,regular,5,0.5031,118,175.0
2026-08-14,40500,2026-12-10,put,regular,1399,0.5014,118,182.0
2026-08-14,41000,2026-12-10,put,regular,1825,0.4945,118,189.0
2026-08-14,41250,2026-12-10,put,regular,3,0.4917,118,194.0
2026-08-14,41500,2026-12-10,put,regular,101,0.4888,118,199.0
2026-08-14,42000,2026-12-10,put,regular,3599,0.4834,118,210.0
2026-08-14,42500,2026-12-10,put,regular,300,0.4787,118,223.0
2026-08-14,43000,2026-12-10,put,regular,1692,0.4733,118,235.0
2026-08-14,43500,2026-12-10,put,regular,100,0.4677,118,247.0
2026-08-14,43750,2026-12-10,put,regular,9,0.4652,118,254.0
2026-08-14,44000,2026-12-10,put,regular,3190,0.4623,118,260.0
2026-08-14,45000,2026-12-10,put,regular,2724,0.4516,118,288.0
2026-08-14,45250,2026-12-10,put,regular,51,0.4494,118,297.0
2026-08-14,45500,2026-12-10,put,regular,396,0.4468,118,305.0
2026-08-14,46000,2026-12-10,put,regular,3657,0.4413,118,320.0
2026-08-14,47000,2026-12-10,put,regular,2846,0.4324,118,360.0
2026-08-14,47500,2026-12-10,put,regular,1119,0.4263,118,375.0
2026-08-14,48000,2026-12-10,put,regular,4167,0.4213,118,395.0
2026-08-14,48500,2026-12-10,put,regular,300,0.416,118,415.0
2026-08-14,49000,2026-12-10,put,regular,3177,0.4128,118,445.0
2026-08-14,49500,2026-12-10,put,regular,2717,0.4071,118,465.0
2026-08-14,50000,2026-12-10,put,regular,6537,0.4023,118,490.0
2026-08-14,50250,2026-12-10,put,regular,16,0.4002,118,505.0
2026-08-14,50500,2026-12-10,put,regular,686,0.3991,118,525.0
2026-08-14,50750,2026-12-10,put,regular,45,0.396,118,535.0
2026-08-14,51000,2026-12-10,put,regular,1615,0.3937,118,550.0
2026-08-14,51500,2026-12-10,put,regular,20,0.3899,118,585.0
2026-08-14,52000,2026-12-10,put,regular,2765,0.3858,118,620.0
2026-08-14,52250,2026-12-10,put,regular,525,0.3841,118,640.0
2026-08-14,52500,2026-12-10,put,regular,417,0.3814,118,655.0
2026-08-14,53000,2026-12-10,put,regular,1398,0.3775,118,695.0
2026-08-14,53250,2026-12-10,put,regular,186,0.3754,118,715.0
2026-08-14,53500,2026-12-10,put,regular,205,0.3732,118,735.0
2026-08-14,53750,2026-12-10,put,regular,4,0.3717,118,760.0
2026-08-14,54000,2026-12-10,put,regular,2717,0.3701,118,785.0
2026-08-14,54500,2026-12-10,put,regular,472,0.3659,118,830.0
2026-08-14,55000,2026-12-10,put,regular,4679,0.3634,118,890.0
2026-08-14,55500,2026-12-10,put,regular,100,0.3604,118,950.0
2026-08-14,56000,2026-12-10,put,regular,2476,0.3571,118,1010.0
2026-08-14,56500,2026-12-10,put,regular,151,0.3533,118,1070.0
2026-08-14,57000,2026-12-10,put,regular,2231,0.3503,118,1140.0
2026-08-14,57500,2026-12-10,put,regular,850,0.3469,118,1210.0
2026-08-14,58000,2026-12-10,put,regular,1768,0.3437,118,1285.0
2026-08-14,58500,2026-12-10,put,regular,850,0.341,118,1370.0
2026-08-14,59000,2026-12-10,put,regular,2405,0.3384,118,1460.0
2026-08-14,59500,2026-12-10,put,regular,250,0.3358,118,1555.0
2026-08-14,60000,2026-12-10,put,regular,9878,0.3331,118,1655.0
2026-08-14,60500,2026-12-10,put,regular,200,0.3305,118,1760.0
2026-08-14,61000,2026-12-10,put,regular,1460,0.3283,118,1875.0
2026-08-14,61500,2026-12-10,put,regular,1,0.326,118,1995.0
2026-08-14,62000,2026-12-10,put,regular,2081,0.324,118,2125.0
2026-08-14,62250,2026-12-10,put,regular,250,0.3228,118,2190.0
2026-08-14,62500,2026-12-10,put,regular,1137,0.3219,118,2260.0
2026-08-14,63000,2026-12-10,put,regular,2151,0.32,118,2405.0
2026-08-14,63750,2026-12-10,put,regular,48,0.3198,118,2670.0
2026-08-14,64000,2026-12-10,put,regular,1930,0.316,118,2710.0
2026-08-14,65000,2026-12-10,put,regular,3099,0.3134,118,3065.0
2026-08-14,65500,2026-12-10,put,regular,580,0.3122,118,3255.0
2026-08-14,66000,2026-12-10,put,regular,326,0.3108,118,3450.0
2026-08-14,66500,2026-12-10,put,regular,350,0.3095,118,3655.0
2026-08-14,67000,2026-12-10,put,regular,1410,0.3081,118,3865.0
2026-08-14,67250,2026-12-10,put,regular,25,0.3075,118,3975.0
2026-08-14,67500,2026-12-10,put,regular,25,0.3074,118,4095.0
2026-08-14,68000,2026-12-10,put,regular,1700,0.3065,118,4330.0
2026-08-14,68500,2026-12-10,put,regular,203,0.3057,118,4575.0
2026-08-14,68750,2026-12-10,put,regular,100,0.3053,118,4700.0
2026-08-14,69000,2026-12-10,put,regular,1520,0.3048,118,4825.0
2026-08-14,70000,2026-12-10,put,regular,1653,0.3041,118,5370.0
2026-08-14,71000,2026-12-10,put,regular,31,0.3036,118,5950.0
2026-08-14,72000,2026-12-10,put,regular,120,0.3037,118,6570.0
2026-08-14,72500,2026-12-10,put,regular,320,0.3036,118,6890.0
2026-08-14,74000,2026-12-10,put,regular,100,0.3055,118,7925.0
2026-08-14,76000,2026-12-10,put,regular,300,0.3091,118,9410.0
2026-08-14,80000,2026-12-10,put,regular,3700,0.321,118,12695.0
2026-08-14,44000,2027-01-07,put,regular,331,0.4318,146,315.0
2026-08-14,45000,2027-01-07,put,regular,900,0.4265,146,365.0
2026-08-14,47000,2027-01-07,put,regular,98,0.4087,146,450.0
2026-08-14,48000,2027-01-07,put,regular,200,0.4011,146,505.0
2026-08-14,50000,2027-01-07,put,regular,15,0.384,146,620.0
2026-08-14,52500,2027-01-07,put,regular,20,0.3664,146,825.0
2026-08-14,57000,2027-01-07,put,regular,60,0.3443,146,1445.0
2026-08-14,58000,2027-01-07,put,regular,57,0.3391,146,1620.0
2026-08-14,60000,2027-01-07,put,regular,1,0.3292,146,2030.0
2026-08-14,60500,2027-01-07,put,regular,42,0.3267,146,2145.0
2026-08-14,61000,2027-01-07,put,regular,1,0.3246,146,2270.0
2026-08-14,64000,2027-01-07,put,regular,100,0.3123,146,3145.0
2026-08-14,65000,2027-01-07,put,regular,3,0.3047,146,3430.0
2026-08-14,65500,2027-01-07,put,regular,1,0.3023,146,3605.0
2026-08-14,66000,2027-01-07,put,regular,78,0.3014,146,3810.0
2026-08-14,66500,2027-01-07,put,regular,2,0.3,146,4015.0
2026-08-14,67000,2027-01-07,put,regular,1,0.2982,146,4220.0
2026-08-14,47000,2027-02-10,put,regular,125,0.392,180,585.0
2026-08-14,57500,2027-02-10,put,regular,100,0.3307,180,1820.0
2026-08-14,29000,2027-03-11,put,regular,1,0.5226,209,88.0
2026-08-14,30000,2027-03-11,put,regular,1,0.5136,209,101.0
2026-08-14,33000,2027-03-11,put,regular,113,0.4879,209,150.0
2026-08-14,35000,2027-03-11,put,regular,600,0.4705,209,190.0
2026-08-14,37000,2027-03-11,put,regular,500,0.4536,209,238.0
2026-08-14,38000,2027-03-11,put,regular,265,0.4455,209,266.0
2026-08-14,40000,2027-03-11,put,regular,1071,0.4308,209,335.0
2026-08-14,41000,2027-03-11,put,regular,250,0.4224,209,370.0
2026-08-14,42000,2027-03-11,put,regular,749,0.4146,209,410.0
2026-08-14,42500,2027-03-11,put,regular,200,0.4115,209,435.0
2026-08-14,43000,2027-03-11,put,regular,114,0.4071,209,455.0
2026-08-14,43500,2027-03-11,put,regular,66,0.4036,209,480.0
2026-08-14,44000,2027-03-11,put,regular,450,0.3999,209,505.0
2026-08-14,45000,2027-03-11,put,regular,1568,0.3928,209,560.0
2026-08-14,46000,2027-03-11,put,regular,116,0.3865,209,625.0
2026-08-14,47000,2027-03-11,put,regular,800,0.3801,209,695.0
2026-08-14,48000,2027-03-11,put,regular,349,0.3736,209,770.0
2026-08-14,48500,2027-03-11,put,regular,51,0.3703,209,810.0
2026-08-14,49000,2027-03-11,put,regular,100,0.3675,209,855.0
2026-08-14,50000,2027-03-11,put,regular,1315,0.3611,209,945.0
2026-08-14,50250,2027-03-11,put,regular,112,0.3596,209,970.0
2026-08-14,51000,2027-03-11,put,regular,24,0.3555,209,1050.0
2026-08-14,51250,2027-03-11,put,regular,108,0.3543,209,1080.0
2026-08-14,52000,2027-03-11,put,regular,1470,0.35,209,1165.0
2026-08-14,52500,2027-03-11,put,regular,50,0.3475,209,1230.0
2026-08-14,53000,2027-03-11,put,regular,525,0.3449,209,1295.0
2026-08-14,53500,2027-03-11,put,regular,200,0.3424,209,1365.0
2026-08-14,54000,2027-03-11,put,regular,234,0.3397,209,1435.0
2026-08-14,55000,2027-03-11,put,regular,702,0.3347,209,1590.0
2026-08-14,55500,2027-03-11,put,regular,100,0.3325,209,1675.0
2026-08-14,56000,2027-03-11,put,regular,651,0.3303,209,1765.0
2026-08-14,56250,2027-03-11,put,regular,120,0.3291,209,1810.0
2026-08-14,57000,2027-03-11,put,regular,1775,0.3259,209,1955.0
2026-08-14,58000,2027-03-11,put,regular,2325,0.3214,209,2160.0
2026-08-14,58500,2027-03-11,put,regular,35,0.3196,209,2275.0
2026-08-14,59500,2027-03-11,put,regular,253,0.3157,209,2515.0
2026-08-14,60000,2027-03-11,put,regular,1560,0.3137,209,2640.0
2026-08-14,61000,2027-03-11,put,regular,160,0.3102,209,2915.0
2026-08-14,62000,2027-03-11,put,regular,800,0.3067,209,3210.0
2026-08-14,62500,2027-03-11,put,regular,500,0.3052,209,3370.0
2026-08-14,63000,2027-03-11,put,regular,1390,0.3034,209,3530.0
2026-08-14,64000,2027-03-11,put,regular,950,0.3005,209,3880.0
2026-08-14,65000,2027-03-11,put,regular,360,0.2976,209,4255.0
2026-08-14,66000,2027-03-11,put,regular,400,0.2951,209,4660.0
2026-08-14,66250,2027-03-11,put,regular,15,0.2944,209,4765.0
2026-08-14,66500,2027-03-11,put,regular,6,0.2937,209,4870.0
2026-08-14,67000,2027-03-11,put,regular,300,0.2925,209,5090.0
2026-08-14,68000,2027-03-11,put,regular,130,0.2902,209,5550.0
2026-08-14,69000,2027-03-11,put,regular,350,0.2881,209,6040.0
2026-08-14,69250,2027-03-11,put,regular,10,0.2878,209,6170.0
2026-08-14,70000,2027-03-11,put,regular,470,0.2863,209,6560.0
2026-08-14,72000,2027-03-11,put,regular,100,0.2829,209,7685.0
2026-08-14,48000,2027-05-13,put,regular,100,0.3628,272,1100.0
2026-08-14,12500,2027-06-10,put,regular,10,0.6669,300,12.0
2026-08-14,14500,2027-06-10,put,regular,4,0.587,300,8.0
2026-08-14,15000,2027-06-10,put,regular,1,0.5863,300,10.0
2026-08-14,16250,2027-06-10,put,regular,167,0.5781,300,15.0
2026-08-14,23000,2027-06-10,put,regular,140,0.5293,300,71.0
2026-08-14,24000,2027-06-10,put,regular,100,0.5214,300,84.0
2026-08-14,25000,2027-06-10,put,regular,250,0.5132,300,98.0
2026-08-14,26000,2027-06-10,put,regular,200,0.5048,300,113.0
2026-08-14,28000,2027-06-10,put,regular,895,0.4885,300,148.0
2026-08-14,28500,2027-06-10,put,regular,100,0.4846,300,158.0
2026-08-14,29000,2027-06-10,put,regular,66,0.4805,300,168.0
2026-08-14,30000,2027-06-10,put,regular,275,0.4722,300,189.0
2026-08-14,31000,2027-06-10,put,regular,100,0.4641,300,212.0
2026-08-14,31500,2027-06-10,put,regular,1,0.46,300,224.0
2026-08-14,32000,2027-06-10,put,regular,250,0.4561,300,237.0
2026-08-14,33000,2027-06-10,put,regular,150,0.4482,300,264.0
2026-08-14,34000,2027-06-10,put,regular,750,0.4406,300,294.0
2026-08-14,35000,2027-06-10,put,regular,1327,0.434,300,330.0
2026-08-14,35500,2027-06-10,put,regular,145,0.4297,300,345.0
2026-08-14,36000,2027-06-10,put,regular,300,0.4264,300,365.0
2026-08-14,37000,2027-06-10,put,regular,50,0.4184,300,400.0
2026-08-14,38000,2027-06-10,put,regular,200,0.4119,300,445.0
2026-08-14,38500,2027-06-10,put,regular,140,0.408,300,465.0
2026-08-14,39000,2027-06-10,put,regular,50,0.4049,300,490.0
2026-08-14,39500,2027-06-10,put,regular,101,0.4007,300,510.0
2026-08-14,40000,2027-06-10,put,regular,1095,0.3981,300,540.0
2026-08-14,41000,2027-06-10,put,regular,100,0.3908,300,590.0
2026-08-14,42000,2027-06-10,put,regular,400,0.3845,300,650.0
2026-08-14,42500,2027-06-10,put,regular,61,0.3818,300,685.0
2026-08-14,43000,2027-06-10,put,regular,35,0.3782,300,715.0
2026-08-14,44000,2027-06-10,put,regular,196,0.3726,300,790.0
2026-08-14,45000,2027-06-10,put,regular,1220,0.367,300,870.0
2026-08-14,46000,2027-06-10,put,regular,773,0.3612,300,955.0
2026-08-14,46500,2027-06-10,put,regular,70,0.3583,300,1000.0
2026-08-14,47000,2027-06-10,put,regular,201,0.3558,300,1050.0
2026-08-14,47750,2027-06-10,put,regular,100,0.3517,300,1125.0
2026-08-14,48000,2027-06-10,put,regular,1104,0.3507,300,1155.0
2026-08-14,49000,2027-06-10,put,regular,300,0.3457,300,1270.0
2026-08-14,50000,2027-06-10,put,regular,2067,0.3409,300,1395.0
2026-08-14,50500,2027-06-10,put,regular,175,0.3384,300,1460.0
2026-08-14,51000,2027-06-10,put,regular,100,0.3362,300,1530.0
2026-08-14,51250,2027-06-10,put,regular,3,0.335,300,1565.0
2026-08-14,52000,2027-06-10,put,regular,1030,0.3318,300,1680.0
2026-08-14,52250,2027-06-10,put,regular,88,0.3307,300,1720.0
2026-08-14,52500,2027-06-10,put,regular,57,0.3297,300,1760.0
2026-08-14,53000,2027-06-10,put,regular,720,0.3277,300,1845.0
2026-08-14,53500,2027-06-10,put,regular,1,0.3255,300,1930.0
2026-08-14,53750,2027-06-10,put,regular,35,0.3245,300,1975.0
2026-08-14,54000,2027-06-10,put,regular,1402,0.3237,300,2025.0
2026-08-14,55000,2027-06-10,put,regular,1300,0.3196,300,2215.0
2026-08-14,55500,2027-06-10,put,regular,255,0.3179,300,2320.0
2026-08-14,56000,2027-06-10,put,regular,785,0.3162,300,2430.0
2026-08-14,56500,2027-06-10,put,regular,40,0.3143,300,2540.0
2026-08-14,57000,2027-06-10,put,regular,775,0.3125,300,2655.0
2026-08-14,57750,2027-06-10,put,regular,112,0.3101,300,2840.0
2026-08-14,58000,2027-06-10,put,regular,317,0.3094,300,2905.0
2026-08-14,59000,2027-06-10,put,regular,400,0.3061,300,3170.0
2026-08-14,59500,2027-06-10,put,regular,112,0.3045,300,3310.0
2026-08-14,60000,2027-06-10,put,regular,1825,0.303,300,3455.0
2026-08-14,61000,2027-06-10,put,regular,3,0.3002,300,3765.0
2026-08-14,62000,2027-06-10,put,regular,805,0.2973,300,4090.0
2026-08-14,63000,2027-06-10,put,regular,925,0.2948,300,4445.0
2026-08-14,64000,2027-06-10,put,regular,250,0.2924,300,4820.0
2026-08-14,64750,2027-06-10,put,regular,104,0.2905,300,5115.0
2026-08-14,65000,2027-06-10,put,regular,1486,0.2899,300,5215.0
2026-08-14,65500,2027-06-10,put,regular,26,0.2888,300,5425.0
2026-08-14,66000,2027-06-10,put,regular,50,0.2876,300,5635.0
2026-08-14,66750,2027-06-10,put,regular,150,0.2861,300,5970.0
2026-08-14,67000,2027-06-10,put,regular,870,0.2854,300,6080.0
2026-08-14,67500,2027-06-10,put,regular,100,0.2845,300,6315.0
2026-08-14,68000,2027-06-10,put,regular,450,0.2834,300,6550.0
2026-08-14,68500,2027-06-10,put,regular,200,0.2825,300,6795.0
2026-08-14,69000,2027-06-10,put,regular,15,0.2815,300,7045.0
2026-08-14,70000,2027-06-10,put,regular,700,0.2797,300,7565.0
2026-08-14,72000,2027-06-10,put,regular,100,0.2764,300,8675.0
2026-08-14,77500,2027-06-10,put,regular,50,0.2695,300,12210.0
2026-08-14,67000,2027-07-08,put,regular,58,0.2859,328,6405.0
2026-08-14,31000,2027-09-09,put,regular,200,0.4186,391,251.0
2026-08-14,45000,2027-09-09,put,regular,100,0.3493,391,1165.0
2026-08-14,48000,2027-09-09,put,regular,100,0.337,391,1540.0
2026-08-14,50000,2027-09-09,put,regular,25,0.3291,391,1840.0
2026-08-14,54250,2027-09-09,put,regular,200,0.3137,391,2640.0
2026-08-14,55000,2027-09-09,put,regular,300,0.3111,391,2805.0
2026-08-14,58000,2027-09-09,put,regular,1,0.3013,391,3560.0
2026-08-14,60000,2027-09-09,put,regular,225,0.2951,391,4145.0
2026-08-14,62000,2027-09-09,put,regular,188,0.2896,391,4810.0
2026-08-14,68250,2027-09-09,put,regular,200,0.2752,391,7430.0
2026-08-14,68750,2027-09-09,put,regular,91,0.2742,391,7675.0
2026-08-14,12500,2027-12-09,put,regular,11,0.5446,482,17.0
2026-08-14,13000,2027-12-09,put,regular,1,0.4207,482,1.0
2026-08-14,16000,2027-12-09,put,regular,350,0.417,482,5.0
2026-08-14,19000,2027-12-09,put,regular,300,0.418,482,19.0
2026-08-14,20000,2027-12-09,put,regular,400,0.4172,482,27.0
2026-08-14,21000,2027-12-09,put,regular,50,0.4172,482,38.0
2026-08-14,22000,2027-12-09,put,regular,408,0.417,482,52.0
2026-08-14,22500,2027-12-09,put,regular,36,0.4174,482,61.0
2026-08-14,23000,2027-12-09,put,regular,132,0.417,482,70.0
2026-08-14,23750,2027-12-09,put,regular,39,0.4167,482,86.0
2026-08-14,24000,2027-12-09,put,regular,1721,0.4173,482,93.0
2026-08-14,25000,2027-12-09,put,regular,1211,0.417,482,120.0
2026-08-14,26000,2027-12-09,put,regular,200,0.4169,482,153.0
2026-08-14,26500,2027-12-09,put,regular,100,0.417,482,172.0
2026-08-14,27000,2027-12-09,put,regular,1300,0.4168,482,192.0
2026-08-14,28000,2027-12-09,put,regular,2125,0.4169,482,239.0
2026-08-14,29000,2027-12-09,put,regular,350,0.4108,482,270.0
2026-08-14,29500,2027-12-09,put,regular,249,0.4078,482,287.0
2026-08-14,30000,2027-12-09,put,regular,2445,0.405,482,305.0
2026-08-14,31000,2027-12-09,put,regular,1750,0.3998,482,345.0
2026-08-14,31500,2027-12-09,put,regular,204,0.3969,482,365.0
2026-08-14,32000,2027-12-09,put,regular,1425,0.3939,482,385.0
2026-08-14,32250,2027-12-09,put,regular,30,0.3933,482,400.0
2026-08-14,32750,2027-12-09,put,regular,35,0.39,482,420.0
2026-08-14,33000,2027-12-09,put,regular,450,0.3893,482,435.0
2026-08-14,34000,2027-12-09,put,regular,1794,0.384,482,485.0
2026-08-14,34500,2027-12-09,put,regular,100,0.3811,482,510.0
2026-08-14,35000,2027-12-09,put,regular,1600,0.3789,482,540.0
2026-08-14,35500,2027-12-09,put,regular,40,0.3765,482,570.0
2026-08-14,36000,2027-12-09,put,regular,1130,0.374,482,600.0
2026-08-14,36500,2027-12-09,put,regular,300,0.3713,482,630.0
2026-08-14,37000,2027-12-09,put,regular,1150,0.3691,482,665.0
2026-08-14,38000,2027-12-09,put,regular,1175,0.3643,482,735.0
2026-08-14,39000,2027-12-09,put,regular,800,0.3601,482,815.0
2026-08-14,39500,2027-12-09,put,regular,50,0.3578,482,855.0
2026-08-14,40000,2027-12-09,put,regular,3150,0.3558,482,900.0
2026-08-14,40500,2027-12-09,put,regular,450,0.3537,482,945.0
2026-08-14,42000,2027-12-09,put,regular,550,0.3474,482,1090.0
2026-08-14,43000,2027-12-09,put,regular,240,0.3432,482,1195.0
2026-08-14,44000,2027-12-09,put,regular,100,0.3392,482,1310.0
2026-08-14,45000,2027-12-09,put,regular,1875,0.3354,482,1435.0
2026-08-14,46000,2027-12-09,put,regular,700,0.3318,482,1570.0
2026-08-14,47000,2027-12-09,put,regular,250,0.3282,482,1715.0
2026-08-14,47500,2027-12-09,put,regular,35,0.3264,482,1790.0
2026-08-14,48000,2027-12-09,put,regular,615,0.3247,482,1870.0
2026-08-14,49000,2027-12-09,put,regular,700,0.3213,482,2035.0
2026-08-14,50000,2027-12-09,put,regular,3170,0.3178,482,2210.0
2026-08-14,51000,2027-12-09,put,regular,350,0.3145,482,2400.0
2026-08-14,52000,2027-12-09,put,regular,635,0.3115,482,2605.0
2026-08-14,53000,2027-12-09,put,regular,822,0.3084,482,2820.0
2026-08-14,54000,2027-12-09,put,regular,275,0.3054,482,3050.0
2026-08-14,54500,2027-12-09,put,regular,400,0.3041,482,3175.0
2026-08-14,55000,2027-12-09,put,regular,1200,0.3025,482,3295.0
2026-08-14,55500,2027-12-09,put,regular,75,0.3011,482,3425.0
2026-08-14,56000,2027-12-09,put,regular,270,0.2999,482,3560.0
2026-08-14,57000,2027-12-09,put,regular,220,0.2971,482,3835.0
2026-08-14,58000,2027-12-09,put,regular,1000,0.2943,482,4125.0
2026-08-14,58500,2027-12-09,put,regular,210,0.2932,482,4280.0
2026-08-14,59000,2027-12-09,put,regular,100,0.2918,482,4435.0
2026-08-14,60000,2027-12-09,put,regular,850,0.2895,482,4765.0
2026-08-14,62000,2027-12-09,put,regular,300,0.2849,482,5475.0
2026-08-14,62500,2027-12-09,put,regular,70,0.2838,482,5665.0
2026-08-14,63000,2027-12-09,put,regular,300,0.2826,482,5855.0
2026-08-14,63500,2027-12-09,put,regular,50,0.2816,482,6055.0
2026-08-14,64000,2027-12-09,put,regular,130,0.2804,482,6255.0
2026-08-14,65000,2027-12-09,put,regular,1200,0.2785,482,6680.0
2026-08-14,66000,2027-12-09,put,regular,550,0.2766,482,7120.0
2026-08-14,67000,2027-12-09,put,regular,400,0.2747,482,7580.0
2026-08-14,68000,2027-12-09,put,regular,200,0.2729,482,8060.0
2026-08-14,69000,2027-12-09,put,regular,750,0.2712,482,8560.0
2026-08-14,70000,2027-12-09,put,regular,550,0.2695,482,9080.0
2026-08-14,75000,2027-12-09,put,regular,175,0.2626,482,11980.0
2026-08-14,80000,2027-12-09,put,regular,400,0.2575,482,15345.0
2026-08-14,15000,2028-06-08,put,regular,3,0.3979,664,11.0
2026-08-14,25000,2028-06-08,put,regular,630,0.3954,664,236.0
2026-08-14,26000,2028-06-08,put,regular,250,0.3952,664,290.0
2026-08-14,27000,2028-06-08,put,regular,100,0.3956,664,355.0
2026-08-14,30000,2028-06-08,put,regular,300,0.3857,664,535.0
2026-08-14,32000,2028-06-08,put,regular,250,0.3755,664,655.0
2026-08-14,33000,2028-06-08,put,regular,100,0.3709,664,725.0
2026-08-14,35000,2028-06-08,put,regular,200,0.3615,664,875.0
2026-08-14,40000,2028-06-08,put,regular,250,0.3398,664,1355.0
2026-08-14,41500,2028-06-08,put,regular,100,0.3339,664,1535.0
2026-08-14,45000,2028-06-08,put,regular,15,0.3205,664,2020.0
2026-08-14,48000,2028-06-08,put,regular,300,0.3103,664,2535.0
2026-08-14,50000,2028-06-08,put,regular,400,0.3039,664,2930.0
2026-08-14,53000,2028-06-08,put,regular,50,0.2953,664,3625.0
2026-08-14,54000,2028-06-08,put,regular,100,0.2925,664,3880.0
2026-08-14,58000,2028-06-08,put,regular,200,0.2827,664,5065.0
2026-08-14,60000,2028-06-08,put,regular,250,0.2783,664,5750.0
2026-08-14,12000,2028-12-07,put,regular,300,0.3961,846,9.0
2026-08-14,16000,2028-12-07,put,regular,1950,0.3963,846,49.0
2026-08-14,18000,2028-12-07,put,regular,100,0.396,846,92.0
2026-08-14,20000,2028-12-07,put,regular,200,0.3956,846,157.0
2026-08-14,23000,2028-12-07,put,regular,100,0.3955,846,310.0
2026-08-14,23500,2028-12-07,put,regular,38,0.3959,846,345.0
2026-08-14,24000,2028-12-07,put,regular,1000,0.3958,846,380.0
2026-08-14,25000,2028-12-07,put,regular,1200,0.3953,846,455.0
2026-08-14,27000,2028-12-07,put,regular,120,0.3951,846,640.0
2026-08-14,27500,2028-12-07,put,regular,50,0.3947,846,690.0
2026-08-14,28000,2028-12-07,put,regular,1250,0.3946,846,745.0
2026-08-14,30000,2028-12-07,put,regular,350,0.3831,846,885.0
2026-08-14,31000,2028-12-07,put,regular,400,0.3774,846,960.0
2026-08-14,32000,2028-12-07,put,regular,850,0.372,846,1040.0
2026-08-14,32250,2028-12-07,put,regular,51,0.3706,846,1060.0
2026-08-14,33000,2028-12-07,put,regular,125,0.3667,846,1125.0
2026-08-14,34000,2028-12-07,put,regular,775,0.3611,846,1210.0
2026-08-14,34750,2028-12-07,put,regular,100,0.3572,846,1280.0
2026-08-14,35000,2028-12-07,put,regular,1305,0.3561,846,1305.0
2026-08-14,36000,2028-12-07,put,regular,2750,0.3507,846,1400.0
2026-08-14,37000,2028-12-07,put,regular,580,0.3456,846,1500.0
2026-08-14,38000,2028-12-07,put,regular,2860,0.3408,846,1610.0
2026-08-14,39000,2028-12-07,put,regular,50,0.336,846,1725.0
2026-08-14,40000,2028-12-07,put,regular,1210,0.3313,846,1845.0
2026-08-14,42000,2028-12-07,put,regular,350,0.3225,846,2110.0
2026-08-14,43000,2028-12-07,put,regular,100,0.3183,846,2255.0
2026-08-14,44500,2028-12-07,put,regular,75,0.3126,846,2495.0
2026-08-14,45000,2028-12-07,put,regular,130,0.3105,846,2575.0
2026-08-14,48000,2028-12-07,put,regular,600,0.3001,846,3135.0
2026-08-14,50000,2028-12-07,put,regular,2450,0.2937,846,3565.0
2026-08-14,51000,2028-12-07,put,regular,150,0.2908,846,3800.0
2026-08-14,53000,2028-12-07,put,regular,50,0.2853,846,4310.0
2026-08-14,55000,2028-12-07,put,regular,705,0.2803,846,4880.0
2026-08-14,56000,2028-12-07,put,regular,450,0.2781,846,5190.0
2026-08-14,57000,2028-12-07,put,regular,150,0.2758,846,5510.0
2026-08-14,60000,2028-12-07,put,regular,550,0.2699,846,6575.0
2026-08-14,65000,2028-12-07,put,regular,900,0.2617,846,8675.0
2026-08-14,68000,2028-12-07,put,regular,100,0.2574,846,10125.0
2026-08-14,70000,2028-12-07,put,regular,100,0.2547,846,11165.0
2026-08-14,75000,2028-12-07,put,regular,80,0.2481,846,14010.0
2026-08-14,15000,2029-06-07,put,regular,1,0.3779,1028,52.0
2026-08-14,15000,2029-12-13,put,regular,1,0.362,1217,72.0
2026-08-14,23250,2029-12-13,put,regular,40,0.3604,1217,515.0
2026-08-14,32000,2029-12-13,call,regular,113,0.2,1217,1450.0
2026-08-14,34250,2029-12-13,call,regular,6,0.2,1217,1665.0
2026-08-14,44000,2029-12-13,call,regular,100,0.2,1217,3150.0
2026-08-14,50000,2029-12-13,call,regular,70,0.2,1217,4585.0
2026-08-14,64000,2029-12-13,call,regular,100,0.1419,1217,9655.0
2026-08-14,65000,2029-12-13,call,regular,50,0.1633,1217,10110.0
2026-08-14,70000,2029-12-13,call,regular,100,0.2602,1217,12560.0
2026-08-14,19000,2030-06-13,call,regular,2,0.2,1399,223.0
2026-08-14,23500,2030-12-12,call,regular,100,0.2,1581,620.0
2026-08-14,31750,2030-12-12,call,regular,74,0.2,1581,1645.0
2026-08-14,34000,2030-12-12,call,regular,24,0.2,1581,1935.0
2026-08-14,44000,2030-12-12,call,regular,80,0.2,1581,3830.0
2026-08-14,49500,2030-12-12,call,regular,100,0.2,1581,5320.0
2026-08-14,64000,2030-12-12,call,regular,3,0.1441,1581,10720.0
2026-08-14,31500,2031-12-11,call,regular,52,0.2,1945,2160.0
2026-08-14,68000,2031-12-11,call,regular,100,0.2046,1945,13350.0
2026-08-14,31250,2032-12-09,call,regular,40,0.2,2309,2750.0
2026-08-14,30000,2026-09-10,call,regular,3750,0.2,27,38230.0
2026-08-14,37000,2026-09-10,call,regular,1,0.2,27,31235.0
2026-08-14,40000,2026-09-10,call,regular,5,0.2,27,28240.0
2026-08-14,42000,2026-09-10,call,regular,101,0.2,27,26250.0
2026-08-14,42500,2026-09-10,call,regular,10,0.2,27,25750.0
2026-08-14,43000,2026-09-10,call,regular,100,0.2,27,25255.0
2026-08-14,43500,2026-09-10,call,regular,57,0.2,27,24760.0
2026-08-14,45000,2026-09-10,call,regular,42,0.2,27,23265.0
2026-08-14,48000,2026-09-10,call,regular,400,0.2,27,20280.0
2026-08-14,48500,2026-09-10,call,regular,240,0.2,27,19785.0
2026-08-14,49000,2026-09-10,call,regular,200,0.2,27,19290.0
2026-08-14,50000,2026-09-10,call,regular,4650,0.2,27,18300.0
2026-08-14,50500,2026-09-10,call,regular,50,0.2,27,17800.0
2026-08-14,51000,2026-09-10,call,regular,141,0.2,27,17310.0
2026-08-14,51250,2026-09-10,call,regular,210,0.2,27,17060.0
2026-08-14,52000,2026-09-10,call,regular,350,0.2,27,16320.0
2026-08-14,53000,2026-09-10,call,regular,1100,0.2,27,15330.0
2026-08-14,53500,2026-09-10,call,regular,400,0.2,27,14840.0
2026-08-14,53750,2026-09-10,call,regular,150,0.2,27,14595.0
2026-08-14,54000,2026-09-10,call,regular,1056,0.2,27,14350.0
2026-08-14,54250,2026-09-10,call,regular,50,0.2,27,14105.0
2026-08-14,54500,2026-09-10,call,regular,200,0.2,27,13855.0
2026-08-14,54750,2026-09-10,call,regular,90,0.2,27,13610.0
2026-08-14,55000,2026-09-10,call,regular,660,0.2,27,13370.0
2026-08-14,56000,2026-09-10,call,regular,1250,0.2,27,12390.0
2026-08-14,56500,2026-09-10,call,regular,75,0.2,27,11910.0
2026-08-14,57000,2026-09-10,call,regular,850,0.2,27,11425.0
2026-08-14,57500,2026-09-10,call,regular,384,0.2,27,10945.0
2026-08-14,58000,2026-09-10,call,regular,1101,0.2,27,10465.0
2026-08-14,59000,2026-09-10,call,regular,1096,0.2,27,9515.0
2026-08-14,60000,2026-09-10,call,regular,786,0.2,27,8585.0
2026-08-14,60500,2026-09-10,call,regular,750,0.2,27,8125.0
2026-08-14,60750,2026-09-10,call,regular,120,0.2,27,7895.0
2026-08-14,61000,2026-09-10,call,regular,221,0.2,27,7670.0
2026-08-14,61250,2026-09-10,call,regular,22,0.2,27,7445.0
2026-08-14,61500,2026-09-10,call,regular,2,0.2,27,7220.0
2026-08-14,61875,2026-09-10,call,regular,2,0.2,27,6890.0
2026-08-14,62000,2026-09-10,call,regular,2002,0.2,27,6785.0
2026-08-14,62250,2026-09-10,call,regular,1,0.2,27,6565.0
2026-08-14,62500,2026-09-10,call,regular,801,0.2,27,6350.0
2026-08-14,63000,2026-09-10,call,regular,962,0.1996,27,5925.0
2026-08-14,63250,2026-09-10,call,regular,1,0.2129,27,5720.0
2026-08-14,63500,2026-09-10,call,regular,4,0.2218,27,5515.0
2026-08-14,64000,2026-09-10,call,regular,1685,0.232,27,5105.0
2026-08-14,64250,2026-09-10,call,regular,100,0.2372,27,4910.0
2026-08-14,64500,2026-09-10,call,regular,102,0.242,27,4720.0
2026-08-14,64750,2026-09-10,call,regular,1,0.2453,27,4530.0
2026-08-14,65000,2026-09-10,call,regular,5234,0.2476,27,4340.0
2026-08-14,65250,2026-09-10,call,regular,2,0.2497,27,4155.0
2026-08-14,65375,2026-09-10,call,regular,1,0.2573,27,4100.0
2026-08-14,65500,2026-09-10,call,regular,160,0.2527,27,3980.0
2026-08-14,65750,2026-09-10,call,regular,2,0.2538,27,3800.0
2026-08-14,66000,2026-09-10,call,regular,1628,0.2672,27,3700.0
2026-08-14,66125,2026-09-10,call,regular,39,0.2637,27,3590.0
2026-08-14,66250,2026-09-10,call,regular,47,0.2585,27,3470.0
2026-08-14,66500,2026-09-10,call,regular,759,0.2579,27,3295.0
2026-08-14,66750,2026-09-10,call,regular,8,0.2597,27,3140.0
2026-08-14,67000,2026-09-10,call,regular,3168,0.26,27,2980.0
2026-08-14,67125,2026-09-10,call,regular,1,0.262,27,2915.0
2026-08-14,67250,2026-09-10,call,regular,2,0.2616,27,2835.0
2026-08-14,67375,2026-09-10,call,regular,1,0.2618,27,2760.0
2026-08-14,67500,2026-09-10,call,regular,2127,0.2611,27,2680.0
2026-08-14,67625,2026-09-10,call,regular,31,0.2624,27,2615.0
2026-08-14,67750,2026-09-10,call,regular,477,0.2634,27,2550.0
2026-08-14,67875,2026-09-10,call,regular,23,0.2636,27,2480.0
2026-08-14,68000,2026-09-10,call,regular,2232,0.2643,27,2415.0
2026-08-14,68250,2026-09-10,call,regular,6,0.2644,27,2280.0
2026-08-14,68500,2026-09-10,call,regular,216,0.2699,27,2190.0
2026-08-14,68625,2026-09-10,call,regular,1,0.265,27,2090.0
2026-08-14,68750,2026-09-10,call,regular,304,0.2653,27,2030.0
2026-08-14,68875,2026-09-10,call,regular,67,0.2655,27,1970.0
2026-08-14,69000,2026-09-10,call,regular,1559,0.2708,27,1950.0
2026-08-14,69125,2026-09-10,call,regular,2005000,0.2659,27,1855.0
2026-08-14,69250,2026-09-10,call,regular,107,0.2662,27,1800.0
2026-08-14,69500,2026-09-10,call,regular,656,0.267,27,1695.0
2026-08-14,69750,2026-09-10,call,regular,482,0.2672,27,1590.0
2026-08-14,70000,2026-09-10,call,regular,3139,0.2701,27,1510.0
2026-08-14,70250,2026-09-10,call,regular,8,0.2683,27,1400.0
2026-08-14,70500,2026-09-10,call,regular,312,0.2692,27,1315.0
2026-08-14,70625,2026-09-10,call,regular,55,0.2684,27,1265.0
2026-08-14,70750,2026-09-10,call,regular,17,0.2682,27,1220.0
2026-08-14,70875,2026-09-10,call,regular,61,0.2692,27,1185.0
2026-08-14,71000,2026-09-10,call,regular,1908,0.2708,27,1155.0
2026-08-14,71125,2026-09-10,call,regular,57,0.2701,27,1110.0
2026-08-14,71250,2026-09-10,call,regular,14,0.2692,27,1065.0
2026-08-14,71500,2026-09-10,call,regular,1352,0.2729,27,1015.0
2026-08-14,71625,2026-09-10,call,regular,2,0.2723,27,975.0
2026-08-14,71750,2026-09-10,call,regular,3,0.2715,27,935.0
2026-08-14,72000,2026-09-10,call,regular,2382,0.2757,27,895.0
2026-08-14,72125,2026-09-10,call,regular,78,0.2713,27,835.0
2026-08-14,72250,2026-09-10,call,regular,11,0.2707,27,800.0
2026-08-14,72500,2026-09-10,call,regular,2099,0.2731,27,755.0
2026-08-14,72750,2026-09-10,call,regular,4,0.2759,27,715.0
2026-08-14,73000,2026-09-10,call,regular,2158,0.2738,27,650.0
2026-08-14,73250,2026-09-10,call,regular,4,0.2747,27,605.0
2026-08-14,73500,2026-09-10,call,regular,462,0.275,27,560.0
2026-08-14,73625,2026-09-10,call,regular,2,0.2745,27,535.0
2026-08-14,73750,2026-09-10,call,regular,54,0.2757,27,520.0
2026-08-14,73875,2026-09-10,call,regular,18,0.2759,27,500.0
2026-08-14,74000,2026-09-10,call,regular,1016,0.278,27,490.0
2026-08-14,74250,2026-09-10,call,regular,2,0.2767,27,445.0
2026-08-14,74500,2026-09-10,call,regular,129,0.2769,27,410.0
2026-08-14,74625,2026-09-10,call,regular,1,0.2774,27,395.0
2026-08-14,74750,2026-09-10,call,regular,1,0.2777,27,380.0
2026-08-14,75000,2026-09-10,call,regular,3022,0.2817,27,365.0
2026-08-14,75250,2026-09-10,call,regular,27,0.2791,27,325.0
2026-08-14,75500,2026-09-10,call,regular,144,0.2789,27,297.0
2026-08-14,76000,2026-09-10,call,regular,455,0.2794,27,250.0
2026-08-14,76500,2026-09-10,call,regular,39,0.2817,27,215.0
2026-08-14,77000,2026-09-10,call,regular,642,0.2814,27,178.0
2026-08-14,77500,2026-09-10,call,regular,967,0.283,27,151.0
2026-08-14,78000,2026-09-10,call,regular,2025,0.2837,27,126.0
2026-08-14,78500,2026-09-10,call,regular,15,0.2849,27,106.0
2026-08-14,79000,2026-09-10,call,regular,111,0.2874,27,91.0
2026-08-14,79500,2026-09-10,call,regular,202,0.2877,27,75.0
2026-08-14,80000,2026-09-10,call,regular,1258,0.286,27,59.0
2026-08-14,80500,2026-09-10,call,regular,10,0.2889,27,51.0
2026-08-14,81000,2026-09-10,call,regular,219,0.2896,27,42.0
2026-08-14,81500,2026-09-10,call,regular,19,0.2884,27,33.0
2026-08-14,82000,2026-09-10,call,regular,179,0.2891,27,27.0
2026-08-14,82500,2026-09-10,call,regular,8,0.2897,27,22.0
2026-08-14,83000,2026-09-10,call,regular,905,0.2905,27,18.0
2026-08-14,83500,2026-09-10,call,regular,4,0.2943,27,16.0
2026-08-14,84000,2026-09-10,call,regular,822,0.2922,27,12.0
2026-08-14,84500,2026-09-10,call,regular,5,0.2904,27,9.0
2026-08-14,85000,2026-09-10,call,regular,1456,0.294,27,8.0
2026-08-14,87500,2026-09-10,call,regular,616,0.3,27,3.0
2026-08-14,90000,2026-09-10,call,regular,391,0.3203,27,2.0
2026-08-14,92000,2026-09-10,call,regular,63,0.3258,27,1.0
2026-08-14,94000,2026-09-10,call,regular,14,0.3478,27,1.0
2026-08-14,95000,2026-09-10,call,regular,43,0.3586,27,1.0
2026-08-14,96000,2026-09-10,call,regular,20,0.3693,27,1.0
2026-08-14,98000,2026-09-10,call,regular,15,0.3902,27,1.0
2026-08-14,100000,2026-09-10,call,regular,89,0.4105,27,1.0
2026-08-14,35000,2026-10-08,call,regular,20,0.2,55,32955.0
2026-08-14,45000,2026-10-08,call,regular,2,0.2,55,23050.0
2026-08-14,47500,2026-10-08,call,regular,34,0.2,55,20585.0
2026-08-14,53000,2026-10-08,call,regular,34,0.2,55,15230.0
2026-08-14,55000,2026-10-08,call,regular,4,0.2,55,13330.0
2026-08-14,57000,2026-10-08,call,regular,1,0.2,55,11470.0
2026-08-14,58000,2026-10-08,call,regular,1,0.2,55,10565.0
2026-08-14,60000,2026-10-08,call,regular,1,0.2,55,8805.0
2026-08-14,60500,2026-10-08,call,regular,100,0.1639,55,8385.0
2026-08-14,61000,2026-10-08,call,regular,201,0.1866,55,7945.0
2026-08-14,62000,2026-10-08,call,regular,29,0.2182,55,7140.0
2026-08-14,63000,2026-10-08,call,regular,4,0.2344,55,6375.0
2026-08-14,63875,2026-10-08,call,regular,50,0.2436,55,5740.0
2026-08-14,64000,2026-10-08,call,regular,31,0.2437,55,5645.0
2026-08-14,65000,2026-10-08,call,regular,103,0.2478,55,4940.0
2026-08-14,65250,2026-10-08,call,regular,1,0.2495,55,4780.0
2026-08-14,65500,2026-10-08,call,regular,60,0.2508,55,4620.0
2026-08-14,66000,2026-10-08,call,regular,301,0.2494,55,4275.0
2026-08-14,66250,2026-10-08,call,regular,4,0.2532,55,4150.0
2026-08-14,67000,2026-10-08,call,regular,380,0.2521,55,3680.0
2026-08-14,67500,2026-10-08,call,regular,80,0.2524,55,3395.0
2026-08-14,67750,2026-10-08,call,regular,1,0.2527,55,3260.0
2026-08-14,68000,2026-10-08,call,regular,283,0.2536,55,3135.0
2026-08-14,68125,2026-10-08,call,regular,13,0.2528,55,3060.0
2026-08-14,68375,2026-10-08,call,regular,1,0.2536,55,2940.0
2026-08-14,68500,2026-10-08,call,regular,1,0.252,55,2860.0
2026-08-14,69000,2026-10-08,call,regular,337,0.2533,55,2630.0
2026-08-14,69500,2026-10-08,call,regular,1,0.2536,55,2405.0
2026-08-14,70000,2026-10-08,call,regular,731,0.2545,55,2200.0
2026-08-14,70500,2026-10-08,call,regular,100,0.255,55,2005.0
2026-08-14,70750,2026-10-08,call,regular,1,0.2555,55,1915.0
2026-08-14,71000,2026-10-08,call,regular,15,0.2556,55,1825.0
2026-08-14,71500,2026-10-08,call,regular,3,0.2569,55,1665.0
2026-08-14,72000,2026-10-08,call,regular,212,0.2575,55,1510.0
2026-08-14,72250,2026-10-08,call,regular,3,0.2571,55,1430.0
2026-08-14,73000,2026-10-08,call,regular,319,0.2587,55,1235.0
2026-08-14,73250,2026-10-08,call,regular,1,0.2586,55,1170.0
2026-08-14,73500,2026-10-08,call,regular,2,0.2594,55,1115.0
2026-08-14,74000,2026-10-08,call,regular,52,0.2601,55,1005.0
2026-08-14,74250,2026-10-08,call,regular,1,0.2606,55,955.0
2026-08-14,74500,2026-10-08,call,regular,130,0.2615,55,910.0
2026-08-14,75000,2026-10-08,call,regular,1379,0.2618,55,815.0
2026-08-14,76000,2026-10-08,call,regular,361,0.2631,55,655.0
2026-08-14,77000,2026-10-08,call,regular,1007,0.2687,55,550.0
2026-08-14,77500,2026-10-08,call,regular,1,0.2656,55,470.0
2026-08-14,78000,2026-10-08,call,regular,66,0.2665,55,420.0
2026-08-14,78500,2026-10-08,call,regular,1,0.2674,55,375.0
2026-08-14,79000,2026-10-08,call,regular,3,0.2673,55,330.0
2026-08-14,80000,2026-10-08,call,regular,1763,0.2698,55,265.0
2026-08-14,81000,2026-10-08,call,regular,402,0.2705,55,206.0
2026-08-14,81500,2026-10-08,call,regular,200000,0.2708,55,181.0
2026-08-14,82000,2026-10-08,call,regular,3,0.2725,55,163.0
2026-08-14,83000,2026-10-08,call,regular,138000,0.2737,55,127.0
2026-08-14,83500,2026-10-08,call,regular,7,0.2748,55,113.0
2026-08-14,84000,2026-10-08,call,regular,6,0.2712,55,91.0
2026-08-14,85000,2026-10-08,call,regular,137,0.273,55,71.0
2026-08-14,87500,2026-10-08,call,regular,7,0.2822,55,43.0
2026-08-14,90000,2026-10-08,call,regular,27,0.2815,55,20.0
2026-08-14,95000,2026-10-08,call,regular,6,0.3065,55,10.0
2026-08-14,100000,2026-10-08,call,regular,31,0.3272,55,5.0
2026-08-14,50250,2026-11-12,call,regular,35,0.2,90,18150.0
2026-08-14,56000,2026-11-12,call,regular,34,0.2,90,12805.0
2026-08-14,57500,2026-11-12,call,regular,100,0.2153,90,11485.0
2026-08-14,60500,2026-11-12,call,regular,100,0.2496,90,8970.0
2026-08-14,61000,2026-11-12,call,regular,200,0.252,90,8575.0
2026-08-14,63000,2026-11-12,call,regular,1,0.2575,90,7070.0
2026-08-14,64000,2026-11-12,call,regular,125,0.2589,90,6370.0
2026-08-14,65000,2026-11-12,call,regular,10,0.259,90,5700.0
2026-08-14,66000,2026-11-12,call,regular,321,0.2604,90,5090.0
2026-08-14,67000,2026-11-12,call,regular,938,0.2593,90,4495.0
2026-08-14,67500,2026-11-12,call,regular,300,0.2596,90,4225.0
2026-08-14,68000,2026-11-12,call,regular,130,0.2594,90,3960.0
2026-08-14,69000,2026-11-12,call,regular,1137,0.2591,90,3465.0
2026-08-14,70000,2026-11-12,call,regular,588,0.2584,90,3010.0
2026-08-14,71000,2026-11-12,call,regular,4,0.2589,90,2615.0
2026-08-14,72000,2026-11-12,call,regular,195,0.259,90,2255.0
2026-08-14,72500,2026-11-12,call,regular,201,0.259,90,2090.0
2026-08-14,74000,2026-11-12,call,regular,100,0.2585,90,1645.0
2026-08-14,75000,2026-11-12,call,regular,102,0.2611,90,1425.0
2026-08-14,80000,2026-11-12,call,regular,50,0.2652,90,620.0
2026-08-14,82500,2026-11-12,call,regular,1,0.2676,90,400.0
2026-08-14,85000,2026-11-12,call,regular,275000,0.2672,90,243.0
2026-08-14,90000,2026-11-12,call,regular,1,0.2718,90,94.0
2026-08-14,95000,2026-11-12,call,regular,5,0.284,90,44.0
2026-08-14,100000,2026-11-12,call,regular,4,0.3009,90,25.0
2026-08-14,12500,2026-12-10,call,regular,84,0.2,118,55355.0
2026-08-14,20000,2026-12-10,call,regular,150,0.2,118,47900.0
2026-08-14,22000,2026-12-10,call,regular,100,0.2,118,45910.0
2026-08-14,25000,2026-12-10,call,regular,300,0.2,118,42930.0
2026-08-14,26000,2026-12-10,call,regular,350,0.2,118,41940.0
2026-08-14,27000,2026-12-10,call,regular,250,0.2,118,40950.0
2026-08-14,28000,2026-12-10,call,regular,75,0.2,118,39960.0
2026-08-14,28500,2026-12-10,call,regular,125,0.2,118,39465.0
2026-08-14,29000,2026-12-10,call,regular,150,0.2,118,38970.0
2026-08-14,30000,2026-12-10,call,regular,100,0.2,118,37980.0
2026-08-14,30500,2026-12-10,call,regular,50,0.2,118,37485.0
2026-08-14,31000,2026-12-10,call,regular,241,0.2,118,36990.0
2026-08-14,31500,2026-12-10,call,regular,50,0.2,118,36495.0
2026-08-14,32000,2026-12-10,call,regular,700,0.2,118,36030.0
2026-08-14,32500,2026-12-10,call,regular,250,0.2,118,35535.0
2026-08-14,33000,2026-12-10,call,regular,1950,0.2,118,35040.0
2026-08-14,34000,2026-12-10,call,regular,280,0.2,118,34055.0
2026-08-14,34500,2026-12-10,call,regular,400,0.2,118,33565.0
2026-08-14,35000,2026-12-10,call,regular,435,0.2,118,33070.0
2026-08-14,36000,2026-12-10,call,regular,975,0.2,118,32090.0
2026-08-14,36500,2026-12-10,call,regular,252,0.2,118,31600.0
2026-08-14,37000,2026-12-10,call,regular,450,0.2,118,31110.0
2026-08-14,37500,2026-12-10,call,regular,88,0.2,118,30620.0
2026-08-14,37750,2026-12-10,call,regular,100,0.2,118,30375.0
2026-08-14,38000,2026-12-10,call,regular,1225,0.2,118,30130.0
2026-08-14,38500,2026-12-10,call,regular,700,0.2,118,29640.0
2026-08-14,38750,2026-12-10,call,regular,50,0.2,118,29395.0
2026-08-14,39000,2026-12-10,call,regular,750,0.2,118,29150.0
2026-08-14,39500,2026-12-10,call,regular,500,0.2,118,28655.0
2026-08-14,40000,2026-12-10,call,regular,1200,0.2,118,28165.0
2026-08-14,40500,2026-12-10,call,regular,400,0.2,118,27685.0
2026-08-14,41000,2026-12-10,call,regular,1300,0.2,118,27190.0
2026-08-14,41500,2026-12-10,call,regular,100,0.2,118,26705.0
2026-08-14,42000,2026-12-10,call,regular,1071,0.2,118,26220.0
2026-08-14,42500,2026-12-10,call,regular,250,0.2,118,25735.0
2026-08-14,43000,2026-12-10,call,regular,1400,0.2,118,25250.0
2026-08-14,43750,2026-12-10,call,regular,100,0.2,118,24520.0
2026-08-14,44000,2026-12-10,call,regular,600,0.2,118,24280.0
2026-08-14,45000,2026-12-10,call,regular,1842,0.2,118,23310.0
2026-08-14,45250,2026-12-10,call,regular,413,0.2,118,23070.0
2026-08-14,45500,2026-12-10,call,regular,200,0.2,118,22830.0
2026-08-14,46000,2026-12-10,call,regular,2300,0.2,118,22350.0
2026-08-14,46250,2026-12-10,call,regular,315,0.2,118,22110.0
2026-08-14,47000,2026-12-10,call,regular,350,0.2,118,21390.0
2026-08-14,47500,2026-12-10,call,regular,200,0.2,118,20910.0
2026-08-14,48000,2026-12-10,call,regular,750,0.2,118,20430.0
2026-08-14,49000,2026-12-10,call,regular,1000,0.2,118,19485.0
2026-08-14,49500,2026-12-10,call,regular,260,0.2,118,19010.0
2026-08-14,50000,2026-12-10,call,regular,3342,0.2,118,18540.0
2026-08-14,50250,2026-12-10,call,regular,58,0.2,118,18305.0
2026-08-14,50500,2026-12-10,call,regular,600,0.2,118,18075.0
2026-08-14,50750,2026-12-10,call,regular,45,0.2,118,17835.0
2026-08-14,51000,2026-12-10,call,regular,731,0.2,118,17600.0
2026-08-14,52000,2026-12-10,call,regular,802,0.2,118,16675.0
2026-08-14,52250,2026-12-10,call,regular,250,0.2,118,16445.0
2026-08-14,52500,2026-12-10,call,regular,50,0.2,118,16215.0
2026-08-14,53000,2026-12-10,call,regular,1135,0.2,118,15760.0
2026-08-14,53500,2026-12-10,call,regular,106,0.2,118,15300.0
2026-08-14,54000,2026-12-10,call,regular,1941,0.2,118,14850.0
2026-08-14,54500,2026-12-10,call,regular,540,0.1921,118,14400.0
2026-08-14,55000,2026-12-10,call,regular,1829,0.2173,118,13965.0
2026-08-14,55500,2026-12-10,call,regular,300,0.229,118,13525.0
2026-08-14,56000,2026-12-10,call,regular,791,0.2363,118,13085.0
2026-08-14,56500,2026-12-10,call,regular,283,0.2429,118,12655.0
2026-08-14,57000,2026-12-10,call,regular,500,0.2471,118,12225.0
2026-08-14,57250,2026-12-10,call,regular,113,0.2535,118,12040.0
2026-08-14,57500,2026-12-10,call,regular,80,0.2505,118,11800.0
2026-08-14,58000,2026-12-10,call,regular,2603,0.2525,118,11375.0
2026-08-14,58500,2026-12-10,call,regular,350,0.2547,118,10960.0
2026-08-14,59000,2026-12-10,call,regular,1900,0.2569,118,10555.0
2026-08-14,59500,2026-12-10,call,regular,100,0.2581,118,10150.0
2026-08-14,60000,2026-12-10,call,regular,7264,0.2594,118,9755.0
2026-08-14,60500,2026-12-10,call,regular,102,0.2597,118,9360.0
2026-08-14,61000,2026-12-10,call,regular,813,0.2607,118,8980.0
2026-08-14,62000,2026-12-10,call,regular,1350,0.2615,118,8235.0
2026-08-14,62500,2026-12-10,call,regular,828,0.2614,118,7870.0
2026-08-14,63000,2026-12-10,call,regular,1615,0.2618,118,7520.0
2026-08-14,63750,2026-12-10,call,regular,25,0.2644,118,7040.0
2026-08-14,64000,2026-12-10,call,regular,1990,0.2607,118,6825.0
2026-08-14,65000,2026-12-10,call,regular,3176,0.2609,118,6185.0
2026-08-14,65500,2026-12-10,call,regular,584,0.2611,118,5880.0
2026-08-14,66000,2026-12-10,call,regular,720,0.2609,118,5580.0
2026-08-14,66250,2026-12-10,call,regular,15,0.2605,118,5430.0
2026-08-14,66500,2026-12-10,call,regular,350,0.2603,118,5285.0
2026-08-14,67000,2026-12-10,call,regular,1128,0.2598,118,5000.0
2026-08-14,67250,2026-12-10,call,regular,25,0.2595,118,4860.0
2026-08-14,67500,2026-12-10,call,regular,25,0.2596,118,4730.0
2026-08-14,68000,2026-12-10,call,regular,3292,0.2594,118,4470.0
2026-08-14,68500,2026-12-10,call,regular,220,0.2589,118,4215.0
2026-08-14,69000,2026-12-10,call,regular,1344,0.2581,118,3965.0
2026-08-14,69250,2026-12-10,call,regular,50,0.2585,118,3855.0
2026-08-14,69750,2026-12-10,call,regular,158,0.258,118,3625.0
2026-08-14,70000,2026-12-10,call,regular,5112,0.2582,118,3520.0
2026-08-14,70500,2026-12-10,call,regular,10,0.2578,118,3305.0
2026-08-14,71000,2026-12-10,call,regular,200,0.2577,118,3105.0
2026-08-14,72000,2026-12-10,call,regular,885,0.2575,118,2730.0
2026-08-14,72250,2026-12-10,call,regular,2,0.2573,118,2640.0
2026-08-14,72500,2026-12-10,call,regular,2193,0.2573,118,2555.0
2026-08-14,73000,2026-12-10,call,regular,800,0.2578,118,2400.0
2026-08-14,73500,2026-12-10,call,regular,400,0.2575,118,2240.0
2026-08-14,74000,2026-12-10,call,regular,1050,0.2577,118,2095.0
2026-08-14,75000,2026-12-10,call,regular,3732,0.2581,118,1830.0
2026-08-14,75750,2026-12-10,call,regular,1,0.2584,118,1650.0
2026-08-14,76000,2026-12-10,call,regular,400,0.2582,118,1590.0
2026-08-14,77000,2026-12-10,call,regular,459,0.259,118,1385.0
2026-08-14,77500,2026-12-10,call,regular,1301,0.2593,118,1290.0
2026-08-14,78000,2026-12-10,call,regular,394,0.2595,118,1200.0
2026-08-14,79000,2026-12-10,call,regular,204,0.2603,118,1040.0
2026-08-14,80000,2026-12-10,call,regular,7196,0.2606,118,895.0
2026-08-14,81000,2026-12-10,call,regular,1,0.2611,118,770.0
2026-08-14,82500,2026-12-10,call,regular,601,0.2617,118,610.0
2026-08-14,84000,2026-12-10,call,regular,402,0.2628,118,485.0
2026-08-14,85000,2026-12-10,call,regular,689,0.2635,118,415.0
2026-08-14,87500,2026-12-10,call,regular,2458,0.266,118,283.0
2026-08-14,90000,2026-12-10,call,regular,2126,0.2687,118,193.0
2026-08-14,95000,2026-12-10,call,regular,1074,0.2728,118,87.0
2026-08-14,100000,2026-12-10,call,regular,500,0.2704,118,32.0
2026-08-14,54250,2027-01-07,call,regular,27,0.2584,146,14935.0
2026-08-14,61000,2027-01-07,call,regular,26,0.2722,146,9445.0
2026-08-14,63750,2027-01-07,call,regular,50,0.2688,146,7505.0
2026-08-14,64000,2027-01-07,call,regular,100,0.2682,146,7335.0
2026-08-14,68000,2027-01-07,call,regular,9500000,0.2584,146,4905.0
2026-08-14,69000,2027-01-07,call,regular,1,0.2585,146,4425.0
2026-08-14,69500,2027-01-07,call,regular,2,0.2574,146,4180.0
2026-08-14,70000,2027-01-07,call,regular,2,0.2573,146,3960.0
2026-08-14,70250,2027-01-07,call,regular,1,0.2568,146,3845.0
2026-08-14,70500,2027-01-07,call,regular,2,0.2567,146,3740.0
2026-08-14,71000,2027-01-07,call,regular,1,0.2565,146,3535.0
2026-08-14,71500,2027-01-07,call,regular,125,0.2567,146,3345.0
2026-08-14,72000,2027-01-07,call,regular,2,0.2564,146,3155.0
2026-08-14,73000,2027-01-07,call,regular,1,0.2555,146,2795.0
2026-08-14,74000,2027-01-07,call,regular,2,0.2561,146,2490.0
2026-08-14,80000,2027-01-07,call,regular,1,0.2552,146,1140.0
2026-08-14,100000,2027-01-07,call,regular,3,0.2786,146,90.0
2026-08-14,56000,2027-02-10,call,regular,8,0.2792,180,13780.0
2026-08-14,56750,2027-02-10,call,regular,60,0.2789,180,13160.0
2026-08-14,64000,2027-02-10,call,regular,60,0.2701,180,7825.0
2026-08-14,66000,2027-02-10,call,regular,8,0.2671,180,6605.0
2026-08-14,75000,2027-02-10,call,regular,100,0.2588,180,2705.0
2026-08-14,52000,2027-03-11,call,regular,560,0.2825,209,17435.0
2026-08-14,52750,2027-03-11,call,regular,8,0.2837,209,16785.0
2026-08-14,53000,2027-03-11,call,regular,275,0.2839,209,16570.0
2026-08-14,53500,2027-03-11,call,regular,202,0.2846,209,16145.0
2026-08-14,53750,2027-03-11,call,regular,44,0.2844,209,15930.0
2026-08-14,54000,2027-03-11,call,regular,267,0.2846,209,15720.0
2026-08-14,55000,2027-03-11,call,regular,550,0.2847,209,14885.0
2026-08-14,56000,2027-03-11,call,regular,50,0.2842,209,14065.0
2026-08-14,56500,2027-03-11,call,regular,1,0.2837,209,13660.0
2026-08-14,57000,2027-03-11,call,regular,365,0.2832,209,13260.0
2026-08-14,58000,2027-03-11,call,regular,150,0.2823,209,12480.0
2026-08-14,59500,2027-03-11,call,regular,200,0.2801,209,11340.0
2026-08-14,59750,2027-03-11,call,regular,2,0.2798,209,11155.0
2026-08-14,60000,2027-03-11,call,regular,12,0.2796,209,10975.0
2026-08-14,60250,2027-03-11,call,regular,44,0.279,209,10790.0
2026-08-14,61000,2027-03-11,call,regular,160,0.278,209,10255.0
2026-08-14,61750,2027-03-11,call,regular,1,0.2767,209,9730.0
2026-08-14,62500,2027-03-11,call,regular,508,0.2755,209,9220.0
2026-08-14,63000,2027-03-11,call,regular,392,0.2748,209,8890.0
2026-08-14,64000,2027-03-11,call,regular,100,0.273,209,8245.0
2026-08-14,64250,2027-03-11,call,regular,100,0.2727,209,8090.0
2026-08-14,65000,2027-03-11,call,regular,801,0.2715,209,7630.0
2026-08-14,66000,2027-03-11,call,regular,700,0.2698,209,7040.0
2026-08-14,66250,2027-03-11,call,regular,15,0.2693,209,6895.0
2026-08-14,66500,2027-03-11,call,regular,6,0.2689,209,6755.0
2026-08-14,67000,2027-03-11,call,regular,200,0.2682,209,6480.0
2026-08-14,68000,2027-03-11,call,regular,300,0.2664,209,5945.0
2026-08-14,69000,2027-03-11,call,regular,350,0.265,209,5445.0
2026-08-14,69250,2027-03-11,call,regular,10,0.2647,209,5325.0
2026-08-14,70000,2027-03-11,call,regular,642,0.2637,209,4975.0
2026-08-14,70500,2027-03-11,call,regular,150,0.263,209,4750.0
2026-08-14,71000,2027-03-11,call,regular,100,0.2622,209,4530.0
2026-08-14,72000,2027-03-11,call,regular,650,0.2608,209,4115.0
2026-08-14,72500,2027-03-11,call,regular,85,0.2603,209,3920.0
2026-08-14,73000,2027-03-11,call,regular,400,0.2596,209,3730.0
2026-08-14,73500,2027-03-11,call,regular,1,0.2591,209,3550.0
2026-08-14,74000,2027-03-11,call,regular,3,0.2586,209,3375.0
2026-08-14,75000,2027-03-11,call,regular,454,0.2575,209,3045.0
2026-08-14,77500,2027-03-11,call,regular,400,0.2553,209,2335.0
2026-08-14,80000,2027-03-11,call,regular,264,0.2537,209,1770.0
2026-08-14,82500,2027-03-11,call,regular,737,0.2526,209,1330.0
2026-08-14,85000,2027-03-11,call,regular,330,0.2526,209,1000.0
2026-08-14,90000,2027-03-11,call,regular,322,0.2558,209,580.0
2026-08-14,95000,2027-03-11,call,regular,500,0.2638,209,365.0
2026-08-14,100000,2027-03-11,call,regular,78,0.2799,209,276.0
2026-08-14,57000,2027-04-08,call,regular,25,0.2555,237,13125.0
2026-08-14,57750,2027-04-08,call,regular,88,0.2561,237,12545.0
2026-08-14,65000,2027-04-08,call,regular,88,0.2543,237,7620.0
2026-08-14,67000,2027-04-08,call,regular,25,0.2526,237,6500.0
2026-08-14,60250,2027-05-13,call,regular,8,0.2612,272,11100.0
2026-08-14,61250,2027-05-13,call,regular,23,0.2602,272,10410.0
2026-08-14,71000,2027-05-13,call,regular,23,0.2522,272,5065.0
2026-08-14,72000,2027-05-13,call,regular,8,0.2518,272,4665.0
2026-08-14,16250,2027-06-10,call,regular,114,0.2,300,51470.0
2026-08-14,30000,2027-06-10,call,regular,300,0.2,300,38050.0
2026-08-14,33000,2027-06-10,call,regular,50,0.2,300,35160.0
2026-08-14,36000,2027-06-10,call,regular,150,0.2,300,32290.0
2026-08-14,37000,2027-06-10,call,regular,50,0.2,300,31340.0
2026-08-14,37250,2027-06-10,call,regular,480,0.2,300,31105.0
2026-08-14,38500,2027-06-10,call,regular,140,0.2,300,29920.0
2026-08-14,39000,2027-06-10,call,regular,50,0.2,300,29450.0
2026-08-14,44500,2027-06-10,call,regular,300,0.2,300,24355.0
2026-08-14,50000,2027-06-10,call,regular,300,0.2658,300,19485.0
2026-08-14,50500,2027-06-10,call,regular,175,0.267,300,19055.0
2026-08-14,53000,2027-06-10,call,regular,100,0.2713,300,16970.0
2026-08-14,54000,2027-06-10,call,regular,1050,0.2718,300,16160.0
2026-08-14,55000,2027-06-10,call,regular,300,0.2718,300,15365.0
2026-08-14,56000,2027-06-10,call,regular,175,0.2714,300,14585.0
2026-08-14,57000,2027-06-10,call,regular,50,0.271,300,13825.0
2026-08-14,58500,2027-06-10,call,regular,58,0.2699,300,12720.0
2026-08-14,60000,2027-06-10,call,regular,950,0.2685,300,11660.0
2026-08-14,62500,2027-06-10,call,regular,150,0.2659,300,10000.0
2026-08-14,63000,2027-06-10,call,regular,100,0.2653,300,9685.0
2026-08-14,64000,2027-06-10,call,regular,200,0.264,300,9070.0
2026-08-14,65000,2027-06-10,call,regular,250,0.2628,300,8480.0
2026-08-14,65500,2027-06-10,call,regular,62,0.262,300,8190.0
2026-08-14,66500,2027-06-10,call,regular,125,0.2607,300,7635.0
2026-08-14,67000,2027-06-10,call,regular,470,0.26,300,7365.0
2026-08-14,68000,2027-06-10,call,regular,400,0.2589,300,6850.0
2026-08-14,68250,2027-06-10,call,regular,15,0.2586,300,6725.0
2026-08-14,68500,2027-06-10,call,regular,200,0.2583,300,6600.0
2026-08-14,69250,2027-06-10,call,regular,36,0.2573,300,6235.0
2026-08-14,70000,2027-06-10,call,regular,550,0.2563,300,5885.0
2026-08-14,71000,2027-06-10,call,regular,100,0.2551,300,5440.0
2026-08-14,72000,2027-06-10,call,regular,100,0.2538,300,5015.0
2026-08-14,75000,2027-06-10,call,regular,475,0.2504,300,3895.0
2026-08-14,77500,2027-06-10,call,regular,36,0.2477,300,3115.0
2026-08-14,80000,2027-06-10,call,regular,16,0.2461,300,2480.0
2026-08-14,85000,2027-06-10,call,regular,550,0.2466,300,1590.0
2026-08-14,90000,2027-06-10,call,regular,100,0.2475,300,1005.0
2026-08-14,65750,2027-07-08,call,regular,20,0.2575,328,8230.0
2026-08-14,66750,2027-07-08,call,regular,32,0.2565,328,7690.0
2026-08-14,75000,2027-07-08,call,regular,32,0.2501,328,4165.0
2026-08-14,77000,2027-07-08,call,regular,20,0.2488,328,3540.0
2026-08-14,65000,2027-09-09,call,regular,1,0.2642,391,9395.0
2026-08-14,77500,2027-09-09,call,regular,2,0.2523,391,4060.0
2026-08-14,28000,2027-12-09,call,regular,50,0.2,482,39975.0
2026-08-14,30000,2027-12-09,call,regular,225,0.2,482,38080.0
2026-08-14,31500,2027-12-09,call,regular,50,0.2,482,36665.0
2026-08-14,32000,2027-12-09,call,regular,100,0.2,482,36195.0
2026-08-14,33000,2027-12-09,call,regular,100,0.2,482,35260.0
2026-08-14,34000,2027-12-09,call,regular,375,0.2,482,34330.0
2026-08-14,35000,2027-12-09,call,regular,201,0.2,482,33405.0
2026-08-14,36000,2027-12-09,call,regular,80,0.2,482,32480.0
2026-08-14,36750,2027-12-09,call,regular,442,0.2,482,31795.0
2026-08-14,37000,2027-12-09,call,regular,200,0.2,482,31565.0
2026-08-14,38000,2027-12-09,call,regular,575,0.2,482,30655.0
2026-08-14,39000,2027-12-09,call,regular,125,0.2,482,29750.0
2026-08-14,39250,2027-12-09,call,regular,50,0.2,482,29525.0
2026-08-14,39500,2027-12-09,call,regular,50,0.2,482,29300.0
2026-08-14,40000,2027-12-09,call,regular,350,0.2,482,28855.0
2026-08-14,40500,2027-12-09,call,regular,450,0.1738,482,28410.0
2026-08-14,41000,2027-12-09,call,regular,375,0.2082,482,27965.0
2026-08-14,42000,2027-12-09,call,regular,200,0.2333,482,27080.0
2026-08-14,43000,2027-12-09,call,regular,400,0.2466,482,26205.0
2026-08-14,43500,2027-12-09,call,regular,150,0.2519,482,25775.0
2026-08-14,45000,2027-12-09,call,regular,1950,0.2614,482,24485.0
2026-08-14,46000,2027-12-09,call,regular,500,0.2652,482,23635.0
2026-08-14,48000,2027-12-09,call,regular,225,0.2701,482,21970.0
2026-08-14,49000,2027-12-09,call,regular,700,0.2714,482,21155.0
2026-08-14,50000,2027-12-09,call,regular,1950,0.2722,482,20350.0
2026-08-14,51000,2027-12-09,call,regular,300,0.2726,482,19560.0
2026-08-14,52500,2027-12-09,call,regular,100,0.2728,482,18400.0
2026-08-14,54000,2027-12-09,call,regular,300,0.272,482,17265.0
2026-08-14,54500,2027-12-09,call,regular,100,0.2717,482,16895.0
2026-08-14,55000,2027-12-09,call,regular,704,0.2715,482,16530.0
2026-08-14,57000,2027-12-09,call,regular,250,0.2699,482,15105.0
2026-08-14,58000,2027-12-09,call,regular,500,0.2689,482,14415.0
2026-08-14,60000,2027-12-09,call,regular,1225,0.2669,482,13090.0
2026-08-14,61000,2027-12-09,call,regular,200,0.2656,482,12450.0
2026-08-14,62000,2027-12-09,call,regular,200,0.2646,482,11835.0
2026-08-14,62500,2027-12-09,call,regular,70,0.2641,482,11535.0
2026-08-14,63000,2027-12-09,call,regular,300,0.2634,482,11235.0
2026-08-14,63500,2027-12-09,call,regular,50,0.263,482,10945.0
2026-08-14,64000,2027-12-09,call,regular,780,0.2623,482,10655.0
2026-08-14,65000,2027-12-09,call,regular,550,0.2612,482,10095.0
2026-08-14,66000,2027-12-09,call,regular,475,0.2601,482,9555.0
2026-08-14,67000,2027-12-09,call,regular,100,0.2589,482,9030.0
2026-08-14,68000,2027-12-09,call,regular,200,0.2579,482,8530.0
2026-08-14,69000,2027-12-09,call,regular,850,0.2569,482,8050.0
2026-08-14,70000,2027-12-09,call,regular,850,0.2559,482,7590.0
2026-08-14,72500,2027-12-09,call,regular,100,0.2535,482,6520.0
2026-08-14,75000,2027-12-09,call,regular,177,0.2516,482,5580.0
2026-08-14,80000,2027-12-09,call,regular,1000,0.2487,482,4035.0
2026-08-14,87500,2027-12-09,call,regular,100,0.2474,482,2460.0
2026-08-14,41500,2028-06-08,call,regular,100,0.2606,664,28035.0
2026-08-14,28000,2028-12-07,call,regular,50,0.2,846,40425.0
2026-08-14,30000,2028-12-07,call,regular,80,0.2,846,38630.0
2026-08-14,31000,2028-12-07,call,regular,200,0.2,846,37735.0
2026-08-14,32000,2028-12-07,call,regular,75,0.2,846,36850.0
2026-08-14,33000,2028-12-07,call,regular,125,0.205,846,35965.0
2026-08-14,34500,2028-12-07,call,regular,330,0.2451,846,34645.0
2026-08-14,34750,2028-12-07,call,regular,100,0.2483,846,34425.0
2026-08-14,35500,2028-12-07,call,regular,443,0.2562,846,33770.0
2026-08-14,36000,2028-12-07,call,regular,450,0.2602,846,33335.0
2026-08-14,36500,2028-12-07,call,regular,52,0.2632,846,32900.0
2026-08-14,38000,2028-12-07,call,regular,120,0.2701,846,31610.0
2026-08-14,39000,2028-12-07,call,regular,575,0.2727,846,30755.0
2026-08-14,40000,2028-12-07,call,regular,30,0.2746,846,29910.0
2026-08-14,41000,2028-12-07,call,regular,375,0.2756,846,29070.0
2026-08-14,42000,2028-12-07,call,regular,65,0.2762,846,28240.0
2026-08-14,42500,2028-12-07,call,regular,100,0.2762,846,27825.0
2026-08-14,50000,2028-12-07,call,regular,400,0.2716,846,21945.0
2026-08-14,53000,2028-12-07,call,regular,50,0.2687,846,19790.0
2026-08-14,55000,2028-12-07,call,regular,50,0.2668,846,18425.0
2026-08-14,56000,2028-12-07,call,regular,650,0.2657,846,17760.0
2026-08-14,60000,2028-12-07,call,regular,250,0.2622,846,15280.0
2026-08-14,67500,2028-12-07,call,regular,100,0.2567,846,11315.0
2026-08-14,75000,2028-12-07,call,regular,80,0.252,846,8190.0
2026-08-14,80000,2028-12-07,call,regular,200,0.2488,846,6510.0
2026-08-14,50000,2029-12-13,call,regular,100,0.2735,1217,23500.0
2026-08-14,60000,2029-12-13,call,regular,375,0.2651,1217,17330.0
2026-08-14,65000,2029-12-13,call,regular,50,0.2609,1217,14710.0
2026-08-14,57000,2030-12-12,call,regular,300,0.2718,1581,20815.0
2026-08-14,64000,2030-12-12,call,regular,3,0.2649,1581,17095.0
2026-08-14,58375,2026-08-19,put,mini,41,0.5684,5,9.0
2026-08-14,62000,2026-08-19,put,mini,64,0.5125,5,64.0
2026-08-14,66000,2026-08-19,put,mini,1,0.3805,5,276.0
2026-08-14,58375,2026-08-21,put,mini,573,0.4971,7,12.0
2026-08-14,58500,2026-08-21,put,mini,21,0.5094,7,16.0
2026-08-14,58625,2026-08-21,put,mini,6,0.4994,7,15.0
2026-08-14,58750,2026-08-21,put,mini,2,0.509,7,19.0
2026-08-14,58875,2026-08-21,put,mini,4,0.5099,7,21.0
2026-08-14,59000,2026-08-21,put,mini,40,0.5102,7,23.0
2026-08-14,59125,2026-08-21,put,mini,3,0.5071,7,24.0
2026-08-14,59375,2026-08-21,put,mini,3,0.4949,7,24.0
2026-08-14,59500,2026-08-21,put,mini,27,0.4887,7,24.0
2026-08-14,59750,2026-08-21,put,mini,3,0.482,7,26.0
2026-08-14,60000,2026-08-21,put,mini,82,0.4643,7,24.0
2026-08-14,60125,2026-08-21,put,mini,4,0.4759,7,31.0
2026-08-14,60250,2026-08-21,put,mini,2,0.4763,7,34.0
2026-08-14,60500,2026-08-21,put,mini,60,0.4698,7,37.0
2026-08-14,60750,2026-08-21,put,mini,50,0.4609,7,39.0
2026-08-14,60875,2026-08-21,put,mini,1,0.4564,7,40.0
2026-08-14,61000,2026-08-21,put,mini,132,0.4403,7,35.0
2026-08-14,61250,2026-08-21,put,mini,52,0.444,7,44.0
2026-08-14,61375,2026-08-21,put,mini,1,0.4392,7,45.0
2026-08-14,61500,2026-08-21,put,mini,76,0.4293,7,43.0
2026-08-14,61625,2026-08-21,put,mini,2,0.4339,7,50.0
2026-08-14,61750,2026-08-21,put,mini,103,0.4346,7,55.0
2026-08-14,62000,2026-08-21,put,mini,78,0.428,7,60.0
2026-08-14,62125,2026-08-21,put,mini,62,0.4237,7,62.0
2026-08-14,62250,2026-08-21,put,mini,51,0.4231,7,67.0
2026-08-14,62500,2026-08-21,put,mini,90,0.4116,7,69.0
2026-08-14,62750,2026-08-21,put,mini,20,0.4129,7,83.0
2026-08-14,62875,2026-08-21,put,mini,12,0.4067,7,84.0
2026-08-14,63000,2026-08-21,put,mini,149,0.4016,7,86.0
2026-08-14,63250,2026-08-21,put,mini,106,0.3862,7,85.0
2026-08-14,63500,2026-08-21,put,mini,238,0.3888,7,104.0
2026-08-14,63625,2026-08-21,put,mini,114,0.3895,7,114.0
2026-08-14,63750,2026-08-21,put,mini,104,0.3941,7,130.0
2026-08-14,63875,2026-08-21,put,mini,1,0.3907,7,136.0
2026-08-14,64000,2026-08-21,put,mini,321,0.3684,7,116.0
2026-08-14,64125,2026-08-21,put,mini,50,0.3879,7,155.0
2026-08-14,64250,2026-08-21,put,mini,59,0.3857,7,164.0
2026-08-14,64375,2026-08-21,put,mini,1,0.385,7,176.0
2026-08-14,64500,2026-08-21,put,mini,105,0.3884,7,196.0
2026-08-14,64625,2026-08-21,put,mini,2,0.3866,7,208.0
2026-08-14,64750,2026-08-21,put,mini,2,0.3771,7,206.0
2026-08-14,65000,2026-08-21,put,mini,415,0.3627,7,211.0
2026-08-14,65250,2026-08-21,put,mini,3,0.3767,7,276.0
2026-08-14,65500,2026-08-21,put,mini,114,0.3616,7,283.0
2026-08-14,65625,2026-08-21,put,mini,1,0.3765,7,340.0
2026-08-14,65750,2026-08-21,put,mini,65,0.377,7,365.0
2026-08-14,65875,2026-08-21,put,mini,385,0.375,7,385.0
2026-08-14,66000,2026-08-21,put,mini,83,0.3707,7,400.0
2026-08-14,66125,2026-08-21,put,mini,440,0.3754,7,440.0
2026-08-14,66250,2026-08-21,put,mini,11,0.3757,7,470.0
2026-08-14,66375,2026-08-21,put,mini,4,0.3773,7,505.0
2026-08-14,66500,2026-08-21,put,mini,63,0.3699,7,515.0
2026-08-14,66625,2026-08-21,put,mini,555,0.3722,7,555.0
2026-08-14,66750,2026-08-21,put,mini,8,0.3739,7,595.0
2026-08-14,66875,2026-08-21,put,mini,1,0.372,7,625.0
2026-08-14,67000,2026-08-21,put,mini,102,0.3742,7,670.0
2026-08-14,67125,2026-08-21,put,mini,715,0.3759,7,715.0
2026-08-14,67250,2026-08-21,put,mini,50,0.3696,7,735.0
2026-08-14,67375,2026-08-21,put,mini,2,0.3747,7,795.0
2026-08-14,67500,2026-08-21,put,mini,221,0.3778,7,850.0
2026-08-14,67625,2026-08-21,put,mini,1,0.3788,7,900.0
2026-08-14,67750,2026-08-21,put,mini,16,0.378,7,945.0
2026-08-14,67875,2026-08-21,put,mini,1,0.3754,7,985.0
2026-08-14,68000,2026-08-21,put,mini,247,0.3833,7,1065.0
2026-08-14,68125,2026-08-21,put,mini,1,0.3784,7,1100.0
2026-08-14,68250,2026-08-21,put,mini,16,0.3731,7,1135.0
2026-08-14,68375,2026-08-21,put,mini,1,0.3861,7,1240.0
2026-08-14,68500,2026-08-21,put,mini,10,0.3839,7,1290.0
2026-08-14,68625,2026-08-21,put,mini,10,0.3839,7,1350.0
2026-08-14,68750,2026-08-21,put,mini,6,0.3821,7,1405.0
2026-08-14,68875,2026-08-21,put,mini,1,0.3891,7,1495.0
2026-08-14,69000,2026-08-21,put,mini,13,0.3996,7,1600.0
2026-08-14,69250,2026-08-21,put,mini,1700,0.3904,7,1700.0
2026-08-14,69500,2026-08-21,put,mini,1900,0.4058,7,1900.0
2026-08-14,70000,2026-08-21,put,mini,1,0.4191,7,2250.0
2026-08-14,59875,2026-08-26,put,mini,82,0.4392,12,82.0
2026-08-14,62000,2026-08-26,put,mini,162,0.4027,12,162.0
2026-08-14,62625,2026-08-26,put,mini,194,0.3899,12,194.0
2026-08-14,65500,2026-08-26,put,mini,2,0.3609,12,565.0
2026-08-14,58375,2026-08-28,put,mini,11,0.4265,14,48.0
2026-08-14,58500,2026-08-28,put,mini,15,0.4273,14,52.0
2026-08-14,59000,2026-08-28,put,mini,2,0.4273,14,68.0
2026-08-14,60000,2026-08-28,put,mini,6,0.4291,14,115.0
2026-08-14,60375,2026-08-28,put,mini,1,0.4226,14,128.0
2026-08-14,61000,2026-08-28,put,mini,4,0.4137,14,156.0
2026-08-14,61250,2026-08-28,put,mini,1,0.4073,14,164.0
2026-08-14,62000,2026-08-28,put,mini,1,0.3956,14,206.0
2026-08-14,62750,2026-08-28,put,mini,4,0.3848,14,261.0
2026-08-14,63000,2026-08-28,put,mini,1,0.3788,14,276.0
2026-08-14,63500,2026-08-28,put,mini,1,0.3794,14,345.0
2026-08-14,64000,2026-08-28,put,mini,7,0.3684,14,390.0
2026-08-14,65500,2026-08-28,put,mini,2,0.3604,14,670.0
2026-08-14,66250,2026-08-28,put,mini,4,0.3563,14,860.0
2026-08-14,67500,2026-08-28,put,mini,3,0.3564,14,1300.0
2026-08-14,67750,2026-08-28,put,mini,4,0.3577,14,1410.0
2026-08-14,68125,2026-08-28,put,mini,1585,0.3597,14,1585.0
2026-08-14,68500,2026-08-28,put,mini,1770,0.3614,14,1770.0
2026-08-14,65500,2026-09-02,put,mini,2,0.3522,19,880.0
2026-08-14,58875,2026-09-04,put,mini,1,0.4138,21,155.0
2026-08-14,66000,2026-09-04,put,mini,3,0.3468,21,1095.0
2026-08-14,66250,2026-09-04,put,mini,4,0.3473,21,1180.0
2026-08-14,67750,2026-09-04,put,mini,4,0.3446,21,1745.0
2026-08-14,58375,2026-09-11,put,mini,23,0.4078,28,229.0
2026-08-14,58500,2026-09-11,put,mini,160,0.4016,28,224.0
2026-08-14,58750,2026-09-11,put,mini,37,0.3994,28,239.0
2026-08-14,59000,2026-09-11,put,mini,290,0.398,28,257.0
2026-08-14,59250,2026-09-11,put,mini,3,0.3947,28,271.0
2026-08-14,59375,2026-09-11,put,mini,285,0.3954,28,285.0
2026-08-14,59500,2026-09-11,put,mini,28,0.3918,28,287.0
2026-08-14,59750,2026-09-11,put,mini,3,0.3894,28,305.0
2026-08-14,59875,2026-09-11,put,mini,1,0.3916,28,325.0
2026-08-14,60000,2026-09-11,put,mini,292,0.3839,28,315.0
2026-08-14,60250,2026-09-11,put,mini,2,0.3831,28,340.0
2026-08-14,60500,2026-09-11,put,mini,20,0.3803,28,360.0
2026-08-14,60625,2026-09-11,put,mini,8,0.3845,28,390.0
2026-08-14,60750,2026-09-11,put,mini,385,0.3786,28,385.0
2026-08-14,60875,2026-09-11,put,mini,1,0.381,28,410.0
2026-08-14,61000,2026-09-11,put,mini,63,0.3751,28,405.0
2026-08-14,61125,2026-09-11,put,mini,1,0.3786,28,435.0
2026-08-14,61250,2026-09-11,put,mini,56,0.3726,28,430.0
2026-08-14,61375,2026-09-11,put,mini,2,0.377,28,465.0
2026-08-14,61500,2026-09-11,put,mini,72,0.3685,28,450.0
2026-08-14,61625,2026-09-11,put,mini,1,0.3726,28,485.0
2026-08-14,61750,2026-09-11,put,mini,10,0.3667,28,480.0
2026-08-14,62000,2026-09-11,put,mini,100,0.3644,28,510.0
2026-08-14,62250,2026-09-11,put,mini,5,0.3629,28,545.0
2026-08-14,62500,2026-09-11,put,mini,508,0.3609,28,580.0
2026-08-14,62750,2026-09-11,put,mini,33,0.3564,28,605.0
2026-08-14,63000,2026-09-11,put,mini,109,0.3558,28,650.0
2026-08-14,63125,2026-09-11,put,mini,695,0.3598,28,695.0
2026-08-14,63250,2026-09-11,put,mini,126,0.3546,28,695.0
2026-08-14,63500,2026-09-11,put,mini,45,0.353,28,740.0
2026-08-14,63625,2026-09-11,put,mini,785,0.3563,28,785.0
2026-08-14,63750,2026-09-11,put,mini,26,0.351,28,785.0
2026-08-14,64000,2026-09-11,put,mini,179,0.3494,28,835.0
2026-08-14,64125,2026-09-11,put,mini,20,0.3529,28,885.0
2026-08-14,64250,2026-09-11,put,mini,226,0.3491,28,895.0
2026-08-14,64375,2026-09-11,put,mini,1,0.3522,28,945.0
2026-08-14,64500,2026-09-11,put,mini,174,0.344,28,930.0
2026-08-14,64750,2026-09-11,put,mini,5,0.347,28,1015.0
2026-08-14,65000,2026-09-11,put,mini,121,0.3444,28,1070.0
2026-08-14,65125,2026-09-11,put,mini,1,0.3465,28,1120.0
2026-08-14,65250,2026-09-11,put,mini,8,0.3437,28,1140.0
2026-08-14,65375,2026-09-11,put,mini,6,0.3503,28,1220.0
2026-08-14,65500,2026-09-11,put,mini,22,0.3426,28,1210.0
2026-08-14,65625,2026-09-11,put,mini,1280,0.3472,28,1280.0
2026-08-14,65750,2026-09-11,put,mini,25,0.3425,28,1290.0
2026-08-14,65875,2026-09-11,put,mini,1355,0.3459,28,1355.0
2026-08-14,66000,2026-09-11,put,mini,57,0.3366,28,1335.0
2026-08-14,66250,2026-09-11,put,mini,4,0.3413,28,1455.0
2026-08-14,66500,2026-09-11,put,mini,14,0.3346,28,1500.0
2026-08-14,66750,2026-09-11,put,mini,6,0.3389,28,1625.0
2026-08-14,66875,2026-09-11,put,mini,1670,0.3383,28,1670.0
2026-08-14,67000,2026-09-11,put,mini,79,0.3335,28,1685.0
2026-08-14,67125,2026-09-11,put,mini,1770,0.3382,28,1770.0
2026-08-14,67250,2026-09-11,put,mini,9,0.3366,28,1810.0
2026-08-14,67500,2026-09-11,put,mini,13,0.3364,28,1915.0
2026-08-14,67750,2026-09-11,put,mini,27,0.3363,28,2025.0
2026-08-14,68000,2026-09-11,put,mini,65,0.3364,28,2140.0
2026-08-14,68250,2026-09-11,put,mini,36,0.3359,28,2255.0
2026-08-14,68500,2026-09-11,put,mini,112,0.3356,28,2375.0
2026-08-14,68750,2026-09-11,put,mini,116,0.3362,28,2505.0
2026-08-14,68875,2026-09-11,put,mini,2575,0.3369,28,2575.0
2026-08-14,69000,2026-09-11,put,mini,231,0.3368,28,2640.0
2026-08-14,69250,2026-09-11,put,mini,2775,0.337,28,2775.0
2026-08-14,69500,2026-09-11,put,mini,2915,0.3372,28,2915.0
2026-08-14,69750,2026-09-11,put,mini,3065,0.3384,28,3065.0
2026-08-14,70000,2026-09-11,put,mini,4,0.339,28,3215.0
2026-08-14,70500,2026-09-11,put,mini,1,0.3421,28,3540.0
2026-08-14,71000,2026-09-11,put,mini,3875,0.3448,28,3875.0
2026-08-14,71250,2026-09-11,put,mini,1,0.3465,28,4050.0
2026-08-14,71500,2026-09-11,put,mini,4,0.3485,28,4230.0
2026-08-14,71750,2026-09-11,put,mini,4415,0.3507,28,4415.0
2026-08-14,72000,2026-09-11,put,mini,9,0.3525,28,4600.0
2026-08-14,72250,2026-09-11,put,mini,53,0.3547,28,4790.0
2026-08-14,72375,2026-09-11,put,mini,4890,0.3564,28,4890.0
2026-08-14,72500,2026-09-11,put,mini,20,0.3572,28,4985.0
2026-08-14,72750,2026-09-11,put,mini,21,0.3587,28,5175.0
2026-08-14,73000,2026-09-11,put,mini,70,0.362,28,5380.0
2026-08-14,73250,2026-09-11,put,mini,249,0.365,28,5585.0
2026-08-14,73500,2026-09-11,put,mini,114,0.3676,28,5790.0
2026-08-14,73750,2026-09-11,put,mini,3,0.3708,28,6000.0
2026-08-14,74000,2026-09-11,put,mini,27,0.3745,28,6215.0
2026-08-14,74250,2026-09-11,put,mini,1,0.3779,28,6430.0
2026-08-14,75000,2026-09-11,put,mini,62,0.3882,28,7085.0
2026-08-14,75250,2026-09-11,put,mini,12,0.3915,28,7305.0
2026-08-14,68250,2026-09-18,put,mini,6,0.3314,35,2515.0
2026-08-14,58375,2026-10-09,put,mini,11,0.3773,56,620.0
2026-08-14,58500,2026-10-09,put,mini,3,0.3766,56,635.0
2026-08-14,58750,2026-10-09,put,mini,3,0.3741,56,660.0
2026-08-14,59000,2026-10-09,put,mini,6,0.3724,56,690.0
2026-08-14,59375,2026-10-09,put,mini,2,0.3702,56,740.0
2026-08-14,59500,2026-10-09,put,mini,2,0.3683,56,750.0
2026-08-14,59750,2026-10-09,put,mini,4,0.3676,56,790.0
2026-08-14,59875,2026-10-09,put,mini,1,0.3671,56,810.0
2026-08-14,60000,2026-10-09,put,mini,19,0.365,56,820.0
2026-08-14,60500,2026-10-09,put,mini,1,0.3624,56,900.0
2026-08-14,60750,2026-10-09,put,mini,1,0.3601,56,935.0
2026-08-14,61000,2026-10-09,put,mini,3,0.3554,56,955.0
2026-08-14,61125,2026-10-09,put,mini,7,0.358,56,1000.0
2026-08-14,61250,2026-10-09,put,mini,1,0.3576,56,1025.0
2026-08-14,61500,2026-10-09,put,mini,1070,0.356,56,1070.0
2026-08-14,62000,2026-10-09,put,mini,3,0.3456,56,1110.0
2026-08-14,62250,2026-10-09,put,mini,1220,0.3519,56,1220.0
2026-08-14,62375,2026-10-09,put,mini,1,0.3459,56,1205.0
2026-08-14,63000,2026-10-09,put,mini,8,0.347,56,1380.0
2026-08-14,63625,2026-10-09,put,mini,2,0.3462,56,1555.0
2026-08-14,63750,2026-10-09,put,mini,1,0.3452,56,1585.0
2026-08-14,63875,2026-10-09,put,mini,1,0.3454,56,1625.0
2026-08-14,64000,2026-10-09,put,mini,4,0.3437,56,1650.0
2026-08-14,64250,2026-10-09,put,mini,8,0.3426,56,1720.0
2026-08-14,64500,2026-10-09,put,mini,1,0.3417,56,1795.0
2026-08-14,64750,2026-10-09,call,mini,5,0.2,56,1870.0
2026-08-14,64875,2026-10-09,call,mini,1,0.2,56,1910.0
2026-08-14,65000,2026-10-09,call,mini,12,0.2,56,1940.0
2026-08-14,65250,2026-10-09,call,mini,1,0.2,56,2035.0
2026-08-14,65375,2026-10-09,call,mini,1,0.2,56,2080.0
2026-08-14,65500,2026-10-09,call,mini,5,0.2,56,2125.0
2026-08-14,65750,2026-10-09,call,mini,1,0.2,56,2215.0
2026-08-14,66000,2026-10-09,call,mini,1,0.2,56,2280.0
2026-08-14,66500,2026-10-09,call,mini,12,0.0712,56,2450.0
2026-08-14,67000,2026-10-09,call,mini,2,0.1487,56,2675.0
2026-08-14,68000,2026-10-09,call,mini,7,0.2514,56,3135.0
2026-08-14,68500,2026-10-09,call,mini,1,0.296,56,3355.0
2026-08-14,71750,2026-10-09,call,mini,30,0.6062,56,5295.0
2026-08-14,62000,2026-08-19,call,mini,6305,0.2,5,6305.0
2026-08-14,62000,2026-08-21,call,mini,6310,0.2,7,6310.0
2026-08-14,62750,2026-08-21,call,mini,4,0.2,7,5585.0
2026-08-14,64000,2026-08-21,call,mini,4,0.2,7,4395.0
2026-08-14,64500,2026-08-21,call,mini,4,0.2,7,3945.0
2026-08-14,65000,2026-08-21,call,mini,4,0.2,7,3490.0
2026-08-14,65250,2026-08-21,call,mini,2,0.2,7,3280.0
2026-08-14,65500,2026-08-21,call,mini,10,0.2,7,3060.0
2026-08-14,66000,2026-08-21,call,mini,16,0.2,7,2650.0
2026-08-14,66125,2026-08-21,call,mini,2560,0.2,7,2560.0
2026-08-14,66250,2026-08-21,call,mini,4,0.2,7,2465.0
2026-08-14,66375,2026-08-21,call,mini,2380,0.2,7,2380.0
2026-08-14,66500,2026-08-21,call,mini,20,0.2,7,2265.0
2026-08-14,66625,2026-08-21,call,mini,2180,0.2,7,2180.0
2026-08-14,66750,2026-08-21,call,mini,12,0.2,7,2095.0
2026-08-14,66875,2026-08-21,call,mini,1,0.1321,7,2000.0
2026-08-14,67000,2026-08-21,call,mini,37,0.157,7,1920.0
2026-08-14,67125,2026-08-21,call,mini,1840,0.172,7,1840.0
2026-08-14,67250,2026-08-21,call,mini,23,0.1723,7,1735.0
2026-08-14,67375,2026-08-21,call,mini,4,0.187,7,1670.0
2026-08-14,67500,2026-08-21,call,mini,73,0.1968,7,1600.0
2026-08-14,67625,2026-08-21,call,mini,35,0.2029,7,1525.0
2026-08-14,67750,2026-08-21,call,mini,74,0.2061,7,1445.0
2026-08-14,67875,2026-08-21,call,mini,85,0.2068,7,1360.0
2026-08-14,68000,2026-08-21,call,mini,252,0.2181,7,1315.0
2026-08-14,68125,2026-08-21,call,mini,6,0.2153,7,1225.0
2026-08-14,68250,2026-08-21,call,mini,11,0.2119,7,1135.0
2026-08-14,68375,2026-08-21,call,mini,1,0.2267,7,1115.0
2026-08-14,68500,2026-08-21,call,mini,40,0.2284,7,1050.0
2026-08-14,68625,2026-08-21,call,mini,3,0.2266,7,975.0
2026-08-14,68750,2026-08-21,call,mini,5,0.2254,7,905.0
2026-08-14,68875,2026-08-21,call,mini,1,0.2326,7,870.0
2026-08-14,69000,2026-08-21,call,mini,217,0.2338,7,815.0
2026-08-14,69250,2026-08-21,call,mini,8,0.2327,7,700.0
2026-08-14,69375,2026-08-21,call,mini,1,0.2344,7,655.0
2026-08-14,69500,2026-08-21,call,mini,78,0.2491,7,660.0
2026-08-14,69750,2026-08-21,call,mini,24,0.241,7,540.0
2026-08-14,69875,2026-08-21,call,mini,65,0.2443,7,510.0
2026-08-14,70000,2026-08-21,call,mini,254,0.25,7,490.0
2026-08-14,70250,2026-08-21,call,mini,1,0.2493,7,415.0
2026-08-14,70500,2026-08-21,call,mini,78,0.2556,7,370.0
2026-08-14,62000,2026-08-26,call,mini,6420,0.2,12,6420.0
2026-08-14,65500,2026-08-26,call,mini,2,0.2,12,3320.0
2026-08-14,62000,2026-08-28,call,mini,6425,0.2,14,6425.0
2026-08-14,62750,2026-08-28,call,mini,4,0.2,14,5730.0
2026-08-14,64000,2026-08-28,call,mini,4,0.2,14,4610.0
2026-08-14,65500,2026-08-28,call,mini,2,0.1554,14,3390.0
2026-08-14,66250,2026-08-28,call,mini,4,0.2016,14,2830.0
2026-08-14,67750,2026-08-28,call,mini,4,0.2355,14,1880.0
2026-08-14,68750,2026-08-28,call,mini,1,0.2337,14,1305.0
2026-08-14,69000,2026-08-28,call,mini,8,0.2359,14,1195.0
2026-08-14,69750,2026-08-28,call,mini,2,0.2444,14,920.0
2026-08-14,70500,2026-08-28,call,mini,1,0.2467,14,675.0
2026-08-14,65500,2026-09-02,call,mini,2,0.2168,19,3620.0
2026-08-14,65500,2026-09-04,call,mini,3,0.2259,21,3700.0
2026-08-14,66250,2026-09-04,call,mini,4,0.2373,21,3170.0
2026-08-14,67750,2026-09-04,call,mini,4,0.2491,21,2235.0
2026-08-14,58500,2026-09-11,call,mini,2,0.2,28,9990.0
2026-08-14,58750,2026-09-11,call,mini,9750,0.2,28,9750.0
2026-08-14,59000,2026-09-11,call,mini,3,0.2,28,9515.0
2026-08-14,59250,2026-09-11,call,mini,9280,0.2,28,9280.0
2026-08-14,59375,2026-09-11,call,mini,1,0.2,28,9165.0
2026-08-14,59500,2026-09-11,call,mini,9050,0.2,28,9050.0
2026-08-14,59750,2026-09-11,call,mini,8815,0.2,28,8815.0
2026-08-14,60000,2026-09-11,call,mini,1,0.2,28,8585.0
2026-08-14,60250,2026-09-11,call,mini,8350,0.2,28,8350.0
2026-08-14,61000,2026-09-11,call,mini,1,0.2,28,7670.0
2026-08-14,61250,2026-09-11,call,mini,32,0.2,28,7445.0
2026-08-14,61500,2026-09-11,call,mini,26,0.2,28,7220.0
2026-08-14,62000,2026-09-11,call,mini,3,0.2,28,6785.0
2026-08-14,62250,2026-09-11,call,mini,2,0.2,28,6565.0
2026-08-14,62500,2026-09-11,call,mini,6,0.2,28,6350.0
2026-08-14,62750,2026-09-11,call,mini,1,0.1769,28,6135.0
2026-08-14,62875,2026-09-11,call,mini,6035,0.191,28,6035.0
2026-08-14,63000,2026-09-11,call,mini,56,0.1959,28,5925.0
2026-08-14,63250,2026-09-11,call,mini,53,0.209,28,5720.0
2026-08-14,63500,2026-09-11,call,mini,31,0.2177,28,5515.0
2026-08-14,63750,2026-09-11,call,mini,24,0.2237,28,5310.0
2026-08-14,64000,2026-09-11,call,mini,86,0.2278,28,5105.0
2026-08-14,64250,2026-09-11,call,mini,247,0.2329,28,4910.0
2026-08-14,64375,2026-09-11,call,mini,1,0.2377,28,4825.0
2026-08-14,64500,2026-09-11,call,mini,107,0.2376,28,4720.0
2026-08-14,64750,2026-09-11,call,mini,11,0.2409,28,4530.0
2026-08-14,65000,2026-09-11,call,mini,28,0.2431,28,4340.0
2026-08-14,65125,2026-09-11,call,mini,3,0.2447,28,4250.0
2026-08-14,65250,2026-09-11,call,mini,4,0.2452,28,4155.0
2026-08-14,65500,2026-09-11,call,mini,19,0.2481,28,3980.0
2026-08-14,65750,2026-09-11,call,mini,20,0.2492,28,3800.0
2026-08-14,66000,2026-09-11,call,mini,23,0.2624,28,3700.0
2026-08-14,66125,2026-09-11,call,mini,2,0.2589,28,3590.0
2026-08-14,66250,2026-09-11,call,mini,8,0.2538,28,3470.0
2026-08-14,66500,2026-09-11,call,mini,24,0.2533,28,3295.0
2026-08-14,66625,2026-09-11,call,mini,1,0.2546,28,3220.0
2026-08-14,66750,2026-09-11,call,mini,1,0.255,28,3140.0
2026-08-14,66875,2026-09-11,call,mini,3055,0.2545,28,3055.0
2026-08-14,67000,2026-09-11,call,mini,49,0.2553,28,2980.0
2026-08-14,67125,2026-09-11,call,mini,2,0.2572,28,2915.0
2026-08-14,67250,2026-09-11,call,mini,4,0.2569,28,2835.0
2026-08-14,67375,2026-09-11,call,mini,2760,0.2571,28,2760.0
2026-08-14,67500,2026-09-11,call,mini,22,0.2564,28,2680.0
2026-08-14,67625,2026-09-11,call,mini,2615,0.2576,28,2615.0
2026-08-14,67750,2026-09-11,call,mini,35,0.2586,28,2550.0
2026-08-14,68000,2026-09-11,call,mini,98,0.2595,28,2415.0
2026-08-14,68125,2026-09-11,call,mini,4,0.2593,28,2345.0
2026-08-14,68250,2026-09-11,call,mini,34,0.2596,28,2280.0
2026-08-14,68375,2026-09-11,call,mini,1,0.2598,28,2215.0
2026-08-14,68500,2026-09-11,call,mini,116,0.265,28,2190.0
2026-08-14,68625,2026-09-11,call,mini,2090,0.2602,28,2090.0
2026-08-14,68750,2026-09-11,call,mini,104,0.2605,28,2030.0
2026-08-14,68875,2026-09-11,call,mini,1970,0.2607,28,1970.0
2026-08-14,69000,2026-09-11,call,mini,279,0.2659,28,1950.0
2026-08-14,69125,2026-09-11,call,mini,3,0.2611,28,1855.0
2026-08-14,69250,2026-09-11,call,mini,8,0.2614,28,1800.0
2026-08-14,69375,2026-09-11,call,mini,8,0.2609,28,1740.0
2026-08-14,69500,2026-09-11,call,mini,27,0.2622,28,1695.0
2026-08-14,69625,2026-09-11,call,mini,1635,0.2614,28,1635.0
2026-08-14,69750,2026-09-11,call,mini,3,0.2624,28,1590.0
2026-08-14,69875,2026-09-11,call,mini,1535,0.2619,28,1535.0
2026-08-14,70000,2026-09-11,call,mini,196,0.2652,28,1510.0
2026-08-14,70125,2026-09-11,call,mini,3,0.2624,28,1440.0
2026-08-14,70250,2026-09-11,call,mini,9,0.2634,28,1400.0
2026-08-14,70500,2026-09-11,call,mini,47,0.2644,28,1315.0
2026-08-14,70625,2026-09-11,call,mini,1265,0.2636,28,1265.0
2026-08-14,70750,2026-09-11,call,mini,22,0.2633,28,1220.0
2026-08-14,71000,2026-09-11,call,mini,127,0.2659,28,1155.0
2026-08-14,71125,2026-09-11,call,mini,1110,0.2652,28,1110.0
2026-08-14,71250,2026-09-11,call,mini,2,0.2643,28,1065.0
2026-08-14,71375,2026-09-11,call,mini,1035,0.2655,28,1035.0
2026-08-14,71500,2026-09-11,call,mini,36,0.2679,28,1015.0
2026-08-14,71625,2026-09-11,call,mini,2,0.2674,28,975.0
2026-08-14,71750,2026-09-11,call,mini,12,0.2666,28,935.0
2026-08-14,71875,2026-09-11,call,mini,900,0.2664,28,900.0
2026-08-14,72000,2026-09-11,call,mini,108,0.2708,28,895.0
2026-08-14,72250,2026-09-11,call,mini,53,0.2658,28,800.0
2026-08-14,72375,2026-09-11,call,mini,1,0.2675,28,780.0
2026-08-14,72500,2026-09-11,call,mini,27,0.2682,28,755.0
2026-08-14,72750,2026-09-11,call,mini,18,0.2709,28,715.0
2026-08-14,72875,2026-09-11,call,mini,670,0.2678,28,670.0
2026-08-14,73000,2026-09-11,call,mini,118,0.2689,28,650.0
2026-08-14,73125,2026-09-11,call,mini,1,0.2689,28,625.0
2026-08-14,73250,2026-09-11,call,mini,251,0.2697,28,605.0
2026-08-14,73375,2026-09-11,call,mini,580,0.2695,28,580.0
2026-08-14,73500,2026-09-11,call,mini,102,0.27,28,560.0
2026-08-14,73750,2026-09-11,call,mini,9,0.2708,28,520.0
2026-08-14,73875,2026-09-11,call,mini,500,0.2709,28,500.0
2026-08-14,74000,2026-09-11,call,mini,142,0.273,28,490.0
2026-08-14,74125,2026-09-11,call,mini,455,0.2699,28,455.0
2026-08-14,74250,2026-09-11,call,mini,19,0.2717,28,445.0
2026-08-14,74375,2026-09-11,call,mini,425,0.2713,28,425.0
2026-08-14,74500,2026-09-11,call,mini,51,0.2719,28,410.0
2026-08-14,74625,2026-09-11,call,mini,395,0.2724,28,395.0
2026-08-14,74750,2026-09-11,call,mini,82,0.2727,28,380.0
2026-08-14,74875,2026-09-11,call,mini,1,0.2729,28,365.0
2026-08-14,75000,2026-09-11,call,mini,280,0.2766,28,365.0
2026-08-14,75125,2026-09-11,call,mini,340,0.2742,28,340.0
2026-08-14,75250,2026-09-11,call,mini,69,0.2741,28,325.0
2026-08-14,75375,2026-09-11,call,mini,40,0.2738,28,310.0
2026-08-14,67750,2026-09-18,call,mini,6,0.2604,35,2790.0
2026-08-14,58500,2026-10-09,call,mini,20,0.2,56,10120.0
2026-08-14,60000,2026-10-09,call,mini,1,0.2,56,8805.0
2026-08-14,61125,2026-10-09,call,mini,5,0.1966,56,7860.0
2026-08-14,61250,2026-10-09,call,mini,10,0.2017,56,7760.0
2026-08-14,61750,2026-10-09,call,mini,7360,0.2157,56,7360.0
2026-08-14,61875,2026-10-09,call,mini,7265,0.2192,56,7265.0
2026-08-14,62500,2026-10-09,call,mini,8,0.2275,56,6765.0
2026-08-14,63000,2026-10-09,call,mini,15,0.2323,56,6375.0
2026-08-14,63750,2026-10-09,call,mini,8,0.2405,56,5830.0
2026-08-14,63875,2026-10-09,call,mini,12,0.2414,56,5740.0
2026-08-14,64000,2026-10-09,call,mini,7,0.2415,56,5645.0
2026-08-14,64250,2026-10-09,call,mini,4,0.2428,56,5465.0
2026-08-14,64750,2026-10-09,call,mini,4,0.2451,56,5115.0
2026-08-14,65000,2026-10-09,call,mini,11,0.2455,56,4940.0
2026-08-14,65500,2026-10-09,call,mini,5,0.2485,56,4620.0
2026-08-14,65750,2026-10-09,call,mini,1,0.2494,56,4460.0
2026-08-14,66000,2026-10-09,call,mini,24,0.2472,56,4275.0
2026-08-14,66500,2026-10-09,call,mini,1,0.2465,56,3950.0
2026-08-14,66750,2026-10-09,call,mini,1,0.2484,56,3815.0
2026-08-14,67000,2026-10-09,call,mini,22,0.2498,56,3680.0
2026-08-14,67125,2026-10-09,call,mini,2,0.2492,56,3600.0
2026-08-14,67250,2026-10-09,call,mini,2,0.2494,56,3530.0
2026-08-14,67500,2026-10-09,call,mini,4,0.2501,56,3395.0
2026-08-14,67750,2026-10-09,call,mini,2,0.2504,56,3260.0
2026-08-14,68000,2026-10-09,call,mini,17,0.2514,56,3135.0
2026-08-14,68500,2026-10-09,call,mini,1,0.2498,56,2860.0
2026-08-14,68625,2026-10-09,call,mini,2,0.25,56,2800.0
2026-08-14,68750,2026-10-09,call,mini,2,0.2506,56,2745.0
2026-08-14,69000,2026-10-09,call,mini,14,0.251,56,2630.0
2026-08-14,69125,2026-10-09,call,mini,1,0.2509,56,2570.0
2026-08-14,69500,2026-10-09,call,mini,2,0.2513,56,2405.0
2026-08-14,69625,2026-10-09,call,mini,1,0.2513,56,2350.0
2026-08-14,70000,2026-10-09,call,mini,28,0.2522,56,2200.0
2026-08-14,70125,2026-10-09,call,mini,1,0.2528,56,2155.0
2026-08-14,70500,2026-10-09,call,mini,14,0.2527,56,2005.0
2026-08-14,70625,2026-10-09,call,mini,2,0.253,56,1960.0
2026-08-14,70750,2026-10-09,call,mini,4,0.2532,56,1915.0
2026-08-14,71000,2026-10-09,call,mini,9,0.2533,56,1825.0
2026-08-14,71250,2026-10-09,call,mini,1,0.2541,56,1745.0
2026-08-14,71500,2026-10-09,call,mini,2,0.2546,56,1665.0
2026-08-14,71750,2026-10-09,call,mini,70,0.2513,56,1550.0
