date,strike,expiry,type,product,oi,iv,days_to_expiry,settlement
2026-08-25,20000,2026-09-10,put,regular,1502,1.6644,16,1.0
2026-08-25,21000,2026-09-10,put,regular,343,1.5981,16,1.0
2026-08-25,22000,2026-09-10,put,regular,485,1.5349,16,1.0
2026-08-25,23000,2026-09-10,put,regular,296,1.4745,16,1.0
2026-08-25,24000,2026-09-10,put,regular,131,1.4168,16,1.0
2026-08-25,25000,2026-09-10,put,regular,3944,1.3614,16,1.0
2026-08-25,26000,2026-09-10,put,regular,193,1.3082,16,1.0
2026-08-25,27000,2026-09-10,put,regular,197,1.2571,16,1.0
2026-08-25,27250,2026-09-10,put,regular,11,1.2446,16,1.0
2026-08-25,27500,2026-09-10,put,regular,21,1.2322,16,1.0
2026-08-25,27750,2026-09-10,put,regular,8,1.2199,16,1.0
2026-08-25,28000,2026-09-10,put,regular,76,1.2077,16,1.0
2026-08-25,28250,2026-09-10,put,regular,1,1.1957,16,1.0
2026-08-25,28500,2026-09-10,put,regular,9,1.1837,16,1.0
2026-08-25,28750,2026-09-10,put,regular,68,1.1719,16,1.0
2026-08-25,29000,2026-09-10,put,regular,90,1.1601,16,1.0
2026-08-25,29250,2026-09-10,put,regular,3,1.1485,16,1.0
2026-08-25,29500,2026-09-10,put,regular,30,1.137,16,1.0
2026-08-25,29750,2026-09-10,put,regular,11,1.1255,16,1.0
2026-08-25,30000,2026-09-10,put,regular,6357,1.1732,16,2.0
2026-08-25,30500,2026-09-10,put,regular,86,1.1497,16,2.0
2026-08-25,30750,2026-09-10,put,regular,4,1.0807,16,1.0
2026-08-25,31000,2026-09-10,put,regular,234,1.1265,16,2.0
2026-08-25,31500,2026-09-10,put,regular,22,1.1037,16,2.0
2026-08-25,31750,2026-09-10,put,regular,14,1.0372,16,1.0
2026-08-25,32000,2026-09-10,put,regular,136,1.0813,16,2.0
2026-08-25,32250,2026-09-10,put,regular,5,1.0702,16,2.0
2026-08-25,32500,2026-09-10,put,regular,33,1.0592,16,2.0
2026-08-25,32750,2026-09-10,put,regular,9,1.0483,16,2.0
2026-08-25,33000,2026-09-10,put,regular,503,1.0719,16,3.0
2026-08-25,33250,2026-09-10,put,regular,1,1.0608,16,3.0
2026-08-25,33500,2026-09-10,put,regular,7,1.0498,16,3.0
2026-08-25,33750,2026-09-10,put,regular,5,1.0389,16,3.0
2026-08-25,34000,2026-09-10,put,regular,189,1.0281,16,3.0
2026-08-25,34250,2026-09-10,put,regular,4,1.0173,16,3.0
2026-08-25,34500,2026-09-10,put,regular,33,1.0315,16,4.0
2026-08-25,34750,2026-09-10,put,regular,69,1.0206,16,4.0
2026-08-25,35000,2026-09-10,put,regular,3853,1.0299,16,5.0
2026-08-25,35250,2026-09-10,put,regular,2,0.9991,16,4.0
2026-08-25,35500,2026-09-10,put,regular,14,0.9885,16,4.0
2026-08-25,35750,2026-09-10,put,regular,51,0.9974,16,5.0
2026-08-25,36000,2026-09-10,put,regular,116,0.9868,16,5.0
2026-08-25,36250,2026-09-10,put,regular,4,0.957,16,4.0
2026-08-25,36500,2026-09-10,put,regular,38,0.9656,16,5.0
2026-08-25,36750,2026-09-10,put,regular,59,0.9551,16,5.0
2026-08-25,37000,2026-09-10,put,regular,584,0.9606,16,6.0
2026-08-25,37500,2026-09-10,put,regular,5,0.9397,16,6.0
2026-08-25,37750,2026-09-10,put,regular,1,0.9429,16,7.0
2026-08-25,38000,2026-09-10,put,regular,1033,0.9325,16,7.0
2026-08-25,38250,2026-09-10,put,regular,1,0.9222,16,7.0
2026-08-25,38500,2026-09-10,put,regular,243,0.9119,16,7.0
2026-08-25,38750,2026-09-10,put,regular,11,0.9133,16,8.0
2026-08-25,39000,2026-09-10,put,regular,236,0.9233,16,10.0
2026-08-25,39250,2026-09-10,put,regular,165,0.9129,16,10.0
2026-08-25,39500,2026-09-10,put,regular,302,0.9025,16,10.0
2026-08-25,39750,2026-09-10,put,regular,19,0.8922,16,10.0
2026-08-25,40000,2026-09-10,put,regular,4763,0.8906,16,11.0
2026-08-25,40250,2026-09-10,put,regular,2,0.8804,16,11.0
2026-08-25,40500,2026-09-10,put,regular,178,0.8701,16,11.0
2026-08-25,40750,2026-09-10,put,regular,49,0.86,16,11.0
2026-08-25,41000,2026-09-10,put,regular,968,0.8576,16,12.0
2026-08-25,41250,2026-09-10,put,regular,1,0.8548,16,13.0
2026-08-25,41500,2026-09-10,put,regular,22,0.8514,16,14.0
2026-08-25,42000,2026-09-10,put,regular,2080,0.8311,16,14.0
2026-08-25,42250,2026-09-10,put,regular,21,0.8273,16,15.0
2026-08-25,42500,2026-09-10,put,regular,30,0.8231,16,16.0
2026-08-25,42750,2026-09-10,put,regular,17,0.813,16,16.0
2026-08-25,43000,2026-09-10,put,regular,1102,0.8085,16,17.0
2026-08-25,43250,2026-09-10,put,regular,60,0.8037,16,18.0
2026-08-25,43500,2026-09-10,put,regular,783,0.7937,16,18.0
2026-08-25,43750,2026-09-10,put,regular,14,0.7886,16,19.0
2026-08-25,44000,2026-09-10,put,regular,1417,0.7786,16,19.0
2026-08-25,44250,2026-09-10,put,regular,31,0.7733,16,20.0
2026-08-25,44500,2026-09-10,put,regular,129,0.7678,16,21.0
2026-08-25,44750,2026-09-10,put,regular,14,0.7621,16,22.0
2026-08-25,45000,2026-09-10,put,regular,2292,0.7521,16,22.0
2026-08-25,45250,2026-09-10,put,regular,105,0.7463,16,23.0
2026-08-25,45500,2026-09-10,put,regular,160,0.7402,16,24.0
2026-08-25,45750,2026-09-10,put,regular,60,0.734,16,25.0
2026-08-25,46000,2026-09-10,put,regular,2112,0.7277,16,26.0
2026-08-25,46250,2026-09-10,put,regular,66,0.7245,16,28.0
2026-08-25,46500,2026-09-10,put,regular,392,0.7146,16,28.0
2026-08-25,46750,2026-09-10,put,regular,27,0.7079,16,29.0
2026-08-25,47000,2026-09-10,put,regular,1107,0.7041,16,31.0
2026-08-25,47250,2026-09-10,put,regular,124,0.7,16,33.0
2026-08-25,47500,2026-09-10,put,regular,1019,0.6901,16,33.0
2026-08-25,47750,2026-09-10,put,regular,92,0.6829,16,34.0
2026-08-25,48000,2026-09-10,put,regular,2972,0.6757,16,35.0
2026-08-25,48250,2026-09-10,put,regular,124,0.6709,16,37.0
2026-08-25,48500,2026-09-10,put,regular,751,0.6634,16,38.0
2026-08-25,48750,2026-09-10,put,regular,151,0.6582,16,40.0
2026-08-25,49000,2026-09-10,put,regular,1468,0.6506,16,41.0
2026-08-25,49250,2026-09-10,put,regular,216,0.6429,16,42.0
2026-08-25,49500,2026-09-10,put,regular,206,0.6393,16,45.0
2026-08-25,49750,2026-09-10,put,regular,151,0.6334,16,47.0
2026-08-25,50000,2026-09-10,put,regular,9835,0.6215,16,46.0
2026-08-25,50250,2026-09-10,put,regular,84,0.6192,16,50.0
2026-08-25,50500,2026-09-10,put,regular,1363,0.6129,16,52.0
2026-08-25,50750,2026-09-10,put,regular,174,0.6064,16,54.0
2026-08-25,51000,2026-09-10,put,regular,1591,0.5998,16,56.0
2026-08-25,51250,2026-09-10,put,regular,218,0.5931,16,58.0
2026-08-25,51500,2026-09-10,put,regular,346,0.5878,16,61.0
2026-08-25,51750,2026-09-10,put,regular,53,0.5807,16,63.0
2026-08-25,52000,2026-09-10,put,regular,2157,0.5693,16,62.0
2026-08-25,52250,2026-09-10,put,regular,65,0.5691,16,69.0
2026-08-25,52500,2026-09-10,put,regular,629,0.5617,16,71.0
2026-08-25,52750,2026-09-10,put,regular,40,0.5554,16,74.0
2026-08-25,53000,2026-09-10,put,regular,2535,0.5466,16,75.0
2026-08-25,53250,2026-09-10,put,regular,45,0.5425,16,80.0
2026-08-25,53500,2026-09-10,put,regular,1776,0.5369,16,84.0
2026-08-25,53750,2026-09-10,put,regular,81,0.5363,16,93.0
2026-08-25,54000,2026-09-10,put,regular,2600,0.527,16,94.0
2026-08-25,54250,2026-09-10,put,regular,112,0.5236,16,101.0
2026-08-25,54500,2026-09-10,put,regular,638,0.5123,16,100.0
2026-08-25,54750,2026-09-10,put,regular,268,0.5119,16,111.0
2026-08-25,55000,2026-09-10,put,regular,4919,0.4997,16,109.0
2026-08-25,55250,2026-09-10,put,regular,19,0.501,16,123.0
2026-08-25,55500,2026-09-10,put,regular,854,0.4897,16,122.0
2026-08-25,55750,2026-09-10,put,regular,22,0.4898,16,136.0
2026-08-25,56000,2026-09-10,put,regular,1751,0.4776,16,134.0
2026-08-25,56250,2026-09-10,put,regular,31,0.4775,16,149.0
2026-08-25,56500,2026-09-10,put,regular,841,0.4674,16,150.0
2026-08-25,56750,2026-09-10,put,regular,94,0.4668,16,166.0
2026-08-25,57000,2026-09-10,put,regular,3045,0.4552,16,165.0
2026-08-25,57250,2026-09-10,put,regular,66,0.4526,16,179.0
2026-08-25,57500,2026-09-10,put,regular,586,0.4477,16,190.0
2026-08-25,57750,2026-09-10,put,regular,102,0.4482,16,212.0
2026-08-25,58000,2026-09-10,put,regular,2368,0.4378,16,214.0
2026-08-25,58250,2026-09-10,put,regular,269,0.44,16,242.0
2026-08-25,58500,2026-09-10,put,regular,1691,0.4288,16,243.0
2026-08-25,58625,2026-09-10,put,regular,2,0.4284,16,255.0
2026-08-25,58750,2026-09-10,put,regular,99,0.4265,16,264.0
2026-08-25,58875,2026-09-10,put,regular,7,0.424,16,272.0
2026-08-25,59000,2026-09-10,put,regular,3493,0.4205,16,278.0
2026-08-25,59125,2026-09-10,put,regular,18,0.4223,16,297.0
2026-08-25,59250,2026-09-10,put,regular,112,0.4195,16,305.0
2026-08-25,59375,2026-09-10,put,regular,15,0.4153,16,310.0
2026-08-25,59500,2026-09-10,put,regular,891,0.4092,16,310.0
2026-08-25,59625,2026-09-10,put,regular,1,0.4107,16,330.0
2026-08-25,59750,2026-09-10,put,regular,82,0.41,16,345.0
2026-08-25,59875,2026-09-10,put,regular,19,0.4073,16,355.0
2026-08-25,60000,2026-09-10,put,regular,10842,0.4045,16,365.0
2026-08-25,60250,2026-09-10,put,regular,88,0.402,16,395.0
2026-08-25,60375,2026-09-10,put,regular,3,0.4004,16,410.0
2026-08-25,60500,2026-09-10,put,regular,1728,0.3987,16,425.0
2026-08-25,60625,2026-09-10,put,regular,11,0.3953,16,435.0
2026-08-25,60750,2026-09-10,put,regular,154,0.3933,16,450.0
2026-08-25,60875,2026-09-10,put,regular,67,0.3927,16,470.0
2026-08-25,61000,2026-09-10,put,regular,2511,0.3933,16,495.0
2026-08-25,61125,2026-09-10,put,regular,42,0.3908,16,510.0
2026-08-25,61250,2026-09-10,put,regular,6,0.3881,16,525.0
2026-08-25,61375,2026-09-10,put,regular,2,0.3895,16,555.0
2026-08-25,61500,2026-09-10,put,regular,1569,0.3852,16,565.0
2026-08-25,61625,2026-09-10,put,regular,16,0.3861,16,595.0
2026-08-25,61750,2026-09-10,put,regular,248,0.3828,16,610.0
2026-08-25,61875,2026-09-10,put,regular,60,0.3845,16,645.0
2026-08-25,62000,2026-09-10,put,regular,3001,0.3797,16,655.0
2026-08-25,62125,2026-09-10,put,regular,12,0.3809,16,690.0
2026-08-25,62250,2026-09-10,put,regular,93,0.3795,16,715.0
2026-08-25,62375,2026-09-10,put,regular,260,0.379,16,745.0
2026-08-25,62500,2026-09-10,put,regular,922,0.3748,16,760.0
2026-08-25,62625,2026-09-10,put,regular,93,0.3763,16,800.0
2026-08-25,62750,2026-09-10,put,regular,792,0.3752,16,830.0
2026-08-25,62875,2026-09-10,put,regular,26,0.3739,16,860.0
2026-08-25,63000,2026-09-10,put,regular,3630,0.3713,16,885.0
2026-08-25,63125,2026-09-10,put,regular,73,0.3729,16,930.0
2026-08-25,63250,2026-09-10,put,regular,47,0.372,16,965.0
2026-08-25,63375,2026-09-10,put,regular,57,0.371,16,1000.0
2026-08-25,63500,2026-09-10,put,regular,724,0.3656,16,1015.0
2026-08-25,63625,2026-09-10,put,regular,40,0.3683,16,1070.0
2026-08-25,63750,2026-09-10,put,regular,30,0.3686,16,1115.0
2026-08-25,63875,2026-09-10,put,regular,29,0.3677,16,1155.0
2026-08-25,64000,2026-09-10,put,regular,3338,0.3627,16,1175.0
2026-08-25,64125,2026-09-10,put,regular,25,0.3663,16,1240.0
2026-08-25,64250,2026-09-10,put,regular,21,0.3628,16,1270.0
2026-08-25,64375,2026-09-10,put,regular,27,0.364,16,1325.0
2026-08-25,64500,2026-09-10,put,regular,667,0.362,16,1365.0
2026-08-25,64625,2026-09-10,put,regular,46,0.3637,16,1425.0
2026-08-25,64750,2026-09-10,put,regular,480,0.3631,16,1475.0
2026-08-25,64875,2026-09-10,put,regular,11,0.3633,16,1530.0
2026-08-25,65000,2026-09-10,put,regular,3805,0.3587,16,1560.0
2026-08-25,65125,2026-09-10,put,regular,34,0.363,16,1640.0
2026-08-25,65250,2026-09-10,put,regular,89,0.3607,16,1685.0
2026-08-25,65375,2026-09-10,put,regular,31,0.3609,16,1745.0
2026-08-25,65500,2026-09-10,put,regular,805,0.3563,16,1780.0
2026-08-25,65625,2026-09-10,put,regular,27,0.3606,16,1865.0
2026-08-25,65750,2026-09-10,put,regular,700,0.3601,16,1925.0
2026-08-25,65875,2026-09-10,put,regular,1,0.3613,16,1995.0
2026-08-25,66000,2026-09-10,put,regular,2402,0.3521,16,2010.0
2026-08-25,66125,2026-09-10,put,regular,63,0.3601,16,2120.0
2026-08-25,66250,2026-09-10,put,regular,13,0.3605,16,2190.0
2026-08-25,66375,2026-09-10,put,regular,2,0.3625,16,2270.0
2026-08-25,66500,2026-09-10,put,regular,2228,0.3616,16,2335.0
2026-08-25,66625,2026-09-10,put,regular,23,0.3613,16,2405.0
2026-08-25,66750,2026-09-10,put,regular,249,0.3627,16,2485.0
2026-08-25,66875,2026-09-10,put,regular,2210000,0.3629,16,2560.0
2026-08-25,67000,2026-09-10,put,regular,2737,0.362,16,2630.0
2026-08-25,67250,2026-09-10,put,regular,115,0.3642,16,2795.0
2026-08-25,67500,2026-09-10,put,regular,578,0.3646,16,2955.0
2026-08-25,67625,2026-09-10,put,regular,1,0.3664,16,3045.0
2026-08-25,67750,2026-09-10,put,regular,281,0.3641,16,3115.0
2026-08-25,68000,2026-09-10,put,regular,2148,0.3657,16,3290.0
2026-08-25,68250,2026-09-10,put,regular,134,0.3684,16,3475.0
2026-08-25,68375,2026-09-10,put,regular,1,0.3711,16,3575.0
2026-08-25,68500,2026-09-10,put,regular,196,0.3695,16,3655.0
2026-08-25,68750,2026-09-10,put,regular,47,0.3718,16,3845.0
2026-08-25,69000,2026-09-10,put,regular,1169,0.3744,16,4040.0
2026-08-25,69250,2026-09-10,put,regular,2,0.3785,16,4245.0
2026-08-25,69500,2026-09-10,put,regular,8,0.3798,16,4440.0
2026-08-25,70000,2026-09-10,put,regular,1482,0.3884,16,4865.0
2026-08-25,70500,2026-09-10,put,regular,2,0.3961,16,5295.0
2026-08-25,71000,2026-09-10,put,regular,100,0.4134,16,5770.0
2026-08-25,71250,2026-09-10,put,regular,1,0.421,16,6005.0
2026-08-25,73000,2026-09-10,put,regular,3,0.4638,16,7640.0
2026-08-25,77500,2026-09-10,put,regular,4,0.6049,16,12065.0
2026-08-25,78000,2026-09-10,put,regular,1,0.6218,16,12565.0
2026-08-25,80000,2026-09-10,put,regular,1,0.6851,16,14560.0
2026-08-25,85000,2026-09-10,put,regular,5,0.833,16,19555.0
2026-08-25,20000,2026-10-08,put,regular,222,1.0894,44,3.0
2026-08-25,22500,2026-10-08,put,regular,13,1.0086,44,4.0
2026-08-25,25000,2026-10-08,put,regular,1466,0.9815,44,9.0
2026-08-25,26000,2026-10-08,put,regular,23,0.9436,44,9.0
2026-08-25,27000,2026-10-08,put,regular,5,0.9328,44,12.0
2026-08-25,28000,2026-10-08,put,regular,3,0.9039,44,13.0
2026-08-25,29000,2026-10-08,put,regular,11,0.8817,44,15.0
2026-08-25,30000,2026-10-08,put,regular,5270,0.8585,44,17.0
2026-08-25,31000,2026-10-08,put,regular,4,0.8348,44,19.0
2026-08-25,32000,2026-10-08,put,regular,7,0.8107,44,21.0
2026-08-25,33000,2026-10-08,put,regular,557,0.7903,44,24.0
2026-08-25,34000,2026-10-08,put,regular,3,0.7621,44,25.0
2026-08-25,35000,2026-10-08,put,regular,289,0.7499,44,31.0
2026-08-25,36000,2026-10-08,put,regular,1,0.7298,44,35.0
2026-08-25,37000,2026-10-08,put,regular,170,0.7113,44,40.0
2026-08-25,38000,2026-10-08,put,regular,4,0.6937,44,46.0
2026-08-25,39000,2026-10-08,put,regular,101,0.6783,44,54.0
2026-08-25,40000,2026-10-08,put,regular,607,0.6552,44,58.0
2026-08-25,41000,2026-10-08,put,regular,108,0.6376,44,66.0
2026-08-25,42000,2026-10-08,put,regular,139,0.6189,44,74.0
2026-08-25,42750,2026-10-08,put,regular,31,0.6054,44,81.0
2026-08-25,43000,2026-10-08,put,regular,135,0.6004,44,83.0
2026-08-25,43250,2026-10-08,put,regular,15,0.5965,44,86.0
2026-08-25,43500,2026-10-08,put,regular,15,0.5904,44,87.0
2026-08-25,43750,2026-10-08,put,regular,12,0.5842,44,88.0
2026-08-25,44000,2026-10-08,put,regular,185,0.5811,44,92.0
2026-08-25,44250,2026-10-08,put,regular,36,0.575,44,93.0
2026-08-25,44500,2026-10-08,put,regular,50,0.5726,44,98.0
2026-08-25,44750,2026-10-08,put,regular,35,0.5664,44,99.0
2026-08-25,45000,2026-10-08,put,regular,746,0.5638,44,104.0
2026-08-25,45250,2026-10-08,put,regular,28,0.5557,44,103.0
2026-08-25,45500,2026-10-08,put,regular,283,0.5546,44,110.0
2026-08-25,45750,2026-10-08,put,regular,43,0.5484,44,111.0
2026-08-25,46000,2026-10-08,put,regular,284,0.5461,44,117.0
2026-08-25,46250,2026-10-08,put,regular,8,0.5405,44,119.0
2026-08-25,46500,2026-10-08,put,regular,157,0.5372,44,124.0
2026-08-25,46750,2026-10-08,put,regular,131,0.5323,44,127.0
2026-08-25,47000,2026-10-08,put,regular,256,0.5295,44,133.0
2026-08-25,47250,2026-10-08,put,regular,25,0.5238,44,135.0
2026-08-25,47500,2026-10-08,put,regular,50,0.5214,44,142.0
2026-08-25,47750,2026-10-08,put,regular,31,0.5155,44,144.0
2026-08-25,48000,2026-10-08,put,regular,529,0.5129,44,151.0
2026-08-25,48250,2026-10-08,put,regular,51,0.5076,44,154.0
2026-08-25,48500,2026-10-08,put,regular,179,0.5028,44,158.0
2026-08-25,48750,2026-10-08,put,regular,23,0.4986,44,163.0
2026-08-25,49000,2026-10-08,put,regular,117,0.4949,44,169.0
2026-08-25,49250,2026-10-08,put,regular,51,0.4916,44,176.0
2026-08-25,49500,2026-10-08,put,regular,62,0.4882,44,183.0
2026-08-25,49750,2026-10-08,put,regular,51,0.4851,44,191.0
2026-08-25,50000,2026-10-08,put,regular,977,0.4809,44,197.0
2026-08-25,50250,2026-10-08,put,regular,56,0.4771,44,204.0
2026-08-25,50500,2026-10-08,put,regular,245,0.4731,44,211.0
2026-08-25,50750,2026-10-08,put,regular,44,0.4695,44,219.0
2026-08-25,51000,2026-10-08,put,regular,351,0.4658,44,227.0
2026-08-25,51250,2026-10-08,put,regular,45,0.4603,44,231.0
2026-08-25,51500,2026-10-08,put,regular,175,0.4572,44,241.0
2026-08-25,51750,2026-10-08,put,regular,60,0.4543,44,252.0
2026-08-25,52000,2026-10-08,put,regular,444,0.4513,44,263.0
2026-08-25,52250,2026-10-08,put,regular,45,0.4473,44,272.0
2026-08-25,52500,2026-10-08,put,regular,152,0.4433,44,281.0
2026-08-25,52750,2026-10-08,put,regular,42,0.4405,44,294.0
2026-08-25,53000,2026-10-08,put,regular,1199,0.4368,44,305.0
2026-08-25,53250,2026-10-08,put,regular,4,0.4344,44,320.0
2026-08-25,53500,2026-10-08,put,regular,135,0.4285,44,325.0
2026-08-25,53750,2026-10-08,put,regular,2,0.4273,44,345.0
2026-08-25,54000,2026-10-08,put,regular,464,0.4228,44,355.0
2026-08-25,54250,2026-10-08,put,regular,35,0.4196,44,370.0
2026-08-25,54500,2026-10-08,put,regular,584,0.4163,44,385.0
2026-08-25,54750,2026-10-08,put,regular,5,0.4142,44,405.0
2026-08-25,55000,2026-10-08,put,regular,1937,0.4105,44,420.0
2026-08-25,55250,2026-10-08,put,regular,39,0.408,44,440.0
2026-08-25,55500,2026-10-08,put,regular,251,0.4039,44,455.0
2026-08-25,55750,2026-10-08,put,regular,43,0.4022,44,480.0
2026-08-25,56000,2026-10-08,put,regular,327,0.3979,44,495.0
2026-08-25,56250,2026-10-08,put,regular,25,0.3957,44,520.0
2026-08-25,56500,2026-10-08,put,regular,142,0.3933,44,545.0
2026-08-25,56750,2026-10-08,put,regular,53,0.3895,44,565.0
2026-08-25,57000,2026-10-08,put,regular,426,0.3877,44,595.0
2026-08-25,57250,2026-10-08,put,regular,39,0.3846,44,620.0
2026-08-25,57500,2026-10-08,put,regular,278,0.3823,44,650.0
2026-08-25,57750,2026-10-08,put,regular,44,0.3807,44,685.0
2026-08-25,58000,2026-10-08,put,regular,1460,0.3769,44,710.0
2026-08-25,58250,2026-10-08,put,regular,86,0.3757,44,750.0
2026-08-25,58375,2026-10-08,put,regular,441,0.375,44,770.0
2026-08-25,58500,2026-10-08,put,regular,148,0.3733,44,785.0
2026-08-25,58625,2026-10-08,put,regular,10,0.3724,44,805.0
2026-08-25,58750,2026-10-08,put,regular,23,0.3714,44,825.0
2026-08-25,58875,2026-10-08,put,regular,1,0.3713,44,850.0
2026-08-25,59000,2026-10-08,put,regular,152,0.3677,44,855.0
2026-08-25,59125,2026-10-08,put,regular,34,0.3682,44,885.0
2026-08-25,59250,2026-10-08,put,regular,114,0.367,44,905.0
2026-08-25,59500,2026-10-08,put,regular,43,0.3659,44,955.0
2026-08-25,59625,2026-10-08,put,regular,11,0.3637,44,970.0
2026-08-25,59750,2026-10-08,put,regular,6,0.3637,44,1000.0
2026-08-25,60000,2026-10-08,put,regular,2424,0.3605,44,1040.0
2026-08-25,60250,2026-10-08,put,regular,4,0.3593,44,1095.0
2026-08-25,60375,2026-10-08,put,regular,300,0.3597,44,1130.0
2026-08-25,60500,2026-10-08,put,regular,134,0.3578,44,1150.0
2026-08-25,60750,2026-10-08,put,regular,49,0.3552,44,1200.0
2026-08-25,60875,2026-10-08,put,regular,7,0.3573,44,1250.0
2026-08-25,61000,2026-10-08,put,regular,566,0.3531,44,1255.0
2026-08-25,61125,2026-10-08,put,regular,14,0.3529,44,1290.0
2026-08-25,61500,2026-10-08,put,regular,4,0.3519,44,1395.0
2026-08-25,61875,2026-10-08,put,regular,6,0.3501,44,1500.0
2026-08-25,62000,2026-10-08,put,regular,1098,0.3474,44,1520.0
2026-08-25,62250,2026-10-08,put,regular,1,0.3482,44,1610.0
2026-08-25,62375,2026-10-08,put,regular,6,0.3471,44,1645.0
2026-08-25,62500,2026-10-08,put,regular,580,0.3467,44,1685.0
2026-08-25,62875,2026-10-08,put,regular,6,0.3459,44,1815.0
2026-08-25,63000,2026-10-08,put,regular,420,0.3433,44,1840.0
2026-08-25,63500,2026-10-08,put,regular,2,0.3421,44,2025.0
2026-08-25,63625,2026-10-08,put,regular,6,0.3426,44,2080.0
2026-08-25,63875,2026-10-08,put,regular,55,0.3416,44,2175.0
2026-08-25,64000,2026-10-08,put,regular,1138,0.3407,44,2220.0
2026-08-25,64250,2026-10-08,put,regular,7,0.3403,44,2325.0
2026-08-25,64500,2026-10-08,put,regular,433,0.339,44,2425.0
2026-08-25,64750,2026-10-08,put,regular,3,0.339,44,2540.0
2026-08-25,65000,2026-10-08,put,regular,1463,0.337,44,2640.0
2026-08-25,65250,2026-10-08,put,regular,9,0.3375,44,2765.0
2026-08-25,65375,2026-10-08,put,regular,231,0.3378,44,2830.0
2026-08-25,65500,2026-10-08,put,regular,184,0.3364,44,2880.0
2026-08-25,65750,2026-10-08,put,regular,51,0.3367,44,3010.0
2026-08-25,66000,2026-10-08,put,regular,38,0.3366,44,3140.0
2026-08-25,66500,2026-10-08,put,regular,91,0.3364,44,3410.0
2026-08-25,66750,2026-10-08,put,regular,9,0.3369,44,3555.0
2026-08-25,67000,2026-10-08,put,regular,511,0.3365,44,3695.0
2026-08-25,67500,2026-10-08,put,regular,41,0.3368,44,3995.0
2026-08-25,67625,2026-10-08,put,regular,6,0.3378,44,4080.0
2026-08-25,67750,2026-10-08,put,regular,9,0.3376,44,4155.0
2026-08-25,68000,2026-10-08,put,regular,541,0.3381,44,4315.0
2026-08-25,68125,2026-10-08,put,regular,4,0.3393,44,4405.0
2026-08-25,68500,2026-10-08,put,regular,7,0.3392,44,4645.0
2026-08-25,69000,2026-10-08,put,regular,211,0.3413,44,4995.0
2026-08-25,70000,2026-10-08,put,regular,101,0.3466,44,5735.0
2026-08-25,72500,2026-10-08,put,regular,1,0.3674,44,7785.0
2026-08-25,73000,2026-10-08,put,regular,10,0.3731,44,8225.0
2026-08-25,79000,2026-10-08,put,regular,1,0.46,44,13865.0
2026-08-25,85000,2026-10-08,put,regular,26,0.564,44,19795.0
2026-08-25,20000,2026-11-12,put,regular,2,0.8482,79,5.0
2026-08-25,25000,2026-11-12,put,regular,77,0.7531,79,12.0
2026-08-25,27000,2026-11-12,put,regular,6,0.7213,79,17.0
2026-08-25,28000,2026-11-12,put,regular,20,0.7129,79,22.0
2026-08-25,30000,2026-11-12,put,regular,1,0.6875,79,32.0
2026-08-25,35000,2026-11-12,put,regular,2,0.638,79,84.0
2026-08-25,37000,2026-11-12,put,regular,2,0.6064,79,104.0
2026-08-25,38000,2026-11-12,put,regular,3,0.5896,79,114.0
2026-08-25,39000,2026-11-12,put,regular,100,0.5725,79,124.0
2026-08-25,40000,2026-11-12,put,regular,100,0.5598,79,141.0
2026-08-25,41000,2026-11-12,put,regular,103,0.5465,79,159.0
2026-08-25,42000,2026-11-12,put,regular,251,0.5296,79,172.0
2026-08-25,43000,2026-11-12,put,regular,155,0.5153,79,191.0
2026-08-25,44000,2026-11-12,put,regular,102,0.5021,79,214.0
2026-08-25,44500,2026-11-12,put,regular,1,0.4945,79,224.0
2026-08-25,44750,2026-11-12,put,regular,1,0.489,79,225.0
2026-08-25,45000,2026-11-12,put,regular,201,0.4896,79,241.0
2026-08-25,45250,2026-11-12,put,regular,2,0.484,79,242.0
2026-08-25,45500,2026-11-12,put,regular,2,0.4812,79,250.0
2026-08-25,45750,2026-11-12,put,regular,2,0.4779,79,257.0
2026-08-25,46000,2026-11-12,put,regular,28,0.4745,79,264.0
2026-08-25,46250,2026-11-12,put,regular,2,0.4729,79,276.0
2026-08-25,46500,2026-11-12,put,regular,3,0.47,79,285.0
2026-08-25,46750,2026-11-12,put,regular,2,0.4654,79,289.0
2026-08-25,47000,2026-11-12,put,regular,102,0.4605,79,292.0
2026-08-25,47250,2026-11-12,put,regular,2,0.4604,79,310.0
2026-08-25,47500,2026-11-12,put,regular,29,0.456,79,315.0
2026-08-25,47750,2026-11-12,put,regular,73,0.4516,79,320.0
2026-08-25,48000,2026-11-12,put,regular,35,0.4486,79,330.0
2026-08-25,48250,2026-11-12,put,regular,3,0.4456,79,340.0
2026-08-25,48500,2026-11-12,put,regular,3,0.4426,79,350.0
2026-08-25,48750,2026-11-12,put,regular,111,0.4408,79,365.0
2026-08-25,49000,2026-11-12,put,regular,149,0.4389,79,380.0
2026-08-25,49250,2026-11-12,put,regular,54,0.4342,79,385.0
2026-08-25,49500,2026-11-12,put,regular,218,0.4321,79,400.0
2026-08-25,49750,2026-11-12,put,regular,28,0.4273,79,405.0
2026-08-25,50000,2026-11-12,put,regular,247,0.4263,79,425.0
2026-08-25,50250,2026-11-12,put,regular,59,0.4214,79,430.0
2026-08-25,50500,2026-11-12,put,regular,103,0.4189,79,445.0
2026-08-25,50750,2026-11-12,put,regular,34,0.4163,79,460.0
2026-08-25,51000,2026-11-12,put,regular,608,0.4148,79,480.0
2026-08-25,51250,2026-11-12,put,regular,10,0.4119,79,495.0
2026-08-25,51500,2026-11-12,put,regular,315,0.4101,79,515.0
2026-08-25,52000,2026-11-12,put,regular,582,0.4019,79,535.0
2026-08-25,52500,2026-11-12,put,regular,139,0.3945,79,560.0
2026-08-25,52750,2026-11-12,put,regular,2,0.3969,79,605.0
2026-08-25,53000,2026-11-12,put,regular,67,0.3915,79,610.0
2026-08-25,53250,2026-11-12,put,regular,15,0.3907,79,640.0
2026-08-25,53500,2026-11-12,put,regular,400,0.3888,79,665.0
2026-08-25,53750,2026-11-12,put,regular,40,0.3842,79,675.0
2026-08-25,54000,2026-11-12,put,regular,400,0.3837,79,710.0
2026-08-25,54250,2026-11-12,put,regular,1,0.3773,79,710.0
2026-08-25,54500,2026-11-12,put,regular,300,0.3766,79,745.0
2026-08-25,54750,2026-11-12,put,regular,1,0.3741,79,770.0
2026-08-25,55000,2026-11-12,put,regular,14,0.3753,79,820.0
2026-08-25,55250,2026-11-12,put,regular,16,0.3725,79,845.0
2026-08-25,55500,2026-11-12,put,regular,150,0.371,79,880.0
2026-08-25,55750,2026-11-12,put,regular,1,0.368,79,905.0
2026-08-25,56000,2026-11-12,put,regular,301,0.3669,79,945.0
2026-08-25,56250,2026-11-12,put,regular,2,0.3629,79,965.0
2026-08-25,56500,2026-11-12,put,regular,45,0.3629,79,1015.0
2026-08-25,56750,2026-11-12,put,regular,30,0.3613,79,1055.0
2026-08-25,57000,2026-11-12,put,regular,600,0.3576,79,1080.0
2026-08-25,57250,2026-11-12,put,regular,31,0.3538,79,1105.0
2026-08-25,57500,2026-11-12,put,regular,400,0.3543,79,1165.0
2026-08-25,57750,2026-11-12,put,regular,2,0.3545,79,1225.0
2026-08-25,58000,2026-11-12,put,regular,386,0.3491,79,1240.0
2026-08-25,58250,2026-11-12,put,regular,21,0.3472,79,1285.0
2026-08-25,58500,2026-11-12,put,regular,111,0.3457,79,1335.0
2026-08-25,59000,2026-11-12,put,regular,141,0.3428,79,1440.0
2026-08-25,59500,2026-11-12,put,regular,465,0.3391,79,1545.0
2026-08-25,59750,2026-11-12,put,regular,1,0.3383,79,1610.0
2026-08-25,60000,2026-11-12,put,regular,482,0.3368,79,1670.0
2026-08-25,60500,2026-11-12,put,regular,103,0.3347,79,1805.0
2026-08-25,60750,2026-11-12,put,regular,28,0.3341,79,1880.0
2026-08-25,61000,2026-11-12,put,regular,620,0.3333,79,1955.0
2026-08-25,61500,2026-11-12,put,regular,18,0.3287,79,2080.0
2026-08-25,62000,2026-11-12,put,regular,895,0.3267,79,2240.0
2026-08-25,62500,2026-11-12,put,regular,144,0.3283,79,2450.0
2026-08-25,63000,2026-11-12,put,regular,398,0.3237,79,2600.0
2026-08-25,64000,2026-11-12,put,regular,573,0.3218,79,3010.0
2026-08-25,64500,2026-11-12,put,regular,340,0.32,79,3220.0
2026-08-25,65000,2026-11-12,put,regular,801,0.319,79,3450.0
2026-08-25,65500,2026-11-12,put,regular,100,0.318,79,3690.0
2026-08-25,66000,2026-11-12,put,regular,270,0.3158,79,3925.0
2026-08-25,66500,2026-11-12,put,regular,239,0.3147,79,4185.0
2026-08-25,67000,2026-11-12,put,regular,870,0.3145,79,4465.0
2026-08-25,67500,2026-11-12,put,regular,4,0.3139,79,4750.0
2026-08-25,68375,2026-11-12,put,regular,16,0.3139,79,5285.0
2026-08-25,68500,2026-11-12,put,regular,478,0.3148,79,5375.0
2026-08-25,69000,2026-11-12,put,regular,450,0.3147,79,5695.0
2026-08-25,69500,2026-11-12,put,regular,1,0.313,79,6005.0
2026-08-25,70000,2026-11-12,put,regular,460,0.3135,79,6350.0
2026-08-25,70750,2026-11-12,put,regular,160,0.3157,79,6900.0
2026-08-25,72500,2026-11-12,put,regular,330,0.321,79,8250.0
2026-08-25,79500,2026-11-12,put,regular,1,0.3608,79,14425.0
2026-08-25,12500,2026-12-10,put,regular,562,1.0251,107,6.0
2026-08-25,13000,2026-12-10,put,regular,4,0.9452,107,3.0
2026-08-25,13500,2026-12-10,put,regular,100,0.8514,107,1.0
2026-08-25,14000,2026-12-10,put,regular,11,0.8747,107,2.0
2026-08-25,14500,2026-12-10,put,regular,1,0.8134,107,1.0
2026-08-25,14750,2026-12-10,put,regular,1,0.8044,107,1.0
2026-08-25,15000,2026-12-10,put,regular,5,0.8363,107,2.0
2026-08-25,16000,2026-12-10,put,regular,3,0.7613,107,1.0
2026-08-25,17000,2026-12-10,put,regular,3,0.7293,107,1.0
2026-08-25,18000,2026-12-10,put,regular,153,0.7352,107,2.0
2026-08-25,19000,2026-12-10,put,regular,650,0.7053,107,2.0
2026-08-25,20000,2026-12-10,put,regular,2352,0.8069,107,15.0
2026-08-25,21000,2026-12-10,put,regular,350,0.7111,107,6.0
2026-08-25,21500,2026-12-10,put,regular,500,0.7066,107,7.0
2026-08-25,22000,2026-12-10,put,regular,1715,0.7088,107,9.0
2026-08-25,22500,2026-12-10,put,regular,150,0.6873,107,8.0
2026-08-25,23000,2026-12-10,put,regular,2106,0.6812,107,9.0
2026-08-25,23500,2026-12-10,put,regular,127,0.6745,107,10.0
2026-08-25,24000,2026-12-10,put,regular,405,0.6731,107,12.0
2026-08-25,24500,2026-12-10,put,regular,250,0.6653,107,13.0
2026-08-25,24750,2026-12-10,put,regular,1,0.6636,107,14.0
2026-08-25,25000,2026-12-10,put,regular,2464,0.6618,107,15.0
2026-08-25,25250,2026-12-10,put,regular,1,0.6597,107,16.0
2026-08-25,25500,2026-12-10,put,regular,2,0.6573,107,17.0
2026-08-25,26000,2026-12-10,put,regular,1425,0.6522,107,19.0
2026-08-25,26500,2026-12-10,put,regular,1,0.6464,107,21.0
2026-08-25,27000,2026-12-10,put,regular,2630,0.6432,107,24.0
2026-08-25,27500,2026-12-10,put,regular,25,0.6391,107,27.0
2026-08-25,27750,2026-12-10,put,regular,72,0.6329,107,27.0
2026-08-25,28000,2026-12-10,put,regular,1326,0.6318,107,29.0
2026-08-25,28500,2026-12-10,put,regular,400,0.6267,107,32.0
2026-08-25,29000,2026-12-10,put,regular,1450,0.6211,107,35.0
2026-08-25,30000,2026-12-10,put,regular,5695,0.6105,107,42.0
2026-08-25,30500,2026-12-10,put,regular,51,0.6054,107,46.0
2026-08-25,31000,2026-12-10,put,regular,2237,0.5999,107,50.0
2026-08-25,31500,2026-12-10,put,regular,350,0.6253,107,79.0
2026-08-25,32000,2026-12-10,put,regular,4655,0.6194,107,85.0
2026-08-25,32250,2026-12-10,put,regular,600,0.6144,107,86.0
2026-08-25,32500,2026-12-10,put,regular,900,0.6103,107,88.0
2026-08-25,33000,2026-12-10,put,regular,3362,0.6031,107,93.0
2026-08-25,33250,2026-12-10,put,regular,37,0.6,107,96.0
2026-08-25,33500,2026-12-10,put,regular,72,0.5958,107,98.0
2026-08-25,34000,2026-12-10,put,regular,2820,0.5883,107,103.0
2026-08-25,34500,2026-12-10,put,regular,560,0.5816,107,109.0
2026-08-25,34750,2026-12-10,put,regular,1,0.5781,107,112.0
2026-08-25,35000,2026-12-10,put,regular,4916,0.5754,107,116.0
2026-08-25,36000,2026-12-10,put,regular,2905,0.5617,107,129.0
2026-08-25,36500,2026-12-10,put,regular,225,0.5536,107,134.0
2026-08-25,36750,2026-12-10,put,regular,400,0.5499,107,137.0
2026-08-25,37000,2026-12-10,put,regular,2535,0.5467,107,141.0
2026-08-25,37500,2026-12-10,put,regular,188,0.5398,107,148.0
2026-08-25,37750,2026-12-10,put,regular,100,0.5359,107,151.0
2026-08-25,38000,2026-12-10,put,regular,2686,0.5332,107,156.0
2026-08-25,38500,2026-12-10,put,regular,1150,0.5265,107,164.0
2026-08-25,38750,2026-12-10,put,regular,50,0.5231,107,168.0
2026-08-25,39000,2026-12-10,put,regular,2405,0.5202,107,173.0
2026-08-25,39250,2026-12-10,put,regular,650,0.5167,107,177.0
2026-08-25,39500,2026-12-10,put,regular,1008,0.5136,107,182.0
2026-08-25,40000,2026-12-10,put,regular,5733,0.5084,107,194.0
2026-08-25,40250,2026-12-10,put,regular,5,0.5038,107,196.0
2026-08-25,40500,2026-12-10,put,regular,1399,0.501,107,202.0
2026-08-25,41000,2026-12-10,put,regular,1825,0.494,107,211.0
2026-08-25,41250,2026-12-10,put,regular,3,0.4907,107,216.0
2026-08-25,41500,2026-12-10,put,regular,101,0.4874,107,221.0
2026-08-25,42000,2026-12-10,put,regular,3599,0.4813,107,233.0
2026-08-25,42500,2026-12-10,put,regular,300,0.4751,107,245.0
2026-08-25,43000,2026-12-10,put,regular,1682,0.469,107,258.0
2026-08-25,43500,2026-12-10,put,regular,100,0.4638,107,274.0
2026-08-25,43750,2026-12-10,put,regular,9,0.4604,107,280.0
2026-08-25,44000,2026-12-10,put,regular,2800,0.457,107,286.0
2026-08-25,45000,2026-12-10,put,regular,2724,0.4475,107,325.0
2026-08-25,45250,2026-12-10,put,regular,51,0.4436,107,330.0
2026-08-25,45500,2026-12-10,put,regular,350,0.4411,107,340.0
2026-08-25,46000,2026-12-10,put,regular,3857,0.4358,107,360.0
2026-08-25,47000,2026-12-10,put,regular,2846,0.4245,107,400.0
2026-08-25,47500,2026-12-10,put,regular,1119,0.4185,107,420.0
2026-08-25,48000,2026-12-10,put,regular,4124,0.4134,107,445.0
2026-08-25,48500,2026-12-10,put,regular,300,0.4091,107,475.0
2026-08-25,49000,2026-12-10,put,regular,3177,0.4034,107,500.0
2026-08-25,49500,2026-12-10,put,regular,2717,0.3985,107,530.0
2026-08-25,50000,2026-12-10,put,regular,6522,0.3942,107,565.0
2026-08-25,50250,2026-12-10,put,regular,16,0.3915,107,580.0
2026-08-25,50500,2026-12-10,put,regular,686,0.3887,107,595.0
2026-08-25,50750,2026-12-10,put,regular,45,0.3875,107,620.0
2026-08-25,51000,2026-12-10,put,regular,1565,0.3846,107,635.0
2026-08-25,51500,2026-12-10,put,regular,20,0.3801,107,675.0
2026-08-25,52000,2026-12-10,put,regular,2765,0.376,107,720.0
2026-08-25,52250,2026-12-10,put,regular,525,0.3742,107,745.0
2026-08-25,52500,2026-12-10,put,regular,432,0.3716,107,765.0
2026-08-25,53000,2026-12-10,put,regular,1441,0.3682,107,820.0
2026-08-25,53250,2026-12-10,put,regular,186,0.3667,107,850.0
2026-08-25,53500,2026-12-10,put,regular,205,0.365,107,880.0
2026-08-25,53750,2026-12-10,put,regular,4,0.3626,107,905.0
2026-08-25,54000,2026-12-10,put,regular,2599,0.3614,107,940.0
2026-08-25,54500,2026-12-10,put,regular,440,0.3573,107,1000.0
2026-08-25,55000,2026-12-10,put,regular,4779,0.3534,107,1065.0
2026-08-25,55500,2026-12-10,put,regular,100,0.3502,107,1140.0
2026-08-25,56000,2026-12-10,put,regular,2476,0.3466,107,1215.0
2026-08-25,56500,2026-12-10,put,regular,151,0.3435,107,1300.0
2026-08-25,57000,2026-12-10,put,regular,2381,0.3404,107,1390.0
2026-08-25,57500,2026-12-10,put,regular,850,0.3374,107,1485.0
2026-08-25,58000,2026-12-10,put,regular,1918,0.3343,107,1585.0
2026-08-25,58500,2026-12-10,put,regular,850,0.3316,107,1695.0
2026-08-25,59000,2026-12-10,put,regular,2405,0.3288,107,1810.0
2026-08-25,59500,2026-12-10,put,regular,250,0.3268,107,1940.0
2026-08-25,60000,2026-12-10,put,regular,9778,0.3242,107,2070.0
2026-08-25,60500,2026-12-10,put,regular,200,0.3218,107,2210.0
2026-08-25,61000,2026-12-10,put,regular,1435,0.3197,107,2360.0
2026-08-25,61500,2026-12-10,put,regular,1,0.3181,107,2525.0
2026-08-25,62000,2026-12-10,put,regular,2606,0.3156,107,2685.0
2026-08-25,62250,2026-12-10,put,regular,250,0.3156,107,2785.0
2026-08-25,62500,2026-12-10,put,regular,1087,0.314,107,2865.0
2026-08-25,63000,2026-12-10,put,regular,2251,0.3124,107,3055.0
2026-08-25,63500,2026-12-10,put,regular,300,0.3103,107,3245.0
2026-08-25,63750,2026-12-10,put,regular,48,0.3101,107,3355.0
2026-08-25,64000,2026-12-10,put,regular,1730,0.3094,107,3460.0
2026-08-25,65000,2026-12-10,put,regular,3485,0.3067,107,3905.0
2026-08-25,65500,2026-12-10,put,regular,580,0.3056,107,4145.0
2026-08-25,66000,2026-12-10,put,regular,836,0.3039,107,4385.0
2026-08-25,66500,2026-12-10,put,regular,600,0.3026,107,4640.0
2026-08-25,67000,2026-12-10,put,regular,1410,0.3018,107,4910.0
2026-08-25,67250,2026-12-10,put,regular,25,0.3018,107,5055.0
2026-08-25,67500,2026-12-10,put,regular,25,0.3014,107,5195.0
2026-08-25,68000,2026-12-10,put,regular,1900,0.301,107,5490.0
2026-08-25,68500,2026-12-10,put,regular,203,0.3011,107,5800.0
2026-08-25,68750,2026-12-10,put,regular,100,0.3006,107,5950.0
2026-08-25,69000,2026-12-10,put,regular,1570,0.2999,107,6100.0
2026-08-25,70000,2026-12-10,put,regular,1653,0.3003,107,6765.0
2026-08-25,71000,2026-12-10,put,regular,31,0.3002,107,7455.0
2026-08-25,72000,2026-12-10,put,regular,120,0.3014,107,8190.0
2026-08-25,72500,2026-12-10,put,regular,320,0.3021,107,8570.0
2026-08-25,74000,2026-12-10,put,regular,100,0.3051,107,9755.0
2026-08-25,76000,2026-12-10,put,regular,300,0.3104,107,11425.0
2026-08-25,80000,2026-12-10,put,regular,3700,0.3258,107,14995.0
2026-08-25,44000,2027-01-07,put,regular,331,0.4285,135,365.0
2026-08-25,45000,2027-01-07,put,regular,1000,0.4171,135,400.0
2026-08-25,47000,2027-01-07,put,regular,98,0.3987,135,500.0
2026-08-25,48000,2027-01-07,put,regular,200,0.389,135,555.0
2026-08-25,50000,2027-01-07,put,regular,115,0.3732,135,705.0
2026-08-25,52000,2027-01-07,put,regular,300,0.3601,135,910.0
2026-08-25,52500,2027-01-07,put,regular,20,0.3563,135,965.0
2026-08-25,57000,2027-01-07,put,regular,60,0.3284,135,1670.0
2026-08-25,58000,2027-01-07,put,regular,57,0.323,135,1885.0
2026-08-25,60000,2027-01-07,put,regular,1,0.3138,135,2405.0
2026-08-25,60500,2027-01-07,put,regular,42,0.3115,135,2550.0
2026-08-25,61000,2027-01-07,put,regular,1,0.3098,135,2710.0
2026-08-25,61500,2027-01-07,put,regular,50,0.3065,135,2855.0
2026-08-25,64000,2027-01-07,put,regular,100,0.2982,135,3810.0
2026-08-25,65000,2027-01-07,put,regular,3,0.2954,135,4255.0
2026-08-25,65500,2027-01-07,put,regular,1,0.2943,135,4495.0
2026-08-25,65750,2027-01-07,put,regular,1,0.2936,135,4615.0
2026-08-25,66000,2027-01-07,put,regular,50,0.2924,135,4730.0
2026-08-25,66500,2027-01-07,put,regular,3,0.2912,135,4985.0
2026-08-25,67000,2027-01-07,put,regular,2,0.2904,135,5255.0
2026-08-25,67500,2027-01-07,put,regular,1,0.2892,135,5525.0
2026-08-25,67750,2027-01-07,put,regular,1,0.2896,135,5680.0
2026-08-25,45000,2027-02-10,put,regular,300,0.3966,169,520.0
2026-08-25,47000,2027-02-10,put,regular,125,0.3828,169,660.0
2026-08-25,57500,2027-02-10,put,regular,100,0.3181,169,2135.0
2026-08-25,65000,2027-02-10,put,regular,153,0.2883,169,4680.0
2026-08-25,67000,2027-02-10,put,regular,2,0.2833,169,5675.0
2026-08-25,29000,2027-03-11,put,regular,1,0.5301,198,108.0
2026-08-25,30000,2027-03-11,put,regular,1,0.52,198,123.0
2026-08-25,33000,2027-03-11,put,regular,113,0.489,198,174.0
2026-08-25,35000,2027-03-11,put,regular,600,0.4694,198,217.0
2026-08-25,37000,2027-03-11,put,regular,500,0.4498,198,267.0
2026-08-25,38000,2027-03-11,put,regular,365,0.4404,198,296.0
2026-08-25,40000,2027-03-11,put,regular,1171,0.4227,198,365.0
2026-08-25,41000,2027-03-11,put,regular,250,0.4141,198,405.0
2026-08-25,42000,2027-03-11,put,regular,549,0.4048,198,445.0
2026-08-25,42500,2027-03-11,put,regular,200,0.4009,198,470.0
2026-08-25,43000,2027-03-11,put,regular,114,0.3969,198,495.0
2026-08-25,43500,2027-03-11,put,regular,66,0.3926,198,520.0
2026-08-25,43750,2027-03-11,put,regular,2,0.3909,198,535.0
2026-08-25,44000,2027-03-11,put,regular,275,0.3891,198,550.0
2026-08-25,45000,2027-03-11,put,regular,1609,0.3813,198,610.0
2026-08-25,46000,2027-03-11,put,regular,116,0.3734,198,675.0
2026-08-25,47000,2027-03-11,put,regular,950,0.3662,198,750.0
2026-08-25,48000,2027-03-11,put,regular,349,0.3594,198,835.0
2026-08-25,48500,2027-03-11,put,regular,51,0.3559,198,880.0
2026-08-25,49000,2027-03-11,put,regular,102,0.3528,198,930.0
2026-08-25,50000,2027-03-11,put,regular,1350,0.3463,198,1035.0
2026-08-25,50250,2027-03-11,put,regular,112,0.345,198,1065.0
2026-08-25,51000,2027-03-11,put,regular,24,0.3404,198,1155.0
2026-08-25,51250,2027-03-11,put,regular,108,0.3388,198,1185.0
2026-08-25,52000,2027-03-11,put,regular,1870,0.3344,198,1285.0
2026-08-25,52500,2027-03-11,put,regular,50,0.3318,198,1360.0
2026-08-25,53000,2027-03-11,put,regular,525,0.329,198,1435.0
2026-08-25,53500,2027-03-11,put,regular,200,0.3263,198,1515.0
2026-08-25,54000,2027-03-11,put,regular,534,0.3237,198,1600.0
2026-08-25,55000,2027-03-11,put,regular,952,0.3189,198,1785.0
2026-08-25,55500,2027-03-11,put,regular,100,0.3165,198,1885.0
2026-08-25,56000,2027-03-11,put,regular,651,0.3142,198,1990.0
2026-08-25,56250,2027-03-11,put,regular,120,0.3131,198,2045.0
2026-08-25,57000,2027-03-11,put,regular,1775,0.3097,198,2215.0
2026-08-25,58000,2027-03-11,put,regular,2825,0.3055,198,2465.0
2026-08-25,58500,2027-03-11,put,regular,35,0.3035,198,2600.0
2026-08-25,59500,2027-03-11,put,regular,453,0.2998,198,2890.0
2026-08-25,60000,2027-03-11,put,regular,1752,0.2981,198,3045.0
2026-08-25,61000,2027-03-11,put,regular,160,0.2949,198,3380.0
2026-08-25,62000,2027-03-11,put,regular,900,0.2917,198,3740.0
2026-08-25,62500,2027-03-11,put,regular,500,0.2904,198,3935.0
2026-08-25,63000,2027-03-11,put,regular,1490,0.289,198,4135.0
2026-08-25,64000,2027-03-11,put,regular,950,0.2865,198,4560.0
2026-08-25,65000,2027-03-11,put,regular,695,0.284,198,5015.0
2026-08-25,66000,2027-03-11,put,regular,360,0.282,198,5505.0
2026-08-25,66250,2027-03-11,put,regular,15,0.2813,198,5630.0
2026-08-25,66500,2027-03-11,put,regular,6,0.2809,198,5760.0
2026-08-25,67000,2027-03-11,put,regular,300,0.28,198,6025.0
2026-08-25,68000,2027-03-11,put,regular,130,0.2783,198,6580.0
2026-08-25,69000,2027-03-11,put,regular,350,0.2768,198,7165.0
2026-08-25,69250,2027-03-11,put,regular,10,0.2766,198,7320.0
2026-08-25,70000,2027-03-11,put,regular,470,0.2757,198,7785.0
2026-08-25,72000,2027-03-11,put,regular,100,0.2737,198,9110.0
2026-08-25,48000,2027-05-13,put,regular,100,0.351,261,1210.0
2026-08-25,12500,2027-06-10,put,regular,10,0.6648,289,12.0
2026-08-25,14500,2027-06-10,put,regular,4,0.5767,289,7.0
2026-08-25,15000,2027-06-10,put,regular,1,0.577,289,9.0
2026-08-25,16250,2027-06-10,put,regular,167,0.5739,289,15.0
2026-08-25,23000,2027-06-10,put,regular,140,0.5362,289,87.0
2026-08-25,24000,2027-06-10,put,regular,100,0.5282,289,103.0
2026-08-25,25000,2027-06-10,put,regular,250,0.5203,289,121.0
2026-08-25,26000,2027-06-10,put,regular,200,0.5114,289,139.0
2026-08-25,28000,2027-06-10,put,regular,895,0.4941,289,181.0
2026-08-25,28500,2027-06-10,put,regular,100,0.49,289,193.0
2026-08-25,29000,2027-06-10,put,regular,66,0.4852,289,204.0
2026-08-25,30000,2027-06-10,put,regular,275,0.4765,289,229.0
2026-08-25,31000,2027-06-10,put,regular,100,0.4674,289,255.0
2026-08-25,31500,2027-06-10,put,regular,1,0.4627,289,268.0
2026-08-25,32000,2027-06-10,put,regular,250,0.4582,289,282.0
2026-08-25,33000,2027-06-10,put,regular,150,0.4502,289,315.0
2026-08-25,34000,2027-06-10,put,regular,750,0.4409,289,345.0
2026-08-25,35000,2027-06-10,put,regular,1327,0.4323,289,380.0
2026-08-25,35500,2027-06-10,put,regular,145,0.4273,289,395.0
2026-08-25,36000,2027-06-10,put,regular,300,0.4233,289,415.0
2026-08-25,37000,2027-06-10,put,regular,50,0.4149,289,455.0
2026-08-25,38000,2027-06-10,put,regular,201,0.4069,289,500.0
2026-08-25,38500,2027-06-10,put,regular,140,0.4023,289,520.0
2026-08-25,39000,2027-06-10,put,regular,50,0.3985,289,545.0
2026-08-25,39500,2027-06-10,put,regular,101,0.3945,289,570.0
2026-08-25,40000,2027-06-10,put,regular,1095,0.3904,289,595.0
2026-08-25,41000,2027-06-10,put,regular,100,0.3833,289,655.0
2026-08-25,42000,2027-06-10,put,regular,400,0.3757,289,715.0
2026-08-25,42500,2027-06-10,put,regular,61,0.3723,289,750.0
2026-08-25,43000,2027-06-10,put,regular,35,0.3688,289,785.0
2026-08-25,44000,2027-06-10,put,regular,196,0.3619,289,860.0
2026-08-25,45000,2027-06-10,put,regular,1220,0.3555,289,945.0
2026-08-25,46000,2027-06-10,put,regular,773,0.3489,289,1035.0
2026-08-25,46500,2027-06-10,put,regular,70,0.3459,289,1085.0
2026-08-25,47000,2027-06-10,put,regular,201,0.3432,289,1140.0
2026-08-25,47750,2027-06-10,put,regular,100,0.339,289,1225.0
2026-08-25,48000,2027-06-10,put,regular,1104,0.3376,289,1255.0
2026-08-25,49000,2027-06-10,put,regular,300,0.3321,289,1380.0
2026-08-25,50000,2027-06-10,put,regular,2267,0.327,289,1520.0
2026-08-25,50500,2027-06-10,put,regular,175,0.3245,289,1595.0
2026-08-25,51000,2027-06-10,put,regular,100,0.3219,289,1670.0
2026-08-25,51250,2027-06-10,put,regular,3,0.321,289,1715.0
2026-08-25,52000,2027-06-10,put,regular,1030,0.3173,289,1840.0
2026-08-25,52250,2027-06-10,put,regular,88,0.3162,289,1885.0
2026-08-25,52500,2027-06-10,put,regular,57,0.3154,289,1935.0
2026-08-25,53000,2027-06-10,put,regular,720,0.3132,289,2030.0
2026-08-25,53500,2027-06-10,put,regular,1,0.3111,289,2130.0
2026-08-25,53750,2027-06-10,put,regular,35,0.31,289,2180.0
2026-08-25,54000,2027-06-10,put,regular,1402,0.3091,289,2235.0
2026-08-25,55000,2027-06-10,put,regular,1450,0.3053,289,2460.0
2026-08-25,55500,2027-06-10,put,regular,255,0.3035,289,2580.0
2026-08-25,56000,2027-06-10,put,regular,810,0.302,289,2710.0
2026-08-25,56500,2027-06-10,put,regular,40,0.3002,289,2840.0
2026-08-25,57000,2027-06-10,put,regular,775,0.2985,289,2975.0
2026-08-25,57750,2027-06-10,put,regular,112,0.2963,289,3195.0
2026-08-25,58000,2027-06-10,put,regular,617,0.2956,289,3270.0
2026-08-25,58500,2027-06-10,put,regular,1,0.2941,289,3425.0
2026-08-25,59000,2027-06-10,put,regular,400,0.2926,289,3585.0
2026-08-25,59500,2027-06-10,put,regular,212,0.2914,289,3755.0
2026-08-25,60000,2027-06-10,put,regular,1476,0.2899,289,3925.0
2026-08-25,61000,2027-06-10,put,regular,3,0.2876,289,4295.0
2026-08-25,62000,2027-06-10,put,regular,805,0.2854,289,4690.0
2026-08-25,63000,2027-06-10,put,regular,925,0.2833,289,5110.0
2026-08-25,64000,2027-06-10,put,regular,250,0.2813,289,5555.0
2026-08-25,64750,2027-06-10,put,regular,104,0.28,289,5910.0
2026-08-25,65000,2027-06-10,put,regular,1686,0.2796,289,6030.0
2026-08-25,65500,2027-06-10,put,regular,26,0.2786,289,6275.0
2026-08-25,66000,2027-06-10,put,regular,50,0.2779,289,6530.0
2026-08-25,66750,2027-06-10,put,regular,150,0.2768,289,6925.0
2026-08-25,67000,2027-06-10,put,regular,870,0.2765,289,7060.0
2026-08-25,67500,2027-06-10,put,regular,100,0.2758,289,7335.0
2026-08-25,68000,2027-06-10,put,regular,600,0.2751,289,7615.0
2026-08-25,68500,2027-06-10,put,regular,200,0.2744,289,7900.0
2026-08-25,69000,2027-06-10,put,regular,15,0.2738,289,8195.0
2026-08-25,70000,2027-06-10,put,regular,700,0.2724,289,8795.0
2026-08-25,72000,2027-06-10,put,regular,100,0.2704,289,10080.0
2026-08-25,77500,2027-06-10,put,regular,50,0.2659,289,14050.0
2026-08-25,67000,2027-07-08,put,regular,58,0.2772,317,7380.0
2026-08-25,31000,2027-09-09,put,regular,200,0.429,380,335.0
2026-08-25,45000,2027-09-09,put,regular,100,0.3445,380,1335.0
2026-08-25,47000,2027-09-09,put,regular,200,0.3347,380,1595.0
2026-08-25,48000,2027-09-09,put,regular,100,0.3302,380,1745.0
2026-08-25,50000,2027-09-09,put,regular,125,0.3213,380,2075.0
2026-08-25,54250,2027-09-09,put,regular,200,0.3043,380,2970.0
2026-08-25,55000,2027-09-09,put,regular,300,0.3016,380,3160.0
2026-08-25,58000,2027-09-09,put,regular,1,0.2914,380,4020.0
2026-08-25,60000,2027-09-09,put,regular,225,0.2853,380,4695.0
2026-08-25,62000,2027-09-09,put,regular,188,0.2799,380,5460.0
2026-08-25,68250,2027-09-09,put,regular,200,0.2657,380,8445.0
2026-08-25,68750,2027-09-09,put,regular,91,0.2647,380,8725.0
2026-08-25,12500,2027-12-09,put,regular,11,0.5358,471,16.0
2026-08-25,13000,2027-12-09,put,regular,1,0.4508,471,3.0
2026-08-25,16000,2027-12-09,put,regular,350,0.441,471,11.0
2026-08-25,19000,2027-12-09,put,regular,300,0.4376,471,34.0
2026-08-25,20000,2027-12-09,put,regular,400,0.44,471,50.0
2026-08-25,21000,2027-12-09,put,regular,50,0.4379,471,66.0
2026-08-25,22000,2027-12-09,put,regular,408,0.4376,471,88.0
2026-08-25,22500,2027-12-09,put,regular,36,0.4375,471,101.0
2026-08-25,23000,2027-12-09,put,regular,132,0.4377,471,116.0
2026-08-25,23750,2027-12-09,put,regular,39,0.4373,471,140.0
2026-08-25,24000,2027-12-09,put,regular,1721,0.4373,471,149.0
2026-08-25,25000,2027-12-09,put,regular,1211,0.4375,471,190.0
2026-08-25,26000,2027-12-09,put,regular,200,0.4375,471,238.0
2026-08-25,26500,2027-12-09,put,regular,100,0.4371,471,264.0
2026-08-25,27000,2027-12-09,put,regular,1300,0.4374,471,294.0
2026-08-25,28000,2027-12-09,put,regular,2125,0.4304,471,330.0
2026-08-25,29000,2027-12-09,put,regular,350,0.4237,471,370.0
2026-08-25,29500,2027-12-09,put,regular,249,0.4201,471,390.0
2026-08-25,30000,2027-12-09,put,regular,2445,0.4175,471,415.0
2026-08-25,31000,2027-12-09,put,regular,1750,0.4107,471,460.0
2026-08-25,31500,2027-12-09,put,regular,204,0.4075,471,485.0
2026-08-25,32000,2027-12-09,put,regular,1425,0.4043,471,510.0
2026-08-25,32250,2027-12-09,put,regular,30,0.4022,471,520.0
2026-08-25,32750,2027-12-09,put,regular,35,0.3995,471,550.0
2026-08-25,33000,2027-12-09,put,regular,450,0.3973,471,560.0
2026-08-25,34000,2027-12-09,put,regular,1794,0.3915,471,620.0
2026-08-25,34500,2027-12-09,put,regular,100,0.3883,471,650.0
2026-08-25,35000,2027-12-09,put,regular,1600,0.3857,471,685.0
2026-08-25,35500,2027-12-09,put,regular,40,0.383,471,720.0
2026-08-25,36000,2027-12-09,put,regular,1130,0.3801,471,755.0
2026-08-25,36500,2027-12-09,put,regular,300,0.3771,471,790.0
2026-08-25,37000,2027-12-09,put,regular,1150,0.374,471,825.0
2026-08-25,38000,2027-12-09,put,regular,1175,0.3684,471,905.0
2026-08-25,39000,2027-12-09,put,regular,800,0.3634,471,995.0
2026-08-25,39500,2027-12-09,put,regular,50,0.3607,471,1040.0
2026-08-25,40000,2027-12-09,put,regular,3150,0.3583,471,1090.0
2026-08-25,40500,2027-12-09,put,regular,450,0.3558,471,1140.0
2026-08-25,42000,2027-12-09,put,regular,550,0.3483,471,1300.0
2026-08-25,43000,2027-12-09,put,regular,240,0.3433,471,1415.0
2026-08-25,44000,2027-12-09,put,regular,100,0.3388,471,1545.0
2026-08-25,45000,2027-12-09,put,regular,1975,0.3342,471,1680.0
2026-08-25,46000,2027-12-09,put,regular,700,0.33,471,1830.0
2026-08-25,47000,2027-12-09,put,regular,250,0.3255,471,1985.0
2026-08-25,47500,2027-12-09,put,regular,35,0.3235,471,2070.0
2026-08-25,48000,2027-12-09,put,regular,615,0.3217,471,2160.0
2026-08-25,49000,2027-12-09,put,regular,700,0.3176,471,2340.0
2026-08-25,50000,2027-12-09,put,regular,3170,0.3137,471,2535.0
2026-08-25,51000,2027-12-09,put,regular,350,0.3099,471,2745.0
2026-08-25,52000,2027-12-09,put,regular,635,0.3066,471,2975.0
2026-08-25,53000,2027-12-09,put,regular,822,0.3031,471,3215.0
2026-08-25,54000,2027-12-09,put,regular,450,0.2997,471,3470.0
2026-08-25,54500,2027-12-09,put,regular,400,0.2981,471,3605.0
2026-08-25,55000,2027-12-09,put,regular,1300,0.2966,471,3745.0
2026-08-25,55500,2027-12-09,put,regular,75,0.2949,471,3885.0
2026-08-25,56000,2027-12-09,put,regular,270,0.2935,471,4035.0
2026-08-25,57000,2027-12-09,put,regular,220,0.2905,471,4345.0
2026-08-25,58000,2027-12-09,put,regular,1825,0.2876,471,4670.0
2026-08-25,58500,2027-12-09,put,regular,210,0.2863,471,4845.0
2026-08-25,59000,2027-12-09,put,regular,100,0.285,471,5020.0
2026-08-25,60000,2027-12-09,put,regular,860,0.2823,471,5385.0
2026-08-25,62000,2027-12-09,put,regular,425,0.2775,471,6185.0
2026-08-25,62500,2027-12-09,put,regular,70,0.2763,471,6395.0
2026-08-25,63000,2027-12-09,put,regular,300,0.2751,471,6610.0
2026-08-25,63500,2027-12-09,put,regular,50,0.2741,471,6835.0
2026-08-25,64000,2027-12-09,put,regular,130,0.2731,471,7065.0
2026-08-25,65000,2027-12-09,put,regular,1300,0.2709,471,7535.0
2026-08-25,66000,2027-12-09,put,regular,625,0.269,471,8030.0
2026-08-25,67000,2027-12-09,put,regular,400,0.2671,471,8545.0
2026-08-25,68000,2027-12-09,put,regular,200,0.2653,471,9080.0
2026-08-25,69000,2027-12-09,put,regular,750,0.2637,471,9640.0
2026-08-25,70000,2027-12-09,put,regular,550,0.2619,471,10215.0
2026-08-25,75000,2027-12-09,put,regular,175,0.2552,471,13415.0
2026-08-25,80000,2027-12-09,put,regular,400,0.2498,471,17060.0
2026-08-25,15000,2028-06-08,put,regular,3,0.4154,653,20.0
2026-08-25,25000,2028-06-08,put,regular,630,0.4139,653,350.0
2026-08-25,26000,2028-06-08,put,regular,250,0.4139,653,425.0
2026-08-25,27000,2028-06-08,put,regular,100,0.4139,653,510.0
2026-08-25,30000,2028-06-08,put,regular,300,0.3939,653,675.0
2026-08-25,32000,2028-06-08,put,regular,250,0.3814,653,805.0
2026-08-25,33000,2028-06-08,put,regular,100,0.3757,653,880.0
2026-08-25,35000,2028-06-08,put,regular,200,0.3652,653,1050.0
2026-08-25,40000,2028-06-08,put,regular,250,0.3412,653,1590.0
2026-08-25,41500,2028-06-08,put,regular,100,0.3346,653,1790.0
2026-08-25,45000,2028-06-08,put,regular,15,0.3205,653,2340.0
2026-08-25,48000,2028-06-08,put,regular,300,0.3091,653,2910.0
2026-08-25,50000,2028-06-08,put,regular,400,0.3021,653,3350.0
2026-08-25,53000,2028-06-08,put,regular,50,0.2921,653,4105.0
2026-08-25,54000,2028-06-08,put,regular,100,0.2892,653,4390.0
2026-08-25,55000,2028-06-08,put,regular,50,0.2861,653,4685.0
2026-08-25,58000,2028-06-08,put,regular,200,0.2776,653,5670.0
2026-08-25,60000,2028-06-08,put,regular,250,0.2724,653,6410.0
2026-08-25,12000,2028-12-07,put,regular,300,0.3976,835,11.0
2026-08-25,16000,2028-12-07,put,regular,1950,0.3948,835,55.0
2026-08-25,18000,2028-12-07,put,regular,100,0.3939,835,102.0
2026-08-25,20000,2028-12-07,put,regular,200,0.3935,835,174.0
2026-08-25,23000,2028-12-07,put,regular,100,0.3939,835,345.0
2026-08-25,23500,2028-12-07,put,regular,38,0.3936,835,380.0
2026-08-25,24000,2028-12-07,put,regular,1000,0.3938,835,420.0
2026-08-25,25000,2028-12-07,put,regular,1200,0.3929,835,500.0
2026-08-25,27000,2028-12-07,put,regular,120,0.3931,835,705.0
2026-08-25,27500,2028-12-07,put,regular,50,0.3896,835,735.0
2026-08-25,28000,2028-12-07,put,regular,1250,0.3867,835,770.0
2026-08-25,30000,2028-12-07,put,regular,350,0.3753,835,920.0
2026-08-25,31000,2028-12-07,put,regular,400,0.3701,835,1005.0
2026-08-25,32000,2028-12-07,put,regular,850,0.365,835,1095.0
2026-08-25,32250,2028-12-07,put,regular,51,0.3634,835,1115.0
2026-08-25,33000,2028-12-07,put,regular,125,0.3599,835,1190.0
2026-08-25,34000,2028-12-07,put,regular,775,0.3549,835,1290.0
2026-08-25,34750,2028-12-07,put,regular,100,0.3513,835,1370.0
2026-08-25,35000,2028-12-07,put,regular,1305,0.35,835,1395.0
2026-08-25,36000,2028-12-07,put,regular,2750,0.3454,835,1510.0
2026-08-25,37000,2028-12-07,put,regular,580,0.3408,835,1630.0
2026-08-25,38000,2028-12-07,put,regular,2860,0.3362,835,1755.0
2026-08-25,39000,2028-12-07,put,regular,50,0.3321,835,1895.0
2026-08-25,40000,2028-12-07,put,regular,1210,0.3277,835,2035.0
2026-08-25,42000,2028-12-07,put,regular,350,0.3198,835,2350.0
2026-08-25,43000,2028-12-07,put,regular,100,0.3159,835,2520.0
2026-08-25,44500,2028-12-07,put,regular,75,0.3103,835,2795.0
2026-08-25,45000,2028-12-07,put,regular,670,0.3087,835,2895.0
2026-08-25,48000,2028-12-07,put,regular,600,0.2982,835,3530.0
2026-08-25,50000,2028-12-07,put,regular,2450,0.2918,835,4015.0
2026-08-25,51000,2028-12-07,put,regular,150,0.2887,835,4275.0
2026-08-25,53000,2028-12-07,put,regular,50,0.2828,835,4835.0
2026-08-25,55000,2028-12-07,put,regular,705,0.2772,835,5450.0
2026-08-25,56000,2028-12-07,put,regular,450,0.2745,835,5780.0
2026-08-25,57000,2028-12-07,put,regular,150,0.272,835,6125.0
2026-08-25,60000,2028-12-07,put,regular,550,0.2647,835,7255.0
2026-08-25,65000,2028-12-07,put,regular,900,0.2541,835,9465.0
2026-08-25,68000,2028-12-07,put,regular,100,0.2485,835,10990.0
2026-08-25,69000,2028-12-07,put,regular,270,0.2468,835,11535.0
2026-08-25,70000,2028-12-07,put,regular,100,0.2452,835,12095.0
2026-08-25,75000,2028-12-07,put,regular,80,0.2374,835,15130.0
2026-08-25,15000,2029-06-07,put,regular,1,0.3786,1017,61.0
2026-08-25,15000,2029-12-13,put,regular,1,0.3603,1206,80.0
2026-08-25,23250,2029-12-13,put,regular,40,0.3585,1206,565.0
2026-08-25,32000,2029-12-13,call,regular,113,0.2,1206,1565.0
2026-08-25,34250,2029-12-13,call,regular,6,0.2,1206,1855.0
2026-08-25,44000,2029-12-13,call,regular,100,0.2,1206,3495.0
2026-08-25,50000,2029-12-13,call,regular,70,0.2,1206,4935.0
2026-08-25,64000,2029-12-13,call,regular,100,0.1943,1206,10155.0
2026-08-25,65000,2029-12-13,call,regular,50,0.2145,1206,10640.0
2026-08-25,70000,2029-12-13,call,regular,100,0.3129,1206,13300.0
2026-08-25,19000,2030-06-13,call,regular,2,0.2,1388,282.0
2026-08-25,23500,2030-12-12,call,regular,100,0.2,1570,630.0
2026-08-25,31750,2030-12-12,call,regular,74,0.2,1570,1675.0
2026-08-25,34000,2030-12-12,call,regular,24,0.2,1570,1985.0
2026-08-25,44000,2030-12-12,call,regular,80,0.2,1570,3885.0
2026-08-25,49500,2030-12-12,call,regular,100,0.2,1570,5375.0
2026-08-25,50000,2030-12-12,call,regular,100,0.2,1570,5530.0
2026-08-25,64000,2030-12-12,call,regular,3,0.1894,1570,11190.0
2026-08-25,31500,2031-12-11,call,regular,52,0.2,1934,2155.0
2026-08-25,68000,2031-12-11,call,regular,100,0.247,1934,14065.0
2026-08-25,31250,2032-12-09,call,regular,40,0.2,2298,2575.0
2026-08-25,30000,2026-09-10,call,regular,3750,0.2,16,35425.0
2026-08-25,37000,2026-09-10,call,regular,1,0.2,16,28425.0
2026-08-25,40000,2026-09-10,call,regular,5,0.2,16,25440.0
2026-08-25,42000,2026-09-10,call,regular,101,0.2,16,23445.0
2026-08-25,42500,2026-09-10,call,regular,10,0.2,16,22945.0
2026-08-25,43000,2026-09-10,call,regular,100,0.2,16,22445.0
2026-08-25,43500,2026-09-10,call,regular,57,0.2,16,21950.0
2026-08-25,45000,2026-09-10,call,regular,42,0.2,16,20455.0
2026-08-25,48000,2026-09-10,call,regular,400,0.2,16,17465.0
2026-08-25,48500,2026-09-10,call,regular,240,0.2,16,16970.0
2026-08-25,49000,2026-09-10,call,regular,200,0.2,16,16475.0
2026-08-25,50000,2026-09-10,call,regular,4650,0.2,16,15480.0
2026-08-25,50500,2026-09-10,call,regular,50,0.2,16,14985.0
2026-08-25,51000,2026-09-10,call,regular,141,0.2,16,14490.0
2026-08-25,51250,2026-09-10,call,regular,210,0.2,16,14240.0
2026-08-25,52000,2026-09-10,call,regular,350,0.2,16,13500.0
2026-08-25,53000,2026-09-10,call,regular,1100,0.2,16,12515.0
2026-08-25,53500,2026-09-10,call,regular,400,0.2,16,12020.0
2026-08-25,53750,2026-09-10,call,regular,150,0.2,16,11780.0
2026-08-25,54000,2026-09-10,call,regular,1056,0.2,16,11535.0
2026-08-25,54250,2026-09-10,call,regular,50,0.2,16,11290.0
2026-08-25,54500,2026-09-10,call,regular,200,0.2,16,11040.0
2026-08-25,54750,2026-09-10,call,regular,90,0.2,16,10800.0
2026-08-25,55000,2026-09-10,call,regular,660,0.2,16,10550.0
2026-08-25,56000,2026-09-10,call,regular,1250,0.2,16,9575.0
2026-08-25,56500,2026-09-10,call,regular,75,0.2,16,9095.0
2026-08-25,57000,2026-09-10,call,regular,850,0.2,16,8610.0
2026-08-25,57500,2026-09-10,call,regular,384,0.2,16,8135.0
2026-08-25,58000,2026-09-10,call,regular,1101,0.2,16,7660.0
2026-08-25,59000,2026-09-10,call,regular,1096,0.2,16,6725.0
2026-08-25,60000,2026-09-10,call,regular,786,0.2,16,5815.0
2026-08-25,60500,2026-09-10,call,regular,750,0.2241,16,5400.0
2026-08-25,60750,2026-09-10,call,regular,120,0.2391,16,5180.0
2026-08-25,61000,2026-09-10,call,regular,221,0.2505,16,4965.0
2026-08-25,61250,2026-09-10,call,regular,22,0.2552,16,4745.0
2026-08-25,61500,2026-09-10,call,regular,2,0.2616,16,4535.0
2026-08-25,61875,2026-09-10,call,regular,2,0.265,16,4215.0
2026-08-25,62000,2026-09-10,call,regular,2002,0.2708,16,4125.0
2026-08-25,62250,2026-09-10,call,regular,1,0.277,16,3935.0
2026-08-25,62500,2026-09-10,call,regular,801,0.2783,16,3735.0
2026-08-25,63000,2026-09-10,call,regular,963,0.2817,16,3355.0
2026-08-25,63250,2026-09-10,call,regular,1,0.2826,16,3170.0
2026-08-25,63500,2026-09-10,call,regular,4,0.2844,16,2995.0
2026-08-25,64000,2026-09-10,call,regular,1685,0.2841,16,2645.0
2026-08-25,64250,2026-09-10,call,regular,100,0.2842,16,2480.0
2026-08-25,64500,2026-09-10,call,regular,102,0.2851,16,2325.0
2026-08-25,64750,2026-09-10,call,regular,1,0.2876,16,2185.0
2026-08-25,64875,2026-09-10,call,regular,1,0.2856,16,2100.0
2026-08-25,65000,2026-09-10,call,regular,5381,0.2889,16,2045.0
2026-08-25,65250,2026-09-10,call,regular,2,0.288,16,1900.0
2026-08-25,65375,2026-09-10,call,regular,1,0.2858,16,1820.0
2026-08-25,65500,2026-09-10,call,regular,171,0.2916,16,1785.0
2026-08-25,65750,2026-09-10,call,regular,3,0.2857,16,1625.0
2026-08-25,65875,2026-09-10,call,regular,1,0.286,16,1565.0
2026-08-25,66000,2026-09-10,call,regular,1936,0.2896,16,1525.0
2026-08-25,66125,2026-09-10,call,regular,41,0.2857,16,1445.0
2026-08-25,66250,2026-09-10,call,regular,37,0.2897,16,1410.0
2026-08-25,66375,2026-09-10,call,regular,1,0.2879,16,1345.0
2026-08-25,66500,2026-09-10,call,regular,986,0.2923,16,1315.0
2026-08-25,66625,2026-09-10,call,regular,3,0.2872,16,1235.0
2026-08-25,66750,2026-09-10,call,regular,1210,0.292,16,1210.0
2026-08-25,67000,2026-09-10,call,regular,3376,0.2887,16,1095.0
2026-08-25,67125,2026-09-10,call,regular,5,0.2889,16,1050.0
2026-08-25,67250,2026-09-10,call,regular,5,0.2879,16,1000.0
2026-08-25,67375,2026-09-10,call,regular,29,0.2867,16,950.0
2026-08-25,67500,2026-09-10,call,regular,2130,0.289,16,920.0
2026-08-25,67625,2026-09-10,call,regular,31,0.2872,16,870.0
2026-08-25,67750,2026-09-10,call,regular,479,0.287,16,830.0
2026-08-25,67875,2026-09-10,call,regular,36,0.2896,16,805.0
2026-08-25,68000,2026-09-10,call,regular,2063,0.2889,16,765.0
2026-08-25,68125,2026-09-10,call,regular,39,0.289,16,730.0
2026-08-25,68250,2026-09-10,call,regular,20,0.2877,16,690.0
2026-08-25,68375,2026-09-10,call,regular,5,0.2894,16,665.0
2026-08-25,68500,2026-09-10,call,regular,150,0.2887,16,630.0
2026-08-25,68625,2026-09-10,call,regular,6,0.2876,16,595.0
2026-08-25,68750,2026-09-10,call,regular,310,0.2886,16,570.0
2026-08-25,68875,2026-09-10,call,regular,77,0.2893,16,545.0
2026-08-25,69000,2026-09-10,call,regular,1776,0.2886,16,515.0
2026-08-25,69125,2026-09-10,call,regular,104,0.2888,16,490.0
2026-08-25,69250,2026-09-10,call,regular,91,0.2888,16,465.0
2026-08-25,69375,2026-09-10,call,regular,20,0.2898,16,445.0
2026-08-25,69500,2026-09-10,call,regular,718,0.2892,16,420.0
2026-08-25,69625,2026-09-10,call,regular,70,0.2898,16,400.0
2026-08-25,69750,2026-09-10,call,regular,1452,0.29,16,380.0
2026-08-25,69875,2026-09-10,call,regular,44,0.2901,16,360.0
2026-08-25,70000,2026-09-10,call,regular,3783,0.2913,16,345.0
2026-08-25,70125,2026-09-10,call,regular,1,0.2894,16,320.0
2026-08-25,70250,2026-09-10,call,regular,634,0.2886,16,300.0
2026-08-25,70375,2026-09-10,call,regular,1,0.2894,16,286.0
2026-08-25,70500,2026-09-10,call,regular,330,0.2913,16,276.0
2026-08-25,70625,2026-09-10,call,regular,57,0.2894,16,255.0
2026-08-25,70750,2026-09-10,call,regular,32,0.2892,16,240.0
2026-08-25,70875,2026-09-10,call,regular,61,0.2895,16,227.0
2026-08-25,71000,2026-09-10,call,regular,1896,0.2929,16,223.0
2026-08-25,71125,2026-09-10,call,regular,57,0.2893,16,201.0
2026-08-25,71250,2026-09-10,call,regular,41,0.2912,16,194.0
2026-08-25,71375,2026-09-10,call,regular,10,0.2914,16,183.0
2026-08-25,71500,2026-09-10,call,regular,525,0.2947,16,180.0
2026-08-25,71625,2026-09-10,call,regular,2,0.2914,16,162.0
2026-08-25,71750,2026-09-10,call,regular,17,0.2927,16,155.0
2026-08-25,71875,2026-09-10,call,regular,1,0.2923,16,145.0
2026-08-25,72000,2026-09-10,call,regular,2628,0.2947,16,141.0
2026-08-25,72125,2026-09-10,call,regular,78,0.2929,16,129.0
2026-08-25,72250,2026-09-10,call,regular,43,0.294,16,123.0
2026-08-25,72375,2026-09-10,call,regular,10,0.2948,16,117.0
2026-08-25,72500,2026-09-10,call,regular,1783,0.2956,16,111.0
2026-08-25,72625,2026-09-10,call,regular,4,0.2955,16,104.0
2026-08-25,72750,2026-09-10,call,regular,202,0.2958,16,98.0
2026-08-25,72875,2026-09-10,call,regular,34,0.2966,16,93.0
2026-08-25,73000,2026-09-10,call,regular,1707,0.2972,16,88.0
2026-08-25,73125,2026-09-10,call,regular,5,0.2961,16,81.0
2026-08-25,73250,2026-09-10,call,regular,18,0.2963,16,76.0
2026-08-25,73375,2026-09-10,call,regular,2,0.2962,16,71.0
2026-08-25,73500,2026-09-10,call,regular,474,0.2999,16,71.0
2026-08-25,73625,2026-09-10,call,regular,4,0.2987,16,65.0
2026-08-25,73750,2026-09-10,call,regular,53,0.2998,16,62.0
2026-08-25,73875,2026-09-10,call,regular,18,0.2999,16,58.0
2026-08-25,74000,2026-09-10,call,regular,1961,0.3016,16,56.0
2026-08-25,74125,2026-09-10,call,regular,3,0.3013,16,52.0
2026-08-25,74250,2026-09-10,call,regular,5,0.2985,16,46.0
2026-08-25,74375,2026-09-10,call,regular,1,0.302,16,46.0
2026-08-25,74500,2026-09-10,call,regular,161,0.302,16,43.0
2026-08-25,74625,2026-09-10,call,regular,48,0.3019,16,40.0
2026-08-25,74750,2026-09-10,call,regular,65,0.3028,16,38.0
2026-08-25,74875,2026-09-10,call,regular,3,0.3035,16,36.0
2026-08-25,75000,2026-09-10,call,regular,3023,0.3055,16,35.0
2026-08-25,75125,2026-09-10,call,regular,1,0.3031,16,31.0
2026-08-25,75250,2026-09-10,call,regular,34,0.3033,16,29.0
2026-08-25,75375,2026-09-10,call,regular,1,0.3034,16,27.0
2026-08-25,75500,2026-09-10,call,regular,178,0.3065,16,27.0
2026-08-25,76000,2026-09-10,call,regular,568,0.31,16,22.0
2026-08-25,76500,2026-09-10,call,regular,56,0.3088,16,16.0
2026-08-25,77000,2026-09-10,call,regular,761,0.3122,16,13.0
2026-08-25,77500,2026-09-10,call,regular,976,0.3135,16,10.0
2026-08-25,78000,2026-09-10,call,regular,2625,0.3163,16,8.0
2026-08-25,78500,2026-09-10,call,regular,58,0.322,16,7.0
2026-08-25,79000,2026-09-10,call,regular,228,0.3269,16,6.0
2026-08-25,79500,2026-09-10,call,regular,219,0.3308,16,5.0
2026-08-25,80000,2026-09-10,call,regular,1898,0.3331,16,4.0
2026-08-25,80500,2026-09-10,call,regular,45,0.3335,16,3.0
2026-08-25,81000,2026-09-10,call,regular,427,0.3427,16,3.0
2026-08-25,81500,2026-09-10,call,regular,59,0.3519,16,3.0
2026-08-25,82000,2026-09-10,call,regular,372,0.3609,16,3.0
2026-08-25,82500,2026-09-10,call,regular,65,0.357,16,2.0
2026-08-25,83000,2026-09-10,call,regular,494,0.3656,16,2.0
2026-08-25,83500,2026-09-10,call,regular,11,0.3742,16,2.0
2026-08-25,84000,2026-09-10,call,regular,998,0.3827,16,2.0
2026-08-25,84500,2026-09-10,call,regular,34,0.3912,16,2.0
2026-08-25,85000,2026-09-10,call,regular,1238,0.3995,16,2.0
2026-08-25,87500,2026-09-10,call,regular,345,0.417,16,1.0
2026-08-25,90000,2026-09-10,call,regular,666,0.4546,16,1.0
2026-08-25,92000,2026-09-10,call,regular,56,0.4837,16,1.0
2026-08-25,94000,2026-09-10,call,regular,17,0.5121,16,1.0
2026-08-25,95000,2026-09-10,call,regular,43,0.526,16,1.0
2026-08-25,96000,2026-09-10,call,regular,20,0.5397,16,1.0
2026-08-25,98000,2026-09-10,call,regular,15,0.5666,16,1.0
2026-08-25,100000,2026-09-10,call,regular,89,0.5929,16,1.0
2026-08-25,35000,2026-10-08,call,regular,24,0.2,44,30180.0
2026-08-25,45000,2026-10-08,call,regular,2,0.2,44,20265.0
2026-08-25,47500,2026-10-08,call,regular,34,0.2,44,17810.0
2026-08-25,53000,2026-10-08,call,regular,34,0.2,44,12480.0
2026-08-25,55000,2026-10-08,call,regular,4,0.2,44,10600.0
2026-08-25,57000,2026-10-08,call,regular,1,0.2,44,8785.0
2026-08-25,60000,2026-10-08,call,regular,1,0.2455,44,6235.0
2026-08-25,60500,2026-10-08,call,regular,100,0.2503,44,5840.0
2026-08-25,61000,2026-10-08,call,regular,201,0.2555,44,5465.0
2026-08-25,62000,2026-10-08,call,regular,49,0.2586,44,4720.0
2026-08-25,62500,2026-10-08,call,regular,4890000,0.2612,44,4380.0
2026-08-25,62625,2026-10-08,call,regular,4775000,0.2596,44,4280.0
2026-08-25,63000,2026-10-08,call,regular,4,0.2604,44,4030.0
2026-08-25,63625,2026-10-08,call,regular,4100000,0.2625,44,3640.0
2026-08-25,63875,2026-10-08,call,regular,50,0.2632,44,3490.0
2026-08-25,64000,2026-10-08,call,regular,31,0.2622,44,3405.0
2026-08-25,64250,2026-10-08,call,regular,11070000,0.2627,44,3260.0
2026-08-25,65000,2026-10-08,call,regular,100,0.2625,44,2835.0
2026-08-25,65250,2026-10-08,call,regular,1,0.2623,44,2700.0
2026-08-25,65500,2026-10-08,call,regular,181,0.2621,44,2570.0
2026-08-25,65625,2026-10-08,call,regular,2755000,0.2619,44,2505.0
2026-08-25,65750,2026-10-08,call,regular,51,0.2626,44,2450.0
2026-08-25,65875,2026-10-08,call,regular,1,0.2621,44,2385.0
2026-08-25,66000,2026-10-08,call,regular,304,0.2626,44,2330.0
2026-08-25,66250,2026-10-08,call,regular,4,0.2622,44,2210.0
2026-08-25,66375,2026-10-08,call,regular,1,0.2624,44,2155.0
2026-08-25,66875,2026-10-08,call,regular,12,0.2625,44,1940.0
2026-08-25,67000,2026-10-08,call,regular,503,0.2615,44,1880.0
2026-08-25,67125,2026-10-08,call,regular,2015000,0.2621,44,1835.0
2026-08-25,67500,2026-10-08,call,regular,111,0.2616,44,1685.0
2026-08-25,67750,2026-10-08,call,regular,1,0.2619,44,1595.0
2026-08-25,68000,2026-10-08,call,regular,593,0.2617,44,1505.0
2026-08-25,68125,2026-10-08,call,regular,18,0.2632,44,1475.0
2026-08-25,68250,2026-10-08,call,regular,2,0.2616,44,1420.0
2026-08-25,68375,2026-10-08,call,regular,3,0.2629,44,1390.0
2026-08-25,68500,2026-10-08,call,regular,202,0.2617,44,1340.0
2026-08-25,69000,2026-10-08,call,regular,1163,0.2619,44,1190.0
2026-08-25,69250,2026-10-08,call,regular,3645000,0.262,44,1120.0
2026-08-25,69500,2026-10-08,call,regular,6,0.2622,44,1055.0
2026-08-25,69750,2026-10-08,call,regular,1,0.2621,44,990.0
2026-08-25,70000,2026-10-08,call,regular,722,0.2622,44,930.0
2026-08-25,70500,2026-10-08,call,regular,100,0.2626,44,820.0
2026-08-25,70750,2026-10-08,call,regular,1,0.2636,44,775.0
2026-08-25,71000,2026-10-08,call,regular,118,0.2636,44,725.0
2026-08-25,71250,2026-10-08,call,regular,1550000,0.2639,44,680.0
2026-08-25,71500,2026-10-08,call,regular,243,0.2638,44,635.0
2026-08-25,72000,2026-10-08,call,regular,578,0.2641,44,555.0
2026-08-25,72250,2026-10-08,call,regular,6,0.2654,44,525.0
2026-08-25,72500,2026-10-08,call,regular,2,0.2646,44,485.0
2026-08-25,72750,2026-10-08,call,regular,7,0.2653,44,455.0
2026-08-25,73000,2026-10-08,call,regular,1256,0.2656,44,425.0
2026-08-25,73250,2026-10-08,call,regular,1,0.2665,44,400.0
2026-08-25,73500,2026-10-08,call,regular,6,0.2661,44,370.0
2026-08-25,74000,2026-10-08,call,regular,371,0.2664,44,320.0
2026-08-25,74250,2026-10-08,call,regular,8,0.2669,44,299.0
2026-08-25,74500,2026-10-08,call,regular,58,0.2671,44,278.0
2026-08-25,74750,2026-10-08,call,regular,1,0.2683,44,262.0
2026-08-25,75000,2026-10-08,call,regular,1267,0.2683,44,243.0
2026-08-25,75250,2026-10-08,call,regular,1,0.2687,44,226.0
2026-08-25,75500,2026-10-08,call,regular,2,0.268,44,207.0
2026-08-25,76000,2026-10-08,call,regular,528,0.2698,44,182.0
2026-08-25,76500,2026-10-08,call,regular,2,0.2694,44,154.0
2026-08-25,77000,2026-10-08,call,regular,1109,0.2715,44,136.0
2026-08-25,77500,2026-10-08,call,regular,102,0.2726,44,118.0
2026-08-25,78000,2026-10-08,call,regular,525,0.2765,44,108.0
2026-08-25,78500,2026-10-08,call,regular,3,0.2777,44,94.0
2026-08-25,79000,2026-10-08,call,regular,23,0.2749,44,75.0
2026-08-25,79500,2026-10-08,call,regular,4,0.2808,44,72.0
2026-08-25,80000,2026-10-08,call,regular,1791,0.2771,44,56.0
2026-08-25,81000,2026-10-08,call,regular,447,0.2766,44,39.0
2026-08-25,81500,2026-10-08,call,regular,2,0.2825,44,38.0
2026-08-25,82000,2026-10-08,call,regular,45,0.2814,44,31.0
2026-08-25,82500,2026-10-08,call,regular,2,0.2868,44,30.0
2026-08-25,83000,2026-10-08,call,regular,6,0.285,44,24.0
2026-08-25,83500,2026-10-08,call,regular,8,0.2882,44,22.0
2026-08-25,84000,2026-10-08,call,regular,13,0.2855,44,17.0
2026-08-25,85000,2026-10-08,call,regular,159,0.2885,44,13.0
2026-08-25,87500,2026-10-08,call,regular,88,0.3013,44,8.0
2026-08-25,90000,2026-10-08,call,regular,103,0.3069,44,4.0
2026-08-25,92500,2026-10-08,call,regular,1,0.3122,44,2.0
2026-08-25,95000,2026-10-08,call,regular,13,0.3171,44,1.0
2026-08-25,97500,2026-10-08,call,regular,11,0.3376,44,1.0
2026-08-25,100000,2026-10-08,call,regular,87,0.3575,44,1.0
2026-08-25,44500,2026-11-12,call,regular,1,0.2,79,20945.0
2026-08-25,50250,2026-11-12,call,regular,35,0.2,79,15420.0
2026-08-25,56000,2026-11-12,call,regular,34,0.2668,79,10205.0
2026-08-25,57500,2026-11-12,call,regular,100,0.272,79,8930.0
2026-08-25,58000,2026-11-12,call,regular,1,0.2717,79,8510.0
2026-08-25,60500,2026-11-12,call,regular,100,0.2737,79,6580.0
2026-08-25,61000,2026-11-12,call,regular,200,0.2745,79,6230.0
2026-08-25,63000,2026-11-12,call,regular,1,0.2721,79,4885.0
2026-08-25,64000,2026-11-12,call,regular,125,0.272,79,4295.0
2026-08-25,65000,2026-11-12,call,regular,10,0.2704,79,3735.0
2026-08-25,65500,2026-11-12,call,regular,101,0.2698,79,3475.0
2026-08-25,65750,2026-11-12,call,regular,1,0.2687,79,3340.0
2026-08-25,65875,2026-11-12,call,regular,50,0.2683,79,3275.0
2026-08-25,66000,2026-11-12,call,regular,321,0.2682,79,3215.0
2026-08-25,67000,2026-11-12,call,regular,1126,0.2674,79,2760.0
2026-08-25,67500,2026-11-12,call,regular,301,0.2669,79,2550.0
2026-08-25,68000,2026-11-12,call,regular,130,0.2672,79,2360.0
2026-08-25,68375,2026-11-12,call,regular,16,0.2662,79,2210.0
2026-08-25,68500,2026-11-12,call,regular,1,0.267,79,2175.0
2026-08-25,69000,2026-11-12,call,regular,1188,0.2662,79,1995.0
2026-08-25,69500,2026-11-12,call,regular,4,0.264,79,1810.0
2026-08-25,70000,2026-11-12,call,regular,1017,0.264,79,1660.0
2026-08-25,70500,2026-11-12,call,regular,1,0.2639,79,1520.0
2026-08-25,71000,2026-11-12,call,regular,300,0.2649,79,1400.0
2026-08-25,71500,2026-11-12,call,regular,278,0.2635,79,1265.0
2026-08-25,72000,2026-11-12,call,regular,195,0.2642,79,1160.0
2026-08-25,72500,2026-11-12,call,regular,601,0.2652,79,1065.0
2026-08-25,74000,2026-11-12,call,regular,100,0.2655,79,800.0
2026-08-25,74500,2026-11-12,call,regular,116,0.2649,79,720.0
2026-08-25,75000,2026-11-12,call,regular,836,0.2648,79,650.0
2026-08-25,75500,2026-11-12,call,regular,75,0.266,79,595.0
2026-08-25,76000,2026-11-12,call,regular,630000,0.265,79,530.0
2026-08-25,76500,2026-11-12,call,regular,278,0.2663,79,485.0
2026-08-25,77000,2026-11-12,call,regular,120,0.2644,79,425.0
2026-08-25,78000,2026-11-12,call,regular,2,0.2688,79,365.0
2026-08-25,79000,2026-11-12,call,regular,6,0.2681,79,290.0
2026-08-25,80000,2026-11-12,call,regular,91,0.2659,79,223.0
2026-08-25,82500,2026-11-12,call,regular,1,0.2698,79,134.0
2026-08-25,87500,2026-11-12,call,regular,1,0.276,79,46.0
2026-08-25,90000,2026-11-12,call,regular,4,0.2805,79,28.0
2026-08-25,92500,2026-11-12,call,regular,1,0.2989,79,26.0
2026-08-25,95000,2026-11-12,call,regular,6,0.3061,79,18.0
2026-08-25,100000,2026-11-12,call,regular,6,0.3163,79,8.0
2026-08-25,12500,2026-12-10,call,regular,84,0.2,107,52590.0
2026-08-25,20000,2026-12-10,call,regular,150,0.2,107,45130.0
2026-08-25,22000,2026-12-10,call,regular,100,0.2,107,43140.0
2026-08-25,25000,2026-12-10,call,regular,300,0.2,107,40165.0
2026-08-25,26000,2026-12-10,call,regular,350,0.2,107,39175.0
2026-08-25,27000,2026-12-10,call,regular,250,0.2,107,38185.0
2026-08-25,28000,2026-12-10,call,regular,75,0.2,107,37195.0
2026-08-25,28500,2026-12-10,call,regular,125,0.2,107,36700.0
2026-08-25,29000,2026-12-10,call,regular,150,0.2,107,36205.0
2026-08-25,30000,2026-12-10,call,regular,100,0.2,107,35215.0
2026-08-25,30500,2026-12-10,call,regular,50,0.2,107,34720.0
2026-08-25,31000,2026-12-10,call,regular,241,0.2,107,34230.0
2026-08-25,31500,2026-12-10,call,regular,50,0.2,107,33760.0
2026-08-25,32000,2026-12-10,call,regular,700,0.2,107,33270.0
2026-08-25,32500,2026-12-10,call,regular,250,0.2,107,32775.0
2026-08-25,33000,2026-12-10,call,regular,1950,0.2,107,32280.0
2026-08-25,34000,2026-12-10,call,regular,280,0.2,107,31295.0
2026-08-25,34500,2026-12-10,call,regular,400,0.2,107,30805.0
2026-08-25,35000,2026-12-10,call,regular,435,0.2,107,30315.0
2026-08-25,36000,2026-12-10,call,regular,975,0.2,107,29330.0
2026-08-25,36500,2026-12-10,call,regular,252,0.2,107,28840.0
2026-08-25,37000,2026-12-10,call,regular,450,0.2,107,28350.0
2026-08-25,37500,2026-12-10,call,regular,88,0.2,107,27855.0
2026-08-25,37750,2026-12-10,call,regular,100,0.2,107,27610.0
2026-08-25,38000,2026-12-10,call,regular,1225,0.2,107,27370.0
2026-08-25,38500,2026-12-10,call,regular,700,0.2,107,26880.0
2026-08-25,38750,2026-12-10,call,regular,50,0.2,107,26635.0
2026-08-25,39000,2026-12-10,call,regular,750,0.2,107,26390.0
2026-08-25,39500,2026-12-10,call,regular,500,0.2,107,25900.0
2026-08-25,40000,2026-12-10,call,regular,1200,0.2,107,25415.0
2026-08-25,40500,2026-12-10,call,regular,400,0.2,107,24925.0
2026-08-25,41000,2026-12-10,call,regular,1300,0.2,107,24435.0
2026-08-25,41500,2026-12-10,call,regular,100,0.2,107,23950.0
2026-08-25,42000,2026-12-10,call,regular,1071,0.2,107,23465.0
2026-08-25,42500,2026-12-10,call,regular,250,0.2,107,22980.0
2026-08-25,43000,2026-12-10,call,regular,1400,0.2,107,22495.0
2026-08-25,43750,2026-12-10,call,regular,131,0.2,107,21770.0
2026-08-25,44000,2026-12-10,call,regular,600,0.2,107,21525.0
2026-08-25,45000,2026-12-10,call,regular,1842,0.2,107,20565.0
2026-08-25,45250,2026-12-10,call,regular,413,0.2,107,20325.0
2026-08-25,45500,2026-12-10,call,regular,200,0.2,107,20085.0
2026-08-25,46000,2026-12-10,call,regular,2300,0.2,107,19605.0
2026-08-25,46250,2026-12-10,call,regular,315,0.2,107,19370.0
2026-08-25,47000,2026-12-10,call,regular,350,0.2,107,18655.0
2026-08-25,47500,2026-12-10,call,regular,200,0.2,107,18175.0
2026-08-25,48000,2026-12-10,call,regular,750,0.2,107,17705.0
2026-08-25,49000,2026-12-10,call,regular,1000,0.2,107,16760.0
2026-08-25,49500,2026-12-10,call,regular,260,0.2,107,16295.0
2026-08-25,50000,2026-12-10,call,regular,3342,0.2,107,15835.0
2026-08-25,50250,2026-12-10,call,regular,58,0.2,107,15600.0
2026-08-25,50500,2026-12-10,call,regular,600,0.2,107,15365.0
2026-08-25,50750,2026-12-10,call,regular,45,0.2036,107,15140.0
2026-08-25,51000,2026-12-10,call,regular,731,0.2159,107,14905.0
2026-08-25,52000,2026-12-10,call,regular,802,0.2482,107,13995.0
2026-08-25,52250,2026-12-10,call,regular,250,0.2527,107,13770.0
2026-08-25,52500,2026-12-10,call,regular,50,0.2562,107,13545.0
2026-08-25,53000,2026-12-10,call,regular,1135,0.2623,107,13100.0
2026-08-25,53500,2026-12-10,call,regular,106,0.2671,107,12660.0
2026-08-25,54000,2026-12-10,call,regular,1941,0.2709,107,12225.0
2026-08-25,54500,2026-12-10,call,regular,540,0.2731,107,11790.0
2026-08-25,55000,2026-12-10,call,regular,1829,0.2739,107,11355.0
2026-08-25,55500,2026-12-10,call,regular,300,0.2751,107,10930.0
2026-08-25,56000,2026-12-10,call,regular,791,0.276,107,10510.0
2026-08-25,56500,2026-12-10,call,regular,283,0.2764,107,10095.0
2026-08-25,57000,2026-12-10,call,regular,500,0.2771,107,9690.0
2026-08-25,57250,2026-12-10,call,regular,113,0.2768,107,9485.0
2026-08-25,57500,2026-12-10,call,regular,80,0.2768,107,9285.0
2026-08-25,58000,2026-12-10,call,regular,2603,0.2767,107,8890.0
2026-08-25,58500,2026-12-10,call,regular,350,0.2763,107,8500.0
2026-08-25,59000,2026-12-10,call,regular,1900,0.2761,107,8120.0
2026-08-25,59500,2026-12-10,call,regular,100,0.2759,107,7750.0
2026-08-25,60000,2026-12-10,call,regular,7264,0.2754,107,7385.0
2026-08-25,60500,2026-12-10,call,regular,102,0.2745,107,7025.0
2026-08-25,61000,2026-12-10,call,regular,813,0.2741,107,6680.0
2026-08-25,62000,2026-12-10,call,regular,1350,0.2726,107,6010.0
2026-08-25,62500,2026-12-10,call,regular,828,0.2719,107,5690.0
2026-08-25,63000,2026-12-10,call,regular,1615,0.2716,107,5385.0
2026-08-25,63500,2026-12-10,call,regular,300,0.2701,107,5075.0
2026-08-25,63750,2026-12-10,call,regular,25,0.2706,107,4940.0
2026-08-25,64000,2026-12-10,call,regular,1990,0.2701,107,4795.0
2026-08-25,65000,2026-12-10,call,regular,2992,0.2682,107,4240.0
2026-08-25,65500,2026-12-10,call,regular,584,0.2681,107,3990.0
2026-08-25,66000,2026-12-10,call,regular,955,0.2662,107,3725.0
2026-08-25,66250,2026-12-10,call,regular,15,0.2655,107,3600.0
2026-08-25,66500,2026-12-10,call,regular,600,0.2657,107,3490.0
2026-08-25,67000,2026-12-10,call,regular,1128,0.2648,107,3260.0
2026-08-25,67250,2026-12-10,call,regular,25,0.2648,107,3155.0
2026-08-25,67500,2026-12-10,call,regular,25,0.2643,107,3045.0
2026-08-25,68000,2026-12-10,call,regular,3143,0.2641,107,2845.0
2026-08-25,68500,2026-12-10,call,regular,400,0.2639,107,2655.0
2026-08-25,69000,2026-12-10,call,regular,1494,0.2623,107,2455.0
2026-08-25,69250,2026-12-10,call,regular,50,0.263,107,2380.0
2026-08-25,69750,2026-12-10,call,regular,158,0.2618,107,2200.0
2026-08-25,70000,2026-12-10,call,regular,5412,0.262,107,2125.0
2026-08-25,71000,2026-12-10,call,regular,1309,0.2614,107,1825.0
2026-08-25,72000,2026-12-10,call,regular,1360,0.2608,107,1560.0
2026-08-25,72250,2026-12-10,call,regular,2,0.2607,107,1500.0
2026-08-25,72500,2026-12-10,call,regular,2312,0.2605,107,1440.0
2026-08-25,73000,2026-12-10,call,regular,800,0.2605,107,1330.0
2026-08-25,73500,2026-12-10,call,regular,400,0.2612,107,1235.0
2026-08-25,74000,2026-12-10,call,regular,1050,0.2608,107,1135.0
2026-08-25,75000,2026-12-10,call,regular,3682,0.2607,107,960.0
2026-08-25,75750,2026-12-10,call,regular,1,0.2611,107,850.0
2026-08-25,76000,2026-12-10,call,regular,432,0.2612,107,815.0
2026-08-25,77000,2026-12-10,call,regular,459,0.2612,107,685.0
2026-08-25,77500,2026-12-10,call,regular,1055,0.2609,107,625.0
2026-08-25,78000,2026-12-10,call,regular,381,0.2613,107,575.0
2026-08-25,79000,2026-12-10,call,regular,204,0.2614,107,480.0
2026-08-25,80000,2026-12-10,call,regular,7225,0.2623,107,405.0
2026-08-25,81000,2026-12-10,call,regular,1,0.2631,107,340.0
2026-08-25,82500,2026-12-10,call,regular,1126,0.2639,107,259.0
2026-08-25,83000,2026-12-10,call,regular,120,0.2641,107,236.0
2026-08-25,84000,2026-12-10,call,regular,522,0.2648,107,197.0
2026-08-25,85000,2026-12-10,call,regular,705,0.2655,107,164.0
2026-08-25,87500,2026-12-10,call,regular,2457,0.2681,107,105.0
2026-08-25,90000,2026-12-10,call,regular,1776,0.2756,107,76.0
2026-08-25,95000,2026-12-10,call,regular,1072,0.287,107,38.0
2026-08-25,100000,2026-12-10,call,regular,500,0.2871,107,14.0
2026-08-25,54250,2027-01-07,call,regular,27,0.2802,135,12270.0
2026-08-25,61000,2027-01-07,call,regular,26,0.2729,135,7075.0
2026-08-25,63750,2027-01-07,call,regular,50,0.2671,135,5345.0
2026-08-25,64000,2027-01-07,call,regular,100,0.2665,135,5200.0
2026-08-25,69000,2027-01-07,call,regular,1,0.2585,135,2845.0
2026-08-25,69500,2027-01-07,call,regular,2,0.258,135,2665.0
2026-08-25,70000,2027-01-07,call,regular,2,0.2583,135,2505.0
2026-08-25,70250,2027-01-07,call,regular,1,0.2573,135,2410.0
2026-08-25,70500,2027-01-07,call,regular,2,0.2577,135,2340.0
2026-08-25,71000,2027-01-07,call,regular,1,0.2576,135,2190.0
2026-08-25,71500,2027-01-07,call,regular,50,0.2587,135,2065.0
2026-08-25,72000,2027-01-07,call,regular,2,0.2582,135,1925.0
2026-08-25,73000,2027-01-07,call,regular,1,0.2579,135,1675.0
2026-08-25,74000,2027-01-07,call,regular,1,0.2575,135,1450.0
2026-08-25,75000,2027-01-07,call,regular,1,0.2574,135,1255.0
2026-08-25,80000,2027-01-07,call,regular,1,0.2555,135,570.0
2026-08-25,100000,2027-01-07,call,regular,3,0.2819,135,34.0
2026-08-25,56000,2027-02-10,call,regular,8,0.2876,169,11230.0
2026-08-25,56750,2027-02-10,call,regular,60,0.2858,169,10640.0
2026-08-25,64000,2027-02-10,call,regular,60,0.2681,169,5720.0
2026-08-25,66000,2027-02-10,call,regular,8,0.2631,169,4645.0
2026-08-25,72500,2027-02-10,call,regular,75,0.2595,169,2255.0
2026-08-25,75000,2027-02-10,call,regular,100,0.2592,169,1665.0
2026-08-25,52000,2027-03-11,call,regular,560,0.2933,198,14755.0
2026-08-25,52750,2027-03-11,call,regular,8,0.292,198,14120.0
2026-08-25,53000,2027-03-11,call,regular,275,0.2916,198,13910.0
2026-08-25,53500,2027-03-11,call,regular,202,0.2907,198,13495.0
2026-08-25,53750,2027-03-11,call,regular,44,0.2903,198,13290.0
2026-08-25,54000,2027-03-11,call,regular,267,0.2898,198,13085.0
2026-08-25,55000,2027-03-11,call,regular,550,0.2876,198,12275.0
2026-08-25,56000,2027-03-11,call,regular,50,0.2856,198,11490.0
2026-08-25,56500,2027-03-11,call,regular,1,0.2845,198,11105.0
2026-08-25,57000,2027-03-11,call,regular,365,0.2834,198,10725.0
2026-08-25,58000,2027-03-11,call,regular,150,0.2812,198,9985.0
2026-08-25,59500,2027-03-11,call,regular,200,0.2778,198,8920.0
2026-08-25,59750,2027-03-11,call,regular,2,0.2774,198,8750.0
2026-08-25,60000,2027-03-11,call,regular,12,0.2768,198,8580.0
2026-08-25,60250,2027-03-11,call,regular,44,0.2764,198,8415.0
2026-08-25,61000,2027-03-11,call,regular,160,0.2747,198,7920.0
2026-08-25,61750,2027-03-11,call,regular,1,0.2732,198,7445.0
2026-08-25,62500,2027-03-11,call,regular,508,0.272,198,6990.0
2026-08-25,63000,2027-03-11,call,regular,392,0.2708,198,6690.0
2026-08-25,64000,2027-03-11,call,regular,100,0.2691,198,6125.0
2026-08-25,64250,2027-03-11,call,regular,100,0.2688,198,5990.0
2026-08-25,65000,2027-03-11,call,regular,801,0.2675,198,5590.0
2026-08-25,66000,2027-03-11,call,regular,740,0.2658,198,5085.0
2026-08-25,66250,2027-03-11,call,regular,15,0.2654,198,4965.0
2026-08-25,66500,2027-03-11,call,regular,6,0.2653,198,4850.0
2026-08-25,67000,2027-03-11,call,regular,200,0.2646,198,4620.0
2026-08-25,68000,2027-03-11,call,regular,300,0.2632,198,4180.0
2026-08-25,69000,2027-03-11,call,regular,350,0.262,198,3775.0
2026-08-25,69250,2027-03-11,call,regular,10,0.2618,198,3680.0
2026-08-25,70000,2027-03-11,call,regular,666,0.2609,198,3400.0
2026-08-25,70500,2027-03-11,call,regular,150,0.2605,198,3225.0
2026-08-25,71000,2027-03-11,call,regular,100,0.26,198,3055.0
2026-08-25,72000,2027-03-11,call,regular,650,0.2592,198,2740.0
2026-08-25,72500,2027-03-11,call,regular,85,0.2589,198,2595.0
2026-08-25,73000,2027-03-11,call,regular,400,0.2586,198,2455.0
2026-08-25,73500,2027-03-11,call,regular,1,0.2583,198,2320.0
2026-08-25,74000,2027-03-11,call,regular,3,0.2578,198,2190.0
2026-08-25,75000,2027-03-11,call,regular,655,0.2575,198,1955.0
2026-08-25,77500,2027-03-11,call,regular,400,0.2568,198,1460.0
2026-08-25,80000,2027-03-11,call,regular,288,0.2568,198,1085.0
2026-08-25,82500,2027-03-11,call,regular,737,0.257,198,800.0
2026-08-25,85000,2027-03-11,call,regular,330,0.2583,198,595.0
2026-08-25,90000,2027-03-11,call,regular,350,0.2618,198,330.0
2026-08-25,95000,2027-03-11,call,regular,500,0.2668,198,189.0
2026-08-25,100000,2027-03-11,call,regular,78,0.2753,198,119.0
2026-08-25,57000,2027-04-08,call,regular,25,0.2627,226,10690.0
2026-08-25,57750,2027-04-08,call,regular,88,0.2621,226,10145.0
2026-08-25,65000,2027-04-08,call,regular,88,0.2541,226,5670.0
2026-08-25,67000,2027-04-08,call,regular,25,0.2524,226,4720.0
2026-08-25,60250,2027-05-13,call,regular,8,0.2642,261,8875.0
2026-08-25,61250,2027-05-13,call,regular,23,0.263,261,8250.0
2026-08-25,71000,2027-05-13,call,regular,23,0.2528,261,3625.0
2026-08-25,72000,2027-05-13,call,regular,8,0.252,261,3295.0
2026-08-25,16250,2027-06-10,call,regular,114,0.2,289,48640.0
2026-08-25,30000,2027-06-10,call,regular,300,0.2,289,35270.0
2026-08-25,33000,2027-06-10,call,regular,50,0.2,289,32390.0
2026-08-25,36000,2027-06-10,call,regular,150,0.2,289,29525.0
2026-08-25,37000,2027-06-10,call,regular,50,0.2,289,28580.0
2026-08-25,37250,2027-06-10,call,regular,480,0.2,289,28340.0
2026-08-25,38500,2027-06-10,call,regular,140,0.2,289,27160.0
2026-08-25,39000,2027-06-10,call,regular,50,0.2,289,26690.0
2026-08-25,44500,2027-06-10,call,regular,300,0.2577,289,21610.0
2026-08-25,50000,2027-06-10,call,regular,300,0.2745,289,16795.0
2026-08-25,50500,2027-06-10,call,regular,175,0.2744,289,16375.0
2026-08-25,53000,2027-06-10,call,regular,100,0.273,289,14340.0
2026-08-25,54000,2027-06-10,call,regular,1050,0.2723,289,13560.0
2026-08-25,55000,2027-06-10,call,regular,300,0.2711,289,12795.0
2026-08-25,56000,2027-06-10,call,regular,175,0.2701,289,12055.0
2026-08-25,57000,2027-06-10,call,regular,50,0.2689,289,11335.0
2026-08-25,58500,2027-06-10,call,regular,58,0.2671,289,10300.0
2026-08-25,60000,2027-06-10,call,regular,750,0.2652,289,9320.0
2026-08-25,62500,2027-06-10,call,regular,150,0.2625,289,7820.0
2026-08-25,63000,2027-06-10,call,regular,100,0.262,289,7540.0
2026-08-25,64000,2027-06-10,call,regular,350,0.261,289,7000.0
2026-08-25,65000,2027-06-10,call,regular,500,0.2599,289,6485.0
2026-08-25,65500,2027-06-10,call,regular,62,0.2595,289,6240.0
2026-08-25,66500,2027-06-10,call,regular,125,0.2585,289,5765.0
2026-08-25,67000,2027-06-10,call,regular,470,0.2579,289,5535.0
2026-08-25,67500,2027-06-10,call,regular,400,0.2574,289,5315.0
2026-08-25,68000,2027-06-10,call,regular,400,0.2571,289,5105.0
2026-08-25,68250,2027-06-10,call,regular,15,0.2569,289,5000.0
2026-08-25,68500,2027-06-10,call,regular,200,0.2566,289,4895.0
2026-08-25,69000,2027-06-10,call,regular,1,0.2562,289,4695.0
2026-08-25,69250,2027-06-10,call,regular,36,0.2559,289,4595.0
2026-08-25,70000,2027-06-10,call,regular,550,0.2553,289,4310.0
2026-08-25,71000,2027-06-10,call,regular,100,0.2545,289,3950.0
2026-08-25,72000,2027-06-10,call,regular,100,0.2537,289,3615.0
2026-08-25,74000,2027-06-10,call,regular,850,0.2524,289,3015.0
2026-08-25,75000,2027-06-10,call,regular,475,0.2517,289,2745.0
2026-08-25,77500,2027-06-10,call,regular,536,0.25,289,2155.0
2026-08-25,80000,2027-06-10,call,regular,715,0.2484,289,1675.0
2026-08-25,85000,2027-06-10,call,regular,1300,0.2461,289,990.0
2026-08-25,90000,2027-06-10,call,regular,400,0.2466,289,590.0
2026-08-25,65750,2027-07-08,call,regular,20,0.258,317,6375.0
2026-08-25,66750,2027-07-08,call,regular,32,0.2569,317,5905.0
2026-08-25,75000,2027-07-08,call,regular,32,0.2493,317,2945.0
2026-08-25,77000,2027-07-08,call,regular,20,0.2489,317,2470.0
2026-08-25,68000,2027-08-12,call,regular,22,0.2559,352,5700.0
2026-08-25,69000,2027-08-12,call,regular,53,0.2547,352,5280.0
2026-08-25,78000,2027-08-12,call,regular,75,0.2487,352,2535.0
2026-08-25,65000,2027-09-09,call,regular,1,0.2631,380,7455.0
2026-08-25,77500,2027-09-09,call,regular,2,0.2503,380,2900.0
2026-08-25,28000,2027-12-09,call,regular,50,0.2,471,37200.0
2026-08-25,30000,2027-12-09,call,regular,225,0.2,471,35315.0
2026-08-25,31500,2027-12-09,call,regular,50,0.2,471,33915.0
2026-08-25,32000,2027-12-09,call,regular,100,0.2,471,33450.0
2026-08-25,33000,2027-12-09,call,regular,100,0.2,471,32525.0
2026-08-25,34000,2027-12-09,call,regular,375,0.2,471,31605.0
2026-08-25,35000,2027-12-09,call,regular,201,0.2,471,30685.0
2026-08-25,36000,2027-12-09,call,regular,80,0.2,471,29775.0
2026-08-25,36750,2027-12-09,call,regular,442,0.2,471,29095.0
2026-08-25,37000,2027-12-09,call,regular,200,0.2,471,28865.0
2026-08-25,38000,2027-12-09,call,regular,575,0.2201,471,27965.0
2026-08-25,39000,2027-12-09,call,regular,125,0.246,471,27070.0
2026-08-25,39250,2027-12-09,call,regular,50,0.2506,471,26850.0
2026-08-25,39500,2027-12-09,call,regular,50,0.2544,471,26630.0
2026-08-25,40000,2027-12-09,call,regular,350,0.2596,471,26185.0
2026-08-25,40500,2027-12-09,call,regular,450,0.2641,471,25745.0
2026-08-25,41000,2027-12-09,call,regular,375,0.2675,471,25305.0
2026-08-25,42000,2027-12-09,call,regular,200,0.273,471,24435.0
2026-08-25,43000,2027-12-09,call,regular,400,0.2762,471,23570.0
2026-08-25,43500,2027-12-09,call,regular,150,0.2778,471,23145.0
2026-08-25,45000,2027-12-09,call,regular,1950,0.2801,471,21875.0
2026-08-25,46000,2027-12-09,call,regular,500,0.2806,471,21040.0
2026-08-25,48000,2027-12-09,call,regular,225,0.2807,471,19410.0
2026-08-25,49000,2027-12-09,call,regular,700,0.28,471,18610.0
2026-08-25,50000,2027-12-09,call,regular,1950,0.2791,471,17825.0
2026-08-25,51000,2027-12-09,call,regular,300,0.2781,471,17055.0
2026-08-25,52500,2027-12-09,call,regular,100,0.2765,471,15930.0
2026-08-25,54000,2027-12-09,call,regular,300,0.2743,471,14835.0
2026-08-25,54500,2027-12-09,call,regular,100,0.2737,471,14480.0
2026-08-25,55000,2027-12-09,call,regular,704,0.273,471,14130.0
2026-08-25,57000,2027-12-09,call,regular,250,0.2701,471,12770.0
2026-08-25,58000,2027-12-09,call,regular,500,0.2685,471,12115.0
2026-08-25,60000,2027-12-09,call,regular,1225,0.2656,471,10870.0
2026-08-25,61000,2027-12-09,call,regular,200,0.264,471,10275.0
2026-08-25,62000,2027-12-09,call,regular,200,0.2627,471,9705.0
2026-08-25,62500,2027-12-09,call,regular,70,0.2619,471,9425.0
2026-08-25,63000,2027-12-09,call,regular,300,0.2613,471,9155.0
2026-08-25,63500,2027-12-09,call,regular,50,0.2606,471,8885.0
2026-08-25,64000,2027-12-09,call,regular,780,0.26,471,8625.0
2026-08-25,65000,2027-12-09,call,regular,550,0.2586,471,8115.0
2026-08-25,66000,2027-12-09,call,regular,475,0.2573,471,7625.0
2026-08-25,67000,2027-12-09,call,regular,100,0.2561,471,7160.0
2026-08-25,68000,2027-12-09,call,regular,200,0.2549,471,6715.0
2026-08-25,69000,2027-12-09,call,regular,850,0.2539,471,6295.0
2026-08-25,70000,2027-12-09,call,regular,850,0.2528,471,5890.0
2026-08-25,72500,2027-12-09,call,regular,100,0.2507,471,4980.0
2026-08-25,75000,2027-12-09,call,regular,177,0.2488,471,4185.0
2026-08-25,77500,2027-12-09,call,regular,500,0.2475,471,3510.0
2026-08-25,80000,2027-12-09,call,regular,1000,0.2463,471,2930.0
2026-08-25,85000,2027-12-09,call,regular,100,0.2452,471,2035.0
2026-08-25,87500,2027-12-09,call,regular,100,0.2453,471,1700.0
2026-08-25,41500,2028-06-08,call,regular,100,0.2825,653,25465.0
2026-08-25,28000,2028-12-07,call,regular,50,0.2,835,37565.0
2026-08-25,30000,2028-12-07,call,regular,80,0.2,835,35780.0
2026-08-25,31000,2028-12-07,call,regular,200,0.2,835,34900.0
2026-08-25,32000,2028-12-07,call,regular,75,0.2244,835,34020.0
2026-08-25,33000,2028-12-07,call,regular,125,0.2482,835,33150.0
2026-08-25,34500,2028-12-07,call,regular,330,0.2653,835,31855.0
2026-08-25,34750,2028-12-07,call,regular,100,0.2671,835,31640.0
2026-08-25,35500,2028-12-07,call,regular,443,0.2714,835,30995.0
2026-08-25,36000,2028-12-07,call,regular,450,0.2739,835,30570.0
2026-08-25,36500,2028-12-07,call,regular,52,0.2763,835,30150.0
2026-08-25,38000,2028-12-07,call,regular,120,0.2801,835,28885.0
2026-08-25,39000,2028-12-07,call,regular,575,0.2818,835,28055.0
2026-08-25,40000,2028-12-07,call,regular,30,0.2829,835,27235.0
2026-08-25,41000,2028-12-07,call,regular,375,0.2833,835,26420.0
2026-08-25,42000,2028-12-07,call,regular,65,0.2834,835,25615.0
2026-08-25,42500,2028-12-07,call,regular,100,0.2835,835,25220.0
2026-08-25,50000,2028-12-07,call,regular,400,0.276,835,19550.0
2026-08-25,53000,2028-12-07,call,regular,50,0.2716,835,17470.0
2026-08-25,55000,2028-12-07,call,regular,50,0.2686,835,16155.0
2026-08-25,56000,2028-12-07,call,regular,650,0.2672,835,15520.0
2026-08-25,60000,2028-12-07,call,regular,250,0.2614,835,13130.0
2026-08-25,67500,2028-12-07,call,regular,100,0.2524,835,9355.0
2026-08-25,75000,2028-12-07,call,regular,80,0.2466,835,6515.0
2026-08-25,80000,2028-12-07,call,regular,200,0.2445,835,5095.0
2026-08-25,50000,2029-12-13,call,regular,100,0.2708,1206,20965.0
2026-08-25,60000,2029-12-13,call,regular,375,0.2572,1206,14880.0
2026-08-25,65000,2029-12-13,call,regular,50,0.2525,1206,12400.0
2026-08-25,57000,2030-12-12,call,regular,300,0.2598,1570,18050.0
2026-08-25,64000,2030-12-12,call,regular,3,0.2557,1570,14640.0
2026-08-25,58375,2026-08-26,put,mini,901,0.7712,1,1.0
2026-08-25,59875,2026-08-26,put,mini,2,0.663,1,2.0
2026-08-25,62000,2026-08-26,put,mini,17,0.5799,1,17.0
2026-08-25,62625,2026-08-26,put,mini,34,0.563,1,34.0
2026-08-25,63500,2026-08-26,put,mini,92,0.5514,1,92.0
2026-08-25,64500,2026-08-26,put,mini,9,0.5511,1,259.0
2026-08-25,65500,2026-08-26,put,mini,2,0.5837,1,635.0
2026-08-25,68250,2026-08-26,put,mini,2,0.9261,1,2830.0
2026-08-25,58375,2026-08-28,put,mini,1275,0.579,3,12.0
2026-08-25,58500,2026-08-28,put,mini,459,0.5759,3,13.0
2026-08-25,58625,2026-08-28,put,mini,15,0.5725,3,14.0
2026-08-25,58750,2026-08-28,put,mini,13,0.5736,3,16.0
2026-08-25,58875,2026-08-28,put,mini,5,0.5691,3,17.0
2026-08-25,59000,2026-08-28,put,mini,187,0.5598,3,17.0
2026-08-25,59125,2026-08-28,put,mini,4,0.5634,3,20.0
2026-08-25,59250,2026-08-28,put,mini,4,0.5579,3,21.0
2026-08-25,59375,2026-08-28,put,mini,5,0.5444,3,20.0
2026-08-25,59500,2026-08-28,put,mini,69,0.5498,3,24.0
2026-08-25,59625,2026-08-28,put,mini,1,0.5468,3,26.0
2026-08-25,59750,2026-08-28,put,mini,14,0.5402,3,27.0
2026-08-25,59875,2026-08-28,put,mini,10,0.5334,3,28.0
2026-08-25,60000,2026-08-28,put,mini,493,0.5265,3,29.0
2026-08-25,60125,2026-08-28,put,mini,1,0.5304,3,34.0
2026-08-25,60250,2026-08-28,put,mini,11,0.5278,3,37.0
2026-08-25,60375,2026-08-28,put,mini,10,0.5101,3,34.0
2026-08-25,60500,2026-08-28,put,mini,78,0.5024,3,35.0
2026-08-25,60625,2026-08-28,put,mini,41,0.5062,3,41.0
2026-08-25,60750,2026-08-28,put,mini,58,0.4979,3,42.0
2026-08-25,60875,2026-08-28,put,mini,1,0.5074,3,52.0
2026-08-25,61000,2026-08-28,put,mini,236,0.491,3,49.0
2026-08-25,61125,2026-08-28,put,mini,2,0.4964,3,58.0
2026-08-25,61250,2026-08-28,put,mini,12,0.4921,3,62.0
2026-08-25,61375,2026-08-28,put,mini,3,0.4794,3,61.0
2026-08-25,61500,2026-08-28,put,mini,190,0.4698,3,62.0
2026-08-25,61625,2026-08-28,put,mini,1,0.4793,3,76.0
2026-08-25,61750,2026-08-28,put,mini,90,0.4785,3,84.0
2026-08-25,61875,2026-08-28,put,mini,8,0.4743,3,90.0
2026-08-25,62000,2026-08-28,put,mini,573,0.4636,3,91.0
2026-08-25,62125,2026-08-28,put,mini,2,0.4656,3,103.0
2026-08-25,62250,2026-08-28,put,mini,47,0.461,3,110.0
2026-08-25,62375,2026-08-28,put,mini,23,0.4639,3,125.0
2026-08-25,62500,2026-08-28,put,mini,205,0.4571,3,131.0
2026-08-25,62750,2026-08-28,put,mini,15,0.4553,3,158.0
2026-08-25,62875,2026-08-28,put,mini,17,0.4526,3,171.0
2026-08-25,63000,2026-08-28,put,mini,487,0.443,3,176.0
2026-08-25,63125,2026-08-28,put,mini,3,0.4466,3,199.0
2026-08-25,63250,2026-08-28,put,mini,3834,0.4468,3,219.0
2026-08-25,63375,2026-08-28,put,mini,5,0.4445,3,237.0
2026-08-25,63500,2026-08-28,put,mini,244,0.4415,3,255.0
2026-08-25,63625,2026-08-28,put,mini,2,0.4439,3,283.0
2026-08-25,63750,2026-08-28,put,mini,71,0.4444,3,310.0
2026-08-25,63875,2026-08-28,put,mini,9,0.4399,3,330.0
2026-08-25,64000,2026-08-28,put,mini,686,0.432,3,345.0
2026-08-25,64125,2026-08-28,put,mini,24,0.4288,3,370.0
2026-08-25,64250,2026-08-28,put,mini,114,0.4301,3,405.0
2026-08-25,64375,2026-08-28,put,mini,35,0.4277,3,435.0
2026-08-25,64500,2026-08-28,put,mini,684,0.4293,3,475.0
2026-08-25,64625,2026-08-28,put,mini,67,0.4274,3,510.0
2026-08-25,64750,2026-08-28,put,mini,158,0.4269,3,550.0
2026-08-25,64875,2026-08-28,put,mini,122,0.4276,3,595.0
2026-08-25,65000,2026-08-28,put,mini,452,0.4362,3,660.0
2026-08-25,65125,2026-08-28,put,mini,123,0.4281,3,690.0
2026-08-25,65250,2026-08-28,put,mini,119,0.4279,3,740.0
2026-08-25,65375,2026-08-28,put,mini,272,0.4482,3,840.0
2026-08-25,65500,2026-08-28,put,mini,469,0.4415,3,880.0
2026-08-25,65625,2026-08-28,put,mini,18,0.4445,3,945.0
2026-08-25,65750,2026-08-28,put,mini,109,0.4485,3,1015.0
2026-08-25,65875,2026-08-28,put,mini,8,0.46,3,1105.0
2026-08-25,66000,2026-08-28,put,mini,297,0.4474,3,1140.0
2026-08-25,66125,2026-08-28,put,mini,7,0.4654,3,1250.0
2026-08-25,66250,2026-08-28,put,mini,118,0.4698,3,1330.0
2026-08-25,66375,2026-08-28,put,mini,1,0.4734,3,1410.0
2026-08-25,66500,2026-08-28,put,mini,302,0.4804,3,1500.0
2026-08-25,66750,2026-08-28,put,mini,4,0.4899,3,1675.0
2026-08-25,66875,2026-08-28,put,mini,4,0.4967,3,1770.0
2026-08-25,67000,2026-08-28,put,mini,205,0.4962,3,1850.0
2026-08-25,67250,2026-08-28,put,mini,7,0.5178,3,2065.0
2026-08-25,67500,2026-08-28,put,mini,37,0.5303,3,2265.0
2026-08-25,67750,2026-08-28,put,mini,6,0.5502,3,2485.0
2026-08-25,68000,2026-08-28,put,mini,6,0.566,3,2700.0
2026-08-25,68125,2026-08-28,put,mini,2815,0.577,3,2815.0
2026-08-25,68250,2026-08-28,put,mini,4,0.5876,3,2930.0
2026-08-25,68500,2026-08-28,put,mini,4,0.6054,3,3155.0
2026-08-25,68750,2026-08-28,put,mini,8,0.6273,3,3390.0
2026-08-25,69000,2026-08-28,put,mini,256,0.651,3,3630.0
2026-08-25,69250,2026-08-28,put,mini,6,0.6739,3,3870.0
2026-08-25,69500,2026-08-28,put,mini,6,0.699,3,4115.0
2026-08-25,69625,2026-08-28,put,mini,4235,0.7098,3,4235.0
2026-08-25,61000,2026-09-02,put,mini,215,0.4246,8,215.0
2026-08-25,62625,2026-09-02,put,mini,390,0.3892,8,390.0
2026-08-25,65500,2026-09-02,put,mini,2,0.3795,8,1300.0
2026-08-25,65750,2026-09-02,put,mini,2,0.3855,8,1445.0
2026-08-25,68250,2026-09-02,put,mini,2,0.4227,8,3135.0
2026-08-25,58875,2026-09-04,put,mini,26,0.4388,10,120.0
2026-08-25,59000,2026-09-04,put,mini,25,0.4322,10,120.0
2026-08-25,59500,2026-09-04,put,mini,12,0.3981,10,110.0
2026-08-25,59875,2026-09-04,put,mini,4,0.4113,10,157.0
2026-08-25,60000,2026-09-04,put,mini,38,0.3899,10,135.0
2026-08-25,60500,2026-09-04,put,mini,14,0.4119,10,220.0
2026-08-25,61000,2026-09-04,put,mini,14,0.3945,10,245.0
2026-08-25,61250,2026-09-04,put,mini,1,0.3978,10,286.0
2026-08-25,61500,2026-09-04,put,mini,2,0.3985,10,325.0
2026-08-25,62000,2026-09-04,put,mini,23,0.3888,10,385.0
2026-08-25,63000,2026-09-04,put,mini,12,0.3789,10,570.0
2026-08-25,63500,2026-09-04,put,mini,1,0.3775,10,700.0
2026-08-25,64000,2026-09-04,put,mini,23,0.3733,10,840.0
2026-08-25,65250,2026-09-04,put,mini,2,0.3687,10,1310.0
2026-08-25,65500,2026-09-04,put,mini,2,0.3684,10,1425.0
2026-08-25,65750,2026-09-04,put,mini,12,0.376,10,1580.0
2026-08-25,66000,2026-09-04,put,mini,11,0.3752,10,1705.0
2026-08-25,66250,2026-09-04,put,mini,6,0.3833,10,1875.0
2026-08-25,66500,2026-09-04,put,mini,4,0.3797,10,2000.0
2026-08-25,67000,2026-09-04,put,mini,1,0.3872,10,2330.0
2026-08-25,67250,2026-09-04,put,mini,2,0.3915,10,2505.0
2026-08-25,67750,2026-09-04,put,mini,4,0.3902,10,2830.0
2026-08-25,68250,2026-09-04,put,mini,2,0.3993,10,3215.0
2026-08-25,68750,2026-09-04,put,mini,4,0.4165,10,3645.0
2026-08-25,58375,2026-09-11,put,mini,128,0.4248,17,250.0
2026-08-25,58500,2026-09-11,put,mini,554,0.416,17,243.0
2026-08-25,58750,2026-09-11,put,mini,38,0.4137,17,264.0
2026-08-25,59000,2026-09-11,put,mini,388,0.408,17,278.0
2026-08-25,59250,2026-09-11,put,mini,6,0.407,17,305.0
2026-08-25,59375,2026-09-11,put,mini,1,0.4029,17,310.0
2026-08-25,59500,2026-09-11,put,mini,97,0.397,17,310.0
2026-08-25,59750,2026-09-11,put,mini,4,0.3977,17,345.0
2026-08-25,59875,2026-09-11,put,mini,1,0.3951,17,355.0
2026-08-25,60000,2026-09-11,put,mini,719,0.3924,17,365.0
2026-08-25,60250,2026-09-11,put,mini,4,0.39,17,395.0
2026-08-25,60375,2026-09-11,put,mini,4,0.3885,17,410.0
2026-08-25,60500,2026-09-11,put,mini,72,0.3868,17,425.0
2026-08-25,60625,2026-09-11,put,mini,435,0.3835,17,435.0
2026-08-25,60750,2026-09-11,put,mini,1,0.3816,17,450.0
2026-08-25,60875,2026-09-11,put,mini,470,0.381,17,470.0
2026-08-25,61000,2026-09-11,put,mini,329,0.3816,17,495.0
2026-08-25,61125,2026-09-11,put,mini,1,0.3791,17,510.0
2026-08-25,61250,2026-09-11,put,mini,42,0.3766,17,525.0
2026-08-25,61375,2026-09-11,put,mini,2,0.3779,17,555.0
2026-08-25,61500,2026-09-11,put,mini,133,0.3737,17,565.0
2026-08-25,61625,2026-09-11,put,mini,1,0.3746,17,595.0
2026-08-25,61750,2026-09-11,put,mini,14,0.3714,17,610.0
2026-08-25,61875,2026-09-11,put,mini,1,0.373,17,645.0
2026-08-25,62000,2026-09-11,put,mini,409,0.3683,17,655.0
2026-08-25,62125,2026-09-11,put,mini,690,0.3695,17,690.0
2026-08-25,62250,2026-09-11,put,mini,5,0.3681,17,715.0
2026-08-25,62500,2026-09-11,put,mini,509,0.3636,17,760.0
2026-08-25,62625,2026-09-11,put,mini,8,0.365,17,800.0
2026-08-25,62750,2026-09-11,put,mini,66,0.364,17,830.0
2026-08-25,63000,2026-09-11,put,mini,532,0.3602,17,885.0
2026-08-25,63125,2026-09-11,put,mini,930,0.3618,17,930.0
2026-08-25,63250,2026-09-11,put,mini,56,0.3609,17,965.0
2026-08-25,63500,2026-09-11,put,mini,76,0.3547,17,1015.0
2026-08-25,63625,2026-09-11,put,mini,1,0.3573,17,1070.0
2026-08-25,63750,2026-09-11,put,mini,56,0.3576,17,1115.0
2026-08-25,64000,2026-09-11,put,mini,261,0.3519,17,1175.0
2026-08-25,64125,2026-09-11,put,mini,20,0.3554,17,1240.0
2026-08-25,64250,2026-09-11,put,mini,213,0.352,17,1270.0
2026-08-25,64375,2026-09-11,put,mini,1,0.3531,17,1325.0
2026-08-25,64500,2026-09-11,put,mini,201,0.3512,17,1365.0
2026-08-25,64750,2026-09-11,put,mini,46,0.3523,17,1475.0
2026-08-25,64875,2026-09-11,put,mini,1530,0.3525,17,1530.0
2026-08-25,65000,2026-09-11,put,mini,483,0.348,17,1560.0
2026-08-25,65125,2026-09-11,put,mini,1,0.3522,17,1640.0
2026-08-25,65250,2026-09-11,put,mini,15,0.35,17,1685.0
2026-08-25,65375,2026-09-11,put,mini,6,0.3502,17,1745.0
2026-08-25,65500,2026-09-11,put,mini,158,0.3457,17,1780.0
2026-08-25,65625,2026-09-11,put,mini,1865,0.3499,17,1865.0
2026-08-25,65750,2026-09-11,put,mini,30,0.3494,17,1925.0
2026-08-25,65875,2026-09-11,put,mini,1995,0.3505,17,1995.0
2026-08-25,66000,2026-09-11,put,mini,169,0.3416,17,2010.0
2026-08-25,66250,2026-09-11,put,mini,30,0.3497,17,2190.0
2026-08-25,66500,2026-09-11,put,mini,83,0.3508,17,2335.0
2026-08-25,66750,2026-09-11,put,mini,5,0.3519,17,2485.0
2026-08-25,66875,2026-09-11,put,mini,2560,0.3521,17,2560.0
2026-08-25,67000,2026-09-11,put,mini,111,0.3512,17,2630.0
2026-08-25,67125,2026-09-11,put,mini,2715,0.3528,17,2715.0
2026-08-25,67250,2026-09-11,put,mini,5,0.3533,17,2795.0
2026-08-25,67500,2026-09-11,put,mini,36,0.3537,17,2955.0
2026-08-25,67750,2026-09-11,put,mini,4,0.3533,17,3115.0
2026-08-25,68000,2026-09-11,put,mini,77,0.3548,17,3290.0
2026-08-25,68250,2026-09-11,put,mini,235,0.3575,17,3475.0
2026-08-25,68375,2026-09-11,put,mini,14,0.36,17,3575.0
2026-08-25,68500,2026-09-11,put,mini,176,0.3585,17,3655.0
2026-08-25,68625,2026-09-11,put,mini,1,0.3626,17,3765.0
2026-08-25,68750,2026-09-11,put,mini,1462,0.3607,17,3845.0
2026-08-25,68875,2026-09-11,put,mini,3960,0.3656,17,3960.0
2026-08-25,69000,2026-09-11,put,mini,843,0.3632,17,4040.0
2026-08-25,69125,2026-09-11,put,mini,4155,0.3679,17,4155.0
2026-08-25,69250,2026-09-11,put,mini,20,0.3672,17,4245.0
2026-08-25,69500,2026-09-11,put,mini,19,0.3685,17,4440.0
2026-08-25,69625,2026-09-11,put,mini,4570,0.376,17,4570.0
2026-08-25,69750,2026-09-11,put,mini,12,0.3735,17,4655.0
2026-08-25,69875,2026-09-11,put,mini,1,0.3797,17,4780.0
2026-08-25,70000,2026-09-11,put,mini,19,0.3769,17,4865.0
2026-08-25,70250,2026-09-11,put,mini,45,0.3797,17,5075.0
2026-08-25,70500,2026-09-11,put,mini,65,0.3843,17,5295.0
2026-08-25,71000,2026-09-11,put,mini,7,0.4011,17,5770.0
2026-08-25,71250,2026-09-11,put,mini,6,0.4084,17,6005.0
2026-08-25,71500,2026-09-11,put,mini,9,0.4117,17,6225.0
2026-08-25,71750,2026-09-11,put,mini,749,0.4184,17,6460.0
2026-08-25,72000,2026-09-11,put,mini,10,0.4236,17,6690.0
2026-08-25,72250,2026-09-11,put,mini,50,0.4312,17,6930.0
2026-08-25,72375,2026-09-11,put,mini,7050,0.435,17,7050.0
2026-08-25,72500,2026-09-11,put,mini,20,0.4372,17,7165.0
2026-08-25,72750,2026-09-11,put,mini,32,0.4444,17,7405.0
2026-08-25,73000,2026-09-11,put,mini,77,0.45,17,7640.0
2026-08-25,73250,2026-09-11,put,mini,245,0.4583,17,7885.0
2026-08-25,73500,2026-09-11,put,mini,98,0.465,17,8125.0
2026-08-25,73750,2026-09-11,put,mini,3,0.473,17,8370.0
2026-08-25,74000,2026-09-11,put,mini,34,0.4793,17,8610.0
2026-08-25,74250,2026-09-11,put,mini,1,0.487,17,8855.0
2026-08-25,75000,2026-09-11,put,mini,67,0.5096,17,9590.0
2026-08-25,75250,2026-09-11,put,mini,12,0.5168,17,9835.0
2026-08-25,65750,2026-09-18,put,mini,4,0.3373,24,2215.0
2026-08-25,66000,2026-09-18,put,mini,4,0.3381,24,2350.0
2026-08-25,66250,2026-09-18,put,mini,6,0.3375,24,2480.0
2026-08-25,66500,2026-09-18,put,mini,6,0.3378,24,2620.0
2026-08-25,67000,2026-09-18,put,mini,6,0.3371,24,2905.0
2026-08-25,68250,2026-09-18,put,mini,6,0.3403,24,3720.0
2026-08-25,68750,2026-09-18,put,mini,3,0.3436,24,4085.0
2026-08-25,69250,2026-09-18,put,mini,6,0.3465,24,4460.0
2026-08-25,66500,2026-09-25,put,mini,6,0.3274,31,2850.0
2026-08-25,58375,2026-10-09,put,mini,16,0.3708,45,770.0
2026-08-25,58500,2026-10-09,put,mini,33,0.3691,45,785.0
2026-08-25,58750,2026-10-09,put,mini,5,0.3673,45,825.0
2026-08-25,59000,2026-10-09,put,mini,24,0.3636,45,855.0
2026-08-25,59125,2026-10-09,put,mini,885,0.3641,45,885.0
2026-08-25,59375,2026-10-09,put,mini,2,0.3632,45,935.0
2026-08-25,59500,2026-10-09,put,mini,18,0.3618,45,955.0
2026-08-25,59750,2026-10-09,put,mini,4,0.3597,45,1000.0
2026-08-25,59875,2026-10-09,put,mini,1,0.3596,45,1030.0
2026-08-25,60000,2026-10-09,put,mini,28,0.3565,45,1040.0
2026-08-25,60500,2026-10-09,put,mini,2,0.3538,45,1150.0
2026-08-25,60625,2026-10-09,put,mini,1180,0.3533,45,1180.0
2026-08-25,60750,2026-10-09,put,mini,1,0.3513,45,1200.0
2026-08-25,61000,2026-10-09,put,mini,13,0.3491,45,1255.0
2026-08-25,61125,2026-10-09,put,mini,4,0.349,45,1290.0
2026-08-25,61250,2026-10-09,put,mini,2,0.3501,45,1335.0
2026-08-25,61500,2026-10-09,put,mini,1,0.348,45,1395.0
2026-08-25,61750,2026-10-09,put,mini,3,0.3469,45,1465.0
2026-08-25,62000,2026-10-09,put,mini,33,0.3435,45,1520.0
2026-08-25,62250,2026-10-09,put,mini,3,0.3443,45,1610.0
2026-08-25,62375,2026-10-09,put,mini,1,0.3433,45,1645.0
2026-08-25,62500,2026-10-09,put,mini,8,0.3428,45,1685.0
2026-08-25,62750,2026-10-09,put,mini,1024,0.3416,45,1765.0
2026-08-25,63000,2026-10-09,put,mini,30,0.3395,45,1840.0
2026-08-25,63250,2026-10-09,put,mini,6,0.34,45,1940.0
2026-08-25,63500,2026-10-09,put,mini,5,0.3383,45,2025.0
2026-08-25,63625,2026-10-09,put,mini,2,0.3388,45,2080.0
2026-08-25,63750,2026-10-09,put,mini,219,0.3375,45,2120.0
2026-08-25,63875,2026-10-09,put,mini,1,0.3378,45,2175.0
2026-08-25,64000,2026-10-09,put,mini,95,0.3369,45,2220.0
2026-08-25,64250,2026-10-09,put,mini,180,0.3365,45,2325.0
2026-08-25,64500,2026-10-09,put,mini,115,0.3352,45,2425.0
2026-08-25,64625,2026-10-09,put,mini,1,0.3361,45,2490.0
2026-08-25,64750,2026-10-09,put,mini,86,0.3353,45,2540.0
2026-08-25,64875,2026-10-09,put,mini,1,0.3349,45,2595.0
2026-08-25,65000,2026-10-09,put,mini,27,0.3333,45,2640.0
2026-08-25,65250,2026-10-09,put,mini,37,0.3337,45,2765.0
2026-08-25,65375,2026-10-09,put,mini,1,0.334,45,2830.0
2026-08-25,65500,2026-10-09,put,mini,15,0.3327,45,2880.0
2026-08-25,65625,2026-10-09,put,mini,2940,0.3323,45,2940.0
2026-08-25,65750,2026-10-09,put,mini,5,0.3329,45,3010.0
2026-08-25,66000,2026-10-09,put,mini,92,0.3328,45,3140.0
2026-08-25,66250,2026-10-09,put,mini,22,0.3324,45,3270.0
2026-08-25,66500,2026-10-09,put,mini,22,0.3326,45,3410.0
2026-08-25,66750,2026-10-09,put,mini,6,0.3331,45,3555.0
2026-08-25,67000,2026-10-09,put,mini,43,0.3327,45,3695.0
2026-08-25,67125,2026-10-09,put,mini,1,0.3329,45,3770.0
2026-08-25,67250,2026-10-09,put,mini,59,0.3336,45,3850.0
2026-08-25,67500,2026-10-09,put,mini,115,0.3331,45,3995.0
2026-08-25,68000,2026-10-09,put,mini,6,0.3343,45,4315.0
2026-08-25,68250,2026-10-09,put,mini,493,0.3345,45,4475.0
2026-08-25,68500,2026-10-09,call,mini,307,0.625,45,4645.0
2026-08-25,68750,2026-10-09,call,mini,2577,0.655,45,4825.0
2026-08-25,69000,2026-10-09,call,mini,1215,0.6838,45,4995.0
2026-08-25,69250,2026-10-09,call,mini,31,0.7136,45,5175.0
2026-08-25,69500,2026-10-09,call,mini,25,0.7437,45,5360.0
2026-08-25,69750,2026-10-09,call,mini,6,0.7738,45,5545.0
2026-08-25,70000,2026-10-09,call,mini,1,0.8043,45,5735.0
2026-08-25,70500,2026-10-09,call,mini,1,0.8661,45,6125.0
2026-08-25,71000,2026-10-09,call,mini,3,0.9286,45,6525.0
2026-08-25,71250,2026-10-09,call,mini,3,0.9602,45,6730.0
2026-08-25,71500,2026-10-09,call,mini,6935,0.9918,45,6935.0
2026-08-25,71750,2026-10-09,call,mini,1062,1.0244,45,7150.0
2026-08-25,62375,2026-11-13,call,mini,3,0.2,80,2405.0
2026-08-25,64000,2026-11-13,call,mini,1,0.1594,80,3010.0
2026-08-25,64375,2026-11-13,call,mini,1,0.1931,80,3170.0
2026-08-25,64500,2026-11-13,call,mini,1,0.2034,80,3220.0
2026-08-25,65250,2026-11-13,call,mini,4,0.2653,80,3565.0
2026-08-25,65375,2026-11-13,call,mini,1,0.2753,80,3625.0
2026-08-25,65500,2026-11-13,call,mini,1,0.2857,80,3690.0
2026-08-25,66000,2026-11-13,call,mini,4,0.3243,80,3925.0
2026-08-25,70000,2026-11-13,call,mini,6350,0.6531,80,6350.0
2026-08-25,71000,2026-11-13,call,mini,1,0.7422,80,7090.0
2026-08-25,62000,2026-08-26,call,mini,3460,0.2,1,3460.0
2026-08-25,65500,2026-08-26,call,mini,2,0.2698,1,575.0
2026-08-25,67500,2026-08-26,call,mini,9,0.3244,1,37.0
2026-08-25,68250,2026-08-26,call,mini,2,0.3754,1,18.0
2026-08-25,68500,2026-08-26,call,mini,11,0.3748,1,11.0
2026-08-25,70000,2026-08-26,call,mini,128,0.4117,1,1.0
2026-08-25,70250,2026-08-26,call,mini,1,0.4333,1,1.0
2026-08-25,70500,2026-08-26,call,mini,929,0.4548,1,1.0
2026-08-25,70750,2026-08-26,call,mini,90,0.4761,1,1.0
2026-08-25,72000,2026-08-26,call,mini,30,0.5804,1,1.0
2026-08-25,72250,2026-08-26,call,mini,216,0.6008,1,1.0
2026-08-25,62000,2026-08-28,call,mini,3510,0.2,3,3510.0
2026-08-25,62750,2026-08-28,call,mini,2820,0.2,3,2820.0
2026-08-25,63375,2026-08-28,call,mini,1,0.2,3,2275.0
2026-08-25,63500,2026-08-28,call,mini,7,0.2,3,2175.0
2026-08-25,63750,2026-08-28,call,mini,7,0.2,3,1970.0
2026-08-25,64000,2026-08-28,call,mini,5,0.2,3,1775.0
2026-08-25,65000,2026-08-28,call,mini,14,0.242,3,1100.0
2026-08-25,65250,2026-08-28,call,mini,8,0.2547,3,955.0
2026-08-25,65375,2026-08-28,call,mini,10,0.2655,3,900.0
2026-08-25,65500,2026-08-28,call,mini,20,0.2763,3,850.0
2026-08-25,65625,2026-08-28,call,mini,305,0.2703,3,765.0
2026-08-25,65750,2026-08-28,call,mini,311,0.2733,3,705.0
2026-08-25,65875,2026-08-28,call,mini,127,0.2767,3,650.0
2026-08-25,66000,2026-08-28,call,mini,286,0.2891,3,620.0
2026-08-25,66125,2026-08-28,call,mini,17,0.2874,3,560.0
2026-08-25,66250,2026-08-28,call,mini,126,0.2927,3,520.0
2026-08-25,66375,2026-08-28,call,mini,53,0.2901,3,465.0
2026-08-25,66500,2026-08-28,call,mini,209,0.297,3,435.0
2026-08-25,66625,2026-08-28,call,mini,78,0.3028,3,405.0
2026-08-25,66750,2026-08-28,call,mini,33,0.298,3,355.0
2026-08-25,66875,2026-08-28,call,mini,2,0.2988,3,320.0
2026-08-25,67000,2026-08-28,call,mini,445,0.3001,3,289.0
2026-08-25,67125,2026-08-28,call,mini,35,0.3012,3,260.0
2026-08-25,67250,2026-08-28,call,mini,105,0.3043,3,237.0
2026-08-25,67375,2026-08-28,call,mini,4,0.2979,3,200.0
2026-08-25,67500,2026-08-28,call,mini,246,0.3031,3,185.0
2026-08-25,67625,2026-08-28,call,mini,162,0.3022,3,162.0
2026-08-25,67750,2026-08-28,call,mini,37,0.3073,3,150.0
2026-08-25,67875,2026-08-28,call,mini,2,0.3036,3,127.0
2026-08-25,68000,2026-08-28,call,mini,545,0.3058,3,114.0
2026-08-25,68125,2026-08-28,call,mini,15,0.3035,3,97.0
2026-08-25,68250,2026-08-28,call,mini,146,0.3069,3,88.0
2026-08-25,68500,2026-08-28,call,mini,500,0.3109,3,70.0
2026-08-25,68625,2026-08-28,call,mini,8,0.3065,3,57.0
2026-08-25,68750,2026-08-28,call,mini,33,0.309,3,51.0
2026-08-25,68875,2026-08-28,call,mini,3,0.3121,3,46.0
2026-08-25,69000,2026-08-28,call,mini,930,0.3144,3,41.0
2026-08-25,69125,2026-08-28,call,mini,14,0.3123,3,34.0
2026-08-25,69250,2026-08-28,call,mini,61,0.3121,3,29.0
2026-08-25,69375,2026-08-28,call,mini,1,0.3192,3,28.0
2026-08-25,69500,2026-08-28,call,mini,190,0.317,3,23.0
2026-08-25,69750,2026-08-28,call,mini,44,0.3152,3,16.0
2026-08-25,69875,2026-08-28,call,mini,1,0.3169,3,14.0
2026-08-25,70000,2026-08-28,call,mini,436,0.3176,3,12.0
2026-08-25,70125,2026-08-28,call,mini,2,0.3126,3,9.0
2026-08-25,70250,2026-08-28,call,mini,18,0.3152,3,8.0
2026-08-25,70500,2026-08-28,call,mini,342,0.3245,3,7.0
2026-08-25,70625,2026-08-28,call,mini,9,0.3183,3,5.0
2026-08-25,70750,2026-08-28,call,mini,12,0.3169,3,4.0
2026-08-25,70875,2026-08-28,call,mini,1,0.3238,3,4.0
2026-08-25,71000,2026-08-28,call,mini,847,0.3203,3,3.0
2026-08-25,71250,2026-08-28,call,mini,313,0.3335,3,3.0
2026-08-25,71375,2026-08-28,call,mini,1,0.3261,3,2.0
2026-08-25,71500,2026-08-28,call,mini,200,0.3324,3,2.0
2026-08-25,71750,2026-08-28,call,mini,658,0.3232,3,1.0
2026-08-25,72000,2026-08-28,call,mini,604,0.3351,3,1.0
2026-08-25,72125,2026-08-28,call,mini,2,0.341,3,1.0
2026-08-25,72250,2026-08-28,call,mini,614,0.3468,3,1.0
2026-08-25,65500,2026-09-02,call,mini,2,0.2659,8,1220.0
2026-08-25,65750,2026-09-02,call,mini,2,0.2729,8,1115.0
2026-08-25,68250,2026-09-02,call,mini,2,0.2819,8,305.0
2026-08-25,65000,2026-09-04,call,mini,4,0.2676,10,1635.0
2026-08-25,65250,2026-09-04,call,mini,2,0.2658,10,1480.0
2026-08-25,65500,2026-09-04,call,mini,6,0.2669,10,1345.0
2026-08-25,65750,2026-09-04,call,mini,4,0.2751,10,1250.0
2026-08-25,66000,2026-09-04,call,mini,12,0.2745,10,1125.0
2026-08-25,66250,2026-09-04,call,mini,14,0.2823,10,1045.0
2026-08-25,66500,2026-09-04,call,mini,4,0.2779,10,920.0
2026-08-25,67000,2026-09-04,call,mini,11,0.2823,10,750.0
2026-08-25,67250,2026-09-04,call,mini,2,0.2844,10,675.0
2026-08-25,67500,2026-09-04,call,mini,11,0.2822,10,590.0
2026-08-25,67750,2026-09-04,call,mini,4,0.2765,10,500.0
2026-08-25,68000,2026-09-04,call,mini,11,0.2828,10,460.0
2026-08-25,68250,2026-09-04,call,mini,2,0.2789,10,390.0
2026-08-25,68500,2026-09-04,call,mini,11,0.2918,10,380.0
2026-08-25,68750,2026-09-04,call,mini,4,0.2859,10,315.0
2026-08-25,69000,2026-09-04,call,mini,13,0.2886,10,281.0
2026-08-25,69250,2026-09-04,call,mini,5,0.2853,10,235.0
2026-08-25,69375,2026-09-04,call,mini,2,0.286,10,220.0
2026-08-25,69500,2026-09-04,call,mini,5,0.2927,10,220.0
2026-08-25,70000,2026-09-04,call,mini,60,0.286,10,150.0
2026-08-25,70500,2026-09-04,call,mini,14,0.2773,10,95.0
2026-08-25,71000,2026-09-04,call,mini,14,0.2926,10,86.0
2026-08-25,71500,2026-09-04,call,mini,1,0.3056,10,76.0
2026-08-25,72000,2026-09-04,call,mini,1,0.3061,10,55.0
2026-08-25,58500,2026-09-11,call,mini,2,0.2,17,7190.0
2026-08-25,58750,2026-09-11,call,mini,6965,0.2,17,6965.0
2026-08-25,59000,2026-09-11,call,mini,3,0.2,17,6725.0
2026-08-25,59250,2026-09-11,call,mini,6495,0.2,17,6495.0
2026-08-25,59375,2026-09-11,call,mini,1,0.2,17,6385.0
2026-08-25,59500,2026-09-11,call,mini,6265,0.2,17,6265.0
2026-08-25,59750,2026-09-11,call,mini,6040,0.2,17,6040.0
2026-08-25,60000,2026-09-11,call,mini,1,0.2,17,5815.0
2026-08-25,60250,2026-09-11,call,mini,5590,0.2,17,5590.0
2026-08-25,60500,2026-09-11,call,mini,1,0.2173,17,5400.0
2026-08-25,61000,2026-09-11,call,mini,3,0.2429,17,4965.0
2026-08-25,61250,2026-09-11,call,mini,32,0.2475,17,4745.0
2026-08-25,61500,2026-09-11,call,mini,22,0.2538,17,4535.0
2026-08-25,62000,2026-09-11,call,mini,7,0.2627,17,4125.0
2026-08-25,62250,2026-09-11,call,mini,2,0.2687,17,3935.0
2026-08-25,62500,2026-09-11,call,mini,6,0.2699,17,3735.0
2026-08-25,62750,2026-09-11,call,mini,32,0.2711,17,3540.0
2026-08-25,62875,2026-09-11,call,mini,3435,0.2693,17,3435.0
2026-08-25,63000,2026-09-11,call,mini,76,0.2733,17,3355.0
2026-08-25,63250,2026-09-11,call,mini,59,0.2741,17,3170.0
2026-08-25,63500,2026-09-11,call,mini,31,0.2759,17,2995.0
2026-08-25,63750,2026-09-11,call,mini,324,0.2753,17,2815.0
2026-08-25,64000,2026-09-11,call,mini,187,0.2756,17,2645.0
2026-08-25,64250,2026-09-11,call,mini,349,0.2757,17,2480.0
2026-08-25,64375,2026-09-11,call,mini,1,0.2768,17,2405.0
2026-08-25,64500,2026-09-11,call,mini,179,0.2766,17,2325.0
2026-08-25,64750,2026-09-11,call,mini,134,0.279,17,2185.0
2026-08-25,65000,2026-09-11,call,mini,48,0.2803,17,2045.0
2026-08-25,65125,2026-09-11,call,mini,3,0.2804,17,1975.0
2026-08-25,65250,2026-09-11,call,mini,15,0.2794,17,1900.0
2026-08-25,65500,2026-09-11,call,mini,58,0.2828,17,1785.0
2026-08-25,65625,2026-09-11,call,mini,1,0.2775,17,1690.0
2026-08-25,65750,2026-09-11,call,mini,11,0.2771,17,1625.0
2026-08-25,66000,2026-09-11,call,mini,110,0.281,17,1525.0
2026-08-25,66125,2026-09-11,call,mini,2,0.2772,17,1445.0
2026-08-25,66250,2026-09-11,call,mini,29,0.281,17,1410.0
2026-08-25,66500,2026-09-11,call,mini,50,0.2835,17,1315.0
2026-08-25,66625,2026-09-11,call,mini,1,0.2786,17,1235.0
2026-08-25,66750,2026-09-11,call,mini,22,0.2832,17,1210.0
2026-08-25,66875,2026-09-11,call,mini,1130,0.2777,17,1130.0
2026-08-25,67000,2026-09-11,call,mini,177,0.28,17,1095.0
2026-08-25,67125,2026-09-11,call,mini,2,0.2803,17,1050.0
2026-08-25,67250,2026-09-11,call,mini,49,0.2793,17,1000.0
2026-08-25,67375,2026-09-11,call,mini,950,0.2781,17,950.0
2026-08-25,67500,2026-09-11,call,mini,118,0.2804,17,920.0
2026-08-25,67625,2026-09-11,call,mini,870,0.2786,17,870.0
2026-08-25,67750,2026-09-11,call,mini,31,0.2784,17,830.0
2026-08-25,67875,2026-09-11,call,mini,805,0.2809,17,805.0
2026-08-25,68000,2026-09-11,call,mini,204,0.2803,17,765.0
2026-08-25,68125,2026-09-11,call,mini,4,0.2804,17,730.0
2026-08-25,68250,2026-09-11,call,mini,252,0.2791,17,690.0
2026-08-25,68375,2026-09-11,call,mini,1,0.2808,17,665.0
2026-08-25,68500,2026-09-11,call,mini,248,0.2801,17,630.0
2026-08-25,68625,2026-09-11,call,mini,1,0.2791,17,595.0
2026-08-25,68750,2026-09-11,call,mini,1764,0.28,17,570.0
2026-08-25,68875,2026-09-11,call,mini,545,0.2807,17,545.0
2026-08-25,69000,2026-09-11,call,mini,1150,0.28,17,515.0
2026-08-25,69125,2026-09-11,call,mini,3,0.2802,17,490.0
2026-08-25,69250,2026-09-11,call,mini,44,0.2802,17,465.0
2026-08-25,69375,2026-09-11,call,mini,445,0.2811,17,445.0
2026-08-25,69500,2026-09-11,call,mini,101,0.2806,17,420.0
2026-08-25,69625,2026-09-11,call,mini,400,0.2811,17,400.0
2026-08-25,69750,2026-09-11,call,mini,6,0.2814,17,380.0
2026-08-25,69875,2026-09-11,call,mini,360,0.2814,17,360.0
2026-08-25,70000,2026-09-11,call,mini,501,0.2826,17,345.0
2026-08-25,70125,2026-09-11,call,mini,3,0.2807,17,320.0
2026-08-25,70250,2026-09-11,call,mini,14,0.2799,17,300.0
2026-08-25,70375,2026-09-11,call,mini,286,0.2808,17,286.0
2026-08-25,70500,2026-09-11,call,mini,139,0.2826,17,276.0
2026-08-25,70625,2026-09-11,call,mini,1,0.2808,17,255.0
2026-08-25,70750,2026-09-11,call,mini,5,0.2806,17,240.0
2026-08-25,71000,2026-09-11,call,mini,443,0.2841,17,223.0
2026-08-25,71125,2026-09-11,call,mini,1,0.2806,17,201.0
2026-08-25,71250,2026-09-11,call,mini,9,0.2825,17,194.0
2026-08-25,71375,2026-09-11,call,mini,183,0.2827,17,183.0
2026-08-25,71500,2026-09-11,call,mini,126,0.2859,17,180.0
2026-08-25,71625,2026-09-11,call,mini,3,0.2827,17,162.0
2026-08-25,71750,2026-09-11,call,mini,440,0.2839,17,155.0
2026-08-25,71875,2026-09-11,call,mini,1,0.2836,17,145.0
2026-08-25,72000,2026-09-11,call,mini,446,0.2859,17,141.0
2026-08-25,72250,2026-09-11,call,mini,53,0.2852,17,123.0
2026-08-25,72375,2026-09-11,call,mini,1,0.286,17,117.0
2026-08-25,72500,2026-09-11,call,mini,139,0.2867,17,111.0
2026-08-25,72625,2026-09-11,call,mini,1,0.2867,17,104.0
2026-08-25,72750,2026-09-11,call,mini,24,0.287,17,98.0
2026-08-25,72875,2026-09-11,call,mini,93,0.2877,17,93.0
2026-08-25,73000,2026-09-11,call,mini,365,0.2883,17,88.0
2026-08-25,73125,2026-09-11,call,mini,1,0.2873,17,81.0
2026-08-25,73250,2026-09-11,call,mini,248,0.2874,17,76.0
2026-08-25,73375,2026-09-11,call,mini,71,0.2874,17,71.0
2026-08-25,73500,2026-09-11,call,mini,137,0.291,17,71.0
2026-08-25,73625,2026-09-11,call,mini,1,0.2898,17,65.0
2026-08-25,73750,2026-09-11,call,mini,9,0.2909,17,62.0
2026-08-25,73875,2026-09-11,call,mini,58,0.2909,17,58.0
2026-08-25,74000,2026-09-11,call,mini,310,0.2926,17,56.0
2026-08-25,74125,2026-09-11,call,mini,52,0.2923,17,52.0
2026-08-25,74250,2026-09-11,call,mini,16,0.2896,17,46.0
2026-08-25,74375,2026-09-11,call,mini,46,0.293,17,46.0
2026-08-25,74500,2026-09-11,call,mini,84,0.293,17,43.0
2026-08-25,74625,2026-09-11,call,mini,40,0.2929,17,40.0
2026-08-25,74750,2026-09-11,call,mini,18,0.2937,17,38.0
2026-08-25,74875,2026-09-11,call,mini,9,0.2945,17,36.0
2026-08-25,75000,2026-09-11,call,mini,505,0.2964,17,35.0
2026-08-25,75125,2026-09-11,call,mini,31,0.2941,17,31.0
2026-08-25,75250,2026-09-11,call,mini,86,0.2943,17,29.0
2026-08-25,75375,2026-09-11,call,mini,46,0.2943,17,27.0
2026-08-25,65750,2026-09-18,call,mini,6,0.2763,24,1915.0
2026-08-25,66000,2026-09-18,call,mini,6,0.2772,24,1800.0
2026-08-25,66500,2026-09-18,call,mini,6,0.2767,24,1570.0
2026-08-25,67750,2026-09-18,call,mini,6,0.2753,24,1085.0
2026-08-25,68250,2026-09-18,call,mini,3,0.2747,24,925.0
2026-08-25,68750,2026-09-18,call,mini,7,0.2744,24,785.0
2026-08-25,66000,2026-09-25,call,mini,6,0.2771,31,2055.0
2026-08-25,58500,2026-10-09,call,mini,20,0.2151,45,7480.0
2026-08-25,59000,2026-10-09,call,mini,7055,0.2275,45,7055.0
2026-08-25,60000,2026-10-09,call,mini,6235,0.2427,45,6235.0
2026-08-25,61125,2026-10-09,call,mini,5360,0.2516,45,5360.0
2026-08-25,61250,2026-10-09,call,mini,10,0.2537,45,5275.0
2026-08-25,61750,2026-10-09,call,mini,4910,0.2563,45,4910.0
2026-08-25,61875,2026-10-09,call,mini,4810,0.2553,45,4810.0
2026-08-25,62250,2026-10-09,call,mini,3,0.2573,45,4550.0
2026-08-25,62500,2026-10-09,call,mini,4380,0.2583,45,4380.0
2026-08-25,62750,2026-10-09,call,mini,1027,0.2575,45,4200.0
2026-08-25,63000,2026-10-09,call,mini,18,0.2575,45,4030.0
2026-08-25,63500,2026-10-09,call,mini,3710,0.2585,45,3710.0
2026-08-25,63750,2026-10-09,call,mini,10,0.2594,45,3560.0
2026-08-25,63875,2026-10-09,call,mini,3490,0.2603,45,3490.0
2026-08-25,64000,2026-10-09,call,mini,7,0.2592,45,3405.0
2026-08-25,64250,2026-10-09,call,mini,3260,0.2598,45,3260.0
2026-08-25,64375,2026-10-09,call,mini,3190,0.2601,45,3190.0
2026-08-25,64750,2026-10-09,call,mini,4,0.2594,45,2970.0
2026-08-25,65000,2026-10-09,call,mini,11,0.2596,45,2835.0
2026-08-25,65375,2026-10-09,call,mini,1,0.2604,45,2645.0
2026-08-25,65500,2026-10-09,call,mini,11,0.2592,45,2570.0
2026-08-25,65625,2026-10-09,call,mini,2505,0.2589,45,2505.0
2026-08-25,65750,2026-10-09,call,mini,7,0.2597,45,2450.0
2026-08-25,66000,2026-10-09,call,mini,76,0.2597,45,2330.0
2026-08-25,66250,2026-10-09,call,mini,22,0.2593,45,2210.0
2026-08-25,66375,2026-10-09,call,mini,2155,0.2594,45,2155.0
2026-08-25,66500,2026-10-09,call,mini,8,0.2595,45,2100.0
2026-08-25,66750,2026-10-09,call,mini,1,0.2598,45,1995.0
2026-08-25,66875,2026-10-09,call,mini,1940,0.2595,45,1940.0
2026-08-25,67000,2026-10-09,call,mini,23,0.2586,45,1880.0
2026-08-25,67125,2026-10-09,call,mini,2,0.2592,45,1835.0
2026-08-25,67250,2026-10-09,call,mini,2,0.2591,45,1785.0
2026-08-25,67500,2026-10-09,call,mini,12,0.2587,45,1685.0
2026-08-25,67625,2026-10-09,call,mini,1,0.26,45,1650.0
2026-08-25,67750,2026-10-09,call,mini,5,0.2589,45,1595.0
2026-08-25,68000,2026-10-09,call,mini,30,0.2588,45,1505.0
2026-08-25,68250,2026-10-09,call,mini,483,0.2587,45,1420.0
2026-08-25,68500,2026-10-09,call,mini,316,0.2588,45,1340.0
2026-08-25,68625,2026-10-09,call,mini,2,0.2611,45,1320.0
2026-08-25,68750,2026-10-09,call,mini,2674,0.2591,45,1265.0
2026-08-25,69000,2026-10-09,call,mini,1285,0.259,45,1190.0
2026-08-25,69125,2026-10-09,call,mini,1,0.2603,45,1165.0
2026-08-25,69250,2026-10-09,call,mini,35,0.259,45,1120.0
2026-08-25,69500,2026-10-09,call,mini,25,0.2593,45,1055.0
2026-08-25,69625,2026-10-09,call,mini,1,0.2602,45,1030.0
2026-08-25,69750,2026-10-09,call,mini,1,0.2592,45,990.0
2026-08-25,70000,2026-10-09,call,mini,59,0.2593,45,930.0
2026-08-25,70125,2026-10-09,call,mini,1,0.2599,45,905.0
2026-08-25,70250,2026-10-09,call,mini,6,0.2597,45,875.0
2026-08-25,70375,2026-10-09,call,mini,2,0.2614,45,860.0
2026-08-25,70500,2026-10-09,call,mini,17,0.2597,45,820.0
2026-08-25,70625,2026-10-09,call,mini,3,0.2613,45,805.0
2026-08-25,70750,2026-10-09,call,mini,5,0.2607,45,775.0
2026-08-25,71000,2026-10-09,call,mini,24,0.2606,45,725.0
2026-08-25,71125,2026-10-09,call,mini,2,0.2612,45,705.0
2026-08-25,71250,2026-10-09,call,mini,3,0.2609,45,680.0
2026-08-25,71500,2026-10-09,call,mini,15,0.2609,45,635.0
2026-08-25,71750,2026-10-09,call,mini,1810,0.2612,45,595.0
2026-08-25,72000,2026-10-09,call,mini,37,0.2612,45,555.0
2026-08-25,72250,2026-10-09,call,mini,7,0.2624,45,525.0
2026-08-25,64000,2026-11-13,call,mini,1,0.2703,80,4295.0
2026-08-25,65250,2026-11-13,call,mini,12,0.2686,80,3605.0
2026-08-25,65500,2026-11-13,call,mini,3475,0.2681,80,3475.0
2026-08-25,66000,2026-11-13,call,mini,3215,0.2665,80,3215.0
2026-08-25,67000,2026-11-13,call,mini,2,0.2657,80,2760.0
2026-08-25,68000,2026-11-13,call,mini,4,0.2655,80,2360.0
2026-08-25,68500,2026-11-13,call,mini,4,0.2653,80,2175.0
2026-08-25,69000,2026-11-13,call,mini,5,0.2645,80,1995.0
2026-08-25,69500,2026-11-13,call,mini,2,0.2624,80,1810.0
2026-08-25,70000,2026-11-13,call,mini,19,0.2623,80,1660.0
2026-08-25,70500,2026-11-13,call,mini,1520,0.2623,80,1520.0
2026-08-25,71000,2026-11-13,call,mini,5,0.2632,80,1400.0
2026-08-25,71500,2026-11-13,call,mini,1,0.2619,80,1265.0
2026-08-25,71750,2026-11-13,call,mini,2,0.2631,80,1220.0
2026-08-25,72000,2026-11-13,call,mini,2,0.2626,80,1160.0
2026-08-25,72250,2026-11-13,call,mini,1,0.2649,80,1130.0
