date,strike,expiry,type,product,oi,iv,days_to_expiry,settlement
2026-08-28,20000,2026-09-10,put,regular,1552,1.8579,13,1.0
2026-08-28,21000,2026-09-10,put,regular,343,1.7844,13,1.0
2026-08-28,22000,2026-09-10,put,regular,485,1.7143,13,1.0
2026-08-28,23000,2026-09-10,put,regular,296,1.6474,13,1.0
2026-08-28,24000,2026-09-10,put,regular,151,1.5833,13,1.0
2026-08-28,25000,2026-09-10,put,regular,3940,1.5219,13,1.0
2026-08-28,26000,2026-09-10,put,regular,228,1.463,13,1.0
2026-08-28,27000,2026-09-10,put,regular,203,1.4062,13,1.0
2026-08-28,27250,2026-09-10,put,regular,11,1.3924,13,1.0
2026-08-28,27500,2026-09-10,put,regular,21,1.3786,13,1.0
2026-08-28,27750,2026-09-10,put,regular,8,1.365,13,1.0
2026-08-28,28000,2026-09-10,put,regular,87,1.3515,13,1.0
2026-08-28,28250,2026-09-10,put,regular,2,1.3382,13,1.0
2026-08-28,28500,2026-09-10,put,regular,10,1.3249,13,1.0
2026-08-28,28750,2026-09-10,put,regular,68,1.3118,13,1.0
2026-08-28,29000,2026-09-10,put,regular,90,1.2988,13,1.0
2026-08-28,29250,2026-09-10,put,regular,3,1.2859,13,1.0
2026-08-28,29500,2026-09-10,put,regular,30,1.2731,13,1.0
2026-08-28,29750,2026-09-10,put,regular,11,1.2604,13,1.0
2026-08-28,30000,2026-09-10,put,regular,6460,1.2478,13,1.0
2026-08-28,30250,2026-09-10,put,regular,1,1.2353,13,1.0
2026-08-28,30500,2026-09-10,put,regular,86,1.2229,13,1.0
2026-08-28,30750,2026-09-10,put,regular,8,1.2106,13,1.0
2026-08-28,31000,2026-09-10,put,regular,211,1.1985,13,1.0
2026-08-28,31250,2026-09-10,put,regular,1,1.1864,13,1.0
2026-08-28,31500,2026-09-10,put,regular,12,1.1744,13,1.0
2026-08-28,31750,2026-09-10,put,regular,14,1.1625,13,1.0
2026-08-28,32000,2026-09-10,put,regular,165,1.1507,13,1.0
2026-08-28,32250,2026-09-10,put,regular,5,1.139,13,1.0
2026-08-28,32500,2026-09-10,put,regular,33,1.1273,13,1.0
2026-08-28,32750,2026-09-10,put,regular,9,1.1158,13,1.0
2026-08-28,33000,2026-09-10,put,regular,513,1.1043,13,1.0
2026-08-28,33250,2026-09-10,put,regular,1,1.093,13,1.0
2026-08-28,33500,2026-09-10,put,regular,7,1.0817,13,1.0
2026-08-28,33750,2026-09-10,put,regular,5,1.0705,13,1.0
2026-08-28,34000,2026-09-10,put,regular,188,1.1161,13,2.0
2026-08-28,34250,2026-09-10,put,regular,2,1.0483,13,1.0
2026-08-28,34500,2026-09-10,put,regular,38,1.0373,13,1.0
2026-08-28,34750,2026-09-10,put,regular,69,1.0264,13,1.0
2026-08-28,35000,2026-09-10,put,regular,3855,1.0156,13,1.0
2026-08-28,35250,2026-09-10,put,regular,2,1.0049,13,1.0
2026-08-28,35500,2026-09-10,put,regular,15,0.9942,13,1.0
2026-08-28,35750,2026-09-10,put,regular,51,0.9836,13,1.0
2026-08-28,36000,2026-09-10,put,regular,127,0.9731,13,1.0
2026-08-28,36250,2026-09-10,put,regular,5,1.0147,13,2.0
2026-08-28,36500,2026-09-10,put,regular,58,1.0038,13,2.0
2026-08-28,36750,2026-09-10,put,regular,67,0.993,13,2.0
2026-08-28,37000,2026-09-10,put,regular,585,0.9822,13,2.0
2026-08-28,37250,2026-09-10,put,regular,3,0.9715,13,2.0
2026-08-28,37500,2026-09-10,put,regular,23,0.9609,13,2.0
2026-08-28,37750,2026-09-10,put,regular,6,0.9504,13,2.0
2026-08-28,38000,2026-09-10,put,regular,1000,0.9399,13,2.0
2026-08-28,38250,2026-09-10,put,regular,21,0.9295,13,2.0
2026-08-28,38500,2026-09-10,put,regular,249,0.9192,13,2.0
2026-08-28,38750,2026-09-10,put,regular,23,0.9089,13,2.0
2026-08-28,39000,2026-09-10,put,regular,179,0.9292,13,3.0
2026-08-28,39250,2026-09-10,put,regular,165,0.9187,13,3.0
2026-08-28,39500,2026-09-10,put,regular,327,0.9083,13,3.0
2026-08-28,39750,2026-09-10,put,regular,10,0.8683,13,2.0
2026-08-28,40000,2026-09-10,put,regular,4811,0.8877,13,3.0
2026-08-28,40250,2026-09-10,put,regular,15,0.8997,13,4.0
2026-08-28,40500,2026-09-10,put,regular,180,0.8893,13,4.0
2026-08-28,40750,2026-09-10,put,regular,49,0.8789,13,4.0
2026-08-28,41000,2026-09-10,put,regular,961,0.8687,13,4.0
2026-08-28,41250,2026-09-10,put,regular,1,0.8584,13,4.0
2026-08-28,41500,2026-09-10,put,regular,30,0.8656,13,5.0
2026-08-28,41750,2026-09-10,put,regular,4,0.8553,13,5.0
2026-08-28,42000,2026-09-10,put,regular,2095,0.8451,13,5.0
2026-08-28,42250,2026-09-10,put,regular,21,0.8493,13,6.0
2026-08-28,42500,2026-09-10,put,regular,29,0.8391,13,6.0
2026-08-28,42750,2026-09-10,put,regular,17,0.8288,13,6.0
2026-08-28,43000,2026-09-10,put,regular,1110,0.8187,13,6.0
2026-08-28,43250,2026-09-10,put,regular,60,0.8086,13,6.0
2026-08-28,43500,2026-09-10,put,regular,883,0.7985,13,6.0
2026-08-28,43750,2026-09-10,put,regular,14,0.8004,13,7.0
2026-08-28,44000,2026-09-10,put,regular,1436,0.7903,13,7.0
2026-08-28,44250,2026-09-10,put,regular,32,0.7803,13,7.0
2026-08-28,44500,2026-09-10,put,regular,131,0.7806,13,8.0
2026-08-28,44750,2026-09-10,put,regular,16,0.7705,13,8.0
2026-08-28,45000,2026-09-10,put,regular,2574,0.7504,13,7.0
2026-08-28,45250,2026-09-10,put,regular,105,0.7597,13,9.0
2026-08-28,45500,2026-09-10,put,regular,160,0.7497,13,9.0
2026-08-28,45750,2026-09-10,put,regular,60,0.7397,13,9.0
2026-08-28,46000,2026-09-10,put,regular,1860,0.7298,13,9.0
2026-08-28,46250,2026-09-10,put,regular,66,0.7279,13,10.0
2026-08-28,46500,2026-09-10,put,regular,395,0.718,13,10.0
2026-08-28,46750,2026-09-10,put,regular,27,0.7154,13,11.0
2026-08-28,47000,2026-09-10,put,regular,1108,0.6983,13,10.0
2026-08-28,47250,2026-09-10,put,regular,124,0.6956,13,11.0
2026-08-28,47500,2026-09-10,put,regular,1041,0.6923,13,12.0
2026-08-28,47750,2026-09-10,put,regular,92,0.6825,13,12.0
2026-08-28,48000,2026-09-10,put,regular,2993,0.6787,13,13.0
2026-08-28,48250,2026-09-10,put,regular,124,0.6688,13,13.0
2026-08-28,48500,2026-09-10,put,regular,751,0.659,13,13.0
2026-08-28,48750,2026-09-10,put,regular,151,0.6547,13,14.0
2026-08-28,49000,2026-09-10,put,regular,2048,0.6501,13,15.0
2026-08-28,49250,2026-09-10,put,regular,216,0.6403,13,15.0
2026-08-28,49500,2026-09-10,put,regular,206,0.6353,13,16.0
2026-08-28,49750,2026-09-10,put,regular,151,0.63,13,17.0
2026-08-28,50000,2026-09-10,put,regular,9979,0.6244,13,18.0
2026-08-28,50250,2026-09-10,put,regular,84,0.6146,13,18.0
2026-08-28,50500,2026-09-10,put,regular,1367,0.6088,13,19.0
2026-08-28,50750,2026-09-10,put,regular,174,0.6028,13,20.0
2026-08-28,51000,2026-09-10,put,regular,1668,0.5966,13,21.0
2026-08-28,51250,2026-09-10,put,regular,218,0.5902,13,22.0
2026-08-28,51500,2026-09-10,put,regular,277,0.5803,13,22.0
2026-08-28,51750,2026-09-10,put,regular,54,0.5769,13,24.0
2026-08-28,52000,2026-09-10,put,regular,2166,0.5701,13,25.0
2026-08-28,52250,2026-09-10,put,regular,67,0.5631,13,26.0
2026-08-28,52500,2026-09-10,put,regular,623,0.556,13,27.0
2026-08-28,52750,2026-09-10,put,regular,40,0.5461,13,27.0
2026-08-28,53000,2026-09-10,put,regular,1873,0.5414,13,29.0
2026-08-28,53250,2026-09-10,put,regular,46,0.5315,13,29.0
2026-08-28,53500,2026-09-10,put,regular,975,0.5264,13,31.0
2026-08-28,53750,2026-09-10,put,regular,83,0.5188,13,32.0
2026-08-28,54000,2026-09-10,put,regular,2876,0.5154,13,35.0
2026-08-28,54250,2026-09-10,put,regular,112,0.5054,13,35.0
2026-08-28,54500,2026-09-10,put,regular,639,0.5053,13,40.0
2026-08-28,54750,2026-09-10,put,regular,270,0.4951,13,40.0
2026-08-28,55000,2026-09-10,put,regular,5978,0.4921,13,44.0
2026-08-28,55250,2026-09-10,put,regular,19,0.4836,13,45.0
2026-08-28,55500,2026-09-10,put,regular,854,0.4766,13,47.0
2026-08-28,55750,2026-09-10,put,regular,22,0.471,13,50.0
2026-08-28,56000,2026-09-10,put,regular,2031,0.4651,13,53.0
2026-08-28,56250,2026-09-10,put,regular,31,0.4576,13,55.0
2026-08-28,56500,2026-09-10,put,regular,881,0.4512,13,58.0
2026-08-28,56750,2026-09-10,put,regular,193,0.4458,13,62.0
2026-08-28,57000,2026-09-10,put,regular,3120,0.4413,13,67.0
2026-08-28,57250,2026-09-10,put,regular,80,0.434,13,70.0
2026-08-28,57500,2026-09-10,put,regular,586,0.4287,13,75.0
2026-08-28,57750,2026-09-10,put,regular,102,0.423,13,80.0
2026-08-28,58000,2026-09-10,put,regular,2474,0.4179,13,86.0
2026-08-28,58250,2026-09-10,put,regular,270,0.4115,13,91.0
2026-08-28,58375,2026-09-10,put,regular,1,0.4086,13,94.0
2026-08-28,58500,2026-09-10,put,regular,1714,0.4073,13,99.0
2026-08-28,58625,2026-09-10,put,regular,2,0.405,13,103.0
2026-08-28,58750,2026-09-10,put,regular,93,0.4002,13,104.0
2026-08-28,58875,2026-09-10,put,regular,13,0.3977,13,108.0
2026-08-28,59000,2026-09-10,put,regular,3234,0.3973,13,115.0
2026-08-28,59125,2026-09-10,put,regular,18,0.3931,13,117.0
2026-08-28,59250,2026-09-10,put,regular,116,0.3902,13,121.0
2026-08-28,59375,2026-09-10,put,regular,15,0.3872,13,125.0
2026-08-28,59500,2026-09-10,put,regular,907,0.3868,13,133.0
2026-08-28,59625,2026-09-10,put,regular,1,0.3829,13,136.0
2026-08-28,59750,2026-09-10,put,regular,89,0.3808,13,142.0
2026-08-28,59875,2026-09-10,put,regular,19,0.3786,13,148.0
2026-08-28,60000,2026-09-10,put,regular,10194,0.3785,13,158.0
2026-08-28,60125,2026-09-10,put,regular,1,0.3742,13,161.0
2026-08-28,60250,2026-09-10,put,regular,97,0.3726,13,169.0
2026-08-28,60375,2026-09-10,put,regular,17,0.3693,13,174.0
2026-08-28,60500,2026-09-10,put,regular,2096,0.3684,13,184.0
2026-08-28,60625,2026-09-10,put,regular,11,0.3657,13,191.0
2026-08-28,60750,2026-09-10,put,regular,169,0.3629,13,198.0
2026-08-28,60875,2026-09-10,put,regular,67,0.3619,13,209.0
2026-08-28,61000,2026-09-10,put,regular,2584,0.3606,13,220.0
2026-08-28,61125,2026-09-10,put,regular,42,0.3578,13,228.0
2026-08-28,61250,2026-09-10,put,regular,64,0.3561,13,239.0
2026-08-28,61375,2026-09-10,put,regular,2,0.3543,13,250.0
2026-08-28,61500,2026-09-10,put,regular,1574,0.353,13,263.0
2026-08-28,61625,2026-09-10,put,regular,16,0.3507,13,274.0
2026-08-28,61750,2026-09-10,put,regular,247,0.3494,13,288.0
2026-08-28,61875,2026-09-10,put,regular,61,0.3489,13,305.0
2026-08-28,62000,2026-09-10,put,regular,3066,0.3475,13,320.0
2026-08-28,62125,2026-09-10,put,regular,14,0.344,13,330.0
2026-08-28,62250,2026-09-10,put,regular,144,0.3422,13,345.0
2026-08-28,62375,2026-09-10,put,regular,264,0.3417,13,365.0
2026-08-28,62500,2026-09-10,put,regular,885,0.341,13,385.0
2026-08-28,62625,2026-09-10,put,regular,88,0.3385,13,400.0
2026-08-28,62750,2026-09-10,put,regular,744,0.3372,13,420.0
2026-08-28,62875,2026-09-10,put,regular,38,0.3358,13,440.0
2026-08-28,63000,2026-09-10,put,regular,3195,0.334,13,460.0
2026-08-28,63125,2026-09-10,put,regular,107,0.3335,13,485.0
2026-08-28,63250,2026-09-10,put,regular,52,0.3313,13,505.0
2026-08-28,63375,2026-09-10,put,regular,58,0.3315,13,535.0
2026-08-28,63500,2026-09-10,put,regular,699,0.3301,13,560.0
2026-08-28,63625,2026-09-10,put,regular,40,0.3272,13,580.0
2026-08-28,63750,2026-09-10,put,regular,51,0.3266,13,610.0
2026-08-28,63875,2026-09-10,put,regular,49,0.3244,13,635.0
2026-08-28,64000,2026-09-10,put,regular,3177,0.3257,13,675.0
2026-08-28,64125,2026-09-10,put,regular,24,0.323,13,700.0
2026-08-28,64250,2026-09-10,put,regular,21,0.3213,13,730.0
2026-08-28,64375,2026-09-10,put,regular,29,0.3204,13,765.0
2026-08-28,64500,2026-09-10,put,regular,647,0.3216,13,810.0
2026-08-28,64625,2026-09-10,put,regular,64,0.3179,13,835.0
2026-08-28,64750,2026-09-10,put,regular,539,0.3184,13,880.0
2026-08-28,64875,2026-09-10,put,regular,12,0.3164,13,915.0
2026-08-28,65000,2026-09-10,put,regular,4110,0.3173,13,965.0
2026-08-28,65125,2026-09-10,put,regular,34,0.3136,13,995.0
2026-08-28,65250,2026-09-10,put,regular,97,0.315,13,1050.0
2026-08-28,65375,2026-09-10,put,regular,31,0.3139,13,1095.0
2026-08-28,65500,2026-09-10,put,regular,790,0.3146,13,1150.0
2026-08-28,65625,2026-09-10,put,regular,28,0.3109,13,1185.0
2026-08-28,65750,2026-09-10,put,regular,699,0.3109,13,1240.0
2026-08-28,65875,2026-09-10,put,regular,1,0.3117,13,1300.0
2026-08-28,66000,2026-09-10,put,regular,2263,0.3131,13,1365.0
2026-08-28,66125,2026-09-10,put,regular,5,0.3081,13,1400.0
2026-08-28,66250,2026-09-10,put,regular,15,0.3119,13,1480.0
2026-08-28,66375,2026-09-10,put,regular,2,0.3144,13,1555.0
2026-08-28,66500,2026-09-10,put,regular,2209,0.3115,13,1605.0
2026-08-28,66625,2026-09-10,put,regular,23,0.3123,13,1675.0
2026-08-28,66750,2026-09-10,put,regular,152,0.3118,13,1740.0
2026-08-28,67000,2026-09-10,put,regular,2635,0.3119,13,1880.0
2026-08-28,67250,2026-09-10,put,regular,15,0.3127,13,2030.0
2026-08-28,67500,2026-09-10,put,regular,578,0.3133,13,2185.0
2026-08-28,67625,2026-09-10,put,regular,1,0.3136,13,2265.0
2026-08-28,67750,2026-09-10,put,regular,281,0.3148,13,2350.0
2026-08-28,68000,2026-09-10,put,regular,2148,0.3161,13,2520.0
2026-08-28,68250,2026-09-10,put,regular,134,0.3174,13,2695.0
2026-08-28,68375,2026-09-10,put,regular,1,0.3193,13,2790.0
2026-08-28,68500,2026-09-10,put,regular,196,0.3198,13,2880.0
2026-08-28,68750,2026-09-10,put,regular,69,0.3223,13,3070.0
2026-08-28,69000,2026-09-10,put,regular,1123,0.3249,13,3265.0
2026-08-28,69250,2026-09-10,put,regular,1,0.3291,13,3470.0
2026-08-28,69500,2026-09-10,put,regular,8,0.3311,13,3670.0
2026-08-28,70000,2026-09-10,put,regular,1483,0.3403,13,4100.0
2026-08-28,70500,2026-09-10,put,regular,2,0.3495,13,4540.0
2026-08-28,71000,2026-09-10,put,regular,100,0.3607,13,4995.0
2026-08-28,71250,2026-09-10,put,regular,1,0.3663,13,5225.0
2026-08-28,73000,2026-09-10,put,regular,3,0.4158,13,6895.0
2026-08-28,77500,2026-09-10,put,regular,4,0.5709,13,11355.0
2026-08-28,78000,2026-09-10,put,regular,1,0.5859,13,11850.0
2026-08-28,80000,2026-09-10,put,regular,1,0.6539,13,13850.0
2026-08-28,85000,2026-09-10,put,regular,5,0.8073,13,18845.0
2026-08-28,20000,2026-10-08,put,regular,296,1.1002,41,2.0
2026-08-28,22500,2026-10-08,put,regular,13,0.9463,41,1.0
2026-08-28,25000,2026-10-08,put,regular,1448,0.9532,41,4.0
2026-08-28,26000,2026-10-08,put,regular,25,0.8951,41,3.0
2026-08-28,27000,2026-10-08,put,regular,5,0.8605,41,3.0
2026-08-28,28000,2026-10-08,put,regular,9,0.9009,41,8.0
2026-08-28,29000,2026-10-08,put,regular,11,0.8759,41,9.0
2026-08-28,30000,2026-10-08,put,regular,6534,0.8585,41,11.0
2026-08-28,31000,2026-10-08,put,regular,8,0.8323,41,12.0
2026-08-28,32000,2026-10-08,put,regular,9,0.8123,41,14.0
2026-08-28,33000,2026-10-08,put,regular,562,0.7858,41,15.0
2026-08-28,34000,2026-10-08,put,regular,3,0.7646,41,17.0
2026-08-28,35000,2026-10-08,put,regular,311,0.7427,41,19.0
2026-08-28,36000,2026-10-08,put,regular,17,0.7242,41,22.0
2026-08-28,37000,2026-10-08,put,regular,171,0.7045,41,25.0
2026-08-28,38000,2026-10-08,put,regular,4,0.6811,41,27.0
2026-08-28,39000,2026-10-08,put,regular,101,0.663,41,31.0
2026-08-28,40000,2026-10-08,put,regular,2516,0.6415,41,34.0
2026-08-28,41000,2026-10-08,put,regular,108,0.6218,41,38.0
2026-08-28,42000,2026-10-08,put,regular,139,0.6034,41,43.0
2026-08-28,42750,2026-10-08,put,regular,31,0.5877,41,46.0
2026-08-28,43000,2026-10-08,put,regular,145,0.584,41,48.0
2026-08-28,43250,2026-10-08,put,regular,15,0.5787,41,49.0
2026-08-28,43500,2026-10-08,put,regular,15,0.5733,41,50.0
2026-08-28,43750,2026-10-08,put,regular,12,0.5664,41,50.0
2026-08-28,44000,2026-10-08,put,regular,186,0.5655,41,54.0
2026-08-28,44250,2026-10-08,put,regular,36,0.5571,41,53.0
2026-08-28,44500,2026-10-08,put,regular,50,0.556,41,57.0
2026-08-28,44750,2026-10-08,put,regular,37,0.5477,41,56.0
2026-08-28,45000,2026-10-08,put,regular,777,0.5462,41,60.0
2026-08-28,45250,2026-10-08,put,regular,28,0.5432,41,63.0
2026-08-28,45500,2026-10-08,put,regular,284,0.5375,41,64.0
2026-08-28,45750,2026-10-08,put,regular,43,0.5319,41,65.0
2026-08-28,46000,2026-10-08,put,regular,296,0.5286,41,68.0
2026-08-28,46250,2026-10-08,put,regular,8,0.5217,41,68.0
2026-08-28,46500,2026-10-08,put,regular,157,0.5205,41,73.0
2026-08-28,46750,2026-10-08,put,regular,131,0.5136,41,73.0
2026-08-28,47000,2026-10-08,put,regular,265,0.511,41,77.0
2026-08-28,47250,2026-10-08,put,regular,26,0.5081,41,81.0
2026-08-28,47500,2026-10-08,put,regular,50,0.5013,41,81.0
2026-08-28,47750,2026-10-08,put,regular,40,0.4992,41,86.0
2026-08-28,48000,2026-10-08,put,regular,537,0.4933,41,87.0
2026-08-28,48250,2026-10-08,put,regular,51,0.4882,41,89.0
2026-08-28,48500,2026-10-08,put,regular,199,0.4849,41,93.0
2026-08-28,48750,2026-10-08,put,regular,24,0.4814,41,97.0
2026-08-28,49000,2026-10-08,put,regular,226,0.477,41,100.0
2026-08-28,49250,2026-10-08,put,regular,70,0.4717,41,102.0
2026-08-28,49500,2026-10-08,put,regular,206,0.4687,41,107.0
2026-08-28,49750,2026-10-08,put,regular,58,0.4669,41,114.0
2026-08-28,50000,2026-10-08,put,regular,1716,0.4614,41,116.0
2026-08-28,50250,2026-10-08,put,regular,56,0.4566,41,119.0
2026-08-28,50500,2026-10-08,put,regular,405,0.4544,41,126.0
2026-08-28,50750,2026-10-08,put,regular,50,0.4481,41,127.0
2026-08-28,51000,2026-10-08,put,regular,363,0.4443,41,132.0
2026-08-28,51250,2026-10-08,put,regular,83,0.441,41,138.0
2026-08-28,51500,2026-10-08,put,regular,183,0.437,41,143.0
2026-08-28,51750,2026-10-08,put,regular,67,0.4351,41,152.0
2026-08-28,52000,2026-10-08,put,regular,447,0.4292,41,154.0
2026-08-28,52250,2026-10-08,put,regular,45,0.4249,41,159.0
2026-08-28,52500,2026-10-08,put,regular,251,0.4219,41,167.0
2026-08-28,52750,2026-10-08,put,regular,57,0.4184,41,174.0
2026-08-28,53000,2026-10-08,put,regular,1280,0.4165,41,185.0
2026-08-28,53250,2026-10-08,put,regular,42,0.4117,41,190.0
2026-08-28,53500,2026-10-08,put,regular,101,0.4073,41,196.0
2026-08-28,53750,2026-10-08,put,regular,16,0.4031,41,203.0
2026-08-28,54000,2026-10-08,put,regular,467,0.3997,41,212.0
2026-08-28,54250,2026-10-08,put,regular,41,0.3966,41,222.0
2026-08-28,54500,2026-10-08,put,regular,584,0.3928,41,231.0
2026-08-28,54750,2026-10-08,put,regular,6,0.3897,41,242.0
2026-08-28,55000,2026-10-08,put,regular,1990,0.3871,41,255.0
2026-08-28,55250,2026-10-08,put,regular,37,0.3829,41,264.0
2026-08-28,55500,2026-10-08,put,regular,252,0.3796,41,276.0
2026-08-28,55750,2026-10-08,put,regular,39,0.3767,41,290.0
2026-08-28,56000,2026-10-08,put,regular,441,0.374,41,305.0
2026-08-28,56250,2026-10-08,put,regular,25,0.3695,41,315.0
2026-08-28,56500,2026-10-08,put,regular,395,0.3678,41,335.0
2026-08-28,56750,2026-10-08,put,regular,85,0.3644,41,350.0
2026-08-28,57000,2026-10-08,put,regular,451,0.3608,41,365.0
2026-08-28,57250,2026-10-08,put,regular,71,0.3583,41,385.0
2026-08-28,57500,2026-10-08,put,regular,300,0.3556,41,405.0
2026-08-28,57750,2026-10-08,put,regular,70,0.3538,41,430.0
2026-08-28,58000,2026-10-08,put,regular,1655,0.3494,41,445.0
2026-08-28,58250,2026-10-08,put,regular,100,0.3472,41,470.0
2026-08-28,58375,2026-10-08,put,regular,463,0.3465,41,485.0
2026-08-28,58500,2026-10-08,put,regular,152,0.3446,41,495.0
2026-08-28,58625,2026-10-08,put,regular,19,0.3438,41,510.0
2026-08-28,58750,2026-10-08,put,regular,32,0.3418,41,520.0
2026-08-28,58875,2026-10-08,put,regular,1,0.3418,41,540.0
2026-08-28,59000,2026-10-08,put,regular,157,0.3408,41,555.0
2026-08-28,59125,2026-10-08,put,regular,57,0.3386,41,565.0
2026-08-28,59250,2026-10-08,put,regular,114,0.3384,41,585.0
2026-08-28,59500,2026-10-08,put,regular,46,0.3357,41,615.0
2026-08-28,59625,2026-10-08,put,regular,17,0.3343,41,630.0
2026-08-28,59750,2026-10-08,put,regular,6,0.3337,41,650.0
2026-08-28,60000,2026-10-08,put,regular,2313,0.3313,41,685.0
2026-08-28,60125,2026-10-08,put,regular,3,0.3305,41,705.0
2026-08-28,60250,2026-10-08,put,regular,12,0.3296,41,725.0
2026-08-28,60375,2026-10-08,put,regular,300,0.3286,41,745.0
2026-08-28,60500,2026-10-08,put,regular,134,0.3275,41,765.0
2026-08-28,60750,2026-10-08,put,regular,51,0.3259,41,810.0
2026-08-28,60875,2026-10-08,put,regular,7,0.3254,41,835.0
2026-08-28,61000,2026-10-08,put,regular,669,0.3247,41,860.0
2026-08-28,61125,2026-10-08,put,regular,14,0.3224,41,875.0
2026-08-28,61250,2026-10-08,put,regular,95,0.3224,41,905.0
2026-08-28,61500,2026-10-08,put,regular,6,0.3206,41,955.0
2026-08-28,61625,2026-10-08,put,regular,96,0.3187,41,975.0
2026-08-28,61750,2026-10-08,put,regular,1150000,0.3191,41,1010.0
2026-08-28,61875,2026-10-08,put,regular,14,0.3178,41,1035.0
2026-08-28,62000,2026-10-08,put,regular,1104,0.3172,41,1065.0
2026-08-28,62250,2026-10-08,put,regular,12,0.3157,41,1125.0
2026-08-28,62375,2026-10-08,put,regular,6,0.3162,41,1165.0
2026-08-28,62500,2026-10-08,put,regular,534,0.3145,41,1190.0
2026-08-28,62750,2026-10-08,put,regular,40,0.313,41,1255.0
2026-08-28,62875,2026-10-08,put,regular,6,0.3124,41,1290.0
2026-08-28,63000,2026-10-08,put,regular,472,0.3136,41,1340.0
2026-08-28,63250,2026-10-08,put,regular,110,0.3119,41,1410.0
2026-08-28,63375,2026-10-08,put,regular,5,0.309,41,1430.0
2026-08-28,63500,2026-10-08,put,regular,32,0.3105,41,1485.0
2026-08-28,63625,2026-10-08,put,regular,6,0.308,41,1510.0
2026-08-28,63750,2026-10-08,put,regular,20,0.3092,41,1565.0
2026-08-28,63875,2026-10-08,put,regular,55,0.3066,41,1590.0
2026-08-28,64000,2026-10-08,put,regular,1033,0.3082,41,1650.0
2026-08-28,64250,2026-10-08,put,regular,7,0.3056,41,1725.0
2026-08-28,64375,2026-10-08,put,regular,1665000,0.3063,41,1780.0
2026-08-28,64500,2026-10-08,put,regular,434,0.305,41,1820.0
2026-08-28,64625,2026-10-08,put,regular,2040000,0.3054,41,1875.0
2026-08-28,64750,2026-10-08,put,regular,3,0.3046,41,1920.0
2026-08-28,65000,2026-10-08,put,regular,1535,0.3066,41,2045.0
2026-08-28,65250,2026-10-08,put,regular,9,0.3036,41,2130.0
2026-08-28,65375,2026-10-08,put,regular,231,0.3034,41,2185.0
2026-08-28,65500,2026-10-08,put,regular,201,0.3031,41,2240.0
2026-08-28,65750,2026-10-08,put,regular,51,0.3027,41,2355.0
2026-08-28,66000,2026-10-08,put,regular,946,0.3042,41,2490.0
2026-08-28,66500,2026-10-08,put,regular,91,0.3041,41,2745.0
2026-08-28,66750,2026-10-08,put,regular,9,0.3043,41,2880.0
2026-08-28,67000,2026-10-08,put,regular,511,0.303,41,3005.0
2026-08-28,67500,2026-10-08,put,regular,41,0.3042,41,3300.0
2026-08-28,67625,2026-10-08,put,regular,6,0.305,41,3380.0
2026-08-28,67750,2026-10-08,put,regular,9,0.3045,41,3450.0
2026-08-28,68000,2026-10-08,put,regular,541,0.3049,41,3605.0
2026-08-28,68125,2026-10-08,put,regular,7135000,0.3064,41,3695.0
2026-08-28,68500,2026-10-08,put,regular,3,0.307,41,3935.0
2026-08-28,69000,2026-10-08,put,regular,211,0.3087,41,4275.0
2026-08-28,70000,2026-10-08,put,regular,101,0.3139,41,5005.0
2026-08-28,72500,2026-10-08,put,regular,1,0.3352,41,7055.0
2026-08-28,73000,2026-10-08,put,regular,10,0.3407,41,7495.0
2026-08-28,79000,2026-10-08,put,regular,1,0.4299,41,13165.0
2026-08-28,85000,2026-10-08,put,regular,26,0.5364,41,19110.0
2026-08-28,20000,2026-11-12,put,regular,10,0.9068,76,8.0
2026-08-28,25000,2026-11-12,put,regular,77,0.7854,76,14.0
2026-08-28,27000,2026-11-12,put,regular,6,0.6882,76,8.0
2026-08-28,28000,2026-11-12,put,regular,26,0.6822,76,11.0
2026-08-28,29000,2026-11-12,put,regular,304,0.6669,76,13.0
2026-08-28,30000,2026-11-12,put,regular,2,0.655,76,16.0
2026-08-28,35000,2026-11-12,put,regular,2,0.5971,76,41.0
2026-08-28,37000,2026-11-12,put,regular,2,0.589,76,69.0
2026-08-28,38000,2026-11-12,put,regular,3,0.5725,76,76.0
2026-08-28,39000,2026-11-12,put,regular,100,0.5567,76,84.0
2026-08-28,40000,2026-11-12,put,regular,104,0.5456,76,98.0
2026-08-28,41000,2026-11-12,put,regular,104,0.53,76,108.0
2026-08-28,42000,2026-11-12,put,regular,252,0.5194,76,126.0
2026-08-28,43000,2026-11-12,put,regular,255,0.5006,76,133.0
2026-08-28,44000,2026-11-12,put,regular,104,0.4863,76,148.0
2026-08-28,44500,2026-11-12,put,regular,1,0.4809,76,159.0
2026-08-28,44750,2026-11-12,put,regular,1,0.4767,76,162.0
2026-08-28,45000,2026-11-12,put,regular,202,0.473,76,166.0
2026-08-28,45250,2026-11-12,put,regular,3,0.4722,76,176.0
2026-08-28,45500,2026-11-12,put,regular,4,0.4659,76,175.0
2026-08-28,45750,2026-11-12,put,regular,2,0.4626,76,180.0
2026-08-28,46000,2026-11-12,put,regular,128,0.4605,76,188.0
2026-08-28,46250,2026-11-12,put,regular,4,0.4552,76,189.0
2026-08-28,46500,2026-11-12,put,regular,3,0.4522,76,195.0
2026-08-28,46750,2026-11-12,put,regular,2,0.449,76,201.0
2026-08-28,47000,2026-11-12,put,regular,102,0.4454,76,206.0
2026-08-28,47250,2026-11-12,put,regular,31,0.4425,76,213.0
2026-08-28,47500,2026-11-12,put,regular,130,0.4427,76,228.0
2026-08-28,47750,2026-11-12,put,regular,73,0.4389,76,233.0
2026-08-28,48000,2026-11-12,put,regular,63,0.4335,76,234.0
2026-08-28,48250,2026-11-12,put,regular,3,0.4321,76,246.0
2026-08-28,48500,2026-11-12,put,regular,3,0.4277,76,250.0
2026-08-28,48750,2026-11-12,put,regular,111,0.4258,76,261.0
2026-08-28,49000,2026-11-12,put,regular,186,0.4227,76,269.0
2026-08-28,49250,2026-11-12,put,regular,54,0.4199,76,278.0
2026-08-28,49500,2026-11-12,put,regular,226,0.4153,76,282.0
2026-08-28,49750,2026-11-12,put,regular,28,0.4133,76,294.0
2026-08-28,50000,2026-11-12,put,regular,247,0.409,76,299.0
2026-08-28,50250,2026-11-12,put,regular,59,0.4079,76,315.0
2026-08-28,50500,2026-11-12,put,regular,104,0.4049,76,325.0
2026-08-28,50750,2026-11-12,put,regular,34,0.4019,76,335.0
2026-08-28,51000,2026-11-12,put,regular,608,0.3987,76,345.0
2026-08-28,51250,2026-11-12,put,regular,10,0.3968,76,360.0
2026-08-28,51500,2026-11-12,put,regular,315,0.3922,76,365.0
2026-08-28,52000,2026-11-12,put,regular,582,0.3879,76,395.0
2026-08-28,52250,2026-11-12,put,regular,8,0.3819,76,395.0
2026-08-28,52500,2026-11-12,put,regular,339,0.3807,76,415.0
2026-08-28,52750,2026-11-12,put,regular,15,0.3782,76,430.0
2026-08-28,53000,2026-11-12,put,regular,167,0.3755,76,445.0
2026-08-28,53250,2026-11-12,put,regular,17,0.3749,76,470.0
2026-08-28,53500,2026-11-12,put,regular,401,0.3709,76,480.0
2026-08-28,53750,2026-11-12,put,regular,40,0.3679,76,495.0
2026-08-28,54000,2026-11-12,put,regular,416,0.3658,76,515.0
2026-08-28,54250,2026-11-12,put,regular,18,0.3616,76,525.0
2026-08-28,54500,2026-11-12,put,regular,300,0.3612,76,555.0
2026-08-28,54750,2026-11-12,put,regular,5,0.3596,76,580.0
2026-08-28,55000,2026-11-12,put,regular,4,0.3552,76,590.0
2026-08-28,55250,2026-11-12,put,regular,29,0.3542,76,620.0
2026-08-28,55500,2026-11-12,put,regular,154,0.3513,76,640.0
2026-08-28,55750,2026-11-12,put,regular,3,0.3475,76,655.0
2026-08-28,56000,2026-11-12,put,regular,504,0.346,76,685.0
2026-08-28,56250,2026-11-12,put,regular,5,0.3436,76,710.0
2026-08-28,56500,2026-11-12,put,regular,47,0.3418,76,740.0
2026-08-28,56750,2026-11-12,put,regular,31,0.3399,76,770.0
2026-08-28,57000,2026-11-12,put,regular,611,0.3392,76,810.0
2026-08-28,57250,2026-11-12,put,regular,45,0.3347,76,825.0
2026-08-28,57500,2026-11-12,put,regular,400,0.3316,76,850.0
2026-08-28,57750,2026-11-12,put,regular,1,0.3332,76,910.0
2026-08-28,58000,2026-11-12,put,regular,383,0.3311,76,945.0
2026-08-28,58250,2026-11-12,put,regular,27,0.3269,76,965.0
2026-08-28,58500,2026-11-12,put,regular,116,0.3245,76,1000.0
2026-08-28,59000,2026-11-12,put,regular,142,0.3242,76,1110.0
2026-08-28,59500,2026-11-12,put,regular,1225,0.3212,76,1205.0
2026-08-28,59750,2026-11-12,put,regular,1,0.3196,76,1255.0
2026-08-28,60000,2026-11-12,put,regular,582,0.3179,76,1305.0
2026-08-28,60500,2026-11-12,put,regular,103,0.3145,76,1410.0
2026-08-28,60750,2026-11-12,put,regular,33,0.3111,76,1450.0
2026-08-28,61000,2026-11-12,put,regular,520,0.3124,76,1535.0
2026-08-28,61500,2026-11-12,put,regular,18,0.3084,76,1650.0
2026-08-28,62000,2026-11-12,put,regular,1045,0.3075,76,1805.0
2026-08-28,62500,2026-11-12,put,regular,144,0.3044,76,1945.0
2026-08-28,63000,2026-11-12,put,regular,398,0.3027,76,2110.0
2026-08-28,64000,2026-11-12,put,regular,523,0.2988,76,2465.0
2026-08-28,64500,2026-11-12,put,regular,340,0.298,76,2670.0
2026-08-28,65000,2026-11-12,put,regular,801,0.2962,76,2875.0
2026-08-28,65500,2026-11-12,put,regular,100,0.2951,76,3100.0
2026-08-28,66000,2026-11-12,put,regular,920,0.2944,76,3340.0
2026-08-28,66500,2026-11-12,put,regular,239,0.2936,76,3590.0
2026-08-28,67000,2026-11-12,put,regular,870,0.2928,76,3850.0
2026-08-28,67500,2026-11-12,put,regular,4,0.2926,76,4130.0
2026-08-28,68375,2026-11-12,put,regular,16,0.2935,76,4660.0
2026-08-28,68500,2026-11-12,put,regular,478,0.2934,76,4735.0
2026-08-28,69000,2026-11-12,put,regular,450,0.2923,76,5035.0
2026-08-28,69500,2026-11-12,put,regular,1,0.2932,76,5370.0
2026-08-28,70000,2026-11-12,put,regular,460,0.2933,76,5705.0
2026-08-28,70750,2026-11-12,put,regular,160,0.2957,76,6250.0
2026-08-28,72500,2026-11-12,put,regular,330,0.3006,76,7585.0
2026-08-28,79500,2026-11-12,put,regular,1,0.3408,76,13770.0
2026-08-28,12500,2026-12-10,put,regular,575,1.009,104,4.0
2026-08-28,13000,2026-12-10,put,regular,4,0.963,104,3.0
2026-08-28,13500,2026-12-10,put,regular,100,0.8675,104,1.0
2026-08-28,14000,2026-12-10,put,regular,11,0.8914,104,2.0
2026-08-28,14500,2026-12-10,put,regular,1,0.8291,104,1.0
2026-08-28,14750,2026-12-10,put,regular,1,0.8199,104,1.0
2026-08-28,15000,2026-12-10,put,regular,5,0.8524,104,2.0
2026-08-28,16000,2026-12-10,put,regular,3,0.7762,104,1.0
2026-08-28,16500,2026-12-10,put,regular,1,0.7598,104,1.0
2026-08-28,17000,2026-12-10,put,regular,3,0.7438,104,1.0
2026-08-28,18000,2026-12-10,put,regular,153,0.7499,104,2.0
2026-08-28,19000,2026-12-10,put,regular,650,0.6844,104,1.0
2026-08-28,20000,2026-12-10,put,regular,2352,0.7914,104,10.0
2026-08-28,21000,2026-12-10,put,regular,350,0.6849,104,3.0
2026-08-28,21500,2026-12-10,put,regular,500,0.6873,104,4.0
2026-08-28,22000,2026-12-10,put,regular,1716,0.6866,104,5.0
2026-08-28,22500,2026-12-10,put,regular,150,0.6933,104,7.0
2026-08-28,23000,2026-12-10,put,regular,2106,0.6881,104,8.0
2026-08-28,23500,2026-12-10,put,regular,127,0.6889,104,10.0
2026-08-28,24000,2026-12-10,put,regular,405,0.6876,104,12.0
2026-08-28,24500,2026-12-10,put,regular,250,0.6488,104,8.0
2026-08-28,24750,2026-12-10,put,regular,1,0.6496,104,9.0
2026-08-28,25000,2026-12-10,put,regular,2464,0.6497,104,10.0
2026-08-28,25250,2026-12-10,put,regular,1,0.6434,104,10.0
2026-08-28,25500,2026-12-10,put,regular,2,0.643,104,11.0
2026-08-28,26000,2026-12-10,put,regular,1425,0.641,104,13.0
2026-08-28,26500,2026-12-10,put,regular,1,0.6378,104,15.0
2026-08-28,27000,2026-12-10,put,regular,2630,0.6337,104,17.0
2026-08-28,27500,2026-12-10,put,regular,25,0.6288,104,19.0
2026-08-28,27750,2026-12-10,put,regular,72,0.6294,104,21.0
2026-08-28,28000,2026-12-10,put,regular,1326,0.62,104,20.0
2026-08-28,28500,2026-12-10,put,regular,400,0.6144,104,22.0
2026-08-28,29000,2026-12-10,put,regular,1450,0.6083,104,24.0
2026-08-28,30000,2026-12-10,put,regular,5695,0.5977,104,29.0
2026-08-28,30500,2026-12-10,put,regular,51,0.5929,104,32.0
2026-08-28,31000,2026-12-10,put,regular,2237,0.5875,104,35.0
2026-08-28,31500,2026-12-10,put,regular,350,0.5837,104,39.0
2026-08-28,32000,2026-12-10,put,regular,4655,0.5775,104,42.0
2026-08-28,32250,2026-12-10,put,regular,600,0.5752,104,44.0
2026-08-28,32500,2026-12-10,put,regular,900,0.5727,104,46.0
2026-08-28,33000,2026-12-10,put,regular,3362,0.5689,104,51.0
2026-08-28,33250,2026-12-10,put,regular,37,0.5632,104,51.0
2026-08-28,33500,2026-12-10,put,regular,72,0.5618,104,54.0
2026-08-28,34000,2026-12-10,put,regular,2820,0.5779,104,77.0
2026-08-28,34500,2026-12-10,put,regular,560,0.5695,104,80.0
2026-08-28,34750,2026-12-10,put,regular,1,0.5658,104,82.0
2026-08-28,35000,2026-12-10,put,regular,4816,0.5621,104,84.0
2026-08-28,36000,2026-12-10,put,regular,2905,0.5487,104,94.0
2026-08-28,36500,2026-12-10,put,regular,225,0.5417,104,99.0
2026-08-28,36750,2026-12-10,put,regular,400,0.5402,104,104.0
2026-08-28,37000,2026-12-10,put,regular,2535,0.537,104,107.0
2026-08-28,37500,2026-12-10,put,regular,188,0.5297,104,112.0
2026-08-28,37750,2026-12-10,put,regular,100,0.5264,104,115.0
2026-08-28,38000,2026-12-10,put,regular,2686,0.523,104,118.0
2026-08-28,38500,2026-12-10,put,regular,1150,0.5168,104,125.0
2026-08-28,38750,2026-12-10,put,regular,50,0.5133,104,128.0
2026-08-28,39000,2026-12-10,put,regular,2405,0.5105,104,132.0
2026-08-28,39250,2026-12-10,put,regular,650,0.5069,104,135.0
2026-08-28,39500,2026-12-10,put,regular,1008,0.5033,104,138.0
2026-08-28,40000,2026-12-10,put,regular,5633,0.4967,104,145.0
2026-08-28,40250,2026-12-10,put,regular,5,0.4925,104,147.0
2026-08-28,40500,2026-12-10,put,regular,1399,0.4893,104,151.0
2026-08-28,41000,2026-12-10,put,regular,1825,0.483,104,159.0
2026-08-28,41250,2026-12-10,put,regular,3,0.4797,104,163.0
2026-08-28,41500,2026-12-10,put,regular,101,0.4769,104,168.0
2026-08-28,42000,2026-12-10,put,regular,3599,0.4702,104,176.0
2026-08-28,42500,2026-12-10,put,regular,300,0.4643,104,186.0
2026-08-28,43000,2026-12-10,put,regular,1582,0.4582,104,196.0
2026-08-28,43500,2026-12-10,put,regular,100,0.4527,104,208.0
2026-08-28,43750,2026-12-10,put,regular,9,0.4499,104,214.0
2026-08-28,44000,2026-12-10,put,regular,2800,0.4466,104,219.0
2026-08-28,45000,2026-12-10,put,regular,2724,0.4349,104,244.0
2026-08-28,45250,2026-12-10,put,regular,51,0.4318,104,250.0
2026-08-28,45500,2026-12-10,put,regular,350,0.4293,104,258.0
2026-08-28,46000,2026-12-10,put,regular,3857,0.4238,104,273.0
2026-08-28,47000,2026-12-10,put,regular,2846,0.4126,104,305.0
2026-08-28,47500,2026-12-10,put,regular,1119,0.4078,104,325.0
2026-08-28,48000,2026-12-10,put,regular,4124,0.4013,104,340.0
2026-08-28,48500,2026-12-10,put,regular,300,0.396,104,360.0
2026-08-28,49000,2026-12-10,put,regular,3177,0.3916,104,385.0
2026-08-28,49500,2026-12-10,put,regular,2717,0.3857,104,405.0
2026-08-28,50000,2026-12-10,put,regular,6512,0.3807,104,430.0
2026-08-28,50250,2026-12-10,put,regular,16,0.3776,104,440.0
2026-08-28,50500,2026-12-10,put,regular,686,0.3754,104,455.0
2026-08-28,50750,2026-12-10,put,regular,45,0.3732,104,470.0
2026-08-28,51000,2026-12-10,put,regular,1565,0.3708,104,485.0
2026-08-28,51500,2026-12-10,put,regular,20,0.3659,104,515.0
2026-08-28,52000,2026-12-10,put,regular,2765,0.3615,104,550.0
2026-08-28,52250,2026-12-10,put,regular,525,0.3597,104,570.0
2026-08-28,52500,2026-12-10,put,regular,575,0.3568,104,585.0
2026-08-28,53000,2026-12-10,put,regular,1541,0.3526,104,625.0
2026-08-28,53250,2026-12-10,put,regular,186,0.3503,104,645.0
2026-08-28,53500,2026-12-10,put,regular,205,0.3487,104,670.0
2026-08-28,53750,2026-12-10,put,regular,4,0.3463,104,690.0
2026-08-28,54000,2026-12-10,put,regular,2599,0.3444,104,715.0
2026-08-28,54500,2026-12-10,put,regular,440,0.3405,104,765.0
2026-08-28,55000,2026-12-10,put,regular,4779,0.3381,104,830.0
2026-08-28,55500,2026-12-10,put,regular,100,0.3345,104,890.0
2026-08-28,56000,2026-12-10,put,regular,2476,0.3311,104,955.0
2026-08-28,56500,2026-12-10,put,regular,151,0.3271,104,1020.0
2026-08-28,57000,2026-12-10,put,regular,2381,0.3239,104,1095.0
2026-08-28,57500,2026-12-10,put,regular,850,0.3206,104,1175.0
2026-08-28,58000,2026-12-10,put,regular,1918,0.3169,104,1255.0
2026-08-28,58500,2026-12-10,put,regular,850,0.3141,104,1350.0
2026-08-28,59000,2026-12-10,put,regular,2405,0.3113,104,1450.0
2026-08-28,59250,2026-12-10,put,regular,60,0.3101,104,1505.0
2026-08-28,59500,2026-12-10,put,regular,250,0.3088,104,1560.0
2026-08-28,60000,2026-12-10,put,regular,10103,0.3062,104,1675.0
2026-08-28,60500,2026-12-10,put,regular,200,0.3039,104,1800.0
2026-08-28,61000,2026-12-10,put,regular,1435,0.3014,104,1930.0
2026-08-28,61500,2026-12-10,put,regular,1,0.2991,104,2070.0
2026-08-28,62000,2026-12-10,put,regular,2606,0.2969,104,2220.0
2026-08-28,62250,2026-12-10,put,regular,250,0.296,104,2300.0
2026-08-28,62500,2026-12-10,put,regular,1087,0.2949,104,2380.0
2026-08-28,63000,2026-12-10,put,regular,2251,0.2931,104,2550.0
2026-08-28,63500,2026-12-10,put,regular,300,0.2917,104,2735.0
2026-08-28,63750,2026-12-10,put,regular,23,0.2913,104,2835.0
2026-08-28,64000,2026-12-10,put,regular,1756,0.2896,104,2920.0
2026-08-28,65000,2026-12-10,put,regular,3862,0.2871,104,3340.0
2026-08-28,65500,2026-12-10,put,regular,580,0.2858,104,3565.0
2026-08-28,66000,2026-12-10,put,regular,858,0.2846,104,3800.0
2026-08-28,66500,2026-12-10,put,regular,600,0.2842,104,4055.0
2026-08-28,67000,2026-12-10,put,regular,1410,0.2834,104,4315.0
2026-08-28,67250,2026-12-10,put,regular,25,0.2827,104,4445.0
2026-08-28,67500,2026-12-10,put,regular,25,0.2826,104,4585.0
2026-08-28,68000,2026-12-10,put,regular,1900,0.2814,104,4860.0
2026-08-28,68500,2026-12-10,put,regular,203,0.2811,104,5155.0
2026-08-28,68750,2026-12-10,put,regular,100,0.2808,104,5305.0
2026-08-28,69000,2026-12-10,put,regular,1570,0.2807,104,5460.0
2026-08-28,70000,2026-12-10,put,regular,1653,0.2813,104,6115.0
2026-08-28,71000,2026-12-10,put,regular,31,0.2813,104,6795.0
2026-08-28,72000,2026-12-10,put,regular,120,0.2833,104,7535.0
2026-08-28,72500,2026-12-10,put,regular,320,0.2839,104,7910.0
2026-08-28,74000,2026-12-10,put,regular,100,0.2859,104,9080.0
2026-08-28,76000,2026-12-10,put,regular,300,0.2907,104,10745.0
2026-08-28,80000,2026-12-10,put,regular,3700,0.3045,104,14315.0
2026-08-28,44000,2027-01-07,put,regular,331,0.4143,132,274.0
2026-08-28,45000,2027-01-07,put,regular,1000,0.4095,132,325.0
2026-08-28,47000,2027-01-07,put,regular,98,0.3891,132,400.0
2026-08-28,48000,2027-01-07,put,regular,200,0.3793,132,445.0
2026-08-28,50000,2027-01-07,put,regular,115,0.3616,132,560.0
2026-08-28,52000,2027-01-07,put,regular,300,0.3465,132,720.0
2026-08-28,52500,2027-01-07,put,regular,20,0.3427,132,765.0
2026-08-28,57000,2027-01-07,put,regular,60,0.312,132,1345.0
2026-08-28,58000,2027-01-07,put,regular,57,0.3063,132,1530.0
2026-08-28,60000,2027-01-07,put,regular,1,0.2965,132,1985.0
2026-08-28,60500,2027-01-07,put,regular,42,0.2941,132,2115.0
2026-08-28,61000,2027-01-07,put,regular,1,0.2919,132,2255.0
2026-08-28,61500,2027-01-07,put,regular,50,0.29,132,2405.0
2026-08-28,64000,2027-01-07,put,regular,100,0.2816,132,3290.0
2026-08-28,64250,2027-01-07,put,regular,150620000,0.2804,132,3385.0
2026-08-28,65000,2027-01-07,put,regular,3,0.2784,132,3705.0
2026-08-28,65500,2027-01-07,put,regular,1,0.2771,132,3930.0
2026-08-28,65750,2027-01-07,put,regular,1,0.2764,132,4045.0
2026-08-28,66000,2027-01-07,put,regular,50,0.2759,132,4165.0
2026-08-28,66500,2027-01-07,put,regular,3,0.2729,132,4380.0
2026-08-28,67000,2027-01-07,put,regular,2,0.2721,132,4640.0
2026-08-28,67500,2027-01-07,put,regular,1,0.2711,132,4905.0
2026-08-28,67750,2027-01-07,put,regular,1,0.2708,132,5045.0
2026-08-28,45000,2027-02-10,put,regular,300,0.3833,166,405.0
2026-08-28,47000,2027-02-10,put,regular,125,0.3704,166,525.0
2026-08-28,57500,2027-02-10,put,regular,100,0.3059,166,1815.0
2026-08-28,65000,2027-02-10,put,regular,275,0.2736,166,4145.0
2026-08-28,67000,2027-02-10,put,regular,2,0.2675,166,5080.0
2026-08-28,67250,2027-02-10,put,regular,12,0.2667,166,5205.0
2026-08-28,20000,2027-03-11,put,regular,10,0.6423,195,28.0
2026-08-28,29000,2027-03-11,put,regular,1,0.515,195,79.0
2026-08-28,30000,2027-03-11,put,regular,1,0.5116,195,99.0
2026-08-28,33000,2027-03-11,put,regular,113,0.4763,195,133.0
2026-08-28,35000,2027-03-11,put,regular,600,0.4572,195,168.0
2026-08-28,37000,2027-03-11,put,regular,500,0.4378,195,208.0
2026-08-28,38000,2027-03-11,put,regular,315,0.4286,195,232.0
2026-08-28,40000,2027-03-11,put,regular,1171,0.4101,195,285.0
2026-08-28,41000,2027-03-11,put,regular,250,0.4022,195,320.0
2026-08-28,42000,2027-03-11,put,regular,549,0.3936,195,355.0
2026-08-28,42500,2027-03-11,put,regular,200,0.3896,195,375.0
2026-08-28,43000,2027-03-11,put,regular,114,0.3854,195,395.0
2026-08-28,43500,2027-03-11,put,regular,66,0.381,195,415.0
2026-08-28,43750,2027-03-11,put,regular,2,0.3787,195,425.0
2026-08-28,44000,2027-03-11,put,regular,275,0.3764,195,435.0
2026-08-28,45000,2027-03-11,put,regular,1709,0.3688,195,485.0
2026-08-28,46000,2027-03-11,put,regular,116,0.3611,195,540.0
2026-08-28,47000,2027-03-11,put,regular,950,0.3535,195,600.0
2026-08-28,48000,2027-03-11,put,regular,399,0.3465,195,670.0
2026-08-28,48500,2027-03-11,put,regular,51,0.3433,195,710.0
2026-08-28,49000,2027-03-11,put,regular,102,0.3399,195,750.0
2026-08-28,50000,2027-03-11,put,regular,1350,0.3335,195,840.0
2026-08-28,50250,2027-03-11,put,regular,112,0.3321,195,865.0
2026-08-28,51000,2027-03-11,put,regular,24,0.3273,195,940.0
2026-08-28,51250,2027-03-11,put,regular,108,0.3255,195,965.0
2026-08-28,52000,2027-03-11,put,regular,1870,0.3215,195,1055.0
2026-08-28,52500,2027-03-11,put,regular,50,0.3185,195,1115.0
2026-08-28,53000,2027-03-11,put,regular,585,0.3156,195,1180.0
2026-08-28,53500,2027-03-11,put,regular,200,0.313,195,1250.0
2026-08-28,54000,2027-03-11,put,regular,534,0.3104,195,1325.0
2026-08-28,55000,2027-03-11,put,regular,952,0.3053,195,1485.0
2026-08-28,55500,2027-03-11,put,regular,100,0.303,195,1575.0
2026-08-28,56000,2027-03-11,put,regular,651,0.3008,195,1670.0
2026-08-28,56250,2027-03-11,put,regular,120,0.2994,195,1715.0
2026-08-28,57000,2027-03-11,put,regular,1775,0.2961,195,1870.0
2026-08-28,58000,2027-03-11,put,regular,2965,0.2922,195,2100.0
2026-08-28,58500,2027-03-11,put,regular,110,0.29,195,2220.0
2026-08-28,59500,2027-03-11,put,regular,453,0.2863,195,2485.0
2026-08-28,60000,2027-03-11,put,regular,1952,0.2846,195,2630.0
2026-08-28,61000,2027-03-11,put,regular,160,0.2811,195,2935.0
2026-08-28,62000,2027-03-11,put,regular,900,0.2782,195,3275.0
2026-08-28,62500,2027-03-11,put,regular,500,0.2767,195,3455.0
2026-08-28,63000,2027-03-11,put,regular,1490,0.2754,195,3645.0
2026-08-28,64000,2027-03-11,put,regular,1130,0.2727,195,4045.0
2026-08-28,65000,2027-03-11,put,regular,860,0.2703,195,4480.0
2026-08-28,66000,2027-03-11,put,regular,328,0.2682,195,4950.0
2026-08-28,66250,2027-03-11,put,regular,15,0.2678,195,5075.0
2026-08-28,66500,2027-03-11,put,regular,6,0.2673,195,5200.0
2026-08-28,67000,2027-03-11,put,regular,300,0.2663,195,5455.0
2026-08-28,68000,2027-03-11,put,regular,130,0.2645,195,5990.0
2026-08-28,69000,2027-03-11,put,regular,350,0.2629,195,6560.0
2026-08-28,69250,2027-03-11,put,regular,10,0.2627,195,6710.0
2026-08-28,70000,2027-03-11,put,regular,480,0.2617,195,7165.0
2026-08-28,72000,2027-03-11,put,regular,100,0.2594,195,8465.0
2026-08-28,48000,2027-05-13,put,regular,100,0.34,258,1020.0
2026-08-28,12500,2027-06-10,put,regular,10,0.671,286,12.0
2026-08-28,14500,2027-06-10,put,regular,4,0.5745,286,6.0
2026-08-28,15000,2027-06-10,put,regular,1,0.5696,286,7.0
2026-08-28,16250,2027-06-10,put,regular,167,0.5625,286,11.0
2026-08-28,23000,2027-06-10,put,regular,140,0.5094,286,54.0
2026-08-28,24000,2027-06-10,put,regular,100,0.5008,286,64.0
2026-08-28,25000,2027-06-10,put,regular,250,0.4922,286,75.0
2026-08-28,26000,2027-06-10,put,regular,200,0.4842,286,88.0
2026-08-28,28000,2027-06-10,put,regular,875,0.4675,286,117.0
2026-08-28,28500,2027-06-10,put,regular,100,0.4632,286,125.0
2026-08-28,29000,2027-06-10,put,regular,66,0.4588,286,133.0
2026-08-28,30000,2027-06-10,put,regular,255,0.4505,286,151.0
2026-08-28,31000,2027-06-10,put,regular,100,0.4424,286,171.0
2026-08-28,31500,2027-06-10,put,regular,1,0.4385,286,182.0
2026-08-28,32000,2027-06-10,put,regular,250,0.4345,286,193.0
2026-08-28,33000,2027-06-10,put,regular,150,0.4262,286,216.0
2026-08-28,34000,2027-06-10,put,regular,750,0.4184,286,242.0
2026-08-28,35000,2027-06-10,put,regular,1327,0.4109,286,271.0
2026-08-28,35500,2027-06-10,put,regular,145,0.407,286,286.0
2026-08-28,36000,2027-06-10,put,regular,300,0.404,286,305.0
2026-08-28,37000,2027-06-10,put,regular,50,0.3967,286,340.0
2026-08-28,38000,2027-06-10,put,regular,201,0.3888,286,375.0
2026-08-28,38500,2027-06-10,put,regular,140,0.3851,286,395.0
2026-08-28,39000,2027-06-10,put,regular,50,0.3823,286,420.0
2026-08-28,39500,2027-06-10,put,regular,101,0.3784,286,440.0
2026-08-28,40000,2027-06-10,put,regular,1050,0.3752,286,465.0
2026-08-28,41000,2027-06-10,put,regular,100,0.3683,286,515.0
2026-08-28,42000,2027-06-10,put,regular,400,0.3616,286,570.0
2026-08-28,42500,2027-06-10,put,regular,61,0.3584,286,600.0
2026-08-28,43000,2027-06-10,put,regular,35,0.3557,286,635.0
2026-08-28,44000,2027-06-10,put,regular,196,0.3497,286,705.0
2026-08-28,45000,2027-06-10,put,regular,1625,0.3436,286,780.0
2026-08-28,46000,2027-06-10,put,regular,773,0.3379,286,865.0
2026-08-28,46500,2027-06-10,put,regular,70,0.3351,286,910.0
2026-08-28,47000,2027-06-10,put,regular,201,0.3325,286,960.0
2026-08-28,47750,2027-06-10,put,regular,100,0.3288,286,1040.0
2026-08-28,48000,2027-06-10,put,regular,1404,0.3273,286,1065.0
2026-08-28,49000,2027-06-10,put,regular,300,0.3222,286,1180.0
2026-08-28,50000,2027-06-10,put,regular,2117,0.3176,286,1310.0
2026-08-28,50500,2027-06-10,put,regular,175,0.3153,286,1380.0
2026-08-28,51000,2027-06-10,put,regular,100,0.3129,286,1450.0
2026-08-28,51250,2027-06-10,put,regular,3,0.3119,286,1490.0
2026-08-28,52000,2027-06-10,put,regular,1030,0.3087,286,1610.0
2026-08-28,52250,2027-06-10,put,regular,88,0.3076,286,1650.0
2026-08-28,52500,2027-06-10,put,regular,57,0.3067,286,1695.0
2026-08-28,52750,2027-06-10,put,regular,750,0.3054,286,1735.0
2026-08-28,53000,2027-06-10,put,regular,720,0.3044,286,1780.0
2026-08-28,53500,2027-06-10,put,regular,1,0.3025,286,1875.0
2026-08-28,53750,2027-06-10,put,regular,35,0.3017,286,1925.0
2026-08-28,54000,2027-06-10,put,regular,1402,0.3004,286,1970.0
2026-08-28,55000,2027-06-10,put,regular,1450,0.2968,286,2180.0
2026-08-28,55500,2027-06-10,put,regular,255,0.2949,286,2290.0
2026-08-28,56000,2027-06-10,put,regular,810,0.2933,286,2410.0
2026-08-28,56500,2027-06-10,put,regular,40,0.2915,286,2530.0
2026-08-28,57000,2027-06-10,put,regular,775,0.29,286,2660.0
2026-08-28,57750,2027-06-10,put,regular,112,0.2875,286,2860.0
2026-08-28,58000,2027-06-10,put,regular,617,0.2868,286,2930.0
2026-08-28,58500,2027-06-10,put,regular,401,0.2853,286,3075.0
2026-08-28,59000,2027-06-10,put,regular,400,0.2838,286,3225.0
2026-08-28,59500,2027-06-10,put,regular,212,0.2823,286,3380.0
2026-08-28,60000,2027-06-10,put,regular,2085,0.281,286,3545.0
2026-08-28,61000,2027-06-10,put,regular,3,0.2782,286,3885.0
2026-08-28,62000,2027-06-10,put,regular,805,0.2757,286,4255.0
2026-08-28,63000,2027-06-10,put,regular,925,0.2735,286,4655.0
2026-08-28,64000,2027-06-10,put,regular,250,0.2712,286,5075.0
2026-08-28,64750,2027-06-10,put,regular,104,0.2696,286,5410.0
2026-08-28,65000,2027-06-10,put,regular,2038,0.2691,286,5525.0
2026-08-28,65500,2027-06-10,put,regular,26,0.2683,286,5765.0
2026-08-28,66000,2027-06-10,put,regular,100,0.2672,286,6005.0
2026-08-28,66750,2027-06-10,put,regular,150,0.266,286,6385.0
2026-08-28,67000,2027-06-10,put,regular,870,0.2654,286,6510.0
2026-08-28,67500,2027-06-10,put,regular,100,0.2646,286,6775.0
2026-08-28,68000,2027-06-10,put,regular,600,0.2638,286,7045.0
2026-08-28,68500,2027-06-10,put,regular,200,0.2632,286,7325.0
2026-08-28,69000,2027-06-10,put,regular,500,0.2622,286,7605.0
2026-08-28,70000,2027-06-10,put,regular,700,0.2609,286,8195.0
2026-08-28,72000,2027-06-10,put,regular,100,0.2585,286,9450.0
2026-08-28,77500,2027-06-10,put,regular,50,0.2538,286,13390.0
2026-08-28,67000,2027-07-08,put,regular,58,0.2655,314,6805.0
2026-08-28,31000,2027-09-09,put,regular,200,0.4218,377,287.0
2026-08-28,45000,2027-09-09,put,regular,100,0.3373,377,1180.0
2026-08-28,47000,2027-09-09,put,regular,200,0.3273,377,1415.0
2026-08-28,48000,2027-09-09,put,regular,100,0.3223,377,1545.0
2026-08-28,50000,2027-09-09,put,regular,125,0.3135,377,1850.0
2026-08-28,52000,2027-09-09,put,regular,3,0.3048,377,2200.0
2026-08-28,53000,2027-09-09,put,regular,300,0.3009,377,2400.0
2026-08-28,54250,2027-09-09,put,regular,200,0.296,377,2670.0
2026-08-28,55000,2027-09-09,put,regular,300,0.2932,377,2845.0
2026-08-28,58000,2027-09-09,put,regular,1,0.2828,377,3650.0
2026-08-28,60000,2027-09-09,put,regular,225,0.2765,377,4285.0
2026-08-28,62000,2027-09-09,put,regular,188,0.271,377,5015.0
2026-08-28,65000,2027-09-09,put,regular,300,0.2636,377,6285.0
2026-08-28,68250,2027-09-09,put,regular,200,0.2574,377,7925.0
2026-08-28,68750,2027-09-09,put,regular,91,0.2565,377,8200.0
2026-08-28,12500,2027-12-09,put,regular,11,0.5397,468,16.0
2026-08-28,13000,2027-12-09,put,regular,1,0.4402,468,2.0
2026-08-28,16000,2027-12-09,put,regular,350,0.4363,468,9.0
2026-08-28,19000,2027-12-09,put,regular,300,0.4336,468,29.0
2026-08-28,20000,2027-12-09,put,regular,400,0.4439,468,50.0
2026-08-28,21000,2027-12-09,put,regular,50,0.4327,468,56.0
2026-08-28,22000,2027-12-09,put,regular,408,0.4329,468,76.0
2026-08-28,22500,2027-12-09,put,regular,36,0.4324,468,87.0
2026-08-28,23000,2027-12-09,put,regular,132,0.4325,468,100.0
2026-08-28,23750,2027-12-09,put,regular,39,0.4325,468,122.0
2026-08-28,24000,2027-12-09,put,regular,1721,0.4324,468,130.0
2026-08-28,25000,2027-12-09,put,regular,1211,0.4323,468,166.0
2026-08-28,26000,2027-12-09,put,regular,200,0.4325,468,210.0
2026-08-28,26500,2027-12-09,put,regular,100,0.4323,468,234.0
2026-08-28,27000,2027-12-09,put,regular,1300,0.4322,468,260.0
2026-08-28,28000,2027-12-09,put,regular,2125,0.4251,468,292.0
2026-08-28,29000,2027-12-09,put,regular,350,0.4189,468,330.0
2026-08-28,29500,2027-12-09,put,regular,249,0.4147,468,345.0
2026-08-28,30000,2027-12-09,put,regular,2445,0.4115,468,365.0
2026-08-28,31000,2027-12-09,put,regular,1750,0.4046,468,405.0
2026-08-28,31500,2027-12-09,put,regular,204,0.402,468,430.0
2026-08-28,32000,2027-12-09,put,regular,1425,0.3982,468,450.0
2026-08-28,32250,2027-12-09,put,regular,30,0.3972,468,465.0
2026-08-28,32750,2027-12-09,put,regular,35,0.3942,468,490.0
2026-08-28,33000,2027-12-09,put,regular,450,0.3922,468,500.0
2026-08-28,34000,2027-12-09,put,regular,1794,0.3864,468,555.0
2026-08-28,34500,2027-12-09,put,regular,100,0.3829,468,580.0
2026-08-28,35000,2027-12-09,put,regular,1600,0.3801,468,610.0
2026-08-28,35500,2027-12-09,put,regular,40,0.3771,468,640.0
2026-08-28,36000,2027-12-09,put,regular,1130,0.374,468,670.0
2026-08-28,36500,2027-12-09,put,regular,300,0.3714,468,705.0
2026-08-28,37000,2027-12-09,put,regular,1150,0.3681,468,735.0
2026-08-28,38000,2027-12-09,put,regular,1175,0.3628,468,810.0
2026-08-28,39000,2027-12-09,put,regular,800,0.3576,468,890.0
2026-08-28,39500,2027-12-09,put,regular,50,0.3547,468,930.0
2026-08-28,40000,2027-12-09,put,regular,3150,0.3518,468,970.0
2026-08-28,40500,2027-12-09,put,regular,450,0.3492,468,1015.0
2026-08-28,42000,2027-12-09,put,regular,550,0.3416,468,1160.0
2026-08-28,43000,2027-12-09,put,regular,240,0.337,468,1270.0
2026-08-28,44000,2027-12-09,put,regular,100,0.3322,468,1385.0
2026-08-28,45000,2027-12-09,put,regular,1975,0.3276,468,1510.0
2026-08-28,46000,2027-12-09,put,regular,700,0.3232,468,1645.0
2026-08-28,47000,2027-12-09,put,regular,250,0.3188,468,1790.0
2026-08-28,47500,2027-12-09,put,regular,35,0.3166,468,1865.0
2026-08-28,48000,2027-12-09,put,regular,615,0.3146,468,1945.0
2026-08-28,49000,2027-12-09,put,regular,700,0.3106,468,2115.0
2026-08-28,50000,2027-12-09,put,regular,3170,0.3066,468,2295.0
2026-08-28,51000,2027-12-09,put,regular,350,0.3028,468,2490.0
2026-08-28,52000,2027-12-09,put,regular,635,0.299,468,2695.0
2026-08-28,53000,2027-12-09,put,regular,822,0.2955,468,2920.0
2026-08-28,54000,2027-12-09,put,regular,475,0.2921,468,3160.0
2026-08-28,54500,2027-12-09,put,regular,400,0.2904,468,3285.0
2026-08-28,55000,2027-12-09,put,regular,1300,0.2888,468,3415.0
2026-08-28,55500,2027-12-09,put,regular,75,0.2872,468,3550.0
2026-08-28,56000,2027-12-09,put,regular,270,0.2857,468,3690.0
2026-08-28,57000,2027-12-09,put,regular,220,0.2826,468,3980.0
2026-08-28,58000,2027-12-09,put,regular,1825,0.2796,468,4290.0
2026-08-28,58500,2027-12-09,put,regular,610,0.2783,468,4455.0
2026-08-28,59000,2027-12-09,put,regular,100,0.2769,468,4620.0
2026-08-28,60000,2027-12-09,put,regular,960,0.2742,468,4970.0
2026-08-28,62000,2027-12-09,put,regular,425,0.2693,468,5735.0
2026-08-28,62500,2027-12-09,put,regular,70,0.2682,468,5940.0
2026-08-28,63000,2027-12-09,put,regular,250,0.267,468,6150.0
2026-08-28,63500,2027-12-09,put,regular,50,0.2659,468,6365.0
2026-08-28,64000,2027-12-09,put,regular,130,0.2648,468,6585.0
2026-08-28,65000,2027-12-09,put,regular,1300,0.2628,468,7045.0
2026-08-28,66000,2027-12-09,put,regular,725,0.2608,468,7525.0
2026-08-28,67000,2027-12-09,put,regular,400,0.2589,468,8025.0
2026-08-28,68000,2027-12-09,put,regular,200,0.2571,468,8550.0
2026-08-28,69000,2027-12-09,put,regular,750,0.2556,468,9100.0
2026-08-28,70000,2027-12-09,put,regular,550,0.254,468,9670.0
2026-08-28,75000,2027-12-09,put,regular,175,0.2476,468,12835.0
2026-08-28,80000,2027-12-09,put,regular,400,0.2429,468,16475.0
2026-08-28,15000,2028-06-08,put,regular,3,0.4137,650,18.0
2026-08-28,25000,2028-06-08,put,regular,630,0.4117,650,325.0
2026-08-28,26000,2028-06-08,put,regular,250,0.4116,650,395.0
2026-08-28,27000,2028-06-08,put,regular,100,0.4115,650,475.0
2026-08-28,30000,2028-06-08,put,regular,300,0.3901,650,620.0
2026-08-28,32000,2028-06-08,put,regular,250,0.3775,650,740.0
2026-08-28,33000,2028-06-08,put,regular,100,0.3719,650,810.0
2026-08-28,35000,2028-06-08,put,regular,200,0.361,650,965.0
2026-08-28,40000,2028-06-08,put,regular,250,0.3371,650,1470.0
2026-08-28,41500,2028-06-08,put,regular,100,0.3306,650,1660.0
2026-08-28,45000,2028-06-08,put,regular,15,0.3162,650,2175.0
2026-08-28,48000,2028-06-08,put,regular,300,0.3044,650,2705.0
2026-08-28,50000,2028-06-08,put,regular,400,0.297,650,3115.0
2026-08-28,53000,2028-06-08,put,regular,50,0.2865,650,3820.0
2026-08-28,54000,2028-06-08,put,regular,100,0.2831,650,4080.0
2026-08-28,55000,2028-06-08,put,regular,50,0.28,650,4360.0
2026-08-28,58000,2028-06-08,put,regular,200,0.2707,650,5280.0
2026-08-28,60000,2028-06-08,put,regular,250,0.2652,650,5985.0
2026-08-28,12000,2028-12-07,put,regular,300,0.3964,832,10.0
2026-08-28,16000,2028-12-07,put,regular,1950,0.3927,832,50.0
2026-08-28,18000,2028-12-07,put,regular,100,0.3927,832,95.0
2026-08-28,20000,2028-12-07,put,regular,200,0.3923,832,163.0
2026-08-28,23000,2028-12-07,put,regular,100,0.3925,832,325.0
2026-08-28,23500,2028-12-07,put,regular,38,0.3915,832,355.0
2026-08-28,24000,2028-12-07,put,regular,1000,0.3921,832,395.0
2026-08-28,25000,2028-12-07,put,regular,1200,0.3918,832,475.0
2026-08-28,27000,2028-12-07,put,regular,120,0.3911,832,665.0
2026-08-28,27500,2028-12-07,put,regular,50,0.3885,832,700.0
2026-08-28,28000,2028-12-07,put,regular,1250,0.3851,832,730.0
2026-08-28,30000,2028-12-07,put,regular,350,0.3734,832,870.0
2026-08-28,31000,2028-12-07,put,regular,400,0.3676,832,945.0
2026-08-28,32000,2028-12-07,put,regular,850,0.3625,832,1030.0
2026-08-28,32250,2028-12-07,put,regular,51,0.361,832,1050.0
2026-08-28,33000,2028-12-07,put,regular,125,0.357,832,1115.0
2026-08-28,34000,2028-12-07,put,regular,775,0.352,832,1210.0
2026-08-28,34750,2028-12-07,put,regular,100,0.3484,832,1285.0
2026-08-28,35000,2028-12-07,put,regular,1305,0.3471,832,1310.0
2026-08-28,36000,2028-12-07,put,regular,2750,0.3422,832,1415.0
2026-08-28,37000,2028-12-07,put,regular,580,0.3377,832,1530.0
2026-08-28,38000,2028-12-07,put,regular,2860,0.3332,832,1650.0
2026-08-28,39000,2028-12-07,put,regular,50,0.329,832,1780.0
2026-08-28,40000,2028-12-07,put,regular,1210,0.3247,832,1915.0
2026-08-28,42000,2028-12-07,put,regular,350,0.3165,832,2210.0
2026-08-28,43000,2028-12-07,put,regular,100,0.3125,832,2370.0
2026-08-28,44500,2028-12-07,put,regular,75,0.3066,832,2625.0
2026-08-28,45000,2028-12-07,put,regular,670,0.3047,832,2715.0
2026-08-28,48000,2028-12-07,put,regular,600,0.2938,832,3310.0
2026-08-28,50000,2028-12-07,put,regular,2450,0.2871,832,3765.0
2026-08-28,51000,2028-12-07,put,regular,150,0.2839,832,4010.0
2026-08-28,53000,2028-12-07,put,regular,50,0.2776,832,4535.0
2026-08-28,55000,2028-12-07,put,regular,705,0.2716,832,5115.0
2026-08-28,56000,2028-12-07,put,regular,450,0.2689,832,5430.0
2026-08-28,57000,2028-12-07,put,regular,150,0.2661,832,5755.0
2026-08-28,60000,2028-12-07,put,regular,550,0.2584,832,6830.0
2026-08-28,63000,2028-12-07,put,regular,25,0.2516,832,8060.0
2026-08-28,65000,2028-12-07,put,regular,925,0.2474,832,8965.0
2026-08-28,68000,2028-12-07,put,regular,100,0.2418,832,10460.0
2026-08-28,69000,2028-12-07,put,regular,270,0.2402,832,10995.0
2026-08-28,70000,2028-12-07,put,regular,100,0.2386,832,11550.0
2026-08-28,75000,2028-12-07,put,regular,80,0.2319,832,14585.0
2026-08-28,15000,2029-06-07,put,regular,1,0.3784,1014,58.0
2026-08-28,15000,2029-12-13,put,regular,1,0.3567,1203,71.0
2026-08-28,23250,2029-12-13,put,regular,40,0.3547,1203,520.0
2026-08-28,32000,2029-12-13,put,regular,113,0.3354,1203,1510.0
2026-08-28,34250,2029-12-13,put,regular,6,0.3257,1203,1785.0
2026-08-28,44000,2029-12-13,put,regular,100,0.2875,1203,3350.0
2026-08-28,45000,2029-12-13,put,regular,50,0.2841,1203,3555.0
2026-08-28,50000,2029-12-13,put,regular,70,0.2678,1203,4715.0
2026-08-28,64000,2029-12-13,put,regular,100,0.2341,1203,9695.0
2026-08-28,65000,2029-12-13,put,regular,50,0.2323,1203,10165.0
2026-08-28,70000,2029-12-13,call,regular,100,0.2954,1203,12770.0
2026-08-28,19000,2030-06-13,call,regular,2,0.2,1385,266.0
2026-08-28,23500,2030-12-12,call,regular,100,0.2,1567,725.0
2026-08-28,31750,2030-12-12,call,regular,74,0.2,1567,1775.0
2026-08-28,34000,2030-12-12,call,regular,24,0.2,1567,2055.0
2026-08-28,44000,2030-12-12,call,regular,80,0.2,1567,3745.0
2026-08-28,49500,2030-12-12,call,regular,100,0.2,1567,5125.0
2026-08-28,50000,2030-12-12,call,regular,100,0.2,1567,5270.0
2026-08-28,64000,2030-12-12,call,regular,3,0.1752,1567,10770.0
2026-08-28,31500,2031-12-11,call,regular,52,0.2,1931,2215.0
2026-08-28,68000,2031-12-11,call,regular,100,0.2362,1931,13740.0
2026-08-28,31250,2032-12-09,call,regular,40,0.2,2295,2575.0
2026-08-28,30000,2026-09-10,call,regular,3750,0.2,13,36140.0
2026-08-28,37000,2026-09-10,call,regular,1,0.2,13,29145.0
2026-08-28,40000,2026-09-10,call,regular,5,0.2,13,26145.0
2026-08-28,42000,2026-09-10,call,regular,101,0.2,13,24150.0
2026-08-28,42500,2026-09-10,call,regular,10,0.2,13,23650.0
2026-08-28,43000,2026-09-10,call,regular,100,0.2,13,23150.0
2026-08-28,43500,2026-09-10,call,regular,57,0.2,13,22650.0
2026-08-28,45000,2026-09-10,call,regular,42,0.2,13,21155.0
2026-08-28,48000,2026-09-10,call,regular,400,0.2,13,18160.0
2026-08-28,48500,2026-09-10,call,regular,240,0.2,13,17660.0
2026-08-28,49000,2026-09-10,call,regular,200,0.2,13,17160.0
2026-08-28,50000,2026-09-10,call,regular,4650,0.2,13,16165.0
2026-08-28,50500,2026-09-10,call,regular,50,0.2,13,15665.0
2026-08-28,51000,2026-09-10,call,regular,141,0.2,13,15165.0
2026-08-28,51250,2026-09-10,call,regular,210,0.2,13,14920.0
2026-08-28,52000,2026-09-10,call,regular,350,0.2,13,14170.0
2026-08-28,53000,2026-09-10,call,regular,1100,0.2,13,13175.0
2026-08-28,53500,2026-09-10,call,regular,400,0.2,13,12680.0
2026-08-28,53750,2026-09-10,call,regular,150,0.2,13,12430.0
2026-08-28,54000,2026-09-10,call,regular,1056,0.2,13,12180.0
2026-08-28,54250,2026-09-10,call,regular,50,0.2,13,11935.0
2026-08-28,54500,2026-09-10,call,regular,200,0.2,13,11685.0
2026-08-28,54750,2026-09-10,call,regular,90,0.2,13,11440.0
2026-08-28,55000,2026-09-10,call,regular,660,0.2,13,11190.0
2026-08-28,56000,2026-09-10,call,regular,1250,0.2,13,10200.0
2026-08-28,56500,2026-09-10,call,regular,75,0.2,13,9705.0
2026-08-28,57000,2026-09-10,call,regular,850,0.2,13,9215.0
2026-08-28,57500,2026-09-10,call,regular,384,0.2,13,8720.0
2026-08-28,58000,2026-09-10,call,regular,1101,0.2,13,8235.0
2026-08-28,59000,2026-09-10,call,regular,1096,0.2,13,7260.0
2026-08-28,60000,2026-09-10,call,regular,786,0.2,13,6305.0
2026-08-28,60500,2026-09-10,call,regular,750,0.2,13,5835.0
2026-08-28,60750,2026-09-10,call,regular,120,0.2,13,5600.0
2026-08-28,61000,2026-09-10,call,regular,221,0.2,13,5370.0
2026-08-28,61250,2026-09-10,call,regular,22,0.2,13,5140.0
2026-08-28,61375,2026-09-10,call,regular,15150000,0.2,13,5025.0
2026-08-28,61500,2026-09-10,call,regular,2,0.1769,13,4915.0
2026-08-28,61875,2026-09-10,call,regular,2,0.2149,13,4575.0
2026-08-28,62000,2026-09-10,call,regular,2002,0.2227,13,4465.0
2026-08-28,62125,2026-09-10,call,regular,4385000,0.2283,13,4355.0
2026-08-28,62250,2026-09-10,call,regular,1,0.2325,13,4245.0
2026-08-28,62500,2026-09-10,call,regular,801,0.2403,13,4030.0
2026-08-28,63000,2026-09-10,call,regular,967,0.25,13,3610.0
2026-08-28,63250,2026-09-10,call,regular,1,0.2529,13,3405.0
2026-08-28,63500,2026-09-10,call,regular,4,0.2553,13,3205.0
2026-08-28,64000,2026-09-10,call,regular,1685,0.2587,13,2820.0
2026-08-28,64250,2026-09-10,call,regular,100,0.2584,13,2630.0
2026-08-28,64500,2026-09-10,call,regular,103,0.259,13,2450.0
2026-08-28,64750,2026-09-10,call,regular,1,0.2603,13,2280.0
2026-08-28,64875,2026-09-10,call,regular,1,0.2592,13,2190.0
2026-08-28,65000,2026-09-10,call,regular,5381,0.2611,13,2115.0
2026-08-28,65250,2026-09-10,call,regular,3,0.2602,13,1950.0
2026-08-28,65375,2026-09-10,call,regular,1,0.2587,13,1865.0
2026-08-28,65500,2026-09-10,call,regular,173,0.26,13,1795.0
2026-08-28,65750,2026-09-10,call,regular,2,0.2583,13,1640.0
2026-08-28,65875,2026-09-10,call,regular,1765000,0.2594,13,1575.0
2026-08-28,66000,2026-09-10,call,regular,1786,0.2591,13,1505.0
2026-08-28,66125,2026-09-10,call,regular,40,0.2564,13,1425.0
2026-08-28,66250,2026-09-10,call,regular,38,0.2603,13,1380.0
2026-08-28,66375,2026-09-10,call,regular,1,0.2609,13,1320.0
2026-08-28,66500,2026-09-10,call,regular,1948,0.257,13,1240.0
2026-08-28,66625,2026-09-10,call,regular,3,0.2598,13,1195.0
2026-08-28,66750,2026-09-10,call,regular,1210,0.2602,13,1140.0
2026-08-28,66875,2026-09-10,call,regular,1,0.2602,13,1085.0
2026-08-28,67000,2026-09-10,call,regular,2612,0.2579,13,1020.0
2026-08-28,67125,2026-09-10,call,regular,4,0.2602,13,980.0
2026-08-28,67250,2026-09-10,call,regular,5,0.257,13,915.0
2026-08-28,67375,2026-09-10,call,regular,29,0.2606,13,885.0
2026-08-28,67500,2026-09-10,call,regular,1600,0.2566,13,820.0
2026-08-28,67625,2026-09-10,call,regular,36,0.2596,13,790.0
2026-08-28,67750,2026-09-10,call,regular,480,0.258,13,740.0
2026-08-28,67875,2026-09-10,call,regular,36,0.2592,13,705.0
2026-08-28,68000,2026-09-10,call,regular,3018,0.2579,13,660.0
2026-08-28,68125,2026-09-10,call,regular,85,0.2595,13,630.0
2026-08-28,68250,2026-09-10,call,regular,20,0.2585,13,590.0
2026-08-28,68375,2026-09-10,call,regular,25,0.2595,13,560.0
2026-08-28,68500,2026-09-10,call,regular,185,0.2577,13,520.0
2026-08-28,68625,2026-09-10,call,regular,26,0.2592,13,495.0
2026-08-28,68750,2026-09-10,call,regular,315,0.2591,13,465.0
2026-08-28,68875,2026-09-10,call,regular,83,0.2587,13,435.0
2026-08-28,69000,2026-09-10,call,regular,1752,0.2592,13,410.0
2026-08-28,69125,2026-09-10,call,regular,104,0.258,13,380.0
2026-08-28,69250,2026-09-10,call,regular,111,0.2591,13,360.0
2026-08-28,69375,2026-09-10,call,regular,20,0.2585,13,335.0
2026-08-28,69500,2026-09-10,call,regular,740,0.2591,13,315.0
2026-08-28,69625,2026-09-10,call,regular,73,0.2599,13,297.0
2026-08-28,69750,2026-09-10,call,regular,1452,0.2601,13,278.0
2026-08-28,69875,2026-09-10,call,regular,45,0.2603,13,260.0
2026-08-28,70000,2026-09-10,call,regular,3809,0.2591,13,239.0
2026-08-28,70125,2026-09-10,call,regular,2,0.2596,13,224.0
2026-08-28,70250,2026-09-10,call,regular,633,0.2613,13,213.0
2026-08-28,70375,2026-09-10,call,regular,2,0.2616,13,199.0
2026-08-28,70500,2026-09-10,call,regular,339,0.2612,13,184.0
2026-08-28,70625,2026-09-10,call,regular,55,0.2633,13,176.0
2026-08-28,70750,2026-09-10,call,regular,35,0.2626,13,162.0
2026-08-28,70875,2026-09-10,call,regular,61,0.2634,13,152.0
2026-08-28,71000,2026-09-10,call,regular,1780,0.261,13,136.0
2026-08-28,71125,2026-09-10,call,regular,58,0.2641,13,132.0
2026-08-28,71250,2026-09-10,call,regular,65,0.2644,13,123.0
2026-08-28,71375,2026-09-10,call,regular,11,0.2645,13,114.0
2026-08-28,71500,2026-09-10,call,regular,555,0.2637,13,104.0
2026-08-28,71625,2026-09-10,call,regular,2,0.2661,13,100.0
2026-08-28,71750,2026-09-10,call,regular,20,0.2658,13,92.0
2026-08-28,71875,2026-09-10,call,regular,1,0.2665,13,86.0
2026-08-28,72000,2026-09-10,call,regular,2397,0.2655,13,78.0
2026-08-28,72125,2026-09-10,call,regular,78,0.2671,13,74.0
2026-08-28,72250,2026-09-10,call,regular,42,0.2677,13,69.0
2026-08-28,72375,2026-09-10,call,regular,10,0.2664,13,62.0
2026-08-28,72500,2026-09-10,call,regular,1797,0.2664,13,57.0
2026-08-28,72625,2026-09-10,call,regular,4,0.2697,13,56.0
2026-08-28,72750,2026-09-10,call,regular,202,0.2692,13,51.0
2026-08-28,72875,2026-09-10,call,regular,34,0.2694,13,47.0
2026-08-28,73000,2026-09-10,call,regular,1699,0.2703,13,44.0
2026-08-28,73125,2026-09-10,call,regular,5,0.2732,13,43.0
2026-08-28,73250,2026-09-10,call,regular,19,0.2749,13,41.0
2026-08-28,73375,2026-09-10,call,regular,2,0.2741,13,37.0
2026-08-28,73500,2026-09-10,call,regular,516,0.2741,13,34.0
2026-08-28,73625,2026-09-10,call,regular,5,0.2766,13,33.0
2026-08-28,73750,2026-09-10,call,regular,54,0.279,13,32.0
2026-08-28,73875,2026-09-10,call,regular,18,0.277,13,28.0
2026-08-28,74000,2026-09-10,call,regular,1360,0.2725,13,23.0
2026-08-28,74125,2026-09-10,call,regular,3,0.2795,13,25.0
2026-08-28,74250,2026-09-10,call,regular,4,0.2797,13,23.0
2026-08-28,74375,2026-09-10,call,regular,1,0.2796,13,21.0
2026-08-28,74500,2026-09-10,call,regular,153,0.2791,13,19.0
2026-08-28,74625,2026-09-10,call,regular,48,0.2826,13,19.0
2026-08-28,74750,2026-09-10,call,regular,73,0.2839,13,18.0
2026-08-28,75000,2026-09-10,call,regular,3615,0.2812,13,14.0
2026-08-28,75125,2026-09-10,call,regular,2,0.2871,13,15.0
2026-08-28,75250,2026-09-10,call,regular,42,0.2851,13,13.0
2026-08-28,75375,2026-09-10,call,regular,3,0.2884,13,13.0
2026-08-28,75500,2026-09-10,call,regular,202,0.2887,13,12.0
2026-08-28,76000,2026-09-10,call,regular,621,0.2913,13,9.0
2026-08-28,76500,2026-09-10,call,regular,88,0.2995,13,8.0
2026-08-28,77000,2026-09-10,call,regular,823,0.2961,13,5.0
2026-08-28,77500,2026-09-10,call,regular,978,0.3075,13,5.0
2026-08-28,78000,2026-09-10,call,regular,2461,0.3117,13,4.0
2026-08-28,78500,2026-09-10,call,regular,72,0.3228,13,4.0
2026-08-28,79000,2026-09-10,call,regular,288,0.3246,13,3.0
2026-08-28,79500,2026-09-10,call,regular,208,0.3351,13,3.0
2026-08-28,80000,2026-09-10,call,regular,1840,0.3456,13,3.0
2026-08-28,80500,2026-09-10,call,regular,27,0.3432,13,2.0
2026-08-28,81000,2026-09-10,call,regular,395,0.3531,13,2.0
2026-08-28,81500,2026-09-10,call,regular,58,0.363,13,2.0
2026-08-28,82000,2026-09-10,call,regular,366,0.3728,13,2.0
2026-08-28,82500,2026-09-10,call,regular,107,0.3825,13,2.0
2026-08-28,83000,2026-09-10,call,regular,530,0.3705,13,1.0
2026-08-28,83500,2026-09-10,call,regular,49,0.3797,13,1.0
2026-08-28,84000,2026-09-10,call,regular,1219,0.3887,13,1.0
2026-08-28,84500,2026-09-10,call,regular,52,0.3976,13,1.0
2026-08-28,85000,2026-09-10,call,regular,903,0.4065,13,1.0
2026-08-28,87500,2026-09-10,call,regular,345,0.4499,13,1.0
2026-08-28,90000,2026-09-10,call,regular,666,0.4917,13,1.0
2026-08-28,92000,2026-09-10,call,regular,56,0.5241,13,1.0
2026-08-28,94000,2026-09-10,call,regular,17,0.5557,13,1.0
2026-08-28,95000,2026-09-10,call,regular,43,0.5711,13,1.0
2026-08-28,96000,2026-09-10,call,regular,20,0.5864,13,1.0
2026-08-28,98000,2026-09-10,call,regular,15,0.6163,13,1.0
2026-08-28,100000,2026-09-10,call,regular,89,0.6454,13,1.0
2026-08-28,35000,2026-10-08,call,regular,24,0.2,41,30855.0
2026-08-28,45000,2026-10-08,call,regular,2,0.2,41,20910.0
2026-08-28,47500,2026-10-08,call,regular,34,0.2,41,18435.0
2026-08-28,53000,2026-10-08,call,regular,34,0.2,41,13040.0
2026-08-28,55000,2026-10-08,call,regular,4,0.2,41,11115.0
2026-08-28,57000,2026-10-08,call,regular,1,0.2,41,9235.0
2026-08-28,60000,2026-10-08,call,regular,1,0.2084,41,6555.0
2026-08-28,60500,2026-10-08,call,regular,100,0.2184,41,6135.0
2026-08-28,61000,2026-10-08,call,regular,201,0.2253,41,5725.0
2026-08-28,62000,2026-10-08,call,regular,49,0.2316,41,4925.0
2026-08-28,63000,2026-10-08,call,regular,4,0.2353,41,4180.0
2026-08-28,63875,2026-10-08,call,regular,50,0.2383,41,3585.0
2026-08-28,64000,2026-10-08,call,regular,31,0.2381,41,3500.0
2026-08-28,65000,2026-10-08,call,regular,145,0.2384,41,2875.0
2026-08-28,65250,2026-10-08,call,regular,1,0.2384,41,2730.0
2026-08-28,65500,2026-10-08,call,regular,181,0.2379,41,2585.0
2026-08-28,65750,2026-10-08,call,regular,51,0.2397,41,2465.0
2026-08-28,65875,2026-10-08,call,regular,1,0.241,41,2410.0
2026-08-28,66000,2026-10-08,call,regular,454,0.241,41,2345.0
2026-08-28,66125,2026-10-08,call,regular,2265000,0.2408,41,2280.0
2026-08-28,66250,2026-10-08,call,regular,4,0.24,41,2210.0
2026-08-28,66375,2026-10-08,call,regular,1,0.2413,41,2160.0
2026-08-28,66500,2026-10-08,call,regular,1,0.2396,41,2085.0
2026-08-28,66750,2026-10-08,call,regular,1970000,0.2399,41,1970.0
2026-08-28,66875,2026-10-08,call,regular,12,0.2418,41,1930.0
2026-08-28,67000,2026-10-08,call,regular,506,0.2418,41,1875.0
2026-08-28,67250,2026-10-08,call,regular,1845000,0.2399,41,1750.0
2026-08-28,67500,2026-10-08,call,regular,133,0.2403,41,1650.0
2026-08-28,67750,2026-10-08,call,regular,1,0.2396,41,1545.0
2026-08-28,68000,2026-10-08,call,regular,597,0.2383,41,1440.0
2026-08-28,68125,2026-10-08,call,regular,18,0.2431,41,1435.0
2026-08-28,68250,2026-10-08,call,regular,2,0.2389,41,1355.0
2026-08-28,68375,2026-10-08,call,regular,3,0.2435,41,1350.0
2026-08-28,68500,2026-10-08,call,regular,204,0.2402,41,1280.0
2026-08-28,69000,2026-10-08,call,regular,2230,0.242,41,1135.0
2026-08-28,69500,2026-10-08,call,regular,6,0.2419,41,990.0
2026-08-28,69750,2026-10-08,call,regular,2,0.2422,41,925.0
2026-08-28,69875,2026-10-08,call,regular,88,0.2444,41,910.0
2026-08-28,70000,2026-10-08,call,regular,973,0.2433,41,870.0
2026-08-28,70250,2026-10-08,call,regular,2,0.2432,41,810.0
2026-08-28,70500,2026-10-08,call,regular,100,0.2427,41,750.0
2026-08-28,70750,2026-10-08,call,regular,2,0.2432,41,700.0
2026-08-28,71000,2026-10-08,call,regular,130,0.244,41,655.0
2026-08-28,71500,2026-10-08,call,regular,256,0.2443,41,565.0
2026-08-28,71750,2026-10-08,call,regular,5530000,0.2447,41,525.0
2026-08-28,72000,2026-10-08,call,regular,810,0.2454,41,490.0
2026-08-28,72250,2026-10-08,call,regular,86,0.2458,41,455.0
2026-08-28,72500,2026-10-08,call,regular,122,0.2467,41,425.0
2026-08-28,72750,2026-10-08,call,regular,10,0.2462,41,390.0
2026-08-28,73000,2026-10-08,call,regular,1399,0.2463,41,360.0
2026-08-28,73250,2026-10-08,call,regular,1,0.2471,41,335.0
2026-08-28,73500,2026-10-08,call,regular,6,0.2474,41,310.0
2026-08-28,73750,2026-10-08,call,regular,1,0.2491,41,292.0
2026-08-28,74000,2026-10-08,call,regular,473,0.2487,41,267.0
2026-08-28,74250,2026-10-08,call,regular,8,0.2494,41,248.0
2026-08-28,74500,2026-10-08,call,regular,58,0.2506,41,232.0
2026-08-28,74750,2026-10-08,call,regular,1,0.2503,41,212.0
2026-08-28,75000,2026-10-08,call,regular,1379,0.2496,41,192.0
2026-08-28,75250,2026-10-08,call,regular,3,0.2509,41,180.0
2026-08-28,75500,2026-10-08,call,regular,4,0.2514,41,166.0
2026-08-28,75750,2026-10-08,call,regular,664000,0.2518,41,153.0
2026-08-28,76000,2026-10-08,call,regular,589,0.2526,41,142.0
2026-08-28,76500,2026-10-08,call,regular,3,0.2545,41,123.0
2026-08-28,77000,2026-10-08,call,regular,1119,0.2547,41,103.0
2026-08-28,77500,2026-10-08,call,regular,102,0.2571,41,90.0
2026-08-28,78000,2026-10-08,call,regular,621,0.2584,41,77.0
2026-08-28,78500,2026-10-08,call,regular,6,0.2592,41,65.0
2026-08-28,79000,2026-10-08,call,regular,36,0.2609,41,56.0
2026-08-28,79500,2026-10-08,call,regular,4,0.2624,41,48.0
2026-08-28,80000,2026-10-08,call,regular,1790,0.2628,41,40.0
2026-08-28,80500,2026-10-08,call,regular,2,0.2651,41,35.0
2026-08-28,81000,2026-10-08,call,regular,467,0.2666,41,30.0
2026-08-28,81500,2026-10-08,call,regular,2,0.2698,41,27.0
2026-08-28,82000,2026-10-08,call,regular,61,0.2724,41,24.0
2026-08-28,82500,2026-10-08,call,regular,1,0.2761,41,22.0
2026-08-28,83000,2026-10-08,call,regular,26,0.2758,41,18.0
2026-08-28,83500,2026-10-08,call,regular,9,0.274,41,14.0
2026-08-28,84000,2026-10-08,call,regular,17,0.2779,41,13.0
2026-08-28,85000,2026-10-08,call,regular,148,0.2848,41,11.0
2026-08-28,87500,2026-10-08,call,regular,115,0.2953,41,6.0
2026-08-28,90000,2026-10-08,call,regular,99,0.3024,41,3.0
2026-08-28,92500,2026-10-08,call,regular,1,0.3268,41,3.0
2026-08-28,95000,2026-10-08,call,regular,14,0.339,41,2.0
2026-08-28,97500,2026-10-08,call,regular,11,0.3612,41,2.0
2026-08-28,100000,2026-10-08,call,regular,297,0.3634,41,1.0
2026-08-28,44500,2026-11-12,call,regular,1,0.2,76,21500.0
2026-08-28,50250,2026-11-12,call,regular,35,0.2,76,15925.0
2026-08-28,56000,2026-11-12,call,regular,34,0.2328,76,10565.0
2026-08-28,57500,2026-11-12,call,regular,100,0.2434,76,9230.0
2026-08-28,58000,2026-11-12,call,regular,1,0.2512,76,8830.0
2026-08-28,60500,2026-11-12,call,regular,100,0.255,76,6800.0
2026-08-28,61000,2026-11-12,call,regular,200,0.2562,76,6430.0
2026-08-28,64000,2026-11-12,call,regular,125,0.2536,76,4370.0
2026-08-28,65000,2026-11-12,call,regular,13,0.2525,76,3780.0
2026-08-28,65500,2026-11-12,call,regular,101,0.252,76,3505.0
2026-08-28,65750,2026-11-12,call,regular,1,0.252,76,3375.0
2026-08-28,65875,2026-11-12,call,regular,50,0.2519,76,3310.0
2026-08-28,66000,2026-11-12,call,regular,496,0.2521,76,3250.0
2026-08-28,67000,2026-11-12,call,regular,1126,0.2511,76,2765.0
2026-08-28,67500,2026-11-12,call,regular,301,0.2508,76,2545.0
2026-08-28,68000,2026-11-12,call,regular,130,0.2508,76,2340.0
2026-08-28,68375,2026-11-12,call,regular,16,0.2512,76,2200.0
2026-08-28,68500,2026-11-12,call,regular,1,0.2514,76,2155.0
2026-08-28,69000,2026-11-12,call,regular,1188,0.2497,76,1955.0
2026-08-28,69500,2026-11-12,call,regular,4,0.2499,76,1790.0
2026-08-28,70000,2026-11-12,call,regular,1012,0.2492,76,1625.0
2026-08-28,70500,2026-11-12,call,regular,1,0.2511,76,1500.0
2026-08-28,71000,2026-11-12,call,regular,300,0.2502,76,1355.0
2026-08-28,71500,2026-11-12,call,regular,278,0.2507,76,1235.0
2026-08-28,72000,2026-11-12,call,regular,195,0.2503,76,1115.0
2026-08-28,72500,2026-11-12,call,regular,602,0.251,76,1015.0
2026-08-28,74000,2026-11-12,call,regular,100,0.2513,76,745.0
2026-08-28,74500,2026-11-12,call,regular,116,0.252,76,675.0
2026-08-28,75000,2026-11-12,call,regular,837,0.2512,76,600.0
2026-08-28,75500,2026-11-12,call,regular,76,0.2517,76,540.0
2026-08-28,76500,2026-11-12,call,regular,278,0.254,76,445.0
2026-08-28,77000,2026-11-12,call,regular,120,0.2528,76,390.0
2026-08-28,78000,2026-11-12,call,regular,2,0.2531,76,310.0
2026-08-28,79000,2026-11-12,call,regular,6,0.2548,76,251.0
2026-08-28,80000,2026-11-12,call,regular,91,0.257,76,205.0
2026-08-28,82500,2026-11-12,call,regular,1,0.2581,76,112.0
2026-08-28,85000,2026-11-12,call,regular,1,0.2643,76,68.0
2026-08-28,87500,2026-11-12,call,regular,1,0.2899,76,68.0
2026-08-28,90000,2026-11-12,call,regular,7,0.2767,76,26.0
2026-08-28,92500,2026-11-12,call,regular,1,0.2953,76,24.0
2026-08-28,95000,2026-11-12,call,regular,6,0.3126,76,22.0
2026-08-28,100000,2026-11-12,call,regular,7,0.3414,76,17.0
2026-08-28,12500,2026-12-10,call,regular,84,0.2,104,53250.0
2026-08-28,20000,2026-12-10,call,regular,150,0.2,104,45790.0
2026-08-28,22000,2026-12-10,call,regular,100,0.2,104,43800.0
2026-08-28,25000,2026-12-10,call,regular,300,0.2,104,40820.0
2026-08-28,26000,2026-12-10,call,regular,350,0.2,104,39825.0
2026-08-28,27000,2026-12-10,call,regular,250,0.2,104,38835.0
2026-08-28,28000,2026-12-10,call,regular,75,0.2,104,37845.0
2026-08-28,28500,2026-12-10,call,regular,125,0.2,104,37350.0
2026-08-28,29000,2026-12-10,call,regular,150,0.2,104,36855.0
2026-08-28,30000,2026-12-10,call,regular,100,0.2,104,35865.0
2026-08-28,30500,2026-12-10,call,regular,50,0.2,104,35370.0
2026-08-28,31000,2026-12-10,call,regular,241,0.2,104,34875.0
2026-08-28,31500,2026-12-10,call,regular,50,0.2,104,34380.0
2026-08-28,32000,2026-12-10,call,regular,700,0.2,104,33885.0
2026-08-28,32500,2026-12-10,call,regular,250,0.2,104,33390.0
2026-08-28,33000,2026-12-10,call,regular,1950,0.2,104,32900.0
2026-08-28,34000,2026-12-10,call,regular,280,0.2,104,31930.0
2026-08-28,34500,2026-12-10,call,regular,400,0.2,104,31435.0
2026-08-28,35000,2026-12-10,call,regular,435,0.2,104,30940.0
2026-08-28,36000,2026-12-10,call,regular,975,0.2,104,29955.0
2026-08-28,36500,2026-12-10,call,regular,252,0.2,104,29465.0
2026-08-28,37000,2026-12-10,call,regular,450,0.2,104,28975.0
2026-08-28,37500,2026-12-10,call,regular,88,0.2,104,28480.0
2026-08-28,37750,2026-12-10,call,regular,100,0.2,104,28235.0
2026-08-28,38000,2026-12-10,call,regular,1225,0.2,104,27990.0
2026-08-28,38500,2026-12-10,call,regular,700,0.2,104,27500.0
2026-08-28,38750,2026-12-10,call,regular,50,0.2,104,27250.0
2026-08-28,39000,2026-12-10,call,regular,750,0.2,104,27005.0
2026-08-28,39500,2026-12-10,call,regular,500,0.2,104,26515.0
2026-08-28,40000,2026-12-10,call,regular,1200,0.2,104,26025.0
2026-08-28,40500,2026-12-10,call,regular,400,0.2,104,25535.0
2026-08-28,41000,2026-12-10,call,regular,1300,0.2,104,25045.0
2026-08-28,41500,2026-12-10,call,regular,100,0.2,104,24555.0
2026-08-28,42000,2026-12-10,call,regular,1071,0.2,104,24065.0
2026-08-28,42500,2026-12-10,call,regular,250,0.2,104,23580.0
2026-08-28,43000,2026-12-10,call,regular,1400,0.2,104,23090.0
2026-08-28,43750,2026-12-10,call,regular,131,0.2,104,22360.0
2026-08-28,44000,2026-12-10,call,regular,600,0.2,104,22120.0
2026-08-28,45000,2026-12-10,call,regular,1842,0.2,104,21145.0
2026-08-28,45250,2026-12-10,call,regular,413,0.2,104,20905.0
2026-08-28,45500,2026-12-10,call,regular,200,0.2,104,20665.0
2026-08-28,46000,2026-12-10,call,regular,2300,0.2,104,20180.0
2026-08-28,46250,2026-12-10,call,regular,315,0.2,104,19940.0
2026-08-28,47000,2026-12-10,call,regular,350,0.2,104,19215.0
2026-08-28,47500,2026-12-10,call,regular,200,0.2,104,18735.0
2026-08-28,48000,2026-12-10,call,regular,750,0.2,104,18255.0
2026-08-28,49000,2026-12-10,call,regular,1000,0.2,104,17305.0
2026-08-28,49500,2026-12-10,call,regular,260,0.2,104,16825.0
2026-08-28,50000,2026-12-10,call,regular,3342,0.2,104,16355.0
2026-08-28,50250,2026-12-10,call,regular,58,0.2,104,16120.0
2026-08-28,50500,2026-12-10,call,regular,600,0.2,104,15885.0
2026-08-28,50750,2026-12-10,call,regular,45,0.2,104,15650.0
2026-08-28,51000,2026-12-10,call,regular,731,0.2,104,15415.0
2026-08-28,52000,2026-12-10,call,regular,802,0.2318,104,14485.0
2026-08-28,52250,2026-12-10,call,regular,250,0.2381,104,14255.0
2026-08-28,52500,2026-12-10,call,regular,50,0.2407,104,14020.0
2026-08-28,53000,2026-12-10,call,regular,1135,0.2492,104,13565.0
2026-08-28,53500,2026-12-10,call,regular,106,0.2541,104,13110.0
2026-08-28,54000,2026-12-10,call,regular,1941,0.2581,104,12660.0
2026-08-28,54500,2026-12-10,call,regular,540,0.2602,104,12210.0
2026-08-28,55000,2026-12-10,call,regular,1829,0.2647,104,11780.0
2026-08-28,55500,2026-12-10,call,regular,300,0.2656,104,11340.0
2026-08-28,56000,2026-12-10,call,regular,791,0.2662,104,10905.0
2026-08-28,56500,2026-12-10,call,regular,283,0.2672,104,10480.0
2026-08-28,57000,2026-12-10,call,regular,500,0.2671,104,10055.0
2026-08-28,57250,2026-12-10,call,regular,113,0.2671,104,9845.0
2026-08-28,57500,2026-12-10,call,regular,80,0.2668,104,9635.0
2026-08-28,58000,2026-12-10,call,regular,2603,0.2661,104,9220.0
2026-08-28,58500,2026-12-10,call,regular,350,0.2657,104,8815.0
2026-08-28,59000,2026-12-10,call,regular,1900,0.265,104,8415.0
2026-08-28,59500,2026-12-10,call,regular,100,0.2649,104,8030.0
2026-08-28,60000,2026-12-10,call,regular,7264,0.264,104,7645.0
2026-08-28,60500,2026-12-10,call,regular,102,0.2637,104,7275.0
2026-08-28,61000,2026-12-10,call,regular,813,0.2625,104,6905.0
2026-08-28,62000,2026-12-10,call,regular,1450,0.2612,104,6205.0
2026-08-28,62500,2026-12-10,call,regular,828,0.2601,104,5865.0
2026-08-28,63000,2026-12-10,call,regular,1615,0.2591,104,5535.0
2026-08-28,63500,2026-12-10,call,regular,300,0.2584,104,5220.0
2026-08-28,64000,2026-12-10,call,regular,1990,0.2573,104,4910.0
2026-08-28,65000,2026-12-10,call,regular,2992,0.256,104,4335.0
2026-08-28,65500,2026-12-10,call,regular,584,0.2551,104,4060.0
2026-08-28,66000,2026-12-10,call,regular,977,0.2545,104,3800.0
2026-08-28,66250,2026-12-10,call,regular,15,0.2546,104,3680.0
2026-08-28,66500,2026-12-10,call,regular,600,0.2541,104,3555.0
2026-08-28,67000,2026-12-10,call,regular,1128,0.2537,104,3320.0
2026-08-28,67250,2026-12-10,call,regular,25,0.2534,104,3205.0
2026-08-28,67500,2026-12-10,call,regular,25,0.2529,104,3090.0
2026-08-28,68000,2026-12-10,call,regular,3443,0.252,104,2870.0
2026-08-28,68500,2026-12-10,call,regular,390,0.2518,104,2670.0
2026-08-28,69000,2026-12-10,call,regular,1494,0.2512,104,2475.0
2026-08-28,69250,2026-12-10,call,regular,50,0.2508,104,2380.0
2026-08-28,69750,2026-12-10,call,regular,158,0.2505,104,2205.0
2026-08-28,70000,2026-12-10,call,regular,5392,0.251,104,2130.0
2026-08-28,71000,2026-12-10,call,regular,1312,0.2506,104,1820.0
2026-08-28,72000,2026-12-10,call,regular,1285,0.2517,104,1565.0
2026-08-28,72250,2026-12-10,call,regular,2,0.2515,104,1500.0
2026-08-28,72500,2026-12-10,call,regular,2312,0.2515,104,1440.0
2026-08-28,73000,2026-12-10,call,regular,800,0.2514,104,1325.0
2026-08-28,73500,2026-12-10,call,regular,400,0.2511,104,1215.0
2026-08-28,74000,2026-12-10,call,regular,1050,0.2514,104,1120.0
2026-08-28,75000,2026-12-10,call,regular,3682,0.2518,104,945.0
2026-08-28,75500,2026-12-10,call,regular,1,0.2518,104,865.0
2026-08-28,76000,2026-12-10,call,regular,438,0.2522,104,795.0
2026-08-28,77000,2026-12-10,call,regular,459,0.2519,104,660.0
2026-08-28,77500,2026-12-10,call,regular,1055,0.2523,104,605.0
2026-08-28,78000,2026-12-10,call,regular,384,0.2542,104,565.0
2026-08-28,79000,2026-12-10,call,regular,204,0.2523,104,455.0
2026-08-28,80000,2026-12-10,call,regular,7399,0.2532,104,380.0
2026-08-28,81000,2026-12-10,call,regular,1,0.2547,104,320.0
2026-08-28,82500,2026-12-10,call,regular,1126,0.2552,104,239.0
2026-08-28,83000,2026-12-10,call,regular,120,0.256,104,219.0
2026-08-28,84000,2026-12-10,call,regular,522,0.2562,104,179.0
2026-08-28,85000,2026-12-10,call,regular,705,0.2574,104,149.0
2026-08-28,87500,2026-12-10,call,regular,2457,0.2599,104,93.0
2026-08-28,90000,2026-12-10,call,regular,1776,0.2725,104,75.0
2026-08-28,95000,2026-12-10,call,regular,1072,0.2792,104,32.0
2026-08-28,100000,2026-12-10,call,regular,502,0.2879,104,15.0
2026-08-28,54250,2027-01-07,call,regular,27,0.2783,132,12725.0
2026-08-28,61000,2027-01-07,call,regular,26,0.2656,132,7330.0
2026-08-28,63750,2027-01-07,call,regular,50,0.2598,132,5530.0
2026-08-28,64000,2027-01-07,call,regular,100,0.2593,132,5380.0
2026-08-28,64250,2027-01-07,call,regular,21260000,0.2583,132,5225.0
2026-08-28,67250,2027-01-07,call,regular,55300000,0.2518,132,3635.0
2026-08-28,67500,2027-01-07,call,regular,5,0.2513,132,3520.0
2026-08-28,67750,2027-01-07,call,regular,1,0.2508,132,3405.0
2026-08-28,68500,2027-01-07,call,regular,5,0.25,132,3090.0
2026-08-28,69000,2027-01-07,call,regular,1,0.2494,132,2890.0
2026-08-28,69500,2027-01-07,call,regular,2,0.2488,132,2700.0
2026-08-28,70000,2027-01-07,call,regular,2,0.2483,132,2520.0
2026-08-28,70250,2027-01-07,call,regular,1,0.2482,132,2435.0
2026-08-28,70500,2027-01-07,call,regular,2,0.2489,132,2365.0
2026-08-28,71000,2027-01-07,call,regular,1,0.2485,132,2205.0
2026-08-28,71500,2027-01-07,call,regular,50,0.2479,132,2050.0
2026-08-28,72000,2027-01-07,call,regular,2,0.2485,132,1920.0
2026-08-28,73000,2027-01-07,call,regular,1,0.2481,132,1660.0
2026-08-28,74000,2027-01-07,call,regular,1,0.2478,132,1430.0
2026-08-28,75000,2027-01-07,call,regular,1,0.2478,132,1230.0
2026-08-28,80000,2027-01-07,call,regular,1,0.2476,132,550.0
2026-08-28,100000,2027-01-07,call,regular,3,0.2769,132,31.0
2026-08-28,56000,2027-02-10,call,regular,8,0.2879,166,11660.0
2026-08-28,56750,2027-02-10,call,regular,60,0.2858,166,11055.0
2026-08-28,64000,2027-02-10,call,regular,60,0.2624,166,5915.0
2026-08-28,66000,2027-02-10,call,regular,8,0.2583,166,4815.0
2026-08-28,66250,2027-02-10,call,regular,50,0.2566,166,4665.0
2026-08-28,67250,2027-02-10,call,regular,12,0.2546,166,4175.0
2026-08-28,72500,2027-02-10,call,regular,75,0.2519,166,2275.0
2026-08-28,75000,2027-02-10,call,regular,100,0.2526,166,1680.0
2026-08-28,52000,2027-03-11,call,regular,560,0.2873,195,15170.0
2026-08-28,52750,2027-03-11,call,regular,8,0.2857,195,14520.0
2026-08-28,53000,2027-03-11,call,regular,275,0.2852,195,14305.0
2026-08-28,53500,2027-03-11,call,regular,202,0.2842,195,13880.0
2026-08-28,53750,2027-03-11,call,regular,44,0.2833,195,13665.0
2026-08-28,54000,2027-03-11,call,regular,267,0.2828,195,13455.0
2026-08-28,55000,2027-03-11,call,regular,550,0.2804,195,12625.0
2026-08-28,56000,2027-03-11,call,regular,50,0.2781,195,11815.0
2026-08-28,56500,2027-03-11,call,regular,1,0.277,195,11420.0
2026-08-28,57000,2027-03-11,call,regular,365,0.2755,195,11025.0
2026-08-28,58000,2027-03-11,call,regular,150,0.2732,195,10260.0
2026-08-28,59500,2027-03-11,call,regular,200,0.2696,195,9160.0
2026-08-28,59750,2027-03-11,call,regular,2,0.2692,195,8985.0
2026-08-28,60000,2027-03-11,call,regular,12,0.2687,195,8810.0
2026-08-28,60250,2027-03-11,call,regular,44,0.2681,195,8635.0
2026-08-28,61000,2027-03-11,call,regular,160,0.2664,195,8125.0
2026-08-28,61750,2027-03-11,call,regular,1,0.2648,195,7630.0
2026-08-28,62500,2027-03-11,call,regular,508,0.2633,195,7155.0
2026-08-28,63000,2027-03-11,call,regular,392,0.2624,195,6850.0
2026-08-28,64000,2027-03-11,call,regular,100,0.2606,195,6260.0
2026-08-28,64250,2027-03-11,call,regular,100,0.26,195,6115.0
2026-08-28,65000,2027-03-11,call,regular,801,0.2587,195,5700.0
2026-08-28,66000,2027-03-11,call,regular,772,0.2572,195,5180.0
2026-08-28,66250,2027-03-11,call,regular,15,0.2569,195,5055.0
2026-08-28,66500,2027-03-11,call,regular,6,0.2564,195,4930.0
2026-08-28,67000,2027-03-11,call,regular,200,0.2557,195,4690.0
2026-08-28,68000,2027-03-11,call,regular,300,0.2544,195,4235.0
2026-08-28,69000,2027-03-11,call,regular,350,0.2532,195,3815.0
2026-08-28,69250,2027-03-11,call,regular,10,0.253,195,3715.0
2026-08-28,70000,2027-03-11,call,regular,666,0.2521,195,3425.0
2026-08-28,70500,2027-03-11,call,regular,150,0.2515,195,3240.0
2026-08-28,71000,2027-03-11,call,regular,100,0.251,195,3065.0
2026-08-28,72000,2027-03-11,call,regular,650,0.2502,195,2740.0
2026-08-28,72500,2027-03-11,call,regular,85,0.25,195,2590.0
2026-08-28,73000,2027-03-11,call,regular,400,0.2497,195,2445.0
2026-08-28,73500,2027-03-11,call,regular,1,0.2492,195,2305.0
2026-08-28,74000,2027-03-11,call,regular,3,0.249,195,2175.0
2026-08-28,75000,2027-03-11,call,regular,655,0.2485,195,1930.0
2026-08-28,77500,2027-03-11,call,regular,400,0.2478,195,1425.0
2026-08-28,80000,2027-03-11,call,regular,288,0.2474,195,1040.0
2026-08-28,82500,2027-03-11,call,regular,737,0.2481,195,760.0
2026-08-28,85000,2027-03-11,call,regular,330,0.2486,195,550.0
2026-08-28,90000,2027-03-11,call,regular,350,0.2524,195,297.0
2026-08-28,95000,2027-03-11,call,regular,500,0.2599,195,174.0
2026-08-28,100000,2027-03-11,call,regular,78,0.2728,195,120.0
2026-08-28,57000,2027-04-08,call,regular,25,0.2606,223,11070.0
2026-08-28,57750,2027-04-08,call,regular,88,0.2598,223,10510.0
2026-08-28,65000,2027-04-08,call,regular,88,0.2502,223,5870.0
2026-08-28,67000,2027-04-08,call,regular,25,0.2479,223,4875.0
2026-08-28,60250,2027-05-13,call,regular,8,0.2613,258,9175.0
2026-08-28,61250,2027-05-13,call,regular,23,0.2596,258,8525.0
2026-08-28,71000,2027-05-13,call,regular,23,0.2474,258,3700.0
2026-08-28,72000,2027-05-13,call,regular,8,0.2469,258,3365.0
2026-08-28,16250,2027-06-10,call,regular,114,0.2,286,49275.0
2026-08-28,30000,2027-06-10,call,regular,300,0.2,286,35830.0
2026-08-28,33000,2027-06-10,call,regular,50,0.2,286,32930.0
2026-08-28,36000,2027-06-10,call,regular,150,0.2,286,30050.0
2026-08-28,37000,2027-06-10,call,regular,50,0.2,286,29095.0
2026-08-28,37250,2027-06-10,call,regular,480,0.2,286,28860.0
2026-08-28,38500,2027-06-10,call,regular,140,0.2,286,27670.0
2026-08-28,39000,2027-06-10,call,regular,50,0.2,286,27200.0
2026-08-28,44500,2027-06-10,call,regular,300,0.2442,286,22085.0
2026-08-28,50000,2027-06-10,call,regular,300,0.2692,286,17220.0
2026-08-28,50500,2027-06-10,call,regular,175,0.2694,286,16795.0
2026-08-28,53000,2027-06-10,call,regular,100,0.2688,286,14730.0
2026-08-28,54000,2027-06-10,call,regular,1050,0.2677,286,13930.0
2026-08-28,55000,2027-06-10,call,regular,300,0.2666,286,13150.0
2026-08-28,56000,2027-06-10,call,regular,175,0.2654,286,12390.0
2026-08-28,57000,2027-06-10,call,regular,50,0.2641,286,11650.0
2026-08-28,58500,2027-06-10,call,regular,58,0.2621,286,10585.0
2026-08-28,60000,2027-06-10,call,regular,750,0.2599,286,9570.0
2026-08-28,62500,2027-06-10,call,regular,150,0.2565,286,8010.0
2026-08-28,63000,2027-06-10,call,regular,100,0.2557,286,7715.0
2026-08-28,64000,2027-06-10,call,regular,350,0.2543,286,7150.0
2026-08-28,65000,2027-06-10,call,regular,500,0.2531,286,6615.0
2026-08-28,65500,2027-06-10,call,regular,62,0.2524,286,6355.0
2026-08-28,66000,2027-06-10,call,regular,50,0.2519,286,6105.0
2026-08-28,66500,2027-06-10,call,regular,125,0.2512,286,5860.0
2026-08-28,67000,2027-06-10,call,regular,470,0.2508,286,5625.0
2026-08-28,67500,2027-06-10,call,regular,400,0.25,286,5390.0
2026-08-28,68000,2027-06-10,call,regular,400,0.2496,286,5170.0
2026-08-28,68250,2027-06-10,call,regular,15,0.2493,286,5060.0
2026-08-28,68500,2027-06-10,call,regular,200,0.2489,286,4950.0
2026-08-28,69000,2027-06-10,call,regular,1,0.2484,286,4740.0
2026-08-28,69250,2027-06-10,call,regular,36,0.2483,286,4640.0
2026-08-28,70000,2027-06-10,call,regular,550,0.2474,286,4340.0
2026-08-28,71000,2027-06-10,call,regular,100,0.2464,286,3965.0
2026-08-28,72000,2027-06-10,call,regular,400,0.2457,286,3620.0
2026-08-28,74000,2027-06-10,call,regular,850,0.244,286,2995.0
2026-08-28,75000,2027-06-10,call,regular,475,0.2434,286,2720.0
2026-08-28,77500,2027-06-10,call,regular,536,0.2418,286,2120.0
2026-08-28,80000,2027-06-10,call,regular,715,0.241,286,1645.0
2026-08-28,85000,2027-06-10,call,regular,1300,0.2407,286,980.0
2026-08-28,90000,2027-06-10,call,regular,400,0.2436,286,600.0
2026-08-28,65750,2027-07-08,call,regular,20,0.2527,314,6525.0
2026-08-28,66750,2027-07-08,call,regular,32,0.2514,314,6035.0
2026-08-28,75000,2027-07-08,call,regular,32,0.2458,314,3025.0
2026-08-28,77000,2027-07-08,call,regular,20,0.246,314,2545.0
2026-08-28,68000,2027-08-12,call,regular,22,0.2514,349,5835.0
2026-08-28,69000,2027-08-12,call,regular,53,0.2504,349,5405.0
2026-08-28,78000,2027-08-12,call,regular,75,0.2477,349,2650.0
2026-08-28,65000,2027-09-09,call,regular,1,0.2582,377,7615.0
2026-08-28,77500,2027-09-09,call,regular,2,0.2481,377,2995.0
2026-08-28,28000,2027-12-09,call,regular,50,0.2,468,37830.0
2026-08-28,30000,2027-12-09,call,regular,225,0.2,468,35945.0
2026-08-28,31500,2027-12-09,call,regular,50,0.2,468,34535.0
2026-08-28,32000,2027-12-09,call,regular,100,0.2,468,34065.0
2026-08-28,33000,2027-12-09,call,regular,100,0.2,468,33135.0
2026-08-28,34000,2027-12-09,call,regular,375,0.2,468,32205.0
2026-08-28,35000,2027-12-09,call,regular,201,0.2,468,31280.0
2026-08-28,36000,2027-12-09,call,regular,80,0.2,468,30360.0
2026-08-28,36750,2027-12-09,call,regular,442,0.2,468,29675.0
2026-08-28,37000,2027-12-09,call,regular,200,0.2,468,29445.0
2026-08-28,38000,2027-12-09,call,regular,575,0.2354,468,28540.0
2026-08-28,39000,2027-12-09,call,regular,125,0.254,468,27635.0
2026-08-28,39250,2027-12-09,call,regular,50,0.2571,468,27410.0
2026-08-28,39500,2027-12-09,call,regular,50,0.2597,468,27185.0
2026-08-28,40000,2027-12-09,call,regular,350,0.2648,468,26740.0
2026-08-28,40500,2027-12-09,call,regular,450,0.2686,468,26295.0
2026-08-28,41000,2027-12-09,call,regular,375,0.2713,468,25850.0
2026-08-28,42000,2027-12-09,call,regular,200,0.2758,468,24970.0
2026-08-28,43000,2027-12-09,call,regular,400,0.2783,468,24095.0
2026-08-28,43500,2027-12-09,call,regular,150,0.2791,468,23660.0
2026-08-28,45000,2027-12-09,call,regular,1950,0.2804,468,22370.0
2026-08-28,46000,2027-12-09,call,regular,500,0.2807,468,21525.0
2026-08-28,48000,2027-12-09,call,regular,225,0.2798,468,19865.0
2026-08-28,49000,2027-12-09,call,regular,700,0.2787,468,19050.0
2026-08-28,50000,2027-12-09,call,regular,1950,0.2775,468,18250.0
2026-08-28,51000,2027-12-09,call,regular,300,0.2763,468,17465.0
2026-08-28,52500,2027-12-09,call,regular,100,0.2742,468,16315.0
2026-08-28,54000,2027-12-09,call,regular,300,0.2718,468,15195.0
2026-08-28,54500,2027-12-09,call,regular,100,0.2709,468,14830.0
2026-08-28,55000,2027-12-09,call,regular,704,0.2701,468,14470.0
2026-08-28,57000,2027-12-09,call,regular,250,0.2668,468,13075.0
2026-08-28,58000,2027-12-09,call,regular,500,0.2651,468,12405.0
2026-08-28,60000,2027-12-09,call,regular,1225,0.2617,468,11120.0
2026-08-28,61000,2027-12-09,call,regular,200,0.2601,468,10510.0
2026-08-28,62000,2027-12-09,call,regular,200,0.2587,468,9925.0
2026-08-28,62500,2027-12-09,call,regular,70,0.258,468,9640.0
2026-08-28,63000,2027-12-09,call,regular,300,0.2572,468,9355.0
2026-08-28,63500,2027-12-09,call,regular,50,0.2565,468,9080.0
2026-08-28,64000,2027-12-09,call,regular,780,0.2557,468,8810.0
2026-08-28,65000,2027-12-09,call,regular,550,0.2545,468,8290.0
2026-08-28,66000,2027-12-09,call,regular,475,0.2532,468,7790.0
2026-08-28,67000,2027-12-09,call,regular,100,0.252,468,7310.0
2026-08-28,68000,2027-12-09,call,regular,200,0.2509,468,6855.0
2026-08-28,69000,2027-12-09,call,regular,850,0.2498,468,6420.0
2026-08-28,70000,2027-12-09,call,regular,850,0.2489,468,6010.0
2026-08-28,72000,2027-12-09,call,regular,400,0.2473,468,5255.0
2026-08-28,72500,2027-12-09,call,regular,100,0.2469,468,5080.0
2026-08-28,73500,2027-12-09,call,regular,100,0.2462,468,4740.0
2026-08-28,75000,2027-12-09,call,regular,177,0.2454,468,4275.0
2026-08-28,77500,2027-12-09,call,regular,500,0.2445,468,3590.0
2026-08-28,80000,2027-12-09,call,regular,1000,0.244,468,3010.0
2026-08-28,85000,2027-12-09,call,regular,100,0.2441,468,2115.0
2026-08-28,87500,2027-12-09,call,regular,100,0.2448,468,1780.0
2026-08-28,41500,2028-06-08,call,regular,100,0.2846,650,25990.0
2026-08-28,28000,2028-12-07,call,regular,50,0.2,832,38205.0
2026-08-28,30000,2028-12-07,call,regular,80,0.2,832,36410.0
2026-08-28,31000,2028-12-07,call,regular,200,0.2144,832,35520.0
2026-08-28,32000,2028-12-07,call,regular,75,0.2467,832,34635.0
2026-08-28,33000,2028-12-07,call,regular,125,0.2623,832,33760.0
2026-08-28,34500,2028-12-07,call,regular,330,0.2748,832,32455.0
2026-08-28,34750,2028-12-07,call,regular,100,0.2758,832,32235.0
2026-08-28,35500,2028-12-07,call,regular,443,0.2795,832,31590.0
2026-08-28,36000,2028-12-07,call,regular,450,0.2812,832,31160.0
2026-08-28,36500,2028-12-07,call,regular,52,0.2829,832,30735.0
2026-08-28,38000,2028-12-07,call,regular,120,0.2855,832,29460.0
2026-08-28,39000,2028-12-07,call,regular,575,0.2864,832,28620.0
2026-08-28,40000,2028-12-07,call,regular,30,0.2868,832,27790.0
2026-08-28,41000,2028-12-07,call,regular,375,0.287,832,26970.0
2026-08-28,42000,2028-12-07,call,regular,65,0.2865,832,26155.0
2026-08-28,42500,2028-12-07,call,regular,100,0.2861,832,25750.0
2026-08-28,50000,2028-12-07,call,regular,400,0.2759,832,19980.0
2026-08-28,53000,2028-12-07,call,regular,50,0.2706,832,17850.0
2026-08-28,55000,2028-12-07,call,regular,50,0.2671,832,16500.0
2026-08-28,56000,2028-12-07,call,regular,650,0.2653,832,15845.0
2026-08-28,60000,2028-12-07,call,regular,250,0.2587,832,13385.0
2026-08-28,65000,2028-12-07,call,regular,25,0.2517,832,10685.0
2026-08-28,67500,2028-12-07,call,regular,100,0.2489,832,9505.0
2026-08-28,75000,2028-12-07,call,regular,80,0.244,832,6640.0
2026-08-28,80000,2028-12-07,call,regular,200,0.2436,832,5250.0
2026-08-28,50000,2029-12-13,call,regular,100,0.2723,1203,21440.0
2026-08-28,60000,2029-12-13,call,regular,375,0.2559,1203,15180.0
2026-08-28,65000,2029-12-13,call,regular,50,0.2503,1203,12615.0
2026-08-28,57000,2030-12-12,call,regular,300,0.2595,1567,18415.0
2026-08-28,64000,2030-12-12,call,regular,3,0.2554,1567,14955.0
2026-08-28,61000,2026-09-02,put,mini,41,0.3999,5,41.0
2026-08-28,62625,2026-09-02,put,mini,123,0.3779,5,123.0
2026-08-28,65500,2026-09-02,put,mini,2,0.3242,5,610.0
2026-08-28,65750,2026-09-02,put,mini,2,0.3254,5,710.0
2026-08-28,68250,2026-09-02,put,mini,2,0.3757,5,2325.0
2026-08-28,58875,2026-09-04,put,mini,172,0.4135,7,23.0
2026-08-28,59000,2026-09-04,put,mini,144,0.4239,7,30.0
2026-08-28,59125,2026-09-04,put,mini,1,0.4297,7,36.0
2026-08-28,59375,2026-09-04,put,mini,2,0.4202,7,38.0
2026-08-28,59500,2026-09-04,put,mini,21,0.4099,7,36.0
2026-08-28,59875,2026-09-04,put,mini,7,0.4019,7,43.0
2026-08-28,60000,2026-09-04,put,mini,105,0.3952,7,43.0
2026-08-28,60250,2026-09-04,put,mini,53,0.3962,7,53.0
2026-08-28,60375,2026-09-04,put,mini,2,0.3906,7,54.0
2026-08-28,60500,2026-09-04,put,mini,25,0.3876,7,57.0
2026-08-28,60750,2026-09-04,put,mini,61,0.3784,7,61.0
2026-08-28,60875,2026-09-04,put,mini,4,0.3724,7,62.0
2026-08-28,61000,2026-09-04,put,mini,65,0.3721,7,68.0
2026-08-28,61250,2026-09-04,put,mini,80,0.3699,7,80.0
2026-08-28,61375,2026-09-04,put,mini,1,0.3673,7,85.0
2026-08-28,61500,2026-09-04,put,mini,34,0.3616,7,87.0
2026-08-28,61625,2026-09-04,put,mini,3,0.3629,7,97.0
2026-08-28,61750,2026-09-04,put,mini,8,0.3552,7,97.0
2026-08-28,61875,2026-09-04,put,mini,2,0.3483,7,98.0
2026-08-28,62000,2026-09-04,put,mini,95,0.3339,7,90.0
2026-08-28,62125,2026-09-04,put,mini,2,0.3444,7,113.0
2026-08-28,62250,2026-09-04,put,mini,2,0.3479,7,129.0
2026-08-28,62500,2026-09-04,put,mini,80,0.3177,7,109.0
2026-08-28,62750,2026-09-04,put,mini,1,0.3432,7,175.0
2026-08-28,62875,2026-09-04,put,mini,1,0.3373,7,180.0
2026-08-28,63000,2026-09-04,put,mini,109,0.3202,7,165.0
2026-08-28,63125,2026-09-04,put,mini,20,0.3374,7,214.0
2026-08-28,63250,2026-09-04,put,mini,50,0.3342,7,226.0
2026-08-28,63500,2026-09-04,put,mini,218,0.3362,7,271.0
2026-08-28,63625,2026-09-04,put,mini,11,0.3304,7,280.0
2026-08-28,63750,2026-09-04,put,mini,104,0.3311,7,305.0
2026-08-28,63875,2026-09-04,put,mini,11,0.3272,7,320.0
2026-08-28,64000,2026-09-04,put,mini,375,0.3249,7,340.0
2026-08-28,64125,2026-09-04,put,mini,4,0.324,7,365.0
2026-08-28,64250,2026-09-04,put,mini,101,0.3226,7,390.0
2026-08-28,64500,2026-09-04,put,mini,144,0.3182,7,440.0
2026-08-28,64750,2026-09-04,put,mini,90,0.3137,7,495.0
2026-08-28,65000,2026-09-04,put,mini,77,0.3273,7,615.0
2026-08-28,65250,2026-09-04,put,mini,7,0.3287,7,705.0
2026-08-28,65375,2026-09-04,put,mini,26,0.3255,7,740.0
2026-08-28,65500,2026-09-04,put,mini,17,0.3262,7,790.0
2026-08-28,65625,2026-09-04,put,mini,3,0.332,7,860.0
2026-08-28,65750,2026-09-04,put,mini,23,0.3273,7,895.0
2026-08-28,66000,2026-09-04,put,mini,47,0.326,7,1000.0
2026-08-28,66250,2026-09-04,put,mini,24,0.3238,7,1110.0
2026-08-28,66375,2026-09-04,put,mini,1,0.3233,7,1170.0
2026-08-28,66500,2026-09-04,put,mini,10,0.3221,7,1230.0
2026-08-28,66625,2026-09-04,put,mini,2,0.3218,7,1295.0
2026-08-28,66750,2026-09-04,put,mini,4,0.3332,7,1405.0
2026-08-28,67000,2026-09-04,put,mini,6,0.3256,7,1520.0
2026-08-28,67250,2026-09-04,put,mini,6,0.3282,7,1680.0
2026-08-28,67500,2026-09-04,put,mini,2,0.3316,7,1850.0
2026-08-28,67750,2026-09-04,put,mini,4,0.3403,7,2045.0
2026-08-28,68250,2026-09-04,put,mini,2,0.3497,7,2425.0
2026-08-28,68750,2026-09-04,put,mini,4,0.3623,7,2835.0
2026-08-28,58375,2026-09-11,put,mini,144,0.3938,14,94.0
2026-08-28,58500,2026-09-11,put,mini,526,0.3925,14,99.0
2026-08-28,58750,2026-09-11,put,mini,37,0.3857,14,104.0
2026-08-28,59000,2026-09-11,put,mini,374,0.3829,14,115.0
2026-08-28,59250,2026-09-11,put,mini,6,0.376,14,121.0
2026-08-28,59375,2026-09-11,put,mini,1,0.3732,14,125.0
2026-08-28,59500,2026-09-11,put,mini,124,0.3727,14,133.0
2026-08-28,59750,2026-09-11,put,mini,4,0.367,14,142.0
2026-08-28,59875,2026-09-11,put,mini,4,0.3648,14,148.0
2026-08-28,60000,2026-09-11,put,mini,869,0.3648,14,158.0
2026-08-28,60250,2026-09-11,put,mini,3,0.3591,14,169.0
2026-08-28,60375,2026-09-11,put,mini,4,0.3558,14,174.0
2026-08-28,60500,2026-09-11,put,mini,123,0.355,14,184.0
2026-08-28,60625,2026-09-11,put,mini,191,0.3524,14,191.0
2026-08-28,60750,2026-09-11,put,mini,4,0.3497,14,198.0
2026-08-28,60875,2026-09-11,put,mini,209,0.3488,14,209.0
2026-08-28,61000,2026-09-11,put,mini,295,0.3475,14,220.0
2026-08-28,61125,2026-09-11,put,mini,1,0.3448,14,228.0
2026-08-28,61250,2026-09-11,put,mini,41,0.3432,14,239.0
2026-08-28,61375,2026-09-11,put,mini,2,0.3414,14,250.0
2026-08-28,61500,2026-09-11,put,mini,136,0.3402,14,263.0
2026-08-28,61625,2026-09-11,put,mini,274,0.3379,14,274.0
2026-08-28,61750,2026-09-11,put,mini,17,0.3367,14,288.0
2026-08-28,61875,2026-09-11,put,mini,1,0.3362,14,305.0
2026-08-28,62000,2026-09-11,put,mini,457,0.3348,14,320.0
2026-08-28,62125,2026-09-11,put,mini,330,0.3315,14,330.0
2026-08-28,62250,2026-09-11,put,mini,5,0.3297,14,345.0
2026-08-28,62500,2026-09-11,put,mini,459,0.3286,14,385.0
2026-08-28,62625,2026-09-11,put,mini,8,0.3262,14,400.0
2026-08-28,62750,2026-09-11,put,mini,68,0.325,14,420.0
2026-08-28,63000,2026-09-11,put,mini,700,0.3219,14,460.0
2026-08-28,63125,2026-09-11,put,mini,485,0.3214,14,485.0
2026-08-28,63250,2026-09-11,put,mini,56,0.3192,14,505.0
2026-08-28,63500,2026-09-11,put,mini,83,0.3181,14,560.0
2026-08-28,63625,2026-09-11,put,mini,1,0.3153,14,580.0
2026-08-28,63750,2026-09-11,put,mini,56,0.3147,14,610.0
2026-08-28,63875,2026-09-11,put,mini,1,0.3127,14,635.0
2026-08-28,64000,2026-09-11,put,mini,285,0.3139,14,675.0
2026-08-28,64125,2026-09-11,put,mini,20,0.3113,14,700.0
2026-08-28,64250,2026-09-11,put,mini,213,0.3096,14,730.0
2026-08-28,64375,2026-09-11,put,mini,1,0.3088,14,765.0
2026-08-28,64500,2026-09-11,put,mini,215,0.3099,14,810.0
2026-08-28,64625,2026-09-11,put,mini,835,0.3063,14,835.0
2026-08-28,64750,2026-09-11,put,mini,31,0.3068,14,880.0
2026-08-28,64875,2026-09-11,put,mini,1,0.3049,14,915.0
2026-08-28,65000,2026-09-11,put,mini,469,0.3058,14,965.0
2026-08-28,65125,2026-09-11,put,mini,1,0.3022,14,995.0
2026-08-28,65250,2026-09-11,put,mini,12,0.3036,14,1050.0
2026-08-28,65375,2026-09-11,put,mini,6,0.3025,14,1095.0
2026-08-28,65500,2026-09-11,put,mini,133,0.3032,14,1150.0
2026-08-28,65625,2026-09-11,put,mini,1,0.2996,14,1185.0
2026-08-28,65750,2026-09-11,put,mini,34,0.2996,14,1240.0
2026-08-28,65875,2026-09-11,put,mini,1,0.3003,14,1300.0
2026-08-28,66000,2026-09-11,put,mini,167,0.3017,14,1365.0
2026-08-28,66125,2026-09-11,put,mini,1,0.2969,14,1400.0
2026-08-28,66250,2026-09-11,put,mini,38,0.3006,14,1480.0
2026-08-28,66375,2026-09-11,put,mini,3,0.303,14,1555.0
2026-08-28,66500,2026-09-11,put,mini,45,0.3002,14,1605.0
2026-08-28,66750,2026-09-11,put,mini,9,0.3005,14,1740.0
2026-08-28,66875,2026-09-11,put,mini,1,0.3007,14,1810.0
2026-08-28,67000,2026-09-11,put,mini,108,0.3005,14,1880.0
2026-08-28,67125,2026-09-11,put,mini,1955,0.3011,14,1955.0
2026-08-28,67250,2026-09-11,put,mini,3,0.3013,14,2030.0
2026-08-28,67500,2026-09-11,put,mini,39,0.3019,14,2185.0
2026-08-28,67750,2026-09-11,put,mini,4,0.3033,14,2350.0
2026-08-28,67875,2026-09-11,put,mini,2435,0.3041,14,2435.0
2026-08-28,68000,2026-09-11,put,mini,59,0.3046,14,2520.0
2026-08-28,68250,2026-09-11,put,mini,235,0.3059,14,2695.0
2026-08-28,68375,2026-09-11,put,mini,14,0.3077,14,2790.0
2026-08-28,68500,2026-09-11,put,mini,175,0.3082,14,2880.0
2026-08-28,68625,2026-09-11,put,mini,1,0.3095,14,2975.0
2026-08-28,68750,2026-09-11,put,mini,1461,0.3106,14,3070.0
2026-08-28,68875,2026-09-11,put,mini,3170,0.3126,14,3170.0
2026-08-28,69000,2026-09-11,put,mini,804,0.3132,14,3265.0
2026-08-28,69125,2026-09-11,put,mini,3365,0.3147,14,3365.0
2026-08-28,69250,2026-09-11,put,mini,20,0.3171,14,3470.0
2026-08-28,69500,2026-09-11,put,mini,19,0.319,14,3670.0
2026-08-28,69625,2026-09-11,put,mini,3780,0.3222,14,3780.0
2026-08-28,69750,2026-09-11,put,mini,12,0.3239,14,3885.0
2026-08-28,69875,2026-09-11,put,mini,1,0.3253,14,3990.0
2026-08-28,70000,2026-09-11,put,mini,19,0.328,14,4100.0
2026-08-28,70250,2026-09-11,put,mini,45,0.3327,14,4320.0
2026-08-28,70500,2026-09-11,put,mini,65,0.3368,14,4540.0
2026-08-28,71000,2026-09-11,put,mini,7,0.3476,14,4995.0
2026-08-28,71250,2026-09-11,put,mini,5,0.353,14,5225.0
2026-08-28,71500,2026-09-11,put,mini,9,0.3596,14,5460.0
2026-08-28,71750,2026-09-11,put,mini,746,0.3658,14,5695.0
2026-08-28,72000,2026-09-11,put,mini,10,0.3716,14,5930.0
2026-08-28,72250,2026-09-11,put,mini,50,0.3788,14,6170.0
2026-08-28,72375,2026-09-11,put,mini,6285,0.3805,14,6285.0
2026-08-28,72500,2026-09-11,put,mini,20,0.3858,14,6410.0
2026-08-28,72750,2026-09-11,put,mini,32,0.3925,14,6650.0
2026-08-28,73000,2026-09-11,put,mini,77,0.4008,14,6895.0
2026-08-28,73250,2026-09-11,put,mini,245,0.4089,14,7140.0
2026-08-28,73500,2026-09-11,put,mini,98,0.4169,14,7385.0
2026-08-28,73750,2026-09-11,put,mini,3,0.4248,14,7630.0
2026-08-28,74000,2026-09-11,put,mini,34,0.4324,14,7875.0
2026-08-28,74250,2026-09-11,put,mini,1,0.4399,14,8120.0
2026-08-28,75000,2026-09-11,put,mini,67,0.466,14,8865.0
2026-08-28,75250,2026-09-11,put,mini,12,0.473,14,9110.0
2026-08-28,65750,2026-09-18,put,mini,4,0.292,21,1535.0
2026-08-28,66000,2026-09-18,put,mini,4,0.2917,21,1650.0
2026-08-28,66250,2026-09-18,put,mini,6,0.2921,21,1775.0
2026-08-28,66500,2026-09-18,put,mini,6,0.2908,21,1895.0
2026-08-28,67000,2026-09-18,put,mini,6,0.2898,21,2160.0
2026-08-28,68250,2026-09-18,put,mini,6,0.2915,21,2940.0
2026-08-28,68750,2026-09-18,put,mini,3,0.2938,21,3295.0
2026-08-28,69250,2026-09-18,put,mini,6,0.2967,21,3670.0
2026-08-28,66250,2026-09-25,put,mini,4,0.2872,28,2025.0
2026-08-28,66500,2026-09-25,put,mini,6,0.2861,28,2145.0
2026-08-28,58375,2026-10-09,put,mini,24,0.3423,42,485.0
2026-08-28,58500,2026-10-09,put,mini,38,0.3405,42,495.0
2026-08-28,58750,2026-10-09,put,mini,5,0.3377,42,520.0
2026-08-28,59000,2026-10-09,put,mini,32,0.3367,42,555.0
2026-08-28,59125,2026-10-09,put,mini,565,0.3345,42,565.0
2026-08-28,59375,2026-10-09,put,mini,2,0.333,42,600.0
2026-08-28,59500,2026-10-09,put,mini,16,0.3317,42,615.0
2026-08-28,59750,2026-10-09,put,mini,4,0.3297,42,650.0
2026-08-28,59875,2026-10-09,put,mini,1,0.3281,42,665.0
2026-08-28,60000,2026-10-09,put,mini,40,0.3274,42,685.0
2026-08-28,60500,2026-10-09,put,mini,2,0.3236,42,765.0
2026-08-28,60625,2026-10-09,put,mini,785,0.3224,42,785.0
2026-08-28,60750,2026-10-09,put,mini,1,0.322,42,810.0
2026-08-28,61000,2026-10-09,put,mini,14,0.3209,42,860.0
2026-08-28,61125,2026-10-09,put,mini,4,0.3186,42,875.0
2026-08-28,61250,2026-10-09,put,mini,3,0.3186,42,905.0
2026-08-28,61375,2026-10-09,put,mini,935,0.3185,42,935.0
2026-08-28,61500,2026-10-09,put,mini,1,0.3167,42,955.0
2026-08-28,61750,2026-10-09,put,mini,3,0.3153,42,1010.0
2026-08-28,62000,2026-10-09,put,mini,36,0.3134,42,1065.0
2026-08-28,62125,2026-10-09,put,mini,1095,0.3127,42,1095.0
2026-08-28,62250,2026-10-09,put,mini,3,0.312,42,1125.0
2026-08-28,62375,2026-10-09,put,mini,1,0.3124,42,1165.0
2026-08-28,62500,2026-10-09,put,mini,9,0.3108,42,1190.0
2026-08-28,62750,2026-10-09,put,mini,1024,0.3092,42,1255.0
2026-08-28,63000,2026-10-09,put,mini,39,0.3099,42,1340.0
2026-08-28,63250,2026-10-09,put,mini,6,0.3082,42,1410.0
2026-08-28,63500,2026-10-09,put,mini,6,0.3067,42,1485.0
2026-08-28,63625,2026-10-09,put,mini,2,0.3043,42,1510.0
2026-08-28,63750,2026-10-09,put,mini,219,0.3055,42,1565.0
2026-08-28,63875,2026-10-09,put,mini,1,0.303,42,1590.0
2026-08-28,64000,2026-10-09,put,mini,97,0.3045,42,1650.0
2026-08-28,64125,2026-10-09,put,mini,1,0.3042,42,1695.0
2026-08-28,64250,2026-10-09,put,mini,180,0.302,42,1725.0
2026-08-28,64375,2026-10-09,put,mini,1780,0.3026,42,1780.0
2026-08-28,64500,2026-10-09,put,mini,115,0.3014,42,1820.0
2026-08-28,64625,2026-10-09,put,mini,1,0.3018,42,1875.0
2026-08-28,64750,2026-10-09,put,mini,86,0.3009,42,1920.0
2026-08-28,64875,2026-10-09,put,mini,1,0.3006,42,1970.0
2026-08-28,65000,2026-10-09,put,mini,30,0.303,42,2045.0
2026-08-28,65125,2026-10-09,put,mini,2080,0.3007,42,2080.0
2026-08-28,65250,2026-10-09,put,mini,37,0.3,42,2130.0
2026-08-28,65375,2026-10-09,put,mini,1,0.2998,42,2185.0
2026-08-28,65500,2026-10-09,put,mini,19,0.2995,42,2240.0
2026-08-28,65625,2026-10-09,put,mini,2300,0.2996,42,2300.0
2026-08-28,65750,2026-10-09,put,mini,5,0.2991,42,2355.0
2026-08-28,65875,2026-10-09,put,mini,2425,0.3002,42,2425.0
2026-08-28,66000,2026-10-09,put,mini,96,0.3005,42,2490.0
2026-08-28,66250,2026-10-09,put,mini,23,0.3005,42,2615.0
2026-08-28,66500,2026-10-09,put,mini,27,0.3005,42,2745.0
2026-08-28,66625,2026-10-09,put,mini,2810,0.3004,42,2810.0
2026-08-28,66750,2026-10-09,put,mini,6,0.3007,42,2880.0
2026-08-28,67000,2026-10-09,put,mini,46,0.2994,42,3005.0
2026-08-28,67125,2026-10-09,put,mini,1,0.3005,42,3085.0
2026-08-28,67250,2026-10-09,put,mini,59,0.3005,42,3155.0
2026-08-28,67500,2026-10-09,put,mini,115,0.3006,42,3300.0
2026-08-28,68000,2026-10-09,put,mini,6,0.3013,42,3605.0
2026-08-28,68250,2026-10-09,put,mini,493,0.3025,42,3770.0
2026-08-28,68500,2026-10-09,put,mini,307,0.3033,42,3935.0
2026-08-28,68750,2026-10-09,put,mini,2572,0.3043,42,4105.0
2026-08-28,69000,2026-10-09,put,mini,1214,0.305,42,4275.0
2026-08-28,69250,2026-10-09,put,mini,31,0.3065,42,4455.0
2026-08-28,69500,2026-10-09,put,mini,25,0.3077,42,4635.0
2026-08-28,69750,2026-10-09,put,mini,6,0.3091,42,4820.0
2026-08-28,70000,2026-10-09,put,mini,2,0.3102,42,5005.0
2026-08-28,70500,2026-10-09,put,mini,1,0.3139,42,5395.0
2026-08-28,71000,2026-10-09,put,mini,3,0.3178,42,5795.0
2026-08-28,71250,2026-10-09,put,mini,3,0.3193,42,5995.0
2026-08-28,71500,2026-10-09,put,mini,6205,0.3219,42,6205.0
2026-08-28,71750,2026-10-09,call,mini,1062,0.949,42,6415.0
2026-08-28,62375,2026-11-13,call,mini,3,0.2,77,1900.0
2026-08-28,62500,2026-11-13,call,mini,1,0.2,77,1945.0
2026-08-28,63000,2026-11-13,call,mini,4,0.2,77,2110.0
2026-08-28,64000,2026-11-13,call,mini,2465,0.0537,77,2465.0
2026-08-28,64375,2026-11-13,call,mini,1,0.1136,77,2620.0
2026-08-28,64500,2026-11-13,call,mini,1,0.127,77,2670.0
2026-08-28,64750,2026-11-13,call,mini,1,0.1511,77,2770.0
2026-08-28,65250,2026-11-13,call,mini,4,0.1953,77,2985.0
2026-08-28,65375,2026-11-13,call,mini,1,0.2058,77,3040.0
2026-08-28,65500,2026-11-13,call,mini,1,0.2165,77,3100.0
2026-08-28,66000,2026-11-13,call,mini,4,0.2579,77,3340.0
2026-08-28,66500,2026-11-13,call,mini,12,0.2984,77,3590.0
2026-08-28,70000,2026-11-13,call,mini,5705,0.5907,77,5705.0
2026-08-28,71000,2026-11-13,call,mini,1,0.6803,77,6430.0
2026-08-28,65500,2026-09-02,call,mini,2,0.2295,5,1250.0
2026-08-28,65750,2026-09-02,call,mini,2,0.2351,5,1100.0
2026-08-28,68250,2026-09-02,call,mini,2,0.263,5,212.0
2026-08-28,64750,2026-09-04,call,mini,2,0.2203,7,1885.0
2026-08-28,65000,2026-09-04,call,mini,6,0.2387,7,1745.0
2026-08-28,65250,2026-09-04,call,mini,4,0.2479,7,1595.0
2026-08-28,65500,2026-09-04,call,mini,6,0.2426,7,1410.0
2026-08-28,65625,2026-09-04,call,mini,2,0.2558,7,1375.0
2026-08-28,65750,2026-09-04,call,mini,6,0.252,7,1285.0
2026-08-28,66000,2026-09-04,call,mini,151,0.2495,7,1130.0
2026-08-28,66125,2026-09-04,call,mini,97,0.2561,7,1085.0
2026-08-28,66250,2026-09-04,call,mini,78,0.251,7,1000.0
2026-08-28,66375,2026-09-04,call,mini,59,0.2506,7,935.0
2026-08-28,66500,2026-09-04,call,mini,147,0.2495,7,870.0
2026-08-28,66625,2026-09-04,call,mini,31,0.2491,7,810.0
2026-08-28,66750,2026-09-04,call,mini,132,0.2602,7,795.0
2026-08-28,66875,2026-09-04,call,mini,73,0.2556,7,725.0
2026-08-28,67000,2026-09-04,call,mini,83,0.2515,7,660.0
2026-08-28,67125,2026-09-04,call,mini,484,0.2566,7,630.0
2026-08-28,67250,2026-09-04,call,mini,37,0.2524,7,570.0
2026-08-28,67375,2026-09-04,call,mini,15,0.2562,7,540.0
2026-08-28,67500,2026-09-04,call,mini,748,0.2564,7,500.0
2026-08-28,67625,2026-09-04,call,mini,15,0.2543,7,455.0
2026-08-28,67750,2026-09-04,call,mini,40,0.2594,7,435.0
2026-08-28,68000,2026-09-04,call,mini,265,0.2394,7,310.0
2026-08-28,68125,2026-09-04,call,mini,2,0.2581,7,335.0
2026-08-28,68250,2026-09-04,call,mini,58,0.261,7,315.0
2026-08-28,68375,2026-09-04,call,mini,5,0.2571,7,278.0
2026-08-28,68500,2026-09-04,call,mini,249,0.2587,7,258.0
2026-08-28,68750,2026-09-04,call,mini,65,0.2616,7,221.0
2026-08-28,68875,2026-09-04,call,mini,30,0.2529,7,182.0
2026-08-28,69000,2026-09-04,call,mini,409,0.2584,7,176.0
2026-08-28,69250,2026-09-04,call,mini,112,0.2646,7,156.0
2026-08-28,69375,2026-09-04,call,mini,2,0.2682,7,148.0
2026-08-28,69500,2026-09-04,call,mini,108,0.26,7,120.0
2026-08-28,69750,2026-09-04,call,mini,2,0.2599,7,97.0
2026-08-28,70000,2026-09-04,call,mini,183,0.2652,7,85.0
2026-08-28,70250,2026-09-04,call,mini,2,0.27,7,74.0
2026-08-28,70375,2026-09-04,call,mini,1,0.2661,7,62.0
2026-08-28,70500,2026-09-04,call,mini,73,0.2647,7,54.0
2026-08-28,70750,2026-09-04,call,mini,4,0.266,7,44.0
2026-08-28,70875,2026-09-04,call,mini,1,0.2671,7,40.0
2026-08-28,71000,2026-09-04,call,mini,67,0.2593,7,30.0
2026-08-28,71250,2026-09-04,call,mini,26,0.264,7,26.0
2026-08-28,71500,2026-09-04,call,mini,11,0.2615,7,19.0
2026-08-28,71750,2026-09-04,call,mini,1,0.2626,7,15.0
2026-08-28,72000,2026-09-04,call,mini,32,0.2611,7,11.0
2026-08-28,72250,2026-09-04,call,mini,23,0.2673,7,10.0
2026-08-28,58500,2026-09-11,call,mini,2,0.2,14,7745.0
2026-08-28,58750,2026-09-11,call,mini,7505,0.2,14,7505.0
2026-08-28,59000,2026-09-11,call,mini,3,0.2,14,7260.0
2026-08-28,59250,2026-09-11,call,mini,7020,0.2,14,7020.0
2026-08-28,59375,2026-09-11,call,mini,6900,0.2,14,6900.0
2026-08-28,59500,2026-09-11,call,mini,6780,0.2,14,6780.0
2026-08-28,59750,2026-09-11,call,mini,6540,0.2,14,6540.0
2026-08-28,60000,2026-09-11,call,mini,1,0.2,14,6305.0
2026-08-28,60250,2026-09-11,call,mini,6070,0.2,14,6070.0
2026-08-28,60500,2026-09-11,call,mini,1,0.2,14,5835.0
2026-08-28,61000,2026-09-11,call,mini,3,0.2,14,5370.0
2026-08-28,61250,2026-09-11,call,mini,32,0.2,14,5140.0
2026-08-28,61500,2026-09-11,call,mini,22,0.17,14,4915.0
2026-08-28,61875,2026-09-11,call,mini,4575,0.207,14,4575.0
2026-08-28,62000,2026-09-11,call,mini,7,0.2145,14,4465.0
2026-08-28,62250,2026-09-11,call,mini,2,0.2239,14,4245.0
2026-08-28,62500,2026-09-11,call,mini,5,0.2315,14,4030.0
2026-08-28,62750,2026-09-11,call,mini,29,0.2376,14,3820.0
2026-08-28,62875,2026-09-11,call,mini,3715,0.2396,14,3715.0
2026-08-28,63000,2026-09-11,call,mini,76,0.2409,14,3610.0
2026-08-28,63250,2026-09-11,call,mini,59,0.2437,14,3405.0
2026-08-28,63500,2026-09-11,call,mini,33,0.246,14,3205.0
2026-08-28,63750,2026-09-11,call,mini,324,0.2464,14,3005.0
2026-08-28,64000,2026-09-11,call,mini,187,0.2492,14,2820.0
2026-08-28,64250,2026-09-11,call,mini,349,0.2489,14,2630.0
2026-08-28,64375,2026-09-11,call,mini,1,0.2494,14,2540.0
2026-08-28,64500,2026-09-11,call,mini,178,0.2495,14,2450.0
2026-08-28,64750,2026-09-11,call,mini,134,0.2508,14,2280.0
2026-08-28,65000,2026-09-11,call,mini,57,0.2515,14,2115.0
2026-08-28,65125,2026-09-11,call,mini,3,0.2487,14,2020.0
2026-08-28,65250,2026-09-11,call,mini,15,0.2507,14,1950.0
2026-08-28,65500,2026-09-11,call,mini,33,0.2505,14,1795.0
2026-08-28,65625,2026-09-11,call,mini,1,0.2484,14,1710.0
2026-08-28,65750,2026-09-11,call,mini,13,0.2488,14,1640.0
2026-08-28,65875,2026-09-11,call,mini,1,0.2499,14,1575.0
2026-08-28,66000,2026-09-11,call,mini,129,0.2496,14,1505.0
2026-08-28,66125,2026-09-11,call,mini,3,0.247,14,1425.0
2026-08-28,66250,2026-09-11,call,mini,38,0.2508,14,1380.0
2026-08-28,66375,2026-09-11,call,mini,1,0.2514,14,1320.0
2026-08-28,66500,2026-09-11,call,mini,68,0.2477,14,1240.0
2026-08-28,66625,2026-09-11,call,mini,1195,0.2503,14,1195.0
2026-08-28,66750,2026-09-11,call,mini,22,0.2507,14,1140.0
2026-08-28,66875,2026-09-11,call,mini,1,0.2508,14,1085.0
2026-08-28,67000,2026-09-11,call,mini,225,0.2485,14,1020.0
2026-08-28,67125,2026-09-11,call,mini,2,0.2507,14,980.0
2026-08-28,67250,2026-09-11,call,mini,48,0.2476,14,915.0
2026-08-28,67375,2026-09-11,call,mini,885,0.2511,14,885.0
2026-08-28,67500,2026-09-11,call,mini,110,0.2473,14,820.0
2026-08-28,67625,2026-09-11,call,mini,790,0.2502,14,790.0
2026-08-28,67750,2026-09-11,call,mini,7,0.2486,14,740.0
2026-08-28,67875,2026-09-11,call,mini,705,0.2498,14,705.0
2026-08-28,68000,2026-09-11,call,mini,311,0.2485,14,660.0
2026-08-28,68125,2026-09-11,call,mini,10,0.2501,14,630.0
2026-08-28,68250,2026-09-11,call,mini,243,0.2491,14,590.0
2026-08-28,68375,2026-09-11,call,mini,1,0.2501,14,560.0
2026-08-28,68500,2026-09-11,call,mini,249,0.2484,14,520.0
2026-08-28,68625,2026-09-11,call,mini,2,0.2498,14,495.0
2026-08-28,68750,2026-09-11,call,mini,1765,0.2497,14,465.0
2026-08-28,68875,2026-09-11,call,mini,435,0.2493,14,435.0
2026-08-28,69000,2026-09-11,call,mini,1300,0.2497,14,410.0
2026-08-28,69125,2026-09-11,call,mini,3,0.2486,14,380.0
2026-08-28,69250,2026-09-11,call,mini,43,0.2497,14,360.0
2026-08-28,69375,2026-09-11,call,mini,3,0.2491,14,335.0
2026-08-28,69500,2026-09-11,call,mini,164,0.2496,14,315.0
2026-08-28,69625,2026-09-11,call,mini,297,0.2504,14,297.0
2026-08-28,69750,2026-09-11,call,mini,4,0.2506,14,278.0
2026-08-28,69875,2026-09-11,call,mini,1,0.2508,14,260.0
2026-08-28,70000,2026-09-11,call,mini,793,0.2496,14,239.0
2026-08-28,70125,2026-09-11,call,mini,3,0.2501,14,224.0
2026-08-28,70250,2026-09-11,call,mini,16,0.2518,14,213.0
2026-08-28,70375,2026-09-11,call,mini,199,0.2521,14,199.0
2026-08-28,70500,2026-09-11,call,mini,163,0.2516,14,184.0
2026-08-28,70625,2026-09-11,call,mini,1,0.2537,14,176.0
2026-08-28,70750,2026-09-11,call,mini,6,0.2531,14,162.0
2026-08-28,70875,2026-09-11,call,mini,1,0.2538,14,152.0
2026-08-28,71000,2026-09-11,call,mini,526,0.2515,14,136.0
2026-08-28,71125,2026-09-11,call,mini,1,0.2544,14,132.0
2026-08-28,71250,2026-09-11,call,mini,8,0.2548,14,123.0
2026-08-28,71375,2026-09-11,call,mini,114,0.2549,14,114.0
2026-08-28,71500,2026-09-11,call,mini,131,0.2541,14,104.0
2026-08-28,71625,2026-09-11,call,mini,1,0.2564,14,100.0
2026-08-28,71750,2026-09-11,call,mini,425,0.2561,14,92.0
2026-08-28,71875,2026-09-11,call,mini,1,0.2568,14,86.0
2026-08-28,72000,2026-09-11,call,mini,477,0.2559,14,78.0
2026-08-28,72125,2026-09-11,call,mini,1,0.2574,14,74.0
2026-08-28,72250,2026-09-11,call,mini,53,0.258,14,69.0
2026-08-28,72375,2026-09-11,call,mini,1,0.2567,14,62.0
2026-08-28,72500,2026-09-11,call,mini,149,0.2567,14,57.0
2026-08-28,72625,2026-09-11,call,mini,1,0.2599,14,56.0
2026-08-28,72750,2026-09-11,call,mini,18,0.2594,14,51.0
2026-08-28,72875,2026-09-11,call,mini,47,0.2596,14,47.0
2026-08-28,73000,2026-09-11,call,mini,304,0.2604,14,44.0
2026-08-28,73125,2026-09-11,call,mini,1,0.2632,14,43.0
2026-08-28,73250,2026-09-11,call,mini,245,0.2649,14,41.0
2026-08-28,73375,2026-09-11,call,mini,37,0.2641,14,37.0
2026-08-28,73500,2026-09-11,call,mini,134,0.2642,14,34.0
2026-08-28,73625,2026-09-11,call,mini,33,0.2666,14,33.0
2026-08-28,73750,2026-09-11,call,mini,9,0.2689,14,32.0
2026-08-28,73875,2026-09-11,call,mini,28,0.2669,14,28.0
2026-08-28,74000,2026-09-11,call,mini,262,0.2626,14,23.0
2026-08-28,74125,2026-09-11,call,mini,25,0.2693,14,25.0
2026-08-28,74250,2026-09-11,call,mini,16,0.2695,14,23.0
2026-08-28,74375,2026-09-11,call,mini,21,0.2694,14,21.0
2026-08-28,74500,2026-09-11,call,mini,95,0.269,14,19.0
2026-08-28,74625,2026-09-11,call,mini,19,0.2723,14,19.0
2026-08-28,74750,2026-09-11,call,mini,18,0.2736,14,18.0
2026-08-28,74875,2026-09-11,call,mini,9,0.2747,14,17.0
2026-08-28,75000,2026-09-11,call,mini,518,0.271,14,14.0
2026-08-28,75125,2026-09-11,call,mini,15,0.2766,14,15.0
2026-08-28,75250,2026-09-11,call,mini,86,0.2747,14,13.0
2026-08-28,75375,2026-09-11,call,mini,38,0.2779,14,13.0
2026-08-28,65750,2026-09-18,call,mini,6,0.2529,21,1950.0
2026-08-28,66000,2026-09-18,call,mini,6,0.2538,21,1820.0
2026-08-28,66250,2026-09-18,call,mini,4,0.2544,21,1695.0
2026-08-28,66500,2026-09-18,call,mini,6,0.2533,21,1565.0
2026-08-28,67750,2026-09-18,call,mini,6,0.2521,21,1035.0
2026-08-28,68250,2026-09-18,call,mini,3,0.2518,21,865.0
2026-08-28,68750,2026-09-18,call,mini,7,0.2512,21,715.0
2026-08-28,66000,2026-09-25,call,mini,6,0.2568,28,2090.0
2026-08-28,66250,2026-09-25,call,mini,4,0.2571,28,1965.0
2026-08-28,58500,2026-10-09,call,mini,20,0.2,42,7865.0
2026-08-28,59000,2026-10-09,call,mini,7420,0.145,42,7420.0
2026-08-28,60000,2026-10-09,call,mini,6555,0.2058,42,6555.0
2026-08-28,61125,2026-10-09,call,mini,5620,0.2231,42,5620.0
2026-08-28,61250,2026-10-09,call,mini,10,0.2203,42,5500.0
2026-08-28,61500,2026-10-09,call,mini,5305,0.2235,42,5305.0
2026-08-28,61750,2026-10-09,call,mini,5110,0.2257,42,5110.0
2026-08-28,61875,2026-10-09,call,mini,5040,0.2313,42,5040.0
2026-08-28,62000,2026-10-09,call,mini,4925,0.2288,42,4925.0
2026-08-28,62250,2026-10-09,call,mini,3,0.2285,42,4725.0
2026-08-28,62500,2026-10-09,call,mini,4545,0.2308,42,4545.0
2026-08-28,62750,2026-10-09,call,mini,1027,0.2316,42,4360.0
2026-08-28,63000,2026-10-09,call,mini,15,0.2325,42,4180.0
2026-08-28,63500,2026-10-09,call,mini,3850,0.2364,42,3850.0
2026-08-28,63750,2026-10-09,call,mini,6,0.2354,42,3670.0
2026-08-28,63875,2026-10-09,call,mini,3585,0.2354,42,3585.0
2026-08-28,64000,2026-10-09,call,mini,7,0.2352,42,3500.0
2026-08-28,64250,2026-10-09,call,mini,3350,0.2369,42,3350.0
2026-08-28,64375,2026-10-09,call,mini,3275,0.2375,42,3275.0
2026-08-28,64750,2026-10-09,call,mini,4,0.2379,42,3045.0
2026-08-28,65000,2026-10-09,call,mini,15,0.2355,42,2875.0
2026-08-28,65375,2026-10-09,call,mini,1,0.2357,42,2660.0
2026-08-28,65500,2026-10-09,call,mini,13,0.2351,42,2585.0
2026-08-28,65625,2026-10-09,call,mini,2540,0.2377,42,2540.0
2026-08-28,65750,2026-10-09,call,mini,7,0.2368,42,2465.0
2026-08-28,66000,2026-10-09,call,mini,86,0.2381,42,2345.0
2026-08-28,66250,2026-10-09,call,mini,23,0.2371,42,2210.0
2026-08-28,66375,2026-10-09,call,mini,2160,0.2384,42,2160.0
2026-08-28,66500,2026-10-09,call,mini,27,0.2368,42,2085.0
2026-08-28,66625,2026-10-09,call,mini,1,0.2383,42,2040.0
2026-08-28,66750,2026-10-09,call,mini,3,0.237,42,1970.0
2026-08-28,66875,2026-10-09,call,mini,1930,0.2388,42,1930.0
2026-08-28,67000,2026-10-09,call,mini,20,0.2389,42,1875.0
2026-08-28,67125,2026-10-09,call,mini,3,0.2389,42,1820.0
2026-08-28,67250,2026-10-09,call,mini,2,0.237,42,1750.0
2026-08-28,67500,2026-10-09,call,mini,13,0.2374,42,1650.0
2026-08-28,67625,2026-10-09,call,mini,1,0.2396,42,1620.0
2026-08-28,67750,2026-10-09,call,mini,5,0.2367,42,1545.0
2026-08-28,67875,2026-10-09,call,mini,1525,0.2399,42,1525.0
2026-08-28,68000,2026-10-09,call,mini,35,0.2355,42,1440.0
2026-08-28,68125,2026-10-09,call,mini,1435,0.2402,42,1435.0
2026-08-28,68250,2026-10-09,call,mini,483,0.236,42,1355.0
2026-08-28,68500,2026-10-09,call,mini,317,0.2373,42,1280.0
2026-08-28,68625,2026-10-09,call,mini,2,0.2405,42,1265.0
2026-08-28,68750,2026-10-09,call,mini,2671,0.2375,42,1200.0
2026-08-28,69000,2026-10-09,call,mini,1294,0.2391,42,1135.0
2026-08-28,69125,2026-10-09,call,mini,1,0.2419,42,1120.0
2026-08-28,69250,2026-10-09,call,mini,35,0.2378,42,1050.0
2026-08-28,69500,2026-10-09,call,mini,25,0.239,42,990.0
2026-08-28,69625,2026-10-09,call,mini,1,0.2421,42,980.0
2026-08-28,69750,2026-10-09,call,mini,1,0.2393,42,925.0
2026-08-28,69875,2026-10-09,call,mini,910,0.2415,42,910.0
2026-08-28,70000,2026-10-09,call,mini,70,0.2403,42,870.0
2026-08-28,70125,2026-10-09,call,mini,1,0.2424,42,855.0
2026-08-28,70250,2026-10-09,call,mini,6,0.2403,42,810.0
2026-08-28,70375,2026-10-09,call,mini,2,0.2422,42,795.0
2026-08-28,70500,2026-10-09,call,mini,15,0.2398,42,750.0
2026-08-28,70625,2026-10-09,call,mini,3,0.2437,42,750.0
2026-08-28,70750,2026-10-09,call,mini,6,0.2403,42,700.0
2026-08-28,71000,2026-10-09,call,mini,32,0.2411,42,655.0
2026-08-28,71125,2026-10-09,call,mini,2,0.2448,42,655.0
2026-08-28,71250,2026-10-09,call,mini,3,0.2415,42,610.0
2026-08-28,71500,2026-10-09,call,mini,16,0.2414,42,565.0
2026-08-28,71750,2026-10-09,call,mini,1812,0.2417,42,525.0
2026-08-28,72000,2026-10-09,call,mini,81,0.2425,42,490.0
2026-08-28,72250,2026-10-09,call,mini,13,0.2429,42,455.0
2026-08-28,62500,2026-11-13,call,mini,5345,0.2531,77,5345.0
2026-08-28,64000,2026-11-13,call,mini,3,0.2519,77,4370.0
2026-08-28,65250,2026-11-13,call,mini,12,0.2505,77,3640.0
2026-08-28,65500,2026-11-13,call,mini,3505,0.2503,77,3505.0
2026-08-28,66000,2026-11-13,call,mini,16,0.2504,77,3250.0
2026-08-28,66500,2026-11-13,call,mini,3,0.2499,77,3000.0
2026-08-28,66625,2026-11-13,call,mini,2940,0.2497,77,2940.0
2026-08-28,67000,2026-11-13,call,mini,6,0.2494,77,2765.0
2026-08-28,67500,2026-11-13,call,mini,4,0.2492,77,2545.0
2026-08-28,68000,2026-11-13,call,mini,14,0.2491,77,2340.0
2026-08-28,68500,2026-11-13,call,mini,4,0.2497,77,2155.0
2026-08-28,69000,2026-11-13,call,mini,9,0.248,77,1955.0
2026-08-28,69500,2026-11-13,call,mini,3,0.2483,77,1790.0
2026-08-28,69750,2026-11-13,call,mini,2,0.2496,77,1725.0
2026-08-28,70000,2026-11-13,call,mini,23,0.2475,77,1625.0
2026-08-28,70500,2026-11-13,call,mini,1500,0.2494,77,1500.0
2026-08-28,71000,2026-11-13,call,mini,6,0.2485,77,1355.0
2026-08-28,71500,2026-11-13,call,mini,1,0.2491,77,1235.0
2026-08-28,71750,2026-11-13,call,mini,2,0.25,77,1185.0
2026-08-28,72000,2026-11-13,call,mini,4,0.2487,77,1115.0
2026-08-28,72250,2026-11-13,call,mini,1,0.2502,77,1075.0
