date,strike,expiry,type,product,oi,iv,days_to_expiry,settlement
2026-08-17,20000,2026-09-10,put,regular,1421,1.4094,24,1.0
2026-08-17,21000,2026-09-10,put,regular,252,1.3554,24,1.0
2026-08-17,22000,2026-09-10,put,regular,393,1.304,24,1.0
2026-08-17,23000,2026-09-10,put,regular,137,1.2548,24,1.0
2026-08-17,24000,2026-09-10,put,regular,27,1.2078,24,1.0
2026-08-17,25000,2026-09-10,put,regular,3896,1.1627,24,1.0
2026-08-17,26000,2026-09-10,put,regular,156,1.1194,24,1.0
2026-08-17,27000,2026-09-10,put,regular,17,1.0778,24,1.0
2026-08-17,27500,2026-09-10,put,regular,6,1.0575,24,1.0
2026-08-17,28000,2026-09-10,put,regular,31,1.0376,24,1.0
2026-08-17,28500,2026-09-10,put,regular,3,1.0181,24,1.0
2026-08-17,28750,2026-09-10,put,regular,65,1.0085,24,1.0
2026-08-17,29000,2026-09-10,put,regular,54,1.0511,24,2.0
2026-08-17,29500,2026-09-10,put,regular,6,1.0314,24,2.0
2026-08-17,29750,2026-09-10,put,regular,1,0.9707,24,1.0
2026-08-17,30000,2026-09-10,put,regular,6514,1.0119,24,2.0
2026-08-17,30500,2026-09-10,put,regular,86,0.9928,24,2.0
2026-08-17,30750,2026-09-10,put,regular,2,0.9343,24,1.0
2026-08-17,31000,2026-09-10,put,regular,209,0.974,24,2.0
2026-08-17,31500,2026-09-10,put,regular,157,0.9554,24,2.0
2026-08-17,32000,2026-09-10,put,regular,96,0.9372,24,2.0
2026-08-17,33000,2026-09-10,put,regular,391,0.9311,24,3.0
2026-08-17,33250,2026-09-10,put,regular,1,0.8928,24,2.0
2026-08-17,33500,2026-09-10,put,regular,1,0.8841,24,2.0
2026-08-17,33750,2026-09-10,put,regular,3,0.8755,24,2.0
2026-08-17,34000,2026-09-10,put,regular,71,0.9173,24,4.0
2026-08-17,34250,2026-09-10,put,regular,1,0.9261,24,5.0
2026-08-17,34750,2026-09-10,put,regular,69,0.8417,24,2.0
2026-08-17,35000,2026-09-10,put,regular,2885,0.8992,24,5.0
2026-08-17,35500,2026-09-10,put,regular,2,0.8646,24,4.0
2026-08-17,35750,2026-09-10,put,regular,50,0.8728,24,5.0
2026-08-17,36000,2026-09-10,put,regular,63,0.8642,24,5.0
2026-08-17,36500,2026-09-10,put,regular,4,0.861,24,6.0
2026-08-17,36750,2026-09-10,put,regular,56,0.8524,24,6.0
2026-08-17,37000,2026-09-10,put,regular,569,0.8559,24,7.0
2026-08-17,37500,2026-09-10,put,regular,2,0.8387,24,7.0
2026-08-17,37750,2026-09-10,put,regular,1,0.8408,24,8.0
2026-08-17,38000,2026-09-10,put,regular,906,0.8417,24,9.0
2026-08-17,38500,2026-09-10,put,regular,230,0.8246,24,9.0
2026-08-17,38750,2026-09-10,put,regular,1,0.8161,24,9.0
2026-08-17,39000,2026-09-10,put,regular,272,0.8161,24,10.0
2026-08-17,39250,2026-09-10,put,regular,165,0.8077,24,10.0
2026-08-17,39500,2026-09-10,put,regular,339,0.7993,24,10.0
2026-08-17,39750,2026-09-10,put,regular,36000,0.7909,24,10.0
2026-08-17,40000,2026-09-10,put,regular,4709,0.7972,24,12.0
2026-08-17,40250,2026-09-10,put,regular,1,0.7888,24,12.0
2026-08-17,40500,2026-09-10,put,regular,177,0.7805,24,12.0
2026-08-17,40750,2026-09-10,put,regular,42,0.7786,24,13.0
2026-08-17,41000,2026-09-10,put,regular,895,0.7703,24,13.0
2026-08-17,41250,2026-09-10,put,regular,1,0.7681,24,14.0
2026-08-17,41500,2026-09-10,put,regular,22,0.7598,24,14.0
2026-08-17,42000,2026-09-10,put,regular,1985,0.7489,24,15.0
2026-08-17,42250,2026-09-10,put,regular,21,0.7459,24,16.0
2026-08-17,42500,2026-09-10,put,regular,29,0.7427,24,17.0
2026-08-17,42750,2026-09-10,put,regular,17,0.7345,24,17.0
2026-08-17,43000,2026-09-10,put,regular,999,0.7309,24,18.0
2026-08-17,43250,2026-09-10,put,regular,60,0.7272,24,19.0
2026-08-17,43500,2026-09-10,put,regular,782,0.7232,24,20.0
2026-08-17,43750,2026-09-10,put,regular,14,0.7151,24,20.0
2026-08-17,44000,2026-09-10,put,regular,1434,0.711,24,21.0
2026-08-17,44250,2026-09-10,put,regular,31,0.7067,24,22.0
2026-08-17,44500,2026-09-10,put,regular,129,0.7022,24,23.0
2026-08-17,44750,2026-09-10,put,regular,14,0.6941,24,23.0
2026-08-17,45000,2026-09-10,put,regular,2412,0.6895,24,24.0
2026-08-17,45250,2026-09-10,put,regular,105,0.6815,24,24.0
2026-08-17,45500,2026-09-10,put,regular,160,0.6768,24,25.0
2026-08-17,45750,2026-09-10,put,regular,60,0.6719,24,26.0
2026-08-17,46000,2026-09-10,put,regular,2008,0.667,24,27.0
2026-08-17,46250,2026-09-10,put,regular,67,0.6676,24,30.0
2026-08-17,46500,2026-09-10,put,regular,391,0.6623,24,31.0
2026-08-17,46750,2026-09-10,put,regular,27,0.6543,24,31.0
2026-08-17,47000,2026-09-10,put,regular,1066,0.6514,24,33.0
2026-08-17,47250,2026-09-10,put,regular,24,0.6483,24,35.0
2026-08-17,47500,2026-09-10,put,regular,1017,0.6427,24,36.0
2026-08-17,47750,2026-09-10,put,regular,92,0.6369,24,37.0
2026-08-17,48000,2026-09-10,put,regular,3965,0.6311,24,38.0
2026-08-17,48250,2026-09-10,put,regular,123,0.6274,24,40.0
2026-08-17,48500,2026-09-10,put,regular,751,0.6235,24,42.0
2026-08-17,48750,2026-09-10,put,regular,150,0.6175,24,43.0
2026-08-17,49000,2026-09-10,put,regular,1412,0.6114,24,44.0
2026-08-17,49250,2026-09-10,put,regular,216,0.6071,24,46.0
2026-08-17,49500,2026-09-10,put,regular,202,0.6027,24,48.0
2026-08-17,49750,2026-09-10,put,regular,151,0.5981,24,50.0
2026-08-17,50000,2026-09-10,put,regular,9382,0.5918,24,51.0
2026-08-17,50250,2026-09-10,put,regular,82,0.5886,24,54.0
2026-08-17,50500,2026-09-10,put,regular,1325,0.5867,24,58.0
2026-08-17,50750,2026-09-10,put,regular,171,0.5787,24,58.0
2026-08-17,51000,2026-09-10,put,regular,1488,0.5749,24,61.0
2026-08-17,51250,2026-09-10,put,regular,213,0.5697,24,63.0
2026-08-17,51500,2026-09-10,put,regular,236,0.5669,24,67.0
2026-08-17,51750,2026-09-10,put,regular,48,0.5614,24,69.0
2026-08-17,52000,2026-09-10,put,regular,1918,0.5558,24,71.0
2026-08-17,52250,2026-09-10,put,regular,62,0.5513,24,74.0
2026-08-17,52500,2026-09-10,put,regular,651,0.5478,24,78.0
2026-08-17,52750,2026-09-10,put,regular,26,0.5419,24,80.0
2026-08-17,53000,2026-09-10,put,regular,1626,0.5359,24,82.0
2026-08-17,53250,2026-09-10,put,regular,37,0.534,24,88.0
2026-08-17,53500,2026-09-10,put,regular,1711,0.5268,24,89.0
2026-08-17,53750,2026-09-10,put,regular,78,0.5245,24,95.0
2026-08-17,54000,2026-09-10,put,regular,2663,0.5181,24,97.0
2026-08-17,54250,2026-09-10,put,regular,108,0.5153,24,103.0
2026-08-17,54500,2026-09-10,put,regular,455,0.5079,24,104.0
2026-08-17,54750,2026-09-10,put,regular,292,0.5022,24,107.0
2026-08-17,55000,2026-09-10,put,regular,4489,0.4964,24,110.0
2026-08-17,55250,2026-09-10,put,regular,10,0.496,24,120.0
2026-08-17,55500,2026-09-10,put,regular,796,0.4907,24,124.0
2026-08-17,55750,2026-09-10,put,regular,19,0.4888,24,133.0
2026-08-17,56000,2026-09-10,put,regular,1820,0.4817,24,135.0
2026-08-17,56250,2026-09-10,put,regular,30,0.4787,24,143.0
2026-08-17,56500,2026-09-10,put,regular,792,0.4734,24,148.0
2026-08-17,56750,2026-09-10,put,regular,101,0.4693,24,155.0
2026-08-17,57000,2026-09-10,put,regular,2868,0.4655,24,163.0
2026-08-17,57250,2026-09-10,put,regular,48,0.4615,24,171.0
2026-08-17,57500,2026-09-10,put,regular,468,0.4546,24,174.0
2026-08-17,57750,2026-09-10,put,regular,102,0.4529,24,187.0
2026-08-17,58000,2026-09-10,put,regular,1919,0.4488,24,196.0
2026-08-17,58250,2026-09-10,put,regular,215,0.4445,24,205.0
2026-08-17,58500,2026-09-10,put,regular,836,0.4404,24,215.0
2026-08-17,58750,2026-09-10,put,regular,94,0.4366,24,226.0
2026-08-17,58875,2026-09-10,put,regular,4,0.4348,24,232.0
2026-08-17,59000,2026-09-10,put,regular,3589,0.4334,24,239.0
2026-08-17,59125,2026-09-10,put,regular,17,0.4302,24,242.0
2026-08-17,59250,2026-09-10,put,regular,105,0.4273,24,246.0
2026-08-17,59375,2026-09-10,put,regular,15,0.4253,24,252.0
2026-08-17,59500,2026-09-10,put,regular,858,0.426,24,265.0
2026-08-17,59625,2026-09-10,put,regular,3,0.4242,24,272.0
2026-08-17,59750,2026-09-10,put,regular,49,0.4196,24,272.0
2026-08-17,59875,2026-09-10,put,regular,19,0.4204,24,286.0
2026-08-17,60000,2026-09-10,put,regular,8123,0.4191,24,295.0
2026-08-17,60250,2026-09-10,put,regular,71,0.4152,24,310.0
2026-08-17,60375,2026-09-10,put,regular,2,0.414,24,320.0
2026-08-17,60500,2026-09-10,put,regular,637,0.4111,24,325.0
2026-08-17,60625,2026-09-10,put,regular,1,0.4114,24,340.0
2026-08-17,60750,2026-09-10,put,regular,146,0.4099,24,350.0
2026-08-17,60875,2026-09-10,put,regular,67,0.4084,24,360.0
2026-08-17,61000,2026-09-10,put,regular,2381,0.4067,24,370.0
2026-08-17,61125,2026-09-10,put,regular,16,0.4034,24,375.0
2026-08-17,61250,2026-09-10,put,regular,6,0.4001,24,380.0
2026-08-17,61500,2026-09-10,put,regular,1526,0.3993,24,410.0
2026-08-17,61625,2026-09-10,put,regular,6,0.3973,24,420.0
2026-08-17,61750,2026-09-10,put,regular,238,0.398,24,440.0
2026-08-17,61875,2026-09-10,put,regular,57,0.393,24,440.0
2026-08-17,62000,2026-09-10,put,regular,2973,0.3935,24,460.0
2026-08-17,62125,2026-09-10,put,regular,11,0.3911,24,470.0
2026-08-17,62250,2026-09-10,put,regular,115,0.39,24,485.0
2026-08-17,62375,2026-09-10,put,regular,219,0.3913,24,510.0
2026-08-17,62500,2026-09-10,put,regular,788,0.3874,24,515.0
2026-08-17,62625,2026-09-10,put,regular,10,0.3872,24,535.0
2026-08-17,62750,2026-09-10,put,regular,704,0.3857,24,550.0
2026-08-17,62875,2026-09-10,put,regular,1,0.384,24,565.0
2026-08-17,63000,2026-09-10,put,regular,2882,0.3835,24,585.0
2026-08-17,63125,2026-09-10,put,regular,73,0.3816,24,600.0
2026-08-17,63250,2026-09-10,put,regular,41,0.3819,24,625.0
2026-08-17,63375,2026-09-10,put,regular,57,0.3788,24,635.0
2026-08-17,63500,2026-09-10,put,regular,786,0.3788,24,660.0
2026-08-17,63625,2026-09-10,put,regular,21,0.3766,24,675.0
2026-08-17,63750,2026-09-10,put,regular,23,0.3764,24,700.0
2026-08-17,63875,2026-09-10,put,regular,36,0.375,24,720.0
2026-08-17,64000,2026-09-10,put,regular,2410,0.3745,24,745.0
2026-08-17,64125,2026-09-10,put,regular,25,0.3729,24,765.0
2026-08-17,64250,2026-09-10,put,regular,15,0.3702,24,780.0
2026-08-17,64375,2026-09-10,put,regular,26,0.3713,24,815.0
2026-08-17,64500,2026-09-10,put,regular,649,0.3704,24,840.0
2026-08-17,64625,2026-09-10,put,regular,46,0.3693,24,865.0
2026-08-17,64750,2026-09-10,put,regular,480,0.3681,24,890.0
2026-08-17,64875,2026-09-10,put,regular,11,0.3658,24,910.0
2026-08-17,65000,2026-09-10,put,regular,3517,0.3689,24,960.0
2026-08-17,65250,2026-09-10,put,regular,84,0.3629,24,995.0
2026-08-17,65375,2026-09-10,put,regular,62,0.362,24,1025.0
2026-08-17,65500,2026-09-10,put,regular,593,0.3636,24,1070.0
2026-08-17,65625,2026-09-10,put,regular,24,0.3615,24,1095.0
2026-08-17,65750,2026-09-10,put,regular,696,0.3611,24,1130.0
2026-08-17,66000,2026-09-10,put,regular,2312,0.3597,24,1200.0
2026-08-17,66250,2026-09-10,put,regular,12,0.3571,24,1265.0
2026-08-17,66500,2026-09-10,put,regular,1981,0.3571,24,1350.0
2026-08-17,66625,2026-09-10,put,regular,18,0.3557,24,1385.0
2026-08-17,66750,2026-09-10,put,regular,149,0.3549,24,1425.0
2026-08-17,67000,2026-09-10,put,regular,2269,0.3561,24,1525.0
2026-08-17,67250,2026-09-10,put,regular,111,0.3521,24,1595.0
2026-08-17,67500,2026-09-10,put,regular,565,0.3529,24,1700.0
2026-08-17,67750,2026-09-10,put,regular,256,0.3516,24,1795.0
2026-08-17,68000,2026-09-10,put,regular,2156,0.3505,24,1895.0
2026-08-17,68250,2026-09-10,put,regular,110,0.3502,24,2005.0
2026-08-17,68375,2026-09-10,put,regular,1,0.3484,24,2050.0
2026-08-17,68500,2026-09-10,put,regular,151,0.3508,24,2125.0
2026-08-17,68750,2026-09-10,put,regular,5,0.3473,24,2220.0
2026-08-17,69000,2026-09-10,put,regular,1154,0.351,24,2370.0
2026-08-17,69250,2026-09-10,put,regular,1,0.3478,24,2475.0
2026-08-17,69500,2026-09-10,put,regular,8,0.3482,24,2610.0
2026-08-17,70000,2026-09-10,put,regular,1481,0.3502,24,2900.0
2026-08-17,70500,2026-09-10,put,regular,2,0.3515,24,3200.0
2026-08-17,71000,2026-09-10,put,regular,100,0.3542,24,3525.0
2026-08-17,71250,2026-09-10,put,regular,1,0.3551,24,3690.0
2026-08-17,73000,2026-09-10,put,regular,3,0.3727,24,5005.0
2026-08-17,77500,2026-09-10,put,regular,4,0.4374,24,8950.0
2026-08-17,80000,2026-09-10,put,regular,1,0.4905,24,11355.0
2026-08-17,85000,2026-09-10,put,regular,5,0.6099,24,16305.0
2026-08-17,25000,2026-10-08,put,regular,3389,0.9214,52,7.0
2026-08-17,27000,2026-10-08,put,regular,3,0.8297,52,5.0
2026-08-17,28000,2026-10-08,put,regular,3,0.8119,52,6.0
2026-08-17,30000,2026-10-08,put,regular,417,0.8034,52,12.0
2026-08-17,31000,2026-10-08,put,regular,1,0.8155,52,20.0
2026-08-17,32000,2026-10-08,put,regular,3,0.7508,52,13.0
2026-08-17,35000,2026-10-08,put,regular,116,0.7326,52,30.0
2026-08-17,36000,2026-10-08,put,regular,1,0.657,52,16.0
2026-08-17,37000,2026-10-08,put,regular,151,0.6924,52,36.0
2026-08-17,38000,2026-10-08,put,regular,4,0.6761,52,41.0
2026-08-17,39000,2026-10-08,put,regular,101,0.6661,52,50.0
2026-08-17,40000,2026-10-08,put,regular,114,0.6459,52,54.0
2026-08-17,41000,2026-10-08,put,regular,103,0.6328,52,63.0
2026-08-17,42000,2026-10-08,put,regular,114,0.6194,52,73.0
2026-08-17,42750,2026-10-08,put,regular,30,0.6032,52,76.0
2026-08-17,43000,2026-10-08,put,regular,135,0.5979,52,77.0
2026-08-17,43250,2026-10-08,put,regular,15,0.5925,52,78.0
2026-08-17,43500,2026-10-08,put,regular,15,0.5893,52,81.0
2026-08-17,43750,2026-10-08,put,regular,11,0.585,52,83.0
2026-08-17,44000,2026-10-08,put,regular,179,0.5806,52,85.0
2026-08-17,44250,2026-10-08,put,regular,36,0.5742,52,85.0
2026-08-17,44500,2026-10-08,put,regular,1,0.5688,52,86.0
2026-08-17,44750,2026-10-08,put,regular,34,0.5634,52,87.0
2026-08-17,45000,2026-10-08,put,regular,719,0.5581,52,88.0
2026-08-17,45250,2026-10-08,put,regular,28,0.5619,52,99.0
2026-08-17,45500,2026-10-08,put,regular,207,0.5555,52,99.0
2026-08-17,45750,2026-10-08,put,regular,43,0.5491,52,99.0
2026-08-17,46000,2026-10-08,put,regular,256,0.5479,52,105.0
2026-08-17,46250,2026-10-08,put,regular,5,0.5432,52,107.0
2026-08-17,46500,2026-10-08,put,regular,157,0.5409,52,112.0
2026-08-17,46750,2026-10-08,put,regular,131,0.5353,52,113.0
2026-08-17,47000,2026-10-08,put,regular,253,0.5297,52,114.0
2026-08-17,47250,2026-10-08,put,regular,25,0.5249,52,116.0
2026-08-17,47500,2026-10-08,put,regular,4,0.5216,52,120.0
2026-08-17,47750,2026-10-08,put,regular,31,0.5174,52,123.0
2026-08-17,48000,2026-10-08,put,regular,466,0.5146,52,128.0
2026-08-17,48250,2026-10-08,put,regular,51,0.513,52,135.0
2026-08-17,48500,2026-10-08,put,regular,155,0.5073,52,136.0
2026-08-17,48750,2026-10-08,put,regular,23,0.5073,52,146.0
2026-08-17,49000,2026-10-08,put,regular,117,0.5016,52,147.0
2026-08-17,49250,2026-10-08,put,regular,30,0.5029,52,160.0
2026-08-17,49500,2026-10-08,put,regular,26,0.4971,52,161.0
2026-08-17,49750,2026-10-08,put,regular,51,0.4929,52,165.0
2026-08-17,50000,2026-10-08,put,regular,565,0.4871,52,166.0
2026-08-17,50250,2026-10-08,put,regular,46,0.4897,52,183.0
2026-08-17,50500,2026-10-08,put,regular,236,0.4833,52,183.0
2026-08-17,50750,2026-10-08,put,regular,29,0.4804,52,190.0
2026-08-17,51000,2026-10-08,put,regular,281,0.4764,52,195.0
2026-08-17,51250,2026-10-08,put,regular,33,0.4756,52,207.0
2026-08-17,51500,2026-10-08,put,regular,175,0.4696,52,208.0
2026-08-17,51750,2026-10-08,put,regular,60,0.4672,52,217.0
2026-08-17,52000,2026-10-08,put,regular,424,0.4608,52,217.0
2026-08-17,52250,2026-10-08,put,regular,45,0.4569,52,223.0
2026-08-17,52500,2026-10-08,put,regular,151,0.4542,52,232.0
2026-08-17,52750,2026-10-08,put,regular,40,0.4522,52,243.0
2026-08-17,53000,2026-10-08,put,regular,1029,0.448,52,249.0
2026-08-17,53250,2026-10-08,put,regular,4,0.4475,52,265.0
2026-08-17,53500,2026-10-08,put,regular,102,0.4418,52,267.0
2026-08-17,53750,2026-10-08,put,regular,2,0.4413,52,284.0
2026-08-17,54000,2026-10-08,put,regular,404,0.4351,52,285.0
2026-08-17,54250,2026-10-08,put,regular,31,0.4352,52,305.0
2026-08-17,54500,2026-10-08,put,regular,480,0.4319,52,315.0
2026-08-17,54750,2026-10-08,put,regular,6,0.4284,52,325.0
2026-08-17,55000,2026-10-08,put,regular,2012,0.4218,52,325.0
2026-08-17,55250,2026-10-08,put,regular,39,0.4227,52,350.0
2026-08-17,55500,2026-10-08,put,regular,252,0.4203,52,365.0
2026-08-17,55750,2026-10-08,put,regular,101,0.4178,52,380.0
2026-08-17,56000,2026-10-08,put,regular,324,0.4151,52,395.0
2026-08-17,56250,2026-10-08,put,regular,9,0.4123,52,410.0
2026-08-17,56500,2026-10-08,put,regular,112,0.4093,52,425.0
2026-08-17,56750,2026-10-08,put,regular,22,0.4062,52,440.0
2026-08-17,57000,2026-10-08,put,regular,379,0.4042,52,460.0
2026-08-17,57250,2026-10-08,put,regular,11,0.402,52,480.0
2026-08-17,57500,2026-10-08,put,regular,157,0.3974,52,490.0
2026-08-17,57750,2026-10-08,put,regular,31,0.3971,52,520.0
2026-08-17,58000,2026-10-08,put,regular,1586,0.3943,52,540.0
2026-08-17,58250,2026-10-08,put,regular,16,0.3915,52,560.0
2026-08-17,58375,2026-10-08,put,regular,441,0.392,52,580.0
2026-08-17,58500,2026-10-08,put,regular,22,0.3895,52,585.0
2026-08-17,58625,2026-10-08,put,regular,10,0.3889,52,600.0
2026-08-17,58750,2026-10-08,put,regular,13,0.3873,52,610.0
2026-08-17,59000,2026-10-08,put,regular,142,0.3849,52,635.0
2026-08-17,59125,2026-10-08,put,regular,10,0.3841,52,650.0
2026-08-17,59250,2026-10-08,put,regular,42,0.3832,52,665.0
2026-08-17,59500,2026-10-08,put,regular,26,0.3814,52,695.0
2026-08-17,59625,2026-10-08,put,regular,11,0.3786,52,700.0
2026-08-17,59750,2026-10-08,put,regular,3,0.3793,52,725.0
2026-08-17,60000,2026-10-08,put,regular,1660,0.377,52,755.0
2026-08-17,60250,2026-10-08,put,regular,4,0.3754,52,790.0
2026-08-17,60375,2026-10-08,put,regular,300,0.3758,52,815.0
2026-08-17,60500,2026-10-08,put,regular,124,0.3736,52,825.0
2026-08-17,60750,2026-10-08,put,regular,48,0.3723,52,865.0
2026-08-17,60875,2026-10-08,put,regular,7,0.3716,52,885.0
2026-08-17,61000,2026-10-08,put,regular,519,0.3701,52,900.0
2026-08-17,61250,2026-10-08,put,regular,1705000,0.3683,52,940.0
2026-08-17,61375,2026-10-08,put,regular,1700000,0.3689,52,970.0
2026-08-17,61500,2026-10-08,put,regular,6305000,0.3671,52,985.0
2026-08-17,61750,2026-10-08,put,regular,7480000,0.365,52,1025.0
2026-08-17,61875,2026-10-08,put,regular,6,0.3659,52,1060.0
2026-08-17,62000,2026-10-08,put,regular,750,0.3633,52,1070.0
2026-08-17,62250,2026-10-08,put,regular,1,0.3621,52,1120.0
2026-08-17,62375,2026-10-08,put,regular,6,0.3627,52,1155.0
2026-08-17,62500,2026-10-08,put,regular,110,0.3606,52,1170.0
2026-08-17,62875,2026-10-08,put,regular,6,0.3554,52,1225.0
2026-08-17,63000,2026-10-08,put,regular,110,0.3583,52,1280.0
2026-08-17,63500,2026-10-08,put,regular,2,0.3556,52,1395.0
2026-08-17,63625,2026-10-08,put,regular,6,0.3555,52,1430.0
2026-08-17,63875,2026-10-08,put,regular,36,0.3557,52,1505.0
2026-08-17,64000,2026-10-08,put,regular,1305,0.3525,52,1515.0
2026-08-17,64250,2026-10-08,put,regular,7,0.3523,52,1590.0
2026-08-17,64500,2026-10-08,put,regular,231,0.3507,52,1655.0
2026-08-17,64750,2026-10-08,put,regular,1,0.3506,52,1735.0
2026-08-17,65000,2026-10-08,put,regular,1353,0.3485,52,1800.0
2026-08-17,65250,2026-10-08,put,regular,1795000,0.3478,52,1880.0
2026-08-17,65375,2026-10-08,put,regular,231,0.3479,52,1925.0
2026-08-17,65500,2026-10-08,put,regular,63,0.3479,52,1970.0
2026-08-17,66000,2026-10-08,put,regular,11,0.3452,52,2130.0
2026-08-17,66250,2026-10-08,put,regular,2210000,0.3455,52,2230.0
2026-08-17,66750,2026-10-08,put,regular,9,0.3428,52,2405.0
2026-08-17,67000,2026-10-08,put,regular,501,0.3433,52,2515.0
2026-08-17,67250,2026-10-08,put,regular,15475000,0.3425,52,2615.0
2026-08-17,67500,2026-10-08,put,regular,38,0.3425,52,2725.0
2026-08-17,67625,2026-10-08,put,regular,6,0.3419,52,2775.0
2026-08-17,67750,2026-10-08,put,regular,9,0.3421,52,2835.0
2026-08-17,67875,2026-10-08,put,regular,5945000,0.3419,52,2890.0
2026-08-17,68000,2026-10-08,put,regular,536,0.3411,52,2940.0
2026-08-17,68125,2026-10-08,put,regular,4,0.3416,52,3005.0
2026-08-17,68250,2026-10-08,put,regular,6095000,0.3416,52,3065.0
2026-08-17,68375,2026-10-08,put,regular,3115000,0.3416,52,3125.0
2026-08-17,68500,2026-10-08,put,regular,7,0.34,52,3170.0
2026-08-17,68750,2026-10-08,put,regular,3300000,0.3401,52,3295.0
2026-08-17,68875,2026-10-08,put,regular,6710000,0.3402,52,3360.0
2026-08-17,69000,2026-10-08,put,regular,201,0.3398,52,3420.0
2026-08-17,69125,2026-10-08,put,regular,3475000,0.3398,52,3485.0
2026-08-17,69250,2026-10-08,put,regular,3545000,0.3403,52,3555.0
2026-08-17,70000,2026-10-08,put,regular,101,0.341,52,3970.0
2026-08-17,72500,2026-10-08,put,regular,1,0.3489,52,5580.0
2026-08-17,79000,2026-10-08,put,regular,1,0.4051,52,10980.0
2026-08-17,85000,2026-10-08,put,regular,22,0.4875,52,16705.0
2026-08-17,25000,2026-11-12,put,regular,62,0.7709,87,16.0
2026-08-17,30000,2026-11-12,put,regular,1,0.6646,87,23.0
2026-08-17,35000,2026-11-12,put,regular,2,0.6015,87,49.0
2026-08-17,37000,2026-11-12,put,regular,2,0.5789,87,66.0
2026-08-17,38000,2026-11-12,put,regular,1,0.5675,87,76.0
2026-08-17,40000,2026-11-12,put,regular,100,0.5629,87,123.0
2026-08-17,41000,2026-11-12,put,regular,103,0.5431,87,127.0
2026-08-17,42000,2026-11-12,put,regular,250,0.5281,87,138.0
2026-08-17,43000,2026-11-12,put,regular,137,0.5156,87,154.0
2026-08-17,44000,2026-11-12,put,regular,102,0.5055,87,176.0
2026-08-17,44500,2026-11-12,put,regular,1,0.4956,87,178.0
2026-08-17,44750,2026-11-12,put,regular,1,0.4968,87,192.0
2026-08-17,45000,2026-11-12,put,regular,1,0.4923,87,194.0
2026-08-17,45250,2026-11-12,put,regular,1,0.4896,87,200.0
2026-08-17,45500,2026-11-12,put,regular,2,0.4819,87,195.0
2026-08-17,45750,2026-11-12,put,regular,2,0.4792,87,201.0
2026-08-17,46000,2026-11-12,put,regular,2,0.4806,87,217.0
2026-08-17,46250,2026-11-12,put,regular,2,0.4777,87,223.0
2026-08-17,46500,2026-11-12,put,regular,3,0.4798,87,242.0
2026-08-17,46750,2026-11-12,put,regular,2,0.4754,87,245.0
2026-08-17,47000,2026-11-12,put,regular,2,0.4718,87,250.0
2026-08-17,47250,2026-11-12,put,regular,2,0.4708,87,262.0
2026-08-17,47500,2026-11-12,put,regular,2,0.4664,87,265.0
2026-08-17,47750,2026-11-12,put,regular,2,0.4634,87,272.0
2026-08-17,48000,2026-11-12,put,regular,6,0.4603,87,279.0
2026-08-17,48250,2026-11-12,put,regular,3,0.4585,87,290.0
2026-08-17,48500,2026-11-12,put,regular,3,0.4543,87,294.0
2026-08-17,48750,2026-11-12,put,regular,99,0.4524,87,305.0
2026-08-17,49000,2026-11-12,put,regular,49,0.45,87,315.0
2026-08-17,49250,2026-11-12,put,regular,41,0.446,87,320.0
2026-08-17,49500,2026-11-12,put,regular,217,0.4435,87,330.0
2026-08-17,49750,2026-11-12,put,regular,3,0.441,87,340.0
2026-08-17,50000,2026-11-12,put,regular,248,0.4383,87,350.0
2026-08-17,50250,2026-11-12,put,regular,3,0.4356,87,360.0
2026-08-17,50500,2026-11-12,put,regular,103,0.4328,87,370.0
2026-08-17,50750,2026-11-12,put,regular,28,0.4286,87,375.0
2026-08-17,51000,2026-11-12,put,regular,608,0.4257,87,385.0
2026-08-17,51250,2026-11-12,put,regular,40,0.4202,87,385.0
2026-08-17,51500,2026-11-12,put,regular,18,0.416,87,390.0
2026-08-17,52000,2026-11-12,put,regular,478,0.4181,87,445.0
2026-08-17,52750,2026-11-12,put,regular,2,0.4103,87,485.0
2026-08-17,53000,2026-11-12,put,regular,55,0.4068,87,495.0
2026-08-17,53250,2026-11-12,put,regular,15,0.4054,87,515.0
2026-08-17,53500,2026-11-12,put,regular,400,0.4028,87,530.0
2026-08-17,53750,2026-11-12,put,regular,2,0.4001,87,545.0
2026-08-17,54000,2026-11-12,put,regular,100,0.3983,87,565.0
2026-08-17,54250,2026-11-12,put,regular,1,0.3964,87,585.0
2026-08-17,54500,2026-11-12,put,regular,300,0.3907,87,585.0
2026-08-17,54750,2026-11-12,put,regular,1,0.3887,87,605.0
2026-08-17,55000,2026-11-12,put,regular,12,0.3891,87,640.0
2026-08-17,55250,2026-11-12,put,regular,16,0.3851,87,650.0
2026-08-17,55500,2026-11-12,put,regular,150,0.3844,87,680.0
2026-08-17,56000,2026-11-12,put,regular,150,0.3801,87,725.0
2026-08-17,56500,2026-11-12,put,regular,44,0.3754,87,770.0
2026-08-17,56750,2026-11-12,put,regular,30,0.374,87,800.0
2026-08-17,57000,2026-11-12,put,regular,333,0.3703,87,815.0
2026-08-17,57250,2026-11-12,put,regular,12,0.3687,87,845.0
2026-08-17,57500,2026-11-12,put,regular,300,0.3676,87,880.0
2026-08-17,58000,2026-11-12,put,regular,236,0.3611,87,920.0
2026-08-17,58500,2026-11-12,put,regular,11,0.3594,87,1000.0
2026-08-17,59000,2026-11-12,put,regular,136,0.3546,87,1060.0
2026-08-17,59500,2026-11-12,put,regular,459,0.3529,87,1150.0
2026-08-17,60000,2026-11-12,put,regular,470,0.3495,87,1230.0
2026-08-17,60500,2026-11-12,put,regular,100,0.3471,87,1325.0
2026-08-17,60750,2026-11-12,put,regular,28,0.3455,87,1370.0
2026-08-17,61000,2026-11-12,put,regular,620,0.3437,87,1415.0
2026-08-17,61500,2026-11-12,put,regular,5,0.3417,87,1525.0
2026-08-17,62000,2026-11-12,put,regular,405,0.3401,87,1645.0
2026-08-17,63000,2026-11-12,put,regular,98,0.3344,87,1880.0
2026-08-17,64000,2026-11-12,put,regular,660,0.3312,87,2170.0
2026-08-17,64500,2026-11-12,put,regular,340,0.329,87,2320.0
2026-08-17,65000,2026-11-12,put,regular,801,0.3278,87,2490.0
2026-08-17,66000,2026-11-12,put,regular,270,0.3242,87,2840.0
2026-08-17,67000,2026-11-12,put,regular,870,0.32,87,3215.0
2026-08-17,67500,2026-11-12,put,regular,4,0.3201,87,3445.0
2026-08-17,68500,2026-11-12,put,regular,403,0.3186,87,3910.0
2026-08-17,69500,2026-11-12,put,regular,1,0.3184,87,4430.0
2026-08-17,70000,2026-11-12,put,regular,460,0.3181,87,4700.0
2026-08-17,70750,2026-11-12,put,regular,160,0.3137,87,5070.0
2026-08-17,72500,2026-11-12,put,regular,330,0.313,87,6140.0
2026-08-17,12500,2026-12-10,put,regular,541,0.9799,115,4.0
2026-08-17,13000,2026-12-10,put,regular,4,0.9358,115,3.0
2026-08-17,13500,2026-12-10,put,regular,100,0.8439,115,1.0
2026-08-17,14000,2026-12-10,put,regular,11,0.8673,115,2.0
2026-08-17,14500,2026-12-10,put,regular,1,0.8074,115,1.0
2026-08-17,14750,2026-12-10,put,regular,1,0.7986,115,1.0
2026-08-17,15000,2026-12-10,put,regular,5,0.8304,115,2.0
2026-08-17,16000,2026-12-10,put,regular,3,0.7572,115,1.0
2026-08-17,17000,2026-12-10,put,regular,3,0.7264,115,1.0
2026-08-17,18000,2026-12-10,put,regular,153,0.733,115,2.0
2026-08-17,19000,2026-12-10,put,regular,650,0.7043,115,2.0
2026-08-17,20000,2026-12-10,put,regular,2350,0.7284,115,5.0
2026-08-17,21000,2026-12-10,put,regular,350,0.6877,115,4.0
2026-08-17,21500,2026-12-10,put,regular,500,0.6746,115,4.0
2026-08-17,22000,2026-12-10,put,regular,1715,0.6742,115,5.0
2026-08-17,22500,2026-12-10,put,regular,150,0.6719,115,6.0
2026-08-17,23000,2026-12-10,put,regular,2106,0.6683,115,7.0
2026-08-17,23500,2026-12-10,put,regular,127,0.6709,115,9.0
2026-08-17,24000,2026-12-10,put,regular,400,0.6584,115,9.0
2026-08-17,24500,2026-12-10,put,regular,250,0.6525,115,10.0
2026-08-17,24750,2026-12-10,put,regular,1,0.6523,115,11.0
2026-08-17,25000,2026-12-10,put,regular,2461,0.6462,115,11.0
2026-08-17,25250,2026-12-10,put,regular,1,0.6456,115,12.0
2026-08-17,25500,2026-12-10,put,regular,2,0.6446,115,13.0
2026-08-17,26000,2026-12-10,put,regular,1425,0.6373,115,14.0
2026-08-17,26500,2026-12-10,put,regular,1,0.634,115,16.0
2026-08-17,27000,2026-12-10,put,regular,2630,0.6299,115,18.0
2026-08-17,27500,2026-12-10,put,regular,25,0.6252,115,20.0
2026-08-17,27750,2026-12-10,put,regular,72,0.6226,115,21.0
2026-08-17,28000,2026-12-10,put,regular,1326,0.6199,115,22.0
2026-08-17,28500,2026-12-10,put,regular,400,0.617,115,25.0
2026-08-17,29000,2026-12-10,put,regular,1450,0.6109,115,27.0
2026-08-17,30000,2026-12-10,put,regular,5895,0.6197,115,42.0
2026-08-17,30500,2026-12-10,put,regular,52,0.6029,115,39.0
2026-08-17,31000,2026-12-10,put,regular,2237,0.5917,115,39.0
2026-08-17,31500,2026-12-10,put,regular,350,0.5877,115,43.0
2026-08-17,32000,2026-12-10,put,regular,4655,0.5832,115,47.0
2026-08-17,32250,2026-12-10,put,regular,600,0.5808,115,49.0
2026-08-17,32500,2026-12-10,put,regular,900,0.5782,115,51.0
2026-08-17,33000,2026-12-10,put,regular,3362,0.573,115,55.0
2026-08-17,33250,2026-12-10,put,regular,37,0.5703,115,57.0
2026-08-17,33500,2026-12-10,put,regular,72,0.5674,115,59.0
2026-08-17,34000,2026-12-10,put,regular,2820,0.5909,115,91.0
2026-08-17,34500,2026-12-10,put,regular,560,0.5844,115,96.0
2026-08-17,34750,2026-12-10,put,regular,1,0.5789,115,96.0
2026-08-17,35000,2026-12-10,put,regular,5158,0.5743,115,97.0
2026-08-17,36000,2026-12-10,put,regular,2905,0.5647,115,112.0
2026-08-17,36500,2026-12-10,put,regular,225,0.5584,115,118.0
2026-08-17,36750,2026-12-10,put,regular,400,0.5552,115,121.0
2026-08-17,37000,2026-12-10,put,regular,2535,0.5526,115,125.0
2026-08-17,37500,2026-12-10,put,regular,188,0.546,115,131.0
2026-08-17,37750,2026-12-10,put,regular,100,0.5433,115,135.0
2026-08-17,38000,2026-12-10,put,regular,2686,0.5399,115,138.0
2026-08-17,38500,2026-12-10,put,regular,1150,0.5337,115,145.0
2026-08-17,38750,2026-12-10,put,regular,50,0.5308,115,149.0
2026-08-17,39000,2026-12-10,put,regular,2405,0.5279,115,153.0
2026-08-17,39250,2026-12-10,put,regular,650,0.5249,115,157.0
2026-08-17,39500,2026-12-10,put,regular,1008,0.5219,115,161.0
2026-08-17,40000,2026-12-10,put,regular,6228,0.5126,115,163.0
2026-08-17,40250,2026-12-10,put,regular,5,0.5126,115,173.0
2026-08-17,40500,2026-12-10,put,regular,1399,0.51,115,178.0
2026-08-17,41000,2026-12-10,put,regular,1825,0.504,115,187.0
2026-08-17,41250,2026-12-10,put,regular,3,0.5013,115,192.0
2026-08-17,41500,2026-12-10,put,regular,101,0.498,115,196.0
2026-08-17,42000,2026-12-10,put,regular,3599,0.4922,115,206.0
2026-08-17,42500,2026-12-10,put,regular,300,0.4866,115,217.0
2026-08-17,43000,2026-12-10,put,regular,1692,0.4809,115,228.0
2026-08-17,43500,2026-12-10,put,regular,100,0.4754,115,240.0
2026-08-17,43750,2026-12-10,put,regular,9,0.4726,115,246.0
2026-08-17,44000,2026-12-10,put,regular,3190,0.4701,115,253.0
2026-08-17,45000,2026-12-10,put,regular,2724,0.4596,115,281.0
2026-08-17,45250,2026-12-10,put,regular,51,0.4565,115,287.0
2026-08-17,45500,2026-12-10,put,regular,396,0.4543,115,296.0
2026-08-17,46000,2026-12-10,put,regular,3657,0.4501,115,315.0
2026-08-17,47000,2026-12-10,put,regular,2846,0.4386,115,345.0
2026-08-17,47500,2026-12-10,put,regular,1119,0.4339,115,365.0
2026-08-17,48000,2026-12-10,put,regular,4167,0.429,115,385.0
2026-08-17,48500,2026-12-10,put,regular,300,0.4238,115,405.0
2026-08-17,49000,2026-12-10,put,regular,3177,0.4185,115,425.0
2026-08-17,49500,2026-12-10,put,regular,2717,0.4151,115,455.0
2026-08-17,50000,2026-12-10,put,regular,6537,0.4093,115,475.0
2026-08-17,50250,2026-12-10,put,regular,16,0.4074,115,490.0
2026-08-17,50500,2026-12-10,put,regular,686,0.4054,115,505.0
2026-08-17,50750,2026-12-10,put,regular,45,0.4033,115,520.0
2026-08-17,51000,2026-12-10,put,regular,1565,0.4011,115,535.0
2026-08-17,51500,2026-12-10,put,regular,20,0.3965,115,565.0
2026-08-17,52000,2026-12-10,put,regular,2765,0.3926,115,600.0
2026-08-17,52250,2026-12-10,put,regular,525,0.3901,115,615.0
2026-08-17,52500,2026-12-10,put,regular,417,0.3883,115,635.0
2026-08-17,53000,2026-12-10,put,regular,1398,0.3846,115,675.0
2026-08-17,53250,2026-12-10,put,regular,186,0.3826,115,695.0
2026-08-17,53500,2026-12-10,put,regular,205,0.3805,115,715.0
2026-08-17,53750,2026-12-10,put,regular,4,0.3783,115,735.0
2026-08-17,54000,2026-12-10,put,regular,2699,0.3768,115,760.0
2026-08-17,54500,2026-12-10,put,regular,472,0.3728,115,805.0
2026-08-17,55000,2026-12-10,put,regular,4679,0.3692,115,855.0
2026-08-17,55500,2026-12-10,put,regular,100,0.3658,115,910.0
2026-08-17,56000,2026-12-10,put,regular,2476,0.3621,115,965.0
2026-08-17,56500,2026-12-10,put,regular,151,0.3592,115,1030.0
2026-08-17,57000,2026-12-10,put,regular,2281,0.3559,115,1095.0
2026-08-17,57500,2026-12-10,put,regular,850,0.3528,115,1165.0
2026-08-17,58000,2026-12-10,put,regular,1768,0.3498,115,1240.0
2026-08-17,58500,2026-12-10,put,regular,850,0.3463,115,1315.0
2026-08-17,59000,2026-12-10,put,regular,2405,0.3435,115,1400.0
2026-08-17,59500,2026-12-10,put,regular,250,0.3407,115,1490.0
2026-08-17,60000,2026-12-10,put,regular,9878,0.3407,115,1615.0
2026-08-17,60500,2026-12-10,put,regular,200,0.3357,115,1690.0
2026-08-17,61000,2026-12-10,put,regular,1460,0.3333,115,1800.0
2026-08-17,61500,2026-12-10,put,regular,1,0.3313,115,1920.0
2026-08-17,62000,2026-12-10,put,regular,2306,0.3293,115,2045.0
2026-08-17,62250,2026-12-10,put,regular,250,0.3283,115,2110.0
2026-08-17,62500,2026-12-10,put,regular,1087,0.3271,115,2175.0
2026-08-17,63000,2026-12-10,put,regular,2251,0.3252,115,2315.0
2026-08-17,63750,2026-12-10,put,regular,48,0.3222,115,2535.0
2026-08-17,64000,2026-12-10,put,regular,1730,0.3215,115,2615.0
2026-08-17,65000,2026-12-10,put,regular,3099,0.3182,115,2950.0
2026-08-17,65500,2026-12-10,put,regular,580,0.3167,115,3130.0
2026-08-17,66000,2026-12-10,put,regular,326,0.315,115,3315.0
2026-08-17,66500,2026-12-10,put,regular,350,0.3134,115,3510.0
2026-08-17,67000,2026-12-10,put,regular,1410,0.3127,115,3725.0
2026-08-17,67250,2026-12-10,put,regular,25,0.312,115,3830.0
2026-08-17,67500,2026-12-10,put,regular,25,0.3114,115,3940.0
2026-08-17,68000,2026-12-10,put,regular,1800,0.3106,115,4170.0
2026-08-17,68500,2026-12-10,put,regular,203,0.3096,115,4405.0
2026-08-17,68750,2026-12-10,put,regular,100,0.309,115,4525.0
2026-08-17,69000,2026-12-10,put,regular,1520,0.309,115,4655.0
2026-08-17,70000,2026-12-10,put,regular,1653,0.3075,115,5175.0
2026-08-17,71000,2026-12-10,put,regular,31,0.3072,115,5745.0
2026-08-17,72000,2026-12-10,put,regular,120,0.307,115,6350.0
2026-08-17,72500,2026-12-10,put,regular,320,0.307,115,6665.0
2026-08-17,74000,2026-12-10,put,regular,100,0.308,115,7670.0
2026-08-17,76000,2026-12-10,put,regular,300,0.3119,115,9140.0
2026-08-17,80000,2026-12-10,put,regular,3700,0.3212,115,12360.0
2026-08-17,44000,2027-01-07,put,regular,331,0.4357,143,299.0
2026-08-17,45000,2027-01-07,put,regular,1000,0.4312,143,350.0
2026-08-17,47000,2027-01-07,put,regular,98,0.4129,143,430.0
2026-08-17,48000,2027-01-07,put,regular,200,0.4047,143,480.0
2026-08-17,50000,2027-01-07,put,regular,15,0.3884,143,595.0
2026-08-17,52500,2027-01-07,put,regular,20,0.3758,143,830.0
2026-08-17,57000,2027-01-07,put,regular,60,0.3494,143,1400.0
2026-08-17,58000,2027-01-07,put,regular,57,0.3441,143,1570.0
2026-08-17,60000,2027-01-07,put,regular,1,0.3339,143,1965.0
2026-08-17,60500,2027-01-07,put,regular,42,0.3314,143,2075.0
2026-08-17,61000,2027-01-07,put,regular,1,0.3292,143,2195.0
2026-08-17,61500,2027-01-07,put,regular,50,0.3269,143,2320.0
2026-08-17,64000,2027-01-07,put,regular,100,0.3105,143,2950.0
2026-08-17,65000,2027-01-07,put,regular,3,0.3074,143,3295.0
2026-08-17,65500,2027-01-07,put,regular,1,0.306,143,3480.0
2026-08-17,66000,2027-01-07,put,regular,50,0.3051,143,3680.0
2026-08-17,66500,2027-01-07,put,regular,2,0.3034,143,3875.0
2026-08-17,67000,2027-01-07,put,regular,1,0.3025,143,4090.0
2026-08-17,47000,2027-02-10,put,regular,125,0.3959,177,565.0
2026-08-17,57500,2027-02-10,put,regular,100,0.3334,177,1750.0
2026-08-17,65000,2027-02-10,put,regular,75,0.3017,177,3740.0
2026-08-17,29000,2027-03-11,put,regular,1,0.5274,206,86.0
2026-08-17,30000,2027-03-11,put,regular,1,0.5185,206,99.0
2026-08-17,33000,2027-03-11,put,regular,113,0.4922,206,146.0
2026-08-17,35000,2027-03-11,put,regular,600,0.4748,206,185.0
2026-08-17,37000,2027-03-11,put,regular,500,0.4579,206,232.0
2026-08-17,38000,2027-03-11,put,regular,265,0.4496,206,259.0
2026-08-17,40000,2027-03-11,put,regular,1071,0.4345,206,325.0
2026-08-17,41000,2027-03-11,put,regular,250,0.4264,206,360.0
2026-08-17,42000,2027-03-11,put,regular,749,0.4188,206,400.0
2026-08-17,42500,2027-03-11,put,regular,200,0.4147,206,420.0
2026-08-17,43000,2027-03-11,put,regular,114,0.4115,206,445.0
2026-08-17,43500,2027-03-11,put,regular,66,0.4071,206,465.0
2026-08-17,44000,2027-03-11,put,regular,275,0.4035,206,490.0
2026-08-17,45000,2027-03-11,put,regular,1568,0.3967,206,545.0
2026-08-17,46000,2027-03-11,put,regular,116,0.3899,206,605.0
2026-08-17,47000,2027-03-11,put,regular,800,0.383,206,670.0
2026-08-17,48000,2027-03-11,put,regular,349,0.3768,206,745.0
2026-08-17,48500,2027-03-11,put,regular,51,0.3737,206,785.0
2026-08-17,49000,2027-03-11,put,regular,102,0.3704,206,825.0
2026-08-17,50000,2027-03-11,put,regular,1200,0.3649,206,920.0
2026-08-17,50250,2027-03-11,put,regular,112,0.3635,206,945.0
2026-08-17,51000,2027-03-11,put,regular,24,0.359,206,1020.0
2026-08-17,51250,2027-03-11,put,regular,108,0.3574,206,1045.0
2026-08-17,52000,2027-03-11,put,regular,1470,0.3533,206,1130.0
2026-08-17,52500,2027-03-11,put,regular,50,0.3506,206,1190.0
2026-08-17,53000,2027-03-11,put,regular,525,0.3481,206,1255.0
2026-08-17,53500,2027-03-11,put,regular,200,0.3458,206,1325.0
2026-08-17,54000,2027-03-11,put,regular,234,0.3432,206,1395.0
2026-08-17,55000,2027-03-11,put,regular,752,0.3382,206,1545.0
2026-08-17,55500,2027-03-11,put,regular,100,0.3361,206,1630.0
2026-08-17,56000,2027-03-11,put,regular,651,0.3337,206,1715.0
2026-08-17,56250,2027-03-11,put,regular,120,0.3326,206,1760.0
2026-08-17,57000,2027-03-11,put,regular,1775,0.3293,206,1900.0
2026-08-17,58000,2027-03-11,put,regular,2325,0.3248,206,2100.0
2026-08-17,58500,2027-03-11,put,regular,35,0.3228,206,2210.0
2026-08-17,59500,2027-03-11,put,regular,253,0.319,206,2445.0
2026-08-17,60000,2027-03-11,put,regular,1610,0.3172,206,2570.0
2026-08-17,61000,2027-03-11,put,regular,160,0.3135,206,2835.0
2026-08-17,62000,2027-03-11,put,regular,900,0.3101,206,3125.0
2026-08-17,62500,2027-03-11,put,regular,500,0.3085,206,3280.0
2026-08-17,63000,2027-03-11,put,regular,1390,0.3069,206,3440.0
2026-08-17,64000,2027-03-11,put,regular,950,0.3039,206,3780.0
2026-08-17,65000,2027-03-11,put,regular,360,0.3009,206,4145.0
2026-08-17,66000,2027-03-11,put,regular,400,0.2983,206,4540.0
2026-08-17,66250,2027-03-11,put,regular,15,0.2978,206,4645.0
2026-08-17,66500,2027-03-11,put,regular,6,0.2972,206,4750.0
2026-08-17,67000,2027-03-11,put,regular,300,0.2957,206,4960.0
2026-08-17,68000,2027-03-11,put,regular,130,0.2936,206,5415.0
2026-08-17,69000,2027-03-11,put,regular,350,0.2912,206,5890.0
2026-08-17,69250,2027-03-11,put,regular,10,0.2908,206,6015.0
2026-08-17,70000,2027-03-11,put,regular,470,0.2893,206,6400.0
2026-08-17,72000,2027-03-11,put,regular,100,0.2859,206,7505.0
2026-08-17,48000,2027-05-13,put,regular,100,0.3638,269,1055.0
2026-08-17,12500,2027-06-10,put,regular,10,0.672,297,12.0
2026-08-17,14500,2027-06-10,put,regular,4,0.5917,297,8.0
2026-08-17,15000,2027-06-10,put,regular,1,0.591,297,10.0
2026-08-17,16250,2027-06-10,put,regular,167,0.5829,297,15.0
2026-08-17,23000,2027-06-10,put,regular,140,0.535,297,72.0
2026-08-17,24000,2027-06-10,put,regular,100,0.5279,297,86.0
2026-08-17,25000,2027-06-10,put,regular,250,0.5195,297,100.0
2026-08-17,26000,2027-06-10,put,regular,200,0.5115,297,116.0
2026-08-17,28000,2027-06-10,put,regular,895,0.4948,297,151.0
2026-08-17,28500,2027-06-10,put,regular,100,0.4908,297,161.0
2026-08-17,29000,2027-06-10,put,regular,66,0.4866,297,171.0
2026-08-17,30000,2027-06-10,put,regular,275,0.4786,297,193.0
2026-08-17,31000,2027-06-10,put,regular,100,0.4703,297,216.0
2026-08-17,31500,2027-06-10,put,regular,1,0.4662,297,228.0
2026-08-17,32000,2027-06-10,put,regular,250,0.4622,297,241.0
2026-08-17,33000,2027-06-10,put,regular,150,0.4542,297,268.0
2026-08-17,34000,2027-06-10,put,regular,750,0.4465,297,298.0
2026-08-17,35000,2027-06-10,put,regular,1327,0.4388,297,330.0
2026-08-17,35500,2027-06-10,put,regular,145,0.4357,297,350.0
2026-08-17,36000,2027-06-10,put,regular,300,0.4312,297,365.0
2026-08-17,37000,2027-06-10,put,regular,50,0.4243,297,405.0
2026-08-17,38000,2027-06-10,put,regular,200,0.4168,297,445.0
2026-08-17,38500,2027-06-10,put,regular,140,0.4128,297,465.0
2026-08-17,39000,2027-06-10,put,regular,50,0.4097,297,490.0
2026-08-17,39500,2027-06-10,put,regular,101,0.4064,297,515.0
2026-08-17,40000,2027-06-10,put,regular,1095,0.403,297,540.0
2026-08-17,41000,2027-06-10,put,regular,100,0.3957,297,590.0
2026-08-17,42000,2027-06-10,put,regular,400,0.3894,297,650.0
2026-08-17,42500,2027-06-10,put,regular,61,0.386,297,680.0
2026-08-17,43000,2027-06-10,put,regular,35,0.3832,297,715.0
2026-08-17,44000,2027-06-10,put,regular,196,0.377,297,785.0
2026-08-17,45000,2027-06-10,put,regular,1220,0.3714,297,865.0
2026-08-17,46000,2027-06-10,put,regular,773,0.3657,297,950.0
2026-08-17,46500,2027-06-10,put,regular,70,0.3629,297,995.0
2026-08-17,47000,2027-06-10,put,regular,201,0.3599,297,1040.0
2026-08-17,47750,2027-06-10,put,regular,100,0.3564,297,1120.0
2026-08-17,48000,2027-06-10,put,regular,1104,0.3549,297,1145.0
2026-08-17,49000,2027-06-10,put,regular,300,0.3497,297,1255.0
2026-08-17,50000,2027-06-10,put,regular,2067,0.345,297,1380.0
2026-08-17,50500,2027-06-10,put,regular,175,0.3426,297,1445.0
2026-08-17,51000,2027-06-10,put,regular,100,0.3404,297,1515.0
2026-08-17,51250,2027-06-10,put,regular,3,0.3392,297,1550.0
2026-08-17,52000,2027-06-10,put,regular,1030,0.3361,297,1665.0
2026-08-17,52250,2027-06-10,put,regular,88,0.3351,297,1705.0
2026-08-17,52500,2027-06-10,put,regular,57,0.3337,297,1740.0
2026-08-17,53000,2027-06-10,put,regular,720,0.3318,297,1825.0
2026-08-17,53500,2027-06-10,put,regular,1,0.3297,297,1910.0
2026-08-17,53750,2027-06-10,put,regular,35,0.3287,297,1955.0
2026-08-17,54000,2027-06-10,put,regular,1402,0.3277,297,2000.0
2026-08-17,55000,2027-06-10,put,regular,1300,0.3238,297,2190.0
2026-08-17,55500,2027-06-10,put,regular,255,0.3222,297,2295.0
2026-08-17,56000,2027-06-10,put,regular,785,0.3203,297,2400.0
2026-08-17,56500,2027-06-10,put,regular,40,0.3185,297,2510.0
2026-08-17,57000,2027-06-10,put,regular,775,0.3168,297,2625.0
2026-08-17,57750,2027-06-10,put,regular,112,0.3142,297,2805.0
2026-08-17,58000,2027-06-10,put,regular,317,0.3133,297,2865.0
2026-08-17,59000,2027-06-10,put,regular,400,0.31,297,3125.0
2026-08-17,59500,2027-06-10,put,regular,112,0.3085,297,3265.0
2026-08-17,60000,2027-06-10,put,regular,1626,0.3069,297,3405.0
2026-08-17,61000,2027-06-10,put,regular,3,0.3041,297,3710.0
2026-08-17,62000,2027-06-10,put,regular,805,0.3012,297,4030.0
2026-08-17,63000,2027-06-10,put,regular,925,0.2985,297,4375.0
2026-08-17,64000,2027-06-10,put,regular,250,0.2959,297,4740.0
2026-08-17,64750,2027-06-10,put,regular,104,0.2941,297,5030.0
2026-08-17,65000,2027-06-10,put,regular,1486,0.2935,297,5130.0
2026-08-17,65500,2027-06-10,put,regular,26,0.2924,297,5335.0
2026-08-17,66000,2027-06-10,put,regular,50,0.2912,297,5545.0
2026-08-17,66750,2027-06-10,put,regular,150,0.2896,297,5870.0
2026-08-17,67000,2027-06-10,put,regular,870,0.289,297,5980.0
2026-08-17,67500,2027-06-10,put,regular,100,0.2878,297,6205.0
2026-08-17,68000,2027-06-10,put,regular,450,0.2868,297,6440.0
2026-08-17,68500,2027-06-10,put,regular,200,0.2857,297,6675.0
2026-08-17,69000,2027-06-10,put,regular,15,0.2847,297,6920.0
2026-08-17,70000,2027-06-10,put,regular,700,0.2826,297,7425.0
2026-08-17,72000,2027-06-10,put,regular,100,0.279,297,8510.0
2026-08-17,77500,2027-06-10,put,regular,50,0.271,297,11975.0
2026-08-17,67000,2027-07-08,put,regular,58,0.2861,325,6225.0
2026-08-17,31000,2027-09-09,put,regular,200,0.4233,388,254.0
2026-08-17,45000,2027-09-09,put,regular,100,0.3527,388,1155.0
2026-08-17,48000,2027-09-09,put,regular,100,0.3403,388,1525.0
2026-08-17,50000,2027-09-09,put,regular,25,0.3324,388,1820.0
2026-08-17,54250,2027-09-09,put,regular,200,0.3162,388,2595.0
2026-08-17,55000,2027-09-09,put,regular,300,0.3136,388,2760.0
2026-08-17,58000,2027-09-09,put,regular,1,0.3035,388,3495.0
2026-08-17,60000,2027-09-09,put,regular,225,0.2972,388,4065.0
2026-08-17,62000,2027-09-09,put,regular,188,0.2915,388,4715.0
2026-08-17,68250,2027-09-09,put,regular,200,0.2768,388,7285.0
2026-08-17,68750,2027-09-09,put,regular,91,0.2759,388,7530.0
2026-08-17,12500,2027-12-09,put,regular,11,0.5477,479,17.0
2026-08-17,13000,2027-12-09,put,regular,1,0.4232,479,1.0
2026-08-17,16000,2027-12-09,put,regular,350,0.4263,479,6.0
2026-08-17,19000,2027-12-09,put,regular,300,0.423,479,20.0
2026-08-17,20000,2027-12-09,put,regular,400,0.4234,479,29.0
2026-08-17,21000,2027-12-09,put,regular,50,0.4226,479,40.0
2026-08-17,22000,2027-12-09,put,regular,408,0.4228,479,55.0
2026-08-17,22500,2027-12-09,put,regular,36,0.4229,479,64.0
2026-08-17,23000,2027-12-09,put,regular,132,0.423,479,74.0
2026-08-17,23750,2027-12-09,put,regular,39,0.423,479,91.0
2026-08-17,24000,2027-12-09,put,regular,1721,0.4228,479,97.0
2026-08-17,25000,2027-12-09,put,regular,1211,0.4226,479,125.0
2026-08-17,26000,2027-12-09,put,regular,200,0.4226,479,159.0
2026-08-17,26500,2027-12-09,put,regular,100,0.4228,479,179.0
2026-08-17,27000,2027-12-09,put,regular,1300,0.4227,479,200.0
2026-08-17,28000,2027-12-09,put,regular,2125,0.4225,479,247.0
2026-08-17,29000,2027-12-09,put,regular,350,0.4167,479,280.0
2026-08-17,29500,2027-12-09,put,regular,249,0.4136,479,297.0
2026-08-17,30000,2027-12-09,put,regular,2445,0.4119,479,320.0
2026-08-17,31000,2027-12-09,put,regular,1750,0.4052,479,355.0
2026-08-17,31500,2027-12-09,put,regular,204,0.4033,479,380.0
2026-08-17,32000,2027-12-09,put,regular,1425,0.4002,479,400.0
2026-08-17,32250,2027-12-09,put,regular,30,0.3985,479,410.0
2026-08-17,32750,2027-12-09,put,regular,35,0.3961,479,435.0
2026-08-17,33000,2027-12-09,put,regular,450,0.3944,479,445.0
2026-08-17,34000,2027-12-09,put,regular,1794,0.3898,479,500.0
2026-08-17,34500,2027-12-09,put,regular,100,0.3869,479,525.0
2026-08-17,35000,2027-12-09,put,regular,1600,0.3846,479,555.0
2026-08-17,35500,2027-12-09,put,regular,40,0.3821,479,585.0
2026-08-17,36000,2027-12-09,put,regular,1130,0.3795,479,615.0
2026-08-17,36500,2027-12-09,put,regular,300,0.3767,479,645.0
2026-08-17,37000,2027-12-09,put,regular,1150,0.3745,479,680.0
2026-08-17,38000,2027-12-09,put,regular,1175,0.3696,479,750.0
2026-08-17,39000,2027-12-09,put,regular,800,0.3653,479,830.0
2026-08-17,39500,2027-12-09,put,regular,50,0.3629,479,870.0
2026-08-17,40000,2027-12-09,put,regular,3150,0.3609,479,915.0
2026-08-17,40500,2027-12-09,put,regular,450,0.3587,479,960.0
2026-08-17,42000,2027-12-09,put,regular,550,0.3523,479,1105.0
2026-08-17,43000,2027-12-09,put,regular,240,0.3481,479,1210.0
2026-08-17,44000,2027-12-09,put,regular,100,0.3441,479,1325.0
2026-08-17,45000,2027-12-09,put,regular,1875,0.3399,479,1445.0
2026-08-17,46000,2027-12-09,put,regular,700,0.3359,479,1575.0
2026-08-17,47000,2027-12-09,put,regular,250,0.3324,479,1720.0
2026-08-17,47500,2027-12-09,put,regular,35,0.3306,479,1795.0
2026-08-17,48000,2027-12-09,put,regular,615,0.3286,479,1870.0
2026-08-17,49000,2027-12-09,put,regular,700,0.3252,479,2035.0
2026-08-17,50000,2027-12-09,put,regular,3170,0.3218,479,2210.0
2026-08-17,51000,2027-12-09,put,regular,350,0.3183,479,2395.0
2026-08-17,52000,2027-12-09,put,regular,635,0.3149,479,2590.0
2026-08-17,53000,2027-12-09,put,regular,822,0.3118,479,2805.0
2026-08-17,54000,2027-12-09,put,regular,450,0.3087,479,3030.0
2026-08-17,54500,2027-12-09,put,regular,400,0.3073,479,3150.0
2026-08-17,55000,2027-12-09,put,regular,1200,0.3057,479,3270.0
2026-08-17,55500,2027-12-09,put,regular,75,0.3042,479,3395.0
2026-08-17,56000,2027-12-09,put,regular,270,0.3028,479,3525.0
2026-08-17,57000,2027-12-09,put,regular,220,0.3,479,3795.0
2026-08-17,58000,2027-12-09,put,regular,1000,0.2972,479,4080.0
2026-08-17,58500,2027-12-09,put,regular,210,0.2959,479,4230.0
2026-08-17,59000,2027-12-09,put,regular,100,0.2946,479,4385.0
2026-08-17,60000,2027-12-09,put,regular,850,0.292,479,4705.0
2026-08-17,62000,2027-12-09,put,regular,425,0.2872,479,5400.0
2026-08-17,62500,2027-12-09,put,regular,70,0.2861,479,5585.0
2026-08-17,63000,2027-12-09,put,regular,300,0.2848,479,5770.0
2026-08-17,63500,2027-12-09,put,regular,50,0.2837,479,5965.0
2026-08-17,64000,2027-12-09,put,regular,130,0.2826,479,6165.0
2026-08-17,65000,2027-12-09,put,regular,1200,0.2806,479,6580.0
2026-08-17,66000,2027-12-09,put,regular,625,0.2785,479,7010.0
2026-08-17,67000,2027-12-09,put,regular,400,0.2765,479,7460.0
2026-08-17,68000,2027-12-09,put,regular,200,0.2747,479,7935.0
2026-08-17,69000,2027-12-09,put,regular,750,0.2729,479,8425.0
2026-08-17,70000,2027-12-09,put,regular,550,0.2712,479,8935.0
2026-08-17,75000,2027-12-09,put,regular,175,0.2639,479,11790.0
2026-08-17,80000,2027-12-09,put,regular,400,0.2585,479,15115.0
2026-08-17,15000,2028-06-08,put,regular,3,0.4173,661,17.0
2026-08-17,25000,2028-06-08,put,regular,630,0.4149,661,300.0
2026-08-17,26000,2028-06-08,put,regular,250,0.4149,661,365.0
2026-08-17,27000,2028-06-08,put,regular,100,0.415,661,440.0
2026-08-17,30000,2028-06-08,put,regular,300,0.403,661,635.0
2026-08-17,32000,2028-06-08,put,regular,250,0.3913,661,760.0
2026-08-17,33000,2028-06-08,put,regular,100,0.3858,661,830.0
2026-08-17,35000,2028-06-08,put,regular,200,0.3748,661,980.0
2026-08-17,40000,2028-06-08,put,regular,250,0.3493,661,1445.0
2026-08-17,41500,2028-06-08,put,regular,100,0.3426,661,1620.0
2026-08-17,45000,2028-06-08,put,regular,15,0.327,661,2080.0
2026-08-17,48000,2028-06-08,put,regular,300,0.315,661,2565.0
2026-08-17,50000,2028-06-08,put,regular,400,0.3077,661,2940.0
2026-08-17,53000,2028-06-08,put,regular,50,0.2976,661,3595.0
2026-08-17,54000,2028-06-08,put,regular,100,0.2945,661,3840.0
2026-08-17,58000,2028-06-08,put,regular,200,0.2833,661,4965.0
2026-08-17,60000,2028-06-08,put,regular,250,0.2784,661,5625.0
2026-08-17,12000,2028-12-07,put,regular,300,0.4017,843,10.0
2026-08-17,16000,2028-12-07,put,regular,1950,0.3982,843,49.0
2026-08-17,18000,2028-12-07,put,regular,100,0.3974,843,91.0
2026-08-17,20000,2028-12-07,put,regular,200,0.3972,843,156.0
2026-08-17,23000,2028-12-07,put,regular,100,0.3976,843,310.0
2026-08-17,23500,2028-12-07,put,regular,38,0.397,843,340.0
2026-08-17,24000,2028-12-07,put,regular,1000,0.397,843,375.0
2026-08-17,25000,2028-12-07,put,regular,1200,0.3966,843,450.0
2026-08-17,27000,2028-12-07,put,regular,120,0.3967,843,635.0
2026-08-17,27500,2028-12-07,put,regular,50,0.3964,843,685.0
2026-08-17,28000,2028-12-07,put,regular,1250,0.3963,843,740.0
2026-08-17,30000,2028-12-07,put,regular,350,0.386,843,890.0
2026-08-17,31000,2028-12-07,put,regular,400,0.3808,843,970.0
2026-08-17,32000,2028-12-07,put,regular,850,0.3757,843,1055.0
2026-08-17,32250,2028-12-07,put,regular,51,0.3743,843,1075.0
2026-08-17,33000,2028-12-07,put,regular,125,0.3704,843,1140.0
2026-08-17,34000,2028-12-07,put,regular,775,0.3655,843,1235.0
2026-08-17,34750,2028-12-07,put,regular,100,0.3616,843,1305.0
2026-08-17,35000,2028-12-07,put,regular,1305,0.3604,843,1330.0
2026-08-17,36000,2028-12-07,put,regular,2750,0.3554,843,1430.0
2026-08-17,37000,2028-12-07,put,regular,580,0.3508,843,1540.0
2026-08-17,38000,2028-12-07,put,regular,2860,0.3459,843,1650.0
2026-08-17,39000,2028-12-07,put,regular,50,0.3413,843,1770.0
2026-08-17,40000,2028-12-07,put,regular,1210,0.3368,843,1895.0
2026-08-17,42000,2028-12-07,put,regular,350,0.328,843,2165.0
2026-08-17,43000,2028-12-07,put,regular,100,0.324,843,2315.0
2026-08-17,44500,2028-12-07,put,regular,75,0.3179,843,2550.0
2026-08-17,45000,2028-12-07,put,regular,130,0.316,843,2635.0
2026-08-17,48000,2028-12-07,put,regular,600,0.3049,843,3185.0
2026-08-17,50000,2028-12-07,put,regular,2400,0.2983,843,3610.0
2026-08-17,51000,2028-12-07,put,regular,150,0.295,843,3835.0
2026-08-17,53000,2028-12-07,put,regular,50,0.289,843,4330.0
2026-08-17,55000,2028-12-07,put,regular,705,0.2835,843,4880.0
2026-08-17,56000,2028-12-07,put,regular,450,0.2809,843,5175.0
2026-08-17,57000,2028-12-07,put,regular,150,0.2784,843,5485.0
2026-08-17,60000,2028-12-07,put,regular,550,0.2715,843,6505.0
2026-08-17,65000,2028-12-07,put,regular,900,0.2617,843,8520.0
2026-08-17,68000,2028-12-07,put,regular,100,0.2566,843,9920.0
2026-08-17,70000,2028-12-07,put,regular,100,0.2536,843,10935.0
2026-08-17,75000,2028-12-07,put,regular,80,0.2466,843,13735.0
2026-08-17,15000,2029-06-07,call,regular,1,0.2,1025,50.0
2026-08-17,15000,2029-12-13,call,regular,1,0.2,1214,75.0
2026-08-17,23250,2029-12-13,call,regular,40,0.2,1214,525.0
2026-08-17,32000,2029-12-13,call,regular,113,0.2,1214,1550.0
2026-08-17,34250,2029-12-13,call,regular,6,0.2,1214,1810.0
2026-08-17,44000,2029-12-13,call,regular,100,0.2,1214,3260.0
2026-08-17,50000,2029-12-13,call,regular,70,0.2,1214,4550.0
2026-08-17,64000,2029-12-13,call,regular,100,0.1311,1214,9410.0
2026-08-17,65000,2029-12-13,call,regular,50,0.1532,1214,9870.0
2026-08-17,70000,2029-12-13,call,regular,100,0.2521,1214,12365.0
2026-08-17,19000,2030-06-13,call,regular,2,0.2,1396,287.0
2026-08-17,23500,2030-12-12,call,regular,100,0.2,1578,630.0
2026-08-17,31750,2030-12-12,call,regular,74,0.2,1578,1665.0
2026-08-17,34000,2030-12-12,call,regular,24,0.2,1578,1950.0
2026-08-17,44000,2030-12-12,call,regular,80,0.2,1578,3760.0
2026-08-17,49500,2030-12-12,call,regular,100,0.2,1578,5180.0
2026-08-17,64000,2030-12-12,call,regular,3,0.1352,1578,10495.0
2026-08-17,31500,2031-12-11,call,regular,52,0.2,1942,1995.0
2026-08-17,68000,2031-12-11,call,regular,100,0.1988,1942,13215.0
2026-08-17,31250,2032-12-09,call,regular,40,0.2,2306,2255.0
2026-08-17,30000,2026-09-10,call,regular,3750,0.2,24,38660.0
2026-08-17,37000,2026-09-10,call,regular,1,0.2,24,31670.0
2026-08-17,40000,2026-09-10,call,regular,5,0.2,24,28675.0
2026-08-17,42000,2026-09-10,call,regular,101,0.2,24,26685.0
2026-08-17,42500,2026-09-10,call,regular,10,0.2,24,26185.0
2026-08-17,43000,2026-09-10,call,regular,100,0.2,24,25690.0
2026-08-17,43500,2026-09-10,call,regular,57,0.2,24,25190.0
2026-08-17,45000,2026-09-10,call,regular,42,0.2,24,23695.0
2026-08-17,48000,2026-09-10,call,regular,400,0.2,24,20710.0
2026-08-17,48500,2026-09-10,call,regular,240,0.2,24,20215.0
2026-08-17,49000,2026-09-10,call,regular,200,0.2,24,19720.0
2026-08-17,50000,2026-09-10,call,regular,4650,0.2,24,18725.0
2026-08-17,50500,2026-09-10,call,regular,50,0.2,24,18235.0
2026-08-17,51000,2026-09-10,call,regular,141,0.2,24,17740.0
2026-08-17,51250,2026-09-10,call,regular,210,0.2,24,17495.0
2026-08-17,52000,2026-09-10,call,regular,350,0.2,24,16750.0
2026-08-17,53000,2026-09-10,call,regular,1100,0.2,24,15760.0
2026-08-17,53500,2026-09-10,call,regular,400,0.2,24,15270.0
2026-08-17,53750,2026-09-10,call,regular,150,0.2,24,15025.0
2026-08-17,54000,2026-09-10,call,regular,1056,0.2,24,14775.0
2026-08-17,54250,2026-09-10,call,regular,50,0.2,24,14530.0
2026-08-17,54500,2026-09-10,call,regular,200,0.2,24,14285.0
2026-08-17,54750,2026-09-10,call,regular,90,0.2,24,14035.0
2026-08-17,55000,2026-09-10,call,regular,660,0.2,24,13795.0
2026-08-17,56000,2026-09-10,call,regular,1250,0.2,24,12815.0
2026-08-17,56500,2026-09-10,call,regular,75,0.2,24,12330.0
2026-08-17,57000,2026-09-10,call,regular,850,0.2,24,11845.0
2026-08-17,57500,2026-09-10,call,regular,384,0.2,24,11360.0
2026-08-17,58000,2026-09-10,call,regular,1101,0.2,24,10875.0
2026-08-17,59000,2026-09-10,call,regular,1096,0.2,24,9920.0
2026-08-17,60000,2026-09-10,call,regular,786,0.2,24,8975.0
2026-08-17,60500,2026-09-10,call,regular,750,0.2,24,8505.0
2026-08-17,60750,2026-09-10,call,regular,120,0.2,24,8280.0
2026-08-17,61000,2026-09-10,call,regular,221,0.2,24,8045.0
2026-08-17,61250,2026-09-10,call,regular,22,0.2,24,7815.0
2026-08-17,61500,2026-09-10,call,regular,2,0.2,24,7590.0
2026-08-17,61875,2026-09-10,call,regular,2,0.2,24,7250.0
2026-08-17,62000,2026-09-10,call,regular,2002,0.2,24,7140.0
2026-08-17,62250,2026-09-10,call,regular,1,0.2,24,6920.0
2026-08-17,62500,2026-09-10,call,regular,801,0.2,24,6695.0
2026-08-17,63000,2026-09-10,call,regular,962,0.1931,24,6260.0
2026-08-17,63250,2026-09-10,call,regular,1,0.2111,24,6045.0
2026-08-17,63500,2026-09-10,call,regular,4,0.224,24,5835.0
2026-08-17,64000,2026-09-10,call,regular,1685,0.2347,24,5405.0
2026-08-17,64250,2026-09-10,call,regular,100,0.2419,24,5205.0
2026-08-17,64500,2026-09-10,call,regular,102,0.2455,24,5000.0
2026-08-17,64750,2026-09-10,call,regular,1,0.249,24,4800.0
2026-08-17,65000,2026-09-10,call,regular,5239,0.2548,24,4615.0
2026-08-17,65250,2026-09-10,call,regular,2,0.2557,24,4415.0
2026-08-17,65375,2026-09-10,call,regular,1,0.2589,24,4330.0
2026-08-17,65500,2026-09-10,call,regular,158,0.2597,24,4235.0
2026-08-17,65750,2026-09-10,call,regular,2,0.2616,24,4050.0
2026-08-17,66000,2026-09-10,call,regular,1628,0.2635,24,3870.0
2026-08-17,66125,2026-09-10,call,regular,39,0.265,24,3785.0
2026-08-17,66250,2026-09-10,call,regular,47,0.2644,24,3690.0
2026-08-17,66500,2026-09-10,call,regular,759,0.2661,24,3520.0
2026-08-17,66750,2026-09-10,call,regular,8,0.2678,24,3355.0
2026-08-17,67000,2026-09-10,call,regular,3115,0.2678,24,3185.0
2026-08-17,67125,2026-09-10,call,regular,1,0.2699,24,3115.0
2026-08-17,67250,2026-09-10,call,regular,2,0.2694,24,3030.0
2026-08-17,67375,2026-09-10,call,regular,1,0.2687,24,2945.0
2026-08-17,67500,2026-09-10,call,regular,2123,0.2694,24,2870.0
2026-08-17,67625,2026-09-10,call,regular,31,0.2714,24,2805.0
2026-08-17,67750,2026-09-10,call,regular,477,0.2694,24,2715.0
2026-08-17,67875,2026-09-10,call,regular,23,0.2695,24,2640.0
2026-08-17,68000,2026-09-10,call,regular,2231,0.2642,24,2530.0
2026-08-17,68250,2026-09-10,call,regular,20,0.2693,24,2420.0
2026-08-17,68375,2026-09-10,call,regular,5,0.2672,24,2335.0
2026-08-17,68500,2026-09-10,call,regular,215,0.2713,24,2295.0
2026-08-17,68625,2026-09-10,call,regular,1,0.2696,24,2215.0
2026-08-17,68750,2026-09-10,call,regular,305,0.2691,24,2145.0
2026-08-17,68875,2026-09-10,call,regular,67,0.2691,24,2080.0
2026-08-17,69000,2026-09-10,call,regular,1577,0.2668,24,2000.0
2026-08-17,69125,2026-09-10,call,regular,52,0.27,24,1960.0
2026-08-17,69250,2026-09-10,call,regular,114,0.2722,24,1915.0
2026-08-17,69500,2026-09-10,call,regular,679,0.2699,24,1780.0
2026-08-17,69750,2026-09-10,call,regular,1114,0.2725,24,1685.0
2026-08-17,69875,2026-09-10,call,regular,44,0.2732,24,1635.0
2026-08-17,70000,2026-09-10,call,regular,3144,0.2801,24,1630.0
2026-08-17,70250,2026-09-10,call,regular,12,0.2727,24,1475.0
2026-08-17,70375,2026-09-10,call,regular,1490000,0.2734,24,1430.0
2026-08-17,70500,2026-09-10,call,regular,314,0.2717,24,1370.0
2026-08-17,70625,2026-09-10,call,regular,55,0.2735,24,1335.0
2026-08-17,70750,2026-09-10,call,regular,17,0.273,24,1285.0
2026-08-17,70875,2026-09-10,call,regular,61,0.2737,24,1245.0
2026-08-17,71000,2026-09-10,call,regular,1910,0.2728,24,1195.0
2026-08-17,71125,2026-09-10,call,regular,57,0.2739,24,1160.0
2026-08-17,71250,2026-09-10,call,regular,14,0.2742,24,1120.0
2026-08-17,71500,2026-09-10,call,regular,1351,0.2733,24,1035.0
2026-08-17,71625,2026-09-10,call,regular,2,0.277,24,1020.0
2026-08-17,71750,2026-09-10,call,regular,3,0.2773,24,985.0
2026-08-17,71875,2026-09-10,call,regular,1885000,0.2752,24,935.0
2026-08-17,72000,2026-09-10,call,regular,2517,0.2784,24,920.0
2026-08-17,72125,2026-09-10,call,regular,78,0.2767,24,875.0
2026-08-17,72250,2026-09-10,call,regular,11,0.278,24,850.0
2026-08-17,72375,2026-09-10,call,regular,790000,0.2767,24,810.0
2026-08-17,72500,2026-09-10,call,regular,2164,0.2744,24,765.0
2026-08-17,72625,2026-09-10,call,regular,2940000,0.277,24,750.0
2026-08-17,72750,2026-09-10,call,regular,4,0.2769,24,720.0
2026-08-17,72875,2026-09-10,call,regular,1,0.2784,24,700.0
2026-08-17,73000,2026-09-10,call,regular,2226,0.2834,24,700.0
2026-08-17,73125,2026-09-10,call,regular,1,0.2783,24,645.0
2026-08-17,73250,2026-09-10,call,regular,4,0.2794,24,625.0
2026-08-17,73500,2026-09-10,call,regular,436,0.2783,24,570.0
2026-08-17,73625,2026-09-10,call,regular,4,0.279,24,550.0
2026-08-17,73750,2026-09-10,call,regular,51,0.2796,24,530.0
2026-08-17,73875,2026-09-10,call,regular,18,0.281,24,515.0
2026-08-17,74000,2026-09-10,call,regular,917,0.2854,24,515.0
2026-08-17,74125,2026-09-10,call,regular,2,0.2804,24,470.0
2026-08-17,74250,2026-09-10,call,regular,5,0.2803,24,450.0
2026-08-17,74500,2026-09-10,call,regular,139,0.2809,24,415.0
2026-08-17,74625,2026-09-10,call,regular,47,0.2816,24,400.0
2026-08-17,74750,2026-09-10,call,regular,1,0.2821,24,385.0
2026-08-17,74875,2026-09-10,call,regular,405000,0.2813,24,365.0
2026-08-17,75000,2026-09-10,call,regular,3093,0.2828,24,355.0
2026-08-17,75250,2026-09-10,call,regular,28,0.283,24,325.0
2026-08-17,75500,2026-09-10,call,regular,152,0.2828,24,296.0
2026-08-17,76000,2026-09-10,call,regular,464,0.2863,24,257.0
2026-08-17,76500,2026-09-10,call,regular,46,0.2842,24,207.0
2026-08-17,77000,2026-09-10,call,regular,662,0.2845,24,171.0
2026-08-17,77500,2026-09-10,call,regular,973,0.2849,24,141.0
2026-08-17,78000,2026-09-10,call,regular,2054,0.2859,24,117.0
2026-08-17,78500,2026-09-10,call,regular,28,0.2858,24,95.0
2026-08-17,79000,2026-09-10,call,regular,111,0.2872,24,79.0
2026-08-17,79500,2026-09-10,call,regular,211,0.2912,24,69.0
2026-08-17,80000,2026-09-10,call,regular,1517,0.2862,24,50.0
2026-08-17,80500,2026-09-10,call,regular,14,0.2894,24,43.0
2026-08-17,81000,2026-09-10,call,regular,254,0.2927,24,37.0
2026-08-17,81500,2026-09-10,call,regular,30,0.296,24,32.0
2026-08-17,82000,2026-09-10,call,regular,201,0.2884,24,21.0
2026-08-17,82500,2026-09-10,call,regular,10,0.2935,24,19.0
2026-08-17,83000,2026-09-10,call,regular,965,0.2911,24,14.0
2026-08-17,83500,2026-09-10,call,regular,7,0.2941,24,12.0
2026-08-17,84000,2026-09-10,call,regular,859,0.2962,24,10.0
2026-08-17,84500,2026-09-10,call,regular,18,0.2968,24,8.0
2026-08-17,85000,2026-09-10,call,regular,1527,0.2956,24,6.0
2026-08-17,87500,2026-09-10,call,regular,741,0.3115,24,3.0
2026-08-17,90000,2026-09-10,call,regular,445,0.3333,24,2.0
2026-08-17,92000,2026-09-10,call,regular,56,0.3395,24,1.0
2026-08-17,94000,2026-09-10,call,regular,17,0.3629,24,1.0
2026-08-17,95000,2026-09-10,call,regular,43,0.3744,24,1.0
2026-08-17,96000,2026-09-10,call,regular,20,0.3857,24,1.0
2026-08-17,98000,2026-09-10,call,regular,15,0.4078,24,1.0
2026-08-17,100000,2026-09-10,call,regular,89,0.4295,24,1.0
2026-08-17,35000,2026-10-08,call,regular,20,0.2,52,33295.0
2026-08-17,45000,2026-10-08,call,regular,2,0.2,52,23395.0
2026-08-17,47500,2026-10-08,call,regular,34,0.2,52,20930.0
2026-08-17,53000,2026-10-08,call,regular,34,0.2,52,15575.0
2026-08-17,55000,2026-10-08,call,regular,4,0.2,52,13665.0
2026-08-17,57000,2026-10-08,call,regular,1,0.2,52,11785.0
2026-08-17,58000,2026-10-08,call,regular,1,0.2,52,10870.0
2026-08-17,60000,2026-10-08,call,regular,1,0.2,52,9085.0
2026-08-17,60500,2026-10-08,call,regular,100,0.2,52,8655.0
2026-08-17,61000,2026-10-08,call,regular,201,0.114,52,8230.0
2026-08-17,62000,2026-10-08,call,regular,29,0.2052,52,7405.0
2026-08-17,63000,2026-10-08,call,regular,4,0.2267,52,6615.0
2026-08-17,63875,2026-10-08,call,regular,50,0.2391,52,5965.0
2026-08-17,64000,2026-10-08,call,regular,31,0.2383,52,5860.0
2026-08-17,64500,2026-10-08,call,regular,5470000,0.2419,52,5495.0
2026-08-17,65000,2026-10-08,call,regular,100,0.2447,52,5140.0
2026-08-17,65250,2026-10-08,call,regular,1,0.2462,52,4970.0
2026-08-17,65500,2026-10-08,call,regular,60,0.2479,52,4805.0
2026-08-17,66000,2026-10-08,call,regular,301,0.2491,52,4470.0
2026-08-17,66250,2026-10-08,call,regular,4,0.2511,52,4320.0
2026-08-17,67000,2026-10-08,call,regular,380,0.2531,52,3860.0
2026-08-17,67500,2026-10-08,call,regular,80,0.2536,52,3565.0
2026-08-17,67750,2026-10-08,call,regular,1,0.2541,52,3425.0
2026-08-17,68000,2026-10-08,call,regular,283,0.2542,52,3285.0
2026-08-17,68125,2026-10-08,call,regular,13,0.255,52,3225.0
2026-08-17,68250,2026-10-08,call,regular,2,0.2553,52,3160.0
2026-08-17,68375,2026-10-08,call,regular,1,0.2555,52,3095.0
2026-08-17,68500,2026-10-08,call,regular,1,0.2546,52,3020.0
2026-08-17,68625,2026-10-08,call,regular,5890000,0.2551,52,2960.0
2026-08-17,68750,2026-10-08,call,regular,17135000,0.2522,52,2865.0
2026-08-17,68875,2026-10-08,call,regular,5700000,0.2549,52,2830.0
2026-08-17,69000,2026-10-08,call,regular,337,0.2546,52,2765.0
2026-08-17,69125,2026-10-08,call,regular,2700000,0.2543,52,2700.0
2026-08-17,69250,2026-10-08,call,regular,8040000,0.2553,52,2650.0
2026-08-17,69500,2026-10-08,call,regular,1,0.2556,52,2535.0
2026-08-17,70000,2026-10-08,call,regular,734,0.2556,52,2310.0
2026-08-17,70250,2026-10-08,call,regular,2245000,0.2562,52,2210.0
2026-08-17,70500,2026-10-08,call,regular,100,0.2575,52,2120.0
2026-08-17,70750,2026-10-08,call,regular,1,0.257,52,2015.0
2026-08-17,71000,2026-10-08,call,regular,16,0.2572,52,1920.0
2026-08-17,71500,2026-10-08,call,regular,3,0.2589,52,1755.0
2026-08-17,72000,2026-10-08,call,regular,212,0.2589,52,1585.0
2026-08-17,72250,2026-10-08,call,regular,3,0.2594,52,1510.0
2026-08-17,72500,2026-10-08,call,regular,1525000,0.2596,52,1435.0
2026-08-17,72750,2026-10-08,call,regular,1,0.2605,52,1370.0
2026-08-17,73000,2026-10-08,call,regular,327,0.2606,52,1300.0
2026-08-17,73250,2026-10-08,call,regular,1,0.261,52,1235.0
2026-08-17,73500,2026-10-08,call,regular,2,0.261,52,1170.0
2026-08-17,74000,2026-10-08,call,regular,152,0.2619,52,1055.0
2026-08-17,74250,2026-10-08,call,regular,1070000,0.2622,52,1000.0
2026-08-17,74500,2026-10-08,call,regular,130,0.2634,52,955.0
2026-08-17,75000,2026-10-08,call,regular,1389,0.2637,52,855.0
2026-08-17,75500,2026-10-08,call,regular,2,0.2642,52,765.0
2026-08-17,76000,2026-10-08,call,regular,301,0.2657,52,690.0
2026-08-17,76500,2026-10-08,call,regular,610000,0.2661,52,615.0
2026-08-17,77000,2026-10-08,call,regular,1098,0.2677,52,555.0
2026-08-17,77500,2026-10-08,call,regular,101,0.2676,52,490.0
2026-08-17,78000,2026-10-08,call,regular,69,0.268,52,435.0
2026-08-17,78500,2026-10-08,call,regular,3,0.2684,52,385.0
2026-08-17,79000,2026-10-08,call,regular,5,0.2698,52,345.0
2026-08-17,79500,2026-10-08,call,regular,3,0.2702,52,305.0
2026-08-17,80000,2026-10-08,call,regular,1766,0.2694,52,264.0
2026-08-17,80500,2026-10-08,call,regular,1,0.271,52,237.0
2026-08-17,81000,2026-10-08,call,regular,402,0.2707,52,206.0
2026-08-17,82000,2026-10-08,call,regular,4,0.2724,52,161.0
2026-08-17,83000,2026-10-08,call,regular,1,0.2755,52,129.0
2026-08-17,83500,2026-10-08,call,regular,7,0.2759,52,113.0
2026-08-17,84000,2026-10-08,call,regular,9,0.2769,52,100.0
2026-08-17,85000,2026-10-08,call,regular,142,0.2793,52,79.0
2026-08-17,87500,2026-10-08,call,regular,7,0.2835,52,42.0
2026-08-17,90000,2026-10-08,call,regular,39,0.2858,52,21.0
2026-08-17,95000,2026-10-08,call,regular,6,0.2903,52,5.0
2026-08-17,100000,2026-10-08,call,regular,31,0.332,52,5.0
2026-08-17,50250,2026-11-12,call,regular,35,0.2,87,18600.0
2026-08-17,56000,2026-11-12,call,regular,34,0.1447,87,13235.0
2026-08-17,57500,2026-11-12,call,regular,100,0.2352,87,11895.0
2026-08-17,60500,2026-11-12,call,regular,100,0.2621,87,9355.0
2026-08-17,61000,2026-11-12,call,regular,200,0.2634,87,8950.0
2026-08-17,63000,2026-11-12,call,regular,1,0.2676,87,7420.0
2026-08-17,64000,2026-11-12,call,regular,125,0.2694,87,6715.0
2026-08-17,65000,2026-11-12,call,regular,10,0.2696,87,6035.0
2026-08-17,66000,2026-11-12,call,regular,321,0.269,87,5390.0
2026-08-17,67000,2026-11-12,call,regular,938,0.2671,87,4770.0
2026-08-17,67500,2026-11-12,call,regular,300,0.2672,87,4490.0
2026-08-17,68000,2026-11-12,call,regular,130,0.2668,87,4215.0
2026-08-17,69000,2026-11-12,call,regular,1137,0.2618,87,3640.0
2026-08-17,70000,2026-11-12,call,regular,488,0.2623,87,3185.0
2026-08-17,71000,2026-11-12,call,regular,3,0.2618,87,2760.0
2026-08-17,72000,2026-11-12,call,regular,195,0.2616,87,2380.0
2026-08-17,72500,2026-11-12,call,regular,201,0.2621,87,2215.0
2026-08-17,74000,2026-11-12,call,regular,100,0.2626,87,1760.0
2026-08-17,75000,2026-11-12,call,regular,102,0.2624,87,1495.0
2026-08-17,80000,2026-11-12,call,regular,50,0.2672,87,655.0
2026-08-17,82500,2026-11-12,call,regular,1,0.2692,87,420.0
2026-08-17,90000,2026-11-12,call,regular,2,0.2782,87,109.0
2026-08-17,95000,2026-11-12,call,regular,5,0.287,87,47.0
2026-08-17,100000,2026-11-12,call,regular,4,0.3006,87,24.0
2026-08-17,12500,2026-12-10,call,regular,84,0.2,115,55740.0
2026-08-17,20000,2026-12-10,call,regular,150,0.2,115,48280.0
2026-08-17,22000,2026-12-10,call,regular,100,0.2,115,46290.0
2026-08-17,25000,2026-12-10,call,regular,300,0.2,115,43310.0
2026-08-17,26000,2026-12-10,call,regular,350,0.2,115,42320.0
2026-08-17,27000,2026-12-10,call,regular,250,0.2,115,41330.0
2026-08-17,28000,2026-12-10,call,regular,75,0.2,115,40340.0
2026-08-17,28500,2026-12-10,call,regular,125,0.2,115,39845.0
2026-08-17,29000,2026-12-10,call,regular,150,0.2,115,39350.0
2026-08-17,30000,2026-12-10,call,regular,100,0.2,115,38360.0
2026-08-17,30500,2026-12-10,call,regular,50,0.2,115,37865.0
2026-08-17,31000,2026-12-10,call,regular,241,0.2,115,37370.0
2026-08-17,31500,2026-12-10,call,regular,50,0.2,115,36875.0
2026-08-17,32000,2026-12-10,call,regular,700,0.2,115,36385.0
2026-08-17,32500,2026-12-10,call,regular,250,0.2,115,35890.0
2026-08-17,33000,2026-12-10,call,regular,1950,0.2,115,35395.0
2026-08-17,34000,2026-12-10,call,regular,280,0.2,115,34435.0
2026-08-17,34500,2026-12-10,call,regular,400,0.2,115,33945.0
2026-08-17,35000,2026-12-10,call,regular,435,0.2,115,33450.0
2026-08-17,36000,2026-12-10,call,regular,975,0.2,115,32470.0
2026-08-17,36500,2026-12-10,call,regular,252,0.2,115,31975.0
2026-08-17,37000,2026-12-10,call,regular,450,0.2,115,31485.0
2026-08-17,37500,2026-12-10,call,regular,88,0.2,115,30995.0
2026-08-17,37750,2026-12-10,call,regular,100,0.2,115,30750.0
2026-08-17,38000,2026-12-10,call,regular,1225,0.2,115,30505.0
2026-08-17,38500,2026-12-10,call,regular,700,0.2,115,30015.0
2026-08-17,38750,2026-12-10,call,regular,50,0.2,115,29770.0
2026-08-17,39000,2026-12-10,call,regular,750,0.2,115,29525.0
2026-08-17,39500,2026-12-10,call,regular,500,0.2,115,29035.0
2026-08-17,40000,2026-12-10,call,regular,1200,0.2,115,28540.0
2026-08-17,40500,2026-12-10,call,regular,400,0.2,115,28055.0
2026-08-17,41000,2026-12-10,call,regular,1300,0.2,115,27570.0
2026-08-17,41500,2026-12-10,call,regular,100,0.2,115,27080.0
2026-08-17,42000,2026-12-10,call,regular,1071,0.2,115,26595.0
2026-08-17,42500,2026-12-10,call,regular,250,0.2,115,26105.0
2026-08-17,43000,2026-12-10,call,regular,1400,0.2,115,25620.0
2026-08-17,43750,2026-12-10,call,regular,100,0.2,115,24890.0
2026-08-17,44000,2026-12-10,call,regular,600,0.2,115,24650.0
2026-08-17,45000,2026-12-10,call,regular,1842,0.2,115,23685.0
2026-08-17,45250,2026-12-10,call,regular,413,0.2,115,23440.0
2026-08-17,45500,2026-12-10,call,regular,200,0.2,115,23200.0
2026-08-17,46000,2026-12-10,call,regular,2300,0.2,115,22720.0
2026-08-17,46250,2026-12-10,call,regular,315,0.2,115,22480.0
2026-08-17,47000,2026-12-10,call,regular,350,0.2,115,21755.0
2026-08-17,47500,2026-12-10,call,regular,200,0.2,115,21280.0
2026-08-17,48000,2026-12-10,call,regular,750,0.2,115,20800.0
2026-08-17,49000,2026-12-10,call,regular,1000,0.2,115,19845.0
2026-08-17,49500,2026-12-10,call,regular,260,0.2,115,19375.0
2026-08-17,50000,2026-12-10,call,regular,3342,0.2,115,18900.0
2026-08-17,50250,2026-12-10,call,regular,58,0.2,115,18670.0
2026-08-17,50500,2026-12-10,call,regular,600,0.2,115,18435.0
2026-08-17,50750,2026-12-10,call,regular,45,0.2,115,18200.0
2026-08-17,51000,2026-12-10,call,regular,731,0.2,115,17965.0
2026-08-17,52000,2026-12-10,call,regular,802,0.2,115,17035.0
2026-08-17,52250,2026-12-10,call,regular,250,0.2,115,16805.0
2026-08-17,52500,2026-12-10,call,regular,50,0.2,115,16575.0
2026-08-17,53000,2026-12-10,call,regular,1135,0.2,115,16115.0
2026-08-17,53500,2026-12-10,call,regular,106,0.2,115,15655.0
2026-08-17,54000,2026-12-10,call,regular,1941,0.2,115,15205.0
2026-08-17,54500,2026-12-10,call,regular,540,0.1792,115,14755.0
2026-08-17,55000,2026-12-10,call,regular,1829,0.209,115,14305.0
2026-08-17,55500,2026-12-10,call,regular,300,0.2239,115,13860.0
2026-08-17,56000,2026-12-10,call,regular,791,0.2339,115,13420.0
2026-08-17,56500,2026-12-10,call,regular,283,0.2414,115,12985.0
2026-08-17,57000,2026-12-10,call,regular,500,0.2471,115,12555.0
2026-08-17,57250,2026-12-10,call,regular,113,0.2492,115,12340.0
2026-08-17,57500,2026-12-10,call,regular,80,0.2508,115,12125.0
2026-08-17,58000,2026-12-10,call,regular,2603,0.2545,115,11705.0
2026-08-17,58500,2026-12-10,call,regular,350,0.2568,115,11285.0
2026-08-17,59000,2026-12-10,call,regular,1900,0.2592,115,10875.0
2026-08-17,59500,2026-12-10,call,regular,100,0.2604,115,10465.0
2026-08-17,60000,2026-12-10,call,regular,7264,0.2651,115,10095.0
2026-08-17,60500,2026-12-10,call,regular,102,0.2628,115,9670.0
2026-08-17,61000,2026-12-10,call,regular,813,0.2639,115,9285.0
2026-08-17,62000,2026-12-10,call,regular,1350,0.2648,115,8530.0
2026-08-17,62500,2026-12-10,call,regular,828,0.2652,115,8165.0
2026-08-17,63000,2026-12-10,call,regular,1615,0.2653,115,7805.0
2026-08-17,63750,2026-12-10,call,regular,25,0.2652,115,7280.0
2026-08-17,64000,2026-12-10,call,regular,1990,0.2652,115,7110.0
2026-08-17,65000,2026-12-10,call,regular,3168,0.2649,115,6450.0
2026-08-17,65500,2026-12-10,call,regular,584,0.2648,115,6135.0
2026-08-17,66000,2026-12-10,call,regular,720,0.2644,115,5825.0
2026-08-17,66250,2026-12-10,call,regular,15,0.2646,115,5680.0
2026-08-17,66500,2026-12-10,call,regular,350,0.2636,115,5520.0
2026-08-17,67000,2026-12-10,call,regular,1128,0.2639,115,5240.0
2026-08-17,67250,2026-12-10,call,regular,25,0.2635,115,5095.0
2026-08-17,67500,2026-12-10,call,regular,25,0.2632,115,4955.0
2026-08-17,68000,2026-12-10,call,regular,3143,0.2632,115,4690.0
2026-08-17,68500,2026-12-10,call,regular,220,0.2625,115,4425.0
2026-08-17,69000,2026-12-10,call,regular,1344,0.2625,115,4180.0
2026-08-17,69250,2026-12-10,call,regular,50,0.2621,115,4055.0
2026-08-17,69750,2026-12-10,call,regular,158,0.2618,115,3820.0
2026-08-17,70000,2026-12-10,call,regular,5112,0.2616,115,3705.0
2026-08-17,70500,2026-12-10,call,regular,10,0.2616,115,3490.0
2026-08-17,71000,2026-12-10,call,regular,200,0.2614,115,3280.0
2026-08-17,72000,2026-12-10,call,regular,885,0.2611,115,2890.0
2026-08-17,72250,2026-12-10,call,regular,2,0.2604,115,2790.0
2026-08-17,72500,2026-12-10,call,regular,2193,0.2607,115,2705.0
2026-08-17,73000,2026-12-10,call,regular,800,0.2603,115,2530.0
2026-08-17,73500,2026-12-10,call,regular,400,0.2598,115,2360.0
2026-08-17,74000,2026-12-10,call,regular,1050,0.2607,115,2220.0
2026-08-17,75000,2026-12-10,call,regular,3732,0.2613,115,1945.0
2026-08-17,75750,2026-12-10,call,regular,1,0.2619,115,1760.0
2026-08-17,76000,2026-12-10,call,regular,400,0.2619,115,1700.0
2026-08-17,77000,2026-12-10,call,regular,459,0.262,115,1475.0
2026-08-17,77500,2026-12-10,call,regular,1055,0.2623,115,1375.0
2026-08-17,78000,2026-12-10,call,regular,394,0.2625,115,1280.0
2026-08-17,79000,2026-12-10,call,regular,204,0.2632,115,1110.0
2026-08-17,80000,2026-12-10,call,regular,7196,0.2618,115,940.0
2026-08-17,81000,2026-12-10,call,regular,1,0.2641,115,825.0
2026-08-17,82500,2026-12-10,call,regular,601,0.2652,115,660.0
2026-08-17,84000,2026-12-10,call,regular,402,0.2655,115,520.0
2026-08-17,85000,2026-12-10,call,regular,689,0.2661,115,445.0
2026-08-17,87500,2026-12-10,call,regular,2457,0.2687,115,305.0
2026-08-17,90000,2026-12-10,call,regular,1777,0.2711,115,207.0
2026-08-17,95000,2026-12-10,call,regular,1073,0.2718,115,86.0
2026-08-17,100000,2026-12-10,call,regular,500,0.2901,115,56.0
2026-08-17,54250,2027-01-07,call,regular,27,0.2614,143,15290.0
2026-08-17,61000,2027-01-07,call,regular,26,0.2761,143,9755.0
2026-08-17,63750,2027-01-07,call,regular,50,0.2667,143,7700.0
2026-08-17,64000,2027-01-07,call,regular,100,0.2663,143,7530.0
2026-08-17,69000,2027-01-07,call,regular,1,0.2603,143,4610.0
2026-08-17,69500,2027-01-07,call,regular,2,0.2596,143,4365.0
2026-08-17,70000,2027-01-07,call,regular,2,0.2593,143,4135.0
2026-08-17,70250,2027-01-07,call,regular,1,0.259,143,4020.0
2026-08-17,70500,2027-01-07,call,regular,2,0.2588,143,3910.0
2026-08-17,71000,2027-01-07,call,regular,1,0.2584,143,3695.0
2026-08-17,71500,2027-01-07,call,regular,125,0.258,143,3490.0
2026-08-17,72000,2027-01-07,call,regular,2,0.2581,143,3300.0
2026-08-17,73000,2027-01-07,call,regular,1,0.2573,143,2930.0
2026-08-17,74000,2027-01-07,call,regular,2,0.258,143,2615.0
2026-08-17,80000,2027-01-07,call,regular,1,0.2574,143,1210.0
2026-08-17,100000,2027-01-07,call,regular,3,0.2814,143,98.0
2026-08-17,56000,2027-02-10,call,regular,8,0.2852,177,14145.0
2026-08-17,56750,2027-02-10,call,regular,60,0.2851,177,13525.0
2026-08-17,64000,2027-02-10,call,regular,60,0.2745,177,8120.0
2026-08-17,66000,2027-02-10,call,regular,8,0.2701,177,6855.0
2026-08-17,75000,2027-02-10,call,regular,100,0.2601,177,2825.0
2026-08-17,52000,2027-03-11,call,regular,560,0.2808,206,17755.0
2026-08-17,52750,2027-03-11,call,regular,8,0.2828,206,17105.0
2026-08-17,53000,2027-03-11,call,regular,275,0.2833,206,16890.0
2026-08-17,53500,2027-03-11,call,regular,202,0.2839,206,16460.0
2026-08-17,53750,2027-03-11,call,regular,44,0.284,206,16245.0
2026-08-17,54000,2027-03-11,call,regular,267,0.2844,206,16035.0
2026-08-17,55000,2027-03-11,call,regular,550,0.2849,206,15195.0
2026-08-17,56000,2027-03-11,call,regular,50,0.2847,206,14370.0
2026-08-17,56500,2027-03-11,call,regular,1,0.2845,206,13965.0
2026-08-17,57000,2027-03-11,call,regular,365,0.2843,206,13565.0
2026-08-17,58000,2027-03-11,call,regular,150,0.2833,206,12775.0
2026-08-17,59500,2027-03-11,call,regular,200,0.2817,206,11630.0
2026-08-17,59750,2027-03-11,call,regular,2,0.2815,206,11445.0
2026-08-17,60000,2027-03-11,call,regular,12,0.2811,206,11260.0
2026-08-17,60250,2027-03-11,call,regular,44,0.2807,206,11075.0
2026-08-17,61000,2027-03-11,call,regular,160,0.2798,206,10535.0
2026-08-17,61750,2027-03-11,call,regular,1,0.2786,206,10005.0
2026-08-17,62500,2027-03-11,call,regular,508,0.2775,206,9490.0
2026-08-17,63000,2027-03-11,call,regular,392,0.2767,206,9155.0
2026-08-17,64000,2027-03-11,call,regular,100,0.275,206,8500.0
2026-08-17,64250,2027-03-11,call,regular,100,0.2748,206,8345.0
2026-08-17,65000,2027-03-11,call,regular,801,0.2734,206,7875.0
2026-08-17,66000,2027-03-11,call,regular,700,0.272,206,7280.0
2026-08-17,66250,2027-03-11,call,regular,15,0.2716,206,7135.0
2026-08-17,66500,2027-03-11,call,regular,6,0.2711,206,6990.0
2026-08-17,67000,2027-03-11,call,regular,200,0.2704,206,6710.0
2026-08-17,68000,2027-03-11,call,regular,300,0.2686,206,6165.0
2026-08-17,69000,2027-03-11,call,regular,350,0.2672,206,5655.0
2026-08-17,69250,2027-03-11,call,regular,10,0.2668,206,5530.0
2026-08-17,70000,2027-03-11,call,regular,642,0.2657,206,5170.0
2026-08-17,70500,2027-03-11,call,regular,150,0.265,206,4940.0
2026-08-17,71000,2027-03-11,call,regular,100,0.2642,206,4715.0
2026-08-17,72000,2027-03-11,call,regular,650,0.2629,206,4290.0
2026-08-17,72500,2027-03-11,call,regular,85,0.2624,206,4090.0
2026-08-17,73000,2027-03-11,call,regular,400,0.2617,206,3895.0
2026-08-17,73500,2027-03-11,call,regular,1,0.261,206,3705.0
2026-08-17,74000,2027-03-11,call,regular,3,0.2604,206,3525.0
2026-08-17,75000,2027-03-11,call,regular,454,0.2591,206,3180.0
2026-08-17,77500,2027-03-11,call,regular,400,0.2566,206,2440.0
2026-08-17,80000,2027-03-11,call,regular,288,0.2546,206,1850.0
2026-08-17,82500,2027-03-11,call,regular,737,0.2537,206,1395.0
2026-08-17,85000,2027-03-11,call,regular,330,0.2532,206,1045.0
2026-08-17,90000,2027-03-11,call,regular,312,0.2557,206,600.0
2026-08-17,95000,2027-03-11,call,regular,500,0.265,206,385.0
2026-08-17,100000,2027-03-11,call,regular,78,0.2837,206,305.0
2026-08-17,57000,2027-04-08,call,regular,25,0.2603,234,13485.0
2026-08-17,57750,2027-04-08,call,regular,88,0.2611,234,12905.0
2026-08-17,65000,2027-04-08,call,regular,88,0.2576,234,7900.0
2026-08-17,67000,2027-04-08,call,regular,25,0.2559,234,6760.0
2026-08-17,60250,2027-05-13,call,regular,8,0.2647,269,11425.0
2026-08-17,61250,2027-05-13,call,regular,23,0.2636,269,10725.0
2026-08-17,71000,2027-05-13,call,regular,23,0.2549,269,5280.0
2026-08-17,72000,2027-05-13,call,regular,8,0.2542,269,4865.0
2026-08-17,16250,2027-06-10,call,regular,114,0.2,297,51815.0
2026-08-17,30000,2027-06-10,call,regular,300,0.2,297,38400.0
2026-08-17,33000,2027-06-10,call,regular,50,0.2,297,35510.0
2026-08-17,36000,2027-06-10,call,regular,150,0.2,297,32640.0
2026-08-17,37000,2027-06-10,call,regular,50,0.2,297,31690.0
2026-08-17,37250,2027-06-10,call,regular,480,0.2,297,31455.0
2026-08-17,38500,2027-06-10,call,regular,140,0.2,297,30270.0
2026-08-17,39000,2027-06-10,call,regular,50,0.2,297,29800.0
2026-08-17,44500,2027-06-10,call,regular,300,0.2,297,24695.0
2026-08-17,50000,2027-06-10,call,regular,300,0.2649,297,19815.0
2026-08-17,50500,2027-06-10,call,regular,175,0.2671,297,19390.0
2026-08-17,53000,2027-06-10,call,regular,100,0.272,297,17295.0
2026-08-17,54000,2027-06-10,call,regular,1050,0.2727,297,16480.0
2026-08-17,55000,2027-06-10,call,regular,300,0.2732,297,15685.0
2026-08-17,56000,2027-06-10,call,regular,175,0.2732,297,14905.0
2026-08-17,57000,2027-06-10,call,regular,50,0.2728,297,14140.0
2026-08-17,58500,2027-06-10,call,regular,58,0.2718,297,13025.0
2026-08-17,60000,2027-06-10,call,regular,750,0.2707,297,11960.0
2026-08-17,62500,2027-06-10,call,regular,150,0.2679,297,10280.0
2026-08-17,63000,2027-06-10,call,regular,100,0.2673,297,9960.0
2026-08-17,64000,2027-06-10,call,regular,200,0.2662,297,9340.0
2026-08-17,65000,2027-06-10,call,regular,250,0.2649,297,8740.0
2026-08-17,65500,2027-06-10,call,regular,62,0.2643,297,8450.0
2026-08-17,66500,2027-06-10,call,regular,125,0.2629,297,7885.0
2026-08-17,67000,2027-06-10,call,regular,470,0.2622,297,7610.0
2026-08-17,68000,2027-06-10,call,regular,400,0.2608,297,7080.0
2026-08-17,68250,2027-06-10,call,regular,15,0.2604,297,6950.0
2026-08-17,68500,2027-06-10,call,regular,200,0.2602,297,6825.0
2026-08-17,69250,2027-06-10,call,regular,36,0.259,297,6450.0
2026-08-17,70000,2027-06-10,call,regular,550,0.2582,297,6095.0
2026-08-17,71000,2027-06-10,call,regular,100,0.2567,297,5635.0
2026-08-17,72000,2027-06-10,call,regular,100,0.2553,297,5200.0
2026-08-17,75000,2027-06-10,call,regular,475,0.2514,297,4040.0
2026-08-17,77500,2027-06-10,call,regular,36,0.2481,297,3225.0
2026-08-17,80000,2027-06-10,call,regular,16,0.2461,297,2565.0
2026-08-17,85000,2027-06-10,call,regular,550,0.2468,297,1650.0
2026-08-17,90000,2027-06-10,call,regular,100,0.2481,297,1050.0
2026-08-17,65750,2027-07-08,call,regular,20,0.2597,325,8490.0
2026-08-17,66750,2027-07-08,call,regular,32,0.2588,325,7945.0
2026-08-17,75000,2027-07-08,call,regular,32,0.253,325,4365.0
2026-08-17,77000,2027-07-08,call,regular,20,0.2517,325,3720.0
2026-08-17,65000,2027-09-09,call,regular,1,0.2659,388,9655.0
2026-08-17,77500,2027-09-09,call,regular,2,0.2536,388,4210.0
2026-08-17,28000,2027-12-09,call,regular,50,0.2,479,40340.0
2026-08-17,30000,2027-12-09,call,regular,225,0.2,479,38445.0
2026-08-17,31500,2027-12-09,call,regular,50,0.2,479,37035.0
2026-08-17,32000,2027-12-09,call,regular,100,0.2,479,36565.0
2026-08-17,33000,2027-12-09,call,regular,100,0.2,479,35630.0
2026-08-17,34000,2027-12-09,call,regular,375,0.2,479,34700.0
2026-08-17,35000,2027-12-09,call,regular,201,0.2,479,33775.0
2026-08-17,36000,2027-12-09,call,regular,80,0.2,479,32850.0
2026-08-17,36750,2027-12-09,call,regular,442,0.2,479,32165.0
2026-08-17,37000,2027-12-09,call,regular,200,0.2,479,31935.0
2026-08-17,38000,2027-12-09,call,regular,575,0.2,479,31025.0
2026-08-17,39000,2027-12-09,call,regular,125,0.2,479,30125.0
2026-08-17,39250,2027-12-09,call,regular,50,0.2,479,29900.0
2026-08-17,39500,2027-12-09,call,regular,50,0.2,479,29675.0
2026-08-17,40000,2027-12-09,call,regular,350,0.2,479,29225.0
2026-08-17,40500,2027-12-09,call,regular,450,0.1657,479,28780.0
2026-08-17,41000,2027-12-09,call,regular,375,0.2081,479,28335.0
2026-08-17,42000,2027-12-09,call,regular,200,0.2347,479,27450.0
2026-08-17,43000,2027-12-09,call,regular,400,0.2486,479,26575.0
2026-08-17,43500,2027-12-09,call,regular,150,0.2534,479,26140.0
2026-08-17,45000,2027-12-09,call,regular,1950,0.2634,479,24850.0
2026-08-17,46000,2027-12-09,call,regular,500,0.2675,479,24000.0
2026-08-17,48000,2027-12-09,call,regular,225,0.2724,479,22330.0
2026-08-17,49000,2027-12-09,call,regular,700,0.2736,479,21510.0
2026-08-17,50000,2027-12-09,call,regular,1950,0.2742,479,20700.0
2026-08-17,51000,2027-12-09,call,regular,300,0.2746,479,19905.0
2026-08-17,52500,2027-12-09,call,regular,100,0.2745,479,18735.0
2026-08-17,54000,2027-12-09,call,regular,300,0.2738,479,17595.0
2026-08-17,54500,2027-12-09,call,regular,100,0.2736,479,17225.0
2026-08-17,55000,2027-12-09,call,regular,704,0.2732,479,16855.0
2026-08-17,57000,2027-12-09,call,regular,250,0.2717,479,15420.0
2026-08-17,58000,2027-12-09,call,regular,500,0.2705,479,14720.0
2026-08-17,60000,2027-12-09,call,regular,1225,0.2683,479,13380.0
2026-08-17,61000,2027-12-09,call,regular,200,0.2673,479,12740.0
2026-08-17,62000,2027-12-09,call,regular,200,0.2659,479,12110.0
2026-08-17,62500,2027-12-09,call,regular,70,0.2654,479,11805.0
2026-08-17,63000,2027-12-09,call,regular,300,0.2648,479,11505.0
2026-08-17,63500,2027-12-09,call,regular,50,0.2643,479,11210.0
2026-08-17,64000,2027-12-09,call,regular,780,0.2636,479,10915.0
2026-08-17,65000,2027-12-09,call,regular,550,0.2625,479,10350.0
2026-08-17,66000,2027-12-09,call,regular,475,0.2614,479,9800.0
2026-08-17,67000,2027-12-09,call,regular,100,0.2602,479,9270.0
2026-08-17,68000,2027-12-09,call,regular,200,0.2591,479,8760.0
2026-08-17,69000,2027-12-09,call,regular,850,0.258,479,8270.0
2026-08-17,70000,2027-12-09,call,regular,850,0.257,479,7800.0
2026-08-17,72500,2027-12-09,call,regular,100,0.2545,479,6710.0
2026-08-17,75000,2027-12-09,call,regular,177,0.2523,479,5745.0
2026-08-17,80000,2027-12-09,call,regular,1000,0.2491,479,4160.0
2026-08-17,87500,2027-12-09,call,regular,100,0.2473,479,2530.0
2026-08-17,41500,2028-06-08,call,regular,100,0.2761,661,28545.0
2026-08-17,28000,2028-12-07,call,regular,50,0.2,843,40840.0
2026-08-17,30000,2028-12-07,call,regular,80,0.2,843,39050.0
2026-08-17,31000,2028-12-07,call,regular,200,0.2,843,38160.0
2026-08-17,32000,2028-12-07,call,regular,75,0.2,843,37275.0
2026-08-17,33000,2028-12-07,call,regular,125,0.2299,843,36395.0
2026-08-17,34500,2028-12-07,call,regular,330,0.2586,843,35085.0
2026-08-17,34750,2028-12-07,call,regular,100,0.2618,843,34870.0
2026-08-17,35500,2028-12-07,call,regular,443,0.2678,843,34215.0
2026-08-17,36000,2028-12-07,call,regular,450,0.2715,843,33785.0
2026-08-17,36500,2028-12-07,call,regular,52,0.2744,843,33355.0
2026-08-17,38000,2028-12-07,call,regular,120,0.2801,843,32070.0
2026-08-17,39000,2028-12-07,call,regular,575,0.2823,843,31220.0
2026-08-17,40000,2028-12-07,call,regular,30,0.2835,843,30375.0
2026-08-17,41000,2028-12-07,call,regular,375,0.2843,843,29540.0
2026-08-17,42000,2028-12-07,call,regular,65,0.2845,843,28710.0
2026-08-17,42500,2028-12-07,call,regular,100,0.2846,843,28300.0
2026-08-17,50000,2028-12-07,call,regular,400,0.2778,843,22405.0
2026-08-17,53000,2028-12-07,call,regular,50,0.2738,843,20225.0
2026-08-17,55000,2028-12-07,call,regular,50,0.2712,843,18840.0
2026-08-17,56000,2028-12-07,call,regular,650,0.2698,843,18165.0
2026-08-17,60000,2028-12-07,call,regular,250,0.2647,843,15620.0
2026-08-17,67500,2028-12-07,call,regular,100,0.257,843,11535.0
2026-08-17,75000,2028-12-07,call,regular,80,0.2515,843,8335.0
2026-08-17,80000,2028-12-07,call,regular,200,0.2486,843,6640.0
2026-08-17,50000,2029-12-13,call,regular,100,0.2762,1214,23885.0
2026-08-17,60000,2029-12-13,call,regular,375,0.2637,1214,17520.0
2026-08-17,65000,2029-12-13,call,regular,50,0.2599,1214,14890.0
2026-08-17,57000,2030-12-12,call,regular,300,0.27,1578,20995.0
2026-08-17,64000,2030-12-12,call,regular,3,0.2637,1578,17265.0
2026-08-17,58375,2026-08-19,put,mini,42,0.7468,2,1.0
2026-08-17,62000,2026-08-19,put,mini,6,0.5978,2,6.0
2026-08-17,66000,2026-08-19,put,mini,1,0.4883,2,107.0
2026-08-17,58375,2026-08-21,put,mini,1890,0.6131,4,5.0
2026-08-17,58500,2026-08-21,put,mini,2067,0.6061,4,5.0
2026-08-17,58625,2026-08-21,put,mini,3,0.5992,4,5.0
2026-08-17,58750,2026-08-21,put,mini,200,0.6038,4,6.0
2026-08-17,58875,2026-08-21,put,mini,1,0.607,4,7.0
2026-08-17,59000,2026-08-21,put,mini,96,0.6089,4,8.0
2026-08-17,59125,2026-08-21,put,mini,3,0.6017,4,8.0
2026-08-17,59375,2026-08-21,put,mini,3,0.5953,4,9.0
2026-08-17,59500,2026-08-21,put,mini,23,0.588,4,9.0
2026-08-17,59750,2026-08-21,put,mini,3,0.5807,4,10.0
2026-08-17,60000,2026-08-21,put,mini,131,0.566,4,10.0
2026-08-17,60125,2026-08-21,put,mini,4,0.5714,4,12.0
2026-08-17,60250,2026-08-21,put,mini,2,0.5639,4,12.0
2026-08-17,60500,2026-08-21,put,mini,11,0.549,4,12.0
2026-08-17,60750,2026-08-21,put,mini,13,0.5397,4,13.0
2026-08-17,60875,2026-08-21,put,mini,1,0.5322,4,13.0
2026-08-17,61000,2026-08-21,put,mini,129,0.5298,4,14.0
2026-08-17,61250,2026-08-21,put,mini,3,0.524,4,16.0
2026-08-17,61375,2026-08-21,put,mini,1,0.5206,4,17.0
2026-08-17,61500,2026-08-21,put,mini,80,0.5209,4,19.0
2026-08-17,61625,2026-08-21,put,mini,2,0.5132,4,19.0
2026-08-17,61750,2026-08-21,put,mini,1,0.5091,4,20.0
2026-08-17,62000,2026-08-21,put,mini,119,0.497,4,21.0
2026-08-17,62125,2026-08-21,put,mini,22,0.4925,4,22.0
2026-08-17,62250,2026-08-21,put,mini,3,0.4878,4,23.0
2026-08-17,62500,2026-08-21,put,mini,49,0.4809,4,26.0
2026-08-17,62625,2026-08-21,put,mini,3,0.4756,4,27.0
2026-08-17,62750,2026-08-21,put,mini,21,0.4728,4,29.0
2026-08-17,62875,2026-08-21,put,mini,2,0.4697,4,31.0
2026-08-17,63000,2026-08-21,put,mini,72,0.4639,4,32.0
2026-08-17,63250,2026-08-21,put,mini,101,0.4667,4,41.0
2026-08-17,63375,2026-08-21,put,mini,3,0.4562,4,40.0
2026-08-17,63500,2026-08-21,put,mini,187,0.4515,4,42.0
2026-08-17,63625,2026-08-21,put,mini,46,0.4503,4,46.0
2026-08-17,63750,2026-08-21,put,mini,103,0.4434,4,47.0
2026-08-17,63875,2026-08-21,put,mini,3,0.4446,4,53.0
2026-08-17,64000,2026-08-21,put,mini,500,0.4435,4,58.0
2026-08-17,64125,2026-08-21,put,mini,50,0.436,4,59.0
2026-08-17,64250,2026-08-21,put,mini,74,0.434,4,64.0
2026-08-17,64375,2026-08-21,put,mini,1,0.4354,4,72.0
2026-08-17,64500,2026-08-21,put,mini,161,0.4236,4,70.0
2026-08-17,64625,2026-08-21,put,mini,2,0.4287,4,82.0
2026-08-17,64750,2026-08-21,put,mini,3,0.4259,4,88.0
2026-08-17,64875,2026-08-21,put,mini,10,0.4185,4,90.0
2026-08-17,65000,2026-08-21,put,mini,738,0.418,4,99.0
2026-08-17,65250,2026-08-21,put,mini,45,0.4124,4,114.0
2026-08-17,65500,2026-08-21,put,mini,206,0.4024,4,126.0
2026-08-17,65625,2026-08-21,put,mini,1,0.4081,4,146.0
2026-08-17,65750,2026-08-21,put,mini,118,0.4086,4,161.0
2026-08-17,65875,2026-08-21,put,mini,280,0.4069,4,174.0
2026-08-17,66000,2026-08-21,put,mini,840,0.4093,4,194.0
2026-08-17,66125,2026-08-21,put,mini,205,0.405,4,205.0
2026-08-17,66250,2026-08-21,put,mini,11,0.4027,4,220.0
2026-08-17,66375,2026-08-21,put,mini,4,0.4056,4,245.0
2026-08-17,66500,2026-08-21,put,mini,86,0.4064,4,268.0
2026-08-17,66625,2026-08-21,put,mini,282,0.4016,4,282.0
2026-08-17,66750,2026-08-21,put,mini,62,0.4061,4,315.0
2026-08-17,66875,2026-08-21,put,mini,10,0.4007,4,330.0
2026-08-17,67000,2026-08-21,put,mini,516,0.4067,4,370.0
2026-08-17,67125,2026-08-21,put,mini,55,0.4047,4,395.0
2026-08-17,67250,2026-08-21,put,mini,184,0.4065,4,430.0
2026-08-17,67375,2026-08-21,put,mini,1,0.4053,4,460.0
2026-08-17,67500,2026-08-21,put,mini,229,0.4076,4,500.0
2026-08-17,67625,2026-08-21,put,mini,550,0.4131,4,550.0
2026-08-17,67750,2026-08-21,put,mini,15,0.4076,4,575.0
2026-08-17,67875,2026-08-21,put,mini,635,0.4153,4,635.0
2026-08-17,68000,2026-08-21,put,mini,596,0.4161,4,680.0
2026-08-17,68125,2026-08-21,put,mini,1,0.4125,4,715.0
2026-08-17,68250,2026-08-21,put,mini,15,0.412,4,760.0
2026-08-17,68375,2026-08-21,put,mini,2,0.4162,4,820.0
2026-08-17,68500,2026-08-21,put,mini,168,0.4284,4,905.0
2026-08-17,68625,2026-08-21,put,mini,11,0.4274,4,955.0
2026-08-17,68750,2026-08-21,put,mini,26,0.4309,4,1020.0
2026-08-17,68875,2026-08-21,put,mini,1,0.4266,4,1065.0
2026-08-17,69000,2026-08-21,put,mini,123,0.4322,4,1140.0
2026-08-17,69125,2026-08-21,put,mini,2,0.437,4,1215.0
2026-08-17,69250,2026-08-21,put,mini,13,0.4359,4,1275.0
2026-08-17,69500,2026-08-21,put,mini,52,0.4456,4,1435.0
2026-08-17,70000,2026-08-21,put,mini,1,0.4626,4,1770.0
2026-08-17,70500,2026-08-21,put,mini,2150,0.4866,4,2150.0
2026-08-17,59875,2026-08-26,put,mini,44,0.4696,9,44.0
2026-08-17,62000,2026-08-26,put,mini,81,0.4162,9,81.0
2026-08-17,62625,2026-08-26,put,mini,104,0.4057,9,104.0
2026-08-17,65500,2026-08-26,put,mini,2,0.3673,9,350.0
2026-08-17,68250,2026-08-26,put,mini,2,0.3619,9,1120.0
2026-08-17,58375,2026-08-28,put,mini,36,0.4709,11,35.0
2026-08-17,58500,2026-08-28,put,mini,24,0.4657,11,35.0
2026-08-17,58625,2026-08-28,put,mini,3,0.4682,11,39.0
2026-08-17,58875,2026-08-28,put,mini,3,0.4731,11,48.0
2026-08-17,59000,2026-08-28,put,mini,10,0.4754,11,53.0
2026-08-17,59125,2026-08-28,put,mini,3,0.47,11,53.0
2026-08-17,59500,2026-08-28,put,mini,4,0.4582,11,56.0
2026-08-17,60000,2026-08-28,put,mini,7,0.4419,11,60.0
2026-08-17,60375,2026-08-28,put,mini,1,0.4375,11,70.0
2026-08-17,60875,2026-08-28,put,mini,1,0.429,11,83.0
2026-08-17,61000,2026-08-28,put,mini,21,0.4262,11,86.0
2026-08-17,61125,2026-08-28,put,mini,2,0.4234,11,89.0
2026-08-17,61250,2026-08-28,put,mini,1,0.4213,11,93.0
2026-08-17,61375,2026-08-28,put,mini,1,0.4183,11,96.0
2026-08-17,62000,2026-08-28,put,mini,23,0.4015,11,111.0
2026-08-17,62500,2026-08-28,put,mini,1,0.4007,11,144.0
2026-08-17,62750,2026-08-28,put,mini,4,0.3983,11,160.0
2026-08-17,63000,2026-08-28,put,mini,1,0.3939,11,174.0
2026-08-17,63500,2026-08-28,put,mini,1,0.3807,11,197.0
2026-08-17,64000,2026-08-28,put,mini,11,0.3796,11,251.0
2026-08-17,64500,2026-08-28,put,mini,50,0.371,11,297.0
2026-08-17,64750,2026-08-28,put,mini,50,0.3656,11,320.0
2026-08-17,65000,2026-08-28,put,mini,95,0.3566,11,335.0
2026-08-17,65500,2026-08-28,put,mini,5,0.3648,11,450.0
2026-08-17,66000,2026-08-28,put,mini,1,0.3637,11,555.0
2026-08-17,66250,2026-08-28,put,mini,4,0.3621,11,610.0
2026-08-17,67500,2026-08-28,put,mini,3,0.3601,11,980.0
2026-08-17,67750,2026-08-28,put,mini,4,0.3609,11,1075.0
2026-08-17,68000,2026-08-28,put,mini,4,0.3615,11,1175.0
2026-08-17,68125,2026-08-28,put,mini,1225,0.3613,11,1225.0
2026-08-17,68250,2026-08-28,put,mini,4,0.3619,11,1280.0
2026-08-17,68500,2026-08-28,put,mini,2,0.3654,11,1405.0
2026-08-17,68750,2026-08-28,put,mini,2,0.3486,11,1440.0
2026-08-17,69000,2026-08-28,put,mini,2,0.355,11,1590.0
2026-08-17,69250,2026-08-28,put,mini,3,0.3538,11,1710.0
2026-08-17,69500,2026-08-28,put,mini,4,0.3576,11,1860.0
2026-08-17,69625,2026-08-28,put,mini,1,0.3685,11,1980.0
2026-08-17,65500,2026-09-02,put,mini,2,0.3554,16,665.0
2026-08-17,68250,2026-09-02,put,mini,2,0.3474,16,1545.0
2026-08-17,58875,2026-09-04,put,mini,1,0.4439,18,132.0
2026-08-17,66000,2026-09-04,put,mini,3,0.3517,18,875.0
2026-08-17,66250,2026-09-04,put,mini,4,0.3511,18,945.0
2026-08-17,67750,2026-09-04,put,mini,4,0.3454,18,1440.0
2026-08-17,68250,2026-09-04,put,mini,2,0.3451,18,1650.0
2026-08-17,58375,2026-09-11,put,mini,24,0.4336,25,210.0
2026-08-17,58500,2026-09-11,put,mini,182,0.4315,25,215.0
2026-08-17,58750,2026-09-11,put,mini,37,0.4278,25,226.0
2026-08-17,59000,2026-09-11,put,mini,262,0.4246,25,239.0
2026-08-17,59250,2026-09-11,put,mini,3,0.4187,25,246.0
2026-08-17,59375,2026-09-11,put,mini,252,0.4167,25,252.0
2026-08-17,59500,2026-09-11,put,mini,34,0.4174,25,265.0
2026-08-17,59750,2026-09-11,put,mini,3,0.4112,25,272.0
2026-08-17,59875,2026-09-11,put,mini,1,0.4119,25,286.0
2026-08-17,60000,2026-09-11,put,mini,398,0.4107,25,295.0
2026-08-17,60250,2026-09-11,put,mini,2,0.4068,25,310.0
2026-08-17,60375,2026-09-11,put,mini,4,0.4057,25,320.0
2026-08-17,60500,2026-09-11,put,mini,19,0.4028,25,325.0
2026-08-17,60625,2026-09-11,put,mini,1,0.4031,25,340.0
2026-08-17,60750,2026-09-11,put,mini,350,0.4016,25,350.0
2026-08-17,60875,2026-09-11,put,mini,1,0.4001,25,360.0
2026-08-17,61000,2026-09-11,put,mini,59,0.3985,25,370.0
2026-08-17,61125,2026-09-11,put,mini,1,0.3953,25,375.0
2026-08-17,61250,2026-09-11,put,mini,56,0.3921,25,380.0
2026-08-17,61375,2026-09-11,put,mini,2,0.3903,25,390.0
2026-08-17,61500,2026-09-11,put,mini,73,0.3913,25,410.0
2026-08-17,61625,2026-09-11,put,mini,1,0.3893,25,420.0
2026-08-17,61750,2026-09-11,put,mini,10,0.39,25,440.0
2026-08-17,62000,2026-09-11,put,mini,137,0.3855,25,460.0
2026-08-17,62250,2026-09-11,put,mini,5,0.3821,25,485.0
2026-08-17,62500,2026-09-11,put,mini,518,0.3796,25,515.0
2026-08-17,62750,2026-09-11,put,mini,33,0.3779,25,550.0
2026-08-17,63000,2026-09-11,put,mini,135,0.3757,25,585.0
2026-08-17,63125,2026-09-11,put,mini,600,0.3739,25,600.0
2026-08-17,63250,2026-09-11,put,mini,59,0.3742,25,625.0
2026-08-17,63500,2026-09-11,put,mini,45,0.3712,25,660.0
2026-08-17,63625,2026-09-11,put,mini,1,0.369,25,675.0
2026-08-17,63750,2026-09-11,put,mini,72,0.3688,25,700.0
2026-08-17,64000,2026-09-11,put,mini,180,0.367,25,745.0
2026-08-17,64125,2026-09-11,put,mini,20,0.3654,25,765.0
2026-08-17,64250,2026-09-11,put,mini,213,0.3627,25,780.0
2026-08-17,64375,2026-09-11,put,mini,1,0.3639,25,815.0
2026-08-17,64500,2026-09-11,put,mini,168,0.3629,25,840.0
2026-08-17,64750,2026-09-11,put,mini,5,0.3606,25,890.0
2026-08-17,65000,2026-09-11,put,mini,193,0.3615,25,960.0
2026-08-17,65125,2026-09-11,put,mini,1,0.3573,25,970.0
2026-08-17,65250,2026-09-11,put,mini,6,0.3556,25,995.0
2026-08-17,65375,2026-09-11,put,mini,6,0.3547,25,1025.0
2026-08-17,65500,2026-09-11,put,mini,35,0.3563,25,1070.0
2026-08-17,65625,2026-09-11,put,mini,1095,0.3542,25,1095.0
2026-08-17,65750,2026-09-11,put,mini,30,0.3538,25,1130.0
2026-08-17,65875,2026-09-11,put,mini,1155,0.3516,25,1155.0
2026-08-17,66000,2026-09-11,put,mini,94,0.3525,25,1200.0
2026-08-17,66250,2026-09-11,put,mini,4,0.3499,25,1265.0
2026-08-17,66500,2026-09-11,put,mini,21,0.3499,25,1350.0
2026-08-17,66750,2026-09-11,put,mini,7,0.3478,25,1425.0
2026-08-17,66875,2026-09-11,put,mini,1470,0.3477,25,1470.0
2026-08-17,67000,2026-09-11,put,mini,56,0.3489,25,1525.0
2026-08-17,67125,2026-09-11,put,mini,1555,0.3463,25,1555.0
2026-08-17,67250,2026-09-11,put,mini,1595,0.345,25,1595.0
2026-08-17,67500,2026-09-11,put,mini,19,0.3458,25,1700.0
2026-08-17,67750,2026-09-11,put,mini,16,0.3445,25,1795.0
2026-08-17,68000,2026-09-11,put,mini,58,0.3434,25,1895.0
2026-08-17,68250,2026-09-11,put,mini,238,0.3432,25,2005.0
2026-08-17,68375,2026-09-11,put,mini,4,0.3414,25,2050.0
2026-08-17,68500,2026-09-11,put,mini,96,0.3437,25,2125.0
2026-08-17,68625,2026-09-11,put,mini,1,0.3417,25,2170.0
2026-08-17,68750,2026-09-11,put,mini,131,0.3403,25,2220.0
2026-08-17,68875,2026-09-11,put,mini,1,0.3394,25,2275.0
2026-08-17,69000,2026-09-11,put,mini,131,0.3439,25,2370.0
2026-08-17,69125,2026-09-11,put,mini,1,0.3414,25,2415.0
2026-08-17,69250,2026-09-11,put,mini,9,0.3408,25,2475.0
2026-08-17,69500,2026-09-11,put,mini,11,0.3412,25,2610.0
2026-08-17,69625,2026-09-11,put,mini,1,0.3409,25,2675.0
2026-08-17,69750,2026-09-11,put,mini,12,0.3418,25,2750.0
2026-08-17,70000,2026-09-11,put,mini,14,0.3432,25,2900.0
2026-08-17,70500,2026-09-11,put,mini,1,0.3444,25,3200.0
2026-08-17,71000,2026-09-11,put,mini,3525,0.347,25,3525.0
2026-08-17,71250,2026-09-11,put,mini,6,0.348,25,3690.0
2026-08-17,71500,2026-09-11,put,mini,9,0.3506,25,3870.0
2026-08-17,71750,2026-09-11,put,mini,415,0.3527,25,4050.0
2026-08-17,72000,2026-09-11,put,mini,9,0.3544,25,4230.0
2026-08-17,72250,2026-09-11,put,mini,47,0.3571,25,4420.0
2026-08-17,72375,2026-09-11,put,mini,4500,0.356,25,4500.0
2026-08-17,72500,2026-09-11,put,mini,20,0.3587,25,4605.0
2026-08-17,72750,2026-09-11,put,mini,29,0.3613,25,4800.0
2026-08-17,73000,2026-09-11,put,mini,72,0.3652,25,5005.0
2026-08-17,73250,2026-09-11,put,mini,245,0.3663,25,5195.0
2026-08-17,73500,2026-09-11,put,mini,105,0.3702,25,5405.0
2026-08-17,73750,2026-09-11,put,mini,3,0.3705,25,5595.0
2026-08-17,74000,2026-09-11,put,mini,28,0.3737,25,5805.0
2026-08-17,74250,2026-09-11,put,mini,1,0.3766,25,6015.0
2026-08-17,75000,2026-09-11,put,mini,62,0.387,25,6665.0
2026-08-17,75250,2026-09-11,put,mini,12,0.3905,25,6885.0
2026-08-17,68250,2026-09-18,put,mini,6,0.3327,32,2240.0
2026-08-17,68750,2026-09-18,put,mini,3,0.331,32,2465.0
2026-08-17,58375,2026-10-09,put,mini,13,0.3883,53,580.0
2026-08-17,58500,2026-10-09,put,mini,8,0.3858,53,585.0
2026-08-17,58750,2026-10-09,put,mini,3,0.3836,53,610.0
2026-08-17,59000,2026-10-09,put,mini,6,0.3812,53,635.0
2026-08-17,59375,2026-10-09,put,mini,2,0.3796,53,685.0
2026-08-17,59500,2026-10-09,put,mini,4,0.3778,53,695.0
2026-08-17,59750,2026-10-09,put,mini,4,0.3757,53,725.0
2026-08-17,59875,2026-10-09,put,mini,1,0.3763,53,750.0
2026-08-17,60000,2026-10-09,put,mini,19,0.3735,53,755.0
2026-08-17,60500,2026-10-09,put,mini,1,0.3701,53,825.0
2026-08-17,60750,2026-10-09,put,mini,1,0.3688,53,865.0
2026-08-17,61000,2026-10-09,put,mini,3,0.3666,53,900.0
2026-08-17,61125,2026-10-09,put,mini,4,0.3672,53,930.0
2026-08-17,61250,2026-10-09,put,mini,1,0.3649,53,940.0
2026-08-17,61500,2026-10-09,put,mini,985,0.3637,53,985.0
2026-08-17,62000,2026-10-09,put,mini,11,0.3599,53,1070.0
2026-08-17,62250,2026-10-09,put,mini,3,0.3587,53,1120.0
2026-08-17,62375,2026-10-09,put,mini,1,0.3593,53,1155.0
2026-08-17,62750,2026-10-09,put,mini,91,0.3562,53,1225.0
2026-08-17,63000,2026-10-09,put,mini,8,0.3549,53,1280.0
2026-08-17,63250,2026-10-09,put,mini,2,0.354,53,1340.0
2026-08-17,63500,2026-10-09,put,mini,1395,0.3522,53,1395.0
2026-08-17,63625,2026-10-09,put,mini,2,0.3521,53,1430.0
2026-08-17,63750,2026-10-09,put,mini,215,0.3514,53,1460.0
2026-08-17,63875,2026-10-09,put,mini,1,0.3524,53,1505.0
2026-08-17,64000,2026-10-09,put,mini,31,0.3491,53,1515.0
2026-08-17,64250,2026-10-09,put,mini,45,0.349,53,1590.0
2026-08-17,64500,2026-10-09,put,mini,45,0.3474,53,1655.0
2026-08-17,64750,2026-10-09,put,mini,5,0.3473,53,1735.0
2026-08-17,64875,2026-10-09,put,mini,1,0.3465,53,1770.0
2026-08-17,65000,2026-10-09,put,mini,13,0.3452,53,1800.0
2026-08-17,65250,2026-10-09,put,mini,37,0.3445,53,1880.0
2026-08-17,65375,2026-10-09,put,mini,1,0.3446,53,1925.0
2026-08-17,65500,2026-10-09,put,mini,5,0.3446,53,1970.0
2026-08-17,65750,2026-10-09,put,mini,1,0.3434,53,2050.0
2026-08-17,66000,2026-10-09,put,mini,2,0.3419,53,2130.0
2026-08-17,66500,2026-10-09,put,mini,13,0.3418,53,2325.0
2026-08-17,67000,2026-10-09,put,mini,18,0.3401,53,2515.0
2026-08-17,67500,2026-10-09,put,mini,12,0.3392,53,2725.0
2026-08-17,68000,2026-10-09,put,mini,11,0.3378,53,2940.0
2026-08-17,68250,2026-10-09,put,mini,493,0.3384,53,3065.0
2026-08-17,68500,2026-10-09,put,mini,158,0.3368,53,3170.0
2026-08-17,68750,2026-10-09,call,mini,202,0.2909,53,3295.0
2026-08-17,69000,2026-10-09,call,mini,112,0.3147,53,3420.0
2026-08-17,69500,2026-10-09,call,mini,18,0.3629,53,3690.0
2026-08-17,69750,2026-10-09,call,mini,6,0.3866,53,3825.0
2026-08-17,71250,2026-10-09,call,mini,3,0.5332,53,4730.0
2026-08-17,71750,2026-10-09,call,mini,127,0.584,53,5065.0
2026-08-17,65250,2026-11-13,call,mini,2,0.2,88,2565.0
2026-08-17,65375,2026-11-13,call,mini,1,0.2,88,2595.0
2026-08-17,65500,2026-11-13,call,mini,1,0.2,88,2655.0
2026-08-17,62000,2026-08-19,call,mini,6675,0.2,2,6675.0
2026-08-17,62000,2026-08-21,call,mini,6700,0.2,4,6700.0
2026-08-17,62750,2026-08-21,call,mini,5960,0.2,4,5960.0
2026-08-17,64000,2026-08-21,call,mini,13,0.2,4,4735.0
2026-08-17,64500,2026-08-21,call,mini,4,0.2,4,4255.0
2026-08-17,65000,2026-08-21,call,mini,4,0.2,4,3780.0
2026-08-17,65250,2026-08-21,call,mini,1,0.2,4,3545.0
2026-08-17,65500,2026-08-21,call,mini,13,0.2,4,3315.0
2026-08-17,66000,2026-08-21,call,mini,16,0.2,4,2870.0
2026-08-17,66125,2026-08-21,call,mini,2760,0.2,4,2760.0
2026-08-17,66250,2026-08-21,call,mini,4,0.2,4,2650.0
2026-08-17,66375,2026-08-21,call,mini,2550,0.2,4,2550.0
2026-08-17,66500,2026-08-21,call,mini,20,0.2,4,2445.0
2026-08-17,66625,2026-08-21,call,mini,2340,0.2,4,2340.0
2026-08-17,66750,2026-08-21,call,mini,3,0.2,4,2300.0
2026-08-17,66875,2026-08-21,call,mini,1,0.2,4,2135.0
2026-08-17,67000,2026-08-21,call,mini,17,0.2,4,2045.0
2026-08-17,67125,2026-08-21,call,mini,1945,0.2,4,1945.0
2026-08-17,67250,2026-08-21,call,mini,21,0.2,4,1860.0
2026-08-17,67375,2026-08-21,call,mini,3,0.2,4,1765.0
2026-08-17,67500,2026-08-21,call,mini,84,0.2,4,1675.0
2026-08-17,67625,2026-08-21,call,mini,34,0.1172,4,1605.0
2026-08-17,67750,2026-08-21,call,mini,74,0.1425,4,1505.0
2026-08-17,67875,2026-08-21,call,mini,84,0.1769,4,1440.0
2026-08-17,68000,2026-08-21,call,mini,247,0.1878,4,1355.0
2026-08-17,68125,2026-08-21,call,mini,6,0.1951,4,1270.0
2026-08-17,68250,2026-08-21,call,mini,14,0.202,4,1190.0
2026-08-17,68375,2026-08-21,call,mini,1,0.2107,4,1120.0
2026-08-17,68500,2026-08-21,call,mini,62,0.1977,4,1000.0
2026-08-17,68625,2026-08-21,call,mini,1,0.2237,4,985.0
2026-08-17,68750,2026-08-21,call,mini,8,0.2302,4,925.0
2026-08-17,68875,2026-08-21,call,mini,1,0.2334,4,860.0
2026-08-17,69000,2026-08-21,call,mini,277,0.23,4,780.0
2026-08-17,69250,2026-08-21,call,mini,9,0.2489,4,705.0
2026-08-17,69375,2026-08-21,call,mini,28,0.2382,4,615.0
2026-08-17,69500,2026-08-21,call,mini,144,0.2542,4,605.0
2026-08-17,69625,2026-08-21,call,mini,1,0.2604,4,570.0
2026-08-17,69750,2026-08-21,call,mini,23,0.2585,4,515.0
2026-08-17,69875,2026-08-21,call,mini,103,0.2627,4,480.0
2026-08-17,70000,2026-08-21,call,mini,327,0.264,4,440.0
2026-08-17,70125,2026-08-21,call,mini,420,0.272,4,420.0
2026-08-17,70250,2026-08-21,call,mini,59,0.2694,4,375.0
2026-08-17,70375,2026-08-21,call,mini,1,0.2656,4,330.0
2026-08-17,70500,2026-08-21,call,mini,406,0.2667,4,300.0
2026-08-17,70750,2026-08-21,call,mini,51,0.2804,4,272.0
2026-08-17,71000,2026-08-21,call,mini,354,0.2747,4,209.0
2026-08-17,71125,2026-08-21,call,mini,2,0.2847,4,206.0
2026-08-17,71250,2026-08-21,call,mini,300,0.2765,4,170.0
2026-08-17,62000,2026-08-26,call,mini,6770,0.2,9,6770.0
2026-08-17,65500,2026-08-26,call,mini,2,0.2,9,3540.0
2026-08-17,68250,2026-08-26,call,mini,2,0.2335,9,1565.0
2026-08-17,62000,2026-08-28,call,mini,6760,0.2,11,6760.0
2026-08-17,62750,2026-08-28,call,mini,4,0.2,11,6060.0
2026-08-17,64000,2026-08-28,call,mini,4,0.2,11,4900.0
2026-08-17,65375,2026-08-28,call,mini,1,0.2,11,3705.0
2026-08-17,65500,2026-08-28,call,mini,2,0.2,11,3600.0
2026-08-17,66250,2026-08-28,call,mini,4,0.1539,11,3010.0
2026-08-17,67750,2026-08-28,call,mini,4,0.2285,11,1975.0
2026-08-17,68250,2026-08-28,call,mini,2,0.237,11,1680.0
2026-08-17,68500,2026-08-28,call,mini,4,0.2429,11,1555.0
2026-08-17,68750,2026-08-28,call,mini,5,0.2277,11,1340.0
2026-08-17,69000,2026-08-28,call,mini,8,0.2352,11,1240.0
2026-08-17,69250,2026-08-28,call,mini,5,0.2344,11,1110.0
2026-08-17,69500,2026-08-28,call,mini,1,0.2381,11,1010.0
2026-08-17,69750,2026-08-28,call,mini,2,0.2495,11,955.0
2026-08-17,70000,2026-08-28,call,mini,1,0.2444,11,830.0
2026-08-17,70500,2026-08-28,call,mini,2,0.2463,11,660.0
2026-08-17,70875,2026-08-28,call,mini,1,0.2569,11,590.0
2026-08-17,71000,2026-08-28,call,mini,5,0.257,11,555.0
2026-08-17,71250,2026-08-28,call,mini,4,0.261,11,505.0
2026-08-17,65500,2026-09-02,call,mini,2,0.1953,16,3835.0
2026-08-17,68250,2026-09-02,call,mini,2,0.2484,16,1965.0
2026-08-17,65500,2026-09-04,call,mini,3,0.2151,18,3920.0
2026-08-17,66250,2026-09-04,call,mini,4,0.2343,18,3365.0
2026-08-17,67750,2026-09-04,call,mini,4,0.249,18,2360.0
2026-08-17,68250,2026-09-04,call,mini,2,0.252,18,2070.0
2026-08-17,58500,2026-09-11,call,mini,2,0.2,25,10395.0
2026-08-17,58750,2026-09-11,call,mini,10160,0.2,25,10160.0
2026-08-17,59000,2026-09-11,call,mini,3,0.2,25,9920.0
2026-08-17,59250,2026-09-11,call,mini,9680,0.2,25,9680.0
2026-08-17,59375,2026-09-11,call,mini,1,0.2,25,9560.0
2026-08-17,59500,2026-09-11,call,mini,9445,0.2,25,9445.0
2026-08-17,59750,2026-09-11,call,mini,9205,0.2,25,9205.0
2026-08-17,60000,2026-09-11,call,mini,1,0.2,25,8975.0
2026-08-17,60250,2026-09-11,call,mini,8745,0.2,25,8745.0
2026-08-17,61000,2026-09-11,call,mini,1,0.2,25,8045.0
2026-08-17,61250,2026-09-11,call,mini,32,0.2,25,7815.0
2026-08-17,61500,2026-09-11,call,mini,26,0.2,25,7590.0
2026-08-17,62000,2026-09-11,call,mini,3,0.2,25,7140.0
2026-08-17,62250,2026-09-11,call,mini,2,0.2,25,6920.0
2026-08-17,62500,2026-09-11,call,mini,6,0.2,25,6695.0
2026-08-17,62750,2026-09-11,call,mini,1,0.1517,25,6480.0
2026-08-17,62875,2026-09-11,call,mini,6370,0.1765,25,6370.0
2026-08-17,63000,2026-09-11,call,mini,61,0.189,25,6260.0
2026-08-17,63250,2026-09-11,call,mini,52,0.2067,25,6045.0
2026-08-17,63500,2026-09-11,call,mini,31,0.2194,25,5835.0
2026-08-17,63750,2026-09-11,call,mini,327,0.2276,25,5625.0
2026-08-17,64000,2026-09-11,call,mini,119,0.2299,25,5405.0
2026-08-17,64250,2026-09-11,call,mini,299,0.2369,25,5205.0
2026-08-17,64375,2026-09-11,call,mini,1,0.2424,25,5115.0
2026-08-17,64500,2026-09-11,call,mini,108,0.2405,25,5000.0
2026-08-17,64750,2026-09-11,call,mini,11,0.244,25,4800.0
2026-08-17,65000,2026-09-11,call,mini,27,0.2496,25,4615.0
2026-08-17,65125,2026-09-11,call,mini,3,0.2523,25,4525.0
2026-08-17,65250,2026-09-11,call,mini,15,0.2505,25,4415.0
2026-08-17,65500,2026-09-11,call,mini,19,0.2545,25,4235.0
2026-08-17,65750,2026-09-11,call,mini,20,0.2563,25,4050.0
2026-08-17,66000,2026-09-11,call,mini,21,0.2581,25,3870.0
2026-08-17,66125,2026-09-11,call,mini,2,0.2596,25,3785.0
2026-08-17,66250,2026-09-11,call,mini,8,0.259,25,3690.0
2026-08-17,66500,2026-09-11,call,mini,24,0.2608,25,3520.0
2026-08-17,66625,2026-09-11,call,mini,1,0.2637,25,3450.0
2026-08-17,66750,2026-09-11,call,mini,19,0.2624,25,3355.0
2026-08-17,66875,2026-09-11,call,mini,3280,0.2641,25,3280.0
2026-08-17,67000,2026-09-11,call,mini,59,0.2624,25,3185.0
2026-08-17,67125,2026-09-11,call,mini,2,0.2645,25,3115.0
2026-08-17,67250,2026-09-11,call,mini,3,0.264,25,3030.0
2026-08-17,67375,2026-09-11,call,mini,2945,0.2633,25,2945.0
2026-08-17,67500,2026-09-11,call,mini,20,0.264,25,2870.0
2026-08-17,67625,2026-09-11,call,mini,2805,0.2659,25,2805.0
2026-08-17,67750,2026-09-11,call,mini,24,0.2639,25,2715.0
2026-08-17,68000,2026-09-11,call,mini,77,0.2588,25,2530.0
2026-08-17,68125,2026-09-11,call,mini,4,0.2643,25,2495.0
2026-08-17,68250,2026-09-11,call,mini,241,0.2638,25,2420.0
2026-08-17,68375,2026-09-11,call,mini,1,0.2617,25,2335.0
2026-08-17,68500,2026-09-11,call,mini,126,0.2658,25,2295.0
2026-08-17,68625,2026-09-11,call,mini,2215,0.2641,25,2215.0
2026-08-17,68750,2026-09-11,call,mini,140,0.2636,25,2145.0
2026-08-17,68875,2026-09-11,call,mini,2080,0.2636,25,2080.0
2026-08-17,69000,2026-09-11,call,mini,151,0.2614,25,2000.0
2026-08-17,69125,2026-09-11,call,mini,3,0.2645,25,1960.0
2026-08-17,69250,2026-09-11,call,mini,11,0.2667,25,1915.0
2026-08-17,69375,2026-09-11,call,mini,1860,0.2674,25,1860.0
2026-08-17,69500,2026-09-11,call,mini,37,0.2644,25,1780.0
2026-08-17,69625,2026-09-11,call,mini,1,0.2675,25,1745.0
2026-08-17,69750,2026-09-11,call,mini,4,0.267,25,1685.0
2026-08-17,69875,2026-09-11,call,mini,1635,0.2676,25,1635.0
2026-08-17,70000,2026-09-11,call,mini,205,0.2744,25,1630.0
2026-08-17,70125,2026-09-11,call,mini,3,0.267,25,1525.0
2026-08-17,70250,2026-09-11,call,mini,7,0.2672,25,1475.0
2026-08-17,70375,2026-09-11,call,mini,1430,0.2678,25,1430.0
2026-08-17,70500,2026-09-11,call,mini,58,0.2662,25,1370.0
2026-08-17,70625,2026-09-11,call,mini,1335,0.268,25,1335.0
2026-08-17,70750,2026-09-11,call,mini,4,0.2674,25,1285.0
2026-08-17,71000,2026-09-11,call,mini,141,0.2673,25,1195.0
2026-08-17,71125,2026-09-11,call,mini,1160,0.2684,25,1160.0
2026-08-17,71250,2026-09-11,call,mini,4,0.2686,25,1120.0
2026-08-17,71375,2026-09-11,call,mini,1080,0.2687,25,1080.0
2026-08-17,71500,2026-09-11,call,mini,54,0.2678,25,1035.0
2026-08-17,71625,2026-09-11,call,mini,3,0.2714,25,1020.0
2026-08-17,71750,2026-09-11,call,mini,126,0.2717,25,985.0
2026-08-17,71875,2026-09-11,call,mini,935,0.2696,25,935.0
2026-08-17,72000,2026-09-11,call,mini,361,0.2728,25,920.0
2026-08-17,72250,2026-09-11,call,mini,47,0.2724,25,850.0
2026-08-17,72375,2026-09-11,call,mini,1,0.2711,25,810.0
2026-08-17,72500,2026-09-11,call,mini,40,0.2688,25,765.0
2026-08-17,72750,2026-09-11,call,mini,56,0.2713,25,720.0
2026-08-17,72875,2026-09-11,call,mini,700,0.2727,25,700.0
2026-08-17,73000,2026-09-11,call,mini,166,0.2776,25,700.0
2026-08-17,73125,2026-09-11,call,mini,1,0.2726,25,645.0
2026-08-17,73250,2026-09-11,call,mini,247,0.2737,25,625.0
2026-08-17,73375,2026-09-11,call,mini,595,0.2728,25,595.0
2026-08-17,73500,2026-09-11,call,mini,102,0.2727,25,570.0
2026-08-17,73750,2026-09-11,call,mini,9,0.2739,25,530.0
2026-08-17,73875,2026-09-11,call,mini,515,0.2753,25,515.0
2026-08-17,74000,2026-09-11,call,mini,168,0.2797,25,515.0
2026-08-17,74125,2026-09-11,call,mini,470,0.2747,25,470.0
2026-08-17,74250,2026-09-11,call,mini,20,0.2747,25,450.0
2026-08-17,74375,2026-09-11,call,mini,435,0.2756,25,435.0
2026-08-17,74500,2026-09-11,call,mini,50,0.2752,25,415.0
2026-08-17,74625,2026-09-11,call,mini,400,0.2759,25,400.0
2026-08-17,74750,2026-09-11,call,mini,16,0.2764,25,385.0
2026-08-17,74875,2026-09-11,call,mini,1,0.2756,25,365.0
2026-08-17,75000,2026-09-11,call,mini,448,0.2771,25,355.0
2026-08-17,75125,2026-09-11,call,mini,1,0.2773,25,340.0
2026-08-17,75250,2026-09-11,call,mini,69,0.2773,25,325.0
2026-08-17,75375,2026-09-11,call,mini,46,0.2771,25,310.0
2026-08-17,67750,2026-09-18,call,mini,6,0.2667,32,2975.0
2026-08-17,68250,2026-09-18,call,mini,3,0.267,32,2690.0
2026-08-17,58500,2026-10-09,call,mini,20,0.2,53,10415.0
2026-08-17,60000,2026-10-09,call,mini,1,0.2,53,9085.0
2026-08-17,61125,2026-10-09,call,mini,5,0.1647,53,8140.0
2026-08-17,61250,2026-10-09,call,mini,10,0.1658,53,8020.0
2026-08-17,61750,2026-10-09,call,mini,7610,0.1953,53,7610.0
2026-08-17,61875,2026-10-09,call,mini,7515,0.2018,53,7515.0
2026-08-17,62250,2026-10-09,call,mini,3,0.2102,53,7205.0
2026-08-17,62500,2026-10-09,call,mini,4,0.2155,53,7005.0
2026-08-17,62750,2026-10-09,call,mini,91,0.2206,53,6810.0
2026-08-17,63000,2026-10-09,call,mini,17,0.2245,53,6615.0
2026-08-17,63750,2026-10-09,call,mini,14,0.2337,53,6045.0
2026-08-17,63875,2026-10-09,call,mini,12,0.2368,53,5965.0
2026-08-17,64000,2026-10-09,call,mini,7,0.236,53,5860.0
2026-08-17,64250,2026-10-09,call,mini,4,0.2378,53,5675.0
2026-08-17,64750,2026-10-09,call,mini,4,0.2416,53,5320.0
2026-08-17,65000,2026-10-09,call,mini,7,0.2423,53,5140.0
2026-08-17,65500,2026-10-09,call,mini,5,0.2455,53,4805.0
2026-08-17,65750,2026-10-09,call,mini,1,0.2466,53,4640.0
2026-08-17,66000,2026-10-09,call,mini,23,0.2468,53,4470.0
2026-08-17,66500,2026-10-09,call,mini,1,0.2496,53,4165.0
2026-08-17,66750,2026-10-09,call,mini,1,0.249,53,4000.0
2026-08-17,67000,2026-10-09,call,mini,23,0.2507,53,3860.0
2026-08-17,67125,2026-10-09,call,mini,2,0.2503,53,3780.0
2026-08-17,67250,2026-10-09,call,mini,2,0.2509,53,3710.0
2026-08-17,67500,2026-10-09,call,mini,4,0.2512,53,3565.0
2026-08-17,67750,2026-10-09,call,mini,3425,0.2517,53,3425.0
2026-08-17,68000,2026-10-09,call,mini,19,0.2517,53,3285.0
2026-08-17,68250,2026-10-09,call,mini,474,0.2529,53,3160.0
2026-08-17,68500,2026-10-09,call,mini,179,0.2522,53,3020.0
2026-08-17,68625,2026-10-09,call,mini,2,0.2527,53,2960.0
2026-08-17,68750,2026-10-09,call,mini,232,0.2498,53,2865.0
2026-08-17,69000,2026-10-09,call,mini,113,0.2522,53,2765.0
2026-08-17,69125,2026-10-09,call,mini,1,0.2518,53,2700.0
2026-08-17,69500,2026-10-09,call,mini,18,0.2531,53,2535.0
2026-08-17,69625,2026-10-09,call,mini,1,0.2534,53,2480.0
2026-08-17,69750,2026-10-09,call,mini,1,0.2535,53,2425.0
2026-08-17,70000,2026-10-09,call,mini,31,0.2531,53,2310.0
2026-08-17,70125,2026-10-09,call,mini,1,0.2545,53,2270.0
2026-08-17,70250,2026-10-09,call,mini,1,0.2538,53,2210.0
2026-08-17,70500,2026-10-09,call,mini,14,0.2551,53,2120.0
2026-08-17,70625,2026-10-09,call,mini,3,0.2542,53,2060.0
2026-08-17,70750,2026-10-09,call,mini,5,0.2546,53,2015.0
2026-08-17,71000,2026-10-09,call,mini,14,0.2547,53,1920.0
2026-08-17,71250,2026-10-09,call,mini,3,0.255,53,1830.0
2026-08-17,71500,2026-10-09,call,mini,14,0.2565,53,1755.0
2026-08-17,71750,2026-10-09,call,mini,524,0.2566,53,1670.0
2026-08-17,70500,2026-11-13,call,mini,1,0.2608,88,2970.0
2026-08-17,71000,2026-11-13,call,mini,2760,0.2603,88,2760.0
