date,strike,expiry,type,product,oi,iv,days_to_expiry,settlement
2026-08-21,20000,2026-09-10,put,regular,1494,1.4849,20,1.0
2026-08-21,21000,2026-09-10,put,regular,325,1.4256,20,1.0
2026-08-21,22000,2026-09-10,put,regular,485,1.369,20,1.0
2026-08-21,23000,2026-09-10,put,regular,277,1.3151,20,1.0
2026-08-21,24000,2026-09-10,put,regular,127,1.2634,20,1.0
2026-08-21,25000,2026-09-10,put,regular,3958,1.2139,20,1.0
2026-08-21,26000,2026-09-10,put,regular,188,1.1663,20,1.0
2026-08-21,27000,2026-09-10,put,regular,193,1.1205,20,1.0
2026-08-21,27250,2026-09-10,put,regular,12,1.1093,20,1.0
2026-08-21,27500,2026-09-10,put,regular,21,1.0983,20,1.0
2026-08-21,27750,2026-09-10,put,regular,8,1.0873,20,1.0
2026-08-21,28000,2026-09-10,put,regular,69,1.0764,20,1.0
2026-08-21,28250,2026-09-10,put,regular,1,1.0656,20,1.0
2026-08-21,28500,2026-09-10,put,regular,8,1.0549,20,1.0
2026-08-21,28750,2026-09-10,put,regular,66,1.0995,20,2.0
2026-08-21,29000,2026-09-10,put,regular,59,1.0885,20,2.0
2026-08-21,29250,2026-09-10,put,regular,3,1.0234,20,1.0
2026-08-21,29500,2026-09-10,put,regular,32,1.0667,20,2.0
2026-08-21,29750,2026-09-10,put,regular,15,1.056,20,2.0
2026-08-21,30000,2026-09-10,put,regular,6345,1.0797,20,3.0
2026-08-21,30500,2026-09-10,put,regular,86,1.0243,20,2.0
2026-08-21,30750,2026-09-10,put,regular,4,1.0139,20,2.0
2026-08-21,31000,2026-09-10,put,regular,231,1.0367,20,3.0
2026-08-21,31500,2026-09-10,put,regular,18,1.0157,20,3.0
2026-08-21,31750,2026-09-10,put,regular,14,1.0053,20,3.0
2026-08-21,32000,2026-09-10,put,regular,69,1.0194,20,4.0
2026-08-21,32250,2026-09-10,put,regular,5,1.0089,20,4.0
2026-08-21,32500,2026-09-10,put,regular,32,0.9986,20,4.0
2026-08-21,32750,2026-09-10,put,regular,3,0.9883,20,4.0
2026-08-21,33000,2026-09-10,put,regular,490,0.9781,20,4.0
2026-08-21,33250,2026-09-10,put,regular,1,0.9679,20,4.0
2026-08-21,33500,2026-09-10,put,regular,8,0.9579,20,4.0
2026-08-21,33750,2026-09-10,put,regular,5,0.9666,20,5.0
2026-08-21,34000,2026-09-10,put,regular,166,0.9565,20,5.0
2026-08-21,34250,2026-09-10,put,regular,4,0.9465,20,5.0
2026-08-21,34500,2026-09-10,put,regular,25,0.9365,20,5.0
2026-08-21,34750,2026-09-10,put,regular,69,0.9266,20,5.0
2026-08-21,35000,2026-09-10,put,regular,3850,0.9321,20,6.0
2026-08-21,35250,2026-09-10,put,regular,2,0.9222,20,6.0
2026-08-21,35500,2026-09-10,put,regular,14,0.9124,20,6.0
2026-08-21,35750,2026-09-10,put,regular,51,0.9026,20,6.0
2026-08-21,36000,2026-09-10,put,regular,106,0.9175,20,8.0
2026-08-21,36250,2026-09-10,put,regular,2,0.8961,20,7.0
2026-08-21,36500,2026-09-10,put,regular,32,0.8864,20,7.0
2026-08-21,36750,2026-09-10,put,regular,59,0.8881,20,8.0
2026-08-21,37000,2026-09-10,put,regular,579,0.8886,20,9.0
2026-08-21,37500,2026-09-10,put,regular,5,0.8784,20,10.0
2026-08-21,37750,2026-09-10,put,regular,1,0.8687,20,10.0
2026-08-21,38000,2026-09-10,put,regular,1083,0.8675,20,11.0
2026-08-21,38500,2026-09-10,put,regular,241,0.8559,20,12.0
2026-08-21,38750,2026-09-10,put,regular,11,0.8463,20,12.0
2026-08-21,39000,2026-09-10,put,regular,299,0.8367,20,12.0
2026-08-21,39250,2026-09-10,put,regular,165,0.8342,20,13.0
2026-08-21,39500,2026-09-10,put,regular,364,0.8247,20,13.0
2026-08-21,39750,2026-09-10,put,regular,17,0.8218,20,14.0
2026-08-21,40000,2026-09-10,put,regular,4718,0.8123,20,14.0
2026-08-21,40250,2026-09-10,put,regular,1,0.8089,20,15.0
2026-08-21,40500,2026-09-10,put,regular,177,0.7995,20,15.0
2026-08-21,40750,2026-09-10,put,regular,48,0.7958,20,16.0
2026-08-21,41000,2026-09-10,put,regular,946,0.7917,20,17.0
2026-08-21,41250,2026-09-10,put,regular,1,0.7824,20,17.0
2026-08-21,41500,2026-09-10,put,regular,22,0.7781,20,18.0
2026-08-21,42000,2026-09-10,put,regular,2055,0.7642,20,19.0
2026-08-21,42250,2026-09-10,put,regular,21,0.7594,20,20.0
2026-08-21,42500,2026-09-10,put,regular,30,0.7544,20,21.0
2026-08-21,42750,2026-09-10,put,regular,17,0.7493,20,22.0
2026-08-21,43000,2026-09-10,put,regular,1090,0.7439,20,23.0
2026-08-21,43250,2026-09-10,put,regular,60,0.7347,20,23.0
2026-08-21,43500,2026-09-10,put,regular,783,0.7292,20,24.0
2026-08-21,43750,2026-09-10,put,regular,14,0.72,20,24.0
2026-08-21,44000,2026-09-10,put,regular,1435,0.7178,20,26.0
2026-08-21,44250,2026-09-10,put,regular,31,0.712,20,27.0
2026-08-21,44500,2026-09-10,put,regular,129,0.706,20,28.0
2026-08-21,44750,2026-09-10,put,regular,14,0.6999,20,29.0
2026-08-21,45000,2026-09-10,put,regular,2438,0.6938,20,30.0
2026-08-21,45250,2026-09-10,put,regular,105,0.6903,20,32.0
2026-08-21,45500,2026-09-10,put,regular,160,0.6839,20,33.0
2026-08-21,45750,2026-09-10,put,regular,60,0.6774,20,34.0
2026-08-21,46000,2026-09-10,put,regular,2120,0.6682,20,34.0
2026-08-21,46250,2026-09-10,put,regular,66,0.6666,20,37.0
2026-08-21,46500,2026-09-10,put,regular,391,0.6667,20,41.0
2026-08-21,46750,2026-09-10,put,regular,27,0.6575,20,41.0
2026-08-21,47000,2026-09-10,put,regular,1106,0.6483,20,41.0
2026-08-21,47250,2026-09-10,put,regular,124,0.6434,20,43.0
2026-08-21,47500,2026-09-10,put,regular,1019,0.6383,20,45.0
2026-08-21,47750,2026-09-10,put,regular,92,0.6292,20,45.0
2026-08-21,48000,2026-09-10,put,regular,2870,0.622,20,46.0
2026-08-21,48250,2026-09-10,put,regular,124,0.6185,20,49.0
2026-08-21,48500,2026-09-10,put,regular,751,0.613,20,51.0
2026-08-21,48750,2026-09-10,put,regular,150,0.6072,20,53.0
2026-08-21,49000,2026-09-10,put,regular,1465,0.5998,20,54.0
2026-08-21,49250,2026-09-10,put,regular,216,0.5986,20,59.0
2026-08-21,49500,2026-09-10,put,regular,205,0.5894,20,59.0
2026-08-21,49750,2026-09-10,put,regular,151,0.5847,20,62.0
2026-08-21,50000,2026-09-10,put,regular,9552,0.5769,20,63.0
2026-08-21,50250,2026-09-10,put,regular,82,0.5719,20,66.0
2026-08-21,50500,2026-09-10,put,regular,1362,0.5641,20,67.0
2026-08-21,50750,2026-09-10,put,regular,174,0.5562,20,68.0
2026-08-21,51000,2026-09-10,put,regular,1601,0.5471,20,68.0
2026-08-21,51250,2026-09-10,put,regular,217,0.5525,20,80.0
2026-08-21,51500,2026-09-10,put,regular,246,0.5432,20,80.0
2026-08-21,51750,2026-09-10,put,regular,53,0.5416,20,87.0
2026-08-21,52000,2026-09-10,put,regular,2180,0.5312,20,86.0
2026-08-21,52250,2026-09-10,put,regular,65,0.5281,20,92.0
2026-08-21,52500,2026-09-10,put,regular,636,0.5177,20,91.0
2026-08-21,52750,2026-09-10,put,regular,40,0.5152,20,98.0
2026-08-21,53000,2026-09-10,put,regular,3125,0.5085,20,101.0
2026-08-21,53250,2026-09-10,put,regular,43,0.5027,20,105.0
2026-08-21,53500,2026-09-10,put,regular,1747,0.495,20,107.0
2026-08-21,53750,2026-09-10,put,regular,81,0.4914,20,114.0
2026-08-21,54000,2026-09-10,put,regular,2615,0.4867,20,120.0
2026-08-21,54250,2026-09-10,put,regular,112,0.4824,20,127.0
2026-08-21,54500,2026-09-10,put,regular,596,0.4736,20,128.0
2026-08-21,54750,2026-09-10,put,regular,268,0.4724,20,140.0
2026-08-21,55000,2026-09-10,put,regular,4492,0.4634,20,141.0
2026-08-21,55250,2026-09-10,put,regular,17,0.4615,20,153.0
2026-08-21,55500,2026-09-10,put,regular,760,0.4524,20,154.0
2026-08-21,55750,2026-09-10,put,regular,20,0.4516,20,169.0
2026-08-21,56000,2026-09-10,put,regular,1833,0.4416,20,169.0
2026-08-21,56250,2026-09-10,put,regular,31,0.4401,20,184.0
2026-08-21,56500,2026-09-10,put,regular,826,0.4316,20,187.0
2026-08-21,56750,2026-09-10,put,regular,97,0.4272,20,198.0
2026-08-21,57000,2026-09-10,put,regular,3013,0.4225,20,209.0
2026-08-21,57250,2026-09-10,put,regular,51,0.4189,20,223.0
2026-08-21,57500,2026-09-10,put,regular,488,0.4122,20,231.0
2026-08-21,57750,2026-09-10,put,regular,102,0.4108,20,252.0
2026-08-21,58000,2026-09-10,put,regular,2356,0.402,20,256.0
2026-08-21,58250,2026-09-10,put,regular,218,0.3994,20,276.0
2026-08-21,58500,2026-09-10,put,regular,1687,0.3936,20,289.0
2026-08-21,58625,2026-09-10,put,regular,2,0.3897,20,293.0
2026-08-21,58750,2026-09-10,put,regular,99,0.3905,20,310.0
2026-08-21,58875,2026-09-10,put,regular,6,0.3868,20,315.0
2026-08-21,59000,2026-09-10,put,regular,3520,0.3865,20,330.0
2026-08-21,59125,2026-09-10,put,regular,18,0.3844,20,340.0
2026-08-21,59250,2026-09-10,put,regular,112,0.3771,20,335.0
2026-08-21,59375,2026-09-10,put,regular,15,0.3781,20,355.0
2026-08-21,59500,2026-09-10,put,regular,888,0.3757,20,365.0
2026-08-21,59625,2026-09-10,put,regular,1,0.3747,20,380.0
2026-08-21,59750,2026-09-10,put,regular,50,0.3721,20,390.0
2026-08-21,59875,2026-09-10,put,regular,19,0.3694,20,400.0
2026-08-21,60000,2026-09-10,put,regular,10523,0.368,20,415.0
2026-08-21,60250,2026-09-10,put,regular,83,0.3635,20,440.0
2026-08-21,60375,2026-09-10,put,regular,3,0.3617,20,455.0
2026-08-21,60500,2026-09-10,put,regular,1085,0.3598,20,470.0
2026-08-21,60625,2026-09-10,put,regular,1,0.3578,20,485.0
2026-08-21,60750,2026-09-10,put,regular,147,0.3544,20,495.0
2026-08-21,60875,2026-09-10,put,regular,67,0.3534,20,515.0
2026-08-21,61000,2026-09-10,put,regular,2499,0.3523,20,535.0
2026-08-21,61125,2026-09-10,put,regular,42,0.3498,20,550.0
2026-08-21,61250,2026-09-10,put,regular,6,0.3471,20,565.0
2026-08-21,61375,2026-09-10,put,regular,2,0.3456,20,585.0
2026-08-21,61500,2026-09-10,put,regular,1552,0.3439,20,605.0
2026-08-21,61625,2026-09-10,put,regular,16,0.342,20,625.0
2026-08-21,61750,2026-09-10,put,regular,246,0.34,20,645.0
2026-08-21,61875,2026-09-10,put,regular,57,0.3378,20,665.0
2026-08-21,62000,2026-09-10,put,regular,2969,0.3356,20,685.0
2026-08-21,62125,2026-09-10,put,regular,11,0.3331,20,705.0
2026-08-21,62250,2026-09-10,put,regular,91,0.3306,20,725.0
2026-08-21,62375,2026-09-10,put,regular,219,0.33,20,755.0
2026-08-21,62500,2026-09-10,put,regular,869,0.3271,20,775.0
2026-08-21,62625,2026-09-10,put,regular,76,0.3261,20,805.0
2026-08-21,62750,2026-09-10,put,regular,728,0.324,20,830.0
2026-08-21,62875,2026-09-10,put,regular,1,0.3217,20,855.0
2026-08-21,63000,2026-09-10,put,regular,3764,0.3231,20,900.0
2026-08-21,63125,2026-09-10,put,regular,73,0.3176,20,910.0
2026-08-21,63250,2026-09-10,put,regular,47,0.3167,20,945.0
2026-08-21,63375,2026-09-10,put,regular,57,0.3138,20,970.0
2026-08-21,63500,2026-09-10,put,regular,924,0.3125,20,1005.0
2026-08-21,63625,2026-09-10,put,regular,40,0.3102,20,1035.0
2026-08-21,63750,2026-09-10,put,regular,30,0.3076,20,1065.0
2026-08-21,63875,2026-09-10,put,regular,84,0.3067,20,1105.0
2026-08-21,64000,2026-09-10,put,regular,3156,0.3056,20,1145.0
2026-08-21,64125,2026-09-10,put,regular,25,0.3017,20,1170.0
2026-08-21,64250,2026-09-10,put,regular,20,0.301,20,1215.0
2026-08-21,64375,2026-09-10,put,regular,27,0.2967,20,1240.0
2026-08-21,64500,2026-09-10,put,regular,666,0.2974,20,1295.0
2026-08-21,64625,2026-09-10,put,regular,46,0.2945,20,1330.0
2026-08-21,64750,2026-09-10,put,regular,480,0.2913,20,1365.0
2026-08-21,64875,2026-09-10,put,regular,11,0.288,20,1400.0
2026-08-21,65000,2026-09-10,put,regular,3626,0.2894,20,1465.0
2026-08-21,65125,2026-09-10,put,regular,33,0.284,20,1490.0
2026-08-21,65250,2026-09-10,put,regular,90,0.2842,20,1550.0
2026-08-21,65375,2026-09-10,put,regular,31,0.2817,20,1595.0
2026-08-21,65500,2026-09-10,put,regular,809,0.2814,20,1655.0
2026-08-21,65625,2026-09-10,put,regular,26,0.2759,20,1685.0
2026-08-21,65750,2026-09-10,put,regular,699,0.2743,20,1740.0
2026-08-21,65875,2026-09-10,put,regular,1,0.2733,20,1800.0
2026-08-21,66000,2026-09-10,put,regular,2397,0.277,20,1890.0
2026-08-21,66125,2026-09-10,put,regular,4,0.2681,20,1905.0
2026-08-21,66250,2026-09-10,put,regular,13,0.2672,20,1970.0
2026-08-21,66375,2026-09-10,put,regular,1,0.2652,20,2030.0
2026-08-21,66500,2026-09-10,put,regular,2230,0.2613,20,2080.0
2026-08-21,66625,2026-09-10,put,regular,22,0.2596,20,2145.0
2026-08-21,66750,2026-09-10,put,regular,149,0.2567,20,2205.0
2026-08-21,67000,2026-09-10,put,regular,2736,0.251,20,2330.0
2026-08-21,67250,2026-09-10,put,regular,115,0.2466,20,2470.0
2026-08-21,67375,2026-09-10,put,regular,58,0.2449,20,2545.0
2026-08-21,67500,2026-09-10,put,regular,638,0.2401,20,2605.0
2026-08-21,67625,2026-09-10,put,regular,1,0.2367,20,2675.0
2026-08-21,67750,2026-09-10,put,regular,281,0.2357,20,2760.0
2026-08-21,68000,2026-09-10,put,regular,2152,0.2269,20,2900.0
2026-08-21,68250,2026-09-10,put,regular,134,0.2224,20,3070.0
2026-08-21,68375,2026-09-10,put,regular,1,0.2173,20,3145.0
2026-08-21,68500,2026-09-10,put,regular,196,0.2115,20,3220.0
2026-08-21,68750,2026-09-10,put,regular,47,0.2025,20,3390.0
2026-08-21,69000,2026-09-10,put,regular,1172,0.1917,20,3565.0
2026-08-21,69250,2026-09-10,put,regular,2,0.1762,20,3740.0
2026-08-21,69500,2026-09-10,put,regular,8,0.1559,20,3925.0
2026-08-21,70000,2026-09-10,put,regular,1482,0.2,20,4300.0
2026-08-21,70500,2026-09-10,put,regular,2,0.2,20,4700.0
2026-08-21,71000,2026-09-10,put,regular,100,0.2,20,5105.0
2026-08-21,71250,2026-09-10,put,regular,1,0.2,20,5315.0
2026-08-21,73000,2026-09-10,put,regular,3,0.2,20,6845.0
2026-08-21,77500,2026-09-10,put,regular,4,0.2,20,11160.0
2026-08-21,78000,2026-09-10,put,regular,1,0.2,20,11655.0
2026-08-21,80000,2026-09-10,put,regular,1,0.2,20,13640.0
2026-08-21,85000,2026-09-10,put,regular,5,0.2,20,18630.0
2026-08-21,20000,2026-10-08,put,regular,161,1.0651,48,4.0
2026-08-21,22500,2026-10-08,put,regular,11,0.9406,48,3.0
2026-08-21,25000,2026-10-08,put,regular,1462,0.9369,48,9.0
2026-08-21,26000,2026-10-08,put,regular,23,0.9097,48,10.0
2026-08-21,27000,2026-10-08,put,regular,5,0.8901,48,12.0
2026-08-21,28000,2026-10-08,put,regular,3,0.8751,48,15.0
2026-08-21,29000,2026-10-08,put,regular,11,0.8522,48,17.0
2026-08-21,30000,2026-10-08,put,regular,4045,0.8239,48,18.0
2026-08-21,31000,2026-10-08,put,regular,3,0.8049,48,21.0
2026-08-21,32000,2026-10-08,put,regular,5,0.7847,48,24.0
2026-08-21,33000,2026-10-08,put,regular,557,0.767,48,28.0
2026-08-21,34000,2026-10-08,put,regular,3,0.745,48,31.0
2026-08-21,35000,2026-10-08,put,regular,135,0.7253,48,35.0
2026-08-21,36000,2026-10-08,put,regular,1,0.7049,48,39.0
2026-08-21,37000,2026-10-08,put,regular,170,0.6839,48,43.0
2026-08-21,38000,2026-10-08,put,regular,4,0.6644,48,48.0
2026-08-21,39000,2026-10-08,put,regular,101,0.646,48,54.0
2026-08-21,40000,2026-10-08,put,regular,607,0.6296,48,62.0
2026-08-21,41000,2026-10-08,put,regular,108,0.612,48,70.0
2026-08-21,42000,2026-10-08,put,regular,139,0.5935,48,78.0
2026-08-21,42750,2026-10-08,put,regular,31,0.5823,48,87.0
2026-08-21,43000,2026-10-08,put,regular,135,0.5753,48,87.0
2026-08-21,43250,2026-10-08,put,regular,15,0.5753,48,94.0
2026-08-21,43500,2026-10-08,put,regular,15,0.5674,48,93.0
2026-08-21,43750,2026-10-08,put,regular,12,0.566,48,99.0
2026-08-21,44000,2026-10-08,put,regular,179,0.5591,48,99.0
2026-08-21,44250,2026-10-08,put,regular,36,0.5574,48,105.0
2026-08-21,44500,2026-10-08,put,regular,1,0.5505,48,105.0
2026-08-21,44750,2026-10-08,put,regular,34,0.5502,48,113.0
2026-08-21,45000,2026-10-08,put,regular,745,0.5433,48,113.0
2026-08-21,45250,2026-10-08,put,regular,28,0.5403,48,118.0
2026-08-21,45500,2026-10-08,put,regular,283,0.5341,48,119.0
2026-08-21,45750,2026-10-08,put,regular,43,0.5324,48,126.0
2026-08-21,46000,2026-10-08,put,regular,281,0.5262,48,127.0
2026-08-21,46250,2026-10-08,put,regular,8,0.5222,48,131.0
2026-08-21,46500,2026-10-08,put,regular,157,0.5159,48,132.0
2026-08-21,46750,2026-10-08,put,regular,131,0.5144,48,140.0
2026-08-21,47000,2026-10-08,put,regular,286,0.5075,48,140.0
2026-08-21,47250,2026-10-08,put,regular,25,0.5082,48,152.0
2026-08-21,47500,2026-10-08,put,regular,50,0.5018,48,153.0
2026-08-21,47750,2026-10-08,put,regular,31,0.4985,48,159.0
2026-08-21,48000,2026-10-08,put,regular,523,0.4939,48,163.0
2026-08-21,48250,2026-10-08,put,regular,51,0.4858,48,161.0
2026-08-21,48500,2026-10-08,put,regular,179,0.4845,48,171.0
2026-08-21,48750,2026-10-08,put,regular,23,0.4808,48,177.0
2026-08-21,49000,2026-10-08,put,regular,117,0.4769,48,183.0
2026-08-21,49250,2026-10-08,put,regular,33,0.474,48,191.0
2026-08-21,49500,2026-10-08,put,regular,62,0.4704,48,198.0
2026-08-21,49750,2026-10-08,put,regular,51,0.4667,48,205.0
2026-08-21,50000,2026-10-08,put,regular,877,0.4616,48,209.0
2026-08-21,50250,2026-10-08,put,regular,46,0.4591,48,219.0
2026-08-21,50500,2026-10-08,put,regular,245,0.4551,48,226.0
2026-08-21,50750,2026-10-08,put,regular,44,0.4506,48,232.0
2026-08-21,51000,2026-10-08,put,regular,286,0.4468,48,240.0
2026-08-21,51250,2026-10-08,put,regular,39,0.4441,48,251.0
2026-08-21,51500,2026-10-08,put,regular,175,0.4405,48,260.0
2026-08-21,51750,2026-10-08,put,regular,60,0.4364,48,268.0
2026-08-21,52000,2026-10-08,put,regular,439,0.4332,48,279.0
2026-08-21,52250,2026-10-08,put,regular,46,0.4292,48,288.0
2026-08-21,52500,2026-10-08,put,regular,152,0.4258,48,299.0
2026-08-21,52750,2026-10-08,put,regular,42,0.4223,48,310.0
2026-08-21,53000,2026-10-08,put,regular,1145,0.4199,48,325.0
2026-08-21,53250,2026-10-08,put,regular,4,0.4172,48,340.0
2026-08-21,53500,2026-10-08,put,regular,135,0.413,48,350.0
2026-08-21,53750,2026-10-08,put,regular,2,0.41,48,365.0
2026-08-21,54000,2026-10-08,put,regular,414,0.4069,48,380.0
2026-08-21,54250,2026-10-08,put,regular,35,0.4036,48,395.0
2026-08-21,54500,2026-10-08,put,regular,580,0.4002,48,410.0
2026-08-21,54750,2026-10-08,put,regular,6,0.3966,48,425.0
2026-08-21,55000,2026-10-08,put,regular,1938,0.3941,48,445.0
2026-08-21,55250,2026-10-08,put,regular,39,0.3902,48,460.0
2026-08-21,55500,2026-10-08,put,regular,251,0.3874,48,480.0
2026-08-21,55750,2026-10-08,put,regular,43,0.3843,48,500.0
2026-08-21,56000,2026-10-08,put,regular,324,0.3811,48,520.0
2026-08-21,56250,2026-10-08,put,regular,25,0.3777,48,540.0
2026-08-21,56500,2026-10-08,put,regular,139,0.3752,48,565.0
2026-08-21,56750,2026-10-08,put,regular,43,0.3704,48,580.0
2026-08-21,57000,2026-10-08,put,regular,423,0.3695,48,615.0
2026-08-21,57250,2026-10-08,put,regular,39,0.3673,48,645.0
2026-08-21,57500,2026-10-08,put,regular,163,0.3639,48,670.0
2026-08-21,57750,2026-10-08,put,regular,44,0.3613,48,700.0
2026-08-21,58000,2026-10-08,put,regular,1612,0.3584,48,730.0
2026-08-21,58250,2026-10-08,put,regular,36,0.3562,48,765.0
2026-08-21,58375,2026-10-08,put,regular,441,0.3571,48,795.0
2026-08-21,58500,2026-10-08,put,regular,148,0.3537,48,800.0
2026-08-21,58625,2026-10-08,put,regular,10,0.3544,48,830.0
2026-08-21,58750,2026-10-08,put,regular,13,0.351,48,835.0
2026-08-21,58875,2026-10-08,put,regular,1,0.3507,48,860.0
2026-08-21,59000,2026-10-08,put,regular,152,0.348,48,870.0
2026-08-21,59125,2026-10-08,put,regular,24,0.3484,48,900.0
2026-08-21,59250,2026-10-08,put,regular,114,0.3456,48,910.0
2026-08-21,59500,2026-10-08,put,regular,43,0.3437,48,955.0
2026-08-21,59625,2026-10-08,put,regular,11,0.3423,48,975.0
2026-08-21,59750,2026-10-08,put,regular,6,0.3415,48,1000.0
2026-08-21,60000,2026-10-08,put,regular,2072,0.3369,48,1030.0
2026-08-21,60250,2026-10-08,put,regular,4,0.3371,48,1095.0
2026-08-21,60375,2026-10-08,put,regular,300,0.3374,48,1130.0
2026-08-21,60500,2026-10-08,put,regular,134,0.3341,48,1140.0
2026-08-21,60750,2026-10-08,put,regular,48,0.3322,48,1195.0
2026-08-21,60875,2026-10-08,put,regular,7,0.3329,48,1235.0
2026-08-21,61000,2026-10-08,put,regular,538,0.3301,48,1250.0
2026-08-21,61500,2026-10-08,put,regular,3,0.3261,48,1370.0
2026-08-21,61875,2026-10-08,put,regular,6,0.3237,48,1470.0
2026-08-21,62000,2026-10-08,put,regular,886,0.3223,48,1500.0
2026-08-21,62250,2026-10-08,put,regular,1,0.3193,48,1560.0
2026-08-21,62375,2026-10-08,put,regular,6,0.3182,48,1595.0
2026-08-21,62500,2026-10-08,put,regular,554,0.3178,48,1635.0
2026-08-21,62875,2026-10-08,put,regular,6,0.3163,48,1760.0
2026-08-21,63000,2026-10-08,put,regular,419,0.3138,48,1785.0
2026-08-21,63500,2026-10-08,put,regular,2,0.3091,48,1940.0
2026-08-21,63625,2026-10-08,put,regular,6,0.309,48,1990.0
2026-08-21,63875,2026-10-08,put,regular,55,0.3068,48,2075.0
2026-08-21,64000,2026-10-08,put,regular,1314,0.3048,48,2110.0
2026-08-21,64250,2026-10-08,put,regular,7,0.3032,48,2205.0
2026-08-21,64500,2026-10-08,put,regular,234,0.3013,48,2300.0
2026-08-21,64750,2026-10-08,put,regular,3,0.299,48,2395.0
2026-08-21,65000,2026-10-08,put,regular,1460,0.2969,48,2495.0
2026-08-21,65250,2026-10-08,put,regular,9,0.2955,48,2605.0
2026-08-21,65375,2026-10-08,put,regular,231,0.2947,48,2660.0
2026-08-21,65500,2026-10-08,put,regular,64,0.2938,48,2715.0
2026-08-21,65750,2026-10-08,put,regular,1,0.2922,48,2830.0
2026-08-21,66000,2026-10-08,put,regular,13,0.2918,48,2960.0
2026-08-21,66500,2026-10-08,put,regular,91,0.2884,48,3205.0
2026-08-21,66750,2026-10-08,put,regular,9,0.2874,48,3340.0
2026-08-21,67000,2026-10-08,put,regular,506,0.2849,48,3465.0
2026-08-21,67500,2026-10-08,put,regular,41,0.2816,48,3740.0
2026-08-21,67625,2026-10-08,put,regular,6,0.2817,48,3820.0
2026-08-21,67750,2026-10-08,put,regular,9,0.2807,48,3890.0
2026-08-21,68000,2026-10-08,put,regular,541,0.2793,48,4040.0
2026-08-21,68125,2026-10-08,put,regular,4,0.278,48,4110.0
2026-08-21,68500,2026-10-08,put,regular,8,0.2755,48,4340.0
2026-08-21,69000,2026-10-08,put,regular,211,0.2716,48,4655.0
2026-08-21,70000,2026-10-08,put,regular,101,0.2653,48,5340.0
2026-08-21,72500,2026-10-08,put,regular,1,0.2464,48,7270.0
2026-08-21,73000,2026-10-08,put,regular,10,0.2398,48,7680.0
2026-08-21,79000,2026-10-08,put,regular,1,0.2,48,13150.0
2026-08-21,85000,2026-10-08,put,regular,22,0.2,48,19040.0
2026-08-21,20000,2026-11-12,put,regular,1,0.8501,83,7.0
2026-08-21,25000,2026-11-12,put,regular,77,0.7633,83,18.0
2026-08-21,27000,2026-11-12,put,regular,6,0.7014,83,17.0
2026-08-21,28000,2026-11-12,put,regular,20,0.6897,83,21.0
2026-08-21,30000,2026-11-12,put,regular,1,0.6683,83,32.0
2026-08-21,35000,2026-11-12,put,regular,2,0.6039,83,70.0
2026-08-21,37000,2026-11-12,put,regular,2,0.5896,83,105.0
2026-08-21,38000,2026-11-12,put,regular,2,0.5692,83,110.0
2026-08-21,39000,2026-11-12,put,regular,1,0.5599,83,130.0
2026-08-21,40000,2026-11-12,put,regular,100,0.5438,83,142.0
2026-08-21,41000,2026-11-12,put,regular,103,0.5302,83,159.0
2026-08-21,42000,2026-11-12,put,regular,251,0.5158,83,176.0
2026-08-21,43000,2026-11-12,put,regular,155,0.5035,83,199.0
2026-08-21,44000,2026-11-12,put,regular,102,0.4893,83,220.0
2026-08-21,44500,2026-11-12,put,regular,1,0.4813,83,229.0
2026-08-21,44750,2026-11-12,put,regular,1,0.4787,83,237.0
2026-08-21,45000,2026-11-12,put,regular,102,0.4767,83,247.0
2026-08-21,45250,2026-11-12,put,regular,2,0.472,83,250.0
2026-08-21,45500,2026-11-12,put,regular,2,0.4684,83,256.0
2026-08-21,45750,2026-11-12,put,regular,2,0.4651,83,263.0
2026-08-21,46000,2026-11-12,put,regular,28,0.4697,83,293.0
2026-08-21,46250,2026-11-12,put,regular,2,0.4604,83,283.0
2026-08-21,46500,2026-11-12,put,regular,3,0.4562,83,288.0
2026-08-21,46750,2026-11-12,put,regular,2,0.4533,83,297.0
2026-08-21,47000,2026-11-12,put,regular,102,0.45,83,305.0
2026-08-21,47250,2026-11-12,put,regular,2,0.4489,83,320.0
2026-08-21,47500,2026-11-12,put,regular,3,0.4445,83,325.0
2026-08-21,47750,2026-11-12,put,regular,2,0.4416,83,335.0
2026-08-21,48000,2026-11-12,put,regular,9,0.4386,83,345.0
2026-08-21,48250,2026-11-12,put,regular,3,0.4355,83,355.0
2026-08-21,48500,2026-11-12,put,regular,3,0.4324,83,365.0
2026-08-21,48750,2026-11-12,put,regular,111,0.4279,83,370.0
2026-08-21,49000,2026-11-12,put,regular,149,0.4259,83,385.0
2026-08-21,49250,2026-11-12,put,regular,41,0.4226,83,395.0
2026-08-21,49500,2026-11-12,put,regular,218,0.4204,83,410.0
2026-08-21,49750,2026-11-12,put,regular,28,0.4182,83,425.0
2026-08-21,50000,2026-11-12,put,regular,247,0.417,83,445.0
2026-08-21,50250,2026-11-12,put,regular,59,0.4144,83,460.0
2026-08-21,50500,2026-11-12,put,regular,103,0.4118,83,475.0
2026-08-21,50750,2026-11-12,put,regular,34,0.4091,83,490.0
2026-08-21,51000,2026-11-12,put,regular,608,0.4052,83,500.0
2026-08-21,51250,2026-11-12,put,regular,25,0.4023,83,515.0
2026-08-21,51500,2026-11-12,put,regular,18,0.3993,83,530.0
2026-08-21,52000,2026-11-12,put,regular,582,0.3911,83,550.0
2026-08-21,52500,2026-11-12,put,regular,139,0.3837,83,575.0
2026-08-21,52750,2026-11-12,put,regular,2,0.3868,83,625.0
2026-08-21,53000,2026-11-12,put,regular,55,0.3824,83,635.0
2026-08-21,53250,2026-11-12,put,regular,15,0.3806,83,660.0
2026-08-21,53500,2026-11-12,put,regular,400,0.3778,83,680.0
2026-08-21,53750,2026-11-12,put,regular,25,0.374,83,695.0
2026-08-21,54000,2026-11-12,put,regular,100,0.371,83,715.0
2026-08-21,54250,2026-11-12,put,regular,1,0.3695,83,745.0
2026-08-21,54500,2026-11-12,put,regular,300,0.3678,83,775.0
2026-08-21,54750,2026-11-12,put,regular,1,0.3637,83,790.0
2026-08-21,55000,2026-11-12,put,regular,114,0.3633,83,830.0
2026-08-21,55250,2026-11-12,put,regular,16,0.3633,83,875.0
2026-08-21,55500,2026-11-12,put,regular,150,0.3589,83,890.0
2026-08-21,55750,2026-11-12,put,regular,1,0.3566,83,920.0
2026-08-21,56000,2026-11-12,put,regular,201,0.3534,83,945.0
2026-08-21,56500,2026-11-12,put,regular,45,0.35,83,1020.0
2026-08-21,56750,2026-11-12,put,regular,30,0.3477,83,1055.0
2026-08-21,57000,2026-11-12,put,regular,300,0.3453,83,1090.0
2026-08-21,57250,2026-11-12,put,regular,16,0.3422,83,1120.0
2026-08-21,57500,2026-11-12,put,regular,400,0.3425,83,1180.0
2026-08-21,57750,2026-11-12,put,regular,2,0.3397,83,1215.0
2026-08-21,58000,2026-11-12,put,regular,386,0.3345,83,1230.0
2026-08-21,58250,2026-11-12,put,regular,21,0.3348,83,1295.0
2026-08-21,58500,2026-11-12,put,regular,111,0.3305,83,1320.0
2026-08-21,59000,2026-11-12,put,regular,141,0.3254,83,1405.0
2026-08-21,59500,2026-11-12,put,regular,465,0.3233,83,1525.0
2026-08-21,59750,2026-11-12,put,regular,1,0.3235,83,1600.0
2026-08-21,60000,2026-11-12,put,regular,474,0.322,83,1660.0
2026-08-21,60500,2026-11-12,put,regular,103,0.3184,83,1780.0
2026-08-21,60750,2026-11-12,put,regular,28,0.3168,83,1845.0
2026-08-21,61000,2026-11-12,put,regular,620,0.3159,83,1920.0
2026-08-21,61500,2026-11-12,put,regular,5,0.3118,83,2050.0
2026-08-21,62000,2026-11-12,put,regular,995,0.3084,83,2195.0
2026-08-21,62500,2026-11-12,put,regular,144,0.3055,83,2355.0
2026-08-21,63000,2026-11-12,put,regular,398,0.3026,83,2525.0
2026-08-21,64000,2026-11-12,put,regular,571,0.2934,83,2850.0
2026-08-21,64500,2026-11-12,put,regular,340,0.2923,83,3070.0
2026-08-21,65000,2026-11-12,put,regular,801,0.2891,83,3275.0
2026-08-21,65500,2026-11-12,put,regular,100,0.2867,83,3500.0
2026-08-21,66000,2026-11-12,put,regular,270,0.2839,83,3730.0
2026-08-21,66500,2026-11-12,put,regular,239,0.2817,83,3980.0
2026-08-21,67000,2026-11-12,put,regular,870,0.2791,83,4235.0
2026-08-21,67500,2026-11-12,put,regular,4,0.2768,83,4505.0
2026-08-21,68375,2026-11-12,put,regular,16,0.2727,83,5005.0
2026-08-21,68500,2026-11-12,put,regular,478,0.2722,83,5080.0
2026-08-21,69000,2026-11-12,put,regular,450,0.2683,83,5365.0
2026-08-21,69500,2026-11-12,put,regular,1,0.2642,83,5660.0
2026-08-21,70000,2026-11-12,put,regular,460,0.2626,83,5995.0
2026-08-21,70750,2026-11-12,put,regular,160,0.2595,83,6510.0
2026-08-21,72500,2026-11-12,put,regular,330,0.2487,83,7770.0
2026-08-21,79500,2026-11-12,put,regular,1,0.2,83,13765.0
2026-08-21,12500,2026-12-10,put,regular,562,0.9891,111,5.0
2026-08-21,13000,2026-12-10,put,regular,4,0.9264,111,3.0
2026-08-21,13500,2026-12-10,put,regular,100,0.8343,111,1.0
2026-08-21,14000,2026-12-10,put,regular,11,0.8572,111,2.0
2026-08-21,14500,2026-12-10,put,regular,1,0.7971,111,1.0
2026-08-21,14750,2026-12-10,put,regular,1,0.7882,111,1.0
2026-08-21,15000,2026-12-10,put,regular,5,0.8195,111,2.0
2026-08-21,15500,2026-12-10,put,regular,1,0.7624,111,1.0
2026-08-21,16000,2026-12-10,put,regular,3,0.7459,111,1.0
2026-08-21,17000,2026-12-10,put,regular,3,0.7145,111,1.0
2026-08-21,18000,2026-12-10,put,regular,153,0.7202,111,2.0
2026-08-21,19000,2026-12-10,put,regular,650,0.713,111,3.0
2026-08-21,20000,2026-12-10,put,regular,2351,0.7849,111,14.0
2026-08-21,21000,2026-12-10,put,regular,350,0.6964,111,6.0
2026-08-21,21500,2026-12-10,put,regular,500,0.692,111,7.0
2026-08-21,22000,2026-12-10,put,regular,1715,0.6865,111,8.0
2026-08-21,22500,2026-12-10,put,regular,150,0.6804,111,9.0
2026-08-21,23000,2026-12-10,put,regular,2106,0.6798,111,11.0
2026-08-21,23500,2026-12-10,put,regular,127,0.6722,111,12.0
2026-08-21,24000,2026-12-10,put,regular,405,0.6642,111,13.0
2026-08-21,24500,2026-12-10,put,regular,250,0.6607,111,15.0
2026-08-21,24750,2026-12-10,put,regular,1,0.6585,111,16.0
2026-08-21,25000,2026-12-10,put,regular,2464,0.6562,111,17.0
2026-08-21,25250,2026-12-10,put,regular,1,0.6645,111,21.0
2026-08-21,25500,2026-12-10,put,regular,2,0.651,111,19.0
2026-08-21,26000,2026-12-10,put,regular,1425,0.6452,111,21.0
2026-08-21,26500,2026-12-10,put,regular,1,0.639,111,23.0
2026-08-21,27000,2026-12-10,put,regular,2630,0.6351,111,26.0
2026-08-21,27500,2026-12-10,put,regular,25,0.6305,111,29.0
2026-08-21,27750,2026-12-10,put,regular,72,0.6268,111,30.0
2026-08-21,28000,2026-12-10,put,regular,1326,0.6254,111,32.0
2026-08-21,28500,2026-12-10,put,regular,400,0.6197,111,35.0
2026-08-21,29000,2026-12-10,put,regular,1450,0.6137,111,38.0
2026-08-21,30000,2026-12-10,put,regular,5695,0.6024,111,45.0
2026-08-21,30500,2026-12-10,put,regular,51,0.597,111,49.0
2026-08-21,31000,2026-12-10,put,regular,2237,0.5941,111,55.0
2026-08-21,31500,2026-12-10,put,regular,350,0.5865,111,58.0
2026-08-21,32000,2026-12-10,put,regular,4655,0.6049,111,84.0
2026-08-21,32250,2026-12-10,put,regular,600,0.5779,111,65.0
2026-08-21,32500,2026-12-10,put,regular,900,0.5989,111,90.0
2026-08-21,33000,2026-12-10,put,regular,3362,0.5917,111,95.0
2026-08-21,33250,2026-12-10,put,regular,37,0.5885,111,98.0
2026-08-21,33500,2026-12-10,put,regular,72,0.5852,111,101.0
2026-08-21,34000,2026-12-10,put,regular,2820,0.5778,111,106.0
2026-08-21,34500,2026-12-10,put,regular,560,0.5702,111,111.0
2026-08-21,34750,2026-12-10,put,regular,1,0.5667,111,114.0
2026-08-21,35000,2026-12-10,put,regular,4917,0.564,111,118.0
2026-08-21,36000,2026-12-10,put,regular,2905,0.5497,111,130.0
2026-08-21,36500,2026-12-10,put,regular,225,0.543,111,137.0
2026-08-21,36750,2026-12-10,put,regular,400,0.5393,111,140.0
2026-08-21,37000,2026-12-10,put,regular,2535,0.5362,111,144.0
2026-08-21,37500,2026-12-10,put,regular,188,0.5292,111,151.0
2026-08-21,37750,2026-12-10,put,regular,100,0.5259,111,155.0
2026-08-21,38000,2026-12-10,put,regular,2686,0.5227,111,159.0
2026-08-21,38500,2026-12-10,put,regular,1150,0.5144,111,164.0
2026-08-21,38750,2026-12-10,put,regular,50,0.5094,111,165.0
2026-08-21,39000,2026-12-10,put,regular,2405,0.504,111,165.0
2026-08-21,39250,2026-12-10,put,regular,650,0.5062,111,180.0
2026-08-21,39500,2026-12-10,put,regular,1008,0.5031,111,185.0
2026-08-21,40000,2026-12-10,put,regular,5764,0.4979,111,197.0
2026-08-21,40250,2026-12-10,put,regular,5,0.4933,111,199.0
2026-08-21,40500,2026-12-10,put,regular,1399,0.4902,111,204.0
2026-08-21,41000,2026-12-10,put,regular,1825,0.4841,111,215.0
2026-08-21,41250,2026-12-10,put,regular,3,0.4808,111,220.0
2026-08-21,41500,2026-12-10,put,regular,101,0.4778,111,226.0
2026-08-21,42000,2026-12-10,put,regular,3599,0.4718,111,238.0
2026-08-21,42500,2026-12-10,put,regular,300,0.4655,111,250.0
2026-08-21,43000,2026-12-10,put,regular,1682,0.4598,111,264.0
2026-08-21,43500,2026-12-10,put,regular,100,0.4542,111,279.0
2026-08-21,43750,2026-12-10,put,regular,9,0.4509,111,285.0
2026-08-21,44000,2026-12-10,put,regular,2800,0.4484,111,294.0
2026-08-21,45000,2026-12-10,put,regular,2724,0.4365,111,325.0
2026-08-21,45250,2026-12-10,put,regular,51,0.434,111,335.0
2026-08-21,45500,2026-12-10,put,regular,350,0.4315,111,345.0
2026-08-21,46000,2026-12-10,put,regular,3857,0.4262,111,365.0
2026-08-21,47000,2026-12-10,put,regular,2846,0.4137,111,400.0
2026-08-21,47500,2026-12-10,put,regular,1119,0.4089,111,425.0
2026-08-21,48000,2026-12-10,put,regular,4124,0.4038,111,450.0
2026-08-21,48500,2026-12-10,put,regular,300,0.3995,111,480.0
2026-08-21,49000,2026-12-10,put,regular,3177,0.3939,111,505.0
2026-08-21,49500,2026-12-10,put,regular,2717,0.389,111,535.0
2026-08-21,50000,2026-12-10,put,regular,6522,0.3846,111,570.0
2026-08-21,50250,2026-12-10,put,regular,16,0.3819,111,585.0
2026-08-21,50500,2026-12-10,put,regular,686,0.3791,111,600.0
2026-08-21,50750,2026-12-10,put,regular,45,0.3771,111,620.0
2026-08-21,51000,2026-12-10,put,regular,1565,0.375,111,640.0
2026-08-21,51500,2026-12-10,put,regular,20,0.3705,111,680.0
2026-08-21,52000,2026-12-10,put,regular,2765,0.3664,111,725.0
2026-08-21,52250,2026-12-10,put,regular,525,0.3639,111,745.0
2026-08-21,52500,2026-12-10,put,regular,432,0.3612,111,765.0
2026-08-21,53000,2026-12-10,put,regular,1398,0.3592,111,830.0
2026-08-21,53250,2026-12-10,put,regular,186,0.3563,111,850.0
2026-08-21,53500,2026-12-10,put,regular,205,0.3533,111,870.0
2026-08-21,53750,2026-12-10,put,regular,4,0.3509,111,895.0
2026-08-21,54000,2026-12-10,put,regular,2599,0.3491,111,925.0
2026-08-21,54500,2026-12-10,put,regular,440,0.3451,111,985.0
2026-08-21,55000,2026-12-10,put,regular,4779,0.3413,111,1050.0
2026-08-21,55500,2026-12-10,put,regular,100,0.3376,111,1120.0
2026-08-21,56000,2026-12-10,put,regular,2476,0.334,111,1195.0
2026-08-21,56500,2026-12-10,put,regular,151,0.3304,111,1275.0
2026-08-21,57000,2026-12-10,put,regular,2281,0.3269,111,1360.0
2026-08-21,57500,2026-12-10,put,regular,850,0.3234,111,1450.0
2026-08-21,58000,2026-12-10,put,regular,1868,0.3199,111,1545.0
2026-08-21,58500,2026-12-10,put,regular,850,0.3168,111,1650.0
2026-08-21,59000,2026-12-10,put,regular,2405,0.3132,111,1755.0
2026-08-21,59500,2026-12-10,put,regular,250,0.3104,111,1875.0
2026-08-21,60000,2026-12-10,put,regular,9878,0.3074,111,2000.0
2026-08-21,60500,2026-12-10,put,regular,200,0.3043,111,2130.0
2026-08-21,61000,2026-12-10,put,regular,1435,0.3014,111,2270.0
2026-08-21,61500,2026-12-10,put,regular,1,0.2984,111,2415.0
2026-08-21,62000,2026-12-10,put,regular,2606,0.2959,111,2575.0
2026-08-21,62250,2026-12-10,put,regular,250,0.2944,111,2655.0
2026-08-21,62500,2026-12-10,put,regular,1087,0.2931,111,2740.0
2026-08-21,63000,2026-12-10,put,regular,2251,0.2902,111,2910.0
2026-08-21,63500,2026-12-10,put,regular,150,0.2873,111,3090.0
2026-08-21,63750,2026-12-10,put,regular,48,0.286,111,3185.0
2026-08-21,64000,2026-12-10,put,regular,1730,0.2846,111,3280.0
2026-08-21,65000,2026-12-10,put,regular,3265,0.2796,111,3695.0
2026-08-21,65500,2026-12-10,put,regular,580,0.2766,111,3910.0
2026-08-21,66000,2026-12-10,put,regular,576,0.2741,111,4140.0
2026-08-21,66500,2026-12-10,put,regular,600,0.2722,111,4390.0
2026-08-21,67000,2026-12-10,put,regular,1410,0.2693,111,4635.0
2026-08-21,67250,2026-12-10,put,regular,25,0.2688,111,4775.0
2026-08-21,67500,2026-12-10,put,regular,25,0.2675,111,4905.0
2026-08-21,68000,2026-12-10,put,regular,1900,0.2649,111,5175.0
2026-08-21,68500,2026-12-10,put,regular,203,0.2627,111,5460.0
2026-08-21,68750,2026-12-10,put,regular,100,0.2615,111,5605.0
2026-08-21,69000,2026-12-10,put,regular,1570,0.2605,111,5755.0
2026-08-21,70000,2026-12-10,put,regular,1653,0.2557,111,6370.0
2026-08-21,71000,2026-12-10,put,regular,31,0.2512,111,7030.0
2026-08-21,72000,2026-12-10,put,regular,120,0.2443,111,7700.0
2026-08-21,72500,2026-12-10,put,regular,320,0.2416,111,8060.0
2026-08-21,74000,2026-12-10,put,regular,100,0.2328,111,9190.0
2026-08-21,76000,2026-12-10,put,regular,300,0.2162,111,10790.0
2026-08-21,80000,2026-12-10,put,regular,3700,0.2,111,14265.0
2026-08-21,44000,2027-01-07,put,regular,331,0.4209,139,370.0
2026-08-21,45000,2027-01-07,put,regular,1000,0.4107,139,410.0
2026-08-21,47000,2027-01-07,put,regular,98,0.3911,139,505.0
2026-08-21,48000,2027-01-07,put,regular,200,0.3823,139,565.0
2026-08-21,50000,2027-01-07,put,regular,115,0.3684,139,730.0
2026-08-21,52500,2027-01-07,put,regular,20,0.349,139,975.0
2026-08-21,57000,2027-01-07,put,regular,60,0.3183,139,1655.0
2026-08-21,58000,2027-01-07,put,regular,57,0.3125,139,1865.0
2026-08-21,60000,2027-01-07,put,regular,1,0.3007,139,2350.0
2026-08-21,60500,2027-01-07,put,regular,42,0.298,139,2490.0
2026-08-21,61000,2027-01-07,put,regular,1,0.2956,139,2640.0
2026-08-21,61500,2027-01-07,put,regular,50,0.2926,139,2790.0
2026-08-21,64000,2027-01-07,put,regular,100,0.2764,139,3625.0
2026-08-21,65000,2027-01-07,put,regular,3,0.2719,139,4045.0
2026-08-21,65500,2027-01-07,put,regular,1,0.2698,139,4270.0
2026-08-21,65750,2027-01-07,put,regular,1,0.2683,139,4380.0
2026-08-21,66000,2027-01-07,put,regular,50,0.2674,139,4500.0
2026-08-21,66500,2027-01-07,put,regular,3,0.2648,139,4735.0
2026-08-21,67000,2027-01-07,put,regular,2,0.2635,139,5000.0
2026-08-21,67500,2027-01-07,put,regular,1,0.2601,139,5240.0
2026-08-21,67750,2027-01-07,put,regular,1,0.2591,139,5375.0
2026-08-21,45000,2027-02-10,put,regular,300,0.3949,173,550.0
2026-08-21,47000,2027-02-10,put,regular,125,0.378,173,675.0
2026-08-21,57500,2027-02-10,put,regular,100,0.3078,173,2095.0
2026-08-21,65000,2027-02-10,put,regular,153,0.2683,173,4480.0
2026-08-21,67000,2027-02-10,put,regular,2,0.2602,173,5430.0
2026-08-21,29000,2027-03-11,put,regular,1,0.5266,202,113.0
2026-08-21,30000,2027-03-11,put,regular,1,0.5169,202,129.0
2026-08-21,33000,2027-03-11,put,regular,113,0.4864,202,183.0
2026-08-21,35000,2027-03-11,put,regular,600,0.4669,202,228.0
2026-08-21,37000,2027-03-11,put,regular,500,0.448,202,282.0
2026-08-21,38000,2027-03-11,put,regular,265,0.4394,202,315.0
2026-08-21,40000,2027-03-11,put,regular,1171,0.4211,202,385.0
2026-08-21,41000,2027-03-11,put,regular,250,0.4121,202,425.0
2026-08-21,42000,2027-03-11,put,regular,549,0.4036,202,470.0
2026-08-21,42500,2027-03-11,put,regular,200,0.3995,202,495.0
2026-08-21,43000,2027-03-11,put,regular,114,0.3953,202,520.0
2026-08-21,43500,2027-03-11,put,regular,66,0.3917,202,550.0
2026-08-21,43750,2027-03-11,put,regular,2,0.389,202,560.0
2026-08-21,44000,2027-03-11,put,regular,275,0.3871,202,575.0
2026-08-21,45000,2027-03-11,put,regular,1609,0.3798,202,640.0
2026-08-21,46000,2027-03-11,put,regular,116,0.3716,202,705.0
2026-08-21,47000,2027-03-11,put,regular,950,0.3641,202,780.0
2026-08-21,48000,2027-03-11,put,regular,349,0.3569,202,865.0
2026-08-21,48500,2027-03-11,put,regular,51,0.3539,202,915.0
2026-08-21,49000,2027-03-11,put,regular,102,0.3501,202,960.0
2026-08-21,50000,2027-03-11,put,regular,1350,0.3434,202,1065.0
2026-08-21,50250,2027-03-11,put,regular,112,0.3419,202,1095.0
2026-08-21,51000,2027-03-11,put,regular,24,0.3372,202,1185.0
2026-08-21,51250,2027-03-11,put,regular,108,0.3355,202,1215.0
2026-08-21,52000,2027-03-11,put,regular,1470,0.3309,202,1315.0
2026-08-21,52500,2027-03-11,put,regular,50,0.3278,202,1385.0
2026-08-21,53000,2027-03-11,put,regular,525,0.3249,202,1460.0
2026-08-21,53500,2027-03-11,put,regular,200,0.3217,202,1535.0
2026-08-21,54000,2027-03-11,put,regular,534,0.3191,202,1620.0
2026-08-21,55000,2027-03-11,put,regular,752,0.3136,202,1800.0
2026-08-21,55500,2027-03-11,put,regular,100,0.3109,202,1895.0
2026-08-21,56000,2027-03-11,put,regular,651,0.3081,202,1995.0
2026-08-21,56250,2027-03-11,put,regular,120,0.307,202,2050.0
2026-08-21,57000,2027-03-11,put,regular,1775,0.3032,202,2215.0
2026-08-21,58000,2027-03-11,put,regular,2525,0.2982,202,2455.0
2026-08-21,58500,2027-03-11,put,regular,35,0.2956,202,2580.0
2026-08-21,59500,2027-03-11,put,regular,453,0.2912,202,2860.0
2026-08-21,60000,2027-03-11,put,regular,1750,0.2888,202,3005.0
2026-08-21,61000,2027-03-11,put,regular,160,0.2845,202,3320.0
2026-08-21,62000,2027-03-11,put,regular,900,0.2804,202,3665.0
2026-08-21,62500,2027-03-11,put,regular,500,0.2782,202,3845.0
2026-08-21,63000,2027-03-11,put,regular,1490,0.2763,202,4035.0
2026-08-21,64000,2027-03-11,put,regular,950,0.2725,202,4440.0
2026-08-21,65000,2027-03-11,put,regular,630,0.2687,202,4870.0
2026-08-21,66000,2027-03-11,put,regular,400,0.2651,202,5335.0
2026-08-21,66250,2027-03-11,put,regular,15,0.2641,202,5455.0
2026-08-21,66500,2027-03-11,put,regular,6,0.2631,202,5575.0
2026-08-21,67000,2027-03-11,put,regular,300,0.2615,202,5830.0
2026-08-21,68000,2027-03-11,put,regular,130,0.258,202,6355.0
2026-08-21,69000,2027-03-11,put,regular,350,0.2544,202,6910.0
2026-08-21,69250,2027-03-11,put,regular,10,0.2536,202,7055.0
2026-08-21,70000,2027-03-11,put,regular,470,0.2511,202,7500.0
2026-08-21,72000,2027-03-11,put,regular,100,0.2439,202,8760.0
2026-08-21,48000,2027-05-13,put,regular,100,0.3469,265,1220.0
2026-08-21,12500,2027-06-10,put,regular,10,0.6591,293,12.0
2026-08-21,14500,2027-06-10,put,regular,4,0.6009,293,12.0
2026-08-21,15000,2027-06-10,put,regular,1,0.6006,293,15.0
2026-08-21,16250,2027-06-10,put,regular,167,0.5917,293,22.0
2026-08-21,23000,2027-06-10,put,regular,140,0.5369,293,94.0
2026-08-21,24000,2027-06-10,put,regular,100,0.5275,293,109.0
2026-08-21,25000,2027-06-10,put,regular,250,0.5191,293,127.0
2026-08-21,26000,2027-06-10,put,regular,200,0.5098,293,145.0
2026-08-21,28000,2027-06-10,put,regular,895,0.4919,293,187.0
2026-08-21,28500,2027-06-10,put,regular,100,0.4872,293,198.0
2026-08-21,29000,2027-06-10,put,regular,66,0.4827,293,210.0
2026-08-21,30000,2027-06-10,put,regular,275,0.4738,293,235.0
2026-08-21,31000,2027-06-10,put,regular,100,0.4646,293,261.0
2026-08-21,31500,2027-06-10,put,regular,1,0.4601,293,275.0
2026-08-21,32000,2027-06-10,put,regular,250,0.4559,293,290.0
2026-08-21,33000,2027-06-10,put,regular,150,0.4482,293,325.0
2026-08-21,34000,2027-06-10,put,regular,750,0.4387,293,355.0
2026-08-21,35000,2027-06-10,put,regular,1327,0.4299,293,390.0
2026-08-21,35500,2027-06-10,put,regular,145,0.4259,293,410.0
2026-08-21,36000,2027-06-10,put,regular,300,0.4218,293,430.0
2026-08-21,37000,2027-06-10,put,regular,50,0.4141,293,475.0
2026-08-21,38000,2027-06-10,put,regular,201,0.4059,293,520.0
2026-08-21,38500,2027-06-10,put,regular,140,0.4021,293,545.0
2026-08-21,39000,2027-06-10,put,regular,50,0.3981,293,570.0
2026-08-21,39500,2027-06-10,put,regular,101,0.394,293,595.0
2026-08-21,40000,2027-06-10,put,regular,1095,0.3905,293,625.0
2026-08-21,41000,2027-06-10,put,regular,100,0.3831,293,685.0
2026-08-21,42000,2027-06-10,put,regular,400,0.3758,293,750.0
2026-08-21,42500,2027-06-10,put,regular,61,0.3723,293,785.0
2026-08-21,43000,2027-06-10,put,regular,35,0.3686,293,820.0
2026-08-21,44000,2027-06-10,put,regular,196,0.362,293,900.0
2026-08-21,45000,2027-06-10,put,regular,1220,0.3552,293,985.0
2026-08-21,46000,2027-06-10,put,regular,773,0.3494,293,1085.0
2026-08-21,46500,2027-06-10,put,regular,70,0.3462,293,1135.0
2026-08-21,47000,2027-06-10,put,regular,201,0.3433,293,1190.0
2026-08-21,47750,2027-06-10,put,regular,100,0.3388,293,1275.0
2026-08-21,48000,2027-06-10,put,regular,1104,0.3374,293,1305.0
2026-08-21,49000,2027-06-10,put,regular,300,0.3316,293,1430.0
2026-08-21,50000,2027-06-10,put,regular,2167,0.3263,293,1570.0
2026-08-21,50500,2027-06-10,put,regular,175,0.3237,293,1645.0
2026-08-21,51000,2027-06-10,put,regular,100,0.3212,293,1725.0
2026-08-21,51250,2027-06-10,put,regular,3,0.3199,293,1765.0
2026-08-21,52000,2027-06-10,put,regular,1030,0.316,293,1890.0
2026-08-21,52250,2027-06-10,put,regular,88,0.3149,293,1935.0
2026-08-21,52500,2027-06-10,put,regular,57,0.3137,293,1980.0
2026-08-21,53000,2027-06-10,put,regular,720,0.3114,293,2075.0
2026-08-21,53500,2027-06-10,put,regular,1,0.3092,293,2175.0
2026-08-21,53750,2027-06-10,put,regular,35,0.308,293,2225.0
2026-08-21,54000,2027-06-10,put,regular,1402,0.3068,293,2275.0
2026-08-21,55000,2027-06-10,put,regular,1450,0.3025,293,2495.0
2026-08-21,55500,2027-06-10,put,regular,255,0.3006,293,2615.0
2026-08-21,56000,2027-06-10,put,regular,810,0.2984,293,2735.0
2026-08-21,56500,2027-06-10,put,regular,40,0.2963,293,2860.0
2026-08-21,57000,2027-06-10,put,regular,775,0.2945,293,2995.0
2026-08-21,57750,2027-06-10,put,regular,112,0.2915,293,3200.0
2026-08-21,58000,2027-06-10,put,regular,317,0.2907,293,3275.0
2026-08-21,58500,2027-06-10,put,regular,1,0.2887,293,3420.0
2026-08-21,59000,2027-06-10,put,regular,400,0.2869,293,3575.0
2026-08-21,59500,2027-06-10,put,regular,212,0.2852,293,3735.0
2026-08-21,60000,2027-06-10,put,regular,1476,0.2834,293,3900.0
2026-08-21,61000,2027-06-10,put,regular,3,0.2801,293,4250.0
2026-08-21,62000,2027-06-10,put,regular,805,0.2769,293,4625.0
2026-08-21,63000,2027-06-10,put,regular,925,0.2738,293,5025.0
2026-08-21,64000,2027-06-10,put,regular,250,0.2708,293,5450.0
2026-08-21,64750,2027-06-10,put,regular,104,0.2686,293,5785.0
2026-08-21,65000,2027-06-10,put,regular,1486,0.2679,293,5900.0
2026-08-21,65500,2027-06-10,put,regular,26,0.2665,293,6135.0
2026-08-21,66000,2027-06-10,put,regular,50,0.265,293,6375.0
2026-08-21,66750,2027-06-10,put,regular,150,0.2629,293,6750.0
2026-08-21,67000,2027-06-10,put,regular,870,0.2621,293,6875.0
2026-08-21,67500,2027-06-10,put,regular,100,0.2607,293,7135.0
2026-08-21,68000,2027-06-10,put,regular,600,0.2595,293,7405.0
2026-08-21,68500,2027-06-10,put,regular,200,0.2582,293,7680.0
2026-08-21,69000,2027-06-10,put,regular,15,0.2569,293,7960.0
2026-08-21,70000,2027-06-10,put,regular,700,0.2541,293,8535.0
2026-08-21,72000,2027-06-10,put,regular,100,0.2487,293,9765.0
2026-08-21,77500,2027-06-10,put,regular,50,0.2329,293,13610.0
2026-08-21,67000,2027-07-08,put,regular,58,0.2624,321,7165.0
2026-08-21,31000,2027-09-09,put,regular,200,0.4144,384,292.0
2026-08-21,45000,2027-09-09,put,regular,100,0.3367,384,1285.0
2026-08-21,47000,2027-09-09,put,regular,100,0.3277,384,1550.0
2026-08-21,48000,2027-09-09,put,regular,100,0.323,384,1695.0
2026-08-21,50000,2027-09-09,put,regular,125,0.3143,384,2025.0
2026-08-21,54250,2027-09-09,put,regular,200,0.2972,384,2910.0
2026-08-21,55000,2027-09-09,put,regular,300,0.2944,384,3095.0
2026-08-21,58000,2027-09-09,put,regular,1,0.2837,384,3940.0
2026-08-21,60000,2027-09-09,put,regular,225,0.277,384,4600.0
2026-08-21,62000,2027-09-09,put,regular,188,0.2707,384,5345.0
2026-08-21,68250,2027-09-09,put,regular,200,0.2527,384,8245.0
2026-08-21,68750,2027-09-09,put,regular,91,0.2515,384,8520.0
2026-08-21,12500,2027-12-09,put,regular,11,0.5359,475,17.0
2026-08-21,13000,2027-12-09,put,regular,1,0.4343,475,2.0
2026-08-21,16000,2027-12-09,put,regular,350,0.4255,475,8.0
2026-08-21,19000,2027-12-09,put,regular,300,0.4254,475,28.0
2026-08-21,20000,2027-12-09,put,regular,400,0.4371,475,50.0
2026-08-21,21000,2027-12-09,put,regular,50,0.4241,475,54.0
2026-08-21,22000,2027-12-09,put,regular,408,0.4238,475,73.0
2026-08-21,22500,2027-12-09,put,regular,36,0.4235,475,84.0
2026-08-21,23000,2027-12-09,put,regular,132,0.4231,475,96.0
2026-08-21,23750,2027-12-09,put,regular,39,0.4234,475,118.0
2026-08-21,24000,2027-12-09,put,regular,1721,0.4229,475,125.0
2026-08-21,25000,2027-12-09,put,regular,1211,0.4231,475,161.0
2026-08-21,26000,2027-12-09,put,regular,200,0.4228,475,203.0
2026-08-21,26500,2027-12-09,put,regular,100,0.4225,475,226.0
2026-08-21,27000,2027-12-09,put,regular,1300,0.4225,475,252.0
2026-08-21,28000,2027-12-09,put,regular,2125,0.4158,475,285.0
2026-08-21,29000,2027-12-09,put,regular,350,0.4103,475,325.0
2026-08-21,29500,2027-12-09,put,regular,249,0.4072,475,345.0
2026-08-21,30000,2027-12-09,put,regular,2445,0.404,475,365.0
2026-08-21,31000,2027-12-09,put,regular,1750,0.3971,475,405.0
2026-08-21,31500,2027-12-09,put,regular,204,0.3945,475,430.0
2026-08-21,32000,2027-12-09,put,regular,1425,0.3916,475,455.0
2026-08-21,32250,2027-12-09,put,regular,30,0.3897,475,465.0
2026-08-21,32750,2027-12-09,put,regular,35,0.3866,475,490.0
2026-08-21,33000,2027-12-09,put,regular,450,0.3855,475,505.0
2026-08-21,34000,2027-12-09,put,regular,1794,0.3803,475,565.0
2026-08-21,34500,2027-12-09,put,regular,100,0.3775,475,595.0
2026-08-21,35000,2027-12-09,put,regular,1600,0.3745,475,625.0
2026-08-21,35500,2027-12-09,put,regular,40,0.3721,475,660.0
2026-08-21,36000,2027-12-09,put,regular,1130,0.3689,475,690.0
2026-08-21,36500,2027-12-09,put,regular,300,0.3668,475,730.0
2026-08-21,37000,2027-12-09,put,regular,1150,0.3639,475,765.0
2026-08-21,38000,2027-12-09,put,regular,1175,0.3589,475,845.0
2026-08-21,39000,2027-12-09,put,regular,800,0.3538,475,930.0
2026-08-21,39500,2027-12-09,put,regular,50,0.3513,475,975.0
2026-08-21,40000,2027-12-09,put,regular,3150,0.3491,475,1025.0
2026-08-21,40500,2027-12-09,put,regular,450,0.3468,475,1075.0
2026-08-21,42000,2027-12-09,put,regular,550,0.3398,475,1235.0
2026-08-21,43000,2027-12-09,put,regular,240,0.3355,475,1355.0
2026-08-21,44000,2027-12-09,put,regular,100,0.331,475,1480.0
2026-08-21,45000,2027-12-09,put,regular,1975,0.3269,475,1620.0
2026-08-21,46000,2027-12-09,put,regular,700,0.3226,475,1765.0
2026-08-21,47000,2027-12-09,put,regular,250,0.3186,475,1925.0
2026-08-21,47500,2027-12-09,put,regular,35,0.3167,475,2010.0
2026-08-21,48000,2027-12-09,put,regular,615,0.3147,475,2095.0
2026-08-21,49000,2027-12-09,put,regular,700,0.311,475,2280.0
2026-08-21,50000,2027-12-09,put,regular,3170,0.3072,475,2475.0
2026-08-21,51000,2027-12-09,put,regular,350,0.3036,475,2685.0
2026-08-21,52000,2027-12-09,put,regular,635,0.3001,475,2910.0
2026-08-21,53000,2027-12-09,put,regular,822,0.2965,475,3145.0
2026-08-21,54000,2027-12-09,put,regular,450,0.2931,475,3400.0
2026-08-21,54500,2027-12-09,put,regular,400,0.2916,475,3535.0
2026-08-21,55000,2027-12-09,put,regular,1200,0.2898,475,3670.0
2026-08-21,55500,2027-12-09,put,regular,75,0.2884,475,3815.0
2026-08-21,56000,2027-12-09,put,regular,270,0.2868,475,3960.0
2026-08-21,57000,2027-12-09,put,regular,220,0.2835,475,4260.0
2026-08-21,58000,2027-12-09,put,regular,1300,0.2805,475,4585.0
2026-08-21,58500,2027-12-09,put,regular,210,0.2791,475,4755.0
2026-08-21,59000,2027-12-09,put,regular,100,0.2776,475,4925.0
2026-08-21,60000,2027-12-09,put,regular,860,0.2747,475,5285.0
2026-08-21,62000,2027-12-09,put,regular,425,0.269,475,6060.0
2026-08-21,62500,2027-12-09,put,regular,70,0.2678,475,6270.0
2026-08-21,63000,2027-12-09,put,regular,300,0.2664,475,6480.0
2026-08-21,63500,2027-12-09,put,regular,50,0.2652,475,6700.0
2026-08-21,64000,2027-12-09,put,regular,130,0.2638,475,6920.0
2026-08-21,65000,2027-12-09,put,regular,1200,0.2613,475,7380.0
2026-08-21,66000,2027-12-09,put,regular,625,0.2588,475,7860.0
2026-08-21,67000,2027-12-09,put,regular,400,0.2565,475,8365.0
2026-08-21,68000,2027-12-09,put,regular,200,0.254,475,8885.0
2026-08-21,69000,2027-12-09,put,regular,750,0.2518,475,9430.0
2026-08-21,70000,2027-12-09,put,regular,550,0.2494,475,9990.0
2026-08-21,75000,2027-12-09,put,regular,175,0.2385,475,13110.0
2026-08-21,80000,2027-12-09,put,regular,400,0.2274,475,16680.0
2026-08-21,15000,2028-06-08,put,regular,3,0.4195,657,23.0
2026-08-21,25000,2028-06-08,put,regular,630,0.4159,657,370.0
2026-08-21,26000,2028-06-08,put,regular,250,0.4163,657,450.0
2026-08-21,27000,2028-06-08,put,regular,100,0.4157,657,535.0
2026-08-21,30000,2028-06-08,put,regular,300,0.3955,657,705.0
2026-08-21,32000,2028-06-08,put,regular,250,0.383,657,840.0
2026-08-21,33000,2028-06-08,put,regular,100,0.3771,657,915.0
2026-08-21,35000,2028-06-08,put,regular,200,0.3656,657,1080.0
2026-08-21,40000,2028-06-08,put,regular,250,0.3401,657,1610.0
2026-08-21,41500,2028-06-08,put,regular,100,0.3331,657,1805.0
2026-08-21,45000,2028-06-08,put,regular,15,0.3179,657,2340.0
2026-08-21,48000,2028-06-08,put,regular,300,0.306,657,2900.0
2026-08-21,50000,2028-06-08,put,regular,400,0.2986,657,3330.0
2026-08-21,53000,2028-06-08,put,regular,50,0.2882,657,4075.0
2026-08-21,54000,2028-06-08,put,regular,100,0.2849,657,4350.0
2026-08-21,55000,2028-06-08,put,regular,50,0.2818,657,4645.0
2026-08-21,58000,2028-06-08,put,regular,200,0.2728,657,5615.0
2026-08-21,60000,2028-06-08,put,regular,250,0.2672,657,6345.0
2026-08-21,12000,2028-12-07,put,regular,300,0.3993,839,12.0
2026-08-21,16000,2028-12-07,put,regular,1950,0.3982,839,61.0
2026-08-21,18000,2028-12-07,put,regular,100,0.3979,839,113.0
2026-08-21,20000,2028-12-07,put,regular,200,0.3973,839,190.0
2026-08-21,23000,2028-12-07,put,regular,100,0.3962,839,365.0
2026-08-21,23500,2028-12-07,put,regular,38,0.3966,839,405.0
2026-08-21,24000,2028-12-07,put,regular,1000,0.3965,839,445.0
2026-08-21,25000,2028-12-07,put,regular,1200,0.3958,839,530.0
2026-08-21,27000,2028-12-07,put,regular,120,0.3955,839,740.0
2026-08-21,27500,2028-12-07,put,regular,50,0.3925,839,775.0
2026-08-21,28000,2028-12-07,put,regular,1250,0.3888,839,805.0
2026-08-21,30000,2028-12-07,put,regular,350,0.3769,839,955.0
2026-08-21,31000,2028-12-07,put,regular,400,0.3714,839,1040.0
2026-08-21,32000,2028-12-07,put,regular,850,0.3656,839,1125.0
2026-08-21,32250,2028-12-07,put,regular,51,0.3645,839,1150.0
2026-08-21,33000,2028-12-07,put,regular,125,0.3604,839,1220.0
2026-08-21,34000,2028-12-07,put,regular,775,0.3552,839,1320.0
2026-08-21,34750,2028-12-07,put,regular,100,0.3515,839,1400.0
2026-08-21,35000,2028-12-07,put,regular,1305,0.3501,839,1425.0
2026-08-21,36000,2028-12-07,put,regular,2750,0.3451,839,1535.0
2026-08-21,37000,2028-12-07,put,regular,580,0.3404,839,1655.0
2026-08-21,38000,2028-12-07,put,regular,2860,0.3357,839,1780.0
2026-08-21,39000,2028-12-07,put,regular,50,0.3312,839,1915.0
2026-08-21,40000,2028-12-07,put,regular,1210,0.3268,839,2055.0
2026-08-21,42000,2028-12-07,put,regular,350,0.3184,839,2365.0
2026-08-21,43000,2028-12-07,put,regular,100,0.3142,839,2530.0
2026-08-21,44500,2028-12-07,put,regular,75,0.3084,839,2800.0
2026-08-21,45000,2028-12-07,put,regular,670,0.3065,839,2895.0
2026-08-21,48000,2028-12-07,put,regular,600,0.2956,839,3520.0
2026-08-21,50000,2028-12-07,put,regular,2450,0.2887,839,3990.0
2026-08-21,51000,2028-12-07,put,regular,150,0.2854,839,4245.0
2026-08-21,53000,2028-12-07,put,regular,50,0.279,839,4790.0
2026-08-21,55000,2028-12-07,put,regular,705,0.2731,839,5395.0
2026-08-21,56000,2028-12-07,put,regular,450,0.2701,839,5715.0
2026-08-21,57000,2028-12-07,put,regular,150,0.2674,839,6055.0
2026-08-21,60000,2028-12-07,put,regular,550,0.2593,839,7155.0
2026-08-21,65000,2028-12-07,put,regular,900,0.2473,839,9315.0
2026-08-21,68000,2028-12-07,put,regular,100,0.2409,839,10815.0
2026-08-21,69000,2028-12-07,put,regular,270,0.2389,839,11350.0
2026-08-21,70000,2028-12-07,put,regular,100,0.2368,839,11895.0
2026-08-21,75000,2028-12-07,put,regular,80,0.2274,839,14890.0
2026-08-21,15000,2029-06-07,put,regular,1,0.3803,1021,65.0
2026-08-21,15000,2029-12-13,put,regular,1,0.367,1210,94.0
2026-08-21,23250,2029-12-13,put,regular,40,0.3643,1210,620.0
2026-08-21,32000,2029-12-13,put,regular,113,0.3334,1210,1545.0
2026-08-21,34250,2029-12-13,put,regular,6,0.3219,1210,1795.0
2026-08-21,44000,2029-12-13,put,regular,100,0.2815,1210,3320.0
2026-08-21,50000,2029-12-13,put,regular,70,0.2635,1210,4755.0
2026-08-21,64000,2029-12-13,put,regular,100,0.2345,1210,10040.0
2026-08-21,65000,2029-12-13,put,regular,50,0.2328,1210,10525.0
2026-08-21,70000,2029-12-13,put,regular,100,0.2246,1210,13155.0
2026-08-21,19000,2030-06-13,put,regular,2,0.3319,1392,231.0
2026-08-21,23500,2030-12-12,put,regular,100,0.32,1574,650.0
2026-08-21,31750,2030-12-12,call,regular,74,0.2,1574,1650.0
2026-08-21,34000,2030-12-12,call,regular,24,0.2,1574,1945.0
2026-08-21,44000,2030-12-12,call,regular,80,0.2,1574,3920.0
2026-08-21,49500,2030-12-12,call,regular,100,0.2,1574,5505.0
2026-08-21,50000,2030-12-12,call,regular,100,0.2,1574,5665.0
2026-08-21,64000,2030-12-12,call,regular,3,0.1936,1574,11285.0
2026-08-21,31500,2031-12-11,call,regular,52,0.2,1938,2030.0
2026-08-21,68000,2031-12-11,call,regular,100,0.2485,1938,14035.0
2026-08-21,31250,2032-12-09,call,regular,40,0.2,2302,2345.0
2026-08-21,30000,2026-09-10,call,regular,3750,2.2587,20,36335.0
2026-08-21,37000,2026-09-10,call,regular,1,1.7408,20,29350.0
2026-08-21,40000,2026-09-10,call,regular,5,1.5485,20,26360.0
2026-08-21,42000,2026-09-10,call,regular,101,1.4262,20,24365.0
2026-08-21,42500,2026-09-10,call,regular,10,1.3958,20,23865.0
2026-08-21,43000,2026-09-10,call,regular,100,1.3681,20,23370.0
2026-08-21,43500,2026-09-10,call,regular,57,1.3382,20,22870.0
2026-08-21,45000,2026-09-10,call,regular,42,1.2525,20,21375.0
2026-08-21,48000,2026-09-10,call,regular,400,1.0911,20,18395.0
2026-08-21,48500,2026-09-10,call,regular,240,1.0655,20,17900.0
2026-08-21,49000,2026-09-10,call,regular,200,1.0399,20,17405.0
2026-08-21,50000,2026-09-10,call,regular,4650,0.9891,20,16415.0
2026-08-21,50500,2026-09-10,call,regular,50,0.9639,20,15920.0
2026-08-21,51000,2026-09-10,call,regular,141,0.9369,20,15420.0
2026-08-21,51250,2026-09-10,call,regular,210,0.9271,20,15180.0
2026-08-21,52000,2026-09-10,call,regular,350,0.8921,20,14445.0
2026-08-21,53000,2026-09-10,call,regular,1100,0.8404,20,13450.0
2026-08-21,53500,2026-09-10,call,regular,400,0.817,20,12960.0
2026-08-21,53750,2026-09-10,call,regular,150,0.807,20,12720.0
2026-08-21,54000,2026-09-10,call,regular,1056,0.7937,20,12470.0
2026-08-21,54250,2026-09-10,call,regular,50,0.7835,20,12230.0
2026-08-21,54500,2026-09-10,call,regular,200,0.7702,20,11980.0
2026-08-21,54750,2026-09-10,call,regular,90,0.7615,20,11745.0
2026-08-21,55000,2026-09-10,call,regular,660,0.7482,20,11495.0
2026-08-21,56000,2026-09-10,call,regular,1250,0.7037,20,10525.0
2026-08-21,56500,2026-09-10,call,regular,75,0.6812,20,10040.0
2026-08-21,57000,2026-09-10,call,regular,850,0.6611,20,9565.0
2026-08-21,57500,2026-09-10,call,regular,384,0.6394,20,9085.0
2026-08-21,58000,2026-09-10,call,regular,1101,0.6199,20,8615.0
2026-08-21,59000,2026-09-10,call,regular,1096,0.5818,20,7685.0
2026-08-21,60000,2026-09-10,call,regular,786,0.5447,20,6770.0
2026-08-21,60500,2026-09-10,call,regular,750,0.5277,20,6325.0
2026-08-21,60750,2026-09-10,call,regular,120,0.5194,20,6105.0
2026-08-21,61000,2026-09-10,call,regular,221,0.5118,20,5890.0
2026-08-21,61250,2026-09-10,call,regular,22,0.503,20,5670.0
2026-08-21,61500,2026-09-10,call,regular,2,0.4939,20,5450.0
2026-08-21,61875,2026-09-10,call,regular,2,0.4845,20,5145.0
2026-08-21,62000,2026-09-10,call,regular,2002,0.4796,20,5035.0
2026-08-21,62250,2026-09-10,call,regular,1,0.4725,20,4830.0
2026-08-21,62500,2026-09-10,call,regular,801,0.465,20,4625.0
2026-08-21,63000,2026-09-10,call,regular,963,0.4524,20,4235.0
2026-08-21,63250,2026-09-10,call,regular,1,0.4455,20,4040.0
2026-08-21,63500,2026-09-10,call,regular,4,0.4408,20,3860.0
2026-08-21,64000,2026-09-10,call,regular,1685,0.4289,20,3495.0
2026-08-21,64250,2026-09-10,call,regular,100,0.4235,20,3320.0
2026-08-21,64500,2026-09-10,call,regular,102,0.4176,20,3145.0
2026-08-21,64750,2026-09-10,call,regular,1,0.4119,20,2975.0
2026-08-21,65000,2026-09-10,call,regular,5380,0.4074,20,2815.0
2026-08-21,65250,2026-09-10,call,regular,2,0.403,20,2660.0
2026-08-21,65375,2026-09-10,call,regular,1,0.3969,20,2560.0
2026-08-21,65500,2026-09-10,call,regular,170,0.3972,20,2500.0
2026-08-21,65750,2026-09-10,call,regular,2,0.3916,20,2345.0
2026-08-21,66000,2026-09-10,call,regular,1776,0.3886,20,2210.0
2026-08-21,66125,2026-09-10,call,regular,39,0.3848,20,2130.0
2026-08-21,66250,2026-09-10,call,regular,37,0.384,20,2070.0
2026-08-21,66500,2026-09-10,call,regular,874,0.3714,20,1885.0
2026-08-21,66625,2026-09-10,call,regular,1,0.3792,20,1880.0
2026-08-21,66750,2026-09-10,call,regular,1010,0.3745,20,1800.0
2026-08-21,67000,2026-09-10,call,regular,3567,0.3711,20,1680.0
2026-08-21,67125,2026-09-10,call,regular,1,0.3717,20,1635.0
2026-08-21,67250,2026-09-10,call,regular,3,0.3704,20,1580.0
2026-08-21,67375,2026-09-10,call,regular,29,0.3697,20,1530.0
2026-08-21,67500,2026-09-10,call,regular,2131,0.3638,20,1450.0
2026-08-21,67625,2026-09-10,call,regular,31,0.3653,20,1415.0
2026-08-21,67750,2026-09-10,call,regular,479,0.3641,20,1365.0
2026-08-21,67875,2026-09-10,call,regular,36,0.3627,20,1315.0
2026-08-21,68000,2026-09-10,call,regular,2058,0.3593,20,1255.0
2026-08-21,68125,2026-09-10,call,regular,39,0.3593,20,1215.0
2026-08-21,68250,2026-09-10,call,regular,20,0.3582,20,1170.0
2026-08-21,68375,2026-09-10,call,regular,5,0.3578,20,1130.0
2026-08-21,68500,2026-09-10,call,regular,135,0.3545,20,1075.0
2026-08-21,68625,2026-09-10,call,regular,6,0.3555,20,1045.0
2026-08-21,68750,2026-09-10,call,regular,310,0.3527,20,995.0
2026-08-21,68875,2026-09-10,call,regular,77,0.3524,20,960.0
2026-08-21,69000,2026-09-10,call,regular,1697,0.3501,20,915.0
2026-08-21,69125,2026-09-10,call,regular,52,0.3504,20,885.0
2026-08-21,69250,2026-09-10,call,regular,129,0.3496,20,850.0
2026-08-21,69500,2026-09-10,call,regular,715,0.3464,20,775.0
2026-08-21,69625,2026-09-10,call,regular,70,0.347,20,750.0
2026-08-21,69750,2026-09-10,call,regular,1454,0.3454,20,715.0
2026-08-21,69875,2026-09-10,call,regular,44,0.3446,20,685.0
2026-08-21,70000,2026-09-10,call,regular,3761,0.3437,20,655.0
2026-08-21,70125,2026-09-10,call,regular,1,0.3436,20,630.0
2026-08-21,70250,2026-09-10,call,regular,633,0.3422,20,600.0
2026-08-21,70375,2026-09-10,call,regular,530000,0.3417,20,575.0
2026-08-21,70500,2026-09-10,call,regular,329,0.3411,20,550.0
2026-08-21,70625,2026-09-10,call,regular,55,0.3403,20,525.0
2026-08-21,70750,2026-09-10,call,regular,32,0.3392,20,500.0
2026-08-21,70875,2026-09-10,call,regular,61,0.3405,20,485.0
2026-08-21,71000,2026-09-10,call,regular,1899,0.339,20,460.0
2026-08-21,71125,2026-09-10,call,regular,57,0.3374,20,435.0
2026-08-21,71250,2026-09-10,call,regular,40,0.3368,20,415.0
2026-08-21,71375,2026-09-10,call,regular,10,0.3374,20,400.0
2026-08-21,71500,2026-09-10,call,regular,1356,0.3364,20,380.0
2026-08-21,71625,2026-09-10,call,regular,2,0.3367,20,365.0
2026-08-21,71750,2026-09-10,call,regular,4,0.3324,20,335.0
2026-08-21,71875,2026-09-10,call,regular,1,0.3322,20,320.0
2026-08-21,72000,2026-09-10,call,regular,2291,0.3335,20,310.0
2026-08-21,72125,2026-09-10,call,regular,78,0.3307,20,288.0
2026-08-21,72250,2026-09-10,call,regular,40,0.3293,20,271.0
2026-08-21,72375,2026-09-10,call,regular,12,0.3332,20,270.0
2026-08-21,72500,2026-09-10,call,regular,1786,0.3321,20,255.0
2026-08-21,72625,2026-09-10,call,regular,250000,0.329,20,235.0
2026-08-21,72750,2026-09-10,call,regular,201,0.3289,20,224.0
2026-08-21,72875,2026-09-10,call,regular,34,0.3287,20,213.0
2026-08-21,73000,2026-09-10,call,regular,2423,0.3291,20,204.0
2026-08-21,73125,2026-09-10,call,regular,5,0.328,20,192.0
2026-08-21,73250,2026-09-10,call,regular,19,0.3276,20,182.0
2026-08-21,73375,2026-09-10,call,regular,2,0.3266,20,171.0
2026-08-21,73500,2026-09-10,call,regular,458,0.3299,20,170.0
2026-08-21,73625,2026-09-10,call,regular,4,0.3276,20,157.0
2026-08-21,73750,2026-09-10,call,regular,53,0.3274,20,149.0
2026-08-21,73875,2026-09-10,call,regular,18,0.3266,20,140.0
2026-08-21,74000,2026-09-10,call,regular,909,0.327,20,134.0
2026-08-21,74125,2026-09-10,call,regular,3,0.3285,20,130.0
2026-08-21,74250,2026-09-10,call,regular,5,0.3287,20,124.0
2026-08-21,74375,2026-09-10,call,regular,1,0.3288,20,118.0
2026-08-21,74500,2026-09-10,call,regular,168,0.3269,20,109.0
2026-08-21,74625,2026-09-10,call,regular,47,0.3291,20,107.0
2026-08-21,74750,2026-09-10,call,regular,63,0.3287,20,101.0
2026-08-21,74875,2026-09-10,call,regular,3,0.3295,20,97.0
2026-08-21,75000,2026-09-10,call,regular,2924,0.3245,20,85.0
2026-08-21,75125,2026-09-10,call,regular,1,0.3271,20,84.0
2026-08-21,75250,2026-09-10,call,regular,34,0.3258,20,78.0
2026-08-21,75375,2026-09-10,call,regular,1,0.3259,20,74.0
2026-08-21,75500,2026-09-10,call,regular,160,0.3233,20,67.0
2026-08-21,76000,2026-09-10,call,regular,526,0.3227,20,53.0
2026-08-21,76500,2026-09-10,call,regular,46,0.3248,20,44.0
2026-08-21,77000,2026-09-10,call,regular,727,0.3249,20,35.0
2026-08-21,77500,2026-09-10,call,regular,977,0.3238,20,27.0
2026-08-21,78000,2026-09-10,call,regular,2274,0.3213,20,20.0
2026-08-21,78500,2026-09-10,call,regular,54,0.3271,20,18.0
2026-08-21,79000,2026-09-10,call,regular,214,0.3295,20,15.0
2026-08-21,79500,2026-09-10,call,regular,219,0.3271,20,11.0
2026-08-21,80000,2026-09-10,call,regular,1841,0.329,20,9.0
2026-08-21,80500,2026-09-10,call,regular,35,0.3292,20,7.0
2026-08-21,81000,2026-09-10,call,regular,400,0.3327,20,6.0
2026-08-21,81500,2026-09-10,call,regular,64,0.3351,20,5.0
2026-08-21,82000,2026-09-10,call,regular,385,0.3363,20,4.0
2026-08-21,82500,2026-09-10,call,regular,65,0.3445,20,4.0
2026-08-21,83000,2026-09-10,call,regular,495,0.3434,20,3.0
2026-08-21,83500,2026-09-10,call,regular,10,0.3513,20,3.0
2026-08-21,84000,2026-09-10,call,regular,1000,0.3467,20,2.0
2026-08-21,84500,2026-09-10,call,regular,30,0.3543,20,2.0
2026-08-21,85000,2026-09-10,call,regular,1517,0.3617,20,2.0
2026-08-21,87500,2026-09-10,call,regular,345,0.3771,20,1.0
2026-08-21,90000,2026-09-10,call,regular,661,0.4107,20,1.0
2026-08-21,92000,2026-09-10,call,regular,56,0.4368,20,1.0
2026-08-21,94000,2026-09-10,call,regular,17,0.4621,20,1.0
2026-08-21,95000,2026-09-10,call,regular,43,0.4745,20,1.0
2026-08-21,96000,2026-09-10,call,regular,20,0.4868,20,1.0
2026-08-21,98000,2026-09-10,call,regular,15,0.5109,20,1.0
2026-08-21,100000,2026-09-10,call,regular,89,0.5344,20,1.0
2026-08-21,35000,2026-10-08,call,regular,20,1.0153,48,30950.0
2026-08-21,45000,2026-10-08,call,regular,2,0.6951,48,21040.0
2026-08-21,47500,2026-10-08,call,regular,34,0.6287,48,18585.0
2026-08-21,53000,2026-10-08,call,regular,34,0.5004,48,13265.0
2026-08-21,55000,2026-10-08,call,regular,4,0.4606,48,11385.0
2026-08-21,57000,2026-10-08,call,regular,1,0.4262,48,9565.0
2026-08-21,58000,2026-10-08,call,regular,1,0.41,48,8680.0
2026-08-21,60000,2026-10-08,call,regular,1,0.383,48,7000.0
2026-08-21,60500,2026-10-08,call,regular,100,0.3763,48,6595.0
2026-08-21,61000,2026-10-08,call,regular,201,0.3713,48,6210.0
2026-08-21,62000,2026-10-08,call,regular,29,0.3602,48,5455.0
2026-08-21,63000,2026-10-08,call,regular,4,0.3496,48,4740.0
2026-08-21,63875,2026-10-08,call,regular,50,0.3412,48,4155.0
2026-08-21,64000,2026-10-08,call,regular,31,0.3412,48,4085.0
2026-08-21,65000,2026-10-08,call,regular,100,0.3324,48,3470.0
2026-08-21,65250,2026-10-08,call,regular,1,0.3293,48,3315.0
2026-08-21,65500,2026-10-08,call,regular,60,0.3285,48,3185.0
2026-08-21,65750,2026-10-08,call,regular,1,0.3273,48,3055.0
2026-08-21,66000,2026-10-08,call,regular,302,0.3259,48,2925.0
2026-08-21,66250,2026-10-08,call,regular,4,0.3246,48,2800.0
2026-08-21,66375,2026-10-08,call,regular,2695000,0.3236,48,2735.0
2026-08-21,66875,2026-10-08,call,regular,12,0.3202,48,2490.0
2026-08-21,67000,2026-10-08,call,regular,380,0.3198,48,2435.0
2026-08-21,67500,2026-10-08,call,regular,110,0.3163,48,2205.0
2026-08-21,67750,2026-10-08,call,regular,1,0.3151,48,2100.0
2026-08-21,68000,2026-10-08,call,regular,593,0.3147,48,2005.0
2026-08-21,68125,2026-10-08,call,regular,13,0.3135,48,1950.0
2026-08-21,68250,2026-10-08,call,regular,2,0.3133,48,1905.0
2026-08-21,68375,2026-10-08,call,regular,3,0.3125,48,1855.0
2026-08-21,68500,2026-10-08,call,regular,202,0.3122,48,1810.0
2026-08-21,69000,2026-10-08,call,regular,1062,0.3094,48,1625.0
2026-08-21,69500,2026-10-08,call,regular,4,0.3081,48,1465.0
2026-08-21,69750,2026-10-08,call,regular,1,0.3075,48,1390.0
2026-08-21,70000,2026-10-08,call,regular,686,0.3059,48,1310.0
2026-08-21,70250,2026-10-08,call,regular,3675000,0.3064,48,1250.0
2026-08-21,70500,2026-10-08,call,regular,100,0.3054,48,1180.0
2026-08-21,70750,2026-10-08,call,regular,1,0.3047,48,1115.0
2026-08-21,71000,2026-10-08,call,regular,116,0.3043,48,1055.0
2026-08-21,71500,2026-10-08,call,regular,3,0.3031,48,940.0
2026-08-21,71750,2026-10-08,call,regular,1720000,0.3023,48,885.0
2026-08-21,72000,2026-10-08,call,regular,477,0.3026,48,840.0
2026-08-21,72250,2026-10-08,call,regular,6,0.3019,48,790.0
2026-08-21,72500,2026-10-08,call,regular,1,0.3008,48,740.0
2026-08-21,72750,2026-10-08,call,regular,7,0.301,48,700.0
2026-08-21,73000,2026-10-08,call,regular,1256,0.3008,48,660.0
2026-08-21,73250,2026-10-08,call,regular,1,0.3003,48,620.0
2026-08-21,73500,2026-10-08,call,regular,6,0.2995,48,580.0
2026-08-21,74000,2026-10-08,call,regular,371,0.2995,48,515.0
2026-08-21,74250,2026-10-08,call,regular,930000,0.2985,48,480.0
2026-08-21,74500,2026-10-08,call,regular,55,0.2982,48,450.0
2026-08-21,74750,2026-10-08,call,regular,1,0.2996,48,430.0
2026-08-21,75000,2026-10-08,call,regular,1266,0.2987,48,400.0
2026-08-21,75500,2026-10-08,call,regular,2,0.2992,48,355.0
2026-08-21,76000,2026-10-08,call,regular,401,0.2997,48,315.0
2026-08-21,76500,2026-10-08,call,regular,1,0.2963,48,264.0
2026-08-21,77000,2026-10-08,call,regular,1103,0.2968,48,233.0
2026-08-21,77500,2026-10-08,call,regular,102,0.2947,48,197.0
2026-08-21,78000,2026-10-08,call,regular,522,0.2955,48,174.0
2026-08-21,78500,2026-10-08,call,regular,3,0.2992,48,161.0
2026-08-21,79000,2026-10-08,call,regular,6,0.2945,48,129.0
2026-08-21,79500,2026-10-08,call,regular,4,0.2946,48,112.0
2026-08-21,80000,2026-10-08,call,regular,1778,0.2942,48,96.0
2026-08-21,81000,2026-10-08,call,regular,447,0.2966,48,75.0
2026-08-21,81500,2026-10-08,call,regular,2,0.2976,48,66.0
2026-08-21,82000,2026-10-08,call,regular,43,0.2985,48,58.0
2026-08-21,82500,2026-10-08,call,regular,2,0.296,48,47.0
2026-08-21,83000,2026-10-08,call,regular,7,0.2987,48,43.0
2026-08-21,83500,2026-10-08,call,regular,8,0.3032,48,41.0
2026-08-21,84000,2026-10-08,call,regular,9,0.3041,48,36.0
2026-08-21,85000,2026-10-08,call,regular,142,0.3062,48,28.0
2026-08-21,87500,2026-10-08,call,regular,49,0.3042,48,12.0
2026-08-21,90000,2026-10-08,call,regular,101,0.3168,48,8.0
2026-08-21,92500,2026-10-08,call,regular,1,0.3318,48,6.0
2026-08-21,95000,2026-10-08,call,regular,13,0.342,48,4.0
2026-08-21,97500,2026-10-08,call,regular,1,0.3433,48,2.0
2026-08-21,100000,2026-10-08,call,regular,32,0.3632,48,2.0
2026-08-21,44500,2026-11-12,call,regular,1,0.589,83,21715.0
2026-08-21,50250,2026-11-12,call,regular,35,0.4857,83,16210.0
2026-08-21,56000,2026-11-12,call,regular,34,0.4022,83,10970.0
2026-08-21,57500,2026-11-12,call,regular,100,0.3867,83,9710.0
2026-08-21,60500,2026-11-12,call,regular,100,0.3558,83,7320.0
2026-08-21,61000,2026-11-12,call,regular,200,0.3524,83,6960.0
2026-08-21,63000,2026-11-12,call,regular,1,0.3369,83,5575.0
2026-08-21,64000,2026-11-12,call,regular,125,0.327,83,4905.0
2026-08-21,65000,2026-11-12,call,regular,10,0.3225,83,4335.0
2026-08-21,65500,2026-11-12,call,regular,101,0.3195,83,4055.0
2026-08-21,66000,2026-11-12,call,regular,321,0.3169,83,3790.0
2026-08-21,67000,2026-11-12,call,regular,1126,0.3126,83,3300.0
2026-08-21,67500,2026-11-12,call,regular,301,0.3104,83,3070.0
2026-08-21,68000,2026-11-12,call,regular,130,0.3083,83,2850.0
2026-08-21,68375,2026-11-12,call,regular,16,0.3073,83,2700.0
2026-08-21,68500,2026-11-12,call,regular,1,0.3065,83,2645.0
2026-08-21,69000,2026-11-12,call,regular,1162,0.3036,83,2435.0
2026-08-21,69500,2026-11-12,call,regular,4,0.3006,83,2235.0
2026-08-21,70000,2026-11-12,call,regular,1017,0.2997,83,2070.0
2026-08-21,70500,2026-11-12,call,regular,1,0.2981,83,1905.0
2026-08-21,71000,2026-11-12,call,regular,300,0.2974,83,1760.0
2026-08-21,71500,2026-11-12,call,regular,278,0.2955,83,1610.0
2026-08-21,72000,2026-11-12,call,regular,195,0.2951,83,1485.0
2026-08-21,72500,2026-11-12,call,regular,601,0.2934,83,1355.0
2026-08-21,74000,2026-11-12,call,regular,100,0.2913,83,1040.0
2026-08-21,74500,2026-11-12,call,regular,116,0.2913,83,955.0
2026-08-21,75000,2026-11-12,call,regular,836,0.2917,83,880.0
2026-08-21,75500,2026-11-12,call,regular,75,0.2897,83,790.0
2026-08-21,76000,2026-11-12,call,regular,1,0.29,83,725.0
2026-08-21,76500,2026-11-12,call,regular,278,0.2889,83,655.0
2026-08-21,77000,2026-11-12,call,regular,120,0.2885,83,595.0
2026-08-21,78000,2026-11-12,call,regular,2,0.2887,83,495.0
2026-08-21,79000,2026-11-12,call,regular,5,0.2888,83,410.0
2026-08-21,80000,2026-11-12,call,regular,90,0.2893,83,340.0
2026-08-21,82500,2026-11-12,call,regular,1,0.2899,83,208.0
2026-08-21,87500,2026-11-12,call,regular,1,0.293,83,77.0
2026-08-21,90000,2026-11-12,call,regular,3,0.2978,83,50.0
2026-08-21,92500,2026-11-12,call,regular,1,0.3159,83,46.0
2026-08-21,95000,2026-11-12,call,regular,6,0.3229,83,33.0
2026-08-21,100000,2026-11-12,call,regular,5,0.3411,83,20.0
2026-08-21,12500,2026-12-10,call,regular,84,1.6442,111,53455.0
2026-08-21,20000,2026-12-10,call,regular,150,1.2192,111,46000.0
2026-08-21,22000,2026-12-10,call,regular,100,1.1331,111,44010.0
2026-08-21,25000,2026-12-10,call,regular,300,1.023,111,41035.0
2026-08-21,26000,2026-12-10,call,regular,350,0.9899,111,40045.0
2026-08-21,27000,2026-12-10,call,regular,250,0.9579,111,39055.0
2026-08-21,28000,2026-12-10,call,regular,75,0.9269,111,38065.0
2026-08-21,28500,2026-12-10,call,regular,125,0.9118,111,37570.0
2026-08-21,29000,2026-12-10,call,regular,150,0.8969,111,37075.0
2026-08-21,30000,2026-12-10,call,regular,100,0.8698,111,36090.0
2026-08-21,30500,2026-12-10,call,regular,50,0.8555,111,35595.0
2026-08-21,31000,2026-12-10,call,regular,241,0.8432,111,35105.0
2026-08-21,31500,2026-12-10,call,regular,50,0.8293,111,34610.0
2026-08-21,32000,2026-12-10,call,regular,700,0.8155,111,34115.0
2026-08-21,32500,2026-12-10,call,regular,250,0.8107,111,33645.0
2026-08-21,33000,2026-12-10,call,regular,1950,0.7987,111,33155.0
2026-08-21,34000,2026-12-10,call,regular,280,0.7735,111,32170.0
2026-08-21,34500,2026-12-10,call,regular,400,0.7603,111,31675.0
2026-08-21,35000,2026-12-10,call,regular,435,0.7488,111,31185.0
2026-08-21,36000,2026-12-10,call,regular,975,0.726,111,30205.0
2026-08-21,36500,2026-12-10,call,regular,252,0.7133,111,29710.0
2026-08-21,37000,2026-12-10,call,regular,450,0.7021,111,29220.0
2026-08-21,37500,2026-12-10,call,regular,88,0.691,111,28730.0
2026-08-21,37750,2026-12-10,call,regular,100,0.6854,111,28485.0
2026-08-21,38000,2026-12-10,call,regular,1225,0.6799,111,28240.0
2026-08-21,38500,2026-12-10,call,regular,700,0.6689,111,27750.0
2026-08-21,38750,2026-12-10,call,regular,50,0.6622,111,27500.0
2026-08-21,39000,2026-12-10,call,regular,750,0.6567,111,27255.0
2026-08-21,39500,2026-12-10,call,regular,500,0.6484,111,26775.0
2026-08-21,40000,2026-12-10,call,regular,1200,0.6387,111,26290.0
2026-08-21,40500,2026-12-10,call,regular,400,0.6279,111,25800.0
2026-08-21,41000,2026-12-10,call,regular,1300,0.6172,111,25310.0
2026-08-21,41500,2026-12-10,call,regular,100,0.6076,111,24825.0
2026-08-21,42000,2026-12-10,call,regular,1071,0.598,111,24340.0
2026-08-21,42500,2026-12-10,call,regular,250,0.5884,111,23855.0
2026-08-21,43000,2026-12-10,call,regular,1400,0.5788,111,23370.0
2026-08-21,43750,2026-12-10,call,regular,131,0.5649,111,22645.0
2026-08-21,44000,2026-12-10,call,regular,600,0.5606,111,22405.0
2026-08-21,45000,2026-12-10,call,regular,1842,0.5422,111,21440.0
2026-08-21,45250,2026-12-10,call,regular,413,0.5378,111,21200.0
2026-08-21,45500,2026-12-10,call,regular,200,0.5334,111,20960.0
2026-08-21,46000,2026-12-10,call,regular,2300,0.5255,111,20485.0
2026-08-21,46250,2026-12-10,call,regular,315,0.5211,111,20245.0
2026-08-21,47000,2026-12-10,call,regular,350,0.5077,111,19525.0
2026-08-21,47500,2026-12-10,call,regular,200,0.5004,111,19055.0
2026-08-21,48000,2026-12-10,call,regular,750,0.4921,111,18580.0
2026-08-21,49000,2026-12-10,call,regular,1000,0.4768,111,17640.0
2026-08-21,49500,2026-12-10,call,regular,260,0.4697,111,17175.0
2026-08-21,50000,2026-12-10,call,regular,3342,0.4624,111,16710.0
2026-08-21,50250,2026-12-10,call,regular,58,0.4591,111,16480.0
2026-08-21,50500,2026-12-10,call,regular,600,0.455,111,16245.0
2026-08-21,50750,2026-12-10,call,regular,45,0.4516,111,16015.0
2026-08-21,51000,2026-12-10,call,regular,731,0.4481,111,15785.0
2026-08-21,52000,2026-12-10,call,regular,802,0.4351,111,14875.0
2026-08-21,52250,2026-12-10,call,regular,250,0.4313,111,14645.0
2026-08-21,52500,2026-12-10,call,regular,50,0.4282,111,14420.0
2026-08-21,53000,2026-12-10,call,regular,1135,0.4235,111,13985.0
2026-08-21,53500,2026-12-10,call,regular,106,0.4156,111,13525.0
2026-08-21,54000,2026-12-10,call,regular,1941,0.4098,111,13085.0
2026-08-21,54500,2026-12-10,call,regular,540,0.4043,111,12650.0
2026-08-21,55000,2026-12-10,call,regular,1829,0.3985,111,12215.0
2026-08-21,55500,2026-12-10,call,regular,300,0.3934,111,11790.0
2026-08-21,56000,2026-12-10,call,regular,791,0.3879,111,11365.0
2026-08-21,56500,2026-12-10,call,regular,283,0.3827,111,10945.0
2026-08-21,57000,2026-12-10,call,regular,500,0.378,111,10535.0
2026-08-21,57250,2026-12-10,call,regular,113,0.3755,111,10330.0
2026-08-21,57500,2026-12-10,call,regular,80,0.373,111,10125.0
2026-08-21,58000,2026-12-10,call,regular,2603,0.3685,111,9725.0
2026-08-21,58500,2026-12-10,call,regular,350,0.364,111,9330.0
2026-08-21,59000,2026-12-10,call,regular,1900,0.3595,111,8940.0
2026-08-21,59500,2026-12-10,call,regular,100,0.3554,111,8560.0
2026-08-21,60000,2026-12-10,call,regular,7264,0.3518,111,8190.0
2026-08-21,60500,2026-12-10,call,regular,102,0.3476,111,7820.0
2026-08-21,61000,2026-12-10,call,regular,813,0.3441,111,7465.0
2026-08-21,62000,2026-12-10,call,regular,1350,0.3373,111,6775.0
2026-08-21,62500,2026-12-10,call,regular,828,0.3338,111,6440.0
2026-08-21,63000,2026-12-10,call,regular,1615,0.3306,111,6115.0
2026-08-21,63500,2026-12-10,call,regular,150,0.3271,111,5795.0
2026-08-21,63750,2026-12-10,call,regular,25,0.326,111,5645.0
2026-08-21,64000,2026-12-10,call,regular,1990,0.3243,111,5490.0
2026-08-21,65000,2026-12-10,call,regular,3132,0.3189,111,4910.0
2026-08-21,65500,2026-12-10,call,regular,584,0.3157,111,4625.0
2026-08-21,66000,2026-12-10,call,regular,745,0.3134,111,4360.0
2026-08-21,66250,2026-12-10,call,regular,15,0.3122,111,4230.0
2026-08-21,66500,2026-12-10,call,regular,600,0.3118,111,4115.0
2026-08-21,67000,2026-12-10,call,regular,1128,0.309,111,3860.0
2026-08-21,67250,2026-12-10,call,regular,25,0.3085,111,3750.0
2026-08-21,67500,2026-12-10,call,regular,25,0.3072,111,3630.0
2026-08-21,68000,2026-12-10,call,regular,3143,0.3053,111,3405.0
2026-08-21,68500,2026-12-10,call,regular,400,0.3034,111,3190.0
2026-08-21,69000,2026-12-10,call,regular,1494,0.3019,111,2990.0
2026-08-21,69250,2026-12-10,call,regular,50,0.3006,111,2885.0
2026-08-21,69750,2026-12-10,call,regular,158,0.2994,111,2700.0
2026-08-21,70000,2026-12-10,call,regular,5362,0.2983,111,2605.0
2026-08-21,71000,2026-12-10,call,regular,1309,0.2963,111,2275.0
2026-08-21,72000,2026-12-10,call,regular,1360,0.2923,111,1950.0
2026-08-21,72250,2026-12-10,call,regular,2,0.2917,111,1880.0
2026-08-21,72500,2026-12-10,call,regular,2312,0.2911,111,1810.0
2026-08-21,73000,2026-12-10,call,regular,800,0.2901,111,1680.0
2026-08-21,73500,2026-12-10,call,regular,400,0.2893,111,1560.0
2026-08-21,74000,2026-12-10,call,regular,1050,0.2884,111,1445.0
2026-08-21,75000,2026-12-10,call,regular,3582,0.2871,111,1240.0
2026-08-21,75750,2026-12-10,call,regular,1,0.2865,111,1105.0
2026-08-21,76000,2026-12-10,call,regular,432,0.2855,111,1055.0
2026-08-21,77000,2026-12-10,call,regular,459,0.2846,111,900.0
2026-08-21,77500,2026-12-10,call,regular,1055,0.2836,111,825.0
2026-08-21,78000,2026-12-10,call,regular,381,0.2844,111,770.0
2026-08-21,79000,2026-12-10,call,regular,204,0.2833,111,650.0
2026-08-21,80000,2026-12-10,call,regular,7224,0.2835,111,555.0
2026-08-21,81000,2026-12-10,call,regular,1,0.2833,111,470.0
2026-08-21,82500,2026-12-10,call,regular,1126,0.284,111,370.0
2026-08-21,83000,2026-12-10,call,regular,120,0.284,111,340.0
2026-08-21,84000,2026-12-10,call,regular,522,0.2834,111,284.0
2026-08-21,85000,2026-12-10,call,regular,705,0.2839,111,241.0
2026-08-21,87500,2026-12-10,call,regular,2457,0.2856,111,160.0
2026-08-21,90000,2026-12-10,call,regular,1776,0.2853,111,101.0
2026-08-21,95000,2026-12-10,call,regular,1072,0.3028,111,62.0
2026-08-21,100000,2026-12-10,call,regular,500,0.3049,111,27.0
2026-08-21,54250,2027-01-07,call,regular,27,0.392,139,13165.0
2026-08-21,61000,2027-01-07,call,regular,26,0.337,139,7895.0
2026-08-21,63750,2027-01-07,call,regular,50,0.3176,139,6060.0
2026-08-21,64000,2027-01-07,call,regular,100,0.316,139,5905.0
2026-08-21,66750,2027-01-07,call,regular,12750000,0.3031,139,4405.0
2026-08-21,69000,2027-01-07,call,regular,1,0.2956,139,3400.0
2026-08-21,69500,2027-01-07,call,regular,2,0.2943,139,3205.0
2026-08-21,70000,2027-01-07,call,regular,2,0.2929,139,3015.0
2026-08-21,70250,2027-01-07,call,regular,1,0.2923,139,2925.0
2026-08-21,70500,2027-01-07,call,regular,2,0.2917,139,2835.0
2026-08-21,71000,2027-01-07,call,regular,1,0.2902,139,2660.0
2026-08-21,71500,2027-01-07,call,regular,50,0.289,139,2495.0
2026-08-21,72000,2027-01-07,call,regular,2,0.2896,139,2365.0
2026-08-21,73000,2027-01-07,call,regular,1,0.2892,139,2100.0
2026-08-21,74000,2027-01-07,call,regular,1,0.2878,139,1845.0
2026-08-21,75000,2027-01-07,call,regular,1,0.2864,139,1615.0
2026-08-21,80000,2027-01-07,call,regular,1,0.2837,139,820.0
2026-08-21,100000,2027-01-07,call,regular,3,0.2998,139,59.0
2026-08-21,56000,2027-02-10,call,regular,8,0.3672,173,12110.0
2026-08-21,56750,2027-02-10,call,regular,60,0.3613,173,11515.0
2026-08-21,64000,2027-02-10,call,regular,60,0.3141,173,6450.0
2026-08-21,66000,2027-02-10,call,regular,8,0.3058,173,5350.0
2026-08-21,72500,2027-02-10,call,regular,75,0.288,173,2700.0
2026-08-21,75000,2027-02-10,call,regular,100,0.2868,173,2065.0
2026-08-21,52000,2027-03-11,call,regular,560,0.3863,202,15625.0
2026-08-21,52750,2027-03-11,call,regular,8,0.3797,202,14985.0
2026-08-21,53000,2027-03-11,call,regular,275,0.3777,202,14775.0
2026-08-21,53500,2027-03-11,call,regular,202,0.3738,202,14360.0
2026-08-21,53750,2027-03-11,call,regular,44,0.3716,202,14150.0
2026-08-21,54000,2027-03-11,call,regular,267,0.3697,202,13945.0
2026-08-21,55000,2027-03-11,call,regular,550,0.362,202,13130.0
2026-08-21,56000,2027-03-11,call,regular,50,0.3552,202,12340.0
2026-08-21,56500,2027-03-11,call,regular,1,0.3517,202,11950.0
2026-08-21,57000,2027-03-11,call,regular,365,0.3483,202,11565.0
2026-08-21,58000,2027-03-11,call,regular,150,0.3421,202,10815.0
2026-08-21,59500,2027-03-11,call,regular,200,0.3331,202,9730.0
2026-08-21,59750,2027-03-11,call,regular,2,0.3317,202,9555.0
2026-08-21,60000,2027-03-11,call,regular,12,0.3305,202,9385.0
2026-08-21,60250,2027-03-11,call,regular,44,0.329,202,9210.0
2026-08-21,61000,2027-03-11,call,regular,160,0.3251,202,8705.0
2026-08-21,61750,2027-03-11,call,regular,1,0.3213,202,8215.0
2026-08-21,62500,2027-03-11,call,regular,508,0.318,202,7745.0
2026-08-21,63000,2027-03-11,call,regular,392,0.3158,202,7440.0
2026-08-21,64000,2027-03-11,call,regular,100,0.3116,202,6850.0
2026-08-21,64250,2027-03-11,call,regular,100,0.3105,202,6705.0
2026-08-21,65000,2027-03-11,call,regular,801,0.3077,202,6290.0
2026-08-21,66000,2027-03-11,call,regular,700,0.304,202,5760.0
2026-08-21,66250,2027-03-11,call,regular,15,0.3033,202,5635.0
2026-08-21,66500,2027-03-11,call,regular,6,0.3024,202,5510.0
2026-08-21,67000,2027-03-11,call,regular,200,0.3008,202,5265.0
2026-08-21,68000,2027-03-11,call,regular,300,0.2976,202,4795.0
2026-08-21,69000,2027-03-11,call,regular,350,0.2951,202,4365.0
2026-08-21,69250,2027-03-11,call,regular,10,0.2944,202,4260.0
2026-08-21,70000,2027-03-11,call,regular,666,0.2925,202,3960.0
2026-08-21,70500,2027-03-11,call,regular,150,0.2911,202,3765.0
2026-08-21,71000,2027-03-11,call,regular,100,0.2902,202,3585.0
2026-08-21,72000,2027-03-11,call,regular,650,0.2882,202,3240.0
2026-08-21,72500,2027-03-11,call,regular,85,0.2871,202,3075.0
2026-08-21,73000,2027-03-11,call,regular,400,0.2862,202,2920.0
2026-08-21,73500,2027-03-11,call,regular,1,0.2853,202,2770.0
2026-08-21,74000,2027-03-11,call,regular,3,0.2847,202,2630.0
2026-08-21,75000,2027-03-11,call,regular,655,0.2833,202,2365.0
2026-08-21,77500,2027-03-11,call,regular,400,0.2804,202,1800.0
2026-08-21,80000,2027-03-11,call,regular,288,0.2787,202,1365.0
2026-08-21,82500,2027-03-11,call,regular,737,0.2781,202,1035.0
2026-08-21,85000,2027-03-11,call,regular,330,0.2783,202,785.0
2026-08-21,90000,2027-03-11,call,regular,350,0.2802,202,455.0
2026-08-21,95000,2027-03-11,call,regular,500,0.2851,202,276.0
2026-08-21,100000,2027-03-11,call,regular,78,0.2933,202,181.0
2026-08-21,57000,2027-04-08,call,regular,25,0.3256,230,11555.0
2026-08-21,57750,2027-04-08,call,regular,88,0.3221,230,11005.0
2026-08-21,65000,2027-04-08,call,regular,88,0.2943,230,6415.0
2026-08-21,67000,2027-04-08,call,regular,25,0.2888,230,5410.0
2026-08-21,60250,2027-05-13,call,regular,8,0.3107,265,9685.0
2026-08-21,61250,2027-05-13,call,regular,23,0.307,265,9045.0
2026-08-21,71000,2027-05-13,call,regular,23,0.2817,265,4205.0
2026-08-21,72000,2027-05-13,call,regular,8,0.28,265,3850.0
2026-08-21,16250,2027-06-10,call,regular,114,0.7053,293,49490.0
2026-08-21,30000,2027-06-10,call,regular,300,0.5393,293,36120.0
2026-08-21,33000,2027-06-10,call,regular,50,0.5058,293,33240.0
2026-08-21,36000,2027-06-10,call,regular,150,0.4747,293,30385.0
2026-08-21,37000,2027-06-10,call,regular,50,0.4648,293,29440.0
2026-08-21,37250,2027-06-10,call,regular,480,0.4625,293,29205.0
2026-08-21,38500,2027-06-10,call,regular,140,0.4505,293,28030.0
2026-08-21,39000,2027-06-10,call,regular,50,0.4456,293,27560.0
2026-08-21,44500,2027-06-10,call,regular,300,0.3982,293,22500.0
2026-08-21,50000,2027-06-10,call,regular,300,0.3594,293,17695.0
2026-08-21,50500,2027-06-10,call,regular,175,0.3563,293,17275.0
2026-08-21,53000,2027-06-10,call,regular,100,0.3418,293,15235.0
2026-08-21,54000,2027-06-10,call,regular,1050,0.3366,293,14450.0
2026-08-21,55000,2027-06-10,call,regular,300,0.3316,293,13680.0
2026-08-21,56000,2027-06-10,call,regular,175,0.3268,293,12930.0
2026-08-21,57000,2027-06-10,call,regular,50,0.3223,293,12200.0
2026-08-21,58500,2027-06-10,call,regular,58,0.3159,293,11145.0
2026-08-21,60000,2027-06-10,call,regular,750,0.3103,293,10145.0
2026-08-21,62500,2027-06-10,call,regular,150,0.3018,293,8595.0
2026-08-21,63000,2027-06-10,call,regular,100,0.3003,293,8305.0
2026-08-21,64000,2027-06-10,call,regular,200,0.2973,293,7740.0
2026-08-21,65000,2027-06-10,call,regular,350,0.2945,293,7200.0
2026-08-21,65500,2027-06-10,call,regular,62,0.2933,293,6945.0
2026-08-21,66500,2027-06-10,call,regular,125,0.2908,293,6445.0
2026-08-21,67000,2027-06-10,call,regular,470,0.2896,293,6205.0
2026-08-21,68000,2027-06-10,call,regular,400,0.2873,293,5745.0
2026-08-21,68250,2027-06-10,call,regular,15,0.2868,293,5635.0
2026-08-21,68500,2027-06-10,call,regular,200,0.2862,293,5525.0
2026-08-21,69000,2027-06-10,call,regular,1,0.2852,293,5310.0
2026-08-21,69250,2027-06-10,call,regular,36,0.2846,293,5205.0
2026-08-21,70000,2027-06-10,call,regular,550,0.2832,293,4900.0
2026-08-21,71000,2027-06-10,call,regular,100,0.2813,293,4515.0
2026-08-21,72000,2027-06-10,call,regular,100,0.2796,293,4155.0
2026-08-21,74000,2027-06-10,call,regular,700,0.2764,293,3500.0
2026-08-21,75000,2027-06-10,call,regular,475,0.2752,293,3210.0
2026-08-21,77500,2027-06-10,call,regular,36,0.2721,293,2565.0
2026-08-21,80000,2027-06-10,call,regular,215,0.2699,293,2040.0
2026-08-21,85000,2027-06-10,call,regular,1300,0.2667,293,1270.0
2026-08-21,90000,2027-06-10,call,regular,100,0.2671,293,805.0
2026-08-21,65750,2027-07-08,call,regular,20,0.2907,321,7090.0
2026-08-21,66750,2027-07-08,call,regular,32,0.2882,321,6595.0
2026-08-21,75000,2027-07-08,call,regular,32,0.2741,321,3465.0
2026-08-21,77000,2027-07-08,call,regular,20,0.2726,321,2945.0
2026-08-21,68000,2027-08-12,call,regular,22,0.285,356,6380.0
2026-08-21,69000,2027-08-12,call,regular,53,0.2829,356,5940.0
2026-08-21,78000,2027-08-12,call,regular,75,0.2718,356,3020.0
2026-08-21,65000,2027-09-09,call,regular,1,0.2936,384,8170.0
2026-08-21,77500,2027-09-09,call,regular,2,0.273,384,3405.0
2026-08-21,28000,2027-12-09,call,regular,50,0.4369,475,38040.0
2026-08-21,30000,2027-12-09,call,regular,225,0.4276,475,36155.0
2026-08-21,31500,2027-12-09,call,regular,50,0.4199,475,34750.0
2026-08-21,32000,2027-12-09,call,regular,100,0.4174,475,34285.0
2026-08-21,33000,2027-12-09,call,regular,100,0.412,475,33355.0
2026-08-21,34000,2027-12-09,call,regular,375,0.4067,475,32430.0
2026-08-21,35000,2027-12-09,call,regular,201,0.4019,475,31515.0
2026-08-21,36000,2027-12-09,call,regular,80,0.3965,475,30600.0
2026-08-21,36750,2027-12-09,call,regular,442,0.3927,475,29920.0
2026-08-21,37000,2027-12-09,call,regular,200,0.3915,475,29695.0
2026-08-21,38000,2027-12-09,call,regular,575,0.386,475,28790.0
2026-08-21,39000,2027-12-09,call,regular,125,0.3809,475,27895.0
2026-08-21,39250,2027-12-09,call,regular,50,0.3799,475,27675.0
2026-08-21,39500,2027-12-09,call,regular,50,0.3788,475,27455.0
2026-08-21,40000,2027-12-09,call,regular,350,0.3762,475,27010.0
2026-08-21,40500,2027-12-09,call,regular,450,0.3738,475,26570.0
2026-08-21,41000,2027-12-09,call,regular,375,0.3712,475,26130.0
2026-08-21,42000,2027-12-09,call,regular,200,0.3666,475,25260.0
2026-08-21,43000,2027-12-09,call,regular,400,0.362,475,24400.0
2026-08-21,43500,2027-12-09,call,regular,150,0.3596,475,23970.0
2026-08-21,45000,2027-12-09,call,regular,1950,0.3527,475,22700.0
2026-08-21,46000,2027-12-09,call,regular,500,0.3485,475,21870.0
2026-08-21,48000,2027-12-09,call,regular,225,0.3399,475,20235.0
2026-08-21,49000,2027-12-09,call,regular,700,0.336,475,19440.0
2026-08-21,50000,2027-12-09,call,regular,1950,0.3321,475,18655.0
2026-08-21,51000,2027-12-09,call,regular,300,0.3283,475,17885.0
2026-08-21,52500,2027-12-09,call,regular,100,0.3228,475,16755.0
2026-08-21,54000,2027-12-09,call,regular,300,0.3176,475,15660.0
2026-08-21,54500,2027-12-09,call,regular,100,0.3158,475,15300.0
2026-08-21,55000,2027-12-09,call,regular,704,0.3143,475,14950.0
2026-08-21,57000,2027-12-09,call,regular,250,0.3079,475,13580.0
2026-08-21,58000,2027-12-09,call,regular,500,0.3048,475,12920.0
2026-08-21,60000,2027-12-09,call,regular,1225,0.2992,475,11660.0
2026-08-21,61000,2027-12-09,call,regular,200,0.2964,475,11055.0
2026-08-21,62000,2027-12-09,call,regular,200,0.2939,475,10475.0
2026-08-21,62500,2027-12-09,call,regular,70,0.2927,475,10190.0
2026-08-21,63000,2027-12-09,call,regular,300,0.2916,475,9915.0
2026-08-21,63500,2027-12-09,call,regular,50,0.2903,475,9640.0
2026-08-21,64000,2027-12-09,call,regular,780,0.2891,475,9370.0
2026-08-21,65000,2027-12-09,call,regular,550,0.287,475,8850.0
2026-08-21,66000,2027-12-09,call,regular,475,0.2849,475,8350.0
2026-08-21,67000,2027-12-09,call,regular,100,0.283,475,7875.0
2026-08-21,68000,2027-12-09,call,regular,200,0.2811,475,7415.0
2026-08-21,69000,2027-12-09,call,regular,850,0.2793,475,6975.0
2026-08-21,70000,2027-12-09,call,regular,850,0.2777,475,6560.0
2026-08-21,72500,2027-12-09,call,regular,100,0.2741,475,5605.0
2026-08-21,75000,2027-12-09,call,regular,177,0.2713,475,4775.0
2026-08-21,80000,2027-12-09,call,regular,1000,0.2674,475,3440.0
2026-08-21,87500,2027-12-09,call,regular,100,0.266,475,2115.0
2026-08-21,41500,2028-06-08,call,regular,100,0.3541,657,26360.0
2026-08-21,28000,2028-12-07,call,regular,50,0.3897,839,38510.0
2026-08-21,30000,2028-12-07,call,regular,80,0.3841,839,36730.0
2026-08-21,31000,2028-12-07,call,regular,200,0.3806,839,35845.0
2026-08-21,32000,2028-12-07,call,regular,75,0.377,839,34965.0
2026-08-21,33000,2028-12-07,call,regular,125,0.3736,839,34095.0
2026-08-21,34500,2028-12-07,call,regular,330,0.368,839,32795.0
2026-08-21,34750,2028-12-07,call,regular,100,0.3671,839,32580.0
2026-08-21,35500,2028-12-07,call,regular,443,0.3644,839,31940.0
2026-08-21,36000,2028-12-07,call,regular,450,0.3623,839,31510.0
2026-08-21,36500,2028-12-07,call,regular,52,0.3607,839,31090.0
2026-08-21,38000,2028-12-07,call,regular,120,0.355,839,29825.0
2026-08-21,39000,2028-12-07,call,regular,575,0.3511,839,28990.0
2026-08-21,40000,2028-12-07,call,regular,30,0.3477,839,28170.0
2026-08-21,41000,2028-12-07,call,regular,375,0.3438,839,27350.0
2026-08-21,42000,2028-12-07,call,regular,65,0.3404,839,26545.0
2026-08-21,42500,2028-12-07,call,regular,100,0.3386,839,26145.0
2026-08-21,50000,2028-12-07,call,regular,400,0.3136,839,20440.0
2026-08-21,53000,2028-12-07,call,regular,50,0.3049,839,18345.0
2026-08-21,55000,2028-12-07,call,regular,50,0.2995,839,17015.0
2026-08-21,56000,2028-12-07,call,regular,650,0.2969,839,16370.0
2026-08-21,60000,2028-12-07,call,regular,250,0.2876,839,13950.0
2026-08-21,67500,2028-12-07,call,regular,100,0.2739,839,10100.0
2026-08-21,75000,2028-12-07,call,regular,80,0.2656,839,7190.0
2026-08-21,80000,2028-12-07,call,regular,200,0.2629,839,5730.0
2026-08-21,50000,2029-12-13,call,regular,100,0.3001,1210,21825.0
2026-08-21,60000,2029-12-13,call,regular,375,0.2813,1210,15795.0
2026-08-21,65000,2029-12-13,call,regular,50,0.275,1210,13320.0
2026-08-21,57000,2030-12-12,call,regular,300,0.2856,1574,19120.0
2026-08-21,64000,2030-12-12,call,regular,3,0.2772,1574,15625.0
2026-08-21,58375,2026-08-26,put,mini,642,0.4159,5,8.0
2026-08-21,59875,2026-08-26,put,mini,23,0.3886,5,23.0
2026-08-21,62000,2026-08-26,put,mini,83,0.3364,5,83.0
2026-08-21,62625,2026-08-26,put,mini,134,0.3295,5,134.0
2026-08-21,63500,2026-08-26,put,mini,38,0.2927,5,197.0
2026-08-21,65500,2026-08-26,put,mini,2,0.2139,5,590.0
2026-08-21,68250,2026-08-26,put,mini,2,0.2,5,2170.0
2026-08-21,58375,2026-08-28,put,mini,96,0.4378,7,38.0
2026-08-21,58500,2026-08-28,put,mini,34,0.4291,7,37.0
2026-08-21,58625,2026-08-28,put,mini,6,0.4205,7,36.0
2026-08-21,58875,2026-08-28,put,mini,2,0.416,7,41.0
2026-08-21,59000,2026-08-28,put,mini,29,0.4142,7,44.0
2026-08-21,59125,2026-08-28,put,mini,3,0.4089,7,45.0
2026-08-21,59500,2026-08-28,put,mini,6,0.3942,7,49.0
2026-08-21,59750,2026-08-28,put,mini,1,0.3844,7,52.0
2026-08-21,60000,2026-08-28,put,mini,90,0.3781,7,58.0
2026-08-21,60375,2026-08-28,put,mini,1,0.3797,7,79.0
2026-08-21,60500,2026-08-28,put,mini,21,0.3741,7,81.0
2026-08-21,60750,2026-08-28,put,mini,41,0.36,7,82.0
2026-08-21,60875,2026-08-28,put,mini,1,0.3533,7,83.0
2026-08-21,61000,2026-08-28,put,mini,79,0.3503,7,88.0
2026-08-21,61125,2026-08-28,put,mini,2,0.3461,7,92.0
2026-08-21,61250,2026-08-28,put,mini,1,0.3425,7,97.0
2026-08-21,61375,2026-08-28,put,mini,1,0.3403,7,104.0
2026-08-21,61500,2026-08-28,put,mini,21,0.3369,7,110.0
2026-08-21,61750,2026-08-28,put,mini,2,0.3314,7,125.0
2026-08-21,61875,2026-08-28,put,mini,2,0.3239,7,126.0
2026-08-21,62000,2026-08-28,put,mini,107,0.3163,7,127.0
2026-08-21,62250,2026-08-28,put,mini,3,0.3161,7,154.0
2026-08-21,62375,2026-08-28,put,mini,169,0.316,7,169.0
2026-08-21,62500,2026-08-28,put,mini,19,0.3077,7,170.0
2026-08-21,62750,2026-08-28,put,mini,1,0.3057,7,201.0
2026-08-21,62875,2026-08-28,put,mini,2,0.3013,7,211.0
2026-08-21,63000,2026-08-28,put,mini,173,0.2984,7,225.0
2026-08-21,63250,2026-08-28,put,mini,9,0.2922,7,255.0
2026-08-21,63375,2026-08-28,put,mini,2,0.2938,7,283.0
2026-08-21,63500,2026-08-28,put,mini,24,0.2888,7,296.0
2026-08-21,63750,2026-08-28,put,mini,5,0.2825,7,335.0
2026-08-21,63875,2026-08-28,put,mini,3,0.2806,7,360.0
2026-08-21,64000,2026-08-28,put,mini,239,0.2799,7,390.0
2026-08-21,64250,2026-08-28,put,mini,54,0.2717,7,435.0
2026-08-21,64500,2026-08-28,put,mini,304,0.2647,7,490.0
2026-08-21,64625,2026-08-28,put,mini,2,0.2612,7,520.0
2026-08-21,64750,2026-08-28,put,mini,103,0.2526,7,535.0
2026-08-21,64875,2026-08-28,put,mini,2,0.2509,7,575.0
2026-08-21,65000,2026-08-28,put,mini,222,0.2485,7,615.0
2026-08-21,65250,2026-08-28,put,mini,54,0.2375,7,680.0
2026-08-21,65500,2026-08-28,put,mini,132,0.2348,7,785.0
2026-08-21,65625,2026-08-28,put,mini,10,0.2288,7,825.0
2026-08-21,65750,2026-08-28,put,mini,83,0.2234,7,870.0
2026-08-21,65875,2026-08-28,put,mini,2,0.2199,7,925.0
2026-08-21,66000,2026-08-28,put,mini,206,0.2155,7,980.0
2026-08-21,66250,2026-08-28,put,mini,107,0.1978,7,1070.0
2026-08-21,66375,2026-08-28,put,mini,1,0.1884,7,1120.0
2026-08-21,66500,2026-08-28,put,mini,37,0.182,7,1185.0
2026-08-21,66750,2026-08-28,put,mini,4,0.162,7,1310.0
2026-08-21,66875,2026-08-28,put,mini,25,0.1506,7,1380.0
2026-08-21,67000,2026-08-28,put,mini,5,0.1372,7,1455.0
2026-08-21,67250,2026-08-28,put,mini,1,0.2,7,1615.0
2026-08-21,67500,2026-08-28,put,mini,31,0.2,7,1740.0
2026-08-21,67750,2026-08-28,put,mini,6,0.2,7,1940.0
2026-08-21,68000,2026-08-28,put,mini,6,0.2,7,2125.0
2026-08-21,68125,2026-08-28,put,mini,2215,0.2,7,2215.0
2026-08-21,68250,2026-08-28,put,mini,4,0.2,7,2310.0
2026-08-21,68500,2026-08-28,put,mini,4,0.2,7,2505.0
2026-08-21,68750,2026-08-28,put,mini,8,0.2,7,2720.0
2026-08-21,69000,2026-08-28,put,mini,256,0.2,7,2900.0
2026-08-21,69250,2026-08-28,put,mini,6,0.2,7,3115.0
2026-08-21,69500,2026-08-28,put,mini,6,0.2,7,3305.0
2026-08-21,69625,2026-08-28,put,mini,1,0.2,7,3425.0
2026-08-21,65500,2026-09-02,put,mini,2,0.2512,12,1125.0
2026-08-21,68250,2026-09-02,put,mini,2,0.2,12,2590.0
2026-08-21,58875,2026-09-04,put,mini,1,0.3926,14,170.0
2026-08-21,60500,2026-09-04,put,mini,12,0.3617,14,277.0
2026-08-21,66000,2026-09-04,put,mini,1430,0.241,14,1430.0
2026-08-21,66250,2026-09-04,put,mini,4,0.2365,14,1550.0
2026-08-21,66500,2026-09-04,put,mini,4,0.2282,14,1660.0
2026-08-21,67750,2026-09-04,put,mini,4,0.1855,14,2370.0
2026-08-21,68250,2026-09-04,put,mini,2,0.1507,14,2700.0
2026-08-21,68750,2026-09-04,put,mini,4,0.2,14,3065.0
2026-08-21,58375,2026-09-11,put,mini,119,0.3887,21,287.0
2026-08-21,58500,2026-09-11,put,mini,502,0.3841,21,289.0
2026-08-21,58750,2026-09-11,put,mini,38,0.3811,21,310.0
2026-08-21,59000,2026-09-11,put,mini,338,0.3772,21,330.0
2026-08-21,59250,2026-09-11,put,mini,7,0.368,21,335.0
2026-08-21,59375,2026-09-11,put,mini,355,0.369,21,355.0
2026-08-21,59500,2026-09-11,put,mini,87,0.3667,21,365.0
2026-08-21,59750,2026-09-11,put,mini,4,0.3631,21,390.0
2026-08-21,59875,2026-09-11,put,mini,1,0.3605,21,400.0
2026-08-21,60000,2026-09-11,put,mini,527,0.3591,21,415.0
2026-08-21,60250,2026-09-11,put,mini,4,0.3547,21,440.0
2026-08-21,60375,2026-09-11,put,mini,4,0.353,21,455.0
2026-08-21,60500,2026-09-11,put,mini,64,0.3512,21,470.0
2026-08-21,60625,2026-09-11,put,mini,1,0.3492,21,485.0
2026-08-21,60750,2026-09-11,put,mini,1,0.3458,21,495.0
2026-08-21,60875,2026-09-11,put,mini,515,0.3449,21,515.0
2026-08-21,61000,2026-09-11,put,mini,248,0.3438,21,535.0
2026-08-21,61125,2026-09-11,put,mini,1,0.3413,21,550.0
2026-08-21,61250,2026-09-11,put,mini,43,0.3388,21,565.0
2026-08-21,61375,2026-09-11,put,mini,2,0.3372,21,585.0
2026-08-21,61500,2026-09-11,put,mini,123,0.3356,21,605.0
2026-08-21,61625,2026-09-11,put,mini,1,0.3338,21,625.0
2026-08-21,61750,2026-09-11,put,mini,13,0.3318,21,645.0
2026-08-21,61875,2026-09-11,put,mini,1,0.3297,21,665.0
2026-08-21,62000,2026-09-11,put,mini,379,0.3275,21,685.0
2026-08-21,62125,2026-09-11,put,mini,1,0.3251,21,705.0
2026-08-21,62250,2026-09-11,put,mini,5,0.3226,21,725.0
2026-08-21,62500,2026-09-11,put,mini,495,0.3192,21,775.0
2026-08-21,62750,2026-09-11,put,mini,66,0.3162,21,830.0
2026-08-21,63000,2026-09-11,put,mini,371,0.3153,21,900.0
2026-08-21,63125,2026-09-11,put,mini,910,0.3099,21,910.0
2026-08-21,63250,2026-09-11,put,mini,56,0.3091,21,945.0
2026-08-21,63500,2026-09-11,put,mini,63,0.305,21,1005.0
2026-08-21,63625,2026-09-11,put,mini,1035,0.3027,21,1035.0
2026-08-21,63750,2026-09-11,put,mini,74,0.3002,21,1065.0
2026-08-21,64000,2026-09-11,put,mini,223,0.2982,21,1145.0
2026-08-21,64125,2026-09-11,put,mini,20,0.2944,21,1170.0
2026-08-21,64250,2026-09-11,put,mini,226,0.2938,21,1215.0
2026-08-21,64375,2026-09-11,put,mini,1,0.2896,21,1240.0
2026-08-21,64500,2026-09-11,put,mini,646,0.2903,21,1295.0
2026-08-21,64750,2026-09-11,put,mini,219,0.2843,21,1365.0
2026-08-21,64875,2026-09-11,put,mini,1400,0.2811,21,1400.0
2026-08-21,65000,2026-09-11,put,mini,494,0.2825,21,1465.0
2026-08-21,65125,2026-09-11,put,mini,1,0.2772,21,1490.0
2026-08-21,65250,2026-09-11,put,mini,12,0.2774,21,1550.0
2026-08-21,65375,2026-09-11,put,mini,6,0.2749,21,1595.0
2026-08-21,65500,2026-09-11,put,mini,93,0.2746,21,1655.0
2026-08-21,65625,2026-09-11,put,mini,1685,0.2693,21,1685.0
2026-08-21,65750,2026-09-11,put,mini,25,0.2678,21,1740.0
2026-08-21,65875,2026-09-11,put,mini,1800,0.2668,21,1800.0
2026-08-21,66000,2026-09-11,put,mini,162,0.2703,21,1890.0
2026-08-21,66250,2026-09-11,put,mini,28,0.2608,21,1970.0
2026-08-21,66500,2026-09-11,put,mini,82,0.255,21,2080.0
2026-08-21,66750,2026-09-11,put,mini,5,0.2506,21,2205.0
2026-08-21,66875,2026-09-11,put,mini,2275,0.2492,21,2275.0
2026-08-21,67000,2026-09-11,put,mini,116,0.245,21,2330.0
2026-08-21,67125,2026-09-11,put,mini,2400,0.243,21,2400.0
2026-08-21,67250,2026-09-11,put,mini,5,0.2407,21,2470.0
2026-08-21,67500,2026-09-11,put,mini,37,0.2343,21,2605.0
2026-08-21,67750,2026-09-11,put,mini,6,0.2301,21,2760.0
2026-08-21,68000,2026-09-11,put,mini,83,0.2215,21,2900.0
2026-08-21,68250,2026-09-11,put,mini,235,0.217,21,3070.0
2026-08-21,68375,2026-09-11,put,mini,14,0.212,21,3145.0
2026-08-21,68500,2026-09-11,put,mini,176,0.2064,21,3220.0
2026-08-21,68625,2026-09-11,put,mini,1,0.2036,21,3310.0
2026-08-21,68750,2026-09-11,put,mini,1469,0.1977,21,3390.0
2026-08-21,68875,2026-09-11,put,mini,3470,0.1908,21,3470.0
2026-08-21,69000,2026-09-11,put,mini,854,0.1872,21,3565.0
2026-08-21,69125,2026-09-11,put,mini,3650,0.1796,21,3650.0
2026-08-21,69250,2026-09-11,put,mini,20,0.172,21,3740.0
2026-08-21,69500,2026-09-11,put,mini,17,0.1522,21,3925.0
2026-08-21,69625,2026-09-11,put,mini,4010,0.1283,21,4010.0
2026-08-21,69750,2026-09-11,put,mini,12,0.2,21,4110.0
2026-08-21,70000,2026-09-11,put,mini,19,0.2,21,4300.0
2026-08-21,70250,2026-09-11,put,mini,45,0.2,21,4500.0
2026-08-21,70500,2026-09-11,put,mini,65,0.2,21,4700.0
2026-08-21,71000,2026-09-11,put,mini,7,0.2,21,5105.0
2026-08-21,71250,2026-09-11,put,mini,6,0.2,21,5315.0
2026-08-21,71500,2026-09-11,put,mini,9,0.2,21,5515.0
2026-08-21,71750,2026-09-11,put,mini,749,0.2,21,5720.0
2026-08-21,72000,2026-09-11,put,mini,10,0.2,21,5950.0
2026-08-21,72250,2026-09-11,put,mini,50,0.2,21,6160.0
2026-08-21,72375,2026-09-11,put,mini,6275,0.2,21,6275.0
2026-08-21,72500,2026-09-11,put,mini,20,0.2,21,6395.0
2026-08-21,72750,2026-09-11,put,mini,32,0.2,21,6610.0
2026-08-21,73000,2026-09-11,put,mini,77,0.2,21,6845.0
2026-08-21,73250,2026-09-11,put,mini,248,0.2,21,7070.0
2026-08-21,73500,2026-09-11,put,mini,102,0.2,21,7305.0
2026-08-21,73750,2026-09-11,put,mini,3,0.2,21,7535.0
2026-08-21,74000,2026-09-11,put,mini,34,0.2,21,7770.0
2026-08-21,74250,2026-09-11,put,mini,1,0.2,21,8010.0
2026-08-21,75000,2026-09-11,put,mini,67,0.2,21,8725.0
2026-08-21,75250,2026-09-11,put,mini,12,0.2,21,8965.0
2026-08-21,66500,2026-09-18,put,mini,4,0.2594,28,2355.0
2026-08-21,67000,2026-09-18,put,mini,6,0.2518,28,2605.0
2026-08-21,68250,2026-09-18,put,mini,6,0.2314,28,3325.0
2026-08-21,68750,2026-09-18,put,mini,3,0.2193,28,3635.0
2026-08-21,69250,2026-09-18,put,mini,6,0.2068,28,3975.0
2026-08-21,58375,2026-10-09,put,mini,19,0.3534,49,795.0
2026-08-21,58500,2026-10-09,put,mini,27,0.3501,49,800.0
2026-08-21,58750,2026-10-09,put,mini,5,0.3474,49,835.0
2026-08-21,59000,2026-10-09,put,mini,15,0.3445,49,870.0
2026-08-21,59375,2026-10-09,put,mini,2,0.3423,49,940.0
2026-08-21,59500,2026-10-09,put,mini,13,0.3402,49,955.0
2026-08-21,59750,2026-10-09,put,mini,4,0.338,49,1000.0
2026-08-21,59875,2026-10-09,put,mini,1,0.3387,49,1035.0
2026-08-21,60000,2026-10-09,put,mini,22,0.3335,49,1030.0
2026-08-21,60500,2026-10-09,put,mini,2,0.3307,49,1140.0
2026-08-21,60750,2026-10-09,put,mini,1,0.3288,49,1195.0
2026-08-21,61000,2026-10-09,put,mini,8,0.3267,49,1250.0
2026-08-21,61125,2026-10-09,put,mini,4,0.3258,49,1280.0
2026-08-21,61250,2026-10-09,put,mini,2,0.3243,49,1305.0
2026-08-21,61500,2026-10-09,put,mini,1370,0.3228,49,1370.0
2026-08-21,61750,2026-10-09,put,mini,3,0.3204,49,1430.0
2026-08-21,62000,2026-10-09,put,mini,28,0.319,49,1500.0
2026-08-21,62250,2026-10-09,put,mini,3,0.316,49,1560.0
2026-08-21,62375,2026-10-09,put,mini,1,0.315,49,1595.0
2026-08-21,62500,2026-10-09,put,mini,6,0.3145,49,1635.0
2026-08-21,62750,2026-10-09,put,mini,1024,0.3133,49,1715.0
2026-08-21,63000,2026-10-09,put,mini,19,0.3106,49,1785.0
2026-08-21,63250,2026-10-09,put,mini,6,0.3087,49,1865.0
2026-08-21,63500,2026-10-09,put,mini,5,0.3059,49,1940.0
2026-08-21,63625,2026-10-09,put,mini,2,0.3058,49,1990.0
2026-08-21,63750,2026-10-09,put,mini,219,0.3039,49,2025.0
2026-08-21,63875,2026-10-09,put,mini,1,0.3037,49,2075.0
2026-08-21,64000,2026-10-09,put,mini,84,0.3016,49,2110.0
2026-08-21,64250,2026-10-09,put,mini,183,0.3001,49,2205.0
2026-08-21,64500,2026-10-09,put,mini,114,0.2982,49,2300.0
2026-08-21,64750,2026-10-09,put,mini,83,0.2959,49,2395.0
2026-08-21,64875,2026-10-09,put,mini,1,0.296,49,2455.0
2026-08-21,65000,2026-10-09,put,mini,17,0.2939,49,2495.0
2026-08-21,65250,2026-10-09,put,mini,37,0.2925,49,2605.0
2026-08-21,65375,2026-10-09,put,mini,1,0.2917,49,2660.0
2026-08-21,65500,2026-10-09,put,mini,13,0.2908,49,2715.0
2026-08-21,65750,2026-10-09,put,mini,2,0.2892,49,2830.0
2026-08-21,66000,2026-10-09,put,mini,32,0.2888,49,2960.0
2026-08-21,66250,2026-10-09,put,mini,16,0.287,49,3080.0
2026-08-21,66500,2026-10-09,put,mini,22,0.2854,49,3205.0
2026-08-21,66750,2026-10-09,put,mini,6,0.2844,49,3340.0
2026-08-21,67000,2026-10-09,put,mini,45,0.282,49,3465.0
2026-08-21,67250,2026-10-09,put,mini,59,0.2808,49,3605.0
2026-08-21,67500,2026-10-09,put,mini,115,0.2787,49,3740.0
2026-08-21,68000,2026-10-09,put,mini,6,0.2765,49,4040.0
2026-08-21,68250,2026-10-09,put,mini,493,0.2748,49,4190.0
2026-08-21,68500,2026-10-09,put,mini,306,0.2727,49,4340.0
2026-08-21,68750,2026-10-09,put,mini,2609,0.2713,49,4500.0
2026-08-21,69000,2026-10-09,put,mini,1214,0.2689,49,4655.0
2026-08-21,69250,2026-10-09,put,mini,31,0.269,49,4835.0
2026-08-21,69500,2026-10-09,call,mini,25,0.6859,49,5000.0
2026-08-21,69750,2026-10-09,call,mini,6,0.7132,49,5170.0
2026-08-21,70000,2026-10-09,call,mini,1,0.7403,49,5340.0
2026-08-21,70500,2026-10-09,call,mini,1,0.7964,49,5700.0
2026-08-21,71000,2026-10-09,call,mini,3,0.8543,49,6080.0
2026-08-21,71250,2026-10-09,call,mini,3,0.8831,49,6270.0
2026-08-21,71500,2026-10-09,call,mini,6465,0.9123,49,6465.0
2026-08-21,71750,2026-10-09,call,mini,1062,0.9415,49,6660.0
2026-08-21,65250,2026-11-13,call,mini,4,0.2543,84,3385.0
2026-08-21,65375,2026-11-13,call,mini,1,0.2636,84,3440.0
2026-08-21,65500,2026-11-13,call,mini,1,0.2732,84,3500.0
2026-08-21,66000,2026-11-13,call,mini,4,0.3102,84,3730.0
2026-08-21,71000,2026-11-13,call,mini,1,0.7002,84,6680.0
2026-08-21,62000,2026-08-26,call,mini,4445,0.7249,5,4445.0
2026-08-21,65500,2026-08-26,call,mini,2,0.4515,5,1450.0
2026-08-21,68250,2026-08-26,call,mini,2,0.3653,5,280.0
2026-08-21,68500,2026-08-26,call,mini,5,0.3442,5,200.0
2026-08-21,72000,2026-08-26,call,mini,30,0.2985,5,3.0
2026-08-21,72250,2026-08-26,call,mini,216,0.3085,5,3.0
2026-08-21,62000,2026-08-28,call,mini,4455,0.6161,7,4455.0
2026-08-21,62750,2026-08-28,call,mini,3785,0.5711,7,3785.0
2026-08-21,64000,2026-08-28,call,mini,4,0.4986,7,2720.0
2026-08-21,65000,2026-08-28,call,mini,1,0.4443,7,1940.0
2026-08-21,65375,2026-08-28,call,mini,4,0.4275,7,1680.0
2026-08-21,65500,2026-08-28,call,mini,2,0.4285,7,1620.0
2026-08-21,65750,2026-08-28,call,mini,5,0.4153,7,1450.0
2026-08-21,66000,2026-08-28,call,mini,6,0.4004,7,1280.0
2026-08-21,66250,2026-08-28,call,mini,8,0.3945,7,1150.0
2026-08-21,66500,2026-08-28,call,mini,14,0.3852,7,1015.0
2026-08-21,66750,2026-08-28,call,mini,3,0.3765,7,890.0
2026-08-21,67000,2026-08-28,call,mini,98,0.3713,7,785.0
2026-08-21,67250,2026-08-28,call,mini,7,0.3684,7,695.0
2026-08-21,67500,2026-08-28,call,mini,103,0.3521,7,570.0
2026-08-21,67625,2026-08-28,call,mini,555,0.3581,7,555.0
2026-08-21,67750,2026-08-28,call,mini,8,0.3573,7,520.0
2026-08-21,67875,2026-08-28,call,mini,2,0.3558,7,485.0
2026-08-21,68000,2026-08-28,call,mini,299,0.345,7,425.0
2026-08-21,68250,2026-08-28,call,mini,16,0.3516,7,390.0
2026-08-21,68500,2026-08-28,call,mini,222,0.341,7,315.0
2026-08-21,68750,2026-08-28,call,mini,10,0.3508,7,296.0
2026-08-21,69000,2026-08-28,call,mini,478,0.3375,7,229.0
2026-08-21,69250,2026-08-28,call,mini,12,0.3366,7,195.0
2026-08-21,69500,2026-08-28,call,mini,66,0.3292,7,154.0
2026-08-21,69750,2026-08-28,call,mini,6,0.3289,7,130.0
2026-08-21,70000,2026-08-28,call,mini,167,0.3254,7,105.0
2026-08-21,70250,2026-08-28,call,mini,55,0.3237,7,86.0
2026-08-21,70500,2026-08-28,call,mini,205,0.3269,7,75.0
2026-08-21,70750,2026-08-28,call,mini,2,0.3306,7,66.0
2026-08-21,70875,2026-08-28,call,mini,1,0.3336,7,63.0
2026-08-21,71000,2026-08-28,call,mini,46,0.3307,7,55.0
2026-08-21,71250,2026-08-28,call,mini,202,0.3364,7,50.0
2026-08-21,71500,2026-08-28,call,mini,11,0.3372,7,42.0
2026-08-21,71750,2026-08-28,call,mini,8,0.331,7,31.0
2026-08-21,72000,2026-08-28,call,mini,188,0.3193,7,20.0
2026-08-21,72250,2026-08-28,call,mini,36,0.3161,7,15.0
2026-08-21,65500,2026-09-02,call,mini,2,0.4,12,1965.0
2026-08-21,68250,2026-09-02,call,mini,2,0.3454,12,680.0
2026-08-21,65500,2026-09-04,call,mini,2090,0.3947,14,2090.0
2026-08-21,66250,2026-09-04,call,mini,4,0.375,14,1640.0
2026-08-21,66500,2026-09-04,call,mini,4,0.3684,14,1500.0
2026-08-21,67750,2026-09-04,call,mini,4,0.3505,14,960.0
2026-08-21,68250,2026-09-04,call,mini,2,0.345,14,790.0
2026-08-21,68750,2026-09-04,call,mini,4,0.3429,14,655.0
2026-08-21,69000,2026-09-04,call,mini,1,0.3357,14,570.0
2026-08-21,58500,2026-09-11,call,mini,2,0.5855,21,8145.0
2026-08-21,58750,2026-09-11,call,mini,7915,0.5767,21,7915.0
2026-08-21,59000,2026-09-11,call,mini,3,0.5678,21,7685.0
2026-08-21,59250,2026-09-11,call,mini,7450,0.5576,21,7450.0
2026-08-21,59375,2026-09-11,call,mini,1,0.553,21,7335.0
2026-08-21,59500,2026-09-11,call,mini,7220,0.5483,21,7220.0
2026-08-21,59750,2026-09-11,call,mini,6995,0.54,21,6995.0
2026-08-21,60000,2026-09-11,call,mini,1,0.5315,21,6770.0
2026-08-21,60250,2026-09-11,call,mini,6545,0.5228,21,6545.0
2026-08-21,61000,2026-09-11,call,mini,3,0.4994,21,5890.0
2026-08-21,61250,2026-09-11,call,mini,32,0.4908,21,5670.0
2026-08-21,61500,2026-09-11,call,mini,22,0.4819,21,5450.0
2026-08-21,62000,2026-09-11,call,mini,7,0.4681,21,5035.0
2026-08-21,62250,2026-09-11,call,mini,2,0.4611,21,4830.0
2026-08-21,62500,2026-09-11,call,mini,6,0.4537,21,4625.0
2026-08-21,62750,2026-09-11,call,mini,32,0.4478,21,4430.0
2026-08-21,62875,2026-09-11,call,mini,4340,0.446,21,4340.0
2026-08-21,63000,2026-09-11,call,mini,76,0.4415,21,4235.0
2026-08-21,63250,2026-09-11,call,mini,59,0.4347,21,4040.0
2026-08-21,63500,2026-09-11,call,mini,31,0.4301,21,3860.0
2026-08-21,63750,2026-09-11,call,mini,324,0.4233,21,3670.0
2026-08-21,64000,2026-09-11,call,mini,187,0.4186,21,3495.0
2026-08-21,64250,2026-09-11,call,mini,352,0.4133,21,3320.0
2026-08-21,64375,2026-09-11,call,mini,1,0.4093,21,3225.0
2026-08-21,64500,2026-09-11,call,mini,179,0.4075,21,3145.0
2026-08-21,64750,2026-09-11,call,mini,134,0.402,21,2975.0
2026-08-21,65000,2026-09-11,call,mini,39,0.3975,21,2815.0
2026-08-21,65125,2026-09-11,call,mini,3,0.3927,21,2720.0
2026-08-21,65250,2026-09-11,call,mini,15,0.3933,21,2660.0
2026-08-21,65500,2026-09-11,call,mini,34,0.3876,21,2500.0
2026-08-21,65750,2026-09-11,call,mini,11,0.3821,21,2345.0
2026-08-21,66000,2026-09-11,call,mini,86,0.3792,21,2210.0
2026-08-21,66125,2026-09-11,call,mini,2,0.3755,21,2130.0
2026-08-21,66250,2026-09-11,call,mini,29,0.3748,21,2070.0
2026-08-21,66500,2026-09-11,call,mini,34,0.3625,21,1885.0
2026-08-21,66625,2026-09-11,call,mini,1,0.3701,21,1880.0
2026-08-21,66750,2026-09-11,call,mini,21,0.3655,21,1800.0
2026-08-21,66875,2026-09-11,call,mini,1760,0.3672,21,1760.0
2026-08-21,67000,2026-09-11,call,mini,129,0.3622,21,1680.0
2026-08-21,67125,2026-09-11,call,mini,2,0.3627,21,1635.0
2026-08-21,67250,2026-09-11,call,mini,49,0.3614,21,1580.0
2026-08-21,67375,2026-09-11,call,mini,1530,0.3608,21,1530.0
2026-08-21,67500,2026-09-11,call,mini,104,0.355,21,1450.0
2026-08-21,67625,2026-09-11,call,mini,1415,0.3565,21,1415.0
2026-08-21,67750,2026-09-11,call,mini,10,0.3553,21,1365.0
2026-08-21,67875,2026-09-11,call,mini,1315,0.3539,21,1315.0
2026-08-21,68000,2026-09-11,call,mini,156,0.3507,21,1255.0
2026-08-21,68125,2026-09-11,call,mini,4,0.3506,21,1215.0
2026-08-21,68250,2026-09-11,call,mini,250,0.3495,21,1170.0
2026-08-21,68375,2026-09-11,call,mini,1,0.3491,21,1130.0
2026-08-21,68500,2026-09-11,call,mini,242,0.3459,21,1075.0
2026-08-21,68625,2026-09-11,call,mini,1,0.3469,21,1045.0
2026-08-21,68750,2026-09-11,call,mini,1546,0.3442,21,995.0
2026-08-21,68875,2026-09-11,call,mini,960,0.3439,21,960.0
2026-08-21,69000,2026-09-11,call,mini,999,0.3416,21,915.0
2026-08-21,69125,2026-09-11,call,mini,3,0.342,21,885.0
2026-08-21,69250,2026-09-11,call,mini,41,0.3412,21,850.0
2026-08-21,69375,2026-09-11,call,mini,815,0.3402,21,815.0
2026-08-21,69500,2026-09-11,call,mini,74,0.338,21,775.0
2026-08-21,69625,2026-09-11,call,mini,750,0.3387,21,750.0
2026-08-21,69750,2026-09-11,call,mini,5,0.3371,21,715.0
2026-08-21,69875,2026-09-11,call,mini,685,0.3363,21,685.0
2026-08-21,70000,2026-09-11,call,mini,545,0.3354,21,655.0
2026-08-21,70125,2026-09-11,call,mini,3,0.3353,21,630.0
2026-08-21,70250,2026-09-11,call,mini,14,0.3339,21,600.0
2026-08-21,70375,2026-09-11,call,mini,575,0.3335,21,575.0
2026-08-21,70500,2026-09-11,call,mini,95,0.3329,21,550.0
2026-08-21,70625,2026-09-11,call,mini,1,0.3321,21,525.0
2026-08-21,70750,2026-09-11,call,mini,5,0.331,21,500.0
2026-08-21,71000,2026-09-11,call,mini,402,0.3309,21,460.0
2026-08-21,71125,2026-09-11,call,mini,1,0.3292,21,435.0
2026-08-21,71250,2026-09-11,call,mini,9,0.3287,21,415.0
2026-08-21,71375,2026-09-11,call,mini,400,0.3292,21,400.0
2026-08-21,71500,2026-09-11,call,mini,85,0.3283,21,380.0
2026-08-21,71625,2026-09-11,call,mini,3,0.3286,21,365.0
2026-08-21,71750,2026-09-11,call,mini,1055,0.3244,21,335.0
2026-08-21,71875,2026-09-11,call,mini,1,0.3242,21,320.0
2026-08-21,72000,2026-09-11,call,mini,603,0.3254,21,310.0
2026-08-21,72250,2026-09-11,call,mini,53,0.3214,21,271.0
2026-08-21,72375,2026-09-11,call,mini,1,0.3251,21,270.0
2026-08-21,72500,2026-09-11,call,mini,78,0.3241,21,255.0
2026-08-21,72625,2026-09-11,call,mini,1,0.3211,21,235.0
2026-08-21,72750,2026-09-11,call,mini,42,0.321,21,224.0
2026-08-21,72875,2026-09-11,call,mini,213,0.3208,21,213.0
2026-08-21,73000,2026-09-11,call,mini,341,0.3211,21,204.0
2026-08-21,73125,2026-09-11,call,mini,1,0.3201,21,192.0
2026-08-21,73250,2026-09-11,call,mini,248,0.3197,21,182.0
2026-08-21,73375,2026-09-11,call,mini,171,0.3187,21,171.0
2026-08-21,73500,2026-09-11,call,mini,139,0.322,21,170.0
2026-08-21,73625,2026-09-11,call,mini,1,0.3197,21,157.0
2026-08-21,73750,2026-09-11,call,mini,9,0.3195,21,149.0
2026-08-21,73875,2026-09-11,call,mini,140,0.3187,21,140.0
2026-08-21,74000,2026-09-11,call,mini,328,0.3191,21,134.0
2026-08-21,74125,2026-09-11,call,mini,130,0.3205,21,130.0
2026-08-21,74250,2026-09-11,call,mini,16,0.3208,21,124.0
2026-08-21,74375,2026-09-11,call,mini,118,0.3209,21,118.0
2026-08-21,74500,2026-09-11,call,mini,82,0.319,21,109.0
2026-08-21,74625,2026-09-11,call,mini,107,0.3212,21,107.0
2026-08-21,74750,2026-09-11,call,mini,19,0.3208,21,101.0
2026-08-21,74875,2026-09-11,call,mini,1,0.3215,21,97.0
2026-08-21,75000,2026-09-11,call,mini,608,0.3167,21,85.0
2026-08-21,75125,2026-09-11,call,mini,1,0.3192,21,84.0
2026-08-21,75250,2026-09-11,call,mini,87,0.318,21,78.0
2026-08-21,75375,2026-09-11,call,mini,47,0.318,21,74.0
2026-08-21,66500,2026-09-18,call,mini,6,0.3609,28,2225.0
2026-08-21,67750,2026-09-18,call,mini,6,0.3481,28,1645.0
2026-08-21,68250,2026-09-18,call,mini,3,0.3436,28,1445.0
2026-08-21,68750,2026-09-18,call,mini,7,0.339,28,1260.0
2026-08-21,58500,2026-10-09,call,mini,20,0.3988,49,8250.0
2026-08-21,59000,2026-10-09,call,mini,7825,0.3918,49,7825.0
2026-08-21,60000,2026-10-09,call,mini,7000,0.3791,49,7000.0
2026-08-21,61125,2026-10-09,call,mini,6105,0.365,49,6105.0
2026-08-21,61250,2026-10-09,call,mini,10,0.3637,49,6010.0
2026-08-21,61750,2026-10-09,call,mini,5635,0.3585,49,5635.0
2026-08-21,61875,2026-10-09,call,mini,5550,0.3581,49,5550.0
2026-08-21,62250,2026-10-09,call,mini,3,0.3529,49,5265.0
2026-08-21,62500,2026-10-09,call,mini,5090,0.3509,49,5090.0
2026-08-21,62750,2026-10-09,call,mini,1027,0.3492,49,4920.0
2026-08-21,63000,2026-10-09,call,mini,19,0.346,49,4740.0
2026-08-21,63750,2026-10-09,call,mini,10,0.3393,49,4240.0
2026-08-21,63875,2026-10-09,call,mini,4155,0.3377,49,4155.0
2026-08-21,64000,2026-10-09,call,mini,7,0.3377,49,4085.0
2026-08-21,64250,2026-10-09,call,mini,3910,0.3337,49,3910.0
2026-08-21,64750,2026-10-09,call,mini,4,0.3312,49,3620.0
2026-08-21,65000,2026-10-09,call,mini,10,0.329,49,3470.0
2026-08-21,65375,2026-10-09,call,mini,1,0.325,49,3245.0
2026-08-21,65500,2026-10-09,call,mini,6,0.3251,49,3185.0
2026-08-21,65750,2026-10-09,call,mini,1,0.324,49,3055.0
2026-08-21,66000,2026-10-09,call,mini,36,0.3225,49,2925.0
2026-08-21,66250,2026-10-09,call,mini,22,0.3213,49,2800.0
2026-08-21,66500,2026-10-09,call,mini,7,0.3197,49,2675.0
2026-08-21,66750,2026-10-09,call,mini,1,0.3183,49,2555.0
2026-08-21,67000,2026-10-09,call,mini,23,0.3165,49,2435.0
2026-08-21,67125,2026-10-09,call,mini,2,0.3155,49,2375.0
2026-08-21,67250,2026-10-09,call,mini,2,0.315,49,2320.0
2026-08-21,67500,2026-10-09,call,mini,9,0.3131,49,2205.0
2026-08-21,67625,2026-10-09,call,mini,1,0.3128,49,2155.0
2026-08-21,67750,2026-10-09,call,mini,2100,0.3119,49,2100.0
2026-08-21,68000,2026-10-09,call,mini,23,0.3114,49,2005.0
2026-08-21,68250,2026-10-09,call,mini,483,0.3101,49,1905.0
2026-08-21,68500,2026-10-09,call,mini,315,0.309,49,1810.0
2026-08-21,68625,2026-10-09,call,mini,2,0.308,49,1760.0
2026-08-21,68750,2026-10-09,call,mini,2706,0.3075,49,1715.0
2026-08-21,69000,2026-10-09,call,mini,1278,0.3062,49,1625.0
2026-08-21,69125,2026-10-09,call,mini,1,0.3066,49,1590.0
2026-08-21,69250,2026-10-09,call,mini,35,0.3063,49,1550.0
2026-08-21,69500,2026-10-09,call,mini,26,0.3049,49,1465.0
2026-08-21,69625,2026-10-09,call,mini,1,0.3032,49,1415.0
2026-08-21,69750,2026-10-09,call,mini,1,0.3043,49,1390.0
2026-08-21,70000,2026-10-09,call,mini,52,0.3028,49,1310.0
2026-08-21,70125,2026-10-09,call,mini,1,0.3013,49,1265.0
2026-08-21,70250,2026-10-09,call,mini,6,0.3033,49,1250.0
2026-08-21,70375,2026-10-09,call,mini,2,0.301,49,1200.0
2026-08-21,70500,2026-10-09,call,mini,13,0.3023,49,1180.0
2026-08-21,70625,2026-10-09,call,mini,3,0.3004,49,1135.0
2026-08-21,70750,2026-10-09,call,mini,3,0.3016,49,1115.0
2026-08-21,71000,2026-10-09,call,mini,23,0.3011,49,1055.0
2026-08-21,71125,2026-10-09,call,mini,2,0.3001,49,1020.0
2026-08-21,71250,2026-10-09,call,mini,3,0.2997,49,990.0
2026-08-21,71500,2026-10-09,call,mini,13,0.3,49,940.0
2026-08-21,71750,2026-10-09,call,mini,1814,0.2992,49,885.0
2026-08-21,72000,2026-10-09,call,mini,24,0.2995,49,840.0
2026-08-21,72250,2026-10-09,call,mini,4,0.2988,49,790.0
2026-08-21,65250,2026-11-13,call,mini,12,0.3188,84,4190.0
2026-08-21,65500,2026-11-13,call,mini,4055,0.3176,84,4055.0
2026-08-21,67000,2026-11-13,call,mini,2,0.3107,84,3300.0
2026-08-21,68000,2026-11-13,call,mini,4,0.3064,84,2850.0
2026-08-21,68500,2026-11-13,call,mini,4,0.3047,84,2645.0
2026-08-21,69000,2026-11-13,call,mini,3,0.3017,84,2435.0
2026-08-21,69500,2026-11-13,call,mini,2,0.2988,84,2235.0
2026-08-21,70000,2026-11-13,call,mini,5,0.2979,84,2070.0
2026-08-21,70500,2026-11-13,call,mini,1905,0.2963,84,1905.0
2026-08-21,71000,2026-11-13,call,mini,5,0.2956,84,1760.0
2026-08-21,71500,2026-11-13,call,mini,1,0.2937,84,1610.0
2026-08-21,71750,2026-11-13,call,mini,1,0.2939,84,1550.0
2026-08-21,72000,2026-11-13,call,mini,2,0.2933,84,1485.0
2026-08-21,72250,2026-11-13,call,mini,1,0.2921,84,1415.0
