date,strike,expiry,type,product,oi,iv,days_to_expiry,settlement
2026-10-07,20000,2026-10-08,put,regular,1570,0.2,1,1.0
2026-10-07,22500,2026-10-08,put,regular,451,0.2,1,1.0
2026-10-07,25000,2026-10-08,put,regular,1564,0.2,1,1.0
2026-10-07,26000,2026-10-08,put,regular,184,0.2,1,1.0
2026-10-07,27000,2026-10-08,put,regular,206,0.2,1,1.0
2026-10-07,28000,2026-10-08,put,regular,243,0.2,1,1.0
2026-10-07,29000,2026-10-08,put,regular,175,4.9768,1,1.0
2026-10-07,30000,2026-10-08,put,regular,6425,4.7937,1,1.0
2026-10-07,31000,2026-10-08,put,regular,114,4.6166,1,1.0
2026-10-07,32000,2026-10-08,put,regular,299,4.4451,1,1.0
2026-10-07,33000,2026-10-08,put,regular,2929,4.2788,1,1.0
2026-10-07,34000,2026-10-08,put,regular,181,4.1174,1,1.0
2026-10-07,35000,2026-10-08,put,regular,2205,3.9606,1,1.0
2026-10-07,36000,2026-10-08,put,regular,98,3.8081,1,1.0
2026-10-07,37000,2026-10-08,put,regular,460,3.6597,1,1.0
2026-10-07,38000,2026-10-08,put,regular,420,3.5152,1,1.0
2026-10-07,39000,2026-10-08,put,regular,191,3.3742,1,1.0
2026-10-07,40000,2026-10-08,put,regular,4647,3.2368,1,1.0
2026-10-07,41000,2026-10-08,put,regular,280,3.1025,1,1.0
2026-10-07,42000,2026-10-08,put,regular,401,2.9713,1,1.0
2026-10-07,42750,2026-10-08,put,regular,33,2.8749,1,1.0
2026-10-07,43000,2026-10-08,put,regular,507,2.8431,1,1.0
2026-10-07,43250,2026-10-08,put,regular,16,2.8115,1,1.0
2026-10-07,43500,2026-10-08,put,regular,36,2.78,1,1.0
2026-10-07,43750,2026-10-08,put,regular,25,2.7488,1,1.0
2026-10-07,44000,2026-10-08,put,regular,312,2.7176,1,1.0
2026-10-07,44250,2026-10-08,put,regular,37,2.6867,1,1.0
2026-10-07,44500,2026-10-08,put,regular,57,2.6559,1,1.0
2026-10-07,44750,2026-10-08,put,regular,41,2.6253,1,1.0
2026-10-07,45000,2026-10-08,put,regular,2340,2.5948,1,1.0
2026-10-07,45250,2026-10-08,put,regular,29,2.5645,1,1.0
2026-10-07,45500,2026-10-08,put,regular,819,2.5343,1,1.0
2026-10-07,45750,2026-10-08,put,regular,135,2.5043,1,1.0
2026-10-07,46000,2026-10-08,put,regular,446,2.4745,1,1.0
2026-10-07,46250,2026-10-08,put,regular,10,2.4447,1,1.0
2026-10-07,46500,2026-10-08,put,regular,318,2.4152,1,1.0
2026-10-07,46750,2026-10-08,put,regular,135,2.3858,1,1.0
2026-10-07,47000,2026-10-08,put,regular,466,2.3565,1,1.0
2026-10-07,47250,2026-10-08,put,regular,142,2.3274,1,1.0
2026-10-07,47500,2026-10-08,put,regular,56,2.2984,1,1.0
2026-10-07,47750,2026-10-08,put,regular,47,2.2695,1,1.0
2026-10-07,48000,2026-10-08,put,regular,876,2.2408,1,1.0
2026-10-07,48250,2026-10-08,put,regular,53,2.2122,1,1.0
2026-10-07,48500,2026-10-08,put,regular,212,2.1837,1,1.0
2026-10-07,48750,2026-10-08,put,regular,276,2.1554,1,1.0
2026-10-07,49000,2026-10-08,put,regular,405,2.1272,1,1.0
2026-10-07,49250,2026-10-08,put,regular,84,2.0992,1,1.0
2026-10-07,49500,2026-10-08,put,regular,318,2.0712,1,1.0
2026-10-07,49750,2026-10-08,put,regular,67,2.0434,1,1.0
2026-10-07,50000,2026-10-08,put,regular,2778,2.0157,1,1.0
2026-10-07,50250,2026-10-08,put,regular,79,1.9881,1,1.0
2026-10-07,50500,2026-10-08,put,regular,305,1.9607,1,1.0
2026-10-07,50750,2026-10-08,put,regular,165,1.9334,1,1.0
2026-10-07,51000,2026-10-08,put,regular,1187,1.9061,1,1.0
2026-10-07,51250,2026-10-08,put,regular,296,1.879,1,1.0
2026-10-07,51500,2026-10-08,put,regular,518,1.8521,1,1.0
2026-10-07,51750,2026-10-08,put,regular,150,1.8252,1,1.0
2026-10-07,52000,2026-10-08,put,regular,1447,1.7984,1,1.0
2026-10-07,52250,2026-10-08,put,regular,63,1.7718,1,1.0
2026-10-07,52500,2026-10-08,put,regular,633,1.7452,1,1.0
2026-10-07,52750,2026-10-08,put,regular,123,1.7188,1,1.0
2026-10-07,53000,2026-10-08,put,regular,1461,1.6924,1,1.0
2026-10-07,53250,2026-10-08,put,regular,128,1.6662,1,1.0
2026-10-07,53500,2026-10-08,put,regular,1435,1.6401,1,1.0
2026-10-07,53750,2026-10-08,put,regular,162,1.614,1,1.0
2026-10-07,54000,2026-10-08,put,regular,1371,1.5881,1,1.0
2026-10-07,54250,2026-10-08,put,regular,217,1.5623,1,1.0
2026-10-07,54500,2026-10-08,put,regular,510,1.5365,1,1.0
2026-10-07,54750,2026-10-08,put,regular,78,1.5109,1,1.0
2026-10-07,55000,2026-10-08,put,regular,3348,1.4853,1,1.0
2026-10-07,55250,2026-10-08,put,regular,168,1.4599,1,1.0
2026-10-07,55500,2026-10-08,put,regular,339,1.4345,1,1.0
2026-10-07,55750,2026-10-08,put,regular,81,1.4092,1,1.0
2026-10-07,56000,2026-10-08,put,regular,1747,1.3841,1,1.0
2026-10-07,56250,2026-10-08,put,regular,85,1.359,1,1.0
2026-10-07,56500,2026-10-08,put,regular,663,1.3339,1,1.0
2026-10-07,56750,2026-10-08,put,regular,139,1.309,1,1.0
2026-10-07,57000,2026-10-08,put,regular,1575,1.2842,1,1.0
2026-10-07,57250,2026-10-08,put,regular,164,1.2594,1,1.0
2026-10-07,57500,2026-10-08,put,regular,493,1.2347,1,1.0
2026-10-07,57750,2026-10-08,put,regular,88,1.2101,1,1.0
2026-10-07,58000,2026-10-08,put,regular,2415,1.1856,1,1.0
2026-10-07,58250,2026-10-08,put,regular,142,1.1611,1,1.0
2026-10-07,58375,2026-10-08,put,regular,488,1.1489,1,1.0
2026-10-07,58500,2026-10-08,put,regular,815,1.1367,1,1.0
2026-10-07,58625,2026-10-08,put,regular,60,1.1246,1,1.0
2026-10-07,58750,2026-10-08,put,regular,57,1.1124,1,1.0
2026-10-07,58875,2026-10-08,put,regular,17,1.1003,1,1.0
2026-10-07,59000,2026-10-08,put,regular,1668,1.0882,1,1.0
2026-10-07,59125,2026-10-08,put,regular,113,1.0761,1,1.0
2026-10-07,59250,2026-10-08,put,regular,201,1.064,1,1.0
2026-10-07,59375,2026-10-08,put,regular,22,1.052,1,1.0
2026-10-07,59500,2026-10-08,put,regular,856,1.0399,1,1.0
2026-10-07,59625,2026-10-08,put,regular,140,1.0279,1,1.0
2026-10-07,59750,2026-10-08,put,regular,161,1.0159,1,1.0
2026-10-07,59875,2026-10-08,put,regular,164,1.0039,1,1.0
2026-10-07,60000,2026-10-08,put,regular,9845,0.9919,1,1.0
2026-10-07,60125,2026-10-08,put,regular,73,0.9799,1,1.0
2026-10-07,60250,2026-10-08,put,regular,178,0.968,1,1.0
2026-10-07,60375,2026-10-08,put,regular,662,0.9561,1,1.0
2026-10-07,60500,2026-10-08,put,regular,570,0.9442,1,1.0
2026-10-07,60625,2026-10-08,put,regular,159,0.9323,1,1.0
2026-10-07,60750,2026-10-08,put,regular,480,0.9204,1,1.0
2026-10-07,60875,2026-10-08,put,regular,500,0.9085,1,1.0
2026-10-07,61000,2026-10-08,put,regular,1907,0.9533,1,2.0
2026-10-07,61125,2026-10-08,put,regular,1248,0.8848,1,1.0
2026-10-07,61250,2026-10-08,put,regular,124,0.873,1,1.0
2026-10-07,61375,2026-10-08,put,regular,143,0.8611,1,1.0
2026-10-07,61500,2026-10-08,put,regular,509,0.9034,1,2.0
2026-10-07,61625,2026-10-08,put,regular,107,0.891,1,2.0
2026-10-07,61750,2026-10-08,put,regular,340,0.8258,1,1.0
2026-10-07,61875,2026-10-08,put,regular,88,0.8662,1,2.0
2026-10-07,62000,2026-10-08,put,regular,2171,0.8538,1,2.0
2026-10-07,62125,2026-10-08,put,regular,40,0.8414,1,2.0
2026-10-07,62250,2026-10-08,put,regular,114,0.829,1,2.0
2026-10-07,62375,2026-10-08,put,regular,11,0.8166,1,2.0
2026-10-07,62500,2026-10-08,put,regular,1705,0.837,1,3.0
2026-10-07,62625,2026-10-08,put,regular,695,0.792,1,2.0
2026-10-07,62750,2026-10-08,put,regular,372,0.8114,1,3.0
2026-10-07,62875,2026-10-08,put,regular,89,0.7673,1,2.0
2026-10-07,63000,2026-10-08,put,regular,2321,0.81,1,4.0
2026-10-07,63125,2026-10-08,put,regular,6,0.7732,1,3.0
2026-10-07,63250,2026-10-08,put,regular,244,0.7605,1,3.0
2026-10-07,63375,2026-10-08,put,regular,302,0.7478,1,3.0
2026-10-07,63500,2026-10-08,put,regular,605,0.7578,1,4.0
2026-10-07,63625,2026-10-08,put,regular,15,0.7224,1,3.0
2026-10-07,63750,2026-10-08,put,regular,135,0.7097,1,3.0
2026-10-07,63875,2026-10-08,put,regular,484,0.7188,1,4.0
2026-10-07,64000,2026-10-08,put,regular,1994,0.7527,1,7.0
2026-10-07,64125,2026-10-08,put,regular,1061,0.6928,1,4.0
2026-10-07,64250,2026-10-08,put,regular,353,0.6971,1,5.0
2026-10-07,64375,2026-10-08,put,regular,14,0.7116,1,7.0
2026-10-07,64500,2026-10-08,put,regular,1243,0.6979,1,7.0
2026-10-07,64625,2026-10-08,put,regular,432,0.6573,1,5.0
2026-10-07,64750,2026-10-08,put,regular,238,0.6922,1,9.0
2026-10-07,64875,2026-10-08,put,regular,22,0.6445,1,6.0
2026-10-07,65000,2026-10-08,put,regular,3461,0.6733,1,10.0
2026-10-07,65125,2026-10-08,put,regular,651,0.6294,1,7.0
2026-10-07,65250,2026-10-08,put,regular,136,0.6359,1,9.0
2026-10-07,65375,2026-10-08,put,regular,249,0.6389,1,11.0
2026-10-07,65500,2026-10-08,put,regular,699,0.6462,1,14.0
2026-10-07,65625,2026-10-08,put,regular,101,0.6101,1,11.0
2026-10-07,65750,2026-10-08,put,regular,157,0.61,1,13.0
2026-10-07,65875,2026-10-08,put,regular,24,0.6018,1,14.0
2026-10-07,66000,2026-10-08,put,regular,2383,0.6044,1,17.0
2026-10-07,66125,2026-10-08,put,regular,86,0.5593,1,12.0
2026-10-07,66250,2026-10-08,put,regular,157,0.5842,1,19.0
2026-10-07,66375,2026-10-08,put,regular,5,0.5588,1,17.0
2026-10-07,66500,2026-10-08,put,regular,559,0.558,1,20.0
2026-10-07,66625,2026-10-08,put,regular,15,0.5378,1,19.0
2026-10-07,66750,2026-10-08,put,regular,43,0.5433,1,24.0
2026-10-07,66875,2026-10-08,put,regular,3,0.5194,1,22.0
2026-10-07,67000,2026-10-08,put,regular,1136,0.5221,1,27.0
2026-10-07,67250,2026-10-08,put,regular,53,0.486,1,26.0
2026-10-07,67375,2026-10-08,put,regular,11,0.4761,1,28.0
2026-10-07,67500,2026-10-08,put,regular,367,0.48,1,35.0
2026-10-07,67625,2026-10-08,put,regular,6,0.4707,1,38.0
2026-10-07,67750,2026-10-08,put,regular,46,0.4606,1,41.0
2026-10-07,67875,2026-10-08,put,regular,1,0.4541,1,46.0
2026-10-07,68000,2026-10-08,put,regular,918,0.4505,1,53.0
2026-10-07,68125,2026-10-08,put,regular,1,0.4357,1,55.0
2026-10-07,68250,2026-10-08,put,regular,238,0.4276,1,61.0
2026-10-07,68375,2026-10-08,put,regular,62,0.42,1,68.0
2026-10-07,68500,2026-10-08,put,regular,615,0.417,1,79.0
2026-10-07,68625,2026-10-08,put,regular,62,0.4035,1,84.0
2026-10-07,68750,2026-10-08,put,regular,115,0.4035,1,100.0
2026-10-07,68875,2026-10-08,put,regular,1,0.3914,1,108.0
2026-10-07,69000,2026-10-08,put,regular,577,0.3859,1,123.0
2026-10-07,69125,2026-10-08,put,regular,8,0.3856,1,145.0
2026-10-07,69250,2026-10-08,put,regular,87,0.3776,1,162.0
2026-10-07,69375,2026-10-08,put,regular,30,0.3722,1,184.0
2026-10-07,69500,2026-10-08,put,regular,124,0.3645,1,206.0
2026-10-07,69625,2026-10-08,put,regular,47,0.3561,1,230.0
2026-10-07,69750,2026-10-08,put,regular,53,0.3523,1,263.0
2026-10-07,69875,2026-10-08,put,regular,57,0.3472,1,298.0
2026-10-07,70000,2026-10-08,put,regular,596,0.337,1,330.0
2026-10-07,70125,2026-10-08,put,regular,4,0.3401,1,385.0
2026-10-07,70250,2026-10-08,put,regular,11,0.3294,1,425.0
2026-10-07,70500,2026-10-08,put,regular,12,0.315,1,530.0
2026-10-07,70750,2026-10-08,put,regular,401,0.2954,1,650.0
2026-10-07,71000,2026-10-08,put,regular,10,0.2752,1,795.0
2026-10-07,72000,2026-10-08,put,regular,1,0.2,1,1495.0
2026-10-07,72500,2026-10-08,put,regular,1,0.2,1,1915.0
2026-10-07,79000,2026-10-08,put,regular,1,0.2,1,8260.0
2026-10-07,85000,2026-10-08,put,regular,16,0.2,1,14260.0
2026-10-07,20000,2026-11-12,put,regular,492,1.1644,36,1.0
2026-10-07,22500,2026-11-12,put,regular,55,1.0581,36,1.0
2026-10-07,25000,2026-11-12,put,regular,252,0.9632,36,1.0
2026-10-07,26000,2026-11-12,put,regular,3,0.9759,36,2.0
2026-10-07,27000,2026-11-12,put,regular,20,0.8939,36,1.0
2026-10-07,28000,2026-11-12,put,regular,46,0.8611,36,1.0
2026-10-07,29000,2026-11-12,put,regular,309,0.8296,36,1.0
2026-10-07,30000,2026-11-12,put,regular,1842,0.868,36,3.0
2026-10-07,31000,2026-11-12,put,regular,20,0.7695,36,1.0
2026-10-07,33000,2026-11-12,put,regular,14,0.7508,36,2.0
2026-10-07,34000,2026-11-12,put,regular,15,0.7463,36,3.0
2026-10-07,35000,2026-11-12,put,regular,3775,0.7621,36,6.0
2026-10-07,36000,2026-11-12,put,regular,7,0.7213,36,5.0
2026-10-07,37000,2026-11-12,put,regular,29,0.715,36,7.0
2026-10-07,38000,2026-11-12,put,regular,15,0.6665,36,5.0
2026-10-07,39000,2026-11-12,put,regular,104,0.6761,36,9.0
2026-10-07,40000,2026-11-12,put,regular,1665,0.668,36,12.0
2026-10-07,41000,2026-11-12,put,regular,237,0.6409,36,12.0
2026-10-07,42000,2026-11-12,put,regular,382,0.5646,36,5.0
2026-10-07,43000,2026-11-12,put,regular,379,0.6067,36,16.0
2026-10-07,44000,2026-11-12,put,regular,1115,0.5679,36,13.0
2026-10-07,44500,2026-11-12,put,regular,127,0.5717,36,17.0
2026-10-07,44750,2026-11-12,put,regular,7,0.5724,36,19.0
2026-10-07,45000,2026-11-12,put,regular,1386,0.5756,36,22.0
2026-10-07,45250,2026-11-12,put,regular,105,0.572,36,23.0
2026-10-07,45500,2026-11-12,put,regular,111,0.5684,36,24.0
2026-10-07,45750,2026-11-12,put,regular,15,0.5646,36,25.0
2026-10-07,46000,2026-11-12,put,regular,769,0.5608,36,26.0
2026-10-07,46250,2026-11-12,put,regular,5,0.5568,36,27.0
2026-10-07,46500,2026-11-12,put,regular,212,0.5528,36,28.0
2026-10-07,46750,2026-11-12,put,regular,105,0.5487,36,29.0
2026-10-07,47000,2026-11-12,put,regular,821,0.5423,36,29.0
2026-10-07,47250,2026-11-12,put,regular,34,0.5381,36,30.0
2026-10-07,47500,2026-11-12,put,regular,232,0.5339,36,31.0
2026-10-07,47750,2026-11-12,put,regular,98,0.5296,36,32.0
2026-10-07,48000,2026-11-12,put,regular,242,0.5272,36,34.0
2026-10-07,48250,2026-11-12,put,regular,33,0.5208,36,34.0
2026-10-07,48500,2026-11-12,put,regular,226,0.5164,36,35.0
2026-10-07,48750,2026-11-12,put,regular,110,0.5118,36,36.0
2026-10-07,49000,2026-11-12,put,regular,396,0.5091,36,38.0
2026-10-07,49250,2026-11-12,put,regular,160,0.5061,36,40.0
2026-10-07,49500,2026-11-12,put,regular,418,0.4997,36,40.0
2026-10-07,49750,2026-11-12,put,regular,66,0.4966,36,42.0
2026-10-07,50000,2026-11-12,put,regular,2114,0.4902,36,42.0
2026-10-07,50250,2026-11-12,put,regular,77,0.487,36,44.0
2026-10-07,50500,2026-11-12,put,regular,290,0.4806,36,44.0
2026-10-07,50750,2026-11-12,put,regular,196,0.4801,36,48.0
2026-10-07,51000,2026-11-12,put,regular,1571,0.4765,36,50.0
2026-10-07,51250,2026-11-12,put,regular,46,0.4714,36,51.0
2026-10-07,51500,2026-11-12,put,regular,681,0.4676,36,53.0
2026-10-07,51750,2026-11-12,put,regular,72,0.4637,36,55.0
2026-10-07,52000,2026-11-12,put,regular,3065,0.4586,36,56.0
2026-10-07,52250,2026-11-12,put,regular,17,0.4557,36,59.0
2026-10-07,52500,2026-11-12,put,regular,765,0.4527,36,62.0
2026-10-07,52750,2026-11-12,put,regular,59,0.4484,36,64.0
2026-10-07,53000,2026-11-12,put,regular,562,0.4431,36,65.0
2026-10-07,53250,2026-11-12,put,regular,179,0.4408,36,69.0
2026-10-07,53500,2026-11-12,put,regular,702,0.4363,36,71.0
2026-10-07,53750,2026-11-12,put,regular,66,0.4327,36,74.0
2026-10-07,54000,2026-11-12,put,regular,1124,0.429,36,77.0
2026-10-07,54250,2026-11-12,put,regular,6,0.4234,36,78.0
2026-10-07,54500,2026-11-12,put,regular,827,0.4212,36,83.0
2026-10-07,54750,2026-11-12,put,regular,17,0.4156,36,84.0
2026-10-07,55000,2026-11-12,put,regular,3503,0.4116,36,87.0
2026-10-07,55250,2026-11-12,put,regular,33,0.4097,36,93.0
2026-10-07,55500,2026-11-12,put,regular,378,0.4039,36,94.0
2026-10-07,55750,2026-11-12,put,regular,80,0.4003,36,98.0
2026-10-07,56000,2026-11-12,put,regular,1405,0.3966,36,102.0
2026-10-07,56250,2026-11-12,put,regular,119,0.3947,36,109.0
2026-10-07,56500,2026-11-12,put,regular,617,0.3881,36,109.0
2026-10-07,56750,2026-11-12,put,regular,78,0.3859,36,116.0
2026-10-07,57000,2026-11-12,put,regular,703,0.3841,36,124.0
2026-10-07,57250,2026-11-12,put,regular,112,0.3803,36,129.0
2026-10-07,57500,2026-11-12,put,regular,773,0.3769,36,135.0
2026-10-07,57750,2026-11-12,put,regular,144,0.3739,36,142.0
2026-10-07,58000,2026-11-12,put,regular,1896,0.3702,36,148.0
2026-10-07,58250,2026-11-12,put,regular,116,0.3668,36,155.0
2026-10-07,58500,2026-11-12,put,regular,531,0.3633,36,162.0
2026-10-07,58750,2026-11-12,put,regular,63,0.3601,36,170.0
2026-10-07,59000,2026-11-12,put,regular,1859,0.3563,36,177.0
2026-10-07,59250,2026-11-12,put,regular,88,0.3531,36,186.0
2026-10-07,59500,2026-11-12,put,regular,2008,0.3486,36,192.0
2026-10-07,59750,2026-11-12,put,regular,19,0.3448,36,200.0
2026-10-07,60000,2026-11-12,put,regular,8087,0.3427,36,213.0
2026-10-07,60250,2026-11-12,put,regular,23,0.3406,36,227.0
2026-10-07,60500,2026-11-12,put,regular,212,0.3356,36,233.0
2026-10-07,60625,2026-11-12,put,regular,18,0.334,36,239.0
2026-10-07,60750,2026-11-12,put,regular,47,0.3328,36,246.0
2026-10-07,60875,2026-11-12,put,regular,2,0.3311,36,252.0
2026-10-07,61000,2026-11-12,put,regular,1063,0.3303,36,261.0
2026-10-07,61125,2026-11-12,put,regular,5,0.328,36,265.0
2026-10-07,61250,2026-11-12,put,regular,29,0.3268,36,273.0
2026-10-07,61375,2026-11-12,put,regular,115,0.3261,36,283.0
2026-10-07,61500,2026-11-12,put,regular,551,0.3256,36,294.0
2026-10-07,61625,2026-11-12,put,regular,6,0.3228,36,297.0
2026-10-07,61750,2026-11-12,put,regular,1,0.3213,36,305.0
2026-10-07,61875,2026-11-12,put,regular,1,0.3217,36,320.0
2026-10-07,62000,2026-11-12,put,regular,1782,0.3193,36,325.0
2026-10-07,62125,2026-11-12,put,regular,16,0.3155,36,325.0
2026-10-07,62250,2026-11-12,put,regular,170,0.3157,36,340.0
2026-10-07,62500,2026-11-12,put,regular,486,0.3131,36,360.0
2026-10-07,62625,2026-11-12,put,regular,109,0.3129,36,375.0
2026-10-07,62750,2026-11-12,put,regular,34,0.3103,36,380.0
2026-10-07,62875,2026-11-12,put,regular,1,0.3099,36,395.0
2026-10-07,63000,2026-11-12,put,regular,1460,0.3095,36,410.0
2026-10-07,63250,2026-11-12,put,regular,15,0.3049,36,425.0
2026-10-07,63500,2026-11-12,put,regular,35,0.3034,36,455.0
2026-10-07,63750,2026-11-12,put,regular,10,0.2995,36,475.0
2026-10-07,64000,2026-11-12,put,regular,1354,0.2974,36,505.0
2026-10-07,64250,2026-11-12,put,regular,1800000,0.295,36,535.0
2026-10-07,64375,2026-11-12,put,regular,110,0.2955,36,560.0
2026-10-07,64500,2026-11-12,put,regular,300,0.2922,36,565.0
2026-10-07,64625,2026-11-12,put,regular,494,0.2898,36,575.0
2026-10-07,64750,2026-11-12,put,regular,3,0.29,36,600.0
2026-10-07,65000,2026-11-12,put,regular,1185,0.2875,36,635.0
2026-10-07,65250,2026-11-12,put,regular,4670000,0.2855,36,675.0
2026-10-07,65375,2026-11-12,put,regular,19,0.2843,36,695.0
2026-10-07,65500,2026-11-12,put,regular,135,0.2839,36,720.0
2026-10-07,65750,2026-11-12,put,regular,28,0.2804,36,755.0
2026-10-07,66000,2026-11-12,put,regular,1555,0.2796,36,810.0
2026-10-07,66125,2026-11-12,put,regular,27,0.2764,36,820.0
2026-10-07,66250,2026-11-12,put,regular,47,0.2754,36,845.0
2026-10-07,66500,2026-11-12,put,regular,453,0.2732,36,895.0
2026-10-07,66750,2026-11-12,put,regular,2170000,0.2719,36,955.0
2026-10-07,66875,2026-11-12,put,regular,1,0.2711,36,985.0
2026-10-07,67000,2026-11-12,put,regular,925,0.2702,36,1015.0
2026-10-07,67500,2026-11-12,put,regular,50,0.2669,36,1145.0
2026-10-07,67750,2026-11-12,put,regular,1,0.2633,36,1200.0
2026-10-07,67875,2026-11-12,put,regular,28,0.2661,36,1265.0
2026-10-07,68000,2026-11-12,put,regular,276,0.2612,36,1270.0
2026-10-07,68375,2026-11-12,put,regular,16,0.2628,36,1420.0
2026-10-07,68500,2026-11-12,put,regular,330,0.257,36,1420.0
2026-10-07,69000,2026-11-12,put,regular,516,0.2545,36,1600.0
2026-10-07,69250,2026-11-12,put,regular,28,0.2526,36,1690.0
2026-10-07,69500,2026-11-12,put,regular,3,0.2508,36,1785.0
2026-10-07,69750,2026-11-12,put,regular,34,0.2484,36,1880.0
2026-10-07,70000,2026-11-12,put,regular,366,0.2479,36,1995.0
2026-10-07,70250,2026-11-12,put,regular,1,0.2451,36,2095.0
2026-10-07,70375,2026-11-12,put,regular,1,0.2441,36,2150.0
2026-10-07,70500,2026-11-12,put,regular,1,0.2436,36,2210.0
2026-10-07,70625,2026-11-12,put,regular,2485000,0.2429,36,2270.0
2026-10-07,70750,2026-11-12,put,regular,160,0.2421,36,2330.0
2026-10-07,71000,2026-11-12,put,regular,50,0.2389,36,2440.0
2026-10-07,71250,2026-11-12,put,regular,2855000,0.2357,36,2555.0
2026-10-07,71500,2026-11-12,put,regular,1,0.2349,36,2695.0
2026-10-07,71625,2026-11-12,put,regular,3095000,0.2337,36,2760.0
2026-10-07,71750,2026-11-12,put,regular,3140000,0.2329,36,2830.0
2026-10-07,72000,2026-11-12,put,regular,3,0.2321,36,2980.0
2026-10-07,72500,2026-11-12,put,regular,330,0.2282,36,3275.0
2026-10-07,79500,2026-11-12,put,regular,2,0.2,36,8865.0
2026-10-07,12500,2026-12-10,put,regular,2137,1.1939,64,1.0
2026-10-07,12750,2026-12-10,put,regular,2,1.1803,64,1.0
2026-10-07,13000,2026-12-10,put,regular,33,1.167,64,1.0
2026-10-07,13500,2026-12-10,put,regular,101,1.1411,64,1.0
2026-10-07,14000,2026-12-10,put,regular,12,1.1162,64,1.0
2026-10-07,14500,2026-12-10,put,regular,1,1.0922,64,1.0
2026-10-07,14750,2026-12-10,put,regular,1,1.0805,64,1.0
2026-10-07,15000,2026-12-10,put,regular,6,1.069,64,1.0
2026-10-07,16000,2026-12-10,put,regular,3,1.025,64,1.0
2026-10-07,17000,2026-12-10,put,regular,3,0.9837,64,1.0
2026-10-07,18000,2026-12-10,put,regular,155,0.9449,64,1.0
2026-10-07,19000,2026-12-10,put,regular,670,0.9082,64,1.0
2026-10-07,20000,2026-12-10,put,regular,2877,0.9181,64,2.0
2026-10-07,20250,2026-12-10,put,regular,3,0.865,64,1.0
2026-10-07,21000,2026-12-10,put,regular,350,0.8403,64,1.0
2026-10-07,21500,2026-12-10,put,regular,500,0.8244,64,1.0
2026-10-07,22000,2026-12-10,put,regular,1716,0.8774,64,3.0
2026-10-07,22500,2026-12-10,put,regular,150,0.7936,64,1.0
2026-10-07,23000,2026-12-10,put,regular,2106,0.8449,64,3.0
2026-10-07,23250,2026-12-10,put,regular,1,0.7715,64,1.0
2026-10-07,23500,2026-12-10,put,regular,127,0.7642,64,1.0
2026-10-07,24000,2026-12-10,put,regular,405,0.75,64,1.0
2026-10-07,24500,2026-12-10,put,regular,250,0.7361,64,1.0
2026-10-07,24750,2026-12-10,put,regular,1,0.7292,64,1.0
2026-10-07,25000,2026-12-10,put,regular,2019,0.8178,64,5.0
2026-10-07,25250,2026-12-10,put,regular,1,0.7157,64,1.0
2026-10-07,25500,2026-12-10,put,regular,2,0.709,64,1.0
2026-10-07,26000,2026-12-10,put,regular,1425,0.6959,64,1.0
2026-10-07,26500,2026-12-10,put,regular,3,0.6831,64,1.0
2026-10-07,27000,2026-12-10,put,regular,2631,0.7715,64,6.0
2026-10-07,27500,2026-12-10,put,regular,25,0.6581,64,1.0
2026-10-07,27750,2026-12-10,put,regular,72,0.652,64,1.0
2026-10-07,28000,2026-12-10,put,regular,1334,0.7435,64,6.0
2026-10-07,28500,2026-12-10,put,regular,400,0.634,64,1.0
2026-10-07,29000,2026-12-10,put,regular,1450,0.7052,64,5.0
2026-10-07,30000,2026-12-10,put,regular,9795,0.7164,64,9.0
2026-10-07,30500,2026-12-10,put,regular,51,0.6189,64,2.0
2026-10-07,31000,2026-12-10,put,regular,2037,0.6272,64,3.0
2026-10-07,31500,2026-12-10,put,regular,350,0.6155,64,3.0
2026-10-07,32000,2026-12-10,put,regular,4655,0.604,64,3.0
2026-10-07,32250,2026-12-10,put,regular,600,0.6128,64,4.0
2026-10-07,32500,2026-12-10,put,regular,900,0.607,64,4.0
2026-10-07,33000,2026-12-10,put,regular,3362,0.5956,64,4.0
2026-10-07,33250,2026-12-10,put,regular,37,0.59,64,4.0
2026-10-07,33500,2026-12-10,put,regular,72,0.5957,64,5.0
2026-10-07,34000,2026-12-10,put,regular,2820,0.5845,64,5.0
2026-10-07,34250,2026-12-10,put,regular,2,0.5789,64,5.0
2026-10-07,34500,2026-12-10,put,regular,560,0.591,64,7.0
2026-10-07,34750,2026-12-10,put,regular,1,0.5772,64,6.0
2026-10-07,35000,2026-12-10,put,regular,5282,0.6053,64,11.0
2026-10-07,36000,2026-12-10,put,regular,2906,0.5648,64,8.0
2026-10-07,36500,2026-12-10,put,regular,225,0.5601,64,9.0
2026-10-07,36750,2026-12-10,put,regular,400,0.5547,64,9.0
2026-10-07,37000,2026-12-10,put,regular,2619,0.5492,64,9.0
2026-10-07,37500,2026-12-10,put,regular,188,0.5441,64,10.0
2026-10-07,37750,2026-12-10,put,regular,100,0.5438,64,11.0
2026-10-07,38000,2026-12-10,put,regular,3171,0.5878,64,25.0
2026-10-07,38500,2026-12-10,put,regular,1150,0.5324,64,12.0
2026-10-07,38750,2026-12-10,put,regular,50,0.5315,64,13.0
2026-10-07,39000,2026-12-10,put,regular,2301,0.5302,64,14.0
2026-10-07,39250,2026-12-10,put,regular,650,0.5249,64,14.0
2026-10-07,39500,2026-12-10,put,regular,1008,0.5234,64,15.0
2026-10-07,40000,2026-12-10,put,regular,6770,0.5647,64,35.0
2026-10-07,40250,2026-12-10,put,regular,5,0.5144,64,17.0
2026-10-07,40500,2026-12-10,put,regular,1399,0.5123,64,18.0
2026-10-07,40750,2026-12-10,put,regular,1,0.5101,64,19.0
2026-10-07,41000,2026-12-10,put,regular,1926,0.5077,64,20.0
2026-10-07,41250,2026-12-10,put,regular,3,0.5052,64,21.0
2026-10-07,41500,2026-12-10,put,regular,101,0.5,64,21.0
2026-10-07,42000,2026-12-10,put,regular,3702,0.4947,64,23.0
2026-10-07,42250,2026-12-10,put,regular,2,0.4942,64,25.0
2026-10-07,42500,2026-12-10,put,regular,301,0.5093,64,35.0
2026-10-07,43000,2026-12-10,put,regular,2170,0.4851,64,28.0
2026-10-07,43500,2026-12-10,put,regular,102,0.4787,64,30.0
2026-10-07,43750,2026-12-10,put,regular,9,0.4773,64,32.0
2026-10-07,44000,2026-12-10,put,regular,2802,0.4871,64,41.0
2026-10-07,44500,2026-12-10,put,regular,102,0.4687,64,36.0
2026-10-07,44750,2026-12-10,put,regular,1,0.4667,64,38.0
2026-10-07,45000,2026-12-10,put,regular,3006,0.4859,64,56.0
2026-10-07,45250,2026-12-10,put,regular,53,0.4609,64,41.0
2026-10-07,45500,2026-12-10,put,regular,450,0.4585,64,43.0
2026-10-07,46000,2026-12-10,put,regular,3457,0.4523,64,46.0
2026-10-07,46250,2026-12-10,put,regular,71,0.4497,64,48.0
2026-10-07,46500,2026-12-10,put,regular,119,0.4482,64,51.0
2026-10-07,46750,2026-12-10,put,regular,24,0.4454,64,53.0
2026-10-07,47000,2026-12-10,put,regular,2828,0.4425,64,55.0
2026-10-07,47500,2026-12-10,put,regular,1194,0.4375,64,60.0
2026-10-07,47750,2026-12-10,put,regular,5,0.4344,64,62.0
2026-10-07,48000,2026-12-10,put,regular,4326,0.4577,64,95.0
2026-10-07,48250,2026-12-10,put,regular,10,0.4298,64,68.0
2026-10-07,48500,2026-12-10,put,regular,309,0.4273,64,71.0
2026-10-07,48750,2026-12-10,put,regular,4,0.4248,64,74.0
2026-10-07,49000,2026-12-10,put,regular,3739,0.4221,64,77.0
2026-10-07,49250,2026-12-10,put,regular,210,0.4194,64,80.0
2026-10-07,49500,2026-12-10,put,regular,2326,0.4165,64,83.0
2026-10-07,49750,2026-12-10,put,regular,78,0.4144,64,87.0
2026-10-07,50000,2026-12-10,put,regular,8959,0.4191,64,101.0
2026-10-07,50250,2026-12-10,put,regular,18,0.409,64,94.0
2026-10-07,50500,2026-12-10,put,regular,1714,0.4065,64,98.0
2026-10-07,50750,2026-12-10,put,regular,55,0.4115,64,114.0
2026-10-07,51000,2026-12-10,put,regular,1887,0.4176,64,134.0
2026-10-07,51250,2026-12-10,put,regular,65,0.4133,64,136.0
2026-10-07,51500,2026-12-10,put,regular,271,0.4084,64,137.0
2026-10-07,51750,2026-12-10,put,regular,17,0.4066,64,144.0
2026-10-07,52000,2026-12-10,put,regular,3314,0.4076,64,157.0
2026-10-07,52250,2026-12-10,put,regular,525,0.4054,64,164.0
2026-10-07,52500,2026-12-10,put,regular,1445,0.3976,64,159.0
2026-10-07,52750,2026-12-10,put,regular,518,0.3954,64,166.0
2026-10-07,53000,2026-12-10,put,regular,2017,0.3895,64,165.0
2026-10-07,53250,2026-12-10,put,regular,215,0.4034,64,212.0
2026-10-07,53500,2026-12-10,put,regular,418,0.3982,64,213.0
2026-10-07,53750,2026-12-10,put,regular,49,0.3959,64,222.0
2026-10-07,54000,2026-12-10,put,regular,3759,0.3914,64,225.0
2026-10-07,54250,2026-12-10,put,regular,45,0.3762,64,199.0
2026-10-07,54500,2026-12-10,put,regular,899,0.3795,64,223.0
2026-10-07,54750,2026-12-10,put,regular,87,0.3707,64,214.0
2026-10-07,55000,2026-12-10,put,regular,6712,0.3784,64,253.0
2026-10-07,55250,2026-12-10,put,regular,48,0.3648,64,229.0
2026-10-07,55500,2026-12-10,put,regular,155,0.3639,64,243.0
2026-10-07,55750,2026-12-10,put,regular,24,0.3609,64,251.0
2026-10-07,56000,2026-12-10,put,regular,2646,0.3559,64,253.0
2026-10-07,56250,2026-12-10,put,regular,48,0.3542,64,266.0
2026-10-07,56500,2026-12-10,put,regular,221,0.3504,64,272.0
2026-10-07,56750,2026-12-10,put,regular,12,0.3476,64,282.0
2026-10-07,57000,2026-12-10,put,regular,2636,0.3464,64,298.0
2026-10-07,57250,2026-12-10,put,regular,24,0.3439,64,310.0
2026-10-07,57500,2026-12-10,put,regular,937,0.3395,64,315.0
2026-10-07,57750,2026-12-10,put,regular,3,0.335,64,320.0
2026-10-07,58000,2026-12-10,put,regular,2778,0.3355,64,345.0
2026-10-07,58250,2026-12-10,put,regular,148,0.3297,64,345.0
2026-10-07,58500,2026-12-10,put,regular,865,0.3297,64,370.0
2026-10-07,58750,2026-12-10,put,regular,9,0.3273,64,385.0
2026-10-07,59000,2026-12-10,put,regular,2646,0.3257,64,405.0
2026-10-07,59250,2026-12-10,put,regular,82,0.323,64,420.0
2026-10-07,59500,2026-12-10,put,regular,1300,0.3221,64,445.0
2026-10-07,59750,2026-12-10,put,regular,2,0.3181,64,455.0
2026-10-07,60000,2026-12-10,put,regular,14376,0.3169,64,480.0
2026-10-07,60250,2026-12-10,put,regular,46,0.3136,64,495.0
2026-10-07,60500,2026-12-10,put,regular,253,0.3111,64,515.0
2026-10-07,60625,2026-12-10,put,regular,8,0.3089,64,520.0
2026-10-07,60750,2026-12-10,put,regular,12,0.3067,64,525.0
2026-10-07,60875,2026-12-10,put,regular,8,0.308,64,550.0
2026-10-07,61000,2026-12-10,put,regular,1196,0.3092,64,575.0
2026-10-07,61250,2026-12-10,put,regular,10,0.3045,64,585.0
2026-10-07,61500,2026-12-10,put,regular,269,0.3023,64,610.0
2026-10-07,61750,2026-12-10,put,regular,260,0.2999,64,635.0
2026-10-07,62000,2026-12-10,put,regular,3610,0.2996,64,675.0
2026-10-07,62250,2026-12-10,put,regular,250,0.299,64,715.0
2026-10-07,62375,2026-12-10,put,regular,4,0.2979,64,730.0
2026-10-07,62500,2026-12-10,put,regular,1087,0.2968,64,745.0
2026-10-07,63000,2026-12-10,put,regular,3154,0.2924,64,810.0
2026-10-07,63250,2026-12-10,put,regular,23,0.2916,64,855.0
2026-10-07,63500,2026-12-10,put,regular,600,0.2893,64,890.0
2026-10-07,63750,2026-12-10,put,regular,59,0.2874,64,930.0
2026-10-07,64000,2026-12-10,put,regular,2630,0.2817,64,940.0
2026-10-07,64125,2026-12-10,put,regular,5,0.2836,64,985.0
2026-10-07,64500,2026-12-10,put,regular,263,0.2806,64,1050.0
2026-10-07,64625,2026-12-10,put,regular,25,0.2816,64,1090.0
2026-10-07,64875,2026-12-10,put,regular,12,0.2783,64,1125.0
2026-10-07,65000,2026-12-10,put,regular,4435,0.2746,64,1125.0
2026-10-07,65500,2026-12-10,put,regular,605,0.2744,64,1260.0
2026-10-07,65750,2026-12-10,put,regular,15,0.271,64,1300.0
2026-10-07,66000,2026-12-10,put,regular,1128,0.2689,64,1355.0
2026-10-07,66375,2026-12-10,put,regular,1,0.2677,64,1460.0
2026-10-07,66500,2026-12-10,put,regular,1100,0.2652,64,1475.0
2026-10-07,67000,2026-12-10,put,regular,1807,0.2653,64,1645.0
2026-10-07,67250,2026-12-10,put,regular,151,0.2626,64,1705.0
2026-10-07,67375,2026-12-10,put,regular,10645000,0.2631,64,1755.0
2026-10-07,67500,2026-12-10,put,regular,25,0.2606,64,1775.0
2026-10-07,68000,2026-12-10,put,regular,3023,0.2586,64,1945.0
2026-10-07,68500,2026-12-10,put,regular,206,0.2551,64,2110.0
2026-10-07,68750,2026-12-10,put,regular,100,0.2532,64,2195.0
2026-10-07,68875,2026-12-10,put,regular,22,0.251,64,2225.0
2026-10-07,69000,2026-12-10,put,regular,1647,0.2519,64,2290.0
2026-10-07,70000,2026-12-10,put,regular,2036,0.246,64,2695.0
2026-10-07,71000,2026-12-10,put,regular,31,0.2399,64,3150.0
2026-10-07,72000,2026-12-10,put,regular,272,0.2346,64,3670.0
2026-10-07,72500,2026-12-10,put,regular,420,0.2318,64,3950.0
2026-10-07,73000,2026-12-10,put,regular,4,0.2299,64,4255.0
2026-10-07,74000,2026-12-10,put,regular,101,0.2246,64,4890.0
2026-10-07,76000,2026-12-10,put,regular,300,0.2109,64,6300.0
2026-10-07,80000,2026-12-10,put,regular,3700,0.2,64,9595.0
2026-10-07,85000,2026-12-10,put,regular,23,0.2,64,14215.0
2026-10-07,90000,2026-12-10,put,regular,3,0.2,64,19090.0
2026-10-07,36000,2027-01-07,put,regular,17,0.5601,92,40.0
2026-10-07,38000,2027-01-07,put,regular,2,0.4808,92,21.0
2026-10-07,39000,2027-01-07,put,regular,200,0.4733,92,26.0
2026-10-07,40000,2027-01-07,put,regular,1,0.466,92,32.0
2026-10-07,41000,2027-01-07,put,regular,1,0.4569,92,38.0
2026-10-07,43000,2027-01-07,put,regular,18,0.441,92,55.0
2026-10-07,44000,2027-01-07,put,regular,1600,0.4324,92,65.0
2026-10-07,45000,2027-01-07,put,regular,1351,0.4234,92,76.0
2026-10-07,47000,2027-01-07,put,regular,98,0.4053,92,103.0
2026-10-07,48000,2027-01-07,put,regular,200,0.3966,92,120.0
2026-10-07,48750,2027-01-07,put,regular,30,0.3898,92,134.0
2026-10-07,50000,2027-01-07,put,regular,1116,0.387,92,181.0
2026-10-07,52000,2027-01-07,put,regular,300,0.3615,92,216.0
2026-10-07,52500,2027-01-07,put,regular,20,0.3571,92,232.0
2026-10-07,53250,2027-01-07,put,regular,48,0.3508,92,259.0
2026-10-07,53750,2027-01-07,put,regular,32,0.3466,92,279.0
2026-10-07,54500,2027-01-07,put,regular,1,0.345,92,330.0
2026-10-07,55000,2027-01-07,put,regular,100,0.3374,92,340.0
2026-10-07,55750,2027-01-07,put,regular,1,0.3346,92,395.0
2026-10-07,56750,2027-01-07,put,regular,2,0.3243,92,445.0
2026-10-07,57000,2027-01-07,put,regular,60,0.322,92,460.0
2026-10-07,57250,2027-01-07,put,regular,2,0.3214,92,485.0
2026-10-07,57750,2027-01-07,put,regular,35,0.3172,92,520.0
2026-10-07,58000,2027-01-07,put,regular,58,0.3162,92,545.0
2026-10-07,59000,2027-01-07,put,regular,13,0.3075,92,625.0
2026-10-07,60000,2027-01-07,put,regular,901,0.3001,92,725.0
2026-10-07,60500,2027-01-07,put,regular,42,0.2969,92,785.0
2026-10-07,60750,2027-01-07,put,regular,1,0.2945,92,810.0
2026-10-07,61000,2027-01-07,put,regular,1,0.2938,92,850.0
2026-10-07,61500,2027-01-07,put,regular,50,0.2896,92,910.0
2026-10-07,64000,2027-01-07,put,regular,100,0.2754,92,1350.0
2026-10-07,64500,2027-01-07,put,regular,24,0.2728,92,1460.0
2026-10-07,65000,2027-01-07,put,regular,3,0.27,92,1575.0
2026-10-07,65500,2027-01-07,put,regular,1,0.2673,92,1700.0
2026-10-07,66000,2027-01-07,put,regular,210,0.2645,92,1830.0
2026-10-07,66500,2027-01-07,put,regular,2,0.2621,92,1975.0
2026-10-07,67000,2027-01-07,put,regular,1,0.2556,92,2075.0
2026-10-07,67500,2027-01-07,put,regular,1,0.2531,92,2235.0
2026-10-07,67750,2027-01-07,put,regular,1,0.2515,92,2315.0
2026-10-07,68500,2027-01-07,put,regular,225,0.2485,92,2590.0
2026-10-07,43000,2027-02-10,put,regular,2,0.4127,126,103.0
2026-10-07,45000,2027-02-10,put,regular,400,0.3977,126,139.0
2026-10-07,47000,2027-02-10,put,regular,125,0.3815,126,182.0
2026-10-07,50000,2027-02-10,put,regular,2,0.3569,126,267.0
2026-10-07,57500,2027-02-10,put,regular,100,0.3004,126,700.0
2026-10-07,59000,2027-02-10,put,regular,25,0.2905,126,855.0
2026-10-07,59500,2027-02-10,put,regular,2,0.2879,126,920.0
2026-10-07,65000,2027-02-10,put,regular,253,0.2589,126,1955.0
2026-10-07,67000,2027-02-10,put,regular,2,0.2524,126,2585.0
2026-10-07,67250,2027-02-10,put,regular,12,0.2514,126,2670.0
2026-10-07,20000,2027-03-11,put,regular,16,0.6087,155,3.0
2026-10-07,22000,2027-03-11,put,regular,2,0.5639,155,3.0
2026-10-07,29000,2027-03-11,put,regular,1,0.5087,155,17.0
2026-10-07,30000,2027-03-11,put,regular,2,0.5014,155,21.0
2026-10-07,33000,2027-03-11,put,regular,113,0.4801,155,38.0
2026-10-07,35000,2027-03-11,put,regular,700,0.4644,155,53.0
2026-10-07,37000,2027-03-11,put,regular,500,0.4485,155,72.0
2026-10-07,38000,2027-03-11,put,regular,300,0.4403,155,83.0
2026-10-07,40000,2027-03-11,put,regular,1871,0.4246,155,110.0
2026-10-07,41000,2027-03-11,put,regular,250,0.4162,155,125.0
2026-10-07,42000,2027-03-11,put,regular,534,0.4081,155,142.0
2026-10-07,42500,2027-03-11,put,regular,200,0.4039,155,151.0
2026-10-07,43000,2027-03-11,put,regular,114,0.4,155,161.0
2026-10-07,43250,2027-03-11,put,regular,2,0.398,155,166.0
2026-10-07,43500,2027-03-11,put,regular,66,0.3959,155,171.0
2026-10-07,43750,2027-03-11,put,regular,12,0.3937,155,176.0
2026-10-07,44000,2027-03-11,put,regular,375,0.3919,155,182.0
2026-10-07,45000,2027-03-11,put,regular,1794,0.3838,155,205.0
2026-10-07,46000,2027-03-11,put,regular,341,0.3758,155,231.0
2026-10-07,47000,2027-03-11,put,regular,950,0.368,155,260.0
2026-10-07,47750,2027-03-11,put,regular,310,0.3619,155,283.0
2026-10-07,48000,2027-03-11,put,regular,1399,0.3601,155,292.0
2026-10-07,48500,2027-03-11,put,regular,51,0.3563,155,310.0
2026-10-07,49000,2027-03-11,put,regular,177,0.3528,155,330.0
2026-10-07,50000,2027-03-11,put,regular,4023,0.345,155,370.0
2026-10-07,50250,2027-03-11,put,regular,107,0.343,155,380.0
2026-10-07,51000,2027-03-11,put,regular,24,0.3374,155,415.0
2026-10-07,51250,2027-03-11,put,regular,104,0.3352,155,425.0
2026-10-07,51500,2027-03-11,put,regular,1,0.3338,155,440.0
2026-10-07,52000,2027-03-11,put,regular,2620,0.3299,155,465.0
2026-10-07,52500,2027-03-11,put,regular,50,0.3266,155,495.0
2026-10-07,53000,2027-03-11,put,regular,775,0.323,155,525.0
2026-10-07,53250,2027-03-11,put,regular,2,0.3212,155,540.0
2026-10-07,53500,2027-03-11,put,regular,200,0.3192,155,555.0
2026-10-07,54000,2027-03-11,put,regular,634,0.3159,155,590.0
2026-10-07,55000,2027-03-11,put,regular,1228,0.3092,155,665.0
2026-10-07,55500,2027-03-11,put,regular,200,0.3057,155,705.0
2026-10-07,56000,2027-03-11,put,regular,1150,0.302,155,745.0
2026-10-07,56250,2027-03-11,put,regular,120,0.3007,155,770.0
2026-10-07,57000,2027-03-11,put,regular,1485,0.2961,155,845.0
2026-10-07,58000,2027-03-11,put,regular,3045,0.2895,155,950.0
2026-10-07,58500,2027-03-11,put,regular,110,0.2865,155,1010.0
2026-10-07,59000,2027-03-11,put,regular,65,0.2836,155,1075.0
2026-10-07,59500,2027-03-11,put,regular,453,0.2809,155,1145.0
2026-10-07,60000,2027-03-11,put,regular,2505,0.2778,155,1215.0
2026-10-07,60250,2027-03-11,put,regular,331,0.2766,155,1255.0
2026-10-07,60500,2027-03-11,put,regular,75,0.2752,155,1295.0
2026-10-07,61000,2027-03-11,put,regular,170,0.2723,155,1375.0
2026-10-07,61500,2027-03-11,put,regular,8,0.2698,155,1465.0
2026-10-07,62000,2027-03-11,put,regular,1400,0.267,155,1555.0
2026-10-07,62500,2027-03-11,put,regular,501,0.2645,155,1655.0
2026-10-07,63000,2027-03-11,put,regular,2142,0.262,155,1760.0
2026-10-07,63250,2027-03-11,put,regular,2,0.2607,155,1815.0
2026-10-07,64000,2027-03-11,put,regular,1360,0.2571,155,1990.0
2026-10-07,65000,2027-03-11,put,regular,980,0.2526,155,2250.0
2026-10-07,66000,2027-03-11,put,regular,478,0.2483,155,2540.0
2026-10-07,66250,2027-03-11,put,regular,15,0.2474,155,2620.0
2026-10-07,66500,2027-03-11,put,regular,136,0.2464,155,2700.0
2026-10-07,67000,2027-03-11,put,regular,300,0.2493,155,2950.0
2026-10-07,68000,2027-03-11,put,regular,505,0.2453,155,3310.0
2026-10-07,68750,2027-03-11,put,regular,24,0.2426,155,3605.0
2026-10-07,69000,2027-03-11,put,regular,380,0.2418,155,3710.0
2026-10-07,69250,2027-03-11,put,regular,10,0.2409,155,3815.0
2026-10-07,70000,2027-03-11,put,regular,480,0.2378,155,4135.0
2026-10-07,72000,2027-03-11,put,regular,100,0.2304,155,5105.0
2026-10-07,44000,2027-04-08,put,regular,2,0.377,183,232.0
2026-10-07,53750,2027-04-08,put,regular,12,0.3156,183,755.0
2026-10-07,55250,2027-04-08,put,regular,2,0.3061,183,890.0
2026-10-07,55500,2027-04-08,put,regular,1,0.3045,183,915.0
2026-10-07,62000,2027-04-08,put,regular,30,0.2691,183,1895.0
2026-10-07,65750,2027-04-08,put,regular,2,0.2531,183,2880.0
2026-10-07,69750,2027-04-08,put,regular,10,0.2399,183,4420.0
2026-10-07,48000,2027-05-13,put,regular,102,0.3434,218,510.0
2026-10-07,55750,2027-05-13,put,regular,2,0.3028,218,1220.0
2026-10-07,66250,2027-05-13,put,regular,2,0.2581,218,3595.0
2026-10-07,12500,2027-06-10,put,regular,12,0.699,246,6.0
2026-10-07,14500,2027-06-10,put,regular,4,0.5573,246,1.0
2026-10-07,15000,2027-06-10,put,regular,1,0.5732,246,2.0
2026-10-07,16250,2027-06-10,put,regular,167,0.544,246,2.0
2026-10-07,23000,2027-06-10,put,regular,140,0.5007,246,16.0
2026-10-07,24000,2027-06-10,put,regular,100,0.4936,246,20.0
2026-10-07,25000,2027-06-10,put,regular,250,0.4872,246,25.0
2026-10-07,26000,2027-06-10,put,regular,200,0.481,246,31.0
2026-10-07,28000,2027-06-10,put,regular,875,0.4685,246,46.0
2026-10-07,28500,2027-06-10,put,regular,100,0.4648,246,50.0
2026-10-07,29000,2027-06-10,put,regular,165,0.4608,246,54.0
2026-10-07,30000,2027-06-10,put,regular,1201,0.468,246,80.0
2026-10-07,31000,2027-06-10,put,regular,100,0.4482,246,76.0
2026-10-07,31500,2027-06-10,put,regular,1,0.4447,246,82.0
2026-10-07,32000,2027-06-10,put,regular,250,0.4417,246,89.0
2026-10-07,33000,2027-06-10,put,regular,150,0.4349,246,103.0
2026-10-07,34000,2027-06-10,put,regular,1300,0.4277,246,118.0
2026-10-07,35000,2027-06-10,put,regular,1628,0.4213,246,136.0
2026-10-07,35500,2027-06-10,put,regular,145,0.4178,246,145.0
2026-10-07,36000,2027-06-10,put,regular,300,0.4145,246,155.0
2026-10-07,37000,2027-06-10,put,regular,50,0.4077,246,176.0
2026-10-07,38000,2027-06-10,put,regular,201,0.4006,246,198.0
2026-10-07,38500,2027-06-10,put,regular,140,0.3974,246,211.0
2026-10-07,39000,2027-06-10,put,regular,50,0.3938,246,223.0
2026-10-07,39500,2027-06-10,put,regular,101,0.3906,246,237.0
2026-10-07,40000,2027-06-10,put,regular,1150,0.3872,246,251.0
2026-10-07,41000,2027-06-10,put,regular,100,0.3804,246,281.0
2026-10-07,42000,2027-06-10,put,regular,400,0.374,246,315.0
2026-10-07,42500,2027-06-10,put,regular,61,0.3712,246,335.0
2026-10-07,43000,2027-06-10,put,regular,37,0.3671,246,350.0
2026-10-07,43750,2027-06-10,put,regular,2,0.3623,246,380.0
2026-10-07,44000,2027-06-10,put,regular,196,0.3606,246,390.0
2026-10-07,45000,2027-06-10,put,regular,2075,0.3544,246,435.0
2026-10-07,46000,2027-06-10,put,regular,1000,0.3475,246,480.0
2026-10-07,46500,2027-06-10,put,regular,70,0.3442,246,505.0
2026-10-07,47000,2027-06-10,put,regular,201,0.3408,246,530.0
2026-10-07,47750,2027-06-10,put,regular,100,0.3365,246,575.0
2026-10-07,48000,2027-06-10,put,regular,1229,0.3343,246,585.0
2026-10-07,49000,2027-06-10,put,regular,400,0.3284,246,650.0
2026-10-07,50000,2027-06-10,put,regular,2332,0.3218,246,715.0
2026-10-07,50500,2027-06-10,put,regular,327,0.3192,246,755.0
2026-10-07,51000,2027-06-10,put,regular,100,0.3158,246,790.0
2026-10-07,51250,2027-06-10,put,regular,3,0.3143,246,810.0
2026-10-07,52000,2027-06-10,put,regular,1105,0.3101,246,875.0
2026-10-07,52250,2027-06-10,put,regular,86,0.3085,246,895.0
2026-10-07,52500,2027-06-10,put,regular,187,0.3072,246,920.0
2026-10-07,52750,2027-06-10,put,regular,750,0.306,246,945.0
2026-10-07,53000,2027-06-10,put,regular,720,0.3042,246,965.0
2026-10-07,53500,2027-06-10,put,regular,1,0.3014,246,1015.0
2026-10-07,53750,2027-06-10,put,regular,35,0.3,246,1040.0
2026-10-07,54000,2027-06-10,put,regular,2202,0.2989,246,1070.0
2026-10-07,55000,2027-06-10,put,regular,2100,0.2932,246,1180.0
2026-10-07,55500,2027-06-10,put,regular,255,0.2905,246,1240.0
2026-10-07,56000,2027-06-10,put,regular,1346,0.288,246,1305.0
2026-10-07,56500,2027-06-10,put,regular,40,0.2853,246,1370.0
2026-10-07,57000,2027-06-10,put,regular,1345,0.2827,246,1440.0
2026-10-07,57500,2027-06-10,put,regular,2,0.2802,246,1515.0
2026-10-07,57750,2027-06-10,put,regular,103,0.2791,246,1555.0
2026-10-07,58000,2027-06-10,put,regular,1937,0.2779,246,1595.0
2026-10-07,58500,2027-06-10,put,regular,401,0.2754,246,1675.0
2026-10-07,59000,2027-06-10,put,regular,535,0.2732,246,1765.0
2026-10-07,59500,2027-06-10,put,regular,212,0.2709,246,1855.0
2026-10-07,60000,2027-06-10,put,regular,2106,0.2686,246,1950.0
2026-10-07,61000,2027-06-10,put,regular,3,0.2641,246,2155.0
2026-10-07,62000,2027-06-10,put,regular,815,0.2601,246,2385.0
2026-10-07,63000,2027-06-10,put,regular,965,0.2561,246,2635.0
2026-10-07,64000,2027-06-10,put,regular,270,0.2523,246,2910.0
2026-10-07,64750,2027-06-10,put,regular,92,0.2495,246,3130.0
2026-10-07,65000,2027-06-10,put,regular,1988,0.2487,246,3210.0
2026-10-07,65500,2027-06-10,put,regular,26,0.2469,246,3370.0
2026-10-07,66000,2027-06-10,put,regular,575,0.2454,246,3540.0
2026-10-07,66750,2027-06-10,put,regular,150,0.2429,246,3805.0
2026-10-07,67000,2027-06-10,put,regular,1240,0.2421,246,3895.0
2026-10-07,67500,2027-06-10,put,regular,100,0.2405,246,4085.0
2026-10-07,68000,2027-06-10,put,regular,596,0.2392,246,4285.0
2026-10-07,68500,2027-06-10,put,regular,200,0.2377,246,4490.0
2026-10-07,69000,2027-06-10,put,regular,500,0.2364,246,4705.0
2026-10-07,70000,2027-06-10,put,regular,700,0.2337,246,5155.0
2026-10-07,70500,2027-06-10,put,regular,31,0.2323,246,5390.0
2026-10-07,72000,2027-06-10,put,regular,100,0.229,246,6155.0
2026-10-07,75000,2027-06-10,put,regular,52,0.2226,246,7890.0
2026-10-07,77500,2027-06-10,put,regular,50,0.2181,246,9545.0
2026-10-07,67000,2027-07-08,put,regular,58,0.2513,274,4395.0
2026-10-07,27000,2027-09-09,put,regular,150,0.4336,337,65.0
2026-10-07,31000,2027-09-09,put,regular,200,0.4112,337,125.0
2026-10-07,32000,2027-09-09,put,regular,150,0.4057,337,145.0
2026-10-07,40000,2027-09-09,put,regular,500,0.3624,337,400.0
2026-10-07,45000,2027-09-09,put,regular,100,0.335,337,670.0
2026-10-07,47000,2027-09-09,put,regular,200,0.3241,337,810.0
2026-10-07,48000,2027-09-09,put,regular,116,0.3189,337,890.0
2026-10-07,49000,2027-09-09,put,regular,200,0.3135,337,975.0
2026-10-07,50000,2027-09-09,put,regular,226,0.308,337,1065.0
2026-10-07,51000,2027-09-09,put,regular,16,0.3028,337,1165.0
2026-10-07,52000,2027-09-09,put,regular,6,0.2978,337,1275.0
2026-10-07,53000,2027-09-09,put,regular,316,0.293,337,1395.0
2026-10-07,54250,2027-09-09,put,regular,200,0.2871,337,1560.0
2026-10-07,55000,2027-09-09,put,regular,800,0.2834,337,1665.0
2026-10-07,56000,2027-09-09,put,regular,80,0.2789,337,1820.0
2026-10-07,58000,2027-09-09,put,regular,1,0.2702,337,2170.0
2026-10-07,60000,2027-09-09,put,regular,435,0.262,337,2585.0
2026-10-07,60750,2027-09-09,put,regular,4,0.2594,337,2765.0
2026-10-07,62000,2027-09-09,put,regular,179,0.255,337,3085.0
2026-10-07,64500,2027-09-09,put,regular,81,0.2469,337,3830.0
2026-10-07,65000,2027-09-09,put,regular,400,0.2453,337,3995.0
2026-10-07,67000,2027-09-09,put,regular,30,0.2401,337,4735.0
2026-10-07,68250,2027-09-09,put,regular,200,0.2371,337,5250.0
2026-10-07,68750,2027-09-09,put,regular,82,0.236,337,5470.0
2026-10-07,12500,2027-12-09,put,regular,11,0.5804,428,16.0
2026-10-07,13000,2027-12-09,put,regular,1,0.5102,428,5.0
2026-10-07,16000,2027-12-09,put,regular,350,0.4848,428,12.0
2026-10-07,19000,2027-12-09,put,regular,301,0.465,428,26.0
2026-10-07,20000,2027-12-09,put,regular,400,0.4577,428,32.0
2026-10-07,21000,2027-12-09,put,regular,50,0.4521,428,40.0
2026-10-07,22000,2027-12-09,put,regular,408,0.445,428,48.0
2026-10-07,22500,2027-12-09,put,regular,36,0.4421,428,53.0
2026-10-07,23000,2027-12-09,put,regular,132,0.4389,428,58.0
2026-10-07,23750,2027-12-09,put,regular,39,0.4348,428,67.0
2026-10-07,24000,2027-12-09,put,regular,1721,0.4333,428,70.0
2026-10-07,25000,2027-12-09,put,regular,1350,0.4274,428,83.0
2026-10-07,26000,2027-12-09,put,regular,300,0.4211,428,97.0
2026-10-07,26500,2027-12-09,put,regular,100,0.4182,428,105.0
2026-10-07,27000,2027-12-09,put,regular,1300,0.4151,428,113.0
2026-10-07,28000,2027-12-09,put,regular,2125,0.4093,428,131.0
2026-10-07,29000,2027-12-09,put,regular,450,0.4035,428,151.0
2026-10-07,29500,2027-12-09,put,regular,249,0.4007,428,162.0
2026-10-07,30000,2027-12-09,put,regular,2545,0.3978,428,173.0
2026-10-07,31000,2027-12-09,put,regular,1750,0.392,428,197.0
2026-10-07,31500,2027-12-09,put,regular,204,0.3892,428,210.0
2026-10-07,32000,2027-12-09,put,regular,1425,0.3865,428,224.0
2026-10-07,32250,2027-12-09,put,regular,30,0.3851,428,231.0
2026-10-07,32750,2027-12-09,put,regular,35,0.3825,428,246.0
2026-10-07,33000,2027-12-09,put,regular,450,0.3809,428,253.0
2026-10-07,34000,2027-12-09,put,regular,2494,0.3755,428,285.0
2026-10-07,34500,2027-12-09,put,regular,100,0.3734,428,305.0
2026-10-07,35000,2027-12-09,put,regular,1900,0.3701,428,320.0
2026-10-07,35500,2027-12-09,put,regular,40,0.3677,428,340.0
2026-10-07,36000,2027-12-09,put,regular,1230,0.3651,428,360.0
2026-10-07,36500,2027-12-09,put,regular,300,0.3624,428,380.0
2026-10-07,37000,2027-12-09,put,regular,1150,0.3596,428,400.0
2026-10-07,38000,2027-12-09,put,regular,1175,0.3543,428,445.0
2026-10-07,39000,2027-12-09,put,regular,800,0.3493,428,495.0
2026-10-07,39500,2027-12-09,put,regular,50,0.3466,428,520.0
2026-10-07,40000,2027-12-09,put,regular,3320,0.3438,428,545.0
2026-10-07,40500,2027-12-09,put,regular,450,0.3415,428,575.0
2026-10-07,42000,2027-12-09,put,regular,550,0.3339,428,665.0
2026-10-07,43000,2027-12-09,put,regular,640,0.3293,428,735.0
2026-10-07,44000,2027-12-09,put,regular,100,0.3242,428,805.0
2026-10-07,45000,2027-12-09,put,regular,2176,0.3195,428,885.0
2026-10-07,46000,2027-12-09,put,regular,1000,0.3148,428,970.0
2026-10-07,47000,2027-12-09,put,regular,250,0.3105,428,1065.0
2026-10-07,47500,2027-12-09,put,regular,35,0.3083,428,1115.0
2026-10-07,48000,2027-12-09,put,regular,715,0.306,428,1165.0
2026-10-07,49000,2027-12-09,put,regular,700,0.3017,428,1275.0
2026-10-07,50000,2027-12-09,put,regular,3970,0.2976,428,1395.0
2026-10-07,51000,2027-12-09,put,regular,350,0.2933,428,1520.0
2026-10-07,52000,2027-12-09,put,regular,685,0.2894,428,1660.0
2026-10-07,53000,2027-12-09,put,regular,822,0.2855,428,1810.0
2026-10-07,54000,2027-12-09,put,regular,775,0.2816,428,1970.0
2026-10-07,54500,2027-12-09,put,regular,400,0.2797,428,2055.0
2026-10-07,55000,2027-12-09,put,regular,1400,0.2779,428,2145.0
2026-10-07,55500,2027-12-09,put,regular,75,0.276,428,2235.0
2026-10-07,56000,2027-12-09,put,regular,470,0.2741,428,2330.0
2026-10-07,57000,2027-12-09,put,regular,820,0.2707,428,2535.0
2026-10-07,58000,2027-12-09,put,regular,1700,0.2674,428,2755.0
2026-10-07,58500,2027-12-09,put,regular,610,0.2658,428,2870.0
2026-10-07,59000,2027-12-09,put,regular,100,0.2642,428,2990.0
2026-10-07,60000,2027-12-09,put,regular,1557,0.2609,428,3240.0
2026-10-07,62000,2027-12-09,put,regular,725,0.255,428,3800.0
2026-10-07,62500,2027-12-09,put,regular,70,0.2537,428,3955.0
2026-10-07,63000,2027-12-09,put,regular,650,0.2522,428,4110.0
2026-10-07,63500,2027-12-09,put,regular,50,0.2507,428,4270.0
2026-10-07,64000,2027-12-09,put,regular,130,0.2495,428,4440.0
2026-10-07,65000,2027-12-09,put,regular,1300,0.2468,428,4790.0
2026-10-07,66000,2027-12-09,put,regular,995,0.2444,428,5165.0
2026-10-07,67000,2027-12-09,put,regular,400,0.242,428,5560.0
2026-10-07,67500,2027-12-09,put,regular,35,0.2407,428,5765.0
2026-10-07,67750,2027-12-09,put,regular,79,0.2401,428,5870.0
2026-10-07,68000,2027-12-09,put,regular,400,0.2397,428,5980.0
2026-10-07,68250,2027-12-09,put,regular,50,0.239,428,6085.0
2026-10-07,69000,2027-12-09,put,regular,750,0.2374,428,6420.0
2026-10-07,70000,2027-12-09,put,regular,500,0.2353,428,6885.0
2026-10-07,70500,2027-12-09,put,regular,31,0.2342,428,7125.0
2026-10-07,75000,2027-12-09,put,regular,175,0.2254,428,9555.0
2026-10-07,80000,2027-12-09,put,regular,400,0.216,428,12765.0
2026-10-07,59000,2028-03-09,put,regular,29,0.2633,519,3580.0
2026-10-07,15000,2028-06-08,put,regular,3,0.3845,610,4.0
2026-10-07,20000,2028-06-08,put,regular,3,0.3794,610,29.0
2026-10-07,25000,2028-06-08,put,regular,630,0.378,610,122.0
2026-10-07,26000,2028-06-08,put,regular,250,0.378,610,155.0
2026-10-07,27000,2028-06-08,put,regular,100,0.3776,610,193.0
2026-10-07,30000,2028-06-08,put,regular,300,0.3715,610,325.0
2026-10-07,32000,2028-06-08,put,regular,250,0.3594,610,395.0
2026-10-07,33000,2028-06-08,put,regular,100,0.3537,610,435.0
2026-10-07,35000,2028-06-08,put,regular,200,0.3441,610,535.0
2026-10-07,40000,2028-06-08,put,regular,250,0.3236,610,885.0
2026-10-07,41500,2028-06-08,put,regular,100,0.318,610,1020.0
2026-10-07,45000,2028-06-08,put,regular,65,0.3056,610,1400.0
2026-10-07,48000,2028-06-08,put,regular,400,0.2954,610,1805.0
2026-10-07,50000,2028-06-08,put,regular,430,0.2888,610,2120.0
2026-10-07,54000,2028-06-08,put,regular,100,0.2759,610,2870.0
2026-10-07,55000,2028-06-08,put,regular,50,0.273,610,3090.0
2026-10-07,58000,2028-06-08,put,regular,200,0.2639,610,3815.0
2026-10-07,60000,2028-06-08,put,regular,250,0.2581,610,4370.0
2026-10-07,12000,2028-12-07,put,regular,300,0.3769,792,3.0
2026-10-07,16000,2028-12-07,put,regular,1950,0.3711,792,18.0
2026-10-07,18000,2028-12-07,put,regular,100,0.37,792,37.0
2026-10-07,20000,2028-12-07,put,regular,200,0.3693,792,69.0
2026-10-07,23000,2028-12-07,put,regular,100,0.3688,792,152.0
2026-10-07,23500,2028-12-07,put,regular,38,0.3688,792,171.0
2026-10-07,24000,2028-12-07,put,regular,1000,0.3685,792,191.0
2026-10-07,25000,2028-12-07,put,regular,1200,0.3683,792,237.0
2026-10-07,27000,2028-12-07,put,regular,120,0.3685,792,355.0
2026-10-07,27500,2028-12-07,put,regular,50,0.3677,792,385.0
2026-10-07,28000,2028-12-07,put,regular,1250,0.3674,792,420.0
2026-10-07,30000,2028-12-07,put,regular,750,0.3606,792,540.0
2026-10-07,31000,2028-12-07,put,regular,400,0.3536,792,580.0
2026-10-07,32000,2028-12-07,put,regular,850,0.3471,792,625.0
2026-10-07,32250,2028-12-07,put,regular,51,0.346,792,640.0
2026-10-07,33000,2028-12-07,put,regular,525,0.3417,792,680.0
2026-10-07,34000,2028-12-07,put,regular,775,0.336,792,735.0
2026-10-07,34750,2028-12-07,put,regular,100,0.3319,792,780.0
2026-10-07,35000,2028-12-07,put,regular,1655,0.331,792,800.0
2026-10-07,36000,2028-12-07,put,regular,2750,0.3258,792,865.0
2026-10-07,37000,2028-12-07,put,regular,580,0.3217,792,945.0
2026-10-07,38000,2028-12-07,put,regular,2860,0.3172,792,1025.0
2026-10-07,39000,2028-12-07,put,regular,50,0.3131,792,1115.0
2026-10-07,40000,2028-12-07,put,regular,1210,0.3094,792,1215.0
2026-10-07,42000,2028-12-07,put,regular,350,0.3022,792,1435.0
2026-10-07,43000,2028-12-07,put,regular,100,0.2987,792,1555.0
2026-10-07,44500,2028-12-07,put,regular,75,0.2941,792,1760.0
2026-10-07,45000,2028-12-07,put,regular,770,0.2924,792,1830.0
2026-10-07,46000,2028-12-07,put,regular,100,0.2894,792,1980.0
2026-10-07,48000,2028-12-07,put,regular,600,0.2837,792,2315.0
2026-10-07,50000,2028-12-07,put,regular,2750,0.2781,792,2685.0
2026-10-07,51000,2028-12-07,put,regular,150,0.2755,792,2890.0
2026-10-07,52000,2028-12-07,put,regular,250,0.2729,792,3105.0
2026-10-07,53000,2028-12-07,put,regular,50,0.2703,792,3330.0
2026-10-07,55000,2028-12-07,put,regular,725,0.2653,792,3820.0
2026-10-07,56000,2028-12-07,put,regular,450,0.2627,792,4080.0
2026-10-07,57000,2028-12-07,put,regular,150,0.2603,792,4355.0
2026-10-07,60000,2028-12-07,put,regular,550,0.2532,792,5260.0
2026-10-07,63000,2028-12-07,put,regular,25,0.2464,792,6295.0
2026-10-07,65000,2028-12-07,put,regular,925,0.242,792,7055.0
2026-10-07,68000,2028-12-07,put,regular,100,0.2356,792,8315.0
2026-10-07,69000,2028-12-07,put,regular,270,0.2337,792,8770.0
2026-10-07,70000,2028-12-07,put,regular,225,0.2317,792,9240.0
2026-10-07,75000,2028-12-07,put,regular,80,0.2222,792,11835.0
2026-10-07,15000,2029-06-07,put,regular,1,0.358,974,23.0
2026-10-07,15000,2029-12-13,put,regular,1,0.3409,1163,33.0
2026-10-07,23250,2029-12-13,put,regular,40,0.3384,1163,305.0
2026-10-07,30000,2029-12-13,put,regular,100,0.3291,1163,845.0
2026-10-07,32000,2029-12-13,put,regular,113,0.3175,1163,965.0
2026-10-07,34250,2029-12-13,put,regular,6,0.3065,1163,1135.0
2026-10-07,40000,2029-12-13,put,regular,150,0.2857,1163,1765.0
2026-10-07,44000,2029-12-13,call,regular,100,0.2,1163,2400.0
2026-10-07,45000,2029-12-13,call,regular,75,0.2,1163,2580.0
2026-10-07,50000,2029-12-13,call,regular,570,0.2,1163,3665.0
2026-10-07,64000,2029-12-13,call,regular,100,0.0844,1163,8140.0
2026-10-07,65000,2029-12-13,call,regular,50,0.1103,1163,8545.0
2026-10-07,70000,2029-12-13,call,regular,100,0.2105,1163,10745.0
2026-10-07,19000,2030-06-13,call,regular,2,0.2,1345,127.0
2026-10-07,23500,2030-12-12,call,regular,100,0.2,1527,390.0
2026-10-07,31750,2030-12-12,call,regular,74,0.2,1527,1180.0
2026-10-07,34000,2030-12-12,call,regular,24,0.2,1527,1385.0
2026-10-07,44000,2030-12-12,call,regular,80,0.2,1527,2970.0
2026-10-07,45000,2030-12-12,call,regular,40,0.2,1527,3195.0
2026-10-07,49500,2030-12-12,call,regular,100,0.2,1527,4330.0
2026-10-07,50000,2030-12-12,call,regular,200,0.2,1527,4470.0
2026-10-07,64000,2030-12-12,call,regular,3,0.0961,1527,9220.0
2026-10-07,31500,2031-12-11,call,regular,52,0.2,1891,1450.0
2026-10-07,68000,2031-12-11,call,regular,100,0.1662,1891,11770.0
2026-10-07,31250,2032-12-09,call,regular,40,0.2,2255,1645.0
2026-10-07,35000,2026-10-08,call,regular,14,0.2,1,35740.0
2026-10-07,42750,2026-10-08,call,regular,3,0.2,1,27990.0
2026-10-07,45000,2026-10-08,call,regular,2,0.2,1,25740.0
2026-10-07,47500,2026-10-08,call,regular,34,4.8087,1,23240.0
2026-10-07,50000,2026-10-08,call,regular,1,4.2859,1,20740.0
2026-10-07,53000,2026-10-08,call,regular,34,3.6837,1,17740.0
2026-10-07,55000,2026-10-08,call,regular,4,3.2948,1,15740.0
2026-10-07,57000,2026-10-08,call,regular,1,2.9138,1,13740.0
2026-10-07,59500,2026-10-08,call,regular,14,2.4456,1,11240.0
2026-10-07,60000,2026-10-08,call,regular,9,2.3527,1,10740.0
2026-10-07,60500,2026-10-08,call,regular,100,2.2599,1,10240.0
2026-10-07,61000,2026-10-08,call,regular,201,2.1753,1,9745.0
2026-10-07,62000,2026-10-08,call,regular,49,1.9895,1,8745.0
2026-10-07,63000,2026-10-08,call,regular,157,1.8034,1,7745.0
2026-10-07,63250,2026-10-08,call,regular,6,1.7568,1,7495.0
2026-10-07,63500,2026-10-08,call,regular,9,1.7101,1,7245.0
2026-10-07,63625,2026-10-08,call,regular,1,1.6867,1,7120.0
2026-10-07,63750,2026-10-08,call,regular,4,1.6633,1,6995.0
2026-10-07,63875,2026-10-08,call,regular,50,1.6398,1,6870.0
2026-10-07,64000,2026-10-08,call,regular,722,1.6163,1,6745.0
2026-10-07,64125,2026-10-08,call,regular,1,1.5929,1,6620.0
2026-10-07,64250,2026-10-08,call,regular,6,1.5693,1,6495.0
2026-10-07,64375,2026-10-08,call,regular,61,1.5458,1,6370.0
2026-10-07,64500,2026-10-08,call,regular,210,1.5222,1,6245.0
2026-10-07,64625,2026-10-08,call,regular,687,1.4986,1,6120.0
2026-10-07,64750,2026-10-08,call,regular,755,1.4812,1,6000.0
2026-10-07,64875,2026-10-08,call,regular,7,1.4575,1,5875.0
2026-10-07,65000,2026-10-08,call,regular,1315,1.4337,1,5750.0
2026-10-07,65125,2026-10-08,call,regular,4,1.4098,1,5625.0
2026-10-07,65250,2026-10-08,call,regular,45,1.3859,1,5500.0
2026-10-07,65375,2026-10-08,call,regular,7,1.3619,1,5375.0
2026-10-07,65500,2026-10-08,call,regular,235,1.3379,1,5250.0
2026-10-07,65625,2026-10-08,call,regular,31,1.3139,1,5125.0
2026-10-07,65750,2026-10-08,call,regular,134,1.2897,1,5000.0
2026-10-07,65875,2026-10-08,call,regular,84,1.2655,1,4875.0
2026-10-07,66000,2026-10-08,call,regular,2956,1.247,1,4755.0
2026-10-07,66125,2026-10-08,call,regular,35,1.2226,1,4630.0
2026-10-07,66250,2026-10-08,call,regular,85,1.1981,1,4505.0
2026-10-07,66375,2026-10-08,call,regular,95,1.1736,1,4380.0
2026-10-07,66500,2026-10-08,call,regular,275,1.1489,1,4255.0
2026-10-07,66625,2026-10-08,call,regular,66,1.1295,1,4135.0
2026-10-07,66750,2026-10-08,call,regular,148,1.1046,1,4010.0
2026-10-07,66875,2026-10-08,call,regular,35,1.0849,1,3890.0
2026-10-07,67000,2026-10-08,call,regular,1381,1.0597,1,3765.0
2026-10-07,67125,2026-10-08,call,regular,54,1.0344,1,3640.0
2026-10-07,67250,2026-10-08,call,regular,51,1.014,1,3520.0
2026-10-07,67375,2026-10-08,call,regular,82,0.9884,1,3395.0
2026-10-07,67500,2026-10-08,call,regular,848,0.9675,1,3275.0
2026-10-07,67625,2026-10-08,call,regular,94,0.9463,1,3155.0
2026-10-07,67750,2026-10-08,call,regular,190,0.9201,1,3030.0
2026-10-07,67875,2026-10-08,call,regular,21,0.8983,1,2910.0
2026-10-07,68000,2026-10-08,call,regular,1855,0.908,1,2825.0
2026-10-07,68125,2026-10-08,call,regular,68,0.8538,1,2670.0
2026-10-07,68250,2026-10-08,call,regular,101,0.8311,1,2550.0
2026-10-07,68375,2026-10-08,call,regular,14,0.8122,1,2435.0
2026-10-07,68500,2026-10-08,call,regular,720,0.8475,1,2385.0
2026-10-07,68625,2026-10-08,call,regular,1,0.7687,1,2200.0
2026-10-07,68750,2026-10-08,call,regular,184,0.7482,1,2085.0
2026-10-07,68875,2026-10-08,call,regular,158,0.7311,1,1975.0
2026-10-07,69000,2026-10-08,call,regular,2533,0.7407,1,1900.0
2026-10-07,69125,2026-10-08,call,regular,7,0.6984,1,1760.0
2026-10-07,69250,2026-10-08,call,regular,26,0.6787,1,1650.0
2026-10-07,69375,2026-10-08,call,regular,12,0.6656,1,1550.0
2026-10-07,69500,2026-10-08,call,regular,393,0.6475,1,1445.0
2026-10-07,69625,2026-10-08,call,regular,99,0.632,1,1345.0
2026-10-07,69750,2026-10-08,call,regular,101,0.6222,1,1255.0
2026-10-07,69875,2026-10-08,call,regular,117,0.6109,1,1165.0
2026-10-07,70000,2026-10-08,call,regular,1698,0.6084,1,1090.0
2026-10-07,70125,2026-10-08,call,regular,5,0.5937,1,1000.0
2026-10-07,70250,2026-10-08,call,regular,115,0.5841,1,920.0
2026-10-07,70375,2026-10-08,call,regular,12,0.5726,1,840.0
2026-10-07,70500,2026-10-08,call,regular,257,0.5693,1,775.0
2026-10-07,70625,2026-10-08,call,regular,50,0.5674,1,715.0
2026-10-07,70750,2026-10-08,call,regular,502,0.5532,1,640.0
2026-10-07,70875,2026-10-08,call,regular,6,0.5505,1,585.0
2026-10-07,71000,2026-10-08,call,regular,1465,0.5527,1,540.0
2026-10-07,71125,2026-10-08,call,regular,45,0.5457,1,485.0
2026-10-07,71250,2026-10-08,call,regular,136,0.5436,1,440.0
2026-10-07,71375,2026-10-08,call,regular,6,0.5432,1,400.0
2026-10-07,71500,2026-10-08,call,regular,760,0.5485,1,370.0
2026-10-07,71625,2026-10-08,call,regular,5,0.5439,1,330.0
2026-10-07,71750,2026-10-08,call,regular,42,0.5537,1,310.0
2026-10-07,71875,2026-10-08,call,regular,3,0.5366,1,261.0
2026-10-07,72000,2026-10-08,call,regular,2780,0.5465,1,245.0
2026-10-07,72125,2026-10-08,call,regular,3,0.5561,1,230.0
2026-10-07,72250,2026-10-08,call,regular,92,0.5734,1,224.0
2026-10-07,72500,2026-10-08,call,regular,450,0.5439,1,155.0
2026-10-07,72750,2026-10-08,call,regular,63,0.5424,1,121.0
2026-10-07,73000,2026-10-08,call,regular,2732,0.5464,1,97.0
2026-10-07,73250,2026-10-08,call,regular,111,0.5354,1,69.0
2026-10-07,73500,2026-10-08,call,regular,361,0.5367,1,53.0
2026-10-07,73750,2026-10-08,call,regular,256,0.5369,1,40.0
2026-10-07,74000,2026-10-08,call,regular,1382,0.5472,1,33.0
2026-10-07,74250,2026-10-08,call,regular,255,0.5489,1,25.0
2026-10-07,74500,2026-10-08,call,regular,749,0.5468,1,18.0
2026-10-07,74750,2026-10-08,call,regular,153,0.5578,1,15.0
2026-10-07,75000,2026-10-08,call,regular,2004,0.5583,1,11.0
2026-10-07,75250,2026-10-08,call,regular,188,0.5589,1,8.0
2026-10-07,75500,2026-10-08,call,regular,199,0.5621,1,6.0
2026-10-07,75750,2026-10-08,call,regular,143,0.5725,1,5.0
2026-10-07,76000,2026-10-08,call,regular,1015,0.58,1,4.0
2026-10-07,76250,2026-10-08,call,regular,256,0.6018,1,4.0
2026-10-07,76500,2026-10-08,call,regular,108,0.6045,1,3.0
2026-10-07,77000,2026-10-08,call,regular,1180,0.6204,1,2.0
2026-10-07,77500,2026-10-08,call,regular,195,0.6604,1,2.0
2026-10-07,78000,2026-10-08,call,regular,862,0.657,1,1.0
2026-10-07,78500,2026-10-08,call,regular,548,0.694,1,1.0
2026-10-07,79000,2026-10-08,call,regular,198,0.7306,1,1.0
2026-10-07,79500,2026-10-08,call,regular,48,0.7668,1,1.0
2026-10-07,80000,2026-10-08,call,regular,1876,0.8026,1,1.0
2026-10-07,80500,2026-10-08,call,regular,49,0.8381,1,1.0
2026-10-07,81000,2026-10-08,call,regular,635,0.8732,1,1.0
2026-10-07,81500,2026-10-08,call,regular,26,0.9079,1,1.0
2026-10-07,82000,2026-10-08,call,regular,281,0.9423,1,1.0
2026-10-07,82500,2026-10-08,call,regular,19,0.9765,1,1.0
2026-10-07,83000,2026-10-08,call,regular,74,1.0103,1,1.0
2026-10-07,83500,2026-10-08,call,regular,12,1.0438,1,1.0
2026-10-07,84000,2026-10-08,call,regular,25,1.077,1,1.0
2026-10-07,84500,2026-10-08,call,regular,2,1.1099,1,1.0
2026-10-07,85000,2026-10-08,call,regular,178,1.1425,1,1.0
2026-10-07,87500,2026-10-08,call,regular,75,1.3017,1,1.0
2026-10-07,90000,2026-10-08,call,regular,266,1.4547,1,1.0
2026-10-07,92500,2026-10-08,call,regular,15,1.6022,1,1.0
2026-10-07,95000,2026-10-08,call,regular,59,1.7445,1,1.0
2026-10-07,97500,2026-10-08,call,regular,14,1.8821,1,1.0
2026-10-07,100000,2026-10-08,call,regular,297,2.0154,1,1.0
2026-10-07,44500,2026-11-12,call,regular,2,0.9463,36,26315.0
2026-10-07,50250,2026-11-12,call,regular,35,0.7482,36,20600.0
2026-10-07,56000,2026-11-12,call,regular,34,0.5704,36,14915.0
2026-10-07,57500,2026-11-12,call,regular,100,0.5292,36,13450.0
2026-10-07,60000,2026-11-12,call,regular,100,0.4633,36,11030.0
2026-10-07,60500,2026-11-12,call,regular,100,0.4516,36,10555.0
2026-10-07,61000,2026-11-12,call,regular,200,0.4395,36,10080.0
2026-10-07,63250,2026-11-12,call,regular,15,0.3907,36,7995.0
2026-10-07,63500,2026-11-12,call,regular,17,0.3858,36,7770.0
2026-10-07,64000,2026-11-12,call,regular,131,0.3765,36,7325.0
2026-10-07,64375,2026-11-12,call,regular,2,0.372,36,7010.0
2026-10-07,64500,2026-11-12,call,regular,201,0.3672,36,6885.0
2026-10-07,64625,2026-11-12,call,regular,1,0.3647,36,6775.0
2026-10-07,65000,2026-11-12,call,regular,428,0.3586,36,6455.0
2026-10-07,65125,2026-11-12,call,regular,1,0.3553,36,6340.0
2026-10-07,65375,2026-11-12,call,regular,11,0.3543,36,6150.0
2026-10-07,65500,2026-11-12,call,regular,208,0.3507,36,6035.0
2026-10-07,65750,2026-11-12,call,regular,1,0.3471,36,5830.0
2026-10-07,65875,2026-11-12,call,regular,50,0.3463,36,5735.0
2026-10-07,66000,2026-11-12,call,regular,669,0.3426,36,5620.0
2026-10-07,66125,2026-11-12,call,regular,4,0.3416,36,5525.0
2026-10-07,66250,2026-11-12,call,regular,1,0.3391,36,5420.0
2026-10-07,66500,2026-11-12,call,regular,1,0.3354,36,5220.0
2026-10-07,66750,2026-11-12,call,regular,6,0.3321,36,5025.0
2026-10-07,67000,2026-11-12,call,regular,1439,0.3285,36,4830.0
2026-10-07,67500,2026-11-12,call,regular,929,0.3229,36,4460.0
2026-10-07,67750,2026-11-12,call,regular,35,0.3203,36,4280.0
2026-10-07,67875,2026-11-12,call,regular,1,0.3225,36,4220.0
2026-10-07,68000,2026-11-12,call,regular,625,0.3166,36,4095.0
2026-10-07,68375,2026-11-12,call,regular,16,0.3175,36,3875.0
2026-10-07,68500,2026-11-12,call,regular,15,0.3114,36,3750.0
2026-10-07,68625,2026-11-12,call,regular,3460000,0.3142,36,3700.0
2026-10-07,68750,2026-11-12,call,regular,10,0.3103,36,3595.0
2026-10-07,68875,2026-11-12,call,regular,25,0.3075,36,3500.0
2026-10-07,69000,2026-11-12,call,regular,3845,0.3064,36,3420.0
2026-10-07,69375,2026-11-12,call,regular,118,0.3043,36,3195.0
2026-10-07,69500,2026-11-12,call,regular,16,0.3034,36,3120.0
2026-10-07,69750,2026-11-12,call,regular,2835000,0.3007,36,2965.0
2026-10-07,69875,2026-11-12,call,regular,16,0.2989,36,2885.0
2026-10-07,70000,2026-11-12,call,regular,1599,0.2993,36,2825.0
2026-10-07,70250,2026-11-12,call,regular,119,0.2975,36,2685.0
2026-10-07,70375,2026-11-12,call,regular,102,0.2959,36,2610.0
2026-10-07,70500,2026-11-12,call,regular,36,0.2965,36,2555.0
2026-10-07,70625,2026-11-12,call,regular,2075000,0.2946,36,2480.0
2026-10-07,70750,2026-11-12,call,regular,4,0.2944,36,2420.0
2026-10-07,71000,2026-11-12,call,regular,1331,0.2947,36,2310.0
2026-10-07,71125,2026-11-12,call,regular,2,0.2901,36,2215.0
2026-10-07,71250,2026-11-12,call,regular,6,0.2895,36,2155.0
2026-10-07,71500,2026-11-12,call,regular,362,0.2901,36,2055.0
2026-10-07,71625,2026-11-12,call,regular,8,0.2862,36,1970.0
2026-10-07,72000,2026-11-12,call,regular,1736,0.2882,36,1840.0
2026-10-07,72125,2026-11-12,call,regular,93,0.2862,36,1775.0
2026-10-07,72250,2026-11-12,call,regular,7,0.2858,36,1725.0
2026-10-07,72500,2026-11-12,call,regular,947,0.2846,36,1625.0
2026-10-07,72750,2026-11-12,call,regular,2,0.2842,36,1535.0
2026-10-07,73000,2026-11-12,call,regular,267,0.2839,36,1450.0
2026-10-07,73250,2026-11-12,call,regular,9,0.282,36,1355.0
2026-10-07,73500,2026-11-12,call,regular,23,0.2815,36,1275.0
2026-10-07,73750,2026-11-12,call,regular,18,0.2805,36,1195.0
2026-10-07,74000,2026-11-12,call,regular,527,0.2837,36,1150.0
2026-10-07,74250,2026-11-12,call,regular,1,0.2785,36,1045.0
2026-10-07,74500,2026-11-12,call,regular,121,0.2789,36,985.0
2026-10-07,74750,2026-11-12,call,regular,3,0.2781,36,920.0
2026-10-07,75000,2026-11-12,call,regular,1005,0.2783,36,865.0
2026-10-07,75250,2026-11-12,call,regular,2,0.2766,36,800.0
2026-10-07,75500,2026-11-12,call,regular,98,0.2767,36,750.0
2026-10-07,75750,2026-11-12,call,regular,2,0.2764,36,700.0
2026-10-07,76000,2026-11-12,call,regular,398,0.2781,36,665.0
2026-10-07,76250,2026-11-12,call,regular,2,0.2753,36,605.0
2026-10-07,76500,2026-11-12,call,regular,292,0.2745,36,560.0
2026-10-07,77000,2026-11-12,call,regular,411,0.2761,36,495.0
2026-10-07,77500,2026-11-12,call,regular,303,0.2743,36,420.0
2026-10-07,78000,2026-11-12,call,regular,315,0.2737,36,360.0
2026-10-07,78500,2026-11-12,call,regular,8,0.2726,36,305.0
2026-10-07,79000,2026-11-12,call,regular,148,0.2731,36,263.0
2026-10-07,79500,2026-11-12,call,regular,16,0.2733,36,225.0
2026-10-07,80000,2026-11-12,call,regular,461,0.2724,36,189.0
2026-10-07,82500,2026-11-12,call,regular,218,0.2722,36,80.0
2026-10-07,85000,2026-11-12,call,regular,222,0.2727,36,32.0
2026-10-07,87500,2026-11-12,call,regular,220,0.2732,36,12.0
2026-10-07,90000,2026-11-12,call,regular,340,0.278,36,5.0
2026-10-07,92500,2026-11-12,call,regular,32,0.2918,36,3.0
2026-10-07,95000,2026-11-12,call,regular,57,0.2907,36,1.0
2026-10-07,100000,2026-11-12,call,regular,93,0.3358,36,1.0
2026-10-07,12500,2026-12-10,call,regular,84,2.3026,64,58255.0
2026-10-07,20000,2026-12-10,call,regular,150,1.7044,64,50775.0
2026-10-07,22000,2026-12-10,call,regular,100,1.5859,64,48780.0
2026-10-07,25000,2026-12-10,call,regular,300,1.4298,64,45790.0
2026-10-07,26000,2026-12-10,call,regular,350,1.3799,64,44790.0
2026-10-07,27000,2026-12-10,call,regular,250,1.3351,64,43795.0
2026-10-07,28000,2026-12-10,call,regular,75,1.2889,64,42795.0
2026-10-07,28500,2026-12-10,call,regular,125,1.2664,64,42295.0
2026-10-07,29000,2026-12-10,call,regular,150,1.2473,64,41800.0
2026-10-07,30000,2026-12-10,call,regular,2553,1.2042,64,40800.0
2026-10-07,30500,2026-12-10,call,regular,50,1.186,64,40305.0
2026-10-07,31000,2026-12-10,call,regular,241,1.1654,64,39805.0
2026-10-07,31500,2026-12-10,call,regular,50,1.1451,64,39305.0
2026-10-07,32000,2026-12-10,call,regular,700,1.1251,64,38805.0
2026-10-07,32500,2026-12-10,call,regular,250,1.108,64,38310.0
2026-10-07,33000,2026-12-10,call,regular,1950,1.0886,64,37810.0
2026-10-07,34000,2026-12-10,call,regular,280,1.0531,64,36815.0
2026-10-07,34500,2026-12-10,call,regular,400,1.0345,64,36315.0
2026-10-07,35000,2026-12-10,call,regular,435,1.0185,64,35820.0
2026-10-07,36000,2026-12-10,call,regular,975,0.9825,64,34820.0
2026-10-07,36500,2026-12-10,call,regular,252,0.9672,64,34325.0
2026-10-07,37000,2026-12-10,call,regular,450,0.9497,64,33825.0
2026-10-07,37500,2026-12-10,call,regular,88,0.9347,64,33330.0
2026-10-07,37750,2026-12-10,call,regular,100,0.9262,64,33080.0
2026-10-07,38000,2026-12-10,call,regular,1225,0.9177,64,32830.0
2026-10-07,38500,2026-12-10,call,regular,700,0.903,64,32335.0
2026-10-07,38750,2026-12-10,call,regular,50,0.8947,64,32085.0
2026-10-07,39000,2026-12-10,call,regular,750,0.8864,64,31835.0
2026-10-07,39500,2026-12-10,call,regular,500,0.872,64,31340.0
2026-10-07,40000,2026-12-10,call,regular,1200,0.8558,64,30840.0
2026-10-07,40500,2026-12-10,call,regular,400,0.8417,64,30345.0
2026-10-07,41000,2026-12-10,call,regular,1300,0.8258,64,29845.0
2026-10-07,41500,2026-12-10,call,regular,100,0.8119,64,29350.0
2026-10-07,42000,2026-12-10,call,regular,1071,0.7982,64,28855.0
2026-10-07,42500,2026-12-10,call,regular,260,0.7828,64,28355.0
2026-10-07,43000,2026-12-10,call,regular,1400,0.7693,64,27860.0
2026-10-07,43250,2026-12-10,call,regular,4,0.7617,64,27610.0
2026-10-07,43750,2026-12-10,call,regular,131,0.7483,64,27115.0
2026-10-07,44000,2026-12-10,call,regular,600,0.7426,64,26870.0
2026-10-07,45000,2026-12-10,call,regular,1840,0.7146,64,25875.0
2026-10-07,45250,2026-12-10,call,regular,413,0.7088,64,25630.0
2026-10-07,45500,2026-12-10,call,regular,200,0.7015,64,25380.0
2026-10-07,46000,2026-12-10,call,regular,2300,0.6886,64,24885.0
2026-10-07,46250,2026-12-10,call,regular,315,0.6829,64,24640.0
2026-10-07,47000,2026-12-10,call,regular,350,0.6629,64,23895.0
2026-10-07,47500,2026-12-10,call,regular,200,0.6517,64,23405.0
2026-10-07,48000,2026-12-10,call,regular,750,0.639,64,22910.0
2026-10-07,49000,2026-12-10,call,regular,1000,0.6152,64,21925.0
2026-10-07,49500,2026-12-10,call,regular,260,0.6027,64,21430.0
2026-10-07,50000,2026-12-10,call,regular,5692,0.5928,64,20945.0
2026-10-07,50250,2026-12-10,call,regular,58,0.586,64,20695.0
2026-10-07,50500,2026-12-10,call,regular,600,0.5804,64,20450.0
2026-10-07,50750,2026-12-10,call,regular,45,0.5748,64,20205.0
2026-10-07,51000,2026-12-10,call,regular,731,0.5742,64,19980.0
2026-10-07,52000,2026-12-10,call,regular,802,0.5528,64,19005.0
2026-10-07,52250,2026-12-10,call,regular,250,0.5459,64,18755.0
2026-10-07,52500,2026-12-10,call,regular,50,0.5403,64,18510.0
2026-10-07,53000,2026-12-10,call,regular,1135,0.5301,64,18025.0
2026-10-07,53500,2026-12-10,call,regular,106,0.5209,64,17545.0
2026-10-07,54000,2026-12-10,call,regular,1941,0.5084,64,17050.0
2026-10-07,54500,2026-12-10,call,regular,540,0.498,64,16565.0
2026-10-07,55000,2026-12-10,call,regular,1829,0.4896,64,16090.0
2026-10-07,55500,2026-12-10,call,regular,300,0.479,64,15605.0
2026-10-07,56000,2026-12-10,call,regular,791,0.4693,64,15125.0
2026-10-07,56500,2026-12-10,call,regular,283,0.4585,64,14640.0
2026-10-07,57000,2026-12-10,call,regular,500,0.4468,64,14150.0
2026-10-07,57250,2026-12-10,call,regular,113,0.4445,64,13925.0
2026-10-07,57500,2026-12-10,call,regular,80,0.4386,64,13680.0
2026-10-07,58000,2026-12-10,call,regular,2603,0.4293,64,13205.0
2026-10-07,58500,2026-12-10,call,regular,350,0.4198,64,12730.0
2026-10-07,59000,2026-12-10,call,regular,1900,0.4125,64,12270.0
2026-10-07,59500,2026-12-10,call,regular,100,0.4056,64,11815.0
2026-10-07,60000,2026-12-10,call,regular,7478,0.3969,64,11350.0
2026-10-07,60500,2026-12-10,call,regular,102,0.3887,64,10890.0
2026-10-07,61000,2026-12-10,call,regular,813,0.3829,64,10450.0
2026-10-07,61500,2026-12-10,call,regular,1,0.376,64,10005.0
2026-10-07,62000,2026-12-10,call,regular,1850,0.3673,64,9550.0
2026-10-07,62500,2026-12-10,call,regular,812,0.3621,64,9125.0
2026-10-07,63000,2026-12-10,call,regular,1417,0.3551,64,8690.0
2026-10-07,63500,2026-12-10,call,regular,300,0.3494,64,8270.0
2026-10-07,63750,2026-12-10,call,regular,32,0.3463,64,8060.0
2026-10-07,64000,2026-12-10,call,regular,2242,0.3426,64,7845.0
2026-10-07,64500,2026-12-10,call,regular,296,0.3363,64,7430.0
2026-10-07,65000,2026-12-10,call,regular,3594,0.331,64,7030.0
2026-10-07,65500,2026-12-10,call,regular,734,0.3266,64,6645.0
2026-10-07,65750,2026-12-10,call,regular,15,0.3224,64,6435.0
2026-10-07,66000,2026-12-10,call,regular,1092,0.32,64,6245.0
2026-10-07,66250,2026-12-10,call,regular,18,0.3175,64,6055.0
2026-10-07,66500,2026-12-10,call,regular,3050,0.3147,64,5865.0
2026-10-07,67000,2026-12-10,call,regular,2237,0.3134,64,5535.0
2026-10-07,67250,2026-12-10,call,regular,25,0.3101,64,5345.0
2026-10-07,67500,2026-12-10,call,regular,25,0.3079,64,5170.0
2026-10-07,68000,2026-12-10,call,regular,4314,0.3044,64,4835.0
2026-10-07,68500,2026-12-10,call,regular,437,0.3,64,4500.0
2026-10-07,69000,2026-12-10,call,regular,1722,0.2969,64,4190.0
2026-10-07,69250,2026-12-10,call,regular,50,0.2946,64,4030.0
2026-10-07,69500,2026-12-10,call,regular,3,0.2921,64,3870.0
2026-10-07,69750,2026-12-10,call,regular,454,0.2914,64,3735.0
2026-10-07,70000,2026-12-10,call,regular,5283,0.2897,64,3590.0
2026-10-07,71000,2026-12-10,call,regular,2091,0.2838,64,3050.0
2026-10-07,71250,2026-12-10,call,regular,20,0.2821,64,2920.0
2026-10-07,71500,2026-12-10,call,regular,526,0.2815,64,2805.0
2026-10-07,71750,2026-12-10,call,regular,24,0.2806,64,2690.0
2026-10-07,71875,2026-12-10,call,regular,10,0.2798,64,2630.0
2026-10-07,72000,2026-12-10,call,regular,4836,0.2794,64,2575.0
2026-10-07,72250,2026-12-10,call,regular,2,0.2784,64,2465.0
2026-10-07,72500,2026-12-10,call,regular,2463,0.2772,64,2355.0
2026-10-07,73000,2026-12-10,call,regular,809,0.2761,64,2160.0
2026-10-07,73250,2026-12-10,call,regular,908,0.2759,64,2070.0
2026-10-07,73500,2026-12-10,call,regular,400,0.2749,64,1975.0
2026-10-07,73750,2026-12-10,call,regular,1,0.2746,64,1890.0
2026-10-07,74000,2026-12-10,call,regular,2151,0.2736,64,1800.0
2026-10-07,74500,2026-12-10,call,regular,10,0.2718,64,1630.0
2026-10-07,74750,2026-12-10,call,regular,1,0.2719,64,1560.0
2026-10-07,75000,2026-12-10,call,regular,3494,0.2708,64,1480.0
2026-10-07,75500,2026-12-10,call,regular,2,0.2702,64,1345.0
2026-10-07,76000,2026-12-10,call,regular,1051,0.2697,64,1220.0
2026-10-07,76250,2026-12-10,call,regular,112,0.2683,64,1150.0
2026-10-07,77000,2026-12-10,call,regular,759,0.2668,64,980.0
2026-10-07,77500,2026-12-10,call,regular,1190,0.2683,64,900.0
2026-10-07,78000,2026-12-10,call,regular,920,0.2661,64,795.0
2026-10-07,79000,2026-12-10,call,regular,1054,0.2661,64,645.0
2026-10-07,80000,2026-12-10,call,regular,7599,0.2662,64,520.0
2026-10-07,81000,2026-12-10,call,regular,5,0.2642,64,405.0
2026-10-07,82000,2026-12-10,call,regular,4,0.264,64,320.0
2026-10-07,82500,2026-12-10,call,regular,1129,0.2635,64,282.0
2026-10-07,83000,2026-12-10,call,regular,128,0.2632,64,249.0
2026-10-07,84000,2026-12-10,call,regular,523,0.2613,64,188.0
2026-10-07,85000,2026-12-10,call,regular,1114,0.2628,64,150.0
2026-10-07,87500,2026-12-10,call,regular,2457,0.2619,64,76.0
2026-10-07,90000,2026-12-10,call,regular,1805,0.2621,64,38.0
2026-10-07,95000,2026-12-10,call,regular,1080,0.2663,64,10.0
2026-10-07,100000,2026-12-10,call,regular,529,0.2868,64,5.0
2026-10-07,54250,2027-01-07,call,regular,27,0.4438,92,16955.0
2026-10-07,58000,2027-01-07,call,regular,1,0.3903,92,13450.0
2026-10-07,61000,2027-01-07,call,regular,26,0.3551,92,10780.0
2026-10-07,63750,2027-01-07,call,regular,50,0.3285,92,8495.0
2026-10-07,64000,2027-01-07,call,regular,100,0.3261,92,8295.0
2026-10-07,65000,2027-01-07,call,regular,14,0.3181,92,7525.0
2026-10-07,66000,2027-01-07,call,regular,160,0.3105,92,6785.0
2026-10-07,67000,2027-01-07,call,regular,600,0.2995,92,6030.0
2026-10-07,67500,2027-01-07,call,regular,5,0.2965,92,5695.0
2026-10-07,67750,2027-01-07,call,regular,3,0.2946,92,5525.0
2026-10-07,68000,2027-01-07,call,regular,201,0.2932,92,5365.0
2026-10-07,68500,2027-01-07,call,regular,5,0.2905,92,5050.0
2026-10-07,69000,2027-01-07,call,regular,944,0.2881,92,4750.0
2026-10-07,69500,2027-01-07,call,regular,2,0.2858,92,4460.0
2026-10-07,70000,2027-01-07,call,regular,2,0.2828,92,4170.0
2026-10-07,70250,2027-01-07,call,regular,14,0.2818,92,4035.0
2026-10-07,70500,2027-01-07,call,regular,10,0.281,92,3905.0
2026-10-07,71000,2027-01-07,call,regular,1,0.2791,92,3650.0
2026-10-07,71500,2027-01-07,call,regular,53,0.2765,92,3395.0
2026-10-07,72000,2027-01-07,call,regular,20,0.2743,92,3155.0
2026-10-07,72500,2027-01-07,call,regular,2,0.2728,92,2935.0
2026-10-07,73000,2027-01-07,call,regular,951,0.2717,92,2730.0
2026-10-07,73250,2027-01-07,call,regular,21,0.2714,92,2635.0
2026-10-07,74000,2027-01-07,call,regular,1,0.2691,92,2345.0
2026-10-07,75000,2027-01-07,call,regular,1,0.2674,92,2010.0
2026-10-07,75250,2027-01-07,call,regular,29280000,0.2668,92,1930.0
2026-10-07,77500,2027-01-07,call,regular,113,0.2626,92,1320.0
2026-10-07,80000,2027-01-07,call,regular,1,0.2615,92,860.0
2026-10-07,85000,2027-01-07,call,regular,1,0.2601,92,335.0
2026-10-07,90000,2027-01-07,call,regular,5,0.2566,92,111.0
2026-10-07,100000,2027-01-07,call,regular,14,0.2698,92,17.0
2026-10-07,56000,2027-02-10,call,regular,8,0.3919,126,15605.0
2026-10-07,56750,2027-02-10,call,regular,60,0.383,126,14920.0
2026-10-07,64000,2027-02-10,call,regular,110,0.3151,126,8790.0
2026-10-07,66000,2027-02-10,call,regular,8,0.3023,126,7335.0
2026-10-07,66250,2027-02-10,call,regular,50,0.3013,126,7170.0
2026-10-07,67250,2027-02-10,call,regular,12,0.2971,126,6520.0
2026-10-07,69000,2027-02-10,call,regular,3,0.2884,126,5435.0
2026-10-07,70000,2027-02-10,call,regular,1,0.2845,126,4875.0
2026-10-07,71000,2027-02-10,call,regular,2,0.2804,126,4345.0
2026-10-07,72500,2027-02-10,call,regular,77,0.2727,126,3585.0
2026-10-07,75000,2027-02-10,call,regular,100,0.2669,126,2605.0
2026-10-07,82500,2027-02-10,call,regular,1,0.2601,126,900.0
2026-10-07,52000,2027-03-11,call,regular,560,0.4149,155,19465.0
2026-10-07,52750,2027-03-11,call,regular,8,0.4056,155,18760.0
2026-10-07,53000,2027-03-11,call,regular,275,0.403,155,18530.0
2026-10-07,53500,2027-03-11,call,regular,202,0.3972,155,18065.0
2026-10-07,53750,2027-03-11,call,regular,44,0.3945,155,17835.0
2026-10-07,54000,2027-03-11,call,regular,267,0.3912,155,17600.0
2026-10-07,55000,2027-03-11,call,regular,550,0.3805,155,16685.0
2026-10-07,56000,2027-03-11,call,regular,50,0.3698,155,15775.0
2026-10-07,56500,2027-03-11,call,regular,1,0.3647,155,15325.0
2026-10-07,57000,2027-03-11,call,regular,365,0.3599,155,14880.0
2026-10-07,58000,2027-03-11,call,regular,150,0.3501,155,13995.0
2026-10-07,59500,2027-03-11,call,regular,200,0.3367,155,12700.0
2026-10-07,59750,2027-03-11,call,regular,2,0.3348,155,12490.0
2026-10-07,60000,2027-03-11,call,regular,12,0.3324,155,12275.0
2026-10-07,60250,2027-03-11,call,regular,44,0.3303,155,12065.0
2026-10-07,61000,2027-03-11,call,regular,160,0.3244,155,11445.0
2026-10-07,61750,2027-03-11,call,regular,1,0.3187,155,10835.0
2026-10-07,62000,2027-03-11,call,regular,200,0.3169,155,10635.0
2026-10-07,62500,2027-03-11,call,regular,508,0.313,155,10235.0
2026-10-07,63000,2027-03-11,call,regular,1052,0.3096,155,9845.0
2026-10-07,64000,2027-03-11,call,regular,150,0.3031,155,9085.0
2026-10-07,64250,2027-03-11,call,regular,100,0.3016,155,8900.0
2026-10-07,65000,2027-03-11,call,regular,1401,0.2968,155,8350.0
2026-10-07,66000,2027-03-11,call,regular,1591,0.2913,155,7650.0
2026-10-07,66250,2027-03-11,call,regular,15,0.29,155,7480.0
2026-10-07,66500,2027-03-11,call,regular,22,0.2886,155,7310.0
2026-10-07,66750,2027-03-11,call,regular,267,0.2924,155,7230.0
2026-10-07,67000,2027-03-11,call,regular,501,0.2911,155,7065.0
2026-10-07,68000,2027-03-11,call,regular,640,0.2866,155,6435.0
2026-10-07,68750,2027-03-11,call,regular,24,0.2834,155,5985.0
2026-10-07,69000,2027-03-11,call,regular,380,0.2825,155,5840.0
2026-10-07,69250,2027-03-11,call,regular,10,0.2817,155,5700.0
2026-10-07,70000,2027-03-11,call,regular,993,0.2784,155,5275.0
2026-10-07,70500,2027-03-11,call,regular,150,0.277,155,5015.0
2026-10-07,71000,2027-03-11,call,regular,103,0.2751,155,4755.0
2026-10-07,72000,2027-03-11,call,regular,665,0.2716,155,4260.0
2026-10-07,72500,2027-03-11,call,regular,254,0.2701,155,4030.0
2026-10-07,73000,2027-03-11,call,regular,450,0.2691,155,3815.0
2026-10-07,73500,2027-03-11,call,regular,1,0.2676,155,3600.0
2026-10-07,74000,2027-03-11,call,regular,3,0.2665,155,3400.0
2026-10-07,75000,2027-03-11,call,regular,1595,0.2648,155,3030.0
2026-10-07,76000,2027-03-11,call,regular,900,0.2626,155,2680.0
2026-10-07,77500,2027-03-11,call,regular,510,0.2605,155,2230.0
2026-10-07,80000,2027-03-11,call,regular,491,0.2585,155,1630.0
2026-10-07,82500,2027-03-11,call,regular,1064,0.256,155,1160.0
2026-10-07,85000,2027-03-11,call,regular,225,0.2609,155,885.0
2026-10-07,87500,2027-03-11,call,regular,1,0.2627,155,650.0
2026-10-07,90000,2027-03-11,call,regular,350,0.2639,155,470.0
2026-10-07,95000,2027-03-11,call,regular,500,0.2608,155,217.0
2026-10-07,100000,2027-03-11,call,regular,85,0.2436,155,63.0
2026-10-07,57000,2027-04-08,call,regular,25,0.3284,183,14850.0
2026-10-07,57750,2027-04-08,call,regular,88,0.3233,183,14205.0
2026-10-07,65000,2027-04-08,call,regular,88,0.2813,183,8495.0
2026-10-07,67000,2027-04-08,call,regular,25,0.2731,183,7165.0
2026-10-07,69750,2027-04-08,call,regular,10,0.2645,183,5560.0
2026-10-07,60250,2027-05-13,call,regular,8,0.3073,218,12525.0
2026-10-07,61250,2027-05-13,call,regular,23,0.3024,218,11750.0
2026-10-07,71000,2027-05-13,call,regular,23,0.2668,218,5515.0
2026-10-07,72000,2027-05-13,call,regular,8,0.2645,218,5035.0
2026-10-07,16250,2027-06-10,call,regular,114,0.7408,246,54185.0
2026-10-07,30000,2027-06-10,call,regular,300,0.5587,246,40645.0
2026-10-07,33000,2027-06-10,call,regular,50,0.5243,246,37715.0
2026-10-07,36000,2027-06-10,call,regular,150,0.4924,246,34800.0
2026-10-07,37000,2027-06-10,call,regular,50,0.4828,246,33835.0
2026-10-07,37250,2027-06-10,call,regular,480,0.4796,246,33590.0
2026-10-07,38500,2027-06-10,call,regular,140,0.4674,246,32385.0
2026-10-07,39000,2027-06-10,call,regular,50,0.4628,246,31905.0
2026-10-07,44500,2027-06-10,call,regular,300,0.4111,246,26650.0
2026-10-07,50000,2027-06-10,call,regular,300,0.3648,246,21515.0
2026-10-07,50500,2027-06-10,call,regular,175,0.3612,246,21060.0
2026-10-07,53000,2027-06-10,call,regular,100,0.3425,246,18800.0
2026-10-07,54000,2027-06-10,call,regular,1050,0.3352,246,17910.0
2026-10-07,55000,2027-06-10,call,regular,300,0.3285,246,17035.0
2026-10-07,56000,2027-06-10,call,regular,175,0.322,246,16170.0
2026-10-07,57000,2027-06-10,call,regular,50,0.3157,246,15320.0
2026-10-07,58500,2027-06-10,call,regular,58,0.3067,246,14070.0
2026-10-07,60000,2027-06-10,call,regular,750,0.2984,246,12860.0
2026-10-07,62500,2027-06-10,call,regular,150,0.2858,246,10940.0
2026-10-07,63000,2027-06-10,call,regular,100,0.2836,246,10575.0
2026-10-07,64000,2027-06-10,call,regular,470,0.2793,246,9860.0
2026-10-07,65000,2027-06-10,call,regular,552,0.2754,246,9175.0
2026-10-07,65500,2027-06-10,call,regular,62,0.2735,246,8840.0
2026-10-07,66000,2027-06-10,call,regular,506,0.2715,246,8510.0
2026-10-07,66500,2027-06-10,call,regular,125,0.27,246,8195.0
2026-10-07,67000,2027-06-10,call,regular,680,0.2682,246,7880.0
2026-10-07,67500,2027-06-10,call,regular,800,0.2666,246,7575.0
2026-10-07,68000,2027-06-10,call,regular,582,0.2651,246,7280.0
2026-10-07,68250,2027-06-10,call,regular,15,0.2644,246,7135.0
2026-10-07,68500,2027-06-10,call,regular,206,0.2637,246,6990.0
2026-10-07,69000,2027-06-10,call,regular,1,0.2624,246,6710.0
2026-10-07,69250,2027-06-10,call,regular,36,0.2618,246,6575.0
2026-10-07,69500,2027-06-10,call,regular,62,0.261,246,6435.0
2026-10-07,70000,2027-06-10,call,regular,450,0.2598,246,6170.0
2026-10-07,70500,2027-06-10,call,regular,31,0.2587,246,5915.0
2026-10-07,71000,2027-06-10,call,regular,100,0.2576,246,5665.0
2026-10-07,72000,2027-06-10,call,regular,1020,0.2558,246,5195.0
2026-10-07,73000,2027-06-10,call,regular,2,0.254,246,4750.0
2026-10-07,74000,2027-06-10,call,regular,850,0.2529,246,4345.0
2026-10-07,75000,2027-06-10,call,regular,1348,0.2517,246,3965.0
2026-10-07,76000,2027-06-10,call,regular,150,0.2508,246,3615.0
2026-10-07,77500,2027-06-10,call,regular,671,0.2499,246,3145.0
2026-10-07,80000,2027-06-10,call,regular,1830,0.2495,246,2490.0
2026-10-07,85000,2027-06-10,call,regular,2491,0.2512,246,1560.0
2026-10-07,90000,2027-06-10,call,regular,610,0.2534,246,965.0
2026-10-07,95000,2027-06-10,call,regular,600,0.2519,246,555.0
2026-10-07,65750,2027-07-08,call,regular,20,0.2802,274,9170.0
2026-10-07,66750,2027-07-08,call,regular,32,0.2773,274,8550.0
2026-10-07,75000,2027-07-08,call,regular,32,0.2587,274,4450.0
2026-10-07,77000,2027-07-08,call,regular,20,0.2549,274,3710.0
2026-10-07,68000,2027-08-12,call,regular,22,0.274,309,8220.0
2026-10-07,69000,2027-08-12,call,regular,53,0.2714,309,7660.0
2026-10-07,78000,2027-08-12,call,regular,75,0.259,309,3885.0
2026-10-07,62500,2027-09-09,call,regular,34,0.2867,337,11910.0
2026-10-07,63250,2027-09-09,call,regular,32,0.2838,337,11385.0
2026-10-07,65000,2027-09-09,call,regular,101,0.278,337,10225.0
2026-10-07,67000,2027-09-09,call,regular,80,0.2722,337,8990.0
2026-10-07,70000,2027-09-09,call,regular,250,0.2658,337,7350.0
2026-10-07,71250,2027-09-09,call,regular,31,0.2638,337,6740.0
2026-10-07,72250,2027-09-09,call,regular,34,0.2625,337,6285.0
2026-10-07,77500,2027-09-09,call,regular,417,0.2584,337,4305.0
2026-10-07,80000,2027-09-09,call,regular,100,0.2571,337,3565.0
2026-10-07,28000,2027-12-09,call,regular,50,0.422,428,42565.0
2026-10-07,30000,2027-12-09,call,regular,225,0.4193,428,40645.0
2026-10-07,31500,2027-12-09,call,regular,50,0.4146,428,39210.0
2026-10-07,32000,2027-12-09,call,regular,100,0.412,428,38730.0
2026-10-07,33000,2027-12-09,call,regular,100,0.4085,428,37780.0
2026-10-07,34000,2027-12-09,call,regular,375,0.4041,428,36830.0
2026-10-07,35000,2027-12-09,call,regular,201,0.3997,428,35885.0
2026-10-07,36000,2027-12-09,call,regular,80,0.3947,428,34940.0
2026-10-07,36750,2027-12-09,call,regular,442,0.391,428,34235.0
2026-10-07,37000,2027-12-09,call,regular,200,0.3897,428,34000.0
2026-10-07,38000,2027-12-09,call,regular,575,0.3849,428,33065.0
2026-10-07,39000,2027-12-09,call,regular,125,0.3801,428,32135.0
2026-10-07,39250,2027-12-09,call,regular,50,0.3785,428,31900.0
2026-10-07,39500,2027-12-09,call,regular,50,0.3775,428,31670.0
2026-10-07,40000,2027-12-09,call,regular,350,0.3747,428,31205.0
2026-10-07,40500,2027-12-09,call,regular,450,0.3719,428,30740.0
2026-10-07,41000,2027-12-09,call,regular,375,0.3694,428,30280.0
2026-10-07,42000,2027-12-09,call,regular,200,0.3642,428,29360.0
2026-10-07,43000,2027-12-09,call,regular,400,0.3594,428,28450.0
2026-10-07,43500,2027-12-09,call,regular,150,0.3569,428,27995.0
2026-10-07,45000,2027-12-09,call,regular,1950,0.3493,428,26640.0
2026-10-07,46000,2027-12-09,call,regular,500,0.3443,428,25745.0
2026-10-07,48000,2027-12-09,call,regular,225,0.3345,428,23975.0
2026-10-07,49000,2027-12-09,call,regular,700,0.3299,428,23105.0
2026-10-07,50000,2027-12-09,call,regular,1950,0.3252,428,22240.0
2026-10-07,51000,2027-12-09,call,regular,300,0.3206,428,21385.0
2026-10-07,52500,2027-12-09,call,regular,100,0.314,428,20125.0
2026-10-07,54000,2027-12-09,call,regular,300,0.3079,428,18895.0
2026-10-07,54500,2027-12-09,call,regular,100,0.3059,428,18490.0
2026-10-07,55000,2027-12-09,call,regular,704,0.3038,428,18085.0
2026-10-07,57000,2027-12-09,call,regular,250,0.2962,428,16515.0
2026-10-07,58000,2027-12-09,call,regular,500,0.2927,428,15755.0
2026-10-07,60000,2027-12-09,call,regular,1225,0.2859,428,14280.0
2026-10-07,61000,2027-12-09,call,regular,200,0.2826,428,13565.0
2026-10-07,62000,2027-12-09,call,regular,200,0.2796,428,12875.0
2026-10-07,62500,2027-12-09,call,regular,70,0.2781,428,12535.0
2026-10-07,63000,2027-12-09,call,regular,300,0.2768,428,12205.0
2026-10-07,63500,2027-12-09,call,regular,50,0.2754,428,11875.0
2026-10-07,64000,2027-12-09,call,regular,780,0.274,428,11550.0
2026-10-07,65000,2027-12-09,call,regular,550,0.2716,428,10925.0
2026-10-07,66000,2027-12-09,call,regular,845,0.2691,428,10315.0
2026-10-07,67000,2027-12-09,call,regular,100,0.2669,428,9730.0
2026-10-07,67500,2027-12-09,call,regular,35,0.2658,428,9445.0
2026-10-07,68000,2027-12-09,call,regular,350,0.2647,428,9165.0
2026-10-07,69000,2027-12-09,call,regular,850,0.2627,428,8625.0
2026-10-07,70000,2027-12-09,call,regular,950,0.2609,428,8110.0
2026-10-07,70500,2027-12-09,call,regular,93,0.2601,428,7860.0
2026-10-07,72000,2027-12-09,call,regular,500,0.2577,428,7145.0
2026-10-07,72500,2027-12-09,call,regular,100,0.257,428,6920.0
2026-10-07,73500,2027-12-09,call,regular,100,0.2556,428,6485.0
2026-10-07,75000,2027-12-09,call,regular,552,0.2539,428,5875.0
2026-10-07,77500,2027-12-09,call,regular,600,0.2515,428,4965.0
2026-10-07,80000,2027-12-09,call,regular,1150,0.2496,428,4180.0
2026-10-07,85000,2027-12-09,call,regular,200,0.2472,428,2935.0
2026-10-07,87500,2027-12-09,call,regular,100,0.2462,428,2445.0
2026-10-07,95000,2027-12-09,call,regular,2300,0.2416,428,1340.0
2026-10-07,100000,2027-12-09,call,regular,800,0.2339,428,805.0
2026-10-07,41500,2028-06-08,call,regular,100,0.3398,610,30235.0
2026-10-07,28000,2028-12-07,call,regular,50,0.3543,792,42780.0
2026-10-07,30000,2028-12-07,call,regular,80,0.3589,792,40965.0
2026-10-07,31000,2028-12-07,call,regular,200,0.3563,792,40040.0
2026-10-07,32000,2028-12-07,call,regular,75,0.3536,792,39120.0
2026-10-07,33000,2028-12-07,call,regular,125,0.3512,792,38210.0
2026-10-07,34500,2028-12-07,call,regular,330,0.3469,792,36850.0
2026-10-07,34750,2028-12-07,call,regular,100,0.3463,792,36625.0
2026-10-07,35500,2028-12-07,call,regular,443,0.344,792,35950.0
2026-10-07,36000,2028-12-07,call,regular,450,0.3422,792,35500.0
2026-10-07,36500,2028-12-07,call,regular,52,0.3408,792,35055.0
2026-10-07,38000,2028-12-07,call,regular,120,0.3365,792,33730.0
2026-10-07,39000,2028-12-07,call,regular,575,0.3337,792,32855.0
2026-10-07,40000,2028-12-07,call,regular,30,0.3306,792,31985.0
2026-10-07,41000,2028-12-07,call,regular,375,0.3277,792,31125.0
2026-10-07,42000,2028-12-07,call,regular,65,0.325,792,30275.0
2026-10-07,42500,2028-12-07,call,regular,100,0.3237,792,29855.0
2026-10-07,50000,2028-12-07,call,regular,400,0.3042,792,23810.0
2026-10-07,53000,2028-12-07,call,regular,50,0.2969,792,21555.0
2026-10-07,55000,2028-12-07,call,regular,50,0.2923,792,20115.0
2026-10-07,56000,2028-12-07,call,regular,650,0.29,792,19410.0
2026-10-07,60000,2028-12-07,call,regular,250,0.2813,792,16730.0
2026-10-07,65000,2028-12-07,call,regular,250,0.2716,792,13695.0
2026-10-07,66500,2028-12-07,call,regular,130,0.269,792,12860.0
2026-10-07,67500,2028-12-07,call,regular,100,0.2674,792,12325.0
2026-10-07,70000,2028-12-07,call,regular,125,0.2636,792,11055.0
2026-10-07,75000,2028-12-07,call,regular,80,0.2574,792,8825.0
2026-10-07,80000,2028-12-07,call,regular,200,0.2534,792,7010.0
2026-10-07,50000,2029-12-13,call,regular,100,0.2988,1163,25370.0
2026-10-07,60000,2029-12-13,call,regular,375,0.2815,1163,18850.0
2026-10-07,65000,2029-12-13,call,regular,50,0.2735,1163,16005.0
2026-10-07,57000,2030-12-12,call,regular,300,0.2912,1527,22615.0
2026-10-07,64000,2030-12-12,call,regular,3,0.2799,1527,18645.0
2026-10-07,58375,2026-10-09,put,mini,696,0.8124,2,1.0
2026-10-07,58500,2026-10-09,put,mini,1056,0.8038,2,1.0
2026-10-07,58625,2026-10-09,put,mini,1,0.7952,2,1.0
2026-10-07,58750,2026-10-09,put,mini,29,0.7866,2,1.0
2026-10-07,58875,2026-10-09,put,mini,4,0.778,2,1.0
2026-10-07,59000,2026-10-09,put,mini,331,0.7695,2,1.0
2026-10-07,59125,2026-10-09,put,mini,2,0.7609,2,1.0
2026-10-07,59250,2026-10-09,put,mini,17,0.7524,2,1.0
2026-10-07,59375,2026-10-09,put,mini,2,0.7439,2,1.0
2026-10-07,59500,2026-10-09,put,mini,127,0.7353,2,1.0
2026-10-07,59625,2026-10-09,put,mini,1,0.7268,2,1.0
2026-10-07,59750,2026-10-09,put,mini,47,0.7183,2,1.0
2026-10-07,59875,2026-10-09,put,mini,2,0.7099,2,1.0
2026-10-07,60000,2026-10-09,put,mini,927,0.7014,2,1.0
2026-10-07,60125,2026-10-09,put,mini,3,0.6929,2,1.0
2026-10-07,60250,2026-10-09,put,mini,17,0.6845,2,1.0
2026-10-07,60375,2026-10-09,put,mini,4,0.6761,2,1.0
2026-10-07,60500,2026-10-09,put,mini,119,0.6676,2,1.0
2026-10-07,60625,2026-10-09,put,mini,4,0.6592,2,1.0
2026-10-07,60750,2026-10-09,put,mini,49,0.6508,2,1.0
2026-10-07,60875,2026-10-09,put,mini,6,0.6424,2,1.0
2026-10-07,61000,2026-10-09,put,mini,447,0.6741,2,2.0
2026-10-07,61125,2026-10-09,put,mini,6,0.6257,2,1.0
2026-10-07,61250,2026-10-09,put,mini,280,0.6173,2,1.0
2026-10-07,61375,2026-10-09,put,mini,1,0.6089,2,1.0
2026-10-07,61500,2026-10-09,put,mini,158,0.6388,2,2.0
2026-10-07,61625,2026-10-09,put,mini,1,0.63,2,2.0
2026-10-07,61750,2026-10-09,put,mini,17,0.5839,2,1.0
2026-10-07,61875,2026-10-09,put,mini,5,0.6125,2,2.0
2026-10-07,62000,2026-10-09,put,mini,471,0.6037,2,2.0
2026-10-07,62125,2026-10-09,put,mini,50,0.595,2,2.0
2026-10-07,62250,2026-10-09,put,mini,29,0.5862,2,2.0
2026-10-07,62375,2026-10-09,put,mini,4,0.5775,2,2.0
2026-10-07,62500,2026-10-09,put,mini,830,0.5918,2,3.0
2026-10-07,62625,2026-10-09,put,mini,1,0.56,2,2.0
2026-10-07,62750,2026-10-09,put,mini,925,0.5738,2,3.0
2026-10-07,62875,2026-10-09,put,mini,1,0.5426,2,2.0
2026-10-07,63000,2026-10-09,put,mini,956,0.5728,2,4.0
2026-10-07,63125,2026-10-09,put,mini,3,0.5468,2,3.0
2026-10-07,63250,2026-10-09,put,mini,170,0.5378,2,3.0
2026-10-07,63375,2026-10-09,put,mini,2,0.5288,2,3.0
2026-10-07,63500,2026-10-09,put,mini,673,0.5359,2,4.0
2026-10-07,63625,2026-10-09,put,mini,3,0.5108,2,3.0
2026-10-07,63750,2026-10-09,put,mini,87,0.5019,2,3.0
2026-10-07,63875,2026-10-09,put,mini,4,0.5083,2,4.0
2026-10-07,64000,2026-10-09,put,mini,884,0.5323,2,7.0
2026-10-07,64125,2026-10-09,put,mini,1,0.4899,2,4.0
2026-10-07,64250,2026-10-09,put,mini,473,0.4929,2,5.0
2026-10-07,64375,2026-10-09,put,mini,7,0.5032,2,7.0
2026-10-07,64500,2026-10-09,put,mini,354,0.4935,2,7.0
2026-10-07,64625,2026-10-09,put,mini,3,0.4648,2,5.0
2026-10-07,64750,2026-10-09,put,mini,123,0.4895,2,9.0
2026-10-07,64875,2026-10-09,put,mini,5,0.4558,2,6.0
2026-10-07,65000,2026-10-09,put,mini,788,0.4761,2,10.0
2026-10-07,65125,2026-10-09,put,mini,7,0.4451,2,7.0
2026-10-07,65250,2026-10-09,put,mini,58,0.4497,2,9.0
2026-10-07,65375,2026-10-09,put,mini,3,0.4518,2,11.0
2026-10-07,65500,2026-10-09,put,mini,229,0.4569,2,14.0
2026-10-07,65625,2026-10-09,put,mini,2,0.4314,2,11.0
2026-10-07,65750,2026-10-09,put,mini,156,0.4313,2,13.0
2026-10-07,65875,2026-10-09,put,mini,7,0.4255,2,14.0
2026-10-07,66000,2026-10-09,put,mini,656,0.4274,2,17.0
2026-10-07,66125,2026-10-09,put,mini,6,0.3955,2,12.0
2026-10-07,66250,2026-10-09,put,mini,81,0.4131,2,19.0
2026-10-07,66375,2026-10-09,put,mini,3,0.3951,2,17.0
2026-10-07,66500,2026-10-09,put,mini,485,0.3945,2,20.0
2026-10-07,66625,2026-10-09,put,mini,5,0.3803,2,19.0
2026-10-07,66750,2026-10-09,put,mini,63,0.3842,2,24.0
2026-10-07,66875,2026-10-09,put,mini,3,0.3673,2,22.0
2026-10-07,67000,2026-10-09,put,mini,1169,0.3692,2,27.0
2026-10-07,67125,2026-10-09,put,mini,1,0.3501,2,24.0
2026-10-07,67250,2026-10-09,put,mini,173,0.3437,2,26.0
2026-10-07,67375,2026-10-09,put,mini,2,0.3367,2,28.0
2026-10-07,67500,2026-10-09,put,mini,260,0.3394,2,35.0
2026-10-07,67625,2026-10-09,put,mini,1,0.3328,2,38.0
2026-10-07,67750,2026-10-09,put,mini,163,0.3257,2,41.0
2026-10-07,67875,2026-10-09,put,mini,20,0.3212,2,46.0
2026-10-07,68000,2026-10-09,put,mini,996,0.3185,2,53.0
2026-10-07,68125,2026-10-09,put,mini,7,0.3081,2,55.0
2026-10-07,68250,2026-10-09,put,mini,218,0.3024,2,61.0
2026-10-07,68375,2026-10-09,put,mini,11,0.297,2,68.0
2026-10-07,68500,2026-10-09,put,mini,287,0.2949,2,79.0
2026-10-07,68625,2026-10-09,put,mini,1,0.2854,2,84.0
2026-10-07,68750,2026-10-09,put,mini,165,0.2854,2,100.0
2026-10-07,68875,2026-10-09,put,mini,2,0.2768,2,108.0
2026-10-07,69000,2026-10-09,put,mini,402,0.2729,2,123.0
2026-10-07,69125,2026-10-09,put,mini,7,0.2727,2,145.0
2026-10-07,69250,2026-10-09,put,mini,83,0.267,2,162.0
2026-10-07,69375,2026-10-09,put,mini,2,0.2632,2,184.0
2026-10-07,69500,2026-10-09,put,mini,669,0.2577,2,206.0
2026-10-07,69625,2026-10-09,put,mini,2,0.2518,2,230.0
2026-10-07,69750,2026-10-09,put,mini,81,0.2492,2,263.0
2026-10-07,69875,2026-10-09,put,mini,35,0.2455,2,298.0
2026-10-07,70000,2026-10-09,put,mini,277,0.2384,2,330.0
2026-10-07,70125,2026-10-09,put,mini,2,0.2405,2,385.0
2026-10-07,70250,2026-10-09,put,mini,49,0.233,2,425.0
2026-10-07,70500,2026-10-09,put,mini,66,0.2228,2,530.0
2026-10-07,70750,2026-10-09,put,mini,6,0.2089,2,650.0
2026-10-07,70875,2026-10-09,put,mini,3,0.1969,2,710.0
2026-10-07,71000,2026-10-09,put,mini,26,0.1947,2,795.0
2026-10-07,71125,2026-10-09,put,mini,1,0.1759,2,860.0
2026-10-07,71250,2026-10-09,put,mini,22,0.1629,2,945.0
2026-10-07,71375,2026-10-09,put,mini,1,0.1379,2,1030.0
2026-10-07,71500,2026-10-09,put,mini,1,0.2,2,1120.0
2026-10-07,71750,2026-10-09,put,mini,903,0.2,2,1300.0
2026-10-07,71875,2026-10-09,put,mini,1,0.2,2,1395.0
2026-10-07,72000,2026-10-09,put,mini,5,0.2,2,1495.0
2026-10-07,72125,2026-10-09,put,mini,1,0.2,2,1600.0
2026-10-07,72250,2026-10-09,put,mini,3,0.2,2,1700.0
2026-10-07,64750,2026-10-14,put,mini,55,0.3474,7,55.0
2026-10-07,65250,2026-10-14,put,mini,2,0.3338,7,67.0
2026-10-07,68500,2026-10-14,put,mini,2,0.2554,7,315.0
2026-10-07,60500,2026-10-16,put,mini,130,0.4262,9,18.0
2026-10-07,60750,2026-10-16,put,mini,6,0.4026,9,14.0
2026-10-07,61000,2026-10-16,put,mini,27,0.3995,9,16.0
2026-10-07,61250,2026-10-16,put,mini,1,0.3956,9,18.0
2026-10-07,61500,2026-10-16,put,mini,3,0.391,9,20.0
2026-10-07,61750,2026-10-16,put,mini,22,0.3859,9,22.0
2026-10-07,61875,2026-10-16,put,mini,6,0.3831,9,23.0
2026-10-07,62000,2026-10-16,put,mini,26,0.3802,9,24.0
2026-10-07,62250,2026-10-16,put,mini,4,0.3741,9,26.0
2026-10-07,62500,2026-10-16,put,mini,7,0.3677,9,28.0
2026-10-07,62875,2026-10-16,put,mini,5,0.3573,9,31.0
2026-10-07,63000,2026-10-16,put,mini,16,0.3537,9,32.0
2026-10-07,63250,2026-10-16,put,mini,8,0.3495,9,36.0
2026-10-07,63375,2026-10-16,put,mini,4,0.3516,9,41.0
2026-10-07,63500,2026-10-16,put,mini,2,0.3474,9,42.0
2026-10-07,63750,2026-10-16,put,mini,4,0.3429,9,47.0
2026-10-07,63875,2026-10-16,put,mini,3,0.3372,9,47.0
2026-10-07,64000,2026-10-16,put,mini,18,0.3353,9,50.0
2026-10-07,64125,2026-10-16,put,mini,51,0.3307,9,51.0
2026-10-07,64250,2026-10-16,put,mini,51,0.325,9,51.0
2026-10-07,64375,2026-10-16,put,mini,56,0.3249,9,56.0
2026-10-07,64500,2026-10-16,put,mini,2,0.3212,9,58.0
2026-10-07,64625,2026-10-16,put,mini,6,0.3214,9,64.0
2026-10-07,64750,2026-10-16,put,mini,7,0.3202,9,69.0
2026-10-07,65000,2026-10-16,put,mini,39,0.3136,9,75.0
2026-10-07,65250,2026-10-16,put,mini,2,0.3088,9,84.0
2026-10-07,65500,2026-10-16,put,mini,13,0.2994,9,88.0
2026-10-07,65750,2026-10-16,put,mini,102,0.2967,9,102.0
2026-10-07,65875,2026-10-16,put,mini,4,0.2936,9,107.0
2026-10-07,66000,2026-10-16,put,mini,88,0.2922,9,115.0
2026-10-07,66125,2026-10-16,put,mini,4,0.2886,9,120.0
2026-10-07,66250,2026-10-16,put,mini,4,0.2826,9,121.0
2026-10-07,66500,2026-10-16,put,mini,51,0.277,9,135.0
2026-10-07,66750,2026-10-16,put,mini,4,0.2716,9,151.0
2026-10-07,66875,2026-10-16,put,mini,162,0.2699,9,162.0
2026-10-07,67000,2026-10-16,put,mini,288,0.272,9,182.0
2026-10-07,67125,2026-10-16,put,mini,185,0.266,9,185.0
2026-10-07,67250,2026-10-16,put,mini,50,0.2684,9,208.0
2026-10-07,67375,2026-10-16,put,mini,130,0.2661,9,221.0
2026-10-07,67500,2026-10-16,put,mini,53,0.2619,9,230.0
2026-10-07,67625,2026-10-16,put,mini,241,0.2583,9,241.0
2026-10-07,67750,2026-10-16,put,mini,54,0.2619,9,273.0
2026-10-07,67875,2026-10-16,put,mini,52,0.2559,9,279.0
2026-10-07,68000,2026-10-16,put,mini,61,0.2547,9,300.0
2026-10-07,68125,2026-10-16,put,mini,320,0.2528,9,320.0
2026-10-07,68250,2026-10-16,put,mini,52,0.2521,9,345.0
2026-10-07,68500,2026-10-16,put,mini,32,0.2507,9,400.0
2026-10-07,68625,2026-10-16,put,mini,425,0.2485,9,425.0
2026-10-07,69000,2026-10-16,put,mini,15,0.245,9,520.0
2026-10-07,69500,2026-10-16,put,mini,3,0.2384,9,665.0
2026-10-07,69750,2026-10-16,put,mini,2,0.2375,9,760.0
2026-10-07,70000,2026-10-16,put,mini,3,0.2311,9,840.0
2026-10-07,70125,2026-10-16,put,mini,1,0.2294,9,890.0
2026-10-07,70500,2026-10-16,put,mini,1,0.2245,9,1055.0
2026-10-07,71625,2026-10-16,put,mini,1,0.1943,9,1630.0
2026-10-07,60500,2026-10-21,put,mini,6,0.3876,14,43.0
2026-10-07,65250,2026-10-21,put,mini,175,0.295,14,175.0
2026-10-07,68500,2026-10-21,put,mini,2,0.2532,14,635.0
2026-10-07,61125,2026-10-23,put,mini,1,0.366,16,65.0
2026-10-07,61750,2026-10-23,put,mini,3,0.3485,16,70.0
2026-10-07,61875,2026-10-23,put,mini,2,0.3509,16,78.0
2026-10-07,63000,2026-10-23,put,mini,1,0.3311,16,108.0
2026-10-07,65250,2026-10-23,put,mini,2,0.2896,16,209.0
2026-10-07,66000,2026-10-23,put,mini,10,0.2719,16,252.0
2026-10-07,66250,2026-10-23,put,mini,4,0.2716,16,287.0
2026-10-07,66375,2026-10-23,put,mini,310,0.2727,16,310.0
2026-10-07,66625,2026-10-23,put,mini,2,0.2722,16,350.0
2026-10-07,66750,2026-10-23,put,mini,4,0.2715,16,370.0
2026-10-07,67750,2026-10-23,put,mini,4,0.2626,16,550.0
2026-10-07,68250,2026-10-23,put,mini,2,0.2559,16,655.0
2026-10-07,69000,2026-10-23,put,mini,4,0.2519,16,880.0
2026-10-07,62875,2026-10-28,put,mini,3,0.326,21,174.0
2026-10-07,68500,2026-10-28,put,mini,2,0.2544,21,915.0
2026-10-07,63000,2026-10-30,put,mini,1,0.3202,23,206.0
2026-10-07,67750,2026-10-30,put,mini,4,0.2606,23,785.0
2026-10-07,68250,2026-10-30,put,mini,2,0.2557,23,910.0
2026-10-07,69000,2026-10-30,put,mini,4,0.2512,23,1150.0
2026-10-07,60500,2026-11-13,put,mini,304,0.331,37,233.0
2026-10-07,60625,2026-11-13,put,mini,124,0.3295,37,239.0
2026-10-07,60750,2026-11-13,put,mini,33,0.3282,37,246.0
2026-10-07,60875,2026-11-13,put,mini,252,0.3266,37,252.0
2026-10-07,61000,2026-11-13,put,mini,120,0.3259,37,261.0
2026-10-07,61250,2026-11-13,put,mini,669,0.3223,37,273.0
2026-10-07,61375,2026-11-13,put,mini,1,0.3217,37,283.0
2026-10-07,61500,2026-11-13,put,mini,30,0.3212,37,294.0
2026-10-07,61625,2026-11-13,put,mini,1,0.3184,37,297.0
2026-10-07,61750,2026-11-13,put,mini,8,0.3169,37,305.0
2026-10-07,61875,2026-11-13,put,mini,1,0.3173,37,320.0
2026-10-07,62000,2026-11-13,put,mini,429,0.315,37,325.0
2026-10-07,62250,2026-11-13,put,mini,7,0.3114,37,340.0
2026-10-07,62375,2026-11-13,put,mini,5,0.3089,37,345.0
2026-10-07,62500,2026-11-13,put,mini,47,0.3088,37,360.0
2026-10-07,62750,2026-11-13,put,mini,160,0.306,37,380.0
2026-10-07,62875,2026-11-13,put,mini,1,0.3057,37,395.0
2026-10-07,63000,2026-11-13,put,mini,383,0.3053,37,410.0
2026-10-07,63125,2026-11-13,put,mini,1,0.3025,37,415.0
2026-10-07,63250,2026-11-13,put,mini,287,0.3008,37,425.0
2026-10-07,63375,2026-11-13,put,mini,440,0.3001,37,440.0
2026-10-07,63500,2026-11-13,put,mini,110,0.2993,37,455.0
2026-10-07,63625,2026-11-13,put,mini,1,0.2985,37,470.0
2026-10-07,63750,2026-11-13,put,mini,134,0.2955,37,475.0
2026-10-07,64000,2026-11-13,put,mini,682,0.2934,37,505.0
2026-10-07,64250,2026-11-13,put,mini,638,0.291,37,535.0
2026-10-07,64375,2026-11-13,put,mini,2,0.2915,37,560.0
2026-10-07,64500,2026-11-13,put,mini,194,0.2882,37,565.0
2026-10-07,64750,2026-11-13,put,mini,195,0.2861,37,600.0
2026-10-07,65000,2026-11-13,put,mini,323,0.2836,37,635.0
2026-10-07,65250,2026-11-13,put,mini,7,0.2816,37,675.0
2026-10-07,65375,2026-11-13,put,mini,3,0.2805,37,695.0
2026-10-07,65500,2026-11-13,put,mini,43,0.2801,37,720.0
2026-10-07,65750,2026-11-13,put,mini,16,0.2766,37,755.0
2026-10-07,65875,2026-11-13,put,mini,785,0.2767,37,785.0
2026-10-07,66000,2026-11-13,put,mini,220,0.2758,37,810.0
2026-10-07,66125,2026-11-13,put,mini,1,0.2727,37,820.0
2026-10-07,66250,2026-11-13,put,mini,3,0.2717,37,845.0
2026-10-07,66375,2026-11-13,put,mini,875,0.2714,37,875.0
2026-10-07,66500,2026-11-13,put,mini,13,0.2694,37,895.0
2026-10-07,66625,2026-11-13,put,mini,925,0.2689,37,925.0
2026-10-07,66750,2026-11-13,put,mini,15,0.2682,37,955.0
2026-10-07,66875,2026-11-13,put,mini,1,0.2674,37,985.0
2026-10-07,67000,2026-11-13,put,mini,47,0.2665,37,1015.0
2026-10-07,67125,2026-11-13,put,mini,1030,0.2635,37,1030.0
2026-10-07,67250,2026-11-13,put,mini,6,0.2638,37,1070.0
2026-10-07,67500,2026-11-13,put,mini,46,0.2633,37,1145.0
2026-10-07,67750,2026-11-13,put,mini,3,0.2597,37,1200.0
2026-10-07,68000,2026-11-13,put,mini,35,0.2577,37,1270.0
2026-10-07,68125,2026-11-13,put,mini,1,0.2602,37,1335.0
2026-10-07,68250,2026-11-13,put,mini,17,0.2564,37,1350.0
2026-10-07,68375,2026-11-13,put,mini,1420,0.2592,37,1420.0
2026-10-07,68500,2026-11-13,put,mini,6,0.2535,37,1420.0
2026-10-07,68750,2026-11-13,put,mini,7,0.2525,37,1510.0
2026-10-07,69000,2026-11-13,put,mini,40,0.2511,37,1600.0
2026-10-07,69125,2026-11-13,put,mini,1,0.249,37,1635.0
2026-10-07,69250,2026-11-13,put,mini,4,0.2492,37,1690.0
2026-10-07,69375,2026-11-13,put,mini,1740,0.2486,37,1740.0
2026-10-07,69500,2026-11-13,put,mini,15,0.2474,37,1785.0
2026-10-07,69750,2026-11-13,put,mini,3,0.2451,37,1880.0
2026-10-07,70000,2026-11-13,put,mini,33,0.2445,37,1995.0
2026-10-07,70250,2026-11-13,put,mini,222,0.2418,37,2095.0
2026-10-07,70500,2026-11-13,put,mini,9,0.2403,37,2210.0
2026-10-07,70750,2026-11-13,put,mini,19,0.2388,37,2330.0
2026-10-07,71000,2026-11-13,put,mini,3,0.2356,37,2440.0
2026-10-07,71500,2026-11-13,put,mini,1,0.2317,37,2695.0
2026-10-07,72000,2026-11-13,put,mini,27,0.2289,37,2980.0
2026-10-07,72250,2026-11-13,put,mini,3,0.2264,37,3120.0
2026-10-07,73000,2026-11-13,put,mini,1,0.2207,37,3585.0
2026-10-07,60500,2026-12-11,put,mini,41,0.3087,65,515.0
2026-10-07,60625,2026-12-11,put,mini,1,0.3066,65,520.0
2026-10-07,60750,2026-12-11,put,mini,1,0.3044,65,525.0
2026-10-07,61000,2026-12-11,put,mini,7,0.3068,65,575.0
2026-10-07,61250,2026-12-11,put,mini,2,0.3022,65,585.0
2026-10-07,61375,2026-12-11,put,mini,1,0.3031,65,610.0
2026-10-07,61500,2026-12-11,put,mini,1,0.3,65,610.0
2026-10-07,61750,2026-12-11,put,mini,4,0.2976,65,635.0
2026-10-07,62000,2026-12-11,put,mini,8,0.2973,65,675.0
2026-10-07,62250,2026-12-11,put,mini,1,0.2967,65,715.0
2026-10-07,62500,2026-12-11,put,mini,3,0.2945,65,745.0
2026-10-07,63000,2026-12-11,put,mini,3,0.2902,65,810.0
2026-10-07,63500,2026-12-11,put,mini,3,0.2871,65,890.0
2026-10-07,63875,2026-12-11,put,mini,1,0.2842,65,950.0
2026-10-07,64000,2026-12-11,put,mini,19,0.2795,65,940.0
2026-10-07,64250,2026-12-11,put,mini,6,0.2791,65,995.0
2026-10-07,64375,2026-12-11,put,mini,1,0.2791,65,1025.0
2026-10-07,64500,2026-12-11,put,mini,3,0.2785,65,1050.0
2026-10-07,65000,2026-12-11,put,mini,1,0.2725,65,1125.0
2026-10-07,65250,2026-12-11,put,mini,3,0.2734,65,1200.0
2026-10-07,65500,2026-12-11,put,mini,6,0.2723,65,1260.0
2026-10-07,65750,2026-12-11,put,mini,3,0.2689,65,1300.0
2026-10-07,66000,2026-12-11,put,mini,9,0.2669,65,1355.0
2026-10-07,66500,2026-12-11,put,mini,2,0.2631,65,1475.0
2026-10-07,66750,2026-12-11,put,mini,8,0.2634,65,1560.0
2026-10-07,67000,2026-12-11,put,mini,12,0.2633,65,1645.0
2026-10-07,67250,2026-12-11,put,mini,12,0.2606,65,1705.0
2026-10-07,67750,2026-12-11,put,mini,1845,0.2564,65,1845.0
2026-10-07,68000,2026-12-11,put,mini,16,0.2566,65,1945.0
2026-10-07,68250,2026-12-11,put,mini,12,0.2552,65,2030.0
2026-10-07,68750,2026-12-11,put,mini,6,0.2512,65,2195.0
2026-10-07,69000,2026-12-11,put,mini,8,0.2499,65,2290.0
2026-10-07,69500,2026-12-11,put,mini,12,0.2457,65,2470.0
2026-10-07,70000,2026-12-11,put,mini,3,0.2441,65,2695.0
2026-10-07,72000,2026-12-11,call,mini,2,0.3701,65,3670.0
2026-10-07,58375,2026-10-09,call,mini,6,1.8775,2,12365.0
2026-10-07,58500,2026-10-09,call,mini,42,1.8609,2,12240.0
2026-10-07,59000,2026-10-09,call,mini,11740,1.7949,2,11740.0
2026-10-07,59250,2026-10-09,call,mini,11490,1.762,2,11490.0
2026-10-07,59500,2026-10-09,call,mini,5,1.7291,2,11240.0
2026-10-07,59750,2026-10-09,call,mini,3,1.6963,2,10990.0
2026-10-07,60000,2026-10-09,call,mini,12,1.6634,2,10740.0
2026-10-07,60250,2026-10-09,call,mini,1,1.6306,2,10490.0
2026-10-07,60500,2026-10-09,call,mini,35,1.5978,2,10240.0
2026-10-07,60750,2026-10-09,call,mini,9995,1.5708,2,9995.0
2026-10-07,61000,2026-10-09,call,mini,75,1.538,2,9745.0
2026-10-07,61125,2026-10-09,call,mini,6,1.5216,2,9620.0
2026-10-07,61250,2026-10-09,call,mini,601,1.5052,2,9495.0
2026-10-07,61500,2026-10-09,call,mini,9,1.4723,2,9245.0
2026-10-07,61750,2026-10-09,call,mini,8995,1.4395,2,8995.0
2026-10-07,61875,2026-10-09,call,mini,8870,1.4231,2,8870.0
2026-10-07,62000,2026-10-09,call,mini,5,1.4067,2,8745.0
2026-10-07,62250,2026-10-09,call,mini,3,1.3738,2,8495.0
2026-10-07,62500,2026-10-09,call,mini,11,1.3409,2,8245.0
2026-10-07,62750,2026-10-09,call,mini,956,1.308,2,7995.0
2026-10-07,62875,2026-10-09,call,mini,1,1.2915,2,7870.0
2026-10-07,63000,2026-10-09,call,mini,142,1.2751,2,7745.0
2026-10-07,63250,2026-10-09,call,mini,133,1.2421,2,7495.0
2026-10-07,63375,2026-10-09,call,mini,2,1.2256,2,7370.0
2026-10-07,63500,2026-10-09,call,mini,63,1.209,2,7245.0
2026-10-07,63750,2026-10-09,call,mini,72,1.176,2,6995.0
2026-10-07,63875,2026-10-09,call,mini,5,1.1594,2,6870.0
2026-10-07,64000,2026-10-09,call,mini,386,1.1428,2,6745.0
2026-10-07,64125,2026-10-09,call,mini,1,1.1262,2,6620.0
2026-10-07,64250,2026-10-09,call,mini,350,1.1095,2,6495.0
2026-10-07,64375,2026-10-09,call,mini,6370,1.0929,2,6370.0
2026-10-07,64500,2026-10-09,call,mini,114,1.0762,2,6245.0
2026-10-07,64625,2026-10-09,call,mini,1,1.0595,2,6120.0
2026-10-07,64750,2026-10-09,call,mini,108,1.0473,2,6000.0
2026-10-07,64875,2026-10-09,call,mini,5875,1.0304,2,5875.0
2026-10-07,65000,2026-10-09,call,mini,238,1.0136,2,5750.0
2026-10-07,65125,2026-10-09,call,mini,5625,0.9967,2,5625.0
2026-10-07,65250,2026-10-09,call,mini,7,0.9798,2,5500.0
2026-10-07,65375,2026-10-09,call,mini,1,0.9629,2,5375.0
2026-10-07,65500,2026-10-09,call,mini,145,0.9459,2,5250.0
2026-10-07,65625,2026-10-09,call,mini,5125,0.9289,2,5125.0
2026-10-07,65750,2026-10-09,call,mini,11,0.9119,2,5000.0
2026-10-07,65875,2026-10-09,call,mini,1,0.8947,2,4875.0
2026-10-07,66000,2026-10-09,call,mini,291,0.8816,2,4755.0
2026-10-07,66125,2026-10-09,call,mini,4630,0.8644,2,4630.0
2026-10-07,66250,2026-10-09,call,mini,10,0.8471,2,4505.0
2026-10-07,66375,2026-10-09,call,mini,2,0.8297,2,4380.0
2026-10-07,66500,2026-10-09,call,mini,99,0.8123,2,4255.0
2026-10-07,66625,2026-10-09,call,mini,4135,0.7986,2,4135.0
2026-10-07,66750,2026-10-09,call,mini,26,0.781,2,4010.0
2026-10-07,66875,2026-10-09,call,mini,3890,0.767,2,3890.0
2026-10-07,67000,2026-10-09,call,mini,423,0.7492,2,3765.0
2026-10-07,67125,2026-10-09,call,mini,7,0.7313,2,3640.0
2026-10-07,67250,2026-10-09,call,mini,116,0.7169,2,3520.0
2026-10-07,67375,2026-10-09,call,mini,1,0.6988,2,3395.0
2026-10-07,67500,2026-10-09,call,mini,318,0.684,2,3275.0
2026-10-07,67625,2026-10-09,call,mini,3155,0.669,2,3155.0
2026-10-07,67750,2026-10-09,call,mini,41,0.6505,2,3030.0
2026-10-07,67875,2026-10-09,call,mini,2910,0.6351,2,2910.0
2026-10-07,68000,2026-10-09,call,mini,448,0.642,2,2825.0
2026-10-07,68125,2026-10-09,call,mini,1,0.6037,2,2670.0
2026-10-07,68250,2026-10-09,call,mini,132,0.5876,2,2550.0
2026-10-07,68375,2026-10-09,call,mini,2,0.5743,2,2435.0
2026-10-07,68500,2026-10-09,call,mini,373,0.5992,2,2385.0
2026-10-07,68625,2026-10-09,call,mini,2200,0.5435,2,2200.0
2026-10-07,68750,2026-10-09,call,mini,62,0.529,2,2085.0
2026-10-07,68875,2026-10-09,call,mini,1,0.5169,2,1975.0
2026-10-07,69000,2026-10-09,call,mini,623,0.5237,2,1900.0
2026-10-07,69125,2026-10-09,call,mini,4,0.4938,2,1760.0
2026-10-07,69250,2026-10-09,call,mini,53,0.4798,2,1650.0
2026-10-07,69375,2026-10-09,call,mini,1550,0.4706,2,1550.0
2026-10-07,69500,2026-10-09,call,mini,246,0.4578,2,1445.0
2026-10-07,69625,2026-10-09,call,mini,1345,0.4468,2,1345.0
2026-10-07,69750,2026-10-09,call,mini,248,0.4399,2,1255.0
2026-10-07,69875,2026-10-09,call,mini,37,0.4319,2,1165.0
2026-10-07,70000,2026-10-09,call,mini,844,0.4301,2,1090.0
2026-10-07,70125,2026-10-09,call,mini,3,0.4197,2,1000.0
2026-10-07,70250,2026-10-09,call,mini,133,0.413,2,920.0
2026-10-07,70375,2026-10-09,call,mini,7,0.4048,2,840.0
2026-10-07,70500,2026-10-09,call,mini,530,0.4025,2,775.0
2026-10-07,70625,2026-10-09,call,mini,1,0.4012,2,715.0
2026-10-07,70750,2026-10-09,call,mini,40,0.3911,2,640.0
2026-10-07,70875,2026-10-09,call,mini,6,0.3892,2,585.0
2026-10-07,71000,2026-10-09,call,mini,882,0.3908,2,540.0
2026-10-07,71125,2026-10-09,call,mini,4,0.3858,2,485.0
2026-10-07,71250,2026-10-09,call,mini,49,0.3844,2,440.0
2026-10-07,71375,2026-10-09,call,mini,1,0.3841,2,400.0
2026-10-07,71500,2026-10-09,call,mini,395,0.3878,2,370.0
2026-10-07,71625,2026-10-09,call,mini,1,0.3845,2,330.0
2026-10-07,71750,2026-10-09,call,mini,908,0.3915,2,310.0
2026-10-07,71875,2026-10-09,call,mini,2,0.3794,2,261.0
2026-10-07,72000,2026-10-09,call,mini,1687,0.3864,2,245.0
2026-10-07,72125,2026-10-09,call,mini,6,0.3932,2,230.0
2026-10-07,72250,2026-10-09,call,mini,843,0.4055,2,224.0
2026-10-07,72500,2026-10-09,call,mini,55,0.3846,2,155.0
2026-10-07,72625,2026-10-09,call,mini,1,0.3813,2,134.0
2026-10-07,72750,2026-10-09,call,mini,14,0.3835,2,121.0
2026-10-07,73000,2026-10-09,call,mini,301,0.3864,2,97.0
2026-10-07,64750,2026-10-14,call,mini,6045,0.5805,7,6045.0
2026-10-07,65250,2026-10-14,call,mini,2,0.5503,7,5560.0
2026-10-07,68500,2026-10-14,call,mini,2,0.3721,7,2555.0
2026-10-07,63750,2026-10-16,call,mini,4,0.5717,9,7035.0
2026-10-07,64750,2026-10-16,call,mini,2,0.5179,9,6060.0
2026-10-07,65000,2026-10-16,call,mini,4,0.5035,9,5815.0
2026-10-07,65250,2026-10-16,call,mini,2,0.491,9,5575.0
2026-10-07,65500,2026-10-16,call,mini,8,0.4763,9,5330.0
2026-10-07,66250,2026-10-16,call,mini,4,0.4365,9,4610.0
2026-10-07,66750,2026-10-16,call,mini,4,0.4118,9,4140.0
2026-10-07,67000,2026-10-16,call,mini,1,0.4052,9,3925.0
2026-10-07,67750,2026-10-16,call,mini,4,0.3764,9,3265.0
2026-10-07,68000,2026-10-16,call,mini,3,0.364,9,3040.0
2026-10-07,68250,2026-10-16,call,mini,7,0.3563,9,2835.0
2026-10-07,68500,2026-10-16,call,mini,3,0.349,9,2635.0
2026-10-07,68875,2026-10-16,call,mini,2350,0.3398,9,2350.0
2026-10-07,69000,2026-10-16,call,mini,23,0.3361,9,2255.0
2026-10-07,69250,2026-10-16,call,mini,17,0.378,9,2275.0
2026-10-07,69375,2026-10-16,call,mini,6,0.3292,9,1995.0
2026-10-07,69500,2026-10-16,call,mini,4,0.3255,9,1905.0
2026-10-07,69625,2026-10-16,call,mini,2,0.3226,9,1820.0
2026-10-07,69750,2026-10-16,call,mini,12,0.3227,9,1750.0
2026-10-07,70000,2026-10-16,call,mini,22,0.3185,9,1595.0
2026-10-07,70250,2026-10-16,call,mini,1,0.3116,9,1435.0
2026-10-07,70500,2026-10-16,call,mini,18,0.3076,9,1295.0
2026-10-07,70750,2026-10-16,call,mini,6,0.3065,9,1175.0
2026-10-07,70875,2026-10-16,call,mini,1065,0.2939,9,1065.0
2026-10-07,71000,2026-10-16,call,mini,8,0.2946,9,1015.0
2026-10-07,71125,2026-10-16,call,mini,1,0.2925,9,955.0
2026-10-07,71250,2026-10-16,call,mini,2,0.2911,9,900.0
2026-10-07,71375,2026-10-16,call,mini,1,0.288,9,840.0
2026-10-07,71500,2026-10-16,call,mini,6,0.3072,9,875.0
2026-10-07,71750,2026-10-16,call,mini,1,0.2844,9,695.0
2026-10-07,71875,2026-10-16,call,mini,1,0.2893,9,675.0
2026-10-07,72000,2026-10-16,call,mini,251,0.2851,9,620.0
2026-10-07,72500,2026-10-16,call,mini,1,0.2838,9,480.0
2026-10-07,72750,2026-10-16,call,mini,415,0.2818,9,415.0
2026-10-07,73000,2026-10-16,call,mini,30,0.2933,9,400.0
2026-10-07,65250,2026-10-21,call,mini,5675,0.423,14,5675.0
2026-10-07,68500,2026-10-21,call,mini,2,0.3308,14,2885.0
2026-10-07,65250,2026-10-23,call,mini,2,0.4101,16,5730.0
2026-10-07,66250,2026-10-23,call,mini,4,0.3751,16,4805.0
2026-10-07,66750,2026-10-23,call,mini,4,0.3665,16,4390.0
2026-10-07,67750,2026-10-23,call,mini,4,0.3437,16,3565.0
2026-10-07,68250,2026-10-23,call,mini,2,0.3333,16,3175.0
2026-10-07,69000,2026-10-23,call,mini,4,0.3236,16,2650.0
2026-10-07,68500,2026-10-28,call,mini,2,0.3194,21,3190.0
2026-10-07,67750,2026-10-30,call,mini,4,0.3291,23,3825.0
2026-10-07,68250,2026-10-30,call,mini,2,0.321,23,3450.0
2026-10-07,69000,2026-10-30,call,mini,4,0.3122,23,2935.0
2026-10-07,60500,2026-11-13,call,mini,1,0.4454,37,10555.0
2026-10-07,61000,2026-11-13,call,mini,10080,0.4335,37,10080.0
2026-10-07,61250,2026-11-13,call,mini,215,0.428,37,9845.0
2026-10-07,61500,2026-11-13,call,mini,2,0.4223,37,9610.0
2026-10-07,62000,2026-11-13,call,mini,9145,0.4117,37,9145.0
2026-10-07,62500,2026-11-13,call,mini,8680,0.4006,37,8680.0
2026-10-07,62750,2026-11-13,call,mini,32,0.3954,37,8450.0
2026-10-07,63000,2026-11-13,call,mini,301,0.39,37,8220.0
2026-10-07,63250,2026-11-13,call,mini,268,0.3854,37,7995.0
2026-10-07,63500,2026-11-13,call,mini,70,0.3806,37,7770.0
2026-10-07,63750,2026-11-13,call,mini,138,0.3756,37,7545.0
2026-10-07,64000,2026-11-13,call,mini,633,0.3713,37,7325.0
2026-10-07,64250,2026-11-13,call,mini,701,0.366,37,7100.0
2026-10-07,64500,2026-11-13,call,mini,184,0.3622,37,6885.0
2026-10-07,64750,2026-11-13,call,mini,209,0.3581,37,6670.0
2026-10-07,64875,2026-11-13,call,mini,6575,0.3578,37,6575.0
2026-10-07,65000,2026-11-13,call,mini,188,0.3537,37,6455.0
2026-10-07,65125,2026-11-13,call,mini,6340,0.3504,37,6340.0
2026-10-07,65250,2026-11-13,call,mini,17,0.35,37,6245.0
2026-10-07,65500,2026-11-13,call,mini,97,0.3459,37,6035.0
2026-10-07,65625,2026-11-13,call,mini,5950,0.3467,37,5950.0
2026-10-07,65750,2026-11-13,call,mini,17,0.3424,37,5830.0
2026-10-07,65875,2026-11-13,call,mini,5735,0.3416,37,5735.0
2026-10-07,66000,2026-11-13,call,mini,25,0.3379,37,5620.0
2026-10-07,66250,2026-11-13,call,mini,17,0.3345,37,5420.0
2026-10-07,66500,2026-11-13,call,mini,23,0.3309,37,5220.0
2026-10-07,66625,2026-11-13,call,mini,5130,0.3303,37,5130.0
2026-10-07,66750,2026-11-13,call,mini,21,0.3276,37,5025.0
2026-10-07,67000,2026-11-13,call,mini,51,0.324,37,4830.0
2026-10-07,67125,2026-11-13,call,mini,4735,0.3225,37,4735.0
2026-10-07,67250,2026-11-13,call,mini,73,0.3221,37,4650.0
2026-10-07,67375,2026-11-13,call,mini,4585,0.3241,37,4585.0
2026-10-07,67500,2026-11-13,call,mini,38,0.3185,37,4460.0
2026-10-07,67625,2026-11-13,call,mini,20,0.3216,37,4405.0
2026-10-07,67750,2026-11-13,call,mini,40,0.3159,37,4280.0
2026-10-07,68000,2026-11-13,call,mini,91,0.3123,37,4095.0
2026-10-07,68125,2026-11-13,call,mini,4040,0.3149,37,4040.0
2026-10-07,68250,2026-11-13,call,mini,80,0.3108,37,3930.0
2026-10-07,68375,2026-11-13,call,mini,1,0.3132,37,3875.0
2026-10-07,68500,2026-11-13,call,mini,63,0.3071,37,3750.0
2026-10-07,68625,2026-11-13,call,mini,3700,0.3099,37,3700.0
2026-10-07,68750,2026-11-13,call,mini,87,0.306,37,3595.0
2026-10-07,69000,2026-11-13,call,mini,114,0.3023,37,3420.0
2026-10-07,69250,2026-11-13,call,mini,6,0.3015,37,3275.0
2026-10-07,69375,2026-11-13,call,mini,1,0.3002,37,3195.0
2026-10-07,69500,2026-11-13,call,mini,18,0.2993,37,3120.0
2026-10-07,69625,2026-11-13,call,mini,3045,0.2983,37,3045.0
2026-10-07,69750,2026-11-13,call,mini,12,0.2966,37,2965.0
2026-10-07,69875,2026-11-13,call,mini,4,0.2949,37,2885.0
2026-10-07,70000,2026-11-13,call,mini,152,0.2953,37,2825.0
2026-10-07,70125,2026-11-13,call,mini,2750,0.2939,37,2750.0
2026-10-07,70250,2026-11-13,call,mini,225,0.2935,37,2685.0
2026-10-07,70375,2026-11-13,call,mini,1,0.2919,37,2610.0
2026-10-07,70500,2026-11-13,call,mini,162,0.2924,37,2555.0
2026-10-07,70625,2026-11-13,call,mini,2480,0.2906,37,2480.0
2026-10-07,70750,2026-11-13,call,mini,2,0.2904,37,2420.0
2026-10-07,70875,2026-11-13,call,mini,5,0.2878,37,2340.0
2026-10-07,71000,2026-11-13,call,mini,113,0.2907,37,2310.0
2026-10-07,71250,2026-11-13,call,mini,1,0.2855,37,2155.0
2026-10-07,71500,2026-11-13,call,mini,46,0.2861,37,2055.0
2026-10-07,71625,2026-11-13,call,mini,1970,0.2823,37,1970.0
2026-10-07,71750,2026-11-13,call,mini,26,0.2846,37,1940.0
2026-10-07,71875,2026-11-13,call,mini,1,0.2833,37,1880.0
2026-10-07,72000,2026-11-13,call,mini,363,0.2843,37,1840.0
2026-10-07,72125,2026-11-13,call,mini,1775,0.2823,37,1775.0
2026-10-07,72250,2026-11-13,call,mini,178,0.2819,37,1725.0
2026-10-07,72500,2026-11-13,call,mini,6,0.2807,37,1625.0
2026-10-07,72750,2026-11-13,call,mini,1,0.2803,37,1535.0
2026-10-07,73000,2026-11-13,call,mini,36,0.2801,37,1450.0
2026-10-07,60500,2026-12-11,call,mini,10,0.3857,65,10890.0
2026-10-07,61000,2026-12-11,call,mini,10450,0.3799,65,10450.0
2026-10-07,63000,2026-12-11,call,mini,1,0.3524,65,8690.0
2026-10-07,63500,2026-12-11,call,mini,1,0.3467,65,8270.0
2026-10-07,63750,2026-12-11,call,mini,6,0.3436,65,8060.0
2026-10-07,64000,2026-12-11,call,mini,7845,0.3399,65,7845.0
2026-10-07,64500,2026-12-11,call,mini,7430,0.3337,65,7430.0
2026-10-07,64750,2026-12-11,call,mini,3,0.3306,65,7225.0
2026-10-07,65000,2026-12-11,call,mini,6,0.3285,65,7030.0
2026-10-07,65125,2026-12-11,call,mini,1,0.3281,65,6940.0
2026-10-07,65250,2026-12-11,call,mini,3,0.3261,65,6835.0
2026-10-07,65500,2026-12-11,call,mini,1,0.3241,65,6645.0
2026-10-07,65750,2026-12-11,call,mini,4,0.3199,65,6435.0
2026-10-07,66000,2026-12-11,call,mini,3,0.3176,65,6245.0
2026-10-07,66250,2026-12-11,call,mini,19,0.315,65,6055.0
2026-10-07,66500,2026-12-11,call,mini,1,0.3123,65,5865.0
2026-10-07,66750,2026-12-11,call,mini,13,0.3118,65,5700.0
2026-10-07,67000,2026-12-11,call,mini,2,0.311,65,5535.0
2026-10-07,67125,2026-12-11,call,mini,5445,0.3098,65,5445.0
2026-10-07,67250,2026-12-11,call,mini,1,0.3077,65,5345.0
2026-10-07,67375,2026-12-11,call,mini,1,0.3078,65,5270.0
2026-10-07,67500,2026-12-11,call,mini,1,0.3056,65,5170.0
2026-10-07,67750,2026-12-11,call,mini,12,0.3023,65,4985.0
2026-10-07,68000,2026-12-11,call,mini,26,0.302,65,4835.0
2026-10-07,68250,2026-12-11,call,mini,6,0.3006,65,4675.0
2026-10-07,68500,2026-12-11,call,mini,6,0.2977,65,4500.0
2026-10-07,69000,2026-12-11,call,mini,15,0.2946,65,4190.0
2026-10-07,70000,2026-12-11,call,mini,7,0.2875,65,3590.0
2026-10-07,70375,2026-12-11,call,mini,1,0.2864,65,3395.0
2026-10-07,71000,2026-12-11,call,mini,12,0.2816,65,3050.0
2026-10-07,71500,2026-12-11,call,mini,1,0.2793,65,2805.0
2026-10-07,72000,2026-12-11,call,mini,19,0.2772,65,2575.0
2026-10-07,73000,2026-12-11,call,mini,1,0.274,65,2160.0
