date,strike,expiry,type,product,oi,iv,days_to_expiry,settlement
2026-07-09,20000,2026-08-13,put,regular,1601,1.2123,35,2.0
2026-07-09,22000,2026-08-13,put,regular,101,1.1206,35,2.0
2026-07-09,24000,2026-08-13,put,regular,60,1.037,35,2.0
2026-07-09,25000,2026-08-13,put,regular,4067,1.0299,35,3.0
2026-07-09,26000,2026-08-13,put,regular,23,1.0148,35,4.0
2026-07-09,27000,2026-08-13,put,regular,35,0.9766,35,4.0
2026-07-09,28000,2026-08-13,put,regular,55,0.958,35,5.0
2026-07-09,29000,2026-08-13,put,regular,21,0.9368,35,6.0
2026-07-09,30000,2026-08-13,put,regular,6151,0.914,35,7.0
2026-07-09,31000,2026-08-13,put,regular,14,0.8903,35,8.0
2026-07-09,32000,2026-08-13,put,regular,100,0.8659,35,9.0
2026-07-09,33000,2026-08-13,put,regular,28,0.8565,35,12.0
2026-07-09,34000,2026-08-13,put,regular,21,0.8424,35,15.0
2026-07-09,35000,2026-08-13,put,regular,989,0.8203,35,17.0
2026-07-09,36000,2026-08-13,put,regular,55,0.7928,35,18.0
2026-07-09,37000,2026-08-13,put,regular,41,0.7897,35,25.0
2026-07-09,37500,2026-08-13,put,regular,50,0.7806,35,27.0
2026-07-09,38000,2026-08-13,put,regular,1537,0.7578,35,25.0
2026-07-09,38500,2026-08-13,put,regular,81,0.7613,35,31.0
2026-07-09,39000,2026-08-13,put,regular,118,0.7539,35,34.0
2026-07-09,39500,2026-08-13,put,regular,1,0.7408,35,35.0
2026-07-09,39750,2026-08-13,put,regular,2,0.733,35,35.0
2026-07-09,40000,2026-08-13,put,regular,833,0.7226,35,34.0
2026-07-09,40250,2026-08-13,put,regular,7,0.7249,35,38.0
2026-07-09,40500,2026-08-13,put,regular,30,0.7195,35,39.0
2026-07-09,40750,2026-08-13,put,regular,5,0.7163,35,41.0
2026-07-09,41000,2026-08-13,put,regular,129,0.7108,35,42.0
2026-07-09,41250,2026-08-13,put,regular,25,0.7073,35,44.0
2026-07-09,41500,2026-08-13,put,regular,8,0.7037,35,46.0
2026-07-09,41750,2026-08-13,put,regular,20,0.698,35,47.0
2026-07-09,42000,2026-08-13,put,regular,443,0.6922,35,48.0
2026-07-09,42250,2026-08-13,put,regular,1,0.6902,35,51.0
2026-07-09,42500,2026-08-13,put,regular,137,0.6861,35,53.0
2026-07-09,42750,2026-08-13,put,regular,36,0.6836,35,56.0
2026-07-09,43000,2026-08-13,put,regular,115,0.6776,35,57.0
2026-07-09,43250,2026-08-13,put,regular,8,0.6683,35,56.0
2026-07-09,43500,2026-08-13,put,regular,4,0.6655,35,59.0
2026-07-09,43750,2026-08-13,put,regular,3,0.6595,35,60.0
2026-07-09,44000,2026-08-13,put,regular,161,0.6519,35,60.0
2026-07-09,44250,2026-08-13,put,regular,5,0.656,35,68.0
2026-07-09,44500,2026-08-13,put,regular,205,0.6512,35,70.0
2026-07-09,44750,2026-08-13,put,regular,51,0.6462,35,72.0
2026-07-09,45000,2026-08-13,put,regular,1272,0.6425,35,75.0
2026-07-09,45250,2026-08-13,put,regular,101,0.6374,35,77.0
2026-07-09,45500,2026-08-13,put,regular,151,0.6405,35,86.0
2026-07-09,45750,2026-08-13,put,regular,29,0.6294,35,83.0
2026-07-09,46000,2026-08-13,put,regular,429,0.6253,35,86.0
2026-07-09,46250,2026-08-13,put,regular,13,0.6232,35,91.0
2026-07-09,46500,2026-08-13,put,regular,254,0.6198,35,95.0
2026-07-09,46750,2026-08-13,put,regular,55,0.6152,35,98.0
2026-07-09,47000,2026-08-13,put,regular,554,0.6096,35,100.0
2026-07-09,47250,2026-08-13,put,regular,65,0.602,35,100.0
2026-07-09,47500,2026-08-13,put,regular,253,0.6038,35,110.0
2026-07-09,47750,2026-08-13,put,regular,41,0.5988,35,113.0
2026-07-09,48000,2026-08-13,put,regular,693,0.5981,35,121.0
2026-07-09,48250,2026-08-13,put,regular,118,0.5921,35,123.0
2026-07-09,48500,2026-08-13,put,regular,228,0.5924,35,133.0
2026-07-09,48750,2026-08-13,put,regular,151,0.5863,35,135.0
2026-07-09,49000,2026-08-13,put,regular,1188,0.5816,35,139.0
2026-07-09,49250,2026-08-13,put,regular,41,0.5797,35,147.0
2026-07-09,49500,2026-08-13,put,regular,567,0.5762,35,153.0
2026-07-09,49750,2026-08-13,put,regular,33,0.5725,35,159.0
2026-07-09,50000,2026-08-13,put,regular,3550,0.5674,35,163.0
2026-07-09,50250,2026-08-13,put,regular,77,0.5647,35,171.0
2026-07-09,50500,2026-08-13,put,regular,235,0.5612,35,178.0
2026-07-09,50750,2026-08-13,put,regular,806,0.5588,35,187.0
2026-07-09,51000,2026-08-13,put,regular,410,0.5566,35,197.0
2026-07-09,51250,2026-08-13,put,regular,50,0.5504,35,200.0
2026-07-09,51500,2026-08-13,put,regular,138,0.5474,35,209.0
2026-07-09,51750,2026-08-13,put,regular,43,0.5432,35,216.0
2026-07-09,52000,2026-08-13,put,regular,597,0.5404,35,226.0
2026-07-09,52250,2026-08-13,put,regular,6,0.5373,35,236.0
2026-07-09,52500,2026-08-13,put,regular,318,0.535,35,248.0
2026-07-09,52750,2026-08-13,put,regular,3,0.5303,35,255.0
2026-07-09,53000,2026-08-13,put,regular,1041,0.5302,35,273.0
2026-07-09,53250,2026-08-13,put,regular,9,0.5238,35,277.0
2026-07-09,53500,2026-08-13,put,regular,219,0.5224,35,293.0
2026-07-09,53750,2026-08-13,put,regular,8,0.5191,35,305.0
2026-07-09,54000,2026-08-13,put,regular,339,0.5148,35,315.0
2026-07-09,54250,2026-08-13,put,regular,8,0.5123,35,330.0
2026-07-09,54500,2026-08-13,put,regular,331,0.5077,35,340.0
2026-07-09,54750,2026-08-13,put,regular,13,0.5066,35,360.0
2026-07-09,55000,2026-08-13,put,regular,2101,0.5051,35,380.0
2026-07-09,55250,2026-08-13,put,regular,12,0.4968,35,380.0
2026-07-09,55500,2026-08-13,put,regular,216,0.4933,35,395.0
2026-07-09,55750,2026-08-13,put,regular,1006,0.4943,35,425.0
2026-07-09,56000,2026-08-13,put,regular,1215,0.4874,35,430.0
2026-07-09,56250,2026-08-13,put,regular,16,0.4907,35,470.0
2026-07-09,56500,2026-08-13,put,regular,33,0.4878,35,490.0
2026-07-09,56750,2026-08-13,put,regular,33,0.4846,35,510.0
2026-07-09,56875,2026-08-13,put,regular,9,0.4829,35,520.0
2026-07-09,57000,2026-08-13,put,regular,519,0.4773,35,515.0
2026-07-09,57125,2026-08-13,put,regular,1,0.4834,35,555.0
2026-07-09,57250,2026-08-13,put,regular,16,0.4764,35,545.0
2026-07-09,57375,2026-08-13,put,regular,1,0.4784,35,570.0
2026-07-09,57500,2026-08-13,put,regular,429,0.4676,35,545.0
2026-07-09,57625,2026-08-13,put,regular,2,0.4683,35,565.0
2026-07-09,57750,2026-08-13,put,regular,5,0.4676,35,580.0
2026-07-09,57875,2026-08-13,put,regular,1,0.468,35,600.0
2026-07-09,58000,2026-08-13,put,regular,1451,0.4683,35,620.0
2026-07-09,58125,2026-08-13,put,regular,570000,0.4697,35,645.0
2026-07-09,58250,2026-08-13,put,regular,8,0.4675,35,655.0
2026-07-09,58375,2026-08-13,put,regular,11,0.472,35,695.0
2026-07-09,58500,2026-08-13,put,regular,134,0.4663,35,690.0
2026-07-09,58625,2026-08-13,put,regular,4,0.4694,35,725.0
2026-07-09,58750,2026-08-13,put,regular,8,0.4648,35,725.0
2026-07-09,58875,2026-08-13,put,regular,13,0.4666,35,755.0
2026-07-09,59000,2026-08-13,put,regular,522,0.4534,35,715.0
2026-07-09,59125,2026-08-13,put,regular,34,0.4635,35,785.0
2026-07-09,59250,2026-08-13,put,regular,70,0.4598,35,790.0
2026-07-09,59375,2026-08-13,put,regular,12,0.4612,35,820.0
2026-07-09,59500,2026-08-13,put,regular,839,0.4585,35,830.0
2026-07-09,59625,2026-08-13,put,regular,10,0.4596,35,860.0
2026-07-09,59750,2026-08-13,put,regular,10,0.4568,35,870.0
2026-07-09,59875,2026-08-13,put,regular,13,0.4558,35,890.0
2026-07-09,60000,2026-08-13,put,regular,4254,0.4529,35,900.0
2026-07-09,60125,2026-08-13,put,regular,100,0.4537,35,930.0
2026-07-09,60250,2026-08-13,put,regular,2,0.4516,35,945.0
2026-07-09,60375,2026-08-13,put,regular,7,0.4486,35,955.0
2026-07-09,60500,2026-08-13,put,regular,109,0.4455,35,965.0
2026-07-09,60625,2026-08-13,put,regular,112,0.4504,35,1020.0
2026-07-09,60750,2026-08-13,put,regular,30,0.4481,35,1035.0
2026-07-09,61000,2026-08-13,put,regular,1206,0.4416,35,1055.0
2026-07-09,61125,2026-08-13,put,regular,11,0.4477,35,1120.0
2026-07-09,61375,2026-08-13,put,regular,5,0.4458,35,1170.0
2026-07-09,61500,2026-08-13,put,regular,232,0.4423,35,1180.0
2026-07-09,61750,2026-08-13,put,regular,9,0.4425,35,1245.0
2026-07-09,61875,2026-08-13,put,regular,5,0.4436,35,1285.0
2026-07-09,62000,2026-08-13,put,regular,3104,0.4391,35,1290.0
2026-07-09,62125,2026-08-13,put,regular,125,0.4385,35,1320.0
2026-07-09,62250,2026-08-13,put,regular,125,0.4394,35,1360.0
2026-07-09,62375,2026-08-13,put,regular,3,0.4402,35,1400.0
2026-07-09,62500,2026-08-13,put,regular,1204,0.4363,35,1410.0
2026-07-09,62625,2026-08-13,put,regular,16,0.4338,35,1430.0
2026-07-09,62750,2026-08-13,put,regular,311,0.4373,35,1490.0
2026-07-09,62875,2026-08-13,put,regular,10,0.4377,35,1530.0
2026-07-09,63000,2026-08-13,put,regular,2715,0.4336,35,1540.0
2026-07-09,63125,2026-08-13,put,regular,25,0.4367,35,1600.0
2026-07-09,63375,2026-08-13,put,regular,28,0.4354,35,1670.0
2026-07-09,63500,2026-08-13,put,regular,456,0.4339,35,1700.0
2026-07-09,63625,2026-08-13,put,regular,6,0.4344,35,1745.0
2026-07-09,63750,2026-08-13,put,regular,5,0.4321,35,1770.0
2026-07-09,63875,2026-08-13,put,regular,50,0.4331,35,1820.0
2026-07-09,64000,2026-08-13,put,regular,1689,0.4286,35,1830.0
2026-07-09,64125,2026-08-13,put,regular,30,0.4322,35,1900.0
2026-07-09,64250,2026-08-13,put,regular,21,0.4296,35,1925.0
2026-07-09,64375,2026-08-13,put,regular,20,0.4309,35,1980.0
2026-07-09,64500,2026-08-13,put,regular,200,0.4288,35,2010.0
2026-07-09,64625,2026-08-13,put,regular,20,0.43,35,2065.0
2026-07-09,64750,2026-08-13,put,regular,10,0.4278,35,2095.0
2026-07-09,64875,2026-08-13,put,regular,6,0.4287,35,2150.0
2026-07-09,65000,2026-08-13,put,regular,9916,0.4238,35,2160.0
2026-07-09,65125,2026-08-13,put,regular,8,0.4284,35,2245.0
2026-07-09,65250,2026-08-13,put,regular,23,0.4253,35,2270.0
2026-07-09,65375,2026-08-13,put,regular,8,0.4271,35,2335.0
2026-07-09,65500,2026-08-13,put,regular,1796,0.4257,35,2375.0
2026-07-09,65625,2026-08-13,put,regular,43,0.4274,35,2440.0
2026-07-09,65750,2026-08-13,put,regular,101,0.4246,35,2470.0
2026-07-09,66000,2026-08-13,put,regular,1671,0.4157,35,2505.0
2026-07-09,66125,2026-08-13,put,regular,110,0.4263,35,2645.0
2026-07-09,66250,2026-08-13,put,regular,17,0.4244,35,2685.0
2026-07-09,66375,2026-08-13,put,regular,5,0.4261,35,2755.0
2026-07-09,66500,2026-08-13,put,regular,503,0.4235,35,2790.0
2026-07-09,66625,2026-08-13,put,regular,15,0.4257,35,2865.0
2026-07-09,66750,2026-08-13,put,regular,26,0.4235,35,2905.0
2026-07-09,66875,2026-08-13,put,regular,1,0.4291,35,3010.0
2026-07-09,67000,2026-08-13,put,regular,1031,0.4267,35,3050.0
2026-07-09,67125,2026-08-13,put,regular,1,0.4243,35,3090.0
2026-07-09,67250,2026-08-13,put,regular,80,0.426,35,3165.0
2026-07-09,67375,2026-08-13,put,regular,1,0.4246,35,3215.0
2026-07-09,67500,2026-08-13,put,regular,77,0.4255,35,3285.0
2026-07-09,67750,2026-08-13,put,regular,4,0.4259,35,3415.0
2026-07-09,68000,2026-08-13,put,regular,3344,0.4146,35,3450.0
2026-07-09,68125,2026-08-13,put,regular,1,0.4265,35,3615.0
2026-07-09,68250,2026-08-13,put,regular,189,0.4281,35,3695.0
2026-07-09,68375,2026-08-13,put,regular,33,0.4266,35,3750.0
2026-07-09,68500,2026-08-13,put,regular,232,0.4293,35,3840.0
2026-07-09,69000,2026-08-13,put,regular,1920,0.4307,35,4130.0
2026-07-09,69125,2026-08-13,put,regular,10,0.4294,35,4190.0
2026-07-09,69250,2026-08-13,put,regular,34,0.4309,35,4275.0
2026-07-09,69500,2026-08-13,put,regular,601,0.432,35,4430.0
2026-07-09,69750,2026-08-13,put,regular,1,0.434,35,4595.0
2026-07-09,70000,2026-08-13,put,regular,6150,0.4357,35,4760.0
2026-07-09,70125,2026-08-13,put,regular,1,0.4349,35,4830.0
2026-07-09,70250,2026-08-13,put,regular,4,0.4371,35,4925.0
2026-07-09,70375,2026-08-13,put,regular,1,0.4368,35,5000.0
2026-07-09,70500,2026-08-13,put,regular,6,0.4443,35,5140.0
2026-07-09,71000,2026-08-13,put,regular,186,0.4445,35,5460.0
2026-07-09,71500,2026-08-13,put,regular,1,0.4553,35,5875.0
2026-07-09,72000,2026-08-13,put,regular,201,0.4539,35,6200.0
2026-07-09,72250,2026-08-13,put,regular,1,0.455,35,6380.0
2026-07-09,73000,2026-08-13,put,regular,14,0.4633,35,6970.0
2026-07-09,75000,2026-08-13,put,regular,60,0.4933,35,8670.0
2026-07-09,77500,2026-08-13,put,regular,5,0.535,35,10920.0
2026-07-09,20000,2026-09-10,put,regular,847,0.9878,63,6.0
2026-07-09,22000,2026-09-10,put,regular,13,0.9567,63,10.0
2026-07-09,23000,2026-09-10,put,regular,3,0.9289,63,11.0
2026-07-09,24000,2026-09-10,put,regular,5,0.9086,63,13.0
2026-07-09,25000,2026-09-10,put,regular,3611,0.8811,63,14.0
2026-07-09,26000,2026-09-10,put,regular,117,0.8752,63,19.0
2026-07-09,27000,2026-09-10,put,regular,1,0.8601,63,23.0
2026-07-09,27500,2026-09-10,put,regular,10,0.8479,63,24.0
2026-07-09,28000,2026-09-10,put,regular,19,0.8358,63,25.0
2026-07-09,28750,2026-09-10,put,regular,65,0.8228,63,28.0
2026-07-09,29000,2026-09-10,put,regular,19,0.8183,63,29.0
2026-07-09,30000,2026-09-10,put,regular,4162,0.7814,63,27.0
2026-07-09,30500,2026-09-10,put,regular,86,0.7927,63,36.0
2026-07-09,31500,2026-09-10,put,regular,15,0.7578,63,34.0
2026-07-09,32000,2026-09-10,put,regular,15,0.7604,63,41.0
2026-07-09,33000,2026-09-10,put,regular,130,0.7462,63,48.0
2026-07-09,34000,2026-09-10,put,regular,11,0.7253,63,52.0
2026-07-09,34750,2026-09-10,put,regular,69,0.7145,63,58.0
2026-07-09,35000,2026-09-10,put,regular,1089,0.7107,63,60.0
2026-07-09,35750,2026-09-10,put,regular,50,0.7004,63,67.0
2026-07-09,36000,2026-09-10,put,regular,12,0.6963,63,69.0
2026-07-09,36750,2026-09-10,put,regular,60,0.6863,63,77.0
2026-07-09,37000,2026-09-10,put,regular,500,0.6832,63,80.0
2026-07-09,37500,2026-09-10,put,regular,2,0.6766,63,86.0
2026-07-09,37750,2026-09-10,put,regular,1,0.6732,63,89.0
2026-07-09,38000,2026-09-10,put,regular,705,0.6707,63,93.0
2026-07-09,38500,2026-09-10,put,regular,226,0.6634,63,99.0
2026-07-09,39000,2026-09-10,put,regular,62,0.6568,63,106.0
2026-07-09,39250,2026-09-10,put,regular,165,0.6528,63,109.0
2026-07-09,39500,2026-09-10,put,regular,250,0.648,63,111.0
2026-07-09,40000,2026-09-10,put,regular,3043,0.639,63,116.0
2026-07-09,40250,2026-09-10,put,regular,1,0.6349,63,119.0
2026-07-09,40500,2026-09-10,put,regular,176,0.6316,63,123.0
2026-07-09,40750,2026-09-10,put,regular,42,0.6282,63,127.0
2026-07-09,41000,2026-09-10,put,regular,864,0.6248,63,131.0
2026-07-09,41250,2026-09-10,put,regular,1,0.622,63,136.0
2026-07-09,41500,2026-09-10,put,regular,1,0.6183,63,140.0
2026-07-09,42000,2026-09-10,put,regular,2043,0.6136,63,152.0
2026-07-09,42250,2026-09-10,put,regular,3,0.6143,63,163.0
2026-07-09,42750,2026-09-10,put,regular,2,0.6018,63,164.0
2026-07-09,43000,2026-09-10,put,regular,909,0.6002,63,172.0
2026-07-09,43250,2026-09-10,put,regular,61,0.5954,63,175.0
2026-07-09,43500,2026-09-10,put,regular,548,0.5918,63,180.0
2026-07-09,43750,2026-09-10,put,regular,3,0.5904,63,189.0
2026-07-09,44000,2026-09-10,put,regular,1449,0.5867,63,194.0
2026-07-09,44250,2026-09-10,put,regular,13,0.5839,63,201.0
2026-07-09,44500,2026-09-10,put,regular,5,0.5831,63,212.0
2026-07-09,44750,2026-09-10,put,regular,1,0.5826,63,224.0
2026-07-09,45000,2026-09-10,put,regular,1986,0.5789,63,230.0
2026-07-09,45500,2026-09-10,put,regular,1,0.5709,63,241.0
2026-07-09,45750,2026-09-10,put,regular,30,0.5728,63,260.0
2026-07-09,46000,2026-09-10,put,regular,2191,0.5675,63,263.0
2026-07-09,46250,2026-09-10,put,regular,3,0.5622,63,266.0
2026-07-09,46500,2026-09-10,put,regular,340,0.5568,63,269.0
2026-07-09,46750,2026-09-10,put,regular,1,0.5515,63,272.0
2026-07-09,47000,2026-09-10,put,regular,659,0.5462,63,275.0
2026-07-09,47250,2026-09-10,put,regular,6,0.544,63,286.0
2026-07-09,47500,2026-09-10,put,regular,1015,0.5418,63,297.0
2026-07-09,47750,2026-09-10,put,regular,4,0.5438,63,320.0
2026-07-09,48000,2026-09-10,put,regular,3213,0.5371,63,320.0
2026-07-09,48250,2026-09-10,put,regular,13,0.5359,63,335.0
2026-07-09,48500,2026-09-10,put,regular,641,0.5327,63,345.0
2026-07-09,48750,2026-09-10,put,regular,12,0.5311,63,360.0
2026-07-09,49000,2026-09-10,put,regular,1384,0.5228,63,355.0
2026-07-09,49250,2026-09-10,put,regular,13,0.5227,63,375.0
2026-07-09,49500,2026-09-10,put,regular,104,0.5207,63,390.0
2026-07-09,49750,2026-09-10,put,regular,16,0.5201,63,410.0
2026-07-09,50000,2026-09-10,put,regular,8215,0.5149,63,415.0
2026-07-09,50250,2026-09-10,put,regular,22,0.5126,63,430.0
2026-07-09,50500,2026-09-10,put,regular,1067,0.5115,63,450.0
2026-07-09,50750,2026-09-10,put,regular,30,0.5075,63,460.0
2026-07-09,51000,2026-09-10,put,regular,921,0.5061,63,480.0
2026-07-09,51250,2026-09-10,put,regular,230,0.5007,63,485.0
2026-07-09,51500,2026-09-10,put,regular,221,0.4952,63,490.0
2026-07-09,51750,2026-09-10,put,regular,9,0.4948,63,515.0
2026-07-09,52000,2026-09-10,put,regular,1593,0.4904,63,525.0
2026-07-09,52250,2026-09-10,put,regular,44,0.4861,63,535.0
2026-07-09,52500,2026-09-10,put,regular,119,0.4828,63,550.0
2026-07-09,52750,2026-09-10,put,regular,4,0.4806,63,570.0
2026-07-09,53000,2026-09-10,put,regular,1450,0.4783,63,590.0
2026-07-09,53250,2026-09-10,put,regular,15,0.4747,63,605.0
2026-07-09,53500,2026-09-10,put,regular,297,0.4722,63,625.0
2026-07-09,53750,2026-09-10,put,regular,75,0.4705,63,650.0
2026-07-09,54000,2026-09-10,put,regular,2577,0.4667,63,665.0
2026-07-09,54250,2026-09-10,put,regular,2,0.4697,63,715.0
2026-07-09,54500,2026-09-10,put,regular,226,0.4636,63,720.0
2026-07-09,54750,2026-09-10,put,regular,219,0.4623,63,750.0
2026-07-09,55000,2026-09-10,put,regular,2849,0.4581,63,765.0
2026-07-09,55250,2026-09-10,put,regular,8,0.4565,63,795.0
2026-07-09,55500,2026-09-10,put,regular,300,0.4538,63,820.0
2026-07-09,55750,2026-09-10,put,regular,720000,0.4287,63,720.0
2026-07-09,56000,2026-09-10,put,regular,1927,0.4515,63,890.0
2026-07-09,56500,2026-09-10,put,regular,155,0.4484,63,960.0
2026-07-09,57000,2026-09-10,put,regular,2397,0.4424,63,1015.0
2026-07-09,57250,2026-09-10,put,regular,11,0.4388,63,1040.0
2026-07-09,57500,2026-09-10,put,regular,385,0.4359,63,1070.0
2026-07-09,57750,2026-09-10,put,regular,110,0.4328,63,1100.0
2026-07-09,58000,2026-09-10,put,regular,1648,0.4282,63,1120.0
2026-07-09,58250,2026-09-10,put,regular,49,0.4257,63,1155.0
2026-07-09,58500,2026-09-10,put,regular,208,0.4313,63,1250.0
2026-07-09,58750,2026-09-10,put,regular,2,0.4296,63,1295.0
2026-07-09,59000,2026-09-10,put,regular,1758,0.4278,63,1340.0
2026-07-09,59250,2026-09-10,put,regular,18,0.4265,63,1390.0
2026-07-09,59500,2026-09-10,put,regular,205,0.4244,63,1435.0
2026-07-09,59750,2026-09-10,put,regular,15,0.4233,63,1490.0
2026-07-09,60000,2026-09-10,put,regular,2878,0.4209,63,1535.0
2026-07-09,60500,2026-09-10,put,regular,321,0.4178,63,1645.0
2026-07-09,60750,2026-09-10,put,regular,128,0.4161,63,1700.0
2026-07-09,61000,2026-09-10,put,regular,816,0.4153,63,1765.0
2026-07-09,61250,2026-09-10,put,regular,2,0.4137,63,1825.0
2026-07-09,61500,2026-09-10,put,regular,17,0.4125,63,1890.0
2026-07-09,61750,2026-09-10,put,regular,8,0.4111,63,1955.0
2026-07-09,62000,2026-09-10,put,regular,3025,0.4096,63,2020.0
2026-07-09,62500,2026-09-10,put,regular,560,0.4069,63,2160.0
2026-07-09,62750,2026-09-10,put,regular,6,0.4053,63,2230.0
2026-07-09,63000,2026-09-10,put,regular,2869,0.4051,63,2315.0
2026-07-09,63125,2026-09-10,put,regular,5,0.4041,63,2350.0
2026-07-09,63500,2026-09-10,put,regular,10,0.4025,63,2470.0
2026-07-09,63750,2026-09-10,put,regular,5,0.4011,63,2550.0
2026-07-09,64000,2026-09-10,put,regular,1935,0.4006,63,2640.0
2026-07-09,64125,2026-09-10,put,regular,8,0.3997,63,2680.0
2026-07-09,64500,2026-09-10,put,regular,303,0.3984,63,2815.0
2026-07-09,65000,2026-09-10,put,regular,2412,0.3954,63,2990.0
2026-07-09,65250,2026-09-10,put,regular,78,0.3957,63,3100.0
2026-07-09,65500,2026-09-10,put,regular,275,0.3944,63,3195.0
2026-07-09,65625,2026-09-10,put,regular,15,0.3939,63,3245.0
2026-07-09,66000,2026-09-10,put,regular,1320,0.3927,63,3400.0
2026-07-09,66250,2026-09-10,put,regular,2,0.3922,63,3510.0
2026-07-09,66500,2026-09-10,put,regular,1200,0.3924,63,3630.0
2026-07-09,66625,2026-09-10,put,regular,15,0.3919,63,3685.0
2026-07-09,67000,2026-09-10,put,regular,1050,0.3922,63,3870.0
2026-07-09,67500,2026-09-10,put,regular,23,0.392,63,4120.0
2026-07-09,67750,2026-09-10,put,regular,172,0.3921,63,4250.0
2026-07-09,68000,2026-09-10,put,regular,397,0.3911,63,4370.0
2026-07-09,68500,2026-09-10,put,regular,7,0.3925,63,4655.0
2026-07-09,69000,2026-09-10,put,regular,1131,0.3927,63,4935.0
2026-07-09,69500,2026-09-10,put,regular,76,0.3925,63,5220.0
2026-07-09,70000,2026-09-10,put,regular,1125,0.3938,63,5530.0
2026-07-09,71000,2026-09-10,put,regular,100,0.3963,63,6175.0
2026-07-09,73000,2026-09-10,put,regular,18,0.4055,63,7600.0
2026-07-09,75000,2026-09-10,put,regular,2,0.4177,63,9160.0
2026-07-09,25000,2026-10-08,put,regular,8,0.772,91,23.0
2026-07-09,30000,2026-10-08,put,regular,1,0.6888,91,44.0
2026-07-09,32000,2026-10-08,put,regular,1,0.6641,91,60.0
2026-07-09,35000,2026-10-08,put,regular,1,0.6287,91,93.0
2026-07-09,38000,2026-10-08,put,regular,2,0.6065,91,158.0
2026-07-09,40000,2026-10-08,put,regular,2,0.5935,91,222.0
2026-07-09,43750,2026-10-08,put,regular,9,0.529,91,279.0
2026-07-09,45000,2026-10-08,put,regular,120,0.5179,91,330.0
2026-07-09,45500,2026-10-08,put,regular,195,0.508,91,335.0
2026-07-09,46000,2026-10-08,put,regular,150,0.5087,91,375.0
2026-07-09,46500,2026-10-08,put,regular,63,0.4971,91,375.0
2026-07-09,46750,2026-10-08,put,regular,31,0.5013,91,410.0
2026-07-09,47000,2026-10-08,put,regular,75,0.4982,91,420.0
2026-07-09,47750,2026-10-08,put,regular,28,0.4911,91,460.0
2026-07-09,48000,2026-10-08,put,regular,400,0.489,91,475.0
2026-07-09,49000,2026-10-08,put,regular,6,0.4807,91,540.0
2026-07-09,49500,2026-10-08,put,regular,1,0.4765,91,575.0
2026-07-09,49750,2026-10-08,put,regular,1,0.4737,91,590.0
2026-07-09,50000,2026-10-08,put,regular,252,0.4739,91,620.0
2026-07-09,50500,2026-10-08,put,regular,4,0.467,91,645.0
2026-07-09,52500,2026-10-08,put,regular,1,0.4508,91,825.0
2026-07-09,54000,2026-10-08,put,regular,75,0.4471,91,1045.0
2026-07-09,54750,2026-10-08,put,regular,6,0.4432,91,1155.0
2026-07-09,55000,2026-10-08,put,regular,501,0.4395,91,1175.0
2026-07-09,55250,2026-10-08,put,regular,31,0.4389,91,1220.0
2026-07-09,55750,2026-10-08,put,regular,1,0.4355,91,1295.0
2026-07-09,56500,2026-10-08,put,regular,4,0.4297,91,1410.0
2026-07-09,57500,2026-10-08,put,regular,3,0.4225,91,1580.0
2026-07-09,57750,2026-10-08,put,regular,2,0.399,91,1430.0
2026-07-09,58000,2026-10-08,put,regular,806,0.4176,91,1660.0
2026-07-09,58250,2026-10-08,put,regular,5,0.4172,91,1720.0
2026-07-09,58500,2026-10-08,put,regular,5,0.4161,91,1775.0
2026-07-09,59000,2026-10-08,put,regular,25,0.4109,91,1860.0
2026-07-09,59250,2026-10-08,put,regular,17,0.4114,91,1935.0
2026-07-09,59500,2026-10-08,put,regular,5,0.4098,91,1990.0
2026-07-09,60000,2026-10-08,put,regular,1764,0.4052,91,2090.0
2026-07-09,60500,2026-10-08,put,regular,100,0.4039,91,2230.0
2026-07-09,60750,2026-10-08,put,regular,9,0.4021,91,2290.0
2026-07-09,61000,2026-10-08,put,regular,200,0.3993,91,2340.0
2026-07-09,62000,2026-10-08,put,regular,14,0.3948,91,2630.0
2026-07-09,64000,2026-10-08,put,regular,700,0.3861,91,3290.0
2026-07-09,64750,2026-10-08,put,regular,1,0.3844,91,3585.0
2026-07-09,65000,2026-10-08,put,regular,850,0.3832,91,3680.0
2026-07-09,67000,2026-10-08,put,regular,201,0.3763,91,4535.0
2026-07-09,68000,2026-10-08,put,regular,530,0.376,91,5050.0
2026-07-09,68500,2026-10-08,put,regular,2,0.3763,91,5325.0
2026-07-09,69000,2026-10-08,put,regular,200,0.3764,91,5605.0
2026-07-09,70000,2026-10-08,put,regular,101,0.3774,91,6200.0
2026-07-09,72500,2026-10-08,put,regular,1,0.384,91,7865.0
2026-07-09,25000,2026-11-12,put,regular,4,0.7247,126,54.0
2026-07-09,38000,2026-11-12,put,regular,1,0.5515,126,233.0
2026-07-09,40000,2026-11-12,put,regular,1,0.5322,126,295.0
2026-07-09,43000,2026-11-12,put,regular,1,0.5044,126,415.0
2026-07-09,51000,2026-11-12,put,regular,100,0.436,126,975.0
2026-07-09,53000,2026-11-12,put,regular,55,0.4307,126,1285.0
2026-07-09,53750,2026-11-12,put,regular,1,0.4267,126,1400.0
2026-07-09,58000,2026-11-12,put,regular,100,0.3973,126,2135.0
2026-07-09,59500,2026-11-12,put,regular,250,0.3901,126,2500.0
2026-07-09,60000,2026-11-12,put,regular,120,0.3868,126,2620.0
2026-07-09,60500,2026-11-12,put,regular,100,0.3847,126,2760.0
2026-07-09,61000,2026-11-12,put,regular,200,0.3817,126,2895.0
2026-07-09,63000,2026-11-12,put,regular,100,0.3748,126,3555.0
2026-07-09,64000,2026-11-12,put,regular,560,0.3712,126,3920.0
2026-07-09,65000,2026-11-12,put,regular,100,0.3682,126,4320.0
2026-07-09,66000,2026-11-12,put,regular,150,0.3658,126,4755.0
2026-07-09,67000,2026-11-12,put,regular,350,0.3602,126,5165.0
2026-07-09,67500,2026-11-12,put,regular,4,0.3596,126,5415.0
2026-07-09,68500,2026-11-12,put,regular,328,0.359,126,5945.0
2026-07-09,70000,2026-11-12,put,regular,460,0.3586,126,6800.0
2026-07-09,72500,2026-11-12,put,regular,330,0.3609,126,8400.0
2026-07-09,12500,2026-12-10,put,regular,287,0.9008,154,9.0
2026-07-09,13000,2026-12-10,put,regular,4,0.8801,154,9.0
2026-07-09,13500,2026-12-10,put,regular,100,0.8687,154,10.0
2026-07-09,14000,2026-12-10,put,regular,11,0.8494,154,10.0
2026-07-09,14500,2026-12-10,put,regular,1,0.8383,154,11.0
2026-07-09,14750,2026-12-10,put,regular,1,0.8292,154,11.0
2026-07-09,15000,2026-12-10,put,regular,5,0.8202,154,11.0
2026-07-09,16000,2026-12-10,put,regular,3,0.7985,154,13.0
2026-07-09,17000,2026-12-10,put,regular,3,0.7767,154,15.0
2026-07-09,18000,2026-12-10,put,regular,153,0.7594,154,18.0
2026-07-09,19000,2026-12-10,put,regular,650,0.7412,154,21.0
2026-07-09,20000,2026-12-10,put,regular,2350,0.7289,154,26.0
2026-07-09,21000,2026-12-10,put,regular,350,0.7174,154,32.0
2026-07-09,21500,2026-12-10,put,regular,500,0.7132,154,36.0
2026-07-09,22000,2026-12-10,put,regular,1715,0.7062,154,39.0
2026-07-09,22500,2026-12-10,put,regular,154,0.7008,154,43.0
2026-07-09,23000,2026-12-10,put,regular,2105,0.695,154,47.0
2026-07-09,23500,2026-12-10,put,regular,127,0.6905,154,52.0
2026-07-09,24000,2026-12-10,put,regular,400,0.6839,154,56.0
2026-07-09,24500,2026-12-10,put,regular,250,0.6784,154,61.0
2026-07-09,24750,2026-12-10,put,regular,1,0.6763,154,64.0
2026-07-09,25000,2026-12-10,put,regular,2464,0.6726,154,66.0
2026-07-09,25250,2026-12-10,put,regular,1,0.6702,154,69.0
2026-07-09,25500,2026-12-10,put,regular,2,0.6677,154,72.0
2026-07-09,26000,2026-12-10,put,regular,1425,0.6624,154,78.0
2026-07-09,26500,2026-12-10,put,regular,1,0.6557,154,83.0
2026-07-09,27000,2026-12-10,put,regular,2630,0.6508,154,90.0
2026-07-09,27500,2026-12-10,put,regular,25,0.6368,154,88.0
2026-07-09,27750,2026-12-10,put,regular,72,0.6299,154,87.0
2026-07-09,28000,2026-12-10,put,regular,1326,0.6231,154,86.0
2026-07-09,28500,2026-12-10,put,regular,400,0.6183,154,93.0
2026-07-09,29000,2026-12-10,put,regular,1450,0.6132,154,100.0
2026-07-09,30000,2026-12-10,put,regular,5997,0.5846,154,93.0
2026-07-09,30500,2026-12-10,put,regular,51,0.5806,154,101.0
2026-07-09,31000,2026-12-10,put,regular,2257,0.5762,154,109.0
2026-07-09,31500,2026-12-10,put,regular,350,0.5715,154,117.0
2026-07-09,32000,2026-12-10,put,regular,4655,0.5672,154,126.0
2026-07-09,32250,2026-12-10,put,regular,600,0.5646,154,130.0
2026-07-09,32500,2026-12-10,put,regular,900,0.5625,154,135.0
2026-07-09,32750,2026-12-10,put,regular,20,0.5604,154,140.0
2026-07-09,33000,2026-12-10,put,regular,3362,0.5582,154,145.0
2026-07-09,33250,2026-12-10,put,regular,37,0.5566,154,151.0
2026-07-09,33500,2026-12-10,put,regular,72,0.5542,154,156.0
2026-07-09,34000,2026-12-10,put,regular,2820,0.5498,154,167.0
2026-07-09,34500,2026-12-10,put,regular,560,0.5457,154,179.0
2026-07-09,34750,2026-12-10,put,regular,1,0.5435,154,185.0
2026-07-09,35000,2026-12-10,put,regular,5065,0.5418,154,192.0
2026-07-09,36000,2026-12-10,put,regular,2935,0.5334,154,219.0
2026-07-09,36500,2026-12-10,put,regular,225,0.529,154,233.0
2026-07-09,36750,2026-12-10,put,regular,400,0.5271,154,241.0
2026-07-09,37000,2026-12-10,put,regular,2537,0.5251,154,249.0
2026-07-09,37500,2026-12-10,put,regular,188,0.5209,154,265.0
2026-07-09,37750,2026-12-10,put,regular,100,0.5188,154,273.0
2026-07-09,38000,2026-12-10,put,regular,2686,0.5169,154,282.0
2026-07-09,38500,2026-12-10,put,regular,1150,0.5128,154,300.0
2026-07-09,38750,2026-12-10,put,regular,50,0.511,154,310.0
2026-07-09,39000,2026-12-10,put,regular,2505,0.5092,154,320.0
2026-07-09,39250,2026-12-10,put,regular,650,0.5088,154,335.0
2026-07-09,39500,2026-12-10,put,regular,1008,0.5067,154,345.0
2026-07-09,40000,2026-12-10,put,regular,6177,0.5038,154,370.0
2026-07-09,40250,2026-12-10,put,regular,5,0.5016,154,380.0
2026-07-09,40500,2026-12-10,put,regular,1469,0.5006,154,395.0
2026-07-09,41000,2026-12-10,put,regular,1825,0.4995,154,430.0
2026-07-09,41250,2026-12-10,put,regular,3,0.4994,154,450.0
2026-07-09,41500,2026-12-10,put,regular,101,0.4968,154,460.0
2026-07-09,42000,2026-12-10,put,regular,3599,0.4925,154,485.0
2026-07-09,42500,2026-12-10,put,regular,300,0.488,154,510.0
2026-07-09,43000,2026-12-10,put,regular,1690,0.4843,154,540.0
2026-07-09,43500,2026-12-10,put,regular,100,0.4804,154,570.0
2026-07-09,43750,2026-12-10,put,regular,8,0.4783,154,585.0
2026-07-09,44000,2026-12-10,put,regular,3390,0.4753,154,595.0
2026-07-09,45000,2026-12-10,put,regular,3048,0.4645,154,645.0
2026-07-09,45250,2026-12-10,put,regular,51,0.4622,154,660.0
2026-07-09,45500,2026-12-10,put,regular,350,0.4598,154,675.0
2026-07-09,46000,2026-12-10,put,regular,3757,0.4549,154,705.0
2026-07-09,46500,2026-12-10,put,regular,2,0.4507,154,740.0
2026-07-09,47000,2026-12-10,put,regular,2846,0.447,154,780.0
2026-07-09,47500,2026-12-10,put,regular,1077,0.4431,154,820.0
2026-07-09,48000,2026-12-10,put,regular,4124,0.4396,154,865.0
2026-07-09,48500,2026-12-10,put,regular,300,0.4359,154,910.0
2026-07-09,49000,2026-12-10,put,regular,3177,0.4326,154,960.0
2026-07-09,49500,2026-12-10,put,regular,2717,0.429,154,1010.0
2026-07-09,50000,2026-12-10,put,regular,6363,0.4252,154,1060.0
2026-07-09,50250,2026-12-10,put,regular,16,0.4238,154,1090.0
2026-07-09,50500,2026-12-10,put,regular,635,0.4223,154,1120.0
2026-07-09,50750,2026-12-10,put,regular,45,0.4202,154,1145.0
2026-07-09,51000,2026-12-10,put,regular,1680,0.4197,154,1185.0
2026-07-09,51500,2026-12-10,put,regular,20,0.419,154,1270.0
2026-07-09,52000,2026-12-10,put,regular,2275,0.4179,154,1355.0
2026-07-09,52250,2026-12-10,put,regular,525,0.4174,154,1400.0
2026-07-09,52500,2026-12-10,put,regular,117,0.4158,154,1435.0
2026-07-09,53000,2026-12-10,put,regular,1398,0.4128,154,1510.0
2026-07-09,53250,2026-12-10,put,regular,186,0.411,154,1545.0
2026-07-09,53500,2026-12-10,put,regular,205,0.4096,154,1585.0
2026-07-09,53750,2026-12-10,put,regular,4,0.4081,154,1625.0
2026-07-09,54000,2026-12-10,put,regular,2140,0.4065,154,1665.0
2026-07-09,54500,2026-12-10,put,regular,440,0.4036,154,1750.0
2026-07-09,55000,2026-12-10,put,regular,3912,0.4005,154,1835.0
2026-07-09,55500,2026-12-10,put,regular,100,0.3974,154,1925.0
2026-07-09,56000,2026-12-10,put,regular,2126,0.3945,154,2020.0
2026-07-09,56500,2026-12-10,put,regular,151,0.3909,154,2110.0
2026-07-09,57000,2026-12-10,put,regular,1215,0.3874,154,2205.0
2026-07-09,57500,2026-12-10,put,regular,850,0.3856,154,2325.0
2026-07-09,58000,2026-12-10,put,regular,1497,0.383,154,2440.0
2026-07-09,58500,2026-12-10,put,regular,450,0.3801,154,2555.0
2026-07-09,59000,2026-12-10,put,regular,2290,0.3777,154,2680.0
2026-07-09,59500,2026-12-10,put,regular,250,0.3749,154,2805.0
2026-07-09,60000,2026-12-10,put,regular,7425,0.3728,154,2945.0
2026-07-09,61000,2026-12-10,put,regular,1350,0.368,154,3230.0
2026-07-09,61500,2026-12-10,put,regular,2,0.3666,154,3395.0
2026-07-09,62000,2026-12-10,put,regular,2231,0.3651,154,3565.0
2026-07-09,62250,2026-12-10,put,regular,350,0.3646,154,3655.0
2026-07-09,62500,2026-12-10,put,regular,385,0.3643,154,3750.0
2026-07-09,63000,2026-12-10,put,regular,1501,0.3618,154,3915.0
2026-07-09,63750,2026-12-10,put,regular,25,0.3594,154,4195.0
2026-07-09,64000,2026-12-10,put,regular,1055,0.3585,154,4290.0
2026-07-09,65000,2026-12-10,put,regular,2740,0.355,154,4685.0
2026-07-09,65500,2026-12-10,put,regular,580,0.3537,154,4900.0
2026-07-09,66000,2026-12-10,put,regular,100,0.3521,154,5115.0
2026-07-09,67000,2026-12-10,put,regular,856,0.3507,154,5595.0
2026-07-09,67250,2026-12-10,put,regular,25,0.3461,154,5645.0
2026-07-09,67500,2026-12-10,put,regular,25,0.3458,154,5770.0
2026-07-09,68000,2026-12-10,put,regular,1625,0.345,154,6025.0
2026-07-09,68500,2026-12-10,put,regular,3,0.3445,154,6290.0
2026-07-09,68750,2026-12-10,put,regular,100,0.3442,154,6425.0
2026-07-09,69000,2026-12-10,put,regular,1470,0.3442,154,6565.0
2026-07-09,70000,2026-12-10,put,regular,1644,0.3433,154,7130.0
2026-07-09,71000,2026-12-10,put,regular,31,0.3427,154,7725.0
2026-07-09,72000,2026-12-10,put,regular,120,0.343,154,8360.0
2026-07-09,72500,2026-12-10,put,regular,320,0.3428,154,8680.0
2026-07-09,76000,2026-12-10,put,regular,300,0.3481,154,11185.0
2026-07-09,80000,2026-12-10,put,regular,3700,0.3558,154,14345.0
2026-07-09,44000,2027-01-07,put,regular,331,0.4602,182,730.0
2026-07-09,45000,2027-01-07,put,regular,150,0.4534,182,810.0
2026-07-09,48000,2027-01-07,put,regular,200,0.4287,182,1055.0
2026-07-09,47000,2027-02-10,put,regular,125,0.4289,216,1210.0
2026-07-09,29000,2027-03-11,put,regular,1,0.5496,245,219.0
2026-07-09,33000,2027-03-11,put,regular,113,0.5165,245,350.0
2026-07-09,35000,2027-03-11,put,regular,600,0.4997,245,430.0
2026-07-09,37000,2027-03-11,put,regular,500,0.4838,245,525.0
2026-07-09,38000,2027-03-11,put,regular,265,0.4763,245,580.0
2026-07-09,40000,2027-03-11,put,regular,470,0.4619,245,705.0
2026-07-09,41000,2027-03-11,put,regular,250,0.4548,245,775.0
2026-07-09,42000,2027-03-11,put,regular,749,0.4478,245,850.0
2026-07-09,42500,2027-03-11,put,regular,200,0.4444,245,890.0
2026-07-09,43000,2027-03-11,put,regular,62,0.4407,245,930.0
2026-07-09,43500,2027-03-11,put,regular,66,0.4376,245,975.0
2026-07-09,44000,2027-03-11,put,regular,450,0.4343,245,1020.0
2026-07-09,45000,2027-03-11,put,regular,698,0.4282,245,1120.0
2026-07-09,46000,2027-03-11,put,regular,116,0.4219,245,1225.0
2026-07-09,47000,2027-03-11,put,regular,800,0.4154,245,1335.0
2026-07-09,48000,2027-03-11,put,regular,299,0.4097,245,1460.0
2026-07-09,48500,2027-03-11,put,regular,51,0.4067,245,1525.0
2026-07-09,49000,2027-03-11,put,regular,100,0.404,245,1595.0
2026-07-09,50000,2027-03-11,put,regular,1270,0.3985,245,1740.0
2026-07-09,50250,2027-03-11,put,regular,108,0.3993,245,1805.0
2026-07-09,51000,2027-03-11,put,regular,24,0.4023,245,2015.0
2026-07-09,51250,2027-03-11,put,regular,105,0.4,245,2045.0
2026-07-09,52000,2027-03-11,put,regular,1470,0.393,245,2135.0
2026-07-09,53000,2027-03-11,put,regular,525,0.3875,245,2315.0
2026-07-09,53500,2027-03-11,put,regular,200,0.3848,245,2410.0
2026-07-09,54000,2027-03-11,put,regular,224,0.3819,245,2505.0
2026-07-09,55000,2027-03-11,put,regular,400,0.3758,245,2700.0
2026-07-09,55500,2027-03-11,put,regular,100,0.373,245,2805.0
2026-07-09,56000,2027-03-11,put,regular,401,0.3719,245,2940.0
2026-07-09,56250,2027-03-11,put,regular,120,0.3692,245,2975.0
2026-07-09,57000,2027-03-11,put,regular,950,0.3655,245,3155.0
2026-07-09,58000,2027-03-11,put,regular,1600,0.361,245,3415.0
2026-07-09,59500,2027-03-11,put,regular,203,0.3549,245,3845.0
2026-07-09,60000,2027-03-11,put,regular,1150,0.3528,245,3995.0
2026-07-09,61000,2027-03-11,put,regular,160,0.3489,245,4315.0
2026-07-09,62000,2027-03-11,put,regular,200,0.3456,245,4665.0
2026-07-09,62500,2027-03-11,put,regular,101,0.3439,245,4845.0
2026-07-09,63000,2027-03-11,put,regular,992,0.3424,245,5035.0
2026-07-09,64000,2027-03-11,put,regular,800,0.3397,245,5435.0
2026-07-09,66000,2027-03-11,put,regular,200,0.335,245,6310.0
2026-07-09,66500,2027-03-11,put,regular,6,0.334,245,6545.0
2026-07-09,67000,2027-03-11,put,regular,150,0.3332,245,6790.0
2026-07-09,68000,2027-03-11,put,regular,130,0.3315,245,7295.0
2026-07-09,69000,2027-03-11,put,regular,350,0.3308,245,7840.0
2026-07-09,70000,2027-03-11,put,regular,216,0.33,245,8405.0
2026-07-09,72000,2027-03-11,put,regular,100,0.3292,245,9615.0
2026-07-09,12500,2027-06-10,put,regular,10,0.6722,336,24.0
2026-07-09,14500,2027-06-10,put,regular,4,0.6573,336,44.0
2026-07-09,15000,2027-06-10,put,regular,1,0.6515,336,49.0
2026-07-09,16250,2027-06-10,put,regular,167,0.6399,336,65.0
2026-07-09,23000,2027-06-10,put,regular,140,0.5765,336,199.0
2026-07-09,24000,2027-06-10,put,regular,100,0.5672,336,226.0
2026-07-09,25000,2027-06-10,put,regular,250,0.558,336,255.0
2026-07-09,26000,2027-06-10,put,regular,200,0.5492,336,287.0
2026-07-09,28000,2027-06-10,put,regular,895,0.4921,336,233.0
2026-07-09,28500,2027-06-10,put,regular,100,0.4843,336,236.0
2026-07-09,29000,2027-06-10,put,regular,66,0.4813,336,253.0
2026-07-09,30000,2027-06-10,put,regular,275,0.4761,336,292.0
2026-07-09,31000,2027-06-10,put,regular,100,0.4708,336,335.0
2026-07-09,31500,2027-06-10,put,regular,1,0.4687,336,360.0
2026-07-09,32000,2027-06-10,put,regular,250,0.4651,336,380.0
2026-07-09,33000,2027-06-10,put,regular,150,0.4607,336,435.0
2026-07-09,34000,2027-06-10,put,regular,750,0.4553,336,490.0
2026-07-09,35000,2027-06-10,put,regular,1327,0.4499,336,550.0
2026-07-09,35500,2027-06-10,put,regular,145,0.4478,336,585.0
2026-07-09,36000,2027-06-10,put,regular,300,0.4454,336,620.0
2026-07-09,37000,2027-06-10,put,regular,50,0.44,336,690.0
2026-07-09,38000,2027-06-10,put,regular,200,0.4352,336,770.0
2026-07-09,38500,2027-06-10,put,regular,140,0.4325,336,810.0
2026-07-09,39000,2027-06-10,put,regular,50,0.4303,336,855.0
2026-07-09,39500,2027-06-10,put,regular,101,0.4279,336,900.0
2026-07-09,40000,2027-06-10,put,regular,1095,0.4252,336,945.0
2026-07-09,41000,2027-06-10,put,regular,100,0.4211,336,1050.0
2026-07-09,42000,2027-06-10,put,regular,300,0.4162,336,1155.0
2026-07-09,42500,2027-06-10,put,regular,61,0.4148,336,1220.0
2026-07-09,43000,2027-06-10,put,regular,35,0.4111,336,1265.0
2026-07-09,44000,2027-06-10,put,regular,196,0.4058,336,1380.0
2026-07-09,45000,2027-06-10,put,regular,720,0.399,336,1485.0
2026-07-09,46000,2027-06-10,put,regular,773,0.3943,336,1620.0
2026-07-09,47000,2027-06-10,put,regular,201,0.3892,336,1760.0
2026-07-09,47750,2027-06-10,put,regular,100,0.3854,336,1870.0
2026-07-09,48000,2027-06-10,put,regular,804,0.3843,336,1910.0
2026-07-09,49000,2027-06-10,put,regular,300,0.3794,336,2070.0
2026-07-09,50000,2027-06-10,put,regular,1317,0.375,336,2245.0
2026-07-09,50500,2027-06-10,put,regular,175,0.3726,336,2335.0
2026-07-09,51250,2027-06-10,put,regular,3,0.3695,336,2480.0
2026-07-09,52000,2027-06-10,put,regular,1050,0.3662,336,2630.0
2026-07-09,52250,2027-06-10,put,regular,86,0.365,336,2680.0
2026-07-09,52500,2027-06-10,put,regular,57,0.3641,336,2735.0
2026-07-09,53000,2027-06-10,put,regular,720,0.3636,336,2870.0
2026-07-09,53500,2027-06-10,put,regular,1,0.3628,336,3005.0
2026-07-09,53750,2027-06-10,put,regular,35,0.3625,336,3075.0
2026-07-09,54000,2027-06-10,put,regular,1402,0.3624,336,3150.0
2026-07-09,55000,2027-06-10,put,regular,1350,0.359,336,3405.0
2026-07-09,56000,2027-06-10,put,regular,185,0.3552,336,3665.0
2026-07-09,56500,2027-06-10,put,regular,40,0.3532,336,3800.0
2026-07-09,57000,2027-06-10,put,regular,675,0.3514,336,3940.0
2026-07-09,57750,2027-06-10,put,regular,103,0.3485,336,4155.0
2026-07-09,58000,2027-06-10,put,regular,117,0.3477,336,4230.0
2026-07-09,59000,2027-06-10,put,regular,400,0.3442,336,4540.0
2026-07-09,59500,2027-06-10,put,regular,112,0.3426,336,4705.0
2026-07-09,60000,2027-06-10,put,regular,845,0.3409,336,4870.0
2026-07-09,61000,2027-06-10,put,regular,3,0.3376,336,5215.0
2026-07-09,62000,2027-06-10,put,regular,805,0.3349,336,5590.0
2026-07-09,63000,2027-06-10,put,regular,225,0.3326,336,5990.0
2026-07-09,64000,2027-06-10,put,regular,150,0.3301,336,6405.0
2026-07-09,64750,2027-06-10,put,regular,95,0.3285,336,6735.0
2026-07-09,65000,2027-06-10,put,regular,1186,0.3281,336,6850.0
2026-07-09,65500,2027-06-10,put,regular,26,0.3274,336,7085.0
2026-07-09,67000,2027-06-10,put,regular,220,0.3252,336,7820.0
2026-07-09,67500,2027-06-10,put,regular,100,0.3245,336,8075.0
2026-07-09,68000,2027-06-10,put,regular,350,0.3239,336,8335.0
2026-07-09,69000,2027-06-10,put,regular,15,0.323,336,8880.0
2026-07-09,70000,2027-06-10,put,regular,500,0.3221,336,9445.0
2026-07-09,72000,2027-06-10,put,regular,100,0.3215,336,10655.0
2026-07-09,77500,2027-06-10,put,regular,150,0.3162,336,14230.0
2026-07-09,50000,2027-09-09,put,regular,25,0.3623,427,2765.0
2026-07-09,54250,2027-09-09,put,regular,200,0.3459,427,3740.0
2026-07-09,58000,2027-09-09,put,regular,1,0.3335,427,4825.0
2026-07-09,68250,2027-09-09,put,regular,200,0.3133,427,9220.0
2026-07-09,68750,2027-09-09,put,regular,81,0.3134,427,9510.0
2026-07-09,12500,2027-12-09,put,regular,5,0.474,518,6.0
2026-07-09,13000,2027-12-09,put,regular,1,0.4694,518,7.0
2026-07-09,16000,2027-12-09,put,regular,350,0.4678,518,26.0
2026-07-09,19000,2027-12-09,put,regular,300,0.468,518,73.0
2026-07-09,20000,2027-12-09,put,regular,400,0.4676,518,97.0
2026-07-09,21000,2027-12-09,put,regular,50,0.468,518,128.0
2026-07-09,22000,2027-12-09,put,regular,408,0.4682,518,165.0
2026-07-09,22500,2027-12-09,put,regular,36,0.4682,518,186.0
2026-07-09,23000,2027-12-09,put,regular,132,0.4679,518,208.0
2026-07-09,23750,2027-12-09,put,regular,39,0.468,518,246.0
2026-07-09,24000,2027-12-09,put,regular,1721,0.4681,518,260.0
2026-07-09,25000,2027-12-09,put,regular,1210,0.4682,518,320.0
2026-07-09,26000,2027-12-09,put,regular,200,0.4684,518,390.0
2026-07-09,26500,2027-12-09,put,regular,100,0.4688,518,430.0
2026-07-09,27000,2027-12-09,put,regular,1300,0.4687,518,470.0
2026-07-09,28000,2027-12-09,put,regular,1575,0.4689,518,560.0
2026-07-09,29000,2027-12-09,put,regular,350,0.4616,518,615.0
2026-07-09,29500,2027-12-09,put,regular,249,0.4551,518,625.0
2026-07-09,30000,2027-12-09,put,regular,2445,0.4478,518,630.0
2026-07-09,31000,2027-12-09,put,regular,1750,0.4343,518,645.0
2026-07-09,31500,2027-12-09,put,regular,204,0.4281,518,655.0
2026-07-09,32000,2027-12-09,put,regular,1425,0.4219,518,665.0
2026-07-09,32250,2027-12-09,put,regular,30,0.4189,518,670.0
2026-07-09,32750,2027-12-09,put,regular,35,0.4128,518,680.0
2026-07-09,33000,2027-12-09,put,regular,450,0.4098,518,685.0
2026-07-09,34000,2027-12-09,put,regular,1569,0.3985,518,710.0
2026-07-09,34500,2027-12-09,put,regular,100,0.3965,518,750.0
2026-07-09,35000,2027-12-09,put,regular,1450,0.3949,518,795.0
2026-07-09,35500,2027-12-09,put,regular,40,0.393,518,840.0
2026-07-09,36000,2027-12-09,put,regular,1130,0.3916,518,890.0
2026-07-09,36500,2027-12-09,put,regular,300,0.3894,518,935.0
2026-07-09,37000,2027-12-09,put,regular,1150,0.3876,518,985.0
2026-07-09,38000,2027-12-09,put,regular,1175,0.3844,518,1095.0
2026-07-09,39000,2027-12-09,put,regular,800,0.3809,518,1210.0
2026-07-09,39500,2027-12-09,put,regular,50,0.3791,518,1270.0
2026-07-09,40000,2027-12-09,put,regular,2950,0.3772,518,1330.0
2026-07-09,40500,2027-12-09,put,regular,450,0.3755,518,1395.0
2026-07-09,42000,2027-12-09,put,regular,450,0.3707,518,1605.0
2026-07-09,43000,2027-12-09,put,regular,240,0.3674,518,1755.0
2026-07-09,44000,2027-12-09,put,regular,100,0.3642,518,1915.0
2026-07-09,45000,2027-12-09,put,regular,1675,0.361,518,2085.0
2026-07-09,46000,2027-12-09,put,regular,700,0.3578,518,2265.0
2026-07-09,47000,2027-12-09,put,regular,250,0.3549,518,2460.0
2026-07-09,47500,2027-12-09,put,regular,35,0.3534,518,2560.0
2026-07-09,48000,2027-12-09,put,regular,615,0.3517,518,2660.0
2026-07-09,49000,2027-12-09,put,regular,700,0.3488,518,2875.0
2026-07-09,50000,2027-12-09,put,regular,2915,0.346,518,3105.0
2026-07-09,51000,2027-12-09,put,regular,350,0.3429,518,3340.0
2026-07-09,52000,2027-12-09,put,regular,500,0.3402,518,3595.0
2026-07-09,53000,2027-12-09,put,regular,802,0.3374,518,3860.0
2026-07-09,54000,2027-12-09,put,regular,275,0.3348,518,4140.0
2026-07-09,54500,2027-12-09,put,regular,400,0.3335,518,4285.0
2026-07-09,55000,2027-12-09,put,regular,1012,0.332,518,4430.0
2026-07-09,55500,2027-12-09,put,regular,75,0.3308,518,4585.0
2026-07-09,56000,2027-12-09,put,regular,230,0.3295,518,4740.0
2026-07-09,57000,2027-12-09,put,regular,220,0.3269,518,5060.0
2026-07-09,58000,2027-12-09,put,regular,1000,0.3245,518,5400.0
2026-07-09,58500,2027-12-09,put,regular,210,0.3233,518,5575.0
2026-07-09,59000,2027-12-09,put,regular,65,0.3222,518,5755.0
2026-07-09,60000,2027-12-09,put,regular,500,0.3198,518,6125.0
2026-07-09,62000,2027-12-09,put,regular,100,0.3156,518,6920.0
2026-07-09,63000,2027-12-09,put,regular,100,0.3139,518,7350.0
2026-07-09,63500,2027-12-09,put,regular,50,0.3128,518,7565.0
2026-07-09,64000,2027-12-09,put,regular,130,0.312,518,7790.0
2026-07-09,65000,2027-12-09,put,regular,700,0.3104,518,8255.0
2026-07-09,66000,2027-12-09,put,regular,500,0.3089,518,8740.0
2026-07-09,67000,2027-12-09,put,regular,100,0.3084,518,9270.0
2026-07-09,68000,2027-12-09,put,regular,200,0.3079,518,9815.0
2026-07-09,69000,2027-12-09,put,regular,750,0.3074,518,10375.0
2026-07-09,70000,2027-12-09,put,regular,300,0.307,518,10955.0
2026-07-09,75000,2027-12-09,put,regular,175,0.3044,518,14055.0
2026-07-09,15000,2028-06-08,put,regular,3,0.4146,700,23.0
2026-07-09,25000,2028-06-08,put,regular,630,0.415,700,375.0
2026-07-09,26000,2028-06-08,put,regular,250,0.4146,700,450.0
2026-07-09,27000,2028-06-08,put,regular,100,0.4151,700,540.0
2026-07-09,30000,2028-06-08,put,regular,300,0.4059,700,790.0
2026-07-09,32000,2028-06-08,put,regular,250,0.3965,700,960.0
2026-07-09,33000,2028-06-08,put,regular,100,0.3926,700,1060.0
2026-07-09,35000,2028-06-08,put,regular,200,0.3841,700,1270.0
2026-07-09,41500,2028-06-08,put,regular,100,0.3595,700,2170.0
2026-07-09,45000,2028-06-08,put,regular,15,0.3475,700,2805.0
2026-07-09,48000,2028-06-08,put,regular,300,0.3399,700,3495.0
2026-07-09,50000,2028-06-08,put,regular,150,0.3372,700,4065.0
2026-07-09,54000,2028-06-08,put,regular,100,0.329,700,5285.0
2026-07-09,60000,2028-06-08,put,regular,250,0.3137,700,7380.0
2026-07-09,12000,2028-12-07,put,regular,300,0.3995,882,13.0
2026-07-09,16000,2028-12-07,put,regular,1950,0.3979,882,63.0
2026-07-09,18000,2028-12-07,put,regular,100,0.398,882,116.0
2026-07-09,20000,2028-12-07,put,regular,200,0.398,882,195.0
2026-07-09,23000,2028-12-07,put,regular,100,0.3981,882,375.0
2026-07-09,23500,2028-12-07,put,regular,38,0.3985,882,415.0
2026-07-09,24000,2028-12-07,put,regular,1000,0.3983,882,455.0
2026-07-09,25000,2028-12-07,put,regular,800,0.3977,882,540.0
2026-07-09,27000,2028-12-07,put,regular,120,0.3976,882,750.0
2026-07-09,28000,2028-12-07,put,regular,1250,0.3979,882,875.0
2026-07-09,30000,2028-12-07,put,regular,350,0.394,882,1115.0
2026-07-09,31000,2028-12-07,put,regular,400,0.3948,882,1280.0
2026-07-09,32000,2028-12-07,put,regular,850,0.3952,882,1455.0
2026-07-09,32250,2028-12-07,put,regular,51,0.3952,882,1500.0
2026-07-09,33000,2028-12-07,put,regular,125,0.3956,882,1645.0
2026-07-09,34000,2028-12-07,put,regular,775,0.3907,882,1770.0
2026-07-09,34750,2028-12-07,put,regular,100,0.3873,882,1870.0
2026-07-09,35000,2028-12-07,put,regular,955,0.3862,882,1905.0
2026-07-09,36000,2028-12-07,put,regular,2750,0.382,882,2050.0
2026-07-09,37000,2028-12-07,put,regular,580,0.3777,882,2200.0
2026-07-09,38000,2028-12-07,put,regular,2860,0.3734,882,2355.0
2026-07-09,39000,2028-12-07,put,regular,50,0.3694,882,2520.0
2026-07-09,40000,2028-12-07,put,regular,1210,0.3655,882,2695.0
2026-07-09,42000,2028-12-07,put,regular,350,0.3578,882,3065.0
2026-07-09,43000,2028-12-07,put,regular,100,0.3539,882,3260.0
2026-07-09,45000,2028-12-07,put,regular,100,0.3468,882,3685.0
2026-07-09,48000,2028-12-07,put,regular,600,0.3368,882,4395.0
2026-07-09,50000,2028-12-07,put,regular,1600,0.3306,882,4925.0
2026-07-09,51000,2028-12-07,put,regular,150,0.3276,882,5205.0
2026-07-09,53000,2028-12-07,put,regular,50,0.3219,882,5800.0
2026-07-09,55000,2028-12-07,put,regular,560,0.3166,882,6450.0
2026-07-09,56000,2028-12-07,put,regular,400,0.3141,882,6795.0
2026-07-09,57000,2028-12-07,put,regular,150,0.3116,882,7150.0
2026-07-09,60000,2028-12-07,put,regular,100,0.3047,882,8300.0
2026-07-09,65000,2028-12-07,put,regular,400,0.2945,882,10490.0
2026-07-09,68000,2028-12-07,put,regular,100,0.2892,882,11975.0
2026-07-09,70000,2028-12-07,put,regular,100,0.2859,882,13030.0
2026-07-09,75000,2028-12-07,put,regular,80,0.279,882,15930.0
2026-07-09,15000,2029-06-07,put,regular,1,0.4085,1064,112.0
2026-07-09,15000,2029-12-13,put,regular,1,0.3584,1253,78.0
2026-07-09,23250,2029-12-13,put,regular,40,0.3574,1253,550.0
2026-07-09,32000,2029-12-13,call,regular,113,0.2,1253,1685.0
2026-07-09,34250,2029-12-13,call,regular,6,0.2,1253,2095.0
2026-07-09,44000,2029-12-13,call,regular,100,0.2,1253,4455.0
2026-07-09,70000,2029-12-13,call,regular,100,0.3051,1253,14500.0
2026-07-09,19000,2030-06-13,call,regular,2,0.2,1435,315.0
2026-07-09,23500,2030-12-12,call,regular,100,0.2,1617,730.0
2026-07-09,31750,2030-12-12,call,regular,74,0.2,1617,1945.0
2026-07-09,34000,2030-12-12,call,regular,24,0.2,1617,2315.0
2026-07-09,44000,2030-12-12,call,regular,80,0.2,1617,4455.0
2026-07-09,49500,2030-12-12,call,regular,100,0.2,1617,6025.0
2026-07-09,64000,2030-12-12,call,regular,3,0.1751,1617,11955.0
2026-07-09,31500,2031-12-11,call,regular,52,0.2,1981,1975.0
2026-07-09,68000,2031-12-11,call,regular,100,0.2214,1981,14020.0
2026-07-09,31250,2032-12-09,call,regular,40,0.2,2345,1975.0
2026-07-09,42750,2026-08-13,call,regular,27,0.2,35,24105.0
2026-07-09,49000,2026-08-13,call,regular,27,0.2,35,17945.0
2026-07-09,56000,2026-08-13,call,regular,1,0.2,35,11245.0
2026-07-09,58000,2026-08-13,call,regular,850,0.2,35,9435.0
2026-07-09,59500,2026-08-13,call,regular,20,0.2,35,8150.0
2026-07-09,59750,2026-08-13,call,regular,50,0.2,35,7940.0
2026-07-09,60000,2026-08-13,call,regular,225,0.2,35,7720.0
2026-07-09,60500,2026-08-13,call,regular,120,0.2,35,7285.0
2026-07-09,61000,2026-08-13,call,regular,402,0.2,35,6875.0
2026-07-09,61500,2026-08-13,call,regular,200,0.2,35,6500.0
2026-07-09,62000,2026-08-13,call,regular,104,0.1661,35,6110.0
2026-07-09,62500,2026-08-13,call,regular,15,0.2033,35,5730.0
2026-07-09,63000,2026-08-13,call,regular,2130,0.2236,35,5365.0
2026-07-09,63375,2026-08-13,call,regular,5,0.2386,35,5120.0
2026-07-09,63625,2026-08-13,call,regular,5,0.244,35,4945.0
2026-07-09,63750,2026-08-13,call,regular,5,0.244,35,4845.0
2026-07-09,63875,2026-08-13,call,regular,10,0.2482,35,4770.0
2026-07-09,64000,2026-08-13,call,regular,425,0.2452,35,4655.0
2026-07-09,64125,2026-08-13,call,regular,30,0.2522,35,4600.0
2026-07-09,64250,2026-08-13,call,regular,20,0.2514,35,4500.0
2026-07-09,64375,2026-08-13,call,regular,20,0.2553,35,4430.0
2026-07-09,64500,2026-08-13,call,regular,11,0.2549,35,4335.0
2026-07-09,64625,2026-08-13,call,regular,15,0.2583,35,4265.0
2026-07-09,64750,2026-08-13,call,regular,10,0.2576,35,4170.0
2026-07-09,64875,2026-08-13,call,regular,15,0.2605,35,4100.0
2026-07-09,65000,2026-08-13,call,regular,796,0.2566,35,3985.0
2026-07-09,65125,2026-08-13,call,regular,15,0.2634,35,3945.0
2026-07-09,65250,2026-08-13,call,regular,15,0.2614,35,3845.0
2026-07-09,65375,2026-08-13,call,regular,20,0.2648,35,3785.0
2026-07-09,65500,2026-08-13,call,regular,20,0.2647,35,3700.0
2026-07-09,65625,2026-08-13,call,regular,10,0.2677,35,3640.0
2026-07-09,65750,2026-08-13,call,regular,455,0.2659,35,3545.0
2026-07-09,66000,2026-08-13,call,regular,114,0.2807,35,3500.0
2026-07-09,66250,2026-08-13,call,regular,2,0.2697,35,3260.0
2026-07-09,66375,2026-08-13,call,regular,2,0.2723,35,3205.0
2026-07-09,66500,2026-08-13,call,regular,3,0.2704,35,3115.0
2026-07-09,67000,2026-08-13,call,regular,277,0.2885,35,2975.0
2026-07-09,67250,2026-08-13,call,regular,5,0.2765,35,2740.0
2026-07-09,67500,2026-08-13,call,regular,1,0.2768,35,2610.0
2026-07-09,67625,2026-08-13,call,regular,2,0.2768,35,2545.0
2026-07-09,67750,2026-08-13,call,regular,105,0.2778,35,2490.0
2026-07-09,68000,2026-08-13,call,regular,416,0.2788,35,2375.0
2026-07-09,68250,2026-08-13,call,regular,130,0.2806,35,2270.0
2026-07-09,68500,2026-08-13,call,regular,1,0.2818,35,2165.0
2026-07-09,68750,2026-08-13,call,regular,86,0.2814,35,2050.0
2026-07-09,69000,2026-08-13,call,regular,430,0.2829,35,1955.0
2026-07-09,69125,2026-08-13,call,regular,10,0.2813,35,1890.0
2026-07-09,69375,2026-08-13,call,regular,1,0.282,35,1795.0
2026-07-09,69500,2026-08-13,call,regular,140,0.2831,35,1755.0
2026-07-09,69750,2026-08-13,call,regular,1,0.2844,35,1670.0
2026-07-09,70000,2026-08-13,call,regular,1526,0.2852,35,1585.0
2026-07-09,70375,2026-08-13,call,regular,26,0.2846,35,1450.0
2026-07-09,70500,2026-08-13,call,regular,8,0.2918,35,1465.0
2026-07-09,70750,2026-08-13,call,regular,1,0.2868,35,1345.0
2026-07-09,71000,2026-08-13,call,regular,376,0.289,35,1285.0
2026-07-09,71500,2026-08-13,call,regular,6,0.2977,35,1205.0
2026-07-09,71750,2026-08-13,call,regular,16,0.29,35,1080.0
2026-07-09,72000,2026-08-13,call,regular,336,0.292,35,1030.0
2026-07-09,72125,2026-08-13,call,regular,15,0.2893,35,980.0
2026-07-09,72250,2026-08-13,call,regular,2,0.2908,35,960.0
2026-07-09,72500,2026-08-13,call,regular,649,0.295,35,930.0
2026-07-09,72750,2026-08-13,call,regular,2,0.2914,35,850.0
2026-07-09,73000,2026-08-13,call,regular,140,0.2918,35,800.0
2026-07-09,73250,2026-08-13,call,regular,20,0.2927,35,755.0
2026-07-09,73500,2026-08-13,call,regular,304,0.2996,35,750.0
2026-07-09,73750,2026-08-13,call,regular,1,0.2948,35,675.0
2026-07-09,74000,2026-08-13,call,regular,420,0.2954,35,635.0
2026-07-09,74125,2026-08-13,call,regular,830000,0.2973,35,625.0
2026-07-09,74375,2026-08-13,call,regular,20,0.2955,35,575.0
2026-07-09,74500,2026-08-13,call,regular,361,0.2954,35,555.0
2026-07-09,74875,2026-08-13,call,regular,13,0.2942,35,495.0
2026-07-09,75000,2026-08-13,call,regular,1981,0.2986,35,500.0
2026-07-09,75125,2026-08-13,call,regular,16,0.2949,35,465.0
2026-07-09,75250,2026-08-13,call,regular,620000,0.2982,35,465.0
2026-07-09,75500,2026-08-13,call,regular,154,0.2985,35,435.0
2026-07-09,76000,2026-08-13,call,regular,436,0.3024,35,395.0
2026-07-09,76500,2026-08-13,call,regular,54,0.3004,35,335.0
2026-07-09,77000,2026-08-13,call,regular,719,0.3031,35,300.0
2026-07-09,77500,2026-08-13,call,regular,848,0.3019,35,255.0
2026-07-09,78000,2026-08-13,call,regular,450,0.302,35,220.0
2026-07-09,78500,2026-08-13,call,regular,7,0.3031,35,192.0
2026-07-09,79000,2026-08-13,call,regular,56,0.3044,35,168.0
2026-07-09,79500,2026-08-13,call,regular,11,0.3079,35,152.0
2026-07-09,80000,2026-08-13,call,regular,1040,0.3073,35,129.0
2026-07-09,80500,2026-08-13,call,regular,13,0.3072,35,110.0
2026-07-09,81000,2026-08-13,call,regular,97,0.3103,35,99.0
2026-07-09,81500,2026-08-13,call,regular,4,0.3042,35,75.0
2026-07-09,82000,2026-08-13,call,regular,871,0.3098,35,71.0
2026-07-09,82500,2026-08-13,call,regular,18,0.3128,35,64.0
2026-07-09,83000,2026-08-13,call,regular,206,0.3126,35,54.0
2026-07-09,83500,2026-08-13,call,regular,3,0.3119,35,45.0
2026-07-09,84000,2026-08-13,call,regular,40,0.312,35,38.0
2026-07-09,84500,2026-08-13,call,regular,3,0.312,35,32.0
2026-07-09,85000,2026-08-13,call,regular,893,0.3165,35,30.0
2026-07-09,85750,2026-08-13,call,regular,21,0.3127,35,21.0
2026-07-09,87500,2026-08-13,call,regular,100,0.3362,35,21.0
2026-07-09,88000,2026-08-13,call,regular,165,0.3296,35,15.0
2026-07-09,90000,2026-08-13,call,regular,459,0.3318,35,8.0
2026-07-09,92000,2026-08-13,call,regular,81,0.3392,35,5.0
2026-07-09,94000,2026-08-13,call,regular,12,0.3448,35,3.0
2026-07-09,95000,2026-08-13,call,regular,57,0.355,35,3.0
2026-07-09,96000,2026-08-13,call,regular,10,0.3531,35,2.0
2026-07-09,98000,2026-08-13,call,regular,33,0.3722,35,2.0
2026-07-09,100000,2026-08-13,call,regular,67,0.3909,35,2.0
2026-07-09,30000,2026-09-10,call,regular,3750,0.2,63,36765.0
2026-07-09,37000,2026-09-10,call,regular,1,0.2,63,29830.0
2026-07-09,42000,2026-09-10,call,regular,101,0.2,63,24915.0
2026-07-09,42500,2026-09-10,call,regular,1,0.2,63,24420.0
2026-07-09,43000,2026-09-10,call,regular,100,0.2,63,23935.0
2026-07-09,43500,2026-09-10,call,regular,57,0.2,63,23445.0
2026-07-09,45000,2026-09-10,call,regular,41,0.2,63,22000.0
2026-07-09,48000,2026-09-10,call,regular,400,0.2,63,19095.0
2026-07-09,48500,2026-09-10,call,regular,240,0.2,63,18620.0
2026-07-09,49000,2026-09-10,call,regular,200,0.2,63,18130.0
2026-07-09,50000,2026-09-10,call,regular,4650,0.2,63,17195.0
2026-07-09,50500,2026-09-10,call,regular,50,0.2,63,16730.0
2026-07-09,51000,2026-09-10,call,regular,141,0.2,63,16260.0
2026-07-09,51250,2026-09-10,call,regular,210,0.2,63,16015.0
2026-07-09,52000,2026-09-10,call,regular,350,0.2,63,15305.0
2026-07-09,53000,2026-09-10,call,regular,1100,0.2,63,14375.0
2026-07-09,53500,2026-09-10,call,regular,400,0.2,63,13910.0
2026-07-09,53750,2026-09-10,call,regular,150,0.2,63,13685.0
2026-07-09,54000,2026-09-10,call,regular,1056,0.2,63,13450.0
2026-07-09,54250,2026-09-10,call,regular,50,0.2,63,13250.0
2026-07-09,54500,2026-09-10,call,regular,200,0.2,63,13005.0
2026-07-09,54750,2026-09-10,call,regular,90,0.2,63,12790.0
2026-07-09,55000,2026-09-10,call,regular,661,0.2,63,12555.0
2026-07-09,56000,2026-09-10,call,regular,1250,0.2,63,11680.0
2026-07-09,56500,2026-09-10,call,regular,79,0.2,63,11055.0
2026-07-09,57000,2026-09-10,call,regular,850,0.2,63,10810.0
2026-07-09,57500,2026-09-10,call,regular,384,0.2,63,10385.0
2026-07-09,58000,2026-09-10,call,regular,1101,0.2,63,9965.0
2026-07-09,59000,2026-09-10,call,regular,1096,0.1888,63,9135.0
2026-07-09,60000,2026-09-10,call,regular,786,0.2302,63,8335.0
2026-07-09,60500,2026-09-10,call,regular,700,0.2409,63,7945.0
2026-07-09,60750,2026-09-10,call,regular,120,0.2447,63,7750.0
2026-07-09,61000,2026-09-10,call,regular,220,0.2494,63,7565.0
2026-07-09,61250,2026-09-10,call,regular,21,0.2524,63,7375.0
2026-07-09,61500,2026-09-10,call,regular,1,0.2556,63,7190.0
2026-07-09,62000,2026-09-10,call,regular,1300,0.2607,63,6825.0
2026-07-09,62500,2026-09-10,call,regular,500,0.2645,63,6465.0
2026-07-09,63000,2026-09-10,call,regular,950,0.2682,63,6120.0
2026-07-09,63250,2026-09-10,call,regular,1,0.2686,63,5940.0
2026-07-09,64000,2026-09-10,call,regular,1210,0.2724,63,5445.0
2026-07-09,64250,2026-09-10,call,regular,100,0.2725,63,5275.0
2026-07-09,65000,2026-09-10,call,regular,3885,0.2742,63,4800.0
2026-07-09,65500,2026-09-10,call,regular,150,0.2757,63,4505.0
2026-07-09,66000,2026-09-10,call,regular,1390,0.2761,63,4210.0
2026-07-09,66250,2026-09-10,call,regular,28,0.2765,63,4070.0
2026-07-09,67000,2026-09-10,call,regular,633,0.2786,63,3680.0
2026-07-09,67500,2026-09-10,call,regular,1125,0.2794,63,3430.0
2026-07-09,67750,2026-09-10,call,regular,173,0.2799,63,3310.0
2026-07-09,68000,2026-09-10,call,regular,783,0.2791,63,3180.0
2026-07-09,68500,2026-09-10,call,regular,101,0.2808,63,2965.0
2026-07-09,69000,2026-09-10,call,regular,496,0.2809,63,2745.0
2026-07-09,69500,2026-09-10,call,regular,2975000,0.2808,63,2535.0
2026-07-09,69625,2026-09-10,call,regular,3,0.2813,63,2490.0
2026-07-09,69750,2026-09-10,call,regular,474,0.2813,63,2440.0
2026-07-09,70000,2026-09-10,call,regular,1842,0.2815,63,2345.0
2026-07-09,70250,2026-09-10,call,regular,1,0.2814,63,2250.0
2026-07-09,70500,2026-09-10,call,regular,1,0.2816,63,2160.0
2026-07-09,71000,2026-09-10,call,regular,1260,0.282,63,1990.0
2026-07-09,71125,2026-09-10,call,regular,15,0.2826,63,1955.0
2026-07-09,71625,2026-09-10,call,regular,2,0.2832,63,1800.0
2026-07-09,72000,2026-09-10,call,regular,1572,0.2831,63,1685.0
2026-07-09,72500,2026-09-10,call,regular,604,0.2838,63,1550.0
2026-07-09,72750,2026-09-10,call,regular,1,0.2841,63,1485.0
2026-07-09,73000,2026-09-10,call,regular,611,0.2842,63,1420.0
2026-07-09,73500,2026-09-10,call,regular,475,0.2846,63,1300.0
2026-07-09,73625,2026-09-10,call,regular,2,0.2846,63,1270.0
2026-07-09,73750,2026-09-10,call,regular,1,0.285,63,1245.0
2026-07-09,74000,2026-09-10,call,regular,1540,0.2847,63,1185.0
2026-07-09,74500,2026-09-10,call,regular,1,0.2854,63,1085.0
2026-07-09,75000,2026-09-10,call,regular,2313,0.2853,63,985.0
2026-07-09,75500,2026-09-10,call,regular,1,0.2885,63,920.0
2026-07-09,76000,2026-09-10,call,regular,285,0.2847,63,805.0
2026-07-09,76500,2026-09-10,call,regular,22,0.2864,63,740.0
2026-07-09,77000,2026-09-10,call,regular,599,0.288,63,680.0
2026-07-09,77500,2026-09-10,call,regular,961,0.2866,63,605.0
2026-07-09,78000,2026-09-10,call,regular,1451,0.2906,63,570.0
2026-07-09,78500,2026-09-10,call,regular,7,0.2907,63,515.0
2026-07-09,79000,2026-09-10,call,regular,2,0.291,63,465.0
2026-07-09,79500,2026-09-10,call,regular,200,0.2885,63,405.0
2026-07-09,80000,2026-09-10,call,regular,759,0.2889,63,365.0
2026-07-09,80500,2026-09-10,call,regular,1,0.2895,63,330.0
2026-07-09,81000,2026-09-10,call,regular,2,0.2885,63,291.0
2026-07-09,81500,2026-09-10,call,regular,2,0.2875,63,256.0
2026-07-09,83000,2026-09-10,call,regular,801,0.2905,63,190.0
2026-07-09,84000,2026-09-10,call,regular,751,0.2933,63,158.0
2026-07-09,85000,2026-09-10,call,regular,184,0.2971,63,134.0
2026-07-09,87500,2026-09-10,call,regular,2,0.2998,63,78.0
2026-07-09,90000,2026-09-10,call,regular,28,0.3118,63,56.0
2026-07-09,92000,2026-09-10,call,regular,2,0.3073,63,31.0
2026-07-09,94000,2026-09-10,call,regular,1,0.3113,63,21.0
2026-07-09,95000,2026-09-10,call,regular,3,0.3127,63,17.0
2026-07-09,98000,2026-09-10,call,regular,5,0.3199,63,10.0
2026-07-09,100000,2026-09-10,call,regular,14,0.3321,63,9.0
2026-07-09,47500,2026-10-08,call,regular,34,0.2,91,19485.0
2026-07-09,53000,2026-10-08,call,regular,34,0.2,91,14455.0
2026-07-09,60500,2026-10-08,call,regular,100,0.2497,91,8310.0
2026-07-09,61000,2026-10-08,call,regular,200,0.251,91,7920.0
2026-07-09,62000,2026-10-08,call,regular,28,0.2578,91,7215.0
2026-07-09,63000,2026-10-08,call,regular,4,0.2615,91,6530.0
2026-07-09,64000,2026-10-08,call,regular,31,0.2645,91,5885.0
2026-07-09,65000,2026-10-08,call,regular,1,0.2664,91,5275.0
2026-07-09,67500,2026-10-08,call,regular,1,0.2661,91,3885.0
2026-07-09,69500,2026-10-08,call,regular,1,0.2684,91,3005.0
2026-07-09,70000,2026-10-08,call,regular,400,0.2688,91,2810.0
2026-07-09,70750,2026-10-08,call,regular,1,0.2701,91,2545.0
2026-07-09,73000,2026-10-08,call,regular,2,0.2717,91,1845.0
2026-07-09,74500,2026-10-08,call,regular,2,0.2719,91,1465.0
2026-07-09,75000,2026-10-08,call,regular,1883,0.2712,91,1345.0
2026-07-09,76000,2026-10-08,call,regular,300,0.272,91,1150.0
2026-07-09,77000,2026-10-08,call,regular,988,0.2722,91,975.0
2026-07-09,77500,2026-10-08,call,regular,1,0.2721,91,895.0
2026-07-09,78000,2026-10-08,call,regular,1,0.2726,91,825.0
2026-07-09,80000,2026-10-08,call,regular,7,0.2734,91,585.0
2026-07-09,81000,2026-10-08,call,regular,400,0.2746,91,495.0
2026-07-09,83000,2026-10-08,call,regular,4,0.2763,91,350.0
2026-07-09,83500,2026-10-08,call,regular,5,0.2767,91,320.0
2026-07-09,85000,2026-10-08,call,regular,100,0.278,91,245.0
2026-07-09,90000,2026-10-08,call,regular,3,0.2857,91,106.0
2026-07-09,95000,2026-10-08,call,regular,4,0.294,91,47.0
2026-07-09,50250,2026-11-12,call,regular,35,0.2,126,17260.0
2026-07-09,56000,2026-11-12,call,regular,34,0.2361,126,12385.0
2026-07-09,57500,2026-11-12,call,regular,100,0.2549,126,11185.0
2026-07-09,60500,2026-11-12,call,regular,100,0.2696,126,8920.0
2026-07-09,61000,2026-11-12,call,regular,200,0.2704,126,8560.0
2026-07-09,65000,2026-11-12,call,regular,10,0.2755,126,6005.0
2026-07-09,66000,2026-11-12,call,regular,200,0.2757,126,5445.0
2026-07-09,70000,2026-11-12,call,regular,103,0.2725,126,3510.0
2026-07-09,71000,2026-11-12,call,regular,4,0.2726,126,3130.0
2026-07-09,72500,2026-11-12,call,regular,1,0.2728,126,2620.0
2026-07-09,74000,2026-11-12,call,regular,100,0.2731,126,2180.0
2026-07-09,75000,2026-11-12,call,regular,102,0.2724,126,1910.0
2026-07-09,95000,2026-11-12,call,regular,1,0.2853,126,118.0
2026-07-09,100000,2026-11-12,call,regular,1,0.2918,126,61.0
2026-07-09,12500,2026-12-10,call,regular,84,0.2,154,54080.0
2026-07-09,20000,2026-12-10,call,regular,150,0.2,154,46645.0
2026-07-09,22000,2026-12-10,call,regular,100,0.2,154,44670.0
2026-07-09,25000,2026-12-10,call,regular,300,0.2,154,41715.0
2026-07-09,26000,2026-12-10,call,regular,350,0.2,154,40735.0
2026-07-09,27000,2026-12-10,call,regular,250,0.2,154,39755.0
2026-07-09,28000,2026-12-10,call,regular,75,0.2,154,38755.0
2026-07-09,28500,2026-12-10,call,regular,125,0.2,154,38265.0
2026-07-09,29000,2026-12-10,call,regular,150,0.2,154,37775.0
2026-07-09,30000,2026-12-10,call,regular,100,0.2,154,36775.0
2026-07-09,30500,2026-12-10,call,regular,50,0.2,154,36285.0
2026-07-09,31000,2026-12-10,call,regular,241,0.2,154,35800.0
2026-07-09,31500,2026-12-10,call,regular,50,0.2,154,35310.0
2026-07-09,32000,2026-12-10,call,regular,700,0.2,154,34820.0
2026-07-09,32500,2026-12-10,call,regular,250,0.2,154,34335.0
2026-07-09,33000,2026-12-10,call,regular,1950,0.2,154,33845.0
2026-07-09,34000,2026-12-10,call,regular,280,0.2,154,32875.0
2026-07-09,34500,2026-12-10,call,regular,400,0.2,154,32390.0
2026-07-09,35000,2026-12-10,call,regular,435,0.2,154,31905.0
2026-07-09,36000,2026-12-10,call,regular,975,0.2,154,30940.0
2026-07-09,36500,2026-12-10,call,regular,252,0.2,154,30460.0
2026-07-09,37000,2026-12-10,call,regular,450,0.2,154,29975.0
2026-07-09,37500,2026-12-10,call,regular,88,0.2,154,29495.0
2026-07-09,37750,2026-12-10,call,regular,100,0.2,154,29255.0
2026-07-09,38000,2026-12-10,call,regular,1225,0.2,154,29015.0
2026-07-09,38500,2026-12-10,call,regular,700,0.2,154,28540.0
2026-07-09,38750,2026-12-10,call,regular,50,0.2,154,28300.0
2026-07-09,39000,2026-12-10,call,regular,750,0.2,154,28060.0
2026-07-09,39500,2026-12-10,call,regular,500,0.2,154,27590.0
2026-07-09,40000,2026-12-10,call,regular,1200,0.2,154,27120.0
2026-07-09,40500,2026-12-10,call,regular,400,0.2,154,26645.0
2026-07-09,41000,2026-12-10,call,regular,1300,0.2,154,26185.0
2026-07-09,41500,2026-12-10,call,regular,100,0.2,154,25715.0
2026-07-09,42000,2026-12-10,call,regular,1071,0.2,154,25245.0
2026-07-09,42500,2026-12-10,call,regular,250,0.2,154,24775.0
2026-07-09,43000,2026-12-10,call,regular,1400,0.2,154,24305.0
2026-07-09,43750,2026-12-10,call,regular,100,0.2,154,23605.0
2026-07-09,44000,2026-12-10,call,regular,600,0.2,154,23370.0
2026-07-09,45000,2026-12-10,call,regular,1842,0.2,154,22425.0
2026-07-09,45250,2026-12-10,call,regular,413,0.2,154,22190.0
2026-07-09,45500,2026-12-10,call,regular,200,0.2,154,21960.0
2026-07-09,46000,2026-12-10,call,regular,2300,0.2,154,21490.0
2026-07-09,46250,2026-12-10,call,regular,315,0.2,154,21260.0
2026-07-09,47000,2026-12-10,call,regular,350,0.2,154,20575.0
2026-07-09,47500,2026-12-10,call,regular,200,0.2,154,20115.0
2026-07-09,48000,2026-12-10,call,regular,750,0.2,154,19665.0
2026-07-09,49000,2026-12-10,call,regular,1000,0.2,154,18765.0
2026-07-09,49500,2026-12-10,call,regular,260,0.2,154,18320.0
2026-07-09,50000,2026-12-10,call,regular,3342,0.2,154,17875.0
2026-07-09,50250,2026-12-10,call,regular,58,0.2,154,17655.0
2026-07-09,50500,2026-12-10,call,regular,600,0.2,154,17435.0
2026-07-09,50750,2026-12-10,call,regular,45,0.2,154,17210.0
2026-07-09,51000,2026-12-10,call,regular,731,0.2,154,17005.0
2026-07-09,52000,2026-12-10,call,regular,802,0.2211,154,16180.0
2026-07-09,52250,2026-12-10,call,regular,250,0.2327,154,15975.0
2026-07-09,52500,2026-12-10,call,regular,50,0.2403,154,15765.0
2026-07-09,53000,2026-12-10,call,regular,1135,0.2502,154,15340.0
2026-07-09,53500,2026-12-10,call,regular,106,0.258,154,14920.0
2026-07-09,54000,2026-12-10,call,regular,1941,0.2643,154,14505.0
2026-07-09,54500,2026-12-10,call,regular,540,0.2688,154,14090.0
2026-07-09,55000,2026-12-10,call,regular,1829,0.2725,154,13680.0
2026-07-09,55500,2026-12-10,call,regular,300,0.2757,154,13275.0
2026-07-09,56000,2026-12-10,call,regular,791,0.2778,154,12870.0
2026-07-09,56500,2026-12-10,call,regular,283,0.2791,154,12465.0
2026-07-09,57000,2026-12-10,call,regular,500,0.28,154,12065.0
2026-07-09,57250,2026-12-10,call,regular,113,0.2817,154,11880.0
2026-07-09,57500,2026-12-10,call,regular,90,0.2822,154,11685.0
2026-07-09,58000,2026-12-10,call,regular,2603,0.2835,154,11305.0
2026-07-09,58500,2026-12-10,call,regular,350,0.2842,154,10925.0
2026-07-09,59000,2026-12-10,call,regular,1900,0.2846,154,10550.0
2026-07-09,59500,2026-12-10,call,regular,100,0.2848,154,10180.0
2026-07-09,60000,2026-12-10,call,regular,7846,0.2855,154,9825.0
2026-07-09,60500,2026-12-10,call,regular,2,0.2849,154,9460.0
2026-07-09,61000,2026-12-10,call,regular,813,0.2853,154,9115.0
2026-07-09,62000,2026-12-10,call,regular,1350,0.2863,154,8455.0
2026-07-09,62500,2026-12-10,call,regular,385,0.2874,154,8145.0
2026-07-09,63000,2026-12-10,call,regular,1590,0.2862,154,7810.0
2026-07-09,63750,2026-12-10,call,regular,25,0.286,154,7345.0
2026-07-09,64000,2026-12-10,call,regular,1855,0.2859,154,7195.0
2026-07-09,65000,2026-12-10,call,regular,3226,0.2846,154,6595.0
2026-07-09,65500,2026-12-10,call,regular,584,0.2845,154,6315.0
2026-07-09,66000,2026-12-10,call,regular,620,0.2836,154,6030.0
2026-07-09,67000,2026-12-10,call,regular,677,0.2838,154,5520.0
2026-07-09,67250,2026-12-10,call,regular,25,0.2791,154,5315.0
2026-07-09,67500,2026-12-10,call,regular,25,0.2789,154,5190.0
2026-07-09,68000,2026-12-10,call,regular,2808,0.2788,154,4950.0
2026-07-09,69000,2026-12-10,call,regular,771,0.2785,154,4495.0
2026-07-09,69250,2026-12-10,call,regular,50,0.2784,154,4385.0
2026-07-09,69750,2026-12-10,call,regular,158,0.2781,154,4170.0
2026-07-09,70000,2026-12-10,call,regular,2939,0.2782,154,4070.0
2026-07-09,71000,2026-12-10,call,regular,30,0.2775,154,3670.0
2026-07-09,72000,2026-12-10,call,regular,330,0.2774,154,3310.0
2026-07-09,72500,2026-12-10,call,regular,2403,0.2771,154,3135.0
2026-07-09,73000,2026-12-10,call,regular,25,0.2775,154,2980.0
2026-07-09,73500,2026-12-10,call,regular,400,0.2772,154,2820.0
2026-07-09,74000,2026-12-10,call,regular,630,0.2777,154,2680.0
2026-07-09,75000,2026-12-10,call,regular,2812,0.2782,154,2410.0
2026-07-09,76000,2026-12-10,call,regular,100,0.2784,154,2160.0
2026-07-09,77000,2026-12-10,call,regular,159,0.2781,154,1925.0
2026-07-09,77500,2026-12-10,call,regular,1301,0.278,154,1815.0
2026-07-09,78000,2026-12-10,call,regular,3,0.2781,154,1715.0
2026-07-09,79000,2026-12-10,call,regular,4,0.2774,154,1515.0
2026-07-09,80000,2026-12-10,call,regular,6796,0.2779,154,1350.0
2026-07-09,81000,2026-12-10,call,regular,120,0.2778,154,1195.0
2026-07-09,82000,2026-12-10,call,regular,3945000,0.2781,154,1060.0
2026-07-09,82500,2026-12-10,call,regular,1,0.2789,154,1005.0
2026-07-09,83000,2026-12-10,call,regular,4750000,0.2795,154,950.0
2026-07-09,84000,2026-12-10,call,regular,101,0.2807,154,850.0
2026-07-09,85000,2026-12-10,call,regular,426,0.2813,154,755.0
2026-07-09,87500,2026-12-10,call,regular,1477,0.2823,154,555.0
2026-07-09,90000,2026-12-10,call,regular,2527,0.284,154,410.0
2026-07-09,95000,2026-12-10,call,regular,1062,0.2852,154,213.0
2026-07-09,100000,2026-12-10,call,regular,601,0.287,154,110.0
2026-07-09,54250,2027-01-07,call,regular,27,0.2659,182,14460.0
2026-07-09,61000,2027-01-07,call,regular,26,0.2808,182,9400.0
2026-07-09,56000,2027-02-10,call,regular,8,0.2854,216,13470.0
2026-07-09,56750,2027-02-10,call,regular,60,0.2862,216,12900.0
2026-07-09,64000,2027-02-10,call,regular,60,0.2807,216,7955.0
2026-07-09,66000,2027-02-10,call,regular,8,0.2792,216,6840.0
2026-07-09,52000,2027-03-11,call,regular,560,0.2828,245,16920.0
2026-07-09,52750,2027-03-11,call,regular,8,0.285,245,16310.0
2026-07-09,53000,2027-03-11,call,regular,275,0.2857,245,16110.0
2026-07-09,53500,2027-03-11,call,regular,200,0.2864,245,15705.0
2026-07-09,53750,2027-03-11,call,regular,44,0.2867,245,15505.0
2026-07-09,54000,2027-03-11,call,regular,267,0.2869,245,15305.0
2026-07-09,55000,2027-03-11,call,regular,550,0.287,245,14510.0
2026-07-09,56000,2027-03-11,call,regular,50,0.2887,245,13760.0
2026-07-09,57000,2027-03-11,call,regular,365,0.2869,245,12985.0
2026-07-09,58000,2027-03-11,call,regular,150,0.2867,245,12255.0
2026-07-09,59500,2027-03-11,call,regular,200,0.286,245,11200.0
2026-07-09,60000,2027-03-11,call,regular,12,0.2854,245,10855.0
2026-07-09,60250,2027-03-11,call,regular,44,0.2851,245,10685.0
2026-07-09,61000,2027-03-11,call,regular,160,0.2841,245,10180.0
2026-07-09,62500,2027-03-11,call,regular,8,0.2828,245,9225.0
2026-07-09,63000,2027-03-11,call,regular,292,0.2824,245,8920.0
2026-07-09,64250,2027-03-11,call,regular,100,0.2813,245,8185.0
2026-07-09,65000,2027-03-11,call,regular,301,0.2805,245,7760.0
2026-07-09,66500,2027-03-11,call,regular,6,0.2795,245,6965.0
2026-07-09,67000,2027-03-11,call,regular,200,0.2792,245,6715.0
2026-07-09,69000,2027-03-11,call,regular,250,0.2781,245,5775.0
2026-07-09,70000,2027-03-11,call,regular,222,0.2778,245,5350.0
2026-07-09,72000,2027-03-11,call,regular,100,0.2776,245,4580.0
2026-07-09,72500,2027-03-11,call,regular,35,0.2777,245,4405.0
2026-07-09,75000,2027-03-11,call,regular,150,0.2779,245,3605.0
2026-07-09,77500,2027-03-11,call,regular,60,0.272,245,2810.0
2026-07-09,80000,2027-03-11,call,regular,200,0.2729,245,2270.0
2026-07-09,82500,2027-03-11,call,regular,36,0.2714,245,1785.0
2026-07-09,90000,2027-03-11,call,regular,56,0.2744,245,905.0
2026-07-09,100000,2027-03-11,call,regular,78,0.2798,245,365.0
2026-07-09,57000,2027-04-08,call,regular,25,0.2735,273,13015.0
2026-07-09,57750,2027-04-08,call,regular,88,0.2735,273,12470.0
2026-07-09,65000,2027-04-08,call,regular,88,0.2699,273,7855.0
2026-07-09,67000,2027-04-08,call,regular,25,0.2694,273,6830.0
2026-07-09,60250,2027-05-13,call,regular,8,0.2735,308,11085.0
2026-07-09,61250,2027-05-13,call,regular,23,0.273,308,10445.0
2026-07-09,71000,2027-05-13,call,regular,23,0.2713,308,5545.0
2026-07-09,72000,2027-05-13,call,regular,8,0.2721,308,5190.0
2026-07-09,16250,2027-06-10,call,regular,114,0.2,336,49935.0
2026-07-09,30000,2027-06-10,call,regular,300,0.2,336,36585.0
2026-07-09,33000,2027-06-10,call,regular,50,0.2,336,33765.0
2026-07-09,36000,2027-06-10,call,regular,150,0.2,336,30990.0
2026-07-09,37000,2027-06-10,call,regular,50,0.2,336,30075.0
2026-07-09,37250,2027-06-10,call,regular,480,0.2,336,29845.0
2026-07-09,38500,2027-06-10,call,regular,140,0.2,336,28710.0
2026-07-09,39000,2027-06-10,call,regular,50,0.2,336,28265.0
2026-07-09,44500,2027-06-10,call,regular,300,0.2,336,23405.0
2026-07-09,50000,2027-06-10,call,regular,300,0.2544,336,18795.0
2026-07-09,50500,2027-06-10,call,regular,175,0.2572,336,18390.0
2026-07-09,53000,2027-06-10,call,regular,100,0.2687,336,16455.0
2026-07-09,54000,2027-06-10,call,regular,1050,0.2742,336,15750.0
2026-07-09,55000,2027-06-10,call,regular,300,0.2761,336,15020.0
2026-07-09,56000,2027-06-10,call,regular,175,0.2766,336,14290.0
2026-07-09,57000,2027-06-10,call,regular,50,0.2769,336,13580.0
2026-07-09,58500,2027-06-10,call,regular,58,0.2764,336,12540.0
2026-07-09,60000,2027-06-10,call,regular,850,0.2756,336,11545.0
2026-07-09,62500,2027-06-10,call,regular,150,0.2743,336,10000.0
2026-07-09,63000,2027-06-10,call,regular,100,0.2739,336,9705.0
2026-07-09,64000,2027-06-10,call,regular,200,0.2731,336,9130.0
2026-07-09,65000,2027-06-10,call,regular,124,0.2727,336,8590.0
2026-07-09,65500,2027-06-10,call,regular,62,0.2725,336,8330.0
2026-07-09,67000,2027-06-10,call,regular,370,0.2719,336,7580.0
2026-07-09,68000,2027-06-10,call,regular,300,0.2716,336,7110.0
2026-07-09,68250,2027-06-10,call,regular,15,0.2715,336,6995.0
2026-07-09,69250,2027-06-10,call,regular,36,0.2715,336,6560.0
2026-07-09,70000,2027-06-10,call,regular,550,0.2713,336,6245.0
2026-07-09,71000,2027-06-10,call,regular,100,0.2714,336,5850.0
2026-07-09,75000,2027-06-10,call,regular,500,0.2668,336,4350.0
2026-07-09,77500,2027-06-10,call,regular,36,0.2663,336,3625.0
2026-07-09,80000,2027-06-10,call,regular,15,0.2675,336,3045.0
2026-07-09,85000,2027-06-10,call,regular,550,0.2676,336,2090.0
2026-07-09,90000,2027-06-10,call,regular,100,0.2684,336,1425.0
2026-07-09,65000,2027-09-09,call,regular,1,0.2735,427,9485.0
2026-07-09,28000,2027-12-09,call,regular,50,0.2,518,38655.0
2026-07-09,30000,2027-12-09,call,regular,225,0.2,518,36760.0
2026-07-09,31500,2027-12-09,call,regular,50,0.2,518,35315.0
2026-07-09,32000,2027-12-09,call,regular,100,0.2,518,34835.0
2026-07-09,33000,2027-12-09,call,regular,100,0.2,518,33875.0
2026-07-09,34000,2027-12-09,call,regular,375,0.2,518,32920.0
2026-07-09,35000,2027-12-09,call,regular,201,0.2,518,32025.0
2026-07-09,36000,2027-12-09,call,regular,80,0.2,518,31140.0
2026-07-09,36750,2027-12-09,call,regular,442,0.2,518,30475.0
2026-07-09,37000,2027-12-09,call,regular,200,0.2,518,30255.0
2026-07-09,38000,2027-12-09,call,regular,575,0.2,518,29385.0
2026-07-09,39000,2027-12-09,call,regular,125,0.2,518,28520.0
2026-07-09,39250,2027-12-09,call,regular,50,0.2,518,28305.0
2026-07-09,39500,2027-12-09,call,regular,50,0.2,518,28090.0
2026-07-09,40000,2027-12-09,call,regular,350,0.2,518,27660.0
2026-07-09,40500,2027-12-09,call,regular,450,0.2,518,27230.0
2026-07-09,41000,2027-12-09,call,regular,375,0.2,518,26810.0
2026-07-09,42000,2027-12-09,call,regular,200,0.2,518,25970.0
2026-07-09,43000,2027-12-09,call,regular,400,0.1556,518,25140.0
2026-07-09,43500,2027-12-09,call,regular,150,0.1905,518,24730.0
2026-07-09,45000,2027-12-09,call,regular,1950,0.2253,518,23510.0
2026-07-09,46000,2027-12-09,call,regular,500,0.2372,518,22710.0
2026-07-09,48000,2027-12-09,call,regular,225,0.252,518,21145.0
2026-07-09,49000,2027-12-09,call,regular,700,0.2567,518,20380.0
2026-07-09,50000,2027-12-09,call,regular,1950,0.2605,518,19630.0
2026-07-09,51000,2027-12-09,call,regular,300,0.263,518,18885.0
2026-07-09,52500,2027-12-09,call,regular,100,0.2658,518,17795.0
2026-07-09,54000,2027-12-09,call,regular,300,0.2678,518,16740.0
2026-07-09,54500,2027-12-09,call,regular,100,0.2682,518,16395.0
2026-07-09,55000,2027-12-09,call,regular,704,0.2684,518,16050.0
2026-07-09,57000,2027-12-09,call,regular,250,0.2692,518,14720.0
2026-07-09,58000,2027-12-09,call,regular,500,0.2693,518,14080.0
2026-07-09,60000,2027-12-09,call,regular,1025,0.269,518,12845.0
2026-07-09,61000,2027-12-09,call,regular,200,0.2687,518,12255.0
2026-07-09,63000,2027-12-09,call,regular,100,0.2679,518,11125.0
2026-07-09,63500,2027-12-09,call,regular,50,0.2676,518,10850.0
2026-07-09,64000,2027-12-09,call,regular,780,0.2674,518,10585.0
2026-07-09,65000,2027-12-09,call,regular,100,0.2671,518,10070.0
2026-07-09,66000,2027-12-09,call,regular,200,0.2668,518,9575.0
2026-07-09,67000,2027-12-09,call,regular,100,0.2671,518,9120.0
2026-07-09,68000,2027-12-09,call,regular,200,0.2675,518,8685.0
2026-07-09,69000,2027-12-09,call,regular,850,0.2679,518,8265.0
2026-07-09,70000,2027-12-09,call,regular,500,0.2682,518,7865.0
2026-07-09,72500,2027-12-09,call,regular,100,0.2685,518,6920.0
2026-07-09,75000,2027-12-09,call,regular,175,0.2684,518,6060.0
2026-07-09,80000,2027-12-09,call,regular,400,0.263,518,4460.0
2026-07-09,87500,2027-12-09,call,regular,100,0.2635,518,2910.0
2026-07-09,41500,2028-06-08,call,regular,100,0.2232,700,27010.0
2026-07-09,28000,2028-12-07,call,regular,50,0.2,882,38840.0
2026-07-09,30000,2028-12-07,call,regular,80,0.2,882,37150.0
2026-07-09,31000,2028-12-07,call,regular,200,0.2,882,36345.0
2026-07-09,32000,2028-12-07,call,regular,75,0.2,882,35555.0
2026-07-09,33000,2028-12-07,call,regular,125,0.2,882,34775.0
2026-07-09,34500,2028-12-07,call,regular,330,0.2,882,33520.0
2026-07-09,34750,2028-12-07,call,regular,100,0.2,882,33310.0
2026-07-09,35500,2028-12-07,call,regular,443,0.1806,882,32690.0
2026-07-09,36000,2028-12-07,call,regular,450,0.2062,882,32280.0
2026-07-09,36500,2028-12-07,call,regular,52,0.2201,882,31870.0
2026-07-09,38000,2028-12-07,call,regular,120,0.2435,882,30650.0
2026-07-09,39000,2028-12-07,call,regular,575,0.253,882,29850.0
2026-07-09,40000,2028-12-07,call,regular,30,0.2601,882,29060.0
2026-07-09,41000,2028-12-07,call,regular,375,0.2648,882,28270.0
2026-07-09,42000,2028-12-07,call,regular,65,0.2688,882,27495.0
2026-07-09,42500,2028-12-07,call,regular,100,0.2701,882,27105.0
2026-07-09,50000,2028-12-07,call,regular,400,0.2782,882,21620.0
2026-07-09,53000,2028-12-07,call,regular,50,0.2772,882,19590.0
2026-07-09,55000,2028-12-07,call,regular,50,0.2763,882,18310.0
2026-07-09,56000,2028-12-07,call,regular,650,0.2757,882,17685.0
2026-07-09,60000,2028-12-07,call,regular,250,0.2729,882,15325.0
2026-07-09,67500,2028-12-07,call,regular,100,0.2668,882,11485.0
2026-07-09,75000,2028-12-07,call,regular,80,0.2618,882,8445.0
2026-07-09,80000,2028-12-07,call,regular,200,0.2593,882,6830.0
2026-07-09,50000,2029-12-13,call,regular,100,0.2816,1253,23280.0
2026-07-09,60000,2029-12-13,call,regular,375,0.2743,1253,17360.0
2026-07-09,57000,2030-12-12,call,regular,300,0.26,1617,19825.0
2026-07-09,64000,2030-12-12,call,regular,3,0.261,1617,16530.0
2026-07-09,52875,2026-07-10,put,mini,585,1.5228,1,1.0
2026-07-09,53000,2026-07-10,put,mini,258,1.5095,1,1.0
2026-07-09,53125,2026-07-10,put,mini,3,1.4963,1,1.0
2026-07-09,53250,2026-07-10,put,mini,5,1.4831,1,1.0
2026-07-09,53375,2026-07-10,put,mini,4,1.4699,1,1.0
2026-07-09,53500,2026-07-10,put,mini,20,1.4567,1,1.0
2026-07-09,53625,2026-07-10,put,mini,3,1.4436,1,1.0
2026-07-09,53750,2026-07-10,put,mini,10,1.4305,1,1.0
2026-07-09,53875,2026-07-10,put,mini,14,1.4174,1,1.0
2026-07-09,54000,2026-07-10,put,mini,435,1.4043,1,1.0
2026-07-09,54125,2026-07-10,put,mini,2,1.3913,1,1.0
2026-07-09,54250,2026-07-10,put,mini,14,1.3782,1,1.0
2026-07-09,54375,2026-07-10,put,mini,3,1.3652,1,1.0
2026-07-09,54500,2026-07-10,put,mini,118,1.3523,1,1.0
2026-07-09,54625,2026-07-10,put,mini,1,1.3393,1,1.0
2026-07-09,54750,2026-07-10,put,mini,60,1.3264,1,1.0
2026-07-09,54875,2026-07-10,put,mini,1,1.3135,1,1.0
2026-07-09,55000,2026-07-10,put,mini,174,1.3006,1,1.0
2026-07-09,55125,2026-07-10,put,mini,3,1.2877,1,1.0
2026-07-09,55250,2026-07-10,put,mini,9,1.2749,1,1.0
2026-07-09,55375,2026-07-10,put,mini,1,1.262,1,1.0
2026-07-09,55500,2026-07-10,put,mini,16,1.2492,1,1.0
2026-07-09,55625,2026-07-10,put,mini,3,1.2365,1,1.0
2026-07-09,55750,2026-07-10,put,mini,2,1.2237,1,1.0
2026-07-09,55875,2026-07-10,put,mini,1,1.211,1,1.0
2026-07-09,56000,2026-07-10,put,mini,116,1.1982,1,1.0
2026-07-09,56125,2026-07-10,put,mini,6,1.1855,1,1.0
2026-07-09,56250,2026-07-10,put,mini,11,1.1729,1,1.0
2026-07-09,56375,2026-07-10,put,mini,2,1.1602,1,1.0
2026-07-09,56500,2026-07-10,put,mini,26,1.1476,1,1.0
2026-07-09,56625,2026-07-10,put,mini,1,1.1349,1,1.0
2026-07-09,56750,2026-07-10,put,mini,614,1.1223,1,1.0
2026-07-09,56875,2026-07-10,put,mini,4,1.1098,1,1.0
2026-07-09,57000,2026-07-10,put,mini,237,1.0972,1,1.0
2026-07-09,57125,2026-07-10,put,mini,1,1.1517,1,2.0
2026-07-09,57250,2026-07-10,put,mini,20,1.1385,1,2.0
2026-07-09,57375,2026-07-10,put,mini,3,1.1253,1,2.0
2026-07-09,57500,2026-07-10,put,mini,31,1.1122,1,2.0
2026-07-09,57625,2026-07-10,put,mini,1,1.099,1,2.0
2026-07-09,57750,2026-07-10,put,mini,9,1.0859,1,2.0
2026-07-09,57875,2026-07-10,put,mini,2,1.0728,1,2.0
2026-07-09,58000,2026-07-10,put,mini,323,1.0597,1,2.0
2026-07-09,58125,2026-07-10,put,mini,3,1.0877,1,3.0
2026-07-09,58250,2026-07-10,put,mini,8,1.0742,1,3.0
2026-07-09,58375,2026-07-10,put,mini,20,1.0607,1,3.0
2026-07-09,58500,2026-07-10,put,mini,96,1.0473,1,3.0
2026-07-09,58625,2026-07-10,put,mini,22,1.0338,1,3.0
2026-07-09,58750,2026-07-10,put,mini,18,1.0204,1,3.0
2026-07-09,58875,2026-07-10,put,mini,6,1.007,1,3.0
2026-07-09,59000,2026-07-10,put,mini,323,0.9936,1,3.0
2026-07-09,59125,2026-07-10,put,mini,4,1.0093,1,4.0
2026-07-09,59250,2026-07-10,put,mini,37,0.9956,1,4.0
2026-07-09,59375,2026-07-10,put,mini,3,0.9819,1,4.0
2026-07-09,59500,2026-07-10,put,mini,117,0.9683,1,4.0
2026-07-09,59625,2026-07-10,put,mini,4,0.9975,1,6.0
2026-07-09,59750,2026-07-10,put,mini,50,0.9833,1,6.0
2026-07-09,59875,2026-07-10,put,mini,23,0.9692,1,6.0
2026-07-09,60000,2026-07-10,put,mini,909,0.9551,1,6.0
2026-07-09,60125,2026-07-10,put,mini,3,0.9729,1,8.0
2026-07-09,60250,2026-07-10,put,mini,2,0.9721,1,9.0
2026-07-09,60375,2026-07-10,put,mini,10,0.9575,1,9.0
2026-07-09,60500,2026-07-10,put,mini,82,0.9428,1,9.0
2026-07-09,60625,2026-07-10,put,mini,18,0.9404,1,10.0
2026-07-09,60750,2026-07-10,put,mini,13,0.9369,1,11.0
2026-07-09,60875,2026-07-10,put,mini,5,0.9423,1,13.0
2026-07-09,61000,2026-07-10,put,mini,351,0.9174,1,12.0
2026-07-09,61125,2026-07-10,put,mini,7,0.9298,1,15.0
2026-07-09,61250,2026-07-10,put,mini,10,0.9226,1,16.0
2026-07-09,61375,2026-07-10,put,mini,36,0.9148,1,17.0
2026-07-09,61500,2026-07-10,put,mini,148,0.8836,1,15.0
2026-07-09,61625,2026-07-10,put,mini,6,0.8909,1,18.0
2026-07-09,61750,2026-07-10,put,mini,8,0.8888,1,20.0
2026-07-09,61875,2026-07-10,put,mini,6,0.9086,1,26.0
2026-07-09,62000,2026-07-10,put,mini,1225,0.8867,1,25.0
2026-07-09,62125,2026-07-10,put,mini,2,0.8592,1,23.0
2026-07-09,62250,2026-07-10,put,mini,30,0.8646,1,27.0
2026-07-09,62375,2026-07-10,put,mini,9,0.8675,1,31.0
2026-07-09,62500,2026-07-10,put,mini,389,0.8552,1,32.0
2026-07-09,62625,2026-07-10,put,mini,21,0.8901,1,45.0
2026-07-09,62750,2026-07-10,put,mini,42,0.8898,1,50.0
2026-07-09,62875,2026-07-10,put,mini,7,0.8911,1,56.0
2026-07-09,63000,2026-07-10,put,mini,1052,0.8759,1,57.0
2026-07-09,63125,2026-07-10,put,mini,5,0.8888,1,68.0
2026-07-09,63250,2026-07-10,put,mini,27,0.8857,1,74.0
2026-07-09,63375,2026-07-10,put,mini,11,0.8886,1,83.0
2026-07-09,63500,2026-07-10,put,mini,164,0.8451,1,73.0
2026-07-09,63625,2026-07-10,put,mini,1,0.891,1,102.0
2026-07-09,63750,2026-07-10,put,mini,43,0.8947,1,114.0
2026-07-09,63875,2026-07-10,put,mini,7,0.891,1,123.0
2026-07-09,64000,2026-07-10,put,mini,701,0.8666,1,121.0
2026-07-09,64125,2026-07-10,put,mini,3,0.9017,1,154.0
2026-07-09,64250,2026-07-10,put,mini,75,0.9032,1,169.0
2026-07-09,64375,2026-07-10,put,mini,2,0.9075,1,187.0
2026-07-09,64500,2026-07-10,put,mini,429,0.8764,1,181.0
2026-07-09,64625,2026-07-10,put,mini,5,0.9146,1,226.0
2026-07-09,64750,2026-07-10,put,mini,217,0.8833,1,220.0
2026-07-09,64875,2026-07-10,put,mini,20,0.9209,1,270.0
2026-07-09,65000,2026-07-10,put,mini,1017,0.9056,1,278.0
2026-07-09,65125,2026-07-10,put,mini,4,0.9054,1,300.0
2026-07-09,65250,2026-07-10,put,mini,35,0.9281,1,345.0
2026-07-09,65375,2026-07-10,put,mini,6,0.9476,1,390.0
2026-07-09,65500,2026-07-10,put,mini,257,0.9255,1,395.0
2026-07-09,65625,2026-07-10,put,mini,10,0.8836,1,380.0
2026-07-09,65750,2026-07-10,put,mini,623,0.885,1,410.0
2026-07-09,65875,2026-07-10,put,mini,13,0.9744,1,540.0
2026-07-09,66000,2026-07-10,put,mini,902,0.949,1,545.0
2026-07-09,66125,2026-07-10,put,mini,7,0.9317,1,560.0
2026-07-09,66250,2026-07-10,put,mini,176,0.918,1,580.0
2026-07-09,66375,2026-07-10,put,mini,31,0.9441,1,650.0
2026-07-09,66500,2026-07-10,put,mini,496,0.9678,1,720.0
2026-07-09,66625,2026-07-10,put,mini,5,1.0354,1,850.0
2026-07-09,66750,2026-07-10,put,mini,181,1.0502,1,915.0
2026-07-09,66875,2026-07-10,put,mini,32,1.0484,1,960.0
2026-07-09,67000,2026-07-10,put,mini,760,1.0455,1,1005.0
2026-07-09,67125,2026-07-10,put,mini,15,1.0195,1,1020.0
2026-07-09,67250,2026-07-10,put,mini,57,0.989,1,1030.0
2026-07-09,67375,2026-07-10,put,mini,40,1.0227,1,1130.0
2026-07-09,67500,2026-07-10,put,mini,263,1.0511,1,1225.0
2026-07-09,67625,2026-07-10,put,mini,3,1.1419,1,1410.0
2026-07-09,67750,2026-07-10,put,mini,81,1.213,1,1570.0
2026-07-09,67875,2026-07-10,put,mini,25,1.1804,1,1585.0
2026-07-09,68000,2026-07-10,put,mini,440,1.1469,1,1600.0
2026-07-09,68125,2026-07-10,put,mini,22,1.2531,1,1815.0
2026-07-09,68250,2026-07-10,put,mini,60,1.2562,1,1885.0
2026-07-09,68375,2026-07-10,put,mini,4,1.2583,1,1955.0
2026-07-09,68500,2026-07-10,put,mini,302,1.3018,1,2085.0
2026-07-09,68625,2026-07-10,put,mini,3,1.3233,1,2185.0
2026-07-09,68750,2026-07-10,put,mini,46,1.3263,1,2260.0
2026-07-09,68875,2026-07-10,put,mini,16,1.3496,1,2365.0
2026-07-09,69000,2026-07-10,put,mini,381,1.3224,1,2400.0
2026-07-09,69125,2026-07-10,put,mini,5,1.3942,1,2575.0
2026-07-09,69250,2026-07-10,put,mini,125,1.4369,1,2710.0
2026-07-09,69375,2026-07-10,put,mini,17,1.4468,1,2800.0
2026-07-09,69500,2026-07-10,put,mini,533,1.4813,1,2925.0
2026-07-09,69625,2026-07-10,put,mini,21,1.4971,1,3025.0
2026-07-09,69750,2026-07-10,put,mini,89,1.5305,1,3150.0
2026-07-09,69875,2026-07-10,put,mini,61,1.5489,1,3255.0
2026-07-09,70000,2026-07-10,put,mini,361,1.5814,1,3380.0
2026-07-09,70125,2026-07-10,put,mini,1,1.6024,1,3490.0
2026-07-09,70250,2026-07-10,put,mini,70,1.6304,1,3610.0
2026-07-09,70375,2026-07-10,put,mini,1,1.6543,1,3725.0
2026-07-09,70500,2026-07-10,put,mini,95,1.689,1,3855.0
2026-07-09,70625,2026-07-10,put,mini,2,1.7084,1,3965.0
2026-07-09,70750,2026-07-10,put,mini,67,1.7386,1,4090.0
2026-07-09,70875,2026-07-10,put,mini,3,1.761,1,4205.0
2026-07-09,71000,2026-07-10,put,mini,129,1.7945,1,4335.0
2026-07-09,71125,2026-07-10,put,mini,14,1.8162,1,4450.0
2026-07-09,71250,2026-07-10,put,mini,150,1.8491,1,4580.0
2026-07-09,71375,2026-07-10,put,mini,80,1.8702,1,4695.0
2026-07-09,71500,2026-07-10,put,mini,47,1.9027,1,4825.0
2026-07-09,71625,2026-07-10,put,mini,10,1.9271,1,4945.0
2026-07-09,71750,2026-07-10,put,mini,14,1.9552,1,5070.0
2026-07-09,71875,2026-07-10,put,mini,1,1.983,1,5195.0
2026-07-09,72000,2026-07-10,put,mini,157,2.0067,1,5315.0
2026-07-09,72125,2026-07-10,put,mini,5440,2.034,1,5440.0
2026-07-09,72250,2026-07-10,put,mini,4,2.0612,1,5565.0
2026-07-09,72375,2026-07-10,put,mini,13,2.0882,1,5690.0
2026-07-09,72500,2026-07-10,put,mini,36,2.115,1,5815.0
2026-07-09,72625,2026-07-10,put,mini,5940,2.1415,1,5940.0
2026-07-09,72750,2026-07-10,put,mini,2,2.1679,1,6065.0
2026-07-09,72875,2026-07-10,put,mini,6190,2.1941,1,6190.0
2026-07-09,73000,2026-07-10,put,mini,27,2.2202,1,6315.0
2026-07-09,73125,2026-07-10,put,mini,6440,2.246,1,6440.0
2026-07-09,73250,2026-07-10,put,mini,2,2.2717,1,6565.0
2026-07-09,73500,2026-07-10,put,mini,7,2.3226,1,6815.0
2026-07-09,74000,2026-07-10,put,mini,32,2.4224,1,7315.0
2026-07-09,74250,2026-07-10,put,mini,7565,2.4715,1,7565.0
2026-07-09,74500,2026-07-10,put,mini,5,2.52,1,7815.0
2026-07-09,75000,2026-07-10,put,mini,5,2.6153,1,8315.0
2026-07-09,75375,2026-07-10,put,mini,4,2.6855,1,8690.0
2026-07-09,71250,2026-07-15,put,mini,2,0.7911,6,4695.0
2026-07-09,72000,2026-07-15,put,mini,5380,0.8404,6,5380.0
2026-07-09,72500,2026-07-15,put,mini,2,0.8784,6,5860.0
2026-07-09,61000,2026-07-17,put,mini,520,0.5382,8,199.0
2026-07-09,61125,2026-07-17,put,mini,1,0.5312,8,200.0
2026-07-09,61250,2026-07-17,put,mini,51,0.5254,8,203.0
2026-07-09,61500,2026-07-17,put,mini,46,0.525,8,227.0
2026-07-09,61750,2026-07-17,put,mini,12,0.5193,8,244.0
2026-07-09,62000,2026-07-17,put,mini,81,0.5118,8,259.0
2026-07-09,62125,2026-07-17,put,mini,2,0.5182,8,286.0
2026-07-09,62250,2026-07-17,put,mini,4,0.5198,8,305.0
2026-07-09,62500,2026-07-17,put,mini,139,0.503,8,305.0
2026-07-09,62625,2026-07-17,put,mini,50,0.521,8,360.0
2026-07-09,62750,2026-07-17,put,mini,51,0.5146,8,365.0
2026-07-09,63000,2026-07-17,put,mini,160,0.4994,8,370.0
2026-07-09,63125,2026-07-17,put,mini,100,0.5248,8,450.0
2026-07-09,63250,2026-07-17,put,mini,51,0.5178,8,455.0
2026-07-09,63500,2026-07-17,put,mini,120,0.5172,8,500.0
2026-07-09,63625,2026-07-17,put,mini,1,0.523,8,540.0
2026-07-09,63750,2026-07-17,put,mini,103,0.5208,8,560.0
2026-07-09,64000,2026-07-17,put,mini,171,0.5087,8,580.0
2026-07-09,64125,2026-07-17,put,mini,635,0.5182,8,635.0
2026-07-09,64250,2026-07-17,put,mini,104,0.5236,8,680.0
2026-07-09,64375,2026-07-17,put,mini,51,0.52,8,700.0
2026-07-09,64500,2026-07-17,put,mini,212,0.5196,8,730.0
2026-07-09,64625,2026-07-17,put,mini,1,0.5172,8,755.0
2026-07-09,64750,2026-07-17,put,mini,55,0.5225,8,805.0
2026-07-09,64875,2026-07-17,put,mini,3,0.5273,8,855.0
2026-07-09,65000,2026-07-17,put,mini,265,0.5148,8,850.0
2026-07-09,65250,2026-07-17,put,mini,4,0.5256,8,960.0
2026-07-09,65500,2026-07-17,put,mini,9,0.533,8,1065.0
2026-07-09,65625,2026-07-17,put,mini,1115,0.5354,8,1115.0
2026-07-09,65750,2026-07-17,put,mini,6,0.536,8,1160.0
2026-07-09,65875,2026-07-17,put,mini,1,0.5364,8,1205.0
2026-07-09,66000,2026-07-17,put,mini,28,0.5159,8,1175.0
2026-07-09,66250,2026-07-17,put,mini,5,0.5395,8,1355.0
2026-07-09,66500,2026-07-17,put,mini,23,0.544,8,1470.0
2026-07-09,66750,2026-07-17,put,mini,1,0.5484,8,1590.0
2026-07-09,66875,2026-07-17,put,mini,1640,0.5476,8,1640.0
2026-07-09,67000,2026-07-17,put,mini,41,0.549,8,1700.0
2026-07-09,67500,2026-07-17,put,mini,20,0.5594,8,1970.0
2026-07-09,67750,2026-07-17,put,mini,4,0.5665,8,2120.0
2026-07-09,68000,2026-07-17,put,mini,23,0.5725,8,2270.0
2026-07-09,68125,2026-07-17,put,mini,2360,0.5788,8,2360.0
2026-07-09,68250,2026-07-17,put,mini,5,0.5811,8,2435.0
2026-07-09,68500,2026-07-17,put,mini,12,0.585,8,2585.0
2026-07-09,68750,2026-07-17,put,mini,5,0.5952,8,2765.0
2026-07-09,69000,2026-07-17,put,mini,4,0.597,8,2915.0
2026-07-09,69250,2026-07-17,put,mini,10,0.6104,8,3115.0
2026-07-09,69375,2026-07-17,put,mini,3205,0.6143,8,3205.0
2026-07-09,69500,2026-07-17,put,mini,34,0.6154,8,3285.0
2026-07-09,69750,2026-07-17,put,mini,14,0.6271,8,3485.0
2026-07-09,69875,2026-07-17,put,mini,1,0.6327,8,3585.0
2026-07-09,70000,2026-07-17,put,mini,8,0.6496,8,3730.0
2026-07-09,70250,2026-07-17,put,mini,2,0.647,8,3880.0
2026-07-09,70500,2026-07-17,put,mini,2,0.6618,8,4100.0
2026-07-09,70750,2026-07-17,put,mini,20,0.6733,8,4310.0
2026-07-09,71500,2026-07-17,put,mini,2,0.7152,8,4980.0
2026-07-09,71750,2026-07-17,put,mini,8,0.726,8,5195.0
2026-07-09,72500,2026-07-17,put,mini,2,0.7664,8,5880.0
2026-07-09,74000,2026-07-17,put,mini,5,0.8612,8,7330.0
2026-07-09,75000,2026-07-17,put,mini,5,0.9219,8,8305.0
2026-07-09,72500,2026-07-22,put,mini,2,0.6278,13,6000.0
2026-07-09,65250,2026-07-24,put,mini,5,0.4769,15,1405.0
2026-07-09,65750,2026-07-24,put,mini,30,0.4597,15,1500.0
2026-07-09,66500,2026-07-24,put,mini,2,0.4802,15,1905.0
2026-07-09,67000,2026-07-24,put,mini,2140,0.483,15,2140.0
2026-07-09,67250,2026-07-24,put,mini,2,0.4856,15,2270.0
2026-07-09,67750,2026-07-24,put,mini,2,0.4905,15,2540.0
2026-07-09,69250,2026-07-24,put,mini,12,0.5156,15,3495.0
2026-07-09,69500,2026-07-24,put,mini,30,0.5186,15,3660.0
2026-07-09,69750,2026-07-24,put,mini,8,0.5211,15,3825.0
2026-07-09,70750,2026-07-24,put,mini,20,0.5435,15,4580.0
2026-07-09,72500,2026-07-24,put,mini,3,0.5906,15,6030.0
2026-07-09,70750,2026-07-31,put,mini,30,0.4933,22,4865.0
2026-07-09,56750,2026-08-14,put,mini,122,0.4778,36,510.0
2026-07-09,56875,2026-08-14,put,mini,2,0.4762,36,520.0
2026-07-09,57000,2026-08-14,put,mini,141,0.4706,36,515.0
2026-07-09,57125,2026-08-14,put,mini,555,0.4766,36,555.0
2026-07-09,57250,2026-08-14,put,mini,10,0.4697,36,545.0
2026-07-09,57375,2026-08-14,put,mini,570,0.4717,36,570.0
2026-07-09,57500,2026-08-14,put,mini,11,0.4611,36,545.0
2026-07-09,57750,2026-08-14,put,mini,2,0.461,36,580.0
2026-07-09,57875,2026-08-14,put,mini,3,0.4615,36,600.0
2026-07-09,58000,2026-08-14,put,mini,73,0.4618,36,620.0
2026-07-09,58125,2026-08-14,put,mini,1,0.4631,36,645.0
2026-07-09,58250,2026-08-14,put,mini,3,0.4609,36,655.0
2026-07-09,58375,2026-08-14,put,mini,1,0.4654,36,695.0
2026-07-09,58500,2026-08-14,put,mini,17,0.4598,36,690.0
2026-07-09,58750,2026-08-14,put,mini,725,0.4583,36,725.0
2026-07-09,58875,2026-08-14,put,mini,1,0.46,36,755.0
2026-07-09,59000,2026-08-14,put,mini,267,0.447,36,715.0
2026-07-09,59250,2026-08-14,put,mini,1,0.4534,36,790.0
2026-07-09,59375,2026-08-14,put,mini,1,0.4548,36,820.0
2026-07-09,59500,2026-08-14,put,mini,37,0.452,36,830.0
2026-07-09,59625,2026-08-14,put,mini,860,0.4532,36,860.0
2026-07-09,59750,2026-08-14,put,mini,6,0.4504,36,870.0
2026-07-09,59875,2026-08-14,put,mini,2,0.4495,36,890.0
2026-07-09,60000,2026-08-14,put,mini,289,0.4466,36,900.0
2026-07-09,60125,2026-08-14,put,mini,930,0.4474,36,930.0
2026-07-09,60250,2026-08-14,put,mini,22,0.4453,36,945.0
2026-07-09,60500,2026-08-14,put,mini,9,0.4393,36,965.0
2026-07-09,60625,2026-08-14,put,mini,1,0.4441,36,1020.0
2026-07-09,60750,2026-08-14,put,mini,2,0.4418,36,1035.0
2026-07-09,60875,2026-08-14,put,mini,2,0.4429,36,1070.0
2026-07-09,61000,2026-08-14,put,mini,136,0.4354,36,1055.0
2026-07-09,61125,2026-08-14,put,mini,1120,0.4414,36,1120.0
2026-07-09,61250,2026-08-14,put,mini,3,0.4389,36,1135.0
2026-07-09,61375,2026-08-14,put,mini,10,0.4396,36,1170.0
2026-07-09,61500,2026-08-14,put,mini,64,0.4361,36,1180.0
2026-07-09,61625,2026-08-14,put,mini,1225,0.4383,36,1225.0
2026-07-09,61750,2026-08-14,put,mini,62,0.4363,36,1245.0
2026-07-09,61875,2026-08-14,put,mini,2,0.4374,36,1285.0
2026-07-09,62000,2026-08-14,put,mini,776,0.433,36,1290.0
2026-07-09,62125,2026-08-14,put,mini,1,0.4324,36,1320.0
2026-07-09,62250,2026-08-14,put,mini,516,0.4333,36,1360.0
2026-07-09,62375,2026-08-14,put,mini,504,0.434,36,1400.0
2026-07-09,62500,2026-08-14,put,mini,21,0.4302,36,1410.0
2026-07-09,62625,2026-08-14,put,mini,1430,0.4278,36,1430.0
2026-07-09,62750,2026-08-14,put,mini,3,0.4312,36,1490.0
2026-07-09,63000,2026-08-14,put,mini,171,0.4275,36,1540.0
2026-07-09,63125,2026-08-14,put,mini,2,0.4306,36,1600.0
2026-07-09,63250,2026-08-14,put,mini,8,0.4286,36,1625.0
2026-07-09,63375,2026-08-14,put,mini,10,0.4293,36,1670.0
2026-07-09,63500,2026-08-14,put,mini,8,0.4278,36,1700.0
2026-07-09,63625,2026-08-14,put,mini,1745,0.4284,36,1745.0
2026-07-09,63750,2026-08-14,put,mini,6,0.426,36,1770.0
2026-07-09,63875,2026-08-14,put,mini,1820,0.4271,36,1820.0
2026-07-09,64000,2026-08-14,put,mini,99,0.4226,36,1830.0
2026-07-09,64125,2026-08-14,put,mini,1,0.4262,36,1900.0
2026-07-09,64250,2026-08-14,put,mini,74,0.4236,36,1925.0
2026-07-09,64375,2026-08-14,put,mini,1980,0.4249,36,1980.0
2026-07-09,64500,2026-08-14,put,mini,15,0.4229,36,2010.0
2026-07-09,64625,2026-08-14,put,mini,2065,0.424,36,2065.0
2026-07-09,64750,2026-08-14,put,mini,316,0.4218,36,2095.0
2026-07-09,64875,2026-08-14,put,mini,2,0.4227,36,2150.0
2026-07-09,65000,2026-08-14,put,mini,123,0.4178,36,2160.0
2026-07-09,65250,2026-08-14,put,mini,2270,0.4193,36,2270.0
2026-07-09,65500,2026-08-14,put,mini,20,0.4198,36,2375.0
2026-07-09,65625,2026-08-14,put,mini,2440,0.4214,36,2440.0
2026-07-09,65750,2026-08-14,put,mini,2,0.4187,36,2470.0
2026-07-09,65875,2026-08-14,put,mini,1,0.4146,36,2490.0
2026-07-09,66000,2026-08-14,put,mini,155,0.4098,36,2505.0
2026-07-09,66125,2026-08-14,put,mini,2645,0.4203,36,2645.0
2026-07-09,66250,2026-08-14,put,mini,9,0.4185,36,2685.0
2026-07-09,66375,2026-08-14,put,mini,2755,0.4202,36,2755.0
2026-07-09,66500,2026-08-14,put,mini,267,0.4176,36,2790.0
2026-07-09,66625,2026-08-14,put,mini,2865,0.4197,36,2865.0
2026-07-09,66750,2026-08-14,put,mini,227,0.4175,36,2905.0
2026-07-09,66875,2026-08-14,put,mini,3010,0.4231,36,3010.0
2026-07-09,67000,2026-08-14,put,mini,265,0.4207,36,3050.0
2026-07-09,67125,2026-08-14,put,mini,3090,0.4183,36,3090.0
2026-07-09,67250,2026-08-14,put,mini,48,0.42,36,3165.0
2026-07-09,67375,2026-08-14,put,mini,3215,0.4187,36,3215.0
2026-07-09,67500,2026-08-14,put,mini,14,0.4196,36,3285.0
2026-07-09,67625,2026-08-14,put,mini,9,0.4192,36,3345.0
2026-07-09,67750,2026-08-14,put,mini,8,0.42,36,3415.0
2026-07-09,67875,2026-08-14,put,mini,3475,0.4194,36,3475.0
2026-07-09,68000,2026-08-14,put,mini,127,0.4089,36,3450.0
2026-07-09,68125,2026-08-14,put,mini,3615,0.4205,36,3615.0
2026-07-09,68250,2026-08-14,put,mini,9,0.4221,36,3695.0
2026-07-09,68375,2026-08-14,put,mini,3750,0.4207,36,3750.0
2026-07-09,68500,2026-08-14,put,mini,10,0.4233,36,3840.0
2026-07-09,68625,2026-08-14,put,mini,3895,0.4217,36,3895.0
2026-07-09,68750,2026-08-14,put,mini,6,0.423,36,3975.0
2026-07-09,68875,2026-08-14,put,mini,4040,0.4224,36,4040.0
2026-07-09,69000,2026-08-14,put,mini,51,0.4247,36,4130.0
2026-07-09,69125,2026-08-14,put,mini,1,0.4234,36,4190.0
2026-07-09,69250,2026-08-14,put,mini,142,0.4249,36,4275.0
2026-07-09,69375,2026-08-14,put,mini,4345,0.4246,36,4345.0
2026-07-09,69500,2026-08-14,put,mini,196,0.426,36,4430.0
2026-07-09,69625,2026-08-14,put,mini,4500,0.4255,36,4500.0
2026-07-09,69750,2026-08-14,put,mini,104,0.428,36,4595.0
2026-07-09,70000,2026-08-14,put,mini,73,0.4296,36,4760.0
2026-07-09,70125,2026-08-14,put,mini,4830,0.4289,36,4830.0
2026-07-09,70250,2026-08-14,put,mini,1,0.431,36,4925.0
2026-07-09,70500,2026-08-14,put,mini,59,0.4381,36,5140.0
2026-07-09,70750,2026-08-14,put,mini,77,0.4347,36,5270.0
2026-07-09,70875,2026-08-14,put,mini,5350,0.4347,36,5350.0
2026-07-09,71000,2026-08-14,put,mini,655,0.4383,36,5460.0
2026-07-09,71250,2026-08-14,put,mini,524,0.4385,36,5625.0
2026-07-09,71375,2026-08-14,put,mini,498,0.4389,36,5710.0
2026-07-09,71500,2026-08-14,put,mini,5875,0.4489,36,5875.0
2026-07-09,71750,2026-08-14,put,mini,2,0.4438,36,6000.0
2026-07-09,72000,2026-08-14,put,mini,10,0.4476,36,6200.0
2026-07-09,72125,2026-08-14,put,mini,6275,0.4463,36,6275.0
2026-07-09,72250,2026-08-14,put,mini,3,0.4487,36,6380.0
2026-07-09,72500,2026-08-14,put,mini,31,0.4545,36,6600.0
2026-07-09,72750,2026-08-14,put,mini,2,0.4539,36,6770.0
2026-07-09,73000,2026-08-14,put,mini,1,0.4568,36,6970.0
2026-07-09,73250,2026-08-14,put,mini,7175,0.4602,36,7175.0
2026-07-09,74000,2026-08-14,put,mini,4,0.471,36,7805.0
2026-07-09,74250,2026-08-14,put,mini,8015,0.4743,36,8015.0
2026-07-09,75000,2026-08-14,put,mini,1,0.4865,36,8670.0
2026-07-09,75250,2026-08-14,put,mini,5,0.4898,36,8885.0
2026-07-09,61250,2026-09-11,put,mini,31,0.4105,64,1825.0
2026-07-09,61375,2026-09-11,put,mini,1,0.4096,64,1855.0
2026-07-09,61500,2026-09-11,put,mini,17,0.4093,64,1890.0
2026-07-09,61625,2026-09-11,put,mini,1,0.4083,64,1920.0
2026-07-09,61750,2026-09-11,put,mini,2,0.4079,64,1955.0
2026-07-09,62000,2026-09-11,put,mini,16,0.4063,64,2020.0
2026-07-09,63000,2026-09-11,put,mini,24,0.4019,64,2315.0
2026-07-09,63625,2026-09-11,put,mini,4,0.3987,64,2510.0
2026-07-09,63750,2026-09-11,put,mini,4,0.398,64,2550.0
2026-07-09,64000,2026-09-11,put,mini,9,0.3974,64,2640.0
2026-07-09,64250,2026-09-11,put,mini,3,0.3957,64,2720.0
2026-07-09,64500,2026-09-11,put,mini,9,0.3952,64,2815.0
2026-07-09,65000,2026-09-11,put,mini,11,0.3923,64,2990.0
2026-07-09,65500,2026-09-11,put,mini,2,0.3913,64,3195.0
2026-07-09,66000,2026-09-11,put,mini,9,0.3896,64,3400.0
2026-07-09,66750,2026-09-11,put,mini,3745,0.3889,64,3745.0
2026-07-09,67000,2026-09-11,put,mini,6,0.3891,64,3870.0
2026-07-09,67250,2026-09-11,put,mini,2,0.3887,64,3990.0
2026-07-09,67500,2026-09-11,put,mini,6,0.389,64,4120.0
2026-07-09,67750,2026-09-11,put,mini,1,0.3891,64,4250.0
2026-07-09,68000,2026-09-11,put,mini,1,0.3881,64,4370.0
2026-07-09,68500,2026-09-11,put,mini,4655,0.3894,64,4655.0
2026-07-09,69000,2026-09-11,put,mini,20,0.3896,64,4935.0
2026-07-09,69250,2026-09-11,put,mini,3,0.3894,64,5075.0
2026-07-09,70000,2026-09-11,call,mini,5,0.5606,64,5530.0
2026-07-09,71000,2026-09-11,call,mini,6175,0.6522,64,6175.0
2026-07-09,71250,2026-09-11,call,mini,3,0.6755,64,6345.0
2026-07-09,71500,2026-09-11,call,mini,3,0.6988,64,6515.0
2026-07-09,71750,2026-09-11,call,mini,12,0.7225,64,6690.0
2026-07-09,72000,2026-09-11,call,mini,2,0.746,64,6865.0
2026-07-09,72250,2026-09-11,call,mini,7045,0.7699,64,7045.0
2026-07-09,72375,2026-09-11,call,mini,7140,0.7823,64,7140.0
2026-07-09,72500,2026-09-11,call,mini,1,0.7941,64,7230.0
2026-07-09,73000,2026-09-11,call,mini,7600,0.8424,64,7600.0
2026-07-09,73500,2026-09-11,call,mini,16,0.8913,64,7980.0
2026-07-09,74000,2026-09-11,call,mini,12,0.9403,64,8365.0
2026-07-09,74250,2026-09-11,call,mini,1,0.9654,64,8565.0
2026-07-09,75000,2026-09-11,call,mini,42,1.0397,64,9160.0
2026-07-09,53000,2026-07-10,call,mini,47,0.2,1,13695.0
2026-07-09,54500,2026-07-10,call,mini,23,0.2,1,12195.0
2026-07-09,55000,2026-07-10,call,mini,11695,0.2,1,11695.0
2026-07-09,56000,2026-07-10,call,mini,10695,0.2,1,10695.0
2026-07-09,56250,2026-07-10,call,mini,10445,0.2,1,10445.0
2026-07-09,56500,2026-07-10,call,mini,15,0.2,1,10195.0
2026-07-09,56750,2026-07-10,call,mini,595,0.2,1,9945.0
2026-07-09,57000,2026-07-10,call,mini,9695,0.2,1,9695.0
2026-07-09,57375,2026-07-10,call,mini,9320,0.2,1,9320.0
2026-07-09,57750,2026-07-10,call,mini,1,0.2,1,8945.0
2026-07-09,58000,2026-07-10,call,mini,3,0.2,1,8695.0
2026-07-09,58250,2026-07-10,call,mini,1,0.2,1,8445.0
2026-07-09,58500,2026-07-10,call,mini,8195,0.2,1,8195.0
2026-07-09,58750,2026-07-10,call,mini,7950,0.2,1,7950.0
2026-07-09,59000,2026-07-10,call,mini,11,0.2,1,7695.0
2026-07-09,59125,2026-07-10,call,mini,7570,0.2,1,7570.0
2026-07-09,59250,2026-07-10,call,mini,7445,0.2,1,7445.0
2026-07-09,59500,2026-07-10,call,mini,61,0.2,1,7195.0
2026-07-09,59750,2026-07-10,call,mini,10,0.2,1,6950.0
2026-07-09,59875,2026-07-10,call,mini,6825,0.2,1,6825.0
2026-07-09,60000,2026-07-10,call,mini,257,0.2,1,6700.0
2026-07-09,60125,2026-07-10,call,mini,1,0.2,1,6575.0
2026-07-09,60250,2026-07-10,call,mini,35,0.2,1,6450.0
2026-07-09,60375,2026-07-10,call,mini,6325,0.2,1,6325.0
2026-07-09,60500,2026-07-10,call,mini,1,0.2,1,6200.0
2026-07-09,60625,2026-07-10,call,mini,6075,0.2,1,6075.0
2026-07-09,60750,2026-07-10,call,mini,1,0.2,1,5955.0
2026-07-09,60875,2026-07-10,call,mini,5830,0.2,1,5830.0
2026-07-09,61000,2026-07-10,call,mini,64,0.2,1,5705.0
2026-07-09,61125,2026-07-10,call,mini,5580,0.2,1,5580.0
2026-07-09,61250,2026-07-10,call,mini,5460,0.2,1,5460.0
2026-07-09,61375,2026-07-10,call,mini,5335,0.2,1,5335.0
2026-07-09,61500,2026-07-10,call,mini,6,0.2,1,5205.0
2026-07-09,61625,2026-07-10,call,mini,1,0.2,1,5090.0
2026-07-09,61750,2026-07-10,call,mini,80,0.2,1,4960.0
2026-07-09,62000,2026-07-10,call,mini,131,0.2,1,4715.0
2026-07-09,62125,2026-07-10,call,mini,1,0.2,1,4590.0
2026-07-09,62250,2026-07-10,call,mini,23,0.2,1,4475.0
2026-07-09,62375,2026-07-10,call,mini,4350,0.2,1,4350.0
2026-07-09,62500,2026-07-10,call,mini,11,0.2,1,4225.0
2026-07-09,62625,2026-07-10,call,mini,4,0.2,1,4110.0
2026-07-09,62750,2026-07-10,call,mini,14,0.2,1,3990.0
2026-07-09,63000,2026-07-10,call,mini,55,0.2,1,3750.0
2026-07-09,63125,2026-07-10,call,mini,1,0.2,1,3635.0
2026-07-09,63250,2026-07-10,call,mini,6,0.2,1,3515.0
2026-07-09,63500,2026-07-10,call,mini,52,0.2,1,3265.0
2026-07-09,63625,2026-07-10,call,mini,3170,0.2,1,3170.0
2026-07-09,63750,2026-07-10,call,mini,1,0.2,1,3055.0
2026-07-09,64000,2026-07-10,call,mini,60,0.2,1,2815.0
2026-07-09,64250,2026-07-10,call,mini,41,0.2,1,2610.0
2026-07-09,64375,2026-07-10,call,mini,2505,0.2,1,2505.0
2026-07-09,64500,2026-07-10,call,mini,35,0.2,1,2375.0
2026-07-09,64625,2026-07-10,call,mini,2295,0.2,1,2295.0
2026-07-09,64750,2026-07-10,call,mini,159,0.2,1,2160.0
2026-07-09,64875,2026-07-10,call,mini,2085,0.2,1,2085.0
2026-07-09,65000,2026-07-10,call,mini,66,0.2,1,1970.0
2026-07-09,65125,2026-07-10,call,mini,1,0.2,1,1865.0
2026-07-09,65250,2026-07-10,call,mini,5,0.2,1,1785.0
2026-07-09,65375,2026-07-10,call,mini,1705,0.2,1,1705.0
2026-07-09,65500,2026-07-10,call,mini,35,0.2,1,1585.0
2026-07-09,65625,2026-07-10,call,mini,1445,0.2,1,1445.0
2026-07-09,65750,2026-07-10,call,mini,585,0.2,1,1350.0
2026-07-09,65875,2026-07-10,call,mini,1,0.2,1,1300.0
2026-07-09,66000,2026-07-10,call,mini,108,0.2,1,1235.0
2026-07-09,66125,2026-07-10,call,mini,2,0.2,1,1200.0
2026-07-09,66250,2026-07-10,call,mini,26,0.2,1,1020.0
2026-07-09,66375,2026-07-10,call,mini,5,0.2,1,955.0
2026-07-09,66500,2026-07-10,call,mini,198,0.2,1,910.0
2026-07-09,66625,2026-07-10,call,mini,895,0.2,1,895.0
2026-07-09,66750,2026-07-10,call,mini,128,0.2,1,860.0
2026-07-09,66875,2026-07-10,call,mini,775,0.2,1,775.0
2026-07-09,67000,2026-07-10,call,mini,249,0.2,1,770.0
2026-07-09,67125,2026-07-10,call,mini,1,0.2,1,665.0
2026-07-09,67250,2026-07-10,call,mini,16,0.2,1,610.0
2026-07-09,67375,2026-07-10,call,mini,2,0.2,1,570.0
2026-07-09,67500,2026-07-10,call,mini,65,0.0755,1,560.0
2026-07-09,67625,2026-07-10,call,mini,4,0.1285,1,475.0
2026-07-09,67750,2026-07-10,call,mini,75,0.2352,1,510.0
2026-07-09,67875,2026-07-10,call,mini,400,0.2111,1,400.0
2026-07-09,68000,2026-07-10,call,mini,302,0.2606,1,400.0
2026-07-09,68125,2026-07-10,call,mini,21,0.2901,1,380.0
2026-07-09,68250,2026-07-10,call,mini,52,0.2908,1,325.0
2026-07-09,68375,2026-07-10,call,mini,3,0.2872,1,270.0
2026-07-09,68500,2026-07-10,call,mini,169,0.3246,1,275.0
2026-07-09,68625,2026-07-10,call,mini,248,0.3357,1,248.0
2026-07-09,68750,2026-07-10,call,mini,59,0.3258,1,199.0
2026-07-09,68875,2026-07-10,call,mini,11,0.3347,1,177.0
2026-07-09,69000,2026-07-10,call,mini,548,0.3623,1,178.0
2026-07-09,69125,2026-07-10,call,mini,16,0.3516,1,140.0
2026-07-09,69250,2026-07-10,call,mini,164,0.384,1,148.0
2026-07-09,69375,2026-07-10,call,mini,7,0.3676,1,111.0
2026-07-09,69500,2026-07-10,call,mini,348,0.3899,1,111.0
2026-07-09,69625,2026-07-10,call,mini,23,0.3827,1,88.0
2026-07-09,69750,2026-07-10,call,mini,155,0.4061,1,90.0
2026-07-09,69875,2026-07-10,call,mini,67,0.3941,1,68.0
2026-07-09,70000,2026-07-10,call,mini,709,0.4102,1,66.0
2026-07-09,70125,2026-07-10,call,mini,14,0.4062,1,53.0
2026-07-09,70250,2026-07-10,call,mini,171,0.4104,1,46.0
2026-07-09,70375,2026-07-10,call,mini,17,0.4125,1,39.0
2026-07-09,70500,2026-07-10,call,mini,357,0.4364,1,42.0
2026-07-09,70625,2026-07-10,call,mini,3,0.4172,1,28.0
2026-07-09,70750,2026-07-10,call,mini,112,0.4331,1,28.0
2026-07-09,70875,2026-07-10,call,mini,6,0.4144,1,18.0
2026-07-09,71000,2026-07-10,call,mini,799,0.4444,1,22.0
2026-07-09,71125,2026-07-10,call,mini,25,0.4209,1,13.0
2026-07-09,71250,2026-07-10,call,mini,106,0.4496,1,16.0
2026-07-09,71375,2026-07-10,call,mini,65,0.418,1,8.0
2026-07-09,71500,2026-07-10,call,mini,414,0.4572,1,12.0
2026-07-09,71625,2026-07-10,call,mini,11,0.4516,1,9.0
2026-07-09,71750,2026-07-10,call,mini,58,0.4647,1,9.0
2026-07-09,71875,2026-07-10,call,mini,4,0.4617,1,7.0
2026-07-09,72000,2026-07-10,call,mini,727,0.4544,1,5.0
2026-07-09,72125,2026-07-10,call,mini,2,0.4666,1,5.0
2026-07-09,72250,2026-07-10,call,mini,115,0.4788,1,5.0
2026-07-09,72375,2026-07-10,call,mini,36,0.4779,1,4.0
2026-07-09,72500,2026-07-10,call,mini,366,0.4739,1,3.0
2026-07-09,72625,2026-07-10,call,mini,2,0.4647,1,2.0
2026-07-09,72750,2026-07-10,call,mini,67,0.4757,1,2.0
2026-07-09,72875,2026-07-10,call,mini,46,0.4867,1,2.0
2026-07-09,73000,2026-07-10,call,mini,494,0.4975,1,2.0
2026-07-09,73125,2026-07-10,call,mini,10,0.5084,1,2.0
2026-07-09,73250,2026-07-10,call,mini,45,0.5192,1,2.0
2026-07-09,73375,2026-07-10,call,mini,8,0.53,1,2.0
2026-07-09,73500,2026-07-10,call,mini,257,0.5407,1,2.0
2026-07-09,73625,2026-07-10,call,mini,2,0.5161,1,1.0
2026-07-09,73750,2026-07-10,call,mini,36,0.5262,1,1.0
2026-07-09,73875,2026-07-10,call,mini,13,0.5363,1,1.0
2026-07-09,74000,2026-07-10,call,mini,579,0.5463,1,1.0
2026-07-09,74125,2026-07-10,call,mini,2,0.5563,1,1.0
2026-07-09,74250,2026-07-10,call,mini,45,0.5662,1,1.0
2026-07-09,74375,2026-07-10,call,mini,4,0.5761,1,1.0
2026-07-09,74500,2026-07-10,call,mini,147,0.586,1,1.0
2026-07-09,74625,2026-07-10,call,mini,5,0.5958,1,1.0
2026-07-09,74750,2026-07-10,call,mini,116,0.6057,1,1.0
2026-07-09,74875,2026-07-10,call,mini,18,0.6154,1,1.0
2026-07-09,75000,2026-07-10,call,mini,950,0.6252,1,1.0
2026-07-09,75125,2026-07-10,call,mini,12,0.6349,1,1.0
2026-07-09,75250,2026-07-10,call,mini,146,0.6446,1,1.0
2026-07-09,75375,2026-07-10,call,mini,531,0.6543,1,1.0
2026-07-09,71250,2026-07-15,call,mini,2,0.3079,6,167.0
2026-07-09,72500,2026-07-15,call,mini,2,0.3228,6,80.0
2026-07-09,72875,2026-07-15,call,mini,61,0.324,6,61.0
2026-07-09,75000,2026-07-15,call,mini,1,0.3519,6,18.0
2026-07-09,75375,2026-07-15,call,mini,23,0.3643,6,17.0
2026-07-09,64750,2026-07-17,call,mini,2785,0.2,8,2785.0
2026-07-09,66500,2026-07-17,call,mini,4,0.1609,8,1700.0
2026-07-09,66750,2026-07-17,call,mini,1570,0.1853,8,1570.0
2026-07-09,67000,2026-07-17,call,mini,2,0.2376,8,1570.0
2026-07-09,67250,2026-07-17,call,mini,1,0.2126,8,1315.0
2026-07-09,67500,2026-07-17,call,mini,3,0.2217,8,1195.0
2026-07-09,68000,2026-07-17,call,mini,13,0.2402,8,995.0
2026-07-09,68250,2026-07-17,call,mini,101,0.249,8,910.0
2026-07-09,68500,2026-07-17,call,mini,10,0.2517,8,810.0
2026-07-09,68625,2026-07-17,call,mini,770,0.2547,8,770.0
2026-07-09,68750,2026-07-17,call,mini,3,0.2597,8,740.0
2026-07-09,69000,2026-07-17,call,mini,28,0.2578,8,640.0
2026-07-09,69250,2026-07-17,call,mini,113,0.267,8,590.0
2026-07-09,69375,2026-07-17,call,mini,3,0.2683,8,555.0
2026-07-09,69500,2026-07-17,call,mini,206,0.2661,8,510.0
2026-07-09,69750,2026-07-17,call,mini,205,0.2717,8,460.0
2026-07-09,70000,2026-07-17,call,mini,1051,0.2895,8,455.0
2026-07-09,70125,2026-07-17,call,mini,1,0.2785,8,390.0
2026-07-09,70250,2026-07-17,call,mini,100,0.2761,8,355.0
2026-07-09,70500,2026-07-17,call,mini,7,0.2832,8,325.0
2026-07-09,70750,2026-07-17,call,mini,21,0.2846,8,283.0
2026-07-09,70875,2026-07-17,call,mini,265,0.2858,8,265.0
2026-07-09,71000,2026-07-17,call,mini,87,0.2937,8,265.0
2026-07-09,71250,2026-07-17,call,mini,1,0.2905,8,220.0
2026-07-09,71375,2026-07-17,call,mini,206,0.2917,8,206.0
2026-07-09,71500,2026-07-17,call,mini,9,0.2985,8,205.0
2026-07-09,71750,2026-07-17,call,mini,16,0.295,8,168.0
2026-07-09,71875,2026-07-17,call,mini,2,0.2998,8,164.0
2026-07-09,72000,2026-07-17,call,mini,100,0.3044,8,160.0
2026-07-09,72125,2026-07-17,call,mini,120,0.2961,8,133.0
2026-07-09,72250,2026-07-17,call,mini,8,0.2972,8,124.0
2026-07-09,72500,2026-07-17,call,mini,18,0.2989,8,107.0
2026-07-09,72625,2026-07-17,call,mini,50,0.2995,8,99.0
2026-07-09,72750,2026-07-17,call,mini,57,0.3004,8,92.0
2026-07-09,72875,2026-07-17,call,mini,1,0.3017,8,86.0
2026-07-09,73000,2026-07-17,call,mini,77,0.3076,8,86.0
2026-07-09,73250,2026-07-17,call,mini,11,0.3064,8,71.0
2026-07-09,73500,2026-07-17,call,mini,63,0.3081,8,61.0
2026-07-09,73625,2026-07-17,call,mini,1,0.3094,8,57.0
2026-07-09,74000,2026-07-17,call,mini,122,0.322,8,54.0
2026-07-09,74125,2026-07-17,call,mini,1,0.3127,8,42.0
2026-07-09,74250,2026-07-17,call,mini,57,0.3137,8,39.0
2026-07-09,74375,2026-07-17,call,mini,2,0.3173,8,38.0
2026-07-09,74500,2026-07-17,call,mini,104,0.3099,8,30.0
2026-07-09,74625,2026-07-17,call,mini,28,0.3113,8,28.0
2026-07-09,74750,2026-07-17,call,mini,51,0.3124,8,26.0
2026-07-09,74875,2026-07-17,call,mini,2,0.3132,8,24.0
2026-07-09,75000,2026-07-17,call,mini,276,0.3289,8,30.0
2026-07-09,75125,2026-07-17,call,mini,2,0.3161,8,21.0
2026-07-09,75250,2026-07-17,call,mini,42,0.3206,8,21.0
2026-07-09,75375,2026-07-17,call,mini,88,0.3228,8,20.0
2026-07-09,72500,2026-07-22,call,mini,2,0.2898,13,236.0
2026-07-09,69250,2026-07-24,call,mini,12,0.2721,15,990.0
2026-07-09,69500,2026-07-24,call,mini,30,0.2728,15,905.0
2026-07-09,69750,2026-07-24,call,mini,8,0.2723,15,820.0
2026-07-09,70000,2026-07-24,call,mini,2,0.2727,15,745.0
2026-07-09,70750,2026-07-24,call,mini,20,0.279,15,575.0
2026-07-09,71000,2026-07-24,call,mini,1,0.2783,15,515.0
2026-07-09,72000,2026-07-24,call,mini,5,0.2824,15,345.0
2026-07-09,72500,2026-07-24,call,mini,3,0.2831,15,276.0
2026-07-09,72625,2026-07-24,call,mini,1,0.2837,15,262.0
2026-07-09,73000,2026-07-24,call,mini,1,0.2899,15,236.0
2026-07-09,73500,2026-07-24,call,mini,179,0.287,15,179.0
2026-07-09,74000,2026-07-24,call,mini,1,0.2884,15,142.0
2026-07-09,74500,2026-07-24,call,mini,3,0.2897,15,112.0
2026-07-09,75000,2026-07-24,call,mini,1,0.2911,15,88.0
2026-07-09,75375,2026-07-24,call,mini,6,0.292,15,73.0
2026-07-09,70750,2026-07-31,call,mini,30,0.2829,22,870.0
2026-07-09,56750,2026-08-14,call,mini,26,0.2,36,10575.0
2026-07-09,57000,2026-08-14,call,mini,12,0.2,36,10330.0
2026-07-09,57250,2026-08-14,call,mini,9,0.2,36,10110.0
2026-07-09,57875,2026-08-14,call,mini,1,0.2,36,9555.0
2026-07-09,58000,2026-08-14,call,mini,9435,0.2,36,9435.0
2026-07-09,58875,2026-08-14,call,mini,1,0.2,36,8700.0
2026-07-09,59000,2026-08-14,call,mini,10,0.2,36,8535.0
2026-07-09,60000,2026-08-14,call,mini,22,0.2,36,7720.0
2026-07-09,60250,2026-08-14,call,mini,1,0.2,36,7515.0
2026-07-09,60500,2026-08-14,call,mini,1,0.2,36,7285.0
2026-07-09,61000,2026-08-14,call,mini,30,0.2,36,6875.0
2026-07-09,61250,2026-08-14,call,mini,6705,0.2,36,6705.0
2026-07-09,61500,2026-08-14,call,mini,57,0.2,36,6500.0
2026-07-09,61750,2026-08-14,call,mini,12,0.1045,36,6315.0
2026-07-09,62000,2026-08-14,call,mini,651,0.1637,36,6110.0
2026-07-09,62250,2026-08-14,call,mini,504,0.1904,36,5930.0
2026-07-09,62375,2026-08-14,call,mini,501,0.2008,36,5845.0
2026-07-09,62500,2026-08-14,call,mini,5,0.2004,36,5730.0
2026-07-09,62750,2026-08-14,call,mini,7,0.2164,36,5565.0
2026-07-09,63000,2026-08-14,call,mini,2,0.2205,36,5365.0
2026-07-09,63250,2026-08-14,call,mini,6,0.2306,36,5200.0
2026-07-09,63500,2026-08-14,call,mini,4,0.2367,36,5025.0
2026-07-09,63750,2026-08-14,call,mini,4845,0.2406,36,4845.0
2026-07-09,64000,2026-08-14,call,mini,3,0.2418,36,4655.0
2026-07-09,64250,2026-08-14,call,mini,75,0.2479,36,4500.0
2026-07-09,64500,2026-08-14,call,mini,6,0.2514,36,4335.0
2026-07-09,64750,2026-08-14,call,mini,316,0.254,36,4170.0
2026-07-09,64875,2026-08-14,call,mini,1,0.2568,36,4100.0
2026-07-09,65000,2026-08-14,call,mini,32,0.253,36,3985.0
2026-07-09,65250,2026-08-14,call,mini,2,0.2577,36,3845.0
2026-07-09,65500,2026-08-14,call,mini,10,0.2609,36,3700.0
2026-07-09,65750,2026-08-14,call,mini,3545,0.2621,36,3545.0
2026-07-09,65875,2026-08-14,call,mini,1,0.2654,36,3490.0
2026-07-09,66000,2026-08-14,call,mini,22,0.2768,36,3500.0
2026-07-09,66250,2026-08-14,call,mini,15,0.2659,36,3260.0
2026-07-09,66375,2026-08-14,call,mini,1,0.2685,36,3205.0
2026-07-09,66500,2026-08-14,call,mini,270,0.2666,36,3115.0
2026-07-09,66750,2026-08-14,call,mini,224,0.268,36,2980.0
2026-07-09,67000,2026-08-14,call,mini,226,0.2844,36,2975.0
2026-07-09,67250,2026-08-14,call,mini,42,0.2726,36,2740.0
2026-07-09,67500,2026-08-14,call,mini,13,0.2729,36,2610.0
2026-07-09,67750,2026-08-14,call,mini,4,0.2739,36,2490.0
2026-07-09,68000,2026-08-14,call,mini,32,0.2749,36,2375.0
2026-07-09,68125,2026-08-14,call,mini,2315,0.275,36,2315.0
2026-07-09,68250,2026-08-14,call,mini,7,0.2767,36,2270.0
2026-07-09,68500,2026-08-14,call,mini,21,0.2779,36,2165.0
2026-07-09,68750,2026-08-14,call,mini,1,0.2774,36,2050.0
2026-07-09,69000,2026-08-14,call,mini,127,0.2789,36,1955.0
2026-07-09,69125,2026-08-14,call,mini,1890,0.2774,36,1890.0
2026-07-09,69250,2026-08-14,call,mini,148,0.2787,36,1850.0
2026-07-09,69375,2026-08-14,call,mini,1795,0.2781,36,1795.0
2026-07-09,69500,2026-08-14,call,mini,339,0.2792,36,1755.0
2026-07-09,69750,2026-08-14,call,mini,116,0.2804,36,1670.0
2026-07-09,69875,2026-08-14,call,mini,1,0.2794,36,1615.0
2026-07-09,70000,2026-08-14,call,mini,141,0.2812,36,1585.0
2026-07-09,70250,2026-08-14,call,mini,5,0.2816,36,1500.0
2026-07-09,70500,2026-08-14,call,mini,112,0.2877,36,1465.0
2026-07-09,70750,2026-08-14,call,mini,92,0.2828,36,1345.0
2026-07-09,70875,2026-08-14,call,mini,1300,0.282,36,1300.0
2026-07-09,71000,2026-08-14,call,mini,769,0.285,36,1285.0
2026-07-09,71125,2026-08-14,call,mini,15,0.2827,36,1230.0
2026-07-09,71250,2026-08-14,call,mini,579,0.2842,36,1205.0
2026-07-09,71375,2026-08-14,call,mini,555,0.2889,36,1205.0
2026-07-09,71500,2026-08-14,call,mini,152,0.2936,36,1205.0
2026-07-09,71625,2026-08-14,call,mini,3,0.2841,36,1100.0
2026-07-09,71750,2026-08-14,call,mini,8,0.2859,36,1080.0
2026-07-09,72000,2026-08-14,call,mini,168,0.2879,36,1030.0
2026-07-09,72125,2026-08-14,call,mini,980,0.2853,36,980.0
2026-07-09,72250,2026-08-14,call,mini,18,0.2867,36,960.0
2026-07-09,72375,2026-08-14,call,mini,2,0.2881,36,940.0
2026-07-09,72500,2026-08-14,call,mini,69,0.2908,36,930.0
2026-07-09,72625,2026-08-14,call,mini,860,0.2847,36,860.0
2026-07-09,72750,2026-08-14,call,mini,13,0.2873,36,850.0
2026-07-09,72875,2026-08-14,call,mini,15,0.2853,36,810.0
2026-07-09,73000,2026-08-14,call,mini,99,0.2877,36,800.0
2026-07-09,73250,2026-08-14,call,mini,755,0.2886,36,755.0
2026-07-09,73375,2026-08-14,call,mini,750,0.2916,36,750.0
2026-07-09,73500,2026-08-14,call,mini,20,0.2954,36,750.0
2026-07-09,73625,2026-08-14,call,mini,675,0.287,36,675.0
2026-07-09,73750,2026-08-14,call,mini,3,0.2907,36,675.0
2026-07-09,73875,2026-08-14,call,mini,660,0.2919,36,660.0
2026-07-09,74000,2026-08-14,call,mini,287,0.2913,36,635.0
2026-07-09,74250,2026-08-14,call,mini,209,0.2914,36,595.0
2026-07-09,74375,2026-08-14,call,mini,575,0.2914,36,575.0
2026-07-09,74500,2026-08-14,call,mini,20,0.2912,36,555.0
2026-07-09,74625,2026-08-14,call,mini,1,0.291,36,535.0
2026-07-09,74750,2026-08-14,call,mini,5,0.2925,36,525.0
2026-07-09,74875,2026-08-14,call,mini,2,0.2901,36,495.0
2026-07-09,75000,2026-08-14,call,mini,223,0.2944,36,500.0
2026-07-09,75125,2026-08-14,call,mini,5,0.2908,36,465.0
2026-07-09,75250,2026-08-14,call,mini,32,0.294,36,465.0
2026-07-09,75375,2026-08-14,call,mini,37,0.2911,36,435.0
2026-07-09,61250,2026-09-11,call,mini,21,0.2504,64,7375.0
2026-07-09,62000,2026-09-11,call,mini,2,0.2587,64,6825.0
2026-07-09,63000,2026-09-11,call,mini,22,0.2661,64,6120.0
2026-07-09,64000,2026-09-11,call,mini,8,0.2703,64,5445.0
2026-07-09,65000,2026-09-11,call,mini,2,0.272,64,4800.0
2026-07-09,68250,2026-09-11,call,mini,1,0.2781,64,3075.0
2026-07-09,68750,2026-09-11,call,mini,2845,0.2779,64,2845.0
2026-07-09,69000,2026-09-11,call,mini,3,0.2787,64,2745.0
2026-07-09,70000,2026-09-11,call,mini,5,0.2793,64,2345.0
2026-07-09,70125,2026-09-11,call,mini,1,0.2795,64,2300.0
2026-07-09,71000,2026-09-11,call,mini,9,0.2797,64,1990.0
2026-07-09,71250,2026-09-11,call,mini,5,0.28,64,1910.0
2026-07-09,71500,2026-09-11,call,mini,4,0.2801,64,1830.0
2026-07-09,71750,2026-09-11,call,mini,12,0.2808,64,1760.0
2026-07-09,72000,2026-09-11,call,mini,9,0.2808,64,1685.0
2026-07-09,72500,2026-09-11,call,mini,1,0.2816,64,1550.0
2026-07-09,72750,2026-09-11,call,mini,1,0.2819,64,1485.0
2026-07-09,72875,2026-09-11,call,mini,1450,0.2817,64,1450.0
2026-07-09,73000,2026-09-11,call,mini,5,0.282,64,1420.0
2026-07-09,73500,2026-09-11,call,mini,1,0.2824,64,1300.0
2026-07-09,74000,2026-09-11,call,mini,10,0.2824,64,1185.0
2026-07-09,74250,2026-09-11,call,mini,3,0.2835,64,1140.0
2026-07-09,74500,2026-09-11,call,mini,1,0.2832,64,1085.0
2026-07-09,74750,2026-09-11,call,mini,1040,0.2838,64,1040.0
2026-07-09,74875,2026-09-11,call,mini,1,0.2832,64,1010.0
2026-07-09,75000,2026-09-11,call,mini,68,0.2831,64,985.0
2026-07-09,75250,2026-09-11,call,mini,7,0.2856,64,960.0
2026-07-09,75375,2026-09-11,call,mini,1,0.2842,64,925.0
