date,strike,expiry,type,product,oi,iv,days_to_expiry,settlement
2026-09-29,20000,2026-10-08,put,regular,1540,2.1988,9,1.0
2026-09-29,22500,2026-10-08,put,regular,451,1.9853,9,1.0
2026-09-29,25000,2026-10-08,put,regular,1564,1.7946,9,1.0
2026-09-29,26000,2026-10-08,put,regular,184,1.7236,9,1.0
2026-09-29,27000,2026-10-08,put,regular,206,1.6553,9,1.0
2026-09-29,28000,2026-10-08,put,regular,243,1.5895,9,1.0
2026-09-29,29000,2026-10-08,put,regular,175,1.526,9,1.0
2026-09-29,30000,2026-10-08,put,regular,6441,1.4647,9,1.0
2026-09-29,31000,2026-10-08,put,regular,114,1.4053,9,1.0
2026-09-29,32000,2026-10-08,put,regular,299,1.3477,9,1.0
2026-09-29,33000,2026-10-08,put,regular,2929,1.2919,9,1.0
2026-09-29,34000,2026-10-08,put,regular,186,1.2378,9,1.0
2026-09-29,35000,2026-10-08,put,regular,2206,1.1851,9,1.0
2026-09-29,36000,2026-10-08,put,regular,96,1.1339,9,1.0
2026-09-29,37000,2026-10-08,put,regular,350,1.0841,9,1.0
2026-09-29,38000,2026-10-08,put,regular,211,1.0355,9,1.0
2026-09-29,39000,2026-10-08,put,regular,193,0.9881,9,1.0
2026-09-29,40000,2026-10-08,put,regular,4495,0.9419,9,1.0
2026-09-29,41000,2026-10-08,put,regular,268,0.9465,9,2.0
2026-09-29,42000,2026-10-08,put,regular,359,0.9001,9,2.0
2026-09-29,42750,2026-10-08,put,regular,31,0.866,9,2.0
2026-09-29,43000,2026-10-08,put,regular,482,0.8548,9,2.0
2026-09-29,43250,2026-10-08,put,regular,15,0.8436,9,2.0
2026-09-29,43500,2026-10-08,put,regular,49,0.8324,9,2.0
2026-09-29,43750,2026-10-08,put,regular,25,0.8214,9,2.0
2026-09-29,44000,2026-10-08,put,regular,316,0.8104,9,2.0
2026-09-29,44250,2026-10-08,put,regular,37,0.7994,9,2.0
2026-09-29,44500,2026-10-08,put,regular,60,0.8163,9,3.0
2026-09-29,44750,2026-10-08,put,regular,39,0.7776,9,2.0
2026-09-29,45000,2026-10-08,put,regular,2078,0.7668,9,2.0
2026-09-29,45250,2026-10-08,put,regular,29,0.7561,9,2.0
2026-09-29,45500,2026-10-08,put,regular,815,0.7719,9,3.0
2026-09-29,45750,2026-10-08,put,regular,134,0.7609,9,3.0
2026-09-29,46000,2026-10-08,put,regular,490,0.75,9,3.0
2026-09-29,46250,2026-10-08,put,regular,10,0.7391,9,3.0
2026-09-29,46500,2026-10-08,put,regular,260,0.7283,9,3.0
2026-09-29,46750,2026-10-08,put,regular,133,0.7175,9,3.0
2026-09-29,47000,2026-10-08,put,regular,449,0.7256,9,4.0
2026-09-29,47250,2026-10-08,put,regular,152,0.7147,9,4.0
2026-09-29,47500,2026-10-08,put,regular,56,0.719,9,5.0
2026-09-29,47750,2026-10-08,put,regular,46,0.7208,9,6.0
2026-09-29,48000,2026-10-08,put,regular,928,0.697,9,5.0
2026-09-29,48250,2026-10-08,put,regular,53,0.6985,9,6.0
2026-09-29,48500,2026-10-08,put,regular,213,0.6875,9,6.0
2026-09-29,48750,2026-10-08,put,regular,275,0.6872,9,7.0
2026-09-29,49000,2026-10-08,put,regular,490,0.6761,9,7.0
2026-09-29,49250,2026-10-08,put,regular,80,0.6744,9,8.0
2026-09-29,49500,2026-10-08,put,regular,312,0.654,9,7.0
2026-09-29,49750,2026-10-08,put,regular,67,0.643,9,7.0
2026-09-29,50000,2026-10-08,put,regular,2728,0.632,9,7.0
2026-09-29,50250,2026-10-08,put,regular,73,0.63,9,8.0
2026-09-29,50500,2026-10-08,put,regular,306,0.619,9,8.0
2026-09-29,50750,2026-10-08,put,regular,165,0.6159,9,9.0
2026-09-29,51000,2026-10-08,put,regular,626,0.5972,9,8.0
2026-09-29,51250,2026-10-08,put,regular,294,0.6009,9,10.0
2026-09-29,51500,2026-10-08,put,regular,413,0.5899,9,10.0
2026-09-29,51750,2026-10-08,put,regular,145,0.5852,9,11.0
2026-09-29,52000,2026-10-08,put,regular,1432,0.5679,9,10.0
2026-09-29,52250,2026-10-08,put,regular,64,0.5631,9,11.0
2026-09-29,52500,2026-10-08,put,regular,620,0.5577,9,12.0
2026-09-29,52750,2026-10-08,put,regular,121,0.5519,9,13.0
2026-09-29,53000,2026-10-08,put,regular,1649,0.5408,9,13.0
2026-09-29,53250,2026-10-08,put,regular,132,0.5297,9,13.0
2026-09-29,53500,2026-10-08,put,regular,1334,0.5278,9,15.0
2026-09-29,53750,2026-10-08,put,regular,161,0.5209,9,16.0
2026-09-29,54000,2026-10-08,put,regular,1361,0.5055,9,15.0
2026-09-29,54250,2026-10-08,put,regular,217,0.5023,9,17.0
2026-09-29,54500,2026-10-08,put,regular,534,0.4948,9,18.0
2026-09-29,54750,2026-10-08,put,regular,79,0.487,9,19.0
2026-09-29,55000,2026-10-08,put,regular,3414,0.4789,9,20.0
2026-09-29,55250,2026-10-08,put,regular,158,0.4737,9,22.0
2026-09-29,55500,2026-10-08,put,regular,311,0.4593,9,21.0
2026-09-29,55750,2026-10-08,put,regular,80,0.4537,9,23.0
2026-09-29,56000,2026-10-08,put,regular,1930,0.4475,9,25.0
2026-09-29,56250,2026-10-08,put,regular,77,0.4384,9,26.0
2026-09-29,56500,2026-10-08,put,regular,652,0.4316,9,28.0
2026-09-29,56750,2026-10-08,put,regular,124,0.4221,9,29.0
2026-09-29,57000,2026-10-08,put,regular,1623,0.4146,9,31.0
2026-09-29,57250,2026-10-08,put,regular,164,0.4087,9,34.0
2026-09-29,57500,2026-10-08,put,regular,498,0.3969,9,34.0
2026-09-29,57750,2026-10-08,put,regular,82,0.3937,9,39.0
2026-09-29,58000,2026-10-08,put,regular,2012,0.3832,9,40.0
2026-09-29,58250,2026-10-08,put,regular,133,0.3801,9,46.0
2026-09-29,58375,2026-10-08,put,regular,484,0.3767,9,48.0
2026-09-29,58500,2026-10-08,put,regular,799,0.3719,9,49.0
2026-09-29,58625,2026-10-08,put,regular,58,0.3696,9,52.0
2026-09-29,58750,2026-10-08,put,regular,69,0.3659,9,54.0
2026-09-29,58875,2026-10-08,put,regular,16,0.362,9,56.0
2026-09-29,59000,2026-10-08,put,regular,1150,0.3557,9,56.0
2026-09-29,59125,2026-10-08,put,regular,112,0.3551,9,61.0
2026-09-29,59250,2026-10-08,put,regular,201,0.3509,9,63.0
2026-09-29,59375,2026-10-08,put,regular,2,0.3486,9,67.0
2026-09-29,59500,2026-10-08,put,regular,427,0.3421,9,67.0
2026-09-29,59625,2026-10-08,put,regular,139,0.3425,9,74.0
2026-09-29,59750,2026-10-08,put,regular,127,0.3386,9,77.0
2026-09-29,59875,2026-10-08,put,regular,54,0.3356,9,81.0
2026-09-29,60000,2026-10-08,put,regular,11387,0.3288,9,81.0
2026-09-29,60125,2026-10-08,put,regular,50,0.3305,9,91.0
2026-09-29,60250,2026-10-08,put,regular,175,0.3268,9,95.0
2026-09-29,60375,2026-10-08,put,regular,660,0.3236,9,100.0
2026-09-29,60500,2026-10-08,put,regular,550,0.3218,9,107.0
2026-09-29,60625,2026-10-08,put,regular,159,0.3182,9,112.0
2026-09-29,60750,2026-10-08,put,regular,495,0.3157,9,119.0
2026-09-29,60875,2026-10-08,put,regular,499,0.3124,9,125.0
2026-09-29,61000,2026-10-08,put,regular,1353,0.3057,9,126.0
2026-09-29,61125,2026-10-08,put,regular,1230,0.3068,9,140.0
2026-09-29,61250,2026-10-08,put,regular,107,0.3038,9,148.0
2026-09-29,61375,2026-10-08,put,regular,133,0.3012,9,157.0
2026-09-29,61500,2026-10-08,put,regular,412,0.2993,9,168.0
2026-09-29,61625,2026-10-08,put,regular,139,0.2965,9,178.0
2026-09-29,61750,2026-10-08,put,regular,306,0.2944,9,190.0
2026-09-29,61875,2026-10-08,put,regular,88,0.2915,9,201.0
2026-09-29,62000,2026-10-08,put,regular,1678,0.2856,9,206.0
2026-09-29,62125,2026-10-08,put,regular,9,0.2864,9,227.0
2026-09-29,62250,2026-10-08,put,regular,112,0.2846,9,243.0
2026-09-29,62375,2026-10-08,put,regular,6,0.2812,9,256.0
2026-09-29,62500,2026-10-08,put,regular,1692,0.2798,9,275.0
2026-09-29,62625,2026-10-08,put,regular,692,0.2769,9,291.0
2026-09-29,62750,2026-10-08,put,regular,340,0.2764,9,315.0
2026-09-29,62875,2026-10-08,put,regular,87,0.2723,9,330.0
2026-09-29,63000,2026-10-08,put,regular,1972,0.2696,9,350.0
2026-09-29,63125,2026-10-08,put,regular,1,0.2648,9,365.0
2026-09-29,63250,2026-10-08,put,regular,244,0.2661,9,400.0
2026-09-29,63375,2026-10-08,put,regular,303,0.2636,9,425.0
2026-09-29,63500,2026-10-08,put,regular,340,0.2593,9,445.0
2026-09-29,63750,2026-10-08,put,regular,128,0.2565,9,510.0
2026-09-29,63875,2026-10-08,put,regular,546,0.2536,9,540.0
2026-09-29,64000,2026-10-08,put,regular,1536,0.2517,9,575.0
2026-09-29,64125,2026-10-08,put,regular,1050,0.2492,9,610.0
2026-09-29,64250,2026-10-08,put,regular,120,0.2448,9,640.0
2026-09-29,64375,2026-10-08,put,regular,1,0.2439,9,685.0
2026-09-29,64500,2026-10-08,put,regular,755,0.2411,9,725.0
2026-09-29,64625,2026-10-08,put,regular,3,0.239,9,770.0
2026-09-29,64750,2026-10-08,put,regular,10,0.235,9,810.0
2026-09-29,64875,2026-10-08,put,regular,1,0.233,9,860.0
2026-09-29,65000,2026-10-08,put,regular,1940,0.2303,9,910.0
2026-09-29,65250,2026-10-08,put,regular,6,0.2254,9,1020.0
2026-09-29,65375,2026-10-08,put,regular,247,0.2208,9,1070.0
2026-09-29,65500,2026-10-08,put,regular,151,0.2191,9,1135.0
2026-09-29,65625,2026-10-08,put,regular,5,0.2142,9,1190.0
2026-09-29,65750,2026-10-08,put,regular,154,0.2123,9,1260.0
2026-09-29,65875,2026-10-08,put,regular,19,0.2057,9,1315.0
2026-09-29,66000,2026-10-08,put,regular,1212,0.2034,9,1390.0
2026-09-29,66125,2026-10-08,put,regular,18,0.2017,9,1470.0
2026-09-29,66250,2026-10-08,put,regular,54,0.1947,9,1535.0
2026-09-29,66375,2026-10-08,put,regular,1,0.1925,9,1620.0
2026-09-29,66500,2026-10-08,put,regular,103,0.1845,9,1690.0
2026-09-29,66750,2026-10-08,put,regular,10,0.1717,9,1855.0
2026-09-29,66875,2026-10-08,put,regular,1295000,0.1632,9,1940.0
2026-09-29,67000,2026-10-08,put,regular,504,0.1489,9,2020.0
2026-09-29,67500,2026-10-08,put,regular,36,0.2,9,2390.0
2026-09-29,67625,2026-10-08,put,regular,6,0.2,9,2485.0
2026-09-29,67750,2026-10-08,put,regular,9,0.2,9,2585.0
2026-09-29,68000,2026-10-08,put,regular,553,0.2,9,2790.0
2026-09-29,68500,2026-10-08,put,regular,3,0.2,9,3215.0
2026-09-29,69000,2026-10-08,put,regular,200,0.2,9,3655.0
2026-09-29,70000,2026-10-08,put,regular,105,0.2,9,4585.0
2026-09-29,72000,2026-10-08,put,regular,1,0.2,9,6535.0
2026-09-29,72500,2026-10-08,put,regular,1,0.2,9,7030.0
2026-09-29,73000,2026-10-08,put,regular,6,0.2,9,7525.0
2026-09-29,79000,2026-10-08,put,regular,1,0.2,9,13515.0
2026-09-29,85000,2026-10-08,put,regular,26,0.2,9,19510.0
2026-09-29,20000,2026-11-12,put,regular,241,0.9945,44,1.0
2026-09-29,22500,2026-11-12,put,regular,47,0.9447,44,2.0
2026-09-29,25000,2026-11-12,put,regular,201,0.8542,44,2.0
2026-09-29,26000,2026-11-12,put,regular,2,0.8206,44,2.0
2026-09-29,27000,2026-11-12,put,regular,18,0.8139,44,3.0
2026-09-29,28000,2026-11-12,put,regular,44,0.7817,44,3.0
2026-09-29,29000,2026-11-12,put,regular,306,0.7689,44,4.0
2026-09-29,30000,2026-11-12,put,regular,5578,0.7759,44,7.0
2026-09-29,34000,2026-11-12,put,regular,5,0.6656,44,8.0
2026-09-29,35000,2026-11-12,put,regular,3188,0.6581,44,11.0
2026-09-29,36000,2026-11-12,put,regular,6,0.6302,44,11.0
2026-09-29,37000,2026-11-12,put,regular,13,0.5768,44,7.0
2026-09-29,38000,2026-11-12,put,regular,11,0.5586,44,8.0
2026-09-29,39000,2026-11-12,put,regular,104,0.591,44,21.0
2026-09-29,40000,2026-11-12,put,regular,1627,0.5673,44,22.0
2026-09-29,41000,2026-11-12,put,regular,236,0.5492,44,25.0
2026-09-29,42000,2026-11-12,put,regular,381,0.5206,44,24.0
2026-09-29,43000,2026-11-12,put,regular,379,0.5229,44,37.0
2026-09-29,44000,2026-11-12,put,regular,1115,0.5085,44,44.0
2026-09-29,44500,2026-11-12,put,regular,127,0.4999,44,47.0
2026-09-29,44750,2026-11-12,put,regular,7,0.4962,44,49.0
2026-09-29,45000,2026-11-12,put,regular,1185,0.4897,44,49.0
2026-09-29,45250,2026-11-12,put,regular,105,0.4859,44,51.0
2026-09-29,45500,2026-11-12,put,regular,105,0.4807,44,52.0
2026-09-29,45750,2026-11-12,put,regular,13,0.4781,44,55.0
2026-09-29,46000,2026-11-12,put,regular,917,0.4752,44,58.0
2026-09-29,46250,2026-11-12,put,regular,5,0.4699,44,59.0
2026-09-29,46500,2026-11-12,put,regular,300,0.4679,44,63.0
2026-09-29,46750,2026-11-12,put,regular,105,0.4646,44,66.0
2026-09-29,47000,2026-11-12,put,regular,864,0.4602,44,68.0
2026-09-29,47250,2026-11-12,put,regular,34,0.4546,44,69.0
2026-09-29,47500,2026-11-12,put,regular,231,0.4481,44,69.0
2026-09-29,47750,2026-11-12,put,regular,98,0.4445,44,72.0
2026-09-29,48000,2026-11-12,put,regular,208,0.4399,44,74.0
2026-09-29,48250,2026-11-12,put,regular,32,0.4371,44,78.0
2026-09-29,48500,2026-11-12,put,regular,302,0.4332,44,81.0
2026-09-29,48750,2026-11-12,put,regular,140,0.4283,44,83.0
2026-09-29,49000,2026-11-12,put,regular,378,0.4235,44,85.0
2026-09-29,49250,2026-11-12,put,regular,159,0.4209,44,90.0
2026-09-29,49500,2026-11-12,put,regular,417,0.4167,44,93.0
2026-09-29,49750,2026-11-12,put,regular,64,0.4131,44,97.0
2026-09-29,50000,2026-11-12,put,regular,2814,0.4065,44,97.0
2026-09-29,50250,2026-11-12,put,regular,77,0.4055,44,105.0
2026-09-29,50500,2026-11-12,put,regular,278,0.3982,44,104.0
2026-09-29,50750,2026-11-12,put,regular,194,0.3975,44,113.0
2026-09-29,51000,2026-11-12,put,regular,1294,0.3903,44,112.0
2026-09-29,51250,2026-11-12,put,regular,36,0.3892,44,121.0
2026-09-29,51500,2026-11-12,put,regular,682,0.386,44,127.0
2026-09-29,51750,2026-11-12,put,regular,61,0.3821,44,132.0
2026-09-29,52000,2026-11-12,put,regular,2009,0.3776,44,136.0
2026-09-29,52250,2026-11-12,put,regular,7,0.3724,44,139.0
2026-09-29,52500,2026-11-12,put,regular,753,0.3708,44,149.0
2026-09-29,52750,2026-11-12,put,regular,47,0.3669,44,155.0
2026-09-29,53000,2026-11-12,put,regular,554,0.3648,44,165.0
2026-09-29,53250,2026-11-12,put,regular,170,0.3611,44,172.0
2026-09-29,53500,2026-11-12,put,regular,799,0.3577,44,180.0
2026-09-29,53750,2026-11-12,put,regular,50,0.3541,44,188.0
2026-09-29,54000,2026-11-12,put,regular,814,0.3496,44,194.0
2026-09-29,54250,2026-11-12,put,regular,5,0.3472,44,206.0
2026-09-29,54500,2026-11-12,put,regular,712,0.3424,44,212.0
2026-09-29,54750,2026-11-12,put,regular,16,0.3404,44,226.0
2026-09-29,55000,2026-11-12,put,regular,1343,0.3347,44,230.0
2026-09-29,55250,2026-11-12,put,regular,38,0.3336,44,248.0
2026-09-29,55500,2026-11-12,put,regular,212,0.3299,44,259.0
2026-09-29,55750,2026-11-12,put,regular,80,0.327,44,273.0
2026-09-29,56000,2026-11-12,put,regular,1178,0.3227,44,283.0
2026-09-29,56250,2026-11-12,put,regular,112,0.3202,44,300.0
2026-09-29,56500,2026-11-12,put,regular,412,0.317,44,315.0
2026-09-29,56750,2026-11-12,put,regular,93,0.3148,44,335.0
2026-09-29,57000,2026-11-12,put,regular,717,0.311,44,350.0
2026-09-29,57250,2026-11-12,put,regular,106,0.3083,44,370.0
2026-09-29,57500,2026-11-12,put,regular,574,0.3042,44,385.0
2026-09-29,57750,2026-11-12,put,regular,127,0.3022,44,410.0
2026-09-29,58000,2026-11-12,put,regular,990,0.2987,44,430.0
2026-09-29,58250,2026-11-12,put,regular,113,0.2961,44,455.0
2026-09-29,58500,2026-11-12,put,regular,380,0.2932,44,480.0
2026-09-29,58750,2026-11-12,put,regular,55,0.291,44,510.0
2026-09-29,59000,2026-11-12,put,regular,1874,0.2875,44,535.0
2026-09-29,59250,2026-11-12,put,regular,18,0.2847,44,565.0
2026-09-29,59500,2026-11-12,put,regular,2001,0.2816,44,595.0
2026-09-29,59750,2026-11-12,put,regular,16,0.28,44,635.0
2026-09-29,60000,2026-11-12,put,regular,1686,0.2779,44,675.0
2026-09-29,60250,2026-11-12,put,regular,21,0.2747,44,710.0
2026-09-29,60500,2026-11-12,put,regular,107,0.2727,44,755.0
2026-09-29,60750,2026-11-12,put,regular,34,0.2704,44,800.0
2026-09-29,61000,2026-11-12,put,regular,984,0.2677,44,845.0
2026-09-29,61125,2026-11-12,put,regular,5,0.2709,44,900.0
2026-09-29,61250,2026-11-12,put,regular,20,0.2668,44,905.0
2026-09-29,61500,2026-11-12,put,regular,513,0.2634,44,950.0
2026-09-29,61750,2026-11-12,put,regular,8,0.2623,44,1015.0
2026-09-29,62000,2026-11-12,put,regular,1249,0.2575,44,1055.0
2026-09-29,62250,2026-11-12,put,regular,108,0.2563,44,1125.0
2026-09-29,62500,2026-11-12,put,regular,435,0.2546,44,1195.0
2026-09-29,62625,2026-11-12,put,regular,3,0.2567,44,1255.0
2026-09-29,62750,2026-11-12,put,regular,3340000,0.2531,44,1270.0
2026-09-29,62875,2026-11-12,put,regular,4,0.2543,44,1325.0
2026-09-29,63000,2026-11-12,put,regular,899,0.2493,44,1330.0
2026-09-29,63250,2026-11-12,put,regular,15,0.2487,44,1420.0
2026-09-29,63500,2026-11-12,put,regular,18,0.2441,44,1480.0
2026-09-29,64000,2026-11-12,put,regular,507,0.2423,44,1675.0
2026-09-29,64125,2026-11-12,put,regular,1415000,0.244,44,1745.0
2026-09-29,64250,2026-11-12,put,regular,3010000,0.2421,44,1785.0
2026-09-29,64375,2026-11-12,put,regular,2,0.2412,44,1835.0
2026-09-29,64500,2026-11-12,put,regular,300,0.2385,44,1870.0
2026-09-29,64625,2026-11-12,put,regular,494,0.2391,44,1935.0
2026-09-29,64750,2026-11-12,put,regular,4,0.2379,44,1985.0
2026-09-29,65000,2026-11-12,put,regular,1112,0.2339,44,2075.0
2026-09-29,65375,2026-11-12,put,regular,30,0.2348,44,2280.0
2026-09-29,65500,2026-11-12,put,regular,135,0.2311,44,2315.0
2026-09-29,65750,2026-11-12,put,regular,4405000,0.2306,44,2450.0
2026-09-29,66000,2026-11-12,put,regular,2185,0.2279,44,2570.0
2026-09-29,66250,2026-11-12,put,regular,4785000,0.2257,44,2700.0
2026-09-29,66500,2026-11-12,put,regular,240,0.2247,44,2845.0
2026-09-29,66625,2026-11-12,put,regular,2500000,0.2249,44,2925.0
2026-09-29,67000,2026-11-12,put,regular,870,0.2204,44,3130.0
2026-09-29,67500,2026-11-12,put,regular,4,0.213,44,3410.0
2026-09-29,68000,2026-11-12,put,regular,5,0.213,44,3770.0
2026-09-29,68375,2026-11-12,put,regular,16,0.2102,44,4030.0
2026-09-29,68500,2026-11-12,put,regular,478,0.2086,44,4115.0
2026-09-29,69000,2026-11-12,put,regular,450,0.202,44,4465.0
2026-09-29,69500,2026-11-12,put,regular,1,0.1959,44,4840.0
2026-09-29,70000,2026-11-12,put,regular,460,0.1867,44,5220.0
2026-09-29,70750,2026-11-12,put,regular,160,0.1709,44,5830.0
2026-09-29,72500,2026-11-12,put,regular,330,0.2,44,7330.0
2026-09-29,79500,2026-11-12,put,regular,2,0.2,44,14005.0
2026-09-29,12500,2026-12-10,put,regular,1425,1.1999,72,4.0
2026-09-29,12750,2026-12-10,put,regular,2,1.0678,72,1.0
2026-09-29,13000,2026-12-10,put,regular,33,1.0552,72,1.0
2026-09-29,13500,2026-12-10,put,regular,101,1.0307,72,1.0
2026-09-29,14000,2026-12-10,put,regular,12,1.0072,72,1.0
2026-09-29,14500,2026-12-10,put,regular,1,0.9845,72,1.0
2026-09-29,14750,2026-12-10,put,regular,1,0.9735,72,1.0
2026-09-29,15000,2026-12-10,put,regular,6,0.9626,72,1.0
2026-09-29,16000,2026-12-10,put,regular,3,0.921,72,1.0
2026-09-29,17000,2026-12-10,put,regular,3,0.8819,72,1.0
2026-09-29,18000,2026-12-10,put,regular,154,0.8888,72,2.0
2026-09-29,19000,2026-12-10,put,regular,650,0.8104,72,1.0
2026-09-29,20000,2026-12-10,put,regular,2584,0.8641,72,4.0
2026-09-29,20250,2026-12-10,put,regular,3,0.8094,72,2.0
2026-09-29,21000,2026-12-10,put,regular,350,0.7462,72,1.0
2026-09-29,21500,2026-12-10,put,regular,500,0.7312,72,1.0
2026-09-29,22000,2026-12-10,put,regular,1716,0.7164,72,1.0
2026-09-29,22500,2026-12-10,put,regular,150,0.702,72,1.0
2026-09-29,23000,2026-12-10,put,regular,2106,0.7238,72,2.0
2026-09-29,23250,2026-12-10,put,regular,1,0.681,72,1.0
2026-09-29,23500,2026-12-10,put,regular,127,0.6742,72,1.0
2026-09-29,24000,2026-12-10,put,regular,405,0.6952,72,2.0
2026-09-29,24500,2026-12-10,put,regular,250,0.6814,72,2.0
2026-09-29,24750,2026-12-10,put,regular,1,0.6746,72,2.0
2026-09-29,25000,2026-12-10,put,regular,2019,0.7197,72,5.0
2026-09-29,25250,2026-12-10,put,regular,1,0.6612,72,2.0
2026-09-29,25500,2026-12-10,put,regular,2,0.6545,72,2.0
2026-09-29,26000,2026-12-10,put,regular,1425,0.6415,72,2.0
2026-09-29,26500,2026-12-10,put,regular,3,0.6492,72,3.0
2026-09-29,27000,2026-12-10,put,regular,2631,0.6643,72,5.0
2026-09-29,27500,2026-12-10,put,regular,25,0.6387,72,4.0
2026-09-29,27750,2026-12-10,put,regular,72,0.6323,72,4.0
2026-09-29,28000,2026-12-10,put,regular,1334,0.6381,72,5.0
2026-09-29,28500,2026-12-10,put,regular,400,0.6135,72,4.0
2026-09-29,29000,2026-12-10,put,regular,1450,0.6129,72,5.0
2026-09-29,30000,2026-12-10,put,regular,7995,0.6389,72,12.0
2026-09-29,30250,2026-12-10,put,regular,1,0.5921,72,6.0
2026-09-29,30500,2026-12-10,put,regular,51,0.5944,72,7.0
2026-09-29,31000,2026-12-10,put,regular,2037,0.5897,72,8.0
2026-09-29,31500,2026-12-10,put,regular,350,0.5777,72,8.0
2026-09-29,32000,2026-12-10,put,regular,4655,0.5723,72,9.0
2026-09-29,32250,2026-12-10,put,regular,600,0.5723,72,10.0
2026-09-29,32500,2026-12-10,put,regular,900,0.5664,72,10.0
2026-09-29,33000,2026-12-10,put,regular,3362,0.5781,72,15.0
2026-09-29,33250,2026-12-10,put,regular,37,0.559,72,12.0
2026-09-29,33500,2026-12-10,put,regular,72,0.5532,72,12.0
2026-09-29,34000,2026-12-10,put,regular,2820,0.5461,72,13.0
2026-09-29,34500,2026-12-10,put,regular,560,0.5428,72,15.0
2026-09-29,34750,2026-12-10,put,regular,1,0.537,72,15.0
2026-09-29,35000,2026-12-10,put,regular,5257,0.5541,72,22.0
2026-09-29,36000,2026-12-10,put,regular,2905,0.5308,72,22.0
2026-09-29,36500,2026-12-10,put,regular,225,0.5167,72,21.0
2026-09-29,36750,2026-12-10,put,regular,400,0.5138,72,22.0
2026-09-29,37000,2026-12-10,put,regular,2619,0.5082,72,22.0
2026-09-29,37500,2026-12-10,put,regular,188,0.5021,72,24.0
2026-09-29,37750,2026-12-10,put,regular,100,0.4989,72,25.0
2026-09-29,38000,2026-12-10,put,regular,2587,0.4957,72,26.0
2026-09-29,38500,2026-12-10,put,regular,1150,0.491,72,29.0
2026-09-29,38750,2026-12-10,put,regular,50,0.4875,72,30.0
2026-09-29,39000,2026-12-10,put,regular,2301,0.484,72,31.0
2026-09-29,39250,2026-12-10,put,regular,650,0.4803,72,32.0
2026-09-29,39500,2026-12-10,put,regular,1008,0.4785,72,34.0
2026-09-29,40000,2026-12-10,put,regular,6043,0.4709,72,36.0
2026-09-29,40250,2026-12-10,put,regular,5,0.4687,72,38.0
2026-09-29,40500,2026-12-10,put,regular,1399,0.4648,72,39.0
2026-09-29,40750,2026-12-10,put,regular,1,0.4624,72,41.0
2026-09-29,41000,2026-12-10,put,regular,1929,0.4584,72,42.0
2026-09-29,41250,2026-12-10,put,regular,3,0.4558,72,44.0
2026-09-29,41500,2026-12-10,put,regular,101,0.453,72,46.0
2026-09-29,42000,2026-12-10,put,regular,3702,0.4652,72,66.0
2026-09-29,42500,2026-12-10,put,regular,302,0.4411,72,54.0
2026-09-29,43000,2026-12-10,put,regular,2191,0.4347,72,58.0
2026-09-29,43500,2026-12-10,put,regular,102,0.4521,72,89.0
2026-09-29,43750,2026-12-10,put,regular,9,0.4488,72,92.0
2026-09-29,44000,2026-12-10,put,regular,2803,0.4447,72,94.0
2026-09-29,44500,2026-12-10,put,regular,101,0.4385,72,101.0
2026-09-29,44750,2026-12-10,put,regular,1,0.4336,72,102.0
2026-09-29,45000,2026-12-10,put,regular,2736,0.428,72,102.0
2026-09-29,45250,2026-12-10,put,regular,53,0.4257,72,107.0
2026-09-29,45500,2026-12-10,put,regular,350,0.4208,72,108.0
2026-09-29,46000,2026-12-10,put,regular,3957,0.4141,72,115.0
2026-09-29,46250,2026-12-10,put,regular,71,0.4132,72,123.0
2026-09-29,46500,2026-12-10,put,regular,119,0.4082,72,124.0
2026-09-29,46750,2026-12-10,put,regular,24,0.4043,72,127.0
2026-09-29,47000,2026-12-10,put,regular,2828,0.4042,72,137.0
2026-09-29,47500,2026-12-10,put,regular,1121,0.396,72,143.0
2026-09-29,47750,2026-12-10,put,regular,5,0.3929,72,148.0
2026-09-29,48000,2026-12-10,put,regular,4326,0.3902,72,154.0
2026-09-29,48250,2026-12-10,put,regular,10,0.3869,72,159.0
2026-09-29,48500,2026-12-10,put,regular,309,0.3844,72,166.0
2026-09-29,48750,2026-12-10,put,regular,4,0.3809,72,171.0
2026-09-29,49000,2026-12-10,put,regular,3639,0.3795,72,181.0
2026-09-29,49250,2026-12-10,put,regular,210,0.3746,72,183.0
2026-09-29,49500,2026-12-10,put,regular,2325,0.3729,72,193.0
2026-09-29,49750,2026-12-10,put,regular,78,0.3684,72,196.0
2026-09-29,50000,2026-12-10,put,regular,9103,0.3661,72,205.0
2026-09-29,50250,2026-12-10,put,regular,16,0.364,72,215.0
2026-09-29,50500,2026-12-10,put,regular,1815,0.3631,72,229.0
2026-09-29,50750,2026-12-10,put,regular,49,0.3616,72,242.0
2026-09-29,51000,2026-12-10,put,regular,1885,0.3552,72,240.0
2026-09-29,51250,2026-12-10,put,regular,20,0.3529,72,251.0
2026-09-29,51500,2026-12-10,put,regular,270,0.3489,72,257.0
2026-09-29,51750,2026-12-10,put,regular,13,0.3458,72,266.0
2026-09-29,52000,2026-12-10,put,regular,2906,0.3417,72,272.0
2026-09-29,52250,2026-12-10,put,regular,525,0.3421,72,294.0
2026-09-29,52500,2026-12-10,put,regular,742,0.3378,72,300.0
2026-09-29,53000,2026-12-10,put,regular,2011,0.335,72,335.0
2026-09-29,53250,2026-12-10,put,regular,188,0.3315,72,345.0
2026-09-29,53500,2026-12-10,put,regular,307,0.329,72,360.0
2026-09-29,53750,2026-12-10,put,regular,45,0.3253,72,370.0
2026-09-29,54000,2026-12-10,put,regular,3537,0.3259,72,400.0
2026-09-29,54250,2026-12-10,put,regular,3,0.322,72,410.0
2026-09-29,54500,2026-12-10,put,regular,880,0.3179,72,420.0
2026-09-29,54750,2026-12-10,put,regular,32,0.3168,72,445.0
2026-09-29,55000,2026-12-10,put,regular,5010,0.3136,72,460.0
2026-09-29,55250,2026-12-10,put,regular,1,0.3112,72,480.0
2026-09-29,55500,2026-12-10,put,regular,101,0.3095,72,505.0
2026-09-29,55750,2026-12-10,put,regular,24,0.2939,72,455.0
2026-09-29,56000,2026-12-10,put,regular,2594,0.3013,72,530.0
2026-09-29,56250,2026-12-10,put,regular,46,0.3025,72,575.0
2026-09-29,56500,2026-12-10,put,regular,321,0.2902,72,540.0
2026-09-29,56750,2026-12-10,put,regular,12,0.2968,72,620.0
2026-09-29,57000,2026-12-10,put,regular,2635,0.2822,72,570.0
2026-09-29,57250,2026-12-10,put,regular,29,0.2828,72,615.0
2026-09-29,57500,2026-12-10,put,regular,986,0.2897,72,705.0
2026-09-29,57750,2026-12-10,put,regular,705000,0.2829,72,705.0
2026-09-29,58000,2026-12-10,put,regular,1976,0.2867,72,780.0
2026-09-29,58250,2026-12-10,put,regular,67,0.2797,72,780.0
2026-09-29,58500,2026-12-10,put,regular,862,0.2808,72,840.0
2026-09-29,59000,2026-12-10,put,regular,2405,0.2767,72,920.0
2026-09-29,59250,2026-12-10,put,regular,62,0.2713,72,935.0
2026-09-29,59500,2026-12-10,put,regular,250,0.2731,72,1010.0
2026-09-29,60000,2026-12-10,put,regular,9798,0.2685,72,1100.0
2026-09-29,60250,2026-12-10,put,regular,44,0.267,72,1155.0
2026-09-29,60500,2026-12-10,put,regular,200,0.2642,72,1200.0
2026-09-29,61000,2026-12-10,put,regular,1351,0.2622,72,1330.0
2026-09-29,61250,2026-12-10,put,regular,10,0.2602,72,1390.0
2026-09-29,61500,2026-12-10,put,regular,254,0.2555,72,1425.0
2026-09-29,62000,2026-12-10,put,regular,3460,0.2553,72,1595.0
2026-09-29,62250,2026-12-10,put,regular,250,0.2529,72,1660.0
2026-09-29,62500,2026-12-10,put,regular,1087,0.2511,72,1735.0
2026-09-29,63000,2026-12-10,put,regular,3041,0.2477,72,1895.0
2026-09-29,63250,2026-12-10,put,regular,55,0.2461,72,1980.0
2026-09-29,63500,2026-12-10,put,regular,600,0.2441,72,2065.0
2026-09-29,63750,2026-12-10,put,regular,55,0.2428,72,2160.0
2026-09-29,64000,2026-12-10,put,regular,2031,0.2416,72,2260.0
2026-09-29,64500,2026-12-10,put,regular,175,0.2379,72,2455.0
2026-09-29,64625,2026-12-10,put,regular,25,0.2378,72,2515.0
2026-09-29,65000,2026-12-10,put,regular,4550,0.2361,72,2685.0
2026-09-29,65125,2026-12-10,put,regular,2480000,0.2344,72,2730.0
2026-09-29,65500,2026-12-10,put,regular,605,0.2304,72,2885.0
2026-09-29,65750,2026-12-10,put,regular,15,0.2314,72,3035.0
2026-09-29,66000,2026-12-10,put,regular,1038,0.2282,72,3140.0
2026-09-29,66500,2026-12-10,put,regular,950,0.2264,72,3415.0
2026-09-29,67000,2026-12-10,put,regular,1592,0.2256,72,3715.0
2026-09-29,67250,2026-12-10,put,regular,25,0.2233,72,3850.0
2026-09-29,67500,2026-12-10,put,regular,25,0.2225,72,4005.0
2026-09-29,68000,2026-12-10,put,regular,1900,0.2198,72,4315.0
2026-09-29,68500,2026-12-10,put,regular,203,0.2167,72,4635.0
2026-09-29,68750,2026-12-10,put,regular,100,0.2145,72,4795.0
2026-09-29,69000,2026-12-10,put,regular,1570,0.214,72,4975.0
2026-09-29,70000,2026-12-10,put,regular,1653,0.2072,72,5685.0
2026-09-29,71000,2026-12-10,put,regular,31,0.1979,72,6435.0
2026-09-29,72000,2026-12-10,put,regular,120,0.1848,72,7225.0
2026-09-29,72500,2026-12-10,put,regular,420,0.175,72,7630.0
2026-09-29,73000,2026-12-10,put,regular,4,0.1646,72,8055.0
2026-09-29,74000,2026-12-10,put,regular,101,0.2,72,8920.0
2026-09-29,76000,2026-12-10,put,regular,300,0.2,72,10710.0
2026-09-29,80000,2026-12-10,put,regular,3700,0.2,72,14505.0
2026-09-29,90000,2026-12-10,put,regular,3,0.2,72,24370.0
2026-09-29,36000,2027-01-07,put,regular,11,0.4994,100,51.0
2026-09-29,39000,2027-01-07,put,regular,200,0.4488,100,61.0
2026-09-29,40000,2027-01-07,put,regular,1,0.4383,100,71.0
2026-09-29,41000,2027-01-07,put,regular,1,0.4283,100,83.0
2026-09-29,43000,2027-01-07,put,regular,18,0.4074,100,111.0
2026-09-29,44000,2027-01-07,put,regular,1600,0.3976,100,129.0
2026-09-29,45000,2027-01-07,put,regular,1351,0.3875,100,149.0
2026-09-29,47000,2027-01-07,put,regular,98,0.3683,100,200.0
2026-09-29,48000,2027-01-07,put,regular,200,0.3589,100,232.0
2026-09-29,48750,2027-01-07,put,regular,20,0.3522,100,260.0
2026-09-29,50000,2027-01-07,put,regular,915,0.3413,100,315.0
2026-09-29,52000,2027-01-07,put,regular,300,0.3216,100,415.0
2026-09-29,52500,2027-01-07,put,regular,20,0.3177,100,450.0
2026-09-29,53750,2027-01-07,put,regular,20,0.3056,100,535.0
2026-09-29,55000,2027-01-07,put,regular,100,0.2956,100,650.0
2026-09-29,57000,2027-01-07,put,regular,60,0.2802,100,890.0
2026-09-29,58000,2027-01-07,put,regular,57,0.2774,100,1085.0
2026-09-29,60000,2027-01-07,put,regular,186,0.2641,100,1485.0
2026-09-29,60500,2027-01-07,put,regular,42,0.2609,100,1605.0
2026-09-29,61000,2027-01-07,put,regular,1,0.2574,100,1730.0
2026-09-29,61500,2027-01-07,put,regular,50,0.2544,100,1870.0
2026-09-29,64000,2027-01-07,put,regular,100,0.2364,100,2675.0
2026-09-29,65000,2027-01-07,put,regular,3,0.2308,100,3095.0
2026-09-29,65500,2027-01-07,put,regular,1,0.2281,100,3325.0
2026-09-29,66000,2027-01-07,put,regular,210,0.2256,100,3570.0
2026-09-29,66500,2027-01-07,put,regular,2,0.2236,100,3835.0
2026-09-29,67000,2027-01-07,put,regular,1,0.221,100,4105.0
2026-09-29,67500,2027-01-07,put,regular,1,0.2182,100,4385.0
2026-09-29,67750,2027-01-07,put,regular,1,0.2168,100,4530.0
2026-09-29,45000,2027-02-10,put,regular,400,0.3627,134,228.0
2026-09-29,47000,2027-02-10,put,regular,125,0.3485,134,310.0
2026-09-29,57500,2027-02-10,put,regular,100,0.2737,134,1335.0
2026-09-29,65000,2027-02-10,put,regular,253,0.2308,134,3585.0
2026-09-29,67000,2027-02-10,put,regular,2,0.2209,134,4565.0
2026-09-29,67250,2027-02-10,put,regular,12,0.22,134,4705.0
2026-09-29,20000,2027-03-11,put,regular,16,0.5611,163,3.0
2026-09-29,22000,2027-03-11,put,regular,2,0.5295,163,4.0
2026-09-29,29000,2027-03-11,put,regular,1,0.4689,163,21.0
2026-09-29,30000,2027-03-11,put,regular,2,0.4708,163,31.0
2026-09-29,33000,2027-03-11,put,regular,113,0.4351,163,44.0
2026-09-29,35000,2027-03-11,put,regular,700,0.419,163,62.0
2026-09-29,37000,2027-03-11,put,regular,500,0.4033,163,86.0
2026-09-29,38000,2027-03-11,put,regular,300,0.3952,163,100.0
2026-09-29,40000,2027-03-11,put,regular,1771,0.3897,163,158.0
2026-09-29,41000,2027-03-11,put,regular,250,0.3741,163,162.0
2026-09-29,42000,2027-03-11,put,regular,534,0.3647,163,182.0
2026-09-29,42500,2027-03-11,put,regular,200,0.378,163,249.0
2026-09-29,43000,2027-03-11,put,regular,114,0.3735,163,264.0
2026-09-29,43500,2027-03-11,put,regular,66,0.3683,163,277.0
2026-09-29,43750,2027-03-11,put,regular,12,0.3663,163,286.0
2026-09-29,44000,2027-03-11,put,regular,375,0.3634,163,292.0
2026-09-29,45000,2027-03-11,put,regular,1794,0.3552,163,330.0
2026-09-29,46000,2027-03-11,put,regular,341,0.3464,163,370.0
2026-09-29,47000,2027-03-11,put,regular,950,0.3378,163,415.0
2026-09-29,47750,2027-03-11,put,regular,310,0.331,163,450.0
2026-09-29,48000,2027-03-11,put,regular,1199,0.3292,163,465.0
2026-09-29,48500,2027-03-11,put,regular,51,0.3246,163,490.0
2026-09-29,49000,2027-03-11,put,regular,102,0.3214,163,525.0
2026-09-29,50000,2027-03-11,put,regular,3879,0.314,163,595.0
2026-09-29,50250,2027-03-11,put,regular,112,0.3116,163,610.0
2026-09-29,51000,2027-03-11,put,regular,24,0.3062,163,670.0
2026-09-29,51250,2027-03-11,put,regular,108,0.3042,163,690.0
2026-09-29,51500,2027-03-11,put,regular,1,0.3028,163,715.0
2026-09-29,52000,2027-03-11,put,regular,2620,0.2991,163,760.0
2026-09-29,52500,2027-03-11,put,regular,50,0.2957,163,810.0
2026-09-29,53000,2027-03-11,put,regular,775,0.292,163,860.0
2026-09-29,53500,2027-03-11,put,regular,200,0.289,163,920.0
2026-09-29,54000,2027-03-11,put,regular,634,0.2857,163,980.0
2026-09-29,55000,2027-03-11,put,regular,1116,0.2794,163,1115.0
2026-09-29,55500,2027-03-11,put,regular,200,0.2764,163,1190.0
2026-09-29,56000,2027-03-11,put,regular,1150,0.2734,163,1270.0
2026-09-29,56250,2027-03-11,put,regular,120,0.2705,163,1295.0
2026-09-29,57000,2027-03-11,put,regular,1485,0.2663,163,1430.0
2026-09-29,58000,2027-03-11,put,regular,2905,0.2613,163,1635.0
2026-09-29,58500,2027-03-11,put,regular,110,0.2586,163,1745.0
2026-09-29,59500,2027-03-11,put,regular,453,0.2534,163,1985.0
2026-09-29,60000,2027-03-11,put,regular,2290,0.2512,163,2120.0
2026-09-29,60500,2027-03-11,put,regular,75,0.2487,163,2260.0
2026-09-29,61000,2027-03-11,put,regular,160,0.2461,163,2405.0
2026-09-29,61500,2027-03-11,put,regular,12,0.2437,163,2560.0
2026-09-29,62000,2027-03-11,put,regular,1400,0.2414,163,2725.0
2026-09-29,62500,2027-03-11,put,regular,500,0.2392,163,2900.0
2026-09-29,63000,2027-03-11,put,regular,1892,0.2377,163,3095.0
2026-09-29,64000,2027-03-11,put,regular,1270,0.2336,163,3495.0
2026-09-29,65000,2027-03-11,put,regular,880,0.2291,163,3925.0
2026-09-29,66000,2027-03-11,put,regular,478,0.2247,163,4395.0
2026-09-29,66250,2027-03-11,put,regular,15,0.2233,163,4515.0
2026-09-29,66500,2027-03-11,put,regular,16,0.2225,163,4645.0
2026-09-29,67000,2027-03-11,put,regular,300,0.2202,163,4905.0
2026-09-29,68000,2027-03-11,put,regular,130,0.2167,163,5470.0
2026-09-29,69000,2027-03-11,put,regular,350,0.2124,163,6065.0
2026-09-29,69250,2027-03-11,put,regular,10,0.2114,163,6220.0
2026-09-29,70000,2027-03-11,put,regular,480,0.2081,163,6700.0
2026-09-29,72000,2027-03-11,put,regular,100,0.1986,163,8080.0
2026-09-29,53750,2027-04-08,put,regular,11,0.2838,191,1145.0
2026-09-29,55500,2027-04-08,put,regular,1,0.2742,191,1420.0
2026-09-29,62000,2027-04-08,put,regular,30,0.2443,191,3095.0
2026-09-29,48000,2027-05-13,put,regular,100,0.3134,226,715.0
2026-09-29,12500,2027-06-10,put,regular,12,0.6613,254,6.0
2026-09-29,14500,2027-06-10,put,regular,4,0.5513,254,2.0
2026-09-29,15000,2027-06-10,put,regular,1,0.539,254,2.0
2026-09-29,16250,2027-06-10,put,regular,167,0.5265,254,3.0
2026-09-29,23000,2027-06-10,put,regular,140,0.4662,254,17.0
2026-09-29,24000,2027-06-10,put,regular,100,0.4604,254,22.0
2026-09-29,25000,2027-06-10,put,regular,250,0.4527,254,27.0
2026-09-29,26000,2027-06-10,put,regular,200,0.4437,254,32.0
2026-09-29,28000,2027-06-10,put,regular,875,0.4295,254,47.0
2026-09-29,28500,2027-06-10,put,regular,100,0.4255,254,51.0
2026-09-29,29000,2027-06-10,put,regular,165,0.4222,254,56.0
2026-09-29,30000,2027-06-10,put,regular,1201,0.4156,254,67.0
2026-09-29,31000,2027-06-10,put,regular,100,0.4086,254,79.0
2026-09-29,31500,2027-06-10,put,regular,1,0.4047,254,85.0
2026-09-29,32000,2027-06-10,put,regular,250,0.4013,254,92.0
2026-09-29,33000,2027-06-10,put,regular,150,0.3942,254,107.0
2026-09-29,34000,2027-06-10,put,regular,1300,0.3877,254,125.0
2026-09-29,35000,2027-06-10,put,regular,1628,0.3812,254,145.0
2026-09-29,35500,2027-06-10,put,regular,145,0.3775,254,155.0
2026-09-29,36000,2027-06-10,put,regular,300,0.3745,254,167.0
2026-09-29,37000,2027-06-10,put,regular,50,0.3679,254,192.0
2026-09-29,38000,2027-06-10,put,regular,201,0.3614,254,220.0
2026-09-29,38500,2027-06-10,put,regular,140,0.3582,254,235.0
2026-09-29,39000,2027-06-10,put,regular,50,0.3549,254,251.0
2026-09-29,39500,2027-06-10,put,regular,101,0.352,254,269.0
2026-09-29,40000,2027-06-10,put,regular,1150,0.3488,254,287.0
2026-09-29,41000,2027-06-10,put,regular,100,0.3434,254,330.0
2026-09-29,42000,2027-06-10,put,regular,400,0.3374,254,375.0
2026-09-29,42500,2027-06-10,put,regular,61,0.3335,254,395.0
2026-09-29,43000,2027-06-10,put,regular,35,0.3314,254,425.0
2026-09-29,43750,2027-06-10,put,regular,2,0.3267,254,465.0
2026-09-29,44000,2027-06-10,put,regular,196,0.3253,254,480.0
2026-09-29,45000,2027-06-10,put,regular,2075,0.3192,254,540.0
2026-09-29,46000,2027-06-10,put,regular,1173,0.3135,254,610.0
2026-09-29,46500,2027-06-10,put,regular,70,0.311,254,650.0
2026-09-29,47000,2027-06-10,put,regular,201,0.3082,254,690.0
2026-09-29,47750,2027-06-10,put,regular,100,0.3042,254,755.0
2026-09-29,48000,2027-06-10,put,regular,1229,0.3026,254,775.0
2026-09-29,49000,2027-06-10,put,regular,400,0.2975,254,875.0
2026-09-29,50000,2027-06-10,put,regular,2132,0.2925,254,985.0
2026-09-29,50500,2027-06-10,put,regular,325,0.2896,254,1040.0
2026-09-29,51000,2027-06-10,put,regular,100,0.2873,254,1105.0
2026-09-29,51250,2027-06-10,put,regular,3,0.2859,254,1135.0
2026-09-29,52000,2027-06-10,put,regular,1105,0.2824,254,1240.0
2026-09-29,52250,2027-06-10,put,regular,88,0.2811,254,1275.0
2026-09-29,52500,2027-06-10,put,regular,187,0.2802,254,1315.0
2026-09-29,52750,2027-06-10,put,regular,750,0.2787,254,1350.0
2026-09-29,53000,2027-06-10,put,regular,720,0.2776,254,1390.0
2026-09-29,53500,2027-06-10,put,regular,1,0.2752,254,1470.0
2026-09-29,53750,2027-06-10,put,regular,35,0.2742,254,1515.0
2026-09-29,54000,2027-06-10,put,regular,2002,0.2728,254,1555.0
2026-09-29,55000,2027-06-10,put,regular,1800,0.2684,254,1740.0
2026-09-29,55500,2027-06-10,put,regular,255,0.2662,254,1840.0
2026-09-29,56000,2027-06-10,put,regular,1346,0.264,254,1945.0
2026-09-29,56500,2027-06-10,put,regular,40,0.2619,254,2055.0
2026-09-29,57000,2027-06-10,put,regular,1345,0.2597,254,2170.0
2026-09-29,57500,2027-06-10,put,regular,2,0.2576,254,2290.0
2026-09-29,57750,2027-06-10,put,regular,112,0.2567,254,2355.0
2026-09-29,58000,2027-06-10,put,regular,1187,0.2557,254,2420.0
2026-09-29,58500,2027-06-10,put,regular,401,0.2538,254,2555.0
2026-09-29,59000,2027-06-10,put,regular,535,0.2515,254,2690.0
2026-09-29,59500,2027-06-10,put,regular,212,0.2498,254,2840.0
2026-09-29,60000,2027-06-10,put,regular,2106,0.2477,254,2990.0
2026-09-29,61000,2027-06-10,put,regular,3,0.2439,254,3315.0
2026-09-29,62000,2027-06-10,put,regular,800,0.2403,254,3670.0
2026-09-29,63000,2027-06-10,put,regular,950,0.2368,254,4055.0
2026-09-29,64000,2027-06-10,put,regular,270,0.2335,254,4475.0
2026-09-29,64750,2027-06-10,put,regular,104,0.2309,254,4805.0
2026-09-29,65000,2027-06-10,put,regular,1988,0.2301,254,4920.0
2026-09-29,65500,2027-06-10,put,regular,26,0.2284,254,5155.0
2026-09-29,66000,2027-06-10,put,regular,575,0.2268,254,5400.0
2026-09-29,66750,2027-06-10,put,regular,150,0.2244,254,5780.0
2026-09-29,67000,2027-06-10,put,regular,1070,0.2238,254,5915.0
2026-09-29,67500,2027-06-10,put,regular,100,0.222,254,6180.0
2026-09-29,68000,2027-06-10,put,regular,600,0.2206,254,6460.0
2026-09-29,68500,2027-06-10,put,regular,200,0.2188,254,6740.0
2026-09-29,69000,2027-06-10,put,regular,500,0.2174,254,7035.0
2026-09-29,70000,2027-06-10,put,regular,700,0.2143,254,7645.0
2026-09-29,72000,2027-06-10,put,regular,100,0.2079,254,8955.0
2026-09-29,77500,2027-06-10,put,regular,50,0.1859,254,13110.0
2026-09-29,67000,2027-07-08,put,regular,58,0.227,282,6245.0
2026-09-29,27000,2027-09-09,put,regular,150,0.4167,345,88.0
2026-09-29,31000,2027-09-09,put,regular,200,0.3898,345,159.0
2026-09-29,32000,2027-09-09,put,regular,150,0.3829,345,181.0
2026-09-29,45000,2027-09-09,put,regular,100,0.3038,345,800.0
2026-09-29,47000,2027-09-09,put,regular,200,0.2933,345,985.0
2026-09-29,48000,2027-09-09,put,regular,116,0.2881,345,1090.0
2026-09-29,49000,2027-09-09,put,regular,200,0.2833,345,1210.0
2026-09-29,50000,2027-09-09,put,regular,226,0.2786,345,1340.0
2026-09-29,51000,2027-09-09,put,regular,16,0.2741,345,1485.0
2026-09-29,52000,2027-09-09,put,regular,6,0.2697,345,1645.0
2026-09-29,53000,2027-09-09,put,regular,316,0.2655,345,1820.0
2026-09-29,54250,2027-09-09,put,regular,200,0.2605,345,2065.0
2026-09-29,55000,2027-09-09,put,regular,800,0.2576,345,2225.0
2026-09-29,56000,2027-09-09,put,regular,80,0.2538,345,2455.0
2026-09-29,58000,2027-09-09,put,regular,1,0.2464,345,2975.0
2026-09-29,60000,2027-09-09,put,regular,435,0.2395,345,3590.0
2026-09-29,60750,2027-09-09,put,regular,4,0.237,345,3845.0
2026-09-29,62000,2027-09-09,put,regular,189,0.2331,345,4305.0
2026-09-29,64500,2027-09-09,put,regular,92,0.2255,345,5350.0
2026-09-29,65000,2027-09-09,put,regular,400,0.2241,345,5580.0
2026-09-29,67000,2027-09-09,put,regular,30,0.2184,345,6570.0
2026-09-29,68250,2027-09-09,put,regular,200,0.2148,345,7245.0
2026-09-29,68750,2027-09-09,put,regular,93,0.2133,345,7525.0
2026-09-29,12500,2027-12-09,put,regular,11,0.5535,436,16.0
2026-09-29,13000,2027-12-09,put,regular,1,0.4931,436,6.0
2026-09-29,16000,2027-12-09,put,regular,350,0.4658,436,14.0
2026-09-29,19000,2027-12-09,put,regular,301,0.4464,436,31.0
2026-09-29,20000,2027-12-09,put,regular,400,0.4387,436,38.0
2026-09-29,21000,2027-12-09,put,regular,50,0.4323,436,47.0
2026-09-29,22000,2027-12-09,put,regular,408,0.4449,436,80.0
2026-09-29,22500,2027-12-09,put,regular,36,0.4217,436,62.0
2026-09-29,23000,2027-12-09,put,regular,132,0.4185,436,68.0
2026-09-29,23750,2027-12-09,put,regular,39,0.4131,436,77.0
2026-09-29,24000,2027-12-09,put,regular,1721,0.4113,436,80.0
2026-09-29,25000,2027-12-09,put,regular,1350,0.4045,436,94.0
2026-09-29,26000,2027-12-09,put,regular,300,0.398,436,110.0
2026-09-29,26500,2027-12-09,put,regular,100,0.3949,436,119.0
2026-09-29,27000,2027-12-09,put,regular,1300,0.3916,436,128.0
2026-09-29,28000,2027-12-09,put,regular,2125,0.3853,436,148.0
2026-09-29,29000,2027-12-09,put,regular,450,0.3786,436,169.0
2026-09-29,29500,2027-12-09,put,regular,249,0.3756,436,181.0
2026-09-29,30000,2027-12-09,put,regular,2645,0.3724,436,193.0
2026-09-29,31000,2027-12-09,put,regular,1750,0.3663,436,220.0
2026-09-29,31500,2027-12-09,put,regular,204,0.3632,436,234.0
2026-09-29,32000,2027-12-09,put,regular,1425,0.3604,436,250.0
2026-09-29,32250,2027-12-09,put,regular,30,0.3587,436,257.0
2026-09-29,32750,2027-12-09,put,regular,35,0.3559,436,274.0
2026-09-29,33000,2027-12-09,put,regular,450,0.3543,436,282.0
2026-09-29,34000,2027-12-09,put,regular,1794,0.349,436,320.0
2026-09-29,34500,2027-12-09,put,regular,100,0.3462,436,340.0
2026-09-29,35000,2027-12-09,put,regular,1600,0.3433,436,360.0
2026-09-29,35500,2027-12-09,put,regular,40,0.3403,436,380.0
2026-09-29,36000,2027-12-09,put,regular,1230,0.338,436,405.0
2026-09-29,36500,2027-12-09,put,regular,300,0.3346,436,425.0
2026-09-29,37000,2027-12-09,put,regular,1150,0.332,436,450.0
2026-09-29,38000,2027-12-09,put,regular,1175,0.3269,436,505.0
2026-09-29,39000,2027-12-09,put,regular,800,0.3213,436,560.0
2026-09-29,39500,2027-12-09,put,regular,50,0.3192,436,595.0
2026-09-29,40000,2027-12-09,put,regular,3320,0.3163,436,625.0
2026-09-29,40500,2027-12-09,put,regular,450,0.3139,436,660.0
2026-09-29,42000,2027-12-09,put,regular,550,0.3067,436,775.0
2026-09-29,43000,2027-12-09,put,regular,240,0.302,436,860.0
2026-09-29,44000,2027-12-09,put,regular,100,0.2971,436,950.0
2026-09-29,45000,2027-12-09,put,regular,2176,0.2929,436,1055.0
2026-09-29,46000,2027-12-09,put,regular,1000,0.2884,436,1165.0
2026-09-29,47000,2027-12-09,put,regular,250,0.2844,436,1290.0
2026-09-29,47500,2027-12-09,put,regular,35,0.2822,436,1355.0
2026-09-29,48000,2027-12-09,put,regular,715,0.2803,436,1425.0
2026-09-29,49000,2027-12-09,put,regular,700,0.2762,436,1570.0
2026-09-29,50000,2027-12-09,put,regular,3970,0.2724,436,1730.0
2026-09-29,51000,2027-12-09,put,regular,350,0.2687,436,1905.0
2026-09-29,52000,2027-12-09,put,regular,685,0.2651,436,2095.0
2026-09-29,53000,2027-12-09,put,regular,822,0.2619,436,2305.0
2026-09-29,54000,2027-12-09,put,regular,775,0.2583,436,2525.0
2026-09-29,54500,2027-12-09,put,regular,400,0.2568,436,2645.0
2026-09-29,55000,2027-12-09,put,regular,1400,0.2552,436,2770.0
2026-09-29,55500,2027-12-09,put,regular,75,0.2535,436,2895.0
2026-09-29,56000,2027-12-09,put,regular,470,0.252,436,3030.0
2026-09-29,57000,2027-12-09,put,regular,820,0.2489,436,3310.0
2026-09-29,58000,2027-12-09,put,regular,1700,0.2461,436,3615.0
2026-09-29,58500,2027-12-09,put,regular,610,0.2447,436,3775.0
2026-09-29,59000,2027-12-09,put,regular,100,0.2433,436,3940.0
2026-09-29,60000,2027-12-09,put,regular,1257,0.2405,436,4285.0
2026-09-29,62000,2027-12-09,put,regular,425,0.2351,436,5045.0
2026-09-29,62500,2027-12-09,put,regular,70,0.234,436,5255.0
2026-09-29,63000,2027-12-09,put,regular,650,0.2327,436,5465.0
2026-09-29,63500,2027-12-09,put,regular,50,0.2314,436,5680.0
2026-09-29,64000,2027-12-09,put,regular,130,0.2302,436,5905.0
2026-09-29,65000,2027-12-09,put,regular,1300,0.2277,436,6370.0
2026-09-29,66000,2027-12-09,put,regular,895,0.2253,436,6860.0
2026-09-29,67000,2027-12-09,put,regular,400,0.223,436,7375.0
2026-09-29,68000,2027-12-09,put,regular,400,0.2207,436,7915.0
2026-09-29,69000,2027-12-09,put,regular,750,0.2183,436,8475.0
2026-09-29,70000,2027-12-09,put,regular,550,0.2159,436,9060.0
2026-09-29,75000,2027-12-09,put,regular,175,0.2034,436,12320.0
2026-09-29,80000,2027-12-09,put,regular,400,0.1873,436,16065.0
2026-09-29,59000,2028-03-09,put,regular,29,0.2395,527,4435.0
2026-09-29,15000,2028-06-08,put,regular,3,0.3721,618,5.0
2026-09-29,20000,2028-06-08,put,regular,3,0.3698,618,39.0
2026-09-29,25000,2028-06-08,put,regular,630,0.3688,618,162.0
2026-09-29,26000,2028-06-08,put,regular,250,0.3684,618,204.0
2026-09-29,27000,2028-06-08,put,regular,100,0.3683,618,254.0
2026-09-29,30000,2028-06-08,put,regular,300,0.3476,618,345.0
2026-09-29,32000,2028-06-08,put,regular,250,0.3356,618,425.0
2026-09-29,33000,2028-06-08,put,regular,100,0.3306,618,475.0
2026-09-29,35000,2028-06-08,put,regular,200,0.3203,618,585.0
2026-09-29,40000,2028-06-08,put,regular,250,0.2989,618,980.0
2026-09-29,41500,2028-06-08,put,regular,100,0.293,618,1135.0
2026-09-29,45000,2028-06-08,put,regular,65,0.2807,618,1585.0
2026-09-29,48000,2028-06-08,put,regular,400,0.2707,618,2075.0
2026-09-29,50000,2028-06-08,put,regular,430,0.2645,618,2465.0
2026-09-29,54000,2028-06-08,put,regular,100,0.2529,618,3420.0
2026-09-29,55000,2028-06-08,put,regular,50,0.25,618,3695.0
2026-09-29,58000,2028-06-08,put,regular,200,0.2422,618,4635.0
2026-09-29,60000,2028-06-08,put,regular,250,0.2371,618,5350.0
2026-09-29,12000,2028-12-07,put,regular,300,0.3692,800,4.0
2026-09-29,16000,2028-12-07,put,regular,1950,0.3604,800,22.0
2026-09-29,18000,2028-12-07,put,regular,100,0.36,800,46.0
2026-09-29,20000,2028-12-07,put,regular,200,0.3595,800,86.0
2026-09-29,23000,2028-12-07,put,regular,100,0.3585,800,187.0
2026-09-29,23500,2028-12-07,put,regular,38,0.3582,800,209.0
2026-09-29,24000,2028-12-07,put,regular,1000,0.3581,800,234.0
2026-09-29,25000,2028-12-07,put,regular,1200,0.3579,800,290.0
2026-09-29,27000,2028-12-07,put,regular,120,0.3577,800,430.0
2026-09-29,27500,2028-12-07,put,regular,50,0.3574,800,470.0
2026-09-29,28000,2028-12-07,put,regular,1250,0.3575,800,515.0
2026-09-29,30000,2028-12-07,put,regular,750,0.3435,800,605.0
2026-09-29,31000,2028-12-07,put,regular,400,0.3375,800,660.0
2026-09-29,32000,2028-12-07,put,regular,850,0.3312,800,715.0
2026-09-29,32250,2028-12-07,put,regular,51,0.3297,800,730.0
2026-09-29,33000,2028-12-07,put,regular,525,0.3257,800,780.0
2026-09-29,34000,2028-12-07,put,regular,775,0.3199,800,845.0
2026-09-29,34750,2028-12-07,put,regular,100,0.3159,800,900.0
2026-09-29,35000,2028-12-07,put,regular,1305,0.3147,800,920.0
2026-09-29,36000,2028-12-07,put,regular,2750,0.3092,800,995.0
2026-09-29,37000,2028-12-07,put,regular,580,0.3043,800,1080.0
2026-09-29,38000,2028-12-07,put,regular,2860,0.2997,800,1175.0
2026-09-29,39000,2028-12-07,put,regular,50,0.2952,800,1275.0
2026-09-29,40000,2028-12-07,put,regular,1210,0.2906,800,1380.0
2026-09-29,42000,2028-12-07,put,regular,350,0.2825,800,1625.0
2026-09-29,43000,2028-12-07,put,regular,100,0.2786,800,1760.0
2026-09-29,44500,2028-12-07,put,regular,75,0.2731,800,1985.0
2026-09-29,45000,2028-12-07,put,regular,770,0.2714,800,2065.0
2026-09-29,46000,2028-12-07,put,regular,100,0.268,800,2235.0
2026-09-29,48000,2028-12-07,put,regular,600,0.2617,800,2615.0
2026-09-29,50000,2028-12-07,put,regular,2450,0.2557,800,3045.0
2026-09-29,51000,2028-12-07,put,regular,150,0.253,800,3285.0
2026-09-29,52000,2028-12-07,put,regular,250,0.2504,800,3540.0
2026-09-29,53000,2028-12-07,put,regular,50,0.2478,800,3810.0
2026-09-29,55000,2028-12-07,put,regular,725,0.2429,800,4395.0
2026-09-29,56000,2028-12-07,put,regular,450,0.2406,800,4715.0
2026-09-29,57000,2028-12-07,put,regular,150,0.2384,800,5055.0
2026-09-29,60000,2028-12-07,put,regular,550,0.2322,800,6175.0
2026-09-29,63000,2028-12-07,put,regular,25,0.2263,800,7455.0
2026-09-29,65000,2028-12-07,put,regular,925,0.2226,800,8405.0
2026-09-29,68000,2028-12-07,put,regular,100,0.2172,800,9960.0
2026-09-29,69000,2028-12-07,put,regular,270,0.2155,800,10515.0
2026-09-29,70000,2028-12-07,put,regular,225,0.2137,800,11085.0
2026-09-29,75000,2028-12-07,put,regular,80,0.2044,800,14180.0
2026-09-29,15000,2029-06-07,put,regular,1,0.3504,982,29.0
2026-09-29,15000,2029-12-13,put,regular,1,0.342,1171,50.0
2026-09-29,23250,2029-12-13,put,regular,40,0.3395,1171,420.0
2026-09-29,30000,2029-12-13,put,regular,100,0.3228,1171,1025.0
2026-09-29,32000,2029-12-13,put,regular,113,0.3099,1171,1160.0
2026-09-29,34250,2029-12-13,put,regular,6,0.2977,1171,1350.0
2026-09-29,40000,2029-12-13,put,regular,150,0.2727,1171,2025.0
2026-09-29,44000,2029-12-13,put,regular,100,0.2601,1171,2710.0
2026-09-29,45000,2029-12-13,put,regular,75,0.2572,1171,2910.0
2026-09-29,50000,2029-12-13,put,regular,570,0.2451,1171,4115.0
2026-09-29,64000,2029-12-13,call,regular,100,0.1899,1171,9345.0
2026-09-29,65000,2029-12-13,call,regular,50,0.2102,1171,9825.0
2026-09-29,70000,2029-12-13,call,regular,100,0.3082,1171,12415.0
2026-09-29,19000,2030-06-13,call,regular,2,0.2,1353,223.0
2026-09-29,23500,2030-12-12,call,regular,100,0.2,1535,645.0
2026-09-29,31750,2030-12-12,call,regular,74,0.2,1535,1455.0
2026-09-29,34000,2030-12-12,call,regular,24,0.2,1535,1660.0
2026-09-29,44000,2030-12-12,call,regular,80,0.2,1535,3350.0
2026-09-29,45000,2030-12-12,call,regular,40,0.2,1535,3590.0
2026-09-29,49500,2030-12-12,call,regular,100,0.2,1535,4845.0
2026-09-29,50000,2030-12-12,call,regular,100,0.2,1535,4995.0
2026-09-29,64000,2030-12-12,call,regular,3,0.1853,1535,10380.0
2026-09-29,31500,2031-12-11,call,regular,52,0.2,1899,1790.0
2026-09-29,68000,2031-12-11,call,regular,100,0.2399,1899,13045.0
2026-09-29,31250,2032-12-09,call,regular,40,0.2,2263,2115.0
2026-09-29,35000,2026-10-08,call,regular,24,2.4617,9,30475.0
2026-09-29,42750,2026-10-08,call,regular,3,1.7773,9,22730.0
2026-09-29,45000,2026-10-08,call,regular,2,1.5974,9,20480.0
2026-09-29,47500,2026-10-08,call,regular,34,1.4096,9,17985.0
2026-09-29,50000,2026-10-08,call,regular,1,1.2279,9,15490.0
2026-09-29,53000,2026-10-08,call,regular,34,1.0155,9,12495.0
2026-09-29,55000,2026-10-08,call,regular,4,0.88,9,10505.0
2026-09-29,57000,2026-10-08,call,regular,1,0.7468,9,8520.0
2026-09-29,59500,2026-10-08,call,regular,14,0.5857,9,6060.0
2026-09-29,60000,2026-10-08,call,regular,9,0.555,9,5575.0
2026-09-29,60500,2026-10-08,call,regular,100,0.5253,9,5095.0
2026-09-29,61000,2026-10-08,call,regular,201,0.4964,9,4620.0
2026-09-29,62000,2026-10-08,call,regular,49,0.4442,9,3700.0
2026-09-29,63000,2026-10-08,call,regular,157,0.4007,9,2840.0
2026-09-29,63250,2026-10-08,call,regular,6,0.3905,9,2635.0
2026-09-29,63500,2026-10-08,call,regular,11,0.3807,9,2435.0
2026-09-29,63750,2026-10-08,call,regular,4,0.3724,9,2245.0
2026-09-29,63875,2026-10-08,call,regular,50,0.3678,9,2150.0
2026-09-29,64000,2026-10-08,call,regular,730,0.3642,9,2060.0
2026-09-29,64125,2026-10-08,call,regular,1,0.3602,9,1970.0
2026-09-29,64250,2026-10-08,call,regular,6,0.3558,9,1880.0
2026-09-29,64375,2026-10-08,call,regular,61,0.3524,9,1795.0
2026-09-29,64500,2026-10-08,call,regular,212,0.3486,9,1710.0
2026-09-29,64625,2026-10-08,call,regular,687,0.3444,9,1625.0
2026-09-29,64750,2026-10-08,call,regular,755,0.3422,9,1550.0
2026-09-29,64875,2026-10-08,call,regular,7,0.3385,9,1470.0
2026-09-29,65000,2026-10-08,call,regular,1347,0.3355,9,1395.0
2026-09-29,65125,2026-10-08,call,regular,4,0.3333,9,1325.0
2026-09-29,65250,2026-10-08,call,regular,21,0.3307,9,1255.0
2026-09-29,65375,2026-10-08,call,regular,6,0.3264,9,1180.0
2026-09-29,65500,2026-10-08,call,regular,222,0.3253,9,1120.0
2026-09-29,65625,2026-10-08,call,regular,18,0.3212,9,1050.0
2026-09-29,65750,2026-10-08,call,regular,113,0.3204,9,995.0
2026-09-29,65875,2026-10-08,call,regular,16,0.3154,9,925.0
2026-09-29,66000,2026-10-08,call,regular,2971,0.3136,9,870.0
2026-09-29,66125,2026-10-08,call,regular,35,0.3151,9,830.0
2026-09-29,66250,2026-10-08,call,regular,85,0.311,9,770.0
2026-09-29,66375,2026-10-08,call,regular,96,0.3117,9,730.0
2026-09-29,66500,2026-10-08,call,regular,294,0.3065,9,670.0
2026-09-29,66625,2026-10-08,call,regular,66,0.3047,9,625.0
2026-09-29,66750,2026-10-08,call,regular,183,0.3052,9,590.0
2026-09-29,66875,2026-10-08,call,regular,36,0.3038,9,550.0
2026-09-29,67000,2026-10-08,call,regular,1544,0.3033,9,515.0
2026-09-29,67125,2026-10-08,call,regular,36,0.3009,9,475.0
2026-09-29,67250,2026-10-08,call,regular,19,0.2993,9,440.0
2026-09-29,67375,2026-10-08,call,regular,82,0.2988,9,410.0
2026-09-29,67500,2026-10-08,call,regular,841,0.2961,9,375.0
2026-09-29,67625,2026-10-08,call,regular,94,0.2945,9,345.0
2026-09-29,67750,2026-10-08,call,regular,1075,0.2958,9,325.0
2026-09-29,67875,2026-10-08,call,regular,21,0.2941,9,298.0
2026-09-29,68000,2026-10-08,call,regular,2117,0.2972,9,285.0
2026-09-29,68125,2026-10-08,call,regular,82,0.2929,9,254.0
2026-09-29,68250,2026-10-08,call,regular,104,0.2943,9,239.0
2026-09-29,68375,2026-10-08,call,regular,5,0.2932,9,219.0
2026-09-29,68500,2026-10-08,call,regular,1293,0.297,9,211.0
2026-09-29,68750,2026-10-08,call,regular,189,0.2927,9,172.0
2026-09-29,68875,2026-10-08,call,regular,159,0.2898,9,153.0
2026-09-29,69000,2026-10-08,call,regular,2572,0.291,9,143.0
2026-09-29,69125,2026-10-08,call,regular,2,0.2907,9,131.0
2026-09-29,69250,2026-10-08,call,regular,15,0.2941,9,126.0
2026-09-29,69375,2026-10-08,call,regular,1,0.2891,9,108.0
2026-09-29,69500,2026-10-08,call,regular,554,0.2919,9,103.0
2026-09-29,69625,2026-10-08,call,regular,97,0.2901,9,92.0
2026-09-29,69750,2026-10-08,call,regular,94,0.2908,9,85.0
2026-09-29,69875,2026-10-08,call,regular,115,0.2894,9,76.0
2026-09-29,70000,2026-10-08,call,regular,2527,0.2925,9,73.0
2026-09-29,70125,2026-10-08,call,regular,8,0.2911,9,65.0
2026-09-29,70250,2026-10-08,call,regular,32,0.2898,9,58.0
2026-09-29,70375,2026-10-08,call,regular,128,0.2847,9,48.0
2026-09-29,70500,2026-10-08,call,regular,361,0.2932,9,51.0
2026-09-29,70625,2026-10-08,call,regular,22,0.2892,9,43.0
2026-09-29,70750,2026-10-08,call,regular,19,0.293,9,42.0
2026-09-29,70875,2026-10-08,call,regular,2,0.2942,9,39.0
2026-09-29,71000,2026-10-08,call,regular,2074,0.2964,9,37.0
2026-09-29,71125,2026-10-08,call,regular,1,0.2941,9,32.0
2026-09-29,71250,2026-10-08,call,regular,129,0.2941,9,29.0
2026-09-29,71500,2026-10-08,call,regular,370,0.2984,9,26.0
2026-09-29,71625,2026-10-08,call,regular,5,0.3011,9,25.0
2026-09-29,71750,2026-10-08,call,regular,20,0.2978,9,21.0
2026-09-29,71875,2026-10-08,call,regular,2,0.2979,9,19.0
2026-09-29,72000,2026-10-08,call,regular,3599,0.3023,9,19.0
2026-09-29,72125,2026-10-08,call,regular,1,0.3019,9,17.0
2026-09-29,72250,2026-10-08,call,regular,88,0.3062,9,17.0
2026-09-29,72500,2026-10-08,call,regular,433,0.3095,9,15.0
2026-09-29,72750,2026-10-08,call,regular,27,0.3087,9,12.0
2026-09-29,73000,2026-10-08,call,regular,1841,0.3097,9,10.0
2026-09-29,73250,2026-10-08,call,regular,15,0.3136,9,9.0
2026-09-29,73500,2026-10-08,call,regular,134,0.317,9,8.0
2026-09-29,73750,2026-10-08,call,regular,14,0.3197,9,7.0
2026-09-29,74000,2026-10-08,call,regular,985,0.3273,9,7.0
2026-09-29,74250,2026-10-08,call,regular,37,0.3226,9,5.0
2026-09-29,74500,2026-10-08,call,regular,155,0.3298,9,5.0
2026-09-29,74750,2026-10-08,call,regular,23,0.3371,9,5.0
2026-09-29,75000,2026-10-08,call,regular,2402,0.3363,9,4.0
2026-09-29,75250,2026-10-08,call,regular,17,0.3433,9,4.0
2026-09-29,75500,2026-10-08,call,regular,72,0.3405,9,3.0
2026-09-29,75750,2026-10-08,call,regular,24,0.3472,9,3.0
2026-09-29,76000,2026-10-08,call,regular,918,0.354,9,3.0
2026-09-29,76250,2026-10-08,call,regular,47,0.3606,9,3.0
2026-09-29,76500,2026-10-08,call,regular,73,0.3537,9,2.0
2026-09-29,77000,2026-10-08,call,regular,1438,0.3665,9,2.0
2026-09-29,77500,2026-10-08,call,regular,127,0.3792,9,2.0
2026-09-29,78000,2026-10-08,call,regular,743,0.3918,9,2.0
2026-09-29,78500,2026-10-08,call,regular,60,0.4042,9,2.0
2026-09-29,79000,2026-10-08,call,regular,163,0.4166,9,2.0
2026-09-29,79500,2026-10-08,call,regular,48,0.4047,9,1.0
2026-09-29,80000,2026-10-08,call,regular,1878,0.4163,9,1.0
2026-09-29,80500,2026-10-08,call,regular,49,0.4277,9,1.0
2026-09-29,81000,2026-10-08,call,regular,635,0.439,9,1.0
2026-09-29,81500,2026-10-08,call,regular,26,0.4503,9,1.0
2026-09-29,82000,2026-10-08,call,regular,282,0.4614,9,1.0
2026-09-29,82500,2026-10-08,call,regular,19,0.4725,9,1.0
2026-09-29,83000,2026-10-08,call,regular,74,0.4834,9,1.0
2026-09-29,83500,2026-10-08,call,regular,12,0.4943,9,1.0
2026-09-29,84000,2026-10-08,call,regular,25,0.5051,9,1.0
2026-09-29,84500,2026-10-08,call,regular,2,0.5158,9,1.0
2026-09-29,85000,2026-10-08,call,regular,178,0.5264,9,1.0
2026-09-29,87500,2026-10-08,call,regular,75,0.5783,9,1.0
2026-09-29,90000,2026-10-08,call,regular,226,0.6284,9,1.0
2026-09-29,92500,2026-10-08,call,regular,15,0.6767,9,1.0
2026-09-29,95000,2026-10-08,call,regular,59,0.7234,9,1.0
2026-09-29,97500,2026-10-08,call,regular,14,0.7686,9,1.0
2026-09-29,100000,2026-10-08,call,regular,297,0.8124,9,1.0
2026-09-29,44500,2026-11-12,call,regular,2,0.7506,44,21010.0
2026-09-29,50250,2026-11-12,call,regular,35,0.5748,44,15335.0
2026-09-29,56000,2026-11-12,call,regular,34,0.4251,44,9780.0
2026-09-29,57500,2026-11-12,call,regular,100,0.3921,44,8385.0
2026-09-29,58000,2026-11-12,call,regular,8355000,0.3819,44,7930.0
2026-09-29,60000,2026-11-12,call,regular,100,0.3466,44,6185.0
2026-09-29,60500,2026-11-12,call,regular,100,0.3382,44,5765.0
2026-09-29,61000,2026-11-12,call,regular,200,0.3301,44,5355.0
2026-09-29,62500,2026-11-12,call,regular,177815000,0.3128,44,4230.0
2026-09-29,63250,2026-11-12,call,regular,15,0.3014,44,3680.0
2026-09-29,63500,2026-11-12,call,regular,17,0.2996,44,3520.0
2026-09-29,64000,2026-11-12,call,regular,131,0.2932,44,3185.0
2026-09-29,64375,2026-11-12,call,regular,2,0.2904,44,2960.0
2026-09-29,64500,2026-11-12,call,regular,201,0.2904,44,2895.0
2026-09-29,64625,2026-11-12,call,regular,1,0.288,44,2810.0
2026-09-29,65000,2026-11-12,call,regular,426,0.2858,44,2605.0
2026-09-29,65375,2026-11-12,call,regular,11,0.2828,44,2400.0
2026-09-29,65500,2026-11-12,call,regular,167,0.2819,44,2335.0
2026-09-29,65750,2026-11-12,call,regular,1,0.2804,44,2210.0
2026-09-29,65875,2026-11-12,call,regular,100,0.2786,44,2140.0
2026-09-29,66000,2026-11-12,call,regular,764,0.2812,44,2110.0
2026-09-29,66125,2026-11-12,call,regular,4,0.2787,44,2035.0
2026-09-29,66500,2026-11-12,call,regular,1,0.276,44,1860.0
2026-09-29,66750,2026-11-12,call,regular,6,0.2755,44,1760.0
2026-09-29,67000,2026-11-12,call,regular,1436,0.2775,44,1685.0
2026-09-29,67500,2026-11-12,call,regular,950,0.2721,44,1465.0
2026-09-29,67750,2026-11-12,call,regular,35,0.2704,44,1370.0
2026-09-29,67875,2026-11-12,call,regular,2,0.2697,44,1325.0
2026-09-29,68000,2026-11-12,call,regular,610,0.2707,44,1295.0
2026-09-29,68375,2026-11-12,call,regular,16,0.2675,44,1160.0
2026-09-29,68500,2026-11-12,call,regular,15,0.2675,44,1125.0
2026-09-29,68625,2026-11-12,call,regular,1140000,0.2667,44,1085.0
2026-09-29,68750,2026-11-12,call,regular,10,0.2658,44,1045.0
2026-09-29,69000,2026-11-12,call,regular,3572,0.2676,44,995.0
2026-09-29,69250,2026-11-12,call,regular,1,0.2643,44,910.0
2026-09-29,69500,2026-11-12,call,regular,16,0.266,44,865.0
2026-09-29,69750,2026-11-12,call,regular,1,0.2644,44,800.0
2026-09-29,69875,2026-11-12,call,regular,16,0.2646,44,775.0
2026-09-29,70000,2026-11-12,call,regular,1065,0.2654,44,755.0
2026-09-29,70250,2026-11-12,call,regular,4,0.2629,44,690.0
2026-09-29,70375,2026-11-12,call,regular,102,0.2642,44,675.0
2026-09-29,70500,2026-11-12,call,regular,30,0.263,44,645.0
2026-09-29,70750,2026-11-12,call,regular,4,0.2627,44,600.0
2026-09-29,71000,2026-11-12,call,regular,627,0.2637,44,565.0
2026-09-29,71125,2026-11-12,call,regular,2,0.2619,44,535.0
2026-09-29,71250,2026-11-12,call,regular,5,0.2634,44,525.0
2026-09-29,71500,2026-11-12,call,regular,357,0.2627,44,485.0
2026-09-29,71625,2026-11-12,call,regular,8,0.2622,44,465.0
2026-09-29,71750,2026-11-12,call,regular,3675000,0.2625,44,450.0
2026-09-29,72000,2026-11-12,call,regular,1171,0.2629,44,420.0
2026-09-29,72125,2026-11-12,call,regular,11,0.2619,44,400.0
2026-09-29,72250,2026-11-12,call,regular,8,0.2629,44,390.0
2026-09-29,72500,2026-11-12,call,regular,609,0.2625,44,360.0
2026-09-29,72750,2026-11-12,call,regular,960000,0.2617,44,330.0
2026-09-29,73000,2026-11-12,call,regular,145,0.2616,44,305.0
2026-09-29,73250,2026-11-12,call,regular,1,0.2628,44,287.0
2026-09-29,73500,2026-11-12,call,regular,13,0.2616,44,261.0
2026-09-29,73750,2026-11-12,call,regular,2,0.2603,44,236.0
2026-09-29,74000,2026-11-12,call,regular,145,0.2624,44,225.0
2026-09-29,74250,2026-11-12,call,regular,1,0.2601,44,200.0
2026-09-29,74500,2026-11-12,call,regular,118,0.2607,44,186.0
2026-09-29,75000,2026-11-12,call,regular,410,0.2627,44,163.0
2026-09-29,75250,2026-11-12,call,regular,1,0.2612,44,146.0
2026-09-29,75500,2026-11-12,call,regular,81,0.2624,44,137.0
2026-09-29,75750,2026-11-12,call,regular,1,0.2612,44,123.0
2026-09-29,76000,2026-11-12,call,regular,95,0.2599,44,110.0
2026-09-29,76250,2026-11-12,call,regular,1,0.2606,44,102.0
2026-09-29,76500,2026-11-12,call,regular,282,0.2639,44,100.0
2026-09-29,77000,2026-11-12,call,regular,133,0.2611,44,79.0
2026-09-29,77500,2026-11-12,call,regular,2,0.2579,44,61.0
2026-09-29,78000,2026-11-12,call,regular,143,0.2613,44,55.0
2026-09-29,78500,2026-11-12,call,regular,1,0.259,44,43.0
2026-09-29,79000,2026-11-12,call,regular,47,0.2626,44,39.0
2026-09-29,79500,2026-11-12,call,regular,14,0.2635,44,33.0
2026-09-29,80000,2026-11-12,call,regular,195,0.267,44,30.0
2026-09-29,82500,2026-11-12,call,regular,130,0.2714,44,13.0
2026-09-29,85000,2026-11-12,call,regular,138,0.2778,44,6.0
2026-09-29,87500,2026-11-12,call,regular,176,0.2858,44,3.0
2026-09-29,90000,2026-11-12,call,regular,251,0.2998,44,2.0
2026-09-29,92500,2026-11-12,call,regular,1,0.306,44,1.0
2026-09-29,95000,2026-11-12,call,regular,28,0.3271,44,1.0
2026-09-29,100000,2026-11-12,call,regular,93,0.3674,44,1.0
2026-09-29,12500,2026-12-10,call,regular,84,2.0834,72,52920.0
2026-09-29,20000,2026-12-10,call,regular,150,1.5249,72,45445.0
2026-09-29,22000,2026-12-10,call,regular,100,1.413,72,43450.0
2026-09-29,25000,2026-12-10,call,regular,300,1.2652,72,40460.0
2026-09-29,26000,2026-12-10,call,regular,350,1.218,72,39460.0
2026-09-29,27000,2026-12-10,call,regular,250,1.1755,72,38465.0
2026-09-29,28000,2026-12-10,call,regular,75,1.1345,72,37470.0
2026-09-29,28500,2026-12-10,call,regular,125,1.1131,72,36970.0
2026-09-29,29000,2026-12-10,call,regular,150,1.0948,72,36475.0
2026-09-29,30000,2026-12-10,call,regular,2553,1.0539,72,35475.0
2026-09-29,30500,2026-12-10,call,regular,50,1.0365,72,34980.0
2026-09-29,31000,2026-12-10,call,regular,241,1.0169,72,34480.0
2026-09-29,31500,2026-12-10,call,regular,50,1.0,72,33985.0
2026-09-29,32000,2026-12-10,call,regular,700,0.9809,72,33485.0
2026-09-29,32500,2026-12-10,call,regular,250,0.9644,72,32990.0
2026-09-29,33000,2026-12-10,call,regular,1950,0.9459,72,32490.0
2026-09-29,34000,2026-12-10,call,regular,280,0.9119,72,31495.0
2026-09-29,34500,2026-12-10,call,regular,400,0.8963,72,31000.0
2026-09-29,35000,2026-12-10,call,regular,435,0.8787,72,30500.0
2026-09-29,36000,2026-12-10,call,regular,975,0.8464,72,29505.0
2026-09-29,36500,2026-12-10,call,regular,252,0.8315,72,29010.0
2026-09-29,37000,2026-12-10,call,regular,450,0.8167,72,28515.0
2026-09-29,37500,2026-12-10,call,regular,88,0.8002,72,28015.0
2026-09-29,37750,2026-12-10,call,regular,100,0.7939,72,27770.0
2026-09-29,38000,2026-12-10,call,regular,1225,0.7858,72,27520.0
2026-09-29,38500,2026-12-10,call,regular,700,0.7714,72,27025.0
2026-09-29,38750,2026-12-10,call,regular,50,0.7634,72,26775.0
2026-09-29,39000,2026-12-10,call,regular,750,0.7554,72,26525.0
2026-09-29,39500,2026-12-10,call,regular,500,0.7414,72,26030.0
2026-09-29,40000,2026-12-10,call,regular,1200,0.7275,72,25535.0
2026-09-29,40500,2026-12-10,call,regular,400,0.7137,72,25040.0
2026-09-29,41000,2026-12-10,call,regular,1300,0.7,72,24545.0
2026-09-29,41500,2026-12-10,call,regular,100,0.6864,72,24050.0
2026-09-29,42000,2026-12-10,call,regular,1071,0.6728,72,23555.0
2026-09-29,42500,2026-12-10,call,regular,250,0.6594,72,23060.0
2026-09-29,43000,2026-12-10,call,regular,1400,0.6461,72,22565.0
2026-09-29,43250,2026-12-10,call,regular,4,0.6477,72,22345.0
2026-09-29,43750,2026-12-10,call,regular,131,0.6343,72,21850.0
2026-09-29,44000,2026-12-10,call,regular,600,0.6283,72,21605.0
2026-09-29,45000,2026-12-10,call,regular,1842,0.6019,72,20615.0
2026-09-29,45250,2026-12-10,call,regular,413,0.596,72,20370.0
2026-09-29,45500,2026-12-10,call,regular,200,0.5901,72,20125.0
2026-09-29,46000,2026-12-10,call,regular,2300,0.577,72,19630.0
2026-09-29,46250,2026-12-10,call,regular,315,0.5724,72,19390.0
2026-09-29,47000,2026-12-10,call,regular,350,0.5547,72,18655.0
2026-09-29,47500,2026-12-10,call,regular,200,0.5429,72,18165.0
2026-09-29,48000,2026-12-10,call,regular,750,0.5323,72,17680.0
2026-09-29,49000,2026-12-10,call,regular,1000,0.5098,72,16705.0
2026-09-29,49500,2026-12-10,call,regular,260,0.499,72,16220.0
2026-09-29,50000,2026-12-10,call,regular,5692,0.4892,72,15740.0
2026-09-29,50250,2026-12-10,call,regular,58,0.4832,72,15495.0
2026-09-29,50500,2026-12-10,call,regular,600,0.4793,72,15260.0
2026-09-29,50750,2026-12-10,call,regular,45,0.4743,72,15020.0
2026-09-29,51000,2026-12-10,call,regular,731,0.4692,72,14780.0
2026-09-29,52000,2026-12-10,call,regular,802,0.446,72,13805.0
2026-09-29,52250,2026-12-10,call,regular,250,0.4436,72,13580.0
2026-09-29,52500,2026-12-10,call,regular,50,0.4384,72,13340.0
2026-09-29,53000,2026-12-10,call,regular,1135,0.4287,72,12865.0
2026-09-29,53500,2026-12-10,call,regular,106,0.4197,72,12395.0
2026-09-29,54000,2026-12-10,call,regular,1941,0.412,72,11935.0
2026-09-29,54500,2026-12-10,call,regular,540,0.401,72,11455.0
2026-09-29,55000,2026-12-10,call,regular,1829,0.3935,72,11000.0
2026-09-29,55500,2026-12-10,call,regular,300,0.3865,72,10550.0
2026-09-29,56000,2026-12-10,call,regular,791,0.3755,72,10075.0
2026-09-29,56500,2026-12-10,call,regular,283,0.3698,72,9640.0
2026-09-29,57000,2026-12-10,call,regular,500,0.3616,72,9190.0
2026-09-29,57250,2026-12-10,call,regular,113,0.358,72,8970.0
2026-09-29,57500,2026-12-10,call,regular,80,0.3543,72,8750.0
2026-09-29,58000,2026-12-10,call,regular,2603,0.3489,72,8330.0
2026-09-29,58500,2026-12-10,call,regular,350,0.3406,72,7890.0
2026-09-29,59000,2026-12-10,call,regular,1900,0.3341,72,7470.0
2026-09-29,59500,2026-12-10,call,regular,100,0.3282,72,7060.0
2026-09-29,60000,2026-12-10,call,regular,7478,0.3221,72,6655.0
2026-09-29,60500,2026-12-10,call,regular,102,0.3164,72,6260.0
2026-09-29,61000,2026-12-10,call,regular,813,0.3125,72,5890.0
2026-09-29,61500,2026-12-10,call,regular,1,0.3068,72,5510.0
2026-09-29,62000,2026-12-10,call,regular,1850,0.3027,72,5155.0
2026-09-29,62500,2026-12-10,call,regular,812,0.2973,72,4795.0
2026-09-29,63000,2026-12-10,call,regular,1417,0.2928,72,4455.0
2026-09-29,63500,2026-12-10,call,regular,300,0.2888,72,4130.0
2026-09-29,63750,2026-12-10,call,regular,32,0.2872,72,3975.0
2026-09-29,64000,2026-12-10,call,regular,2242,0.2865,72,3835.0
2026-09-29,64500,2026-12-10,call,regular,296,0.2837,72,3545.0
2026-09-29,65000,2026-12-10,call,regular,3593,0.2806,72,3265.0
2026-09-29,65500,2026-12-10,call,regular,734,0.277,72,2990.0
2026-09-29,65750,2026-12-10,call,regular,15,0.2759,72,2865.0
2026-09-29,66000,2026-12-10,call,regular,1092,0.2745,72,2740.0
2026-09-29,66250,2026-12-10,call,regular,15,0.2737,72,2625.0
2026-09-29,66500,2026-12-10,call,regular,2984,0.2726,72,2510.0
2026-09-29,67000,2026-12-10,call,regular,1737,0.2705,72,2290.0
2026-09-29,67250,2026-12-10,call,regular,25,0.2686,72,2175.0
2026-09-29,67500,2026-12-10,call,regular,25,0.2682,72,2080.0
2026-09-29,68000,2026-12-10,call,regular,4264,0.2666,72,1890.0
2026-09-29,68500,2026-12-10,call,regular,437,0.2653,72,1715.0
2026-09-29,69000,2026-12-10,call,regular,1646,0.2644,72,1555.0
2026-09-29,69250,2026-12-10,call,regular,50,0.2625,72,1465.0
2026-09-29,69750,2026-12-10,call,regular,158,0.2618,72,1325.0
2026-09-29,70000,2026-12-10,call,regular,5509,0.2626,72,1270.0
2026-09-29,71000,2026-12-10,call,regular,1313,0.2602,72,1020.0
2026-09-29,71500,2026-12-10,call,regular,251,0.2584,72,905.0
2026-09-29,71750,2026-12-10,call,regular,24,0.2568,72,845.0
2026-09-29,72000,2026-12-10,call,regular,3760,0.2585,72,815.0
2026-09-29,72250,2026-12-10,call,regular,2,0.2569,72,760.0
2026-09-29,72500,2026-12-10,call,regular,2413,0.257,72,720.0
2026-09-29,73000,2026-12-10,call,regular,805,0.257,72,645.0
2026-09-29,73500,2026-12-10,call,regular,400,0.2539,72,555.0
2026-09-29,73750,2026-12-10,call,regular,1,0.2548,72,530.0
2026-09-29,74000,2026-12-10,call,regular,1751,0.2563,72,510.0
2026-09-29,74500,2026-12-10,call,regular,1,0.2565,72,455.0
2026-09-29,74750,2026-12-10,call,regular,1,0.2549,72,420.0
2026-09-29,75000,2026-12-10,call,regular,3725,0.2566,72,405.0
2026-09-29,75500,2026-12-10,call,regular,2,0.2548,72,350.0
2026-09-29,76000,2026-12-10,call,regular,460,0.2549,72,310.0
2026-09-29,76250,2026-12-10,call,regular,12,0.2544,72,289.0
2026-09-29,77000,2026-12-10,call,regular,410,0.2555,72,244.0
2026-09-29,77500,2026-12-10,call,regular,1055,0.2558,72,216.0
2026-09-29,78000,2026-12-10,call,regular,388,0.2556,72,189.0
2026-09-29,79000,2026-12-10,call,regular,209,0.2561,72,147.0
2026-09-29,80000,2026-12-10,call,regular,7261,0.256,72,112.0
2026-09-29,81000,2026-12-10,call,regular,5,0.2555,72,84.0
2026-09-29,82000,2026-12-10,call,regular,3,0.2577,72,67.0
2026-09-29,82500,2026-12-10,call,regular,1126,0.2582,72,59.0
2026-09-29,83000,2026-12-10,call,regular,121,0.2581,72,51.0
2026-09-29,84000,2026-12-10,call,regular,523,0.2615,72,42.0
2026-09-29,85000,2026-12-10,call,regular,1009,0.2651,72,35.0
2026-09-29,87500,2026-12-10,call,regular,2457,0.2702,72,20.0
2026-09-29,90000,2026-12-10,call,regular,1803,0.2713,72,10.0
2026-09-29,95000,2026-12-10,call,regular,1078,0.2854,72,4.0
2026-09-29,100000,2026-12-10,call,regular,509,0.3023,72,2.0
2026-09-29,54250,2027-01-07,call,regular,27,0.3792,100,11965.0
2026-09-29,58000,2027-01-07,call,regular,1,0.3366,100,8740.0
2026-09-29,61000,2027-01-07,call,regular,26,0.3076,100,6400.0
2026-09-29,63750,2027-01-07,call,regular,50,0.283,100,4500.0
2026-09-29,64000,2027-01-07,call,regular,100,0.2819,100,4355.0
2026-09-29,65000,2027-01-07,call,regular,14,0.2763,100,3785.0
2026-09-29,66000,2027-01-07,call,regular,160,0.2714,100,3265.0
2026-09-29,67000,2027-01-07,call,regular,100,0.2674,100,2800.0
2026-09-29,67500,2027-01-07,call,regular,5,0.2656,100,2585.0
2026-09-29,67750,2027-01-07,call,regular,3,0.2641,100,2475.0
2026-09-29,68000,2027-01-07,call,regular,1,0.2636,100,2380.0
2026-09-29,68500,2027-01-07,call,regular,5,0.2621,100,2190.0
2026-09-29,69000,2027-01-07,call,regular,944,0.2605,100,2010.0
2026-09-29,69500,2027-01-07,call,regular,2,0.2605,100,1860.0
2026-09-29,70000,2027-01-07,call,regular,2,0.2585,100,1695.0
2026-09-29,70250,2027-01-07,call,regular,1,0.2574,100,1615.0
2026-09-29,70500,2027-01-07,call,regular,2,0.2569,100,1545.0
2026-09-29,71000,2027-01-07,call,regular,1,0.2563,100,1415.0
2026-09-29,71250,2027-01-07,call,regular,4440000,0.2561,100,1355.0
2026-09-29,71500,2027-01-07,call,regular,50,0.2535,100,1270.0
2026-09-29,72000,2027-01-07,call,regular,20,0.2554,100,1185.0
2026-09-29,73000,2027-01-07,call,regular,1,0.2504,100,945.0
2026-09-29,74000,2027-01-07,call,regular,1,0.2493,100,775.0
2026-09-29,75000,2027-01-07,call,regular,1,0.2506,100,650.0
2026-09-29,80000,2027-01-07,call,regular,1,0.2494,100,228.0
2026-09-29,90000,2027-01-07,call,regular,3,0.2681,100,38.0
2026-09-29,100000,2027-01-07,call,regular,6,0.2767,100,5.0
2026-09-29,56000,2027-02-10,call,regular,8,0.3427,134,10790.0
2026-09-29,56750,2027-02-10,call,regular,60,0.3355,134,10165.0
2026-09-29,64000,2027-02-10,call,regular,110,0.2802,134,4925.0
2026-09-29,66000,2027-02-10,call,regular,8,0.2712,134,3845.0
2026-09-29,66250,2027-02-10,call,regular,100,0.2707,134,3730.0
2026-09-29,67250,2027-02-10,call,regular,12,0.2653,134,3240.0
2026-09-29,69000,2027-02-10,call,regular,3,0.2598,134,2530.0
2026-09-29,70000,2027-02-10,call,regular,1,0.2577,134,2190.0
2026-09-29,71000,2027-02-10,call,regular,2,0.2557,134,1885.0
2026-09-29,72500,2027-02-10,call,regular,77,0.253,134,1490.0
2026-09-29,75000,2027-02-10,call,regular,100,0.2504,134,995.0
2026-09-29,52000,2027-03-11,call,regular,560,0.367,163,14465.0
2026-09-29,52750,2027-03-11,call,regular,8,0.3593,163,13800.0
2026-09-29,53000,2027-03-11,call,regular,275,0.3563,163,13575.0
2026-09-29,53500,2027-03-11,call,regular,202,0.3516,163,13140.0
2026-09-29,53750,2027-03-11,call,regular,44,0.3489,163,12920.0
2026-09-29,54000,2027-03-11,call,regular,267,0.3462,163,12700.0
2026-09-29,55000,2027-03-11,call,regular,550,0.3372,163,11850.0
2026-09-29,56000,2027-03-11,call,regular,50,0.3281,163,11010.0
2026-09-29,56500,2027-03-11,call,regular,1,0.3227,163,10585.0
2026-09-29,57000,2027-03-11,call,regular,365,0.3186,163,10180.0
2026-09-29,58000,2027-03-11,call,regular,150,0.3109,163,9390.0
2026-09-29,59500,2027-03-11,call,regular,200,0.3003,163,8255.0
2026-09-29,59750,2027-03-11,call,regular,2,0.2985,163,8070.0
2026-09-29,60000,2027-03-11,call,regular,12,0.297,163,7890.0
2026-09-29,60250,2027-03-11,call,regular,44,0.2953,163,7710.0
2026-09-29,61000,2027-03-11,call,regular,160,0.2907,163,7185.0
2026-09-29,61750,2027-03-11,call,regular,1,0.2864,163,6680.0
2026-09-29,62000,2027-03-11,call,regular,200,0.285,163,6515.0
2026-09-29,62500,2027-03-11,call,regular,508,0.2824,163,6195.0
2026-09-29,63000,2027-03-11,call,regular,1052,0.2809,163,5900.0
2026-09-29,64000,2027-03-11,call,regular,150,0.2762,163,5305.0
2026-09-29,64250,2027-03-11,call,regular,100,0.275,163,5160.0
2026-09-29,65000,2027-03-11,call,regular,1401,0.2717,163,4745.0
2026-09-29,66000,2027-03-11,call,regular,1422,0.2677,163,4225.0
2026-09-29,66250,2027-03-11,call,regular,15,0.2666,163,4100.0
2026-09-29,66500,2027-03-11,call,regular,22,0.2658,163,3980.0
2026-09-29,67000,2027-03-11,call,regular,501,0.264,163,3745.0
2026-09-29,68000,2027-03-11,call,regular,740,0.261,163,3310.0
2026-09-29,69000,2027-03-11,call,regular,350,0.2584,163,2915.0
2026-09-29,69250,2027-03-11,call,regular,10,0.2574,163,2815.0
2026-09-29,70000,2027-03-11,call,regular,933,0.256,163,2555.0
2026-09-29,70500,2027-03-11,call,regular,150,0.255,163,2390.0
2026-09-29,71000,2027-03-11,call,regular,103,0.2541,163,2235.0
2026-09-29,72000,2027-03-11,call,regular,665,0.2526,163,1950.0
2026-09-29,72500,2027-03-11,call,regular,135,0.2493,163,1780.0
2026-09-29,73000,2027-03-11,call,regular,400,0.2484,163,1655.0
2026-09-29,73500,2027-03-11,call,regular,1,0.2478,163,1540.0
2026-09-29,74000,2027-03-11,call,regular,3,0.2471,163,1430.0
2026-09-29,75000,2027-03-11,call,regular,1593,0.2463,163,1235.0
2026-09-29,76000,2027-03-11,call,regular,900,0.2477,163,1090.0
2026-09-29,77500,2027-03-11,call,regular,400,0.2469,163,870.0
2026-09-29,80000,2027-03-11,call,regular,491,0.2458,163,590.0
2026-09-29,82500,2027-03-11,call,regular,773,0.2451,163,395.0
2026-09-29,85000,2027-03-11,call,regular,225,0.2457,163,266.0
2026-09-29,90000,2027-03-11,call,regular,350,0.255,163,143.0
2026-09-29,95000,2027-03-11,call,regular,500,0.2589,163,69.0
2026-09-29,100000,2027-03-11,call,regular,85,0.2624,163,33.0
2026-09-29,57000,2027-04-08,call,regular,25,0.2927,191,10160.0
2026-09-29,57750,2027-04-08,call,regular,88,0.2884,191,9580.0
2026-09-29,65000,2027-04-08,call,regular,88,0.2576,191,4870.0
2026-09-29,67000,2027-04-08,call,regular,25,0.2521,191,3900.0
2026-09-29,60250,2027-05-13,call,regular,8,0.2749,226,8155.0
2026-09-29,61250,2027-05-13,call,regular,23,0.2706,226,7490.0
2026-09-29,71000,2027-05-13,call,regular,23,0.2452,226,2795.0
2026-09-29,72000,2027-05-13,call,regular,8,0.2439,226,2490.0
2026-09-29,16250,2027-06-10,call,regular,114,0.7838,254,48940.0
2026-09-29,30000,2027-06-10,call,regular,300,0.5366,254,35405.0
2026-09-29,33000,2027-06-10,call,regular,50,0.4973,254,32480.0
2026-09-29,36000,2027-06-10,call,regular,150,0.4609,254,29570.0
2026-09-29,37000,2027-06-10,call,regular,50,0.4496,254,28605.0
2026-09-29,37250,2027-06-10,call,regular,480,0.4469,254,28365.0
2026-09-29,38500,2027-06-10,call,regular,140,0.4335,254,27165.0
2026-09-29,39000,2027-06-10,call,regular,50,0.4288,254,26690.0
2026-09-29,44500,2027-06-10,call,regular,300,0.3766,254,21505.0
2026-09-29,50000,2027-06-10,call,regular,300,0.3337,254,16540.0
2026-09-29,50500,2027-06-10,call,regular,175,0.3303,254,16105.0
2026-09-29,53000,2027-06-10,call,regular,100,0.314,254,13980.0
2026-09-29,54000,2027-06-10,call,regular,1050,0.3078,254,13155.0
2026-09-29,55000,2027-06-10,call,regular,300,0.302,254,12350.0
2026-09-29,56000,2027-06-10,call,regular,175,0.2968,254,11570.0
2026-09-29,57000,2027-06-10,call,regular,50,0.2915,254,10805.0
2026-09-29,58500,2027-06-10,call,regular,58,0.2842,254,9705.0
2026-09-29,60000,2027-06-10,call,regular,750,0.2775,254,8660.0
2026-09-29,62500,2027-06-10,call,regular,150,0.2674,254,7055.0
2026-09-29,63000,2027-06-10,call,regular,100,0.2655,254,6755.0
2026-09-29,64000,2027-06-10,call,regular,470,0.2622,254,6185.0
2026-09-29,65000,2027-06-10,call,regular,552,0.2589,254,5640.0
2026-09-29,65500,2027-06-10,call,regular,62,0.2576,254,5385.0
2026-09-29,66000,2027-06-10,call,regular,506,0.2561,254,5135.0
2026-09-29,66500,2027-06-10,call,regular,125,0.2546,254,4890.0
2026-09-29,67000,2027-06-10,call,regular,730,0.2533,254,4655.0
2026-09-29,67500,2027-06-10,call,regular,400,0.2521,254,4430.0
2026-09-29,68000,2027-06-10,call,regular,582,0.251,254,4215.0
2026-09-29,68250,2027-06-10,call,regular,15,0.2502,254,4105.0
2026-09-29,68500,2027-06-10,call,regular,206,0.2498,254,4005.0
2026-09-29,69000,2027-06-10,call,regular,1,0.2486,254,3800.0
2026-09-29,69250,2027-06-10,call,regular,36,0.2482,254,3705.0
2026-09-29,69500,2027-06-10,call,regular,62,0.2475,254,3605.0
2026-09-29,70000,2027-06-10,call,regular,450,0.2465,254,3420.0
2026-09-29,71000,2027-06-10,call,regular,100,0.2449,254,3075.0
2026-09-29,72000,2027-06-10,call,regular,620,0.2433,254,2755.0
2026-09-29,73000,2027-06-10,call,regular,2,0.2419,254,2465.0
2026-09-29,74000,2027-06-10,call,regular,850,0.2407,254,2200.0
2026-09-29,75000,2027-06-10,call,regular,1248,0.2396,254,1960.0
2026-09-29,76000,2027-06-10,call,regular,150,0.239,254,1750.0
2026-09-29,77500,2027-06-10,call,regular,671,0.2381,254,1470.0
2026-09-29,80000,2027-06-10,call,regular,1215,0.2373,254,1095.0
2026-09-29,85000,2027-06-10,call,regular,2684,0.2385,254,615.0
2026-09-29,90000,2027-06-10,call,regular,400,0.2422,254,355.0
2026-09-29,95000,2027-06-10,call,regular,1,0.2449,254,201.0
2026-09-29,65750,2027-07-08,call,regular,20,0.2551,282,5520.0
2026-09-29,66750,2027-07-08,call,regular,32,0.2529,282,5045.0
2026-09-29,75000,2027-07-08,call,regular,32,0.2403,282,2210.0
2026-09-29,77000,2027-07-08,call,regular,20,0.2379,282,1765.0
2026-09-29,68000,2027-08-12,call,regular,22,0.2521,317,4880.0
2026-09-29,69000,2027-08-12,call,regular,53,0.2506,317,4475.0
2026-09-29,78000,2027-08-12,call,regular,75,0.2412,317,1905.0
2026-09-29,62500,2027-09-09,call,regular,34,0.2661,345,7950.0
2026-09-29,63250,2027-09-09,call,regular,32,0.2637,345,7515.0
2026-09-29,65000,2027-09-09,call,regular,101,0.2588,345,6565.0
2026-09-29,67000,2027-09-09,call,regular,80,0.2539,345,5585.0
2026-09-29,70000,2027-09-09,call,regular,250,0.2478,345,4320.0
2026-09-29,71250,2027-09-09,call,regular,31,0.2457,345,3865.0
2026-09-29,72250,2027-09-09,call,regular,34,0.244,345,3525.0
2026-09-29,77500,2027-09-09,call,regular,417,0.2384,345,2145.0
2026-09-29,80000,2027-09-09,call,regular,100,0.2366,345,1675.0
2026-09-29,28000,2027-12-09,call,regular,50,0.4254,436,37355.0
2026-09-29,30000,2027-12-09,call,regular,225,0.4145,436,35440.0
2026-09-29,31500,2027-12-09,call,regular,50,0.4056,436,34010.0
2026-09-29,32000,2027-12-09,call,regular,100,0.4026,436,33535.0
2026-09-29,33000,2027-12-09,call,regular,100,0.3961,436,32585.0
2026-09-29,34000,2027-12-09,call,regular,375,0.3899,436,31640.0
2026-09-29,35000,2027-12-09,call,regular,201,0.3831,436,30695.0
2026-09-29,36000,2027-12-09,call,regular,80,0.3773,436,29760.0
2026-09-29,36750,2027-12-09,call,regular,442,0.3727,436,29060.0
2026-09-29,37000,2027-12-09,call,regular,200,0.3708,436,28825.0
2026-09-29,38000,2027-12-09,call,regular,575,0.3652,436,27900.0
2026-09-29,39000,2027-12-09,call,regular,125,0.3589,436,26975.0
2026-09-29,39250,2027-12-09,call,regular,50,0.3574,436,26745.0
2026-09-29,39500,2027-12-09,call,regular,50,0.3559,436,26515.0
2026-09-29,40000,2027-12-09,call,regular,350,0.3528,436,26055.0
2026-09-29,40500,2027-12-09,call,regular,450,0.35,436,25600.0
2026-09-29,41000,2027-12-09,call,regular,375,0.3471,436,25145.0
2026-09-29,42000,2027-12-09,call,regular,200,0.3413,436,24240.0
2026-09-29,43000,2027-12-09,call,regular,400,0.336,436,23345.0
2026-09-29,43500,2027-12-09,call,regular,150,0.3333,436,22900.0
2026-09-29,45000,2027-12-09,call,regular,1950,0.3255,436,21580.0
2026-09-29,46000,2027-12-09,call,regular,500,0.3204,436,20710.0
2026-09-29,48000,2027-12-09,call,regular,225,0.3108,436,19005.0
2026-09-29,49000,2027-12-09,call,regular,700,0.3061,436,18170.0
2026-09-29,50000,2027-12-09,call,regular,1950,0.3018,436,17350.0
2026-09-29,51000,2027-12-09,call,regular,300,0.2976,436,16545.0
2026-09-29,52500,2027-12-09,call,regular,100,0.2916,436,15365.0
2026-09-29,54000,2027-12-09,call,regular,300,0.2858,436,14220.0
2026-09-29,54500,2027-12-09,call,regular,100,0.2841,436,13850.0
2026-09-29,55000,2027-12-09,call,regular,704,0.2824,436,13485.0
2026-09-29,57000,2027-12-09,call,regular,250,0.2758,436,12065.0
2026-09-29,58000,2027-12-09,call,regular,500,0.2726,436,11385.0
2026-09-29,60000,2027-12-09,call,regular,1225,0.267,436,10095.0
2026-09-29,61000,2027-12-09,call,regular,200,0.2642,436,9480.0
2026-09-29,62000,2027-12-09,call,regular,200,0.2619,436,8895.0
2026-09-29,62500,2027-12-09,call,regular,70,0.2607,436,8610.0
2026-09-29,63000,2027-12-09,call,regular,300,0.2595,436,8330.0
2026-09-29,63500,2027-12-09,call,regular,50,0.2583,436,8055.0
2026-09-29,64000,2027-12-09,call,regular,780,0.2573,436,7790.0
2026-09-29,65000,2027-12-09,call,regular,600,0.2552,436,7275.0
2026-09-29,66000,2027-12-09,call,regular,545,0.2531,436,6780.0
2026-09-29,67000,2027-12-09,call,regular,100,0.2514,436,6315.0
2026-09-29,68000,2027-12-09,call,regular,200,0.2496,436,5870.0
2026-09-29,69000,2027-12-09,call,regular,850,0.2481,436,5455.0
2026-09-29,70000,2027-12-09,call,regular,900,0.2466,436,5060.0
2026-09-29,70500,2027-12-09,call,regular,62,0.2459,436,4870.0
2026-09-29,72000,2027-12-09,call,regular,500,0.2439,436,4335.0
2026-09-29,72500,2027-12-09,call,regular,100,0.2433,436,4170.0
2026-09-29,73500,2027-12-09,call,regular,100,0.2421,436,3850.0
2026-09-29,75000,2027-12-09,call,regular,552,0.2405,436,3410.0
2026-09-29,77500,2027-12-09,call,regular,600,0.2383,436,2775.0
2026-09-29,80000,2027-12-09,call,regular,1150,0.2366,436,2250.0
2026-09-29,85000,2027-12-09,call,regular,100,0.2342,436,1460.0
2026-09-29,87500,2027-12-09,call,regular,100,0.2334,436,1170.0
2026-09-29,95000,2027-12-09,call,regular,1700,0.2324,436,600.0
2026-09-29,100000,2027-12-09,call,regular,800,0.2326,436,385.0
2026-09-29,41500,2028-06-08,call,regular,100,0.321,618,25150.0
2026-09-29,28000,2028-12-07,call,regular,50,0.3666,800,37695.0
2026-09-29,30000,2028-12-07,call,regular,80,0.3597,800,35860.0
2026-09-29,31000,2028-12-07,call,regular,200,0.3556,800,34945.0
2026-09-29,32000,2028-12-07,call,regular,75,0.3513,800,34035.0
2026-09-29,33000,2028-12-07,call,regular,125,0.3475,800,33135.0
2026-09-29,34500,2028-12-07,call,regular,330,0.3409,800,31785.0
2026-09-29,34750,2028-12-07,call,regular,100,0.34,800,31565.0
2026-09-29,35500,2028-12-07,call,regular,443,0.3367,800,30895.0
2026-09-29,36000,2028-12-07,call,regular,450,0.3348,800,30455.0
2026-09-29,36500,2028-12-07,call,regular,52,0.3328,800,30015.0
2026-09-29,38000,2028-12-07,call,regular,120,0.3264,800,28700.0
2026-09-29,39000,2028-12-07,call,regular,575,0.3224,800,27835.0
2026-09-29,40000,2028-12-07,call,regular,30,0.3183,800,26975.0
2026-09-29,41000,2028-12-07,call,regular,375,0.3144,800,26125.0
2026-09-29,42000,2028-12-07,call,regular,65,0.3107,800,25285.0
2026-09-29,42500,2028-12-07,call,regular,100,0.3089,800,24870.0
2026-09-29,50000,2028-12-07,call,regular,400,0.2848,800,18980.0
2026-09-29,53000,2028-12-07,call,regular,50,0.2771,800,16845.0
2026-09-29,55000,2028-12-07,call,regular,50,0.2727,800,15505.0
2026-09-29,56000,2028-12-07,call,regular,650,0.2704,800,14855.0
2026-09-29,60000,2028-12-07,call,regular,250,0.263,800,12450.0
2026-09-29,65000,2028-12-07,call,regular,250,0.2558,800,9855.0
2026-09-29,66500,2028-12-07,call,regular,130,0.2541,800,9165.0
2026-09-29,67500,2028-12-07,call,regular,100,0.2529,800,8725.0
2026-09-29,70000,2028-12-07,call,regular,125,0.2505,800,7705.0
2026-09-29,75000,2028-12-07,call,regular,80,0.2467,800,5970.0
2026-09-29,80000,2028-12-07,call,regular,200,0.244,800,4595.0
2026-09-29,50000,2029-12-13,call,regular,100,0.284,1171,20645.0
2026-09-29,60000,2029-12-13,call,regular,375,0.2669,1171,14595.0
2026-09-29,65000,2029-12-13,call,regular,50,0.2602,1171,12095.0
2026-09-29,57000,2030-12-12,call,regular,300,0.2782,1535,18200.0
2026-09-29,64000,2030-12-12,call,regular,3,0.2675,1535,14590.0
2026-09-29,60500,2026-09-30,put,mini,1,0.4854,1,1.0
2026-09-29,64000,2026-09-30,put,mini,94,0.3198,1,94.0
2026-09-29,64750,2026-09-30,put,mini,4,0.2673,1,230.0
2026-09-29,60500,2026-10-02,put,mini,2854,0.3771,3,13.0
2026-09-29,60625,2026-10-02,put,mini,1,0.3896,3,19.0
2026-09-29,60750,2026-10-02,put,mini,9,0.3919,3,23.0
2026-09-29,60875,2026-10-02,put,mini,1,0.382,3,23.0
2026-09-29,61000,2026-10-02,put,mini,310,0.3543,3,17.0
2026-09-29,61125,2026-10-02,put,mini,1,0.3673,3,25.0
2026-09-29,61250,2026-10-02,put,mini,16,0.3382,3,18.0
2026-09-29,61375,2026-10-02,put,mini,18,0.3608,3,31.0
2026-09-29,61500,2026-10-02,put,mini,380,0.3417,3,27.0
2026-09-29,61625,2026-10-02,put,mini,10,0.346,3,34.0
2026-09-29,61750,2026-10-02,put,mini,43,0.3446,3,39.0
2026-09-29,61875,2026-10-02,put,mini,7,0.3338,3,39.0
2026-09-29,62000,2026-10-02,put,mini,415,0.3279,3,42.0
2026-09-29,62125,2026-10-02,put,mini,8,0.3303,3,51.0
2026-09-29,62250,2026-10-02,put,mini,27,0.3231,3,54.0
2026-09-29,62375,2026-10-02,put,mini,9,0.3193,3,60.0
2026-09-29,62500,2026-10-02,put,mini,309,0.3075,3,60.0
2026-09-29,62625,2026-10-02,put,mini,1,0.3038,3,67.0
2026-09-29,62750,2026-10-02,put,mini,90,0.3064,3,81.0
2026-09-29,62875,2026-10-02,put,mini,5,0.3016,3,89.0
2026-09-29,63000,2026-10-02,put,mini,4508,0.2924,3,93.0
2026-09-29,63250,2026-10-02,put,mini,68,0.2864,3,118.0
2026-09-29,63375,2026-10-02,put,mini,11,0.2858,3,136.0
2026-09-29,63500,2026-10-02,put,mini,379,0.2749,3,141.0
2026-09-29,63625,2026-10-02,put,mini,7,0.2702,3,156.0
2026-09-29,63750,2026-10-02,put,mini,489,0.2764,3,191.0
2026-09-29,63875,2026-10-02,put,mini,4,0.2691,3,206.0
2026-09-29,64000,2026-10-02,put,mini,935,0.2608,3,221.0
2026-09-29,64125,2026-10-02,put,mini,4,0.2635,3,259.0
2026-09-29,64250,2026-10-02,put,mini,124,0.2584,3,285.0
2026-09-29,64375,2026-10-02,put,mini,1,0.2515,3,310.0
2026-09-29,64500,2026-10-02,put,mini,343,0.2411,3,330.0
2026-09-29,64625,2026-10-02,put,mini,3,0.2406,3,375.0
2026-09-29,64750,2026-10-02,put,mini,296,0.2296,3,400.0
2026-09-29,64875,2026-10-02,put,mini,17,0.2386,3,475.0
2026-09-29,65000,2026-10-02,put,mini,363,0.2242,3,500.0
2026-09-29,65125,2026-10-02,put,mini,9,0.2249,3,565.0
2026-09-29,65250,2026-10-02,put,mini,60,0.2215,3,625.0
2026-09-29,65375,2026-10-02,put,mini,3,0.2138,3,680.0
2026-09-29,65500,2026-10-02,put,mini,169,0.1875,3,700.0
2026-09-29,65625,2026-10-02,put,mini,810,0.1996,3,810.0
2026-09-29,65750,2026-10-02,put,mini,72,0.1903,3,880.0
2026-09-29,65875,2026-10-02,put,mini,3,0.174,3,945.0
2026-09-29,66000,2026-10-02,put,mini,192,0.1603,3,1025.0
2026-09-29,66125,2026-10-02,put,mini,1115,0.1459,3,1115.0
2026-09-29,66250,2026-10-02,put,mini,95,0.2,3,1195.0
2026-09-29,66375,2026-10-02,put,mini,12,0.2,3,1275.0
2026-09-29,66500,2026-10-02,put,mini,91,0.2,3,1375.0
2026-09-29,66625,2026-10-02,put,mini,5,0.2,3,1470.0
2026-09-29,66750,2026-10-02,put,mini,10,0.2,3,1565.0
2026-09-29,67000,2026-10-02,put,mini,9,0.2,3,1770.0
2026-09-29,67500,2026-10-02,put,mini,1,0.2,3,2200.0
2026-09-29,68000,2026-10-02,put,mini,5,0.2,3,2660.0
2026-09-29,62250,2026-10-07,put,mini,4,0.2845,8,204.0
2026-09-29,62375,2026-10-07,put,mini,3,0.2802,8,214.0
2026-09-29,64750,2026-10-07,put,mini,4,0.2308,8,740.0
2026-09-29,58375,2026-10-09,put,mini,261,0.3574,10,48.0
2026-09-29,58500,2026-10-09,put,mini,538,0.3528,10,49.0
2026-09-29,58625,2026-10-09,put,mini,6,0.3507,10,52.0
2026-09-29,58750,2026-10-09,put,mini,102,0.3471,10,54.0
2026-09-29,58875,2026-10-09,put,mini,3,0.3435,10,56.0
2026-09-29,59000,2026-10-09,put,mini,470,0.3374,10,56.0
2026-09-29,59125,2026-10-09,put,mini,61,0.3369,10,61.0
2026-09-29,59250,2026-10-09,put,mini,25,0.3329,10,63.0
2026-09-29,59375,2026-10-09,put,mini,2,0.3307,10,67.0
2026-09-29,59500,2026-10-09,put,mini,173,0.3246,10,67.0
2026-09-29,59625,2026-10-09,put,mini,74,0.3249,10,74.0
2026-09-29,59750,2026-10-09,put,mini,57,0.3213,10,77.0
2026-09-29,59875,2026-10-09,put,mini,2,0.3183,10,81.0
2026-09-29,60000,2026-10-09,put,mini,1037,0.312,10,81.0
2026-09-29,60125,2026-10-09,put,mini,91,0.3135,10,91.0
2026-09-29,60250,2026-10-09,put,mini,9,0.31,10,95.0
2026-09-29,60375,2026-10-09,put,mini,1,0.307,10,100.0
2026-09-29,60500,2026-10-09,put,mini,195,0.3053,10,107.0
2026-09-29,60625,2026-10-09,put,mini,4,0.3019,10,112.0
2026-09-29,60750,2026-10-09,put,mini,65,0.2995,10,119.0
2026-09-29,60875,2026-10-09,put,mini,4,0.2963,10,125.0
2026-09-29,61000,2026-10-09,put,mini,395,0.29,10,126.0
2026-09-29,61125,2026-10-09,put,mini,9,0.291,10,140.0
2026-09-29,61250,2026-10-09,put,mini,279,0.2883,10,148.0
2026-09-29,61375,2026-10-09,put,mini,1,0.2857,10,157.0
2026-09-29,61500,2026-10-09,put,mini,149,0.2839,10,168.0
2026-09-29,61625,2026-10-09,put,mini,1,0.2813,10,178.0
2026-09-29,61750,2026-10-09,put,mini,27,0.2793,10,190.0
2026-09-29,61875,2026-10-09,put,mini,4,0.2765,10,201.0
2026-09-29,62000,2026-10-09,put,mini,381,0.2709,10,206.0
2026-09-29,62125,2026-10-09,put,mini,227,0.2717,10,227.0
2026-09-29,62250,2026-10-09,put,mini,13,0.27,10,243.0
2026-09-29,62375,2026-10-09,put,mini,4,0.2668,10,256.0
2026-09-29,62500,2026-10-09,put,mini,710,0.2655,10,275.0
2026-09-29,62625,2026-10-09,put,mini,291,0.2627,10,291.0
2026-09-29,62750,2026-10-09,put,mini,903,0.2622,10,315.0
2026-09-29,62875,2026-10-09,put,mini,2,0.2583,10,330.0
2026-09-29,63000,2026-10-09,put,mini,587,0.2558,10,350.0
2026-09-29,63125,2026-10-09,put,mini,365,0.2513,10,365.0
2026-09-29,63250,2026-10-09,put,mini,175,0.2524,10,400.0
2026-09-29,63375,2026-10-09,put,mini,3,0.2501,10,425.0
2026-09-29,63500,2026-10-09,put,mini,160,0.246,10,445.0
2026-09-29,63625,2026-10-09,put,mini,2,0.2456,10,480.0
2026-09-29,63750,2026-10-09,put,mini,92,0.2433,10,510.0
2026-09-29,63875,2026-10-09,put,mini,4,0.2406,10,540.0
2026-09-29,64000,2026-10-09,put,mini,798,0.2388,10,575.0
2026-09-29,64125,2026-10-09,put,mini,1,0.2364,10,610.0
2026-09-29,64250,2026-10-09,put,mini,425,0.2323,10,640.0
2026-09-29,64375,2026-10-09,put,mini,685,0.2314,10,685.0
2026-09-29,64500,2026-10-09,put,mini,221,0.2287,10,725.0
2026-09-29,64625,2026-10-09,put,mini,2,0.2267,10,770.0
2026-09-29,64750,2026-10-09,put,mini,117,0.223,10,810.0
2026-09-29,64875,2026-10-09,put,mini,2,0.221,10,860.0
2026-09-29,65000,2026-10-09,put,mini,338,0.2185,10,910.0
2026-09-29,65125,2026-10-09,put,mini,965,0.2165,10,965.0
2026-09-29,65250,2026-10-09,put,mini,17,0.2139,10,1020.0
2026-09-29,65375,2026-10-09,put,mini,1,0.2095,10,1070.0
2026-09-29,65500,2026-10-09,put,mini,68,0.2079,10,1135.0
2026-09-29,65625,2026-10-09,put,mini,1190,0.2032,10,1190.0
2026-09-29,65750,2026-10-09,put,mini,90,0.2014,10,1260.0
2026-09-29,65875,2026-10-09,put,mini,1,0.1951,10,1315.0
2026-09-29,66000,2026-10-09,put,mini,209,0.193,10,1390.0
2026-09-29,66125,2026-10-09,put,mini,1470,0.1913,10,1470.0
2026-09-29,66250,2026-10-09,put,mini,25,0.1848,10,1535.0
2026-09-29,66375,2026-10-09,put,mini,1,0.1827,10,1620.0
2026-09-29,66500,2026-10-09,put,mini,65,0.175,10,1690.0
2026-09-29,66625,2026-10-09,put,mini,1765,0.1673,10,1765.0
2026-09-29,66750,2026-10-09,put,mini,22,0.1629,10,1855.0
2026-09-29,66875,2026-10-09,put,mini,1940,0.1549,10,1940.0
2026-09-29,67000,2026-10-09,put,mini,108,0.1413,10,2020.0
2026-09-29,67125,2026-10-09,put,mini,1,0.1304,10,2115.0
2026-09-29,67250,2026-10-09,put,mini,132,0.1041,10,2205.0
2026-09-29,67375,2026-10-09,put,mini,2295,0.2,10,2295.0
2026-09-29,67500,2026-10-09,put,mini,43,0.2,10,2390.0
2026-09-29,67750,2026-10-09,put,mini,53,0.2,10,2585.0
2026-09-29,68000,2026-10-09,put,mini,84,0.2,10,2790.0
2026-09-29,68250,2026-10-09,put,mini,62,0.2,10,3000.0
2026-09-29,68500,2026-10-09,put,mini,29,0.2,10,3215.0
2026-09-29,68750,2026-10-09,put,mini,93,0.2,10,3435.0
2026-09-29,69000,2026-10-09,put,mini,124,0.2,10,3655.0
2026-09-29,69250,2026-10-09,put,mini,9,0.2,10,3885.0
2026-09-29,69500,2026-10-09,put,mini,2,0.2,10,4115.0
2026-09-29,69750,2026-10-09,put,mini,5,0.2,10,4350.0
2026-09-29,70000,2026-10-09,put,mini,10,0.2,10,4585.0
2026-09-29,70250,2026-10-09,put,mini,35,0.2,10,4825.0
2026-09-29,70500,2026-10-09,put,mini,1,0.2,10,5065.0
2026-09-29,71000,2026-10-09,put,mini,6,0.2,10,5550.0
2026-09-29,71250,2026-10-09,put,mini,5795,0.2,10,5795.0
2026-09-29,71375,2026-10-09,put,mini,5920,0.2,10,5920.0
2026-09-29,71500,2026-10-09,put,mini,6040,0.2,10,6040.0
2026-09-29,71750,2026-10-09,put,mini,907,0.2,10,6285.0
2026-09-29,72000,2026-10-09,put,mini,6535,0.2,10,6535.0
2026-09-29,72250,2026-10-09,put,mini,2,0.2,10,6780.0
2026-09-29,64750,2026-10-14,put,mini,2,0.2234,15,1025.0
2026-09-29,65250,2026-10-14,put,mini,2,0.2204,15,1260.0
2026-09-29,60500,2026-10-16,put,mini,13,0.2857,17,227.0
2026-09-29,61000,2026-10-16,put,mini,5,0.2828,17,288.0
2026-09-29,61250,2026-10-16,put,mini,1,0.2834,17,330.0
2026-09-29,61750,2026-10-16,put,mini,4,0.273,17,385.0
2026-09-29,62000,2026-10-16,put,mini,3,0.2623,17,395.0
2026-09-29,63000,2026-10-16,put,mini,6,0.2464,17,570.0
2026-09-29,63375,2026-10-16,put,mini,1,0.2469,17,685.0
2026-09-29,63750,2026-10-16,put,mini,4,0.2424,17,790.0
2026-09-29,64375,2026-10-16,put,mini,1,0.2201,17,915.0
2026-09-29,64750,2026-10-16,put,mini,2,0.2198,17,1080.0
2026-09-29,65000,2026-10-16,put,mini,4,0.2195,17,1200.0
2026-09-29,65250,2026-10-16,put,mini,2,0.2187,17,1325.0
2026-09-29,66250,2026-10-16,put,mini,4,0.2144,17,1900.0
2026-09-29,66750,2026-10-16,put,mini,4,0.2103,17,2225.0
2026-09-29,60500,2026-10-21,put,mini,6,0.2837,22,335.0
2026-09-29,65250,2026-10-21,put,mini,2,0.2214,22,1510.0
2026-09-29,65250,2026-10-23,put,mini,2,0.2225,24,1580.0
2026-09-29,66250,2026-10-23,put,mini,4,0.2187,24,2140.0
2026-09-29,66750,2026-10-23,put,mini,4,0.2169,24,2460.0
2026-09-29,60500,2026-11-13,put,mini,198,0.2697,45,755.0
2026-09-29,60625,2026-11-13,put,mini,113,0.272,45,800.0
2026-09-29,60750,2026-11-13,put,mini,9,0.2674,45,800.0
2026-09-29,60875,2026-11-13,put,mini,850,0.2701,45,850.0
2026-09-29,61000,2026-11-13,put,mini,81,0.2647,45,845.0
2026-09-29,61250,2026-11-13,put,mini,673,0.2638,45,905.0
2026-09-29,61375,2026-11-13,put,mini,1,0.266,45,955.0
2026-09-29,61500,2026-11-13,put,mini,19,0.2604,45,950.0
2026-09-29,61625,2026-11-13,put,mini,1,0.2623,45,1000.0
2026-09-29,61750,2026-11-13,put,mini,3,0.2594,45,1015.0
2026-09-29,61875,2026-11-13,put,mini,1055,0.2597,45,1055.0
2026-09-29,62000,2026-11-13,put,mini,40,0.2546,45,1055.0
2026-09-29,62250,2026-11-13,put,mini,6,0.2534,45,1125.0
2026-09-29,62375,2026-11-13,put,mini,5,0.2564,45,1190.0
2026-09-29,62500,2026-11-13,put,mini,32,0.2517,45,1195.0
2026-09-29,62750,2026-11-13,put,mini,160,0.2502,45,1270.0
2026-09-29,62875,2026-11-13,put,mini,1,0.2514,45,1325.0
2026-09-29,63000,2026-11-13,put,mini,343,0.2465,45,1330.0
2026-09-29,63125,2026-11-13,put,mini,1,0.2492,45,1400.0
2026-09-29,63250,2026-11-13,put,mini,297,0.2459,45,1420.0
2026-09-29,63375,2026-11-13,put,mini,1480,0.2472,45,1480.0
2026-09-29,63500,2026-11-13,put,mini,95,0.2414,45,1480.0
2026-09-29,63625,2026-11-13,put,mini,1,0.243,45,1545.0
2026-09-29,63750,2026-11-13,put,mini,132,0.2416,45,1585.0
2026-09-29,64000,2026-11-13,put,mini,667,0.2396,45,1675.0
2026-09-29,64250,2026-11-13,put,mini,650,0.2394,45,1785.0
2026-09-29,64375,2026-11-13,put,mini,1,0.2385,45,1835.0
2026-09-29,64500,2026-11-13,put,mini,194,0.2359,45,1870.0
2026-09-29,64750,2026-11-13,put,mini,196,0.2352,45,1985.0
2026-09-29,65000,2026-11-13,put,mini,255,0.2313,45,2075.0
2026-09-29,65250,2026-11-13,put,mini,51,0.2307,45,2200.0
2026-09-29,65375,2026-11-13,put,mini,1,0.2322,45,2280.0
2026-09-29,65500,2026-11-13,put,mini,44,0.2286,45,2315.0
2026-09-29,65750,2026-11-13,put,mini,22,0.2281,45,2450.0
2026-09-29,65875,2026-11-13,put,mini,3,0.2262,45,2505.0
2026-09-29,66000,2026-11-13,put,mini,11,0.2254,45,2570.0
2026-09-29,66250,2026-11-13,put,mini,26,0.2232,45,2700.0
2026-09-29,66375,2026-11-13,put,mini,2780,0.2236,45,2780.0
2026-09-29,66500,2026-11-13,put,mini,4,0.2222,45,2845.0
2026-09-29,66750,2026-11-13,put,mini,12,0.2201,45,2985.0
2026-09-29,66875,2026-11-13,put,mini,3045,0.2177,45,3045.0
2026-09-29,67000,2026-11-13,put,mini,2,0.218,45,3130.0
2026-09-29,67250,2026-11-13,put,mini,6,0.2152,45,3275.0
2026-09-29,67500,2026-11-13,put,mini,1,0.2106,45,3410.0
2026-09-29,67750,2026-11-13,put,mini,3,0.2084,45,3570.0
2026-09-29,68000,2026-11-13,put,mini,5,0.2106,45,3770.0
2026-09-29,68125,2026-11-13,put,mini,1,0.2103,45,3860.0
2026-09-29,70000,2026-11-13,put,mini,5220,0.1846,45,5220.0
2026-09-29,70250,2026-11-13,put,mini,200,0.1812,45,5425.0
2026-09-29,71000,2026-11-13,put,mini,2,0.1582,45,6030.0
2026-09-29,71500,2026-11-13,put,mini,1,0.127,45,6455.0
2026-09-29,72000,2026-11-13,put,mini,18,0.2,45,6885.0
2026-09-29,72250,2026-11-13,put,mini,2,0.2,45,7105.0
2026-09-29,60500,2026-12-11,put,mini,19,0.2624,73,1200.0
2026-09-29,60750,2026-12-11,put,mini,1,0.2615,73,1265.0
2026-09-29,61000,2026-12-11,put,mini,4,0.2604,73,1330.0
2026-09-29,61500,2026-12-11,put,mini,1,0.2537,73,1425.0
2026-09-29,61750,2026-12-11,put,mini,4,0.2548,73,1520.0
2026-09-29,62000,2026-12-11,put,mini,6,0.2536,73,1595.0
2026-09-29,62250,2026-12-11,put,mini,1,0.2511,73,1660.0
2026-09-29,62500,2026-12-11,put,mini,3,0.2494,73,1735.0
2026-09-29,63000,2026-12-11,put,mini,3,0.246,73,1895.0
2026-09-29,63500,2026-12-11,put,mini,1,0.2425,73,2065.0
2026-09-29,63875,2026-12-11,put,mini,1,0.2402,73,2205.0
2026-09-29,64000,2026-12-11,put,mini,7,0.24,73,2260.0
2026-09-29,64250,2026-12-11,put,mini,6,0.2381,73,2355.0
2026-09-29,64500,2026-12-11,put,mini,1,0.2363,73,2455.0
2026-09-29,65000,2026-12-11,put,mini,1,0.2345,73,2685.0
2026-09-29,65250,2026-12-11,put,mini,6,0.2314,73,2780.0
2026-09-29,65500,2026-12-11,put,mini,6,0.2288,73,2885.0
2026-09-29,65750,2026-12-11,put,mini,6,0.2298,73,3035.0
2026-09-29,66750,2026-12-11,put,mini,6,0.2233,73,3550.0
2026-09-29,67250,2026-12-11,put,mini,12,0.2218,73,3850.0
2026-09-29,64000,2026-09-30,call,mini,1485,0.6353,1,1485.0
2026-09-29,64750,2026-09-30,call,mini,4,0.5217,1,870.0
2026-09-29,67750,2026-09-30,call,mini,1,0.3957,1,13.0
2026-09-29,69000,2026-09-30,call,mini,1,0.399,1,1.0
2026-09-29,63500,2026-10-02,call,mini,2045,0.4716,3,2045.0
2026-09-29,63625,2026-10-02,call,mini,1,0.4604,3,1935.0
2026-09-29,63750,2026-10-02,call,mini,4,0.4511,3,1830.0
2026-09-29,64000,2026-10-02,call,mini,4,0.4355,3,1630.0
2026-09-29,64250,2026-10-02,call,mini,1425,0.4146,3,1425.0
2026-09-29,64375,2026-10-02,call,mini,1325,0.4042,3,1325.0
2026-09-29,64500,2026-10-02,call,mini,1,0.4018,3,1245.0
2026-09-29,64625,2026-10-02,call,mini,1140,0.3874,3,1140.0
2026-09-29,64750,2026-10-02,call,mini,5,0.3808,3,1055.0
2026-09-29,64875,2026-10-02,call,mini,990,0.3817,3,990.0
2026-09-29,65000,2026-10-02,call,mini,25,0.3771,3,915.0
2026-09-29,65125,2026-10-02,call,mini,835,0.3693,3,835.0
2026-09-29,65250,2026-10-02,call,mini,6,0.3644,3,765.0
2026-09-29,65500,2026-10-02,call,mini,73,0.3595,3,645.0
2026-09-29,65625,2026-10-02,call,mini,575,0.3507,3,575.0
2026-09-29,65750,2026-10-02,call,mini,6,0.3515,3,530.0
2026-09-29,65875,2026-10-02,call,mini,460,0.3397,3,460.0
2026-09-29,66000,2026-10-02,call,mini,203,0.354,3,450.0
2026-09-29,66125,2026-10-02,call,mini,1,0.339,3,380.0
2026-09-29,66250,2026-10-02,call,mini,91,0.3341,3,335.0
2026-09-29,66375,2026-10-02,call,mini,7,0.3274,3,290.0
2026-09-29,66500,2026-10-02,call,mini,167,0.338,3,280.0
2026-09-29,66625,2026-10-02,call,mini,232,0.3265,3,232.0
2026-09-29,66750,2026-10-02,call,mini,70,0.3256,3,206.0
2026-09-29,66875,2026-10-02,call,mini,1,0.3272,3,186.0
2026-09-29,67000,2026-10-02,call,mini,306,0.3324,3,173.0
2026-09-29,67125,2026-10-02,call,mini,1,0.3178,3,134.0
2026-09-29,67250,2026-10-02,call,mini,651,0.3178,3,118.0
2026-09-29,67375,2026-10-02,call,mini,13,0.3199,3,106.0
2026-09-29,67500,2026-10-02,call,mini,721,0.3256,3,99.0
2026-09-29,67625,2026-10-02,call,mini,1,0.3114,3,73.0
2026-09-29,67750,2026-10-02,call,mini,151,0.3191,3,70.0
2026-09-29,67875,2026-10-02,call,mini,2,0.3356,3,75.0
2026-09-29,68000,2026-10-02,call,mini,1095,0.3261,3,58.0
2026-09-29,68125,2026-10-02,call,mini,18,0.3154,3,43.0
2026-09-29,68250,2026-10-02,call,mini,153,0.3189,3,39.0
2026-09-29,68375,2026-10-02,call,mini,9,0.3143,3,31.0
2026-09-29,68500,2026-10-02,call,mini,434,0.3329,3,36.0
2026-09-29,68625,2026-10-02,call,mini,7,0.3202,3,25.0
2026-09-29,68750,2026-10-02,call,mini,358,0.3219,3,22.0
2026-09-29,68875,2026-10-02,call,mini,2,0.317,3,17.0
2026-09-29,69000,2026-10-02,call,mini,542,0.3284,3,18.0
2026-09-29,69125,2026-10-02,call,mini,3,0.3167,3,12.0
2026-09-29,69250,2026-10-02,call,mini,321,0.3206,3,11.0
2026-09-29,69375,2026-10-02,call,mini,441,0.3285,3,11.0
2026-09-29,64750,2026-10-07,call,mini,4,0.3211,8,1390.0
2026-09-29,58375,2026-10-09,call,mini,6,0.6225,10,7160.0
2026-09-29,58500,2026-10-09,call,mini,42,0.614,10,7035.0
2026-09-29,59000,2026-10-09,call,mini,6545,0.5841,10,6545.0
2026-09-29,59250,2026-10-09,call,mini,6300,0.5689,10,6300.0
2026-09-29,59500,2026-10-09,call,mini,5,0.5556,10,6060.0
2026-09-29,59750,2026-10-09,call,mini,3,0.5401,10,5815.0
2026-09-29,60000,2026-10-09,call,mini,15,0.5264,10,5575.0
2026-09-29,60250,2026-10-09,call,mini,1,0.5107,10,5330.0
2026-09-29,60500,2026-10-09,call,mini,37,0.4983,10,5095.0
2026-09-29,60750,2026-10-09,call,mini,4855,0.4839,10,4855.0
2026-09-29,61000,2026-10-09,call,mini,75,0.4709,10,4620.0
2026-09-29,61125,2026-10-09,call,mini,8,0.4634,10,4500.0
2026-09-29,61250,2026-10-09,call,mini,617,0.4576,10,4385.0
2026-09-29,61500,2026-10-09,call,mini,9,0.4454,10,4155.0
2026-09-29,61750,2026-10-09,call,mini,3925,0.4329,10,3925.0
2026-09-29,61875,2026-10-09,call,mini,3810,0.4264,10,3810.0
2026-09-29,62000,2026-10-09,call,mini,9,0.4213,10,3700.0
2026-09-29,62250,2026-10-09,call,mini,3,0.4107,10,3480.0
2026-09-29,62500,2026-10-09,call,mini,12,0.3994,10,3260.0
2026-09-29,62750,2026-10-09,call,mini,959,0.3888,10,3045.0
2026-09-29,62875,2026-10-09,call,mini,1,0.3839,10,2940.0
2026-09-29,63000,2026-10-09,call,mini,150,0.3801,10,2840.0
2026-09-29,63250,2026-10-09,call,mini,138,0.3704,10,2635.0
2026-09-29,63375,2026-10-09,call,mini,2,0.3659,10,2535.0
2026-09-29,63500,2026-10-09,call,mini,66,0.3611,10,2435.0
2026-09-29,63750,2026-10-09,call,mini,73,0.3533,10,2245.0
2026-09-29,63875,2026-10-09,call,mini,5,0.3489,10,2150.0
2026-09-29,64000,2026-10-09,call,mini,410,0.3454,10,2060.0
2026-09-29,64125,2026-10-09,call,mini,1,0.3417,10,1970.0
2026-09-29,64250,2026-10-09,call,mini,362,0.3375,10,1880.0
2026-09-29,64375,2026-10-09,call,mini,1795,0.3343,10,1795.0
2026-09-29,64500,2026-10-09,call,mini,118,0.3307,10,1710.0
2026-09-29,64625,2026-10-09,call,mini,1,0.3267,10,1625.0
2026-09-29,64750,2026-10-09,call,mini,109,0.3247,10,1550.0
2026-09-29,64875,2026-10-09,call,mini,1,0.3211,10,1470.0
2026-09-29,65000,2026-10-09,call,mini,231,0.3183,10,1395.0
2026-09-29,65125,2026-10-09,call,mini,2,0.3162,10,1325.0
2026-09-29,65250,2026-10-09,call,mini,16,0.3137,10,1255.0
2026-09-29,65375,2026-10-09,call,mini,1180,0.3096,10,1180.0
2026-09-29,65500,2026-10-09,call,mini,180,0.3086,10,1120.0
2026-09-29,65625,2026-10-09,call,mini,1,0.3047,10,1050.0
2026-09-29,65750,2026-10-09,call,mini,14,0.304,10,995.0
2026-09-29,65875,2026-10-09,call,mini,1,0.2992,10,925.0
2026-09-29,66000,2026-10-09,call,mini,413,0.2975,10,870.0
2026-09-29,66125,2026-10-09,call,mini,1,0.2989,10,830.0
2026-09-29,66250,2026-10-09,call,mini,11,0.2951,10,770.0
2026-09-29,66375,2026-10-09,call,mini,3,0.2957,10,730.0
2026-09-29,66500,2026-10-09,call,mini,92,0.2907,10,670.0
2026-09-29,66625,2026-10-09,call,mini,625,0.289,10,625.0
2026-09-29,66750,2026-10-09,call,mini,27,0.2895,10,590.0
2026-09-29,66875,2026-10-09,call,mini,550,0.2882,10,550.0
2026-09-29,67000,2026-10-09,call,mini,427,0.2878,10,515.0
2026-09-29,67125,2026-10-09,call,mini,5,0.2854,10,475.0
2026-09-29,67250,2026-10-09,call,mini,63,0.2839,10,440.0
2026-09-29,67375,2026-10-09,call,mini,3,0.2835,10,410.0
2026-09-29,67500,2026-10-09,call,mini,269,0.2809,10,375.0
2026-09-29,67625,2026-10-09,call,mini,1,0.2794,10,345.0
2026-09-29,67750,2026-10-09,call,mini,46,0.2806,10,325.0
2026-09-29,67875,2026-10-09,call,mini,8,0.279,10,298.0
2026-09-29,68000,2026-10-09,call,mini,760,0.2819,10,285.0
2026-09-29,68125,2026-10-09,call,mini,1,0.2778,10,254.0
2026-09-29,68250,2026-10-09,call,mini,105,0.2792,10,239.0
2026-09-29,68375,2026-10-09,call,mini,3,0.2782,10,219.0
2026-09-29,68500,2026-10-09,call,mini,371,0.2817,10,211.0
2026-09-29,68625,2026-10-09,call,mini,183,0.2762,10,183.0
2026-09-29,68750,2026-10-09,call,mini,93,0.2777,10,172.0
2026-09-29,68875,2026-10-09,call,mini,3,0.2749,10,153.0
2026-09-29,69000,2026-10-09,call,mini,594,0.2761,10,143.0
2026-09-29,69125,2026-10-09,call,mini,131,0.2758,10,131.0
2026-09-29,69250,2026-10-09,call,mini,54,0.279,10,126.0
2026-09-29,69375,2026-10-09,call,mini,108,0.2743,10,108.0
2026-09-29,69500,2026-10-09,call,mini,172,0.2769,10,103.0
2026-09-29,69625,2026-10-09,call,mini,92,0.2752,10,92.0
2026-09-29,69750,2026-10-09,call,mini,239,0.2759,10,85.0
2026-09-29,69875,2026-10-09,call,mini,76,0.2746,10,76.0
2026-09-29,70000,2026-10-09,call,mini,766,0.2775,10,73.0
2026-09-29,70125,2026-10-09,call,mini,4,0.2761,10,65.0
2026-09-29,70250,2026-10-09,call,mini,38,0.275,10,58.0
2026-09-29,70375,2026-10-09,call,mini,3,0.2701,10,48.0
2026-09-29,70500,2026-10-09,call,mini,153,0.2781,10,51.0
2026-09-29,70625,2026-10-09,call,mini,1,0.2743,10,43.0
2026-09-29,70750,2026-10-09,call,mini,25,0.278,10,42.0
2026-09-29,71000,2026-10-09,call,mini,390,0.2812,10,37.0
2026-09-29,71125,2026-10-09,call,mini,3,0.279,10,32.0
2026-09-29,71250,2026-10-09,call,mini,25,0.279,10,29.0
2026-09-29,71500,2026-10-09,call,mini,150,0.283,10,26.0
2026-09-29,71625,2026-10-09,call,mini,2,0.2857,10,25.0
2026-09-29,71750,2026-10-09,call,mini,948,0.2825,10,21.0
2026-09-29,71875,2026-10-09,call,mini,2,0.2826,10,19.0
2026-09-29,72000,2026-10-09,call,mini,477,0.2868,10,19.0
2026-09-29,72125,2026-10-09,call,mini,4,0.2864,10,17.0
2026-09-29,72250,2026-10-09,call,mini,224,0.2905,10,17.0
2026-09-29,64750,2026-10-14,call,mini,2,0.2927,15,1695.0
2026-09-29,65250,2026-10-14,call,mini,2,0.2893,15,1430.0
2026-09-29,63750,2026-10-16,call,mini,4,0.3164,17,2485.0
2026-09-29,64750,2026-10-16,call,mini,2,0.2866,17,1760.0
2026-09-29,65000,2026-10-16,call,mini,4,0.2851,17,1625.0
2026-09-29,65250,2026-10-16,call,mini,2,0.2851,17,1505.0
2026-09-29,66250,2026-10-16,call,mini,4,0.2842,17,1080.0
2026-09-29,66750,2026-10-16,call,mini,4,0.2841,17,905.0
2026-09-29,67000,2026-10-16,call,mini,775,0.274,17,775.0
2026-09-29,68000,2026-10-16,call,mini,1,0.2664,17,485.0
2026-09-29,68250,2026-10-16,call,mini,2,0.2715,17,455.0
2026-09-29,68875,2026-10-16,call,mini,325,0.2662,17,325.0
2026-09-29,69000,2026-10-16,call,mini,1,0.2716,17,325.0
2026-09-29,69250,2026-10-16,call,mini,6,0.2591,17,249.0
2026-09-29,69375,2026-10-16,call,mini,3,0.2628,17,245.0
2026-09-29,65250,2026-10-21,call,mini,2,0.2812,22,1700.0
2026-09-29,65250,2026-10-23,call,mini,2,0.2812,24,1780.0
2026-09-29,66250,2026-10-23,call,mini,4,0.2793,24,1340.0
2026-09-29,66750,2026-10-23,call,mini,4,0.2798,24,1160.0
2026-09-29,61000,2026-11-13,call,mini,5355,0.3264,45,5355.0
2026-09-29,61250,2026-11-13,call,mini,215,0.3234,45,5160.0
2026-09-29,61500,2026-11-13,call,mini,3,0.3194,45,4960.0
2026-09-29,62000,2026-11-13,call,mini,4,0.3138,45,4585.0
2026-09-29,62500,2026-11-13,call,mini,4230,0.3093,45,4230.0
2026-09-29,62750,2026-11-13,call,mini,32,0.3045,45,4035.0
2026-09-29,63000,2026-11-13,call,mini,310,0.3017,45,3860.0
2026-09-29,63250,2026-11-13,call,mini,278,0.298,45,3680.0
2026-09-29,63500,2026-11-13,call,mini,71,0.2963,45,3520.0
2026-09-29,63750,2026-11-13,call,mini,144,0.293,45,3350.0
2026-09-29,64000,2026-11-13,call,mini,663,0.2899,45,3185.0
2026-09-29,64250,2026-11-13,call,mini,708,0.2882,45,3035.0
2026-09-29,64500,2026-11-13,call,mini,187,0.2871,45,2895.0
2026-09-29,64750,2026-11-13,call,mini,227,0.2834,45,2735.0
2026-09-29,64875,2026-11-13,call,mini,2670,0.2831,45,2670.0
2026-09-29,65000,2026-11-13,call,mini,200,0.2826,45,2605.0
2026-09-29,65125,2026-11-13,call,mini,2525,0.2805,45,2525.0
2026-09-29,65250,2026-11-13,call,mini,36,0.282,45,2480.0
2026-09-29,65500,2026-11-13,call,mini,91,0.2787,45,2335.0
2026-09-29,65625,2026-11-13,call,mini,2275,0.2783,45,2275.0
2026-09-29,65750,2026-11-13,call,mini,17,0.2772,45,2210.0
2026-09-29,65875,2026-11-13,call,mini,2140,0.2755,45,2140.0
2026-09-29,66000,2026-11-13,call,mini,30,0.2781,45,2110.0
2026-09-29,66250,2026-11-13,call,mini,42,0.274,45,1970.0
2026-09-29,66500,2026-11-13,call,mini,8,0.2729,45,1860.0
2026-09-29,66625,2026-11-13,call,mini,1800,0.2716,45,1800.0
2026-09-29,66750,2026-11-13,call,mini,28,0.2724,45,1760.0
2026-09-29,67000,2026-11-13,call,mini,54,0.2744,45,1685.0
2026-09-29,67125,2026-11-13,call,mini,1605,0.2704,45,1605.0
2026-09-29,67250,2026-11-13,call,mini,74,0.2702,45,1560.0
2026-09-29,67500,2026-11-13,call,mini,127,0.269,45,1465.0
2026-09-29,67625,2026-11-13,call,mini,20,0.268,45,1415.0
2026-09-29,67750,2026-11-13,call,mini,34,0.2674,45,1370.0
2026-09-29,68000,2026-11-13,call,mini,88,0.2677,45,1295.0
2026-09-29,68250,2026-11-13,call,mini,77,0.2645,45,1195.0
2026-09-29,68500,2026-11-13,call,mini,51,0.2645,45,1125.0
2026-09-29,68625,2026-11-13,call,mini,1085,0.2637,45,1085.0
2026-09-29,68750,2026-11-13,call,mini,82,0.2628,45,1045.0
2026-09-29,69000,2026-11-13,call,mini,75,0.2646,45,995.0
2026-09-29,69250,2026-11-13,call,mini,8,0.2613,45,910.0
2026-09-29,69375,2026-11-13,call,mini,895,0.2632,45,895.0
2026-09-29,69500,2026-11-13,call,mini,8,0.263,45,865.0
2026-09-29,69750,2026-11-13,call,mini,5,0.2615,45,800.0
2026-09-29,70000,2026-11-13,call,mini,82,0.2624,45,755.0
2026-09-29,70125,2026-11-13,call,mini,725,0.2616,45,725.0
2026-09-29,70250,2026-11-13,call,mini,219,0.26,45,690.0
2026-09-29,70500,2026-11-13,call,mini,3,0.2601,45,645.0
2026-09-29,70750,2026-11-13,call,mini,2,0.2598,45,600.0
2026-09-29,71000,2026-11-13,call,mini,31,0.2607,45,565.0
2026-09-29,71250,2026-11-13,call,mini,1,0.2605,45,525.0
2026-09-29,71500,2026-11-13,call,mini,18,0.2598,45,485.0
2026-09-29,71625,2026-11-13,call,mini,465,0.2593,45,465.0
2026-09-29,71750,2026-11-13,call,mini,21,0.2596,45,450.0
2026-09-29,71875,2026-11-13,call,mini,1,0.2589,45,430.0
2026-09-29,72000,2026-11-13,call,mini,278,0.26,45,420.0
2026-09-29,72125,2026-11-13,call,mini,1,0.259,45,400.0
2026-09-29,72250,2026-11-13,call,mini,79,0.26,45,390.0
2026-09-29,60500,2026-12-11,call,mini,6260,0.3142,73,6260.0
2026-09-29,61000,2026-12-11,call,mini,5890,0.3103,73,5890.0
2026-09-29,63000,2026-12-11,call,mini,4455,0.2908,73,4455.0
2026-09-29,63500,2026-12-11,call,mini,1,0.2868,73,4130.0
2026-09-29,63750,2026-12-11,call,mini,6,0.2852,73,3975.0
2026-09-29,64000,2026-12-11,call,mini,3835,0.2846,73,3835.0
2026-09-29,64500,2026-12-11,call,mini,3545,0.2817,73,3545.0
2026-09-29,64750,2026-12-11,call,mini,6,0.2799,73,3400.0
2026-09-29,65000,2026-12-11,call,mini,6,0.2787,73,3265.0
2026-09-29,65125,2026-12-11,call,mini,1,0.2773,73,3190.0
2026-09-29,65250,2026-12-11,call,mini,6,0.2768,73,3125.0
2026-09-29,65500,2026-12-11,call,mini,1,0.2751,73,2990.0
2026-09-29,65750,2026-12-11,call,mini,4,0.274,73,2865.0
2026-09-29,66000,2026-12-11,call,mini,2740,0.2726,73,2740.0
2026-09-29,66250,2026-12-11,call,mini,19,0.2718,73,2625.0
2026-09-29,66500,2026-12-11,call,mini,1,0.2707,73,2510.0
2026-09-29,66750,2026-12-11,call,mini,12,0.2694,73,2395.0
2026-09-29,67000,2026-12-11,call,mini,2,0.2687,73,2290.0
2026-09-29,67125,2026-12-11,call,mini,2230,0.2675,73,2230.0
2026-09-29,67250,2026-12-11,call,mini,1,0.2668,73,2175.0
2026-09-29,67375,2026-12-11,call,mini,1,0.2664,73,2125.0
2026-09-29,67500,2026-12-11,call,mini,1,0.2664,73,2080.0
2026-09-29,67750,2026-12-11,call,mini,1975,0.2648,73,1975.0
2026-09-29,68000,2026-12-11,call,mini,19,0.2648,73,1890.0
2026-09-29,68250,2026-12-11,call,mini,3,0.2636,73,1795.0
2026-09-29,69000,2026-12-11,call,mini,1,0.2625,73,1555.0
