date,strike,expiry,type,product,oi,iv,days_to_expiry,settlement
2026-08-27,20000,2026-09-10,put,regular,1552,1.7897,14,1.0
2026-08-27,21000,2026-09-10,put,regular,343,1.7188,14,1.0
2026-08-27,22000,2026-09-10,put,regular,485,1.6513,14,1.0
2026-08-27,23000,2026-09-10,put,regular,296,1.5868,14,1.0
2026-08-27,24000,2026-09-10,put,regular,151,1.5251,14,1.0
2026-08-27,25000,2026-09-10,put,regular,3940,1.466,14,1.0
2026-08-27,26000,2026-09-10,put,regular,228,1.4091,14,1.0
2026-08-27,27000,2026-09-10,put,regular,203,1.3544,14,1.0
2026-08-27,27250,2026-09-10,put,regular,11,1.3411,14,1.0
2026-08-27,27500,2026-09-10,put,regular,21,1.3279,14,1.0
2026-08-27,27750,2026-09-10,put,regular,8,1.3147,14,1.0
2026-08-27,28000,2026-09-10,put,regular,87,1.3018,14,1.0
2026-08-27,28250,2026-09-10,put,regular,2,1.2889,14,1.0
2026-08-27,28500,2026-09-10,put,regular,10,1.2761,14,1.0
2026-08-27,28750,2026-09-10,put,regular,68,1.2635,14,1.0
2026-08-27,29000,2026-09-10,put,regular,91,1.2509,14,1.0
2026-08-27,29250,2026-09-10,put,regular,3,1.2385,14,1.0
2026-08-27,29500,2026-09-10,put,regular,30,1.2261,14,1.0
2026-08-27,29750,2026-09-10,put,regular,11,1.2139,14,1.0
2026-08-27,30000,2026-09-10,put,regular,6407,1.2018,14,1.0
2026-08-27,30500,2026-09-10,put,regular,86,1.1778,14,1.0
2026-08-27,30750,2026-09-10,put,regular,4,1.166,14,1.0
2026-08-27,31000,2026-09-10,put,regular,199,1.1542,14,1.0
2026-08-27,31500,2026-09-10,put,regular,22,1.131,14,1.0
2026-08-27,31750,2026-09-10,put,regular,13,1.1196,14,1.0
2026-08-27,32000,2026-09-10,put,regular,163,1.1082,14,1.0
2026-08-27,32250,2026-09-10,put,regular,5,1.0969,14,1.0
2026-08-27,32500,2026-09-10,put,regular,33,1.0857,14,1.0
2026-08-27,32750,2026-09-10,put,regular,9,1.0746,14,1.0
2026-08-27,33000,2026-09-10,put,regular,505,1.1203,14,2.0
2026-08-27,33250,2026-09-10,put,regular,1,1.0526,14,1.0
2026-08-27,33500,2026-09-10,put,regular,7,1.0974,14,2.0
2026-08-27,33750,2026-09-10,put,regular,5,1.0861,14,2.0
2026-08-27,34000,2026-09-10,put,regular,177,1.0749,14,2.0
2026-08-27,34250,2026-09-10,put,regular,4,1.0637,14,2.0
2026-08-27,34500,2026-09-10,put,regular,39,1.0526,14,2.0
2026-08-27,34750,2026-09-10,put,regular,69,1.0764,14,3.0
2026-08-27,35000,2026-09-10,put,regular,3837,1.0651,14,3.0
2026-08-27,35250,2026-09-10,put,regular,2,1.0539,14,3.0
2026-08-27,35500,2026-09-10,put,regular,16,1.0428,14,3.0
2026-08-27,35750,2026-09-10,put,regular,51,1.0318,14,3.0
2026-08-27,36000,2026-09-10,put,regular,128,1.0208,14,3.0
2026-08-27,36250,2026-09-10,put,regular,5,1.0099,14,3.0
2026-08-27,36500,2026-09-10,put,regular,58,0.9991,14,3.0
2026-08-27,36750,2026-09-10,put,regular,67,1.013,14,4.0
2026-08-27,37000,2026-09-10,put,regular,585,1.0021,14,4.0
2026-08-27,37500,2026-09-10,put,regular,10,0.9804,14,4.0
2026-08-27,37750,2026-09-10,put,regular,1,0.9697,14,4.0
2026-08-27,38000,2026-09-10,put,regular,975,0.9591,14,4.0
2026-08-27,38250,2026-09-10,put,regular,21,0.9485,14,4.0
2026-08-27,38500,2026-09-10,put,regular,244,0.938,14,4.0
2026-08-27,38750,2026-09-10,put,regular,23,0.9276,14,4.0
2026-08-27,39000,2026-09-10,put,regular,158,0.9172,14,4.0
2026-08-27,39250,2026-09-10,put,regular,165,0.9069,14,4.0
2026-08-27,39500,2026-09-10,put,regular,310,0.9148,14,5.0
2026-08-27,39750,2026-09-10,put,regular,10,0.9044,14,5.0
2026-08-27,40000,2026-09-10,put,regular,4788,0.8941,14,5.0
2026-08-27,40250,2026-09-10,put,regular,11,0.8838,14,5.0
2026-08-27,40500,2026-09-10,put,regular,178,0.8736,14,5.0
2026-08-27,40750,2026-09-10,put,regular,48,0.8782,14,6.0
2026-08-27,41000,2026-09-10,put,regular,955,0.868,14,6.0
2026-08-27,41250,2026-09-10,put,regular,1,0.8578,14,6.0
2026-08-27,41500,2026-09-10,put,regular,30,0.8477,14,6.0
2026-08-27,41750,2026-09-10,put,regular,4,0.8377,14,6.0
2026-08-27,42000,2026-09-10,put,regular,2076,0.8276,14,6.0
2026-08-27,42250,2026-09-10,put,regular,21,0.8177,14,6.0
2026-08-27,42500,2026-09-10,put,regular,29,0.8199,14,7.0
2026-08-27,42750,2026-09-10,put,regular,17,0.8099,14,7.0
2026-08-27,43000,2026-09-10,put,regular,1108,0.8,14,7.0
2026-08-27,43250,2026-09-10,put,regular,60,0.7901,14,7.0
2026-08-27,43500,2026-09-10,put,regular,883,0.7907,14,8.0
2026-08-27,43750,2026-09-10,put,regular,14,0.7808,14,8.0
2026-08-27,44000,2026-09-10,put,regular,1433,0.771,14,8.0
2026-08-27,44250,2026-09-10,put,regular,31,0.7612,14,8.0
2026-08-27,44500,2026-09-10,put,regular,129,0.7605,14,9.0
2026-08-27,44750,2026-09-10,put,regular,14,0.7507,14,9.0
2026-08-27,45000,2026-09-10,put,regular,2560,0.741,14,9.0
2026-08-27,45250,2026-09-10,put,regular,105,0.7393,14,10.0
2026-08-27,45500,2026-09-10,put,regular,160,0.737,14,11.0
2026-08-27,45750,2026-09-10,put,regular,60,0.7272,14,11.0
2026-08-27,46000,2026-09-10,put,regular,1860,0.7175,14,11.0
2026-08-27,46250,2026-09-10,put,regular,66,0.7078,14,11.0
2026-08-27,46500,2026-09-10,put,regular,393,0.7048,14,12.0
2026-08-27,46750,2026-09-10,put,regular,27,0.7013,14,13.0
2026-08-27,47000,2026-09-10,put,regular,1109,0.6916,14,13.0
2026-08-27,47250,2026-09-10,put,regular,124,0.6876,14,14.0
2026-08-27,47500,2026-09-10,put,regular,1019,0.6779,14,14.0
2026-08-27,47750,2026-09-10,put,regular,92,0.6735,14,15.0
2026-08-27,48000,2026-09-10,put,regular,2978,0.6639,14,15.0
2026-08-27,48250,2026-09-10,put,regular,124,0.6592,14,16.0
2026-08-27,48500,2026-09-10,put,regular,751,0.6541,14,17.0
2026-08-27,48750,2026-09-10,put,regular,151,0.6445,14,17.0
2026-08-27,49000,2026-09-10,put,regular,2030,0.6349,14,17.0
2026-08-27,49250,2026-09-10,put,regular,216,0.6296,14,18.0
2026-08-27,49500,2026-09-10,put,regular,206,0.62,14,18.0
2026-08-27,49750,2026-09-10,put,regular,151,0.6144,14,19.0
2026-08-27,50000,2026-09-10,put,regular,10011,0.6087,14,20.0
2026-08-27,50250,2026-09-10,put,regular,84,0.5991,14,20.0
2026-08-27,50500,2026-09-10,put,regular,1363,0.5931,14,21.0
2026-08-27,50750,2026-09-10,put,regular,174,0.587,14,22.0
2026-08-27,51000,2026-09-10,put,regular,1605,0.5838,14,24.0
2026-08-27,51250,2026-09-10,put,regular,218,0.5773,14,25.0
2026-08-27,51500,2026-09-10,put,regular,347,0.5676,14,25.0
2026-08-27,51750,2026-09-10,put,regular,54,0.5609,14,26.0
2026-08-27,52000,2026-09-10,put,regular,2163,0.5568,14,28.0
2026-08-27,52250,2026-09-10,put,regular,67,0.5547,14,31.0
2026-08-27,52500,2026-09-10,put,regular,633,0.545,14,31.0
2026-08-27,52750,2026-09-10,put,regular,40,0.5353,14,31.0
2026-08-27,53000,2026-09-10,put,regular,1771,0.528,14,32.0
2026-08-27,53250,2026-09-10,put,regular,46,0.5227,14,34.0
2026-08-27,53500,2026-09-10,put,regular,976,0.5152,14,35.0
2026-08-27,53750,2026-09-10,put,regular,83,0.5095,14,37.0
2026-08-27,54000,2026-09-10,put,regular,2636,0.5017,14,38.0
2026-08-27,54250,2026-09-10,put,regular,112,0.4957,14,40.0
2026-08-27,54500,2026-09-10,put,regular,638,0.4895,14,42.0
2026-08-27,54750,2026-09-10,put,regular,270,0.4831,14,44.0
2026-08-27,55000,2026-09-10,put,regular,5250,0.4781,14,47.0
2026-08-27,55250,2026-09-10,put,regular,19,0.4713,14,49.0
2026-08-27,55500,2026-09-10,put,regular,854,0.4672,14,53.0
2026-08-27,55750,2026-09-10,put,regular,22,0.46,14,55.0
2026-08-27,56000,2026-09-10,put,regular,1816,0.4552,14,59.0
2026-08-27,56250,2026-09-10,put,regular,31,0.4464,14,60.0
2026-08-27,56500,2026-09-10,put,regular,854,0.4411,14,64.0
2026-08-27,56750,2026-09-10,put,regular,192,0.4355,14,68.0
2026-08-27,57000,2026-09-10,put,regular,3044,0.4286,14,71.0
2026-08-27,57250,2026-09-10,put,regular,80,0.4275,14,80.0
2026-08-27,57500,2026-09-10,put,regular,576,0.418,14,81.0
2026-08-27,57750,2026-09-10,put,regular,102,0.4131,14,87.0
2026-08-27,58000,2026-09-10,put,regular,2401,0.4078,14,93.0
2026-08-27,58250,2026-09-10,put,regular,269,0.4021,14,99.0
2026-08-27,58375,2026-09-10,put,regular,4,0.4007,14,104.0
2026-08-27,58500,2026-09-10,put,regular,1704,0.3976,14,107.0
2026-08-27,58625,2026-09-10,put,regular,2,0.3952,14,111.0
2026-08-27,58750,2026-09-10,put,regular,93,0.3927,14,115.0
2026-08-27,58875,2026-09-10,put,regular,11,0.3907,14,120.0
2026-08-27,59000,2026-09-10,put,regular,3304,0.3859,14,121.0
2026-08-27,59125,2026-09-10,put,regular,18,0.3864,14,130.0
2026-08-27,59250,2026-09-10,put,regular,112,0.3827,14,133.0
2026-08-27,59375,2026-09-10,put,regular,15,0.3815,14,140.0
2026-08-27,59500,2026-09-10,put,regular,895,0.3777,14,143.0
2026-08-27,59625,2026-09-10,put,regular,1,0.3768,14,151.0
2026-08-27,59750,2026-09-10,put,regular,88,0.3739,14,156.0
2026-08-27,59875,2026-09-10,put,regular,19,0.3721,14,163.0
2026-08-27,60000,2026-09-10,put,regular,10379,0.3695,14,169.0
2026-08-27,60125,2026-09-10,put,regular,1,0.3679,14,177.0
2026-08-27,60250,2026-09-10,put,regular,97,0.365,14,183.0
2026-08-27,60375,2026-09-10,put,regular,17,0.3636,14,192.0
2026-08-27,60500,2026-09-10,put,regular,2094,0.3629,14,203.0
2026-08-27,60625,2026-09-10,put,regular,11,0.3591,14,208.0
2026-08-27,60750,2026-09-10,put,regular,169,0.3567,14,216.0
2026-08-27,60875,2026-09-10,put,regular,67,0.355,14,226.0
2026-08-27,61000,2026-09-10,put,regular,2572,0.3539,14,238.0
2026-08-27,61125,2026-09-10,put,regular,42,0.3502,14,244.0
2026-08-27,61250,2026-09-10,put,regular,65,0.3467,14,251.0
2026-08-27,61375,2026-09-10,put,regular,2,0.3471,14,268.0
2026-08-27,61500,2026-09-10,put,regular,1574,0.3453,14,280.0
2026-08-27,61625,2026-09-10,put,regular,16,0.3429,14,291.0
2026-08-27,61750,2026-09-10,put,regular,247,0.3414,14,305.0
2026-08-27,61875,2026-09-10,put,regular,61,0.34,14,320.0
2026-08-27,62000,2026-09-10,put,regular,3017,0.3385,14,335.0
2026-08-27,62125,2026-09-10,put,regular,13,0.3367,14,350.0
2026-08-27,62250,2026-09-10,put,regular,144,0.3347,14,365.0
2026-08-27,62375,2026-09-10,put,regular,264,0.3341,14,385.0
2026-08-27,62500,2026-09-10,put,regular,900,0.3332,14,405.0
2026-08-27,62625,2026-09-10,put,regular,88,0.3305,14,420.0
2026-08-27,62750,2026-09-10,put,regular,744,0.3292,14,440.0
2026-08-27,62875,2026-09-10,put,regular,38,0.3276,14,460.0
2026-08-27,63000,2026-09-10,put,regular,3246,0.3299,14,495.0
2026-08-27,63125,2026-09-10,put,regular,107,0.3251,14,505.0
2026-08-27,63250,2026-09-10,put,regular,47,0.3241,14,530.0
2026-08-27,63375,2026-09-10,put,regular,57,0.3216,14,550.0
2026-08-27,63500,2026-09-10,put,regular,723,0.3227,14,585.0
2026-08-27,63625,2026-09-10,put,regular,40,0.3197,14,605.0
2026-08-27,63750,2026-09-10,put,regular,51,0.319,14,635.0
2026-08-27,63875,2026-09-10,put,regular,29,0.3179,14,665.0
2026-08-27,64000,2026-09-10,put,regular,3338,0.3131,14,680.0
2026-08-27,64125,2026-09-10,put,regular,24,0.3151,14,725.0
2026-08-27,64250,2026-09-10,put,regular,21,0.3144,14,760.0
2026-08-27,64375,2026-09-10,put,regular,29,0.3112,14,785.0
2026-08-27,64500,2026-09-10,put,regular,641,0.3122,14,830.0
2026-08-27,64625,2026-09-10,put,regular,64,0.3096,14,860.0
2026-08-27,64750,2026-09-10,put,regular,539,0.31,14,905.0
2026-08-27,64875,2026-09-10,put,regular,12,0.3079,14,940.0
2026-08-27,65000,2026-09-10,put,regular,3898,0.3066,14,980.0
2026-08-27,65125,2026-09-10,put,regular,34,0.3153,14,1070.0
2026-08-27,65250,2026-09-10,put,regular,88,0.3042,14,1065.0
2026-08-27,65375,2026-09-10,put,regular,31,0.3041,14,1115.0
2026-08-27,65500,2026-09-10,put,regular,787,0.3037,14,1165.0
2026-08-27,65625,2026-09-10,put,regular,28,0.301,14,1205.0
2026-08-27,65750,2026-09-10,put,regular,699,0.301,14,1260.0
2026-08-27,65875,2026-09-10,put,regular,1,0.3006,14,1315.0
2026-08-27,66000,2026-09-10,put,regular,2152,0.3,14,1370.0
2026-08-27,66125,2026-09-10,put,regular,5,0.299,14,1425.0
2026-08-27,66250,2026-09-10,put,regular,13,0.2978,14,1480.0
2026-08-27,66375,2026-09-10,put,regular,2,0.2972,14,1540.0
2026-08-27,66500,2026-09-10,put,regular,2208,0.2962,14,1600.0
2026-08-27,66625,2026-09-10,put,regular,23,0.295,14,1660.0
2026-08-27,66750,2026-09-10,put,regular,152,0.2944,14,1725.0
2026-08-27,67000,2026-09-10,put,regular,2634,0.2914,14,1850.0
2026-08-27,67250,2026-09-10,put,regular,15,0.29,14,1990.0
2026-08-27,67500,2026-09-10,put,regular,578,0.2892,14,2140.0
2026-08-27,67625,2026-09-10,put,regular,1,0.2884,14,2215.0
2026-08-27,67750,2026-09-10,put,regular,281,0.2842,14,2275.0
2026-08-27,68000,2026-09-10,put,regular,2148,0.2849,14,2445.0
2026-08-27,68250,2026-09-10,put,regular,134,0.2865,14,2625.0
2026-08-27,68375,2026-09-10,put,regular,1,0.2837,14,2700.0
2026-08-27,68500,2026-09-10,put,regular,196,0.2826,14,2785.0
2026-08-27,68750,2026-09-10,put,regular,47,0.284,14,2975.0
2026-08-27,69000,2026-09-10,put,regular,1124,0.2819,14,3155.0
2026-08-27,69250,2026-09-10,put,regular,2,0.2808,14,3345.0
2026-08-27,69375,2026-09-10,put,regular,7320000,0.2784,14,3435.0
2026-08-27,69500,2026-09-10,put,regular,8,0.281,14,3545.0
2026-08-27,70000,2026-09-10,put,regular,1482,0.282,14,3960.0
2026-08-27,70500,2026-09-10,put,regular,2,0.2796,14,4380.0
2026-08-27,71000,2026-09-10,put,regular,100,0.2848,14,4835.0
2026-08-27,71250,2026-09-10,put,regular,1,0.2851,14,5060.0
2026-08-27,73000,2026-09-10,put,regular,3,0.2592,14,6665.0
2026-08-27,77500,2026-09-10,put,regular,4,0.2,14,11095.0
2026-08-27,78000,2026-09-10,put,regular,1,0.2,14,11590.0
2026-08-27,80000,2026-09-10,put,regular,1,0.2,14,13590.0
2026-08-27,85000,2026-09-10,put,regular,5,0.2,14,18585.0
2026-08-27,20000,2026-10-08,put,regular,245,1.0867,42,2.0
2026-08-27,22500,2026-10-08,put,regular,13,1.0389,42,4.0
2026-08-27,25000,2026-10-08,put,regular,1467,0.9749,42,6.0
2026-08-27,26000,2026-10-08,put,regular,25,0.9622,42,8.0
2026-08-27,27000,2026-10-08,put,regular,5,0.9253,42,8.0
2026-08-27,28000,2026-10-08,put,regular,4,0.8996,42,9.0
2026-08-27,29000,2026-10-08,put,regular,11,0.8737,42,10.0
2026-08-27,30000,2026-10-08,put,regular,6224,0.8551,42,12.0
2026-08-27,31000,2026-10-08,put,regular,8,0.8348,42,14.0
2026-08-27,32000,2026-10-08,put,regular,7,0.8079,42,15.0
2026-08-27,33000,2026-10-08,put,regular,562,0.7863,42,17.0
2026-08-27,34000,2026-10-08,put,regular,3,0.7684,42,20.0
2026-08-27,35000,2026-10-08,put,regular,306,0.7491,42,23.0
2026-08-27,36000,2026-10-08,put,regular,7,0.7255,42,25.0
2026-08-27,37000,2026-10-08,put,regular,170,0.7078,42,29.0
2026-08-27,38000,2026-10-08,put,regular,4,0.6863,42,32.0
2026-08-27,39000,2026-10-08,put,regular,101,0.6668,42,36.0
2026-08-27,40000,2026-10-08,put,regular,1910,0.6444,42,39.0
2026-08-27,41000,2026-10-08,put,regular,108,0.6238,42,43.0
2026-08-27,42000,2026-10-08,put,regular,140,0.6061,42,49.0
2026-08-27,42750,2026-10-08,put,regular,31,0.5914,42,53.0
2026-08-27,43000,2026-10-08,put,regular,135,0.5875,42,55.0
2026-08-27,43250,2026-10-08,put,regular,15,0.5819,42,56.0
2026-08-27,43500,2026-10-08,put,regular,15,0.5764,42,57.0
2026-08-27,43750,2026-10-08,put,regular,12,0.5736,42,60.0
2026-08-27,44000,2026-10-08,put,regular,186,0.5667,42,60.0
2026-08-27,44250,2026-10-08,put,regular,36,0.5637,42,63.0
2026-08-27,44500,2026-10-08,put,regular,50,0.558,42,64.0
2026-08-27,44750,2026-10-08,put,regular,37,0.5548,42,67.0
2026-08-27,45000,2026-10-08,put,regular,775,0.5491,42,68.0
2026-08-27,45250,2026-10-08,put,regular,28,0.5434,42,69.0
2026-08-27,45500,2026-10-08,put,regular,284,0.5422,42,74.0
2026-08-27,45750,2026-10-08,put,regular,43,0.5375,42,76.0
2026-08-27,46000,2026-10-08,put,regular,296,0.5306,42,76.0
2026-08-27,46250,2026-10-08,put,regular,8,0.5279,42,80.0
2026-08-27,46500,2026-10-08,put,regular,157,0.523,42,82.0
2026-08-27,46750,2026-10-08,put,regular,131,0.5191,42,85.0
2026-08-27,47000,2026-10-08,put,regular,256,0.5131,42,86.0
2026-08-27,47250,2026-10-08,put,regular,25,0.5082,42,88.0
2026-08-27,47500,2026-10-08,put,regular,50,0.5058,42,93.0
2026-08-27,47750,2026-10-08,put,regular,31,0.5007,42,95.0
2026-08-27,48000,2026-10-08,put,regular,541,0.4972,42,99.0
2026-08-27,48250,2026-10-08,put,regular,51,0.4936,42,103.0
2026-08-27,48500,2026-10-08,put,regular,197,0.4899,42,107.0
2026-08-27,48750,2026-10-08,put,regular,24,0.4853,42,110.0
2026-08-27,49000,2026-10-08,put,regular,142,0.4799,42,112.0
2026-08-27,49250,2026-10-08,put,regular,70,0.4773,42,118.0
2026-08-27,49500,2026-10-08,put,regular,206,0.4732,42,122.0
2026-08-27,49750,2026-10-08,put,regular,51,0.4683,42,125.0
2026-08-27,50000,2026-10-08,put,regular,1311,0.4634,42,128.0
2026-08-27,50250,2026-10-08,put,regular,56,0.4603,42,134.0
2026-08-27,50500,2026-10-08,put,regular,253,0.4552,42,137.0
2026-08-27,50750,2026-10-08,put,regular,50,0.4525,42,144.0
2026-08-27,51000,2026-10-08,put,regular,363,0.4479,42,148.0
2026-08-27,51250,2026-10-08,put,regular,83,0.4432,42,152.0
2026-08-27,51500,2026-10-08,put,regular,180,0.4395,42,158.0
2026-08-27,51750,2026-10-08,put,regular,60,0.4362,42,165.0
2026-08-27,52000,2026-10-08,put,regular,447,0.4322,42,171.0
2026-08-27,52250,2026-10-08,put,regular,45,0.4282,42,177.0
2026-08-27,52500,2026-10-08,put,regular,157,0.4245,42,184.0
2026-08-27,52750,2026-10-08,put,regular,57,0.4202,42,190.0
2026-08-27,53000,2026-10-08,put,regular,1277,0.4172,42,199.0
2026-08-27,53250,2026-10-08,put,regular,4,0.4136,42,207.0
2026-08-27,53500,2026-10-08,put,regular,103,0.4102,42,216.0
2026-08-27,53750,2026-10-08,put,regular,16,0.4055,42,222.0
2026-08-27,54000,2026-10-08,put,regular,467,0.4026,42,233.0
2026-08-27,54250,2026-10-08,put,regular,41,0.3984,42,241.0
2026-08-27,54500,2026-10-08,put,regular,584,0.3953,42,252.0
2026-08-27,54750,2026-10-08,put,regular,6,0.3926,42,265.0
2026-08-27,55000,2026-10-08,put,regular,1979,0.389,42,276.0
2026-08-27,55250,2026-10-08,put,regular,37,0.3853,42,287.0
2026-08-27,55500,2026-10-08,put,regular,251,0.3818,42,299.0
2026-08-27,55750,2026-10-08,put,regular,39,0.3777,42,310.0
2026-08-27,56000,2026-10-08,put,regular,436,0.3718,42,315.0
2026-08-27,56250,2026-10-08,put,regular,25,0.3716,42,340.0
2026-08-27,56500,2026-10-08,put,regular,293,0.3682,42,355.0
2026-08-27,56750,2026-10-08,put,regular,85,0.3633,42,365.0
2026-08-27,57000,2026-10-08,put,regular,449,0.3623,42,390.0
2026-08-27,57250,2026-10-08,put,regular,71,0.3558,42,395.0
2026-08-27,57500,2026-10-08,put,regular,288,0.353,42,415.0
2026-08-27,57750,2026-10-08,put,regular,70,0.3547,42,455.0
2026-08-27,58000,2026-10-08,put,regular,1481,0.3479,42,460.0
2026-08-27,58250,2026-10-08,put,regular,86,0.3488,42,500.0
2026-08-27,58375,2026-10-08,put,regular,463,0.3437,42,495.0
2026-08-27,58500,2026-10-08,put,regular,150,0.3461,42,525.0
2026-08-27,58625,2026-10-08,put,regular,19,0.3462,42,545.0
2026-08-27,58750,2026-10-08,put,regular,29,0.3441,42,555.0
2026-08-27,58875,2026-10-08,put,regular,1,0.344,42,575.0
2026-08-27,59000,2026-10-08,put,regular,154,0.3408,42,580.0
2026-08-27,59125,2026-10-08,put,regular,34,0.3396,42,595.0
2026-08-27,59250,2026-10-08,put,regular,114,0.3393,42,615.0
2026-08-27,59500,2026-10-08,put,regular,46,0.3364,42,645.0
2026-08-27,59625,2026-10-08,put,regular,11,0.3358,42,665.0
2026-08-27,59750,2026-10-08,put,regular,6,0.3333,42,675.0
2026-08-27,60000,2026-10-08,put,regular,2308,0.3318,42,715.0
2026-08-27,60250,2026-10-08,put,regular,7,0.329,42,750.0
2026-08-27,60375,2026-10-08,put,regular,300,0.3288,42,775.0
2026-08-27,60500,2026-10-08,put,regular,134,0.3276,42,795.0
2026-08-27,60750,2026-10-08,put,regular,49,0.3251,42,835.0
2026-08-27,60875,2026-10-08,put,regular,7,0.3261,42,870.0
2026-08-27,61000,2026-10-08,put,regular,668,0.323,42,880.0
2026-08-27,61125,2026-10-08,put,regular,14,0.3238,42,915.0
2026-08-27,61250,2026-10-08,put,regular,95,0.3183,42,910.0
2026-08-27,61500,2026-10-08,put,regular,6,0.3202,42,985.0
2026-08-27,61875,2026-10-08,put,regular,6,0.318,42,1070.0
2026-08-27,62000,2026-10-08,put,regular,1101,0.3173,42,1100.0
2026-08-27,62250,2026-10-08,put,regular,1,0.3164,42,1165.0
2026-08-27,62375,2026-10-08,put,regular,6,0.3148,42,1190.0
2026-08-27,62500,2026-10-08,put,regular,520,0.3137,42,1220.0
2026-08-27,62750,2026-10-08,put,regular,1555000,0.3134,42,1295.0
2026-08-27,62875,2026-10-08,put,regular,6,0.3127,42,1330.0
2026-08-27,63000,2026-10-08,put,regular,420,0.3113,42,1360.0
2026-08-27,63125,2026-10-08,put,regular,1490000,0.3118,42,1405.0
2026-08-27,63250,2026-10-08,put,regular,90,0.3102,42,1435.0
2026-08-27,63500,2026-10-08,put,regular,1,0.3093,42,1515.0
2026-08-27,63625,2026-10-08,put,regular,6,0.3087,42,1555.0
2026-08-27,63875,2026-10-08,put,regular,55,0.3078,42,1640.0
2026-08-27,64000,2026-10-08,put,regular,1241,0.3057,42,1670.0
2026-08-27,64250,2026-10-08,put,regular,7,0.3048,42,1760.0
2026-08-27,64500,2026-10-08,put,regular,433,0.3047,42,1860.0
2026-08-27,64750,2026-10-08,put,regular,3,0.3042,42,1960.0
2026-08-27,65000,2026-10-08,put,regular,1508,0.3021,42,2050.0
2026-08-27,65250,2026-10-08,put,regular,9,0.302,42,2160.0
2026-08-27,65375,2026-10-08,put,regular,231,0.3017,42,2215.0
2026-08-27,65500,2026-10-08,put,regular,186,0.3014,42,2270.0
2026-08-27,65750,2026-10-08,put,regular,51,0.3004,42,2380.0
2026-08-27,66000,2026-10-08,put,regular,39,0.299,42,2490.0
2026-08-27,66500,2026-10-08,put,regular,91,0.2966,42,2725.0
2026-08-27,66750,2026-10-08,put,regular,9,0.2962,42,2855.0
2026-08-27,67000,2026-10-08,put,regular,511,0.2959,42,2990.0
2026-08-27,67500,2026-10-08,put,regular,41,0.2953,42,3270.0
2026-08-27,67625,2026-10-08,put,regular,6,0.2955,42,3345.0
2026-08-27,67750,2026-10-08,put,regular,9,0.2949,42,3415.0
2026-08-27,68000,2026-10-08,put,regular,541,0.2947,42,3565.0
2026-08-27,68125,2026-10-08,put,regular,2,0.2956,42,3650.0
2026-08-27,68500,2026-10-08,put,regular,3,0.2954,42,3885.0
2026-08-27,69000,2026-10-08,put,regular,211,0.2975,42,4230.0
2026-08-27,70000,2026-10-08,put,regular,101,0.3002,42,4945.0
2026-08-27,72500,2026-10-08,put,regular,1,0.3144,42,6965.0
2026-08-27,73000,2026-10-08,put,regular,10,0.3176,42,7395.0
2026-08-27,79000,2026-10-08,put,regular,1,0.3855,42,13020.0
2026-08-27,85000,2026-10-08,put,regular,26,0.4787,42,18955.0
2026-08-27,20000,2026-11-12,put,regular,10,0.9194,77,10.0
2026-08-27,25000,2026-11-12,put,regular,77,0.7956,77,17.0
2026-08-27,27000,2026-11-12,put,regular,6,0.7266,77,15.0
2026-08-27,28000,2026-11-12,put,regular,26,0.6833,77,12.0
2026-08-27,29000,2026-11-12,put,regular,304,0.6765,77,16.0
2026-08-27,30000,2026-11-12,put,regular,2,0.6696,77,21.0
2026-08-27,35000,2026-11-12,put,regular,2,0.627,77,63.0
2026-08-27,37000,2026-11-12,put,regular,2,0.595,77,78.0
2026-08-27,38000,2026-11-12,put,regular,3,0.5787,77,86.0
2026-08-27,39000,2026-11-12,put,regular,100,0.5584,77,90.0
2026-08-27,40000,2026-11-12,put,regular,104,0.5657,77,129.0
2026-08-27,41000,2026-11-12,put,regular,103,0.5299,77,113.0
2026-08-27,42000,2026-11-12,put,regular,252,0.5156,77,126.0
2026-08-27,43000,2026-11-12,put,regular,155,0.4975,77,134.0
2026-08-27,44000,2026-11-12,put,regular,104,0.4983,77,177.0
2026-08-27,44500,2026-11-12,put,regular,1,0.4784,77,161.0
2026-08-27,44750,2026-11-12,put,regular,1,0.4752,77,166.0
2026-08-27,45000,2026-11-12,put,regular,201,0.473,77,173.0
2026-08-27,45250,2026-11-12,put,regular,2,0.4687,77,176.0
2026-08-27,45500,2026-11-12,put,regular,4,0.4649,77,180.0
2026-08-27,45750,2026-11-12,put,regular,2,0.4605,77,183.0
2026-08-27,46000,2026-11-12,put,regular,128,0.4598,77,194.0
2026-08-27,46250,2026-11-12,put,regular,4,0.4681,77,227.0
2026-08-27,46500,2026-11-12,put,regular,3,0.4527,77,204.0
2026-08-27,46750,2026-11-12,put,regular,2,0.4499,77,211.0
2026-08-27,47000,2026-11-12,put,regular,102,0.4466,77,217.0
2026-08-27,47250,2026-11-12,put,regular,31,0.4432,77,223.0
2026-08-27,47500,2026-11-12,put,regular,129,0.4402,77,230.0
2026-08-27,47750,2026-11-12,put,regular,73,0.4374,77,238.0
2026-08-27,48000,2026-11-12,put,regular,63,0.4378,77,255.0
2026-08-27,48250,2026-11-12,put,regular,3,0.4345,77,262.0
2026-08-27,48500,2026-11-12,put,regular,3,0.4317,77,271.0
2026-08-27,48750,2026-11-12,put,regular,111,0.4276,77,276.0
2026-08-27,49000,2026-11-12,put,regular,157,0.4237,77,282.0
2026-08-27,49250,2026-11-12,put,regular,54,0.423,77,298.0
2026-08-27,49500,2026-11-12,put,regular,226,0.4178,77,300.0
2026-08-27,49750,2026-11-12,put,regular,28,0.4179,77,320.0
2026-08-27,50000,2026-11-12,put,regular,247,0.4121,77,320.0
2026-08-27,50250,2026-11-12,put,regular,59,0.4091,77,330.0
2026-08-27,50500,2026-11-12,put,regular,103,0.4074,77,345.0
2026-08-27,50750,2026-11-12,put,regular,34,0.4029,77,350.0
2026-08-27,51000,2026-11-12,put,regular,608,0.3996,77,360.0
2026-08-27,51250,2026-11-12,put,regular,10,0.3976,77,375.0
2026-08-27,51500,2026-11-12,put,regular,315,0.3942,77,385.0
2026-08-27,52000,2026-11-12,put,regular,582,0.3848,77,395.0
2026-08-27,52250,2026-11-12,put,regular,8,0.3813,77,405.0
2026-08-27,52500,2026-11-12,put,regular,149,0.3788,77,420.0
2026-08-27,52750,2026-11-12,put,regular,15,0.3774,77,440.0
2026-08-27,53000,2026-11-12,put,regular,67,0.3736,77,450.0
2026-08-27,53250,2026-11-12,put,regular,17,0.3729,77,475.0
2026-08-27,53500,2026-11-12,put,regular,400,0.369,77,485.0
2026-08-27,53750,2026-11-12,put,regular,40,0.368,77,510.0
2026-08-27,54000,2026-11-12,put,regular,416,0.3648,77,525.0
2026-08-27,54250,2026-11-12,put,regular,23,0.3644,77,555.0
2026-08-27,54500,2026-11-12,put,regular,300,0.3573,77,550.0
2026-08-27,54750,2026-11-12,put,regular,5,0.3558,77,575.0
2026-08-27,55000,2026-11-12,put,regular,5,0.3523,77,590.0
2026-08-27,55250,2026-11-12,put,regular,29,0.3522,77,625.0
2026-08-27,55500,2026-11-12,put,regular,154,0.3493,77,645.0
2026-08-27,55750,2026-11-12,put,regular,2,0.3446,77,655.0
2026-08-27,56000,2026-11-12,put,regular,303,0.3424,77,680.0
2026-08-27,56250,2026-11-12,put,regular,2,0.3423,77,720.0
2026-08-27,56500,2026-11-12,put,regular,47,0.3397,77,745.0
2026-08-27,56750,2026-11-12,put,regular,30,0.34,77,790.0
2026-08-27,57000,2026-11-12,put,regular,602,0.3356,77,805.0
2026-08-27,57250,2026-11-12,put,regular,31,0.3326,77,830.0
2026-08-27,57500,2026-11-12,put,regular,400,0.3302,77,860.0
2026-08-27,57750,2026-11-12,put,regular,1,0.331,77,915.0
2026-08-27,58000,2026-11-12,put,regular,383,0.3296,77,955.0
2026-08-27,58250,2026-11-12,put,regular,21,0.3267,77,985.0
2026-08-27,58500,2026-11-12,put,regular,116,0.3236,77,1015.0
2026-08-27,59000,2026-11-12,put,regular,142,0.3214,77,1110.0
2026-08-27,59500,2026-11-12,put,regular,475,0.3183,77,1205.0
2026-08-27,59750,2026-11-12,put,regular,1,0.3163,77,1250.0
2026-08-27,60000,2026-11-12,put,regular,582,0.3146,77,1300.0
2026-08-27,60500,2026-11-12,put,regular,103,0.3117,77,1410.0
2026-08-27,60750,2026-11-12,put,regular,28,0.3099,77,1465.0
2026-08-27,61000,2026-11-12,put,regular,520,0.3095,77,1535.0
2026-08-27,61500,2026-11-12,put,regular,18,0.3065,77,1660.0
2026-08-27,62000,2026-11-12,put,regular,1045,0.3037,77,1795.0
2026-08-27,62500,2026-11-12,put,regular,144,0.3006,77,1935.0
2026-08-27,63000,2026-11-12,put,regular,398,0.2984,77,2095.0
2026-08-27,64000,2026-11-12,put,regular,523,0.2942,77,2445.0
2026-08-27,64500,2026-11-12,put,regular,340,0.2924,77,2640.0
2026-08-27,65000,2026-11-12,put,regular,801,0.2902,77,2840.0
2026-08-27,65500,2026-11-12,put,regular,100,0.2892,77,3065.0
2026-08-27,66000,2026-11-12,put,regular,270,0.2876,77,3295.0
2026-08-27,66500,2026-11-12,put,regular,239,0.286,77,3535.0
2026-08-27,67000,2026-11-12,put,regular,870,0.2847,77,3790.0
2026-08-27,67500,2026-11-12,put,regular,4,0.2807,77,4025.0
2026-08-27,68375,2026-11-12,put,regular,16,0.2785,77,4520.0
2026-08-27,68500,2026-11-12,put,regular,478,0.2779,77,4590.0
2026-08-27,69000,2026-11-12,put,regular,450,0.2774,77,4900.0
2026-08-27,69500,2026-11-12,put,regular,1,0.276,77,5210.0
2026-08-27,70000,2026-11-12,put,regular,460,0.2758,77,5545.0
2026-08-27,70750,2026-11-12,put,regular,160,0.2749,77,6060.0
2026-08-27,72500,2026-11-12,put,regular,330,0.2743,77,7360.0
2026-08-27,79500,2026-11-12,put,regular,1,0.2859,77,13480.0
2026-08-27,12500,2026-12-10,put,regular,573,1.004,105,4.0
2026-08-27,13000,2026-12-10,put,regular,4,0.9581,105,3.0
2026-08-27,13500,2026-12-10,put,regular,100,0.8632,105,1.0
2026-08-27,14000,2026-12-10,put,regular,11,0.8869,105,2.0
2026-08-27,14500,2026-12-10,put,regular,1,0.8249,105,1.0
2026-08-27,14750,2026-12-10,put,regular,1,0.8158,105,1.0
2026-08-27,15000,2026-12-10,put,regular,5,0.8481,105,2.0
2026-08-27,16000,2026-12-10,put,regular,3,0.7723,105,1.0
2026-08-27,16500,2026-12-10,put,regular,1,0.7559,105,1.0
2026-08-27,17000,2026-12-10,put,regular,3,0.74,105,1.0
2026-08-27,18000,2026-12-10,put,regular,153,0.7461,105,2.0
2026-08-27,19000,2026-12-10,put,regular,650,0.6809,105,1.0
2026-08-27,20000,2026-12-10,put,regular,2352,0.7399,105,5.0
2026-08-27,21000,2026-12-10,put,regular,350,0.6814,105,3.0
2026-08-27,21500,2026-12-10,put,regular,500,0.6679,105,3.0
2026-08-27,22000,2026-12-10,put,regular,1716,0.6703,105,4.0
2026-08-27,22500,2026-12-10,put,regular,150,0.6697,105,5.0
2026-08-27,23000,2026-12-10,put,regular,2106,0.6763,105,7.0
2026-08-27,23500,2026-12-10,put,regular,127,0.6712,105,8.0
2026-08-27,24000,2026-12-10,put,regular,405,0.6721,105,10.0
2026-08-27,24500,2026-12-10,put,regular,250,0.6454,105,8.0
2026-08-27,24750,2026-12-10,put,regular,1,0.6462,105,9.0
2026-08-27,25000,2026-12-10,put,regular,2464,0.6399,105,9.0
2026-08-27,25250,2026-12-10,put,regular,1,0.64,105,10.0
2026-08-27,25500,2026-12-10,put,regular,2,0.6338,105,10.0
2026-08-27,26000,2026-12-10,put,regular,1425,0.6327,105,12.0
2026-08-27,26500,2026-12-10,put,regular,1,0.6254,105,13.0
2026-08-27,27000,2026-12-10,put,regular,2630,0.6223,105,15.0
2026-08-27,27500,2026-12-10,put,regular,25,0.6143,105,16.0
2026-08-27,27750,2026-12-10,put,regular,72,0.6122,105,17.0
2026-08-27,28000,2026-12-10,put,regular,1326,0.6134,105,19.0
2026-08-27,28500,2026-12-10,put,regular,400,0.6081,105,21.0
2026-08-27,29000,2026-12-10,put,regular,1450,0.6052,105,24.0
2026-08-27,30000,2026-12-10,put,regular,5695,0.5897,105,27.0
2026-08-27,30500,2026-12-10,put,regular,51,0.583,105,29.0
2026-08-27,31000,2026-12-10,put,regular,2237,0.5783,105,32.0
2026-08-27,31500,2026-12-10,put,regular,350,0.575,105,36.0
2026-08-27,32000,2026-12-10,put,regular,4655,0.5692,105,39.0
2026-08-27,32250,2026-12-10,put,regular,600,0.5671,105,41.0
2026-08-27,32500,2026-12-10,put,regular,900,0.5648,105,43.0
2026-08-27,33000,2026-12-10,put,regular,3362,0.56,105,47.0
2026-08-27,33250,2026-12-10,put,regular,37,0.5922,105,77.0
2026-08-27,33500,2026-12-10,put,regular,72,0.5885,105,79.0
2026-08-27,34000,2026-12-10,put,regular,2820,0.5809,105,83.0
2026-08-27,34500,2026-12-10,put,regular,560,0.5743,105,88.0
2026-08-27,34750,2026-12-10,put,regular,1,0.5704,105,90.0
2026-08-27,35000,2026-12-10,put,regular,4916,0.5665,105,92.0
2026-08-27,36000,2026-12-10,put,regular,2905,0.554,105,104.0
2026-08-27,36500,2026-12-10,put,regular,225,0.5475,105,110.0
2026-08-27,36750,2026-12-10,put,regular,400,0.5442,105,113.0
2026-08-27,37000,2026-12-10,put,regular,2535,0.5401,105,115.0
2026-08-27,37500,2026-12-10,put,regular,188,0.5332,105,121.0
2026-08-27,37750,2026-12-10,put,regular,100,0.5298,105,124.0
2026-08-27,38000,2026-12-10,put,regular,2686,0.5263,105,127.0
2026-08-27,38500,2026-12-10,put,regular,1150,0.5198,105,134.0
2026-08-27,38750,2026-12-10,put,regular,50,0.5162,105,137.0
2026-08-27,39000,2026-12-10,put,regular,2405,0.5132,105,141.0
2026-08-27,39250,2026-12-10,put,regular,650,0.5095,105,144.0
2026-08-27,39500,2026-12-10,put,regular,1008,0.5064,105,148.0
2026-08-27,40000,2026-12-10,put,regular,5733,0.4995,105,155.0
2026-08-27,40250,2026-12-10,put,regular,5,0.4963,105,159.0
2026-08-27,40500,2026-12-10,put,regular,1399,0.493,105,163.0
2026-08-27,41000,2026-12-10,put,regular,1825,0.4864,105,171.0
2026-08-27,41250,2026-12-10,put,regular,3,0.483,105,175.0
2026-08-27,41500,2026-12-10,put,regular,101,0.4801,105,180.0
2026-08-27,42000,2026-12-10,put,regular,3599,0.4741,105,190.0
2026-08-27,42500,2026-12-10,put,regular,300,0.4674,105,199.0
2026-08-27,43000,2026-12-10,put,regular,1582,0.4611,105,209.0
2026-08-27,43500,2026-12-10,put,regular,100,0.4546,105,219.0
2026-08-27,43750,2026-12-10,put,regular,9,0.4516,105,225.0
2026-08-27,44000,2026-12-10,put,regular,2800,0.4487,105,231.0
2026-08-27,45000,2026-12-10,put,regular,2724,0.4366,105,256.0
2026-08-27,45250,2026-12-10,put,regular,51,0.4341,105,264.0
2026-08-27,45500,2026-12-10,put,regular,350,0.4308,105,270.0
2026-08-27,46000,2026-12-10,put,regular,3857,0.4248,105,284.0
2026-08-27,47000,2026-12-10,put,regular,2846,0.4145,105,320.0
2026-08-27,47500,2026-12-10,put,regular,1119,0.4081,105,335.0
2026-08-27,48000,2026-12-10,put,regular,4124,0.4029,105,355.0
2026-08-27,48500,2026-12-10,put,regular,300,0.3974,105,375.0
2026-08-27,49000,2026-12-10,put,regular,3177,0.3928,105,400.0
2026-08-27,49500,2026-12-10,put,regular,2717,0.3868,105,420.0
2026-08-27,50000,2026-12-10,put,regular,6522,0.3817,105,445.0
2026-08-27,50250,2026-12-10,put,regular,16,0.3795,105,460.0
2026-08-27,50500,2026-12-10,put,regular,686,0.3773,105,475.0
2026-08-27,50750,2026-12-10,put,regular,45,0.3749,105,490.0
2026-08-27,51000,2026-12-10,put,regular,1565,0.3715,105,500.0
2026-08-27,51500,2026-12-10,put,regular,20,0.3665,105,530.0
2026-08-27,52000,2026-12-10,put,regular,2765,0.362,105,565.0
2026-08-27,52250,2026-12-10,put,regular,525,0.3601,105,585.0
2026-08-27,52500,2026-12-10,put,regular,565,0.3572,105,600.0
2026-08-27,53000,2026-12-10,put,regular,1541,0.3528,105,640.0
2026-08-27,53250,2026-12-10,put,regular,186,0.3513,105,665.0
2026-08-27,53500,2026-12-10,put,regular,205,0.3489,105,685.0
2026-08-27,53750,2026-12-10,put,regular,4,0.3471,105,710.0
2026-08-27,54000,2026-12-10,put,regular,2599,0.3445,105,730.0
2026-08-27,54500,2026-12-10,put,regular,440,0.3404,105,780.0
2026-08-27,55000,2026-12-10,put,regular,4779,0.338,105,845.0
2026-08-27,55500,2026-12-10,put,regular,100,0.3336,105,900.0
2026-08-27,56000,2026-12-10,put,regular,2476,0.3301,105,965.0
2026-08-27,56500,2026-12-10,put,regular,151,0.3262,105,1030.0
2026-08-27,57000,2026-12-10,put,regular,2381,0.3229,105,1105.0
2026-08-27,57500,2026-12-10,put,regular,850,0.3196,105,1185.0
2026-08-27,58000,2026-12-10,put,regular,1918,0.3163,105,1270.0
2026-08-27,58500,2026-12-10,put,regular,850,0.313,105,1360.0
2026-08-27,59000,2026-12-10,put,regular,2405,0.3101,105,1460.0
2026-08-27,59250,2026-12-10,put,regular,60,0.3085,105,1510.0
2026-08-27,59500,2026-12-10,put,regular,250,0.3072,105,1565.0
2026-08-27,60000,2026-12-10,put,regular,10103,0.3041,105,1675.0
2026-08-27,60500,2026-12-10,put,regular,200,0.3018,105,1800.0
2026-08-27,61000,2026-12-10,put,regular,1435,0.2992,105,1930.0
2026-08-27,61500,2026-12-10,put,regular,1,0.2969,105,2070.0
2026-08-27,62000,2026-12-10,put,regular,2606,0.2948,105,2220.0
2026-08-27,62250,2026-12-10,put,regular,250,0.2954,105,2320.0
2026-08-27,62500,2026-12-10,put,regular,1087,0.2943,105,2400.0
2026-08-27,63000,2026-12-10,put,regular,2251,0.2924,105,2570.0
2026-08-27,63500,2026-12-10,put,regular,300,0.2902,105,2745.0
2026-08-27,63750,2026-12-10,put,regular,23,0.2894,105,2840.0
2026-08-27,64000,2026-12-10,put,regular,1705,0.2885,105,2935.0
2026-08-27,65000,2026-12-10,put,regular,3761,0.284,105,3330.0
2026-08-27,65500,2026-12-10,put,regular,580,0.2821,105,3545.0
2026-08-27,66000,2026-12-10,put,regular,836,0.2809,105,3780.0
2026-08-27,66500,2026-12-10,put,regular,600,0.279,105,4015.0
2026-08-27,67000,2026-12-10,put,regular,1410,0.2778,105,4270.0
2026-08-27,67250,2026-12-10,put,regular,25,0.2774,105,4405.0
2026-08-27,67500,2026-12-10,put,regular,25,0.2769,105,4540.0
2026-08-27,68000,2026-12-10,put,regular,1900,0.2758,105,4815.0
2026-08-27,68500,2026-12-10,put,regular,203,0.2746,105,5100.0
2026-08-27,68750,2026-12-10,put,regular,100,0.2743,105,5250.0
2026-08-27,69000,2026-12-10,put,regular,1570,0.2738,105,5400.0
2026-08-27,70000,2026-12-10,put,regular,1653,0.2713,105,6015.0
2026-08-27,71000,2026-12-10,put,regular,31,0.2708,105,6695.0
2026-08-27,72000,2026-12-10,put,regular,120,0.2701,105,7405.0
2026-08-27,72500,2026-12-10,put,regular,320,0.2695,105,7770.0
2026-08-27,74000,2026-12-10,put,regular,100,0.2686,105,8920.0
2026-08-27,76000,2026-12-10,put,regular,300,0.2686,105,10560.0
2026-08-27,80000,2026-12-10,put,regular,3700,0.2692,105,14090.0
2026-08-27,44000,2027-01-07,put,regular,331,0.4166,133,288.0
2026-08-27,45000,2027-01-07,put,regular,1000,0.4103,133,335.0
2026-08-27,47000,2027-01-07,put,regular,98,0.3905,133,415.0
2026-08-27,48000,2027-01-07,put,regular,200,0.3805,133,460.0
2026-08-27,50000,2027-01-07,put,regular,115,0.3632,133,580.0
2026-08-27,52000,2027-01-07,put,regular,300,0.3462,133,730.0
2026-08-27,52500,2027-01-07,put,regular,20,0.3423,133,775.0
2026-08-27,57000,2027-01-07,put,regular,60,0.3219,133,1470.0
2026-08-27,58000,2027-01-07,put,regular,57,0.3159,133,1660.0
2026-08-27,60000,2027-01-07,put,regular,1,0.3056,133,2125.0
2026-08-27,60500,2027-01-07,put,regular,42,0.3029,133,2255.0
2026-08-27,61000,2027-01-07,put,regular,1,0.3005,133,2395.0
2026-08-27,61500,2027-01-07,put,regular,50,0.2979,133,2540.0
2026-08-27,64000,2027-01-07,put,regular,100,0.2814,133,3315.0
2026-08-27,65000,2027-01-07,put,regular,3,0.2781,133,3730.0
2026-08-27,65500,2027-01-07,put,regular,1,0.2762,133,3945.0
2026-08-27,65750,2027-01-07,put,regular,1,0.2758,133,4065.0
2026-08-27,66000,2027-01-07,put,regular,50,0.2749,133,4180.0
2026-08-27,66500,2027-01-07,put,regular,3,0.2725,133,4405.0
2026-08-27,67000,2027-01-07,put,regular,2,0.2708,133,4650.0
2026-08-27,67500,2027-01-07,put,regular,1,0.2697,133,4915.0
2026-08-27,67750,2027-01-07,put,regular,1,0.2688,133,5045.0
2026-08-27,45000,2027-02-10,put,regular,300,0.3871,167,430.0
2026-08-27,47000,2027-02-10,put,regular,125,0.3732,167,550.0
2026-08-27,57500,2027-02-10,put,regular,100,0.3076,167,1855.0
2026-08-27,65000,2027-02-10,put,regular,275,0.2715,167,4135.0
2026-08-27,67000,2027-02-10,put,regular,2,0.265,167,5065.0
2026-08-27,29000,2027-03-11,put,regular,1,0.5125,196,78.0
2026-08-27,30000,2027-03-11,put,regular,1,0.5101,196,99.0
2026-08-27,33000,2027-03-11,put,regular,113,0.477,196,137.0
2026-08-27,35000,2027-03-11,put,regular,600,0.4589,196,175.0
2026-08-27,37000,2027-03-11,put,regular,500,0.4408,196,220.0
2026-08-27,38000,2027-03-11,put,regular,365,0.4319,196,246.0
2026-08-27,40000,2027-03-11,put,regular,1171,0.4156,196,310.0
2026-08-27,41000,2027-03-11,put,regular,250,0.4071,196,345.0
2026-08-27,42000,2027-03-11,put,regular,549,0.3991,196,385.0
2026-08-27,42500,2027-03-11,put,regular,200,0.3948,196,405.0
2026-08-27,43000,2027-03-11,put,regular,114,0.3903,196,425.0
2026-08-27,43500,2027-03-11,put,regular,66,0.3867,196,450.0
2026-08-27,43750,2027-03-11,put,regular,2,0.3843,196,460.0
2026-08-27,44000,2027-03-11,put,regular,275,0.3828,196,475.0
2026-08-27,45000,2027-03-11,put,regular,1709,0.3754,196,530.0
2026-08-27,46000,2027-03-11,put,regular,116,0.368,196,590.0
2026-08-27,47000,2027-03-11,put,regular,950,0.3604,196,655.0
2026-08-27,48000,2027-03-11,put,regular,399,0.3541,196,735.0
2026-08-27,48500,2027-03-11,put,regular,51,0.3506,196,775.0
2026-08-27,49000,2027-03-11,put,regular,102,0.3475,196,820.0
2026-08-27,50000,2027-03-11,put,regular,1350,0.341,196,915.0
2026-08-27,50250,2027-03-11,put,regular,112,0.3394,196,940.0
2026-08-27,51000,2027-03-11,put,regular,24,0.3347,196,1020.0
2026-08-27,51250,2027-03-11,put,regular,108,0.3333,196,1050.0
2026-08-27,52000,2027-03-11,put,regular,1870,0.3288,196,1140.0
2026-08-27,52500,2027-03-11,put,regular,50,0.3259,196,1205.0
2026-08-27,53000,2027-03-11,put,regular,585,0.3232,196,1275.0
2026-08-27,53500,2027-03-11,put,regular,200,0.3207,196,1350.0
2026-08-27,54000,2027-03-11,put,regular,534,0.3179,196,1425.0
2026-08-27,55000,2027-03-11,put,regular,952,0.3129,196,1595.0
2026-08-27,55500,2027-03-11,put,regular,100,0.3104,196,1685.0
2026-08-27,56000,2027-03-11,put,regular,651,0.3079,196,1780.0
2026-08-27,56250,2027-03-11,put,regular,120,0.3067,196,1830.0
2026-08-27,57000,2027-03-11,put,regular,1775,0.3035,196,1990.0
2026-08-27,58000,2027-03-11,put,regular,2825,0.2991,196,2220.0
2026-08-27,58500,2027-03-11,put,regular,110,0.297,196,2345.0
2026-08-27,59500,2027-03-11,put,regular,453,0.2929,196,2610.0
2026-08-27,60000,2027-03-11,put,regular,1952,0.291,196,2755.0
2026-08-27,61000,2027-03-11,put,regular,160,0.2872,196,3060.0
2026-08-27,62000,2027-03-11,put,regular,900,0.2837,196,3395.0
2026-08-27,62500,2027-03-11,put,regular,500,0.2821,196,3575.0
2026-08-27,63000,2027-03-11,put,regular,1490,0.2804,196,3760.0
2026-08-27,64000,2027-03-11,put,regular,950,0.2775,196,4160.0
2026-08-27,65000,2027-03-11,put,regular,860,0.2744,196,4585.0
2026-08-27,66000,2027-03-11,put,regular,328,0.2717,196,5045.0
2026-08-27,66250,2027-03-11,put,regular,15,0.2708,196,5160.0
2026-08-27,66500,2027-03-11,put,regular,6,0.2703,196,5285.0
2026-08-27,67000,2027-03-11,put,regular,300,0.269,196,5535.0
2026-08-27,68000,2027-03-11,put,regular,130,0.2664,196,6055.0
2026-08-27,69000,2027-03-11,put,regular,350,0.264,196,6610.0
2026-08-27,69250,2027-03-11,put,regular,10,0.2635,196,6755.0
2026-08-27,70000,2027-03-11,put,regular,480,0.2617,196,7195.0
2026-08-27,72000,2027-03-11,put,regular,100,0.2575,196,8460.0
2026-08-27,48000,2027-05-13,put,regular,100,0.3436,259,1065.0
2026-08-27,12500,2027-06-10,put,regular,10,0.6749,287,13.0
2026-08-27,14500,2027-06-10,put,regular,4,0.5734,287,6.0
2026-08-27,15000,2027-06-10,put,regular,1,0.5685,287,7.0
2026-08-27,16250,2027-06-10,put,regular,167,0.5614,287,11.0
2026-08-27,23000,2027-06-10,put,regular,140,0.5118,287,57.0
2026-08-27,24000,2027-06-10,put,regular,100,0.5038,287,68.0
2026-08-27,25000,2027-06-10,put,regular,250,0.4963,287,81.0
2026-08-27,26000,2027-06-10,put,regular,200,0.4877,287,94.0
2026-08-27,28000,2027-06-10,put,regular,895,0.4717,287,126.0
2026-08-27,28500,2027-06-10,put,regular,100,0.4672,287,134.0
2026-08-27,29000,2027-06-10,put,regular,66,0.463,287,143.0
2026-08-27,30000,2027-06-10,put,regular,275,0.4551,287,163.0
2026-08-27,31000,2027-06-10,put,regular,100,0.4472,287,185.0
2026-08-27,31500,2027-06-10,put,regular,1,0.443,287,196.0
2026-08-27,32000,2027-06-10,put,regular,250,0.4391,287,208.0
2026-08-27,33000,2027-06-10,put,regular,150,0.4313,287,234.0
2026-08-27,34000,2027-06-10,put,regular,750,0.4235,287,262.0
2026-08-27,35000,2027-06-10,put,regular,1327,0.416,287,293.0
2026-08-27,35500,2027-06-10,put,regular,145,0.4124,287,310.0
2026-08-27,36000,2027-06-10,put,regular,300,0.4093,287,330.0
2026-08-27,37000,2027-06-10,put,regular,50,0.4014,287,365.0
2026-08-27,38000,2027-06-10,put,regular,201,0.3951,287,410.0
2026-08-27,38500,2027-06-10,put,regular,140,0.3912,287,430.0
2026-08-27,39000,2027-06-10,put,regular,50,0.3881,287,455.0
2026-08-27,39500,2027-06-10,put,regular,101,0.3839,287,475.0
2026-08-27,40000,2027-06-10,put,regular,1095,0.3813,287,505.0
2026-08-27,41000,2027-06-10,put,regular,100,0.3747,287,560.0
2026-08-27,42000,2027-06-10,put,regular,400,0.3682,287,620.0
2026-08-27,42500,2027-06-10,put,regular,61,0.3646,287,650.0
2026-08-27,43000,2027-06-10,put,regular,35,0.3617,287,685.0
2026-08-27,44000,2027-06-10,put,regular,196,0.3558,287,760.0
2026-08-27,45000,2027-06-10,put,regular,1625,0.3503,287,845.0
2026-08-27,46000,2027-06-10,put,regular,773,0.3446,287,935.0
2026-08-27,46500,2027-06-10,put,regular,70,0.342,287,985.0
2026-08-27,47000,2027-06-10,put,regular,201,0.3392,287,1035.0
2026-08-27,47750,2027-06-10,put,regular,100,0.3351,287,1115.0
2026-08-27,48000,2027-06-10,put,regular,1404,0.334,287,1145.0
2026-08-27,49000,2027-06-10,put,regular,300,0.3292,287,1270.0
2026-08-27,50000,2027-06-10,put,regular,2117,0.3245,287,1405.0
2026-08-27,50500,2027-06-10,put,regular,175,0.322,287,1475.0
2026-08-27,51000,2027-06-10,put,regular,100,0.3196,287,1550.0
2026-08-27,51250,2027-06-10,put,regular,3,0.3186,287,1590.0
2026-08-27,52000,2027-06-10,put,regular,1030,0.3154,287,1715.0
2026-08-27,52250,2027-06-10,put,regular,88,0.3141,287,1755.0
2026-08-27,52500,2027-06-10,put,regular,57,0.3131,287,1800.0
2026-08-27,52750,2027-06-10,put,regular,750,0.3121,287,1845.0
2026-08-27,53000,2027-06-10,put,regular,720,0.3113,287,1895.0
2026-08-27,53500,2027-06-10,put,regular,1,0.3092,287,1990.0
2026-08-27,53750,2027-06-10,put,regular,35,0.3083,287,2040.0
2026-08-27,54000,2027-06-10,put,regular,1402,0.3072,287,2090.0
2026-08-27,55000,2027-06-10,put,regular,1450,0.3032,287,2300.0
2026-08-27,55500,2027-06-10,put,regular,255,0.3014,287,2415.0
2026-08-27,56000,2027-06-10,put,regular,810,0.2997,287,2535.0
2026-08-27,56500,2027-06-10,put,regular,40,0.2977,287,2655.0
2026-08-27,57000,2027-06-10,put,regular,775,0.296,287,2785.0
2026-08-27,57750,2027-06-10,put,regular,112,0.2933,287,2985.0
2026-08-27,58000,2027-06-10,put,regular,617,0.2927,287,3060.0
2026-08-27,58500,2027-06-10,put,regular,1,0.2908,287,3200.0
2026-08-27,59000,2027-06-10,put,regular,400,0.2892,287,3350.0
2026-08-27,59500,2027-06-10,put,regular,212,0.2878,287,3510.0
2026-08-27,60000,2027-06-10,put,regular,1996,0.2862,287,3670.0
2026-08-27,61000,2027-06-10,put,regular,3,0.2832,287,4010.0
2026-08-27,62000,2027-06-10,put,regular,805,0.2803,287,4375.0
2026-08-27,63000,2027-06-10,put,regular,925,0.2775,287,4765.0
2026-08-27,64000,2027-06-10,put,regular,250,0.2748,287,5180.0
2026-08-27,64750,2027-06-10,put,regular,104,0.2729,287,5510.0
2026-08-27,65000,2027-06-10,put,regular,1886,0.2724,287,5625.0
2026-08-27,65500,2027-06-10,put,regular,26,0.2711,287,5855.0
2026-08-27,66000,2027-06-10,put,regular,100,0.2698,287,6090.0
2026-08-27,66750,2027-06-10,put,regular,150,0.2682,287,6460.0
2026-08-27,67000,2027-06-10,put,regular,870,0.2675,287,6585.0
2026-08-27,67500,2027-06-10,put,regular,100,0.2663,287,6840.0
2026-08-27,68000,2027-06-10,put,regular,600,0.2653,287,7105.0
2026-08-27,68500,2027-06-10,put,regular,200,0.2642,287,7375.0
2026-08-27,69000,2027-06-10,put,regular,500,0.263,287,7650.0
2026-08-27,70000,2027-06-10,put,regular,700,0.2608,287,8220.0
2026-08-27,72000,2027-06-10,put,regular,100,0.2568,287,9440.0
2026-08-27,77500,2027-06-10,put,regular,50,0.2464,287,13275.0
2026-08-27,67000,2027-07-08,put,regular,58,0.2651,315,6820.0
2026-08-27,31000,2027-09-09,put,regular,200,0.4218,378,290.0
2026-08-27,45000,2027-09-09,put,regular,100,0.3357,378,1170.0
2026-08-27,47000,2027-09-09,put,regular,200,0.3262,378,1410.0
2026-08-27,48000,2027-09-09,put,regular,100,0.3213,378,1540.0
2026-08-27,50000,2027-09-09,put,regular,125,0.3125,378,1845.0
2026-08-27,52000,2027-09-09,put,regular,3,0.3041,378,2200.0
2026-08-27,53000,2027-09-09,put,regular,300,0.3001,378,2400.0
2026-08-27,54250,2027-09-09,put,regular,200,0.2953,378,2670.0
2026-08-27,55000,2027-09-09,put,regular,300,0.2927,378,2850.0
2026-08-27,58000,2027-09-09,put,regular,1,0.2823,378,3655.0
2026-08-27,60000,2027-09-09,put,regular,225,0.2761,378,4295.0
2026-08-27,62000,2027-09-09,put,regular,188,0.2704,378,5020.0
2026-08-27,65000,2027-09-09,put,regular,300,0.2627,378,6285.0
2026-08-27,68250,2027-09-09,put,regular,200,0.2554,378,7895.0
2026-08-27,68750,2027-09-09,put,regular,91,0.2543,378,8165.0
2026-08-27,12500,2027-12-09,put,regular,11,0.539,469,16.0
2026-08-27,13000,2027-12-09,put,regular,1,0.4397,469,2.0
2026-08-27,16000,2027-12-09,put,regular,350,0.4357,469,9.0
2026-08-27,19000,2027-12-09,put,regular,300,0.433,469,29.0
2026-08-27,20000,2027-12-09,put,regular,400,0.4433,469,50.0
2026-08-27,21000,2027-12-09,put,regular,50,0.4331,469,57.0
2026-08-27,22000,2027-12-09,put,regular,408,0.4323,469,76.0
2026-08-27,22500,2027-12-09,put,regular,36,0.4325,469,88.0
2026-08-27,23000,2027-12-09,put,regular,132,0.4325,469,101.0
2026-08-27,23750,2027-12-09,put,regular,39,0.4324,469,123.0
2026-08-27,24000,2027-12-09,put,regular,1721,0.4323,469,131.0
2026-08-27,25000,2027-12-09,put,regular,1211,0.4321,469,167.0
2026-08-27,26000,2027-12-09,put,regular,200,0.4319,469,210.0
2026-08-27,26500,2027-12-09,put,regular,100,0.432,469,235.0
2026-08-27,27000,2027-12-09,put,regular,1300,0.4318,469,261.0
2026-08-27,28000,2027-12-09,put,regular,2125,0.4247,469,293.0
2026-08-27,29000,2027-12-09,put,regular,350,0.4183,469,330.0
2026-08-27,29500,2027-12-09,put,regular,249,0.4152,469,350.0
2026-08-27,30000,2027-12-09,put,regular,2445,0.4119,469,370.0
2026-08-27,31000,2027-12-09,put,regular,1750,0.405,469,410.0
2026-08-27,31500,2027-12-09,put,regular,204,0.4014,469,430.0
2026-08-27,32000,2027-12-09,put,regular,1425,0.3976,469,450.0
2026-08-27,32250,2027-12-09,put,regular,30,0.3966,469,465.0
2026-08-27,32750,2027-12-09,put,regular,35,0.3936,469,490.0
2026-08-27,33000,2027-12-09,put,regular,450,0.3916,469,500.0
2026-08-27,34000,2027-12-09,put,regular,1794,0.385,469,550.0
2026-08-27,34500,2027-12-09,put,regular,100,0.3823,469,580.0
2026-08-27,35000,2027-12-09,put,regular,1600,0.3795,469,610.0
2026-08-27,35500,2027-12-09,put,regular,40,0.3765,469,640.0
2026-08-27,36000,2027-12-09,put,regular,1130,0.3734,469,670.0
2026-08-27,36500,2027-12-09,put,regular,300,0.3702,469,700.0
2026-08-27,37000,2027-12-09,put,regular,1150,0.3675,469,735.0
2026-08-27,38000,2027-12-09,put,regular,1175,0.3616,469,805.0
2026-08-27,39000,2027-12-09,put,regular,800,0.3564,469,885.0
2026-08-27,39500,2027-12-09,put,regular,50,0.3536,469,925.0
2026-08-27,40000,2027-12-09,put,regular,3150,0.3507,469,965.0
2026-08-27,40500,2027-12-09,put,regular,450,0.3481,469,1010.0
2026-08-27,42000,2027-12-09,put,regular,550,0.3406,469,1155.0
2026-08-27,43000,2027-12-09,put,regular,240,0.3356,469,1260.0
2026-08-27,44000,2027-12-09,put,regular,100,0.3309,469,1375.0
2026-08-27,45000,2027-12-09,put,regular,1975,0.3263,469,1500.0
2026-08-27,46000,2027-12-09,put,regular,700,0.3219,469,1635.0
2026-08-27,47000,2027-12-09,put,regular,250,0.3173,469,1775.0
2026-08-27,47500,2027-12-09,put,regular,35,0.3154,469,1855.0
2026-08-27,48000,2027-12-09,put,regular,615,0.3134,469,1935.0
2026-08-27,49000,2027-12-09,put,regular,700,0.3091,469,2100.0
2026-08-27,50000,2027-12-09,put,regular,3170,0.3052,469,2280.0
2026-08-27,51000,2027-12-09,put,regular,350,0.3015,469,2475.0
2026-08-27,52000,2027-12-09,put,regular,635,0.2979,469,2685.0
2026-08-27,53000,2027-12-09,put,regular,822,0.2944,469,2910.0
2026-08-27,54000,2027-12-09,put,regular,450,0.291,469,3150.0
2026-08-27,54500,2027-12-09,put,regular,400,0.2893,469,3275.0
2026-08-27,55000,2027-12-09,put,regular,1300,0.2877,469,3405.0
2026-08-27,55500,2027-12-09,put,regular,75,0.2864,469,3545.0
2026-08-27,56000,2027-12-09,put,regular,270,0.2846,469,3680.0
2026-08-27,57000,2027-12-09,put,regular,220,0.2817,469,3975.0
2026-08-27,58000,2027-12-09,put,regular,1825,0.2788,469,4285.0
2026-08-27,58500,2027-12-09,put,regular,210,0.2775,469,4450.0
2026-08-27,59000,2027-12-09,put,regular,100,0.276,469,4615.0
2026-08-27,60000,2027-12-09,put,regular,860,0.2735,469,4970.0
2026-08-27,62000,2027-12-09,put,regular,425,0.2684,469,5730.0
2026-08-27,62500,2027-12-09,put,regular,70,0.2673,469,5935.0
2026-08-27,63000,2027-12-09,put,regular,300,0.2662,469,6145.0
2026-08-27,63500,2027-12-09,put,regular,50,0.2651,469,6360.0
2026-08-27,64000,2027-12-09,put,regular,130,0.2639,469,6580.0
2026-08-27,65000,2027-12-09,put,regular,1300,0.2619,469,7040.0
2026-08-27,66000,2027-12-09,put,regular,725,0.2598,469,7515.0
2026-08-27,67000,2027-12-09,put,regular,400,0.2578,469,8015.0
2026-08-27,68000,2027-12-09,put,regular,200,0.256,469,8540.0
2026-08-27,69000,2027-12-09,put,regular,750,0.2543,469,9085.0
2026-08-27,70000,2027-12-09,put,regular,550,0.2525,469,9650.0
2026-08-27,75000,2027-12-09,put,regular,175,0.2449,469,12785.0
2026-08-27,80000,2027-12-09,put,regular,400,0.2381,469,16380.0
2026-08-27,15000,2028-06-08,put,regular,3,0.4109,651,17.0
2026-08-27,25000,2028-06-08,put,regular,630,0.41,651,320.0
2026-08-27,26000,2028-06-08,put,regular,250,0.4101,651,390.0
2026-08-27,27000,2028-06-08,put,regular,100,0.4101,651,470.0
2026-08-27,30000,2028-06-08,put,regular,300,0.3896,651,620.0
2026-08-27,32000,2028-06-08,put,regular,250,0.3777,651,745.0
2026-08-27,33000,2028-06-08,put,regular,100,0.372,651,815.0
2026-08-27,35000,2028-06-08,put,regular,200,0.3611,651,970.0
2026-08-27,40000,2028-06-08,put,regular,250,0.3359,651,1460.0
2026-08-27,41500,2028-06-08,put,regular,100,0.3292,651,1645.0
2026-08-27,45000,2028-06-08,put,regular,15,0.3139,651,2140.0
2026-08-27,48000,2028-06-08,put,regular,300,0.3021,651,2665.0
2026-08-27,50000,2028-06-08,put,regular,400,0.2946,651,3070.0
2026-08-27,53000,2028-06-08,put,regular,50,0.2843,651,3775.0
2026-08-27,54000,2028-06-08,put,regular,100,0.2809,651,4035.0
2026-08-27,55000,2028-06-08,put,regular,50,0.2779,651,4315.0
2026-08-27,58000,2028-06-08,put,regular,200,0.2694,651,5255.0
2026-08-27,60000,2028-06-08,put,regular,250,0.2641,651,5965.0
2026-08-27,12000,2028-12-07,put,regular,300,0.3724,833,5.0
2026-08-27,16000,2028-12-07,put,regular,1950,0.371,833,31.0
2026-08-27,18000,2028-12-07,put,regular,100,0.3699,833,61.0
2026-08-27,20000,2028-12-07,put,regular,200,0.37,833,111.0
2026-08-27,23000,2028-12-07,put,regular,100,0.3692,833,231.0
2026-08-27,23500,2028-12-07,put,regular,38,0.3692,833,258.0
2026-08-27,24000,2028-12-07,put,regular,1000,0.3692,833,287.0
2026-08-27,25000,2028-12-07,put,regular,1200,0.3697,833,355.0
2026-08-27,27000,2028-12-07,put,regular,120,0.3689,833,510.0
2026-08-27,27500,2028-12-07,put,regular,50,0.3666,833,540.0
2026-08-27,28000,2028-12-07,put,regular,1250,0.3648,833,575.0
2026-08-27,30000,2028-12-07,put,regular,350,0.3566,833,720.0
2026-08-27,31000,2028-12-07,put,regular,400,0.3525,833,800.0
2026-08-27,32000,2028-12-07,put,regular,850,0.3489,833,890.0
2026-08-27,32250,2028-12-07,put,regular,51,0.3476,833,910.0
2026-08-27,33000,2028-12-07,put,regular,125,0.3447,833,980.0
2026-08-27,34000,2028-12-07,put,regular,775,0.3409,833,1080.0
2026-08-27,34750,2028-12-07,put,regular,100,0.3382,833,1160.0
2026-08-27,35000,2028-12-07,put,regular,1305,0.3371,833,1185.0
2026-08-27,36000,2028-12-07,put,regular,2750,0.3332,833,1295.0
2026-08-27,37000,2028-12-07,put,regular,580,0.3295,833,1415.0
2026-08-27,38000,2028-12-07,put,regular,2860,0.3258,833,1540.0
2026-08-27,39000,2028-12-07,put,regular,50,0.3219,833,1670.0
2026-08-27,40000,2028-12-07,put,regular,1210,0.3186,833,1815.0
2026-08-27,42000,2028-12-07,put,regular,350,0.3114,833,2120.0
2026-08-27,43000,2028-12-07,put,regular,100,0.3079,833,2285.0
2026-08-27,44500,2028-12-07,put,regular,75,0.3028,833,2550.0
2026-08-27,45000,2028-12-07,put,regular,670,0.3012,833,2645.0
2026-08-27,48000,2028-12-07,put,regular,600,0.2913,833,3255.0
2026-08-27,50000,2028-12-07,put,regular,2450,0.2851,833,3720.0
2026-08-27,51000,2028-12-07,put,regular,150,0.2821,833,3970.0
2026-08-27,53000,2028-12-07,put,regular,50,0.2764,833,4510.0
2026-08-27,55000,2028-12-07,put,regular,705,0.2709,833,5105.0
2026-08-27,56000,2028-12-07,put,regular,450,0.2682,833,5420.0
2026-08-27,57000,2028-12-07,put,regular,150,0.2657,833,5755.0
2026-08-27,60000,2028-12-07,put,regular,550,0.2585,833,6850.0
2026-08-27,63000,2028-12-07,put,regular,25,0.2519,833,8090.0
2026-08-27,65000,2028-12-07,put,regular,925,0.2478,833,9000.0
2026-08-27,68000,2028-12-07,put,regular,100,0.2423,833,10500.0
2026-08-27,69000,2028-12-07,put,regular,270,0.2407,833,11035.0
2026-08-27,70000,2028-12-07,put,regular,100,0.239,833,11585.0
2026-08-27,75000,2028-12-07,put,regular,80,0.2316,833,14595.0
2026-08-27,15000,2029-06-07,put,regular,1,0.3559,1015,35.0
2026-08-27,15000,2029-12-13,put,regular,1,0.3435,1204,53.0
2026-08-27,23250,2029-12-13,put,regular,40,0.3411,1204,430.0
2026-08-27,32000,2029-12-13,put,regular,113,0.3309,1204,1445.0
2026-08-27,34250,2029-12-13,put,regular,6,0.3237,1204,1755.0
2026-08-27,44000,2029-12-13,put,regular,100,0.2869,1204,3340.0
2026-08-27,45000,2029-12-13,put,regular,50,0.2833,1204,3540.0
2026-08-27,50000,2029-12-13,put,regular,70,0.2667,1204,4690.0
2026-08-27,64000,2029-12-13,put,regular,100,0.2375,1204,9865.0
2026-08-27,65000,2029-12-13,put,regular,50,0.2361,1204,10355.0
2026-08-27,70000,2029-12-13,put,regular,100,0.2296,1204,13020.0
2026-08-27,19000,2030-06-13,put,regular,2,0.3441,1386,271.0
2026-08-27,23500,2030-12-12,put,regular,100,0.333,1568,745.0
2026-08-27,31750,2030-12-12,put,regular,74,0.3102,1568,1755.0
2026-08-27,34000,2030-12-12,put,regular,24,0.3003,1568,2035.0
2026-08-27,44000,2030-12-12,put,regular,80,0.2689,1568,3885.0
2026-08-27,49500,2030-12-12,put,regular,100,0.2568,1568,5385.0
2026-08-27,50000,2030-12-12,put,regular,100,0.2559,1568,5540.0
2026-08-27,64000,2030-12-12,call,regular,3,0.1796,1568,10985.0
2026-08-27,31500,2031-12-11,call,regular,52,0.2,1932,2180.0
2026-08-27,68000,2031-12-11,call,regular,100,0.2364,1932,13735.0
2026-08-27,31250,2032-12-09,call,regular,40,0.2,2296,2455.0
2026-08-27,30000,2026-09-10,call,regular,3750,0.2,14,36395.0
2026-08-27,37000,2026-09-10,call,regular,1,0.2,14,29400.0
2026-08-27,40000,2026-09-10,call,regular,5,1.0776,14,26405.0
2026-08-27,42000,2026-09-10,call,regular,101,0.9826,14,24405.0
2026-08-27,42500,2026-09-10,call,regular,10,0.9595,14,23905.0
2026-08-27,43000,2026-09-10,call,regular,100,0.9366,14,23405.0
2026-08-27,43500,2026-09-10,call,regular,57,0.9323,14,22910.0
2026-08-27,45000,2026-09-10,call,regular,42,0.8647,14,21410.0
2026-08-27,48000,2026-09-10,call,regular,400,0.7613,14,18420.0
2026-08-27,48500,2026-09-10,call,regular,240,0.7397,14,17920.0
2026-08-27,49000,2026-09-10,call,regular,200,0.7183,14,17420.0
2026-08-27,50000,2026-09-10,call,regular,4650,0.6866,14,16425.0
2026-08-27,50500,2026-09-10,call,regular,50,0.6655,14,15925.0
2026-08-27,51000,2026-09-10,call,regular,141,0.6445,14,15425.0
2026-08-27,51250,2026-09-10,call,regular,210,0.6433,14,15180.0
2026-08-27,52000,2026-09-10,call,regular,350,0.6118,14,14430.0
2026-08-27,53000,2026-09-10,call,regular,1100,0.5783,14,13435.0
2026-08-27,53500,2026-09-10,call,regular,400,0.5649,14,12940.0
2026-08-27,53750,2026-09-10,call,regular,150,0.5613,14,12695.0
2026-08-27,54000,2026-09-10,call,regular,1056,0.5508,14,12445.0
2026-08-27,54250,2026-09-10,call,regular,50,0.5403,14,12195.0
2026-08-27,54500,2026-09-10,call,regular,200,0.5361,14,11950.0
2026-08-27,54750,2026-09-10,call,regular,90,0.5256,14,11700.0
2026-08-27,55000,2026-09-10,call,regular,660,0.521,14,11455.0
2026-08-27,56000,2026-09-10,call,regular,1250,0.4892,14,10465.0
2026-08-27,56500,2026-09-10,call,regular,75,0.4727,14,9970.0
2026-08-27,57000,2026-09-10,call,regular,850,0.4602,14,9480.0
2026-08-27,57500,2026-09-10,call,regular,384,0.4466,14,8990.0
2026-08-27,58000,2026-09-10,call,regular,1101,0.4322,14,8500.0
2026-08-27,59000,2026-09-10,call,regular,1096,0.4071,14,7530.0
2026-08-27,60000,2026-09-10,call,regular,786,0.3873,14,6580.0
2026-08-27,60500,2026-09-10,call,regular,750,0.3747,14,6105.0
2026-08-27,60750,2026-09-10,call,regular,120,0.371,14,5875.0
2026-08-27,61000,2026-09-10,call,regular,221,0.3665,14,5645.0
2026-08-27,61250,2026-09-10,call,regular,22,0.3417,14,5365.0
2026-08-27,61500,2026-09-10,call,regular,2,0.3409,14,5145.0
2026-08-27,61875,2026-09-10,call,regular,2,0.3515,14,4855.0
2026-08-27,62000,2026-09-10,call,regular,2002,0.3329,14,4695.0
2026-08-27,62250,2026-09-10,call,regular,1,0.3326,14,4485.0
2026-08-27,62500,2026-09-10,call,regular,801,0.3266,14,4260.0
2026-08-27,63000,2026-09-10,call,regular,967,0.324,14,3850.0
2026-08-27,63250,2026-09-10,call,regular,1,0.3171,14,3630.0
2026-08-27,63500,2026-09-10,call,regular,4,0.3185,14,3445.0
2026-08-27,64000,2026-09-10,call,regular,1685,0.3104,14,3045.0
2026-08-27,64250,2026-09-10,call,regular,100,0.3118,14,2875.0
2026-08-27,64500,2026-09-10,call,regular,103,0.3097,14,2695.0
2026-08-27,64750,2026-09-10,call,regular,1,0.3075,14,2520.0
2026-08-27,64875,2026-09-10,call,regular,1,0.3128,14,2465.0
2026-08-27,65000,2026-09-10,call,regular,5381,0.3022,14,2335.0
2026-08-27,65125,2026-09-10,call,regular,31500000,0.3017,14,2255.0
2026-08-27,65250,2026-09-10,call,regular,3,0.2999,14,2170.0
2026-08-27,65375,2026-09-10,call,regular,1,0.2998,14,2095.0
2026-08-27,65500,2026-09-10,call,regular,173,0.2984,14,2015.0
2026-08-27,65750,2026-09-10,call,regular,3,0.2967,14,1865.0
2026-08-27,65875,2026-09-10,call,regular,1,0.3003,14,1815.0
2026-08-27,66000,2026-09-10,call,regular,1784,0.3006,14,1750.0
2026-08-27,66125,2026-09-10,call,regular,42,0.2919,14,1640.0
2026-08-27,66250,2026-09-10,call,regular,38,0.2917,14,1575.0
2026-08-27,66375,2026-09-10,call,regular,1,0.2911,14,1510.0
2026-08-27,66500,2026-09-10,call,regular,1410,0.2863,14,1425.0
2026-08-27,66625,2026-09-10,call,regular,3,0.2899,14,1385.0
2026-08-27,66750,2026-09-10,call,regular,1211,0.2893,14,1325.0
2026-08-27,67000,2026-09-10,call,regular,2909,0.2804,14,1170.0
2026-08-27,67125,2026-09-10,call,regular,6,0.2876,14,1155.0
2026-08-27,67250,2026-09-10,call,regular,5,0.2867,14,1100.0
2026-08-27,67375,2026-09-10,call,regular,29,0.2865,14,1050.0
2026-08-27,67500,2026-09-10,call,regular,2114,0.2869,14,1005.0
2026-08-27,67625,2026-09-10,call,regular,31,0.285,14,950.0
2026-08-27,67750,2026-09-10,call,regular,480,0.2808,14,885.0
2026-08-27,67875,2026-09-10,call,regular,36,0.2843,14,860.0
2026-08-27,68000,2026-09-10,call,regular,2488,0.2761,14,780.0
2026-08-27,68125,2026-09-10,call,regular,85,0.2834,14,775.0
2026-08-27,68250,2026-09-10,call,regular,20,0.2819,14,730.0
2026-08-27,68375,2026-09-10,call,regular,5,0.2822,14,695.0
2026-08-27,68500,2026-09-10,call,regular,156,0.28,14,650.0
2026-08-27,68625,2026-09-10,call,regular,26,0.2808,14,620.0
2026-08-27,68750,2026-09-10,call,regular,309,0.2801,14,585.0
2026-08-27,68875,2026-09-10,call,regular,83,0.2803,14,555.0
2026-08-27,69000,2026-09-10,call,regular,1717,0.279,14,520.0
2026-08-27,69125,2026-09-10,call,regular,104,0.2798,14,495.0
2026-08-27,69250,2026-09-10,call,regular,102,0.2791,14,465.0
2026-08-27,69375,2026-09-10,call,regular,20,0.2793,14,440.0
2026-08-27,69500,2026-09-10,call,regular,726,0.2792,14,415.0
2026-08-27,69625,2026-09-10,call,regular,73,0.2788,14,390.0
2026-08-27,69750,2026-09-10,call,regular,1452,0.278,14,365.0
2026-08-27,69875,2026-09-10,call,regular,44,0.2784,14,345.0
2026-08-27,70000,2026-09-10,call,regular,3543,0.2739,14,310.0
2026-08-27,70125,2026-09-10,call,regular,1,0.2783,14,305.0
2026-08-27,70250,2026-09-10,call,regular,634,0.278,14,286.0
2026-08-27,70375,2026-09-10,call,regular,2,0.2785,14,270.0
2026-08-27,70500,2026-09-10,call,regular,322,0.2759,14,246.0
2026-08-27,70625,2026-09-10,call,regular,55,0.2779,14,236.0
2026-08-27,70750,2026-09-10,call,regular,35,0.2782,14,222.0
2026-08-27,70875,2026-09-10,call,regular,61,0.2782,14,208.0
2026-08-27,71000,2026-09-10,call,regular,1666,0.2775,14,193.0
2026-08-27,71125,2026-09-10,call,regular,57,0.2785,14,183.0
2026-08-27,71250,2026-09-10,call,regular,41,0.2776,14,169.0
2026-08-27,71375,2026-09-10,call,regular,11,0.2781,14,159.0
2026-08-27,71500,2026-09-10,call,regular,540,0.2793,14,151.0
2026-08-27,71625,2026-09-10,call,regular,2,0.2783,14,139.0
2026-08-27,71750,2026-09-10,call,regular,18,0.278,14,129.0
2026-08-27,71875,2026-09-10,call,regular,1,0.2779,14,120.0
2026-08-27,72000,2026-09-10,call,regular,2381,0.2775,14,111.0
2026-08-27,72125,2026-09-10,call,regular,78,0.2791,14,106.0
2026-08-27,72250,2026-09-10,call,regular,38,0.2794,14,99.0
2026-08-27,72375,2026-09-10,call,regular,10,0.28,14,93.0
2026-08-27,72500,2026-09-10,call,regular,1788,0.2762,14,81.0
2026-08-27,72625,2026-09-10,call,regular,4,0.2812,14,82.0
2026-08-27,72750,2026-09-10,call,regular,202,0.2811,14,76.0
2026-08-27,72875,2026-09-10,call,regular,34,0.2806,14,70.0
2026-08-27,73000,2026-09-10,call,regular,1727,0.2799,14,64.0
2026-08-27,73125,2026-09-10,call,regular,5,0.2822,14,62.0
2026-08-27,73250,2026-09-10,call,regular,19,0.2845,14,60.0
2026-08-27,73375,2026-09-10,call,regular,2,0.2848,14,56.0
2026-08-27,73500,2026-09-10,call,regular,492,0.283,14,50.0
2026-08-27,73625,2026-09-10,call,regular,4,0.2858,14,49.0
2026-08-27,73750,2026-09-10,call,regular,53,0.2876,14,47.0
2026-08-27,73875,2026-09-10,call,regular,18,0.2881,14,44.0
2026-08-27,74000,2026-09-10,call,regular,1352,0.2848,14,38.0
2026-08-27,74125,2026-09-10,call,regular,3,0.2885,14,38.0
2026-08-27,74250,2026-09-10,call,regular,4,0.2909,14,37.0
2026-08-27,74375,2026-09-10,call,regular,1,0.2906,14,34.0
2026-08-27,74500,2026-09-10,call,regular,155,0.2885,14,30.0
2026-08-27,74625,2026-09-10,call,regular,48,0.292,14,30.0
2026-08-27,74750,2026-09-10,call,regular,70,0.2925,14,28.0
2026-08-27,75000,2026-09-10,call,regular,3130,0.2909,14,23.0
2026-08-27,75125,2026-09-10,call,regular,1,0.2943,14,23.0
2026-08-27,75250,2026-09-10,call,regular,38,0.2938,14,21.0
2026-08-27,75375,2026-09-10,call,regular,1,0.2971,14,21.0
2026-08-27,75500,2026-09-10,call,regular,205,0.2942,14,18.0
2026-08-27,76000,2026-09-10,call,regular,595,0.2944,14,13.0
2026-08-27,76500,2026-09-10,call,regular,64,0.3037,14,12.0
2026-08-27,77000,2026-09-10,call,regular,774,0.3052,14,9.0
2026-08-27,77500,2026-09-10,call,regular,976,0.3029,14,6.0
2026-08-27,78000,2026-09-10,call,regular,2455,0.3081,14,5.0
2026-08-27,78500,2026-09-10,call,regular,69,0.3189,14,5.0
2026-08-27,79000,2026-09-10,call,regular,255,0.3135,14,3.0
2026-08-27,79500,2026-09-10,call,regular,209,0.3237,14,3.0
2026-08-27,80000,2026-09-10,call,regular,1839,0.3338,14,3.0
2026-08-27,80500,2026-09-10,call,regular,29,0.3438,14,3.0
2026-08-27,81000,2026-09-10,call,regular,384,0.341,14,2.0
2026-08-27,81500,2026-09-10,call,regular,59,0.3506,14,2.0
2026-08-27,82000,2026-09-10,call,regular,380,0.36,14,2.0
2026-08-27,82500,2026-09-10,call,regular,96,0.3489,14,1.0
2026-08-27,83000,2026-09-10,call,regular,504,0.3578,14,1.0
2026-08-27,83500,2026-09-10,call,regular,49,0.3665,14,1.0
2026-08-27,84000,2026-09-10,call,regular,1219,0.3752,14,1.0
2026-08-27,84500,2026-09-10,call,regular,52,0.3839,14,1.0
2026-08-27,85000,2026-09-10,call,regular,1186,0.3924,14,1.0
2026-08-27,87500,2026-09-10,call,regular,345,0.4342,14,1.0
2026-08-27,90000,2026-09-10,call,regular,666,0.4745,14,1.0
2026-08-27,92000,2026-09-10,call,regular,56,0.5058,14,1.0
2026-08-27,94000,2026-09-10,call,regular,17,0.5361,14,1.0
2026-08-27,95000,2026-09-10,call,regular,43,0.551,14,1.0
2026-08-27,96000,2026-09-10,call,regular,20,0.5657,14,1.0
2026-08-27,98000,2026-09-10,call,regular,15,0.5945,14,1.0
2026-08-27,100000,2026-09-10,call,regular,89,0.6226,14,1.0
2026-08-27,35000,2026-10-08,call,regular,24,0.2,42,31010.0
2026-08-27,45000,2026-10-08,call,regular,2,0.2,42,21070.0
2026-08-27,47500,2026-10-08,call,regular,34,0.2,42,18600.0
2026-08-27,53000,2026-10-08,call,regular,34,0.2,42,13215.0
2026-08-27,55000,2026-10-08,call,regular,4,0.2,42,11295.0
2026-08-27,57000,2026-10-08,call,regular,1,0.2145,42,9410.0
2026-08-27,60000,2026-10-08,call,regular,1,0.2613,42,6735.0
2026-08-27,60500,2026-10-08,call,regular,100,0.2636,42,6320.0
2026-08-27,61000,2026-10-08,call,regular,201,0.2643,42,5910.0
2026-08-27,62000,2026-10-08,call,regular,49,0.2651,42,5125.0
2026-08-27,63000,2026-10-08,call,regular,4,0.2642,42,4385.0
2026-08-27,63500,2026-10-08,call,regular,4030000,0.2629,42,4030.0
2026-08-27,63875,2026-10-08,call,regular,50,0.264,42,3790.0
2026-08-27,64000,2026-10-08,call,regular,31,0.2616,42,3690.0
2026-08-27,64750,2026-10-08,call,regular,3230000,0.2597,42,3210.0
2026-08-27,65000,2026-10-08,call,regular,145,0.2604,42,3070.0
2026-08-27,65250,2026-10-08,call,regular,1,0.2595,42,2920.0
2026-08-27,65500,2026-10-08,call,regular,181,0.2581,42,2770.0
2026-08-27,65750,2026-10-08,call,regular,51,0.258,42,2635.0
2026-08-27,65875,2026-10-08,call,regular,1,0.258,42,2570.0
2026-08-27,66000,2026-10-08,call,regular,304,0.2529,42,2460.0
2026-08-27,66125,2026-10-08,call,regular,24610000,0.2577,42,2440.0
2026-08-27,66250,2026-10-08,call,regular,4,0.2568,42,2370.0
2026-08-27,66375,2026-10-08,call,regular,1,0.2575,42,2315.0
2026-08-27,66500,2026-10-08,call,regular,1,0.2563,42,2245.0
2026-08-27,66750,2026-10-08,call,regular,6410000,0.2559,42,2125.0
2026-08-27,66875,2026-10-08,call,regular,12,0.2561,42,2070.0
2026-08-27,67000,2026-10-08,call,regular,505,0.2556,42,2010.0
2026-08-27,67500,2026-10-08,call,regular,131,0.2558,42,1800.0
2026-08-27,67750,2026-10-08,call,regular,1,0.2546,42,1690.0
2026-08-27,68000,2026-10-08,call,regular,596,0.2547,42,1595.0
2026-08-27,68125,2026-10-08,call,regular,18,0.2548,42,1550.0
2026-08-27,68250,2026-10-08,call,regular,2,0.2543,42,1500.0
2026-08-27,68375,2026-10-08,call,regular,3,0.2553,42,1465.0
2026-08-27,68500,2026-10-08,call,regular,202,0.2545,42,1415.0
2026-08-27,68750,2026-10-08,call,regular,1125000,0.2544,42,1330.0
2026-08-27,69000,2026-10-08,call,regular,1162,0.2537,42,1245.0
2026-08-27,69250,2026-10-08,call,regular,985000,0.2539,42,1170.0
2026-08-27,69500,2026-10-08,call,regular,6,0.2523,42,1085.0
2026-08-27,69750,2026-10-08,call,regular,1,0.254,42,1030.0
2026-08-27,69875,2026-10-08,call,regular,88,0.2544,42,1000.0
2026-08-27,70000,2026-10-08,call,regular,830,0.2521,42,950.0
2026-08-27,70500,2026-10-08,call,regular,100,0.2542,42,845.0
2026-08-27,70750,2026-10-08,call,regular,1,0.2543,42,790.0
2026-08-27,71000,2026-10-08,call,regular,120,0.2547,42,740.0
2026-08-27,71250,2026-10-08,call,regular,2420000,0.2547,42,690.0
2026-08-27,71500,2026-10-08,call,regular,244,0.255,42,645.0
2026-08-27,71750,2026-10-08,call,regular,4265000,0.255,42,600.0
2026-08-27,72000,2026-10-08,call,regular,680,0.2561,42,565.0
2026-08-27,72250,2026-10-08,call,regular,46,0.2544,42,515.0
2026-08-27,72500,2026-10-08,call,regular,81,0.2565,42,490.0
2026-08-27,72750,2026-10-08,call,regular,7,0.2556,42,450.0
2026-08-27,73000,2026-10-08,call,regular,1233,0.2562,42,420.0
2026-08-27,73250,2026-10-08,call,regular,1,0.2574,42,395.0
2026-08-27,73500,2026-10-08,call,regular,6,0.2561,42,360.0
2026-08-27,73750,2026-10-08,call,regular,1,0.2566,42,335.0
2026-08-27,74000,2026-10-08,call,regular,473,0.2555,42,305.0
2026-08-27,74250,2026-10-08,call,regular,8,0.2578,42,291.0
2026-08-27,74500,2026-10-08,call,regular,59,0.2577,42,268.0
2026-08-27,74750,2026-10-08,call,regular,1,0.2576,42,247.0
2026-08-27,75000,2026-10-08,call,regular,1504,0.2578,42,228.0
2026-08-27,75250,2026-10-08,call,regular,3,0.2589,42,214.0
2026-08-27,75500,2026-10-08,call,regular,3,0.259,42,197.0
2026-08-27,76000,2026-10-08,call,regular,592,0.2591,42,167.0
2026-08-27,76500,2026-10-08,call,regular,3,0.2604,42,144.0
2026-08-27,77000,2026-10-08,call,regular,1112,0.259,42,118.0
2026-08-27,77500,2026-10-08,call,regular,102,0.262,42,105.0
2026-08-27,78000,2026-10-08,call,regular,618,0.2631,42,90.0
2026-08-27,78500,2026-10-08,call,regular,4,0.2642,42,77.0
2026-08-27,79000,2026-10-08,call,regular,35,0.266,42,67.0
2026-08-27,79500,2026-10-08,call,regular,4,0.2661,42,56.0
2026-08-27,80000,2026-10-08,call,regular,1795,0.2665,42,47.0
2026-08-27,80500,2026-10-08,call,regular,1,0.2685,42,41.0
2026-08-27,81000,2026-10-08,call,regular,447,0.2707,42,36.0
2026-08-27,81500,2026-10-08,call,regular,2,0.2766,42,35.0
2026-08-27,82000,2026-10-08,call,regular,52,0.2711,42,25.0
2026-08-27,82500,2026-10-08,call,regular,1,0.2733,42,22.0
2026-08-27,83000,2026-10-08,call,regular,26,0.2748,42,19.0
2026-08-27,83500,2026-10-08,call,regular,9,0.2794,42,18.0
2026-08-27,84000,2026-10-08,call,regular,16,0.2774,42,14.0
2026-08-27,85000,2026-10-08,call,regular,142,0.279,42,10.0
2026-08-27,87500,2026-10-08,call,regular,114,0.2922,42,6.0
2026-08-27,90000,2026-10-08,call,regular,99,0.3068,42,4.0
2026-08-27,92500,2026-10-08,call,regular,1,0.3233,42,3.0
2026-08-27,95000,2026-10-08,call,regular,14,0.3353,42,2.0
2026-08-27,97500,2026-10-08,call,regular,11,0.3573,42,2.0
2026-08-27,100000,2026-10-08,call,regular,297,0.3594,42,1.0
2026-08-27,44500,2026-11-12,call,regular,1,0.2,77,21830.0
2026-08-27,50250,2026-11-12,call,regular,35,0.3384,77,16265.0
2026-08-27,56000,2026-11-12,call,regular,34,0.3133,77,10895.0
2026-08-27,57500,2026-11-12,call,regular,100,0.3056,77,9575.0
2026-08-27,58000,2026-11-12,call,regular,1,0.3057,77,9165.0
2026-08-27,60500,2026-11-12,call,regular,100,0.2937,77,7130.0
2026-08-27,61000,2026-11-12,call,regular,200,0.2922,77,6755.0
2026-08-27,63000,2026-11-12,call,regular,5000000,0.2841,77,5325.0
2026-08-27,64000,2026-11-12,call,regular,125,0.2796,77,4665.0
2026-08-27,65000,2026-11-12,call,regular,13,0.2765,77,4065.0
2026-08-27,65500,2026-11-12,call,regular,101,0.2756,77,3790.0
2026-08-27,65750,2026-11-12,call,regular,1,0.2679,77,3570.0
2026-08-27,65875,2026-11-12,call,regular,50,0.2678,77,3505.0
2026-08-27,66000,2026-11-12,call,regular,346,0.2671,77,3435.0
2026-08-27,66500,2026-11-12,call,regular,2835000,0.266,77,3180.0
2026-08-27,67000,2026-11-12,call,regular,1126,0.2647,77,2935.0
2026-08-27,67125,2026-11-12,call,regular,2850000,0.2655,77,2890.0
2026-08-27,67500,2026-11-12,call,regular,301,0.264,77,2710.0
2026-08-27,68000,2026-11-12,call,regular,130,0.2632,77,2495.0
2026-08-27,68375,2026-11-12,call,regular,16,0.2624,77,2340.0
2026-08-27,68500,2026-11-12,call,regular,1,0.2617,77,2285.0
2026-08-27,69000,2026-11-12,call,regular,1188,0.2644,77,2135.0
2026-08-27,69500,2026-11-12,call,regular,4,0.2632,77,1950.0
2026-08-27,70000,2026-11-12,call,regular,1012,0.2631,77,1790.0
2026-08-27,70500,2026-11-12,call,regular,1,0.2622,77,1630.0
2026-08-27,71000,2026-11-12,call,regular,300,0.2612,77,1480.0
2026-08-27,71500,2026-11-12,call,regular,278,0.262,77,1360.0
2026-08-27,72000,2026-11-12,call,regular,195,0.2615,77,1235.0
2026-08-27,72500,2026-11-12,call,regular,602,0.2611,77,1120.0
2026-08-27,74000,2026-11-12,call,regular,100,0.2599,77,825.0
2026-08-27,74500,2026-11-12,call,regular,116,0.2605,77,750.0
2026-08-27,75000,2026-11-12,call,regular,838,0.2609,77,680.0
2026-08-27,75500,2026-11-12,call,regular,76,0.2612,77,615.0
2026-08-27,76500,2026-11-12,call,regular,278,0.2609,77,495.0
2026-08-27,77000,2026-11-12,call,regular,120,0.2618,77,450.0
2026-08-27,78000,2026-11-12,call,regular,2,0.2617,77,360.0
2026-08-27,79000,2026-11-12,call,regular,6,0.2636,77,296.0
2026-08-27,80000,2026-11-12,call,regular,91,0.2645,77,239.0
2026-08-27,82500,2026-11-12,call,regular,1,0.266,77,136.0
2026-08-27,87500,2026-11-12,call,regular,1,0.2727,77,46.0
2026-08-27,90000,2026-11-12,call,regular,4,0.279,77,29.0
2026-08-27,92500,2026-11-12,call,regular,1,0.2922,77,23.0
2026-08-27,95000,2026-11-12,call,regular,6,0.3001,77,16.0
2026-08-27,100000,2026-11-12,call,regular,7,0.3184,77,9.0
2026-08-27,12500,2026-12-10,call,regular,84,0.2,105,53500.0
2026-08-27,20000,2026-12-10,call,regular,150,0.2,105,46035.0
2026-08-27,22000,2026-12-10,call,regular,100,0.2,105,44050.0
2026-08-27,25000,2026-12-10,call,regular,300,0.2,105,41070.0
2026-08-27,26000,2026-12-10,call,regular,350,0.2,105,40075.0
2026-08-27,27000,2026-12-10,call,regular,250,0.2,105,39085.0
2026-08-27,28000,2026-12-10,call,regular,75,0.2,105,38090.0
2026-08-27,28500,2026-12-10,call,regular,125,0.2,105,37595.0
2026-08-27,29000,2026-12-10,call,regular,150,0.2,105,37100.0
2026-08-27,30000,2026-12-10,call,regular,100,0.2,105,36110.0
2026-08-27,30500,2026-12-10,call,regular,50,0.2,105,35615.0
2026-08-27,31000,2026-12-10,call,regular,241,0.2,105,35120.0
2026-08-27,31500,2026-12-10,call,regular,50,0.2,105,34625.0
2026-08-27,32000,2026-12-10,call,regular,700,0.2,105,34130.0
2026-08-27,32500,2026-12-10,call,regular,250,0.2,105,33635.0
2026-08-27,33000,2026-12-10,call,regular,1950,0.2,105,33140.0
2026-08-27,34000,2026-12-10,call,regular,280,0.2,105,32185.0
2026-08-27,34500,2026-12-10,call,regular,400,0.2,105,31690.0
2026-08-27,35000,2026-12-10,call,regular,435,0.2,105,31200.0
2026-08-27,36000,2026-12-10,call,regular,975,0.2,105,30215.0
2026-08-27,36500,2026-12-10,call,regular,252,0.2,105,29720.0
2026-08-27,37000,2026-12-10,call,regular,450,0.2,105,29230.0
2026-08-27,37500,2026-12-10,call,regular,88,0.2,105,28740.0
2026-08-27,37750,2026-12-10,call,regular,100,0.2,105,28495.0
2026-08-27,38000,2026-12-10,call,regular,1225,0.2,105,28245.0
2026-08-27,38500,2026-12-10,call,regular,700,0.2,105,27755.0
2026-08-27,38750,2026-12-10,call,regular,50,0.2,105,27510.0
2026-08-27,39000,2026-12-10,call,regular,750,0.2,105,27265.0
2026-08-27,39500,2026-12-10,call,regular,500,0.2,105,26775.0
2026-08-27,40000,2026-12-10,call,regular,1200,0.2,105,26285.0
2026-08-27,40500,2026-12-10,call,regular,400,0.2,105,25795.0
2026-08-27,41000,2026-12-10,call,regular,1300,0.2,105,25305.0
2026-08-27,41500,2026-12-10,call,regular,100,0.2,105,24815.0
2026-08-27,42000,2026-12-10,call,regular,1071,0.2,105,24330.0
2026-08-27,42500,2026-12-10,call,regular,250,0.2,105,23840.0
2026-08-27,43000,2026-12-10,call,regular,1400,0.2,105,23350.0
2026-08-27,43750,2026-12-10,call,regular,131,0.2,105,22620.0
2026-08-27,44000,2026-12-10,call,regular,600,0.2,105,22380.0
2026-08-27,45000,2026-12-10,call,regular,1842,0.3006,105,21410.0
2026-08-27,45250,2026-12-10,call,regular,413,0.3103,105,21170.0
2026-08-27,45500,2026-12-10,call,regular,200,0.312,105,20925.0
2026-08-27,46000,2026-12-10,call,regular,2300,0.3181,105,20440.0
2026-08-27,46250,2026-12-10,call,regular,315,0.3219,105,20200.0
2026-08-27,47000,2026-12-10,call,regular,350,0.3285,105,19480.0
2026-08-27,47500,2026-12-10,call,regular,200,0.3303,105,19000.0
2026-08-27,48000,2026-12-10,call,regular,750,0.3306,105,18520.0
2026-08-27,49000,2026-12-10,call,regular,1000,0.3318,105,17570.0
2026-08-27,49500,2026-12-10,call,regular,260,0.3292,105,17090.0
2026-08-27,50000,2026-12-10,call,regular,3342,0.3275,105,16615.0
2026-08-27,50250,2026-12-10,call,regular,58,0.3285,105,16385.0
2026-08-27,50500,2026-12-10,call,regular,600,0.3279,105,16150.0
2026-08-27,50750,2026-12-10,call,regular,45,0.327,105,15915.0
2026-08-27,51000,2026-12-10,call,regular,731,0.3259,105,15680.0
2026-08-27,52000,2026-12-10,call,regular,802,0.3224,105,14750.0
2026-08-27,52250,2026-12-10,call,regular,250,0.3217,105,14520.0
2026-08-27,52500,2026-12-10,call,regular,50,0.3197,105,14285.0
2026-08-27,53000,2026-12-10,call,regular,1135,0.3183,105,13830.0
2026-08-27,53500,2026-12-10,call,regular,106,0.3162,105,13375.0
2026-08-27,54000,2026-12-10,call,regular,1941,0.3143,105,12925.0
2026-08-27,54500,2026-12-10,call,regular,540,0.3117,105,12475.0
2026-08-27,55000,2026-12-10,call,regular,1829,0.3108,105,12040.0
2026-08-27,55500,2026-12-10,call,regular,300,0.3084,105,11600.0
2026-08-27,56000,2026-12-10,call,regular,791,0.3061,105,11165.0
2026-08-27,56500,2026-12-10,call,regular,283,0.3038,105,10735.0
2026-08-27,57000,2026-12-10,call,regular,500,0.302,105,10315.0
2026-08-27,57250,2026-12-10,call,regular,113,0.3003,105,10100.0
2026-08-27,57500,2026-12-10,call,regular,80,0.2996,105,9895.0
2026-08-27,58000,2026-12-10,call,regular,2603,0.2972,105,9480.0
2026-08-27,58500,2026-12-10,call,regular,350,0.2951,105,9075.0
2026-08-27,59000,2026-12-10,call,regular,1900,0.2929,105,8675.0
2026-08-27,59500,2026-12-10,call,regular,100,0.2906,105,8280.0
2026-08-27,60000,2026-12-10,call,regular,7264,0.2885,105,7895.0
2026-08-27,60500,2026-12-10,call,regular,102,0.2871,105,7525.0
2026-08-27,61000,2026-12-10,call,regular,813,0.2855,105,7160.0
2026-08-27,62000,2026-12-10,call,regular,1350,0.2817,105,6450.0
2026-08-27,62500,2026-12-10,call,regular,828,0.2816,105,6130.0
2026-08-27,63000,2026-12-10,call,regular,1615,0.2799,105,5800.0
2026-08-27,63500,2026-12-10,call,regular,300,0.2783,105,5480.0
2026-08-27,64000,2026-12-10,call,regular,1990,0.2768,105,5170.0
2026-08-27,65000,2026-12-10,call,regular,2992,0.273,105,4570.0
2026-08-27,65500,2026-12-10,call,regular,584,0.2719,105,4295.0
2026-08-27,66000,2026-12-10,call,regular,955,0.269,105,4005.0
2026-08-27,66250,2026-12-10,call,regular,15,0.2687,105,3880.0
2026-08-27,66500,2026-12-10,call,regular,600,0.2682,105,3755.0
2026-08-27,67000,2026-12-10,call,regular,1128,0.2663,105,3500.0
2026-08-27,67250,2026-12-10,call,regular,25,0.2659,105,3385.0
2026-08-27,67500,2026-12-10,call,regular,25,0.2661,105,3280.0
2026-08-27,68000,2026-12-10,call,regular,3243,0.2645,105,3050.0
2026-08-27,68500,2026-12-10,call,regular,390,0.2637,105,2840.0
2026-08-27,69000,2026-12-10,call,regular,1494,0.2631,105,2645.0
2026-08-27,69250,2026-12-10,call,regular,50,0.2628,105,2550.0
2026-08-27,69750,2026-12-10,call,regular,158,0.2619,105,2365.0
2026-08-27,70000,2026-12-10,call,regular,5392,0.2599,105,2255.0
2026-08-27,71000,2026-12-10,call,regular,1312,0.261,105,1960.0
2026-08-27,72000,2026-12-10,call,regular,1285,0.2605,105,1680.0
2026-08-27,72250,2026-12-10,call,regular,2,0.26,105,1610.0
2026-08-27,72500,2026-12-10,call,regular,2312,0.2601,105,1550.0
2026-08-27,73000,2026-12-10,call,regular,800,0.2594,105,1425.0
2026-08-27,73500,2026-12-10,call,regular,400,0.2594,105,1315.0
2026-08-27,74000,2026-12-10,call,regular,1050,0.2591,105,1210.0
2026-08-27,75000,2026-12-10,call,regular,3682,0.2586,105,1020.0
2026-08-27,75500,2026-12-10,call,regular,1,0.2584,105,935.0
2026-08-27,76000,2026-12-10,call,regular,438,0.258,105,855.0
2026-08-27,77000,2026-12-10,call,regular,459,0.2566,105,705.0
2026-08-27,77500,2026-12-10,call,regular,1055,0.2566,105,645.0
2026-08-27,78000,2026-12-10,call,regular,381,0.2568,105,590.0
2026-08-27,79000,2026-12-10,call,regular,204,0.2567,105,490.0
2026-08-27,80000,2026-12-10,call,regular,7249,0.2565,105,405.0
2026-08-27,81000,2026-12-10,call,regular,1,0.2585,105,345.0
2026-08-27,82500,2026-12-10,call,regular,1126,0.2582,105,256.0
2026-08-27,83000,2026-12-10,call,regular,120,0.2585,105,233.0
2026-08-27,84000,2026-12-10,call,regular,522,0.2607,105,199.0
2026-08-27,85000,2026-12-10,call,regular,705,0.2596,105,159.0
2026-08-27,87500,2026-12-10,call,regular,2457,0.2612,105,98.0
2026-08-27,90000,2026-12-10,call,regular,1776,0.2737,105,79.0
2026-08-27,95000,2026-12-10,call,regular,1072,0.2832,105,37.0
2026-08-27,100000,2026-12-10,call,regular,501,0.2827,105,13.0
2026-08-27,54250,2027-01-07,call,regular,27,0.3158,133,12990.0
2026-08-27,61000,2027-01-07,call,regular,26,0.289,133,7635.0
2026-08-27,63750,2027-01-07,call,regular,50,0.2727,133,5720.0
2026-08-27,64000,2027-01-07,call,regular,100,0.272,133,5570.0
2026-08-27,67500,2027-01-07,call,regular,5,0.262,133,3690.0
2026-08-27,67750,2027-01-07,call,regular,1,0.2614,133,3575.0
2026-08-27,68500,2027-01-07,call,regular,5,0.2603,133,3255.0
2026-08-27,69000,2027-01-07,call,regular,1,0.2595,133,3050.0
2026-08-27,69500,2027-01-07,call,regular,2,0.259,133,2860.0
2026-08-27,70000,2027-01-07,call,regular,2,0.2582,133,2675.0
2026-08-27,70250,2027-01-07,call,regular,1,0.2578,133,2585.0
2026-08-27,70500,2027-01-07,call,regular,2,0.2575,133,2500.0
2026-08-27,71000,2027-01-07,call,regular,1,0.2573,133,2340.0
2026-08-27,71500,2027-01-07,call,regular,50,0.2569,133,2185.0
2026-08-27,72000,2027-01-07,call,regular,2,0.258,133,2060.0
2026-08-27,73000,2027-01-07,call,regular,1,0.2566,133,1780.0
2026-08-27,74000,2027-01-07,call,regular,1,0.2556,133,1535.0
2026-08-27,75000,2027-01-07,call,regular,1,0.2548,133,1320.0
2026-08-27,80000,2027-01-07,call,regular,1,0.2527,133,595.0
2026-08-27,100000,2027-01-07,call,regular,3,0.2792,133,34.0
2026-08-27,56000,2027-02-10,call,regular,8,0.3136,167,11940.0
2026-08-27,56750,2027-02-10,call,regular,60,0.31,167,11335.0
2026-08-27,64000,2027-02-10,call,regular,60,0.2767,167,6155.0
2026-08-27,66000,2027-02-10,call,regular,8,0.2712,167,5040.0
2026-08-27,66250,2027-02-10,call,regular,50,0.2705,167,4910.0
2026-08-27,72500,2027-02-10,call,regular,75,0.2606,167,2420.0
2026-08-27,75000,2027-02-10,call,regular,100,0.2609,167,1805.0
2026-08-27,52000,2027-03-11,call,regular,560,0.3211,196,15465.0
2026-08-27,52750,2027-03-11,call,regular,8,0.3178,196,14820.0
2026-08-27,53000,2027-03-11,call,regular,275,0.3166,196,14605.0
2026-08-27,53500,2027-03-11,call,regular,202,0.3147,196,14185.0
2026-08-27,53750,2027-03-11,call,regular,44,0.3136,196,13975.0
2026-08-27,54000,2027-03-11,call,regular,267,0.3124,196,13765.0
2026-08-27,55000,2027-03-11,call,regular,550,0.3082,196,12940.0
2026-08-27,56000,2027-03-11,call,regular,50,0.3046,196,12140.0
2026-08-27,56500,2027-03-11,call,regular,1,0.3026,196,11745.0
2026-08-27,57000,2027-03-11,call,regular,365,0.3007,196,11355.0
2026-08-27,58000,2027-03-11,call,regular,150,0.2967,196,10590.0
2026-08-27,59500,2027-03-11,call,regular,200,0.2916,196,9495.0
2026-08-27,59750,2027-03-11,call,regular,2,0.2909,196,9320.0
2026-08-27,60000,2027-03-11,call,regular,12,0.2901,196,9145.0
2026-08-27,60250,2027-03-11,call,regular,44,0.2892,196,8970.0
2026-08-27,61000,2027-03-11,call,regular,160,0.2868,196,8460.0
2026-08-27,61750,2027-03-11,call,regular,1,0.2845,196,7965.0
2026-08-27,62500,2027-03-11,call,regular,508,0.2822,196,7485.0
2026-08-27,63000,2027-03-11,call,regular,392,0.2808,196,7175.0
2026-08-27,64000,2027-03-11,call,regular,100,0.2781,196,6580.0
2026-08-27,64250,2027-03-11,call,regular,100,0.2774,196,6435.0
2026-08-27,65000,2027-03-11,call,regular,801,0.2755,196,6015.0
2026-08-27,66000,2027-03-11,call,regular,772,0.273,196,5480.0
2026-08-27,66250,2027-03-11,call,regular,15,0.2724,196,5350.0
2026-08-27,66500,2027-03-11,call,regular,6,0.2719,196,5225.0
2026-08-27,67000,2027-03-11,call,regular,200,0.2708,196,4980.0
2026-08-27,68000,2027-03-11,call,regular,300,0.2687,196,4510.0
2026-08-27,69000,2027-03-11,call,regular,350,0.2665,196,4070.0
2026-08-27,69250,2027-03-11,call,regular,10,0.266,196,3965.0
2026-08-27,70000,2027-03-11,call,regular,666,0.2647,196,3665.0
2026-08-27,70500,2027-03-11,call,regular,150,0.2639,196,3475.0
2026-08-27,71000,2027-03-11,call,regular,100,0.263,196,3290.0
2026-08-27,72000,2027-03-11,call,regular,650,0.2614,196,2945.0
2026-08-27,72500,2027-03-11,call,regular,85,0.2607,196,2785.0
2026-08-27,73000,2027-03-11,call,regular,400,0.26,196,2630.0
2026-08-27,73500,2027-03-11,call,regular,1,0.2594,196,2485.0
2026-08-27,74000,2027-03-11,call,regular,3,0.2588,196,2345.0
2026-08-27,75000,2027-03-11,call,regular,655,0.2574,196,2080.0
2026-08-27,77500,2027-03-11,call,regular,400,0.2551,196,1535.0
2026-08-27,80000,2027-03-11,call,regular,288,0.2531,196,1115.0
2026-08-27,82500,2027-03-11,call,regular,737,0.252,196,805.0
2026-08-27,85000,2027-03-11,call,regular,330,0.2523,196,585.0
2026-08-27,90000,2027-03-11,call,regular,350,0.2552,196,315.0
2026-08-27,95000,2027-03-11,call,regular,500,0.2645,196,194.0
2026-08-27,100000,2027-03-11,call,regular,78,0.2758,196,130.0
2026-08-27,57000,2027-04-08,call,regular,25,0.2767,224,11290.0
2026-08-27,57750,2027-04-08,call,regular,88,0.2751,224,10730.0
2026-08-27,65000,2027-04-08,call,regular,88,0.2598,224,6060.0
2026-08-27,67000,2027-04-08,call,regular,25,0.2564,224,5045.0
2026-08-27,60250,2027-05-13,call,regular,8,0.2721,259,9370.0
2026-08-27,61250,2027-05-13,call,regular,23,0.27,259,8720.0
2026-08-27,71000,2027-05-13,call,regular,23,0.255,259,3865.0
2026-08-27,72000,2027-05-13,call,regular,8,0.2544,259,3525.0
2026-08-27,16250,2027-06-10,call,regular,114,0.2,287,49490.0
2026-08-27,30000,2027-06-10,call,regular,300,0.2,287,36055.0
2026-08-27,33000,2027-06-10,call,regular,50,0.2,287,33165.0
2026-08-27,36000,2027-06-10,call,regular,150,0.2,287,30290.0
2026-08-27,37000,2027-06-10,call,regular,50,0.2,287,29340.0
2026-08-27,37250,2027-06-10,call,regular,480,0.2,287,29105.0
2026-08-27,38500,2027-06-10,call,regular,140,0.2371,287,27920.0
2026-08-27,39000,2027-06-10,call,regular,50,0.263,287,27450.0
2026-08-27,44500,2027-06-10,call,regular,300,0.3065,287,22365.0
2026-08-27,50000,2027-06-10,call,regular,300,0.3003,287,17530.0
2026-08-27,50500,2027-06-10,call,regular,175,0.2994,287,17110.0
2026-08-27,53000,2027-06-10,call,regular,100,0.2938,287,15055.0
2026-08-27,54000,2027-06-10,call,regular,1050,0.2916,287,14265.0
2026-08-27,55000,2027-06-10,call,regular,300,0.289,287,13485.0
2026-08-27,56000,2027-06-10,call,regular,175,0.2867,287,12730.0
2026-08-27,57000,2027-06-10,call,regular,50,0.2845,287,11995.0
2026-08-27,58500,2027-06-10,call,regular,58,0.281,287,10930.0
2026-08-27,60000,2027-06-10,call,regular,750,0.2776,287,9915.0
2026-08-27,62500,2027-06-10,call,regular,150,0.2722,287,8345.0
2026-08-27,63000,2027-06-10,call,regular,100,0.271,287,8045.0
2026-08-27,64000,2027-06-10,call,regular,350,0.2691,287,7475.0
2026-08-27,65000,2027-06-10,call,regular,500,0.2672,287,6930.0
2026-08-27,65500,2027-06-10,call,regular,62,0.2662,287,6665.0
2026-08-27,66000,2027-06-10,call,regular,50,0.2651,287,6405.0
2026-08-27,66500,2027-06-10,call,regular,125,0.2642,287,6155.0
2026-08-27,67000,2027-06-10,call,regular,470,0.2632,287,5910.0
2026-08-27,67500,2027-06-10,call,regular,400,0.2624,287,5675.0
2026-08-27,68000,2027-06-10,call,regular,400,0.2615,287,5445.0
2026-08-27,68250,2027-06-10,call,regular,15,0.261,287,5330.0
2026-08-27,68500,2027-06-10,call,regular,200,0.2606,287,5220.0
2026-08-27,69000,2027-06-10,call,regular,1,0.2597,287,5000.0
2026-08-27,69250,2027-06-10,call,regular,36,0.2593,287,4895.0
2026-08-27,70000,2027-06-10,call,regular,550,0.2581,287,4585.0
2026-08-27,71000,2027-06-10,call,regular,100,0.2563,287,4190.0
2026-08-27,72000,2027-06-10,call,regular,200,0.2548,287,3825.0
2026-08-27,74000,2027-06-10,call,regular,850,0.2518,287,3165.0
2026-08-27,75000,2027-06-10,call,regular,475,0.2505,287,2870.0
2026-08-27,77500,2027-06-10,call,regular,536,0.2475,287,2230.0
2026-08-27,80000,2027-06-10,call,regular,715,0.2449,287,1715.0
2026-08-27,85000,2027-06-10,call,regular,1300,0.2421,287,1000.0
2026-08-27,90000,2027-06-10,call,regular,400,0.244,287,605.0
2026-08-27,65750,2027-07-08,call,regular,20,0.2611,315,6720.0
2026-08-27,66750,2027-07-08,call,regular,32,0.2593,315,6220.0
2026-08-27,75000,2027-07-08,call,regular,32,0.2508,315,3135.0
2026-08-27,77000,2027-07-08,call,regular,20,0.2497,315,2625.0
2026-08-27,68000,2027-08-12,call,regular,22,0.26,350,6050.0
2026-08-27,69000,2027-08-12,call,regular,53,0.2587,350,5615.0
2026-08-27,78000,2027-08-12,call,regular,75,0.2498,350,2695.0
2026-08-27,65000,2027-09-09,call,regular,1,0.2671,378,7840.0
2026-08-27,77500,2027-09-09,call,regular,2,0.252,378,3085.0
2026-08-27,28000,2027-12-09,call,regular,50,0.2,469,38065.0
2026-08-27,30000,2027-12-09,call,regular,225,0.2,469,36180.0
2026-08-27,31500,2027-12-09,call,regular,50,0.2,469,34770.0
2026-08-27,32000,2027-12-09,call,regular,100,0.2,469,34300.0
2026-08-27,33000,2027-12-09,call,regular,100,0.2,469,33370.0
2026-08-27,34000,2027-12-09,call,regular,375,0.2332,469,32440.0
2026-08-27,35000,2027-12-09,call,regular,201,0.2701,469,31515.0
2026-08-27,36000,2027-12-09,call,regular,80,0.2853,469,30595.0
2026-08-27,36750,2027-12-09,call,regular,442,0.2913,469,29905.0
2026-08-27,37000,2027-12-09,call,regular,200,0.2938,469,29680.0
2026-08-27,38000,2027-12-09,call,regular,575,0.2989,469,28770.0
2026-08-27,39000,2027-12-09,call,regular,125,0.3018,469,27865.0
2026-08-27,39250,2027-12-09,call,regular,50,0.3023,469,27640.0
2026-08-27,39500,2027-12-09,call,regular,50,0.3027,469,27415.0
2026-08-27,40000,2027-12-09,call,regular,350,0.3037,469,26970.0
2026-08-27,40500,2027-12-09,call,regular,450,0.3037,469,26520.0
2026-08-27,41000,2027-12-09,call,regular,375,0.3044,469,26080.0
2026-08-27,42000,2027-12-09,call,regular,200,0.3042,469,25195.0
2026-08-27,43000,2027-12-09,call,regular,400,0.3035,469,24320.0
2026-08-27,43500,2027-12-09,call,regular,150,0.303,469,23885.0
2026-08-27,45000,2027-12-09,call,regular,1950,0.301,469,22595.0
2026-08-27,46000,2027-12-09,call,regular,500,0.2996,469,21750.0
2026-08-27,48000,2027-12-09,call,regular,225,0.296,469,20090.0
2026-08-27,49000,2027-12-09,call,regular,700,0.2938,469,19275.0
2026-08-27,50000,2027-12-09,call,regular,1950,0.2917,469,18475.0
2026-08-27,51000,2027-12-09,call,regular,300,0.2896,469,17690.0
2026-08-27,52500,2027-12-09,call,regular,100,0.2865,469,16540.0
2026-08-27,54000,2027-12-09,call,regular,300,0.2831,469,15420.0
2026-08-27,54500,2027-12-09,call,regular,100,0.282,469,15055.0
2026-08-27,55000,2027-12-09,call,regular,704,0.2809,469,14695.0
2026-08-27,57000,2027-12-09,call,regular,250,0.2767,469,13300.0
2026-08-27,58000,2027-12-09,call,regular,500,0.2749,469,12635.0
2026-08-27,60000,2027-12-09,call,regular,1225,0.2711,469,11355.0
2026-08-27,61000,2027-12-09,call,regular,200,0.2692,469,10745.0
2026-08-27,62000,2027-12-09,call,regular,200,0.2674,469,10155.0
2026-08-27,62500,2027-12-09,call,regular,70,0.2666,469,9870.0
2026-08-27,63000,2027-12-09,call,regular,300,0.2658,469,9590.0
2026-08-27,63500,2027-12-09,call,regular,50,0.265,469,9315.0
2026-08-27,64000,2027-12-09,call,regular,780,0.2643,469,9045.0
2026-08-27,65000,2027-12-09,call,regular,550,0.2627,469,8520.0
2026-08-27,66000,2027-12-09,call,regular,475,0.2612,469,8015.0
2026-08-27,67000,2027-12-09,call,regular,100,0.2598,469,7535.0
2026-08-27,68000,2027-12-09,call,regular,200,0.2587,469,7080.0
2026-08-27,69000,2027-12-09,call,regular,850,0.2574,469,6640.0
2026-08-27,70000,2027-12-09,call,regular,850,0.2562,469,6225.0
2026-08-27,72500,2027-12-09,call,regular,100,0.2539,469,5280.0
2026-08-27,73500,2027-12-09,call,regular,100,0.253,469,4935.0
2026-08-27,75000,2027-12-09,call,regular,177,0.2518,469,4455.0
2026-08-27,77500,2027-12-09,call,regular,500,0.2506,469,3755.0
2026-08-27,80000,2027-12-09,call,regular,1000,0.2492,469,3145.0
2026-08-27,85000,2027-12-09,call,regular,100,0.2485,469,2215.0
2026-08-27,87500,2027-12-09,call,regular,100,0.2486,469,1860.0
2026-08-27,41500,2028-06-08,call,regular,100,0.3056,651,26245.0
2026-08-27,28000,2028-12-07,call,regular,50,0.2,833,38315.0
2026-08-27,30000,2028-12-07,call,regular,80,0.2436,833,36530.0
2026-08-27,31000,2028-12-07,call,regular,200,0.2665,833,35645.0
2026-08-27,32000,2028-12-07,call,regular,75,0.2788,833,34765.0
2026-08-27,33000,2028-12-07,call,regular,125,0.2865,833,33890.0
2026-08-27,34500,2028-12-07,call,regular,330,0.294,833,32595.0
2026-08-27,34750,2028-12-07,call,regular,100,0.2949,833,32380.0
2026-08-27,35500,2028-12-07,call,regular,443,0.2966,833,31735.0
2026-08-27,36000,2028-12-07,call,regular,450,0.2978,833,31310.0
2026-08-27,36500,2028-12-07,call,regular,52,0.2985,833,30885.0
2026-08-27,38000,2028-12-07,call,regular,120,0.2996,833,29620.0
2026-08-27,39000,2028-12-07,call,regular,575,0.2996,833,28785.0
2026-08-27,40000,2028-12-07,call,regular,30,0.2994,833,27960.0
2026-08-27,41000,2028-12-07,call,regular,375,0.2986,833,27140.0
2026-08-27,42000,2028-12-07,call,regular,65,0.2979,833,26335.0
2026-08-27,42500,2028-12-07,call,regular,100,0.2971,833,25930.0
2026-08-27,50000,2028-12-07,call,regular,400,0.285,833,20205.0
2026-08-27,53000,2028-12-07,call,regular,50,0.2793,833,18095.0
2026-08-27,55000,2028-12-07,call,regular,50,0.2756,833,16755.0
2026-08-27,56000,2028-12-07,call,regular,650,0.2739,833,16110.0
2026-08-27,60000,2028-12-07,call,regular,250,0.2671,833,13670.0
2026-08-27,65000,2028-12-07,call,regular,25,0.2599,833,10990.0
2026-08-27,67500,2028-12-07,call,regular,100,0.2571,833,9815.0
2026-08-27,75000,2028-12-07,call,regular,80,0.2513,833,6920.0
2026-08-27,80000,2028-12-07,call,regular,200,0.2498,833,5480.0
2026-08-27,50000,2029-12-13,call,regular,100,0.2805,1204,21700.0
2026-08-27,60000,2029-12-13,call,regular,375,0.2649,1204,15555.0
2026-08-27,65000,2029-12-13,call,regular,50,0.2608,1204,13085.0
2026-08-27,57000,2030-12-12,call,regular,300,0.2724,1568,19000.0
2026-08-27,64000,2030-12-12,call,regular,3,0.2649,1568,15435.0
2026-08-27,58375,2026-08-28,put,mini,2581,0.8166,1,1.0
2026-08-27,58500,2026-08-28,put,mini,478,0.804,1,1.0
2026-08-27,58625,2026-08-28,put,mini,32,0.7915,1,1.0
2026-08-27,58750,2026-08-28,put,mini,69,0.7791,1,1.0
2026-08-27,58875,2026-08-28,put,mini,10,0.7666,1,1.0
2026-08-27,59000,2026-08-28,put,mini,473,0.7541,1,1.0
2026-08-27,59125,2026-08-28,put,mini,9,0.7417,1,1.0
2026-08-27,59250,2026-08-28,put,mini,15,0.7292,1,1.0
2026-08-27,59375,2026-08-28,put,mini,18,0.7168,1,1.0
2026-08-27,59500,2026-08-28,put,mini,166,0.7044,1,1.0
2026-08-27,59625,2026-08-28,put,mini,6,0.692,1,1.0
2026-08-27,59750,2026-08-28,put,mini,63,0.6796,1,1.0
2026-08-27,59875,2026-08-28,put,mini,28,0.6672,1,1.0
2026-08-27,60000,2026-08-28,put,mini,669,0.6548,1,1.0
2026-08-27,60125,2026-08-28,put,mini,11,0.6425,1,1.0
2026-08-27,60250,2026-08-28,put,mini,36,0.6301,1,1.0
2026-08-27,60375,2026-08-28,put,mini,18,0.6177,1,1.0
2026-08-27,60500,2026-08-28,put,mini,127,0.6464,1,2.0
2026-08-27,60625,2026-08-28,put,mini,2,0.6333,1,2.0
2026-08-27,60750,2026-08-28,put,mini,61,0.6203,1,2.0
2026-08-27,60875,2026-08-28,put,mini,11,0.6073,1,2.0
2026-08-27,61000,2026-08-28,put,mini,899,0.6399,1,4.0
2026-08-27,61125,2026-08-28,put,mini,22,0.6064,1,3.0
2026-08-27,61250,2026-08-28,put,mini,40,0.5929,1,3.0
2026-08-27,61375,2026-08-28,put,mini,31,0.5983,1,4.0
2026-08-27,61500,2026-08-28,put,mini,219,0.6361,1,8.0
2026-08-27,61625,2026-08-28,put,mini,4,0.5858,1,5.0
2026-08-27,61750,2026-08-28,put,mini,81,0.5845,1,6.0
2026-08-27,61875,2026-08-28,put,mini,19,0.5701,1,6.0
2026-08-27,62000,2026-08-28,put,mini,513,0.5557,1,6.0
2026-08-27,62125,2026-08-28,put,mini,11,0.5618,1,8.0
2026-08-27,62250,2026-08-28,put,mini,23,0.5469,1,8.0
2026-08-27,62375,2026-08-28,put,mini,17,0.5562,1,11.0
2026-08-27,62500,2026-08-28,put,mini,262,0.5407,1,11.0
2026-08-27,62625,2026-08-28,put,mini,7,0.532,1,12.0
2026-08-27,62750,2026-08-28,put,mini,28,0.5163,1,12.0
2026-08-27,62875,2026-08-28,put,mini,20,0.5182,1,15.0
2026-08-27,63000,2026-08-28,put,mini,1138,0.5263,1,20.0
2026-08-27,63125,2026-08-28,put,mini,6,0.5095,1,20.0
2026-08-27,63250,2026-08-28,put,mini,3821,0.5126,1,25.0
2026-08-27,63375,2026-08-28,put,mini,16,0.5058,1,28.0
2026-08-27,63500,2026-08-28,put,mini,297,0.4978,1,31.0
2026-08-27,63625,2026-08-28,put,mini,3,0.4944,1,36.0
2026-08-27,63750,2026-08-28,put,mini,23,0.4814,1,38.0
2026-08-27,63875,2026-08-28,put,mini,18,0.48,1,45.0
2026-08-27,64000,2026-08-28,put,mini,1364,0.4631,1,46.0
2026-08-27,64125,2026-08-28,put,mini,25,0.4607,1,54.0
2026-08-27,64250,2026-08-28,put,mini,102,0.4541,1,61.0
2026-08-27,64375,2026-08-28,put,mini,35,0.4494,1,70.0
2026-08-27,64500,2026-08-28,put,mini,612,0.4396,1,77.0
2026-08-27,64625,2026-08-28,put,mini,78,0.4473,1,97.0
2026-08-27,64750,2026-08-28,put,mini,215,0.4272,1,99.0
2026-08-27,64875,2026-08-28,put,mini,133,0.433,1,122.0
2026-08-27,65000,2026-08-28,put,mini,1414,0.4202,1,132.0
2026-08-27,65125,2026-08-28,put,mini,127,0.4201,1,155.0
2026-08-27,65250,2026-08-28,put,mini,138,0.419,1,180.0
2026-08-27,65375,2026-08-28,put,mini,267,0.4159,1,206.0
2026-08-27,65500,2026-08-28,put,mini,573,0.4075,1,229.0
2026-08-27,65625,2026-08-28,put,mini,10,0.4194,1,279.0
2026-08-27,65750,2026-08-28,put,mini,660,0.42,1,320.0
2026-08-27,65875,2026-08-28,put,mini,5,0.4321,1,380.0
2026-08-27,66000,2026-08-28,put,mini,344,0.4368,1,435.0
2026-08-27,66125,2026-08-28,put,mini,9,0.4201,1,465.0
2026-08-27,66250,2026-08-28,put,mini,176,0.4515,1,565.0
2026-08-27,66375,2026-08-28,put,mini,1,0.4146,1,575.0
2026-08-27,66500,2026-08-28,put,mini,289,0.4216,1,650.0
2026-08-27,66750,2026-08-28,put,mini,50,0.397,1,760.0
2026-08-27,66875,2026-08-28,put,mini,4,0.402,1,845.0
2026-08-27,67000,2026-08-28,put,mini,204,0.404,1,930.0
2026-08-27,67125,2026-08-28,put,mini,1,0.3987,1,1010.0
2026-08-27,67250,2026-08-28,put,mini,7,0.394,1,1095.0
2026-08-27,67500,2026-08-28,put,mini,22,0.4017,1,1295.0
2026-08-27,67750,2026-08-28,put,mini,6,0.4031,1,1500.0
2026-08-27,68000,2026-08-28,put,mini,6,0.4039,1,1715.0
2026-08-27,68125,2026-08-28,put,mini,1825,0.4031,1,1825.0
2026-08-27,68250,2026-08-28,put,mini,5,0.4071,1,1940.0
2026-08-27,68500,2026-08-28,put,mini,4,0.4073,1,2170.0
2026-08-27,68750,2026-08-28,put,mini,8,0.4058,1,2405.0
2026-08-27,69000,2026-08-28,put,mini,256,0.4058,1,2645.0
2026-08-27,69250,2026-08-28,put,mini,6,0.388,1,2885.0
2026-08-27,69500,2026-08-28,put,mini,6,0.374,1,3130.0
2026-08-27,69625,2026-08-28,put,mini,3255,0.3867,1,3255.0
2026-08-27,61000,2026-09-02,put,mini,62,0.3928,6,62.0
2026-08-27,62625,2026-09-02,put,mini,135,0.3515,6,135.0
2026-08-27,65500,2026-09-02,put,mini,2,0.3051,6,650.0
2026-08-27,65750,2026-09-02,put,mini,2,0.3041,6,745.0
2026-08-27,68250,2026-09-02,put,mini,2,0.2906,6,2205.0
2026-08-27,58875,2026-09-04,put,mini,39,0.397,8,28.0
2026-08-27,59000,2026-09-04,put,mini,79,0.4068,8,36.0
2026-08-27,59375,2026-09-04,put,mini,2,0.4091,8,49.0
2026-08-27,59500,2026-09-04,put,mini,35,0.4055,8,51.0
2026-08-27,59875,2026-09-04,put,mini,7,0.3927,8,56.0
2026-08-27,60000,2026-09-04,put,mini,53,0.3887,8,58.0
2026-08-27,60250,2026-09-04,put,mini,62,0.3803,8,62.0
2026-08-27,60375,2026-09-04,put,mini,2,0.3759,8,64.0
2026-08-27,60500,2026-09-04,put,mini,25,0.3714,8,66.0
2026-08-27,60750,2026-09-04,put,mini,72,0.3643,8,72.0
2026-08-27,60875,2026-09-04,put,mini,2,0.3614,8,76.0
2026-08-27,61000,2026-09-04,put,mini,37,0.363,8,85.0
2026-08-27,61250,2026-09-04,put,mini,89,0.3525,8,89.0
2026-08-27,61500,2026-09-04,put,mini,30,0.3474,8,100.0
2026-08-27,61625,2026-09-04,put,mini,3,0.341,8,101.0
2026-08-27,61750,2026-09-04,put,mini,3,0.3375,8,106.0
2026-08-27,61875,2026-09-04,put,mini,2,0.3346,8,112.0
2026-08-27,62000,2026-09-04,put,mini,43,0.3307,8,117.0
2026-08-27,62125,2026-09-04,put,mini,2,0.332,8,130.0
2026-08-27,62250,2026-09-04,put,mini,1,0.3269,8,134.0
2026-08-27,62500,2026-09-04,put,mini,12,0.3246,8,156.0
2026-08-27,62750,2026-09-04,put,mini,1,0.3244,8,185.0
2026-08-27,63000,2026-09-04,put,mini,73,0.3193,8,208.0
2026-08-27,63125,2026-09-04,put,mini,1,0.3183,8,224.0
2026-08-27,63250,2026-09-04,put,mini,52,0.3165,8,239.0
2026-08-27,63500,2026-09-04,put,mini,70,0.3087,8,262.0
2026-08-27,63750,2026-09-04,put,mini,54,0.3114,8,315.0
2026-08-27,64000,2026-09-04,put,mini,88,0.307,8,355.0
2026-08-27,64250,2026-09-04,put,mini,50,0.3061,8,410.0
2026-08-27,64500,2026-09-04,put,mini,58,0.3032,8,465.0
2026-08-27,65000,2026-09-04,put,mini,2,0.2991,8,600.0
2026-08-27,65250,2026-09-04,put,mini,6,0.299,8,685.0
2026-08-27,65500,2026-09-04,put,mini,6,0.298,8,775.0
2026-08-27,65625,2026-09-04,put,mini,2,0.2968,8,820.0
2026-08-27,65750,2026-09-04,put,mini,20,0.2963,8,870.0
2026-08-27,66000,2026-09-04,put,mini,37,0.2924,8,965.0
2026-08-27,66250,2026-09-04,put,mini,8,0.2864,8,1060.0
2026-08-27,66375,2026-09-04,put,mini,1,0.282,8,1105.0
2026-08-27,66500,2026-09-04,put,mini,5,0.2578,8,1075.0
2026-08-27,67000,2026-09-04,put,mini,1,0.2779,8,1435.0
2026-08-27,67250,2026-09-04,put,mini,2,0.2835,8,1610.0
2026-08-27,67750,2026-09-04,put,mini,4,0.2803,8,1930.0
2026-08-27,68250,2026-09-04,put,mini,2,0.2776,8,2285.0
2026-08-27,68750,2026-09-04,put,mini,4,0.2787,8,2680.0
2026-08-27,58375,2026-09-11,put,mini,128,0.3872,15,104.0
2026-08-27,58500,2026-09-11,put,mini,544,0.3842,15,107.0
2026-08-27,58750,2026-09-11,put,mini,39,0.3794,15,115.0
2026-08-27,59000,2026-09-11,put,mini,411,0.3728,15,121.0
2026-08-27,59250,2026-09-11,put,mini,6,0.3698,15,133.0
2026-08-27,59375,2026-09-11,put,mini,1,0.3686,15,140.0
2026-08-27,59500,2026-09-11,put,mini,110,0.3649,15,143.0
2026-08-27,59750,2026-09-11,put,mini,4,0.3613,15,156.0
2026-08-27,59875,2026-09-11,put,mini,1,0.3595,15,163.0
2026-08-27,60000,2026-09-11,put,mini,826,0.357,15,169.0
2026-08-27,60250,2026-09-11,put,mini,3,0.3527,15,183.0
2026-08-27,60375,2026-09-11,put,mini,4,0.3513,15,192.0
2026-08-27,60500,2026-09-11,put,mini,91,0.3506,15,203.0
2026-08-27,60625,2026-09-11,put,mini,208,0.347,15,208.0
2026-08-27,60750,2026-09-11,put,mini,3,0.3446,15,216.0
2026-08-27,60875,2026-09-11,put,mini,226,0.3429,15,226.0
2026-08-27,61000,2026-09-11,put,mini,344,0.3419,15,238.0
2026-08-27,61125,2026-09-11,put,mini,1,0.3383,15,244.0
2026-08-27,61250,2026-09-11,put,mini,41,0.335,15,251.0
2026-08-27,61375,2026-09-11,put,mini,2,0.3353,15,268.0
2026-08-27,61500,2026-09-11,put,mini,137,0.3336,15,280.0
2026-08-27,61625,2026-09-11,put,mini,1,0.3312,15,291.0
2026-08-27,61750,2026-09-11,put,mini,14,0.3298,15,305.0
2026-08-27,61875,2026-09-11,put,mini,1,0.3285,15,320.0
2026-08-27,62000,2026-09-11,put,mini,437,0.327,15,335.0
2026-08-27,62125,2026-09-11,put,mini,350,0.3253,15,350.0
2026-08-27,62250,2026-09-11,put,mini,5,0.3233,15,365.0
2026-08-27,62500,2026-09-11,put,mini,517,0.3219,15,405.0
2026-08-27,62625,2026-09-11,put,mini,8,0.3193,15,420.0
2026-08-27,62750,2026-09-11,put,mini,63,0.318,15,440.0
2026-08-27,63000,2026-09-11,put,mini,606,0.3187,15,495.0
2026-08-27,63125,2026-09-11,put,mini,505,0.3141,15,505.0
2026-08-27,63250,2026-09-11,put,mini,56,0.3131,15,530.0
2026-08-27,63500,2026-09-11,put,mini,89,0.3118,15,585.0
2026-08-27,63625,2026-09-11,put,mini,1,0.3089,15,605.0
2026-08-27,63750,2026-09-11,put,mini,56,0.3082,15,635.0
2026-08-27,63875,2026-09-11,put,mini,1,0.3072,15,665.0
2026-08-27,64000,2026-09-11,put,mini,269,0.3025,15,680.0
2026-08-27,64125,2026-09-11,put,mini,20,0.3044,15,725.0
2026-08-27,64250,2026-09-11,put,mini,213,0.3038,15,760.0
2026-08-27,64375,2026-09-11,put,mini,1,0.3007,15,785.0
2026-08-27,64500,2026-09-11,put,mini,194,0.3016,15,830.0
2026-08-27,64750,2026-09-11,put,mini,35,0.2995,15,905.0
2026-08-27,64875,2026-09-11,put,mini,1,0.2975,15,940.0
2026-08-27,65000,2026-09-11,put,mini,473,0.2962,15,980.0
2026-08-27,65125,2026-09-11,put,mini,1,0.3046,15,1070.0
2026-08-27,65250,2026-09-11,put,mini,16,0.2939,15,1065.0
2026-08-27,65375,2026-09-11,put,mini,6,0.2938,15,1115.0
2026-08-27,65500,2026-09-11,put,mini,154,0.2934,15,1165.0
2026-08-27,65625,2026-09-11,put,mini,1,0.2908,15,1205.0
2026-08-27,65750,2026-09-11,put,mini,32,0.2908,15,1260.0
2026-08-27,65875,2026-09-11,put,mini,1,0.2904,15,1315.0
2026-08-27,66000,2026-09-11,put,mini,169,0.2898,15,1370.0
2026-08-27,66250,2026-09-11,put,mini,32,0.2877,15,1480.0
2026-08-27,66375,2026-09-11,put,mini,2,0.2871,15,1540.0
2026-08-27,66500,2026-09-11,put,mini,81,0.2862,15,1600.0
2026-08-27,66750,2026-09-11,put,mini,5,0.2845,15,1725.0
2026-08-27,66875,2026-09-11,put,mini,1790,0.2836,15,1790.0
2026-08-27,67000,2026-09-11,put,mini,108,0.2815,15,1850.0
2026-08-27,67125,2026-09-11,put,mini,1925,0.2819,15,1925.0
2026-08-27,67250,2026-09-11,put,mini,5,0.2801,15,1990.0
2026-08-27,67500,2026-09-11,put,mini,36,0.2794,15,2140.0
2026-08-27,67750,2026-09-11,put,mini,4,0.2745,15,2275.0
2026-08-27,67875,2026-09-11,put,mini,2365,0.276,15,2365.0
2026-08-27,68000,2026-09-11,put,mini,71,0.2753,15,2445.0
2026-08-27,68250,2026-09-11,put,mini,235,0.2769,15,2625.0
2026-08-27,68375,2026-09-11,put,mini,14,0.2741,15,2700.0
2026-08-27,68500,2026-09-11,put,mini,175,0.273,15,2785.0
2026-08-27,68625,2026-09-11,put,mini,1,0.2728,15,2875.0
2026-08-27,68750,2026-09-11,put,mini,1462,0.2744,15,2975.0
2026-08-27,68875,2026-09-11,put,mini,3055,0.2713,15,3055.0
2026-08-27,69000,2026-09-11,put,mini,839,0.2723,15,3155.0
2026-08-27,69125,2026-09-11,put,mini,3245,0.2708,15,3245.0
2026-08-27,69250,2026-09-11,put,mini,20,0.2713,15,3345.0
2026-08-27,69500,2026-09-11,put,mini,19,0.2715,15,3545.0
2026-08-27,69625,2026-09-11,put,mini,3635,0.2685,15,3635.0
2026-08-27,69750,2026-09-11,put,mini,12,0.2705,15,3745.0
2026-08-27,69875,2026-09-11,put,mini,1,0.2681,15,3840.0
2026-08-27,70000,2026-09-11,put,mini,19,0.2725,15,3960.0
2026-08-27,70250,2026-09-11,put,mini,45,0.272,15,4170.0
2026-08-27,70500,2026-09-11,put,mini,65,0.2702,15,4380.0
2026-08-27,71000,2026-09-11,put,mini,7,0.2753,15,4835.0
2026-08-27,71250,2026-09-11,put,mini,5,0.2755,15,5060.0
2026-08-27,71500,2026-09-11,put,mini,9,0.2725,15,5280.0
2026-08-27,71750,2026-09-11,put,mini,746,0.2598,15,5485.0
2026-08-27,72000,2026-09-11,put,mini,10,0.2571,15,5715.0
2026-08-27,72250,2026-09-11,put,mini,50,0.2559,15,5950.0
2026-08-27,72375,2026-09-11,put,mini,6070,0.2565,15,6070.0
2026-08-27,72500,2026-09-11,put,mini,20,0.2531,15,6185.0
2026-08-27,72750,2026-09-11,put,mini,32,0.2526,15,6425.0
2026-08-27,73000,2026-09-11,put,mini,77,0.2506,15,6665.0
2026-08-27,73250,2026-09-11,put,mini,245,0.2467,15,6905.0
2026-08-27,73500,2026-09-11,put,mini,98,0.2396,15,7145.0
2026-08-27,73750,2026-09-11,put,mini,3,0.2267,15,7385.0
2026-08-27,74000,2026-09-11,put,mini,34,0.2,15,7630.0
2026-08-27,74250,2026-09-11,put,mini,1,0.2,15,7875.0
2026-08-27,75000,2026-09-11,put,mini,67,0.2,15,8615.0
2026-08-27,75250,2026-09-11,put,mini,12,0.2,15,8860.0
2026-08-27,65750,2026-09-18,put,mini,4,0.284,22,1540.0
2026-08-27,66000,2026-09-18,put,mini,4,0.282,22,1645.0
2026-08-27,66250,2026-09-18,put,mini,6,0.2808,22,1760.0
2026-08-27,66500,2026-09-18,put,mini,6,0.2787,22,1875.0
2026-08-27,67000,2026-09-18,put,mini,6,0.2759,22,2130.0
2026-08-27,68250,2026-09-18,put,mini,6,0.2692,22,2865.0
2026-08-27,68750,2026-09-18,put,mini,3,0.2688,22,3210.0
2026-08-27,69250,2026-09-18,put,mini,6,0.2658,22,3560.0
2026-08-27,66500,2026-09-25,put,mini,6,0.275,29,2115.0
2026-08-27,58375,2026-10-09,put,mini,18,0.3397,43,495.0
2026-08-27,58500,2026-10-09,put,mini,29,0.342,43,525.0
2026-08-27,58750,2026-10-09,put,mini,5,0.3401,43,555.0
2026-08-27,59000,2026-10-09,put,mini,26,0.3369,43,580.0
2026-08-27,59125,2026-10-09,put,mini,595,0.3356,43,595.0
2026-08-27,59375,2026-10-09,put,mini,2,0.3349,43,635.0
2026-08-27,59500,2026-10-09,put,mini,18,0.3325,43,645.0
2026-08-27,59750,2026-10-09,put,mini,4,0.3295,43,675.0
2026-08-27,59875,2026-10-09,put,mini,1,0.3305,43,705.0
2026-08-27,60000,2026-10-09,put,mini,33,0.3279,43,715.0
2026-08-27,60500,2026-10-09,put,mini,2,0.3238,43,795.0
2026-08-27,60625,2026-10-09,put,mini,820,0.3234,43,820.0
2026-08-27,60750,2026-10-09,put,mini,1,0.3213,43,835.0
2026-08-27,61000,2026-10-09,put,mini,13,0.3192,43,880.0
2026-08-27,61125,2026-10-09,put,mini,4,0.32,43,915.0
2026-08-27,61250,2026-10-09,put,mini,3,0.3146,43,910.0
2026-08-27,61375,2026-10-09,put,mini,970,0.3189,43,970.0
2026-08-27,61500,2026-10-09,put,mini,1,0.3164,43,985.0
2026-08-27,61750,2026-10-09,put,mini,3,0.3156,43,1045.0
2026-08-27,62000,2026-10-09,put,mini,34,0.3136,43,1100.0
2026-08-27,62250,2026-10-09,put,mini,3,0.3127,43,1165.0
2026-08-27,62375,2026-10-09,put,mini,1,0.3111,43,1190.0
2026-08-27,62500,2026-10-09,put,mini,9,0.3101,43,1220.0
2026-08-27,62750,2026-10-09,put,mini,1024,0.3097,43,1295.0
2026-08-27,63000,2026-10-09,put,mini,39,0.3077,43,1360.0
2026-08-27,63250,2026-10-09,put,mini,6,0.3066,43,1435.0
2026-08-27,63500,2026-10-09,put,mini,6,0.3057,43,1515.0
2026-08-27,63625,2026-10-09,put,mini,2,0.3051,43,1555.0
2026-08-27,63750,2026-10-09,put,mini,219,0.3038,43,1590.0
2026-08-27,63875,2026-10-09,put,mini,1,0.3042,43,1640.0
2026-08-27,64000,2026-10-09,put,mini,97,0.3021,43,1670.0
2026-08-27,64250,2026-10-09,put,mini,180,0.3013,43,1760.0
2026-08-27,64500,2026-10-09,put,mini,115,0.3012,43,1860.0
2026-08-27,64625,2026-10-09,put,mini,1,0.3004,43,1905.0
2026-08-27,64750,2026-10-09,put,mini,86,0.3007,43,1960.0
2026-08-27,64875,2026-10-09,put,mini,1,0.2997,43,2005.0
2026-08-27,65000,2026-10-09,put,mini,30,0.2986,43,2050.0
2026-08-27,65125,2026-10-09,put,mini,2110,0.2991,43,2110.0
2026-08-27,65250,2026-10-09,put,mini,37,0.2984,43,2160.0
2026-08-27,65375,2026-10-09,put,mini,1,0.2982,43,2215.0
2026-08-27,65500,2026-10-09,put,mini,17,0.2979,43,2270.0
2026-08-27,65625,2026-10-09,put,mini,2325,0.2974,43,2325.0
2026-08-27,65750,2026-10-09,put,mini,5,0.2969,43,2380.0
2026-08-27,66000,2026-10-09,put,mini,95,0.2955,43,2490.0
2026-08-27,66250,2026-10-09,put,mini,22,0.2937,43,2600.0
2026-08-27,66500,2026-10-09,put,mini,22,0.2931,43,2725.0
2026-08-27,66625,2026-10-09,put,mini,2785,0.2924,43,2785.0
2026-08-27,66750,2026-10-09,put,mini,6,0.2927,43,2855.0
2026-08-27,67000,2026-10-09,put,mini,46,0.2925,43,2990.0
2026-08-27,67125,2026-10-09,put,mini,1,0.2919,43,3055.0
2026-08-27,67250,2026-10-09,put,mini,59,0.2913,43,3120.0
2026-08-27,67500,2026-10-09,put,mini,115,0.2919,43,3270.0
2026-08-27,68000,2026-10-09,put,mini,6,0.2913,43,3565.0
2026-08-27,68250,2026-10-09,put,mini,493,0.2918,43,3725.0
2026-08-27,68500,2026-10-09,put,mini,307,0.292,43,3885.0
2026-08-27,68750,2026-10-09,put,mini,2575,0.2923,43,4050.0
2026-08-27,69000,2026-10-09,put,mini,1215,0.294,43,4230.0
2026-08-27,69250,2026-10-09,put,mini,31,0.2936,43,4395.0
2026-08-27,69500,2026-10-09,put,mini,25,0.294,43,4570.0
2026-08-27,69750,2026-10-09,put,mini,6,0.2952,43,4755.0
2026-08-27,70000,2026-10-09,put,mini,1,0.2967,43,4945.0
2026-08-27,70500,2026-10-09,put,mini,1,0.2975,43,5315.0
2026-08-27,71000,2026-10-09,put,mini,3,0.3014,43,5720.0
2026-08-27,71250,2026-10-09,put,mini,3,0.302,43,5915.0
2026-08-27,71500,2026-10-09,put,mini,6120,0.3035,43,6120.0
2026-08-27,71750,2026-10-09,put,mini,1062,0.3055,43,6330.0
2026-08-27,62375,2026-11-13,put,mini,3,0.299,78,1895.0
2026-08-27,62500,2026-11-13,put,mini,1,0.2986,78,1935.0
2026-08-27,63000,2026-11-13,put,mini,4,0.2965,78,2095.0
2026-08-27,64000,2026-11-13,put,mini,2445,0.2923,78,2445.0
2026-08-27,64375,2026-11-13,put,mini,1,0.291,78,2590.0
2026-08-27,64500,2026-11-13,put,mini,1,0.2906,78,2640.0
2026-08-27,64750,2026-11-13,put,mini,1,0.2896,78,2740.0
2026-08-27,65250,2026-11-13,put,mini,4,0.2882,78,2955.0
2026-08-27,65375,2026-11-13,put,mini,1,0.2878,78,3010.0
2026-08-27,65500,2026-11-13,put,mini,1,0.2873,78,3065.0
2026-08-27,66000,2026-11-13,call,mini,4,0.2539,78,3295.0
2026-08-27,70000,2026-11-13,call,mini,5545,0.575,78,5545.0
2026-08-27,71000,2026-11-13,call,mini,1,0.6624,78,6250.0
2026-08-27,62000,2026-08-28,call,mini,4390,0.6354,1,4390.0
2026-08-27,62750,2026-08-28,call,mini,3645,0.5635,1,3645.0
2026-08-27,63375,2026-08-28,call,mini,3030,0.5151,1,3030.0
2026-08-27,63500,2026-08-28,call,mini,7,0.5122,1,2910.0
2026-08-27,63750,2026-08-28,call,mini,7,0.4887,1,2665.0
2026-08-27,64000,2026-08-28,call,mini,4,0.4738,1,2425.0
2026-08-27,64500,2026-08-28,call,mini,1,0.4456,1,1955.0
2026-08-27,64750,2026-08-28,call,mini,1,0.4428,1,1735.0
2026-08-27,65000,2026-08-28,call,mini,54,0.4302,1,1515.0
2026-08-27,65125,2026-08-28,call,mini,1410,0.4262,1,1410.0
2026-08-27,65250,2026-08-28,call,mini,24,0.4247,1,1310.0
2026-08-27,65375,2026-08-28,call,mini,7,0.4204,1,1210.0
2026-08-27,65500,2026-08-28,call,mini,39,0.4135,1,1110.0
2026-08-27,65625,2026-08-28,call,mini,305,0.4209,1,1030.0
2026-08-27,65750,2026-08-28,call,mini,326,0.4047,1,925.0
2026-08-27,65875,2026-08-28,call,mini,116,0.4097,1,850.0
2026-08-27,66000,2026-08-28,call,mini,368,0.3888,1,745.0
2026-08-27,66125,2026-08-28,call,mini,16,0.3839,1,665.0
2026-08-27,66250,2026-08-28,call,mini,131,0.4049,1,625.0
2026-08-27,66375,2026-08-28,call,mini,61,0.3791,1,525.0
2026-08-27,66500,2026-08-28,call,mini,302,0.3752,1,460.0
2026-08-27,66625,2026-08-28,call,mini,79,0.3824,1,415.0
2026-08-27,66750,2026-08-28,call,mini,139,0.3864,1,370.0
2026-08-27,66875,2026-08-28,call,mini,59,0.3873,1,325.0
2026-08-27,67000,2026-08-28,call,mini,674,0.3662,1,257.0
2026-08-27,67125,2026-08-28,call,mini,35,0.3969,1,257.0
2026-08-27,67250,2026-08-28,call,mini,140,0.3982,1,224.0
2026-08-27,67375,2026-08-28,call,mini,4,0.3934,1,188.0
2026-08-27,67500,2026-08-28,call,mini,598,0.3946,1,162.0
2026-08-27,67625,2026-08-28,call,mini,30,0.3925,1,136.0
2026-08-27,67750,2026-08-28,call,mini,106,0.3829,1,107.0
2026-08-27,67875,2026-08-28,call,mini,11,0.4029,1,105.0
2026-08-27,68000,2026-08-28,call,mini,674,0.3953,1,83.0
2026-08-27,68125,2026-08-28,call,mini,25,0.4058,1,76.0
2026-08-27,68250,2026-08-28,call,mini,185,0.3965,1,58.0
2026-08-27,68375,2026-08-28,call,mini,3,0.4026,1,51.0
2026-08-27,68500,2026-08-28,call,mini,432,0.389,1,36.0
2026-08-27,68625,2026-08-28,call,mini,9,0.399,1,33.0
2026-08-27,68750,2026-08-28,call,mini,54,0.408,1,30.0
2026-08-27,68875,2026-08-28,call,mini,10,0.3967,1,21.0
2026-08-27,69000,2026-08-28,call,mini,1065,0.4051,1,19.0
2026-08-27,69125,2026-08-28,call,mini,52,0.4125,1,17.0
2026-08-27,69250,2026-08-28,call,mini,79,0.4188,1,15.0
2026-08-27,69375,2026-08-28,call,mini,3,0.4185,1,12.0
2026-08-27,69500,2026-08-28,call,mini,308,0.4076,1,8.0
2026-08-27,69625,2026-08-28,call,mini,17,0.4212,1,8.0
2026-08-27,69750,2026-08-28,call,mini,58,0.4268,1,7.0
2026-08-27,69875,2026-08-28,call,mini,16,0.4311,1,6.0
2026-08-27,70000,2026-08-28,call,mini,738,0.4079,1,3.0
2026-08-27,70125,2026-08-28,call,mini,12,0.4344,1,4.0
2026-08-27,70250,2026-08-28,call,mini,77,0.4467,1,4.0
2026-08-27,70500,2026-08-28,call,mini,290,0.4361,1,2.0
2026-08-27,70625,2026-08-28,call,mini,1138,0.4178,1,1.0
2026-08-27,70750,2026-08-28,call,mini,39,0.4285,1,1.0
2026-08-27,70875,2026-08-28,call,mini,3,0.4392,1,1.0
2026-08-27,71000,2026-08-28,call,mini,862,0.4499,1,1.0
2026-08-27,71125,2026-08-28,call,mini,22,0.4605,1,1.0
2026-08-27,71250,2026-08-28,call,mini,323,0.471,1,1.0
2026-08-27,71375,2026-08-28,call,mini,2,0.4816,1,1.0
2026-08-27,71500,2026-08-28,call,mini,224,0.492,1,1.0
2026-08-27,71625,2026-08-28,call,mini,1,0.5025,1,1.0
2026-08-27,71750,2026-08-28,call,mini,658,0.5129,1,1.0
2026-08-27,71875,2026-08-28,call,mini,1,0.5233,1,1.0
2026-08-27,72000,2026-08-28,call,mini,570,0.5336,1,1.0
2026-08-27,72125,2026-08-28,call,mini,2,0.5439,1,1.0
2026-08-27,72250,2026-08-28,call,mini,614,0.5542,1,1.0
2026-08-27,65500,2026-09-02,call,mini,2,0.3098,6,1540.0
2026-08-27,65750,2026-09-02,call,mini,2,0.3071,6,1380.0
2026-08-27,68250,2026-09-02,call,mini,2,0.2962,6,345.0
2026-08-27,64750,2026-09-04,call,mini,2,0.3028,8,2160.0
2026-08-27,65000,2026-09-04,call,mini,6,0.3019,8,1985.0
2026-08-27,65250,2026-09-04,call,mini,4,0.303,8,1825.0
2026-08-27,65500,2026-09-04,call,mini,6,0.302,8,1665.0
2026-08-27,65625,2026-09-04,call,mini,2,0.3006,8,1585.0
2026-08-27,65750,2026-09-04,call,mini,5,0.2659,8,1380.0
2026-08-27,66000,2026-09-04,call,mini,40,0.2962,8,1355.0
2026-08-27,66250,2026-09-04,call,mini,15,0.2901,8,1200.0
2026-08-27,66375,2026-09-04,call,mini,1,0.2857,8,1120.0
2026-08-27,66500,2026-09-04,call,mini,5,0.2513,8,925.0
2026-08-27,67000,2026-09-04,call,mini,14,0.2817,8,825.0
2026-08-27,67250,2026-09-04,call,mini,2,0.2874,8,750.0
2026-08-27,67500,2026-09-04,call,mini,23,0.2706,8,600.0
2026-08-27,67750,2026-09-04,call,mini,5,0.2844,8,570.0
2026-08-27,68000,2026-09-04,call,mini,39,0.2732,8,460.0
2026-08-27,68250,2026-09-04,call,mini,56,0.2822,8,425.0
2026-08-27,68500,2026-09-04,call,mini,105,0.2849,8,375.0
2026-08-27,68750,2026-09-04,call,mini,5,0.2839,8,320.0
2026-08-27,69000,2026-09-04,call,mini,86,0.275,8,251.0
2026-08-27,69250,2026-09-04,call,mini,55,0.2849,8,236.0
2026-08-27,69375,2026-09-04,call,mini,2,0.283,8,213.0
2026-08-27,69500,2026-09-04,call,mini,36,0.2807,8,191.0
2026-08-27,69750,2026-09-04,call,mini,2,0.2838,8,167.0
2026-08-27,70000,2026-09-04,call,mini,146,0.2686,8,114.0
2026-08-27,70250,2026-09-04,call,mini,2,0.2694,8,95.0
2026-08-27,70500,2026-09-04,call,mini,39,0.2718,8,81.0
2026-08-27,70750,2026-09-04,call,mini,4,0.2751,8,70.0
2026-08-27,71000,2026-09-04,call,mini,48,0.2689,8,51.0
2026-08-27,71250,2026-09-04,call,mini,1,0.2822,8,53.0
2026-08-27,71500,2026-09-04,call,mini,1,0.2867,8,47.0
2026-08-27,72000,2026-09-04,call,mini,8,0.2802,8,27.0
2026-08-27,58500,2026-09-11,call,mini,2,0.4059,15,8015.0
2026-08-27,58750,2026-09-11,call,mini,7775,0.4012,15,7775.0
2026-08-27,59000,2026-09-11,call,mini,3,0.3932,15,7530.0
2026-08-27,59250,2026-09-11,call,mini,7290,0.3878,15,7290.0
2026-08-27,59375,2026-09-11,call,mini,7175,0.3877,15,7175.0
2026-08-27,59500,2026-09-11,call,mini,7050,0.382,15,7050.0
2026-08-27,59750,2026-09-11,call,mini,6815,0.3784,15,6815.0
2026-08-27,60000,2026-09-11,call,mini,1,0.3741,15,6580.0
2026-08-27,60250,2026-09-11,call,mini,6340,0.3671,15,6340.0
2026-08-27,60500,2026-09-11,call,mini,1,0.3619,15,6105.0
2026-08-27,61000,2026-09-11,call,mini,3,0.3541,15,5645.0
2026-08-27,61250,2026-09-11,call,mini,32,0.33,15,5365.0
2026-08-27,61500,2026-09-11,call,mini,22,0.3293,15,5145.0
2026-08-27,62000,2026-09-11,call,mini,7,0.3215,15,4695.0
2026-08-27,62250,2026-09-11,call,mini,2,0.3213,15,4485.0
2026-08-27,62500,2026-09-11,call,mini,5,0.3155,15,4260.0
2026-08-27,62750,2026-09-11,call,mini,29,0.3119,15,4045.0
2026-08-27,62875,2026-09-11,call,mini,3995,0.3255,15,3995.0
2026-08-27,63000,2026-09-11,call,mini,76,0.313,15,3850.0
2026-08-27,63250,2026-09-11,call,mini,59,0.3063,15,3630.0
2026-08-27,63500,2026-09-11,call,mini,33,0.3077,15,3445.0
2026-08-27,63750,2026-09-11,call,mini,324,0.3042,15,3245.0
2026-08-27,64000,2026-09-11,call,mini,187,0.2999,15,3045.0
2026-08-27,64250,2026-09-11,call,mini,349,0.3012,15,2875.0
2026-08-27,64375,2026-09-11,call,mini,1,0.3078,15,2820.0
2026-08-27,64500,2026-09-11,call,mini,178,0.2992,15,2695.0
2026-08-27,64750,2026-09-11,call,mini,134,0.2971,15,2520.0
2026-08-27,65000,2026-09-11,call,mini,63,0.2919,15,2335.0
2026-08-27,65125,2026-09-11,call,mini,3,0.2914,15,2255.0
2026-08-27,65250,2026-09-11,call,mini,15,0.2897,15,2170.0
2026-08-27,65500,2026-09-11,call,mini,48,0.2883,15,2015.0
2026-08-27,65625,2026-09-11,call,mini,2,0.2867,15,1935.0
2026-08-27,65750,2026-09-11,call,mini,14,0.2867,15,1865.0
2026-08-27,65875,2026-09-11,call,mini,1,0.2901,15,1815.0
2026-08-27,66000,2026-09-11,call,mini,140,0.2904,15,1750.0
2026-08-27,66125,2026-09-11,call,mini,2,0.282,15,1640.0
2026-08-27,66250,2026-09-11,call,mini,33,0.2818,15,1575.0
2026-08-27,66375,2026-09-11,call,mini,1,0.2812,15,1510.0
2026-08-27,66500,2026-09-11,call,mini,62,0.2766,15,1425.0
2026-08-27,66625,2026-09-11,call,mini,1385,0.28,15,1385.0
2026-08-27,66750,2026-09-11,call,mini,21,0.2795,15,1325.0
2026-08-27,66875,2026-09-11,call,mini,1,0.2786,15,1265.0
2026-08-27,67000,2026-09-11,call,mini,252,0.2708,15,1170.0
2026-08-27,67125,2026-09-11,call,mini,2,0.2778,15,1155.0
2026-08-27,67250,2026-09-11,call,mini,46,0.277,15,1100.0
2026-08-27,67375,2026-09-11,call,mini,1050,0.2767,15,1050.0
2026-08-27,67500,2026-09-11,call,mini,107,0.2772,15,1005.0
2026-08-27,67625,2026-09-11,call,mini,950,0.2754,15,950.0
2026-08-27,67750,2026-09-11,call,mini,10,0.2712,15,885.0
2026-08-27,67875,2026-09-11,call,mini,860,0.2747,15,860.0
2026-08-27,68000,2026-09-11,call,mini,279,0.2668,15,780.0
2026-08-27,68125,2026-09-11,call,mini,10,0.2738,15,775.0
2026-08-27,68250,2026-09-11,call,mini,243,0.2723,15,730.0
2026-08-27,68375,2026-09-11,call,mini,1,0.2726,15,695.0
2026-08-27,68500,2026-09-11,call,mini,259,0.2705,15,650.0
2026-08-27,68625,2026-09-11,call,mini,2,0.2713,15,620.0
2026-08-27,68750,2026-09-11,call,mini,1765,0.2706,15,585.0
2026-08-27,68875,2026-09-11,call,mini,555,0.2708,15,555.0
2026-08-27,69000,2026-09-11,call,mini,1328,0.2696,15,520.0
2026-08-27,69125,2026-09-11,call,mini,3,0.2703,15,495.0
2026-08-27,69250,2026-09-11,call,mini,41,0.2696,15,465.0
2026-08-27,69375,2026-09-11,call,mini,1,0.2698,15,440.0
2026-08-27,69500,2026-09-11,call,mini,151,0.2697,15,415.0
2026-08-27,69625,2026-09-11,call,mini,390,0.2693,15,390.0
2026-08-27,69750,2026-09-11,call,mini,4,0.2686,15,365.0
2026-08-27,69875,2026-09-11,call,mini,345,0.269,15,345.0
2026-08-27,70000,2026-09-11,call,mini,686,0.2646,15,310.0
2026-08-27,70125,2026-09-11,call,mini,3,0.2688,15,305.0
2026-08-27,70250,2026-09-11,call,mini,13,0.2686,15,286.0
2026-08-27,70375,2026-09-11,call,mini,270,0.2691,15,270.0
2026-08-27,70500,2026-09-11,call,mini,120,0.2666,15,246.0
2026-08-27,70625,2026-09-11,call,mini,1,0.2684,15,236.0
2026-08-27,70750,2026-09-11,call,mini,6,0.2687,15,222.0
2026-08-27,70875,2026-09-11,call,mini,1,0.2687,15,208.0
2026-08-27,71000,2026-09-11,call,mini,461,0.2681,15,193.0
2026-08-27,71125,2026-09-11,call,mini,1,0.2691,15,183.0
2026-08-27,71250,2026-09-11,call,mini,8,0.2682,15,169.0
2026-08-27,71375,2026-09-11,call,mini,159,0.2687,15,159.0
2026-08-27,71500,2026-09-11,call,mini,108,0.2698,15,151.0
2026-08-27,71625,2026-09-11,call,mini,1,0.2689,15,139.0
2026-08-27,71750,2026-09-11,call,mini,426,0.2686,15,129.0
2026-08-27,71875,2026-09-11,call,mini,1,0.2685,15,120.0
2026-08-27,72000,2026-09-11,call,mini,478,0.2681,15,111.0
2026-08-27,72125,2026-09-11,call,mini,1,0.2696,15,106.0
2026-08-27,72250,2026-09-11,call,mini,53,0.2699,15,99.0
2026-08-27,72375,2026-09-11,call,mini,1,0.2705,15,93.0
2026-08-27,72500,2026-09-11,call,mini,157,0.2669,15,81.0
2026-08-27,72625,2026-09-11,call,mini,1,0.2716,15,82.0
2026-08-27,72750,2026-09-11,call,mini,19,0.2715,15,76.0
2026-08-27,72875,2026-09-11,call,mini,70,0.2711,15,70.0
2026-08-27,73000,2026-09-11,call,mini,353,0.2704,15,64.0
2026-08-27,73125,2026-09-11,call,mini,1,0.2727,15,62.0
2026-08-27,73250,2026-09-11,call,mini,245,0.2748,15,60.0
2026-08-27,73375,2026-09-11,call,mini,56,0.2752,15,56.0
2026-08-27,73500,2026-09-11,call,mini,142,0.2734,15,50.0
2026-08-27,73625,2026-09-11,call,mini,49,0.2761,15,49.0
2026-08-27,73750,2026-09-11,call,mini,9,0.2778,15,47.0
2026-08-27,73875,2026-09-11,call,mini,44,0.2783,15,44.0
2026-08-27,74000,2026-09-11,call,mini,261,0.2752,15,38.0
2026-08-27,74125,2026-09-11,call,mini,38,0.2787,15,38.0
2026-08-27,74250,2026-09-11,call,mini,17,0.281,15,37.0
2026-08-27,74375,2026-09-11,call,mini,34,0.2807,15,34.0
2026-08-27,74500,2026-09-11,call,mini,89,0.2787,15,30.0
2026-08-27,74625,2026-09-11,call,mini,30,0.2821,15,30.0
2026-08-27,74750,2026-09-11,call,mini,18,0.2825,15,28.0
2026-08-27,74875,2026-09-11,call,mini,9,0.2828,15,26.0
2026-08-27,75000,2026-09-11,call,mini,500,0.281,15,23.0
2026-08-27,75125,2026-09-11,call,mini,23,0.2843,15,23.0
2026-08-27,75250,2026-09-11,call,mini,84,0.2839,15,21.0
2026-08-27,75375,2026-09-11,call,mini,38,0.287,15,21.0
2026-08-27,65750,2026-09-18,call,mini,6,0.2905,22,2210.0
2026-08-27,66000,2026-09-18,call,mini,6,0.2885,22,2065.0
2026-08-27,66500,2026-09-18,call,mini,6,0.2852,22,1795.0
2026-08-27,67750,2026-09-18,call,mini,6,0.2778,22,1220.0
2026-08-27,68250,2026-09-18,call,mini,3,0.2761,22,1035.0
2026-08-27,68750,2026-09-18,call,mini,7,0.2761,22,880.0
2026-08-27,66000,2026-09-25,call,mini,6,0.2863,29,2325.0
2026-08-27,58500,2026-10-09,call,mini,21,0.2492,43,8045.0
2026-08-27,59000,2026-10-09,call,mini,7600,0.2532,43,7600.0
2026-08-27,60000,2026-10-09,call,mini,6735,0.2582,43,6735.0
2026-08-27,61125,2026-10-09,call,mini,5815,0.2624,43,5815.0
2026-08-27,61250,2026-10-09,call,mini,10,0.2608,43,5705.0
2026-08-27,61500,2026-10-09,call,mini,5515,0.2623,43,5515.0
2026-08-27,61750,2026-10-09,call,mini,5320,0.2624,43,5320.0
2026-08-27,61875,2026-10-09,call,mini,5220,0.2618,43,5220.0
2026-08-27,62000,2026-10-09,call,mini,5125,0.262,43,5125.0
2026-08-27,62250,2026-10-09,call,mini,3,0.2625,43,4940.0
2026-08-27,62500,2026-10-09,call,mini,4750,0.2618,43,4750.0
2026-08-27,62750,2026-10-09,call,mini,1027,0.2621,43,4570.0
2026-08-27,63000,2026-10-09,call,mini,15,0.2611,43,4385.0
2026-08-27,63500,2026-10-09,call,mini,4030,0.2598,43,4030.0
2026-08-27,63750,2026-10-09,call,mini,10,0.2594,43,3860.0
2026-08-27,63875,2026-10-09,call,mini,3790,0.2609,43,3790.0
2026-08-27,64000,2026-10-09,call,mini,7,0.2585,43,3690.0
2026-08-27,64250,2026-10-09,call,mini,3540,0.2596,43,3540.0
2026-08-27,64375,2026-10-09,call,mini,3455,0.2587,43,3455.0
2026-08-27,64750,2026-10-09,call,mini,4,0.2566,43,3210.0
2026-08-27,65000,2026-10-09,call,mini,13,0.2574,43,3070.0
2026-08-27,65375,2026-10-09,call,mini,1,0.2558,43,2845.0
2026-08-27,65500,2026-10-09,call,mini,14,0.2551,43,2770.0
2026-08-27,65625,2026-10-09,call,mini,2705,0.2554,43,2705.0
2026-08-27,65750,2026-10-09,call,mini,7,0.255,43,2635.0
2026-08-27,66000,2026-10-09,call,mini,80,0.2499,43,2460.0
2026-08-27,66250,2026-10-09,call,mini,22,0.2538,43,2370.0
2026-08-27,66375,2026-10-09,call,mini,2315,0.2544,43,2315.0
2026-08-27,66500,2026-10-09,call,mini,29,0.2533,43,2245.0
2026-08-27,66625,2026-10-09,call,mini,1,0.2537,43,2190.0
2026-08-27,66750,2026-10-09,call,mini,1,0.2529,43,2125.0
2026-08-27,66875,2026-10-09,call,mini,2070,0.2531,43,2070.0
2026-08-27,67000,2026-10-09,call,mini,20,0.2526,43,2010.0
2026-08-27,67125,2026-10-09,call,mini,3,0.2531,43,1960.0
2026-08-27,67250,2026-10-09,call,mini,2,0.2524,43,1900.0
2026-08-27,67500,2026-10-09,call,mini,13,0.2528,43,1800.0
2026-08-27,67625,2026-10-09,call,mini,1,0.2523,43,1745.0
2026-08-27,67750,2026-10-09,call,mini,5,0.2516,43,1690.0
2026-08-27,67875,2026-10-09,call,mini,1650,0.2526,43,1650.0
2026-08-27,68000,2026-10-09,call,mini,35,0.2517,43,1595.0
2026-08-27,68125,2026-10-09,call,mini,1550,0.2518,43,1550.0
2026-08-27,68250,2026-10-09,call,mini,483,0.2513,43,1500.0
2026-08-27,68500,2026-10-09,call,mini,317,0.2516,43,1415.0
2026-08-27,68625,2026-10-09,call,mini,2,0.253,43,1385.0
2026-08-27,68750,2026-10-09,call,mini,2673,0.2514,43,1330.0
2026-08-27,69000,2026-10-09,call,mini,1294,0.2508,43,1245.0
2026-08-27,69125,2026-10-09,call,mini,1,0.2524,43,1220.0
2026-08-27,69250,2026-10-09,call,mini,35,0.2509,43,1170.0
2026-08-27,69500,2026-10-09,call,mini,25,0.2493,43,1085.0
2026-08-27,69625,2026-10-09,call,mini,1,0.2524,43,1075.0
2026-08-27,69750,2026-10-09,call,mini,1,0.251,43,1030.0
2026-08-27,69875,2026-10-09,call,mini,1000,0.2514,43,1000.0
2026-08-27,70000,2026-10-09,call,mini,58,0.2491,43,950.0
2026-08-27,70125,2026-10-09,call,mini,1,0.2519,43,940.0
2026-08-27,70250,2026-10-09,call,mini,6,0.2514,43,905.0
2026-08-27,70375,2026-10-09,call,mini,2,0.2527,43,885.0
2026-08-27,70500,2026-10-09,call,mini,16,0.2512,43,845.0
2026-08-27,70625,2026-10-09,call,mini,3,0.2524,43,825.0
2026-08-27,70750,2026-10-09,call,mini,5,0.2513,43,790.0
2026-08-27,71000,2026-10-09,call,mini,31,0.2517,43,740.0
2026-08-27,71125,2026-10-09,call,mini,2,0.2525,43,720.0
2026-08-27,71250,2026-10-09,call,mini,3,0.2517,43,690.0
2026-08-27,71500,2026-10-09,call,mini,16,0.2521,43,645.0
2026-08-27,71750,2026-10-09,call,mini,1808,0.252,43,600.0
2026-08-27,72000,2026-10-09,call,mini,68,0.2531,43,565.0
2026-08-27,72250,2026-10-09,call,mini,17,0.2514,43,515.0
2026-08-27,62500,2026-11-13,call,mini,5660,0.2835,78,5660.0
2026-08-27,64000,2026-11-13,call,mini,3,0.2778,78,4665.0
2026-08-27,65250,2026-11-13,call,mini,12,0.2742,78,3925.0
2026-08-27,65500,2026-11-13,call,mini,3790,0.2738,78,3790.0
2026-08-27,66000,2026-11-13,call,mini,4,0.2654,78,3435.0
2026-08-27,66500,2026-11-13,call,mini,3,0.2643,78,3180.0
2026-08-27,66625,2026-11-13,call,mini,3125,0.2645,78,3125.0
2026-08-27,67000,2026-11-13,call,mini,3,0.263,78,2935.0
2026-08-27,67500,2026-11-13,call,mini,4,0.2623,78,2710.0
2026-08-27,68000,2026-11-13,call,mini,9,0.2615,78,2495.0
2026-08-27,68500,2026-11-13,call,mini,4,0.26,78,2285.0
2026-08-27,69000,2026-11-13,call,mini,9,0.2627,78,2135.0
2026-08-27,69500,2026-11-13,call,mini,3,0.2615,78,1950.0
2026-08-27,69750,2026-11-13,call,mini,2,0.2607,78,1860.0
2026-08-27,70000,2026-11-13,call,mini,23,0.2614,78,1790.0
2026-08-27,70500,2026-11-13,call,mini,1630,0.2605,78,1630.0
2026-08-27,71000,2026-11-13,call,mini,6,0.2595,78,1480.0
2026-08-27,71500,2026-11-13,call,mini,1,0.2603,78,1360.0
2026-08-27,71750,2026-11-13,call,mini,2,0.26,78,1295.0
2026-08-27,72000,2026-11-13,call,mini,4,0.2598,78,1235.0
2026-08-27,72250,2026-11-13,call,mini,2,0.2595,78,1175.0
