date,strike,expiry,type,product,oi,iv,days_to_expiry,settlement
2026-09-04,20000,2026-09-10,put,regular,1549,2.6868,6,1.0
2026-09-04,21000,2026-09-10,put,regular,343,2.5785,6,1.0
2026-09-04,22000,2026-09-10,put,regular,485,2.4752,6,1.0
2026-09-04,23000,2026-09-10,put,regular,296,2.3766,6,1.0
2026-09-04,24000,2026-09-10,put,regular,151,2.2822,6,1.0
2026-09-04,25000,2026-09-10,put,regular,3940,2.1917,6,1.0
2026-09-04,26000,2026-09-10,put,regular,228,2.1048,6,1.0
2026-09-04,27000,2026-09-10,put,regular,203,2.0211,6,1.0
2026-09-04,27250,2026-09-10,put,regular,11,2.0007,6,1.0
2026-09-04,27500,2026-09-10,put,regular,21,1.9804,6,1.0
2026-09-04,27750,2026-09-10,put,regular,8,1.9604,6,1.0
2026-09-04,28000,2026-09-10,put,regular,87,1.9405,6,1.0
2026-09-04,28250,2026-09-10,put,regular,2,1.9208,6,1.0
2026-09-04,28500,2026-09-10,put,regular,10,1.9012,6,1.0
2026-09-04,28750,2026-09-10,put,regular,68,1.8819,6,1.0
2026-09-04,29000,2026-09-10,put,regular,89,1.8627,6,1.0
2026-09-04,29250,2026-09-10,put,regular,3,1.8437,6,1.0
2026-09-04,29500,2026-09-10,put,regular,30,1.8248,6,1.0
2026-09-04,29750,2026-09-10,put,regular,11,1.8061,6,1.0
2026-09-04,30000,2026-09-10,put,regular,6460,1.7875,6,1.0
2026-09-04,30250,2026-09-10,put,regular,1,1.7691,6,1.0
2026-09-04,30500,2026-09-10,put,regular,86,1.7508,6,1.0
2026-09-04,30750,2026-09-10,put,regular,8,1.7327,6,1.0
2026-09-04,31000,2026-09-10,put,regular,211,1.7148,6,1.0
2026-09-04,31250,2026-09-10,put,regular,1,1.6969,6,1.0
2026-09-04,31500,2026-09-10,put,regular,12,1.6792,6,1.0
2026-09-04,31750,2026-09-10,put,regular,14,1.6617,6,1.0
2026-09-04,32000,2026-09-10,put,regular,179,1.6443,6,1.0
2026-09-04,32250,2026-09-10,put,regular,4,1.627,6,1.0
2026-09-04,32500,2026-09-10,put,regular,34,1.6098,6,1.0
2026-09-04,32750,2026-09-10,put,regular,9,1.5928,6,1.0
2026-09-04,33000,2026-09-10,put,regular,511,1.5759,6,1.0
2026-09-04,33250,2026-09-10,put,regular,1,1.5592,6,1.0
2026-09-04,33500,2026-09-10,put,regular,31,1.5425,6,1.0
2026-09-04,33750,2026-09-10,put,regular,4,1.526,6,1.0
2026-09-04,34000,2026-09-10,put,regular,180,1.5096,6,1.0
2026-09-04,34250,2026-09-10,put,regular,2,1.4933,6,1.0
2026-09-04,34500,2026-09-10,put,regular,35,1.4771,6,1.0
2026-09-04,34750,2026-09-10,put,regular,69,1.461,6,1.0
2026-09-04,35000,2026-09-10,put,regular,3917,1.4451,6,1.0
2026-09-04,35250,2026-09-10,put,regular,8,1.4292,6,1.0
2026-09-04,35500,2026-09-10,put,regular,20,1.4135,6,1.0
2026-09-04,35750,2026-09-10,put,regular,52,1.3979,6,1.0
2026-09-04,36000,2026-09-10,put,regular,286,1.3823,6,1.0
2026-09-04,36250,2026-09-10,put,regular,5,1.3669,6,1.0
2026-09-04,36500,2026-09-10,put,regular,39,1.3516,6,1.0
2026-09-04,36750,2026-09-10,put,regular,69,1.3364,6,1.0
2026-09-04,37000,2026-09-10,put,regular,603,1.3213,6,1.0
2026-09-04,37250,2026-09-10,put,regular,1,1.3062,6,1.0
2026-09-04,37500,2026-09-10,put,regular,20,1.2913,6,1.0
2026-09-04,37750,2026-09-10,put,regular,6,1.2765,6,1.0
2026-09-04,38000,2026-09-10,put,regular,980,1.2617,6,1.0
2026-09-04,38250,2026-09-10,put,regular,21,1.2471,6,1.0
2026-09-04,38500,2026-09-10,put,regular,240,1.2325,6,1.0
2026-09-04,38750,2026-09-10,put,regular,14,1.2181,6,1.0
2026-09-04,39000,2026-09-10,put,regular,201,1.2037,6,1.0
2026-09-04,39250,2026-09-10,put,regular,165,1.1894,6,1.0
2026-09-04,39500,2026-09-10,put,regular,309,1.1752,6,1.0
2026-09-04,39750,2026-09-10,put,regular,10,1.161,6,1.0
2026-09-04,40000,2026-09-10,put,regular,5021,1.147,6,1.0
2026-09-04,40250,2026-09-10,put,regular,19,1.133,6,1.0
2026-09-04,40500,2026-09-10,put,regular,181,1.1192,6,1.0
2026-09-04,40750,2026-09-10,put,regular,49,1.1054,6,1.0
2026-09-04,41000,2026-09-10,put,regular,1007,1.0917,6,1.0
2026-09-04,41250,2026-09-10,put,regular,34,1.078,6,1.0
2026-09-04,41500,2026-09-10,put,regular,68,1.0644,6,1.0
2026-09-04,41750,2026-09-10,put,regular,17,1.051,6,1.0
2026-09-04,42000,2026-09-10,put,regular,2196,1.0375,6,1.0
2026-09-04,42250,2026-09-10,put,regular,23,1.0242,6,1.0
2026-09-04,42500,2026-09-10,put,regular,62,1.0109,6,1.0
2026-09-04,42750,2026-09-10,put,regular,21,0.9977,6,1.0
2026-09-04,43000,2026-09-10,put,regular,1209,0.9846,6,1.0
2026-09-04,43250,2026-09-10,put,regular,60,0.9715,6,1.0
2026-09-04,43500,2026-09-10,put,regular,887,0.9585,6,1.0
2026-09-04,43750,2026-09-10,put,regular,16,0.9456,6,1.0
2026-09-04,44000,2026-09-10,put,regular,1440,0.9328,6,1.0
2026-09-04,44250,2026-09-10,put,regular,33,0.92,6,1.0
2026-09-04,44500,2026-09-10,put,regular,213,0.9588,6,2.0
2026-09-04,44750,2026-09-10,put,regular,36,0.9455,6,2.0
2026-09-04,45000,2026-09-10,put,regular,2552,0.9322,6,2.0
2026-09-04,45250,2026-09-10,put,regular,105,0.919,6,2.0
2026-09-04,45500,2026-09-10,put,regular,160,0.9059,6,2.0
2026-09-04,45750,2026-09-10,put,regular,60,0.8929,6,2.0
2026-09-04,46000,2026-09-10,put,regular,1870,0.9114,6,3.0
2026-09-04,46250,2026-09-10,put,regular,66,0.867,6,2.0
2026-09-04,46500,2026-09-10,put,regular,400,0.8848,6,3.0
2026-09-04,46750,2026-09-10,put,regular,61,0.8716,6,3.0
2026-09-04,47000,2026-09-10,put,regular,1199,0.8813,6,4.0
2026-09-04,47250,2026-09-10,put,regular,225,0.8453,6,3.0
2026-09-04,47500,2026-09-10,put,regular,1034,0.8546,6,4.0
2026-09-04,47750,2026-09-10,put,regular,117,0.8414,6,4.0
2026-09-04,48000,2026-09-10,put,regular,2969,0.8461,6,5.0
2026-09-04,48250,2026-09-10,put,regular,124,0.815,6,4.0
2026-09-04,48500,2026-09-10,put,regular,761,0.8193,6,5.0
2026-09-04,48750,2026-09-10,put,regular,151,0.8208,6,6.0
2026-09-04,49000,2026-09-10,put,regular,2184,0.8073,6,6.0
2026-09-04,49250,2026-09-10,put,regular,216,0.8066,6,7.0
2026-09-04,49500,2026-09-10,put,regular,257,0.8044,6,8.0
2026-09-04,49750,2026-09-10,put,regular,151,0.7907,6,8.0
2026-09-04,50000,2026-09-10,put,regular,10261,0.7772,6,8.0
2026-09-04,50250,2026-09-10,put,regular,85,0.7636,6,8.0
2026-09-04,50500,2026-09-10,put,regular,1531,0.7688,6,10.0
2026-09-04,50750,2026-09-10,put,regular,175,0.7551,6,10.0
2026-09-04,51000,2026-09-10,put,regular,1439,0.7414,6,10.0
2026-09-04,51250,2026-09-10,put,regular,217,0.7357,6,11.0
2026-09-04,51500,2026-09-10,put,regular,276,0.7294,6,12.0
2026-09-04,51750,2026-09-10,put,regular,54,0.7156,6,12.0
2026-09-04,52000,2026-09-10,put,regular,2619,0.7019,6,12.0
2026-09-04,52250,2026-09-10,put,regular,65,0.7011,6,14.0
2026-09-04,52500,2026-09-10,put,regular,619,0.6872,6,14.0
2026-09-04,52750,2026-09-10,put,regular,37,0.6792,6,15.0
2026-09-04,53000,2026-09-10,put,regular,2501,0.6654,6,15.0
2026-09-04,53250,2026-09-10,put,regular,41,0.6619,6,17.0
2026-09-04,53500,2026-09-10,put,regular,985,0.648,6,17.0
2026-09-04,53750,2026-09-10,put,regular,85,0.6388,6,18.0
2026-09-04,54000,2026-09-10,put,regular,2904,0.6293,6,19.0
2026-09-04,54250,2026-09-10,put,regular,109,0.6195,6,20.0
2026-09-04,54500,2026-09-10,put,regular,697,0.6095,6,21.0
2026-09-04,54750,2026-09-10,put,regular,270,0.6029,6,23.0
2026-09-04,55000,2026-09-10,put,regular,5988,0.5851,6,22.0
2026-09-04,55250,2026-09-10,put,regular,20,0.5846,6,26.0
2026-09-04,55500,2026-09-10,put,regular,761,0.5703,6,26.0
2026-09-04,55750,2026-09-10,put,regular,22,0.5679,6,30.0
2026-09-04,56000,2026-09-10,put,regular,2131,0.5534,6,30.0
2026-09-04,56250,2026-09-10,put,regular,42,0.5468,6,33.0
2026-09-04,56500,2026-09-10,put,regular,1153,0.5322,6,33.0
2026-09-04,56750,2026-09-10,put,regular,208,0.5247,6,36.0
2026-09-04,57000,2026-09-10,put,regular,2933,0.5144,6,38.0
2026-09-04,57250,2026-09-10,put,regular,180,0.5099,6,43.0
2026-09-04,57500,2026-09-10,put,regular,637,0.4987,6,45.0
2026-09-04,57750,2026-09-10,put,regular,102,0.489,6,48.0
2026-09-04,58000,2026-09-10,put,regular,2586,0.4854,6,55.0
2026-09-04,58250,2026-09-10,put,regular,277,0.473,6,57.0
2026-09-04,58375,2026-09-10,put,regular,8,0.4711,6,61.0
2026-09-04,58500,2026-09-10,put,regular,2359,0.4689,6,65.0
2026-09-04,58625,2026-09-10,put,regular,6,0.4637,6,67.0
2026-09-04,58750,2026-09-10,put,regular,106,0.4596,6,70.0
2026-09-04,58875,2026-09-10,put,regular,20,0.4567,6,74.0
2026-09-04,59000,2026-09-10,put,regular,3194,0.4534,6,78.0
2026-09-04,59125,2026-09-10,put,regular,24,0.4487,6,81.0
2026-09-04,59250,2026-09-10,put,regular,131,0.4439,6,84.0
2026-09-04,59375,2026-09-10,put,regular,17,0.441,6,89.0
2026-09-04,59500,2026-09-10,put,regular,911,0.4399,6,96.0
2026-09-04,59625,2026-09-10,put,regular,3,0.4354,6,100.0
2026-09-04,59750,2026-09-10,put,regular,96,0.4298,6,103.0
2026-09-04,59875,2026-09-10,put,regular,26,0.4277,6,110.0
2026-09-04,60000,2026-09-10,put,regular,8463,0.4337,6,127.0
2026-09-04,60125,2026-09-10,put,regular,3,0.4215,6,123.0
2026-09-04,60250,2026-09-10,put,regular,96,0.4176,6,129.0
2026-09-04,60375,2026-09-10,put,regular,19,0.4149,6,137.0
2026-09-04,60500,2026-09-10,put,regular,2136,0.4082,6,140.0
2026-09-04,60625,2026-09-10,put,regular,11,0.4093,6,154.0
2026-09-04,60750,2026-09-10,put,regular,189,0.4062,6,163.0
2026-09-04,60875,2026-09-10,put,regular,67,0.4049,6,175.0
2026-09-04,61000,2026-09-10,put,regular,2523,0.3973,6,178.0
2026-09-04,61125,2026-09-10,put,regular,43,0.4001,6,198.0
2026-09-04,61250,2026-09-10,put,regular,81,0.3997,6,214.0
2026-09-04,61375,2026-09-10,put,regular,2,0.3954,6,224.0
2026-09-04,61500,2026-09-10,put,regular,1631,0.3962,6,244.0
2026-09-04,61625,2026-09-10,put,regular,16,0.3906,6,253.0
2026-09-04,61750,2026-09-10,put,regular,250,0.3898,6,272.0
2026-09-04,61875,2026-09-10,put,regular,86,0.387,6,288.0
2026-09-04,62000,2026-09-10,put,regular,3896,0.3866,6,310.0
2026-09-04,62125,2026-09-10,put,regular,32,0.3847,6,330.0
2026-09-04,62250,2026-09-10,put,regular,154,0.3845,6,355.0
2026-09-04,62375,2026-09-10,put,regular,268,0.3816,6,375.0
2026-09-04,62500,2026-09-10,put,regular,1092,0.3782,6,395.0
2026-09-04,62625,2026-09-10,put,regular,92,0.3804,6,430.0
2026-09-04,62750,2026-09-10,put,regular,750,0.3819,6,465.0
2026-09-04,62875,2026-09-10,put,regular,41,0.3826,6,500.0
2026-09-04,63000,2026-09-10,put,regular,2740,0.3754,6,515.0
2026-09-04,63125,2026-09-10,put,regular,108,0.375,6,550.0
2026-09-04,63250,2026-09-10,put,regular,63,0.3776,6,595.0
2026-09-04,63375,2026-09-10,put,regular,61,0.3811,6,645.0
2026-09-04,63500,2026-09-10,put,regular,662,0.3738,6,665.0
2026-09-04,63625,2026-09-10,put,regular,40,0.3794,6,725.0
2026-09-04,63750,2026-09-10,put,regular,60,0.376,6,760.0
2026-09-04,63875,2026-09-10,put,regular,49,0.3865,6,840.0
2026-09-04,64000,2026-09-10,put,regular,2926,0.3804,6,870.0
2026-09-04,64125,2026-09-10,put,regular,26,0.3862,6,940.0
2026-09-04,64250,2026-09-10,put,regular,41,0.3898,6,1005.0
2026-09-04,64375,2026-09-10,put,regular,49,0.3867,6,1050.0
2026-09-04,64500,2026-09-10,put,regular,649,0.3967,6,1140.0
2026-09-04,64625,2026-09-10,put,regular,66,0.3969,6,1200.0
2026-09-04,64750,2026-09-10,put,regular,497,0.3966,6,1260.0
2026-09-04,64875,2026-09-10,put,regular,12,0.4047,6,1350.0
2026-09-04,65000,2026-09-10,put,regular,4370,0.4077,6,1425.0
2026-09-04,65125,2026-09-10,put,regular,36,0.4087,6,1495.0
2026-09-04,65250,2026-09-10,put,regular,100,0.4091,6,1565.0
2026-09-04,65375,2026-09-10,put,regular,33,0.412,6,1645.0
2026-09-04,65500,2026-09-10,put,regular,531,0.419,6,1740.0
2026-09-04,65625,2026-09-10,put,regular,27,0.4209,6,1820.0
2026-09-04,65750,2026-09-10,put,regular,697,0.4255,6,1910.0
2026-09-04,65875,2026-09-10,put,regular,1,0.4295,6,2000.0
2026-09-04,66000,2026-09-10,put,regular,2375,0.4394,6,2110.0
2026-09-04,66125,2026-09-10,put,regular,6,0.441,6,2195.0
2026-09-04,66250,2026-09-10,put,regular,65,0.447,6,2295.0
2026-09-04,66375,2026-09-10,put,regular,5,0.4542,6,2400.0
2026-09-04,66500,2026-09-10,put,regular,2011,0.453,6,2480.0
2026-09-04,66625,2026-09-10,put,regular,24,0.4677,6,2610.0
2026-09-04,66750,2026-09-10,put,regular,151,0.4724,6,2710.0
2026-09-04,67000,2026-09-10,put,regular,2322,0.4891,6,2935.0
2026-09-04,67125,2026-09-10,put,regular,2,0.4928,6,3035.0
2026-09-04,67250,2026-09-10,put,regular,15,0.4997,6,3145.0
2026-09-04,67500,2026-09-10,put,regular,553,0.518,6,3380.0
2026-09-04,67625,2026-09-10,put,regular,1,0.5242,6,3490.0
2026-09-04,67750,2026-09-10,put,regular,260,0.5338,6,3610.0
2026-09-04,68000,2026-09-10,put,regular,2133,0.5471,6,3835.0
2026-09-04,68250,2026-09-10,put,regular,109,0.5652,6,4075.0
2026-09-04,68375,2026-09-10,put,regular,1,0.5741,6,4195.0
2026-09-04,68500,2026-09-10,put,regular,170,0.5828,6,4315.0
2026-09-04,68750,2026-09-10,put,regular,57,0.6,6,4555.0
2026-09-04,69000,2026-09-10,put,regular,1120,0.6186,6,4800.0
2026-09-04,69250,2026-09-10,put,regular,1,0.6369,6,5045.0
2026-09-04,69500,2026-09-10,put,regular,5,0.6548,6,5290.0
2026-09-04,70000,2026-09-10,put,regular,1483,0.6917,6,5785.0
2026-09-04,70500,2026-09-10,put,regular,2,0.7275,6,6280.0
2026-09-04,71000,2026-09-10,put,regular,100,0.7623,6,6775.0
2026-09-04,71250,2026-09-10,put,regular,1,0.7827,6,7030.0
2026-09-04,73000,2026-09-10,put,regular,3,0.9023,6,8775.0
2026-09-04,77500,2026-09-10,put,regular,4,1.1803,6,13270.0
2026-09-04,78000,2026-09-10,put,regular,1,1.2092,6,13770.0
2026-09-04,80000,2026-09-10,put,regular,1,1.321,6,15770.0
2026-09-04,85000,2026-09-10,put,regular,5,1.5782,6,20770.0
2026-09-04,20000,2026-10-08,put,regular,535,1.1288,34,1.0
2026-09-04,22500,2026-10-08,put,regular,24,1.072,34,2.0
2026-09-04,25000,2026-10-08,put,regular,1474,0.969,34,2.0
2026-09-04,26000,2026-10-08,put,regular,27,0.9307,34,2.0
2026-09-04,27000,2026-10-08,put,regular,28,0.9231,34,3.0
2026-09-04,28000,2026-10-08,put,regular,15,0.8583,34,2.0
2026-09-04,29000,2026-10-08,put,regular,11,0.8511,34,3.0
2026-09-04,30000,2026-10-08,put,regular,3452,0.8796,34,7.0
2026-09-04,31000,2026-10-08,put,regular,4,0.8549,34,8.0
2026-09-04,32000,2026-10-08,put,regular,26,0.8203,34,8.0
2026-09-04,33000,2026-10-08,put,regular,1665,0.7957,34,9.0
2026-09-04,34000,2026-10-08,put,regular,4,0.7781,34,11.0
2026-09-04,35000,2026-10-08,put,regular,1983,0.7642,34,14.0
2026-09-04,36000,2026-10-08,put,regular,28,0.7423,34,16.0
2026-09-04,37000,2026-10-08,put,regular,170,0.7151,34,17.0
2026-09-04,38000,2026-10-08,put,regular,14,0.6962,34,20.0
2026-09-04,39000,2026-10-08,put,regular,104,0.6725,34,22.0
2026-09-04,40000,2026-10-08,put,regular,4162,0.6452,34,23.0
2026-09-04,41000,2026-10-08,put,regular,130,0.6299,34,28.0
2026-09-04,42000,2026-10-08,put,regular,139,0.6025,34,29.0
2026-09-04,42750,2026-10-08,put,regular,31,0.5827,34,30.0
2026-09-04,43000,2026-10-08,put,regular,148,0.5778,34,31.0
2026-09-04,43250,2026-10-08,put,regular,15,0.5794,34,35.0
2026-09-04,43500,2026-10-08,put,regular,15,0.5782,34,38.0
2026-09-04,43750,2026-10-08,put,regular,12,0.5728,34,39.0
2026-09-04,44000,2026-10-08,put,regular,229,0.5654,34,39.0
2026-09-04,44250,2026-10-08,put,regular,36,0.5636,34,42.0
2026-09-04,44500,2026-10-08,put,regular,1,0.558,34,43.0
2026-09-04,44750,2026-10-08,put,regular,37,0.5523,34,44.0
2026-09-04,45000,2026-10-08,put,regular,1192,0.5467,34,45.0
2026-09-04,45250,2026-10-08,put,regular,29,0.5458,34,49.0
2026-09-04,45500,2026-10-08,put,regular,210,0.5384,34,49.0
2026-09-04,45750,2026-10-08,put,regular,43,0.5341,34,51.0
2026-09-04,46000,2026-10-08,put,regular,357,0.5267,34,51.0
2026-09-04,46250,2026-10-08,put,regular,13,0.5237,34,54.0
2026-09-04,46500,2026-10-08,put,regular,157,0.5205,34,57.0
2026-09-04,46750,2026-10-08,put,regular,131,0.5144,34,58.0
2026-09-04,47000,2026-10-08,put,regular,389,0.5122,34,62.0
2026-09-04,47250,2026-10-08,put,regular,26,0.5036,34,61.0
2026-09-04,47500,2026-10-08,put,regular,30,0.4999,34,64.0
2026-09-04,47750,2026-10-08,put,regular,40,0.496,34,67.0
2026-09-04,48000,2026-10-08,put,regular,744,0.4887,34,67.0
2026-09-04,48250,2026-10-08,put,regular,51,0.4835,34,69.0
2026-09-04,48500,2026-10-08,put,regular,199,0.4773,34,70.0
2026-09-04,48750,2026-10-08,put,regular,24,0.4731,34,73.0
2026-09-04,49000,2026-10-08,put,regular,244,0.4708,34,78.0
2026-09-04,49250,2026-10-08,put,regular,75,0.4635,34,78.0
2026-09-04,49500,2026-10-08,put,regular,203,0.4627,34,85.0
2026-09-04,49750,2026-10-08,put,regular,63,0.4605,34,91.0
2026-09-04,50000,2026-10-08,put,regular,956,0.4548,34,93.0
2026-09-04,50250,2026-10-08,put,regular,65,0.4482,34,94.0
2026-09-04,50500,2026-10-08,put,regular,406,0.4424,34,96.0
2026-09-04,50750,2026-10-08,put,regular,50,0.4389,34,101.0
2026-09-04,51000,2026-10-08,put,regular,411,0.4352,34,106.0
2026-09-04,51250,2026-10-08,put,regular,83,0.432,34,112.0
2026-09-04,51500,2026-10-08,put,regular,414,0.4293,34,119.0
2026-09-04,51750,2026-10-08,put,regular,73,0.4224,34,120.0
2026-09-04,52000,2026-10-08,put,regular,1309,0.4194,34,127.0
2026-09-04,52250,2026-10-08,put,regular,45,0.4143,34,131.0
2026-09-04,52500,2026-10-08,put,regular,314,0.4079,34,133.0
2026-09-04,52750,2026-10-08,put,regular,115,0.4078,34,146.0
2026-09-04,53000,2026-10-08,put,regular,1403,0.4034,34,152.0
2026-09-04,53250,2026-10-08,put,regular,51,0.3973,34,155.0
2026-09-04,53500,2026-10-08,put,regular,339,0.3947,34,165.0
2026-09-04,53750,2026-10-08,put,regular,16,0.3884,34,168.0
2026-09-04,54000,2026-10-08,put,regular,695,0.3872,34,182.0
2026-09-04,54250,2026-10-08,put,regular,57,0.3817,34,187.0
2026-09-04,54500,2026-10-08,put,regular,598,0.3777,34,196.0
2026-09-04,54750,2026-10-08,put,regular,18,0.3761,34,211.0
2026-09-04,55000,2026-10-08,put,regular,3215,0.3725,34,222.0
2026-09-04,55250,2026-10-08,put,regular,57,0.3679,34,231.0
2026-09-04,55500,2026-10-08,put,regular,253,0.3635,34,241.0
2026-09-04,55750,2026-10-08,put,regular,40,0.3611,34,257.0
2026-09-04,56000,2026-10-08,put,regular,898,0.3584,34,273.0
2026-09-04,56250,2026-10-08,put,regular,61,0.3546,34,287.0
2026-09-04,56500,2026-10-08,put,regular,405,0.3519,34,305.0
2026-09-04,56750,2026-10-08,put,regular,89,0.3495,34,325.0
2026-09-04,57000,2026-10-08,put,regular,746,0.3467,34,345.0
2026-09-04,57250,2026-10-08,put,regular,83,0.3422,34,360.0
2026-09-04,57500,2026-10-08,put,regular,303,0.3402,34,385.0
2026-09-04,57750,2026-10-08,put,regular,71,0.3365,34,405.0
2026-09-04,58000,2026-10-08,put,regular,2122,0.335,34,435.0
2026-09-04,58250,2026-10-08,put,regular,113,0.3319,34,460.0
2026-09-04,58375,2026-10-08,put,regular,463,0.3261,34,455.0
2026-09-04,58500,2026-10-08,put,regular,269,0.3284,34,485.0
2026-09-04,58625,2026-10-08,put,regular,21,0.3327,34,525.0
2026-09-04,58750,2026-10-08,put,regular,32,0.328,34,525.0
2026-09-04,58875,2026-10-08,put,regular,2,0.3254,34,535.0
2026-09-04,59000,2026-10-08,put,regular,654,0.3249,34,555.0
2026-09-04,59125,2026-10-08,put,regular,63,0.3273,34,590.0
2026-09-04,59250,2026-10-08,put,regular,141,0.3214,34,585.0
2026-09-04,59375,2026-10-08,put,regular,2,0.3255,34,630.0
2026-09-04,59500,2026-10-08,put,regular,61,0.3216,34,635.0
2026-09-04,59625,2026-10-08,put,regular,17,0.3243,34,675.0
2026-09-04,59750,2026-10-08,put,regular,19,0.3174,34,665.0
2026-09-04,59875,2026-10-08,put,regular,21,0.3226,34,720.0
2026-09-04,60000,2026-10-08,put,regular,4495,0.3165,34,715.0
2026-09-04,60125,2026-10-08,put,regular,5,0.3177,34,750.0
2026-09-04,60250,2026-10-08,put,regular,19,0.3125,34,750.0
2026-09-04,60375,2026-10-08,put,regular,578,0.3082,34,755.0
2026-09-04,60500,2026-10-08,put,regular,303,0.3134,34,815.0
2026-09-04,60625,2026-10-08,put,regular,3,0.3089,34,820.0
2026-09-04,60750,2026-10-08,put,regular,123,0.3127,34,875.0
2026-09-04,60875,2026-10-08,put,regular,4,0.3147,34,920.0
2026-09-04,61000,2026-10-08,put,regular,863,0.31,34,925.0
2026-09-04,61125,2026-10-08,put,regular,14,0.3108,34,965.0
2026-09-04,61250,2026-10-08,put,regular,106,0.31,34,995.0
2026-09-04,61375,2026-10-08,put,regular,109,0.3097,34,1030.0
2026-09-04,61500,2026-10-08,put,regular,5,0.3078,34,1055.0
2026-09-04,61625,2026-10-08,put,regular,104,0.3104,34,1110.0
2026-09-04,61750,2026-10-08,put,regular,63,0.3105,34,1150.0
2026-09-04,61875,2026-10-08,put,regular,22,0.3104,34,1190.0
2026-09-04,62000,2026-10-08,put,regular,919,0.3052,34,1195.0
2026-09-04,62125,2026-10-08,put,regular,1135000,0.3099,34,1270.0
2026-09-04,62250,2026-10-08,put,regular,63,0.3081,34,1300.0
2026-09-04,62375,2026-10-08,put,regular,6,0.3082,34,1345.0
2026-09-04,62500,2026-10-08,put,regular,659,0.3075,34,1385.0
2026-09-04,62625,2026-10-08,put,regular,130,0.3074,34,1430.0
2026-09-04,62750,2026-10-08,put,regular,40,0.3078,34,1480.0
2026-09-04,62875,2026-10-08,put,regular,6,0.3081,34,1530.0
2026-09-04,63000,2026-10-08,put,regular,621,0.3055,34,1560.0
2026-09-04,63250,2026-10-08,put,regular,110,0.3054,34,1660.0
2026-09-04,63375,2026-10-08,put,regular,237,0.3065,34,1720.0
2026-09-04,63500,2026-10-08,put,regular,182,0.3054,34,1765.0
2026-09-04,63750,2026-10-08,put,regular,20,0.3049,34,1870.0
2026-09-04,63875,2026-10-08,put,regular,55,0.3035,34,1915.0
2026-09-04,64000,2026-10-08,put,regular,1297,0.3045,34,1980.0
2026-09-04,64250,2026-10-08,put,regular,107,0.3048,34,2100.0
2026-09-04,64375,2026-10-08,put,regular,4125000,0.3067,34,2175.0
2026-09-04,64500,2026-10-08,put,regular,460,0.3053,34,2225.0
2026-09-04,64750,2026-10-08,put,regular,4,0.3084,34,2375.0
2026-09-04,65000,2026-10-08,put,regular,1787,0.309,34,2510.0
2026-09-04,65250,2026-10-08,put,regular,9,0.3085,34,2640.0
2026-09-04,65375,2026-10-08,put,regular,231,0.3074,34,2700.0
2026-09-04,65500,2026-10-08,put,regular,141,0.3107,34,2795.0
2026-09-04,65750,2026-10-08,put,regular,51,0.3111,34,2940.0
2026-09-04,66000,2026-10-08,put,regular,994,0.3148,34,3115.0
2026-09-04,66500,2026-10-08,put,regular,93,0.319,34,3450.0
2026-09-04,67000,2026-10-08,put,regular,511,0.326,34,3820.0
2026-09-04,67500,2026-10-08,put,regular,38,0.332,34,4195.0
2026-09-04,67625,2026-10-08,put,regular,6,0.3321,34,4280.0
2026-09-04,67750,2026-10-08,put,regular,9,0.3348,34,4385.0
2026-09-04,68000,2026-10-08,put,regular,541,0.3393,34,4590.0
2026-09-04,68500,2026-10-08,put,regular,3,0.3473,34,5000.0
2026-09-04,69000,2026-10-08,put,regular,210,0.357,34,5430.0
2026-09-04,70000,2026-10-08,put,regular,101,0.3772,34,6315.0
2026-09-04,72500,2026-10-08,put,regular,1,0.4358,34,8660.0
2026-09-04,73000,2026-10-08,put,regular,14,0.4478,34,9140.0
2026-09-04,79000,2026-10-08,put,regular,1,0.5994,34,15070.0
2026-09-04,85000,2026-10-08,put,regular,26,0.7364,34,21060.0
2026-09-04,20000,2026-11-12,put,regular,84,0.8975,69,5.0
2026-09-04,25000,2026-11-12,put,regular,111,0.7554,69,7.0
2026-09-04,27000,2026-11-12,put,regular,6,0.6765,69,5.0
2026-09-04,28000,2026-11-12,put,regular,26,0.678,69,8.0
2026-09-04,29000,2026-11-12,put,regular,304,0.6773,69,12.0
2026-09-04,30000,2026-11-12,put,regular,1627,0.6699,69,16.0
2026-09-04,35000,2026-11-12,put,regular,635,0.5954,69,35.0
2026-09-04,37000,2026-11-12,put,regular,2,0.5703,69,49.0
2026-09-04,38000,2026-11-12,put,regular,3,0.5501,69,52.0
2026-09-04,39000,2026-11-12,put,regular,100,0.5471,69,69.0
2026-09-04,40000,2026-11-12,put,regular,106,0.5281,69,74.0
2026-09-04,41000,2026-11-12,put,regular,106,0.5099,69,80.0
2026-09-04,42000,2026-11-12,put,regular,354,0.5025,69,99.0
2026-09-04,43000,2026-11-12,put,regular,259,0.4831,69,105.0
2026-09-04,44000,2026-11-12,put,regular,104,0.4658,69,114.0
2026-09-04,44500,2026-11-12,put,regular,1,0.4554,69,116.0
2026-09-04,44750,2026-11-12,put,regular,6,0.4559,69,126.0
2026-09-04,45000,2026-11-12,put,regular,814,0.4536,69,132.0
2026-09-04,45250,2026-11-12,put,regular,105,0.4518,69,139.0
2026-09-04,45500,2026-11-12,put,regular,104,0.4418,69,132.0
2026-09-04,45750,2026-11-12,put,regular,2,0.4366,69,133.0
2026-09-04,46000,2026-11-12,put,regular,128,0.4363,69,143.0
2026-09-04,46250,2026-11-12,put,regular,4,0.4331,69,148.0
2026-09-04,46500,2026-11-12,put,regular,3,0.4319,69,157.0
2026-09-04,46750,2026-11-12,put,regular,4,0.426,69,157.0
2026-09-04,47000,2026-11-12,put,regular,105,0.4211,69,159.0
2026-09-04,47250,2026-11-12,put,regular,33,0.4361,69,205.0
2026-09-04,47500,2026-11-12,put,regular,130,0.4099,69,160.0
2026-09-04,47750,2026-11-12,put,regular,88,0.4124,69,178.0
2026-09-04,48000,2026-11-12,put,regular,173,0.407,69,179.0
2026-09-04,48250,2026-11-12,put,regular,8,0.41,69,200.0
2026-09-04,48500,2026-11-12,put,regular,8,0.4044,69,201.0
2026-09-04,48750,2026-11-12,put,regular,127,0.3985,69,201.0
2026-09-04,49000,2026-11-12,put,regular,259,0.3984,69,216.0
2026-09-04,49250,2026-11-12,put,regular,99,0.3925,69,216.0
2026-09-04,49500,2026-11-12,put,regular,232,0.3869,69,217.0
2026-09-04,49750,2026-11-12,put,regular,44,0.3889,69,239.0
2026-09-04,50000,2026-11-12,put,regular,449,0.3825,69,238.0
2026-09-04,50250,2026-11-12,put,regular,62,0.3809,69,251.0
2026-09-04,50500,2026-11-12,put,regular,153,0.3801,69,267.0
2026-09-04,50750,2026-11-12,put,regular,66,0.3741,69,267.0
2026-09-04,51000,2026-11-12,put,regular,611,0.3711,69,277.0
2026-09-04,51250,2026-11-12,put,regular,10,0.3687,69,289.0
2026-09-04,51500,2026-11-12,put,regular,361,0.3686,69,310.0
2026-09-04,51750,2026-11-12,put,regular,17,0.3625,69,310.0
2026-09-04,52000,2026-11-12,put,regular,1654,0.3645,69,340.0
2026-09-04,52250,2026-11-12,put,regular,8,0.3583,69,340.0
2026-09-04,52500,2026-11-12,put,regular,462,0.3559,69,355.0
2026-09-04,52750,2026-11-12,put,regular,16,0.3522,69,365.0
2026-09-04,53000,2026-11-12,put,regular,169,0.3601,69,425.0
2026-09-04,53250,2026-11-12,put,regular,18,0.3468,69,395.0
2026-09-04,53500,2026-11-12,put,regular,400,0.3428,69,405.0
2026-09-04,53750,2026-11-12,put,regular,40,0.3376,69,410.0
2026-09-04,54000,2026-11-12,put,regular,630,0.3389,69,445.0
2026-09-04,54250,2026-11-12,put,regular,11,0.3335,69,450.0
2026-09-04,54500,2026-11-12,put,regular,801,0.3342,69,485.0
2026-09-04,54750,2026-11-12,put,regular,4,0.3287,69,490.0
2026-09-04,55000,2026-11-12,put,regular,202,0.3317,69,540.0
2026-09-04,55250,2026-11-12,put,regular,28,0.3242,69,535.0
2026-09-04,55500,2026-11-12,put,regular,154,0.3248,69,575.0
2026-09-04,55750,2026-11-12,put,regular,34,0.319,69,580.0
2026-09-04,56000,2026-11-12,put,regular,614,0.3233,69,645.0
2026-09-04,56250,2026-11-12,put,regular,39,0.3157,69,640.0
2026-09-04,56500,2026-11-12,put,regular,53,0.3184,69,700.0
2026-09-04,56750,2026-11-12,put,regular,29,0.3154,69,725.0
2026-09-04,57000,2026-11-12,put,regular,615,0.3121,69,750.0
2026-09-04,57250,2026-11-12,put,regular,67,0.311,69,790.0
2026-09-04,57500,2026-11-12,put,regular,424,0.3096,69,830.0
2026-09-04,57750,2026-11-12,put,regular,10,0.3106,69,890.0
2026-09-04,58000,2026-11-12,put,regular,682,0.304,69,895.0
2026-09-04,58250,2026-11-12,put,regular,63,0.3039,69,950.0
2026-09-04,58500,2026-11-12,put,regular,312,0.2984,69,965.0
2026-09-04,59000,2026-11-12,put,regular,270,0.2995,69,1095.0
2026-09-04,59250,2026-11-12,put,regular,6,0.2942,69,1115.0
2026-09-04,59500,2026-11-12,put,regular,1959,0.2975,69,1210.0
2026-09-04,59750,2026-11-12,put,regular,1,0.2953,69,1260.0
2026-09-04,60000,2026-11-12,put,regular,563,0.2951,69,1330.0
2026-09-04,60500,2026-11-12,put,regular,103,0.2906,69,1440.0
2026-09-04,60750,2026-11-12,put,regular,28,0.2906,69,1520.0
2026-09-04,61000,2026-11-12,put,regular,521,0.2893,69,1590.0
2026-09-04,61250,2026-11-12,put,regular,14,0.2878,69,1660.0
2026-09-04,61500,2026-11-12,put,regular,18,0.2865,69,1735.0
2026-09-04,62000,2026-11-12,put,regular,1223,0.2846,69,1900.0
2026-09-04,62500,2026-11-12,put,regular,147,0.283,69,2080.0
2026-09-04,62875,2026-11-12,put,regular,69630000,0.282,69,2225.0
2026-09-04,63000,2026-11-12,put,regular,550,0.2817,69,2275.0
2026-09-04,63500,2026-11-12,put,regular,5,0.2784,69,2460.0
2026-09-04,64000,2026-11-12,put,regular,466,0.279,69,2700.0
2026-09-04,64500,2026-11-12,put,regular,300,0.2794,69,2950.0
2026-09-04,65000,2026-11-12,put,regular,901,0.2786,69,3200.0
2026-09-04,65500,2026-11-12,put,regular,100,0.2811,69,3500.0
2026-09-04,66000,2026-11-12,put,regular,1420,0.2776,69,3745.0
2026-09-04,66500,2026-11-12,put,regular,239,0.278,69,4045.0
2026-09-04,67000,2026-11-12,put,regular,870,0.2827,69,4405.0
2026-09-04,67500,2026-11-12,put,regular,4,0.2832,69,4730.0
2026-09-04,68375,2026-11-12,put,regular,16,0.2898,69,5385.0
2026-09-04,68500,2026-11-12,put,regular,478,0.2902,69,5475.0
2026-09-04,69000,2026-11-12,put,regular,450,0.2922,69,5845.0
2026-09-04,69500,2026-11-12,put,regular,1,0.2943,69,6225.0
2026-09-04,70000,2026-11-12,put,regular,460,0.2986,69,6635.0
2026-09-04,70750,2026-11-12,put,regular,160,0.3048,69,7260.0
2026-09-04,72500,2026-11-12,put,regular,330,0.3236,69,8805.0
2026-09-04,79500,2026-11-12,put,regular,2,0.4193,69,15495.0
2026-09-04,12500,2026-12-10,put,regular,773,1.0084,97,3.0
2026-09-04,13000,2026-12-10,put,regular,4,0.9847,97,3.0
2026-09-04,13500,2026-12-10,put,regular,100,0.8866,97,1.0
2026-09-04,14000,2026-12-10,put,regular,11,0.9108,97,2.0
2026-09-04,14500,2026-12-10,put,regular,1,0.8467,97,1.0
2026-09-04,14750,2026-12-10,put,regular,1,0.8372,97,1.0
2026-09-04,15000,2026-12-10,put,regular,5,0.8705,97,2.0
2026-09-04,16000,2026-12-10,put,regular,3,0.792,97,1.0
2026-09-04,16500,2026-12-10,put,regular,1,0.7749,97,1.0
2026-09-04,17000,2026-12-10,put,regular,3,0.7583,97,1.0
2026-09-04,18000,2026-12-10,put,regular,153,0.7642,97,2.0
2026-09-04,19000,2026-12-10,put,regular,650,0.6967,97,1.0
2026-09-04,20000,2026-12-10,put,regular,2383,0.8057,97,10.0
2026-09-04,20250,2026-12-10,put,regular,3,0.6615,97,1.0
2026-09-04,21000,2026-12-10,put,regular,350,0.6965,97,3.0
2026-09-04,21500,2026-12-10,put,regular,500,0.6824,97,3.0
2026-09-04,22000,2026-12-10,put,regular,1716,0.6846,97,4.0
2026-09-04,22500,2026-12-10,put,regular,150,0.6709,97,4.0
2026-09-04,23000,2026-12-10,put,regular,2106,0.6701,97,5.0
2026-09-04,23500,2026-12-10,put,regular,127,0.6568,97,5.0
2026-09-04,24000,2026-12-10,put,regular,405,0.6541,97,6.0
2026-09-04,24500,2026-12-10,put,regular,250,0.65,97,7.0
2026-09-04,24750,2026-12-10,put,regular,1,0.6435,97,7.0
2026-09-04,25000,2026-12-10,put,regular,2014,0.6522,97,9.0
2026-09-04,25250,2026-12-10,put,regular,1,0.6386,97,8.0
2026-09-04,25500,2026-12-10,put,regular,2,0.6322,97,8.0
2026-09-04,26000,2026-12-10,put,regular,1425,0.6266,97,9.0
2026-09-04,26500,2026-12-10,put,regular,1,0.6204,97,10.0
2026-09-04,27000,2026-12-10,put,regular,2630,0.6138,97,11.0
2026-09-04,27500,2026-12-10,put,regular,25,0.6068,97,12.0
2026-09-04,27750,2026-12-10,put,regular,72,0.6008,97,12.0
2026-09-04,28000,2026-12-10,put,regular,1327,0.5996,97,13.0
2026-09-04,28500,2026-12-10,put,regular,400,0.5921,97,14.0
2026-09-04,29000,2026-12-10,put,regular,1450,0.5844,97,15.0
2026-09-04,30000,2026-12-10,put,regular,5601,0.6126,97,33.0
2026-09-04,30500,2026-12-10,put,regular,51,0.564,97,19.0
2026-09-04,31000,2026-12-10,put,regular,2037,0.5587,97,21.0
2026-09-04,31500,2026-12-10,put,regular,350,0.5502,97,22.0
2026-09-04,32000,2026-12-10,put,regular,4655,0.5444,97,24.0
2026-09-04,32250,2026-12-10,put,regular,600,0.5413,97,25.0
2026-09-04,32500,2026-12-10,put,regular,901,0.5382,97,26.0
2026-09-04,33000,2026-12-10,put,regular,3362,0.5317,97,28.0
2026-09-04,33250,2026-12-10,put,regular,37,0.5284,97,29.0
2026-09-04,33500,2026-12-10,put,regular,72,0.525,97,30.0
2026-09-04,34000,2026-12-10,put,regular,2820,0.5182,97,32.0
2026-09-04,34500,2026-12-10,put,regular,560,0.5111,97,34.0
2026-09-04,34750,2026-12-10,put,regular,1,0.5076,97,35.0
2026-09-04,35000,2026-12-10,put,regular,5037,0.5106,97,40.0
2026-09-04,36000,2026-12-10,put,regular,2905,0.4908,97,41.0
2026-09-04,36500,2026-12-10,put,regular,225,0.4847,97,44.0
2026-09-04,36750,2026-12-10,put,regular,400,0.4809,97,45.0
2026-09-04,37000,2026-12-10,put,regular,2535,0.477,97,46.0
2026-09-04,37500,2026-12-10,put,regular,188,0.4706,97,49.0
2026-09-04,37750,2026-12-10,put,regular,100,0.4679,97,51.0
2026-09-04,38000,2026-12-10,put,regular,2686,0.4652,97,53.0
2026-09-04,38500,2026-12-10,put,regular,1150,0.4583,97,56.0
2026-09-04,38750,2026-12-10,put,regular,50,0.4554,97,58.0
2026-09-04,39000,2026-12-10,put,regular,2405,0.4524,97,60.0
2026-09-04,39250,2026-12-10,put,regular,650,0.4494,97,62.0
2026-09-04,39500,2026-12-10,put,regular,1008,0.4463,97,64.0
2026-09-04,40000,2026-12-10,put,regular,5301,0.4506,97,80.0
2026-09-04,40250,2026-12-10,put,regular,5,0.4368,97,70.0
2026-09-04,40500,2026-12-10,put,regular,1399,0.4344,97,73.0
2026-09-04,41000,2026-12-10,put,regular,1827,0.4285,97,78.0
2026-09-04,41250,2026-12-10,put,regular,3,0.4251,97,80.0
2026-09-04,41500,2026-12-10,put,regular,101,0.4224,97,83.0
2026-09-04,42000,2026-12-10,put,regular,3699,0.4168,97,89.0
2026-09-04,42500,2026-12-10,put,regular,300,0.411,97,95.0
2026-09-04,43000,2026-12-10,put,regular,1683,0.4056,97,102.0
2026-09-04,43500,2026-12-10,put,regular,100,0.4125,97,131.0
2026-09-04,43750,2026-12-10,put,regular,9,0.4079,97,132.0
2026-09-04,44000,2026-12-10,put,regular,2800,0.4033,97,133.0
2026-09-04,45000,2026-12-10,put,regular,2725,0.3847,97,136.0
2026-09-04,45250,2026-12-10,put,regular,51,0.3821,97,141.0
2026-09-04,45500,2026-12-10,put,regular,350,0.3794,97,146.0
2026-09-04,46000,2026-12-10,put,regular,3857,0.3748,97,158.0
2026-09-04,47000,2026-12-10,put,regular,2846,0.3881,97,249.0
2026-09-04,47500,2026-12-10,put,regular,1119,0.3923,97,298.0
2026-09-04,48000,2026-12-10,put,regular,4136,0.3863,97,315.0
2026-09-04,48250,2026-12-10,put,regular,1,0.3836,97,325.0
2026-09-04,48500,2026-12-10,put,regular,301,0.3808,97,335.0
2026-09-04,48750,2026-12-10,put,regular,1,0.378,97,345.0
2026-09-04,49000,2026-12-10,put,regular,3178,0.3738,97,350.0
2026-09-04,49250,2026-12-10,put,regular,201,0.3708,97,360.0
2026-09-04,49500,2026-12-10,put,regular,2717,0.3666,97,365.0
2026-09-04,49750,2026-12-10,put,regular,71,0.3623,97,370.0
2026-09-04,50000,2026-12-10,put,regular,6697,0.3581,97,375.0
2026-09-04,50250,2026-12-10,put,regular,16,0.3526,97,375.0
2026-09-04,50500,2026-12-10,put,regular,687,0.3517,97,395.0
2026-09-04,50750,2026-12-10,put,regular,46,0.3485,97,405.0
2026-09-04,51000,2026-12-10,put,regular,1565,0.3451,97,415.0
2026-09-04,51250,2026-12-10,put,regular,2,0.3479,97,455.0
2026-09-04,51500,2026-12-10,put,regular,20,0.3434,97,460.0
2026-09-04,52000,2026-12-10,put,regular,2765,0.3418,97,510.0
2026-09-04,52250,2026-12-10,put,regular,525,0.3362,97,510.0
2026-09-04,52500,2026-12-10,put,regular,600,0.3315,97,515.0
2026-09-04,53000,2026-12-10,put,regular,1542,0.3255,97,545.0
2026-09-04,53250,2026-12-10,put,regular,186,0.3315,97,615.0
2026-09-04,53500,2026-12-10,put,regular,205,0.3281,97,630.0
2026-09-04,53750,2026-12-10,put,regular,4,0.3262,97,655.0
2026-09-04,54000,2026-12-10,put,regular,2699,0.3235,97,675.0
2026-09-04,54500,2026-12-10,put,regular,440,0.3191,97,725.0
2026-09-04,54750,2026-12-10,put,regular,32,0.3139,97,730.0
2026-09-04,55000,2026-12-10,put,regular,4836,0.3122,97,760.0
2026-09-04,55500,2026-12-10,put,regular,100,0.3109,97,840.0
2026-09-04,56000,2026-12-10,put,regular,2478,0.3001,97,850.0
2026-09-04,56250,2026-12-10,put,regular,2,0.2965,97,870.0
2026-09-04,56500,2026-12-10,put,regular,171,0.3037,97,980.0
2026-09-04,57000,2026-12-10,put,regular,2381,0.2952,97,1015.0
2026-09-04,57500,2026-12-10,put,regular,850,0.2943,97,1120.0
2026-09-04,58000,2026-12-10,put,regular,1957,0.2845,97,1150.0
2026-09-04,58250,2026-12-10,put,regular,5,0.2832,97,1200.0
2026-09-04,58500,2026-12-10,put,regular,850,0.2823,97,1255.0
2026-09-04,59000,2026-12-10,put,regular,2405,0.288,97,1450.0
2026-09-04,59250,2026-12-10,put,regular,60,0.284,97,1480.0
2026-09-04,59500,2026-12-10,put,regular,250,0.2831,97,1545.0
2026-09-04,60000,2026-12-10,put,regular,9904,0.2803,97,1670.0
2026-09-04,60250,2026-12-10,put,regular,36,0.2793,97,1740.0
2026-09-04,60500,2026-12-10,put,regular,200,0.2781,97,1810.0
2026-09-04,61000,2026-12-10,put,regular,1435,0.276,97,1960.0
2026-09-04,61250,2026-12-10,put,regular,32,0.2751,97,2040.0
2026-09-04,61500,2026-12-10,put,regular,1,0.2744,97,2125.0
2026-09-04,62000,2026-12-10,put,regular,2610,0.2728,97,2300.0
2026-09-04,62250,2026-12-10,put,regular,250,0.2722,97,2395.0
2026-09-04,62500,2026-12-10,put,regular,1087,0.2707,97,2480.0
2026-09-04,63000,2026-12-10,put,regular,2151,0.2694,97,2680.0
2026-09-04,63500,2026-12-10,put,regular,300,0.2689,97,2900.0
2026-09-04,63750,2026-12-10,put,regular,23,0.2679,97,3005.0
2026-09-04,64000,2026-12-10,put,regular,1956,0.2675,97,3120.0
2026-09-04,65000,2026-12-10,put,regular,3975,0.2663,97,3615.0
2026-09-04,65500,2026-12-10,put,regular,580,0.2665,97,3890.0
2026-09-04,66000,2026-12-10,put,regular,1026,0.2663,97,4170.0
2026-09-04,66500,2026-12-10,put,regular,700,0.266,97,4460.0
2026-09-04,67000,2026-12-10,put,regular,1530,0.2669,97,4775.0
2026-09-04,67250,2026-12-10,put,regular,25,0.2672,97,4935.0
2026-09-04,67500,2026-12-10,put,regular,25,0.2677,97,5100.0
2026-09-04,68000,2026-12-10,put,regular,1900,0.2689,97,5440.0
2026-09-04,68500,2026-12-10,put,regular,203,0.2752,97,5855.0
2026-09-04,68750,2026-12-10,put,regular,100,0.2784,97,6065.0
2026-09-04,69000,2026-12-10,put,regular,1570,0.2791,97,6245.0
2026-09-04,70000,2026-12-10,put,regular,1653,0.2817,97,6985.0
2026-09-04,71000,2026-12-10,put,regular,31,0.2856,97,7770.0
2026-09-04,72000,2026-12-10,put,regular,120,0.2885,97,8570.0
2026-09-04,72500,2026-12-10,put,regular,420,0.2914,97,8995.0
2026-09-04,74000,2026-12-10,put,regular,100,0.302,97,10315.0
2026-09-04,76000,2026-12-10,put,regular,300,0.3183,97,12145.0
2026-09-04,80000,2026-12-10,put,regular,3700,0.3538,97,15935.0
2026-09-04,90000,2026-12-10,put,regular,3,0.4605,97,25810.0
2026-09-04,44000,2027-01-07,put,regular,331,0.3954,125,237.0
2026-09-04,45000,2027-01-07,put,regular,1000,0.3856,125,268.0
2026-09-04,47000,2027-01-07,put,regular,98,0.367,125,345.0
2026-09-04,48000,2027-01-07,put,regular,200,0.3576,125,390.0
2026-09-04,48750,2027-01-07,put,regular,10,0.35,125,425.0
2026-09-04,50000,2027-01-07,put,regular,115,0.3393,125,500.0
2026-09-04,52000,2027-01-07,put,regular,300,0.3228,125,650.0
2026-09-04,52500,2027-01-07,put,regular,20,0.3188,125,695.0
2026-09-04,53750,2027-01-07,put,regular,10,0.3096,125,825.0
2026-09-04,55000,2027-01-07,put,regular,100,0.3007,125,980.0
2026-09-04,57000,2027-01-07,put,regular,60,0.2886,125,1305.0
2026-09-04,58000,2027-01-07,put,regular,57,0.2829,125,1505.0
2026-09-04,60000,2027-01-07,put,regular,86,0.2722,125,1990.0
2026-09-04,60500,2027-01-07,put,regular,42,0.2696,125,2130.0
2026-09-04,61000,2027-01-07,put,regular,1,0.2675,125,2285.0
2026-09-04,61500,2027-01-07,put,regular,50,0.2658,125,2455.0
2026-09-04,64000,2027-01-07,put,regular,100,0.2592,125,3470.0
2026-09-04,65000,2027-01-07,put,regular,3,0.2559,125,3935.0
2026-09-04,65500,2027-01-07,put,regular,1,0.2555,125,4200.0
2026-09-04,65750,2027-01-07,put,regular,1,0.2551,125,4335.0
2026-09-04,66000,2027-01-07,put,regular,50,0.2556,125,4485.0
2026-09-04,66500,2027-01-07,put,regular,3,0.2548,125,4765.0
2026-09-04,67000,2027-01-07,put,regular,2,0.255,125,5070.0
2026-09-04,67500,2027-01-07,put,regular,1,0.2556,125,5390.0
2026-09-04,67750,2027-01-07,put,regular,1,0.2556,125,5550.0
2026-09-04,45000,2027-02-10,put,regular,300,0.3688,159,380.0
2026-09-04,47000,2027-02-10,put,regular,125,0.351,159,475.0
2026-09-04,57500,2027-02-10,put,regular,100,0.2759,159,1685.0
2026-09-04,65000,2027-02-10,put,regular,275,0.2509,159,4340.0
2026-09-04,67000,2027-02-10,put,regular,2,0.2487,159,5450.0
2026-09-04,67250,2027-02-10,put,regular,12,0.2488,159,5605.0
2026-09-04,20000,2027-03-11,put,regular,15,0.6204,188,20.0
2026-09-04,29000,2027-03-11,put,regular,1,0.5087,188,75.0
2026-09-04,30000,2027-03-11,put,regular,2,0.4984,188,86.0
2026-09-04,33000,2027-03-11,put,regular,113,0.4669,188,124.0
2026-09-04,35000,2027-03-11,put,regular,600,0.4461,188,155.0
2026-09-04,37000,2027-03-11,put,regular,500,0.4258,188,192.0
2026-09-04,38000,2027-03-11,put,regular,315,0.4157,188,213.0
2026-09-04,40000,2027-03-11,put,regular,1371,0.3963,188,262.0
2026-09-04,41000,2027-03-11,put,regular,250,0.387,188,291.0
2026-09-04,42000,2027-03-11,put,regular,549,0.3783,188,325.0
2026-09-04,42500,2027-03-11,put,regular,200,0.3732,188,340.0
2026-09-04,43000,2027-03-11,put,regular,114,0.3691,188,360.0
2026-09-04,43500,2027-03-11,put,regular,66,0.3648,188,380.0
2026-09-04,43750,2027-03-11,put,regular,12,0.3626,188,390.0
2026-09-04,44000,2027-03-11,put,regular,275,0.3603,188,400.0
2026-09-04,45000,2027-03-11,put,regular,1709,0.3518,188,445.0
2026-09-04,46000,2027-03-11,put,regular,116,0.3434,188,495.0
2026-09-04,47000,2027-03-11,put,regular,950,0.3358,188,555.0
2026-09-04,48000,2027-03-11,put,regular,399,0.3281,188,620.0
2026-09-04,48500,2027-03-11,put,regular,51,0.3242,188,655.0
2026-09-04,49000,2027-03-11,put,regular,100,0.3208,188,695.0
2026-09-04,50000,2027-03-11,put,regular,1350,0.3137,188,780.0
2026-09-04,50250,2027-03-11,put,regular,114,0.3116,188,800.0
2026-09-04,51000,2027-03-11,put,regular,24,0.3067,188,875.0
2026-09-04,51250,2027-03-11,put,regular,110,0.3055,188,905.0
2026-09-04,52000,2027-03-11,put,regular,1870,0.3003,188,985.0
2026-09-04,52500,2027-03-11,put,regular,50,0.2976,188,1050.0
2026-09-04,53000,2027-03-11,put,regular,585,0.2946,188,1115.0
2026-09-04,53500,2027-03-11,put,regular,200,0.2917,188,1185.0
2026-09-04,54000,2027-03-11,put,regular,534,0.289,188,1260.0
2026-09-04,55000,2027-03-11,put,regular,1066,0.2832,188,1420.0
2026-09-04,55500,2027-03-11,put,regular,100,0.2811,188,1515.0
2026-09-04,56000,2027-03-11,put,regular,651,0.2785,188,1610.0
2026-09-04,56250,2027-03-11,put,regular,121,0.2773,188,1660.0
2026-09-04,57000,2027-03-11,put,regular,1775,0.2738,188,1820.0
2026-09-04,58000,2027-03-11,put,regular,2865,0.2695,188,2060.0
2026-09-04,58500,2027-03-11,put,regular,110,0.2675,188,2190.0
2026-09-04,59500,2027-03-11,put,regular,453,0.2638,188,2475.0
2026-09-04,60000,2027-03-11,put,regular,2237,0.2621,188,2630.0
2026-09-04,61000,2027-03-11,put,regular,160,0.2588,188,2965.0
2026-09-04,62000,2027-03-11,put,regular,1020,0.2558,188,3335.0
2026-09-04,62500,2027-03-11,put,regular,500,0.2545,188,3535.0
2026-09-04,63000,2027-03-11,put,regular,1490,0.2533,188,3745.0
2026-09-04,64000,2027-03-11,put,regular,1255,0.2513,188,4195.0
2026-09-04,65000,2027-03-11,put,regular,880,0.2495,188,4685.0
2026-09-04,66000,2027-03-11,put,regular,328,0.2481,188,5215.0
2026-09-04,66250,2027-03-11,put,regular,15,0.2479,188,5355.0
2026-09-04,66500,2027-03-11,put,regular,6,0.2475,188,5495.0
2026-09-04,67000,2027-03-11,put,regular,300,0.2471,188,5785.0
2026-09-04,68000,2027-03-11,put,regular,130,0.2464,188,6395.0
2026-09-04,69000,2027-03-11,put,regular,350,0.2463,188,7045.0
2026-09-04,69250,2027-03-11,put,regular,10,0.2461,188,7210.0
2026-09-04,70000,2027-03-11,put,regular,480,0.2464,188,7730.0
2026-09-04,72000,2027-03-11,put,regular,100,0.2474,188,9195.0
2026-09-04,62000,2027-04-08,put,regular,30,0.2606,216,3745.0
2026-09-04,48000,2027-05-13,put,regular,100,0.3139,251,880.0
2026-09-04,12500,2027-06-10,put,regular,12,0.5764,279,2.0
2026-09-04,14500,2027-06-10,put,regular,4,0.5546,279,4.0
2026-09-04,15000,2027-06-10,put,regular,1,0.5525,279,5.0
2026-09-04,16250,2027-06-10,put,regular,167,0.551,279,9.0
2026-09-04,23000,2027-06-10,put,regular,140,0.5122,279,59.0
2026-09-04,24000,2027-06-10,put,regular,100,0.5044,279,71.0
2026-09-04,25000,2027-06-10,put,regular,250,0.4971,279,85.0
2026-09-04,26000,2027-06-10,put,regular,200,0.4885,279,99.0
2026-09-04,28000,2027-06-10,put,regular,875,0.4705,279,130.0
2026-09-04,28500,2027-06-10,put,regular,100,0.4662,279,139.0
2026-09-04,29000,2027-06-10,put,regular,65,0.4618,279,148.0
2026-09-04,30000,2027-06-10,put,regular,901,0.4528,279,167.0
2026-09-04,31000,2027-06-10,put,regular,100,0.4433,279,186.0
2026-09-04,31500,2027-06-10,put,regular,1,0.4389,279,197.0
2026-09-04,32000,2027-06-10,put,regular,250,0.4344,279,208.0
2026-09-04,33000,2027-06-10,put,regular,150,0.4251,279,230.0
2026-09-04,34000,2027-06-10,put,regular,1300,0.4159,279,254.0
2026-09-04,35000,2027-06-10,put,regular,1328,0.4068,279,280.0
2026-09-04,35500,2027-06-10,put,regular,145,0.4024,279,294.0
2026-09-04,36000,2027-06-10,put,regular,300,0.3984,279,310.0
2026-09-04,37000,2027-06-10,put,regular,50,0.3895,279,340.0
2026-09-04,38000,2027-06-10,put,regular,201,0.3813,279,375.0
2026-09-04,38500,2027-06-10,put,regular,140,0.3764,279,390.0
2026-09-04,39000,2027-06-10,put,regular,50,0.3725,279,410.0
2026-09-04,39500,2027-06-10,put,regular,101,0.3685,279,430.0
2026-09-04,40000,2027-06-10,put,regular,1150,0.3643,279,450.0
2026-09-04,41000,2027-06-10,put,regular,100,0.3565,279,495.0
2026-09-04,42000,2027-06-10,put,regular,400,0.3489,279,545.0
2026-09-04,42500,2027-06-10,put,regular,61,0.3449,279,570.0
2026-09-04,43000,2027-06-10,put,regular,35,0.3415,279,600.0
2026-09-04,43750,2027-06-10,put,regular,2,0.336,279,645.0
2026-09-04,44000,2027-06-10,put,regular,196,0.3341,279,660.0
2026-09-04,45000,2027-06-10,put,regular,2075,0.3269,279,725.0
2026-09-04,46000,2027-06-10,put,regular,773,0.3201,279,800.0
2026-09-04,46500,2027-06-10,put,regular,70,0.3173,279,845.0
2026-09-04,47000,2027-06-10,put,regular,201,0.3143,279,890.0
2026-09-04,47750,2027-06-10,put,regular,100,0.3096,279,960.0
2026-09-04,48000,2027-06-10,put,regular,1404,0.3082,279,985.0
2026-09-04,49000,2027-06-10,put,regular,300,0.3022,279,1090.0
2026-09-04,50000,2027-06-10,put,regular,2280,0.2967,279,1210.0
2026-09-04,50500,2027-06-10,put,regular,325,0.2945,279,1280.0
2026-09-04,51000,2027-06-10,put,regular,100,0.2916,279,1345.0
2026-09-04,51250,2027-06-10,put,regular,3,0.2906,279,1385.0
2026-09-04,52000,2027-06-10,put,regular,1030,0.287,279,1500.0
2026-09-04,52250,2027-06-10,put,regular,88,0.2858,279,1540.0
2026-09-04,52500,2027-06-10,put,regular,187,0.2845,279,1580.0
2026-09-04,52750,2027-06-10,put,regular,750,0.2835,279,1625.0
2026-09-04,53000,2027-06-10,put,regular,720,0.2825,279,1670.0
2026-09-04,53500,2027-06-10,put,regular,1,0.2802,279,1760.0
2026-09-04,53750,2027-06-10,put,regular,35,0.2793,279,1810.0
2026-09-04,54000,2027-06-10,put,regular,1402,0.2783,279,1860.0
2026-09-04,55000,2027-06-10,put,regular,1450,0.2743,279,2070.0
2026-09-04,55500,2027-06-10,put,regular,255,0.2725,279,2185.0
2026-09-04,56000,2027-06-10,put,regular,810,0.2707,279,2305.0
2026-09-04,56500,2027-06-10,put,regular,40,0.2692,279,2435.0
2026-09-04,57000,2027-06-10,put,regular,1045,0.2674,279,2565.0
2026-09-04,57750,2027-06-10,put,regular,114,0.2653,279,2780.0
2026-09-04,58000,2027-06-10,put,regular,617,0.2646,279,2855.0
2026-09-04,58500,2027-06-10,put,regular,401,0.263,279,3005.0
2026-09-04,59000,2027-06-10,put,regular,400,0.2616,279,3165.0
2026-09-04,59500,2027-06-10,put,regular,212,0.2604,279,3335.0
2026-09-04,60000,2027-06-10,put,regular,2106,0.2591,279,3510.0
2026-09-04,61000,2027-06-10,put,regular,3,0.2569,279,3885.0
2026-09-04,62000,2027-06-10,put,regular,800,0.2551,279,4295.0
2026-09-04,63000,2027-06-10,put,regular,950,0.2532,279,4730.0
2026-09-04,64000,2027-06-10,put,regular,250,0.2519,279,5205.0
2026-09-04,64750,2027-06-10,put,regular,105,0.251,279,5580.0
2026-09-04,65000,2027-06-10,put,regular,1936,0.2505,279,5705.0
2026-09-04,65500,2027-06-10,put,regular,26,0.25,279,5970.0
2026-09-04,66000,2027-06-10,put,regular,350,0.2496,279,6245.0
2026-09-04,66750,2027-06-10,put,regular,150,0.2488,279,6665.0
2026-09-04,67000,2027-06-10,put,regular,1070,0.2487,279,6810.0
2026-09-04,67500,2027-06-10,put,regular,100,0.2483,279,7105.0
2026-09-04,68000,2027-06-10,put,regular,600,0.2481,279,7410.0
2026-09-04,68500,2027-06-10,put,regular,200,0.2478,279,7720.0
2026-09-04,69000,2027-06-10,put,regular,500,0.2477,279,8040.0
2026-09-04,70000,2027-06-10,put,regular,700,0.2475,279,8700.0
2026-09-04,72000,2027-06-10,put,regular,100,0.2474,279,10095.0
2026-09-04,77500,2027-06-10,put,regular,50,0.2511,279,14420.0
2026-09-04,67000,2027-07-08,put,regular,58,0.2458,307,7015.0
2026-09-04,27000,2027-09-09,put,regular,150,0.4358,370,153.0
2026-09-04,31000,2027-09-09,put,regular,200,0.406,370,252.0
2026-09-04,32000,2027-09-09,put,regular,150,0.3986,370,282.0
2026-09-04,45000,2027-09-09,put,regular,100,0.3148,370,1040.0
2026-09-04,47000,2027-09-09,put,regular,200,0.304,370,1255.0
2026-09-04,48000,2027-09-09,put,regular,100,0.299,370,1380.0
2026-09-04,50000,2027-09-09,put,regular,125,0.2894,370,1665.0
2026-09-04,52000,2027-09-09,put,regular,3,0.2803,370,2005.0
2026-09-04,53000,2027-09-09,put,regular,300,0.2761,370,2200.0
2026-09-04,54250,2027-09-09,put,regular,200,0.2715,370,2475.0
2026-09-04,55000,2027-09-09,put,regular,400,0.2686,370,2650.0
2026-09-04,56000,2027-09-09,put,regular,80,0.265,370,2905.0
2026-09-04,58000,2027-09-09,put,regular,1,0.2584,370,3480.0
2026-09-04,60000,2027-09-09,put,regular,225,0.2527,370,4155.0
2026-09-04,62000,2027-09-09,put,regular,189,0.2478,370,4940.0
2026-09-04,64500,2027-09-09,put,regular,92,0.2426,370,6075.0
2026-09-04,65000,2027-09-09,put,regular,300,0.2418,370,6325.0
2026-09-04,67000,2027-09-09,put,regular,30,0.2388,370,7395.0
2026-09-04,68250,2027-09-09,put,regular,200,0.2372,370,8120.0
2026-09-04,68750,2027-09-09,put,regular,92,0.2365,370,8420.0
2026-09-04,12500,2027-12-09,put,regular,11,0.5375,461,16.0
2026-09-04,13000,2027-12-09,put,regular,1,0.438,461,2.0
2026-09-04,16000,2027-12-09,put,regular,350,0.4288,461,8.0
2026-09-04,19000,2027-12-09,put,regular,300,0.4266,461,27.0
2026-09-04,20000,2027-12-09,put,regular,400,0.4401,461,50.0
2026-09-04,21000,2027-12-09,put,regular,50,0.4258,461,53.0
2026-09-04,22000,2027-12-09,put,regular,408,0.4257,461,72.0
2026-09-04,22500,2027-12-09,put,regular,36,0.4254,461,83.0
2026-09-04,23000,2027-12-09,put,regular,132,0.425,461,95.0
2026-09-04,23750,2027-12-09,put,regular,39,0.4253,461,117.0
2026-09-04,24000,2027-12-09,put,regular,1721,0.4253,461,125.0
2026-09-04,25000,2027-12-09,put,regular,1211,0.4253,461,161.0
2026-09-04,26000,2027-12-09,put,regular,200,0.4253,461,204.0
2026-09-04,26500,2027-12-09,put,regular,100,0.4216,461,217.0
2026-09-04,27000,2027-12-09,put,regular,1300,0.4181,461,231.0
2026-09-04,28000,2027-12-09,put,regular,2125,0.4108,461,260.0
2026-09-04,29000,2027-12-09,put,regular,350,0.4035,461,291.0
2026-09-04,29500,2027-12-09,put,regular,249,0.4006,461,310.0
2026-09-04,30000,2027-12-09,put,regular,2445,0.3965,461,325.0
2026-09-04,31000,2027-12-09,put,regular,1750,0.3902,461,365.0
2026-09-04,31500,2027-12-09,put,regular,204,0.3869,461,385.0
2026-09-04,32000,2027-12-09,put,regular,1425,0.3834,461,405.0
2026-09-04,32250,2027-12-09,put,regular,30,0.3816,461,415.0
2026-09-04,32750,2027-12-09,put,regular,35,0.3779,461,435.0
2026-09-04,33000,2027-12-09,put,regular,450,0.377,461,450.0
2026-09-04,34000,2027-12-09,put,regular,1794,0.3701,461,495.0
2026-09-04,34500,2027-12-09,put,regular,100,0.3668,461,520.0
2026-09-04,35000,2027-12-09,put,regular,1600,0.3635,461,545.0
2026-09-04,35500,2027-12-09,put,regular,40,0.3601,461,570.0
2026-09-04,36000,2027-12-09,put,regular,1230,0.3572,461,600.0
2026-09-04,36500,2027-12-09,put,regular,300,0.3542,461,630.0
2026-09-04,37000,2027-12-09,put,regular,1150,0.3511,461,660.0
2026-09-04,38000,2027-12-09,put,regular,1175,0.3451,461,725.0
2026-09-04,39000,2027-12-09,put,regular,800,0.3392,461,795.0
2026-09-04,39500,2027-12-09,put,regular,50,0.3361,461,830.0
2026-09-04,40000,2027-12-09,put,regular,3150,0.3334,461,870.0
2026-09-04,40500,2027-12-09,put,regular,450,0.3305,461,910.0
2026-09-04,42000,2027-12-09,put,regular,550,0.3226,461,1045.0
2026-09-04,43000,2027-12-09,put,regular,240,0.3171,461,1140.0
2026-09-04,44000,2027-12-09,put,regular,100,0.3123,461,1250.0
2026-09-04,45000,2027-12-09,put,regular,2076,0.3073,461,1365.0
2026-09-04,46000,2027-12-09,put,regular,900,0.3025,461,1490.0
2026-09-04,47000,2027-12-09,put,regular,250,0.2981,461,1630.0
2026-09-04,47500,2027-12-09,put,regular,35,0.2956,461,1700.0
2026-09-04,48000,2027-12-09,put,regular,615,0.2934,461,1775.0
2026-09-04,49000,2027-12-09,put,regular,700,0.2893,461,1940.0
2026-09-04,50000,2027-12-09,put,regular,3970,0.2851,461,2115.0
2026-09-04,51000,2027-12-09,put,regular,350,0.2811,461,2305.0
2026-09-04,52000,2027-12-09,put,regular,635,0.2773,461,2510.0
2026-09-04,53000,2027-12-09,put,regular,822,0.2738,461,2735.0
2026-09-04,54000,2027-12-09,put,regular,475,0.2703,461,2975.0
2026-09-04,54500,2027-12-09,put,regular,400,0.2687,461,3105.0
2026-09-04,55000,2027-12-09,put,regular,1300,0.2672,461,3240.0
2026-09-04,55500,2027-12-09,put,regular,75,0.2655,461,3375.0
2026-09-04,56000,2027-12-09,put,regular,370,0.2641,461,3520.0
2026-09-04,57000,2027-12-09,put,regular,220,0.261,461,3820.0
2026-09-04,58000,2027-12-09,put,regular,1825,0.2583,461,4145.0
2026-09-04,58500,2027-12-09,put,regular,610,0.257,461,4315.0
2026-09-04,59000,2027-12-09,put,regular,100,0.2556,461,4490.0
2026-09-04,60000,2027-12-09,put,regular,1260,0.2532,461,4860.0
2026-09-04,62000,2027-12-09,put,regular,425,0.2486,461,5670.0
2026-09-04,62500,2027-12-09,put,regular,70,0.2476,461,5890.0
2026-09-04,63000,2027-12-09,put,regular,650,0.2466,461,6115.0
2026-09-04,63500,2027-12-09,put,regular,50,0.2458,461,6350.0
2026-09-04,64000,2027-12-09,put,regular,130,0.2448,461,6585.0
2026-09-04,65000,2027-12-09,put,regular,1300,0.2431,461,7080.0
2026-09-04,66000,2027-12-09,put,regular,825,0.2415,461,7600.0
2026-09-04,67000,2027-12-09,put,regular,400,0.2401,461,8145.0
2026-09-04,68000,2027-12-09,put,regular,200,0.2387,461,8715.0
2026-09-04,69000,2027-12-09,put,regular,750,0.2375,461,9310.0
2026-09-04,70000,2027-12-09,put,regular,550,0.2365,461,9930.0
2026-09-04,75000,2027-12-09,put,regular,175,0.2327,461,13360.0
2026-09-04,80000,2027-12-09,put,regular,400,0.2309,461,17260.0
2026-09-04,15000,2028-06-08,put,regular,3,0.3973,643,13.0
2026-09-04,20000,2028-06-08,put,regular,3,0.3962,643,80.0
2026-09-04,25000,2028-06-08,put,regular,630,0.3961,643,282.0
2026-09-04,26000,2028-06-08,put,regular,250,0.3968,643,350.0
2026-09-04,27000,2028-06-08,put,regular,100,0.3959,643,420.0
2026-09-04,30000,2028-06-08,put,regular,300,0.3762,643,565.0
2026-09-04,32000,2028-06-08,put,regular,250,0.3638,643,680.0
2026-09-04,33000,2028-06-08,put,regular,100,0.3573,643,740.0
2026-09-04,35000,2028-06-08,put,regular,200,0.3462,643,885.0
2026-09-04,40000,2028-06-08,put,regular,250,0.3194,643,1335.0
2026-09-04,41500,2028-06-08,put,regular,100,0.3118,643,1500.0
2026-09-04,45000,2028-06-08,put,regular,65,0.2958,643,1970.0
2026-09-04,48000,2028-06-08,put,regular,300,0.2837,643,2480.0
2026-09-04,50000,2028-06-08,put,regular,400,0.2762,643,2880.0
2026-09-04,54000,2028-06-08,put,regular,100,0.2628,643,3860.0
2026-09-04,55000,2028-06-08,put,regular,50,0.2599,643,4150.0
2026-09-04,58000,2028-06-08,put,regular,200,0.2518,643,5125.0
2026-09-04,60000,2028-06-08,put,regular,250,0.2471,643,5880.0
2026-09-04,12000,2028-12-07,put,regular,300,0.3809,825,7.0
2026-09-04,16000,2028-12-07,put,regular,1950,0.3788,825,40.0
2026-09-04,18000,2028-12-07,put,regular,100,0.3784,825,78.0
2026-09-04,20000,2028-12-07,put,regular,200,0.3782,825,138.0
2026-09-04,23000,2028-12-07,put,regular,100,0.3776,825,281.0
2026-09-04,23500,2028-12-07,put,regular,38,0.3782,825,315.0
2026-09-04,24000,2028-12-07,put,regular,1000,0.3783,825,350.0
2026-09-04,25000,2028-12-07,put,regular,1200,0.3781,825,425.0
2026-09-04,27000,2028-12-07,put,regular,120,0.3776,825,605.0
2026-09-04,27500,2028-12-07,put,regular,50,0.3746,825,635.0
2026-09-04,28000,2028-12-07,put,regular,1250,0.3715,825,665.0
2026-09-04,30000,2028-12-07,put,regular,550,0.3601,825,800.0
2026-09-04,31000,2028-12-07,put,regular,400,0.3546,825,875.0
2026-09-04,32000,2028-12-07,put,regular,850,0.3488,825,950.0
2026-09-04,32250,2028-12-07,put,regular,51,0.3475,825,970.0
2026-09-04,33000,2028-12-07,put,regular,525,0.3432,825,1030.0
2026-09-04,34000,2028-12-07,put,regular,775,0.3382,825,1120.0
2026-09-04,34750,2028-12-07,put,regular,100,0.3339,825,1185.0
2026-09-04,35000,2028-12-07,put,regular,1305,0.3328,825,1210.0
2026-09-04,36000,2028-12-07,put,regular,2750,0.3274,825,1305.0
2026-09-04,37000,2028-12-07,put,regular,580,0.3222,825,1405.0
2026-09-04,38000,2028-12-07,put,regular,2860,0.3173,825,1515.0
2026-09-04,39000,2028-12-07,put,regular,50,0.3122,825,1625.0
2026-09-04,40000,2028-12-07,put,regular,1210,0.3076,825,1750.0
2026-09-04,42000,2028-12-07,put,regular,350,0.2983,825,2015.0
2026-09-04,43000,2028-12-07,put,regular,100,0.2939,825,2160.0
2026-09-04,44500,2028-12-07,put,regular,75,0.2877,825,2400.0
2026-09-04,45000,2028-12-07,put,regular,670,0.2857,825,2485.0
2026-09-04,46000,2028-12-07,put,regular,100,0.2816,825,2660.0
2026-09-04,48000,2028-12-07,put,regular,600,0.2743,825,3055.0
2026-09-04,50000,2028-12-07,put,regular,2450,0.2675,825,3500.0
2026-09-04,51000,2028-12-07,put,regular,150,0.2642,825,3740.0
2026-09-04,53000,2028-12-07,put,regular,50,0.2582,825,4275.0
2026-09-04,55000,2028-12-07,put,regular,705,0.2527,825,4875.0
2026-09-04,56000,2028-12-07,put,regular,450,0.2503,825,5205.0
2026-09-04,57000,2028-12-07,put,regular,150,0.2479,825,5550.0
2026-09-04,60000,2028-12-07,put,regular,550,0.2413,825,6695.0
2026-09-04,63000,2028-12-07,put,regular,25,0.2358,825,8020.0
2026-09-04,65000,2028-12-07,put,regular,925,0.2326,825,9000.0
2026-09-04,68000,2028-12-07,put,regular,100,0.2283,825,10610.0
2026-09-04,69000,2028-12-07,put,regular,270,0.2269,825,11185.0
2026-09-04,70000,2028-12-07,put,regular,100,0.2258,825,11780.0
2026-09-04,75000,2028-12-07,put,regular,80,0.2199,825,14990.0
2026-09-04,15000,2029-06-07,put,regular,1,0.3644,1007,46.0
2026-09-04,15000,2029-12-13,put,regular,1,0.3506,1196,67.0
2026-09-04,23250,2029-12-13,put,regular,40,0.3487,1196,510.0
2026-09-04,32000,2029-12-13,put,regular,113,0.3228,1196,1405.0
2026-09-04,34250,2029-12-13,put,regular,6,0.3119,1196,1650.0
2026-09-04,44000,2029-12-13,put,regular,100,0.27,1196,3075.0
2026-09-04,45000,2029-12-13,put,regular,50,0.2664,1196,3270.0
2026-09-04,50000,2029-12-13,put,regular,70,0.2507,1196,4430.0
2026-09-04,64000,2029-12-13,put,regular,100,0.2236,1196,9790.0
2026-09-04,65000,2029-12-13,put,regular,50,0.2222,1196,10295.0
2026-09-04,70000,2029-12-13,put,regular,100,0.2159,1196,13065.0
2026-09-04,19000,2030-06-13,put,regular,2,0.3386,1378,263.0
2026-09-04,23500,2030-12-12,put,regular,100,0.3288,1560,745.0
2026-09-04,31750,2030-12-12,put,regular,74,0.2978,1560,1620.0
2026-09-04,34000,2030-12-12,put,regular,24,0.2865,1560,1860.0
2026-09-04,44000,2030-12-12,put,regular,80,0.2528,1560,3580.0
2026-09-04,49500,2030-12-12,put,regular,100,0.241,1560,5060.0
2026-09-04,50000,2030-12-12,put,regular,100,0.2401,1560,5215.0
2026-09-04,64000,2030-12-12,put,regular,3,0.2171,1560,10860.0
2026-09-04,31500,2031-12-11,put,regular,52,0.2907,1924,2030.0
2026-09-04,68000,2031-12-11,put,regular,100,0.2026,1924,13625.0
2026-09-04,31250,2032-12-09,put,regular,40,0.2838,2288,2380.0
2026-09-04,30000,2026-09-10,call,regular,3750,0.2,6,34225.0
2026-09-04,37000,2026-09-10,call,regular,1,0.2,6,27225.0
2026-09-04,40000,2026-09-10,call,regular,5,0.2,6,24230.0
2026-09-04,42000,2026-09-10,call,regular,101,0.2,6,22230.0
2026-09-04,42500,2026-09-10,call,regular,10,0.2,6,21730.0
2026-09-04,43000,2026-09-10,call,regular,100,0.2,6,21230.0
2026-09-04,43500,2026-09-10,call,regular,57,0.2,6,20730.0
2026-09-04,45000,2026-09-10,call,regular,42,0.2,6,19230.0
2026-09-04,48000,2026-09-10,call,regular,400,0.2,6,16230.0
2026-09-04,48500,2026-09-10,call,regular,240,0.2,6,15735.0
2026-09-04,49000,2026-09-10,call,regular,200,0.2,6,15235.0
2026-09-04,50000,2026-09-10,call,regular,4650,0.2,6,14240.0
2026-09-04,50500,2026-09-10,call,regular,50,0.2,6,13740.0
2026-09-04,51000,2026-09-10,call,regular,141,0.2,6,13240.0
2026-09-04,51250,2026-09-10,call,regular,210,0.2,6,12990.0
2026-09-04,52000,2026-09-10,call,regular,350,0.2,6,12245.0
2026-09-04,53000,2026-09-10,call,regular,1100,0.2,6,11245.0
2026-09-04,53500,2026-09-10,call,regular,400,0.2,6,10750.0
2026-09-04,53750,2026-09-10,call,regular,150,0.2,6,10500.0
2026-09-04,54000,2026-09-10,call,regular,1056,0.2,6,10250.0
2026-09-04,54250,2026-09-10,call,regular,50,0.2,6,10000.0
2026-09-04,54500,2026-09-10,call,regular,200,0.2,6,9755.0
2026-09-04,54750,2026-09-10,call,regular,90,0.2,6,9505.0
2026-09-04,55000,2026-09-10,call,regular,660,0.2,6,9255.0
2026-09-04,56000,2026-09-10,call,regular,1250,0.2,6,8260.0
2026-09-04,56500,2026-09-10,call,regular,75,0.2,6,7765.0
2026-09-04,57000,2026-09-10,call,regular,850,0.2,6,7270.0
2026-09-04,57500,2026-09-10,call,regular,384,0.2,6,6780.0
2026-09-04,58000,2026-09-10,call,regular,1101,0.2,6,6285.0
2026-09-04,59000,2026-09-10,call,regular,1096,0.2,6,5315.0
2026-09-04,60000,2026-09-10,call,regular,786,0.2,6,4360.0
2026-09-04,60500,2026-09-10,call,regular,750,0.2,6,3885.0
2026-09-04,60750,2026-09-10,call,regular,120,0.2,6,3655.0
2026-09-04,61000,2026-09-10,call,regular,221,0.2,6,3440.0
2026-09-04,61250,2026-09-10,call,regular,22,0.2,6,3205.0
2026-09-04,61500,2026-09-10,call,regular,2,0.2,6,2995.0
2026-09-04,61875,2026-09-10,call,regular,2,0.2,6,2680.0
2026-09-04,62000,2026-09-10,call,regular,2002,0.2,6,2565.0
2026-09-04,62250,2026-09-10,call,regular,1,0.2,6,2365.0
2026-09-04,62500,2026-09-10,call,regular,801,0.2,6,2170.0
2026-09-04,63000,2026-09-10,call,regular,967,0.2,6,1730.0
2026-09-04,63250,2026-09-10,call,regular,1,0.2,6,1610.0
2026-09-04,63500,2026-09-10,call,regular,4,0.1475,6,1440.0
2026-09-04,64000,2026-09-10,call,regular,1707,0.1783,6,1115.0
2026-09-04,64250,2026-09-10,call,regular,104,0.1903,6,980.0
2026-09-04,64375,2026-09-10,call,regular,955000,0.1916,6,905.0
2026-09-04,64500,2026-09-10,call,regular,166,0.1931,6,835.0
2026-09-04,64625,2026-09-10,call,regular,1,0.2026,6,795.0
2026-09-04,64750,2026-09-10,call,regular,2,0.2047,6,735.0
2026-09-04,64875,2026-09-10,call,regular,33,0.2072,6,680.0
2026-09-04,65000,2026-09-10,call,regular,5169,0.1995,6,595.0
2026-09-04,65125,2026-09-10,call,regular,10,0.2119,6,580.0
2026-09-04,65250,2026-09-10,call,regular,15,0.2143,6,535.0
2026-09-04,65375,2026-09-10,call,regular,3,0.2157,6,490.0
2026-09-04,65500,2026-09-10,call,regular,407,0.2144,6,440.0
2026-09-04,65625,2026-09-10,call,regular,6,0.2186,6,410.0
2026-09-04,65750,2026-09-10,call,regular,11,0.2203,6,375.0
2026-09-04,65875,2026-09-10,call,regular,1,0.2229,6,345.0
2026-09-04,66000,2026-09-10,call,regular,2170,0.218,6,297.0
2026-09-04,66125,2026-09-10,call,regular,41,0.2242,6,282.0
2026-09-04,66250,2026-09-10,call,regular,87,0.2268,6,259.0
2026-09-04,66375,2026-09-10,call,regular,9,0.2211,6,218.0
2026-09-04,66500,2026-09-10,call,regular,2815,0.2278,6,209.0
2026-09-04,66625,2026-09-10,call,regular,12,0.2291,6,189.0
2026-09-04,66750,2026-09-10,call,regular,1617,0.2306,6,171.0
2026-09-04,66875,2026-09-10,call,regular,2,0.2327,6,156.0
2026-09-04,67000,2026-09-10,call,regular,2888,0.231,6,135.0
2026-09-04,67125,2026-09-10,call,regular,6,0.2338,6,124.0
2026-09-04,67250,2026-09-10,call,regular,20,0.2311,6,105.0
2026-09-04,67375,2026-09-10,call,regular,42,0.2375,6,102.0
2026-09-04,67500,2026-09-10,call,regular,1573,0.2341,6,85.0
2026-09-04,67625,2026-09-10,call,regular,11,0.2391,6,81.0
2026-09-04,67750,2026-09-10,call,regular,502,0.2407,6,73.0
2026-09-04,67875,2026-09-10,call,regular,56,0.2434,6,67.0
2026-09-04,68000,2026-09-10,call,regular,3378,0.2399,6,55.0
2026-09-04,68125,2026-09-10,call,regular,103,0.2461,6,54.0
2026-09-04,68250,2026-09-10,call,regular,54,0.246,6,47.0
2026-09-04,68375,2026-09-10,call,regular,26,0.2495,6,44.0
2026-09-04,68500,2026-09-10,call,regular,314,0.2439,6,34.0
2026-09-04,68625,2026-09-10,call,regular,27,0.2518,6,35.0
2026-09-04,68750,2026-09-10,call,regular,319,0.2481,6,28.0
2026-09-04,68875,2026-09-10,call,regular,83,0.2528,6,27.0
2026-09-04,69000,2026-09-10,call,regular,1882,0.2502,6,22.0
2026-09-04,69125,2026-09-10,call,regular,129,0.2563,6,22.0
2026-09-04,69250,2026-09-10,call,regular,103,0.2583,6,20.0
2026-09-04,69375,2026-09-10,call,regular,29,0.2599,6,18.0
2026-09-04,69500,2026-09-10,call,regular,798,0.2585,6,15.0
2026-09-04,69625,2026-09-10,call,regular,73,0.2615,6,14.0
2026-09-04,69750,2026-09-10,call,regular,1462,0.2671,6,14.0
2026-09-04,69875,2026-09-10,call,regular,46,0.2668,6,12.0
2026-09-04,70000,2026-09-10,call,regular,4037,0.2656,6,10.0
2026-09-04,70125,2026-09-10,call,regular,5,0.2709,6,10.0
2026-09-04,70250,2026-09-10,call,regular,642,0.2683,6,8.0
2026-09-04,70375,2026-09-10,call,regular,2,0.2735,6,8.0
2026-09-04,70500,2026-09-10,call,regular,359,0.274,6,7.0
2026-09-04,70625,2026-09-10,call,regular,268,0.2791,6,7.0
2026-09-04,70750,2026-09-10,call,regular,44,0.2841,6,7.0
2026-09-04,70875,2026-09-10,call,regular,61,0.2838,6,6.0
2026-09-04,71000,2026-09-10,call,regular,1613,0.2827,6,5.0
2026-09-04,71125,2026-09-10,call,regular,58,0.2937,6,6.0
2026-09-04,71250,2026-09-10,call,regular,86,0.2924,6,5.0
2026-09-04,71375,2026-09-10,call,regular,11,0.2972,6,5.0
2026-09-04,71500,2026-09-10,call,regular,604,0.2945,6,4.0
2026-09-04,71625,2026-09-10,call,regular,3,0.2992,6,4.0
2026-09-04,71750,2026-09-10,call,regular,22,0.3114,6,5.0
2026-09-04,71875,2026-09-10,call,regular,100,0.3162,6,5.0
2026-09-04,72000,2026-09-10,call,regular,2459,0.3038,6,3.0
2026-09-04,72125,2026-09-10,call,regular,78,0.3177,6,4.0
2026-09-04,72250,2026-09-10,call,regular,156,0.3005,6,2.0
2026-09-04,72375,2026-09-10,call,regular,14,0.3172,6,3.0
2026-09-04,72500,2026-09-10,call,regular,1652,0.3091,6,2.0
2026-09-04,72625,2026-09-10,call,regular,5,0.3261,6,3.0
2026-09-04,72750,2026-09-10,call,regular,303,0.3306,6,3.0
2026-09-04,72875,2026-09-10,call,regular,34,0.335,6,3.0
2026-09-04,73000,2026-09-10,call,regular,2055,0.3262,6,2.0
2026-09-04,73125,2026-09-10,call,regular,5,0.3438,6,3.0
2026-09-04,73250,2026-09-10,call,regular,14,0.3347,6,2.0
2026-09-04,73375,2026-09-10,call,regular,4,0.3525,6,3.0
2026-09-04,73500,2026-09-10,call,regular,502,0.3431,6,2.0
2026-09-04,73625,2026-09-10,call,regular,6,0.3473,6,2.0
2026-09-04,73750,2026-09-10,call,regular,53,0.3515,6,2.0
2026-09-04,73875,2026-09-10,call,regular,25,0.3556,6,2.0
2026-09-04,74000,2026-09-10,call,regular,1318,0.3384,6,1.0
2026-09-04,74125,2026-09-10,call,regular,6,0.3639,6,2.0
2026-09-04,74250,2026-09-10,call,regular,6,0.3681,6,2.0
2026-09-04,74375,2026-09-10,call,regular,1,0.3722,6,2.0
2026-09-04,74500,2026-09-10,call,regular,136,0.3763,6,2.0
2026-09-04,74625,2026-09-10,call,regular,57,0.3579,6,1.0
2026-09-04,74750,2026-09-10,call,regular,69,0.3845,6,2.0
2026-09-04,74875,2026-09-10,call,regular,1,0.3886,6,2.0
2026-09-04,75000,2026-09-10,call,regular,3389,0.3696,6,1.0
2026-09-04,75250,2026-09-10,call,regular,107,0.3773,6,1.0
2026-09-04,75375,2026-09-10,call,regular,6,0.3811,6,1.0
2026-09-04,75500,2026-09-10,call,regular,231,0.3849,6,1.0
2026-09-04,76000,2026-09-10,call,regular,645,0.4002,6,1.0
2026-09-04,76500,2026-09-10,call,regular,70,0.4152,6,1.0
2026-09-04,77000,2026-09-10,call,regular,825,0.4301,6,1.0
2026-09-04,77500,2026-09-10,call,regular,977,0.4449,6,1.0
2026-09-04,78000,2026-09-10,call,regular,2300,0.4595,6,1.0
2026-09-04,78500,2026-09-10,call,regular,112,0.474,6,1.0
2026-09-04,79000,2026-09-10,call,regular,204,0.4884,6,1.0
2026-09-04,79500,2026-09-10,call,regular,233,0.5026,6,1.0
2026-09-04,80000,2026-09-10,call,regular,1826,0.5168,6,1.0
2026-09-04,80500,2026-09-10,call,regular,18,0.5307,6,1.0
2026-09-04,81000,2026-09-10,call,regular,395,0.5446,6,1.0
2026-09-04,81500,2026-09-10,call,regular,43,0.5584,6,1.0
2026-09-04,82000,2026-09-10,call,regular,340,0.572,6,1.0
2026-09-04,82500,2026-09-10,call,regular,130,0.5855,6,1.0
2026-09-04,83000,2026-09-10,call,regular,546,0.599,6,1.0
2026-09-04,83500,2026-09-10,call,regular,50,0.6123,6,1.0
2026-09-04,84000,2026-09-10,call,regular,1219,0.6255,6,1.0
2026-09-04,84500,2026-09-10,call,regular,52,0.6386,6,1.0
2026-09-04,85000,2026-09-10,call,regular,903,0.6516,6,1.0
2026-09-04,87500,2026-09-10,call,regular,345,0.7151,6,1.0
2026-09-04,90000,2026-09-10,call,regular,666,0.7763,6,1.0
2026-09-04,92000,2026-09-10,call,regular,57,0.8238,6,1.0
2026-09-04,94000,2026-09-10,call,regular,17,0.87,6,1.0
2026-09-04,95000,2026-09-10,call,regular,43,0.8926,6,1.0
2026-09-04,96000,2026-09-10,call,regular,20,0.915,6,1.0
2026-09-04,98000,2026-09-10,call,regular,15,0.9588,6,1.0
2026-09-04,100000,2026-09-10,call,regular,89,1.0016,6,1.0
2026-09-04,35000,2026-10-08,call,regular,24,0.2,34,28900.0
2026-09-04,45000,2026-10-08,call,regular,2,0.2,34,18945.0
2026-09-04,47500,2026-10-08,call,regular,34,0.2,34,16465.0
2026-09-04,53000,2026-10-08,call,regular,34,0.2,34,11055.0
2026-09-04,55000,2026-10-08,call,regular,4,0.2,34,9130.0
2026-09-04,57000,2026-10-08,call,regular,1,0.2,34,7255.0
2026-09-04,60000,2026-10-08,call,regular,1,0.2,34,4640.0
2026-09-04,60500,2026-10-08,call,regular,100,0.2,34,4240.0
2026-09-04,61000,2026-10-08,call,regular,201,0.2,34,3850.0
2026-09-04,62000,2026-10-08,call,regular,49,0.1536,34,3130.0
2026-09-04,63000,2026-10-08,call,regular,4,0.1731,34,2480.0
2026-09-04,63500,2026-10-08,call,regular,1,0.1803,34,2195.0
2026-09-04,63625,2026-10-08,call,regular,2155000,0.1836,34,2140.0
2026-09-04,63750,2026-10-08,call,regular,1,0.1805,34,2040.0
2026-09-04,63875,2026-10-08,call,regular,50,0.18,34,1960.0
2026-09-04,64000,2026-10-08,call,regular,36,0.1818,34,1900.0
2026-09-04,64125,2026-10-08,call,regular,49430000,0.1834,34,1840.0
2026-09-04,64250,2026-10-08,call,regular,11310000,0.1841,34,1775.0
2026-09-04,64500,2026-10-08,call,regular,22,0.1848,34,1645.0
2026-09-04,64750,2026-10-08,call,regular,3390000,0.1885,34,1545.0
2026-09-04,65000,2026-10-08,call,regular,360,0.1893,34,1430.0
2026-09-04,65250,2026-10-08,call,regular,1,0.1887,34,1310.0
2026-09-04,65500,2026-10-08,call,regular,122,0.1911,34,1220.0
2026-09-04,65750,2026-10-08,call,regular,54,0.1908,34,1115.0
2026-09-04,65875,2026-10-08,call,regular,1,0.1919,34,1075.0
2026-09-04,66000,2026-10-08,call,regular,1175,0.1935,34,1040.0
2026-09-04,66125,2026-10-08,call,regular,1005000,0.1936,34,995.0
2026-09-04,66250,2026-10-08,call,regular,4,0.1942,34,955.0
2026-09-04,66375,2026-10-08,call,regular,1,0.1967,34,930.0
2026-09-04,66500,2026-10-08,call,regular,4,0.1948,34,875.0
2026-09-04,66625,2026-10-08,call,regular,880000,0.1949,34,835.0
2026-09-04,66750,2026-10-08,call,regular,123,0.1954,34,800.0
2026-09-04,66875,2026-10-08,call,regular,11,0.1957,34,765.0
2026-09-04,67000,2026-10-08,call,regular,530,0.1973,34,740.0
2026-09-04,67375,2026-10-08,call,regular,74,0.1983,34,645.0
2026-09-04,67500,2026-10-08,call,regular,162,0.1992,34,620.0
2026-09-04,67625,2026-10-08,call,regular,85,0.1977,34,580.0
2026-09-04,67750,2026-10-08,call,regular,2,0.1991,34,560.0
2026-09-04,68000,2026-10-08,call,regular,902,0.2007,34,515.0
2026-09-04,68125,2026-10-08,call,regular,6,0.2017,34,495.0
2026-09-04,68250,2026-10-08,call,regular,3,0.2017,34,470.0
2026-09-04,68500,2026-10-08,call,regular,1222,0.2021,34,425.0
2026-09-04,68750,2026-10-08,call,regular,112,0.2036,34,390.0
2026-09-04,69000,2026-10-08,call,regular,2988,0.2046,34,355.0
2026-09-04,69250,2026-10-08,call,regular,3,0.205,34,320.0
2026-09-04,69500,2026-10-08,call,regular,282,0.2056,34,289.0
2026-09-04,69750,2026-10-08,call,regular,2,0.2046,34,254.0
2026-09-04,69875,2026-10-08,call,regular,89,0.2073,34,251.0
2026-09-04,70000,2026-10-08,call,regular,1284,0.2058,34,231.0
2026-09-04,70250,2026-10-08,call,regular,12,0.2078,34,213.0
2026-09-04,70375,2026-10-08,call,regular,117,0.2086,34,204.0
2026-09-04,70500,2026-10-08,call,regular,305,0.2088,34,193.0
2026-09-04,70750,2026-10-08,call,regular,4,0.2095,34,174.0
2026-09-04,70875,2026-10-08,call,regular,1,0.2102,34,166.0
2026-09-04,71000,2026-10-08,call,regular,149,0.21,34,156.0
2026-09-04,71250,2026-10-08,call,regular,104,0.2096,34,137.0
2026-09-04,71500,2026-10-08,call,regular,257,0.2107,34,124.0
2026-09-04,71625,2026-10-08,call,regular,2,0.2116,34,119.0
2026-09-04,72000,2026-10-08,call,regular,1713,0.2122,34,100.0
2026-09-04,72250,2026-10-08,call,regular,86,0.2121,34,88.0
2026-09-04,72500,2026-10-08,call,regular,177,0.2155,34,84.0
2026-09-04,72750,2026-10-08,call,regular,10,0.216,34,75.0
2026-09-04,73000,2026-10-08,call,regular,1556,0.2166,34,67.0
2026-09-04,73250,2026-10-08,call,regular,3,0.2179,34,61.0
2026-09-04,73500,2026-10-08,call,regular,25,0.2189,34,55.0
2026-09-04,73750,2026-10-08,call,regular,1,0.2187,34,48.0
2026-09-04,74000,2026-10-08,call,regular,530,0.2211,34,45.0
2026-09-04,74250,2026-10-08,call,regular,8,0.2224,34,41.0
2026-09-04,74500,2026-10-08,call,regular,65,0.2243,34,38.0
2026-09-04,74750,2026-10-08,call,regular,1,0.2175,34,27.0
2026-09-04,75000,2026-10-08,call,regular,1477,0.223,34,28.0
2026-09-04,75250,2026-10-08,call,regular,2,0.2211,34,23.0
2026-09-04,75500,2026-10-08,call,regular,7,0.2226,34,21.0
2026-09-04,75750,2026-10-08,call,regular,5,0.2237,34,19.0
2026-09-04,76000,2026-10-08,call,regular,1158,0.2293,34,20.0
2026-09-04,76250,2026-10-08,call,regular,8,0.223,34,14.0
2026-09-04,76500,2026-10-08,call,regular,12,0.2249,34,13.0
2026-09-04,77000,2026-10-08,call,regular,1171,0.2304,34,12.0
2026-09-04,77500,2026-10-08,call,regular,110,0.2302,34,9.0
2026-09-04,78000,2026-10-08,call,regular,660,0.2375,34,9.0
2026-09-04,78500,2026-10-08,call,regular,7,0.2416,34,8.0
2026-09-04,79000,2026-10-08,call,regular,77,0.2412,34,6.0
2026-09-04,79500,2026-10-08,call,regular,4,0.2435,34,5.0
2026-09-04,80000,2026-10-08,call,regular,1832,0.2502,34,5.0
2026-09-04,80500,2026-10-08,call,regular,2,0.2513,34,4.0
2026-09-04,81000,2026-10-08,call,regular,495,0.2577,34,4.0
2026-09-04,81500,2026-10-08,call,regular,2,0.2482,34,2.0
2026-09-04,82000,2026-10-08,call,regular,56,0.2634,34,3.0
2026-09-04,82500,2026-10-08,call,regular,1,0.2601,34,2.0
2026-09-04,83000,2026-10-08,call,regular,19,0.266,34,2.0
2026-09-04,83500,2026-10-08,call,regular,9,0.2719,34,2.0
2026-09-04,84000,2026-10-08,call,regular,6,0.2777,34,2.0
2026-09-04,85000,2026-10-08,call,regular,157,0.2892,34,2.0
2026-09-04,87500,2026-10-08,call,regular,113,0.3171,34,2.0
2026-09-04,90000,2026-10-08,call,regular,114,0.3261,34,1.0
2026-09-04,92500,2026-10-08,call,regular,15,0.3509,34,1.0
2026-09-04,95000,2026-10-08,call,regular,59,0.3749,34,1.0
2026-09-04,97500,2026-10-08,call,regular,14,0.3982,34,1.0
2026-09-04,100000,2026-10-08,call,regular,297,0.4207,34,1.0
2026-09-04,44500,2026-11-12,call,regular,2,0.2,69,19595.0
2026-09-04,50250,2026-11-12,call,regular,35,0.2,69,13995.0
2026-09-04,56000,2026-11-12,call,regular,34,0.2,69,8650.0
2026-09-04,57500,2026-11-12,call,regular,100,0.2,69,7335.0
2026-09-04,58000,2026-11-12,call,regular,1,0.1326,69,6905.0
2026-09-04,60500,2026-11-12,call,regular,100,0.1913,69,4955.0
2026-09-04,61000,2026-11-12,call,regular,200,0.1957,69,4605.0
2026-09-04,64000,2026-11-12,call,regular,125,0.2026,69,2725.0
2026-09-04,64500,2026-11-12,call,regular,82935000,0.2015,69,2450.0
2026-09-04,65000,2026-11-12,call,regular,157,0.2033,69,2225.0
2026-09-04,65500,2026-11-12,call,regular,101,0.2058,69,2025.0
2026-09-04,65750,2026-11-12,call,regular,1,0.2011,69,1865.0
2026-09-04,65875,2026-11-12,call,regular,50,0.2018,69,1820.0
2026-09-04,66000,2026-11-12,call,regular,436,0.2023,69,1775.0
2026-09-04,67000,2026-11-12,call,regular,1130,0.2058,69,1440.0
2026-09-04,67500,2026-11-12,call,regular,301,0.2047,69,1265.0
2026-09-04,67750,2026-11-12,call,regular,28,0.2034,69,1175.0
2026-09-04,68000,2026-11-12,call,regular,430,0.2066,69,1135.0
2026-09-04,68375,2026-11-12,call,regular,16,0.2079,69,1045.0
2026-09-04,68500,2026-11-12,call,regular,1,0.2082,69,1015.0
2026-09-04,69000,2026-11-12,call,regular,1944,0.2074,69,885.0
2026-09-04,69500,2026-11-12,call,regular,4,0.2058,69,760.0
2026-09-04,70000,2026-11-12,call,regular,1032,0.2074,69,675.0
2026-09-04,70500,2026-11-12,call,regular,2,0.2091,69,600.0
2026-09-04,71000,2026-11-12,call,regular,300,0.2118,69,540.0
2026-09-04,71500,2026-11-12,call,regular,353,0.2113,69,465.0
2026-09-04,72000,2026-11-12,call,regular,395,0.2134,69,415.0
2026-09-04,72250,2026-11-12,call,regular,1,0.2117,69,375.0
2026-09-04,72500,2026-11-12,call,regular,602,0.2129,69,355.0
2026-09-04,73750,2026-11-12,call,regular,260000,0.2142,69,248.0
2026-09-04,74000,2026-11-12,call,regular,100,0.2146,69,231.0
2026-09-04,74500,2026-11-12,call,regular,116,0.2165,69,205.0
2026-09-04,75000,2026-11-12,call,regular,877,0.2124,69,160.0
2026-09-04,75500,2026-11-12,call,regular,77,0.2184,69,155.0
2026-09-04,76000,2026-11-12,call,regular,6,0.2144,69,120.0
2026-09-04,76500,2026-11-12,call,regular,280,0.2207,69,118.0
2026-09-04,77000,2026-11-12,call,regular,121,0.2198,69,98.0
2026-09-04,78000,2026-11-12,call,regular,107,0.2245,69,79.0
2026-09-04,79000,2026-11-12,call,regular,2,0.2249,69,57.0
2026-09-04,80000,2026-11-12,call,regular,92,0.2222,69,37.0
2026-09-04,82500,2026-11-12,call,regular,2,0.2319,69,21.0
2026-09-04,85000,2026-11-12,call,regular,4,0.2467,69,15.0
2026-09-04,87500,2026-11-12,call,regular,4,0.2554,69,9.0
2026-09-04,90000,2026-11-12,call,regular,24,0.2613,69,5.0
2026-09-04,92500,2026-11-12,call,regular,1,0.2752,69,4.0
2026-09-04,95000,2026-11-12,call,regular,6,0.2773,69,2.0
2026-09-04,100000,2026-11-12,call,regular,15,0.3109,69,2.0
2026-09-04,12500,2026-12-10,call,regular,84,0.2,97,51375.0
2026-09-04,20000,2026-12-10,call,regular,150,0.2,97,43905.0
2026-09-04,22000,2026-12-10,call,regular,100,0.2,97,41915.0
2026-09-04,25000,2026-12-10,call,regular,300,0.2,97,38935.0
2026-09-04,26000,2026-12-10,call,regular,350,0.2,97,37940.0
2026-09-04,27000,2026-12-10,call,regular,250,0.2,97,36945.0
2026-09-04,28000,2026-12-10,call,regular,75,0.2,97,35950.0
2026-09-04,28500,2026-12-10,call,regular,125,0.2,97,35455.0
2026-09-04,29000,2026-12-10,call,regular,150,0.2,97,34960.0
2026-09-04,30000,2026-12-10,call,regular,103,0.2,97,33965.0
2026-09-04,30500,2026-12-10,call,regular,50,0.2,97,33470.0
2026-09-04,31000,2026-12-10,call,regular,241,0.2,97,32970.0
2026-09-04,31500,2026-12-10,call,regular,50,0.2,97,32475.0
2026-09-04,32000,2026-12-10,call,regular,700,0.2,97,31980.0
2026-09-04,32500,2026-12-10,call,regular,250,0.2,97,31485.0
2026-09-04,33000,2026-12-10,call,regular,1950,0.2,97,30985.0
2026-09-04,34000,2026-12-10,call,regular,280,0.2,97,29995.0
2026-09-04,34500,2026-12-10,call,regular,400,0.2,97,29500.0
2026-09-04,35000,2026-12-10,call,regular,435,0.2,97,29005.0
2026-09-04,36000,2026-12-10,call,regular,975,0.2,97,28015.0
2026-09-04,36500,2026-12-10,call,regular,252,0.2,97,27520.0
2026-09-04,37000,2026-12-10,call,regular,450,0.2,97,27025.0
2026-09-04,37500,2026-12-10,call,regular,88,0.2,97,26530.0
2026-09-04,37750,2026-12-10,call,regular,100,0.2,97,26280.0
2026-09-04,38000,2026-12-10,call,regular,1225,0.2,97,26035.0
2026-09-04,38500,2026-12-10,call,regular,700,0.2,97,25540.0
2026-09-04,38750,2026-12-10,call,regular,50,0.2,97,25290.0
2026-09-04,39000,2026-12-10,call,regular,750,0.2,97,25045.0
2026-09-04,39500,2026-12-10,call,regular,500,0.2,97,24550.0
2026-09-04,40000,2026-12-10,call,regular,1200,0.2,97,24060.0
2026-09-04,40500,2026-12-10,call,regular,400,0.2,97,23565.0
2026-09-04,41000,2026-12-10,call,regular,1300,0.2,97,23070.0
2026-09-04,41500,2026-12-10,call,regular,100,0.2,97,22580.0
2026-09-04,42000,2026-12-10,call,regular,1071,0.2,97,22085.0
2026-09-04,42500,2026-12-10,call,regular,250,0.2,97,21595.0
2026-09-04,43000,2026-12-10,call,regular,1400,0.2,97,21105.0
2026-09-04,43750,2026-12-10,call,regular,131,0.2,97,20385.0
2026-09-04,44000,2026-12-10,call,regular,600,0.2,97,20140.0
2026-09-04,45000,2026-12-10,call,regular,1842,0.2,97,19145.0
2026-09-04,45250,2026-12-10,call,regular,413,0.2,97,18905.0
2026-09-04,45500,2026-12-10,call,regular,200,0.2,97,18660.0
2026-09-04,46000,2026-12-10,call,regular,2300,0.2,97,18175.0
2026-09-04,46250,2026-12-10,call,regular,315,0.2,97,17930.0
2026-09-04,47000,2026-12-10,call,regular,350,0.2,97,17270.0
2026-09-04,47500,2026-12-10,call,regular,200,0.2,97,16820.0
2026-09-04,48000,2026-12-10,call,regular,750,0.2,97,16340.0
2026-09-04,49000,2026-12-10,call,regular,1000,0.2,97,15375.0
2026-09-04,49500,2026-12-10,call,regular,260,0.2,97,14895.0
2026-09-04,50000,2026-12-10,call,regular,3342,0.2,97,14405.0
2026-09-04,50250,2026-12-10,call,regular,58,0.2,97,14155.0
2026-09-04,50500,2026-12-10,call,regular,600,0.2,97,13925.0
2026-09-04,50750,2026-12-10,call,regular,45,0.2,97,13685.0
2026-09-04,51000,2026-12-10,call,regular,731,0.2,97,13450.0
2026-09-04,52000,2026-12-10,call,regular,802,0.2,97,12545.0
2026-09-04,52250,2026-12-10,call,regular,250,0.2,97,12300.0
2026-09-04,52500,2026-12-10,call,regular,50,0.2,97,12055.0
2026-09-04,53000,2026-12-10,call,regular,1135,0.2,97,11635.0
2026-09-04,53500,2026-12-10,call,regular,106,0.2,97,11175.0
2026-09-04,54000,2026-12-10,call,regular,1941,0.2,97,10725.0
2026-09-04,54500,2026-12-10,call,regular,540,0.2,97,10275.0
2026-09-04,55000,2026-12-10,call,regular,1829,0.2,97,9810.0
2026-09-04,55500,2026-12-10,call,regular,300,0.1381,97,9395.0
2026-09-04,56000,2026-12-10,call,regular,791,0.1386,97,8905.0
2026-09-04,56500,2026-12-10,call,regular,283,0.1794,97,8540.0
2026-09-04,57000,2026-12-10,call,regular,500,0.1782,97,8075.0
2026-09-04,57250,2026-12-10,call,regular,113,0.1736,97,7825.0
2026-09-04,57500,2026-12-10,call,regular,80,0.1886,97,7680.0
2026-09-04,58000,2026-12-10,call,regular,2603,0.1843,97,7215.0
2026-09-04,58500,2026-12-10,call,regular,350,0.1893,97,6820.0
2026-09-04,59000,2026-12-10,call,regular,1900,0.2035,97,6520.0
2026-09-04,59500,2026-12-10,call,regular,100,0.2025,97,6115.0
2026-09-04,60000,2026-12-10,call,regular,7264,0.2045,97,5750.0
2026-09-04,60500,2026-12-10,call,regular,102,0.206,97,5395.0
2026-09-04,61000,2026-12-10,call,regular,813,0.2058,97,5035.0
2026-09-04,62000,2026-12-10,call,regular,1450,0.2077,97,4385.0
2026-09-04,62500,2026-12-10,call,regular,812,0.2077,97,4070.0
2026-09-04,63000,2026-12-10,call,regular,1615,0.2082,97,3775.0
2026-09-04,63500,2026-12-10,call,regular,300,0.2079,97,3485.0
2026-09-04,64000,2026-12-10,call,regular,1990,0.2077,97,3210.0
2026-09-04,65000,2026-12-10,call,regular,2992,0.2073,97,2705.0
2026-09-04,65500,2026-12-10,call,regular,734,0.2079,97,2485.0
2026-09-04,66000,2026-12-10,call,regular,995,0.2075,97,2265.0
2026-09-04,66250,2026-12-10,call,regular,15,0.2084,97,2175.0
2026-09-04,66500,2026-12-10,call,regular,700,0.2072,97,2060.0
2026-09-04,67000,2026-12-10,call,regular,1248,0.2074,97,1875.0
2026-09-04,67250,2026-12-10,call,regular,25,0.2077,97,1790.0
2026-09-04,67500,2026-12-10,call,regular,25,0.2077,97,1705.0
2026-09-04,68000,2026-12-10,call,regular,3143,0.2082,97,1550.0
2026-09-04,68500,2026-12-10,call,regular,424,0.2099,97,1420.0
2026-09-04,69000,2026-12-10,call,regular,1494,0.2162,97,1355.0
2026-09-04,69250,2026-12-10,call,regular,50,0.2163,97,1290.0
2026-09-04,69750,2026-12-10,call,regular,158,0.2159,97,1160.0
2026-09-04,70000,2026-12-10,call,regular,5373,0.2162,97,1105.0
2026-09-04,71000,2026-12-10,call,regular,2249,0.2159,97,890.0
2026-09-04,72000,2026-12-10,call,regular,1185,0.2132,97,690.0
2026-09-04,72250,2026-12-10,call,regular,2,0.2137,97,655.0
2026-09-04,72500,2026-12-10,call,regular,2312,0.2139,97,620.0
2026-09-04,73000,2026-12-10,call,regular,802,0.2143,97,555.0
2026-09-04,73500,2026-12-10,call,regular,400,0.2146,97,495.0
2026-09-04,74000,2026-12-10,call,regular,1050,0.2155,97,445.0
2026-09-04,75000,2026-12-10,call,regular,3675,0.2166,97,355.0
2026-09-04,76000,2026-12-10,call,regular,457,0.2179,97,283.0
2026-09-04,77000,2026-12-10,call,regular,459,0.2145,97,204.0
2026-09-04,77500,2026-12-10,call,regular,1055,0.2197,97,200.0
2026-09-04,78000,2026-12-10,call,regular,382,0.2148,97,157.0
2026-09-04,79000,2026-12-10,call,regular,204,0.2147,97,119.0
2026-09-04,80000,2026-12-10,call,regular,7254,0.2153,97,91.0
2026-09-04,81000,2026-12-10,call,regular,1,0.2157,97,69.0
2026-09-04,82500,2026-12-10,call,regular,1126,0.2169,97,46.0
2026-09-04,83000,2026-12-10,call,regular,120,0.2172,97,40.0
2026-09-04,84000,2026-12-10,call,regular,523,0.2176,97,30.0
2026-09-04,85000,2026-12-10,call,regular,705,0.2187,97,23.0
2026-09-04,87500,2026-12-10,call,regular,2457,0.2238,97,13.0
2026-09-04,90000,2026-12-10,call,regular,1775,0.2274,97,7.0
2026-09-04,95000,2026-12-10,call,regular,1077,0.2477,97,4.0
2026-09-04,100000,2026-12-10,call,regular,503,0.2774,97,4.0
2026-09-04,54250,2027-01-07,call,regular,27,0.1853,125,10760.0
2026-09-04,61000,2027-01-07,call,regular,26,0.2141,125,5455.0
2026-09-04,63750,2027-01-07,call,regular,50,0.2125,125,3785.0
2026-09-04,64000,2027-01-07,call,regular,100,0.2123,125,3650.0
2026-09-04,65000,2027-01-07,call,regular,6,0.2102,125,3125.0
2026-09-04,67500,2027-01-07,call,regular,5,0.2094,125,2090.0
2026-09-04,67750,2027-01-07,call,regular,1,0.2094,125,2005.0
2026-09-04,68000,2027-01-07,call,regular,1,0.2086,125,1910.0
2026-09-04,68500,2027-01-07,call,regular,5,0.2085,125,1750.0
2026-09-04,69000,2027-01-07,call,regular,1,0.2084,125,1600.0
2026-09-04,69500,2027-01-07,call,regular,2,0.2127,125,1520.0
2026-09-04,70000,2027-01-07,call,regular,2,0.2127,125,1390.0
2026-09-04,70250,2027-01-07,call,regular,1,0.2124,125,1325.0
2026-09-04,70500,2027-01-07,call,regular,2,0.2128,125,1270.0
2026-09-04,71000,2027-01-07,call,regular,1,0.2125,125,1155.0
2026-09-04,71500,2027-01-07,call,regular,50,0.2129,125,1055.0
2026-09-04,72000,2027-01-07,call,regular,2,0.2129,125,960.0
2026-09-04,73000,2027-01-07,call,regular,1,0.2135,125,795.0
2026-09-04,74000,2027-01-07,call,regular,1,0.2139,125,655.0
2026-09-04,75000,2027-01-07,call,regular,1,0.2147,125,540.0
2026-09-04,80000,2027-01-07,call,regular,1,0.2207,125,205.0
2026-09-04,100000,2027-01-07,call,regular,4,0.2531,125,6.0
2026-09-04,56000,2027-02-10,call,regular,8,0.222,159,9610.0
2026-09-04,56750,2027-02-10,call,regular,60,0.2228,159,9010.0
2026-09-04,64000,2027-02-10,call,regular,60,0.2186,159,4165.0
2026-09-04,66000,2027-02-10,call,regular,8,0.2153,159,3175.0
2026-09-04,66250,2027-02-10,call,regular,50,0.215,159,3065.0
2026-09-04,67250,2027-02-10,call,regular,12,0.2146,159,2665.0
2026-09-04,72500,2027-02-10,call,regular,75,0.2168,159,1230.0
2026-09-04,75000,2027-02-10,call,regular,100,0.2176,159,820.0
2026-09-04,52000,2027-03-11,call,regular,560,0.2169,188,13200.0
2026-09-04,52750,2027-03-11,call,regular,8,0.2207,188,12550.0
2026-09-04,53000,2027-03-11,call,regular,275,0.2216,188,12335.0
2026-09-04,53500,2027-03-11,call,regular,202,0.2233,188,11910.0
2026-09-04,53750,2027-03-11,call,regular,44,0.2241,188,11700.0
2026-09-04,54000,2027-03-11,call,regular,267,0.2246,188,11490.0
2026-09-04,55000,2027-03-11,call,regular,550,0.2257,188,10660.0
2026-09-04,56000,2027-03-11,call,regular,50,0.2263,188,9855.0
2026-09-04,56500,2027-03-11,call,regular,1,0.2266,188,9465.0
2026-09-04,57000,2027-03-11,call,regular,365,0.2262,188,9075.0
2026-09-04,58000,2027-03-11,call,regular,150,0.2259,188,8325.0
2026-09-04,59500,2027-03-11,call,regular,200,0.2245,188,7250.0
2026-09-04,59750,2027-03-11,call,regular,2,0.2244,188,7080.0
2026-09-04,60000,2027-03-11,call,regular,12,0.2241,188,6910.0
2026-09-04,60250,2027-03-11,call,regular,44,0.224,188,6745.0
2026-09-04,61000,2027-03-11,call,regular,160,0.2231,188,6255.0
2026-09-04,61750,2027-03-11,call,regular,1,0.2225,188,5790.0
2026-09-04,62500,2027-03-11,call,regular,508,0.2215,188,5340.0
2026-09-04,63000,2027-03-11,call,regular,392,0.221,188,5055.0
2026-09-04,64000,2027-03-11,call,regular,100,0.22,188,4515.0
2026-09-04,64250,2027-03-11,call,regular,100,0.2197,188,4385.0
2026-09-04,65000,2027-03-11,call,regular,801,0.2191,188,4015.0
2026-09-04,66000,2027-03-11,call,regular,872,0.2181,188,3550.0
2026-09-04,66250,2027-03-11,call,regular,15,0.2181,188,3445.0
2026-09-04,66500,2027-03-11,call,regular,6,0.2177,188,3335.0
2026-09-04,67000,2027-03-11,call,regular,200,0.2174,188,3130.0
2026-09-04,68000,2027-03-11,call,regular,650,0.2168,188,2750.0
2026-09-04,69000,2027-03-11,call,regular,350,0.2163,188,2405.0
2026-09-04,69250,2027-03-11,call,regular,10,0.2162,188,2325.0
2026-09-04,70000,2027-03-11,call,regular,666,0.2161,188,2100.0
2026-09-04,70500,2027-03-11,call,regular,150,0.2157,188,1955.0
2026-09-04,71000,2027-03-11,call,regular,100,0.2158,188,1825.0
2026-09-04,72000,2027-03-11,call,regular,650,0.2158,188,1585.0
2026-09-04,72500,2027-03-11,call,regular,85,0.2158,188,1475.0
2026-09-04,73000,2027-03-11,call,regular,400,0.2157,188,1370.0
2026-09-04,73500,2027-03-11,call,regular,1,0.2159,188,1275.0
2026-09-04,74000,2027-03-11,call,regular,3,0.216,188,1185.0
2026-09-04,75000,2027-03-11,call,regular,697,0.2165,188,1025.0
2026-09-04,77500,2027-03-11,call,regular,400,0.2181,188,710.0
2026-09-04,80000,2027-03-11,call,regular,340,0.2207,188,495.0
2026-09-04,82500,2027-03-11,call,regular,737,0.2234,188,345.0
2026-09-04,85000,2027-03-11,call,regular,225,0.2263,188,241.0
2026-09-04,90000,2027-03-11,call,regular,350,0.2331,188,122.0
2026-09-04,95000,2027-03-11,call,regular,500,0.2392,188,62.0
2026-09-04,100000,2027-03-11,call,regular,78,0.2422,188,29.0
2026-09-04,57000,2027-04-08,call,regular,25,0.2089,216,9050.0
2026-09-04,57750,2027-04-08,call,regular,88,0.21,216,8500.0
2026-09-04,65000,2027-04-08,call,regular,88,0.2106,216,4140.0
2026-09-04,67000,2027-04-08,call,regular,25,0.2098,216,3270.0
2026-09-04,60250,2027-05-13,call,regular,8,0.2183,251,7210.0
2026-09-04,61250,2027-05-13,call,regular,23,0.218,251,6595.0
2026-09-04,71000,2027-05-13,call,regular,23,0.2138,251,2350.0
2026-09-04,72000,2027-05-13,call,regular,8,0.2136,251,2085.0
2026-09-04,16250,2027-06-10,call,regular,114,0.2,279,47350.0
2026-09-04,30000,2027-06-10,call,regular,300,0.2,279,33925.0
2026-09-04,33000,2027-06-10,call,regular,50,0.2,279,31025.0
2026-09-04,36000,2027-06-10,call,regular,150,0.2,279,28140.0
2026-09-04,37000,2027-06-10,call,regular,50,0.2,279,27180.0
2026-09-04,37250,2027-06-10,call,regular,480,0.2,279,26940.0
2026-09-04,38500,2027-06-10,call,regular,140,0.2,279,25750.0
2026-09-04,39000,2027-06-10,call,regular,50,0.2,279,25275.0
2026-09-04,44500,2027-06-10,call,regular,300,0.2,279,20120.0
2026-09-04,50000,2027-06-10,call,regular,300,0.2026,279,15210.0
2026-09-04,50500,2027-06-10,call,regular,175,0.2061,279,14780.0
2026-09-04,53000,2027-06-10,call,regular,100,0.2166,279,12705.0
2026-09-04,54000,2027-06-10,call,regular,1050,0.2184,279,11905.0
2026-09-04,55000,2027-06-10,call,regular,300,0.2196,279,11130.0
2026-09-04,56000,2027-06-10,call,regular,175,0.2202,279,10375.0
2026-09-04,57000,2027-06-10,call,regular,50,0.2207,279,9650.0
2026-09-04,58500,2027-06-10,call,regular,58,0.2205,279,8605.0
2026-09-04,60000,2027-06-10,call,regular,750,0.2202,279,7630.0
2026-09-04,62500,2027-06-10,call,regular,150,0.2194,279,6160.0
2026-09-04,63000,2027-06-10,call,regular,100,0.2192,279,5890.0
2026-09-04,64000,2027-06-10,call,regular,350,0.2186,279,5370.0
2026-09-04,65000,2027-06-10,call,regular,500,0.2181,279,4885.0
2026-09-04,65500,2027-06-10,call,regular,62,0.2179,279,4655.0
2026-09-04,66000,2027-06-10,call,regular,300,0.2178,279,4435.0
2026-09-04,66500,2027-06-10,call,regular,125,0.2176,279,4220.0
2026-09-04,67000,2027-06-10,call,regular,770,0.2174,279,4015.0
2026-09-04,67500,2027-06-10,call,regular,400,0.2172,279,3815.0
2026-09-04,68000,2027-06-10,call,regular,400,0.2171,279,3625.0
2026-09-04,68250,2027-06-10,call,regular,15,0.2171,279,3535.0
2026-09-04,68500,2027-06-10,call,regular,206,0.2171,279,3445.0
2026-09-04,69000,2027-06-10,call,regular,1,0.2169,279,3270.0
2026-09-04,69250,2027-06-10,call,regular,36,0.2169,279,3185.0
2026-09-04,69500,2027-06-10,call,regular,62,0.2167,279,3100.0
2026-09-04,70000,2027-06-10,call,regular,450,0.2167,279,2940.0
2026-09-04,71000,2027-06-10,call,regular,100,0.2163,279,2635.0
2026-09-04,72000,2027-06-10,call,regular,400,0.2162,279,2360.0
2026-09-04,74000,2027-06-10,call,regular,850,0.2161,279,1885.0
2026-09-04,75000,2027-06-10,call,regular,745,0.2161,279,1680.0
2026-09-04,77500,2027-06-10,call,regular,536,0.2161,279,1250.0
2026-09-04,80000,2027-06-10,call,regular,715,0.2165,279,925.0
2026-09-04,85000,2027-06-10,call,regular,2292,0.218,279,500.0
2026-09-04,90000,2027-06-10,call,regular,400,0.2208,279,273.0
2026-09-04,65750,2027-07-08,call,regular,20,0.218,307,4790.0
2026-09-04,66750,2027-07-08,call,regular,32,0.2173,307,4355.0
2026-09-04,75000,2027-07-08,call,regular,32,0.2148,307,1850.0
2026-09-04,77000,2027-07-08,call,regular,20,0.2153,307,1490.0
2026-09-04,68000,2027-08-12,call,regular,22,0.22,342,4225.0
2026-09-04,69000,2027-08-12,call,regular,53,0.2192,342,3845.0
2026-09-04,78000,2027-08-12,call,regular,75,0.2171,342,1570.0
2026-09-04,65000,2027-09-09,call,regular,1,0.2235,370,5775.0
2026-09-04,67000,2027-09-09,call,regular,80,0.2216,370,4875.0
2026-09-04,77500,2027-09-09,call,regular,82,0.2189,370,1860.0
2026-09-04,28000,2027-12-09,call,regular,50,0.2,461,35895.0
2026-09-04,30000,2027-12-09,call,regular,225,0.2,461,34000.0
2026-09-04,31500,2027-12-09,call,regular,50,0.2,461,32590.0
2026-09-04,32000,2027-12-09,call,regular,100,0.2,461,32120.0
2026-09-04,33000,2027-12-09,call,regular,100,0.2,461,31180.0
2026-09-04,34000,2027-12-09,call,regular,375,0.2,461,30250.0
2026-09-04,35000,2027-12-09,call,regular,201,0.2,461,29320.0
2026-09-04,36000,2027-12-09,call,regular,80,0.2,461,28395.0
2026-09-04,36750,2027-12-09,call,regular,442,0.2,461,27705.0
2026-09-04,37000,2027-12-09,call,regular,200,0.2,461,27475.0
2026-09-04,38000,2027-12-09,call,regular,575,0.2,461,26560.0
2026-09-04,39000,2027-12-09,call,regular,125,0.2,461,25650.0
2026-09-04,39250,2027-12-09,call,regular,50,0.2,461,25420.0
2026-09-04,39500,2027-12-09,call,regular,50,0.2,461,25195.0
2026-09-04,40000,2027-12-09,call,regular,350,0.2,461,24745.0
2026-09-04,40500,2027-12-09,call,regular,450,0.2,461,24295.0
2026-09-04,41000,2027-12-09,call,regular,375,0.2,461,23850.0
2026-09-04,42000,2027-12-09,call,regular,200,0.1751,461,22960.0
2026-09-04,43000,2027-12-09,call,regular,400,0.2016,461,22075.0
2026-09-04,43500,2027-12-09,call,regular,150,0.2095,461,21640.0
2026-09-04,45000,2027-12-09,call,regular,1950,0.2225,461,20340.0
2026-09-04,46000,2027-12-09,call,regular,500,0.2274,461,19485.0
2026-09-04,48000,2027-12-09,call,regular,225,0.2327,461,17810.0
2026-09-04,49000,2027-12-09,call,regular,700,0.2339,461,16990.0
2026-09-04,50000,2027-12-09,call,regular,1950,0.2349,461,16190.0
2026-09-04,51000,2027-12-09,call,regular,300,0.2351,461,15400.0
2026-09-04,52500,2027-12-09,call,regular,100,0.2347,461,14245.0
2026-09-04,54000,2027-12-09,call,regular,300,0.2339,461,13130.0
2026-09-04,54500,2027-12-09,call,regular,100,0.2336,461,12770.0
2026-09-04,55000,2027-12-09,call,regular,704,0.2331,461,12410.0
2026-09-04,57000,2027-12-09,call,regular,250,0.2314,461,11035.0
2026-09-04,58000,2027-12-09,call,regular,500,0.2302,461,10375.0
2026-09-04,60000,2027-12-09,call,regular,1225,0.2283,461,9135.0
2026-09-04,61000,2027-12-09,call,regular,200,0.2271,461,8545.0
2026-09-04,62000,2027-12-09,call,regular,200,0.2262,461,7985.0
2026-09-04,62500,2027-12-09,call,regular,70,0.2257,461,7715.0
2026-09-04,63000,2027-12-09,call,regular,300,0.2252,461,7450.0
2026-09-04,63500,2027-12-09,call,regular,50,0.2247,461,7190.0
2026-09-04,64000,2027-12-09,call,regular,780,0.2243,461,6940.0
2026-09-04,65000,2027-12-09,call,regular,550,0.2233,461,6450.0
2026-09-04,66000,2027-12-09,call,regular,475,0.2225,461,5990.0
2026-09-04,67000,2027-12-09,call,regular,100,0.2217,461,5555.0
2026-09-04,68000,2027-12-09,call,regular,200,0.2212,461,5150.0
2026-09-04,69000,2027-12-09,call,regular,850,0.2204,461,4760.0
2026-09-04,70000,2027-12-09,call,regular,850,0.2198,461,4400.0
2026-09-04,70500,2027-12-09,call,regular,62,0.2196,461,4230.0
2026-09-04,72000,2027-12-09,call,regular,500,0.219,461,3750.0
2026-09-04,72500,2027-12-09,call,regular,100,0.2188,461,3600.0
2026-09-04,73500,2027-12-09,call,regular,100,0.2184,461,3315.0
2026-09-04,75000,2027-12-09,call,regular,277,0.2181,461,2930.0
2026-09-04,77500,2027-12-09,call,regular,600,0.2182,461,2385.0
2026-09-04,80000,2027-12-09,call,regular,1000,0.2182,461,1930.0
2026-09-04,85000,2027-12-09,call,regular,100,0.2199,461,1280.0
2026-09-04,87500,2027-12-09,call,regular,100,0.2211,461,1045.0
2026-09-04,41500,2028-06-08,call,regular,100,0.2336,643,23960.0
2026-09-04,28000,2028-12-07,call,regular,50,0.2,825,36270.0
2026-09-04,30000,2028-12-07,call,regular,80,0.2,825,34475.0
2026-09-04,31000,2028-12-07,call,regular,200,0.2,825,33585.0
2026-09-04,32000,2028-12-07,call,regular,75,0.2,825,32700.0
2026-09-04,33000,2028-12-07,call,regular,125,0.2,825,31815.0
2026-09-04,34500,2028-12-07,call,regular,330,0.1883,825,30495.0
2026-09-04,34750,2028-12-07,call,regular,100,0.199,825,30280.0
2026-09-04,35500,2028-12-07,call,regular,443,0.2157,825,29625.0
2026-09-04,36000,2028-12-07,call,regular,450,0.2228,825,29190.0
2026-09-04,36500,2028-12-07,call,regular,52,0.2287,825,28760.0
2026-09-04,38000,2028-12-07,call,regular,120,0.2392,825,27470.0
2026-09-04,39000,2028-12-07,call,regular,575,0.2435,825,26620.0
2026-09-04,40000,2028-12-07,call,regular,30,0.2462,825,25775.0
2026-09-04,41000,2028-12-07,call,regular,375,0.248,825,24940.0
2026-09-04,42000,2028-12-07,call,regular,65,0.2492,825,24115.0
2026-09-04,42500,2028-12-07,call,regular,100,0.2495,825,23705.0
2026-09-04,50000,2028-12-07,call,regular,400,0.2452,825,17880.0
2026-09-04,53000,2028-12-07,call,regular,50,0.2418,825,15765.0
2026-09-04,55000,2028-12-07,call,regular,50,0.2394,825,14435.0
2026-09-04,56000,2028-12-07,call,regular,650,0.2384,825,13800.0
2026-09-04,60000,2028-12-07,call,regular,250,0.2342,825,11435.0
2026-09-04,65000,2028-12-07,call,regular,25,0.2301,825,8910.0
2026-09-04,67500,2028-12-07,call,regular,100,0.2288,825,7835.0
2026-09-04,75000,2028-12-07,call,regular,80,0.2262,825,5255.0
2026-09-04,80000,2028-12-07,call,regular,200,0.2256,825,4005.0
2026-09-04,50000,2029-12-13,call,regular,100,0.2481,1196,19365.0
2026-09-04,60000,2029-12-13,call,regular,375,0.2384,1196,13360.0
2026-09-04,65000,2029-12-13,call,regular,50,0.2358,1196,10990.0
2026-09-04,57000,2030-12-12,call,regular,300,0.2473,1560,16725.0
2026-09-04,64000,2030-12-12,call,regular,3,0.2428,1560,13315.0
2026-09-04,61375,2026-09-09,put,mini,318,0.4042,5,179.0
2026-09-04,66250,2026-09-09,put,mini,2,0.4651,5,2225.0
2026-09-04,58375,2026-09-11,put,mini,250,0.4362,7,61.0
2026-09-04,58500,2026-09-11,put,mini,744,0.4341,7,65.0
2026-09-04,58625,2026-09-11,put,mini,3,0.4293,7,67.0
2026-09-04,58750,2026-09-11,put,mini,39,0.4256,7,70.0
2026-09-04,58875,2026-09-11,put,mini,3,0.4228,7,74.0
2026-09-04,59000,2026-09-11,put,mini,624,0.4198,7,78.0
2026-09-04,59125,2026-09-11,put,mini,12,0.4154,7,81.0
2026-09-04,59250,2026-09-11,put,mini,6,0.411,7,84.0
2026-09-04,59375,2026-09-11,put,mini,1,0.4083,7,89.0
2026-09-04,59500,2026-09-11,put,mini,192,0.4073,7,96.0
2026-09-04,59625,2026-09-11,put,mini,3,0.4031,7,100.0
2026-09-04,59750,2026-09-11,put,mini,7,0.3979,7,103.0
2026-09-04,59875,2026-09-11,put,mini,2,0.396,7,110.0
2026-09-04,60000,2026-09-11,put,mini,1189,0.4016,7,127.0
2026-09-04,60250,2026-09-11,put,mini,10,0.3866,7,129.0
2026-09-04,60375,2026-09-11,put,mini,8,0.3842,7,137.0
2026-09-04,60500,2026-09-11,put,mini,183,0.3779,7,140.0
2026-09-04,60625,2026-09-11,put,mini,154,0.3789,7,154.0
2026-09-04,60750,2026-09-11,put,mini,7,0.3761,7,163.0
2026-09-04,60875,2026-09-11,put,mini,2,0.3748,7,175.0
2026-09-04,61000,2026-09-11,put,mini,550,0.3678,7,178.0
2026-09-04,61125,2026-09-11,put,mini,2,0.3704,7,198.0
2026-09-04,61250,2026-09-11,put,mini,37,0.37,7,214.0
2026-09-04,61375,2026-09-11,put,mini,3,0.3661,7,224.0
2026-09-04,61500,2026-09-11,put,mini,200,0.3668,7,244.0
2026-09-04,61625,2026-09-11,put,mini,1,0.3616,7,253.0
2026-09-04,61750,2026-09-11,put,mini,51,0.3609,7,272.0
2026-09-04,61875,2026-09-11,put,mini,3,0.3583,7,288.0
2026-09-04,62000,2026-09-11,put,mini,757,0.358,7,310.0
2026-09-04,62125,2026-09-11,put,mini,1,0.3562,7,330.0
2026-09-04,62250,2026-09-11,put,mini,51,0.356,7,355.0
2026-09-04,62500,2026-09-11,put,mini,629,0.3502,7,395.0
2026-09-04,62625,2026-09-11,put,mini,430,0.3522,7,430.0
2026-09-04,62750,2026-09-11,put,mini,66,0.3536,7,465.0
2026-09-04,62875,2026-09-11,put,mini,1,0.3542,7,500.0
2026-09-04,63000,2026-09-11,put,mini,734,0.3476,7,515.0
2026-09-04,63125,2026-09-11,put,mini,550,0.3472,7,550.0
2026-09-04,63250,2026-09-11,put,mini,69,0.3496,7,595.0
2026-09-04,63375,2026-09-11,put,mini,3,0.3529,7,645.0
2026-09-04,63500,2026-09-11,put,mini,178,0.3461,7,665.0
2026-09-04,63625,2026-09-11,put,mini,1,0.3512,7,725.0
2026-09-04,63750,2026-09-11,put,mini,70,0.3481,7,760.0
2026-09-04,63875,2026-09-11,put,mini,2,0.3578,7,840.0
2026-09-04,64000,2026-09-11,put,mini,354,0.3522,7,870.0
2026-09-04,64125,2026-09-11,put,mini,20,0.3576,7,940.0
2026-09-04,64250,2026-09-11,put,mini,221,0.3609,7,1005.0
2026-09-04,64375,2026-09-11,put,mini,1,0.358,7,1050.0
2026-09-04,64500,2026-09-11,put,mini,234,0.3673,7,1140.0
2026-09-04,64625,2026-09-11,put,mini,1200,0.3675,7,1200.0
2026-09-04,64750,2026-09-11,put,mini,36,0.3672,7,1260.0
2026-09-04,64875,2026-09-11,put,mini,1350,0.3747,7,1350.0
2026-09-04,65000,2026-09-11,put,mini,441,0.3775,7,1425.0
2026-09-04,65125,2026-09-11,put,mini,2,0.3784,7,1495.0
2026-09-04,65250,2026-09-11,put,mini,13,0.3788,7,1565.0
2026-09-04,65375,2026-09-11,put,mini,2,0.3815,7,1645.0
2026-09-04,65500,2026-09-11,put,mini,102,0.388,7,1740.0
2026-09-04,65625,2026-09-11,put,mini,1,0.3897,7,1820.0
2026-09-04,65750,2026-09-11,put,mini,35,0.3939,7,1910.0
2026-09-04,65875,2026-09-11,put,mini,3,0.3977,7,2000.0
2026-09-04,66000,2026-09-11,put,mini,178,0.4068,7,2110.0
2026-09-04,66125,2026-09-11,put,mini,1,0.4084,7,2195.0
2026-09-04,66250,2026-09-11,put,mini,37,0.4139,7,2295.0
2026-09-04,66375,2026-09-11,put,mini,1,0.4206,7,2400.0
2026-09-04,66500,2026-09-11,put,mini,100,0.4194,7,2480.0
2026-09-04,66625,2026-09-11,put,mini,1,0.4331,7,2610.0
2026-09-04,66750,2026-09-11,put,mini,11,0.4374,7,2710.0
2026-09-04,66875,2026-09-11,put,mini,2815,0.4429,7,2815.0
2026-09-04,67000,2026-09-11,put,mini,103,0.4528,7,2935.0
2026-09-04,67125,2026-09-11,put,mini,3035,0.4563,7,3035.0
2026-09-04,67250,2026-09-11,put,mini,5,0.4626,7,3145.0
2026-09-04,67500,2026-09-11,put,mini,27,0.4796,7,3380.0
2026-09-04,67750,2026-09-11,put,mini,15,0.4943,7,3610.0
2026-09-04,67875,2026-09-11,put,mini,3720,0.4997,7,3720.0
2026-09-04,68000,2026-09-11,put,mini,61,0.5065,7,3835.0
2026-09-04,68250,2026-09-11,put,mini,235,0.5233,7,4075.0
2026-09-04,68375,2026-09-11,put,mini,14,0.5316,7,4195.0
2026-09-04,68500,2026-09-11,put,mini,175,0.5396,7,4315.0
2026-09-04,68625,2026-09-11,put,mini,1,0.5476,7,4435.0
2026-09-04,68750,2026-09-11,put,mini,1450,0.5555,7,4555.0
2026-09-04,68875,2026-09-11,put,mini,4675,0.5633,7,4675.0
2026-09-04,69000,2026-09-11,put,mini,733,0.5728,7,4800.0
2026-09-04,69125,2026-09-11,put,mini,4920,0.5804,7,4920.0
2026-09-04,69250,2026-09-11,put,mini,20,0.5897,7,5045.0
2026-09-04,69500,2026-09-11,put,mini,18,0.6063,7,5290.0
2026-09-04,69625,2026-09-11,put,mini,5415,0.6154,7,5415.0
2026-09-04,69750,2026-09-11,put,mini,12,0.6226,7,5535.0
2026-09-04,69875,2026-09-11,put,mini,5660,0.6315,7,5660.0
2026-09-04,70000,2026-09-11,put,mini,17,0.6405,7,5785.0
2026-09-04,70250,2026-09-11,put,mini,45,0.6562,7,6030.0
2026-09-04,70500,2026-09-11,put,mini,64,0.6736,7,6280.0
2026-09-04,71000,2026-09-11,put,mini,6,0.7058,7,6775.0
2026-09-04,71250,2026-09-11,put,mini,5,0.7247,7,7030.0
2026-09-04,71500,2026-09-11,put,mini,9,0.7393,7,7275.0
2026-09-04,71750,2026-09-11,put,mini,746,0.7557,7,7525.0
2026-09-04,72000,2026-09-11,put,mini,10,0.772,7,7775.0
2026-09-04,72250,2026-09-11,put,mini,50,0.7881,7,8025.0
2026-09-04,72375,2026-09-11,put,mini,8150,0.7961,7,8150.0
2026-09-04,72500,2026-09-11,put,mini,20,0.804,7,8275.0
2026-09-04,72750,2026-09-11,put,mini,32,0.8198,7,8525.0
2026-09-04,73000,2026-09-11,put,mini,71,0.8354,7,8775.0
2026-09-04,73250,2026-09-11,put,mini,245,0.8509,7,9025.0
2026-09-04,73500,2026-09-11,put,mini,94,0.8663,7,9275.0
2026-09-04,73750,2026-09-11,put,mini,3,0.8815,7,9525.0
2026-09-04,74000,2026-09-11,put,mini,34,0.8966,7,9775.0
2026-09-04,74250,2026-09-11,put,mini,1,0.9092,7,10020.0
2026-09-04,75000,2026-09-11,put,mini,67,0.9532,7,10770.0
2026-09-04,75250,2026-09-11,put,mini,12,0.9677,7,11020.0
2026-09-04,66250,2026-09-16,put,mini,2,0.3533,12,2460.0
2026-09-04,61375,2026-09-18,put,mini,3,0.3258,14,430.0
2026-09-04,62375,2026-09-18,put,mini,3,0.3257,14,670.0
2026-09-04,62500,2026-09-18,put,mini,26,0.3183,14,675.0
2026-09-04,63000,2026-09-18,put,mini,12,0.3296,14,880.0
2026-09-04,63500,2026-09-18,put,mini,1,0.3254,14,1040.0
2026-09-04,63750,2026-09-18,put,mini,4,0.3247,14,1135.0
2026-09-04,64000,2026-09-18,put,mini,5,0.3228,14,1230.0
2026-09-04,64250,2026-09-18,put,mini,6,0.3217,14,1335.0
2026-09-04,64500,2026-09-18,put,mini,1450,0.3215,14,1450.0
2026-09-04,65500,2026-09-18,put,mini,2,0.3312,14,2025.0
2026-09-04,65750,2026-09-18,put,mini,4,0.338,14,2205.0
2026-09-04,66000,2026-09-18,put,mini,2360,0.3388,14,2360.0
2026-09-04,66250,2026-09-18,put,mini,8,0.3395,14,2520.0
2026-09-04,66500,2026-09-18,put,mini,16,0.3484,14,2725.0
2026-09-04,67000,2026-09-18,put,mini,3115,0.3598,14,3115.0
2026-09-04,68250,2026-09-18,put,mini,4195,0.3993,14,4195.0
2026-09-04,68750,2026-09-18,put,mini,4655,0.4182,14,4655.0
2026-09-04,69250,2026-09-18,put,mini,5105,0.4329,14,5105.0
2026-09-04,63000,2026-09-25,put,mini,1,0.3094,21,1105.0
2026-09-04,63750,2026-09-25,put,mini,4,0.3046,21,1370.0
2026-09-04,66250,2026-09-25,put,mini,8,0.3099,21,2715.0
2026-09-04,66500,2026-09-25,put,mini,4,0.3176,21,2920.0
2026-09-04,63500,2026-10-02,put,mini,4,0.3147,28,1615.0
2026-09-04,58375,2026-10-09,put,mini,70,0.3214,35,455.0
2026-09-04,58500,2026-10-09,put,mini,102,0.3237,35,485.0
2026-09-04,58750,2026-10-09,put,mini,5,0.3233,35,525.0
2026-09-04,59000,2026-10-09,put,mini,104,0.3202,35,555.0
2026-09-04,59125,2026-10-09,put,mini,590,0.3226,35,590.0
2026-09-04,59250,2026-10-09,put,mini,1,0.3168,35,585.0
2026-09-04,59375,2026-10-09,put,mini,2,0.3209,35,630.0
2026-09-04,59500,2026-10-09,put,mini,23,0.3169,35,635.0
2026-09-04,59750,2026-10-09,put,mini,4,0.3128,35,665.0
2026-09-04,59875,2026-10-09,put,mini,1,0.3179,35,720.0
2026-09-04,60000,2026-10-09,put,mini,113,0.312,35,715.0
2026-09-04,60125,2026-10-09,put,mini,1,0.3132,35,750.0
2026-09-04,60500,2026-10-09,put,mini,11,0.3089,35,815.0
2026-09-04,60625,2026-10-09,put,mini,820,0.3045,35,820.0
2026-09-04,60750,2026-10-09,put,mini,1,0.3083,35,875.0
2026-09-04,61000,2026-10-09,put,mini,33,0.3055,35,925.0
2026-09-04,61125,2026-10-09,put,mini,4,0.3064,35,965.0
2026-09-04,61250,2026-10-09,put,mini,3,0.3055,35,995.0
2026-09-04,61375,2026-10-09,put,mini,1030,0.3053,35,1030.0
2026-09-04,61500,2026-10-09,put,mini,6,0.3034,35,1055.0
2026-09-04,61625,2026-10-09,put,mini,1110,0.3059,35,1110.0
2026-09-04,61750,2026-10-09,put,mini,3,0.306,35,1150.0
2026-09-04,61875,2026-10-09,put,mini,1190,0.306,35,1190.0
2026-09-04,62000,2026-10-09,put,mini,78,0.3008,35,1195.0
2026-09-04,62125,2026-10-09,put,mini,1270,0.3055,35,1270.0
2026-09-04,62250,2026-10-09,put,mini,3,0.3036,35,1300.0
2026-09-04,62375,2026-10-09,put,mini,1345,0.3038,35,1345.0
2026-09-04,62500,2026-10-09,put,mini,17,0.3031,35,1385.0
2026-09-04,62750,2026-10-09,put,mini,1035,0.3034,35,1480.0
2026-09-04,62875,2026-10-09,put,mini,1,0.3037,35,1530.0
2026-09-04,63000,2026-10-09,put,mini,54,0.3011,35,1560.0
2026-09-04,63125,2026-10-09,put,mini,1610,0.3011,35,1610.0
2026-09-04,63250,2026-10-09,put,mini,6,0.301,35,1660.0
2026-09-04,63375,2026-10-09,put,mini,1720,0.3021,35,1720.0
2026-09-04,63500,2026-10-09,put,mini,16,0.301,35,1765.0
2026-09-04,63625,2026-10-09,put,mini,2,0.3018,35,1825.0
2026-09-04,63750,2026-10-09,put,mini,230,0.3005,35,1870.0
2026-09-04,63875,2026-10-09,put,mini,2,0.2991,35,1915.0
2026-09-04,64000,2026-10-09,put,mini,131,0.3001,35,1980.0
2026-09-04,64125,2026-10-09,put,mini,1,0.301,35,2045.0
2026-09-04,64250,2026-10-09,put,mini,191,0.3004,35,2100.0
2026-09-04,64375,2026-10-09,put,mini,2175,0.3023,35,2175.0
2026-09-04,64500,2026-10-09,put,mini,121,0.3009,35,2225.0
2026-09-04,64625,2026-10-09,put,mini,1,0.3012,35,2290.0
2026-09-04,64750,2026-10-09,put,mini,85,0.3039,35,2375.0
2026-09-04,64875,2026-10-09,put,mini,3,0.3028,35,2430.0
2026-09-04,65000,2026-10-09,put,mini,35,0.3046,35,2510.0
2026-09-04,65125,2026-10-09,put,mini,2580,0.305,35,2580.0
2026-09-04,65250,2026-10-09,put,mini,37,0.3041,35,2640.0
2026-09-04,65375,2026-10-09,put,mini,1,0.303,35,2700.0
2026-09-04,65500,2026-10-09,put,mini,17,0.3062,35,2795.0
2026-09-04,65625,2026-10-09,put,mini,2870,0.3068,35,2870.0
2026-09-04,65750,2026-10-09,put,mini,1,0.3066,35,2940.0
2026-09-04,65875,2026-10-09,put,mini,3020,0.3076,35,3020.0
2026-09-04,66000,2026-10-09,put,mini,65,0.3103,35,3115.0
2026-09-04,66250,2026-10-09,put,mini,17,0.3129,35,3285.0
2026-09-04,66375,2026-10-09,put,mini,3385,0.3159,35,3385.0
2026-09-04,66500,2026-10-09,put,mini,49,0.3144,35,3450.0
2026-09-04,66625,2026-10-09,put,mini,3535,0.3153,35,3535.0
2026-09-04,66750,2026-10-09,put,mini,18,0.3174,35,3630.0
2026-09-04,67000,2026-10-09,put,mini,47,0.3213,35,3820.0
2026-09-04,67125,2026-10-09,put,mini,1,0.3224,35,3910.0
2026-09-04,67250,2026-10-09,put,mini,59,0.3235,35,4000.0
2026-09-04,67500,2026-10-09,put,mini,114,0.3272,35,4195.0
2026-09-04,68000,2026-10-09,put,mini,7,0.3344,35,4590.0
2026-09-04,68250,2026-10-09,put,mini,493,0.3385,35,4795.0
2026-09-04,68500,2026-10-09,put,mini,307,0.3423,35,5000.0
2026-09-04,68750,2026-10-09,put,mini,2555,0.3465,35,5210.0
2026-09-04,69000,2026-10-09,put,mini,1200,0.3519,35,5430.0
2026-09-04,69250,2026-10-09,put,mini,31,0.3563,35,5645.0
2026-09-04,69500,2026-10-09,put,mini,25,0.3612,35,5865.0
2026-09-04,69750,2026-10-09,put,mini,6,0.3651,35,6080.0
2026-09-04,70000,2026-10-09,put,mini,5,0.3718,35,6315.0
2026-09-04,70500,2026-10-09,put,mini,1,0.3816,35,6765.0
2026-09-04,71000,2026-10-09,put,mini,3,0.393,35,7230.0
2026-09-04,71250,2026-10-09,put,mini,3,0.398,35,7460.0
2026-09-04,71500,2026-10-09,put,mini,7695,0.4038,35,7695.0
2026-09-04,71750,2026-10-09,put,mini,1062,0.4094,35,7930.0
2026-09-04,61500,2026-11-13,put,mini,1,0.2844,70,1735.0
2026-09-04,62000,2026-11-13,put,mini,1,0.2825,70,1900.0
2026-09-04,62375,2026-11-13,put,mini,13,0.2815,70,2035.0
2026-09-04,62500,2026-11-13,put,mini,6,0.281,70,2080.0
2026-09-04,62750,2026-11-13,put,mini,1,0.2807,70,2180.0
2026-09-04,63000,2026-11-13,put,mini,11,0.2797,70,2275.0
2026-09-04,63500,2026-11-13,put,mini,1,0.2764,70,2460.0
2026-09-04,63625,2026-11-13,put,mini,1,0.279,70,2545.0
2026-09-04,64000,2026-11-13,put,mini,12,0.277,70,2700.0
2026-09-04,64375,2026-11-13,put,mini,1,0.2763,70,2875.0
2026-09-04,64500,2026-11-13,call,mini,1,0.2444,70,2950.0
2026-09-04,64750,2026-11-13,call,mini,1,0.2659,70,3070.0
2026-09-04,65000,2026-11-13,call,mini,1,0.2879,70,3200.0
2026-09-04,65250,2026-11-13,call,mini,4,0.3105,70,3340.0
2026-09-04,65375,2026-11-13,call,mini,1,0.3208,70,3400.0
2026-09-04,65500,2026-11-13,call,mini,1,0.3346,70,3500.0
2026-09-04,66000,2026-11-13,call,mini,4,0.3754,70,3745.0
2026-09-04,66375,2026-11-13,call,mini,2,0.4091,70,3970.0
2026-09-04,66500,2026-11-13,call,mini,18,0.4203,70,4045.0
2026-09-04,66750,2026-11-13,call,mini,6,0.4412,70,4180.0
2026-09-04,68000,2026-11-13,call,mini,1,0.5656,70,5100.0
2026-09-04,70000,2026-11-13,call,mini,6635,0.7651,70,6635.0
2026-09-04,71000,2026-11-13,call,mini,1,0.8712,70,7495.0
2026-09-04,72000,2026-11-13,call,mini,5,0.9775,70,8370.0
2026-09-04,66250,2026-09-09,call,mini,2,0.2238,5,203.0
2026-09-04,69000,2026-09-09,call,mini,1,0.2579,5,15.0
2026-09-04,58500,2026-09-11,call,mini,2,0.2,7,5795.0
2026-09-04,58750,2026-09-11,call,mini,5555,0.2,7,5555.0
2026-09-04,59000,2026-09-11,call,mini,3,0.2,7,5315.0
2026-09-04,59250,2026-09-11,call,mini,5070,0.2,7,5070.0
2026-09-04,59375,2026-09-11,call,mini,4955,0.2,7,4955.0
2026-09-04,59500,2026-09-11,call,mini,4830,0.2,7,4830.0
2026-09-04,59750,2026-09-11,call,mini,4600,0.2,7,4600.0
2026-09-04,60000,2026-09-11,call,mini,1,0.2,7,4360.0
2026-09-04,60250,2026-09-11,call,mini,4130,0.2,7,4130.0
2026-09-04,60500,2026-09-11,call,mini,1,0.2,7,3885.0
2026-09-04,61000,2026-09-11,call,mini,3,0.2,7,3440.0
2026-09-04,61250,2026-09-11,call,mini,31,0.2,7,3205.0
2026-09-04,61500,2026-09-11,call,mini,22,0.2,7,2995.0
2026-09-04,61875,2026-09-11,call,mini,2680,0.2,7,2680.0
2026-09-04,62000,2026-09-11,call,mini,7,0.2,7,2565.0
2026-09-04,62250,2026-09-11,call,mini,2,0.2,7,2365.0
2026-09-04,62500,2026-09-11,call,mini,5,0.2,7,2170.0
2026-09-04,62750,2026-09-11,call,mini,29,0.2,7,1970.0
2026-09-04,62875,2026-09-11,call,mini,1890,0.2,7,1890.0
2026-09-04,63000,2026-09-11,call,mini,75,0.2,7,1730.0
2026-09-04,63250,2026-09-11,call,mini,59,0.2,7,1610.0
2026-09-04,63500,2026-09-11,call,mini,33,0.1365,7,1440.0
2026-09-04,63750,2026-09-11,call,mini,325,0.1627,7,1295.0
2026-09-04,63875,2026-09-11,call,mini,3,0.1628,7,1200.0
2026-09-04,64000,2026-09-11,call,mini,268,0.165,7,1115.0
2026-09-04,64250,2026-09-11,call,mini,365,0.1762,7,980.0
2026-09-04,64375,2026-09-11,call,mini,5,0.1773,7,905.0
2026-09-04,64500,2026-09-11,call,mini,209,0.1788,7,835.0
2026-09-04,64625,2026-09-11,call,mini,1,0.1876,7,795.0
2026-09-04,64750,2026-09-11,call,mini,140,0.1895,7,735.0
2026-09-04,65000,2026-09-11,call,mini,289,0.1847,7,595.0
2026-09-04,65125,2026-09-11,call,mini,3,0.1962,7,580.0
2026-09-04,65250,2026-09-11,call,mini,77,0.1984,7,535.0
2026-09-04,65500,2026-09-11,call,mini,185,0.1985,7,440.0
2026-09-04,65625,2026-09-11,call,mini,1,0.2024,7,410.0
2026-09-04,65750,2026-09-11,call,mini,65,0.204,7,375.0
2026-09-04,65875,2026-09-11,call,mini,1,0.2063,7,345.0
2026-09-04,66000,2026-09-11,call,mini,344,0.2019,7,297.0
2026-09-04,66125,2026-09-11,call,mini,3,0.2076,7,282.0
2026-09-04,66250,2026-09-11,call,mini,99,0.2099,7,259.0
2026-09-04,66375,2026-09-11,call,mini,1,0.2047,7,218.0
2026-09-04,66500,2026-09-11,call,mini,281,0.2109,7,209.0
2026-09-04,66625,2026-09-11,call,mini,6,0.2121,7,189.0
2026-09-04,66750,2026-09-11,call,mini,30,0.2135,7,171.0
2026-09-04,66875,2026-09-11,call,mini,156,0.2155,7,156.0
2026-09-04,67000,2026-09-11,call,mini,644,0.2138,7,135.0
2026-09-04,67125,2026-09-11,call,mini,2,0.2164,7,124.0
2026-09-04,67250,2026-09-11,call,mini,64,0.2139,7,105.0
2026-09-04,67375,2026-09-11,call,mini,1,0.2199,7,102.0
2026-09-04,67500,2026-09-11,call,mini,389,0.2168,7,85.0
2026-09-04,67625,2026-09-11,call,mini,81,0.2214,7,81.0
2026-09-04,67750,2026-09-11,call,mini,32,0.2229,7,73.0
2026-09-04,67875,2026-09-11,call,mini,2,0.2253,7,67.0
2026-09-04,68000,2026-09-11,call,mini,493,0.2221,7,55.0
2026-09-04,68125,2026-09-11,call,mini,4,0.2279,7,54.0
2026-09-04,68250,2026-09-11,call,mini,262,0.2277,7,47.0
2026-09-04,68375,2026-09-11,call,mini,44,0.231,7,44.0
2026-09-04,68500,2026-09-11,call,mini,325,0.2258,7,34.0
2026-09-04,68625,2026-09-11,call,mini,3,0.2331,7,35.0
2026-09-04,68750,2026-09-11,call,mini,1739,0.2296,7,28.0
2026-09-04,68875,2026-09-11,call,mini,27,0.234,7,27.0
2026-09-04,69000,2026-09-11,call,mini,1368,0.2316,7,22.0
2026-09-04,69125,2026-09-11,call,mini,3,0.2372,7,22.0
2026-09-04,69250,2026-09-11,call,mini,44,0.2391,7,20.0
2026-09-04,69375,2026-09-11,call,mini,3,0.2406,7,18.0
2026-09-04,69500,2026-09-11,call,mini,147,0.2393,7,15.0
2026-09-04,69625,2026-09-11,call,mini,1,0.2421,7,14.0
2026-09-04,69750,2026-09-11,call,mini,8,0.2473,7,14.0
2026-09-04,69875,2026-09-11,call,mini,1,0.247,7,12.0
2026-09-04,70000,2026-09-11,call,mini,867,0.2458,7,10.0
2026-09-04,70125,2026-09-11,call,mini,4,0.2508,7,10.0
2026-09-04,70250,2026-09-11,call,mini,16,0.2484,7,8.0
2026-09-04,70375,2026-09-11,call,mini,1,0.2532,7,8.0
2026-09-04,70500,2026-09-11,call,mini,152,0.2537,7,7.0
2026-09-04,70625,2026-09-11,call,mini,1,0.2584,7,7.0
2026-09-04,70750,2026-09-11,call,mini,3,0.263,7,7.0
2026-09-04,70875,2026-09-11,call,mini,1,0.2628,7,6.0
2026-09-04,71000,2026-09-11,call,mini,486,0.2617,7,5.0
2026-09-04,71125,2026-09-11,call,mini,2,0.2719,7,6.0
2026-09-04,71250,2026-09-11,call,mini,8,0.2707,7,5.0
2026-09-04,71375,2026-09-11,call,mini,5,0.2751,7,5.0
2026-09-04,71500,2026-09-11,call,mini,144,0.2727,7,4.0
2026-09-04,71625,2026-09-11,call,mini,4,0.277,7,4.0
2026-09-04,71750,2026-09-11,call,mini,417,0.2883,7,5.0
2026-09-04,71875,2026-09-11,call,mini,1,0.2927,7,5.0
2026-09-04,72000,2026-09-11,call,mini,403,0.2813,7,3.0
2026-09-04,72125,2026-09-11,call,mini,4,0.2942,7,4.0
2026-09-04,72250,2026-09-11,call,mini,56,0.2782,7,2.0
2026-09-04,72375,2026-09-11,call,mini,3,0.2937,7,3.0
2026-09-04,72500,2026-09-11,call,mini,100,0.2862,7,2.0
2026-09-04,72625,2026-09-11,call,mini,1,0.3019,7,3.0
2026-09-04,72750,2026-09-11,call,mini,18,0.306,7,3.0
2026-09-04,72875,2026-09-11,call,mini,3,0.3101,7,3.0
2026-09-04,73000,2026-09-11,call,mini,287,0.302,7,2.0
2026-09-04,73125,2026-09-11,call,mini,1,0.3183,7,3.0
2026-09-04,73250,2026-09-11,call,mini,245,0.3098,7,2.0
2026-09-04,73375,2026-09-11,call,mini,3,0.3263,7,3.0
2026-09-04,73500,2026-09-11,call,mini,131,0.3176,7,2.0
2026-09-04,73625,2026-09-11,call,mini,2,0.3215,7,2.0
2026-09-04,73750,2026-09-11,call,mini,9,0.3254,7,2.0
2026-09-04,73875,2026-09-11,call,mini,2,0.3293,7,2.0
2026-09-04,74000,2026-09-11,call,mini,256,0.3132,7,1.0
2026-09-04,74125,2026-09-11,call,mini,1,0.3369,7,2.0
2026-09-04,74250,2026-09-11,call,mini,16,0.3408,7,2.0
2026-09-04,74375,2026-09-11,call,mini,1,0.3446,7,2.0
2026-09-04,74500,2026-09-11,call,mini,48,0.3484,7,2.0
2026-09-04,74625,2026-09-11,call,mini,1,0.3314,7,1.0
2026-09-04,74750,2026-09-11,call,mini,19,0.356,7,2.0
2026-09-04,74875,2026-09-11,call,mini,2,0.3598,7,2.0
2026-09-04,75000,2026-09-11,call,mini,515,0.3422,7,1.0
2026-09-04,75125,2026-09-11,call,mini,1,0.3457,7,1.0
2026-09-04,75250,2026-09-11,call,mini,37,0.3493,7,1.0
2026-09-04,75375,2026-09-11,call,mini,34,0.3528,7,1.0
2026-09-04,66250,2026-09-16,call,mini,2,0.2096,12,450.0
2026-09-04,63750,2026-09-18,call,mini,4,0.193,14,1625.0
2026-09-04,65000,2026-09-18,call,mini,1,0.1967,14,930.0
2026-09-04,65750,2026-09-18,call,mini,4,0.212,14,695.0
2026-09-04,66000,2026-09-18,call,mini,7,0.2102,14,600.0
2026-09-04,66250,2026-09-18,call,mini,8,0.2076,14,510.0
2026-09-04,66500,2026-09-18,call,mini,16,0.2133,14,465.0
2026-09-04,67000,2026-09-18,call,mini,13,0.2172,14,360.0
2026-09-04,67500,2026-09-18,call,mini,3,0.2214,14,278.0
2026-09-04,67750,2026-09-18,call,mini,246,0.2242,14,246.0
2026-09-04,68000,2026-09-18,call,mini,2,0.2233,14,207.0
2026-09-04,68250,2026-09-18,call,mini,185,0.2269,14,185.0
2026-09-04,68750,2026-09-18,call,mini,1,0.2317,14,143.0
2026-09-04,69000,2026-09-18,call,mini,8,0.2338,14,125.0
2026-09-04,70000,2026-09-18,call,mini,1,0.2335,14,61.0
2026-09-04,72000,2026-09-18,call,mini,5,0.2383,14,14.0
2026-09-04,72250,2026-09-18,call,mini,1,0.2401,14,12.0
2026-09-04,63750,2026-09-25,call,mini,4,0.2024,21,1880.0
2026-09-04,66000,2026-09-25,call,mini,825,0.2103,21,825.0
2026-09-04,66250,2026-09-25,call,mini,8,0.2086,21,730.0
2026-09-04,66500,2026-09-25,call,mini,4,0.2137,21,680.0
2026-09-04,63500,2026-10-02,call,mini,4,0.1758,28,2045.0
2026-09-04,58500,2026-10-09,call,mini,20,0.2,35,5900.0
2026-09-04,59000,2026-10-09,call,mini,5475,0.2,35,5475.0
2026-09-04,60000,2026-10-09,call,mini,1,0.2,35,4640.0
2026-09-04,61125,2026-10-09,call,mini,3770,0.1069,35,3770.0
2026-09-04,61250,2026-10-09,call,mini,10,0.1146,35,3665.0
2026-09-04,61500,2026-10-09,call,mini,3490,0.1345,35,3490.0
2026-09-04,61750,2026-10-09,call,mini,3315,0.1458,35,3315.0
2026-09-04,61875,2026-10-09,call,mini,3230,0.1505,35,3230.0
2026-09-04,62000,2026-10-09,call,mini,1,0.1514,35,3130.0
2026-09-04,62250,2026-10-09,call,mini,3,0.1594,35,2970.0
2026-09-04,62500,2026-10-09,call,mini,2805,0.1644,35,2805.0
2026-09-04,62750,2026-10-09,call,mini,1027,0.1693,35,2650.0
2026-09-04,63000,2026-10-09,call,mini,7,0.1706,35,2480.0
2026-09-04,63500,2026-10-09,call,mini,7,0.1777,35,2195.0
2026-09-04,63750,2026-10-09,call,mini,6,0.1779,35,2040.0
2026-09-04,63875,2026-10-09,call,mini,1960,0.1773,35,1960.0
2026-09-04,64000,2026-10-09,call,mini,32,0.1792,35,1900.0
2026-09-04,64250,2026-10-09,call,mini,25,0.1814,35,1775.0
2026-09-04,64375,2026-10-09,call,mini,1720,0.1832,35,1720.0
2026-09-04,64500,2026-10-09,call,mini,9,0.1821,35,1645.0
2026-09-04,64750,2026-10-09,call,mini,10,0.1857,35,1545.0
2026-09-04,65000,2026-10-09,call,mini,13,0.1866,35,1430.0
2026-09-04,65125,2026-10-09,call,mini,2,0.187,35,1375.0
2026-09-04,65250,2026-10-09,call,mini,5,0.186,35,1310.0
2026-09-04,65375,2026-10-09,call,mini,1245,0.1848,35,1245.0
2026-09-04,65500,2026-10-09,call,mini,17,0.1883,35,1220.0
2026-09-04,65625,2026-10-09,call,mini,1165,0.188,35,1165.0
2026-09-04,65750,2026-10-09,call,mini,1,0.188,35,1115.0
2026-09-04,65875,2026-10-09,call,mini,1075,0.1891,35,1075.0
2026-09-04,66000,2026-10-09,call,mini,78,0.1907,35,1040.0
2026-09-04,66125,2026-10-09,call,mini,1,0.1908,35,995.0
2026-09-04,66250,2026-10-09,call,mini,34,0.1914,35,955.0
2026-09-04,66375,2026-10-09,call,mini,930,0.1938,35,930.0
2026-09-04,66500,2026-10-09,call,mini,50,0.192,35,875.0
2026-09-04,66625,2026-10-09,call,mini,1,0.1921,35,835.0
2026-09-04,66750,2026-10-09,call,mini,3,0.1926,35,800.0
2026-09-04,66875,2026-10-09,call,mini,765,0.1929,35,765.0
2026-09-04,67000,2026-10-09,call,mini,56,0.1945,35,740.0
2026-09-04,67125,2026-10-09,call,mini,3,0.1945,35,705.0
2026-09-04,67250,2026-10-09,call,mini,3,0.195,35,675.0
2026-09-04,67500,2026-10-09,call,mini,20,0.1964,35,620.0
2026-09-04,67625,2026-10-09,call,mini,1,0.1949,35,580.0
2026-09-04,67750,2026-10-09,call,mini,5,0.1963,35,560.0
2026-09-04,67875,2026-10-09,call,mini,525,0.1951,35,525.0
2026-09-04,68000,2026-10-09,call,mini,78,0.1978,35,515.0
2026-09-04,68125,2026-10-09,call,mini,495,0.1988,35,495.0
2026-09-04,68250,2026-10-09,call,mini,483,0.1988,35,470.0
2026-09-04,68500,2026-10-09,call,mini,325,0.1992,35,425.0
2026-09-04,68625,2026-10-09,call,mini,2,0.1986,35,400.0
2026-09-04,68750,2026-10-09,call,mini,2654,0.2007,35,390.0
2026-09-04,69000,2026-10-09,call,mini,1292,0.2017,35,355.0
2026-09-04,69125,2026-10-09,call,mini,1,0.2035,35,345.0
2026-09-04,69250,2026-10-09,call,mini,36,0.202,35,320.0
2026-09-04,69375,2026-10-09,call,mini,300,0.2014,35,300.0
2026-09-04,69500,2026-10-09,call,mini,35,0.2026,35,289.0
2026-09-04,69625,2026-10-09,call,mini,1,0.2023,35,272.0
2026-09-04,69750,2026-10-09,call,mini,2,0.2016,35,254.0
2026-09-04,69875,2026-10-09,call,mini,251,0.2043,35,251.0
2026-09-04,70000,2026-10-09,call,mini,165,0.2028,35,231.0
2026-09-04,70125,2026-10-09,call,mini,1,0.2056,35,229.0
2026-09-04,70250,2026-10-09,call,mini,9,0.2048,35,213.0
2026-09-04,70375,2026-10-09,call,mini,2,0.2056,35,204.0
2026-09-04,70500,2026-10-09,call,mini,25,0.2058,35,193.0
2026-09-04,70625,2026-10-09,call,mini,3,0.2069,35,186.0
2026-09-04,70750,2026-10-09,call,mini,6,0.2065,35,174.0
2026-09-04,71000,2026-10-09,call,mini,75,0.207,35,156.0
2026-09-04,71125,2026-10-09,call,mini,2,0.2067,35,146.0
2026-09-04,71250,2026-10-09,call,mini,3,0.2065,35,137.0
2026-09-04,71500,2026-10-09,call,mini,29,0.2076,35,124.0
2026-09-04,71750,2026-10-09,call,mini,1813,0.2078,35,110.0
2026-09-04,72000,2026-10-09,call,mini,224,0.2091,35,100.0
2026-09-04,72125,2026-10-09,call,mini,92,0.2082,35,92.0
2026-09-04,72250,2026-10-09,call,mini,18,0.209,35,88.0
2026-09-04,62500,2026-11-13,call,mini,2,0.1997,70,3605.0
2026-09-04,63000,2026-11-13,call,mini,6,0.2008,70,3300.0
2026-09-04,63500,2026-11-13,call,mini,12,0.2015,70,3010.0
2026-09-04,64000,2026-11-13,call,mini,9,0.2011,70,2725.0
2026-09-04,64500,2026-11-13,call,mini,1,0.2,70,2450.0
2026-09-04,65000,2026-11-13,call,mini,7,0.2018,70,2225.0
2026-09-04,65250,2026-11-13,call,mini,12,0.2024,70,2115.0
2026-09-04,65500,2026-11-13,call,mini,4,0.2043,70,2025.0
2026-09-04,66000,2026-11-13,call,mini,25,0.2009,70,1775.0
2026-09-04,66250,2026-11-13,call,mini,6,0.2004,70,1670.0
2026-09-04,66500,2026-11-13,call,mini,5,0.2008,70,1580.0
2026-09-04,66625,2026-11-13,call,mini,1,0.2,70,1525.0
2026-09-04,66750,2026-11-13,call,mini,1,0.1986,70,1465.0
2026-09-04,67000,2026-11-13,call,mini,17,0.2043,70,1440.0
2026-09-04,67250,2026-11-13,call,mini,1,0.2023,70,1335.0
2026-09-04,67500,2026-11-13,call,mini,4,0.2033,70,1265.0
2026-09-04,68000,2026-11-13,call,mini,25,0.2051,70,1135.0
2026-09-04,68500,2026-11-13,call,mini,5,0.2067,70,1015.0
2026-09-04,68750,2026-11-13,call,mini,1,0.2065,70,950.0
2026-09-04,69000,2026-11-13,call,mini,10,0.206,70,885.0
2026-09-04,69250,2026-11-13,call,mini,1,0.205,70,820.0
2026-09-04,69500,2026-11-13,call,mini,2,0.2043,70,760.0
2026-09-04,69750,2026-11-13,call,mini,3,0.2032,70,700.0
2026-09-04,70000,2026-11-13,call,mini,24,0.2059,70,675.0
2026-09-04,70125,2026-11-13,call,mini,1,0.2038,70,635.0
2026-09-04,70500,2026-11-13,call,mini,600,0.2076,70,600.0
2026-09-04,71000,2026-11-13,call,mini,7,0.2103,70,540.0
2026-09-04,71500,2026-11-13,call,mini,2,0.2098,70,465.0
2026-09-04,71750,2026-11-13,call,mini,2,0.2117,70,445.0
2026-09-04,72000,2026-11-13,call,mini,39,0.2119,70,415.0
2026-09-04,72125,2026-11-13,call,mini,2,0.2119,70,400.0
2026-09-04,72250,2026-11-13,call,mini,4,0.2101,70,375.0
