date,strike,expiry,type,product,oi,iv,days_to_expiry,settlement
2026-09-03,20000,2026-09-10,put,regular,1549,2.4669,7,1.0
2026-09-03,21000,2026-09-10,put,regular,343,2.3665,7,1.0
2026-09-03,22000,2026-09-10,put,regular,485,2.2708,7,1.0
2026-09-03,23000,2026-09-10,put,regular,296,2.1795,7,1.0
2026-09-03,24000,2026-09-10,put,regular,151,2.092,7,1.0
2026-09-03,25000,2026-09-10,put,regular,3940,2.0082,7,1.0
2026-09-03,26000,2026-09-10,put,regular,228,1.9276,7,1.0
2026-09-03,27000,2026-09-10,put,regular,203,1.8501,7,1.0
2026-09-03,27250,2026-09-10,put,regular,11,1.8312,7,1.0
2026-09-03,27500,2026-09-10,put,regular,21,1.8125,7,1.0
2026-09-03,27750,2026-09-10,put,regular,8,1.7939,7,1.0
2026-09-03,28000,2026-09-10,put,regular,87,1.7754,7,1.0
2026-09-03,28250,2026-09-10,put,regular,2,1.7572,7,1.0
2026-09-03,28500,2026-09-10,put,regular,10,1.7391,7,1.0
2026-09-03,28750,2026-09-10,put,regular,68,1.7211,7,1.0
2026-09-03,29000,2026-09-10,put,regular,89,1.7034,7,1.0
2026-09-03,29250,2026-09-10,put,regular,3,1.6857,7,1.0
2026-09-03,29500,2026-09-10,put,regular,30,1.6682,7,1.0
2026-09-03,29750,2026-09-10,put,regular,11,1.6509,7,1.0
2026-09-03,30000,2026-09-10,put,regular,6460,1.6337,7,1.0
2026-09-03,30250,2026-09-10,put,regular,1,1.6166,7,1.0
2026-09-03,30500,2026-09-10,put,regular,86,1.5997,7,1.0
2026-09-03,30750,2026-09-10,put,regular,8,1.5829,7,1.0
2026-09-03,31000,2026-09-10,put,regular,211,1.5663,7,1.0
2026-09-03,31250,2026-09-10,put,regular,1,1.5498,7,1.0
2026-09-03,31500,2026-09-10,put,regular,12,1.5334,7,1.0
2026-09-03,31750,2026-09-10,put,regular,14,1.5171,7,1.0
2026-09-03,32000,2026-09-10,put,regular,179,1.501,7,1.0
2026-09-03,32250,2026-09-10,put,regular,4,1.4849,7,1.0
2026-09-03,32500,2026-09-10,put,regular,34,1.469,7,1.0
2026-09-03,32750,2026-09-10,put,regular,9,1.4533,7,1.0
2026-09-03,33000,2026-09-10,put,regular,511,1.4376,7,1.0
2026-09-03,33250,2026-09-10,put,regular,1,1.4221,7,1.0
2026-09-03,33500,2026-09-10,put,regular,21,1.4066,7,1.0
2026-09-03,33750,2026-09-10,put,regular,4,1.3913,7,1.0
2026-09-03,34000,2026-09-10,put,regular,180,1.3761,7,1.0
2026-09-03,34250,2026-09-10,put,regular,2,1.361,7,1.0
2026-09-03,34500,2026-09-10,put,regular,35,1.346,7,1.0
2026-09-03,34750,2026-09-10,put,regular,69,1.3311,7,1.0
2026-09-03,35000,2026-09-10,put,regular,3917,1.3163,7,1.0
2026-09-03,35250,2026-09-10,put,regular,8,1.3017,7,1.0
2026-09-03,35500,2026-09-10,put,regular,20,1.2871,7,1.0
2026-09-03,35750,2026-09-10,put,regular,52,1.2726,7,1.0
2026-09-03,36000,2026-09-10,put,regular,286,1.2582,7,1.0
2026-09-03,36250,2026-09-10,put,regular,5,1.2439,7,1.0
2026-09-03,36500,2026-09-10,put,regular,46,1.2297,7,1.0
2026-09-03,36750,2026-09-10,put,regular,69,1.2156,7,1.0
2026-09-03,37000,2026-09-10,put,regular,600,1.2016,7,1.0
2026-09-03,37250,2026-09-10,put,regular,1,1.1876,7,1.0
2026-09-03,37500,2026-09-10,put,regular,20,1.1738,7,1.0
2026-09-03,37750,2026-09-10,put,regular,6,1.1601,7,1.0
2026-09-03,38000,2026-09-10,put,regular,968,1.1464,7,1.0
2026-09-03,38250,2026-09-10,put,regular,21,1.1328,7,1.0
2026-09-03,38500,2026-09-10,put,regular,328,1.181,7,2.0
2026-09-03,38750,2026-09-10,put,regular,14,1.1059,7,1.0
2026-09-03,39000,2026-09-10,put,regular,194,1.153,7,2.0
2026-09-03,39250,2026-09-10,put,regular,165,1.0793,7,1.0
2026-09-03,39500,2026-09-10,put,regular,309,1.0662,7,1.0
2026-09-03,39750,2026-09-10,put,regular,10,1.0531,7,1.0
2026-09-03,40000,2026-09-10,put,regular,4938,1.0978,7,2.0
2026-09-03,40250,2026-09-10,put,regular,19,1.0271,7,1.0
2026-09-03,40500,2026-09-10,put,regular,181,1.0707,7,2.0
2026-09-03,40750,2026-09-10,put,regular,49,1.094,7,3.0
2026-09-03,41000,2026-09-10,put,regular,1002,1.0802,7,3.0
2026-09-03,41250,2026-09-10,put,regular,34,1.0307,7,2.0
2026-09-03,41500,2026-09-10,put,regular,68,1.0174,7,2.0
2026-09-03,41750,2026-09-10,put,regular,17,1.0394,7,3.0
2026-09-03,42000,2026-09-10,put,regular,2193,1.0259,7,3.0
2026-09-03,42250,2026-09-10,put,regular,22,1.0125,7,3.0
2026-09-03,42500,2026-09-10,put,regular,59,0.9992,7,3.0
2026-09-03,42750,2026-09-10,put,regular,20,0.9525,7,2.0
2026-09-03,43000,2026-09-10,put,regular,1223,0.9981,7,4.0
2026-09-03,43250,2026-09-10,put,regular,60,0.9847,7,4.0
2026-09-03,43500,2026-09-10,put,regular,887,0.9713,7,4.0
2026-09-03,43750,2026-09-10,put,regular,16,0.9581,7,4.0
2026-09-03,44000,2026-09-10,put,regular,1433,0.9648,7,5.0
2026-09-03,44250,2026-09-10,put,regular,33,0.9317,7,4.0
2026-09-03,44500,2026-09-10,put,regular,213,0.938,7,5.0
2026-09-03,44750,2026-09-10,put,regular,39,0.9056,7,4.0
2026-09-03,45000,2026-09-10,put,regular,2580,0.9116,7,5.0
2026-09-03,45250,2026-09-10,put,regular,105,0.8985,7,5.0
2026-09-03,45500,2026-09-10,put,regular,160,0.9013,7,6.0
2026-09-03,45750,2026-09-10,put,regular,60,0.8724,7,5.0
2026-09-03,46000,2026-09-10,put,regular,1929,0.8749,7,6.0
2026-09-03,46250,2026-09-10,put,regular,66,0.8618,7,6.0
2026-09-03,46500,2026-09-10,put,regular,407,0.8621,7,7.0
2026-09-03,46750,2026-09-10,put,regular,61,0.8489,7,7.0
2026-09-03,47000,2026-09-10,put,regular,1206,0.8475,7,8.0
2026-09-03,47250,2026-09-10,put,regular,224,0.8228,7,7.0
2026-09-03,47500,2026-09-10,put,regular,1035,0.8212,7,8.0
2026-09-03,47750,2026-09-10,put,regular,117,0.8183,7,9.0
2026-09-03,48000,2026-09-10,put,regular,2958,0.8051,7,9.0
2026-09-03,48250,2026-09-10,put,regular,124,0.792,7,9.0
2026-09-03,48500,2026-09-10,put,regular,761,0.788,7,10.0
2026-09-03,48750,2026-09-10,put,regular,151,0.7749,7,10.0
2026-09-03,49000,2026-09-10,put,regular,2208,0.7776,7,12.0
2026-09-03,49250,2026-09-10,put,regular,216,0.7568,7,11.0
2026-09-03,49500,2026-09-10,put,regular,256,0.7511,7,12.0
2026-09-03,49750,2026-09-10,put,regular,151,0.738,7,12.0
2026-09-03,50000,2026-09-10,put,regular,10161,0.7381,7,14.0
2026-09-03,50250,2026-09-10,put,regular,85,0.7248,7,14.0
2026-09-03,50500,2026-09-10,put,regular,1432,0.7116,7,14.0
2026-09-03,50750,2026-09-10,put,regular,175,0.7043,7,15.0
2026-09-03,51000,2026-09-10,put,regular,1468,0.6911,7,15.0
2026-09-03,51250,2026-09-10,put,regular,218,0.6885,7,17.0
2026-09-03,51500,2026-09-10,put,regular,277,0.6753,7,17.0
2026-09-03,51750,2026-09-10,put,regular,54,0.6668,7,18.0
2026-09-03,52000,2026-09-10,put,regular,2422,0.6581,7,19.0
2026-09-03,52250,2026-09-10,put,regular,64,0.6448,7,19.0
2026-09-03,52500,2026-09-10,put,regular,619,0.6358,7,20.0
2026-09-03,52750,2026-09-10,put,regular,37,0.6304,7,22.0
2026-09-03,53000,2026-09-10,put,regular,2502,0.617,7,22.0
2026-09-03,53250,2026-09-10,put,regular,41,0.6108,7,24.0
2026-09-03,53500,2026-09-10,put,regular,985,0.6008,7,25.0
2026-09-03,53750,2026-09-10,put,regular,85,0.5905,7,26.0
2026-09-03,54000,2026-09-10,put,regular,2861,0.5831,7,28.0
2026-09-03,54250,2026-09-10,put,regular,109,0.5725,7,29.0
2026-09-03,54500,2026-09-10,put,regular,691,0.5644,7,31.0
2026-09-03,54750,2026-09-10,put,regular,270,0.5558,7,33.0
2026-09-03,55000,2026-09-10,put,regular,5501,0.5445,7,34.0
2026-09-03,55250,2026-09-10,put,regular,20,0.54,7,38.0
2026-09-03,55500,2026-09-10,put,regular,761,0.5238,7,37.0
2026-09-03,55750,2026-09-10,put,regular,22,0.5224,7,43.0
2026-09-03,56000,2026-09-10,put,regular,2213,0.5102,7,44.0
2026-09-03,56250,2026-09-10,put,regular,42,0.4998,7,46.0
2026-09-03,56500,2026-09-10,put,regular,1751,0.4908,7,49.0
2026-09-03,56750,2026-09-10,put,regular,207,0.4847,7,54.0
2026-09-03,57000,2026-09-10,put,regular,3966,0.4763,7,58.0
2026-09-03,57250,2026-09-10,put,regular,179,0.4659,7,61.0
2026-09-03,57500,2026-09-10,put,regular,668,0.458,7,66.0
2026-09-03,57750,2026-09-10,put,regular,102,0.4481,7,70.0
2026-09-03,58000,2026-09-10,put,regular,2599,0.4414,7,77.0
2026-09-03,58250,2026-09-10,put,regular,276,0.4338,7,84.0
2026-09-03,58375,2026-09-10,put,regular,6,0.4293,7,87.0
2026-09-03,58500,2026-09-10,put,regular,2641,0.4266,7,92.0
2026-09-03,58625,2026-09-10,put,regular,5,0.4217,7,95.0
2026-09-03,58750,2026-09-10,put,regular,103,0.4185,7,100.0
2026-09-03,58875,2026-09-10,put,regular,19,0.4142,7,104.0
2026-09-03,59000,2026-09-10,put,regular,3215,0.4088,7,107.0
2026-09-03,59125,2026-09-10,put,regular,24,0.4067,7,114.0
2026-09-03,59250,2026-09-10,put,regular,123,0.4026,7,119.0
2026-09-03,59375,2026-09-10,put,regular,17,0.3992,7,125.0
2026-09-03,59500,2026-09-10,put,regular,932,0.3977,7,134.0
2026-09-03,59625,2026-09-10,put,regular,2,0.3848,7,128.0
2026-09-03,59750,2026-09-10,put,regular,95,0.3894,7,146.0
2026-09-03,59875,2026-09-10,put,regular,23,0.3869,7,155.0
2026-09-03,60000,2026-09-10,put,regular,9768,0.386,7,167.0
2026-09-03,60125,2026-09-10,put,regular,3,0.3784,7,169.0
2026-09-03,60250,2026-09-10,put,regular,97,0.3781,7,183.0
2026-09-03,60375,2026-09-10,put,regular,19,0.3708,7,186.0
2026-09-03,60500,2026-09-10,put,regular,2147,0.3652,7,192.0
2026-09-03,60625,2026-09-10,put,regular,12,0.3692,7,216.0
2026-09-03,60750,2026-09-10,put,regular,170,0.3661,7,228.0
2026-09-03,60875,2026-09-10,put,regular,67,0.3545,7,224.0
2026-09-03,61000,2026-09-10,put,regular,2499,0.3574,7,249.0
2026-09-03,61125,2026-09-10,put,regular,36,0.3524,7,259.0
2026-09-03,61250,2026-09-10,put,regular,80,0.3544,7,285.0
2026-09-03,61375,2026-09-10,put,regular,2,0.3478,7,293.0
2026-09-03,61500,2026-09-10,put,regular,1656,0.3491,7,320.0
2026-09-03,61625,2026-09-10,put,regular,16,0.3428,7,330.0
2026-09-03,61750,2026-09-10,put,regular,253,0.3422,7,355.0
2026-09-03,61875,2026-09-10,put,regular,61,0.3392,7,375.0
2026-09-03,62000,2026-09-10,put,regular,3564,0.3413,7,410.0
2026-09-03,62125,2026-09-10,put,regular,14,0.3336,7,420.0
2026-09-03,62250,2026-09-10,put,regular,162,0.3328,7,450.0
2026-09-03,62375,2026-09-10,put,regular,268,0.328,7,470.0
2026-09-03,62500,2026-09-10,put,regular,965,0.3279,7,505.0
2026-09-03,62625,2026-09-10,put,regular,93,0.3206,7,520.0
2026-09-03,62750,2026-09-10,put,regular,765,0.321,7,560.0
2026-09-03,62875,2026-09-10,put,regular,40,0.316,7,585.0
2026-09-03,63000,2026-09-10,put,regular,3201,0.3075,7,600.0
2026-09-03,63125,2026-09-10,put,regular,108,0.314,7,665.0
2026-09-03,63250,2026-09-10,put,regular,64,0.309,7,695.0
2026-09-03,63375,2026-09-10,put,regular,61,0.308,7,740.0
2026-09-03,63500,2026-09-10,put,regular,664,0.3079,7,790.0
2026-09-03,63625,2026-09-10,put,regular,40,0.2984,7,810.0
2026-09-03,63750,2026-09-10,put,regular,59,0.297,7,860.0
2026-09-03,63875,2026-09-10,put,regular,49,0.295,7,910.0
2026-09-03,64000,2026-09-10,put,regular,3723,0.2994,7,985.0
2026-09-03,64125,2026-09-10,put,regular,28,0.2904,7,1015.0
2026-09-03,64250,2026-09-10,put,regular,42,0.2893,7,1075.0
2026-09-03,64375,2026-09-10,put,regular,49,0.2846,7,1125.0
2026-09-03,64500,2026-09-10,put,regular,651,0.2905,7,1215.0
2026-09-03,64625,2026-09-10,put,regular,66,0.273,7,1225.0
2026-09-03,64750,2026-09-10,put,regular,500,0.2732,7,1300.0
2026-09-03,64875,2026-09-10,put,regular,12,0.2668,7,1355.0
2026-09-03,65000,2026-09-10,put,regular,4133,0.267,7,1435.0
2026-09-03,65125,2026-09-10,put,regular,34,0.2649,7,1510.0
2026-09-03,65250,2026-09-10,put,regular,100,0.2604,7,1580.0
2026-09-03,65375,2026-09-10,put,regular,31,0.2581,7,1660.0
2026-09-03,65500,2026-09-10,put,regular,531,0.2599,7,1755.0
2026-09-03,65625,2026-09-10,put,regular,27,0.2525,7,1825.0
2026-09-03,65750,2026-09-10,put,regular,697,0.2491,7,1910.0
2026-09-03,65875,2026-09-10,put,regular,1,0.2446,7,1995.0
2026-09-03,66000,2026-09-10,put,regular,2376,0.2388,7,2080.0
2026-09-03,66125,2026-09-10,put,regular,6,0.2358,7,2175.0
2026-09-03,66250,2026-09-10,put,regular,65,0.2316,7,2270.0
2026-09-03,66375,2026-09-10,put,regular,5,0.2259,7,2365.0
2026-09-03,66500,2026-09-10,put,regular,2013,0.221,7,2465.0
2026-09-03,66625,2026-09-10,put,regular,24,0.2111,7,2560.0
2026-09-03,66750,2026-09-10,put,regular,151,0.2011,7,2660.0
2026-09-03,67000,2026-09-10,put,regular,2362,0.1678,7,2865.0
2026-09-03,67125,2026-09-10,put,regular,2,0.1535,7,2980.0
2026-09-03,67250,2026-09-10,put,regular,15,0.2,7,3080.0
2026-09-03,67500,2026-09-10,put,regular,553,0.2,7,3300.0
2026-09-03,67625,2026-09-10,put,regular,1,0.2,7,3410.0
2026-09-03,67750,2026-09-10,put,regular,260,0.2,7,3520.0
2026-09-03,68000,2026-09-10,put,regular,2137,0.2,7,3780.0
2026-09-03,68250,2026-09-10,put,regular,109,0.2,7,3985.0
2026-09-03,68375,2026-09-10,put,regular,1,0.2,7,4100.0
2026-09-03,68500,2026-09-10,put,regular,170,0.2,7,4220.0
2026-09-03,68750,2026-09-10,put,regular,69,0.2,7,4455.0
2026-09-03,69000,2026-09-10,put,regular,1120,0.2,7,4695.0
2026-09-03,69250,2026-09-10,put,regular,1,0.2,7,4940.0
2026-09-03,69500,2026-09-10,put,regular,8,0.2,7,5180.0
2026-09-03,70000,2026-09-10,put,regular,1483,0.2,7,5670.0
2026-09-03,70500,2026-09-10,put,regular,2,0.2,7,6165.0
2026-09-03,71000,2026-09-10,put,regular,100,0.2,7,6660.0
2026-09-03,71250,2026-09-10,put,regular,1,0.2,7,6910.0
2026-09-03,73000,2026-09-10,put,regular,3,0.2,7,8655.0
2026-09-03,77500,2026-09-10,put,regular,4,0.2,7,13150.0
2026-09-03,78000,2026-09-10,put,regular,1,0.2,7,13650.0
2026-09-03,80000,2026-09-10,put,regular,1,0.2,7,15650.0
2026-09-03,85000,2026-09-10,put,regular,5,0.2,7,20650.0
2026-09-03,20000,2026-10-08,put,regular,533,1.1033,35,1.0
2026-09-03,22500,2026-10-08,put,regular,24,0.995,35,1.0
2026-09-03,25000,2026-10-08,put,regular,1467,0.9453,35,2.0
2026-09-03,26000,2026-10-08,put,regular,25,0.9075,35,2.0
2026-09-03,27000,2026-10-08,put,regular,25,0.9547,35,6.0
2026-09-03,28000,2026-10-08,put,regular,15,0.9166,35,6.0
2026-09-03,29000,2026-10-08,put,regular,11,0.9034,35,8.0
2026-09-03,30000,2026-10-08,put,regular,3433,0.867,35,8.0
2026-09-03,31000,2026-10-08,put,regular,4,0.8411,35,9.0
2026-09-03,32000,2026-10-08,put,regular,26,0.815,35,10.0
2026-09-03,33000,2026-10-08,put,regular,1655,0.7956,35,12.0
2026-09-03,34000,2026-10-08,put,regular,4,0.7802,35,15.0
2026-09-03,35000,2026-10-08,put,regular,1980,0.7523,35,16.0
2026-09-03,36000,2026-10-08,put,regular,28,0.7419,35,21.0
2026-09-03,37000,2026-10-08,put,regular,170,0.7133,35,22.0
2026-09-03,38000,2026-10-08,put,regular,13,0.6851,35,23.0
2026-09-03,39000,2026-10-08,put,regular,104,0.6636,35,26.0
2026-09-03,40000,2026-10-08,put,regular,4162,0.6492,35,32.0
2026-09-03,41000,2026-10-08,put,regular,110,0.6232,35,34.0
2026-09-03,42000,2026-10-08,put,regular,139,0.6076,35,41.0
2026-09-03,42750,2026-10-08,put,regular,31,0.5923,35,45.0
2026-09-03,43000,2026-10-08,put,regular,148,0.5864,35,46.0
2026-09-03,43250,2026-10-08,put,regular,15,0.5823,35,48.0
2026-09-03,43500,2026-10-08,put,regular,15,0.5764,35,49.0
2026-09-03,43750,2026-10-08,put,regular,12,0.572,35,51.0
2026-09-03,44000,2026-10-08,put,regular,233,0.5645,35,51.0
2026-09-03,44250,2026-10-08,put,regular,36,0.5615,35,54.0
2026-09-03,44500,2026-10-08,put,regular,1,0.5555,35,55.0
2026-09-03,44750,2026-10-08,put,regular,37,0.5522,35,58.0
2026-09-03,45000,2026-10-08,put,regular,1193,0.5461,35,59.0
2026-09-03,45250,2026-10-08,put,regular,28,0.5425,35,62.0
2026-09-03,45500,2026-10-08,put,regular,209,0.5376,35,64.0
2026-09-03,45750,2026-10-08,put,regular,43,0.5338,35,67.0
2026-09-03,46000,2026-10-08,put,regular,356,0.5275,35,68.0
2026-09-03,46250,2026-10-08,put,regular,13,0.5223,35,70.0
2026-09-03,46500,2026-10-08,put,regular,157,0.517,35,72.0
2026-09-03,46750,2026-10-08,put,regular,131,0.5117,35,74.0
2026-09-03,47000,2026-10-08,put,regular,284,0.5074,35,77.0
2026-09-03,47250,2026-10-08,put,regular,26,0.502,35,79.0
2026-09-03,47500,2026-10-08,put,regular,30,0.4985,35,83.0
2026-09-03,47750,2026-10-08,put,regular,40,0.491,35,83.0
2026-09-03,48000,2026-10-08,put,regular,745,0.4873,35,87.0
2026-09-03,48250,2026-10-08,put,regular,51,0.4816,35,89.0
2026-09-03,48500,2026-10-08,put,regular,199,0.4785,35,94.0
2026-09-03,48750,2026-10-08,put,regular,24,0.4727,35,96.0
2026-09-03,49000,2026-10-08,put,regular,244,0.4685,35,100.0
2026-09-03,49250,2026-10-08,put,regular,75,0.4633,35,103.0
2026-09-03,49500,2026-10-08,put,regular,202,0.4566,35,104.0
2026-09-03,49750,2026-10-08,put,regular,58,0.4528,35,109.0
2026-09-03,50000,2026-10-08,put,regular,1046,0.4496,35,115.0
2026-09-03,50250,2026-10-08,put,regular,65,0.4455,35,120.0
2026-09-03,50500,2026-10-08,put,regular,406,0.4393,35,122.0
2026-09-03,50750,2026-10-08,put,regular,50,0.4323,35,123.0
2026-09-03,51000,2026-10-08,put,regular,398,0.428,35,128.0
2026-09-03,51250,2026-10-08,put,regular,83,0.4235,35,133.0
2026-09-03,51500,2026-10-08,put,regular,413,0.4189,35,138.0
2026-09-03,51750,2026-10-08,put,regular,73,0.4141,35,143.0
2026-09-03,52000,2026-10-08,put,regular,1310,0.4126,35,154.0
2026-09-03,52250,2026-10-08,put,regular,45,0.4064,35,157.0
2026-09-03,52500,2026-10-08,put,regular,260,0.4043,35,168.0
2026-09-03,52750,2026-10-08,put,regular,68,0.3985,35,172.0
2026-09-03,53000,2026-10-08,put,regular,1403,0.395,35,181.0
2026-09-03,53250,2026-10-08,put,regular,51,0.389,35,185.0
2026-09-03,53500,2026-10-08,put,regular,339,0.3891,35,203.0
2026-09-03,53750,2026-10-08,put,regular,16,0.3862,35,215.0
2026-09-03,54000,2026-10-08,put,regular,743,0.3782,35,215.0
2026-09-03,54250,2026-10-08,put,regular,59,0.3768,35,232.0
2026-09-03,54500,2026-10-08,put,regular,1548,0.3736,35,245.0
2026-09-03,54750,2026-10-08,put,regular,19,0.3698,35,257.0
2026-09-03,55000,2026-10-08,put,regular,2915,0.3633,35,262.0
2026-09-03,55250,2026-10-08,put,regular,47,0.3625,35,284.0
2026-09-03,55500,2026-10-08,put,regular,252,0.3535,35,282.0
2026-09-03,55750,2026-10-08,put,regular,40,0.3555,35,315.0
2026-09-03,56000,2026-10-08,put,regular,757,0.35,35,325.0
2026-09-03,56250,2026-10-08,put,regular,45,0.3487,35,350.0
2026-09-03,56500,2026-10-08,put,regular,404,0.3442,35,365.0
2026-09-03,56750,2026-10-08,put,regular,89,0.3408,35,385.0
2026-09-03,57000,2026-10-08,put,regular,746,0.3345,35,395.0
2026-09-03,57250,2026-10-08,put,regular,83,0.3344,35,430.0
2026-09-03,57500,2026-10-08,put,regular,303,0.3313,35,455.0
2026-09-03,57750,2026-10-08,put,regular,70,0.3268,35,475.0
2026-09-03,58000,2026-10-08,put,regular,2074,0.3209,35,490.0
2026-09-03,58250,2026-10-08,put,regular,114,0.3213,35,535.0
2026-09-03,58375,2026-10-08,put,regular,463,0.3187,35,545.0
2026-09-03,58500,2026-10-08,put,regular,161,0.318,35,565.0
2026-09-03,58625,2026-10-08,put,regular,20,0.3142,35,570.0
2026-09-03,58750,2026-10-08,put,regular,32,0.3154,35,600.0
2026-09-03,58875,2026-10-08,put,regular,2,0.3125,35,610.0
2026-09-03,59000,2026-10-08,put,regular,456,0.3124,35,635.0
2026-09-03,59125,2026-10-08,put,regular,63,0.3103,35,650.0
2026-09-03,59250,2026-10-08,put,regular,141,0.309,35,670.0
2026-09-03,59375,2026-10-08,put,regular,3,0.3095,35,700.0
2026-09-03,59500,2026-10-08,put,regular,51,0.308,35,720.0
2026-09-03,59625,2026-10-08,put,regular,17,0.3046,35,730.0
2026-09-03,59750,2026-10-08,put,regular,14,0.3039,35,755.0
2026-09-03,59875,2026-10-08,put,regular,21,0.3012,35,770.0
2026-09-03,60000,2026-10-08,put,regular,3091,0.3019,35,805.0
2026-09-03,60125,2026-10-08,put,regular,5,0.2991,35,820.0
2026-09-03,60250,2026-10-08,put,regular,21,0.2987,35,850.0
2026-09-03,60375,2026-10-08,put,regular,878,0.2941,35,855.0
2026-09-03,60500,2026-10-08,put,regular,221,0.2967,35,905.0
2026-09-03,60625,2026-10-08,put,regular,3,0.2935,35,920.0
2026-09-03,60750,2026-10-08,put,regular,51,0.2934,35,955.0
2026-09-03,60875,2026-10-08,put,regular,4,0.2939,35,995.0
2026-09-03,61000,2026-10-08,put,regular,888,0.2928,35,1025.0
2026-09-03,61125,2026-10-08,put,regular,14,0.2892,35,1040.0
2026-09-03,61250,2026-10-08,put,regular,106,0.2894,35,1080.0
2026-09-03,61375,2026-10-08,put,regular,109,0.2901,35,1125.0
2026-09-03,61500,2026-10-08,put,regular,5,0.2877,35,1150.0
2026-09-03,61625,2026-10-08,put,regular,104,0.2859,35,1180.0
2026-09-03,61750,2026-10-08,put,regular,63,0.2876,35,1235.0
2026-09-03,61875,2026-10-08,put,regular,22,0.2842,35,1255.0
2026-09-03,62000,2026-10-08,put,regular,1145,0.2842,35,1300.0
2026-09-03,62250,2026-10-08,put,regular,63,0.2831,35,1385.0
2026-09-03,62375,2026-10-08,put,regular,6,0.2799,35,1410.0
2026-09-03,62500,2026-10-08,put,regular,652,0.2767,35,1435.0
2026-09-03,62625,2026-10-08,put,regular,130,0.2787,35,1500.0
2026-09-03,62750,2026-10-08,put,regular,40,0.2785,35,1550.0
2026-09-03,62875,2026-10-08,put,regular,6,0.2769,35,1590.0
2026-09-03,63000,2026-10-08,put,regular,626,0.2803,35,1670.0
2026-09-03,63250,2026-10-08,put,regular,110,0.2757,35,1745.0
2026-09-03,63375,2026-10-08,put,regular,237,0.2742,35,1790.0
2026-09-03,63500,2026-10-08,put,regular,32,0.2744,35,1850.0
2026-09-03,63625,2026-10-08,put,regular,11460000,0.2739,35,1905.0
2026-09-03,63750,2026-10-08,put,regular,20,0.2732,35,1960.0
2026-09-03,63875,2026-10-08,put,regular,55,0.2724,35,2015.0
2026-09-03,64000,2026-10-08,put,regular,1588,0.2734,35,2085.0
2026-09-03,64250,2026-10-08,put,regular,104,0.2716,35,2200.0
2026-09-03,64500,2026-10-08,put,regular,460,0.27,35,2320.0
2026-09-03,64750,2026-10-08,put,regular,4,0.2671,35,2435.0
2026-09-03,65000,2026-10-08,put,regular,1747,0.2668,35,2575.0
2026-09-03,65250,2026-10-08,put,regular,9,0.2659,35,2715.0
2026-09-03,65375,2026-10-08,put,regular,231,0.2614,35,2755.0
2026-09-03,65500,2026-10-08,put,regular,141,0.2631,35,2845.0
2026-09-03,65750,2026-10-08,put,regular,51,0.261,35,2985.0
2026-09-03,66000,2026-10-08,put,regular,1044,0.2583,35,3125.0
2026-09-03,66500,2026-10-08,put,regular,93,0.2562,35,3445.0
2026-09-03,67000,2026-10-08,put,regular,511,0.2558,35,3795.0
2026-09-03,67500,2026-10-08,put,regular,38,0.2553,35,4160.0
2026-09-03,67625,2026-10-08,put,regular,6,0.2562,35,4260.0
2026-09-03,67750,2026-10-08,put,regular,9,0.2538,35,4340.0
2026-09-03,68000,2026-10-08,put,regular,541,0.254,35,4535.0
2026-09-03,68500,2026-10-08,put,regular,3,0.2535,35,4930.0
2026-09-03,69000,2026-10-08,put,regular,210,0.2544,35,5345.0
2026-09-03,70000,2026-10-08,put,regular,101,0.2546,35,6200.0
2026-09-03,72500,2026-10-08,put,regular,1,0.2618,35,8500.0
2026-09-03,73000,2026-10-08,put,regular,14,0.263,35,8975.0
2026-09-03,79000,2026-10-08,put,regular,1,0.324,35,14890.0
2026-09-03,85000,2026-10-08,put,regular,26,0.3904,35,20870.0
2026-09-03,20000,2026-11-12,put,regular,65,0.898,70,6.0
2026-09-03,25000,2026-11-12,put,regular,99,0.7815,70,12.0
2026-09-03,27000,2026-11-12,put,regular,6,0.7147,70,11.0
2026-09-03,28000,2026-11-12,put,regular,26,0.6978,70,13.0
2026-09-03,29000,2026-11-12,put,regular,304,0.6588,70,11.0
2026-09-03,30000,2026-11-12,put,regular,1613,0.6867,70,24.0
2026-09-03,35000,2026-11-12,put,regular,635,0.5993,70,44.0
2026-09-03,37000,2026-11-12,put,regular,2,0.5507,70,45.0
2026-09-03,38000,2026-11-12,put,regular,3,0.5487,70,61.0
2026-09-03,39000,2026-11-12,put,regular,100,0.5335,70,69.0
2026-09-03,40000,2026-11-12,put,regular,106,0.5215,70,81.0
2026-09-03,41000,2026-11-12,put,regular,106,0.5088,70,94.0
2026-09-03,42000,2026-11-12,put,regular,352,0.4956,70,108.0
2026-09-03,43000,2026-11-12,put,regular,259,0.4818,70,123.0
2026-09-03,44000,2026-11-12,put,regular,104,0.4622,70,130.0
2026-09-03,44500,2026-11-12,put,regular,1,0.4556,70,139.0
2026-09-03,44750,2026-11-12,put,regular,6,0.4524,70,144.0
2026-09-03,45000,2026-11-12,put,regular,812,0.447,70,145.0
2026-09-03,45250,2026-11-12,put,regular,3,0.4443,70,151.0
2026-09-03,45500,2026-11-12,put,regular,4,0.442,70,158.0
2026-09-03,45750,2026-11-12,put,regular,2,0.438,70,162.0
2026-09-03,46000,2026-11-12,put,regular,128,0.4345,70,167.0
2026-09-03,46250,2026-11-12,put,regular,4,0.4295,70,169.0
2026-09-03,46500,2026-11-12,put,regular,3,0.4318,70,187.0
2026-09-03,46750,2026-11-12,put,regular,4,0.4284,70,193.0
2026-09-03,47000,2026-11-12,put,regular,105,0.4224,70,193.0
2026-09-03,47250,2026-11-12,put,regular,31,0.4214,70,205.0
2026-09-03,47500,2026-11-12,put,regular,130,0.4162,70,207.0
2026-09-03,47750,2026-11-12,put,regular,78,0.4102,70,207.0
2026-09-03,48000,2026-11-12,put,regular,163,0.4085,70,218.0
2026-09-03,48250,2026-11-12,put,regular,3,0.4058,70,227.0
2026-09-03,48500,2026-11-12,put,regular,3,0.4005,70,229.0
2026-09-03,48750,2026-11-12,put,regular,127,0.3991,70,242.0
2026-09-03,49000,2026-11-12,put,regular,214,0.3934,70,243.0
2026-09-03,49250,2026-11-12,put,regular,99,0.3901,70,251.0
2026-09-03,49500,2026-11-12,put,regular,232,0.3863,70,258.0
2026-09-03,49750,2026-11-12,put,regular,31,0.3825,70,265.0
2026-09-03,50000,2026-11-12,put,regular,451,0.3809,70,279.0
2026-09-03,50250,2026-11-12,put,regular,62,0.3757,70,282.0
2026-09-03,50500,2026-11-12,put,regular,144,0.374,70,297.0
2026-09-03,50750,2026-11-12,put,regular,66,0.3682,70,298.0
2026-09-03,51000,2026-11-12,put,regular,611,0.3654,70,310.0
2026-09-03,51250,2026-11-12,put,regular,10,0.3688,70,345.0
2026-09-03,51500,2026-11-12,put,regular,356,0.3638,70,350.0
2026-09-03,51750,2026-11-12,put,regular,17,0.3601,70,360.0
2026-09-03,52000,2026-11-12,put,regular,1683,0.3551,70,365.0
2026-09-03,52250,2026-11-12,put,regular,8,0.3536,70,385.0
2026-09-03,52500,2026-11-12,put,regular,362,0.3485,70,390.0
2026-09-03,52750,2026-11-12,put,regular,16,0.3468,70,410.0
2026-09-03,53000,2026-11-12,put,regular,167,0.3437,70,425.0
2026-09-03,53250,2026-11-12,put,regular,18,0.3395,70,435.0
2026-09-03,53500,2026-11-12,put,regular,401,0.3363,70,450.0
2026-09-03,53750,2026-11-12,put,regular,40,0.3339,70,470.0
2026-09-03,54000,2026-11-12,put,regular,630,0.3314,70,490.0
2026-09-03,54250,2026-11-12,put,regular,16,0.3288,70,510.0
2026-09-03,54500,2026-11-12,put,regular,1001,0.326,70,530.0
2026-09-03,54750,2026-11-12,put,regular,10,0.323,70,550.0
2026-09-03,55000,2026-11-12,put,regular,52,0.3217,70,580.0
2026-09-03,55250,2026-11-12,put,regular,30,0.3193,70,605.0
2026-09-03,55500,2026-11-12,put,regular,154,0.3158,70,625.0
2026-09-03,55750,2026-11-12,put,regular,34,0.3131,70,650.0
2026-09-03,56000,2026-11-12,put,regular,714,0.3126,70,690.0
2026-09-03,56250,2026-11-12,put,regular,15,0.3087,70,710.0
2026-09-03,56500,2026-11-12,put,regular,53,0.307,70,745.0
2026-09-03,56750,2026-11-12,put,regular,29,0.3035,70,770.0
2026-09-03,57000,2026-11-12,put,regular,615,0.3014,70,805.0
2026-09-03,57250,2026-11-12,put,regular,66,0.2956,70,815.0
2026-09-03,57500,2026-11-12,put,regular,424,0.2966,70,875.0
2026-09-03,57750,2026-11-12,put,regular,12,0.2978,70,940.0
2026-09-03,58000,2026-11-12,put,regular,482,0.2929,70,960.0
2026-09-03,58250,2026-11-12,put,regular,63,0.2904,70,1000.0
2026-09-03,58500,2026-11-12,put,regular,162,0.284,70,1010.0
2026-09-03,59000,2026-11-12,put,regular,242,0.2846,70,1145.0
2026-09-03,59500,2026-11-12,put,regular,1959,0.2812,70,1255.0
2026-09-03,59750,2026-11-12,put,regular,1,0.2796,70,1315.0
2026-09-03,60000,2026-11-12,put,regular,607,0.2789,70,1385.0
2026-09-03,60500,2026-11-12,put,regular,103,0.2745,70,1505.0
2026-09-03,60750,2026-11-12,put,regular,28,0.273,70,1575.0
2026-09-03,61000,2026-11-12,put,regular,521,0.2717,70,1650.0
2026-09-03,61250,2026-11-12,put,regular,14,0.2711,70,1735.0
2026-09-03,61500,2026-11-12,put,regular,18,0.2692,70,1810.0
2026-09-03,62000,2026-11-12,put,regular,1295,0.2666,70,1980.0
2026-09-03,62500,2026-11-12,put,regular,147,0.2648,70,2170.0
2026-09-03,63000,2026-11-12,put,regular,550,0.2626,70,2370.0
2026-09-03,64000,2026-11-12,put,regular,626,0.2576,70,2800.0
2026-09-03,64500,2026-11-12,put,regular,300,0.2537,70,3020.0
2026-09-03,65000,2026-11-12,put,regular,1001,0.2517,70,3275.0
2026-09-03,65500,2026-11-12,put,regular,100,0.2502,70,3550.0
2026-09-03,66000,2026-11-12,put,regular,1420,0.2485,70,3835.0
2026-09-03,66500,2026-11-12,put,regular,239,0.2482,70,4150.0
2026-09-03,67000,2026-11-12,put,regular,870,0.2467,70,4465.0
2026-09-03,67500,2026-11-12,put,regular,4,0.2458,70,4800.0
2026-09-03,68375,2026-11-12,put,regular,16,0.2442,70,5415.0
2026-09-03,68500,2026-11-12,put,regular,478,0.2445,70,5510.0
2026-09-03,69000,2026-11-12,put,regular,450,0.2441,70,5885.0
2026-09-03,69500,2026-11-12,put,regular,1,0.243,70,6265.0
2026-09-03,70000,2026-11-12,put,regular,460,0.2425,70,6660.0
2026-09-03,70750,2026-11-12,put,regular,160,0.243,70,7280.0
2026-09-03,72500,2026-11-12,put,regular,330,0.2428,70,8785.0
2026-09-03,79500,2026-11-12,put,regular,2,0.2638,70,15435.0
2026-09-03,12500,2026-12-10,put,regular,771,1.0211,98,4.0
2026-09-03,13000,2026-12-10,put,regular,4,0.9739,98,3.0
2026-09-03,13500,2026-12-10,put,regular,100,0.8766,98,1.0
2026-09-03,14000,2026-12-10,put,regular,11,0.9005,98,2.0
2026-09-03,14500,2026-12-10,put,regular,1,0.837,98,1.0
2026-09-03,14750,2026-12-10,put,regular,1,0.8275,98,1.0
2026-09-03,15000,2026-12-10,put,regular,5,0.8603,98,2.0
2026-09-03,16000,2026-12-10,put,regular,3,0.7825,98,1.0
2026-09-03,16500,2026-12-10,put,regular,1,0.7655,98,1.0
2026-09-03,17000,2026-12-10,put,regular,3,0.749,98,1.0
2026-09-03,18000,2026-12-10,put,regular,153,0.7546,98,2.0
2026-09-03,19000,2026-12-10,put,regular,650,0.6877,98,1.0
2026-09-03,20000,2026-12-10,put,regular,2373,0.8025,98,11.0
2026-09-03,20250,2026-12-10,put,regular,3,0.6865,98,2.0
2026-09-03,21000,2026-12-10,put,regular,350,0.6655,98,2.0
2026-09-03,21500,2026-12-10,put,regular,500,0.673,98,3.0
2026-09-03,22000,2026-12-10,put,regular,1716,0.6751,98,4.0
2026-09-03,22500,2026-12-10,put,regular,150,0.6741,98,5.0
2026-09-03,23000,2026-12-10,put,regular,2106,0.6805,98,7.0
2026-09-03,23500,2026-12-10,put,regular,127,0.6751,98,8.0
2026-09-03,24000,2026-12-10,put,regular,405,0.6756,98,10.0
2026-09-03,24500,2026-12-10,put,regular,250,0.6682,98,11.0
2026-09-03,24750,2026-12-10,put,regular,1,0.6672,98,12.0
2026-09-03,25000,2026-12-10,put,regular,2314,0.6276,98,7.0
2026-09-03,25250,2026-12-10,put,regular,1,0.6289,98,8.0
2026-09-03,25500,2026-12-10,put,regular,2,0.6226,98,8.0
2026-09-03,26000,2026-12-10,put,regular,1425,0.6232,98,10.0
2026-09-03,26500,2026-12-10,put,regular,1,0.6217,98,12.0
2026-09-03,27000,2026-12-10,put,regular,2630,0.6188,98,14.0
2026-09-03,27500,2026-12-10,put,regular,25,0.6148,98,16.0
2026-09-03,27750,2026-12-10,put,regular,72,0.6125,98,17.0
2026-09-03,28000,2026-12-10,put,regular,1327,0.6101,98,18.0
2026-09-03,28500,2026-12-10,put,regular,400,0.6079,98,21.0
2026-09-03,29000,2026-12-10,put,regular,1450,0.5822,98,17.0
2026-09-03,30000,2026-12-10,put,regular,5596,0.5955,98,30.0
2026-09-03,30500,2026-12-10,put,regular,51,0.5659,98,23.0
2026-09-03,31000,2026-12-10,put,regular,2037,0.5597,98,25.0
2026-09-03,31500,2026-12-10,put,regular,350,0.5554,98,28.0
2026-09-03,32000,2026-12-10,put,regular,4655,0.5506,98,31.0
2026-09-03,32250,2026-12-10,put,regular,600,0.549,98,33.0
2026-09-03,32500,2026-12-10,put,regular,901,0.5453,98,34.0
2026-09-03,33000,2026-12-10,put,regular,3362,0.5448,98,40.0
2026-09-03,33250,2026-12-10,put,regular,37,0.5391,98,40.0
2026-09-03,33500,2026-12-10,put,regular,72,0.5351,98,41.0
2026-09-03,34000,2026-12-10,put,regular,2820,0.5302,98,45.0
2026-09-03,34500,2026-12-10,put,regular,560,0.5248,98,49.0
2026-09-03,34750,2026-12-10,put,regular,1,0.522,98,51.0
2026-09-03,35000,2026-12-10,put,regular,4837,0.5446,98,75.0
2026-09-03,36000,2026-12-10,put,regular,2905,0.5044,98,59.0
2026-09-03,36500,2026-12-10,put,regular,225,0.4991,98,64.0
2026-09-03,36750,2026-12-10,put,regular,400,0.5212,98,93.0
2026-09-03,37000,2026-12-10,put,regular,2535,0.518,98,96.0
2026-09-03,37500,2026-12-10,put,regular,188,0.5107,98,101.0
2026-09-03,37750,2026-12-10,put,regular,100,0.5067,98,103.0
2026-09-03,38000,2026-12-10,put,regular,2686,0.5033,98,106.0
2026-09-03,38500,2026-12-10,put,regular,1150,0.4958,98,111.0
2026-09-03,38750,2026-12-10,put,regular,50,0.4923,98,114.0
2026-09-03,39000,2026-12-10,put,regular,2405,0.4888,98,117.0
2026-09-03,39250,2026-12-10,put,regular,650,0.4853,98,120.0
2026-09-03,39500,2026-12-10,put,regular,1008,0.4817,98,123.0
2026-09-03,40000,2026-12-10,put,regular,5330,0.4744,98,129.0
2026-09-03,40250,2026-12-10,put,regular,5,0.4714,98,133.0
2026-09-03,40500,2026-12-10,put,regular,1399,0.4682,98,137.0
2026-09-03,41000,2026-12-10,put,regular,1827,0.4612,98,144.0
2026-09-03,41250,2026-12-10,put,regular,3,0.4574,98,147.0
2026-09-03,41500,2026-12-10,put,regular,101,0.4541,98,151.0
2026-09-03,42000,2026-12-10,put,regular,3699,0.4474,98,159.0
2026-09-03,42500,2026-12-10,put,regular,300,0.4405,98,167.0
2026-09-03,43000,2026-12-10,put,regular,1782,0.4338,98,176.0
2026-09-03,43500,2026-12-10,put,regular,100,0.4275,98,186.0
2026-09-03,43750,2026-12-10,put,regular,9,0.4242,98,191.0
2026-09-03,44000,2026-12-10,put,regular,2800,0.4209,98,196.0
2026-09-03,45000,2026-12-10,put,regular,2725,0.408,98,218.0
2026-09-03,45250,2026-12-10,put,regular,51,0.4049,98,224.0
2026-09-03,45500,2026-12-10,put,regular,350,0.4017,98,230.0
2026-09-03,46000,2026-12-10,put,regular,3857,0.3954,98,243.0
2026-09-03,47000,2026-12-10,put,regular,2846,0.3835,98,273.0
2026-09-03,47500,2026-12-10,put,regular,1119,0.3775,98,289.0
2026-09-03,48000,2026-12-10,put,regular,4124,0.3739,98,315.0
2026-09-03,48250,2026-12-10,put,regular,1,0.3711,98,325.0
2026-09-03,48500,2026-12-10,put,regular,301,0.367,98,330.0
2026-09-03,48750,2026-12-10,put,regular,1,0.3654,98,345.0
2026-09-03,49000,2026-12-10,put,regular,3178,0.3612,98,350.0
2026-09-03,49250,2026-12-10,put,regular,201,0.3593,98,365.0
2026-09-03,49500,2026-12-10,put,regular,2717,0.3596,98,390.0
2026-09-03,49750,2026-12-10,put,regular,71,0.3542,98,390.0
2026-09-03,50000,2026-12-10,put,regular,6697,0.3498,98,395.0
2026-09-03,50250,2026-12-10,put,regular,16,0.3497,98,420.0
2026-09-03,50500,2026-12-10,put,regular,686,0.3473,98,435.0
2026-09-03,50750,2026-12-10,put,regular,45,0.3428,98,440.0
2026-09-03,51000,2026-12-10,put,regular,1565,0.3382,98,445.0
2026-09-03,51250,2026-12-10,put,regular,2,0.3395,98,480.0
2026-09-03,51500,2026-12-10,put,regular,20,0.3367,98,495.0
2026-09-03,52000,2026-12-10,put,regular,2765,0.3309,98,525.0
2026-09-03,52250,2026-12-10,put,regular,525,0.3288,98,545.0
2026-09-03,52500,2026-12-10,put,regular,560,0.324,98,550.0
2026-09-03,53000,2026-12-10,put,regular,1538,0.3208,98,600.0
2026-09-03,53250,2026-12-10,put,regular,186,0.3182,98,620.0
2026-09-03,53500,2026-12-10,put,regular,205,0.3155,98,640.0
2026-09-03,53750,2026-12-10,put,regular,4,0.3127,98,660.0
2026-09-03,54000,2026-12-10,put,regular,2699,0.3106,98,685.0
2026-09-03,54500,2026-12-10,put,regular,440,0.3059,98,735.0
2026-09-03,54750,2026-12-10,put,regular,15,0.3027,98,755.0
2026-09-03,55000,2026-12-10,put,regular,4834,0.3027,98,800.0
2026-09-03,55500,2026-12-10,put,regular,100,0.2995,98,870.0
2026-09-03,56000,2026-12-10,put,regular,2678,0.2939,98,925.0
2026-09-03,56500,2026-12-10,put,regular,171,0.2913,98,1010.0
2026-09-03,57000,2026-12-10,put,regular,2381,0.288,98,1095.0
2026-09-03,57500,2026-12-10,put,regular,850,0.2815,98,1155.0
2026-09-03,58000,2026-12-10,put,regular,1957,0.277,98,1240.0
2026-09-03,58250,2026-12-10,put,regular,5,0.2758,98,1295.0
2026-09-03,58500,2026-12-10,put,regular,850,0.2744,98,1350.0
2026-09-03,59000,2026-12-10,put,regular,2405,0.272,98,1470.0
2026-09-03,59250,2026-12-10,put,regular,60,0.27,98,1525.0
2026-09-03,59500,2026-12-10,put,regular,250,0.2688,98,1590.0
2026-09-03,60000,2026-12-10,put,regular,10204,0.2675,98,1740.0
2026-09-03,60250,2026-12-10,put,regular,36,0.2666,98,1815.0
2026-09-03,60500,2026-12-10,put,regular,200,0.265,98,1885.0
2026-09-03,61000,2026-12-10,put,regular,1435,0.262,98,2035.0
2026-09-03,61500,2026-12-10,put,regular,1,0.2591,98,2195.0
2026-09-03,62000,2026-12-10,put,regular,2610,0.2566,98,2370.0
2026-09-03,62250,2026-12-10,put,regular,250,0.2557,98,2465.0
2026-09-03,62500,2026-12-10,put,regular,1087,0.2545,98,2560.0
2026-09-03,63000,2026-12-10,put,regular,2051,0.2522,98,2760.0
2026-09-03,63500,2026-12-10,put,regular,300,0.2502,98,2975.0
2026-09-03,63750,2026-12-10,put,regular,23,0.2495,98,3090.0
2026-09-03,64000,2026-12-10,put,regular,1956,0.2485,98,3205.0
2026-09-03,65000,2026-12-10,put,regular,3975,0.245,98,3700.0
2026-09-03,65500,2026-12-10,put,regular,580,0.2436,98,3970.0
2026-09-03,66000,2026-12-10,put,regular,906,0.2394,98,4215.0
2026-09-03,66500,2026-12-10,put,regular,700,0.2376,98,4505.0
2026-09-03,67000,2026-12-10,put,regular,1530,0.2369,98,4820.0
2026-09-03,67250,2026-12-10,put,regular,25,0.236,98,4975.0
2026-09-03,67500,2026-12-10,put,regular,25,0.2349,98,5130.0
2026-09-03,68000,2026-12-10,put,regular,1900,0.2335,98,5460.0
2026-09-03,68500,2026-12-10,put,regular,203,0.2324,98,5805.0
2026-09-03,68750,2026-12-10,put,regular,100,0.2313,98,5975.0
2026-09-03,69000,2026-12-10,put,regular,1570,0.2304,98,6150.0
2026-09-03,70000,2026-12-10,put,regular,1653,0.2298,98,6910.0
2026-09-03,71000,2026-12-10,put,regular,31,0.2275,98,7690.0
2026-09-03,72000,2026-12-10,put,regular,120,0.2257,98,8510.0
2026-09-03,72500,2026-12-10,put,regular,420,0.224,98,8925.0
2026-09-03,74000,2026-12-10,put,regular,100,0.2208,98,10230.0
2026-09-03,76000,2026-12-10,put,regular,300,0.2149,98,12045.0
2026-09-03,80000,2026-12-10,put,regular,3700,0.2,98,15850.0
2026-09-03,44000,2027-01-07,put,regular,331,0.3748,126,206.0
2026-09-03,45000,2027-01-07,put,regular,1000,0.365,126,234.0
2026-09-03,47000,2027-01-07,put,regular,98,0.3587,126,355.0
2026-09-03,48000,2027-01-07,put,regular,200,0.3488,126,400.0
2026-09-03,50000,2027-01-07,put,regular,115,0.3297,126,510.0
2026-09-03,52000,2027-01-07,put,regular,300,0.3049,126,610.0
2026-09-03,52500,2027-01-07,put,regular,20,0.3011,126,655.0
2026-09-03,57000,2027-01-07,put,regular,60,0.2713,126,1275.0
2026-09-03,58000,2027-01-07,put,regular,57,0.2656,126,1480.0
2026-09-03,60000,2027-01-07,put,regular,86,0.2553,126,1990.0
2026-09-03,60500,2027-01-07,put,regular,42,0.2573,126,2200.0
2026-09-03,61000,2027-01-07,put,regular,1,0.2549,126,2360.0
2026-09-03,61500,2027-01-07,put,regular,50,0.2526,126,2530.0
2026-09-03,64000,2027-01-07,put,regular,100,0.243,126,3560.0
2026-09-03,65000,2027-01-07,put,regular,3,0.2399,126,4055.0
2026-09-03,65500,2027-01-07,put,regular,1,0.2384,126,4320.0
2026-09-03,65750,2027-01-07,put,regular,1,0.2376,126,4455.0
2026-09-03,66000,2027-01-07,put,regular,50,0.2369,126,4595.0
2026-09-03,66500,2027-01-07,put,regular,3,0.2298,126,4800.0
2026-09-03,67000,2027-01-07,put,regular,2,0.2278,126,5090.0
2026-09-03,67500,2027-01-07,put,regular,1,0.2267,126,5405.0
2026-09-03,67750,2027-01-07,put,regular,1,0.226,126,5565.0
2026-09-03,45000,2027-02-10,put,regular,300,0.3506,160,340.0
2026-09-03,47000,2027-02-10,put,regular,125,0.3331,160,430.0
2026-09-03,57500,2027-02-10,put,regular,100,0.2652,160,1720.0
2026-09-03,65000,2027-02-10,put,regular,275,0.2373,160,4465.0
2026-09-03,67000,2027-02-10,put,regular,2,0.2266,160,5490.0
2026-09-03,67250,2027-02-10,put,regular,12,0.226,160,5640.0
2026-09-03,20000,2027-03-11,put,regular,15,0.6139,189,20.0
2026-09-03,29000,2027-03-11,put,regular,1,0.496,189,69.0
2026-09-03,30000,2027-03-11,put,regular,2,0.4856,189,79.0
2026-09-03,33000,2027-03-11,put,regular,113,0.4531,189,113.0
2026-09-03,35000,2027-03-11,put,regular,600,0.4319,189,141.0
2026-09-03,37000,2027-03-11,put,regular,500,0.4114,189,175.0
2026-09-03,38000,2027-03-11,put,regular,315,0.4016,189,195.0
2026-09-03,40000,2027-03-11,put,regular,1171,0.3818,189,240.0
2026-09-03,41000,2027-03-11,put,regular,250,0.3725,189,267.0
2026-09-03,42000,2027-03-11,put,regular,549,0.3635,189,298.0
2026-09-03,42500,2027-03-11,put,regular,200,0.3591,189,315.0
2026-09-03,43000,2027-03-11,put,regular,114,0.3552,189,335.0
2026-09-03,43500,2027-03-11,put,regular,66,0.3511,189,355.0
2026-09-03,43750,2027-03-11,put,regular,12,0.349,189,365.0
2026-09-03,44000,2027-03-11,put,regular,275,0.3468,189,375.0
2026-09-03,45000,2027-03-11,put,regular,1709,0.3376,189,415.0
2026-09-03,46000,2027-03-11,put,regular,116,0.3296,189,465.0
2026-09-03,47000,2027-03-11,put,regular,950,0.3222,189,525.0
2026-09-03,48000,2027-03-11,put,regular,399,0.3147,189,590.0
2026-09-03,48500,2027-03-11,put,regular,51,0.3109,189,625.0
2026-09-03,49000,2027-03-11,put,regular,100,0.3075,189,665.0
2026-09-03,50000,2027-03-11,put,regular,1350,0.3005,189,750.0
2026-09-03,50250,2027-03-11,put,regular,112,0.299,189,775.0
2026-09-03,51000,2027-03-11,put,regular,24,0.2941,189,850.0
2026-09-03,51250,2027-03-11,put,regular,108,0.2924,189,875.0
2026-09-03,52000,2027-03-11,put,regular,1870,0.2876,189,960.0
2026-09-03,52500,2027-03-11,put,regular,50,0.2844,189,1020.0
2026-09-03,53000,2027-03-11,put,regular,585,0.2818,189,1090.0
2026-09-03,53500,2027-03-11,put,regular,200,0.2788,189,1160.0
2026-09-03,54000,2027-03-11,put,regular,534,0.2759,189,1235.0
2026-09-03,55000,2027-03-11,put,regular,1066,0.2708,189,1405.0
2026-09-03,55500,2027-03-11,put,regular,100,0.268,189,1495.0
2026-09-03,56000,2027-03-11,put,regular,651,0.2657,189,1595.0
2026-09-03,56250,2027-03-11,put,regular,120,0.2643,189,1645.0
2026-09-03,57000,2027-03-11,put,regular,1775,0.2608,189,1810.0
2026-09-03,58000,2027-03-11,put,regular,2865,0.2561,189,2050.0
2026-09-03,58500,2027-03-11,put,regular,110,0.2541,189,2185.0
2026-09-03,59500,2027-03-11,put,regular,453,0.25,189,2475.0
2026-09-03,60000,2027-03-11,put,regular,2237,0.2479,189,2630.0
2026-09-03,61000,2027-03-11,put,regular,160,0.2442,189,2970.0
2026-09-03,62000,2027-03-11,put,regular,1000,0.2406,189,3345.0
2026-09-03,62500,2027-03-11,put,regular,500,0.2388,189,3545.0
2026-09-03,63000,2027-03-11,put,regular,1490,0.2371,189,3755.0
2026-09-03,64000,2027-03-11,put,regular,1255,0.2342,189,4210.0
2026-09-03,65000,2027-03-11,put,regular,880,0.2312,189,4700.0
2026-09-03,66000,2027-03-11,put,regular,328,0.2282,189,5225.0
2026-09-03,66250,2027-03-11,put,regular,15,0.2276,189,5365.0
2026-09-03,66500,2027-03-11,put,regular,6,0.2269,189,5505.0
2026-09-03,67000,2027-03-11,put,regular,300,0.2256,189,5795.0
2026-09-03,68000,2027-03-11,put,regular,130,0.223,189,6400.0
2026-09-03,69000,2027-03-11,put,regular,350,0.2206,189,7045.0
2026-09-03,69250,2027-03-11,put,regular,10,0.2199,189,7210.0
2026-09-03,70000,2027-03-11,put,regular,480,0.2179,189,7720.0
2026-09-03,72000,2027-03-11,put,regular,100,0.213,189,9175.0
2026-09-03,62000,2027-04-08,put,regular,30,0.2468,217,3765.0
2026-09-03,48000,2027-05-13,put,regular,100,0.3073,252,895.0
2026-09-03,12500,2027-06-10,put,regular,11,0.6665,280,12.0
2026-09-03,14500,2027-06-10,put,regular,4,0.5375,280,3.0
2026-09-03,15000,2027-06-10,put,regular,1,0.5378,280,4.0
2026-09-03,16250,2027-06-10,put,regular,167,0.5339,280,7.0
2026-09-03,23000,2027-06-10,put,regular,140,0.5057,280,58.0
2026-09-03,24000,2027-06-10,put,regular,100,0.4981,280,70.0
2026-09-03,25000,2027-06-10,put,regular,250,0.49,280,83.0
2026-09-03,26000,2027-06-10,put,regular,200,0.4822,280,98.0
2026-09-03,28000,2027-06-10,put,regular,875,0.4654,280,131.0
2026-09-03,28500,2027-06-10,put,regular,100,0.4605,280,139.0
2026-09-03,29000,2027-06-10,put,regular,65,0.456,280,148.0
2026-09-03,30000,2027-06-10,put,regular,601,0.447,280,167.0
2026-09-03,31000,2027-06-10,put,regular,100,0.4378,280,187.0
2026-09-03,31500,2027-06-10,put,regular,1,0.4334,280,198.0
2026-09-03,32000,2027-06-10,put,regular,250,0.4288,280,209.0
2026-09-03,33000,2027-06-10,put,regular,150,0.4194,280,231.0
2026-09-03,34000,2027-06-10,put,regular,1000,0.4101,280,255.0
2026-09-03,35000,2027-06-10,put,regular,1328,0.4009,280,281.0
2026-09-03,35500,2027-06-10,put,regular,145,0.3965,280,295.0
2026-09-03,36000,2027-06-10,put,regular,300,0.3921,280,310.0
2026-09-03,37000,2027-06-10,put,regular,50,0.3831,280,340.0
2026-09-03,38000,2027-06-10,put,regular,201,0.3748,280,375.0
2026-09-03,38500,2027-06-10,put,regular,140,0.3699,280,390.0
2026-09-03,39000,2027-06-10,put,regular,50,0.366,280,410.0
2026-09-03,39500,2027-06-10,put,regular,101,0.3619,280,430.0
2026-09-03,40000,2027-06-10,put,regular,950,0.3577,280,450.0
2026-09-03,41000,2027-06-10,put,regular,100,0.3497,280,495.0
2026-09-03,42000,2027-06-10,put,regular,400,0.342,280,545.0
2026-09-03,42500,2027-06-10,put,regular,61,0.3379,280,570.0
2026-09-03,43000,2027-06-10,put,regular,35,0.3338,280,595.0
2026-09-03,43750,2027-06-10,put,regular,2,0.3283,280,640.0
2026-09-03,44000,2027-06-10,put,regular,196,0.3264,280,655.0
2026-09-03,45000,2027-06-10,put,regular,1825,0.3196,280,725.0
2026-09-03,46000,2027-06-10,put,regular,773,0.3127,280,800.0
2026-09-03,46500,2027-06-10,put,regular,70,0.3098,280,845.0
2026-09-03,47000,2027-06-10,put,regular,201,0.3062,280,885.0
2026-09-03,47750,2027-06-10,put,regular,100,0.3019,280,960.0
2026-09-03,48000,2027-06-10,put,regular,1404,0.3004,280,985.0
2026-09-03,49000,2027-06-10,put,regular,300,0.2942,280,1090.0
2026-09-03,50000,2027-06-10,put,regular,2192,0.2889,280,1215.0
2026-09-03,50500,2027-06-10,put,regular,325,0.2861,280,1280.0
2026-09-03,51000,2027-06-10,put,regular,100,0.2835,280,1350.0
2026-09-03,51250,2027-06-10,put,regular,3,0.2821,280,1385.0
2026-09-03,52000,2027-06-10,put,regular,1030,0.2786,280,1505.0
2026-09-03,52250,2027-06-10,put,regular,88,0.2774,280,1545.0
2026-09-03,52500,2027-06-10,put,regular,57,0.276,280,1585.0
2026-09-03,52750,2027-06-10,put,regular,750,0.275,280,1630.0
2026-09-03,53000,2027-06-10,put,regular,720,0.2738,280,1675.0
2026-09-03,53500,2027-06-10,put,regular,1,0.2717,280,1770.0
2026-09-03,53750,2027-06-10,put,regular,35,0.2704,280,1815.0
2026-09-03,54000,2027-06-10,put,regular,1402,0.2693,280,1865.0
2026-09-03,55000,2027-06-10,put,regular,1450,0.2653,280,2080.0
2026-09-03,55500,2027-06-10,put,regular,255,0.2633,280,2195.0
2026-09-03,56000,2027-06-10,put,regular,810,0.2613,280,2315.0
2026-09-03,56500,2027-06-10,put,regular,40,0.2596,280,2445.0
2026-09-03,57000,2027-06-10,put,regular,775,0.2575,280,2575.0
2026-09-03,57750,2027-06-10,put,regular,112,0.255,280,2790.0
2026-09-03,58000,2027-06-10,put,regular,617,0.2542,280,2865.0
2026-09-03,58500,2027-06-10,put,regular,401,0.2526,280,3020.0
2026-09-03,59000,2027-06-10,put,regular,400,0.251,280,3180.0
2026-09-03,59500,2027-06-10,put,regular,212,0.2495,280,3350.0
2026-09-03,60000,2027-06-10,put,regular,2106,0.248,280,3525.0
2026-09-03,61000,2027-06-10,put,regular,3,0.2452,280,3900.0
2026-09-03,62000,2027-06-10,put,regular,800,0.2428,280,4310.0
2026-09-03,63000,2027-06-10,put,regular,950,0.2402,280,4745.0
2026-09-03,64000,2027-06-10,put,regular,250,0.2379,280,5215.0
2026-09-03,64750,2027-06-10,put,regular,104,0.2361,280,5585.0
2026-09-03,65000,2027-06-10,put,regular,1886,0.2357,280,5715.0
2026-09-03,65500,2027-06-10,put,regular,26,0.2345,280,5975.0
2026-09-03,66000,2027-06-10,put,regular,350,0.2335,280,6245.0
2026-09-03,66750,2027-06-10,put,regular,150,0.232,280,6665.0
2026-09-03,67000,2027-06-10,put,regular,1070,0.2316,280,6810.0
2026-09-03,67500,2027-06-10,put,regular,100,0.2305,280,7100.0
2026-09-03,68000,2027-06-10,put,regular,600,0.2297,280,7405.0
2026-09-03,68500,2027-06-10,put,regular,200,0.2287,280,7710.0
2026-09-03,69000,2027-06-10,put,regular,500,0.2278,280,8025.0
2026-09-03,70000,2027-06-10,put,regular,700,0.2259,280,8675.0
2026-09-03,72000,2027-06-10,put,regular,100,0.2221,280,10055.0
2026-09-03,77500,2027-06-10,put,regular,50,0.2108,280,14330.0
2026-09-03,67000,2027-07-08,put,regular,58,0.2306,308,7035.0
2026-09-03,31000,2027-09-09,put,regular,200,0.4029,371,259.0
2026-09-03,45000,2027-09-09,put,regular,100,0.3087,371,1045.0
2026-09-03,47000,2027-09-09,put,regular,200,0.2975,371,1260.0
2026-09-03,48000,2027-09-09,put,regular,100,0.2923,371,1385.0
2026-09-03,50000,2027-09-09,put,regular,125,0.2826,371,1675.0
2026-09-03,52000,2027-09-09,put,regular,3,0.2734,371,2020.0
2026-09-03,53000,2027-09-09,put,regular,300,0.2692,371,2220.0
2026-09-03,54250,2027-09-09,put,regular,200,0.2641,371,2495.0
2026-09-03,55000,2027-09-09,put,regular,300,0.2612,371,2675.0
2026-09-03,56000,2027-09-09,put,regular,80,0.2573,371,2930.0
2026-09-03,58000,2027-09-09,put,regular,1,0.2504,371,3515.0
2026-09-03,60000,2027-09-09,put,regular,225,0.2442,371,4200.0
2026-09-03,62000,2027-09-09,put,regular,188,0.2383,371,4985.0
2026-09-03,64500,2027-09-09,put,regular,92,0.2321,371,6130.0
2026-09-03,65000,2027-09-09,put,regular,300,0.2309,371,6380.0
2026-09-03,67000,2027-09-09,put,regular,30,0.2263,371,7445.0
2026-09-03,68250,2027-09-09,put,regular,200,0.2237,371,8170.0
2026-09-03,68750,2027-09-09,put,regular,91,0.2229,371,8475.0
2026-09-03,12500,2027-12-09,put,regular,11,0.534,462,16.0
2026-09-03,13000,2027-12-09,put,regular,1,0.4349,462,2.0
2026-09-03,16000,2027-12-09,put,regular,350,0.4255,462,8.0
2026-09-03,19000,2027-12-09,put,regular,300,0.4247,462,28.0
2026-09-03,20000,2027-12-09,put,regular,400,0.4363,462,50.0
2026-09-03,21000,2027-12-09,put,regular,50,0.424,462,55.0
2026-09-03,22000,2027-12-09,put,regular,408,0.4233,462,74.0
2026-09-03,22500,2027-12-09,put,regular,36,0.4235,462,86.0
2026-09-03,23000,2027-12-09,put,regular,132,0.4235,462,99.0
2026-09-03,23750,2027-12-09,put,regular,39,0.4233,462,121.0
2026-09-03,24000,2027-12-09,put,regular,1721,0.4232,462,129.0
2026-09-03,25000,2027-12-09,put,regular,1211,0.4232,462,166.0
2026-09-03,26000,2027-12-09,put,regular,200,0.4227,462,209.0
2026-09-03,26500,2027-12-09,put,regular,100,0.4192,462,223.0
2026-09-03,27000,2027-12-09,put,regular,1300,0.4158,462,238.0
2026-09-03,28000,2027-12-09,put,regular,2125,0.4086,462,268.0
2026-09-03,29000,2027-12-09,put,regular,350,0.4025,462,305.0
2026-09-03,29500,2027-12-09,put,regular,249,0.3984,462,320.0
2026-09-03,30000,2027-12-09,put,regular,2445,0.3953,462,340.0
2026-09-03,31000,2027-12-09,put,regular,1750,0.3876,462,375.0
2026-09-03,31500,2027-12-09,put,regular,204,0.3841,462,395.0
2026-09-03,32000,2027-12-09,put,regular,1425,0.3805,462,415.0
2026-09-03,32250,2027-12-09,put,regular,30,0.3796,462,430.0
2026-09-03,32750,2027-12-09,put,regular,35,0.3758,462,450.0
2026-09-03,33000,2027-12-09,put,regular,450,0.3739,462,460.0
2026-09-03,34000,2027-12-09,put,regular,1794,0.3676,462,510.0
2026-09-03,34500,2027-12-09,put,regular,100,0.3642,462,535.0
2026-09-03,35000,2027-12-09,put,regular,1600,0.3607,462,560.0
2026-09-03,35500,2027-12-09,put,regular,40,0.3579,462,590.0
2026-09-03,36000,2027-12-09,put,regular,1230,0.3542,462,615.0
2026-09-03,36500,2027-12-09,put,regular,300,0.3511,462,645.0
2026-09-03,37000,2027-12-09,put,regular,1150,0.3485,462,680.0
2026-09-03,38000,2027-12-09,put,regular,1175,0.3422,462,745.0
2026-09-03,39000,2027-12-09,put,regular,800,0.3361,462,815.0
2026-09-03,39500,2027-12-09,put,regular,50,0.3328,462,850.0
2026-09-03,40000,2027-12-09,put,regular,3150,0.33,462,890.0
2026-09-03,40500,2027-12-09,put,regular,450,0.327,462,930.0
2026-09-03,42000,2027-12-09,put,regular,550,0.3187,462,1065.0
2026-09-03,43000,2027-12-09,put,regular,240,0.3134,462,1165.0
2026-09-03,44000,2027-12-09,put,regular,100,0.308,462,1270.0
2026-09-03,45000,2027-12-09,put,regular,1976,0.3027,462,1385.0
2026-09-03,46000,2027-12-09,put,regular,900,0.298,462,1515.0
2026-09-03,47000,2027-12-09,put,regular,250,0.293,462,1650.0
2026-09-03,47500,2027-12-09,put,regular,35,0.2908,462,1725.0
2026-09-03,48000,2027-12-09,put,regular,615,0.2884,462,1800.0
2026-09-03,49000,2027-12-09,put,regular,700,0.2841,462,1965.0
2026-09-03,50000,2027-12-09,put,regular,3270,0.2797,462,2140.0
2026-09-03,51000,2027-12-09,put,regular,350,0.2757,462,2335.0
2026-09-03,52000,2027-12-09,put,regular,635,0.2716,462,2540.0
2026-09-03,53000,2027-12-09,put,regular,822,0.2678,462,2765.0
2026-09-03,54000,2027-12-09,put,regular,475,0.2642,462,3010.0
2026-09-03,54500,2027-12-09,put,regular,400,0.2623,462,3135.0
2026-09-03,55000,2027-12-09,put,regular,1300,0.2606,462,3270.0
2026-09-03,55500,2027-12-09,put,regular,75,0.259,462,3410.0
2026-09-03,56000,2027-12-09,put,regular,270,0.2572,462,3550.0
2026-09-03,57000,2027-12-09,put,regular,220,0.254,462,3855.0
2026-09-03,58000,2027-12-09,put,regular,1825,0.251,462,4180.0
2026-09-03,58500,2027-12-09,put,regular,610,0.2495,462,4350.0
2026-09-03,59000,2027-12-09,put,regular,100,0.2481,462,4530.0
2026-09-03,60000,2027-12-09,put,regular,1260,0.2453,462,4900.0
2026-09-03,62000,2027-12-09,put,regular,425,0.2401,462,5715.0
2026-09-03,62500,2027-12-09,put,regular,70,0.2389,462,5935.0
2026-09-03,63000,2027-12-09,put,regular,350,0.2377,462,6160.0
2026-09-03,63500,2027-12-09,put,regular,50,0.2365,462,6390.0
2026-09-03,64000,2027-12-09,put,regular,130,0.2354,462,6630.0
2026-09-03,65000,2027-12-09,put,regular,1300,0.2332,462,7125.0
2026-09-03,66000,2027-12-09,put,regular,825,0.2311,462,7645.0
2026-09-03,67000,2027-12-09,put,regular,400,0.2291,462,8190.0
2026-09-03,68000,2027-12-09,put,regular,200,0.2271,462,8760.0
2026-09-03,69000,2027-12-09,put,regular,750,0.2253,462,9355.0
2026-09-03,70000,2027-12-09,put,regular,550,0.2234,462,9970.0
2026-09-03,75000,2027-12-09,put,regular,175,0.2151,462,13390.0
2026-09-03,80000,2027-12-09,put,regular,400,0.2061,462,17270.0
2026-09-03,15000,2028-06-08,put,regular,3,0.3974,644,14.0
2026-09-03,20000,2028-06-08,put,regular,3,0.3962,644,85.0
2026-09-03,25000,2028-06-08,put,regular,630,0.3949,644,292.0
2026-09-03,26000,2028-06-08,put,regular,250,0.3952,644,360.0
2026-09-03,27000,2028-06-08,put,regular,100,0.3948,644,435.0
2026-09-03,30000,2028-06-08,put,regular,300,0.3743,644,580.0
2026-09-03,32000,2028-06-08,put,regular,250,0.3615,644,695.0
2026-09-03,33000,2028-06-08,put,regular,100,0.3554,644,760.0
2026-09-03,35000,2028-06-08,put,regular,200,0.3438,644,905.0
2026-09-03,40000,2028-06-08,put,regular,250,0.3171,644,1370.0
2026-09-03,41500,2028-06-08,put,regular,100,0.3098,644,1545.0
2026-09-03,45000,2028-06-08,put,regular,65,0.2941,644,2035.0
2026-09-03,48000,2028-06-08,put,regular,300,0.2814,644,2550.0
2026-09-03,50000,2028-06-08,put,regular,400,0.2737,644,2960.0
2026-09-03,54000,2028-06-08,put,regular,100,0.2595,644,3950.0
2026-09-03,55000,2028-06-08,put,regular,50,0.2562,644,4235.0
2026-09-03,58000,2028-06-08,put,regular,200,0.2471,644,5210.0
2026-09-03,60000,2028-06-08,put,regular,250,0.2417,644,5960.0
2026-09-03,12000,2028-12-07,put,regular,300,0.3831,826,8.0
2026-09-03,16000,2028-12-07,put,regular,1950,0.3784,826,42.0
2026-09-03,18000,2028-12-07,put,regular,100,0.3782,826,82.0
2026-09-03,20000,2028-12-07,put,regular,200,0.3777,826,144.0
2026-09-03,23000,2028-12-07,put,regular,100,0.3768,826,291.0
2026-09-03,23500,2028-12-07,put,regular,38,0.3771,826,325.0
2026-09-03,24000,2028-12-07,put,regular,1000,0.3771,826,360.0
2026-09-03,25000,2028-12-07,put,regular,1200,0.3766,826,435.0
2026-09-03,27000,2028-12-07,put,regular,120,0.3761,826,620.0
2026-09-03,27500,2028-12-07,put,regular,50,0.373,826,650.0
2026-09-03,28000,2028-12-07,put,regular,1250,0.3704,826,685.0
2026-09-03,30000,2028-12-07,put,regular,550,0.358,826,815.0
2026-09-03,31000,2028-12-07,put,regular,400,0.3524,826,890.0
2026-09-03,32000,2028-12-07,put,regular,850,0.3469,826,970.0
2026-09-03,32250,2028-12-07,put,regular,51,0.3455,826,990.0
2026-09-03,33000,2028-12-07,put,regular,525,0.3416,826,1055.0
2026-09-03,34000,2028-12-07,put,regular,775,0.3359,826,1140.0
2026-09-03,34750,2028-12-07,put,regular,100,0.3319,826,1210.0
2026-09-03,35000,2028-12-07,put,regular,1305,0.3307,826,1235.0
2026-09-03,36000,2028-12-07,put,regular,2750,0.3256,826,1335.0
2026-09-03,37000,2028-12-07,put,regular,580,0.3205,826,1440.0
2026-09-03,38000,2028-12-07,put,regular,2860,0.3157,826,1555.0
2026-09-03,39000,2028-12-07,put,regular,50,0.3109,826,1675.0
2026-09-03,40000,2028-12-07,put,regular,1210,0.3064,826,1805.0
2026-09-03,42000,2028-12-07,put,regular,350,0.2975,826,2085.0
2026-09-03,43000,2028-12-07,put,regular,100,0.293,826,2235.0
2026-09-03,44500,2028-12-07,put,regular,75,0.2869,826,2485.0
2026-09-03,45000,2028-12-07,put,regular,670,0.285,826,2575.0
2026-09-03,46000,2028-12-07,put,regular,100,0.281,826,2760.0
2026-09-03,48000,2028-12-07,put,regular,600,0.2734,826,3160.0
2026-09-03,50000,2028-12-07,put,regular,2450,0.2664,826,3615.0
2026-09-03,51000,2028-12-07,put,regular,150,0.2629,826,3860.0
2026-09-03,53000,2028-12-07,put,regular,50,0.2566,826,4400.0
2026-09-03,55000,2028-12-07,put,regular,705,0.2504,826,4995.0
2026-09-03,56000,2028-12-07,put,regular,450,0.2475,826,5320.0
2026-09-03,57000,2028-12-07,put,regular,150,0.2447,826,5660.0
2026-09-03,60000,2028-12-07,put,regular,550,0.2369,826,6790.0
2026-09-03,63000,2028-12-07,put,regular,25,0.23,826,8090.0
2026-09-03,65000,2028-12-07,put,regular,925,0.2257,826,9050.0
2026-09-03,68000,2028-12-07,put,regular,100,0.2196,826,10630.0
2026-09-03,69000,2028-12-07,put,regular,270,0.2177,826,11195.0
2026-09-03,70000,2028-12-07,put,regular,100,0.2159,826,11780.0
2026-09-03,75000,2028-12-07,put,regular,80,0.2071,826,14960.0
2026-09-03,15000,2029-06-07,put,regular,1,0.3648,1008,49.0
2026-09-03,15000,2029-12-13,put,regular,1,0.3484,1197,67.0
2026-09-03,23250,2029-12-13,put,regular,40,0.346,1197,510.0
2026-09-03,32000,2029-12-13,put,regular,113,0.3208,1197,1425.0
2026-09-03,34250,2029-12-13,put,regular,6,0.3105,1197,1685.0
2026-09-03,44000,2029-12-13,put,regular,100,0.2715,1197,3225.0
2026-09-03,45000,2029-12-13,put,regular,50,0.268,1197,3430.0
2026-09-03,50000,2029-12-13,put,regular,70,0.2513,1197,4605.0
2026-09-03,64000,2029-12-13,put,regular,100,0.216,1197,9740.0
2026-09-03,65000,2029-12-13,put,regular,50,0.2141,1197,10230.0
2026-09-03,70000,2029-12-13,call,regular,100,0.3269,1197,12930.0
2026-09-03,19000,2030-06-13,call,regular,2,0.2,1379,253.0
2026-09-03,23500,2030-12-12,call,regular,100,0.2,1561,565.0
2026-09-03,31750,2030-12-12,call,regular,74,0.2,1561,1490.0
2026-09-03,34000,2030-12-12,call,regular,24,0.2,1561,1785.0
2026-09-03,44000,2030-12-12,call,regular,80,0.2,1561,3580.0
2026-09-03,49500,2030-12-12,call,regular,100,0.2,1561,4985.0
2026-09-03,50000,2030-12-12,call,regular,100,0.2,1561,5130.0
2026-09-03,64000,2030-12-12,call,regular,3,0.1972,1561,10545.0
2026-09-03,31500,2031-12-11,call,regular,52,0.2,1925,2025.0
2026-09-03,68000,2031-12-11,call,regular,100,0.251,1925,13265.0
2026-09-03,31250,2032-12-09,call,regular,40,0.2,2289,2420.0
2026-09-03,30000,2026-09-10,call,regular,3750,2.8923,7,34345.0
2026-09-03,37000,2026-09-10,call,regular,1,2.1718,7,27345.0
2026-09-03,40000,2026-09-10,call,regular,5,1.9018,7,24345.0
2026-09-03,42000,2026-09-10,call,regular,101,1.7399,7,22350.0
2026-09-03,42500,2026-09-10,call,regular,10,1.6983,7,21850.0
2026-09-03,43000,2026-09-10,call,regular,100,1.6571,7,21350.0
2026-09-03,43500,2026-09-10,call,regular,57,1.6163,7,20850.0
2026-09-03,45000,2026-09-10,call,regular,42,1.4961,7,19350.0
2026-09-03,48000,2026-09-10,call,regular,400,1.2712,7,16355.0
2026-09-03,48500,2026-09-10,call,regular,240,1.2335,7,15855.0
2026-09-03,49000,2026-09-10,call,regular,200,1.2021,7,15360.0
2026-09-03,50000,2026-09-10,call,regular,4650,1.1277,7,14360.0
2026-09-03,50500,2026-09-10,call,regular,50,1.0964,7,13865.0
2026-09-03,51000,2026-09-10,call,regular,141,1.0596,7,13365.0
2026-09-03,51250,2026-09-10,call,regular,210,1.0413,7,13115.0
2026-09-03,52000,2026-09-10,call,regular,350,0.9866,7,12365.0
2026-09-03,53000,2026-09-10,call,regular,1100,0.9191,7,11370.0
2026-09-03,53500,2026-09-10,call,regular,400,0.8877,7,10875.0
2026-09-03,53750,2026-09-10,call,regular,150,0.8696,7,10625.0
2026-09-03,54000,2026-09-10,call,regular,1056,0.8516,7,10375.0
2026-09-03,54250,2026-09-10,call,regular,50,0.838,7,10130.0
2026-09-03,54500,2026-09-10,call,regular,200,0.8199,7,9880.0
2026-09-03,54750,2026-09-10,call,regular,90,0.8061,7,9635.0
2026-09-03,55000,2026-09-10,call,regular,660,0.788,7,9385.0
2026-09-03,56000,2026-09-10,call,regular,1250,0.7235,7,8395.0
2026-09-03,56500,2026-09-10,call,regular,75,0.6909,7,7900.0
2026-09-03,57000,2026-09-10,call,regular,850,0.6579,7,7405.0
2026-09-03,57500,2026-09-10,call,regular,384,0.6279,7,6915.0
2026-09-03,58000,2026-09-10,call,regular,1101,0.5972,7,6425.0
2026-09-03,59000,2026-09-10,call,regular,1096,0.5391,7,5455.0
2026-09-03,60000,2026-09-10,call,regular,786,0.4886,7,4510.0
2026-09-03,60500,2026-09-10,call,regular,750,0.4636,7,4045.0
2026-09-03,60750,2026-09-10,call,regular,120,0.4533,7,3820.0
2026-09-03,61000,2026-09-10,call,regular,221,0.4421,7,3595.0
2026-09-03,61250,2026-09-10,call,regular,22,0.4321,7,3375.0
2026-09-03,61500,2026-09-10,call,regular,2,0.4229,7,3160.0
2026-09-03,61875,2026-09-10,call,regular,2,0.4078,7,2840.0
2026-09-03,62000,2026-09-10,call,regular,2002,0.4046,7,2740.0
2026-09-03,62250,2026-09-10,call,regular,1,0.3952,7,2535.0
2026-09-03,62500,2026-09-10,call,regular,801,0.3861,7,2335.0
2026-09-03,63000,2026-09-10,call,regular,967,0.3695,7,1955.0
2026-09-03,63250,2026-09-10,call,regular,1,0.3617,7,1775.0
2026-09-03,63500,2026-09-10,call,regular,4,0.3564,7,1610.0
2026-09-03,64000,2026-09-10,call,regular,1695,0.3296,7,1245.0
2026-09-03,64250,2026-09-10,call,regular,104,0.3377,7,1150.0
2026-09-03,64500,2026-09-10,call,regular,108,0.3293,7,1005.0
2026-09-03,64750,2026-09-10,call,regular,2,0.3284,7,895.0
2026-09-03,64875,2026-09-10,call,regular,27,0.3241,7,830.0
2026-09-03,65000,2026-09-10,call,regular,5371,0.3207,7,770.0
2026-09-03,65125,2026-09-10,call,regular,5,0.3194,7,720.0
2026-09-03,65250,2026-09-10,call,regular,11,0.3251,7,695.0
2026-09-03,65375,2026-09-10,call,regular,1,0.3196,7,635.0
2026-09-03,65500,2026-09-10,call,regular,261,0.3165,7,585.0
2026-09-03,65625,2026-09-10,call,regular,5,0.3174,7,550.0
2026-09-03,65750,2026-09-10,call,regular,11,0.3161,7,510.0
2026-09-03,65875,2026-09-10,call,regular,1,0.3141,7,470.0
2026-09-03,66000,2026-09-10,call,regular,2020,0.3165,7,445.0
2026-09-03,66125,2026-09-10,call,regular,40,0.3114,7,400.0
2026-09-03,66250,2026-09-10,call,regular,86,0.3109,7,370.0
2026-09-03,66375,2026-09-10,call,regular,1,0.3097,7,340.0
2026-09-03,66500,2026-09-10,call,regular,2803,0.3117,7,320.0
2026-09-03,66625,2026-09-10,call,regular,4,0.3059,7,282.0
2026-09-03,66750,2026-09-10,call,regular,1611,0.305,7,258.0
2026-09-03,66875,2026-09-10,call,regular,2,0.3065,7,241.0
2026-09-03,67000,2026-09-10,call,regular,2765,0.307,7,223.0
2026-09-03,67125,2026-09-10,call,regular,6,0.3075,7,206.0
2026-09-03,67250,2026-09-10,call,regular,15,0.3028,7,180.0
2026-09-03,67375,2026-09-10,call,regular,33,0.3023,7,164.0
2026-09-03,67500,2026-09-10,call,regular,1626,0.3097,7,163.0
2026-09-03,67625,2026-09-10,call,regular,11,0.3011,7,135.0
2026-09-03,67750,2026-09-10,call,regular,495,0.2992,7,120.0
2026-09-03,67875,2026-09-10,call,regular,56,0.3059,7,119.0
2026-09-03,68000,2026-09-10,call,regular,3398,0.3035,7,105.0
2026-09-03,68125,2026-09-10,call,regular,86,0.3054,7,98.0
2026-09-03,68250,2026-09-10,call,regular,55,0.2997,7,82.0
2026-09-03,68375,2026-09-10,call,regular,25,0.2995,7,74.0
2026-09-03,68500,2026-09-10,call,regular,636,0.2996,7,67.0
2026-09-03,68625,2026-09-10,call,regular,26,0.3002,7,61.0
2026-09-03,68750,2026-09-10,call,regular,319,0.3002,7,55.0
2026-09-03,68875,2026-09-10,call,regular,83,0.2996,7,49.0
2026-09-03,69000,2026-09-10,call,regular,2223,0.3045,7,48.0
2026-09-03,69125,2026-09-10,call,regular,129,0.3016,7,41.0
2026-09-03,69250,2026-09-10,call,regular,113,0.3061,7,40.0
2026-09-03,69375,2026-09-10,call,regular,29,0.3032,7,34.0
2026-09-03,69500,2026-09-10,call,regular,837,0.3057,7,32.0
2026-09-03,69625,2026-09-10,call,regular,73,0.3045,7,28.0
2026-09-03,69750,2026-09-10,call,regular,1458,0.3101,7,28.0
2026-09-03,69875,2026-09-10,call,regular,47,0.3059,7,23.0
2026-09-03,70000,2026-09-10,call,regular,4234,0.3069,7,21.0
2026-09-03,70125,2026-09-10,call,regular,4,0.3051,7,18.0
2026-09-03,70250,2026-09-10,call,regular,653,0.3077,7,17.0
2026-09-03,70375,2026-09-10,call,regular,3,0.3073,7,15.0
2026-09-03,70500,2026-09-10,call,regular,400,0.3063,7,13.0
2026-09-03,70625,2026-09-10,call,regular,268,0.3079,7,12.0
2026-09-03,70750,2026-09-10,call,regular,37,0.3092,7,11.0
2026-09-03,70875,2026-09-10,call,regular,61,0.314,7,11.0
2026-09-03,71000,2026-09-10,call,regular,1763,0.3149,7,10.0
2026-09-03,71125,2026-09-10,call,regular,59,0.3154,7,9.0
2026-09-03,71250,2026-09-10,call,regular,86,0.3201,7,9.0
2026-09-03,71375,2026-09-10,call,regular,11,0.3201,7,8.0
2026-09-03,71500,2026-09-10,call,regular,623,0.3195,7,7.0
2026-09-03,71625,2026-09-10,call,regular,2,0.324,7,7.0
2026-09-03,71750,2026-09-10,call,regular,19,0.3227,7,6.0
2026-09-03,71875,2026-09-10,call,regular,3,0.3271,7,6.0
2026-09-03,72000,2026-09-10,call,regular,2498,0.3249,7,5.0
2026-09-03,72125,2026-09-10,call,regular,78,0.3292,7,5.0
2026-09-03,72250,2026-09-10,call,regular,48,0.3335,7,5.0
2026-09-03,72375,2026-09-10,call,regular,14,0.3377,7,5.0
2026-09-03,72500,2026-09-10,call,regular,1647,0.334,7,4.0
2026-09-03,72625,2026-09-10,call,regular,5,0.3381,7,4.0
2026-09-03,72750,2026-09-10,call,regular,304,0.3423,7,4.0
2026-09-03,72875,2026-09-10,call,regular,37,0.3364,7,3.0
2026-09-03,73000,2026-09-10,call,regular,2059,0.3405,7,3.0
2026-09-03,73125,2026-09-10,call,regular,5,0.3445,7,3.0
2026-09-03,73250,2026-09-10,call,regular,14,0.3485,7,3.0
2026-09-03,73375,2026-09-10,call,regular,4,0.3525,7,3.0
2026-09-03,73500,2026-09-10,call,regular,530,0.3565,7,3.0
2026-09-03,73625,2026-09-10,call,regular,5,0.3468,7,2.0
2026-09-03,73750,2026-09-10,call,regular,53,0.3299,7,1.0
2026-09-03,73875,2026-09-10,call,regular,25,0.3335,7,1.0
2026-09-03,74000,2026-09-10,call,regular,1301,0.3583,7,2.0
2026-09-03,74125,2026-09-10,call,regular,6,0.3408,7,1.0
2026-09-03,74250,2026-09-10,call,regular,6,0.3444,7,1.0
2026-09-03,74375,2026-09-10,call,regular,1,0.348,7,1.0
2026-09-03,74500,2026-09-10,call,regular,141,0.3516,7,1.0
2026-09-03,74625,2026-09-10,call,regular,57,0.3552,7,1.0
2026-09-03,74750,2026-09-10,call,regular,69,0.3588,7,1.0
2026-09-03,74875,2026-09-10,call,regular,1,0.3624,7,1.0
2026-09-03,75000,2026-09-10,call,regular,3463,0.3659,7,1.0
2026-09-03,75125,2026-09-10,call,regular,2000,0.3695,7,1.0
2026-09-03,75250,2026-09-10,call,regular,45,0.373,7,1.0
2026-09-03,75375,2026-09-10,call,regular,6,0.3766,7,1.0
2026-09-03,75500,2026-09-10,call,regular,266,0.3801,7,1.0
2026-09-03,76000,2026-09-10,call,regular,658,0.3941,7,1.0
2026-09-03,76500,2026-09-10,call,regular,82,0.408,7,1.0
2026-09-03,77000,2026-09-10,call,regular,833,0.4217,7,1.0
2026-09-03,77500,2026-09-10,call,regular,978,0.4353,7,1.0
2026-09-03,78000,2026-09-10,call,regular,2300,0.4488,7,1.0
2026-09-03,78500,2026-09-10,call,regular,112,0.4622,7,1.0
2026-09-03,79000,2026-09-10,call,regular,204,0.4755,7,1.0
2026-09-03,79500,2026-09-10,call,regular,233,0.4886,7,1.0
2026-09-03,80000,2026-09-10,call,regular,1827,0.5016,7,1.0
2026-09-03,80500,2026-09-10,call,regular,18,0.5145,7,1.0
2026-09-03,81000,2026-09-10,call,regular,395,0.5273,7,1.0
2026-09-03,81500,2026-09-10,call,regular,43,0.54,7,1.0
2026-09-03,82000,2026-09-10,call,regular,340,0.5526,7,1.0
2026-09-03,82500,2026-09-10,call,regular,133,0.5651,7,1.0
2026-09-03,83000,2026-09-10,call,regular,546,0.5775,7,1.0
2026-09-03,83500,2026-09-10,call,regular,50,0.5898,7,1.0
2026-09-03,84000,2026-09-10,call,regular,1219,0.6019,7,1.0
2026-09-03,84500,2026-09-10,call,regular,52,0.614,7,1.0
2026-09-03,85000,2026-09-10,call,regular,903,0.626,7,1.0
2026-09-03,87500,2026-09-10,call,regular,345,0.6847,7,1.0
2026-09-03,90000,2026-09-10,call,regular,666,0.7413,7,1.0
2026-09-03,92000,2026-09-10,call,regular,57,0.7851,7,1.0
2026-09-03,94000,2026-09-10,call,regular,17,0.8278,7,1.0
2026-09-03,95000,2026-09-10,call,regular,43,0.8487,7,1.0
2026-09-03,96000,2026-09-10,call,regular,20,0.8694,7,1.0
2026-09-03,98000,2026-09-10,call,regular,15,0.9099,7,1.0
2026-09-03,100000,2026-09-10,call,regular,89,0.9495,7,1.0
2026-09-03,35000,2026-10-08,call,regular,24,0.2,35,29085.0
2026-09-03,45000,2026-10-08,call,regular,2,0.2,35,19140.0
2026-09-03,47500,2026-10-08,call,regular,34,0.3889,35,16670.0
2026-09-03,53000,2026-10-08,call,regular,34,0.346,35,11250.0
2026-09-03,55000,2026-10-08,call,regular,4,0.3434,35,9365.0
2026-09-03,57000,2026-10-08,call,regular,1,0.322,35,7505.0
2026-09-03,60000,2026-10-08,call,regular,1,0.2921,35,4905.0
2026-09-03,60500,2026-10-08,call,regular,100,0.2874,35,4505.0
2026-09-03,61000,2026-10-08,call,regular,201,0.2732,35,4055.0
2026-09-03,62000,2026-10-08,call,regular,49,0.2643,35,3315.0
2026-09-03,63000,2026-10-08,call,regular,4,0.2551,35,2635.0
2026-09-03,63500,2026-10-08,call,regular,1,0.2523,35,2335.0
2026-09-03,63875,2026-10-08,call,regular,50,0.253,35,2145.0
2026-09-03,64000,2026-10-08,call,regular,32,0.2508,35,2065.0
2026-09-03,64500,2026-10-08,call,regular,20,0.2488,35,1810.0
2026-09-03,65000,2026-10-08,call,regular,251,0.2467,35,1575.0
2026-09-03,65250,2026-10-08,call,regular,1,0.2469,35,1475.0
2026-09-03,65500,2026-10-08,call,regular,121,0.2478,35,1385.0
2026-09-03,65750,2026-10-08,call,regular,54,0.2475,35,1290.0
2026-09-03,65875,2026-10-08,call,regular,1,0.2514,35,1275.0
2026-09-03,66000,2026-10-08,call,regular,712,0.2445,35,1180.0
2026-09-03,66250,2026-10-08,call,regular,4,0.2456,35,1105.0
2026-09-03,66375,2026-10-08,call,regular,1,0.251,35,1105.0
2026-09-03,66500,2026-10-08,call,regular,3,0.2454,35,1025.0
2026-09-03,66750,2026-10-08,call,regular,123,0.2424,35,930.0
2026-09-03,66875,2026-10-08,call,regular,12,0.2482,35,935.0
2026-09-03,67000,2026-10-08,call,regular,521,0.2438,35,870.0
2026-09-03,67500,2026-10-08,call,regular,162,0.2418,35,730.0
2026-09-03,67625,2026-10-08,call,regular,85,0.2471,35,735.0
2026-09-03,67750,2026-10-08,call,regular,1,0.243,35,680.0
2026-09-03,68000,2026-10-08,call,regular,654,0.2411,35,615.0
2026-09-03,68125,2026-10-08,call,regular,6,0.2446,35,610.0
2026-09-03,68250,2026-10-08,call,regular,2,0.2429,35,575.0
2026-09-03,68500,2026-10-08,call,regular,1118,0.2423,35,525.0
2026-09-03,68750,2026-10-08,call,regular,103,0.2421,35,480.0
2026-09-03,69000,2026-10-08,call,regular,2869,0.2413,35,435.0
2026-09-03,69250,2026-10-08,call,regular,1,0.2418,35,400.0
2026-09-03,69500,2026-10-08,call,regular,275,0.2418,35,365.0
2026-09-03,69750,2026-10-08,call,regular,2,0.2423,35,335.0
2026-09-03,69875,2026-10-08,call,regular,88,0.2447,35,330.0
2026-09-03,70000,2026-10-08,call,regular,1269,0.2411,35,300.0
2026-09-03,70250,2026-10-08,call,regular,12,0.242,35,276.0
2026-09-03,70375,2026-10-08,call,regular,117,0.243,35,267.0
2026-09-03,70500,2026-10-08,call,regular,103,0.2424,35,252.0
2026-09-03,70750,2026-10-08,call,regular,3,0.2428,35,230.0
2026-09-03,71000,2026-10-08,call,regular,152,0.2412,35,203.0
2026-09-03,71250,2026-10-08,call,regular,104,0.2426,35,188.0
2026-09-03,71500,2026-10-08,call,regular,257,0.2427,35,170.0
2026-09-03,72000,2026-10-08,call,regular,2003,0.2406,35,133.0
2026-09-03,72250,2026-10-08,call,regular,86,0.2429,35,125.0
2026-09-03,72500,2026-10-08,call,regular,176,0.2437,35,114.0
2026-09-03,72750,2026-10-08,call,regular,10,0.243,35,101.0
2026-09-03,73000,2026-10-08,call,regular,1547,0.2411,35,87.0
2026-09-03,73250,2026-10-08,call,regular,2,0.2441,35,83.0
2026-09-03,73500,2026-10-08,call,regular,26,0.2445,35,75.0
2026-09-03,73750,2026-10-08,call,regular,1,0.2463,35,70.0
2026-09-03,74000,2026-10-08,call,regular,622,0.2459,35,62.0
2026-09-03,74250,2026-10-08,call,regular,8,0.2449,35,54.0
2026-09-03,74500,2026-10-08,call,regular,66,0.2464,35,50.0
2026-09-03,74750,2026-10-08,call,regular,1,0.2459,35,44.0
2026-09-03,75000,2026-10-08,call,regular,1472,0.2477,35,41.0
2026-09-03,75250,2026-10-08,call,regular,2,0.2492,35,38.0
2026-09-03,75500,2026-10-08,call,regular,7,0.2515,35,36.0
2026-09-03,75750,2026-10-08,call,regular,5,0.2491,35,30.0
2026-09-03,76000,2026-10-08,call,regular,1049,0.2521,35,29.0
2026-09-03,76250,2026-10-08,call,regular,8,0.251,35,25.0
2026-09-03,76500,2026-10-08,call,regular,12,0.2537,35,24.0
2026-09-03,77000,2026-10-08,call,regular,1186,0.2555,35,20.0
2026-09-03,77500,2026-10-08,call,regular,110,0.258,35,17.0
2026-09-03,78000,2026-10-08,call,regular,665,0.2615,35,15.0
2026-09-03,78500,2026-10-08,call,regular,8,0.262,35,12.0
2026-09-03,79000,2026-10-08,call,regular,77,0.2665,35,11.0
2026-09-03,79500,2026-10-08,call,regular,4,0.2518,35,5.0
2026-09-03,80000,2026-10-08,call,regular,1844,0.2631,35,6.0
2026-09-03,80500,2026-10-08,call,regular,1,0.2592,35,4.0
2026-09-03,81000,2026-10-08,call,regular,496,0.2712,35,5.0
2026-09-03,81500,2026-10-08,call,regular,2,0.2414,35,1.0
2026-09-03,82000,2026-10-08,call,regular,64,0.2613,35,2.0
2026-09-03,82500,2026-10-08,call,regular,1,0.2672,35,2.0
2026-09-03,83000,2026-10-08,call,regular,18,0.273,35,2.0
2026-09-03,83500,2026-10-08,call,regular,9,0.2637,35,1.0
2026-09-03,84000,2026-10-08,call,regular,6,0.2845,35,2.0
2026-09-03,85000,2026-10-08,call,regular,157,0.2957,35,2.0
2026-09-03,87500,2026-10-08,call,regular,113,0.3061,35,1.0
2026-09-03,90000,2026-10-08,call,regular,113,0.3314,35,1.0
2026-09-03,92500,2026-10-08,call,regular,15,0.3559,35,1.0
2026-09-03,95000,2026-10-08,call,regular,59,0.3795,35,1.0
2026-09-03,97500,2026-10-08,call,regular,14,0.4024,35,1.0
2026-09-03,100000,2026-10-08,call,regular,297,0.4246,35,1.0
2026-09-03,44500,2026-11-12,call,regular,1,0.3429,70,19680.0
2026-09-03,50250,2026-11-12,call,regular,35,0.3383,70,14085.0
2026-09-03,56000,2026-11-12,call,regular,34,0.2968,70,8755.0
2026-09-03,57500,2026-11-12,call,regular,100,0.2838,70,7445.0
2026-09-03,58000,2026-11-12,call,regular,1,0.2808,70,7030.0
2026-09-03,60500,2026-11-12,call,regular,100,0.2653,70,5080.0
2026-09-03,61000,2026-11-12,call,regular,200,0.2627,70,4725.0
2026-09-03,64000,2026-11-12,call,regular,125,0.2505,70,2885.0
2026-09-03,65000,2026-11-12,call,regular,157,0.245,70,2365.0
2026-09-03,65500,2026-11-12,call,regular,101,0.2431,70,2135.0
2026-09-03,65750,2026-11-12,call,regular,1,0.2425,70,2030.0
2026-09-03,65875,2026-11-12,call,regular,50,0.2424,70,1980.0
2026-09-03,66000,2026-11-12,call,regular,436,0.2416,70,1925.0
2026-09-03,67000,2026-11-12,call,regular,1135,0.24,70,1560.0
2026-09-03,67500,2026-11-12,call,regular,301,0.239,70,1395.0
2026-09-03,68000,2026-11-12,call,regular,430,0.2382,70,1245.0
2026-09-03,68375,2026-11-12,call,regular,16,0.2375,70,1140.0
2026-09-03,68500,2026-11-12,call,regular,1,0.2371,70,1105.0
2026-09-03,69000,2026-11-12,call,regular,1938,0.2364,70,980.0
2026-09-03,69500,2026-11-12,call,regular,4,0.2355,70,865.0
2026-09-03,70000,2026-11-12,call,regular,994,0.2346,70,760.0
2026-09-03,70500,2026-11-12,call,regular,1,0.2336,70,665.0
2026-09-03,71000,2026-11-12,call,regular,300,0.2334,70,585.0
2026-09-03,71500,2026-11-12,call,regular,353,0.2335,70,515.0
2026-09-03,72000,2026-11-12,call,regular,395,0.2332,70,450.0
2026-09-03,72250,2026-11-12,call,regular,1,0.2347,70,430.0
2026-09-03,72500,2026-11-12,call,regular,602,0.2326,70,390.0
2026-09-03,73750,2026-11-12,call,regular,1,0.2332,70,279.0
2026-09-03,74000,2026-11-12,call,regular,100,0.2333,70,260.0
2026-09-03,74500,2026-11-12,call,regular,116,0.2327,70,223.0
2026-09-03,75000,2026-11-12,call,regular,842,0.2362,70,206.0
2026-09-03,75500,2026-11-12,call,regular,77,0.2327,70,166.0
2026-09-03,76000,2026-11-12,call,regular,1,0.2308,70,137.0
2026-09-03,76500,2026-11-12,call,regular,280,0.2364,70,133.0
2026-09-03,77000,2026-11-12,call,regular,121,0.2328,70,105.0
2026-09-03,78000,2026-11-12,call,regular,107,0.2355,70,82.0
2026-09-03,79000,2026-11-12,call,regular,2,0.2364,70,61.0
2026-09-03,80000,2026-11-12,call,regular,92,0.2372,70,45.0
2026-09-03,82500,2026-11-12,call,regular,1,0.2472,70,27.0
2026-09-03,85000,2026-11-12,call,regular,4,0.2519,70,14.0
2026-09-03,87500,2026-11-12,call,regular,4,0.2675,70,11.0
2026-09-03,90000,2026-11-12,call,regular,19,0.276,70,7.0
2026-09-03,92500,2026-11-12,call,regular,1,0.2915,70,6.0
2026-09-03,95000,2026-11-12,call,regular,6,0.3053,70,5.0
2026-09-03,100000,2026-11-12,call,regular,15,0.3263,70,3.0
2026-09-03,12500,2026-12-10,call,regular,84,0.2,98,51470.0
2026-09-03,20000,2026-12-10,call,regular,150,0.2,98,44005.0
2026-09-03,22000,2026-12-10,call,regular,100,0.2,98,42015.0
2026-09-03,25000,2026-12-10,call,regular,300,0.2,98,39030.0
2026-09-03,26000,2026-12-10,call,regular,350,0.2,98,38040.0
2026-09-03,27000,2026-12-10,call,regular,250,0.2,98,37045.0
2026-09-03,28000,2026-12-10,call,regular,75,0.2,98,36050.0
2026-09-03,28500,2026-12-10,call,regular,125,0.2,98,35555.0
2026-09-03,29000,2026-12-10,call,regular,150,0.2,98,35060.0
2026-09-03,30000,2026-12-10,call,regular,100,0.2,98,34065.0
2026-09-03,30500,2026-12-10,call,regular,50,0.2,98,33570.0
2026-09-03,31000,2026-12-10,call,regular,241,0.2,98,33075.0
2026-09-03,31500,2026-12-10,call,regular,50,0.2,98,32580.0
2026-09-03,32000,2026-12-10,call,regular,700,0.2,98,32085.0
2026-09-03,32500,2026-12-10,call,regular,250,0.2,98,31590.0
2026-09-03,33000,2026-12-10,call,regular,1950,0.2,98,31095.0
2026-09-03,34000,2026-12-10,call,regular,280,0.2,98,30105.0
2026-09-03,34500,2026-12-10,call,regular,400,0.2,98,29610.0
2026-09-03,35000,2026-12-10,call,regular,435,0.2,98,29115.0
2026-09-03,36000,2026-12-10,call,regular,975,0.2,98,28125.0
2026-09-03,36500,2026-12-10,call,regular,252,0.2,98,27630.0
2026-09-03,37000,2026-12-10,call,regular,450,0.2,98,27170.0
2026-09-03,37500,2026-12-10,call,regular,88,0.4073,98,26680.0
2026-09-03,37750,2026-12-10,call,regular,100,0.4025,98,26430.0
2026-09-03,38000,2026-12-10,call,regular,1225,0.4091,98,26185.0
2026-09-03,38500,2026-12-10,call,regular,700,0.4175,98,25695.0
2026-09-03,38750,2026-12-10,call,regular,50,0.4126,98,25445.0
2026-09-03,39000,2026-12-10,call,regular,750,0.4151,98,25200.0
2026-09-03,39500,2026-12-10,call,regular,500,0.4182,98,24710.0
2026-09-03,40000,2026-12-10,call,regular,1200,0.4192,98,24220.0
2026-09-03,40500,2026-12-10,call,regular,400,0.4141,98,23725.0
2026-09-03,41000,2026-12-10,call,regular,1300,0.413,98,23235.0
2026-09-03,41500,2026-12-10,call,regular,100,0.411,98,22745.0
2026-09-03,42000,2026-12-10,call,regular,1071,0.4081,98,22255.0
2026-09-03,42500,2026-12-10,call,regular,250,0.4047,98,21765.0
2026-09-03,43000,2026-12-10,call,regular,1400,0.4036,98,21280.0
2026-09-03,43750,2026-12-10,call,regular,131,0.3964,98,20545.0
2026-09-03,44000,2026-12-10,call,regular,600,0.3939,98,20300.0
2026-09-03,45000,2026-12-10,call,regular,1842,0.3873,98,19330.0
2026-09-03,45250,2026-12-10,call,regular,413,0.3842,98,19085.0
2026-09-03,45500,2026-12-10,call,regular,200,0.3811,98,18840.0
2026-09-03,46000,2026-12-10,call,regular,2300,0.3786,98,18360.0
2026-09-03,46250,2026-12-10,call,regular,315,0.3753,98,18115.0
2026-09-03,47000,2026-12-10,call,regular,350,0.3684,98,17390.0
2026-09-03,47500,2026-12-10,call,regular,200,0.3643,98,16910.0
2026-09-03,48000,2026-12-10,call,regular,750,0.3613,98,16435.0
2026-09-03,49000,2026-12-10,call,regular,1000,0.351,98,15475.0
2026-09-03,49500,2026-12-10,call,regular,260,0.3502,98,15015.0
2026-09-03,50000,2026-12-10,call,regular,3342,0.3418,98,14525.0
2026-09-03,50250,2026-12-10,call,regular,58,0.342,98,14300.0
2026-09-03,50500,2026-12-10,call,regular,600,0.3409,98,14070.0
2026-09-03,50750,2026-12-10,call,regular,45,0.3364,98,13825.0
2026-09-03,51000,2026-12-10,call,regular,731,0.332,98,13580.0
2026-09-03,52000,2026-12-10,call,regular,802,0.3253,98,12660.0
2026-09-03,52250,2026-12-10,call,regular,250,0.3242,98,12435.0
2026-09-03,52500,2026-12-10,call,regular,50,0.3194,98,12190.0
2026-09-03,53000,2026-12-10,call,regular,1135,0.3174,98,11745.0
2026-09-03,53500,2026-12-10,call,regular,106,0.3122,98,11285.0
2026-09-03,54000,2026-12-10,call,regular,1941,0.3081,98,10835.0
2026-09-03,54500,2026-12-10,call,regular,540,0.3036,98,10385.0
2026-09-03,55000,2026-12-10,call,regular,1829,0.3011,98,9955.0
2026-09-03,55500,2026-12-10,call,regular,300,0.298,98,9525.0
2026-09-03,56000,2026-12-10,call,regular,791,0.2925,98,9080.0
2026-09-03,56500,2026-12-10,call,regular,283,0.2905,98,8670.0
2026-09-03,57000,2026-12-10,call,regular,500,0.2867,98,8250.0
2026-09-03,57250,2026-12-10,call,regular,113,0.2824,98,8020.0
2026-09-03,57500,2026-12-10,call,regular,80,0.2807,98,7815.0
2026-09-03,58000,2026-12-10,call,regular,2603,0.2767,98,7405.0
2026-09-03,58500,2026-12-10,call,regular,350,0.2741,98,7015.0
2026-09-03,59000,2026-12-10,call,regular,1900,0.2722,98,6640.0
2026-09-03,59500,2026-12-10,call,regular,100,0.269,98,6260.0
2026-09-03,60000,2026-12-10,call,regular,7264,0.2677,98,5910.0
2026-09-03,60500,2026-12-10,call,regular,102,0.2656,98,5560.0
2026-09-03,61000,2026-12-10,call,regular,813,0.263,98,5215.0
2026-09-03,62000,2026-12-10,call,regular,1450,0.2571,98,4545.0
2026-09-03,62500,2026-12-10,call,regular,812,0.2553,98,4240.0
2026-09-03,63000,2026-12-10,call,regular,1615,0.2523,98,3930.0
2026-09-03,63500,2026-12-10,call,regular,300,0.2507,98,3650.0
2026-09-03,64000,2026-12-10,call,regular,1990,0.2489,98,3380.0
2026-09-03,65000,2026-12-10,call,regular,2992,0.2443,98,2860.0
2026-09-03,65500,2026-12-10,call,regular,734,0.2429,98,2630.0
2026-09-03,66000,2026-12-10,call,regular,875,0.2417,98,2415.0
2026-09-03,66250,2026-12-10,call,regular,15,0.2409,98,2310.0
2026-09-03,66500,2026-12-10,call,regular,700,0.24,98,2205.0
2026-09-03,67000,2026-12-10,call,regular,1248,0.2393,98,2020.0
2026-09-03,67250,2026-12-10,call,regular,25,0.2388,98,1930.0
2026-09-03,67500,2026-12-10,call,regular,25,0.2376,98,1835.0
2026-09-03,68000,2026-12-10,call,regular,3143,0.2363,98,1665.0
2026-09-03,68500,2026-12-10,call,regular,524,0.2357,98,1515.0
2026-09-03,69000,2026-12-10,call,regular,1494,0.2338,98,1360.0
2026-09-03,69250,2026-12-10,call,regular,50,0.2349,98,1310.0
2026-09-03,69750,2026-12-10,call,regular,158,0.2343,98,1185.0
2026-09-03,70000,2026-12-10,call,regular,5223,0.2339,98,1125.0
2026-09-03,71000,2026-12-10,call,regular,2249,0.2325,98,910.0
2026-09-03,72000,2026-12-10,call,regular,1285,0.2319,98,735.0
2026-09-03,72250,2026-12-10,call,regular,2,0.231,98,690.0
2026-09-03,72500,2026-12-10,call,regular,2312,0.2305,98,650.0
2026-09-03,73000,2026-12-10,call,regular,802,0.2301,98,580.0
2026-09-03,73500,2026-12-10,call,regular,400,0.2302,98,520.0
2026-09-03,74000,2026-12-10,call,regular,1050,0.2295,98,460.0
2026-09-03,74500,2026-12-10,call,regular,485000,0.2294,98,410.0
2026-09-03,75000,2026-12-10,call,regular,3725,0.2326,98,385.0
2026-09-03,76000,2026-12-10,call,regular,457,0.2289,98,286.0
2026-09-03,77000,2026-12-10,call,regular,459,0.2291,98,225.0
2026-09-03,77500,2026-12-10,call,regular,1055,0.2289,98,198.0
2026-09-03,78000,2026-12-10,call,regular,382,0.2295,98,177.0
2026-09-03,79000,2026-12-10,call,regular,204,0.231,98,142.0
2026-09-03,80000,2026-12-10,call,regular,7254,0.2299,98,107.0
2026-09-03,81000,2026-12-10,call,regular,1,0.2317,98,86.0
2026-09-03,82500,2026-12-10,call,regular,1126,0.2343,98,62.0
2026-09-03,83000,2026-12-10,call,regular,120,0.2354,98,56.0
2026-09-03,84000,2026-12-10,call,regular,523,0.2371,98,45.0
2026-09-03,85000,2026-12-10,call,regular,705,0.2394,98,37.0
2026-09-03,87500,2026-12-10,call,regular,2457,0.2441,98,22.0
2026-09-03,90000,2026-12-10,call,regular,1775,0.2503,98,14.0
2026-09-03,95000,2026-12-10,call,regular,1077,0.2623,98,6.0
2026-09-03,100000,2026-12-10,call,regular,503,0.2825,98,4.0
2026-09-03,54250,2027-01-07,call,regular,27,0.2995,126,10860.0
2026-09-03,61000,2027-01-07,call,regular,26,0.2641,126,5660.0
2026-09-03,63750,2027-01-07,call,regular,50,0.2487,126,3940.0
2026-09-03,64000,2027-01-07,call,regular,100,0.2481,126,3810.0
2026-09-03,65000,2027-01-07,call,regular,6,0.2446,126,3300.0
2026-09-03,67500,2027-01-07,call,regular,5,0.2378,126,2240.0
2026-09-03,67750,2027-01-07,call,regular,1,0.2376,126,2155.0
2026-09-03,68500,2027-01-07,call,regular,5,0.2356,126,1895.0
2026-09-03,69000,2027-01-07,call,regular,1,0.2339,126,1730.0
2026-09-03,69500,2027-01-07,call,regular,2,0.2334,126,1590.0
2026-09-03,70000,2027-01-07,call,regular,2,0.2315,126,1440.0
2026-09-03,70250,2027-01-07,call,regular,1,0.231,126,1375.0
2026-09-03,70500,2027-01-07,call,regular,2,0.2307,126,1315.0
2026-09-03,71000,2027-01-07,call,regular,1,0.2301,126,1200.0
2026-09-03,71500,2027-01-07,call,regular,50,0.2292,126,1090.0
2026-09-03,72000,2027-01-07,call,regular,2,0.2286,126,990.0
2026-09-03,73000,2027-01-07,call,regular,1,0.2281,126,820.0
2026-09-03,74000,2027-01-07,call,regular,1,0.2275,126,675.0
2026-09-03,75000,2027-01-07,call,regular,1,0.2286,126,565.0
2026-09-03,80000,2027-01-07,call,regular,1,0.2292,126,205.0
2026-09-03,100000,2027-01-07,call,regular,4,0.2617,126,7.0
2026-09-03,56000,2027-02-10,call,regular,8,0.2877,160,9760.0
2026-09-03,56750,2027-02-10,call,regular,60,0.2834,160,9165.0
2026-09-03,64000,2027-02-10,call,regular,60,0.2505,160,4325.0
2026-09-03,66000,2027-02-10,call,regular,8,0.2448,160,3355.0
2026-09-03,66250,2027-02-10,call,regular,50,0.2441,160,3245.0
2026-09-03,67250,2027-02-10,call,regular,12,0.2419,160,2835.0
2026-09-03,72500,2027-02-10,call,regular,75,0.2353,160,1315.0
2026-09-03,75000,2027-02-10,call,regular,100,0.2345,160,890.0
2026-09-03,52000,2027-03-11,call,regular,560,0.2987,189,13250.0
2026-09-03,52750,2027-03-11,call,regular,8,0.294,189,12600.0
2026-09-03,53000,2027-03-11,call,regular,275,0.2929,189,12390.0
2026-09-03,53500,2027-03-11,call,regular,202,0.2899,189,11965.0
2026-09-03,53750,2027-03-11,call,regular,44,0.2885,189,11755.0
2026-09-03,54000,2027-03-11,call,regular,267,0.2871,189,11545.0
2026-09-03,55000,2027-03-11,call,regular,550,0.2815,189,10720.0
2026-09-03,56000,2027-03-11,call,regular,50,0.2764,189,9920.0
2026-09-03,56500,2027-03-11,call,regular,1,0.274,189,9530.0
2026-09-03,57000,2027-03-11,call,regular,365,0.2716,189,9145.0
2026-09-03,58000,2027-03-11,call,regular,150,0.2669,189,8395.0
2026-09-03,59500,2027-03-11,call,regular,200,0.2606,189,7330.0
2026-09-03,59750,2027-03-11,call,regular,2,0.2597,189,7160.0
2026-09-03,60000,2027-03-11,call,regular,12,0.2586,189,6990.0
2026-09-03,60250,2027-03-11,call,regular,44,0.2577,189,6825.0
2026-09-03,61000,2027-03-11,call,regular,160,0.255,189,6340.0
2026-09-03,61750,2027-03-11,call,regular,1,0.2525,189,5875.0
2026-09-03,62500,2027-03-11,call,regular,508,0.25,189,5430.0
2026-09-03,63000,2027-03-11,call,regular,392,0.2485,189,5145.0
2026-09-03,64000,2027-03-11,call,regular,100,0.2457,189,4605.0
2026-09-03,64250,2027-03-11,call,regular,100,0.2449,189,4475.0
2026-09-03,65000,2027-03-11,call,regular,801,0.2431,189,4105.0
2026-09-03,66000,2027-03-11,call,regular,872,0.2407,189,3640.0
2026-09-03,66250,2027-03-11,call,regular,15,0.2401,189,3530.0
2026-09-03,66500,2027-03-11,call,regular,6,0.2397,189,3425.0
2026-09-03,67000,2027-03-11,call,regular,200,0.2387,189,3220.0
2026-09-03,68000,2027-03-11,call,regular,550,0.2366,189,2830.0
2026-09-03,69000,2027-03-11,call,regular,350,0.2352,189,2485.0
2026-09-03,69250,2027-03-11,call,regular,10,0.2346,189,2400.0
2026-09-03,70000,2027-03-11,call,regular,666,0.2337,189,2170.0
2026-09-03,70500,2027-03-11,call,regular,150,0.233,189,2025.0
2026-09-03,71000,2027-03-11,call,regular,100,0.2325,189,1890.0
2026-09-03,72000,2027-03-11,call,regular,650,0.2313,189,1640.0
2026-09-03,72500,2027-03-11,call,regular,85,0.2311,189,1530.0
2026-09-03,73000,2027-03-11,call,regular,400,0.2305,189,1420.0
2026-09-03,73500,2027-03-11,call,regular,1,0.2301,189,1320.0
2026-09-03,74000,2027-03-11,call,regular,3,0.23,189,1230.0
2026-09-03,75000,2027-03-11,call,regular,697,0.2295,189,1060.0
2026-09-03,77500,2027-03-11,call,regular,400,0.2287,189,725.0
2026-09-03,80000,2027-03-11,call,regular,290,0.2289,189,495.0
2026-09-03,82500,2027-03-11,call,regular,737,0.2302,189,340.0
2026-09-03,85000,2027-03-11,call,regular,330,0.2311,189,230.0
2026-09-03,90000,2027-03-11,call,regular,350,0.236,189,112.0
2026-09-03,95000,2027-03-11,call,regular,500,0.2442,189,61.0
2026-09-03,100000,2027-03-11,call,regular,78,0.2567,189,40.0
2026-09-03,57000,2027-04-08,call,regular,25,0.2578,217,9215.0
2026-09-03,57750,2027-04-08,call,regular,88,0.2556,217,8670.0
2026-09-03,65000,2027-04-08,call,regular,88,0.2364,217,4295.0
2026-09-03,67000,2027-04-08,call,regular,25,0.2332,217,3425.0
2026-09-03,60250,2027-05-13,call,regular,8,0.2517,252,7385.0
2026-09-03,61250,2027-05-13,call,regular,23,0.2488,252,6765.0
2026-09-03,71000,2027-05-13,call,regular,23,0.2324,252,2485.0
2026-09-03,72000,2027-05-13,call,regular,8,0.2319,252,2220.0
2026-09-03,16250,2027-06-10,call,regular,114,0.2,280,47470.0
2026-09-03,30000,2027-06-10,call,regular,300,0.2,280,34045.0
2026-09-03,33000,2027-06-10,call,regular,50,0.2,280,31145.0
2026-09-03,36000,2027-06-10,call,regular,150,0.312,280,28260.0
2026-09-03,37000,2027-06-10,call,regular,50,0.3174,280,27300.0
2026-09-03,37250,2027-06-10,call,regular,480,0.318,280,27060.0
2026-09-03,38500,2027-06-10,call,regular,140,0.3209,280,25870.0
2026-09-03,39000,2027-06-10,call,regular,50,0.321,280,25395.0
2026-09-03,44500,2027-06-10,call,regular,300,0.3052,280,20240.0
2026-09-03,50000,2027-06-10,call,regular,300,0.2826,280,15330.0
2026-09-03,50500,2027-06-10,call,regular,175,0.2804,280,14900.0
2026-09-03,53000,2027-06-10,call,regular,100,0.2713,280,12830.0
2026-09-03,54000,2027-06-10,call,regular,1050,0.2675,280,12030.0
2026-09-03,55000,2027-06-10,call,regular,300,0.2641,280,11255.0
2026-09-03,56000,2027-06-10,call,regular,175,0.261,280,10505.0
2026-09-03,57000,2027-06-10,call,regular,50,0.2581,280,9780.0
2026-09-03,58500,2027-06-10,call,regular,58,0.2538,280,8740.0
2026-09-03,60000,2027-06-10,call,regular,750,0.25,280,7765.0
2026-09-03,62500,2027-06-10,call,regular,150,0.2445,280,6290.0
2026-09-03,63000,2027-06-10,call,regular,100,0.2436,280,6020.0
2026-09-03,64000,2027-06-10,call,regular,350,0.2417,280,5500.0
2026-09-03,65000,2027-06-10,call,regular,500,0.2401,280,5015.0
2026-09-03,65500,2027-06-10,call,regular,62,0.2391,280,4780.0
2026-09-03,66000,2027-06-10,call,regular,300,0.2383,280,4555.0
2026-09-03,66500,2027-06-10,call,regular,125,0.2376,280,4340.0
2026-09-03,67000,2027-06-10,call,regular,770,0.2368,280,4130.0
2026-09-03,67500,2027-06-10,call,regular,400,0.2362,280,3930.0
2026-09-03,68000,2027-06-10,call,regular,400,0.2355,280,3735.0
2026-09-03,68250,2027-06-10,call,regular,15,0.2353,280,3645.0
2026-09-03,68500,2027-06-10,call,regular,206,0.2349,280,3550.0
2026-09-03,69000,2027-06-10,call,regular,1,0.2342,280,3370.0
2026-09-03,69250,2027-06-10,call,regular,36,0.234,280,3285.0
2026-09-03,69500,2027-06-10,call,regular,62,0.2337,280,3200.0
2026-09-03,70000,2027-06-10,call,regular,450,0.2331,280,3035.0
2026-09-03,71000,2027-06-10,call,regular,100,0.232,280,2725.0
2026-09-03,72000,2027-06-10,call,regular,400,0.231,280,2440.0
2026-09-03,74000,2027-06-10,call,regular,850,0.2292,280,1945.0
2026-09-03,75000,2027-06-10,call,regular,475,0.2284,280,1730.0
2026-09-03,77500,2027-06-10,call,regular,536,0.2266,280,1280.0
2026-09-03,80000,2027-06-10,call,regular,715,0.225,280,935.0
2026-09-03,85000,2027-06-10,call,regular,1375,0.2235,280,490.0
2026-09-03,90000,2027-06-10,call,regular,400,0.2244,280,260.0
2026-09-03,65750,2027-07-08,call,regular,20,0.2398,308,4955.0
2026-09-03,66750,2027-07-08,call,regular,32,0.2383,308,4520.0
2026-09-03,75000,2027-07-08,call,regular,32,0.2306,308,1975.0
2026-09-03,77000,2027-07-08,call,regular,20,0.2304,308,1605.0
2026-09-03,68000,2027-08-12,call,regular,22,0.2395,343,4395.0
2026-09-03,69000,2027-08-12,call,regular,53,0.2381,343,4015.0
2026-09-03,78000,2027-08-12,call,regular,75,0.2317,343,1690.0
2026-09-03,65000,2027-09-09,call,regular,1,0.2444,371,5945.0
2026-09-03,67000,2027-09-09,call,regular,80,0.2411,371,5045.0
2026-09-03,77500,2027-09-09,call,regular,82,0.233,371,1980.0
2026-09-03,28000,2027-12-09,call,regular,50,0.2,462,36025.0
2026-09-03,30000,2027-12-09,call,regular,225,0.2,462,34135.0
2026-09-03,31500,2027-12-09,call,regular,50,0.2563,462,32720.0
2026-09-03,32000,2027-12-09,call,regular,100,0.2775,462,32255.0
2026-09-03,33000,2027-12-09,call,regular,100,0.2933,462,31315.0
2026-09-03,34000,2027-12-09,call,regular,375,0.303,462,30385.0
2026-09-03,35000,2027-12-09,call,regular,201,0.3075,462,29455.0
2026-09-03,36000,2027-12-09,call,regular,80,0.3098,462,28530.0
2026-09-03,36750,2027-12-09,call,regular,442,0.3106,462,27840.0
2026-09-03,37000,2027-12-09,call,regular,200,0.3106,462,27610.0
2026-09-03,38000,2027-12-09,call,regular,575,0.311,462,26700.0
2026-09-03,39000,2027-12-09,call,regular,125,0.3097,462,25790.0
2026-09-03,39250,2027-12-09,call,regular,50,0.3089,462,25560.0
2026-09-03,39500,2027-12-09,call,regular,50,0.3086,462,25335.0
2026-09-03,40000,2027-12-09,call,regular,350,0.3078,462,24885.0
2026-09-03,40500,2027-12-09,call,regular,450,0.3066,462,24435.0
2026-09-03,41000,2027-12-09,call,regular,375,0.3058,462,23990.0
2026-09-03,42000,2027-12-09,call,regular,200,0.3032,462,23100.0
2026-09-03,43000,2027-12-09,call,regular,400,0.3006,462,22220.0
2026-09-03,43500,2027-12-09,call,regular,150,0.2989,462,21780.0
2026-09-03,45000,2027-12-09,call,regular,1950,0.2943,462,20480.0
2026-09-03,46000,2027-12-09,call,regular,500,0.2914,462,19630.0
2026-09-03,48000,2027-12-09,call,regular,225,0.2849,462,17955.0
2026-09-03,49000,2027-12-09,call,regular,700,0.2815,462,17135.0
2026-09-03,50000,2027-12-09,call,regular,1950,0.2786,462,16335.0
2026-09-03,51000,2027-12-09,call,regular,300,0.2754,462,15545.0
2026-09-03,52500,2027-12-09,call,regular,100,0.2709,462,14395.0
2026-09-03,54000,2027-12-09,call,regular,300,0.2665,462,13280.0
2026-09-03,54500,2027-12-09,call,regular,100,0.2651,462,12920.0
2026-09-03,55000,2027-12-09,call,regular,704,0.2636,462,12560.0
2026-09-03,57000,2027-12-09,call,regular,250,0.2583,462,11185.0
2026-09-03,58000,2027-12-09,call,regular,500,0.2559,462,10530.0
2026-09-03,60000,2027-12-09,call,regular,1225,0.2514,462,9290.0
2026-09-03,61000,2027-12-09,call,regular,200,0.2493,462,8705.0
2026-09-03,62000,2027-12-09,call,regular,200,0.2473,462,8145.0
2026-09-03,62500,2027-12-09,call,regular,70,0.2464,462,7875.0
2026-09-03,63000,2027-12-09,call,regular,300,0.2454,462,7610.0
2026-09-03,63500,2027-12-09,call,regular,50,0.2445,462,7350.0
2026-09-03,64000,2027-12-09,call,regular,780,0.2437,462,7100.0
2026-09-03,65000,2027-12-09,call,regular,550,0.2421,462,6615.0
2026-09-03,66000,2027-12-09,call,regular,475,0.2406,462,6155.0
2026-09-03,67000,2027-12-09,call,regular,100,0.2393,462,5720.0
2026-09-03,68000,2027-12-09,call,regular,200,0.238,462,5310.0
2026-09-03,69000,2027-12-09,call,regular,850,0.2369,462,4925.0
2026-09-03,70000,2027-12-09,call,regular,850,0.2358,462,4560.0
2026-09-03,70500,2027-12-09,call,regular,62,0.2354,462,4390.0
2026-09-03,72000,2027-12-09,call,regular,500,0.2342,462,3905.0
2026-09-03,72500,2027-12-09,call,regular,100,0.2338,462,3755.0
2026-09-03,73500,2027-12-09,call,regular,100,0.2332,462,3470.0
2026-09-03,75000,2027-12-09,call,regular,277,0.2324,462,3080.0
2026-09-03,77500,2027-12-09,call,regular,500,0.2316,462,2520.0
2026-09-03,80000,2027-12-09,call,regular,1000,0.2312,462,2060.0
2026-09-03,85000,2027-12-09,call,regular,100,0.2317,462,1380.0
2026-09-03,87500,2027-12-09,call,regular,100,0.2326,462,1135.0
2026-09-03,41500,2028-06-08,call,regular,100,0.3004,644,24130.0
2026-09-03,28000,2028-12-07,call,regular,50,0.2893,826,36410.0
2026-09-03,30000,2028-12-07,call,regular,80,0.3049,826,34615.0
2026-09-03,31000,2028-12-07,call,regular,200,0.3085,826,33725.0
2026-09-03,32000,2028-12-07,call,regular,75,0.3105,826,32840.0
2026-09-03,33000,2028-12-07,call,regular,125,0.3113,826,31960.0
2026-09-03,34500,2028-12-07,call,regular,330,0.3106,826,30645.0
2026-09-03,34750,2028-12-07,call,regular,100,0.3106,826,30430.0
2026-09-03,35500,2028-12-07,call,regular,443,0.3098,826,29780.0
2026-09-03,36000,2028-12-07,call,regular,450,0.3089,826,29345.0
2026-09-03,36500,2028-12-07,call,regular,52,0.3081,826,28915.0
2026-09-03,38000,2028-12-07,call,regular,120,0.3054,826,27635.0
2026-09-03,39000,2028-12-07,call,regular,575,0.3032,826,26790.0
2026-09-03,40000,2028-12-07,call,regular,30,0.3011,826,25955.0
2026-09-03,41000,2028-12-07,call,regular,375,0.2986,826,25125.0
2026-09-03,42000,2028-12-07,call,regular,65,0.2961,826,24305.0
2026-09-03,42500,2028-12-07,call,regular,100,0.2949,826,23900.0
2026-09-03,50000,2028-12-07,call,regular,400,0.2749,826,18115.0
2026-09-03,53000,2028-12-07,call,regular,50,0.2675,826,16005.0
2026-09-03,55000,2028-12-07,call,regular,50,0.2629,826,14675.0
2026-09-03,56000,2028-12-07,call,regular,650,0.2607,826,14035.0
2026-09-03,60000,2028-12-07,call,regular,250,0.2527,826,11645.0
2026-09-03,65000,2028-12-07,call,regular,25,0.2448,826,9075.0
2026-09-03,67500,2028-12-07,call,regular,100,0.2417,826,7970.0
2026-09-03,75000,2028-12-07,call,regular,80,0.2358,826,5340.0
2026-09-03,80000,2028-12-07,call,regular,200,0.2342,826,4080.0
2026-09-03,50000,2029-12-13,call,regular,100,0.2729,1197,19665.0
2026-09-03,60000,2029-12-13,call,regular,375,0.2526,1197,13515.0
2026-09-03,65000,2029-12-13,call,regular,50,0.2459,1197,11045.0
2026-09-03,57000,2030-12-12,call,regular,300,0.257,1561,16695.0
2026-09-03,64000,2030-12-12,call,regular,3,0.2489,1561,13200.0
2026-09-03,58875,2026-09-04,put,mini,3234,0.6315,1,3.0
2026-09-03,59000,2026-09-04,put,mini,262,0.6175,1,3.0
2026-09-03,59125,2026-09-04,put,mini,1,0.6034,1,3.0
2026-09-03,59250,2026-09-04,put,mini,34,0.6087,1,4.0
2026-09-03,59375,2026-09-04,put,mini,14,0.5944,1,4.0
2026-09-03,59500,2026-09-04,put,mini,79,0.5955,1,5.0
2026-09-03,59625,2026-09-04,put,mini,4,0.5939,1,6.0
2026-09-03,59750,2026-09-04,put,mini,17,0.579,1,6.0
2026-09-03,59875,2026-09-04,put,mini,78,0.5752,1,7.0
2026-09-03,60000,2026-09-04,put,mini,885,0.5791,1,9.0
2026-09-03,60125,2026-09-04,put,mini,13,0.5635,1,9.0
2026-09-03,60250,2026-09-04,put,mini,17,0.5478,1,9.0
2026-09-03,60375,2026-09-04,put,mini,6,0.5401,1,10.0
2026-09-03,60500,2026-09-04,put,mini,149,0.5384,1,12.0
2026-09-03,60625,2026-09-04,put,mini,7,0.5285,1,13.0
2026-09-03,60750,2026-09-04,put,mini,46,0.5291,1,16.0
2026-09-03,60875,2026-09-04,put,mini,43,0.5173,1,17.0
2026-09-03,61000,2026-09-04,put,mini,458,0.5185,1,21.0
2026-09-03,61125,2026-09-04,put,mini,92,0.5091,1,23.0
2026-09-03,61250,2026-09-04,put,mini,173,0.5025,1,26.0
2026-09-03,61375,2026-09-04,put,mini,41,0.4945,1,29.0
2026-09-03,61500,2026-09-04,put,mini,526,0.4661,1,26.0
2026-09-03,61625,2026-09-04,put,mini,31,0.4861,1,39.0
2026-09-03,61750,2026-09-04,put,mini,59,0.4815,1,45.0
2026-09-03,61875,2026-09-04,put,mini,35,0.4729,1,50.0
2026-09-03,62000,2026-09-04,put,mini,710,0.4481,1,48.0
2026-09-03,62125,2026-09-04,put,mini,24,0.4517,1,60.0
2026-09-03,62250,2026-09-04,put,mini,48,0.443,1,67.0
2026-09-03,62375,2026-09-04,put,mini,4,0.4361,1,76.0
2026-09-03,62500,2026-09-04,put,mini,437,0.4197,1,80.0
2026-09-03,62625,2026-09-04,put,mini,15,0.425,1,100.0
2026-09-03,62750,2026-09-04,put,mini,173,0.4199,1,115.0
2026-09-03,62875,2026-09-04,put,mini,46,0.3984,1,118.0
2026-09-03,63000,2026-09-04,put,mini,953,0.4073,1,149.0
2026-09-03,63125,2026-09-04,put,mini,20,0.3974,1,166.0
2026-09-03,63250,2026-09-04,put,mini,91,0.396,1,194.0
2026-09-03,63375,2026-09-04,put,mini,3,0.3796,1,209.0
2026-09-03,63500,2026-09-04,put,mini,613,0.3964,1,265.0
2026-09-03,63625,2026-09-04,put,mini,16,0.383,1,290.0
2026-09-03,63750,2026-09-04,put,mini,52,0.3591,1,305.0
2026-09-03,63875,2026-09-04,put,mini,18,0.3751,1,375.0
2026-09-03,64000,2026-09-04,put,mini,795,0.3604,1,410.0
2026-09-03,64125,2026-09-04,put,mini,15,0.346,1,450.0
2026-09-03,64250,2026-09-04,put,mini,217,0.3502,1,520.0
2026-09-03,64375,2026-09-04,put,mini,144,0.3428,1,580.0
2026-09-03,64500,2026-09-04,put,mini,350,0.366,1,685.0
2026-09-03,64625,2026-09-04,put,mini,14,0.2891,1,670.0
2026-09-03,64750,2026-09-04,put,mini,252,0.2856,1,755.0
2026-09-03,64875,2026-09-04,put,mini,5,0.2712,1,835.0
2026-09-03,65000,2026-09-04,put,mini,443,0.3082,1,970.0
2026-09-03,65125,2026-09-04,put,mini,14,0.2179,1,1005.0
2026-09-03,65250,2026-09-04,put,mini,69,0.2,1,1095.0
2026-09-03,65375,2026-09-04,put,mini,8,0.2,1,1190.0
2026-09-03,65500,2026-09-04,put,mini,253,0.2,1,1300.0
2026-09-03,65625,2026-09-04,put,mini,21,0.2,1,1400.0
2026-09-03,65750,2026-09-04,put,mini,467,0.2,1,1510.0
2026-09-03,65875,2026-09-04,put,mini,1615,0.2,1,1615.0
2026-09-03,66000,2026-09-04,put,mini,219,0.2,1,1720.0
2026-09-03,66125,2026-09-04,put,mini,1,0.2,1,1840.0
2026-09-03,66250,2026-09-04,put,mini,74,0.2,1,1960.0
2026-09-03,66375,2026-09-04,put,mini,16,0.2,1,2075.0
2026-09-03,66500,2026-09-04,put,mini,111,0.2,1,2195.0
2026-09-03,66625,2026-09-04,put,mini,3,0.2,1,2315.0
2026-09-03,66750,2026-09-04,put,mini,15,0.2,1,2440.0
2026-09-03,66875,2026-09-04,put,mini,2555,0.2,1,2555.0
2026-09-03,67000,2026-09-04,put,mini,10,0.2,1,2675.0
2026-09-03,67125,2026-09-04,put,mini,2795,0.2,1,2795.0
2026-09-03,67250,2026-09-04,put,mini,2,0.2,1,2920.0
2026-09-03,67375,2026-09-04,put,mini,3045,0.2,1,3045.0
2026-09-03,67500,2026-09-04,put,mini,10,0.2,1,3170.0
2026-09-03,67625,2026-09-04,put,mini,3295,0.2,1,3295.0
2026-09-03,67750,2026-09-04,put,mini,5,0.2,1,3415.0
2026-09-03,67875,2026-09-04,put,mini,3540,0.2,1,3540.0
2026-09-03,68000,2026-09-04,put,mini,12,0.2,1,3665.0
2026-09-03,68250,2026-09-04,put,mini,2,0.2,1,3915.0
2026-09-03,68750,2026-09-04,put,mini,4,0.2,1,4415.0
2026-09-03,66250,2026-09-09,put,mini,2,0.206,6,2190.0
2026-09-03,58375,2026-09-11,put,mini,215,0.4016,8,87.0
2026-09-03,58500,2026-09-11,put,mini,759,0.399,8,92.0
2026-09-03,58625,2026-09-11,put,mini,2,0.3944,8,95.0
2026-09-03,58750,2026-09-11,put,mini,39,0.3915,8,100.0
2026-09-03,58875,2026-09-11,put,mini,3,0.3874,8,104.0
2026-09-03,59000,2026-09-11,put,mini,607,0.3824,8,107.0
2026-09-03,59125,2026-09-11,put,mini,3,0.3804,8,114.0
2026-09-03,59250,2026-09-11,put,mini,6,0.3766,8,119.0
2026-09-03,59375,2026-09-11,put,mini,3,0.3734,8,125.0
2026-09-03,59500,2026-09-11,put,mini,238,0.372,8,134.0
2026-09-03,59625,2026-09-11,put,mini,3,0.36,8,128.0
2026-09-03,59750,2026-09-11,put,mini,4,0.3642,8,146.0
2026-09-03,59875,2026-09-11,put,mini,2,0.3619,8,155.0
2026-09-03,60000,2026-09-11,put,mini,1320,0.3611,8,167.0
2026-09-03,60250,2026-09-11,put,mini,10,0.3537,8,183.0
2026-09-03,60375,2026-09-11,put,mini,8,0.3469,8,186.0
2026-09-03,60500,2026-09-11,put,mini,217,0.3416,8,192.0
2026-09-03,60625,2026-09-11,put,mini,216,0.3454,8,216.0
2026-09-03,60750,2026-09-11,put,mini,6,0.3424,8,228.0
2026-09-03,60875,2026-09-11,put,mini,2,0.3316,8,224.0
2026-09-03,61000,2026-09-11,put,mini,567,0.3343,8,249.0
2026-09-03,61125,2026-09-11,put,mini,1,0.3296,8,259.0
2026-09-03,61250,2026-09-11,put,mini,40,0.3315,8,285.0
2026-09-03,61375,2026-09-11,put,mini,2,0.3254,8,293.0
2026-09-03,61500,2026-09-11,put,mini,198,0.3266,8,320.0
2026-09-03,61625,2026-09-11,put,mini,330,0.3207,8,330.0
2026-09-03,61750,2026-09-11,put,mini,15,0.3201,8,355.0
2026-09-03,61875,2026-09-11,put,mini,2,0.3173,8,375.0
2026-09-03,62000,2026-09-11,put,mini,685,0.3193,8,410.0
2026-09-03,62125,2026-09-11,put,mini,1,0.3121,8,420.0
2026-09-03,62250,2026-09-11,put,mini,5,0.3114,8,450.0
2026-09-03,62500,2026-09-11,put,mini,623,0.3067,8,505.0
2026-09-03,62625,2026-09-11,put,mini,520,0.2999,8,520.0
2026-09-03,62750,2026-09-11,put,mini,66,0.3003,8,560.0
2026-09-03,62875,2026-09-11,put,mini,1,0.2957,8,585.0
2026-09-03,63000,2026-09-11,put,mini,977,0.2877,8,600.0
2026-09-03,63125,2026-09-11,put,mini,665,0.2937,8,665.0
2026-09-03,63250,2026-09-11,put,mini,57,0.2891,8,695.0
2026-09-03,63375,2026-09-11,put,mini,3,0.2881,8,740.0
2026-09-03,63500,2026-09-11,put,mini,205,0.288,8,790.0
2026-09-03,63625,2026-09-11,put,mini,1,0.2791,8,810.0
2026-09-03,63750,2026-09-11,put,mini,55,0.2779,8,860.0
2026-09-03,63875,2026-09-11,put,mini,1,0.276,8,910.0
2026-09-03,64000,2026-09-11,put,mini,391,0.2801,8,985.0
2026-09-03,64125,2026-09-11,put,mini,20,0.2717,8,1015.0
2026-09-03,64250,2026-09-11,put,mini,214,0.2706,8,1075.0
2026-09-03,64375,2026-09-11,put,mini,1,0.2662,8,1125.0
2026-09-03,64500,2026-09-11,put,mini,239,0.2718,8,1215.0
2026-09-03,64625,2026-09-11,put,mini,1225,0.2554,8,1225.0
2026-09-03,64750,2026-09-11,put,mini,37,0.2556,8,1300.0
2026-09-03,64875,2026-09-11,put,mini,1355,0.2496,8,1355.0
2026-09-03,65000,2026-09-11,put,mini,449,0.2497,8,1435.0
2026-09-03,65125,2026-09-11,put,mini,2,0.2478,8,1510.0
2026-09-03,65250,2026-09-11,put,mini,13,0.2436,8,1580.0
2026-09-03,65375,2026-09-11,put,mini,2,0.2415,8,1660.0
2026-09-03,65500,2026-09-11,put,mini,104,0.2432,8,1755.0
2026-09-03,65625,2026-09-11,put,mini,1,0.2362,8,1825.0
2026-09-03,65750,2026-09-11,put,mini,22,0.2331,8,1910.0
2026-09-03,65875,2026-09-11,put,mini,1995,0.2289,8,1995.0
2026-09-03,66000,2026-09-11,put,mini,186,0.2235,8,2080.0
2026-09-03,66125,2026-09-11,put,mini,1,0.2207,8,2175.0
2026-09-03,66250,2026-09-11,put,mini,37,0.2167,8,2270.0
2026-09-03,66375,2026-09-11,put,mini,1,0.2114,8,2365.0
2026-09-03,66500,2026-09-11,put,mini,88,0.2068,8,2465.0
2026-09-03,66625,2026-09-11,put,mini,1,0.1976,8,2560.0
2026-09-03,66750,2026-09-11,put,mini,11,0.1883,8,2660.0
2026-09-03,66875,2026-09-11,put,mini,2765,0.179,8,2765.0
2026-09-03,67000,2026-09-11,put,mini,98,0.1572,8,2865.0
2026-09-03,67125,2026-09-11,put,mini,2980,0.144,8,2980.0
2026-09-03,67250,2026-09-11,put,mini,5,0.2,8,3080.0
2026-09-03,67500,2026-09-11,put,mini,27,0.2,8,3300.0
2026-09-03,67750,2026-09-11,put,mini,1,0.2,8,3520.0
2026-09-03,67875,2026-09-11,put,mini,3645,0.2,8,3645.0
2026-09-03,68000,2026-09-11,put,mini,62,0.2,8,3780.0
2026-09-03,68250,2026-09-11,put,mini,235,0.2,8,3985.0
2026-09-03,68375,2026-09-11,put,mini,14,0.2,8,4100.0
2026-09-03,68500,2026-09-11,put,mini,175,0.2,8,4220.0
2026-09-03,68625,2026-09-11,put,mini,1,0.2,8,4335.0
2026-09-03,68750,2026-09-11,put,mini,1452,0.2,8,4455.0
2026-09-03,68875,2026-09-11,put,mini,4575,0.2,8,4575.0
2026-09-03,69000,2026-09-11,put,mini,732,0.2,8,4695.0
2026-09-03,69125,2026-09-11,put,mini,4815,0.2,8,4815.0
2026-09-03,69250,2026-09-11,put,mini,20,0.2,8,4940.0
2026-09-03,69500,2026-09-11,put,mini,19,0.2,8,5180.0
2026-09-03,69625,2026-09-11,put,mini,5305,0.2,8,5305.0
2026-09-03,69750,2026-09-11,put,mini,12,0.2,8,5430.0
2026-09-03,69875,2026-09-11,put,mini,1,0.2,8,5550.0
2026-09-03,70000,2026-09-11,put,mini,18,0.2,8,5670.0
2026-09-03,70250,2026-09-11,put,mini,45,0.2,8,5915.0
2026-09-03,70500,2026-09-11,put,mini,64,0.2,8,6165.0
2026-09-03,71000,2026-09-11,put,mini,7,0.2,8,6660.0
2026-09-03,71250,2026-09-11,put,mini,5,0.2,8,6910.0
2026-09-03,71500,2026-09-11,put,mini,9,0.2,8,7160.0
2026-09-03,71750,2026-09-11,put,mini,746,0.2,8,7405.0
2026-09-03,72000,2026-09-11,put,mini,10,0.2,8,7655.0
2026-09-03,72250,2026-09-11,put,mini,50,0.2,8,7905.0
2026-09-03,72375,2026-09-11,put,mini,8030,0.2,8,8030.0
2026-09-03,72500,2026-09-11,put,mini,20,0.2,8,8155.0
2026-09-03,72750,2026-09-11,put,mini,32,0.2,8,8405.0
2026-09-03,73000,2026-09-11,put,mini,77,0.2,8,8655.0
2026-09-03,73250,2026-09-11,put,mini,245,0.2,8,8905.0
2026-09-03,73500,2026-09-11,put,mini,94,0.2,8,9155.0
2026-09-03,73750,2026-09-11,put,mini,3,0.2,8,9400.0
2026-09-03,74000,2026-09-11,put,mini,34,0.2,8,9650.0
2026-09-03,74250,2026-09-11,put,mini,1,0.2,8,9900.0
2026-09-03,75000,2026-09-11,put,mini,67,0.2,8,10650.0
2026-09-03,75250,2026-09-11,put,mini,12,0.2,8,10900.0
2026-09-03,66250,2026-09-16,put,mini,2,0.2319,13,2480.0
2026-09-03,62375,2026-09-18,put,mini,3,0.2943,15,780.0
2026-09-03,62500,2026-09-18,put,mini,25,0.2874,15,790.0
2026-09-03,63000,2026-09-18,put,mini,12,0.2841,15,955.0
2026-09-03,63500,2026-09-18,put,mini,1,0.2719,15,1100.0
2026-09-03,64000,2026-09-18,put,mini,5,0.2665,15,1305.0
2026-09-03,64500,2026-09-18,put,mini,3,0.2596,15,1530.0
2026-09-03,65500,2026-09-18,put,mini,2,0.2434,15,2060.0
2026-09-03,65750,2026-09-18,put,mini,4,0.2388,15,2210.0
2026-09-03,66000,2026-09-18,put,mini,4,0.2334,15,2365.0
2026-09-03,66250,2026-09-18,put,mini,8,0.233,15,2550.0
2026-09-03,66500,2026-09-18,put,mini,16,0.2323,15,2740.0
2026-09-03,67000,2026-09-18,put,mini,6,0.2299,15,3135.0
2026-09-03,68250,2026-09-18,put,mini,6,0.2034,15,4175.0
2026-09-03,68750,2026-09-18,put,mini,3,0.2,15,4600.0
2026-09-03,69250,2026-09-18,put,mini,6,0.2,15,5030.0
2026-09-03,63000,2026-09-25,put,mini,1,0.274,22,1190.0
2026-09-03,66250,2026-09-25,put,mini,8,0.2333,22,2765.0
2026-09-03,66500,2026-09-25,put,mini,6,0.2327,22,2945.0
2026-09-03,58375,2026-10-09,put,mini,67,0.3142,36,545.0
2026-09-03,58500,2026-10-09,put,mini,89,0.3136,36,565.0
2026-09-03,58750,2026-10-09,put,mini,5,0.311,36,600.0
2026-09-03,59000,2026-10-09,put,mini,98,0.308,36,635.0
2026-09-03,59125,2026-10-09,put,mini,650,0.306,36,650.0
2026-09-03,59375,2026-10-09,put,mini,2,0.3052,36,700.0
2026-09-03,59500,2026-10-09,put,mini,22,0.3037,36,720.0
2026-09-03,59750,2026-10-09,put,mini,4,0.2996,36,755.0
2026-09-03,59875,2026-10-09,put,mini,1,0.297,36,770.0
2026-09-03,60000,2026-10-09,put,mini,95,0.2977,36,805.0
2026-09-03,60125,2026-10-09,put,mini,1,0.2949,36,820.0
2026-09-03,60500,2026-10-09,put,mini,8,0.2925,36,905.0
2026-09-03,60625,2026-10-09,put,mini,920,0.2894,36,920.0
2026-09-03,60750,2026-10-09,put,mini,1,0.2893,36,955.0
2026-09-03,61000,2026-10-09,put,mini,27,0.2887,36,1025.0
2026-09-03,61125,2026-10-09,put,mini,4,0.2852,36,1040.0
2026-09-03,61250,2026-10-09,put,mini,3,0.2853,36,1080.0
2026-09-03,61375,2026-10-09,put,mini,1125,0.286,36,1125.0
2026-09-03,61500,2026-10-09,put,mini,4,0.2837,36,1150.0
2026-09-03,61750,2026-10-09,put,mini,3,0.2836,36,1235.0
2026-09-03,61875,2026-10-09,put,mini,1255,0.2803,36,1255.0
2026-09-03,62000,2026-10-09,put,mini,79,0.2803,36,1300.0
2026-09-03,62125,2026-10-09,put,mini,1335,0.2787,36,1335.0
2026-09-03,62250,2026-10-09,put,mini,3,0.2791,36,1385.0
2026-09-03,62375,2026-10-09,put,mini,1410,0.276,36,1410.0
2026-09-03,62500,2026-10-09,put,mini,16,0.2728,36,1435.0
2026-09-03,62750,2026-10-09,put,mini,1034,0.2746,36,1550.0
2026-09-03,62875,2026-10-09,put,mini,1,0.273,36,1590.0
2026-09-03,63000,2026-10-09,put,mini,50,0.2764,36,1670.0
2026-09-03,63125,2026-10-09,put,mini,1690,0.272,36,1690.0
2026-09-03,63250,2026-10-09,put,mini,6,0.2719,36,1745.0
2026-09-03,63375,2026-10-09,put,mini,1790,0.2704,36,1790.0
2026-09-03,63500,2026-10-09,put,mini,14,0.2706,36,1850.0
2026-09-03,63625,2026-10-09,put,mini,2,0.2701,36,1905.0
2026-09-03,63750,2026-10-09,put,mini,219,0.2694,36,1960.0
2026-09-03,63875,2026-10-09,put,mini,1,0.2686,36,2015.0
2026-09-03,64000,2026-10-09,put,mini,108,0.2696,36,2085.0
2026-09-03,64125,2026-10-09,put,mini,1,0.2647,36,2110.0
2026-09-03,64250,2026-10-09,put,mini,180,0.2679,36,2200.0
2026-09-03,64375,2026-10-09,put,mini,2215,0.2615,36,2215.0
2026-09-03,64500,2026-10-09,put,mini,123,0.2662,36,2320.0
2026-09-03,64625,2026-10-09,put,mini,1,0.2608,36,2345.0
2026-09-03,64750,2026-10-09,put,mini,86,0.2634,36,2435.0
2026-09-03,64875,2026-10-09,put,mini,2,0.2596,36,2475.0
2026-09-03,65000,2026-10-09,put,mini,34,0.2631,36,2575.0
2026-09-03,65125,2026-10-09,put,mini,1,0.2589,36,2615.0
2026-09-03,65250,2026-10-09,put,mini,37,0.2622,36,2715.0
2026-09-03,65375,2026-10-09,put,mini,1,0.2577,36,2755.0
2026-09-03,65500,2026-10-09,put,mini,20,0.2595,36,2845.0
2026-09-03,65625,2026-10-09,put,mini,2900,0.2566,36,2900.0
2026-09-03,65750,2026-10-09,put,mini,4,0.2574,36,2985.0
2026-09-03,65875,2026-10-09,put,mini,3055,0.2561,36,3055.0
2026-09-03,66000,2026-10-09,put,mini,93,0.2547,36,3125.0
2026-09-03,66250,2026-10-09,put,mini,23,0.2533,36,3280.0
2026-09-03,66375,2026-10-09,put,mini,3370,0.254,36,3370.0
2026-09-03,66500,2026-10-09,put,mini,55,0.2526,36,3445.0
2026-09-03,66625,2026-10-09,put,mini,3545,0.2545,36,3545.0
2026-09-03,66750,2026-10-09,put,mini,18,0.2527,36,3620.0
2026-09-03,67000,2026-10-09,put,mini,47,0.2523,36,3795.0
2026-09-03,67125,2026-10-09,put,mini,1,0.2529,36,3890.0
2026-09-03,67250,2026-10-09,put,mini,59,0.2512,36,3970.0
2026-09-03,67500,2026-10-09,put,mini,114,0.2518,36,4160.0
2026-09-03,68000,2026-10-09,put,mini,7,0.2505,36,4535.0
2026-09-03,68250,2026-10-09,put,mini,493,0.2493,36,4725.0
2026-09-03,68500,2026-10-09,put,mini,307,0.25,36,4930.0
2026-09-03,68750,2026-10-09,put,mini,2558,0.2502,36,5135.0
2026-09-03,69000,2026-10-09,put,mini,1200,0.2508,36,5345.0
2026-09-03,69250,2026-10-09,put,mini,31,0.25,36,5550.0
2026-09-03,69500,2026-10-09,put,mini,25,0.2515,36,5770.0
2026-09-03,69750,2026-10-09,put,mini,6,0.2505,36,5980.0
2026-09-03,70000,2026-10-09,put,mini,2,0.2511,36,6200.0
2026-09-03,70500,2026-10-09,put,mini,1,0.252,36,6645.0
2026-09-03,71000,2026-10-09,put,mini,3,0.2535,36,7100.0
2026-09-03,71250,2026-10-09,put,mini,3,0.2529,36,7325.0
2026-09-03,71500,2026-10-09,put,mini,1,0.2546,36,7560.0
2026-09-03,71750,2026-10-09,put,mini,1062,0.2561,36,7795.0
2026-09-03,62375,2026-11-13,put,mini,13,0.2637,71,2125.0
2026-09-03,62500,2026-11-13,put,mini,6,0.2629,71,2170.0
2026-09-03,63000,2026-11-13,put,mini,12,0.2608,71,2370.0
2026-09-03,63500,2026-11-13,put,mini,1,0.2584,71,2580.0
2026-09-03,63625,2026-11-13,put,mini,1,0.2574,71,2630.0
2026-09-03,64000,2026-11-13,put,mini,1,0.2557,71,2800.0
2026-09-03,64375,2026-11-13,put,mini,1,0.2534,71,2970.0
2026-09-03,64500,2026-11-13,put,mini,1,0.2519,71,3020.0
2026-09-03,64750,2026-11-13,put,mini,1,0.2504,71,3140.0
2026-09-03,65000,2026-11-13,put,mini,1,0.2499,71,3275.0
2026-09-03,65250,2026-11-13,put,mini,4,0.2491,71,3410.0
2026-09-03,65375,2026-11-13,put,mini,1,0.2488,71,3480.0
2026-09-03,65500,2026-11-13,call,mini,1,0.3672,71,3550.0
2026-09-03,66000,2026-11-13,call,mini,4,0.4107,71,3835.0
2026-09-03,66375,2026-11-13,call,mini,2,0.4453,71,4075.0
2026-09-03,66500,2026-11-13,call,mini,18,0.4563,71,4150.0
2026-09-03,66750,2026-11-13,call,mini,6,0.4787,71,4305.0
2026-09-03,68000,2026-11-13,call,mini,1,0.5953,71,5150.0
2026-09-03,70000,2026-11-13,call,mini,6660,0.7915,71,6660.0
2026-09-03,71000,2026-11-13,call,mini,1,0.8941,71,7485.0
2026-09-03,72000,2026-11-13,call,mini,5,0.9987,71,8345.0
2026-09-03,63250,2026-09-04,call,mini,14,0.5632,1,1285.0
2026-09-03,64000,2026-09-04,call,mini,6,0.4679,1,705.0
2026-09-03,64125,2026-09-04,call,mini,655,0.4789,1,655.0
2026-09-03,64250,2026-09-04,call,mini,10,0.472,1,585.0
2026-09-03,64375,2026-09-04,call,mini,1,0.4432,1,490.0
2026-09-03,64500,2026-09-04,call,mini,308,0.4375,1,430.0
2026-09-03,64750,2026-09-04,call,mini,47,0.4355,1,335.0
2026-09-03,64875,2026-09-04,call,mini,3,0.4366,1,296.0
2026-09-03,65000,2026-09-04,call,mini,123,0.4511,1,276.0
2026-09-03,65125,2026-09-04,call,mini,262,0.429,1,218.0
2026-09-03,65250,2026-09-04,call,mini,86,0.4303,1,190.0
2026-09-03,65375,2026-09-04,call,mini,1,0.4189,1,153.0
2026-09-03,65500,2026-09-04,call,mini,289,0.4263,1,137.0
2026-09-03,65625,2026-09-04,call,mini,4,0.4192,1,111.0
2026-09-03,65750,2026-09-04,call,mini,129,0.4182,1,93.0
2026-09-03,65875,2026-09-04,call,mini,5,0.4211,1,80.0
2026-09-03,66000,2026-09-04,call,mini,1737,0.4262,1,70.0
2026-09-03,66125,2026-09-04,call,mini,97,0.4179,1,54.0
2026-09-03,66250,2026-09-04,call,mini,84,0.423,1,47.0
2026-09-03,66375,2026-09-04,call,mini,59,0.4236,1,39.0
2026-09-03,66500,2026-09-04,call,mini,382,0.4122,1,28.0
2026-09-03,66625,2026-09-04,call,mini,32,0.4353,1,30.0
2026-09-03,66750,2026-09-04,call,mini,149,0.4228,1,21.0
2026-09-03,66875,2026-09-04,call,mini,86,0.4272,1,18.0
2026-09-03,67000,2026-09-04,call,mini,1030,0.4248,1,14.0
2026-09-03,67125,2026-09-04,call,mini,484,0.4175,1,10.0
2026-09-03,67250,2026-09-04,call,mini,179,0.4254,1,9.0
2026-09-03,67375,2026-09-04,call,mini,31,0.4396,1,9.0
2026-09-03,67500,2026-09-04,call,mini,910,0.4463,1,8.0
2026-09-03,67625,2026-09-04,call,mini,15,0.4426,1,6.0
2026-09-03,67750,2026-09-04,call,mini,438,0.4455,1,5.0
2026-09-03,67875,2026-09-04,call,mini,1,0.4586,1,5.0
2026-09-03,68000,2026-09-04,call,mini,621,0.4589,1,4.0
2026-09-03,68125,2026-09-04,call,mini,17,0.4561,1,3.0
2026-09-03,68250,2026-09-04,call,mini,209,0.4481,1,2.0
2026-09-03,68375,2026-09-04,call,mini,25,0.4293,1,1.0
2026-09-03,68500,2026-09-04,call,mini,358,0.4404,1,1.0
2026-09-03,68625,2026-09-04,call,mini,29,0.4515,1,1.0
2026-09-03,68750,2026-09-04,call,mini,151,0.4625,1,1.0
2026-09-03,68875,2026-09-04,call,mini,33,0.4734,1,1.0
2026-09-03,69000,2026-09-04,call,mini,777,0.4843,1,1.0
2026-09-03,69125,2026-09-04,call,mini,22,0.4952,1,1.0
2026-09-03,69250,2026-09-04,call,mini,109,0.506,1,1.0
2026-09-03,69375,2026-09-04,call,mini,26,0.5168,1,1.0
2026-09-03,69500,2026-09-04,call,mini,424,0.5276,1,1.0
2026-09-03,69625,2026-09-04,call,mini,5,0.5383,1,1.0
2026-09-03,69750,2026-09-04,call,mini,32,0.5489,1,1.0
2026-09-03,69875,2026-09-04,call,mini,7,0.5596,1,1.0
2026-09-03,70000,2026-09-04,call,mini,538,0.5702,1,1.0
2026-09-03,70125,2026-09-04,call,mini,14,0.5807,1,1.0
2026-09-03,70250,2026-09-04,call,mini,11,0.5912,1,1.0
2026-09-03,70375,2026-09-04,call,mini,4,0.6017,1,1.0
2026-09-03,70500,2026-09-04,call,mini,560,0.6122,1,1.0
2026-09-03,70625,2026-09-04,call,mini,11,0.6226,1,1.0
2026-09-03,70750,2026-09-04,call,mini,276,0.633,1,1.0
2026-09-03,70875,2026-09-04,call,mini,11,0.6433,1,1.0
2026-09-03,71000,2026-09-04,call,mini,828,0.6536,1,1.0
2026-09-03,71125,2026-09-04,call,mini,12,0.6639,1,1.0
2026-09-03,71250,2026-09-04,call,mini,7,0.6742,1,1.0
2026-09-03,71375,2026-09-04,call,mini,11,0.6844,1,1.0
2026-09-03,71500,2026-09-04,call,mini,290,0.6946,1,1.0
2026-09-03,71625,2026-09-04,call,mini,29,0.7047,1,1.0
2026-09-03,71750,2026-09-04,call,mini,3,0.7149,1,1.0
2026-09-03,71875,2026-09-04,call,mini,4,0.725,1,1.0
2026-09-03,72000,2026-09-04,call,mini,609,0.735,1,1.0
2026-09-03,72125,2026-09-04,call,mini,213,0.7451,1,1.0
2026-09-03,72250,2026-09-04,call,mini,577,0.7551,1,1.0
2026-09-03,66250,2026-09-09,call,mini,2,0.3023,6,288.0
2026-09-03,58500,2026-09-11,call,mini,2,0.5319,8,5940.0
2026-09-03,58750,2026-09-11,call,mini,5700,0.5195,8,5700.0
2026-09-03,59000,2026-09-11,call,mini,3,0.5042,8,5455.0
2026-09-03,59250,2026-09-11,call,mini,5220,0.4938,8,5220.0
2026-09-03,59375,2026-09-11,call,mini,5100,0.4871,8,5100.0
2026-09-03,59500,2026-09-11,call,mini,4980,0.4804,8,4980.0
2026-09-03,59750,2026-09-11,call,mini,4745,0.4689,8,4745.0
2026-09-03,60000,2026-09-11,call,mini,1,0.457,8,4510.0
2026-09-03,60250,2026-09-11,call,mini,4280,0.4466,8,4280.0
2026-09-03,60500,2026-09-11,call,mini,1,0.4336,8,4045.0
2026-09-03,61000,2026-09-11,call,mini,3,0.4135,8,3595.0
2026-09-03,61250,2026-09-11,call,mini,31,0.4041,8,3375.0
2026-09-03,61500,2026-09-11,call,mini,22,0.3955,8,3160.0
2026-09-03,61875,2026-09-11,call,mini,2840,0.3815,8,2840.0
2026-09-03,62000,2026-09-11,call,mini,7,0.3784,8,2740.0
2026-09-03,62250,2026-09-11,call,mini,2,0.3696,8,2535.0
2026-09-03,62500,2026-09-11,call,mini,5,0.3611,8,2335.0
2026-09-03,62750,2026-09-11,call,mini,29,0.3541,8,2145.0
2026-09-03,62875,2026-09-11,call,mini,2055,0.3515,8,2055.0
2026-09-03,63000,2026-09-11,call,mini,75,0.3456,8,1955.0
2026-09-03,63250,2026-09-11,call,mini,59,0.3383,8,1775.0
2026-09-03,63500,2026-09-11,call,mini,32,0.3333,8,1610.0
2026-09-03,63750,2026-09-11,call,mini,324,0.3251,8,1440.0
2026-09-03,64000,2026-09-11,call,mini,191,0.3083,8,1245.0
2026-09-03,64250,2026-09-11,call,mini,349,0.3159,8,1150.0
2026-09-03,64375,2026-09-11,call,mini,1,0.3155,8,1090.0
2026-09-03,64500,2026-09-11,call,mini,189,0.308,8,1005.0
2026-09-03,64625,2026-09-11,call,mini,1,0.3092,8,955.0
2026-09-03,64750,2026-09-11,call,mini,134,0.3072,8,895.0
2026-09-03,65000,2026-09-11,call,mini,209,0.2999,8,770.0
2026-09-03,65125,2026-09-11,call,mini,3,0.2988,8,720.0
2026-09-03,65250,2026-09-11,call,mini,15,0.3041,8,695.0
2026-09-03,65500,2026-09-11,call,mini,176,0.296,8,585.0
2026-09-03,65625,2026-09-11,call,mini,1,0.2969,8,550.0
2026-09-03,65750,2026-09-11,call,mini,21,0.2956,8,510.0
2026-09-03,65875,2026-09-11,call,mini,1,0.2938,8,470.0
2026-09-03,66000,2026-09-11,call,mini,328,0.2961,8,445.0
2026-09-03,66125,2026-09-11,call,mini,3,0.2913,8,400.0
2026-09-03,66250,2026-09-11,call,mini,85,0.2908,8,370.0
2026-09-03,66375,2026-09-11,call,mini,1,0.2897,8,340.0
2026-09-03,66500,2026-09-11,call,mini,289,0.2916,8,320.0
2026-09-03,66625,2026-09-11,call,mini,6,0.2861,8,282.0
2026-09-03,66750,2026-09-11,call,mini,25,0.2853,8,258.0
2026-09-03,66875,2026-09-11,call,mini,241,0.2867,8,241.0
2026-09-03,67000,2026-09-11,call,mini,515,0.2872,8,223.0
2026-09-03,67125,2026-09-11,call,mini,2,0.2876,8,206.0
2026-09-03,67250,2026-09-11,call,mini,49,0.2832,8,180.0
2026-09-03,67375,2026-09-11,call,mini,1,0.2828,8,164.0
2026-09-03,67500,2026-09-11,call,mini,526,0.2897,8,163.0
2026-09-03,67625,2026-09-11,call,mini,135,0.2817,8,135.0
2026-09-03,67750,2026-09-11,call,mini,10,0.2798,8,120.0
2026-09-03,67875,2026-09-11,call,mini,2,0.2861,8,119.0
2026-09-03,68000,2026-09-11,call,mini,524,0.2838,8,105.0
2026-09-03,68125,2026-09-11,call,mini,4,0.2857,8,98.0
2026-09-03,68250,2026-09-11,call,mini,248,0.2803,8,82.0
2026-09-03,68375,2026-09-11,call,mini,74,0.2801,8,74.0
2026-09-03,68500,2026-09-11,call,mini,471,0.2803,8,67.0
2026-09-03,68625,2026-09-11,call,mini,3,0.2808,8,61.0
2026-09-03,68750,2026-09-11,call,mini,1747,0.2808,8,55.0
2026-09-03,68875,2026-09-11,call,mini,49,0.2802,8,49.0
2026-09-03,69000,2026-09-11,call,mini,1480,0.2848,8,48.0
2026-09-03,69125,2026-09-11,call,mini,3,0.2821,8,41.0
2026-09-03,69250,2026-09-11,call,mini,44,0.2863,8,40.0
2026-09-03,69375,2026-09-11,call,mini,3,0.2836,8,34.0
2026-09-03,69500,2026-09-11,call,mini,236,0.286,8,32.0
2026-09-03,69625,2026-09-11,call,mini,1,0.2849,8,28.0
2026-09-03,69750,2026-09-11,call,mini,8,0.29,8,28.0
2026-09-03,69875,2026-09-11,call,mini,1,0.2861,8,23.0
2026-09-03,70000,2026-09-11,call,mini,1084,0.2871,8,21.0
2026-09-03,70125,2026-09-11,call,mini,3,0.2854,8,18.0
2026-09-03,70250,2026-09-11,call,mini,21,0.2878,8,17.0
2026-09-03,70375,2026-09-11,call,mini,1,0.2875,8,15.0
2026-09-03,70500,2026-09-11,call,mini,188,0.2865,8,13.0
2026-09-03,70625,2026-09-11,call,mini,1,0.288,8,12.0
2026-09-03,70750,2026-09-11,call,mini,3,0.2892,8,11.0
2026-09-03,70875,2026-09-11,call,mini,1,0.2937,8,11.0
2026-09-03,71000,2026-09-11,call,mini,516,0.2946,8,10.0
2026-09-03,71125,2026-09-11,call,mini,2,0.295,8,9.0
2026-09-03,71250,2026-09-11,call,mini,8,0.2994,8,9.0
2026-09-03,71375,2026-09-11,call,mini,8,0.2994,8,8.0
2026-09-03,71500,2026-09-11,call,mini,149,0.2989,8,7.0
2026-09-03,71625,2026-09-11,call,mini,7,0.3031,8,7.0
2026-09-03,71750,2026-09-11,call,mini,417,0.3019,8,6.0
2026-09-03,71875,2026-09-11,call,mini,1,0.306,8,6.0
2026-09-03,72000,2026-09-11,call,mini,450,0.3039,8,5.0
2026-09-03,72125,2026-09-11,call,mini,5,0.3079,8,5.0
2026-09-03,72250,2026-09-11,call,mini,56,0.3119,8,5.0
2026-09-03,72375,2026-09-11,call,mini,1,0.3159,8,5.0
2026-09-03,72500,2026-09-11,call,mini,98,0.3124,8,4.0
2026-09-03,72625,2026-09-11,call,mini,1,0.3163,8,4.0
2026-09-03,72750,2026-09-11,call,mini,18,0.3202,8,4.0
2026-09-03,72875,2026-09-11,call,mini,3,0.3147,8,3.0
2026-09-03,73000,2026-09-11,call,mini,303,0.3185,8,3.0
2026-09-03,73125,2026-09-11,call,mini,1,0.3222,8,3.0
2026-09-03,73250,2026-09-11,call,mini,245,0.326,8,3.0
2026-09-03,73375,2026-09-11,call,mini,3,0.3298,8,3.0
2026-09-03,73500,2026-09-11,call,mini,134,0.3335,8,3.0
2026-09-03,73625,2026-09-11,call,mini,2,0.3244,8,2.0
2026-09-03,73750,2026-09-11,call,mini,9,0.3086,8,1.0
2026-09-03,73875,2026-09-11,call,mini,1,0.312,8,1.0
2026-09-03,74000,2026-09-11,call,mini,267,0.3352,8,2.0
2026-09-03,74125,2026-09-11,call,mini,1,0.3188,8,1.0
2026-09-03,74250,2026-09-11,call,mini,16,0.3222,8,1.0
2026-09-03,74375,2026-09-11,call,mini,1,0.3255,8,1.0
2026-09-03,74500,2026-09-11,call,mini,57,0.3289,8,1.0
2026-09-03,74625,2026-09-11,call,mini,1,0.3323,8,1.0
2026-09-03,74750,2026-09-11,call,mini,18,0.3356,8,1.0
2026-09-03,74875,2026-09-11,call,mini,1,0.339,8,1.0
2026-09-03,75000,2026-09-11,call,mini,598,0.3423,8,1.0
2026-09-03,75125,2026-09-11,call,mini,1,0.3456,8,1.0
2026-09-03,75250,2026-09-11,call,mini,88,0.3489,8,1.0
2026-09-03,75375,2026-09-11,call,mini,34,0.3522,8,1.0
2026-09-03,66250,2026-09-16,call,mini,2,0.2841,13,590.0
2026-09-03,65750,2026-09-18,call,mini,6,0.2845,15,830.0
2026-09-03,66000,2026-09-18,call,mini,7,0.2809,15,735.0
2026-09-03,66250,2026-09-18,call,mini,8,0.2824,15,670.0
2026-09-03,66500,2026-09-18,call,mini,16,0.284,15,610.0
2026-09-03,67000,2026-09-18,call,mini,13,0.2873,15,505.0
2026-09-03,67750,2026-09-18,call,mini,6,0.2929,15,380.0
2026-09-03,68000,2026-09-18,call,mini,2,0.2947,15,345.0
2026-09-03,68250,2026-09-18,call,mini,3,0.2907,15,295.0
2026-09-03,68750,2026-09-18,call,mini,7,0.286,15,219.0
2026-09-03,69000,2026-09-18,call,mini,10,0.2725,15,161.0
2026-09-03,70000,2026-09-18,call,mini,1,0.2709,15,88.0
2026-09-03,72000,2026-09-18,call,mini,5,0.2656,15,21.0
2026-09-03,72250,2026-09-18,call,mini,2,0.2665,15,18.0
2026-09-03,66000,2026-09-25,call,mini,6,0.2737,22,975.0
2026-09-03,66250,2026-09-25,call,mini,8,0.2743,22,900.0
2026-09-03,66500,2026-09-25,call,mini,4,0.275,22,830.0
2026-09-03,58500,2026-10-09,call,mini,20,0.3017,36,6165.0
2026-09-03,59000,2026-10-09,call,mini,5735,0.297,36,5735.0
2026-09-03,60000,2026-10-09,call,mini,4905,0.288,36,4905.0
2026-09-03,61125,2026-10-09,call,mini,4020,0.2773,36,4020.0
2026-09-03,61250,2026-10-09,call,mini,10,0.2694,36,3880.0
2026-09-03,61500,2026-10-09,call,mini,3665,0.2631,36,3665.0
2026-09-03,61750,2026-10-09,call,mini,3500,0.2636,36,3500.0
2026-09-03,61875,2026-10-09,call,mini,3485,0.2729,36,3485.0
2026-09-03,62000,2026-10-09,call,mini,3315,0.2606,36,3315.0
2026-09-03,62250,2026-10-09,call,mini,3,0.2592,36,3145.0
2026-09-03,62500,2026-10-09,call,mini,2990,0.2592,36,2990.0
2026-09-03,62750,2026-10-09,call,mini,1027,0.2527,36,2790.0
2026-09-03,63000,2026-10-09,call,mini,9,0.2515,36,2635.0
2026-09-03,63500,2026-10-09,call,mini,2335,0.2487,36,2335.0
2026-09-03,63750,2026-10-09,call,mini,6,0.249,36,2205.0
2026-09-03,63875,2026-10-09,call,mini,2145,0.2495,36,2145.0
2026-09-03,64000,2026-10-09,call,mini,6,0.2473,36,2065.0
2026-09-03,64250,2026-10-09,call,mini,1,0.2482,36,1950.0
2026-09-03,64375,2026-10-09,call,mini,1890,0.248,36,1890.0
2026-09-03,64500,2026-10-09,call,mini,8,0.2453,36,1810.0
2026-09-03,64750,2026-10-09,call,mini,10,0.2467,36,1710.0
2026-09-03,65000,2026-10-09,call,mini,15,0.2432,36,1575.0
2026-09-03,65125,2026-10-09,call,mini,2,0.2459,36,1545.0
2026-09-03,65250,2026-10-09,call,mini,5,0.2435,36,1475.0
2026-09-03,65375,2026-10-09,call,mini,1,0.2453,36,1440.0
2026-09-03,65500,2026-10-09,call,mini,23,0.2444,36,1385.0
2026-09-03,65625,2026-10-09,call,mini,1345,0.2452,36,1345.0
2026-09-03,65750,2026-10-09,call,mini,7,0.244,36,1290.0
2026-09-03,65875,2026-10-09,call,mini,1275,0.2479,36,1275.0
2026-09-03,66000,2026-10-09,call,mini,110,0.2411,36,1180.0
2026-09-03,66125,2026-10-09,call,mini,1,0.2473,36,1185.0
2026-09-03,66250,2026-10-09,call,mini,35,0.2421,36,1105.0
2026-09-03,66375,2026-10-09,call,mini,1105,0.2475,36,1105.0
2026-09-03,66500,2026-10-09,call,mini,48,0.2419,36,1025.0
2026-09-03,66625,2026-10-09,call,mini,1,0.2444,36,1005.0
2026-09-03,66750,2026-10-09,call,mini,3,0.239,36,930.0
2026-09-03,66875,2026-10-09,call,mini,935,0.2447,36,935.0
2026-09-03,67000,2026-10-09,call,mini,29,0.2404,36,870.0
2026-09-03,67125,2026-10-09,call,mini,3,0.2445,36,865.0
2026-09-03,67250,2026-10-09,call,mini,3,0.2404,36,805.0
2026-09-03,67500,2026-10-09,call,mini,17,0.2384,36,730.0
2026-09-03,67625,2026-10-09,call,mini,1,0.2437,36,735.0
2026-09-03,67750,2026-10-09,call,mini,5,0.2396,36,680.0
2026-09-03,67875,2026-10-09,call,mini,680,0.2439,36,680.0
2026-09-03,68000,2026-10-09,call,mini,71,0.2378,36,615.0
2026-09-03,68125,2026-10-09,call,mini,610,0.2412,36,610.0
2026-09-03,68250,2026-10-09,call,mini,483,0.2395,36,575.0
2026-09-03,68500,2026-10-09,call,mini,319,0.239,36,525.0
2026-09-03,68625,2026-10-09,call,mini,2,0.2429,36,525.0
2026-09-03,68750,2026-10-09,call,mini,2657,0.2387,36,480.0
2026-09-03,69000,2026-10-09,call,mini,1290,0.2379,36,435.0
2026-09-03,69125,2026-10-09,call,mini,1,0.2426,36,440.0
2026-09-03,69250,2026-10-09,call,mini,36,0.2384,36,400.0
2026-09-03,69375,2026-10-09,call,mini,400,0.2421,36,400.0
2026-09-03,69500,2026-10-09,call,mini,33,0.2384,36,365.0
2026-09-03,69625,2026-10-09,call,mini,1,0.2419,36,365.0
2026-09-03,69750,2026-10-09,call,mini,2,0.2389,36,335.0
2026-09-03,69875,2026-10-09,call,mini,330,0.2412,36,330.0
2026-09-03,70000,2026-10-09,call,mini,137,0.2377,36,300.0
2026-09-03,70125,2026-10-09,call,mini,1,0.2397,36,294.0
2026-09-03,70250,2026-10-09,call,mini,9,0.2386,36,276.0
2026-09-03,70375,2026-10-09,call,mini,2,0.2396,36,267.0
2026-09-03,70500,2026-10-09,call,mini,26,0.239,36,252.0
2026-09-03,70625,2026-10-09,call,mini,3,0.2398,36,243.0
2026-09-03,70750,2026-10-09,call,mini,6,0.2394,36,230.0
2026-09-03,71000,2026-10-09,call,mini,59,0.2378,36,203.0
2026-09-03,71125,2026-10-09,call,mini,2,0.2399,36,200.0
2026-09-03,71250,2026-10-09,call,mini,3,0.2392,36,188.0
2026-09-03,71500,2026-10-09,call,mini,29,0.2393,36,170.0
2026-09-03,71750,2026-10-09,call,mini,1813,0.2395,36,154.0
2026-09-03,72000,2026-10-09,call,mini,219,0.2373,36,133.0
2026-09-03,72125,2026-10-09,call,mini,132,0.2396,36,132.0
2026-09-03,72250,2026-10-09,call,mini,18,0.2395,36,125.0
2026-09-03,62500,2026-11-13,call,mini,3750,0.2551,71,3750.0
2026-09-03,63000,2026-11-13,call,mini,4,0.2531,71,3450.0
2026-09-03,64000,2026-11-13,call,mini,3,0.2487,71,2885.0
2026-09-03,65000,2026-11-13,call,mini,7,0.2433,71,2365.0
2026-09-03,65250,2026-11-13,call,mini,12,0.242,71,2245.0
2026-09-03,65500,2026-11-13,call,mini,2135,0.2414,71,2135.0
2026-09-03,66000,2026-11-13,call,mini,24,0.2399,71,1925.0
2026-09-03,66250,2026-11-13,call,mini,6,0.2392,71,1825.0
2026-09-03,66500,2026-11-13,call,mini,3,0.2395,71,1740.0
2026-09-03,66625,2026-11-13,call,mini,1695,0.2393,71,1695.0
2026-09-03,67000,2026-11-13,call,mini,17,0.2383,71,1560.0
2026-09-03,67500,2026-11-13,call,mini,4,0.2373,71,1395.0
2026-09-03,68000,2026-11-13,call,mini,25,0.2365,71,1245.0
2026-09-03,68500,2026-11-13,call,mini,4,0.2354,71,1105.0
2026-09-03,68750,2026-11-13,call,mini,1,0.235,71,1040.0
2026-09-03,69000,2026-11-13,call,mini,10,0.2347,71,980.0
2026-09-03,69250,2026-11-13,call,mini,1,0.2341,71,920.0
2026-09-03,69500,2026-11-13,call,mini,3,0.2339,71,865.0
2026-09-03,69750,2026-11-13,call,mini,3,0.2338,71,815.0
2026-09-03,70000,2026-11-13,call,mini,22,0.2329,71,760.0
2026-09-03,70125,2026-11-13,call,mini,1,0.2326,71,735.0
2026-09-03,70500,2026-11-13,call,mini,665,0.232,71,665.0
2026-09-03,71000,2026-11-13,call,mini,7,0.2318,71,585.0
2026-09-03,71500,2026-11-13,call,mini,1,0.2319,71,515.0
2026-09-03,71750,2026-11-13,call,mini,2,0.2315,71,480.0
2026-09-03,72000,2026-11-13,call,mini,30,0.2316,71,450.0
2026-09-03,72250,2026-11-13,call,mini,8,0.233,71,430.0
