date,strike,expiry,type,product,oi,iv,days_to_expiry,settlement
2026-08-10,20000,2026-08-13,put,regular,2572,3.8917,3,1.0
2026-08-10,22000,2026-08-13,put,regular,534,3.5929,3,1.0
2026-08-10,24000,2026-08-13,put,regular,563,3.3205,3,1.0
2026-08-10,25000,2026-08-13,put,regular,5446,3.1927,3,1.0
2026-08-10,26000,2026-08-13,put,regular,111,3.07,3,1.0
2026-08-10,27000,2026-08-13,put,regular,213,2.952,3,1.0
2026-08-10,28000,2026-08-13,put,regular,329,2.8382,3,1.0
2026-08-10,29000,2026-08-13,put,regular,403,2.7284,3,1.0
2026-08-10,30000,2026-08-13,put,regular,5623,2.6223,3,1.0
2026-08-10,31000,2026-08-13,put,regular,145,2.5197,3,1.0
2026-08-10,32000,2026-08-13,put,regular,265,2.4203,3,1.0
2026-08-10,33000,2026-08-13,put,regular,225,2.3239,3,1.0
2026-08-10,34000,2026-08-13,put,regular,208,2.2303,3,1.0
2026-08-10,35000,2026-08-13,put,regular,2164,2.1394,3,1.0
2026-08-10,36000,2026-08-13,put,regular,284,2.051,3,1.0
2026-08-10,37000,2026-08-13,put,regular,152,1.9649,3,1.0
2026-08-10,37250,2026-08-13,put,regular,60,1.9437,3,1.0
2026-08-10,37500,2026-08-13,put,regular,97,1.9227,3,1.0
2026-08-10,37750,2026-08-13,put,regular,58,1.9018,3,1.0
2026-08-10,38000,2026-08-13,put,regular,1625,1.881,3,1.0
2026-08-10,38250,2026-08-13,put,regular,3,1.8604,3,1.0
2026-08-10,38500,2026-08-13,put,regular,90,1.8399,3,1.0
2026-08-10,38750,2026-08-13,put,regular,4,1.8195,3,1.0
2026-08-10,39000,2026-08-13,put,regular,423,1.7992,3,1.0
2026-08-10,39250,2026-08-13,put,regular,20,1.7791,3,1.0
2026-08-10,39500,2026-08-13,put,regular,19,1.7591,3,1.0
2026-08-10,39750,2026-08-13,put,regular,14,1.7392,3,1.0
2026-08-10,40000,2026-08-13,put,regular,2279,1.7194,3,1.0
2026-08-10,40250,2026-08-13,put,regular,9,1.6997,3,1.0
2026-08-10,40500,2026-08-13,put,regular,40,1.6802,3,1.0
2026-08-10,40750,2026-08-13,put,regular,9,1.6607,3,1.0
2026-08-10,41000,2026-08-13,put,regular,199,1.6414,3,1.0
2026-08-10,41250,2026-08-13,put,regular,25,1.6222,3,1.0
2026-08-10,41500,2026-08-13,put,regular,53,1.6031,3,1.0
2026-08-10,41750,2026-08-13,put,regular,20,1.5841,3,1.0
2026-08-10,42000,2026-08-13,put,regular,519,1.5652,3,1.0
2026-08-10,42250,2026-08-13,put,regular,36,1.5464,3,1.0
2026-08-10,42500,2026-08-13,put,regular,151,1.5278,3,1.0
2026-08-10,42750,2026-08-13,put,regular,41,1.5092,3,1.0
2026-08-10,43000,2026-08-13,put,regular,185,1.4907,3,1.0
2026-08-10,43250,2026-08-13,put,regular,16,1.4723,3,1.0
2026-08-10,43500,2026-08-13,put,regular,26,1.454,3,1.0
2026-08-10,43750,2026-08-13,put,regular,49,1.4358,3,1.0
2026-08-10,44000,2026-08-13,put,regular,313,1.4178,3,1.0
2026-08-10,44250,2026-08-13,put,regular,8,1.3998,3,1.0
2026-08-10,44500,2026-08-13,put,regular,125,1.3819,3,1.0
2026-08-10,44750,2026-08-13,put,regular,58,1.4406,3,2.0
2026-08-10,45000,2026-08-13,put,regular,2715,1.422,3,2.0
2026-08-10,45250,2026-08-13,put,regular,108,1.4035,3,2.0
2026-08-10,45500,2026-08-13,put,regular,215,1.3851,3,2.0
2026-08-10,45750,2026-08-13,put,regular,33,1.2937,3,1.0
2026-08-10,46000,2026-08-13,put,regular,479,1.3485,3,2.0
2026-08-10,46250,2026-08-13,put,regular,23,1.3303,3,2.0
2026-08-10,46500,2026-08-13,put,regular,286,1.3123,3,2.0
2026-08-10,46750,2026-08-13,put,regular,61,1.2943,3,2.0
2026-08-10,47000,2026-08-13,put,regular,504,1.2764,3,2.0
2026-08-10,47250,2026-08-13,put,regular,69,1.2586,3,2.0
2026-08-10,47500,2026-08-13,put,regular,357,1.2408,3,2.0
2026-08-10,47750,2026-08-13,put,regular,184,1.2232,3,2.0
2026-08-10,48000,2026-08-13,put,regular,1296,1.2056,3,2.0
2026-08-10,48250,2026-08-13,put,regular,126,1.1881,3,2.0
2026-08-10,48500,2026-08-13,put,regular,381,1.1707,3,2.0
2026-08-10,48750,2026-08-13,put,regular,168,1.1947,3,3.0
2026-08-10,49000,2026-08-13,put,regular,1469,1.1769,3,3.0
2026-08-10,49250,2026-08-13,put,regular,154,1.1902,3,4.0
2026-08-10,49500,2026-08-13,put,regular,572,1.1415,3,3.0
2026-08-10,49750,2026-08-13,put,regular,56,1.1541,3,4.0
2026-08-10,50000,2026-08-13,put,regular,4580,1.1064,3,3.0
2026-08-10,50250,2026-08-13,put,regular,181,1.1184,3,4.0
2026-08-10,50500,2026-08-13,put,regular,462,1.1006,3,4.0
2026-08-10,50750,2026-08-13,put,regular,743,1.0829,3,4.0
2026-08-10,51000,2026-08-13,put,regular,959,1.0652,3,4.0
2026-08-10,51250,2026-08-13,put,regular,57,1.0706,3,5.0
2026-08-10,51500,2026-08-13,put,regular,270,1.0528,3,5.0
2026-08-10,51750,2026-08-13,put,regular,48,1.035,3,5.0
2026-08-10,52000,2026-08-13,put,regular,1010,1.0173,3,5.0
2026-08-10,52250,2026-08-13,put,regular,87,1.0183,3,6.0
2026-08-10,52500,2026-08-13,put,regular,495,1.0004,3,6.0
2026-08-10,52750,2026-08-13,put,regular,11,0.9986,3,7.0
2026-08-10,53000,2026-08-13,put,regular,2402,0.9806,3,7.0
2026-08-10,53250,2026-08-13,put,regular,56,0.9766,3,8.0
2026-08-10,53500,2026-08-13,put,regular,353,0.9449,3,7.0
2026-08-10,53750,2026-08-13,put,regular,73,0.9528,3,9.0
2026-08-10,54000,2026-08-13,put,regular,1045,0.9226,3,8.0
2026-08-10,54250,2026-08-13,put,regular,207,0.9276,3,10.0
2026-08-10,54500,2026-08-13,put,regular,705,0.9195,3,11.0
2026-08-10,54750,2026-08-13,put,regular,79,0.9104,3,12.0
2026-08-10,55000,2026-08-13,put,regular,1794,0.8829,3,11.0
2026-08-10,55250,2026-08-13,put,regular,246,0.8821,3,13.0
2026-08-10,55500,2026-08-13,put,regular,607,0.8715,3,14.0
2026-08-10,55750,2026-08-13,put,regular,127,0.853,3,14.0
2026-08-10,56000,2026-08-13,put,regular,836,0.8417,3,15.0
2026-08-10,56250,2026-08-13,put,regular,177,0.8364,3,17.0
2026-08-10,56500,2026-08-13,put,regular,1745,0.8237,3,18.0
2026-08-10,56750,2026-08-13,put,regular,46,0.8049,3,18.0
2026-08-10,56875,2026-08-13,put,regular,12,0.8067,3,20.0
2026-08-10,57000,2026-08-13,put,regular,1165,0.7972,3,20.0
2026-08-10,57125,2026-08-13,put,regular,103,0.7981,3,22.0
2026-08-10,57250,2026-08-13,put,regular,450,0.7934,3,23.0
2026-08-10,57375,2026-08-13,put,regular,17,0.7837,3,23.0
2026-08-10,57500,2026-08-13,put,regular,989,0.7833,3,25.0
2026-08-10,57625,2026-08-13,put,regular,53,0.7736,3,25.0
2026-08-10,57750,2026-08-13,put,regular,66,0.7639,3,25.0
2026-08-10,57875,2026-08-13,put,regular,6,0.7585,3,26.0
2026-08-10,58000,2026-08-13,put,regular,3718,0.7264,3,21.0
2026-08-10,58125,2026-08-13,put,regular,517,0.7472,3,28.0
2026-08-10,58250,2026-08-13,put,regular,38,0.7451,3,30.0
2026-08-10,58375,2026-08-13,put,regular,15,0.7389,3,31.0
2026-08-10,58500,2026-08-13,put,regular,431,0.729,3,31.0
2026-08-10,58625,2026-08-13,put,regular,11,0.7423,3,38.0
2026-08-10,58750,2026-08-13,put,regular,77,0.7227,3,35.0
2026-08-10,58875,2026-08-13,put,regular,17,0.719,3,37.0
2026-08-10,59000,2026-08-13,put,regular,2583,0.715,3,39.0
2026-08-10,59125,2026-08-13,put,regular,44,0.7217,3,45.0
2026-08-10,59250,2026-08-13,put,regular,84,0.7033,3,42.0
2026-08-10,59375,2026-08-13,put,regular,17,0.7089,3,48.0
2026-08-10,59500,2026-08-13,put,regular,2841,0.6959,3,47.0
2026-08-10,59625,2026-08-13,put,regular,25,0.7047,3,55.0
2026-08-10,59750,2026-08-13,put,regular,35,0.6873,3,52.0
2026-08-10,59875,2026-08-13,put,regular,57,0.6945,3,60.0
2026-08-10,60000,2026-08-13,put,regular,3694,0.6817,3,59.0
2026-08-10,60125,2026-08-13,put,regular,110,0.6852,3,66.0
2026-08-10,60250,2026-08-13,put,regular,65,0.6724,3,65.0
2026-08-10,60375,2026-08-13,put,regular,42,0.6766,3,73.0
2026-08-10,60500,2026-08-13,put,regular,435,0.6673,3,74.0
2026-08-10,60625,2026-08-13,put,regular,409,0.6716,3,83.0
2026-08-10,60750,2026-08-13,put,regular,59,0.6604,3,83.0
2026-08-10,60875,2026-08-13,put,regular,33,0.6633,3,92.0
2026-08-10,61000,2026-08-13,put,regular,2448,0.6489,3,90.0
2026-08-10,61125,2026-08-13,put,regular,32,0.6606,3,106.0
2026-08-10,61250,2026-08-13,put,regular,3,0.6475,3,105.0
2026-08-10,61375,2026-08-13,put,regular,32,0.653,3,118.0
2026-08-10,61500,2026-08-13,put,regular,2231,0.6424,3,119.0
2026-08-10,61625,2026-08-13,put,regular,42,0.6532,3,138.0
2026-08-10,61750,2026-08-13,put,regular,65,0.6364,3,134.0
2026-08-10,61875,2026-08-13,put,regular,14,0.6343,3,143.0
2026-08-10,62000,2026-08-13,put,regular,2692,0.6328,3,153.0
2026-08-10,62125,2026-08-13,put,regular,165,0.6316,3,164.0
2026-08-10,62250,2026-08-13,put,regular,141,0.6288,3,174.0
2026-08-10,62375,2026-08-13,put,regular,27,0.6439,3,204.0
2026-08-10,62500,2026-08-13,put,regular,934,0.628,3,201.0
2026-08-10,62625,2026-08-13,put,regular,39,0.638,3,228.0
2026-08-10,62750,2026-08-13,put,regular,586,0.6262,3,230.0
2026-08-10,62875,2026-08-13,put,regular,524,0.6356,3,259.0
2026-08-10,63000,2026-08-13,put,regular,3023,0.6247,3,263.0
2026-08-10,63125,2026-08-13,put,regular,85,0.6329,3,293.0
2026-08-10,63250,2026-08-13,put,regular,151,0.6271,3,305.0
2026-08-10,63375,2026-08-13,put,regular,60,0.6263,3,325.0
2026-08-10,63500,2026-08-13,put,regular,960,0.6282,3,350.0
2026-08-10,63625,2026-08-13,put,regular,37,0.6292,3,375.0
2026-08-10,63750,2026-08-13,put,regular,32,0.6325,3,405.0
2026-08-10,63875,2026-08-13,put,regular,52,0.6319,3,430.0
2026-08-10,64000,2026-08-13,put,regular,2552,0.6335,3,460.0
2026-08-10,64125,2026-08-13,put,regular,58,0.64,3,500.0
2026-08-10,64250,2026-08-13,put,regular,53,0.6372,3,525.0
2026-08-10,64375,2026-08-13,put,regular,23,0.6418,3,565.0
2026-08-10,64500,2026-08-13,put,regular,675,0.6403,3,595.0
2026-08-10,64625,2026-08-13,put,regular,21,0.6457,3,640.0
2026-08-10,64750,2026-08-13,put,regular,56,0.6453,3,675.0
2026-08-10,64875,2026-08-13,put,regular,51,0.6539,3,730.0
2026-08-10,65000,2026-08-13,put,regular,4923,0.652,3,765.0
2026-08-10,65125,2026-08-13,put,regular,56,0.6589,3,820.0
2026-08-10,65250,2026-08-13,put,regular,172,0.6671,3,880.0
2026-08-10,65375,2026-08-13,put,regular,55,0.6699,3,930.0
2026-08-10,65500,2026-08-13,put,regular,1207,0.672,3,980.0
2026-08-10,65625,2026-08-13,put,regular,87,0.6844,3,1055.0
2026-08-10,65750,2026-08-13,put,regular,220,0.685,3,1105.0
2026-08-10,65875,2026-08-13,put,regular,478,0.6957,3,1180.0
2026-08-10,66000,2026-08-13,put,regular,1817,0.6991,3,1240.0
2026-08-10,66125,2026-08-13,put,regular,111,0.7062,3,1310.0
2026-08-10,66250,2026-08-13,put,regular,23,0.7083,3,1370.0
2026-08-10,66375,2026-08-13,put,regular,3,0.7182,3,1450.0
2026-08-10,66500,2026-08-13,put,regular,682,0.7253,3,1525.0
2026-08-10,66625,2026-08-13,put,regular,16,0.7359,3,1610.0
2026-08-10,66750,2026-08-13,put,regular,6,0.7417,3,1685.0
2026-08-10,66875,2026-08-13,put,regular,82,0.7531,3,1775.0
2026-08-10,67000,2026-08-13,put,regular,1632,0.7618,3,1860.0
2026-08-10,67125,2026-08-13,put,regular,1,0.772,3,1950.0
2026-08-10,67250,2026-08-13,put,regular,18,0.7797,3,2035.0
2026-08-10,67375,2026-08-13,put,regular,1,0.7929,3,2135.0
2026-08-10,67500,2026-08-13,put,regular,340,0.8037,3,2230.0
2026-08-10,67625,2026-08-13,put,regular,1,0.8139,3,2325.0
2026-08-10,67750,2026-08-13,put,regular,3,0.8258,3,2425.0
2026-08-10,68000,2026-08-13,put,regular,2389,0.8503,3,2630.0
2026-08-10,68125,2026-08-13,put,regular,2,0.8672,3,2745.0
2026-08-10,68250,2026-08-13,put,regular,191,0.8774,3,2845.0
2026-08-10,68375,2026-08-13,put,regular,8,0.8936,3,2960.0
2026-08-10,68500,2026-08-13,put,regular,221,0.9031,3,3060.0
2026-08-10,68625,2026-08-13,put,regular,1,0.9207,3,3180.0
2026-08-10,68750,2026-08-13,put,regular,6,0.9317,3,3285.0
2026-08-10,68875,2026-08-13,put,regular,6,0.9488,3,3405.0
2026-08-10,69000,2026-08-13,put,regular,1726,0.9592,3,3510.0
2026-08-10,69125,2026-08-13,put,regular,10,0.9758,3,3630.0
2026-08-10,69500,2026-08-13,put,regular,602,1.0176,3,3975.0
2026-08-10,69750,2026-08-13,put,regular,1,1.0465,3,4210.0
2026-08-10,70000,2026-08-13,put,regular,3121,1.0589,3,4410.0
2026-08-10,70125,2026-08-13,put,regular,1,1.0918,3,4570.0
2026-08-10,70250,2026-08-13,put,regular,1,1.1065,3,4690.0
2026-08-10,70375,2026-08-13,put,regular,1,1.1188,3,4805.0
2026-08-10,70500,2026-08-13,put,regular,5,1.1355,3,4930.0
2026-08-10,71000,2026-08-13,put,regular,186,1.1962,3,5420.0
2026-08-10,72000,2026-08-13,put,regular,200,1.3137,3,6405.0
2026-08-10,72250,2026-08-13,put,regular,1,1.3414,3,6650.0
2026-08-10,73000,2026-08-13,put,regular,13,1.4267,3,7395.0
2026-08-10,74000,2026-08-13,put,regular,10,1.5366,3,8390.0
2026-08-10,75000,2026-08-13,put,regular,61,1.6442,3,9390.0
2026-08-10,77500,2026-08-13,put,regular,5,1.8936,3,11885.0
2026-08-10,20000,2026-09-10,put,regular,1267,1.2107,31,1.0
2026-08-10,21000,2026-09-10,put,regular,219,1.1631,31,1.0
2026-08-10,22000,2026-09-10,put,regular,43,1.1178,31,1.0
2026-08-10,23000,2026-09-10,put,regular,20,1.0745,31,1.0
2026-08-10,24000,2026-09-10,put,regular,23,1.033,31,1.0
2026-08-10,25000,2026-09-10,put,regular,3418,1.045,31,2.0
2026-08-10,26000,2026-09-10,put,regular,156,1.005,31,2.0
2026-08-10,27000,2026-09-10,put,regular,16,0.9184,31,1.0
2026-08-10,27500,2026-09-10,put,regular,6,0.9477,31,2.0
2026-08-10,28000,2026-09-10,put,regular,22,0.9293,31,2.0
2026-08-10,28750,2026-09-10,put,regular,65,0.8573,31,1.0
2026-08-10,29000,2026-09-10,put,regular,34,0.8935,31,2.0
2026-08-10,29500,2026-09-10,put,regular,1,0.8761,31,2.0
2026-08-10,30000,2026-09-10,put,regular,6851,0.9085,31,4.0
2026-08-10,30500,2026-09-10,put,regular,86,0.8908,31,4.0
2026-08-10,31000,2026-09-10,put,regular,5,0.8733,31,4.0
2026-08-10,31500,2026-09-10,put,regular,15,0.8561,31,4.0
2026-08-10,32000,2026-09-10,put,regular,30,0.8391,31,4.0
2026-08-10,33000,2026-09-10,put,regular,186,0.806,31,4.0
2026-08-10,33250,2026-09-10,put,regular,1,0.8135,31,5.0
2026-08-10,34000,2026-09-10,put,regular,19,0.8021,31,6.0
2026-08-10,34750,2026-09-10,put,regular,69,0.789,31,7.0
2026-08-10,35000,2026-09-10,put,regular,2119,0.8081,31,10.0
2026-08-10,35750,2026-09-10,put,regular,50,0.6796,31,2.0
2026-08-10,36000,2026-09-10,put,regular,63,0.7827,31,11.0
2026-08-10,36500,2026-09-10,put,regular,4,0.7112,31,5.0
2026-08-10,36750,2026-09-10,put,regular,56,0.6513,31,2.0
2026-08-10,37000,2026-09-10,put,regular,568,0.6444,31,2.0
2026-08-10,37500,2026-09-10,put,regular,2,0.6306,31,2.0
2026-08-10,37750,2026-09-10,put,regular,1,0.6238,31,2.0
2026-08-10,38000,2026-09-10,put,regular,779,0.7479,31,16.0
2026-08-10,38500,2026-09-10,put,regular,229,0.7216,31,14.0
2026-08-10,39000,2026-09-10,put,regular,145,0.6819,31,10.0
2026-08-10,39250,2026-09-10,put,regular,165,0.6312,31,5.0
2026-08-10,39500,2026-09-10,put,regular,276,0.6347,31,6.0
2026-08-10,40000,2026-09-10,put,regular,4130,0.7101,31,22.0
2026-08-10,40250,2026-09-10,put,regular,1,0.6382,31,9.0
2026-08-10,40500,2026-09-10,put,regular,177,0.6377,31,10.0
2026-08-10,40750,2026-09-10,put,regular,42,0.6367,31,11.0
2026-08-10,41000,2026-09-10,put,regular,861,0.6859,31,24.0
2026-08-10,41250,2026-09-10,put,regular,1,0.6332,31,13.0
2026-08-10,41500,2026-09-10,put,regular,22,0.6309,31,14.0
2026-08-10,42000,2026-09-10,put,regular,1964,0.6583,31,25.0
2026-08-10,42250,2026-09-10,put,regular,21,0.6224,31,17.0
2026-08-10,42500,2026-09-10,put,regular,29,0.6491,31,27.0
2026-08-10,42750,2026-09-10,put,regular,17,0.6117,31,18.0
2026-08-10,43000,2026-09-10,put,regular,1003,0.6395,31,29.0
2026-08-10,43250,2026-09-10,put,regular,65,0.6045,31,20.0
2026-08-10,43500,2026-09-10,put,regular,782,0.6296,31,31.0
2026-08-10,43750,2026-09-10,put,regular,14,0.5967,31,22.0
2026-08-10,44000,2026-09-10,put,regular,1474,0.6194,31,33.0
2026-08-10,44250,2026-09-10,put,regular,31,0.5912,31,25.0
2026-08-10,44500,2026-09-10,put,regular,127,0.6177,31,39.0
2026-08-10,44750,2026-09-10,put,regular,14,0.5821,31,27.0
2026-08-10,45000,2026-09-10,put,regular,2532,0.6046,31,40.0
2026-08-10,45250,2026-09-10,put,regular,105,0.5727,31,29.0
2026-08-10,45500,2026-09-10,put,regular,159,0.5679,31,30.0
2026-08-10,45750,2026-09-10,put,regular,60,0.5984,31,49.0
2026-08-10,46000,2026-09-10,put,regular,1930,0.5941,31,51.0
2026-08-10,46250,2026-09-10,put,regular,67,0.5573,31,35.0
2026-08-10,46500,2026-09-10,put,regular,366,0.5852,31,55.0
2026-08-10,46750,2026-09-10,put,regular,27,0.5544,31,41.0
2026-08-10,47000,2026-09-10,put,regular,1049,0.5575,31,47.0
2026-08-10,47250,2026-09-10,put,regular,24,0.5711,31,61.0
2026-08-10,47500,2026-09-10,put,regular,1041,0.5377,31,44.0
2026-08-10,47750,2026-09-10,put,regular,92,0.5337,31,46.0
2026-08-10,48000,2026-09-10,put,regular,3949,0.551,31,63.0
2026-08-10,48250,2026-09-10,put,regular,122,0.5448,31,64.0
2026-08-10,48500,2026-09-10,put,regular,751,0.5385,31,65.0
2026-08-10,48750,2026-09-10,put,regular,50,0.5347,31,68.0
2026-08-10,49000,2026-09-10,put,regular,1462,0.5307,31,71.0
2026-08-10,49250,2026-09-10,put,regular,215,0.5266,31,74.0
2026-08-10,49500,2026-09-10,put,regular,196,0.5212,31,76.0
2026-08-10,49750,2026-09-10,put,regular,151,0.5179,31,80.0
2026-08-10,50000,2026-09-10,put,regular,9045,0.5154,31,85.0
2026-08-10,50250,2026-09-10,put,regular,81,0.5088,31,86.0
2026-08-10,50500,2026-09-10,put,regular,1320,0.505,31,90.0
2026-08-10,50750,2026-09-10,put,regular,148,0.5011,31,94.0
2026-08-10,51000,2026-09-10,put,regular,1473,0.4944,31,95.0
2026-08-10,51250,2026-09-10,put,regular,210,0.4928,31,102.0
2026-08-10,51500,2026-09-10,put,regular,237,0.49,31,108.0
2026-08-10,51750,2026-09-10,put,regular,48,0.4839,31,110.0
2026-08-10,52000,2026-09-10,put,regular,1881,0.4763,31,110.0
2026-08-10,52250,2026-09-10,put,regular,62,0.476,31,120.0
2026-08-10,52500,2026-09-10,put,regular,647,0.4726,31,126.0
2026-08-10,52750,2026-09-10,put,regular,26,0.4696,31,133.0
2026-08-10,53000,2026-09-10,put,regular,1766,0.4631,31,135.0
2026-08-10,53250,2026-09-10,put,regular,24,0.4591,31,141.0
2026-08-10,53500,2026-09-10,put,regular,1779,0.4568,31,150.0
2026-08-10,53750,2026-09-10,put,regular,75,0.4604,31,170.0
2026-08-10,54000,2026-09-10,put,regular,2685,0.4535,31,172.0
2026-08-10,54250,2026-09-10,put,regular,38,0.4466,31,174.0
2026-08-10,54500,2026-09-10,put,regular,422,0.4517,31,200.0
2026-08-10,54750,2026-09-10,put,regular,251,0.4402,31,193.0
2026-08-10,55000,2026-09-10,put,regular,3863,0.4351,31,199.0
2026-08-10,55250,2026-09-10,put,regular,9,0.4339,31,214.0
2026-08-10,55500,2026-09-10,put,regular,651,0.431,31,226.0
2026-08-10,55750,2026-09-10,put,regular,804000,0.4283,31,239.0
2026-08-10,56000,2026-09-10,put,regular,2168,0.4237,31,248.0
2026-08-10,56250,2026-09-10,put,regular,28,0.4205,31,261.0
2026-08-10,56500,2026-09-10,put,regular,743,0.4181,31,277.0
2026-08-10,56750,2026-09-10,put,regular,80,0.4151,31,292.0
2026-08-10,57000,2026-09-10,put,regular,3276,0.4129,31,310.0
2026-08-10,57250,2026-09-10,put,regular,29,0.4093,31,325.0
2026-08-10,57500,2026-09-10,put,regular,603,0.4087,31,350.0
2026-08-10,57750,2026-09-10,put,regular,104,0.4061,31,370.0
2026-08-10,58000,2026-09-10,put,regular,2001,0.4032,31,390.0
2026-08-10,58250,2026-09-10,put,regular,199,0.4014,31,415.0
2026-08-10,58375,2026-09-10,put,regular,1480000,0.4038,31,440.0
2026-08-10,58500,2026-09-10,put,regular,929,0.4006,31,445.0
2026-08-10,58625,2026-09-10,put,regular,560000,0.4013,31,465.0
2026-08-10,58750,2026-09-10,put,regular,76,0.3967,31,465.0
2026-08-10,58875,2026-09-10,put,regular,4,0.396,31,480.0
2026-08-10,59000,2026-09-10,put,regular,2980,0.3939,31,490.0
2026-08-10,59125,2026-09-10,put,regular,17,0.3917,31,500.0
2026-08-10,59250,2026-09-10,put,regular,92,0.3931,31,525.0
2026-08-10,59375,2026-09-10,put,regular,3,0.3956,31,555.0
2026-08-10,59500,2026-09-10,put,regular,654,0.3908,31,555.0
2026-08-10,59625,2026-09-10,put,regular,1,0.3952,31,595.0
2026-08-10,59750,2026-09-10,put,regular,44,0.3892,31,590.0
2026-08-10,59875,2026-09-10,put,regular,19,0.3944,31,635.0
2026-08-10,60000,2026-09-10,put,regular,7809,0.3873,31,625.0
2026-08-10,60250,2026-09-10,put,regular,70,0.386,31,665.0
2026-08-10,60375,2026-09-10,put,regular,2,0.3904,31,710.0
2026-08-10,60500,2026-09-10,put,regular,333,0.3864,31,715.0
2026-08-10,60625,2026-09-10,put,regular,1,0.3893,31,755.0
2026-08-10,60750,2026-09-10,put,regular,145,0.3832,31,750.0
2026-08-10,60875,2026-09-10,put,regular,67,0.3869,31,795.0
2026-08-10,61000,2026-09-10,put,regular,2493,0.3817,31,795.0
2026-08-10,61125,2026-09-10,put,regular,16,0.3869,31,850.0
2026-08-10,61250,2026-09-10,put,regular,3,0.3825,31,855.0
2026-08-10,61500,2026-09-10,put,regular,1521,0.3819,31,910.0
2026-08-10,61625,2026-09-10,put,regular,6,0.3792,31,925.0
2026-08-10,61750,2026-09-10,put,regular,231,0.3791,31,955.0
2026-08-10,61875,2026-09-10,put,regular,57,0.3866,31,1030.0
2026-08-10,62000,2026-09-10,put,regular,3180,0.3785,31,1015.0
2026-08-10,62250,2026-09-10,put,regular,23,0.3766,31,1070.0
2026-08-10,62375,2026-09-10,put,regular,103,0.3776,31,1110.0
2026-08-10,62500,2026-09-10,put,regular,780,0.3768,31,1140.0
2026-08-10,62750,2026-09-10,put,regular,13,0.3764,31,1210.0
2026-08-10,63000,2026-09-10,put,regular,2795,0.3756,31,1280.0
2026-08-10,63125,2026-09-10,put,regular,12,0.3758,31,1320.0
2026-08-10,63250,2026-09-10,put,regular,34,0.3781,31,1375.0
2026-08-10,63375,2026-09-10,put,regular,1,0.3818,31,1440.0
2026-08-10,63500,2026-09-10,put,regular,166,0.3778,31,1455.0
2026-08-10,63625,2026-09-10,put,regular,1,0.3753,31,1480.0
2026-08-10,63750,2026-09-10,put,regular,5,0.3771,31,1535.0
2026-08-10,63875,2026-09-10,put,regular,37,0.3809,31,1605.0
2026-08-10,64000,2026-09-10,put,regular,2313,0.3752,31,1610.0
2026-08-10,64125,2026-09-10,put,regular,1,0.3808,31,1695.0
2026-08-10,64250,2026-09-10,put,regular,12,0.3757,31,1705.0
2026-08-10,64375,2026-09-10,put,regular,22,0.3803,31,1785.0
2026-08-10,64500,2026-09-10,put,regular,400,0.3778,31,1815.0
2026-08-10,64625,2026-09-10,put,regular,2045000,0.3807,31,1885.0
2026-08-10,64750,2026-09-10,put,regular,480,0.3787,31,1920.0
2026-08-10,64875,2026-09-10,put,regular,10,0.3766,31,1955.0
2026-08-10,65000,2026-09-10,put,regular,3246,0.3757,31,2000.0
2026-08-10,65250,2026-09-10,put,regular,80,0.3791,31,2130.0
2026-08-10,65375,2026-09-10,put,regular,8,0.3819,31,2205.0
2026-08-10,65500,2026-09-10,put,regular,456,0.3799,31,2245.0
2026-08-10,65625,2026-09-10,put,regular,15,0.3818,31,2315.0
2026-08-10,65750,2026-09-10,put,regular,3,0.3809,31,2365.0
2026-08-10,66000,2026-09-10,put,regular,2091,0.3776,31,2455.0
2026-08-10,66250,2026-09-10,put,regular,12,0.3829,31,2615.0
2026-08-10,66500,2026-09-10,put,regular,1559,0.3845,31,2750.0
2026-08-10,66625,2026-09-10,put,regular,15,0.3848,31,2815.0
2026-08-10,66750,2026-09-10,put,regular,9,0.3851,31,2880.0
2026-08-10,67000,2026-09-10,put,regular,1141,0.3871,31,3025.0
2026-08-10,67250,2026-09-10,put,regular,8,0.39,31,3180.0
2026-08-10,67500,2026-09-10,put,regular,333,0.3918,31,3330.0
2026-08-10,67750,2026-09-10,put,regular,174,0.3932,31,3480.0
2026-08-10,68000,2026-09-10,put,regular,756,0.3961,31,3645.0
2026-08-10,68250,2026-09-10,put,regular,8,0.3987,31,3810.0
2026-08-10,68500,2026-09-10,put,regular,32,0.4015,31,3980.0
2026-08-10,68750,2026-09-10,put,regular,12,0.4052,31,4160.0
2026-08-10,69000,2026-09-10,put,regular,1146,0.4073,31,4330.0
2026-08-10,69500,2026-09-10,put,regular,4,0.415,31,4705.0
2026-08-10,70000,2026-09-10,put,regular,1481,0.4175,31,5050.0
2026-08-10,71000,2026-09-10,put,regular,100,0.4405,31,5900.0
2026-08-10,71250,2026-09-10,put,regular,1,0.4446,31,6105.0
2026-08-10,73000,2026-09-10,put,regular,14,0.4808,31,7635.0
2026-08-10,80000,2026-09-10,put,regular,1,0.6568,31,14355.0
2026-08-10,85000,2026-09-10,put,regular,5,0.7821,31,19330.0
2026-08-10,25000,2026-10-08,put,regular,2951,0.8603,59,9.0
2026-08-10,28000,2026-10-08,put,regular,3,0.7875,59,12.0
2026-08-10,30000,2026-10-08,put,regular,15,0.7549,59,17.0
2026-08-10,31000,2026-10-08,put,regular,1,0.7346,59,19.0
2026-08-10,32000,2026-10-08,put,regular,3,0.7212,59,23.0
2026-08-10,35000,2026-10-08,put,regular,36,0.6718,59,35.0
2026-08-10,36000,2026-10-08,put,regular,1,0.6537,59,39.0
2026-08-10,37000,2026-10-08,put,regular,151,0.635,59,43.0
2026-08-10,38000,2026-10-08,put,regular,4,0.6143,59,46.0
2026-08-10,39000,2026-10-08,put,regular,101,0.6014,59,54.0
2026-08-10,40000,2026-10-08,put,regular,105,0.5869,59,62.0
2026-08-10,41000,2026-10-08,put,regular,103,0.5726,59,71.0
2026-08-10,42000,2026-10-08,put,regular,114,0.5582,59,81.0
2026-08-10,42750,2026-10-08,put,regular,30,0.5697,59,115.0
2026-08-10,43000,2026-10-08,put,regular,135,0.564,59,116.0
2026-08-10,43250,2026-10-08,put,regular,15,0.5453,59,101.0
2026-08-10,43500,2026-10-08,put,regular,15,0.5423,59,105.0
2026-08-10,43750,2026-10-08,put,regular,11,0.5408,59,111.0
2026-08-10,44000,2026-10-08,put,regular,100,0.5376,59,115.0
2026-08-10,44250,2026-10-08,put,regular,36,0.5313,59,115.0
2026-08-10,44500,2026-10-08,put,regular,1,0.5272,59,118.0
2026-08-10,44750,2026-10-08,put,regular,34,0.5238,59,122.0
2026-08-10,45000,2026-10-08,put,regular,216,0.5258,59,134.0
2026-08-10,45250,2026-10-08,put,regular,28,0.5297,59,150.0
2026-08-10,45500,2026-10-08,put,regular,208,0.5183,59,142.0
2026-08-10,45750,2026-10-08,put,regular,38,0.5223,59,159.0
2026-08-10,46000,2026-10-08,put,regular,231,0.51,59,149.0
2026-08-10,46250,2026-10-08,put,regular,5,0.5067,59,154.0
2026-08-10,46500,2026-10-08,put,regular,126,0.5077,59,167.0
2026-08-10,46750,2026-10-08,put,regular,118,0.4941,59,154.0
2026-08-10,47000,2026-10-08,put,regular,251,0.4977,59,172.0
2026-08-10,47250,2026-10-08,put,regular,25,0.4919,59,173.0
2026-08-10,47500,2026-10-08,put,regular,4,0.4892,59,180.0
2026-08-10,47750,2026-10-08,put,regular,31,0.4854,59,185.0
2026-08-10,48000,2026-10-08,put,regular,461,0.4801,59,187.0
2026-08-10,48250,2026-10-08,put,regular,13,0.4846,59,210.0
2026-08-10,48500,2026-10-08,put,regular,155,0.4809,59,216.0
2026-08-10,48750,2026-10-08,put,regular,12,0.4714,59,209.0
2026-08-10,49000,2026-10-08,put,regular,117,0.4715,59,224.0
2026-08-10,49250,2026-10-08,put,regular,18,0.4647,59,223.0
2026-08-10,49500,2026-10-08,put,regular,26,0.4609,59,229.0
2026-08-10,49750,2026-10-08,put,regular,23,0.4581,59,238.0
2026-08-10,50000,2026-10-08,put,regular,564,0.4565,59,250.0
2026-08-10,50250,2026-10-08,put,regular,33,0.464,59,288.0
2026-08-10,50500,2026-10-08,put,regular,205,0.4503,59,268.0
2026-08-10,50750,2026-10-08,put,regular,15,0.4464,59,275.0
2026-08-10,51000,2026-10-08,put,regular,267,0.4441,59,287.0
2026-08-10,51250,2026-10-08,put,regular,6,0.4411,59,297.0
2026-08-10,51500,2026-10-08,put,regular,175,0.4372,59,305.0
2026-08-10,51750,2026-10-08,put,regular,9,0.4355,59,320.0
2026-08-10,52000,2026-10-08,put,regular,203,0.4321,59,330.0
2026-08-10,52500,2026-10-08,put,regular,151,0.4279,59,360.0
2026-08-10,53000,2026-10-08,put,regular,393,0.423,59,390.0
2026-08-10,53250,2026-10-08,put,regular,4,0.4203,59,405.0
2026-08-10,53500,2026-10-08,put,regular,101,0.4162,59,415.0
2026-08-10,53750,2026-10-08,put,regular,2,0.4146,59,435.0
2026-08-10,54000,2026-10-08,put,regular,351,0.4115,59,450.0
2026-08-10,54250,2026-10-08,put,regular,31,0.4095,59,470.0
2026-08-10,54500,2026-10-08,put,regular,420,0.4062,59,485.0
2026-08-10,54750,2026-10-08,put,regular,5,0.4039,59,505.0
2026-08-10,55000,2026-10-08,put,regular,2011,0.4014,59,525.0
2026-08-10,55250,2026-10-08,put,regular,31,0.403,59,565.0
2026-08-10,55500,2026-10-08,put,regular,103,0.395,59,560.0
2026-08-10,55750,2026-10-08,put,regular,101,0.3941,59,590.0
2026-08-10,56000,2026-10-08,put,regular,253,0.391,59,610.0
2026-08-10,56250,2026-10-08,put,regular,9,0.3888,59,635.0
2026-08-10,56500,2026-10-08,put,regular,4,0.3872,59,665.0
2026-08-10,56750,2026-10-08,put,regular,21,0.3855,59,695.0
2026-08-10,57000,2026-10-08,put,regular,357,0.3827,59,720.0
2026-08-10,57250,2026-10-08,put,regular,1,0.3815,59,755.0
2026-08-10,57500,2026-10-08,put,regular,208,0.3792,59,785.0
2026-08-10,57750,2026-10-08,put,regular,31,0.3775,59,820.0
2026-08-10,58000,2026-10-08,put,regular,1513,0.3811,59,890.0
2026-08-10,58250,2026-10-08,put,regular,15,0.3743,59,895.0
2026-08-10,58375,2026-10-08,put,regular,440,0.3744,59,920.0
2026-08-10,58500,2026-10-08,put,regular,10,0.3728,59,935.0
2026-08-10,58750,2026-10-08,put,regular,13,0.3718,59,980.0
2026-08-10,59000,2026-10-08,put,regular,128,0.3734,59,1045.0
2026-08-10,59125,2026-10-08,put,regular,5,0.3751,59,1085.0
2026-08-10,59250,2026-10-08,put,regular,42,0.369,59,1070.0
2026-08-10,59500,2026-10-08,put,regular,14,0.368,59,1120.0
2026-08-10,59750,2026-10-08,put,regular,2,0.3667,59,1170.0
2026-08-10,60000,2026-10-08,put,regular,1738,0.3678,59,1240.0
2026-08-10,60250,2026-10-08,put,regular,4,0.3648,59,1280.0
2026-08-10,60375,2026-10-08,put,regular,300,0.3683,59,1340.0
2026-08-10,60500,2026-10-08,put,regular,103,0.3641,59,1340.0
2026-08-10,60750,2026-10-08,put,regular,48,0.3674,59,1435.0
2026-08-10,60875,2026-10-08,put,regular,7,0.3625,59,1430.0
2026-08-10,61000,2026-10-08,put,regular,403,0.3649,59,1485.0
2026-08-10,62000,2026-10-08,put,regular,747,0.3598,59,1745.0
2026-08-10,62250,2026-10-08,put,regular,1,0.3591,59,1820.0
2026-08-10,63000,2026-10-08,put,regular,100,0.3622,59,2110.0
2026-08-10,63500,2026-10-08,put,regular,2,0.3589,59,2265.0
2026-08-10,63625,2026-10-08,put,regular,6,0.3591,59,2315.0
2026-08-10,64000,2026-10-08,put,regular,950,0.3588,59,2460.0
2026-08-10,64250,2026-10-08,put,regular,2,0.359,59,2565.0
2026-08-10,64500,2026-10-08,put,regular,231,0.3581,59,2660.0
2026-08-10,64750,2026-10-08,put,regular,1,0.3588,59,2775.0
2026-08-10,65000,2026-10-08,put,regular,850,0.3583,59,2880.0
2026-08-10,65375,2026-10-08,put,regular,256,0.3588,59,3055.0
2026-08-10,65500,2026-10-08,put,regular,60,0.3599,59,3125.0
2026-08-10,66000,2026-10-08,put,regular,1,0.361,59,3375.0
2026-08-10,67000,2026-10-08,put,regular,201,0.3643,59,3920.0
2026-08-10,68000,2026-10-08,put,regular,536,0.369,59,4520.0
2026-08-10,68500,2026-10-08,put,regular,2,0.3704,59,4825.0
2026-08-10,69000,2026-10-08,put,regular,200,0.3738,59,5160.0
2026-08-10,69500,2026-10-08,put,regular,75,0.3782,59,5515.0
2026-08-10,70000,2026-10-08,put,regular,106,0.3837,59,5890.0
2026-08-10,72500,2026-10-08,put,regular,1,0.4073,59,7830.0
2026-08-10,79000,2026-10-08,put,regular,1,0.5023,59,13725.0
2026-08-10,85000,2026-10-08,put,regular,20,0.6039,59,19590.0
2026-08-10,25000,2026-11-12,put,regular,8,0.7381,94,20.0
2026-08-10,30000,2026-11-12,put,regular,1,0.6416,94,32.0
2026-08-10,35000,2026-11-12,put,regular,2,0.5824,94,70.0
2026-08-10,37000,2026-11-12,put,regular,2,0.5585,94,92.0
2026-08-10,38000,2026-11-12,put,regular,1,0.546,94,104.0
2026-08-10,40000,2026-11-12,put,regular,100,0.5218,94,133.0
2026-08-10,42000,2026-11-12,put,regular,150,0.5042,94,181.0
2026-08-10,43000,2026-11-12,put,regular,133,0.4919,94,202.0
2026-08-10,44000,2026-11-12,put,regular,101,0.48,94,226.0
2026-08-10,44500,2026-11-12,put,regular,1,0.4738,94,238.0
2026-08-10,44750,2026-11-12,put,regular,1,0.4709,94,245.0
2026-08-10,45000,2026-11-12,put,regular,1,0.4684,94,253.0
2026-08-10,45250,2026-11-12,put,regular,1,0.4661,94,262.0
2026-08-10,45500,2026-11-12,put,regular,2,0.4628,94,268.0
2026-08-10,45750,2026-11-12,put,regular,2,0.4603,94,277.0
2026-08-10,46000,2026-11-12,put,regular,2,0.4572,94,284.0
2026-08-10,46250,2026-11-12,put,regular,2,0.4546,94,293.0
2026-08-10,46500,2026-11-12,put,regular,2,0.4529,94,305.0
2026-08-10,46750,2026-11-12,put,regular,2,0.449,94,310.0
2026-08-10,47000,2026-11-12,put,regular,2,0.4465,94,320.0
2026-08-10,47250,2026-11-12,put,regular,2,0.4439,94,330.0
2026-08-10,47500,2026-11-12,put,regular,2,0.4413,94,340.0
2026-08-10,47750,2026-11-12,put,regular,2,0.4386,94,350.0
2026-08-10,48000,2026-11-12,put,regular,2,0.4358,94,360.0
2026-08-10,48250,2026-11-12,put,regular,2,0.433,94,370.0
2026-08-10,48500,2026-11-12,put,regular,2,0.4313,94,385.0
2026-08-10,48750,2026-11-12,put,regular,42,0.4283,94,395.0
2026-08-10,49000,2026-11-12,put,regular,15,0.4253,94,405.0
2026-08-10,49250,2026-11-12,put,regular,15,0.4234,94,420.0
2026-08-10,49500,2026-11-12,put,regular,15,0.4202,94,430.0
2026-08-10,49750,2026-11-12,put,regular,2,0.4181,94,445.0
2026-08-10,50000,2026-11-12,put,regular,241,0.4181,94,470.0
2026-08-10,50250,2026-11-12,put,regular,2,0.4136,94,475.0
2026-08-10,50500,2026-11-12,put,regular,2,0.4112,94,490.0
2026-08-10,50750,2026-11-12,put,regular,17,0.4097,94,510.0
2026-08-10,51000,2026-11-12,put,regular,606,0.4071,94,525.0
2026-08-10,51250,2026-11-12,put,regular,40,0.4045,94,540.0
2026-08-10,52000,2026-11-12,put,regular,325,0.3978,94,595.0
2026-08-10,53000,2026-11-12,put,regular,55,0.3905,94,685.0
2026-08-10,53500,2026-11-12,put,regular,400,0.3861,94,730.0
2026-08-10,53750,2026-11-12,put,regular,1,0.3842,94,755.0
2026-08-10,54000,2026-11-12,put,regular,11,0.3829,94,785.0
2026-08-10,55000,2026-11-12,put,regular,12,0.3757,94,900.0
2026-08-10,55250,2026-11-12,put,regular,16,0.3737,94,930.0
2026-08-10,56000,2026-11-12,put,regular,150,0.3691,94,1035.0
2026-08-10,56500,2026-11-12,put,regular,33,0.366,94,1110.0
2026-08-10,57000,2026-11-12,put,regular,233,0.363,94,1190.0
2026-08-10,57250,2026-11-12,put,regular,1,0.3618,94,1235.0
2026-08-10,58000,2026-11-12,put,regular,225,0.358,94,1375.0
2026-08-10,59000,2026-11-12,put,regular,125,0.3539,94,1590.0
2026-08-10,59500,2026-11-12,put,regular,459,0.3516,94,1705.0
2026-08-10,60000,2026-11-12,put,regular,470,0.3497,94,1830.0
2026-08-10,60500,2026-11-12,put,regular,100,0.3476,94,1960.0
2026-08-10,61000,2026-11-12,put,regular,620,0.3458,94,2100.0
2026-08-10,62000,2026-11-12,put,regular,400,0.3424,94,2405.0
2026-08-10,63000,2026-11-12,put,regular,50,0.3414,94,2770.0
2026-08-10,64000,2026-11-12,put,regular,660,0.3389,94,3150.0
2026-08-10,64500,2026-11-12,put,regular,340,0.3386,94,3365.0
2026-08-10,65000,2026-11-12,put,regular,400,0.3388,94,3595.0
2026-08-10,66000,2026-11-12,put,regular,150,0.3394,94,4085.0
2026-08-10,67000,2026-11-12,put,regular,350,0.3399,94,4610.0
2026-08-10,67500,2026-11-12,put,regular,4,0.3406,94,4890.0
2026-08-10,68500,2026-11-12,put,regular,328,0.3425,94,5485.0
2026-08-10,70000,2026-11-12,put,regular,460,0.3467,94,6455.0
2026-08-10,70750,2026-11-12,put,regular,160,0.3507,94,6990.0
2026-08-10,72500,2026-11-12,put,regular,330,0.3587,94,8280.0
2026-08-10,12500,2026-12-10,put,regular,506,0.9532,122,5.0
2026-08-10,13000,2026-12-10,put,regular,4,0.8931,122,3.0
2026-08-10,13500,2026-12-10,put,regular,100,0.8047,122,1.0
2026-08-10,14000,2026-12-10,put,regular,11,0.8269,122,2.0
2026-08-10,14500,2026-12-10,put,regular,1,0.7692,122,1.0
2026-08-10,14750,2026-12-10,put,regular,1,0.7608,122,1.0
2026-08-10,15000,2026-12-10,put,regular,5,0.791,122,2.0
2026-08-10,16000,2026-12-10,put,regular,3,0.7205,122,1.0
2026-08-10,17000,2026-12-10,put,regular,3,0.726,122,2.0
2026-08-10,18000,2026-12-10,put,regular,153,0.6964,122,2.0
2026-08-10,19000,2026-12-10,put,regular,650,0.6897,122,3.0
2026-08-10,20000,2026-12-10,put,regular,2350,0.6909,122,5.0
2026-08-10,21000,2026-12-10,put,regular,350,0.6639,122,5.0
2026-08-10,21500,2026-12-10,put,regular,500,0.6612,122,6.0
2026-08-10,22000,2026-12-10,put,regular,1715,0.6483,122,6.0
2026-08-10,22500,2026-12-10,put,regular,150,0.6445,122,7.0
2026-08-10,23000,2026-12-10,put,regular,2106,0.6397,122,8.0
2026-08-10,23500,2026-12-10,put,regular,127,0.6342,122,9.0
2026-08-10,24000,2026-12-10,put,regular,400,0.6282,122,10.0
2026-08-10,24500,2026-12-10,put,regular,250,0.6218,122,11.0
2026-08-10,24750,2026-12-10,put,regular,1,0.6211,122,12.0
2026-08-10,25000,2026-12-10,put,regular,2461,0.6199,122,13.0
2026-08-10,25250,2026-12-10,put,regular,1,0.614,122,13.0
2026-08-10,25500,2026-12-10,put,regular,2,0.6126,122,14.0
2026-08-10,26000,2026-12-10,put,regular,1425,0.6091,122,16.0
2026-08-10,26500,2026-12-10,put,regular,1,0.6012,122,17.0
2026-08-10,27000,2026-12-10,put,regular,2630,0.5967,122,19.0
2026-08-10,27500,2026-12-10,put,regular,25,0.5916,122,21.0
2026-08-10,27750,2026-12-10,put,regular,72,0.5889,122,22.0
2026-08-10,28000,2026-12-10,put,regular,1326,0.5861,122,23.0
2026-08-10,28500,2026-12-10,put,regular,400,0.5802,122,25.0
2026-08-10,29000,2026-12-10,put,regular,1450,0.5765,122,28.0
2026-08-10,30000,2026-12-10,put,regular,5895,0.5652,122,33.0
2026-08-10,30500,2026-12-10,put,regular,51,0.5602,122,36.0
2026-08-10,31000,2026-12-10,put,regular,2237,0.5547,122,39.0
2026-08-10,31500,2026-12-10,put,regular,350,0.5506,122,43.0
2026-08-10,32000,2026-12-10,put,regular,4655,0.5445,122,46.0
2026-08-10,32250,2026-12-10,put,regular,600,0.5422,122,48.0
2026-08-10,32500,2026-12-10,put,regular,900,0.5397,122,50.0
2026-08-10,33000,2026-12-10,put,regular,3362,0.5345,122,54.0
2026-08-10,33250,2026-12-10,put,regular,37,0.533,122,57.0
2026-08-10,33500,2026-12-10,put,regular,72,0.5302,122,59.0
2026-08-10,34000,2026-12-10,put,regular,2820,0.5255,122,64.0
2026-08-10,34500,2026-12-10,put,regular,560,0.5205,122,69.0
2026-08-10,34750,2026-12-10,put,regular,1,0.5174,122,71.0
2026-08-10,35000,2026-12-10,put,regular,5157,0.5152,122,74.0
2026-08-10,36000,2026-12-10,put,regular,2905,0.5056,122,86.0
2026-08-10,36500,2026-12-10,put,regular,225,0.5004,122,92.0
2026-08-10,36750,2026-12-10,put,regular,400,0.4985,122,96.0
2026-08-10,37000,2026-12-10,put,regular,2535,0.4957,122,99.0
2026-08-10,37500,2026-12-10,put,regular,188,0.5241,122,160.0
2026-08-10,37750,2026-12-10,put,regular,100,0.5215,122,165.0
2026-08-10,38000,2026-12-10,put,regular,2686,0.5183,122,169.0
2026-08-10,38500,2026-12-10,put,regular,1150,0.5123,122,178.0
2026-08-10,38750,2026-12-10,put,regular,50,0.5095,122,183.0
2026-08-10,39000,2026-12-10,put,regular,2405,0.5061,122,187.0
2026-08-10,39250,2026-12-10,put,regular,650,0.5032,122,192.0
2026-08-10,39500,2026-12-10,put,regular,1008,0.5003,122,197.0
2026-08-10,40000,2026-12-10,put,regular,6228,0.4947,122,208.0
2026-08-10,40250,2026-12-10,put,regular,5,0.4916,122,213.0
2026-08-10,40500,2026-12-10,put,regular,1469,0.4889,122,219.0
2026-08-10,41000,2026-12-10,put,regular,1825,0.483,122,230.0
2026-08-10,41250,2026-12-10,put,regular,3,0.4805,122,237.0
2026-08-10,41500,2026-12-10,put,regular,101,0.4776,122,243.0
2026-08-10,42000,2026-12-10,put,regular,3599,0.4728,122,258.0
2026-08-10,42500,2026-12-10,put,regular,300,0.4667,122,270.0
2026-08-10,43000,2026-12-10,put,regular,1692,0.4614,122,285.0
2026-08-10,43500,2026-12-10,put,regular,100,0.4575,122,305.0
2026-08-10,43750,2026-12-10,put,regular,9,0.4539,122,310.0
2026-08-10,44000,2026-12-10,put,regular,3190,0.4517,122,320.0
2026-08-10,45000,2026-12-10,put,regular,2723,0.4411,122,355.0
2026-08-10,45250,2026-12-10,put,regular,51,0.4387,122,365.0
2026-08-10,45500,2026-12-10,put,regular,350,0.4362,122,375.0
2026-08-10,46000,2026-12-10,put,regular,3657,0.431,122,395.0
2026-08-10,47000,2026-12-10,put,regular,2846,0.4211,122,440.0
2026-08-10,47500,2026-12-10,put,regular,1119,0.4174,122,470.0
2026-08-10,48000,2026-12-10,put,regular,4167,0.4124,122,495.0
2026-08-10,48500,2026-12-10,put,regular,300,0.4081,122,525.0
2026-08-10,49000,2026-12-10,put,regular,3177,0.4035,122,555.0
2026-08-10,49500,2026-12-10,put,regular,2717,0.3996,122,590.0
2026-08-10,50000,2026-12-10,put,regular,6537,0.3953,122,625.0
2026-08-10,50250,2026-12-10,put,regular,16,0.3935,122,645.0
2026-08-10,50500,2026-12-10,put,regular,686,0.3915,122,665.0
2026-08-10,50750,2026-12-10,put,regular,45,0.3895,122,685.0
2026-08-10,51000,2026-12-10,put,regular,1680,0.3874,122,705.0
2026-08-10,51500,2026-12-10,put,regular,20,0.3838,122,750.0
2026-08-10,52000,2026-12-10,put,regular,2765,0.3833,122,820.0
2026-08-10,52250,2026-12-10,put,regular,525,0.3787,122,825.0
2026-08-10,52500,2026-12-10,put,regular,417,0.3768,122,850.0
2026-08-10,53000,2026-12-10,put,regular,1398,0.3734,122,905.0
2026-08-10,53250,2026-12-10,put,regular,186,0.3719,122,935.0
2026-08-10,53500,2026-12-10,put,regular,205,0.3696,122,960.0
2026-08-10,53750,2026-12-10,put,regular,4,0.3686,122,995.0
2026-08-10,54000,2026-12-10,put,regular,2717,0.3668,122,1025.0
2026-08-10,54500,2026-12-10,put,regular,440,0.364,122,1095.0
2026-08-10,55000,2026-12-10,put,regular,4754,0.3609,122,1165.0
2026-08-10,55500,2026-12-10,put,regular,100,0.3578,122,1240.0
2026-08-10,56000,2026-12-10,put,regular,2476,0.3549,122,1320.0
2026-08-10,56500,2026-12-10,put,regular,151,0.3526,122,1410.0
2026-08-10,57000,2026-12-10,put,regular,2231,0.3497,122,1500.0
2026-08-10,57500,2026-12-10,put,regular,850,0.3479,122,1605.0
2026-08-10,58000,2026-12-10,put,regular,1768,0.3456,122,1710.0
2026-08-10,58500,2026-12-10,put,regular,850,0.3436,122,1825.0
2026-08-10,59000,2026-12-10,put,regular,2405,0.3416,122,1945.0
2026-08-10,59500,2026-12-10,put,regular,250,0.3395,122,2070.0
2026-08-10,60000,2026-12-10,put,regular,10127,0.3378,122,2205.0
2026-08-10,60500,2026-12-10,put,regular,200,0.3363,122,2350.0
2026-08-10,61000,2026-12-10,put,regular,1460,0.335,122,2505.0
2026-08-10,61500,2026-12-10,put,regular,1,0.334,122,2670.0
2026-08-10,62000,2026-12-10,put,regular,2081,0.3328,122,2840.0
2026-08-10,62250,2026-12-10,put,regular,250,0.3324,122,2930.0
2026-08-10,62500,2026-12-10,put,regular,1137,0.3315,122,3015.0
2026-08-10,63000,2026-12-10,put,regular,2151,0.3303,122,3200.0
2026-08-10,63750,2026-12-10,put,regular,40,0.3292,122,3500.0
2026-08-10,64000,2026-12-10,put,regular,1525,0.3292,122,3610.0
2026-08-10,65000,2026-12-10,put,regular,3299,0.328,122,4050.0
2026-08-10,65500,2026-12-10,put,regular,580,0.3276,122,4285.0
2026-08-10,66000,2026-12-10,put,regular,326,0.3283,122,4545.0
2026-08-10,67000,2026-12-10,put,regular,1405,0.3281,122,5065.0
2026-08-10,67250,2026-12-10,put,regular,25,0.3284,122,5205.0
2026-08-10,67500,2026-12-10,put,regular,25,0.3283,122,5340.0
2026-08-10,68000,2026-12-10,put,regular,1500,0.3289,122,5630.0
2026-08-10,68500,2026-12-10,put,regular,203,0.3293,122,5925.0
2026-08-10,68750,2026-12-10,put,regular,100,0.3299,122,6080.0
2026-08-10,69000,2026-12-10,put,regular,1470,0.3303,122,6235.0
2026-08-10,70000,2026-12-10,put,regular,1653,0.331,122,6860.0
2026-08-10,71000,2026-12-10,put,regular,31,0.3343,122,7550.0
2026-08-10,72000,2026-12-10,put,regular,120,0.3368,122,8255.0
2026-08-10,72500,2026-12-10,put,regular,320,0.3383,122,8620.0
2026-08-10,74000,2026-12-10,put,regular,100,0.3446,122,9775.0
2026-08-10,76000,2026-12-10,put,regular,300,0.3547,122,11405.0
2026-08-10,80000,2026-12-10,put,regular,3700,0.381,122,14915.0
2026-08-10,44000,2027-01-07,put,regular,331,0.4227,150,380.0
2026-08-10,45000,2027-01-07,put,regular,800,0.4141,150,425.0
2026-08-10,47000,2027-01-07,put,regular,98,0.3991,150,540.0
2026-08-10,48000,2027-01-07,put,regular,200,0.3922,150,610.0
2026-08-10,50000,2027-01-07,put,regular,15,0.3786,150,775.0
2026-08-10,52500,2027-01-07,put,regular,20,0.3637,150,1050.0
2026-08-10,58000,2027-01-07,put,regular,57,0.3374,150,2030.0
2026-08-10,60000,2027-01-07,put,regular,1,0.3302,150,2560.0
2026-08-10,60500,2027-01-07,put,regular,42,0.3286,150,2710.0
2026-08-10,61000,2027-01-07,put,regular,1,0.3266,150,2860.0
2026-08-10,64000,2027-01-07,put,regular,100,0.3189,150,3965.0
2026-08-10,65000,2027-01-07,put,regular,3,0.3173,150,4405.0
2026-08-10,66000,2027-01-07,put,regular,78,0.317,150,4895.0
2026-08-10,47000,2027-02-10,put,regular,125,0.3897,184,730.0
2026-08-10,57500,2027-02-10,put,regular,100,0.3329,184,2280.0
2026-08-10,29000,2027-03-11,put,regular,1,0.5242,213,115.0
2026-08-10,30000,2027-03-11,put,regular,1,0.5142,213,130.0
2026-08-10,33000,2027-03-11,put,regular,113,0.4849,213,184.0
2026-08-10,35000,2027-03-11,put,regular,600,0.4666,213,230.0
2026-08-10,37000,2027-03-11,put,regular,500,0.4494,213,287.0
2026-08-10,38000,2027-03-11,put,regular,265,0.4411,213,320.0
2026-08-10,40000,2027-03-11,put,regular,971,0.4246,213,395.0
2026-08-10,41000,2027-03-11,put,regular,250,0.417,213,440.0
2026-08-10,42000,2027-03-11,put,regular,749,0.4097,213,490.0
2026-08-10,42500,2027-03-11,put,regular,200,0.4057,213,515.0
2026-08-10,43000,2027-03-11,put,regular,114,0.4024,213,545.0
2026-08-10,43500,2027-03-11,put,regular,66,0.3989,213,575.0
2026-08-10,44000,2027-03-11,put,regular,450,0.3952,213,605.0
2026-08-10,45000,2027-03-11,put,regular,1568,0.3888,213,675.0
2026-08-10,46000,2027-03-11,put,regular,116,0.3822,213,750.0
2026-08-10,47000,2027-03-11,put,regular,800,0.3753,213,830.0
2026-08-10,48000,2027-03-11,put,regular,299,0.3695,213,925.0
2026-08-10,48500,2027-03-11,put,regular,51,0.3665,213,975.0
2026-08-10,49000,2027-03-11,put,regular,100,0.3638,213,1030.0
2026-08-10,50000,2027-03-11,put,regular,1275,0.3582,213,1145.0
2026-08-10,50250,2027-03-11,put,regular,112,0.3568,213,1175.0
2026-08-10,51000,2027-03-11,put,regular,24,0.3526,213,1270.0
2026-08-10,51250,2027-03-11,put,regular,108,0.3514,213,1305.0
2026-08-10,52000,2027-03-11,put,regular,1470,0.3473,213,1410.0
2026-08-10,52500,2027-03-11,put,regular,50,0.3452,213,1490.0
2026-08-10,53000,2027-03-11,put,regular,525,0.3427,213,1570.0
2026-08-10,53500,2027-03-11,put,regular,200,0.3404,213,1655.0
2026-08-10,54000,2027-03-11,put,regular,234,0.3382,213,1745.0
2026-08-10,55000,2027-03-11,put,regular,716,0.3338,213,1935.0
2026-08-10,55500,2027-03-11,put,regular,100,0.3318,213,2040.0
2026-08-10,56000,2027-03-11,put,regular,651,0.3296,213,2145.0
2026-08-10,56250,2027-03-11,put,regular,120,0.3285,213,2200.0
2026-08-10,57000,2027-03-11,put,regular,1740,0.3259,213,2380.0
2026-08-10,58000,2027-03-11,put,regular,2150,0.3223,213,2635.0
2026-08-10,58500,2027-03-11,put,regular,15,0.3206,213,2770.0
2026-08-10,59500,2027-03-11,put,regular,253,0.3176,213,3065.0
2026-08-10,60000,2027-03-11,put,regular,1410,0.3161,213,3220.0
2026-08-10,61000,2027-03-11,put,regular,160,0.3132,213,3550.0
2026-08-10,62000,2027-03-11,put,regular,800,0.311,213,3915.0
2026-08-10,62500,2027-03-11,put,regular,500,0.3099,213,4105.0
2026-08-10,63000,2027-03-11,put,regular,1190,0.3089,213,4305.0
2026-08-10,64000,2027-03-11,put,regular,800,0.3071,213,4725.0
2026-08-10,65000,2027-03-11,put,regular,360,0.3055,213,5175.0
2026-08-10,66000,2027-03-11,put,regular,300,0.3041,213,5655.0
2026-08-10,66250,2027-03-11,put,regular,15,0.3038,213,5780.0
2026-08-10,66500,2027-03-11,put,regular,6,0.3037,213,5910.0
2026-08-10,67000,2027-03-11,put,regular,150,0.3032,213,6170.0
2026-08-10,68000,2027-03-11,put,regular,130,0.3026,213,6715.0
2026-08-10,69000,2027-03-11,put,regular,350,0.3022,213,7290.0
2026-08-10,70000,2027-03-11,put,regular,250,0.3021,213,7895.0
2026-08-10,72000,2027-03-11,put,regular,100,0.3028,213,9195.0
2026-08-10,48000,2027-05-13,put,regular,100,0.3586,276,1275.0
2026-08-10,12500,2027-06-10,put,regular,10,0.6536,304,12.0
2026-08-10,14500,2027-06-10,put,regular,4,0.6277,304,20.0
2026-08-10,15000,2027-06-10,put,regular,1,0.6203,304,22.0
2026-08-10,16250,2027-06-10,put,regular,167,0.6033,304,28.0
2026-08-10,23000,2027-06-10,put,regular,140,0.5252,304,82.0
2026-08-10,24000,2027-06-10,put,regular,100,0.5151,304,94.0
2026-08-10,25000,2027-06-10,put,regular,250,0.5051,304,107.0
2026-08-10,26000,2027-06-10,put,regular,200,0.4952,304,121.0
2026-08-10,28000,2027-06-10,put,regular,895,0.4771,304,155.0
2026-08-10,28500,2027-06-10,put,regular,100,0.4729,304,165.0
2026-08-10,29000,2027-06-10,put,regular,66,0.4685,304,175.0
2026-08-10,30000,2027-06-10,put,regular,275,0.4598,304,196.0
2026-08-10,31000,2027-06-10,put,regular,100,0.4516,304,220.0
2026-08-10,31500,2027-06-10,put,regular,1,0.4476,304,233.0
2026-08-10,32000,2027-06-10,put,regular,250,0.4438,304,247.0
2026-08-10,33000,2027-06-10,put,regular,150,0.436,304,276.0
2026-08-10,34000,2027-06-10,put,regular,750,0.429,304,310.0
2026-08-10,35000,2027-06-10,put,regular,1327,0.4215,304,345.0
2026-08-10,35500,2027-06-10,put,regular,145,0.4182,304,365.0
2026-08-10,36000,2027-06-10,put,regular,300,0.4146,304,385.0
2026-08-10,37000,2027-06-10,put,regular,50,0.4081,304,430.0
2026-08-10,38000,2027-06-10,put,regular,200,0.4018,304,480.0
2026-08-10,38500,2027-06-10,put,regular,140,0.3984,304,505.0
2026-08-10,39000,2027-06-10,put,regular,50,0.3957,304,535.0
2026-08-10,39500,2027-06-10,put,regular,101,0.3928,304,565.0
2026-08-10,40000,2027-06-10,put,regular,1095,0.3897,304,595.0
2026-08-10,41000,2027-06-10,put,regular,100,0.3837,304,660.0
2026-08-10,42000,2027-06-10,put,regular,400,0.3777,304,730.0
2026-08-10,42500,2027-06-10,put,regular,61,0.3751,304,770.0
2026-08-10,43000,2027-06-10,put,regular,35,0.3723,304,810.0
2026-08-10,44000,2027-06-10,put,regular,196,0.3672,304,900.0
2026-08-10,45000,2027-06-10,put,regular,1220,0.3619,304,995.0
2026-08-10,46000,2027-06-10,put,regular,773,0.3574,304,1105.0
2026-08-10,46500,2027-06-10,put,regular,70,0.3549,304,1160.0
2026-08-10,47000,2027-06-10,put,regular,201,0.3525,304,1220.0
2026-08-10,47750,2027-06-10,put,regular,100,0.3491,304,1315.0
2026-08-10,48000,2027-06-10,put,regular,1104,0.3482,304,1350.0
2026-08-10,49000,2027-06-10,put,regular,300,0.3438,304,1490.0
2026-08-10,50000,2027-06-10,put,regular,2067,0.3398,304,1645.0
2026-08-10,50500,2027-06-10,put,regular,175,0.338,304,1730.0
2026-08-10,51000,2027-06-10,put,regular,100,0.336,304,1815.0
2026-08-10,51250,2027-06-10,put,regular,3,0.3351,304,1860.0
2026-08-10,52000,2027-06-10,put,regular,1030,0.3323,304,2000.0
2026-08-10,52250,2027-06-10,put,regular,88,0.3312,304,2045.0
2026-08-10,52500,2027-06-10,put,regular,57,0.3303,304,2095.0
2026-08-10,53000,2027-06-10,put,regular,720,0.3287,304,2200.0
2026-08-10,53500,2027-06-10,put,regular,1,0.3269,304,2305.0
2026-08-10,53750,2027-06-10,put,regular,35,0.3261,304,2360.0
2026-08-10,54000,2027-06-10,put,regular,1402,0.3252,304,2415.0
2026-08-10,55000,2027-06-10,put,regular,1300,0.322,304,2650.0
2026-08-10,55500,2027-06-10,put,regular,155,0.3205,304,2775.0
2026-08-10,56000,2027-06-10,put,regular,785,0.319,304,2905.0
2026-08-10,56500,2027-06-10,put,regular,40,0.3175,304,3040.0
2026-08-10,57000,2027-06-10,put,regular,775,0.3161,304,3180.0
2026-08-10,57750,2027-06-10,put,regular,112,0.3141,304,3400.0
2026-08-10,58000,2027-06-10,put,regular,317,0.3134,304,3475.0
2026-08-10,59000,2027-06-10,put,regular,400,0.311,304,3795.0
2026-08-10,59500,2027-06-10,put,regular,112,0.3099,304,3965.0
2026-08-10,60000,2027-06-10,put,regular,1625,0.3086,304,4135.0
2026-08-10,61000,2027-06-10,put,regular,3,0.3065,304,4500.0
2026-08-10,62000,2027-06-10,put,regular,805,0.3046,304,4890.0
2026-08-10,63000,2027-06-10,put,regular,925,0.3028,304,5305.0
2026-08-10,64000,2027-06-10,put,regular,250,0.3012,304,5745.0
2026-08-10,64750,2027-06-10,put,regular,104,0.3001,304,6090.0
2026-08-10,65000,2027-06-10,put,regular,1486,0.2998,304,6210.0
2026-08-10,65500,2027-06-10,put,regular,26,0.2991,304,6450.0
2026-08-10,66000,2027-06-10,put,regular,50,0.2985,304,6700.0
2026-08-10,66750,2027-06-10,put,regular,150,0.2977,304,7085.0
2026-08-10,67000,2027-06-10,put,regular,870,0.2974,304,7215.0
2026-08-10,67500,2027-06-10,put,regular,100,0.297,304,7485.0
2026-08-10,68000,2027-06-10,put,regular,450,0.2966,304,7760.0
2026-08-10,68500,2027-06-10,put,regular,200,0.2962,304,8040.0
2026-08-10,69000,2027-06-10,put,regular,15,0.2958,304,8325.0
2026-08-10,70000,2027-06-10,put,regular,700,0.2954,304,8920.0
2026-08-10,72000,2027-06-10,put,regular,100,0.2949,304,10180.0
2026-08-10,77500,2027-06-10,put,regular,50,0.2977,304,14115.0
2026-08-10,67000,2027-07-08,put,regular,58,0.296,332,7500.0
2026-08-10,31000,2027-09-09,put,regular,200,0.4166,395,291.0
2026-08-10,45000,2027-09-09,put,regular,100,0.3468,395,1330.0
2026-08-10,48000,2027-09-09,put,regular,100,0.3349,395,1760.0
2026-08-10,50000,2027-09-09,put,regular,25,0.3274,395,2105.0
2026-08-10,54250,2027-09-09,put,regular,200,0.3138,395,3040.0
2026-08-10,55000,2027-09-09,put,regular,300,0.3116,395,3235.0
2026-08-10,58000,2027-09-09,put,regular,1,0.3037,395,4125.0
2026-08-10,60000,2027-09-09,put,regular,225,0.2992,395,4820.0
2026-08-10,62000,2027-09-09,put,regular,188,0.2953,395,5600.0
2026-08-10,68250,2027-09-09,put,regular,200,0.2864,395,8620.0
2026-08-10,68750,2027-09-09,put,regular,91,0.2861,395,8905.0
2026-08-10,12500,2027-12-09,put,regular,11,0.5351,486,17.0
2026-08-10,13000,2027-12-09,put,regular,1,0.434,486,2.0
2026-08-10,16000,2027-12-09,put,regular,350,0.4257,486,8.0
2026-08-10,19000,2027-12-09,put,regular,300,0.4227,486,26.0
2026-08-10,20000,2027-12-09,put,regular,400,0.4226,486,37.0
2026-08-10,21000,2027-12-09,put,regular,50,0.4222,486,51.0
2026-08-10,22000,2027-12-09,put,regular,408,0.4267,486,75.0
2026-08-10,22500,2027-12-09,put,regular,36,0.4229,486,81.0
2026-08-10,23000,2027-12-09,put,regular,132,0.4228,486,93.0
2026-08-10,23750,2027-12-09,put,regular,39,0.4229,486,114.0
2026-08-10,24000,2027-12-09,put,regular,1721,0.4226,486,121.0
2026-08-10,25000,2027-12-09,put,regular,1211,0.4229,486,156.0
2026-08-10,26000,2027-12-09,put,regular,200,0.4229,486,197.0
2026-08-10,26500,2027-12-09,put,regular,100,0.4228,486,220.0
2026-08-10,27000,2027-12-09,put,regular,1300,0.423,486,246.0
2026-08-10,28000,2027-12-09,put,regular,2125,0.4168,486,279.0
2026-08-10,29000,2027-12-09,put,regular,350,0.4118,486,320.0
2026-08-10,29500,2027-12-09,put,regular,249,0.4089,486,340.0
2026-08-10,30000,2027-12-09,put,regular,2445,0.4059,486,360.0
2026-08-10,31000,2027-12-09,put,regular,1750,0.4003,486,405.0
2026-08-10,31500,2027-12-09,put,regular,204,0.3968,486,425.0
2026-08-10,32000,2027-12-09,put,regular,1425,0.3941,486,450.0
2026-08-10,32250,2027-12-09,put,regular,30,0.3931,486,465.0
2026-08-10,32750,2027-12-09,put,regular,35,0.3902,486,490.0
2026-08-10,33000,2027-12-09,put,regular,450,0.3891,486,505.0
2026-08-10,34000,2027-12-09,put,regular,1794,0.3841,486,565.0
2026-08-10,34500,2027-12-09,put,regular,100,0.3814,486,595.0
2026-08-10,35000,2027-12-09,put,regular,1600,0.3793,486,630.0
2026-08-10,35500,2027-12-09,put,regular,40,0.3763,486,660.0
2026-08-10,36000,2027-12-09,put,regular,1130,0.3744,486,700.0
2026-08-10,36500,2027-12-09,put,regular,300,0.3718,486,735.0
2026-08-10,37000,2027-12-09,put,regular,1150,0.3696,486,775.0
2026-08-10,38000,2027-12-09,put,regular,1175,0.3647,486,855.0
2026-08-10,39000,2027-12-09,put,regular,800,0.3603,486,945.0
2026-08-10,39500,2027-12-09,put,regular,50,0.3584,486,995.0
2026-08-10,40000,2027-12-09,put,regular,2950,0.3563,486,1045.0
2026-08-10,40500,2027-12-09,put,regular,450,0.354,486,1095.0
2026-08-10,42000,2027-12-09,put,regular,550,0.348,486,1265.0
2026-08-10,43000,2027-12-09,put,regular,240,0.3442,486,1390.0
2026-08-10,44000,2027-12-09,put,regular,100,0.3402,486,1520.0
2026-08-10,45000,2027-12-09,put,regular,1875,0.3366,486,1665.0
2026-08-10,46000,2027-12-09,put,regular,700,0.333,486,1820.0
2026-08-10,47000,2027-12-09,put,regular,250,0.3298,486,1990.0
2026-08-10,47500,2027-12-09,put,regular,35,0.3279,486,2075.0
2026-08-10,48000,2027-12-09,put,regular,615,0.3262,486,2165.0
2026-08-10,49000,2027-12-09,put,regular,700,0.3232,486,2360.0
2026-08-10,50000,2027-12-09,put,regular,3170,0.3201,486,2565.0
2026-08-10,51000,2027-12-09,put,regular,350,0.3171,486,2785.0
2026-08-10,52000,2027-12-09,put,regular,535,0.3142,486,3020.0
2026-08-10,53000,2027-12-09,put,regular,822,0.3115,486,3270.0
2026-08-10,54000,2027-12-09,put,regular,275,0.3088,486,3535.0
2026-08-10,54500,2027-12-09,put,regular,400,0.3075,486,3675.0
2026-08-10,55000,2027-12-09,put,regular,1050,0.3063,486,3820.0
2026-08-10,55500,2027-12-09,put,regular,75,0.3052,486,3970.0
2026-08-10,56000,2027-12-09,put,regular,270,0.3039,486,4120.0
2026-08-10,57000,2027-12-09,put,regular,220,0.3016,486,4440.0
2026-08-10,58000,2027-12-09,put,regular,1000,0.2993,486,4775.0
2026-08-10,58500,2027-12-09,put,regular,210,0.2983,486,4950.0
2026-08-10,59000,2027-12-09,put,regular,100,0.2972,486,5130.0
2026-08-10,60000,2027-12-09,put,regular,850,0.2952,486,5505.0
2026-08-10,62000,2027-12-09,put,regular,300,0.2918,486,6320.0
2026-08-10,62500,2027-12-09,put,regular,70,0.291,486,6535.0
2026-08-10,63000,2027-12-09,put,regular,300,0.2901,486,6755.0
2026-08-10,63500,2027-12-09,put,regular,50,0.2893,486,6980.0
2026-08-10,64000,2027-12-09,put,regular,130,0.2886,486,7210.0
2026-08-10,65000,2027-12-09,put,regular,1100,0.2871,486,7685.0
2026-08-10,66000,2027-12-09,put,regular,550,0.2859,486,8185.0
2026-08-10,67000,2027-12-09,put,regular,400,0.2847,486,8705.0
2026-08-10,68000,2027-12-09,put,regular,200,0.2835,486,9240.0
2026-08-10,69000,2027-12-09,put,regular,750,0.2825,486,9800.0
2026-08-10,70000,2027-12-09,put,regular,550,0.2818,486,10385.0
2026-08-10,75000,2027-12-09,put,regular,175,0.2792,486,13580.0
2026-08-10,80000,2027-12-09,put,regular,400,0.2791,486,17215.0
2026-08-10,15000,2028-06-08,put,regular,3,0.3998,668,14.0
2026-08-10,25000,2028-06-08,put,regular,630,0.3988,668,284.0
2026-08-10,26000,2028-06-08,put,regular,250,0.3993,668,350.0
2026-08-10,27000,2028-06-08,put,regular,100,0.3996,668,425.0
2026-08-10,30000,2028-06-08,put,regular,300,0.3856,668,605.0
2026-08-10,32000,2028-06-08,put,regular,250,0.3778,668,760.0
2026-08-10,33000,2028-06-08,put,regular,100,0.3732,668,840.0
2026-08-10,35000,2028-06-08,put,regular,200,0.3655,668,1030.0
2026-08-10,40000,2028-06-08,put,regular,250,0.3463,668,1620.0
2026-08-10,41500,2028-06-08,put,regular,100,0.3411,668,1840.0
2026-08-10,45000,2028-06-08,put,regular,15,0.3287,668,2420.0
2026-08-10,48000,2028-06-08,put,regular,300,0.3186,668,3015.0
2026-08-10,50000,2028-06-08,put,regular,400,0.3121,668,3465.0
2026-08-10,53000,2028-06-08,put,regular,50,0.303,668,4235.0
2026-08-10,54000,2028-06-08,put,regular,100,0.3001,668,4520.0
2026-08-10,60000,2028-06-08,put,regular,250,0.2851,668,6560.0
2026-08-10,12000,2028-12-07,put,regular,300,0.4038,850,13.0
2026-08-10,16000,2028-12-07,put,regular,1950,0.4034,850,65.0
2026-08-10,18000,2028-12-07,put,regular,100,0.4036,850,120.0
2026-08-10,20000,2028-12-07,put,regular,200,0.4034,850,201.0
2026-08-10,23000,2028-12-07,put,regular,100,0.4032,850,385.0
2026-08-10,23500,2028-12-07,put,regular,38,0.4033,850,425.0
2026-08-10,24000,2028-12-07,put,regular,1000,0.4039,850,470.0
2026-08-10,25000,2028-12-07,put,regular,1200,0.4036,850,560.0
2026-08-10,27000,2028-12-07,put,regular,120,0.4033,850,775.0
2026-08-10,27500,2028-12-07,put,regular,50,0.4002,850,810.0
2026-08-10,28000,2028-12-07,put,regular,1250,0.397,850,845.0
2026-08-10,30000,2028-12-07,put,regular,350,0.3852,850,1000.0
2026-08-10,31000,2028-12-07,put,regular,400,0.3796,850,1085.0
2026-08-10,32000,2028-12-07,put,regular,850,0.3742,850,1175.0
2026-08-10,32250,2028-12-07,put,regular,51,0.373,850,1200.0
2026-08-10,33000,2028-12-07,put,regular,125,0.3688,850,1270.0
2026-08-10,34000,2028-12-07,put,regular,775,0.3636,850,1370.0
2026-08-10,34750,2028-12-07,put,regular,100,0.3598,850,1450.0
2026-08-10,35000,2028-12-07,put,regular,1305,0.3588,850,1480.0
2026-08-10,36000,2028-12-07,put,regular,2750,0.354,850,1595.0
2026-08-10,37000,2028-12-07,put,regular,580,0.3492,850,1715.0
2026-08-10,38000,2028-12-07,put,regular,2860,0.3448,850,1845.0
2026-08-10,39000,2028-12-07,put,regular,50,0.3403,850,1980.0
2026-08-10,40000,2028-12-07,put,regular,1210,0.3361,850,2125.0
2026-08-10,42000,2028-12-07,put,regular,350,0.328,850,2440.0
2026-08-10,43000,2028-12-07,put,regular,100,0.3241,850,2610.0
2026-08-10,44500,2028-12-07,put,regular,75,0.3185,850,2885.0
2026-08-10,45000,2028-12-07,put,regular,130,0.3166,850,2980.0
2026-08-10,48000,2028-12-07,put,regular,600,0.3065,850,3620.0
2026-08-10,50000,2028-12-07,put,regular,2450,0.3005,850,4110.0
2026-08-10,51000,2028-12-07,put,regular,150,0.2975,850,4370.0
2026-08-10,53000,2028-12-07,put,regular,50,0.2919,850,4935.0
2026-08-10,55000,2028-12-07,put,regular,705,0.2869,850,5560.0
2026-08-10,56000,2028-12-07,put,regular,450,0.2844,850,5890.0
2026-08-10,57000,2028-12-07,put,regular,150,0.2821,850,6240.0
2026-08-10,60000,2028-12-07,put,regular,550,0.2757,850,7380.0
2026-08-10,65000,2028-12-07,put,regular,900,0.2668,850,9605.0
2026-08-10,68000,2028-12-07,put,regular,100,0.2625,850,11140.0
2026-08-10,70000,2028-12-07,put,regular,100,0.2599,850,12245.0
2026-08-10,75000,2028-12-07,put,regular,80,0.2547,850,15290.0
2026-08-10,15000,2029-06-07,put,regular,1,0.3867,1032,71.0
2026-08-10,15000,2029-12-13,put,regular,1,0.3754,1221,106.0
2026-08-10,23250,2029-12-13,put,regular,40,0.3743,1221,675.0
2026-08-10,32000,2029-12-13,put,regular,113,0.3457,1221,1675.0
2026-08-10,34250,2029-12-13,put,regular,6,0.3347,1221,1945.0
2026-08-10,44000,2029-12-13,put,regular,100,0.2952,1221,3540.0
2026-08-10,50000,2029-12-13,put,regular,70,0.2782,1221,5025.0
2026-08-10,64000,2029-12-13,put,regular,100,0.2528,1221,10425.0
2026-08-10,65000,2029-12-13,put,regular,50,0.2514,1221,10915.0
2026-08-10,70000,2029-12-13,put,regular,100,0.2447,1221,13555.0
2026-08-10,19000,2030-06-13,call,regular,2,0.2,1403,350.0
2026-08-10,23500,2030-12-12,call,regular,100,0.2,1585,760.0
2026-08-10,31750,2030-12-12,call,regular,74,0.2,1585,1800.0
2026-08-10,34000,2030-12-12,call,regular,24,0.2,1585,2120.0
2026-08-10,44000,2030-12-12,call,regular,80,0.2,1585,4125.0
2026-08-10,49500,2030-12-12,call,regular,100,0.2,1585,5700.0
2026-08-10,64000,2030-12-12,call,regular,3,0.1813,1585,11500.0
2026-08-10,31500,2031-12-11,call,regular,52,0.2,1949,2290.0
2026-08-10,68000,2031-12-11,call,regular,100,0.2379,1949,14245.0
2026-08-10,31250,2032-12-09,call,regular,40,0.2,2313,2705.0
2026-08-10,42750,2026-08-13,call,regular,27,0.2,3,22865.0
2026-08-10,49000,2026-08-13,call,regular,27,0.2,3,16615.0
2026-08-10,55000,2026-08-13,call,regular,1,0.2,3,10625.0
2026-08-10,57000,2026-08-13,call,regular,4,0.2,3,8640.0
2026-08-10,58000,2026-08-13,call,regular,851,0.2,3,7645.0
2026-08-10,59000,2026-08-13,call,regular,2,0.2,3,6660.0
2026-08-10,59500,2026-08-13,call,regular,20,0.2,3,6165.0
2026-08-10,59750,2026-08-13,call,regular,50,0.2,3,5925.0
2026-08-10,60000,2026-08-13,call,regular,237,0.2,3,5680.0
2026-08-10,60500,2026-08-13,call,regular,128,0.2,3,5195.0
2026-08-10,60750,2026-08-13,call,regular,15,0.2,3,4955.0
2026-08-10,61000,2026-08-13,call,regular,427,0.2,3,4715.0
2026-08-10,61250,2026-08-13,call,regular,9,0.2,3,4475.0
2026-08-10,61500,2026-08-13,call,regular,202,0.2,3,4240.0
2026-08-10,62000,2026-08-13,call,regular,140,0.2,3,3780.0
2026-08-10,62250,2026-08-13,call,regular,36,0.2,3,3550.0
2026-08-10,62375,2026-08-13,call,regular,1,0.2,3,3445.0
2026-08-10,62500,2026-08-13,call,regular,265,0.2,3,3325.0
2026-08-10,62625,2026-08-13,call,regular,86,0.2,3,3220.0
2026-08-10,62750,2026-08-13,call,regular,120,0.2,3,3105.0
2026-08-10,62875,2026-08-13,call,regular,85,0.2,3,3000.0
2026-08-10,63000,2026-08-13,call,regular,2977,0.2,3,2890.0
2026-08-10,63125,2026-08-13,call,regular,85,0.2,3,2785.0
2026-08-10,63250,2026-08-13,call,regular,9,0.2,3,2680.0
2026-08-10,63375,2026-08-13,call,regular,5,0.2,3,2575.0
2026-08-10,63500,2026-08-13,call,regular,61,0.2,3,2475.0
2026-08-10,63625,2026-08-13,call,regular,53,0.2,3,2375.0
2026-08-10,63750,2026-08-13,call,regular,43,0.2,3,2275.0
2026-08-10,63875,2026-08-13,call,regular,36,0.2,3,2180.0
2026-08-10,64000,2026-08-13,call,regular,887,0.2,3,2080.0
2026-08-10,64125,2026-08-13,call,regular,30,0.2,3,1995.0
2026-08-10,64250,2026-08-13,call,regular,48,0.2,3,1895.0
2026-08-10,64375,2026-08-13,call,regular,20,0.2,3,1805.0
2026-08-10,64500,2026-08-13,call,regular,347,0.2,3,1720.0
2026-08-10,64625,2026-08-13,call,regular,16,0.2,3,1635.0
2026-08-10,64750,2026-08-13,call,regular,137,0.2,3,1545.0
2026-08-10,64875,2026-08-13,call,regular,8,0.2,3,1470.0
2026-08-10,65000,2026-08-13,call,regular,3386,0.2,3,1420.0
2026-08-10,65125,2026-08-13,call,regular,71,0.2,3,1310.0
2026-08-10,65250,2026-08-13,call,regular,119,0.2,3,1235.0
2026-08-10,65375,2026-08-13,call,regular,8,0.2,3,1180.0
2026-08-10,65500,2026-08-13,call,regular,861,0.2,3,1125.0
2026-08-10,65625,2026-08-13,call,regular,32,0.2,3,1045.0
2026-08-10,65750,2026-08-13,call,regular,482,0.2,3,1005.0
2026-08-10,65875,2026-08-13,call,regular,38,0.2,3,920.0
2026-08-10,66000,2026-08-13,call,regular,2249,0.2,3,890.0
2026-08-10,66125,2026-08-13,call,regular,11,0.2,3,800.0
2026-08-10,66250,2026-08-13,call,regular,25,0.1154,3,775.0
2026-08-10,66375,2026-08-13,call,regular,12,0.1449,3,725.0
2026-08-10,66500,2026-08-13,call,regular,852,0.1618,3,670.0
2026-08-10,66625,2026-08-13,call,regular,7,0.1781,3,625.0
2026-08-10,66750,2026-08-13,call,regular,15,0.1908,3,580.0
2026-08-10,66875,2026-08-13,call,regular,131,0.1986,3,530.0
2026-08-10,67000,2026-08-13,call,regular,1934,0.2124,3,500.0
2026-08-10,67125,2026-08-13,call,regular,250,0.2118,3,440.0
2026-08-10,67250,2026-08-13,call,regular,92,0.2323,3,435.0
2026-08-10,67375,2026-08-13,call,regular,81,0.2301,3,380.0
2026-08-10,67500,2026-08-13,call,regular,768,0.2436,3,365.0
2026-08-10,67625,2026-08-13,call,regular,20,0.2494,3,335.0
2026-08-10,67750,2026-08-13,call,regular,255,0.2607,3,320.0
2026-08-10,67875,2026-08-13,call,regular,6,0.2616,3,285.0
2026-08-10,68000,2026-08-13,call,regular,3483,0.2748,3,278.0
2026-08-10,68125,2026-08-13,call,regular,475,0.2685,3,234.0
2026-08-10,68250,2026-08-13,call,regular,290,0.2801,3,227.0
2026-08-10,68375,2026-08-13,call,regular,24,0.2833,3,206.0
2026-08-10,68500,2026-08-13,call,regular,1503,0.2949,3,201.0
2026-08-10,68625,2026-08-13,call,regular,34,0.2894,3,169.0
2026-08-10,68750,2026-08-13,call,regular,27,0.3042,3,171.0
2026-08-10,68875,2026-08-13,call,regular,77,0.3014,3,147.0
2026-08-10,69000,2026-08-13,call,regular,2626,0.3155,3,149.0
2026-08-10,69125,2026-08-13,call,regular,48,0.3058,3,119.0
2026-08-10,69250,2026-08-13,call,regular,75,0.3186,3,120.0
2026-08-10,69375,2026-08-13,call,regular,49,0.3119,3,98.0
2026-08-10,69500,2026-08-13,call,regular,810,0.3268,3,102.0
2026-08-10,69625,2026-08-13,call,regular,22,0.3222,3,85.0
2026-08-10,69750,2026-08-13,call,regular,559,0.3228,3,75.0
2026-08-10,69875,2026-08-13,call,regular,16,0.3267,3,69.0
2026-08-10,70000,2026-08-13,call,regular,4799,0.3394,3,71.0
2026-08-10,70125,2026-08-13,call,regular,9,0.3352,3,59.0
2026-08-10,70250,2026-08-13,call,regular,65,0.3451,3,59.0
2026-08-10,70375,2026-08-13,call,regular,39,0.3352,3,45.0
2026-08-10,70500,2026-08-13,call,regular,191,0.3551,3,52.0
2026-08-10,70625,2026-08-13,call,regular,7,0.3459,3,40.0
2026-08-10,70750,2026-08-13,call,regular,45,0.3602,3,43.0
2026-08-10,70875,2026-08-13,call,regular,17,0.3513,3,33.0
2026-08-10,71000,2026-08-13,call,regular,2685,0.3641,3,35.0
2026-08-10,71125,2026-08-13,call,regular,1,0.3583,3,28.0
2026-08-10,71250,2026-08-13,call,regular,106,0.3691,3,29.0
2026-08-10,71375,2026-08-13,call,regular,2,0.3683,3,25.0
2026-08-10,71500,2026-08-13,call,regular,252,0.3766,3,25.0
2026-08-10,71625,2026-08-13,call,regular,5,0.3742,3,21.0
2026-08-10,71750,2026-08-13,call,regular,41,0.3851,3,22.0
2026-08-10,71875,2026-08-13,call,regular,36,0.3811,3,18.0
2026-08-10,72000,2026-08-13,call,regular,2308,0.3857,3,17.0
2026-08-10,72125,2026-08-13,call,regular,21,0.3863,3,15.0
2026-08-10,72250,2026-08-13,call,regular,11,0.39,3,14.0
2026-08-10,72375,2026-08-13,call,regular,1,0.3891,3,12.0
2026-08-10,72500,2026-08-13,call,regular,443,0.3918,3,11.0
2026-08-10,72750,2026-08-13,call,regular,5,0.3959,3,9.0
2026-08-10,72875,2026-08-13,call,regular,2,0.403,3,9.0
2026-08-10,73000,2026-08-13,call,regular,2052,0.404,3,8.0
2026-08-10,73125,2026-08-13,call,regular,11,0.4043,3,7.0
2026-08-10,73250,2026-08-13,call,regular,32,0.4111,3,7.0
2026-08-10,73375,2026-08-13,call,regular,1,0.4103,3,6.0
2026-08-10,73500,2026-08-13,call,regular,659,0.4084,3,5.0
2026-08-10,73625,2026-08-13,call,regular,4,0.4149,3,5.0
2026-08-10,73750,2026-08-13,call,regular,34,0.4112,3,4.0
2026-08-10,73875,2026-08-13,call,regular,12,0.4176,3,4.0
2026-08-10,74000,2026-08-13,call,regular,1522,0.424,3,4.0
2026-08-10,74125,2026-08-13,call,regular,36,0.4175,3,3.0
2026-08-10,74250,2026-08-13,call,regular,56,0.4237,3,3.0
2026-08-10,74375,2026-08-13,call,regular,20,0.4298,3,3.0
2026-08-10,74500,2026-08-13,call,regular,318,0.436,3,3.0
2026-08-10,74625,2026-08-13,call,regular,51,0.4247,3,2.0
2026-08-10,74750,2026-08-13,call,regular,18,0.4306,3,2.0
2026-08-10,74875,2026-08-13,call,regular,21,0.4365,3,2.0
2026-08-10,75000,2026-08-13,call,regular,1751,0.4424,3,2.0
2026-08-10,75125,2026-08-13,call,regular,47,0.4482,3,2.0
2026-08-10,75250,2026-08-13,call,regular,183,0.4541,3,2.0
2026-08-10,75375,2026-08-13,call,regular,25,0.4599,3,2.0
2026-08-10,75500,2026-08-13,call,regular,658,0.4657,3,2.0
2026-08-10,76000,2026-08-13,call,regular,780,0.4887,3,2.0
2026-08-10,76500,2026-08-13,call,regular,122,0.4812,3,1.0
2026-08-10,77000,2026-08-13,call,regular,969,0.5026,3,1.0
2026-08-10,77500,2026-08-13,call,regular,871,0.5238,3,1.0
2026-08-10,78000,2026-08-13,call,regular,1619,0.5448,3,1.0
2026-08-10,78500,2026-08-13,call,regular,74,0.5655,3,1.0
2026-08-10,79000,2026-08-13,call,regular,204,0.5861,3,1.0
2026-08-10,79500,2026-08-13,call,regular,27,0.6065,3,1.0
2026-08-10,80000,2026-08-13,call,regular,1273,0.6267,3,1.0
2026-08-10,80500,2026-08-13,call,regular,138,0.6467,3,1.0
2026-08-10,81000,2026-08-13,call,regular,187,0.6665,3,1.0
2026-08-10,81500,2026-08-13,call,regular,30,0.6862,3,1.0
2026-08-10,82000,2026-08-13,call,regular,1032,0.7057,3,1.0
2026-08-10,82500,2026-08-13,call,regular,68,0.725,3,1.0
2026-08-10,83000,2026-08-13,call,regular,262,0.7441,3,1.0
2026-08-10,83500,2026-08-13,call,regular,72,0.7631,3,1.0
2026-08-10,84000,2026-08-13,call,regular,151,0.782,3,1.0
2026-08-10,84500,2026-08-13,call,regular,53,0.8007,3,1.0
2026-08-10,85000,2026-08-13,call,regular,916,0.8192,3,1.0
2026-08-10,85750,2026-08-13,call,regular,134,0.8468,3,1.0
2026-08-10,87500,2026-08-13,call,regular,205,0.9098,3,1.0
2026-08-10,88000,2026-08-13,call,regular,239,0.9275,3,1.0
2026-08-10,90000,2026-08-13,call,regular,682,0.997,3,1.0
2026-08-10,92000,2026-08-13,call,regular,110,1.0646,3,1.0
2026-08-10,94000,2026-08-13,call,regular,96,1.1303,3,1.0
2026-08-10,95000,2026-08-13,call,regular,283,1.1625,3,1.0
2026-08-10,96000,2026-08-13,call,regular,31,1.1943,3,1.0
2026-08-10,98000,2026-08-13,call,regular,37,1.2566,3,1.0
2026-08-10,100000,2026-08-13,call,regular,118,1.3174,3,1.0
2026-08-10,30000,2026-09-10,call,regular,3750,0.2,31,35625.0
2026-08-10,37000,2026-09-10,call,regular,1,0.2,31,28630.0
2026-08-10,40000,2026-09-10,call,regular,5,0.2,31,25640.0
2026-08-10,42000,2026-09-10,call,regular,101,0.2,31,23650.0
2026-08-10,42500,2026-09-10,call,regular,10,0.2,31,23155.0
2026-08-10,43000,2026-09-10,call,regular,100,0.2,31,22655.0
2026-08-10,43500,2026-09-10,call,regular,57,0.2,31,22160.0
2026-08-10,45000,2026-09-10,call,regular,42,0.2,31,20665.0
2026-08-10,48000,2026-09-10,call,regular,400,0.2,31,17705.0
2026-08-10,48500,2026-09-10,call,regular,240,0.2,31,17210.0
2026-08-10,49000,2026-09-10,call,regular,200,0.2,31,16715.0
2026-08-10,50000,2026-09-10,call,regular,4650,0.2,31,15720.0
2026-08-10,50500,2026-09-10,call,regular,50,0.2,31,15235.0
2026-08-10,51000,2026-09-10,call,regular,141,0.2,31,14740.0
2026-08-10,51250,2026-09-10,call,regular,210,0.2,31,14500.0
2026-08-10,52000,2026-09-10,call,regular,350,0.2,31,13755.0
2026-08-10,53000,2026-09-10,call,regular,1100,0.2,31,12785.0
2026-08-10,53500,2026-09-10,call,regular,400,0.2,31,12300.0
2026-08-10,53750,2026-09-10,call,regular,150,0.2,31,12055.0
2026-08-10,54000,2026-09-10,call,regular,1056,0.2,31,11810.0
2026-08-10,54250,2026-09-10,call,regular,50,0.2,31,11575.0
2026-08-10,54500,2026-09-10,call,regular,200,0.2,31,11335.0
2026-08-10,54750,2026-09-10,call,regular,90,0.2,31,11095.0
2026-08-10,55000,2026-09-10,call,regular,660,0.2,31,10845.0
2026-08-10,56000,2026-09-10,call,regular,1250,0.2,31,9895.0
2026-08-10,56500,2026-09-10,call,regular,75,0.2,31,9430.0
2026-08-10,57000,2026-09-10,call,regular,850,0.2,31,8960.0
2026-08-10,57500,2026-09-10,call,regular,384,0.2,31,8505.0
2026-08-10,58000,2026-09-10,call,regular,1101,0.2,31,8045.0
2026-08-10,59000,2026-09-10,call,regular,1096,0.2,31,7150.0
2026-08-10,60000,2026-09-10,call,regular,786,0.2,31,6290.0
2026-08-10,60500,2026-09-10,call,regular,750,0.2,31,5875.0
2026-08-10,60750,2026-09-10,call,regular,120,0.2,31,5670.0
2026-08-10,61000,2026-09-10,call,regular,221,0.2,31,5465.0
2026-08-10,61250,2026-09-10,call,regular,22,0.2,31,5280.0
2026-08-10,61375,2026-09-10,call,regular,12,0.2,31,5180.0
2026-08-10,61500,2026-09-10,call,regular,2,0.2,31,5080.0
2026-08-10,61875,2026-09-10,call,regular,2,0.2,31,4810.0
2026-08-10,62000,2026-09-10,call,regular,2002,0.2,31,4690.0
2026-08-10,62250,2026-09-10,call,regular,1,0.2,31,4510.0
2026-08-10,62500,2026-09-10,call,regular,801,0.2,31,4325.0
2026-08-10,63000,2026-09-10,call,regular,961,0.2,31,3965.0
2026-08-10,63250,2026-09-10,call,regular,1,0.1317,31,3800.0
2026-08-10,63500,2026-09-10,call,regular,4,0.1474,31,3620.0
2026-08-10,64000,2026-09-10,call,regular,1684,0.1708,31,3295.0
2026-08-10,64250,2026-09-10,call,regular,100,0.1809,31,3150.0
2026-08-10,64500,2026-09-10,call,regular,104,0.1879,31,3000.0
2026-08-10,64750,2026-09-10,call,regular,1,0.1931,31,2850.0
2026-08-10,65000,2026-09-10,call,regular,5234,0.1955,31,2690.0
2026-08-10,65250,2026-09-10,call,regular,2,0.2027,31,2570.0
2026-08-10,65375,2026-09-10,call,regular,1,0.2029,31,2490.0
2026-08-10,65500,2026-09-10,call,regular,160,0.2037,31,2415.0
2026-08-10,65750,2026-09-10,call,regular,2,0.2085,31,2295.0
2026-08-10,65875,2026-09-10,call,regular,3955000,0.2092,31,2225.0
2026-08-10,66000,2026-09-10,call,regular,1717,0.209,31,2150.0
2026-08-10,66125,2026-09-10,call,regular,40,0.212,31,2100.0
2026-08-10,66250,2026-09-10,call,regular,37,0.2127,31,2035.0
2026-08-10,66375,2026-09-10,call,regular,1,0.2152,31,1985.0
2026-08-10,66500,2026-09-10,call,regular,1009,0.2155,31,1920.0
2026-08-10,66625,2026-09-10,call,regular,1760000,0.2169,31,1865.0
2026-08-10,66750,2026-09-10,call,regular,8,0.2168,31,1800.0
2026-08-10,66875,2026-09-10,call,regular,7475000,0.2184,31,1750.0
2026-08-10,67000,2026-09-10,call,regular,3144,0.2186,31,1690.0
2026-08-10,67125,2026-09-10,call,regular,1,0.2218,31,1655.0
2026-08-10,67250,2026-09-10,call,regular,2,0.221,31,1590.0
2026-08-10,67375,2026-09-10,call,regular,4185000,0.2225,31,1545.0
2026-08-10,67500,2026-09-10,call,regular,2092,0.2232,31,1495.0
2026-08-10,67750,2026-09-10,call,regular,477,0.2241,31,1395.0
2026-08-10,67875,2026-09-10,call,regular,23,0.2243,31,1345.0
2026-08-10,68000,2026-09-10,call,regular,2103,0.2257,31,1305.0
2026-08-10,68250,2026-09-10,call,regular,4,0.2272,31,1220.0
2026-08-10,68375,2026-09-10,call,regular,9,0.228,31,1180.0
2026-08-10,68500,2026-09-10,call,regular,213,0.2293,31,1145.0
2026-08-10,68625,2026-09-10,call,regular,1,0.2299,31,1105.0
2026-08-10,68750,2026-09-10,call,regular,16,0.2309,31,1070.0
2026-08-10,68875,2026-09-10,call,regular,67,0.2318,31,1035.0
2026-08-10,69000,2026-09-10,call,regular,1287,0.2318,31,995.0
2026-08-10,69250,2026-09-10,call,regular,107,0.2343,31,935.0
2026-08-10,69500,2026-09-10,call,regular,624,0.2354,31,870.0
2026-08-10,69750,2026-09-10,call,regular,482,0.2367,31,810.0
2026-08-10,70000,2026-09-10,call,regular,2406,0.2374,31,750.0
2026-08-10,70250,2026-09-10,call,regular,8,0.2391,31,700.0
2026-08-10,70500,2026-09-10,call,regular,307,0.2402,31,650.0
2026-08-10,70625,2026-09-10,call,regular,55,0.2406,31,625.0
2026-08-10,70750,2026-09-10,call,regular,2,0.2417,31,605.0
2026-08-10,71000,2026-09-10,call,regular,1633,0.2435,31,565.0
2026-08-10,71125,2026-09-10,call,regular,16,0.2433,31,540.0
2026-08-10,71250,2026-09-10,call,regular,14,0.2439,31,520.0
2026-08-10,71500,2026-09-10,call,regular,1330,0.2456,31,485.0
2026-08-10,71625,2026-09-10,call,regular,2,0.2448,31,460.0
2026-08-10,71750,2026-09-10,call,regular,3,0.2468,31,450.0
2026-08-10,72000,2026-09-10,call,regular,2255,0.2486,31,420.0
2026-08-10,72250,2026-09-10,call,regular,7,0.2499,31,390.0
2026-08-10,72500,2026-09-10,call,regular,1682,0.2519,31,365.0
2026-08-10,72750,2026-09-10,call,regular,3,0.2511,31,330.0
2026-08-10,73000,2026-09-10,call,regular,2103,0.2546,31,315.0
2026-08-10,73250,2026-09-10,call,regular,1,0.253,31,281.0
2026-08-10,73500,2026-09-10,call,regular,407,0.2544,31,261.0
2026-08-10,73625,2026-09-10,call,regular,2,0.2533,31,245.0
2026-08-10,73750,2026-09-10,call,regular,50,0.2555,31,241.0
2026-08-10,73875,2026-09-10,call,regular,18,0.2555,31,230.0
2026-08-10,74000,2026-09-10,call,regular,969,0.2572,31,225.0
2026-08-10,74500,2026-09-10,call,regular,109,0.2587,31,190.0
2026-08-10,74750,2026-09-10,call,regular,1,0.2589,31,173.0
2026-08-10,75000,2026-09-10,call,regular,2775,0.2612,31,163.0
2026-08-10,75250,2026-09-10,call,regular,26,0.2617,31,149.0
2026-08-10,75500,2026-09-10,call,regular,124,0.2626,31,137.0
2026-08-10,76000,2026-09-10,call,regular,430,0.2662,31,120.0
2026-08-10,76500,2026-09-10,call,regular,15,0.2661,31,98.0
2026-08-10,77000,2026-09-10,call,regular,623,0.265,31,78.0
2026-08-10,77500,2026-09-10,call,regular,965,0.267,31,66.0
2026-08-10,78000,2026-09-10,call,regular,2198,0.2683,31,55.0
2026-08-10,78500,2026-09-10,call,regular,9,0.2717,31,48.0
2026-08-10,79000,2026-09-10,call,regular,17,0.2769,31,44.0
2026-08-10,79500,2026-09-10,call,regular,200,0.2751,31,34.0
2026-08-10,80000,2026-09-10,call,regular,1005,0.2786,31,30.0
2026-08-10,80500,2026-09-10,call,regular,3,0.2784,31,24.0
2026-08-10,81000,2026-09-10,call,regular,192,0.2848,31,23.0
2026-08-10,81500,2026-09-10,call,regular,7,0.2857,31,19.0
2026-08-10,82000,2026-09-10,call,regular,37,0.2914,31,18.0
2026-08-10,82500,2026-09-10,call,regular,2,0.2925,31,15.0
2026-08-10,83000,2026-09-10,call,regular,848,0.2922,31,12.0
2026-08-10,83500,2026-09-10,call,regular,1,0.2965,31,11.0
2026-08-10,84000,2026-09-10,call,regular,802,0.3004,31,10.0
2026-08-10,84500,2026-09-10,call,regular,4,0.3038,31,9.0
2026-08-10,85000,2026-09-10,call,regular,841,0.3026,31,7.0
2026-08-10,87500,2026-09-10,call,regular,149,0.3176,31,4.0
2026-08-10,90000,2026-09-10,call,regular,288,0.3274,31,2.0
2026-08-10,92000,2026-09-10,call,regular,56,0.3494,31,2.0
2026-08-10,94000,2026-09-10,call,regular,12,0.3515,31,1.0
2026-08-10,95000,2026-09-10,call,regular,43,0.3616,31,1.0
2026-08-10,96000,2026-09-10,call,regular,20,0.3714,31,1.0
2026-08-10,98000,2026-09-10,call,regular,15,0.3908,31,1.0
2026-08-10,100000,2026-09-10,call,regular,89,0.4098,31,1.0
2026-08-10,35000,2026-10-08,call,regular,20,0.2,59,30385.0
2026-08-10,47500,2026-10-08,call,regular,34,0.2,59,18055.0
2026-08-10,53000,2026-10-08,call,regular,34,0.2,59,12775.0
2026-08-10,55000,2026-10-08,call,regular,4,0.2,59,10925.0
2026-08-10,57000,2026-10-08,call,regular,1,0.2,59,9140.0
2026-08-10,58000,2026-10-08,call,regular,1,0.2,59,8285.0
2026-08-10,60000,2026-10-08,call,regular,1,0.2,59,6655.0
2026-08-10,60500,2026-10-08,call,regular,100,0.2,59,6260.0
2026-08-10,61000,2026-10-08,call,regular,201,0.2,59,5885.0
2026-08-10,62000,2026-10-08,call,regular,29,0.1524,59,5175.0
2026-08-10,63000,2026-10-08,call,regular,4,0.1821,59,4515.0
2026-08-10,63875,2026-10-08,call,regular,50,0.1931,59,3945.0
2026-08-10,64000,2026-10-08,call,regular,31,0.1941,59,3865.0
2026-08-10,65000,2026-10-08,call,regular,103,0.2039,59,3290.0
2026-08-10,65250,2026-10-08,call,regular,1,0.2063,59,3160.0
2026-08-10,65500,2026-10-08,call,regular,60,0.2087,59,3035.0
2026-08-10,66000,2026-10-08,call,regular,301,0.2112,59,2775.0
2026-08-10,66250,2026-10-08,call,regular,4,0.2131,59,2660.0
2026-08-10,66750,2026-10-08,call,regular,2,0.2162,59,2435.0
2026-08-10,67000,2026-10-08,call,regular,380,0.2174,59,2325.0
2026-08-10,67500,2026-10-08,call,regular,1,0.2199,59,2120.0
2026-08-10,68000,2026-10-08,call,regular,191,0.2223,59,1930.0
2026-08-10,69000,2026-10-08,call,regular,337,0.2251,59,1575.0
2026-08-10,69500,2026-10-08,call,regular,1,0.2281,59,1435.0
2026-08-10,70000,2026-10-08,call,regular,720,0.2313,59,1310.0
2026-08-10,70500,2026-10-08,call,regular,100,0.2306,59,1160.0
2026-08-10,70750,2026-10-08,call,regular,1,0.233,59,1115.0
2026-08-10,71000,2026-10-08,call,regular,15,0.2319,59,1040.0
2026-08-10,71500,2026-10-08,call,regular,2,0.2341,59,940.0
2026-08-10,72000,2026-10-08,call,regular,212,0.2358,59,845.0
2026-08-10,72250,2026-10-08,call,regular,3,0.2384,59,815.0
2026-08-10,73000,2026-10-08,call,regular,333,0.239,59,680.0
2026-08-10,73500,2026-10-08,call,regular,2,0.2407,59,610.0
2026-08-10,74000,2026-10-08,call,regular,52,0.2429,59,550.0
2026-08-10,74500,2026-10-08,call,regular,127,0.2424,59,480.0
2026-08-10,75000,2026-10-08,call,regular,1356,0.245,59,435.0
2026-08-10,76000,2026-10-08,call,regular,361,0.2486,59,350.0
2026-08-10,77000,2026-10-08,call,regular,1004,0.2481,59,264.0
2026-08-10,77500,2026-10-08,call,regular,1,0.2491,59,233.0
2026-08-10,78500,2026-10-08,call,regular,1,0.2533,59,189.0
2026-08-10,79000,2026-10-08,call,regular,3,0.2527,59,162.0
2026-08-10,80000,2026-10-08,call,regular,1762,0.252,59,119.0
2026-08-10,81000,2026-10-08,call,regular,403,0.2564,59,97.0
2026-08-10,82000,2026-10-08,call,regular,3,0.2566,59,72.0
2026-08-10,83500,2026-10-08,call,regular,6,0.2643,59,55.0
2026-08-10,84000,2026-10-08,call,regular,2,0.2695,59,54.0
2026-08-10,85000,2026-10-08,call,regular,101,0.2666,59,37.0
2026-08-10,87500,2026-10-08,call,regular,2,0.2782,59,24.0
2026-08-10,90000,2026-10-08,call,regular,23,0.2804,59,12.0
2026-08-10,95000,2026-10-08,call,regular,6,0.3222,59,11.0
2026-08-10,100000,2026-10-08,call,regular,30,0.3232,59,3.0
2026-08-10,50250,2026-11-12,call,regular,35,0.2,94,15665.0
2026-08-10,56000,2026-11-12,call,regular,34,0.2,94,10495.0
2026-08-10,57500,2026-11-12,call,regular,100,0.2,94,9250.0
2026-08-10,60500,2026-11-12,call,regular,100,0.1895,94,6940.0
2026-08-10,61000,2026-11-12,call,regular,200,0.197,94,6585.0
2026-08-10,63000,2026-11-12,call,regular,1,0.2154,94,5260.0
2026-08-10,64000,2026-11-12,call,regular,125,0.2198,94,4645.0
2026-08-10,65000,2026-11-12,call,regular,10,0.2245,94,4095.0
2026-08-10,66000,2026-11-12,call,regular,201,0.228,94,3585.0
2026-08-10,67000,2026-11-12,call,regular,938,0.2303,94,3115.0
2026-08-10,68000,2026-11-12,call,regular,130,0.2326,94,2695.0
2026-08-10,69000,2026-11-12,call,regular,1137,0.2339,94,2310.0
2026-08-10,70000,2026-11-12,call,regular,138,0.2355,94,1975.0
2026-08-10,71000,2026-11-12,call,regular,4,0.2377,94,1690.0
2026-08-10,72000,2026-11-12,call,regular,195,0.2385,94,1425.0
2026-08-10,72500,2026-11-12,call,regular,201,0.2392,94,1310.0
2026-08-10,74000,2026-11-12,call,regular,100,0.2417,94,1015.0
2026-08-10,75000,2026-11-12,call,regular,102,0.2429,94,850.0
2026-08-10,95000,2026-11-12,call,regular,2,0.2945,94,39.0
2026-08-10,100000,2026-11-12,call,regular,4,0.3029,94,18.0
2026-08-10,12500,2026-12-10,call,regular,84,0.2,122,52760.0
2026-08-10,20000,2026-12-10,call,regular,150,0.2,122,45305.0
2026-08-10,22000,2026-12-10,call,regular,100,0.2,122,43315.0
2026-08-10,25000,2026-12-10,call,regular,300,0.2,122,40340.0
2026-08-10,26000,2026-12-10,call,regular,350,0.2,122,39345.0
2026-08-10,27000,2026-12-10,call,regular,250,0.2,122,38355.0
2026-08-10,28000,2026-12-10,call,regular,75,0.2,122,37365.0
2026-08-10,28500,2026-12-10,call,regular,125,0.2,122,36870.0
2026-08-10,29000,2026-12-10,call,regular,150,0.2,122,36375.0
2026-08-10,30000,2026-12-10,call,regular,100,0.2,122,35385.0
2026-08-10,30500,2026-12-10,call,regular,50,0.2,122,34890.0
2026-08-10,31000,2026-12-10,call,regular,241,0.2,122,34395.0
2026-08-10,31500,2026-12-10,call,regular,50,0.2,122,33905.0
2026-08-10,32000,2026-12-10,call,regular,700,0.2,122,33410.0
2026-08-10,32500,2026-12-10,call,regular,250,0.2,122,32915.0
2026-08-10,33000,2026-12-10,call,regular,1950,0.2,122,32425.0
2026-08-10,34000,2026-12-10,call,regular,280,0.2,122,31435.0
2026-08-10,34500,2026-12-10,call,regular,400,0.2,122,30945.0
2026-08-10,35000,2026-12-10,call,regular,435,0.2,122,30455.0
2026-08-10,36000,2026-12-10,call,regular,975,0.2,122,29470.0
2026-08-10,36500,2026-12-10,call,regular,252,0.2,122,28980.0
2026-08-10,37000,2026-12-10,call,regular,450,0.2,122,28490.0
2026-08-10,37500,2026-12-10,call,regular,88,0.2,122,28050.0
2026-08-10,37750,2026-12-10,call,regular,100,0.2,122,27810.0
2026-08-10,38000,2026-12-10,call,regular,1225,0.2,122,27565.0
2026-08-10,38500,2026-12-10,call,regular,700,0.2,122,27075.0
2026-08-10,38750,2026-12-10,call,regular,50,0.2,122,26830.0
2026-08-10,39000,2026-12-10,call,regular,750,0.2,122,26585.0
2026-08-10,39500,2026-12-10,call,regular,500,0.2,122,26100.0
2026-08-10,40000,2026-12-10,call,regular,1200,0.2,122,25615.0
2026-08-10,40500,2026-12-10,call,regular,400,0.2,122,25130.0
2026-08-10,41000,2026-12-10,call,regular,1300,0.2,122,24640.0
2026-08-10,41500,2026-12-10,call,regular,100,0.2,122,24155.0
2026-08-10,42000,2026-12-10,call,regular,1071,0.2,122,23675.0
2026-08-10,42500,2026-12-10,call,regular,250,0.2,122,23190.0
2026-08-10,43000,2026-12-10,call,regular,1400,0.2,122,22705.0
2026-08-10,43750,2026-12-10,call,regular,100,0.2,122,21985.0
2026-08-10,44000,2026-12-10,call,regular,600,0.2,122,21745.0
2026-08-10,45000,2026-12-10,call,regular,1842,0.2,122,20785.0
2026-08-10,45250,2026-12-10,call,regular,413,0.2,122,20550.0
2026-08-10,45500,2026-12-10,call,regular,200,0.2,122,20310.0
2026-08-10,46000,2026-12-10,call,regular,2300,0.2,122,19830.0
2026-08-10,46250,2026-12-10,call,regular,315,0.2,122,19595.0
2026-08-10,47000,2026-12-10,call,regular,350,0.2,122,18885.0
2026-08-10,47500,2026-12-10,call,regular,200,0.2,122,18415.0
2026-08-10,48000,2026-12-10,call,regular,750,0.2,122,17945.0
2026-08-10,49000,2026-12-10,call,regular,1000,0.2,122,17010.0
2026-08-10,49500,2026-12-10,call,regular,260,0.2,122,16545.0
2026-08-10,50000,2026-12-10,call,regular,3342,0.2,122,16085.0
2026-08-10,50250,2026-12-10,call,regular,58,0.2,122,15855.0
2026-08-10,50500,2026-12-10,call,regular,600,0.2,122,15625.0
2026-08-10,50750,2026-12-10,call,regular,45,0.2,122,15400.0
2026-08-10,51000,2026-12-10,call,regular,731,0.2,122,15170.0
2026-08-10,52000,2026-12-10,call,regular,802,0.2,122,14290.0
2026-08-10,52250,2026-12-10,call,regular,250,0.2,122,14045.0
2026-08-10,52500,2026-12-10,call,regular,50,0.2,122,13820.0
2026-08-10,53000,2026-12-10,call,regular,1135,0.2,122,13380.0
2026-08-10,53500,2026-12-10,call,regular,106,0.2,122,12935.0
2026-08-10,54000,2026-12-10,call,regular,1941,0.2,122,12505.0
2026-08-10,54500,2026-12-10,call,regular,540,0.2,122,12075.0
2026-08-10,55000,2026-12-10,call,regular,1829,0.2,122,11650.0
2026-08-10,55500,2026-12-10,call,regular,300,0.2,122,11230.0
2026-08-10,56000,2026-12-10,call,regular,791,0.2,122,10810.0
2026-08-10,56500,2026-12-10,call,regular,283,0.2,122,10405.0
2026-08-10,57000,2026-12-10,call,regular,500,0.1081,122,9995.0
2026-08-10,57250,2026-12-10,call,regular,113,0.1449,122,9800.0
2026-08-10,57500,2026-12-10,call,regular,90,0.158,122,9600.0
2026-08-10,58000,2026-12-10,call,regular,2603,0.1754,122,9210.0
2026-08-10,58500,2026-12-10,call,regular,350,0.1864,122,8825.0
2026-08-10,59000,2026-12-10,call,regular,1900,0.195,122,8450.0
2026-08-10,59500,2026-12-10,call,regular,100,0.2014,122,8080.0
2026-08-10,60000,2026-12-10,call,regular,7264,0.2063,122,7715.0
2026-08-10,60500,2026-12-10,call,regular,102,0.211,122,7365.0
2026-08-10,61000,2026-12-10,call,regular,813,0.2146,122,7020.0
2026-08-10,62000,2026-12-10,call,regular,1350,0.2207,122,6360.0
2026-08-10,62500,2026-12-10,call,regular,852,0.2228,122,6040.0
2026-08-10,63000,2026-12-10,call,regular,1615,0.2247,122,5730.0
2026-08-10,63750,2026-12-10,call,regular,25,0.227,122,5280.0
2026-08-10,64000,2026-12-10,call,regular,1990,0.228,122,5140.0
2026-08-10,65000,2026-12-10,call,regular,3176,0.2305,122,4590.0
2026-08-10,65500,2026-12-10,call,regular,584,0.2312,122,4325.0
2026-08-10,66000,2026-12-10,call,regular,720,0.2332,122,4090.0
2026-08-10,66250,2026-12-10,call,regular,15,0.2334,122,3965.0
2026-08-10,67000,2026-12-10,call,regular,1177,0.2344,122,3615.0
2026-08-10,67250,2026-12-10,call,regular,25,0.2349,122,3505.0
2026-08-10,67500,2026-12-10,call,regular,25,0.2348,122,3390.0
2026-08-10,68000,2026-12-10,call,regular,3142,0.2355,122,3180.0
2026-08-10,68500,2026-12-10,call,regular,220,0.2361,122,2980.0
2026-08-10,69000,2026-12-10,call,regular,1344,0.237,122,2795.0
2026-08-10,69250,2026-12-10,call,regular,50,0.2374,122,2705.0
2026-08-10,69750,2026-12-10,call,regular,158,0.2377,122,2525.0
2026-08-10,70000,2026-12-10,call,regular,4349,0.2369,122,2425.0
2026-08-10,71000,2026-12-10,call,regular,200,0.2386,122,2120.0
2026-08-10,72000,2026-12-10,call,regular,885,0.2385,122,1825.0
2026-08-10,72500,2026-12-10,call,regular,2193,0.2392,122,1700.0
2026-08-10,73000,2026-12-10,call,regular,426,0.2397,122,1580.0
2026-08-10,73500,2026-12-10,call,regular,400,0.24,122,1465.0
2026-08-10,74000,2026-12-10,call,regular,1030,0.2405,122,1360.0
2026-08-10,75000,2026-12-10,call,regular,3432,0.2415,122,1170.0
2026-08-10,76000,2026-12-10,call,regular,100,0.2427,122,1005.0
2026-08-10,77000,2026-12-10,call,regular,359,0.2436,122,860.0
2026-08-10,77500,2026-12-10,call,regular,1301,0.2441,122,795.0
2026-08-10,78000,2026-12-10,call,regular,303,0.2447,122,735.0
2026-08-10,79000,2026-12-10,call,regular,204,0.2455,122,625.0
2026-08-10,80000,2026-12-10,call,regular,7276,0.2469,122,535.0
2026-08-10,81000,2026-12-10,call,regular,1,0.2479,122,455.0
2026-08-10,82500,2026-12-10,call,regular,601,0.2509,122,365.0
2026-08-10,84000,2026-12-10,call,regular,402,0.2524,122,285.0
2026-08-10,85000,2026-12-10,call,regular,689,0.2522,122,236.0
2026-08-10,87500,2026-12-10,call,regular,2458,0.2567,122,162.0
2026-08-10,90000,2026-12-10,call,regular,2126,0.2684,122,132.0
2026-08-10,95000,2026-12-10,call,regular,1073,0.2795,122,70.0
2026-08-10,100000,2026-12-10,call,regular,500,0.2815,122,30.0
2026-08-10,54250,2027-01-07,call,regular,27,0.2,150,12585.0
2026-08-10,61000,2027-01-07,call,regular,26,0.2262,150,7440.0
2026-08-10,63750,2027-01-07,call,regular,50,0.2317,150,5705.0
2026-08-10,64000,2027-01-07,call,regular,100,0.2322,150,5565.0
2026-08-10,68000,2027-01-07,call,regular,2,0.2362,150,3590.0
2026-08-10,69000,2027-01-07,call,regular,1,0.2369,150,3190.0
2026-08-10,69500,2027-01-07,call,regular,1,0.2376,150,3010.0
2026-08-10,70000,2027-01-07,call,regular,2,0.2369,150,2815.0
2026-08-10,70500,2027-01-07,call,regular,2,0.2372,150,2645.0
2026-08-10,71000,2027-01-07,call,regular,1,0.2378,150,2490.0
2026-08-10,71500,2027-01-07,call,regular,125,0.2389,150,2350.0
2026-08-10,72000,2027-01-07,call,regular,2,0.2393,150,2205.0
2026-08-10,73000,2027-01-07,call,regular,1,0.2397,150,1935.0
2026-08-10,74000,2027-01-07,call,regular,2,0.2403,150,1695.0
2026-08-10,80000,2027-01-07,call,regular,1,0.2473,150,765.0
2026-08-10,100000,2027-01-07,call,regular,2,0.2774,150,61.0
2026-08-10,56000,2027-02-10,call,regular,8,0.2174,184,11570.0
2026-08-10,56750,2027-02-10,call,regular,60,0.2228,184,10985.0
2026-08-10,64000,2027-02-10,call,regular,60,0.2397,184,6100.0
2026-08-10,66000,2027-02-10,call,regular,8,0.2407,184,5045.0
2026-08-10,75000,2027-02-10,call,regular,100,0.2464,184,1940.0
2026-08-10,52000,2027-03-11,call,regular,560,0.1722,213,15080.0
2026-08-10,52750,2027-03-11,call,regular,8,0.1944,213,14450.0
2026-08-10,53000,2027-03-11,call,regular,275,0.1997,213,14245.0
2026-08-10,53500,2027-03-11,call,regular,202,0.2078,213,13835.0
2026-08-10,53750,2027-03-11,call,regular,44,0.2109,213,13630.0
2026-08-10,54000,2027-03-11,call,regular,267,0.2135,213,13425.0
2026-08-10,55000,2027-03-11,call,regular,550,0.2224,213,12625.0
2026-08-10,56000,2027-03-11,call,regular,50,0.2286,213,11845.0
2026-08-10,56500,2027-03-11,call,regular,1,0.2311,213,11465.0
2026-08-10,57000,2027-03-11,call,regular,365,0.2329,213,11085.0
2026-08-10,58000,2027-03-11,call,regular,150,0.2361,213,10350.0
2026-08-10,59500,2027-03-11,call,regular,200,0.2391,213,9290.0
2026-08-10,59750,2027-03-11,call,regular,2,0.2396,213,9120.0
2026-08-10,60000,2027-03-11,call,regular,12,0.2399,213,8950.0
2026-08-10,60250,2027-03-11,call,regular,44,0.2404,213,8785.0
2026-08-10,61000,2027-03-11,call,regular,160,0.2413,213,8295.0
2026-08-10,61750,2027-03-11,call,regular,1,0.2417,213,7815.0
2026-08-10,62500,2027-03-11,call,regular,508,0.2421,213,7355.0
2026-08-10,63000,2027-03-11,call,regular,392,0.2425,213,7060.0
2026-08-10,64000,2027-03-11,call,regular,100,0.2429,213,6490.0
2026-08-10,64250,2027-03-11,call,regular,100,0.2429,213,6350.0
2026-08-10,65000,2027-03-11,call,regular,801,0.2429,213,5945.0
2026-08-10,66000,2027-03-11,call,regular,500,0.243,213,5435.0
2026-08-10,66250,2027-03-11,call,regular,15,0.2431,213,5315.0
2026-08-10,66500,2027-03-11,call,regular,6,0.2431,213,5195.0
2026-08-10,67000,2027-03-11,call,regular,200,0.2432,213,4960.0
2026-08-10,68000,2027-03-11,call,regular,300,0.243,213,4510.0
2026-08-10,69000,2027-03-11,call,regular,250,0.2431,213,4095.0
2026-08-10,70000,2027-03-11,call,regular,610,0.2431,213,3710.0
2026-08-10,70500,2027-03-11,call,regular,150,0.243,213,3525.0
2026-08-10,71000,2027-03-11,call,regular,100,0.2432,213,3355.0
2026-08-10,72000,2027-03-11,call,regular,650,0.2432,213,3025.0
2026-08-10,72500,2027-03-11,call,regular,85,0.2434,213,2875.0
2026-08-10,73000,2027-03-11,call,regular,400,0.2433,213,2725.0
2026-08-10,73500,2027-03-11,call,regular,1,0.2434,213,2585.0
2026-08-10,74000,2027-03-11,call,regular,3,0.2437,213,2455.0
2026-08-10,75000,2027-03-11,call,regular,524,0.2439,213,2205.0
2026-08-10,77500,2027-03-11,call,regular,400,0.2449,213,1680.0
2026-08-10,80000,2027-03-11,call,regular,240,0.2465,213,1280.0
2026-08-10,82500,2027-03-11,call,regular,737,0.2486,213,975.0
2026-08-10,85000,2027-03-11,call,regular,100,0.2515,213,750.0
2026-08-10,90000,2027-03-11,call,regular,368,0.258,213,450.0
2026-08-10,95000,2027-03-11,call,regular,500,0.2648,213,276.0
2026-08-10,100000,2027-03-11,call,regular,78,0.2713,213,172.0
2026-08-10,57000,2027-04-08,call,regular,25,0.2148,241,11035.0
2026-08-10,57750,2027-04-08,call,regular,88,0.2181,241,10490.0
2026-08-10,65000,2027-04-08,call,regular,88,0.2318,241,6020.0
2026-08-10,67000,2027-04-08,call,regular,25,0.2331,241,5060.0
2026-08-10,60250,2027-05-13,call,regular,8,0.2326,276,9195.0
2026-08-10,61250,2027-05-13,call,regular,23,0.2338,276,8570.0
2026-08-10,71000,2027-05-13,call,regular,23,0.2376,276,3905.0
2026-08-10,72000,2027-05-13,call,regular,8,0.2382,276,3580.0
2026-08-10,16250,2027-06-10,call,regular,114,0.2,304,48825.0
2026-08-10,30000,2027-06-10,call,regular,300,0.2,304,35405.0
2026-08-10,33000,2027-06-10,call,regular,50,0.2,304,32520.0
2026-08-10,36000,2027-06-10,call,regular,150,0.2,304,29660.0
2026-08-10,37000,2027-06-10,call,regular,50,0.2,304,28715.0
2026-08-10,37250,2027-06-10,call,regular,480,0.2,304,28480.0
2026-08-10,38500,2027-06-10,call,regular,140,0.2,304,27310.0
2026-08-10,39000,2027-06-10,call,regular,50,0.2,304,26845.0
2026-08-10,44500,2027-06-10,call,regular,300,0.2,304,21820.0
2026-08-10,50000,2027-06-10,call,regular,300,0.1611,304,17085.0
2026-08-10,50500,2027-06-10,call,regular,175,0.1786,304,16670.0
2026-08-10,53000,2027-06-10,call,regular,100,0.2148,304,14670.0
2026-08-10,54000,2027-06-10,call,regular,1050,0.2216,304,13900.0
2026-08-10,55000,2027-06-10,call,regular,300,0.2264,304,13145.0
2026-08-10,56000,2027-06-10,call,regular,175,0.2304,304,12415.0
2026-08-10,57000,2027-06-10,call,regular,50,0.2331,304,11700.0
2026-08-10,58500,2027-06-10,call,regular,58,0.236,304,10670.0
2026-08-10,60000,2027-06-10,call,regular,850,0.2379,304,9690.0
2026-08-10,62500,2027-06-10,call,regular,150,0.2397,304,8180.0
2026-08-10,63000,2027-06-10,call,regular,100,0.2398,304,7895.0
2026-08-10,64000,2027-06-10,call,regular,200,0.24,304,7345.0
2026-08-10,65000,2027-06-10,call,regular,250,0.24,304,6820.0
2026-08-10,65500,2027-06-10,call,regular,62,0.2401,304,6570.0
2026-08-10,67000,2027-06-10,call,regular,470,0.2399,304,5850.0
2026-08-10,68000,2027-06-10,call,regular,400,0.2399,304,5405.0
2026-08-10,68250,2027-06-10,call,regular,15,0.2399,304,5300.0
2026-08-10,68500,2027-06-10,call,regular,200,0.2399,304,5195.0
2026-08-10,69250,2027-06-10,call,regular,36,0.2397,304,4885.0
2026-08-10,70000,2027-06-10,call,regular,550,0.2396,304,4590.0
2026-08-10,71000,2027-06-10,call,regular,100,0.2394,304,4220.0
2026-08-10,72000,2027-06-10,call,regular,100,0.2393,304,3875.0
2026-08-10,75000,2027-06-10,call,regular,500,0.239,304,2975.0
2026-08-10,77500,2027-06-10,call,regular,36,0.2393,304,2375.0
2026-08-10,80000,2027-06-10,call,regular,15,0.2396,304,1885.0
2026-08-10,85000,2027-06-10,call,regular,550,0.2421,304,1195.0
2026-08-10,90000,2027-06-10,call,regular,100,0.2465,304,775.0
2026-08-10,65750,2027-07-08,call,regular,20,0.238,332,6655.0
2026-08-10,66750,2027-07-08,call,regular,32,0.2382,332,6185.0
2026-08-10,75000,2027-07-08,call,regular,32,0.2397,332,3235.0
2026-08-10,77000,2027-07-08,call,regular,20,0.2406,332,2750.0
2026-08-10,65000,2027-09-09,call,regular,1,0.2446,395,7745.0
2026-08-10,77500,2027-09-09,call,regular,2,0.2431,395,3195.0
2026-08-10,28000,2027-12-09,call,regular,50,0.2,486,37335.0
2026-08-10,30000,2027-12-09,call,regular,225,0.2,486,35445.0
2026-08-10,31500,2027-12-09,call,regular,50,0.2,486,34045.0
2026-08-10,32000,2027-12-09,call,regular,100,0.2,486,33580.0
2026-08-10,33000,2027-12-09,call,regular,100,0.2,486,32650.0
2026-08-10,34000,2027-12-09,call,regular,375,0.2,486,31725.0
2026-08-10,35000,2027-12-09,call,regular,201,0.2,486,30810.0
2026-08-10,36000,2027-12-09,call,regular,80,0.2,486,29900.0
2026-08-10,36750,2027-12-09,call,regular,442,0.2,486,29220.0
2026-08-10,37000,2027-12-09,call,regular,200,0.2,486,28990.0
2026-08-10,38000,2027-12-09,call,regular,575,0.2,486,28095.0
2026-08-10,39000,2027-12-09,call,regular,125,0.2,486,27200.0
2026-08-10,39250,2027-12-09,call,regular,50,0.2,486,26980.0
2026-08-10,39500,2027-12-09,call,regular,50,0.2,486,26760.0
2026-08-10,40000,2027-12-09,call,regular,350,0.2,486,26320.0
2026-08-10,40500,2027-12-09,call,regular,450,0.2,486,25880.0
2026-08-10,41000,2027-12-09,call,regular,375,0.2,486,25440.0
2026-08-10,42000,2027-12-09,call,regular,200,0.2,486,24575.0
2026-08-10,43000,2027-12-09,call,regular,400,0.2,486,23720.0
2026-08-10,43500,2027-12-09,call,regular,150,0.2,486,23295.0
2026-08-10,45000,2027-12-09,call,regular,1950,0.0922,486,22030.0
2026-08-10,46000,2027-12-09,call,regular,500,0.1832,486,21205.0
2026-08-10,48000,2027-12-09,call,regular,225,0.2132,486,19590.0
2026-08-10,49000,2027-12-09,call,regular,700,0.221,486,18800.0
2026-08-10,50000,2027-12-09,call,regular,1950,0.2268,486,18025.0
2026-08-10,51000,2027-12-09,call,regular,300,0.2308,486,17260.0
2026-08-10,52500,2027-12-09,call,regular,100,0.2357,486,16150.0
2026-08-10,54000,2027-12-09,call,regular,300,0.2388,486,15070.0
2026-08-10,54500,2027-12-09,call,regular,100,0.2396,486,14720.0
2026-08-10,55000,2027-12-09,call,regular,704,0.2402,486,14370.0
2026-08-10,57000,2027-12-09,call,regular,250,0.242,486,13025.0
2026-08-10,58000,2027-12-09,call,regular,500,0.2426,486,12380.0
2026-08-10,60000,2027-12-09,call,regular,1225,0.2432,486,11150.0
2026-08-10,61000,2027-12-09,call,regular,200,0.2434,486,10565.0
2026-08-10,62000,2027-12-09,call,regular,200,0.2434,486,10000.0
2026-08-10,62500,2027-12-09,call,regular,70,0.2434,486,9725.0
2026-08-10,63000,2027-12-09,call,regular,300,0.2432,486,9450.0
2026-08-10,63500,2027-12-09,call,regular,50,0.2431,486,9185.0
2026-08-10,64000,2027-12-09,call,regular,780,0.243,486,8925.0
2026-08-10,65000,2027-12-09,call,regular,550,0.243,486,8425.0
2026-08-10,66000,2027-12-09,call,regular,300,0.2427,486,7940.0
2026-08-10,67000,2027-12-09,call,regular,100,0.2424,486,7475.0
2026-08-10,68000,2027-12-09,call,regular,200,0.2422,486,7035.0
2026-08-10,69000,2027-12-09,call,regular,850,0.2419,486,6610.0
2026-08-10,70000,2027-12-09,call,regular,850,0.2417,486,6210.0
2026-08-10,72500,2027-12-09,call,regular,100,0.2412,486,5295.0
2026-08-10,75000,2027-12-09,call,regular,177,0.241,486,4500.0
2026-08-10,80000,2027-12-09,call,regular,1000,0.241,486,3225.0
2026-08-10,87500,2027-12-09,call,regular,100,0.2434,486,1965.0
2026-08-10,41500,2028-06-08,call,regular,100,0.1768,668,25650.0
2026-08-10,28000,2028-12-07,call,regular,50,0.2,850,37795.0
2026-08-10,30000,2028-12-07,call,regular,80,0.2,850,36015.0
2026-08-10,31000,2028-12-07,call,regular,200,0.2,850,35130.0
2026-08-10,32000,2028-12-07,call,regular,75,0.2,850,34250.0
2026-08-10,33000,2028-12-07,call,regular,125,0.2,850,33380.0
2026-08-10,34500,2028-12-07,call,regular,330,0.2,850,32080.0
2026-08-10,34750,2028-12-07,call,regular,100,0.2,850,31865.0
2026-08-10,35500,2028-12-07,call,regular,443,0.2,850,31225.0
2026-08-10,36000,2028-12-07,call,regular,450,0.2,850,30800.0
2026-08-10,36500,2028-12-07,call,regular,52,0.2,850,30375.0
2026-08-10,38000,2028-12-07,call,regular,120,0.1649,850,29110.0
2026-08-10,39000,2028-12-07,call,regular,575,0.1979,850,28280.0
2026-08-10,40000,2028-12-07,call,regular,30,0.2128,850,27455.0
2026-08-10,41000,2028-12-07,call,regular,375,0.2225,850,26640.0
2026-08-10,42000,2028-12-07,call,regular,65,0.2294,850,25835.0
2026-08-10,42500,2028-12-07,call,regular,100,0.232,850,25435.0
2026-08-10,50000,2028-12-07,call,regular,400,0.2468,850,19760.0
2026-08-10,53000,2028-12-07,call,regular,50,0.2472,850,17685.0
2026-08-10,55000,2028-12-07,call,regular,50,0.2467,850,16370.0
2026-08-10,56000,2028-12-07,call,regular,650,0.2463,850,15735.0
2026-08-10,60000,2028-12-07,call,regular,250,0.2443,850,13350.0
2026-08-10,67500,2028-12-07,call,regular,100,0.2403,850,9585.0
2026-08-10,75000,2028-12-07,call,regular,80,0.2376,850,6740.0
2026-08-10,80000,2028-12-07,call,regular,200,0.237,850,5310.0
2026-08-10,50000,2029-12-13,call,regular,100,0.2481,1221,21145.0
2026-08-10,60000,2029-12-13,call,regular,375,0.2451,1221,15175.0
2026-08-10,65000,2029-12-13,call,regular,50,0.2432,1221,12720.0
2026-08-10,57000,2030-12-12,call,regular,300,0.2512,1585,18500.0
2026-08-10,64000,2030-12-12,call,regular,3,0.2478,1585,15000.0
2026-08-10,56750,2026-08-14,put,mini,799,0.6971,4,18.0
2026-08-10,56875,2026-08-14,put,mini,1,0.6987,4,20.0
2026-08-10,57000,2026-08-14,put,mini,561,0.6904,4,20.0
2026-08-10,57125,2026-08-14,put,mini,22,0.6912,4,22.0
2026-08-10,57250,2026-08-14,put,mini,32,0.6871,4,23.0
2026-08-10,57375,2026-08-14,put,mini,1,0.6788,4,23.0
2026-08-10,57500,2026-08-14,put,mini,198,0.6784,4,25.0
2026-08-10,57625,2026-08-14,put,mini,1,0.67,4,25.0
2026-08-10,57750,2026-08-14,put,mini,17,0.6616,4,25.0
2026-08-10,57875,2026-08-14,put,mini,3,0.6569,4,26.0
2026-08-10,58000,2026-08-14,put,mini,504,0.6291,4,21.0
2026-08-10,58125,2026-08-14,put,mini,1,0.6471,4,28.0
2026-08-10,58250,2026-08-14,put,mini,60,0.6453,4,30.0
2026-08-10,58375,2026-08-14,put,mini,31,0.6399,4,31.0
2026-08-10,58500,2026-08-14,put,mini,138,0.6313,4,31.0
2026-08-10,58625,2026-08-14,put,mini,38,0.6429,4,38.0
2026-08-10,58750,2026-08-14,put,mini,111,0.6259,4,35.0
2026-08-10,58875,2026-08-14,put,mini,6,0.6227,4,37.0
2026-08-10,59000,2026-08-14,put,mini,749,0.6192,4,39.0
2026-08-10,59250,2026-08-14,put,mini,13,0.6091,4,42.0
2026-08-10,59375,2026-08-14,put,mini,1,0.6139,4,48.0
2026-08-10,59500,2026-08-14,put,mini,203,0.6027,4,47.0
2026-08-10,59625,2026-08-14,put,mini,1,0.6103,4,55.0
2026-08-10,59750,2026-08-14,put,mini,61,0.5952,4,52.0
2026-08-10,59875,2026-08-14,put,mini,1,0.6014,4,60.0
2026-08-10,60000,2026-08-14,put,mini,1014,0.5903,4,59.0
2026-08-10,60125,2026-08-14,put,mini,66,0.5934,4,66.0
2026-08-10,60250,2026-08-14,put,mini,31,0.5823,4,65.0
2026-08-10,60375,2026-08-14,put,mini,4,0.5859,4,73.0
2026-08-10,60500,2026-08-14,put,mini,198,0.5779,4,74.0
2026-08-10,60625,2026-08-14,put,mini,1,0.5817,4,83.0
2026-08-10,60750,2026-08-14,put,mini,17,0.572,4,83.0
2026-08-10,60875,2026-08-14,put,mini,3,0.5745,4,92.0
2026-08-10,61000,2026-08-14,put,mini,885,0.562,4,90.0
2026-08-10,61125,2026-08-14,put,mini,2,0.5721,4,106.0
2026-08-10,61250,2026-08-14,put,mini,112,0.5608,4,105.0
2026-08-10,61375,2026-08-14,put,mini,1,0.5655,4,118.0
2026-08-10,61500,2026-08-14,put,mini,275,0.5563,4,119.0
2026-08-10,61625,2026-08-14,put,mini,12,0.5657,4,138.0
2026-08-10,61750,2026-08-14,put,mini,23,0.5511,4,134.0
2026-08-10,61875,2026-08-14,put,mini,2,0.5494,4,143.0
2026-08-10,62000,2026-08-14,put,mini,1043,0.548,4,153.0
2026-08-10,62125,2026-08-14,put,mini,1,0.547,4,164.0
2026-08-10,62250,2026-08-14,put,mini,477,0.5446,4,174.0
2026-08-10,62375,2026-08-14,put,mini,499,0.5576,4,204.0
2026-08-10,62500,2026-08-14,put,mini,294,0.5439,4,201.0
2026-08-10,62625,2026-08-14,put,mini,2,0.5526,4,228.0
2026-08-10,62750,2026-08-14,put,mini,84,0.5423,4,230.0
2026-08-10,62875,2026-08-14,put,mini,1,0.5505,4,259.0
2026-08-10,63000,2026-08-14,put,mini,1158,0.5411,4,263.0
2026-08-10,63125,2026-08-14,put,mini,5,0.5481,4,293.0
2026-08-10,63250,2026-08-14,put,mini,143,0.5431,4,305.0
2026-08-10,63375,2026-08-14,put,mini,3,0.5424,4,325.0
2026-08-10,63500,2026-08-14,put,mini,527,0.544,4,350.0
2026-08-10,63625,2026-08-14,put,mini,5,0.5449,4,375.0
2026-08-10,63750,2026-08-14,put,mini,46,0.5478,4,405.0
2026-08-10,63875,2026-08-14,put,mini,1,0.5473,4,430.0
2026-08-10,64000,2026-08-14,put,mini,520,0.5487,4,460.0
2026-08-10,64125,2026-08-14,put,mini,2,0.5542,4,500.0
2026-08-10,64250,2026-08-14,put,mini,42,0.5518,4,525.0
2026-08-10,64375,2026-08-14,put,mini,565,0.5558,4,565.0
2026-08-10,64500,2026-08-14,put,mini,196,0.5545,4,595.0
2026-08-10,64625,2026-08-14,put,mini,3,0.5592,4,640.0
2026-08-10,64750,2026-08-14,put,mini,39,0.5589,4,675.0
2026-08-10,64875,2026-08-14,put,mini,1,0.5664,4,730.0
2026-08-10,65000,2026-08-14,put,mini,328,0.5647,4,765.0
2026-08-10,65125,2026-08-14,put,mini,2,0.5706,4,820.0
2026-08-10,65250,2026-08-14,put,mini,7,0.5778,4,880.0
2026-08-10,65375,2026-08-14,put,mini,1,0.5802,4,930.0
2026-08-10,65500,2026-08-14,put,mini,125,0.582,4,980.0
2026-08-10,65625,2026-08-14,put,mini,4,0.5927,4,1055.0
2026-08-10,65750,2026-08-14,put,mini,58,0.5932,4,1105.0
2026-08-10,65875,2026-08-14,put,mini,2,0.6025,4,1180.0
2026-08-10,66000,2026-08-14,put,mini,310,0.6055,4,1240.0
2026-08-10,66125,2026-08-14,put,mini,1310,0.6116,4,1310.0
2026-08-10,66250,2026-08-14,put,mini,28,0.6134,4,1370.0
2026-08-10,66375,2026-08-14,put,mini,1450,0.622,4,1450.0
2026-08-10,66500,2026-08-14,put,mini,64,0.6281,4,1525.0
2026-08-10,66625,2026-08-14,put,mini,1610,0.6373,4,1610.0
2026-08-10,66750,2026-08-14,put,mini,19,0.6423,4,1685.0
2026-08-10,66875,2026-08-14,put,mini,10,0.6522,4,1775.0
2026-08-10,67000,2026-08-14,put,mini,147,0.6598,4,1860.0
2026-08-10,67125,2026-08-14,put,mini,1950,0.6686,4,1950.0
2026-08-10,67250,2026-08-14,put,mini,25,0.6752,4,2035.0
2026-08-10,67375,2026-08-14,put,mini,1,0.6867,4,2135.0
2026-08-10,67500,2026-08-14,put,mini,99,0.696,4,2230.0
2026-08-10,67625,2026-08-14,put,mini,1,0.7049,4,2325.0
2026-08-10,67750,2026-08-14,put,mini,387,0.7152,4,2425.0
2026-08-10,67875,2026-08-14,put,mini,2535,0.7287,4,2535.0
2026-08-10,68000,2026-08-14,put,mini,582,0.7364,4,2630.0
2026-08-10,68125,2026-08-14,put,mini,2745,0.751,4,2745.0
2026-08-10,68250,2026-08-14,put,mini,39,0.7599,4,2845.0
2026-08-10,68375,2026-08-14,put,mini,2960,0.7739,4,2960.0
2026-08-10,68500,2026-08-14,put,mini,490,0.7821,4,3060.0
2026-08-10,68625,2026-08-14,put,mini,3180,0.7974,4,3180.0
2026-08-10,68750,2026-08-14,put,mini,971,0.8069,4,3285.0
2026-08-10,68875,2026-08-14,put,mini,3405,0.8217,4,3405.0
2026-08-10,69000,2026-08-14,put,mini,911,0.8307,4,3510.0
2026-08-10,69125,2026-08-14,put,mini,2,0.8451,4,3630.0
2026-08-10,69250,2026-08-14,put,mini,26,0.8555,4,3740.0
2026-08-10,69375,2026-08-14,put,mini,3860,0.8694,4,3860.0
2026-08-10,69500,2026-08-14,put,mini,13,0.8813,4,3975.0
2026-08-10,69625,2026-08-14,put,mini,4095,0.8949,4,4095.0
2026-08-10,69750,2026-08-14,put,mini,5,0.9064,4,4210.0
2026-08-10,70000,2026-08-14,put,mini,47,0.9171,4,4410.0
2026-08-10,70125,2026-08-14,put,mini,4570,0.9456,4,4570.0
2026-08-10,70250,2026-08-14,put,mini,36,0.9584,4,4690.0
2026-08-10,70500,2026-08-14,put,mini,147,0.9834,4,4930.0
2026-08-10,70750,2026-08-14,put,mini,43,1.01,4,5175.0
2026-08-10,70875,2026-08-14,put,mini,5295,1.022,4,5295.0
2026-08-10,71000,2026-08-14,put,mini,624,1.036,4,5420.0
2026-08-10,71250,2026-08-14,put,mini,465,1.0616,4,5665.0
2026-08-10,71375,2026-08-14,put,mini,474,1.0732,4,5785.0
2026-08-10,71500,2026-08-14,put,mini,1,1.0867,4,5910.0
2026-08-10,71750,2026-08-14,put,mini,2,1.1114,4,6155.0
2026-08-10,72000,2026-08-14,put,mini,11,1.1378,4,6405.0
2026-08-10,72125,2026-08-14,put,mini,6525,1.1487,4,6525.0
2026-08-10,72250,2026-08-14,put,mini,14,1.1617,4,6650.0
2026-08-10,72500,2026-08-14,put,mini,10,1.1853,4,6895.0
2026-08-10,72750,2026-08-14,put,mini,2,1.2106,4,7145.0
2026-08-10,73000,2026-08-14,put,mini,1,1.2357,4,7395.0
2026-08-10,73250,2026-08-14,put,mini,19,1.2583,4,7640.0
2026-08-10,73375,2026-08-14,put,mini,5,1.2705,4,7765.0
2026-08-10,73500,2026-08-14,put,mini,211,1.2827,4,7890.0
2026-08-10,73750,2026-08-14,put,mini,415,1.3069,4,8140.0
2026-08-10,74000,2026-08-14,put,mini,9,1.3308,4,8390.0
2026-08-10,74250,2026-08-14,put,mini,45,1.3545,4,8640.0
2026-08-10,74500,2026-08-14,put,mini,25,1.3779,4,8890.0
2026-08-10,74750,2026-08-14,put,mini,120,1.4011,4,9140.0
2026-08-10,75000,2026-08-14,put,mini,11,1.424,4,9390.0
2026-08-10,75250,2026-08-14,put,mini,3,1.4445,4,9635.0
2026-08-10,62000,2026-08-19,put,mini,2,0.4533,9,325.0
2026-08-10,58375,2026-08-21,put,mini,31,0.4838,11,112.0
2026-08-10,58500,2026-08-21,put,mini,5,0.4803,11,115.0
2026-08-10,58625,2026-08-21,put,mini,2,0.4767,11,118.0
2026-08-10,58750,2026-08-21,put,mini,2,0.4779,11,127.0
2026-08-10,59000,2026-08-21,put,mini,1,0.4686,11,131.0
2026-08-10,59125,2026-08-21,put,mini,1,0.4631,11,132.0
2026-08-10,59500,2026-08-21,put,mini,1,0.4607,11,155.0
2026-08-10,60000,2026-08-21,put,mini,15,0.4478,11,175.0
2026-08-10,60125,2026-08-21,put,mini,2,0.4485,11,187.0
2026-08-10,60250,2026-08-21,put,mini,2,0.4465,11,195.0
2026-08-10,60500,2026-08-21,put,mini,50,0.4442,11,215.0
2026-08-10,60750,2026-08-21,put,mini,50,0.4431,11,239.0
2026-08-10,61000,2026-08-21,put,mini,52,0.4356,11,252.0
2026-08-10,61250,2026-08-21,put,mini,51,0.4364,11,284.0
2026-08-10,61375,2026-08-21,put,mini,1,0.4385,11,305.0
2026-08-10,61500,2026-08-21,put,mini,59,0.4376,11,320.0
2026-08-10,61625,2026-08-21,put,mini,1,0.4344,11,330.0
2026-08-10,61750,2026-08-21,put,mini,52,0.429,11,335.0
2026-08-10,62000,2026-08-21,put,mini,4,0.4316,11,380.0
2026-08-10,62125,2026-08-21,put,mini,405,0.4333,11,405.0
2026-08-10,62500,2026-08-21,put,mini,1,0.4309,11,465.0
2026-08-10,62750,2026-08-21,put,mini,4,0.4313,11,515.0
2026-08-10,63250,2026-08-21,put,mini,625,0.4316,11,625.0
2026-08-10,64000,2026-08-21,put,mini,14,0.4238,11,790.0
2026-08-10,64500,2026-08-21,put,mini,4,0.4401,11,1005.0
2026-08-10,65000,2026-08-21,put,mini,10,0.4397,11,1175.0
2026-08-10,65250,2026-08-21,put,mini,2,0.4449,11,1290.0
2026-08-10,65500,2026-08-21,put,mini,3,0.4499,11,1410.0
2026-08-10,66250,2026-08-21,put,mini,6,0.4491,11,1730.0
2026-08-10,62000,2026-08-26,put,mini,2,0.4151,16,575.0
2026-08-10,65500,2026-08-26,put,mini,2,0.4228,16,1675.0
2026-08-10,61250,2026-08-28,put,mini,1,0.4134,18,515.0
2026-08-10,62000,2026-08-28,put,mini,2,0.4131,18,660.0
2026-08-10,62750,2026-08-28,put,mini,4,0.4143,18,840.0
2026-08-10,64000,2026-08-28,put,mini,4,0.4079,18,1170.0
2026-08-10,65500,2026-08-28,put,mini,2,0.4188,18,1790.0
2026-08-10,66250,2026-08-28,put,mini,4,0.4093,18,2070.0
2026-08-10,65500,2026-09-02,put,mini,2,0.3993,23,1975.0
2026-08-10,66000,2026-09-04,put,mini,3,0.3869,25,2225.0
2026-08-10,66250,2026-09-04,put,mini,4,0.3887,25,2355.0
2026-08-10,58375,2026-09-11,put,mini,17,0.3974,32,440.0
2026-08-10,58500,2026-09-11,put,mini,88,0.3942,32,445.0
2026-08-10,58750,2026-09-11,put,mini,22,0.3904,32,465.0
2026-08-10,59000,2026-09-11,put,mini,233,0.3877,32,490.0
2026-08-10,59250,2026-09-11,put,mini,5,0.387,32,525.0
2026-08-10,59375,2026-09-11,put,mini,2,0.3893,32,555.0
2026-08-10,59500,2026-09-11,put,mini,15,0.3847,32,555.0
2026-08-10,59750,2026-09-11,put,mini,3,0.3831,32,590.0
2026-08-10,60000,2026-09-11,put,mini,111,0.3812,32,625.0
2026-08-10,60250,2026-09-11,put,mini,3,0.3799,32,665.0
2026-08-10,60500,2026-09-11,put,mini,15,0.3803,32,715.0
2026-08-10,60625,2026-09-11,put,mini,8,0.3832,32,755.0
2026-08-10,60750,2026-09-11,put,mini,750,0.3772,32,750.0
2026-08-10,61000,2026-09-11,put,mini,34,0.3757,32,795.0
2026-08-10,61125,2026-09-11,put,mini,1,0.3808,32,850.0
2026-08-10,61250,2026-09-11,put,mini,61,0.3765,32,855.0
2026-08-10,61375,2026-09-11,put,mini,2,0.3794,32,900.0
2026-08-10,61500,2026-09-11,put,mini,53,0.3759,32,910.0
2026-08-10,61625,2026-09-11,put,mini,1,0.3733,32,925.0
2026-08-10,61750,2026-09-11,put,mini,16,0.3731,32,955.0
2026-08-10,62000,2026-09-11,put,mini,213,0.3726,32,1015.0
2026-08-10,62250,2026-09-11,put,mini,331,0.3707,32,1070.0
2026-08-10,62500,2026-09-11,put,mini,49,0.3708,32,1140.0
2026-08-10,62750,2026-09-11,put,mini,62,0.3705,32,1210.0
2026-08-10,63000,2026-09-11,put,mini,162,0.3697,32,1280.0
2026-08-10,63125,2026-09-11,put,mini,1320,0.3699,32,1320.0
2026-08-10,63250,2026-09-11,put,mini,189,0.3722,32,1375.0
2026-08-10,63500,2026-09-11,put,mini,110,0.3719,32,1455.0
2026-08-10,63625,2026-09-11,put,mini,1480,0.3694,32,1480.0
2026-08-10,63750,2026-09-11,put,mini,46,0.3712,32,1535.0
2026-08-10,64000,2026-09-11,put,mini,150,0.3693,32,1610.0
2026-08-10,64125,2026-09-11,put,mini,20,0.3748,32,1695.0
2026-08-10,64250,2026-09-11,put,mini,286,0.3698,32,1705.0
2026-08-10,64375,2026-09-11,put,mini,1,0.3743,32,1785.0
2026-08-10,64500,2026-09-11,put,mini,147,0.3718,32,1815.0
2026-08-10,64750,2026-09-11,put,mini,5,0.3727,32,1920.0
2026-08-10,65000,2026-09-11,put,mini,79,0.3698,32,2000.0
2026-08-10,65125,2026-09-11,put,mini,1,0.3755,32,2095.0
2026-08-10,65250,2026-09-11,put,mini,19,0.3731,32,2130.0
2026-08-10,65375,2026-09-11,put,mini,6,0.3759,32,2205.0
2026-08-10,65500,2026-09-11,put,mini,12,0.3739,32,2245.0
2026-08-10,65625,2026-09-11,put,mini,2315,0.3758,32,2315.0
2026-08-10,65750,2026-09-11,put,mini,42,0.3749,32,2365.0
2026-08-10,65875,2026-09-11,put,mini,2440,0.3772,32,2440.0
2026-08-10,66000,2026-09-11,put,mini,68,0.3716,32,2455.0
2026-08-10,66250,2026-09-11,put,mini,44,0.3769,32,2615.0
2026-08-10,66500,2026-09-11,put,mini,176,0.3785,32,2750.0
2026-08-10,66750,2026-09-11,put,mini,2,0.379,32,2880.0
2026-08-10,66875,2026-09-11,put,mini,2955,0.3804,32,2955.0
2026-08-10,67000,2026-09-11,put,mini,45,0.381,32,3025.0
2026-08-10,67125,2026-09-11,put,mini,3115,0.384,32,3115.0
2026-08-10,67250,2026-09-11,put,mini,37,0.3838,32,3180.0
2026-08-10,67500,2026-09-11,put,mini,100,0.3856,32,3330.0
2026-08-10,67750,2026-09-11,put,mini,691,0.387,32,3480.0
2026-08-10,68000,2026-09-11,put,mini,858,0.3899,32,3645.0
2026-08-10,68250,2026-09-11,put,mini,66,0.3924,32,3810.0
2026-08-10,68500,2026-09-11,put,mini,842,0.3952,32,3980.0
2026-08-10,68750,2026-09-11,put,mini,1705,0.3988,32,4160.0
2026-08-10,68875,2026-09-11,put,mini,4245,0.3999,32,4245.0
2026-08-10,69000,2026-09-11,put,mini,1561,0.4009,32,4330.0
2026-08-10,69250,2026-09-11,put,mini,26,0.4052,32,4520.0
2026-08-10,69500,2026-09-11,put,mini,6,0.4085,32,4705.0
2026-08-10,69750,2026-09-11,put,mini,4895,0.4122,32,4895.0
2026-08-10,70000,2026-09-11,put,mini,3,0.4109,32,5050.0
2026-08-10,70500,2026-09-11,put,mini,1,0.4234,32,5480.0
2026-08-10,71000,2026-09-11,put,mini,5900,0.4335,32,5900.0
2026-08-10,71250,2026-09-11,put,mini,4,0.4376,32,6105.0
2026-08-10,71500,2026-09-11,put,mini,4,0.4428,32,6320.0
2026-08-10,71750,2026-09-11,put,mini,6535,0.4477,32,6535.0
2026-08-10,72000,2026-09-11,put,mini,9,0.4532,32,6755.0
2026-08-10,72250,2026-09-11,put,mini,56,0.4578,32,6970.0
2026-08-10,72375,2026-09-11,put,mini,7080,0.4604,32,7080.0
2026-08-10,72500,2026-09-11,put,mini,23,0.4636,32,7195.0
2026-08-10,72750,2026-09-11,put,mini,21,0.4685,32,7415.0
2026-08-10,73000,2026-09-11,put,mini,76,0.4733,32,7635.0
2026-08-10,73250,2026-09-11,put,mini,282,0.4793,32,7865.0
2026-08-10,73500,2026-09-11,put,mini,147,0.4844,32,8090.0
2026-08-10,73750,2026-09-11,put,mini,3,0.4902,32,8320.0
2026-08-10,74000,2026-09-11,put,mini,27,0.4966,32,8555.0
2026-08-10,74250,2026-09-11,put,mini,1,0.502,32,8785.0
2026-08-10,75000,2026-09-11,put,mini,62,0.52,32,9490.0
2026-08-10,75250,2026-09-11,put,mini,10,0.5266,32,9730.0
2026-08-10,58375,2026-10-09,put,mini,3,0.3712,60,920.0
2026-08-10,58500,2026-10-09,put,mini,4,0.3697,60,935.0
2026-08-10,58750,2026-10-09,put,mini,5,0.3687,60,980.0
2026-08-10,59000,2026-10-09,put,mini,2,0.3703,60,1045.0
2026-08-10,59375,2026-10-09,put,mini,2,0.3703,60,1130.0
2026-08-10,59750,2026-10-09,put,mini,4,0.3637,60,1170.0
2026-08-10,60000,2026-10-09,put,mini,11,0.3648,60,1240.0
2026-08-10,60500,2026-10-09,put,mini,1,0.361,60,1340.0
2026-08-10,61000,2026-10-09,put,mini,4,0.3619,60,1485.0
2026-08-10,61125,2026-10-09,put,mini,7,0.3635,60,1535.0
2026-08-10,61250,2026-10-09,put,mini,1,0.3627,60,1565.0
2026-08-10,61500,2026-10-09,put,mini,1615,0.3598,60,1615.0
2026-08-10,62000,2026-10-09,put,mini,3,0.3568,60,1745.0
2026-08-10,62250,2026-10-09,put,mini,8,0.3561,60,1820.0
2026-08-10,62375,2026-10-09,put,mini,1,0.3602,60,1900.0
2026-08-10,63000,2026-10-09,put,mini,8,0.3592,60,2110.0
2026-08-10,63625,2026-10-09,put,mini,1,0.3561,60,2315.0
2026-08-10,63750,2026-10-09,put,mini,1,0.3562,60,2365.0
2026-08-10,63875,2026-10-09,put,mini,1,0.3563,60,2415.0
2026-08-10,64000,2026-10-09,put,mini,4,0.3558,60,2460.0
2026-08-10,64250,2026-10-09,put,mini,8,0.356,60,2565.0
2026-08-10,64750,2026-10-09,call,mini,4,0.1298,60,2775.0
2026-08-10,65000,2026-10-09,call,mini,12,0.1603,60,2880.0
2026-08-10,65250,2026-10-09,call,mini,1,0.1888,60,3000.0
2026-08-10,66000,2026-10-09,call,mini,3375,0.2659,60,3375.0
2026-08-10,66500,2026-10-09,call,mini,12,0.3147,60,3640.0
2026-08-10,71750,2026-10-09,call,mini,20,0.8444,60,7230.0
2026-08-10,64000,2026-08-12,call,mini,1,0.2,2,1955.0
2026-08-10,64250,2026-08-12,call,mini,2,0.2,2,1760.0
2026-08-10,66500,2026-08-12,call,mini,1,0.0868,2,500.0
2026-08-10,66750,2026-08-12,call,mini,1,0.1477,2,415.0
2026-08-10,56750,2026-08-14,call,mini,23,0.2,4,8885.0
2026-08-10,57000,2026-08-14,call,mini,8640,0.2,4,8640.0
2026-08-10,57250,2026-08-14,call,mini,9,0.2,4,8390.0
2026-08-10,57875,2026-08-14,call,mini,1,0.2,4,7770.0
2026-08-10,58000,2026-08-14,call,mini,7,0.2,4,7645.0
2026-08-10,58500,2026-08-14,call,mini,7155,0.2,4,7155.0
2026-08-10,58750,2026-08-14,call,mini,6905,0.2,4,6905.0
2026-08-10,58875,2026-08-14,call,mini,1,0.2,4,6785.0
2026-08-10,59000,2026-08-14,call,mini,10,0.2,4,6660.0
2026-08-10,59500,2026-08-14,call,mini,2,0.2,4,6165.0
2026-08-10,59750,2026-08-14,call,mini,5925,0.2,4,5925.0
2026-08-10,60000,2026-08-14,call,mini,27,0.2,4,5680.0
2026-08-10,60250,2026-08-14,call,mini,1,0.2,4,5435.0
2026-08-10,60500,2026-08-14,call,mini,10,0.2,4,5195.0
2026-08-10,60625,2026-08-14,call,mini,5080,0.2,4,5080.0
2026-08-10,60750,2026-08-14,call,mini,10,0.2,4,4955.0
2026-08-10,61000,2026-08-14,call,mini,44,0.2,4,4715.0
2026-08-10,61250,2026-08-14,call,mini,2,0.2,4,4475.0
2026-08-10,61500,2026-08-14,call,mini,78,0.2,4,4240.0
2026-08-10,61625,2026-08-14,call,mini,12,0.2,4,4130.0
2026-08-10,61750,2026-08-14,call,mini,19,0.2,4,4010.0
2026-08-10,61875,2026-08-14,call,mini,1,0.2,4,3900.0
2026-08-10,62000,2026-08-14,call,mini,808,0.2,4,3780.0
2026-08-10,62250,2026-08-14,call,mini,892,0.2,4,3550.0
2026-08-10,62375,2026-08-14,call,mini,474,0.2,4,3445.0
2026-08-10,62500,2026-08-14,call,mini,29,0.2,4,3325.0
2026-08-10,62625,2026-08-14,call,mini,2,0.2,4,3220.0
2026-08-10,62750,2026-08-14,call,mini,27,0.2,4,3105.0
2026-08-10,63000,2026-08-14,call,mini,99,0.2,4,2890.0
2026-08-10,63125,2026-08-14,call,mini,1,0.2,4,2785.0
2026-08-10,63250,2026-08-14,call,mini,130,0.2,4,2680.0
2026-08-10,63375,2026-08-14,call,mini,1,0.2,4,2575.0
2026-08-10,63500,2026-08-14,call,mini,51,0.2,4,2475.0
2026-08-10,63625,2026-08-14,call,mini,1,0.2,4,2375.0
2026-08-10,63750,2026-08-14,call,mini,20,0.2,4,2275.0
2026-08-10,63875,2026-08-14,call,mini,2180,0.2,4,2180.0
2026-08-10,64000,2026-08-14,call,mini,162,0.2,4,2080.0
2026-08-10,64125,2026-08-14,call,mini,1995,0.2,4,1995.0
2026-08-10,64250,2026-08-14,call,mini,18,0.2,4,1895.0
2026-08-10,64500,2026-08-14,call,mini,163,0.2,4,1720.0
2026-08-10,64625,2026-08-14,call,mini,2,0.2,4,1635.0
2026-08-10,64750,2026-08-14,call,mini,17,0.2,4,1545.0
2026-08-10,64875,2026-08-14,call,mini,1,0.2,4,1470.0
2026-08-10,65000,2026-08-14,call,mini,287,0.2,4,1420.0
2026-08-10,65125,2026-08-14,call,mini,29,0.2,4,1310.0
2026-08-10,65250,2026-08-14,call,mini,31,0.2,4,1235.0
2026-08-10,65375,2026-08-14,call,mini,2,0.2,4,1180.0
2026-08-10,65500,2026-08-14,call,mini,158,0.2,4,1125.0
2026-08-10,65625,2026-08-14,call,mini,10,0.2,4,1045.0
2026-08-10,65750,2026-08-14,call,mini,52,0.2,4,1005.0
2026-08-10,65875,2026-08-14,call,mini,1,0.2,4,920.0
2026-08-10,66000,2026-08-14,call,mini,471,0.2,4,890.0
2026-08-10,66125,2026-08-14,call,mini,3,0.2,4,800.0
2026-08-10,66250,2026-08-14,call,mini,42,0.0999,4,775.0
2026-08-10,66375,2026-08-14,call,mini,7,0.1254,4,725.0
2026-08-10,66500,2026-08-14,call,mini,222,0.14,4,670.0
2026-08-10,66625,2026-08-14,call,mini,2,0.1542,4,625.0
2026-08-10,66750,2026-08-14,call,mini,32,0.1652,4,580.0
2026-08-10,66875,2026-08-14,call,mini,10,0.172,4,530.0
2026-08-10,67000,2026-08-14,call,mini,635,0.1839,4,500.0
2026-08-10,67125,2026-08-14,call,mini,1,0.1834,4,440.0
2026-08-10,67250,2026-08-14,call,mini,96,0.2011,4,435.0
2026-08-10,67375,2026-08-14,call,mini,380,0.1993,4,380.0
2026-08-10,67500,2026-08-14,call,mini,446,0.211,4,365.0
2026-08-10,67625,2026-08-14,call,mini,4,0.2159,4,335.0
2026-08-10,67750,2026-08-14,call,mini,479,0.2257,4,320.0
2026-08-10,67875,2026-08-14,call,mini,2,0.2265,4,285.0
2026-08-10,68000,2026-08-14,call,mini,1796,0.238,4,278.0
2026-08-10,68125,2026-08-14,call,mini,234,0.2325,4,234.0
2026-08-10,68250,2026-08-14,call,mini,108,0.2425,4,227.0
2026-08-10,68375,2026-08-14,call,mini,206,0.2453,4,206.0
2026-08-10,68500,2026-08-14,call,mini,775,0.2553,4,201.0
2026-08-10,68625,2026-08-14,call,mini,1,0.2506,4,169.0
2026-08-10,68750,2026-08-14,call,mini,1257,0.2634,4,171.0
2026-08-10,68875,2026-08-14,call,mini,10,0.261,4,147.0
2026-08-10,69000,2026-08-14,call,mini,1561,0.2733,4,149.0
2026-08-10,69125,2026-08-14,call,mini,119,0.2648,4,119.0
2026-08-10,69250,2026-08-14,call,mini,99,0.2759,4,120.0
2026-08-10,69375,2026-08-14,call,mini,15,0.2701,4,98.0
2026-08-10,69500,2026-08-14,call,mini,335,0.283,4,102.0
2026-08-10,69625,2026-08-14,call,mini,3,0.279,4,85.0
2026-08-10,69750,2026-08-14,call,mini,287,0.2795,4,75.0
2026-08-10,69875,2026-08-14,call,mini,5,0.2829,4,69.0
2026-08-10,70000,2026-08-14,call,mini,969,0.2939,4,71.0
2026-08-10,70125,2026-08-14,call,mini,4,0.2902,4,59.0
2026-08-10,70250,2026-08-14,call,mini,33,0.2989,4,59.0
2026-08-10,70375,2026-08-14,call,mini,45,0.2903,4,45.0
2026-08-10,70500,2026-08-14,call,mini,191,0.3075,4,52.0
2026-08-10,70750,2026-08-14,call,mini,48,0.3119,4,43.0
2026-08-10,70875,2026-08-14,call,mini,33,0.3042,4,33.0
2026-08-10,71000,2026-08-14,call,mini,948,0.3153,4,35.0
2026-08-10,71125,2026-08-14,call,mini,15,0.3103,4,28.0
2026-08-10,71250,2026-08-14,call,mini,486,0.3197,4,29.0
2026-08-10,71375,2026-08-14,call,mini,483,0.3189,4,25.0
2026-08-10,71500,2026-08-14,call,mini,188,0.3261,4,25.0
2026-08-10,71625,2026-08-14,call,mini,2,0.324,4,21.0
2026-08-10,71750,2026-08-14,call,mini,60,0.3335,4,22.0
2026-08-10,71875,2026-08-14,call,mini,1,0.33,4,18.0
2026-08-10,72000,2026-08-14,call,mini,768,0.334,4,17.0
2026-08-10,72125,2026-08-14,call,mini,2,0.3345,4,15.0
2026-08-10,72250,2026-08-14,call,mini,43,0.3378,4,14.0
2026-08-10,72375,2026-08-14,call,mini,1,0.337,4,12.0
2026-08-10,72500,2026-08-14,call,mini,117,0.3393,4,11.0
2026-08-10,72625,2026-08-14,call,mini,1,0.3413,4,10.0
2026-08-10,72750,2026-08-14,call,mini,31,0.3428,4,9.0
2026-08-10,72875,2026-08-14,call,mini,6,0.349,4,9.0
2026-08-10,73000,2026-08-14,call,mini,390,0.3499,4,8.0
2026-08-10,73125,2026-08-14,call,mini,1,0.3501,4,7.0
2026-08-10,73250,2026-08-14,call,mini,22,0.356,4,7.0
2026-08-10,73375,2026-08-14,call,mini,1,0.3553,4,6.0
2026-08-10,73500,2026-08-14,call,mini,166,0.3536,4,5.0
2026-08-10,73625,2026-08-14,call,mini,1,0.3593,4,5.0
2026-08-10,73750,2026-08-14,call,mini,162,0.3561,4,4.0
2026-08-10,73875,2026-08-14,call,mini,1,0.3616,4,4.0
2026-08-10,74000,2026-08-14,call,mini,254,0.3671,4,4.0
2026-08-10,74125,2026-08-14,call,mini,3,0.3615,4,3.0
2026-08-10,74250,2026-08-14,call,mini,51,0.3669,4,3.0
2026-08-10,74375,2026-08-14,call,mini,3,0.3722,4,3.0
2026-08-10,74500,2026-08-14,call,mini,183,0.3775,4,3.0
2026-08-10,74625,2026-08-14,call,mini,1,0.3678,4,2.0
2026-08-10,74750,2026-08-14,call,mini,105,0.3729,4,2.0
2026-08-10,74875,2026-08-14,call,mini,4,0.378,4,2.0
2026-08-10,75000,2026-08-14,call,mini,380,0.3831,4,2.0
2026-08-10,75125,2026-08-14,call,mini,11,0.3882,4,2.0
2026-08-10,75250,2026-08-14,call,mini,119,0.3932,4,2.0
2026-08-10,75375,2026-08-14,call,mini,88,0.3983,4,2.0
2026-08-10,62000,2026-08-19,call,mini,2,0.2,9,3965.0
2026-08-10,62000,2026-08-21,call,mini,2,0.2,11,4025.0
2026-08-10,62750,2026-08-21,call,mini,4,0.2,11,3415.0
2026-08-10,64000,2026-08-21,call,mini,4,0.2,11,2485.0
2026-08-10,64500,2026-08-21,call,mini,4,0.2,11,2155.0
2026-08-10,65000,2026-08-21,call,mini,1,0.2,11,1825.0
2026-08-10,65250,2026-08-21,call,mini,2,0.2,11,1690.0
2026-08-10,65500,2026-08-21,call,mini,3,0.1149,11,1560.0
2026-08-10,66000,2026-08-21,call,mini,11,0.1455,11,1265.0
2026-08-10,66250,2026-08-21,call,mini,4,0.1542,11,1130.0
2026-08-10,66500,2026-08-21,call,mini,20,0.1713,11,1050.0
2026-08-10,67000,2026-08-21,call,mini,5,0.1852,11,845.0
2026-08-10,67250,2026-08-21,call,mini,1,0.1952,11,775.0
2026-08-10,67500,2026-08-21,call,mini,1,0.1987,11,685.0
2026-08-10,67750,2026-08-21,call,mini,625,0.2068,11,625.0
2026-08-10,68000,2026-08-21,call,mini,223,0.2119,11,560.0
2026-08-10,68125,2026-08-21,call,mini,5,0.2156,11,535.0
2026-08-10,68250,2026-08-21,call,mini,1,0.214,11,490.0
2026-08-10,68500,2026-08-21,call,mini,2,0.218,11,435.0
2026-08-10,68750,2026-08-21,call,mini,1,0.2216,11,385.0
2026-08-10,69000,2026-08-21,call,mini,4,0.225,11,340.0
2026-08-10,69500,2026-08-21,call,mini,4,0.232,11,266.0
2026-08-10,69750,2026-08-21,call,mini,4,0.2347,11,233.0
2026-08-10,69875,2026-08-21,call,mini,10,0.2364,11,219.0
2026-08-10,62000,2026-08-26,call,mini,2,0.2,16,4230.0
2026-08-10,65500,2026-08-26,call,mini,2,0.1657,16,1835.0
2026-08-10,62000,2026-08-28,call,mini,2,0.2,18,4285.0
2026-08-10,62750,2026-08-28,call,mini,4,0.2,18,3720.0
2026-08-10,64000,2026-08-28,call,mini,4,0.2,18,2795.0
2026-08-10,65500,2026-08-28,call,mini,2,0.1736,18,1920.0
2026-08-10,66250,2026-08-28,call,mini,4,0.1778,18,1450.0
2026-08-10,69000,2026-08-28,call,mini,1,0.2198,18,550.0
2026-08-10,65500,2026-09-02,call,mini,2,0.1871,23,2115.0
2026-08-10,65500,2026-09-04,call,mini,3,0.1915,25,2190.0
2026-08-10,66250,2026-09-04,call,mini,4,0.1959,25,1755.0
2026-08-10,58750,2026-09-11,call,mini,7375,0.2,32,7375.0
2026-08-10,59000,2026-09-11,call,mini,3,0.2,32,7150.0
2026-08-10,59250,2026-09-11,call,mini,6935,0.2,32,6935.0
2026-08-10,59375,2026-09-11,call,mini,1,0.2,32,6835.0
2026-08-10,59500,2026-09-11,call,mini,6715,0.2,32,6715.0
2026-08-10,59750,2026-09-11,call,mini,6510,0.2,32,6510.0
2026-08-10,60000,2026-09-11,call,mini,1,0.2,32,6290.0
2026-08-10,60250,2026-09-11,call,mini,6085,0.2,32,6085.0
2026-08-10,61000,2026-09-11,call,mini,1,0.2,32,5465.0
2026-08-10,61250,2026-09-11,call,mini,32,0.2,32,5280.0
2026-08-10,61500,2026-09-11,call,mini,26,0.2,32,5080.0
2026-08-10,62000,2026-09-11,call,mini,3,0.2,32,4690.0
2026-08-10,62250,2026-09-11,call,mini,5,0.2,32,4510.0
2026-08-10,62500,2026-09-11,call,mini,13,0.2,32,4325.0
2026-08-10,62750,2026-09-11,call,mini,5,0.2,32,4150.0
2026-08-10,62875,2026-09-11,call,mini,4080,0.2,32,4080.0
2026-08-10,63000,2026-09-11,call,mini,57,0.2,32,3965.0
2026-08-10,63250,2026-09-11,call,mini,56,0.1295,32,3800.0
2026-08-10,63500,2026-09-11,call,mini,34,0.1451,32,3620.0
2026-08-10,63750,2026-09-11,call,mini,24,0.1592,32,3460.0
2026-08-10,64000,2026-09-11,call,mini,98,0.1681,32,3295.0
2026-08-10,64250,2026-09-11,call,mini,279,0.1781,32,3150.0
2026-08-10,64375,2026-09-11,call,mini,1,0.18,32,3065.0
2026-08-10,64500,2026-09-11,call,mini,147,0.1849,32,3000.0
2026-08-10,64750,2026-09-11,call,mini,11,0.1901,32,2850.0
2026-08-10,65000,2026-09-11,call,mini,80,0.1925,32,2690.0
2026-08-10,65125,2026-09-11,call,mini,3,0.1961,32,2630.0
2026-08-10,65250,2026-09-11,call,mini,4,0.1995,32,2570.0
2026-08-10,65500,2026-09-11,call,mini,21,0.2004,32,2415.0
2026-08-10,65750,2026-09-11,call,mini,10,0.2052,32,2295.0
2026-08-10,66000,2026-09-11,call,mini,40,0.2057,32,2150.0
2026-08-10,66125,2026-09-11,call,mini,2,0.2086,32,2100.0
2026-08-10,66250,2026-09-11,call,mini,5,0.2093,32,2035.0
2026-08-10,66500,2026-09-11,call,mini,25,0.2121,32,1920.0
2026-08-10,66625,2026-09-11,call,mini,1865,0.2134,32,1865.0
2026-08-10,66750,2026-09-11,call,mini,1,0.2134,32,1800.0
2026-08-10,66875,2026-09-11,call,mini,1750,0.215,32,1750.0
2026-08-10,67000,2026-09-11,call,mini,46,0.2152,32,1690.0
2026-08-10,67125,2026-09-11,call,mini,2,0.2183,32,1655.0
2026-08-10,67250,2026-09-11,call,mini,36,0.2175,32,1590.0
2026-08-10,67375,2026-09-11,call,mini,1545,0.219,32,1545.0
2026-08-10,67500,2026-09-11,call,mini,106,0.2197,32,1495.0
2026-08-10,67625,2026-09-11,call,mini,1440,0.2196,32,1440.0
2026-08-10,67750,2026-09-11,call,mini,703,0.2206,32,1395.0
2026-08-10,68000,2026-09-11,call,mini,1048,0.2221,32,1305.0
2026-08-10,68125,2026-09-11,call,mini,4,0.2226,32,1260.0
2026-08-10,68250,2026-09-11,call,mini,68,0.2236,32,1220.0
2026-08-10,68375,2026-09-11,call,mini,1180,0.2244,32,1180.0
2026-08-10,68500,2026-09-11,call,mini,899,0.2257,32,1145.0
2026-08-10,68625,2026-09-11,call,mini,1,0.2262,32,1105.0
2026-08-10,68750,2026-09-11,call,mini,1742,0.2273,32,1070.0
2026-08-10,68875,2026-09-11,call,mini,1035,0.2281,32,1035.0
2026-08-10,69000,2026-09-11,call,mini,1711,0.2282,32,995.0
2026-08-10,69125,2026-09-11,call,mini,3,0.2274,32,950.0
2026-08-10,69250,2026-09-11,call,mini,38,0.2306,32,935.0
2026-08-10,69375,2026-09-11,call,mini,8,0.233,32,915.0
2026-08-10,69500,2026-09-11,call,mini,18,0.2317,32,870.0
2026-08-10,69625,2026-09-11,call,mini,835,0.2317,32,835.0
2026-08-10,69750,2026-09-11,call,mini,3,0.233,32,810.0
2026-08-10,69875,2026-09-11,call,mini,775,0.2326,32,775.0
2026-08-10,70000,2026-09-11,call,mini,119,0.2337,32,750.0
2026-08-10,70125,2026-09-11,call,mini,3,0.2361,32,735.0
2026-08-10,70250,2026-09-11,call,mini,7,0.2353,32,700.0
2026-08-10,70500,2026-09-11,call,mini,28,0.2364,32,650.0
2026-08-10,70625,2026-09-11,call,mini,625,0.2368,32,625.0
2026-08-10,70750,2026-09-11,call,mini,20,0.2379,32,605.0
2026-08-10,71000,2026-09-11,call,mini,81,0.2396,32,565.0
2026-08-10,71125,2026-09-11,call,mini,540,0.2394,32,540.0
2026-08-10,71250,2026-09-11,call,mini,7,0.24,32,520.0
2026-08-10,71375,2026-09-11,call,mini,505,0.2414,32,505.0
2026-08-10,71500,2026-09-11,call,mini,15,0.2417,32,485.0
2026-08-10,71625,2026-09-11,call,mini,460,0.2409,32,460.0
2026-08-10,71750,2026-09-11,call,mini,12,0.2429,32,450.0
2026-08-10,71875,2026-09-11,call,mini,430,0.2428,32,430.0
2026-08-10,72000,2026-09-11,call,mini,76,0.2446,32,420.0
2026-08-10,72250,2026-09-11,call,mini,64,0.2459,32,390.0
2026-08-10,72375,2026-09-11,call,mini,1,0.2464,32,375.0
2026-08-10,72500,2026-09-11,call,mini,37,0.2479,32,365.0
2026-08-10,72750,2026-09-11,call,mini,24,0.2471,32,330.0
2026-08-10,72875,2026-09-11,call,mini,305,0.2448,32,305.0
2026-08-10,73000,2026-09-11,call,mini,128,0.2506,32,315.0
2026-08-10,73125,2026-09-11,call,mini,1,0.2467,32,285.0
2026-08-10,73250,2026-09-11,call,mini,290,0.249,32,281.0
2026-08-10,73375,2026-09-11,call,mini,3,0.2498,32,271.0
2026-08-10,73500,2026-09-11,call,mini,296,0.2504,32,261.0
2026-08-10,73750,2026-09-11,call,mini,316,0.2514,32,241.0
2026-08-10,73875,2026-09-11,call,mini,3,0.2515,32,230.0
2026-08-10,74000,2026-09-11,call,mini,94,0.2532,32,225.0
2026-08-10,74125,2026-09-11,call,mini,213,0.2527,32,213.0
2026-08-10,74250,2026-09-11,call,mini,73,0.253,32,204.0
2026-08-10,74375,2026-09-11,call,mini,193,0.2526,32,193.0
2026-08-10,74500,2026-09-11,call,mini,113,0.2546,32,190.0
2026-08-10,74625,2026-09-11,call,mini,171,0.2512,32,171.0
2026-08-10,74750,2026-09-11,call,mini,141,0.2548,32,173.0
2026-08-10,74875,2026-09-11,call,mini,1,0.2521,32,157.0
2026-08-10,75000,2026-09-11,call,mini,218,0.2571,32,163.0
2026-08-10,75125,2026-09-11,call,mini,154,0.2567,32,154.0
2026-08-10,75250,2026-09-11,call,mini,53,0.2576,32,149.0
2026-08-10,75375,2026-09-11,call,mini,9,0.2536,32,132.0
2026-08-10,58500,2026-10-09,call,mini,10,0.2,60,7875.0
2026-08-10,61125,2026-10-09,call,mini,5,0.2,60,5810.0
2026-08-10,61250,2026-10-09,call,mini,10,0.2,60,5715.0
2026-08-10,61750,2026-10-09,call,mini,8,0.1374,60,5345.0
2026-08-10,61875,2026-10-09,call,mini,5275,0.1484,60,5275.0
2026-08-10,62500,2026-10-09,call,mini,8,0.1695,60,4845.0
2026-08-10,63000,2026-10-09,call,mini,17,0.1805,60,4515.0
2026-08-10,63750,2026-10-09,call,mini,8,0.1897,60,4020.0
2026-08-10,63875,2026-10-09,call,mini,12,0.1914,60,3945.0
2026-08-10,64000,2026-10-09,call,mini,7,0.1924,60,3865.0
2026-08-10,64250,2026-10-09,call,mini,4,0.1956,60,3720.0
2026-08-10,64750,2026-10-09,call,mini,4,0.2007,60,3435.0
2026-08-10,65000,2026-10-09,call,mini,7,0.2021,60,3290.0
2026-08-10,65500,2026-10-09,call,mini,1,0.207,60,3035.0
2026-08-10,65750,2026-10-09,call,mini,1,0.2079,60,2900.0
2026-08-10,66000,2026-10-09,call,mini,24,0.2094,60,2775.0
2026-08-10,66500,2026-10-09,call,mini,1,0.2128,60,2545.0
2026-08-10,66750,2026-10-09,call,mini,1,0.2144,60,2435.0
2026-08-10,67000,2026-10-09,call,mini,12,0.2155,60,2325.0
2026-08-10,67500,2026-10-09,call,mini,1,0.2181,60,2120.0
2026-08-10,68000,2026-10-09,call,mini,12,0.2204,60,1930.0
2026-08-10,69000,2026-10-09,call,mini,2,0.2232,60,1575.0
2026-08-10,70000,2026-10-09,call,mini,34,0.2293,60,1310.0
2026-08-10,70125,2026-10-09,call,mini,1,0.2296,60,1275.0
2026-08-10,70500,2026-10-09,call,mini,3,0.2287,60,1160.0
2026-08-10,70750,2026-10-09,call,mini,2,0.2311,60,1115.0
2026-08-10,71000,2026-10-09,call,mini,9,0.2299,60,1040.0
2026-08-10,71250,2026-10-09,call,mini,1,0.2312,60,990.0
2026-08-10,71500,2026-10-09,call,mini,2,0.2322,60,940.0
2026-08-10,71750,2026-10-09,call,mini,61,0.234,60,900.0
