date,strike,expiry,type,product,oi,iv,days_to_expiry,settlement
2026-07-29,20000,2026-08-13,put,regular,2334,1.7201,15,2.0
2026-07-29,22000,2026-08-13,put,regular,477,1.5792,15,2.0
2026-07-29,24000,2026-08-13,put,regular,426,1.4983,15,3.0
2026-07-29,25000,2026-08-13,put,regular,5327,1.4362,15,3.0
2026-07-29,26000,2026-08-13,put,regular,126,1.3765,15,3.0
2026-07-29,27000,2026-08-13,put,regular,187,1.3513,15,4.0
2026-07-29,28000,2026-08-13,put,regular,320,1.3202,15,5.0
2026-07-29,29000,2026-08-13,put,regular,276,1.2856,15,6.0
2026-07-29,30000,2026-08-13,put,regular,5594,1.2487,15,7.0
2026-07-29,31000,2026-08-13,put,regular,354,1.2244,15,9.0
2026-07-29,32000,2026-08-13,put,regular,240,1.1837,15,10.0
2026-07-29,33000,2026-08-13,put,regular,173,1.1531,15,12.0
2026-07-29,34000,2026-08-13,put,regular,142,1.1281,15,15.0
2026-07-29,35000,2026-08-13,put,regular,2148,1.0849,15,16.0
2026-07-29,36000,2026-08-13,put,regular,242,1.0551,15,19.0
2026-07-29,37000,2026-08-13,put,regular,203,1.0229,15,22.0
2026-07-29,37250,2026-08-13,put,regular,2,1.0159,15,23.0
2026-07-29,37500,2026-08-13,put,regular,54,1.0087,15,24.0
2026-07-29,37750,2026-08-13,put,regular,1,1.0013,15,25.0
2026-07-29,38000,2026-08-13,put,regular,1592,0.9937,15,26.0
2026-07-29,38250,2026-08-13,put,regular,5,0.986,15,27.0
2026-07-29,38500,2026-08-13,put,regular,82,0.9738,15,27.0
2026-07-29,38750,2026-08-13,put,regular,3,0.9702,15,29.0
2026-07-29,39000,2026-08-13,put,regular,231,0.9621,15,30.0
2026-07-29,39250,2026-08-13,put,regular,5,0.9578,15,32.0
2026-07-29,39500,2026-08-13,put,regular,7,0.953,15,34.0
2026-07-29,39750,2026-08-13,put,regular,12,0.9408,15,34.0
2026-07-29,40000,2026-08-13,put,regular,2103,0.9357,15,36.0
2026-07-29,40250,2026-08-13,put,regular,8,0.9269,15,37.0
2026-07-29,40500,2026-08-13,put,regular,35,0.9181,15,38.0
2026-07-29,40750,2026-08-13,put,regular,13,0.9123,15,40.0
2026-07-29,41000,2026-08-13,put,regular,169,0.9002,15,40.0
2026-07-29,41250,2026-08-13,put,regular,25,0.8882,15,40.0
2026-07-29,41500,2026-08-13,put,regular,22,0.9038,15,50.0
2026-07-29,41750,2026-08-13,put,regular,20,0.8941,15,51.0
2026-07-29,42000,2026-08-13,put,regular,483,0.882,15,51.0
2026-07-29,42250,2026-08-13,put,regular,1,0.8771,15,54.0
2026-07-29,42500,2026-08-13,put,regular,139,0.874,15,58.0
2026-07-29,42750,2026-08-13,put,regular,37,0.8662,15,60.0
2026-07-29,43000,2026-08-13,put,regular,168,0.8562,15,61.0
2026-07-29,43250,2026-08-13,put,regular,10,0.8462,15,62.0
2026-07-29,43500,2026-08-13,put,regular,12,0.8401,15,65.0
2026-07-29,43750,2026-08-13,put,regular,49,0.8338,15,68.0
2026-07-29,44000,2026-08-13,put,regular,258,0.8102,15,62.0
2026-07-29,44250,2026-08-13,put,regular,8,0.8169,15,72.0
2026-07-29,44500,2026-08-13,put,regular,118,0.8101,15,75.0
2026-07-29,44750,2026-08-13,put,regular,57,0.803,15,78.0
2026-07-29,45000,2026-08-13,put,regular,2393,0.786,15,75.0
2026-07-29,45250,2026-08-13,put,regular,130,0.7899,15,85.0
2026-07-29,45500,2026-08-13,put,regular,198,0.7837,15,89.0
2026-07-29,45750,2026-08-13,put,regular,33,0.7759,15,92.0
2026-07-29,46000,2026-08-13,put,regular,399,0.7652,15,93.0
2026-07-29,46250,2026-08-13,put,regular,21,0.7544,15,94.0
2026-07-29,46500,2026-08-13,put,regular,281,0.7437,15,95.0
2026-07-29,46750,2026-08-13,put,regular,57,0.742,15,103.0
2026-07-29,47000,2026-08-13,put,regular,446,0.7274,15,101.0
2026-07-29,47250,2026-08-13,put,regular,69,0.7239,15,108.0
2026-07-29,47500,2026-08-13,put,regular,351,0.7141,15,110.0
2026-07-29,47750,2026-08-13,put,regular,184,0.7099,15,117.0
2026-07-29,48000,2026-08-13,put,regular,838,0.6988,15,118.0
2026-07-29,48250,2026-08-13,put,regular,127,0.6993,15,130.0
2026-07-29,48500,2026-08-13,put,regular,334,0.687,15,130.0
2026-07-29,48750,2026-08-13,put,regular,167,0.6854,15,141.0
2026-07-29,49000,2026-08-13,put,regular,1436,0.6674,15,135.0
2026-07-29,49250,2026-08-13,put,regular,141,0.6653,15,146.0
2026-07-29,49500,2026-08-13,put,regular,612,0.6566,15,150.0
2026-07-29,49750,2026-08-13,put,regular,56,0.6569,15,165.0
2026-07-29,50000,2026-08-13,put,regular,3048,0.6419,15,162.0
2026-07-29,50250,2026-08-13,put,regular,180,0.6429,15,179.0
2026-07-29,50500,2026-08-13,put,regular,453,0.6273,15,175.0
2026-07-29,50750,2026-08-13,put,regular,808,0.6251,15,189.0
2026-07-29,51000,2026-08-13,put,regular,1011,0.6167,15,195.0
2026-07-29,51250,2026-08-13,put,regular,57,0.6122,15,207.0
2026-07-29,51500,2026-08-13,put,regular,269,0.6034,15,213.0
2026-07-29,51750,2026-08-13,put,regular,48,0.5957,15,221.0
2026-07-29,52000,2026-08-13,put,regular,917,0.5902,15,233.0
2026-07-29,52250,2026-08-13,put,regular,84,0.582,15,241.0
2026-07-29,52500,2026-08-13,put,regular,553,0.5735,15,249.0
2026-07-29,52750,2026-08-13,put,regular,6,0.5715,15,269.0
2026-07-29,53000,2026-08-13,put,regular,1647,0.564,15,280.0
2026-07-29,53250,2026-08-13,put,regular,54,0.5563,15,291.0
2026-07-29,53500,2026-08-13,put,regular,331,0.5523,15,310.0
2026-07-29,53750,2026-08-13,put,regular,71,0.5458,15,325.0
2026-07-29,54000,2026-08-13,put,regular,732,0.539,15,340.0
2026-07-29,54250,2026-08-13,put,regular,192,0.5339,15,360.0
2026-07-29,54500,2026-08-13,put,regular,663,0.5264,15,375.0
2026-07-29,54750,2026-08-13,put,regular,78,0.5205,15,395.0
2026-07-29,55000,2026-08-13,put,regular,2414,0.5142,15,415.0
2026-07-29,55250,2026-08-13,put,regular,166,0.5074,15,435.0
2026-07-29,55500,2026-08-13,put,regular,508,0.5039,15,465.0
2026-07-29,55750,2026-08-13,put,regular,305,0.4963,15,485.0
2026-07-29,56000,2026-08-13,put,regular,937,0.4916,15,515.0
2026-07-29,56250,2026-08-13,put,regular,148,0.4848,15,540.0
2026-07-29,56500,2026-08-13,put,regular,1748,0.4791,15,570.0
2026-07-29,56750,2026-08-13,put,regular,39,0.4728,15,600.0
2026-07-29,56875,2026-08-13,put,regular,9,0.4725,15,625.0
2026-07-29,57000,2026-08-13,put,regular,2035,0.469,15,640.0
2026-07-29,57125,2026-08-13,put,regular,102,0.4654,15,655.0
2026-07-29,57250,2026-08-13,put,regular,450,0.4631,15,675.0
2026-07-29,57375,2026-08-13,put,regular,16,0.4606,15,695.0
2026-07-29,57500,2026-08-13,put,regular,780,0.4566,15,710.0
2026-07-29,57625,2026-08-13,put,regular,3,0.4565,15,740.0
2026-07-29,57750,2026-08-13,put,regular,12,0.4522,15,755.0
2026-07-29,57875,2026-08-13,put,regular,32,0.4505,15,780.0
2026-07-29,58000,2026-08-13,put,regular,4110,0.4459,15,795.0
2026-07-29,58125,2026-08-13,put,regular,6,0.4438,15,820.0
2026-07-29,58250,2026-08-13,put,regular,35,0.4427,15,850.0
2026-07-29,58375,2026-08-13,put,regular,13,0.439,15,870.0
2026-07-29,58500,2026-08-13,put,regular,359,0.4376,15,900.0
2026-07-29,58625,2026-08-13,put,regular,11,0.4335,15,920.0
2026-07-29,58750,2026-08-13,put,regular,76,0.4305,15,945.0
2026-07-29,58875,2026-08-13,put,regular,15,0.4285,15,975.0
2026-07-29,59000,2026-08-13,put,regular,3707,0.4263,15,1005.0
2026-07-29,59125,2026-08-13,put,regular,43,0.4228,15,1030.0
2026-07-29,59250,2026-08-13,put,regular,79,0.4225,15,1070.0
2026-07-29,59375,2026-08-13,put,regular,51,0.4174,15,1090.0
2026-07-29,59500,2026-08-13,put,regular,2050,0.4111,15,1105.0
2026-07-29,59625,2026-08-13,put,regular,25,0.4125,15,1155.0
2026-07-29,59750,2026-08-13,put,regular,31,0.4091,15,1185.0
2026-07-29,59875,2026-08-13,put,regular,57,0.4067,15,1220.0
2026-07-29,60000,2026-08-13,put,regular,5266,0.3986,15,1230.0
2026-07-29,60125,2026-08-13,put,regular,102,0.4011,15,1290.0
2026-07-29,60250,2026-08-13,put,regular,97,0.397,15,1320.0
2026-07-29,60375,2026-08-13,put,regular,39,0.3937,15,1355.0
2026-07-29,60500,2026-08-13,put,regular,152,0.3923,15,1400.0
2026-07-29,60625,2026-08-13,put,regular,364,0.3907,15,1445.0
2026-07-29,60750,2026-08-13,put,regular,46,0.3857,15,1475.0
2026-07-29,60875,2026-08-13,put,regular,28,0.3856,15,1530.0
2026-07-29,61000,2026-08-13,put,regular,1915,0.3802,15,1560.0
2026-07-29,61125,2026-08-13,put,regular,27,0.3766,15,1600.0
2026-07-29,61250,2026-08-13,put,regular,8,0.3737,15,1645.0
2026-07-29,61375,2026-08-13,put,regular,42,0.3757,15,1715.0
2026-07-29,61500,2026-08-13,put,regular,663,0.3663,15,1730.0
2026-07-29,61625,2026-08-13,put,regular,42,0.3677,15,1800.0
2026-07-29,61750,2026-08-13,put,regular,63,0.3608,15,1830.0
2026-07-29,61875,2026-08-13,put,regular,11,0.3627,15,1905.0
2026-07-29,62000,2026-08-13,put,regular,3096,0.3493,15,1905.0
2026-07-29,62125,2026-08-13,put,regular,125,0.3556,15,2005.0
2026-07-29,62250,2026-08-13,put,regular,129,0.3496,15,2045.0
2026-07-29,62375,2026-08-13,put,regular,28,0.3503,15,2120.0
2026-07-29,62500,2026-08-13,put,regular,1064,0.3468,15,2175.0
2026-07-29,62625,2026-08-13,put,regular,34,0.35,15,2265.0
2026-07-29,62750,2026-08-13,put,regular,373,0.3387,15,2285.0
2026-07-29,62875,2026-08-13,put,regular,520,0.3351,15,2345.0
2026-07-29,63000,2026-08-13,put,regular,2952,0.3365,15,2430.0
2026-07-29,63125,2026-08-13,put,regular,81,0.3291,15,2475.0
2026-07-29,63250,2026-08-13,put,regular,144,0.3267,15,2545.0
2026-07-29,63375,2026-08-13,put,regular,61,0.3217,15,2605.0
2026-07-29,63500,2026-08-13,put,regular,833,0.3196,15,2680.0
2026-07-29,63625,2026-08-13,put,regular,36,0.3238,15,2785.0
2026-07-29,63750,2026-08-13,put,regular,8,0.3087,15,2805.0
2026-07-29,63875,2026-08-13,put,regular,50,0.3065,15,2885.0
2026-07-29,64000,2026-08-13,put,regular,2978,0.3015,15,2955.0
2026-07-29,64125,2026-08-13,put,regular,54,0.2973,15,3030.0
2026-07-29,64250,2026-08-13,put,regular,46,0.2875,15,3085.0
2026-07-29,64375,2026-08-13,put,regular,21,0.2884,15,3185.0
2026-07-29,64500,2026-08-13,put,regular,795,0.2878,15,3280.0
2026-07-29,64625,2026-08-13,put,regular,20,0.2772,15,3340.0
2026-07-29,64750,2026-08-13,put,regular,34,0.274,15,3430.0
2026-07-29,64875,2026-08-13,put,regular,6,0.2658,15,3505.0
2026-07-29,65000,2026-08-13,put,regular,4983,0.2597,15,3590.0
2026-07-29,65125,2026-08-13,put,regular,7,0.2525,15,3675.0
2026-07-29,65250,2026-08-13,put,regular,102,0.2514,15,3780.0
2026-07-29,65375,2026-08-13,put,regular,8,0.2382,15,3855.0
2026-07-29,65500,2026-08-13,put,regular,995,0.2243,15,3935.0
2026-07-29,65625,2026-08-13,put,regular,65,0.2145,15,4030.0
2026-07-29,65750,2026-08-13,put,regular,153,0.1983,15,4120.0
2026-07-29,65875,2026-08-13,put,regular,512,0.1731,15,4210.0
2026-07-29,66000,2026-08-13,put,regular,2010,0.2,15,4280.0
2026-07-29,66125,2026-08-13,put,regular,221,0.2,15,4400.0
2026-07-29,66250,2026-08-13,put,regular,24,0.2,15,4495.0
2026-07-29,66375,2026-08-13,put,regular,5,0.2,15,4590.0
2026-07-29,66500,2026-08-13,put,regular,684,0.2,15,4690.0
2026-07-29,66625,2026-08-13,put,regular,16,0.2,15,4785.0
2026-07-29,66750,2026-08-13,put,regular,15,0.2,15,4890.0
2026-07-29,66875,2026-08-13,put,regular,82,0.2,15,4990.0
2026-07-29,67000,2026-08-13,put,regular,1641,0.2,15,5100.0
2026-07-29,67125,2026-08-13,put,regular,1,0.2,15,5180.0
2026-07-29,67250,2026-08-13,put,regular,56,0.2,15,5285.0
2026-07-29,67375,2026-08-13,put,regular,1,0.2,15,5390.0
2026-07-29,67500,2026-08-13,put,regular,398,0.2,15,5500.0
2026-07-29,67625,2026-08-13,put,regular,1,0.2,15,5600.0
2026-07-29,67750,2026-08-13,put,regular,7,0.2,15,5720.0
2026-07-29,68000,2026-08-13,put,regular,2502,0.2,15,5940.0
2026-07-29,68125,2026-08-13,put,regular,3,0.2,15,6030.0
2026-07-29,68250,2026-08-13,put,regular,191,0.2,15,6140.0
2026-07-29,68375,2026-08-13,put,regular,27,0.2,15,6255.0
2026-07-29,68500,2026-08-13,put,regular,221,0.2,15,6375.0
2026-07-29,68625,2026-08-13,put,regular,1,0.2,15,6475.0
2026-07-29,68750,2026-08-13,put,regular,9,0.2,15,6585.0
2026-07-29,68875,2026-08-13,put,regular,6,0.2,15,6700.0
2026-07-29,69000,2026-08-13,put,regular,1726,0.2,15,6825.0
2026-07-29,69125,2026-08-13,put,regular,10,0.2,15,6925.0
2026-07-29,69500,2026-08-13,put,regular,602,0.2,15,7285.0
2026-07-29,69750,2026-08-13,put,regular,1,0.2,15,7525.0
2026-07-29,70000,2026-08-13,put,regular,3125,0.2,15,7750.0
2026-07-29,70125,2026-08-13,put,regular,1,0.2,15,7850.0
2026-07-29,70250,2026-08-13,put,regular,1,0.2,15,7970.0
2026-07-29,70375,2026-08-13,put,regular,1,0.2,15,8090.0
2026-07-29,70500,2026-08-13,put,regular,5,0.2,15,8225.0
2026-07-29,71000,2026-08-13,put,regular,186,0.2,15,8705.0
2026-07-29,72000,2026-08-13,put,regular,200,0.2,15,9670.0
2026-07-29,72250,2026-08-13,put,regular,1,0.2,15,9895.0
2026-07-29,73000,2026-08-13,put,regular,13,0.2,15,10655.0
2026-07-29,73750,2026-08-13,put,regular,5,0.2,15,11390.0
2026-07-29,74000,2026-08-13,put,regular,10,0.2,15,11640.0
2026-07-29,75000,2026-08-13,put,regular,61,0.2,15,12630.0
2026-07-29,77500,2026-08-13,put,regular,5,0.2,15,15120.0
2026-07-29,20000,2026-09-10,put,regular,966,1.1278,43,7.0
2026-07-29,21000,2026-09-10,put,regular,38,1.0941,43,8.0
2026-07-29,22000,2026-09-10,put,regular,25,1.0712,43,10.0
2026-07-29,23000,2026-09-10,put,regular,11,1.0366,43,11.0
2026-07-29,24000,2026-09-10,put,regular,17,1.0106,43,13.0
2026-07-29,25000,2026-09-10,put,regular,4704,0.99,43,16.0
2026-07-29,26000,2026-09-10,put,regular,120,0.9669,43,19.0
2026-07-29,27000,2026-09-10,put,regular,3,0.9422,43,22.0
2026-07-29,27500,2026-09-10,put,regular,15,0.9271,43,23.0
2026-07-29,28000,2026-09-10,put,regular,21,0.9164,43,25.0
2026-07-29,28750,2026-09-10,put,regular,65,0.8956,43,27.0
2026-07-29,29000,2026-09-10,put,regular,21,0.8899,43,28.0
2026-07-29,30000,2026-09-10,put,regular,4250,0.8696,43,33.0
2026-07-29,30500,2026-09-10,put,regular,86,0.8572,43,35.0
2026-07-29,31000,2026-09-10,put,regular,5,0.8447,43,37.0
2026-07-29,31500,2026-09-10,put,regular,15,0.8321,43,39.0
2026-07-29,32000,2026-09-10,put,regular,37,0.8193,43,41.0
2026-07-29,33000,2026-09-10,put,regular,190,0.798,43,47.0
2026-07-29,34000,2026-09-10,put,regular,19,0.7906,43,61.0
2026-07-29,34750,2026-09-10,put,regular,69,0.7729,43,66.0
2026-07-29,35000,2026-09-10,put,regular,1047,0.7658,43,67.0
2026-07-29,35750,2026-09-10,put,regular,50,0.7492,43,73.0
2026-07-29,36000,2026-09-10,put,regular,46,0.752,43,81.0
2026-07-29,36750,2026-09-10,put,regular,56,0.7341,43,87.0
2026-07-29,37000,2026-09-10,put,regular,504,0.7306,43,91.0
2026-07-29,37500,2026-09-10,put,regular,2,0.716,43,93.0
2026-07-29,37750,2026-09-10,put,regular,1,0.7087,43,94.0
2026-07-29,38000,2026-09-10,put,regular,763,0.7025,43,96.0
2026-07-29,38500,2026-09-10,put,regular,226,0.688,43,98.0
2026-07-29,39000,2026-09-10,put,regular,61,0.6919,43,118.0
2026-07-29,39250,2026-09-10,put,regular,165,0.6873,43,122.0
2026-07-29,39500,2026-09-10,put,regular,350,0.6825,43,126.0
2026-07-29,40000,2026-09-10,put,regular,2600,0.6728,43,134.0
2026-07-29,40250,2026-09-10,put,regular,1,0.6686,43,139.0
2026-07-29,40500,2026-09-10,put,regular,176,0.6635,43,143.0
2026-07-29,40750,2026-09-10,put,regular,42,0.6583,43,147.0
2026-07-29,41000,2026-09-10,put,regular,865,0.6538,43,152.0
2026-07-29,41250,2026-09-10,put,regular,1,0.6492,43,157.0
2026-07-29,41500,2026-09-10,put,regular,77,0.6445,43,162.0
2026-07-29,41750,2026-09-10,put,regular,451000,0.6397,43,167.0
2026-07-29,42000,2026-09-10,put,regular,1943,0.6348,43,172.0
2026-07-29,42250,2026-09-10,put,regular,27,0.637,43,188.0
2026-07-29,42500,2026-09-10,put,regular,50,0.6254,43,183.0
2026-07-29,42750,2026-09-10,put,regular,17,0.6196,43,187.0
2026-07-29,43000,2026-09-10,put,regular,1025,0.6156,43,194.0
2026-07-29,43250,2026-09-10,put,regular,65,0.6109,43,200.0
2026-07-29,43500,2026-09-10,put,regular,582,0.6066,43,207.0
2026-07-29,43750,2026-09-10,put,regular,9,0.6011,43,212.0
2026-07-29,44000,2026-09-10,put,regular,1456,0.5967,43,219.0
2026-07-29,44250,2026-09-10,put,regular,27,0.5921,43,226.0
2026-07-29,44500,2026-09-10,put,regular,126,0.5879,43,234.0
2026-07-29,44750,2026-09-10,put,regular,8,0.5832,43,241.0
2026-07-29,45000,2026-09-10,put,regular,2486,0.5788,43,249.0
2026-07-29,45500,2026-09-10,put,regular,8,0.5692,43,264.0
2026-07-29,45750,2026-09-10,put,regular,33,0.5649,43,273.0
2026-07-29,46000,2026-09-10,put,regular,1945,0.5605,43,282.0
2026-07-29,46250,2026-09-10,put,regular,26,0.556,43,291.0
2026-07-29,46500,2026-09-10,put,regular,340,0.5534,43,305.0
2026-07-29,46750,2026-09-10,put,regular,24,0.5491,43,315.0
2026-07-29,47000,2026-09-10,put,regular,735,0.5426,43,320.0
2026-07-29,47250,2026-09-10,put,regular,19,0.5399,43,335.0
2026-07-29,47500,2026-09-10,put,regular,1016,0.5352,43,345.0
2026-07-29,47750,2026-09-10,put,regular,70,0.5303,43,355.0
2026-07-29,48000,2026-09-10,put,regular,3167,0.5253,43,365.0
2026-07-29,48250,2026-09-10,put,regular,72,0.522,43,380.0
2026-07-29,48500,2026-09-10,put,regular,651,0.5168,43,390.0
2026-07-29,48750,2026-09-10,put,regular,26,0.5132,43,405.0
2026-07-29,49000,2026-09-10,put,regular,1348,0.5093,43,420.0
2026-07-29,49250,2026-09-10,put,regular,209,0.5053,43,435.0
2026-07-29,49500,2026-09-10,put,regular,181,0.5057,43,465.0
2026-07-29,49750,2026-09-10,put,regular,141,0.4969,43,465.0
2026-07-29,50000,2026-09-10,put,regular,8898,0.491,43,475.0
2026-07-29,50250,2026-09-10,put,regular,40,0.4892,43,500.0
2026-07-29,50500,2026-09-10,put,regular,1179,0.4845,43,515.0
2026-07-29,50750,2026-09-10,put,regular,145,0.4796,43,530.0
2026-07-29,51000,2026-09-10,put,regular,1198,0.4759,43,550.0
2026-07-29,51250,2026-09-10,put,regular,210,0.472,43,570.0
2026-07-29,51500,2026-09-10,put,regular,241,0.4679,43,590.0
2026-07-29,51750,2026-09-10,put,regular,44,0.4637,43,610.0
2026-07-29,52000,2026-09-10,put,regular,1417,0.4592,43,630.0
2026-07-29,52250,2026-09-10,put,regular,61,0.4558,43,655.0
2026-07-29,52500,2026-09-10,put,regular,643,0.4532,43,685.0
2026-07-29,52750,2026-09-10,put,regular,25,0.4494,43,710.0
2026-07-29,53000,2026-09-10,put,regular,1563,0.4442,43,730.0
2026-07-29,53250,2026-09-10,put,regular,15,0.441,43,760.0
2026-07-29,53500,2026-09-10,put,regular,1515,0.4376,43,790.0
2026-07-29,53750,2026-09-10,put,regular,75,0.4339,43,820.0
2026-07-29,54000,2026-09-10,put,regular,2589,0.4291,43,845.0
2026-07-29,54250,2026-09-10,put,regular,2,0.426,43,880.0
2026-07-29,54500,2026-09-10,put,regular,407,0.4226,43,915.0
2026-07-29,54750,2026-09-10,put,regular,236,0.419,43,950.0
2026-07-29,55000,2026-09-10,put,regular,3377,0.416,43,990.0
2026-07-29,55250,2026-09-10,put,regular,8,0.4102,43,1015.0
2026-07-29,55500,2026-09-10,put,regular,650,0.4034,43,1035.0
2026-07-29,56000,2026-09-10,put,regular,1884,0.3911,43,1085.0
2026-07-29,56250,2026-09-10,put,regular,24,0.3855,43,1115.0
2026-07-29,56500,2026-09-10,put,regular,186,0.3944,43,1240.0
2026-07-29,56750,2026-09-10,put,regular,42,0.3881,43,1270.0
2026-07-29,57000,2026-09-10,put,regular,2951,0.3862,43,1330.0
2026-07-29,57250,2026-09-10,put,regular,24,0.3853,43,1400.0
2026-07-29,57500,2026-09-10,put,regular,597,0.382,43,1455.0
2026-07-29,57750,2026-09-10,put,regular,142,0.3784,43,1510.0
2026-07-29,58000,2026-09-10,put,regular,2081,0.3799,43,1605.0
2026-07-29,58250,2026-09-10,put,regular,175,0.3689,43,1610.0
2026-07-29,58500,2026-09-10,put,regular,918,0.3684,43,1695.0
2026-07-29,58750,2026-09-10,put,regular,22,0.3649,43,1760.0
2026-07-29,59000,2026-09-10,put,regular,2769,0.3578,43,1800.0
2026-07-29,59250,2026-09-10,put,regular,45,0.3582,43,1900.0
2026-07-29,59500,2026-09-10,put,regular,251,0.3525,43,1955.0
2026-07-29,59750,2026-09-10,put,regular,24,0.3471,43,2015.0
2026-07-29,60000,2026-09-10,put,regular,4307,0.347,43,2120.0
2026-07-29,60250,2026-09-10,put,regular,2,0.3428,43,2195.0
2026-07-29,60500,2026-09-10,put,regular,321,0.3413,43,2295.0
2026-07-29,60750,2026-09-10,put,regular,138,0.337,43,2375.0
2026-07-29,61000,2026-09-10,put,regular,1022,0.3341,43,2470.0
2026-07-29,61250,2026-09-10,put,regular,3,0.3308,43,2565.0
2026-07-29,61500,2026-09-10,put,regular,45,0.3283,43,2670.0
2026-07-29,61625,2026-09-10,put,regular,1,0.3254,43,2710.0
2026-07-29,61750,2026-09-10,put,regular,230,0.3236,43,2760.0
2026-07-29,62000,2026-09-10,put,regular,2825,0.3191,43,2855.0
2026-07-29,62250,2026-09-10,put,regular,21,0.3165,43,2970.0
2026-07-29,62375,2026-09-10,put,regular,102,0.3159,43,3035.0
2026-07-29,62500,2026-09-10,put,regular,698,0.32,43,3140.0
2026-07-29,62750,2026-09-10,put,regular,6,0.316,43,3250.0
2026-07-29,63000,2026-09-10,put,regular,3280,0.3139,43,3380.0
2026-07-29,63125,2026-09-10,put,regular,5,0.3102,43,3425.0
2026-07-29,63250,2026-09-10,put,regular,34,0.3095,43,3495.0
2026-07-29,63375,2026-09-10,put,regular,7,0.3068,43,3550.0
2026-07-29,63500,2026-09-10,put,regular,223,0.3059,43,3620.0
2026-07-29,63750,2026-09-10,put,regular,6,0.3011,43,3740.0
2026-07-29,63875,2026-09-10,put,regular,37,0.3004,43,3815.0
2026-07-29,64000,2026-09-10,put,regular,2195,0.2977,43,3875.0
2026-07-29,64375,2026-09-10,put,regular,22,0.2938,43,4095.0
2026-07-29,64500,2026-09-10,put,regular,415,0.2905,43,4155.0
2026-07-29,64750,2026-09-10,put,regular,480,0.2867,43,4300.0
2026-07-29,65000,2026-09-10,put,regular,3109,0.2843,43,4460.0
2026-07-29,65250,2026-09-10,put,regular,80,0.28,43,4610.0
2026-07-29,65375,2026-09-10,put,regular,19,0.2776,43,4685.0
2026-07-29,65500,2026-09-10,put,regular,281,0.2764,43,4770.0
2026-07-29,65625,2026-09-10,put,regular,15,0.2729,43,4840.0
2026-07-29,65750,2026-09-10,put,regular,2,0.2736,43,4940.0
2026-07-29,66000,2026-09-10,put,regular,1786,0.2687,43,5100.0
2026-07-29,66125,2026-09-10,put,regular,6,0.269,43,5200.0
2026-07-29,66250,2026-09-10,put,regular,8,0.2638,43,5265.0
2026-07-29,66500,2026-09-10,put,regular,1559,0.2596,43,5440.0
2026-07-29,66625,2026-09-10,put,regular,15,0.265,43,5575.0
2026-07-29,66750,2026-09-10,put,regular,9,0.2546,43,5615.0
2026-07-29,67000,2026-09-10,put,regular,1140,0.2505,43,5800.0
2026-07-29,67250,2026-09-10,put,regular,8,0.2444,43,5980.0
2026-07-29,67500,2026-09-10,put,regular,333,0.2382,43,6165.0
2026-07-29,67750,2026-09-10,put,regular,172,0.2317,43,6355.0
2026-07-29,68000,2026-09-10,put,regular,756,0.2248,43,6550.0
2026-07-29,68250,2026-09-10,put,regular,8,0.2161,43,6745.0
2026-07-29,68500,2026-09-10,put,regular,33,0.2029,43,6935.0
2026-07-29,68750,2026-09-10,put,regular,18,0.1907,43,7140.0
2026-07-29,69000,2026-09-10,put,regular,1146,0.1713,43,7345.0
2026-07-29,69500,2026-09-10,put,regular,4,0.2,43,7750.0
2026-07-29,70000,2026-09-10,put,regular,1476,0.2,43,8170.0
2026-07-29,71000,2026-09-10,put,regular,100,0.2,43,9040.0
2026-07-29,71250,2026-09-10,put,regular,1,0.2,43,9260.0
2026-07-29,73000,2026-09-10,put,regular,19,0.2,43,10850.0
2026-07-29,75000,2026-09-10,put,regular,2,0.2,43,12735.0
2026-07-29,80000,2026-09-10,put,regular,1,0.2,43,17620.0
2026-07-29,25000,2026-10-08,put,regular,19,0.8158,71,27.0
2026-07-29,30000,2026-10-08,put,regular,3,0.7304,71,60.0
2026-07-29,35000,2026-10-08,put,regular,1,0.6568,71,127.0
2026-07-29,36000,2026-10-08,put,regular,1,0.638,71,140.0
2026-07-29,37000,2026-10-08,put,regular,1,0.6187,71,153.0
2026-07-29,38000,2026-10-08,put,regular,2,0.6125,71,188.0
2026-07-29,39000,2026-10-08,put,regular,1,0.5885,71,196.0
2026-07-29,40000,2026-10-08,put,regular,103,0.5664,71,207.0
2026-07-29,41000,2026-10-08,put,regular,1,0.5418,71,213.0
2026-07-29,42000,2026-10-08,put,regular,101,0.5519,71,300.0
2026-07-29,42750,2026-10-08,put,regular,1,0.5186,71,269.0
2026-07-29,43000,2026-10-08,put,regular,126,0.5153,71,278.0
2026-07-29,43750,2026-10-08,put,regular,9,0.5067,71,310.0
2026-07-29,44500,2026-10-08,put,regular,1,0.4946,71,335.0
2026-07-29,44750,2026-10-08,put,regular,1,0.491,71,345.0
2026-07-29,45000,2026-10-08,put,regular,211,0.4905,71,365.0
2026-07-29,45250,2026-10-08,put,regular,8,0.4897,71,385.0
2026-07-29,45500,2026-10-08,put,regular,203,0.4887,71,405.0
2026-07-29,46000,2026-10-08,put,regular,150,0.4993,71,495.0
2026-07-29,46500,2026-10-08,put,regular,64,0.4875,71,505.0
2026-07-29,46750,2026-10-08,put,regular,106,0.484,71,520.0
2026-07-29,47000,2026-10-08,put,regular,178,0.4829,71,545.0
2026-07-29,47250,2026-10-08,put,regular,18,0.4768,71,550.0
2026-07-29,47750,2026-10-08,put,regular,28,0.4704,71,585.0
2026-07-29,48000,2026-10-08,put,regular,407,0.4676,71,605.0
2026-07-29,48250,2026-10-08,put,regular,12,0.4646,71,625.0
2026-07-29,48500,2026-10-08,put,regular,1,0.4616,71,645.0
2026-07-29,48750,2026-10-08,put,regular,1,0.4583,71,665.0
2026-07-29,49000,2026-10-08,put,regular,6,0.455,71,685.0
2026-07-29,49250,2026-10-08,put,regular,2,0.4526,71,710.0
2026-07-29,49500,2026-10-08,put,regular,5,0.449,71,730.0
2026-07-29,49750,2026-10-08,put,regular,2,0.4416,71,730.0
2026-07-29,50000,2026-10-08,put,regular,556,0.4397,71,760.0
2026-07-29,50250,2026-10-08,put,regular,4,0.4359,71,780.0
2026-07-29,50500,2026-10-08,put,regular,104,0.4346,71,815.0
2026-07-29,50750,2026-10-08,put,regular,1,0.4331,71,850.0
2026-07-29,51000,2026-10-08,put,regular,1,0.4315,71,885.0
2026-07-29,51250,2026-10-08,put,regular,1,0.4288,71,915.0
2026-07-29,51500,2026-10-08,put,regular,176,0.4251,71,940.0
2026-07-29,51750,2026-10-08,put,regular,1,0.4221,71,970.0
2026-07-29,52000,2026-10-08,put,regular,254,0.4213,71,1015.0
2026-07-29,52500,2026-10-08,put,regular,152,0.4161,71,1085.0
2026-07-29,52750,2026-10-08,put,regular,1,0.414,71,1125.0
2026-07-29,53000,2026-10-08,put,regular,138,0.4109,71,1160.0
2026-07-29,53250,2026-10-08,put,regular,1,0.4085,71,1200.0
2026-07-29,53500,2026-10-08,put,regular,201,0.4045,71,1230.0
2026-07-29,54000,2026-10-08,put,regular,107,0.3974,71,1300.0
2026-07-29,54250,2026-10-08,put,regular,7,0.3963,71,1355.0
2026-07-29,54750,2026-10-08,put,regular,6,0.3564,71,1175.0
2026-07-29,55000,2026-10-08,put,regular,607,0.3719,71,1360.0
2026-07-29,55250,2026-10-08,put,regular,31,0.3867,71,1550.0
2026-07-29,55500,2026-10-08,put,regular,100,0.384,71,1600.0
2026-07-29,55750,2026-10-08,put,regular,101,0.3811,71,1650.0
2026-07-29,56000,2026-10-08,put,regular,250,0.3792,71,1710.0
2026-07-29,56250,2026-10-08,put,regular,5,0.3759,71,1760.0
2026-07-29,56500,2026-10-08,put,regular,4,0.3742,71,1825.0
2026-07-29,56750,2026-10-08,put,regular,20,0.3712,71,1880.0
2026-07-29,57000,2026-10-08,put,regular,252,0.3685,71,1940.0
2026-07-29,57500,2026-10-08,put,regular,200,0.3631,71,2065.0
2026-07-29,57750,2026-10-08,put,regular,31,0.3609,71,2135.0
2026-07-29,58000,2026-10-08,put,regular,1206,0.358,71,2200.0
2026-07-29,58250,2026-10-08,put,regular,5,0.3559,71,2275.0
2026-07-29,58500,2026-10-08,put,regular,6,0.3536,71,2350.0
2026-07-29,58750,2026-10-08,put,regular,7,0.3511,71,2425.0
2026-07-29,59000,2026-10-08,put,regular,125,0.3484,71,2500.0
2026-07-29,59250,2026-10-08,put,regular,17,0.3469,71,2590.0
2026-07-29,59500,2026-10-08,put,regular,7,0.3437,71,2665.0
2026-07-29,59750,2026-10-08,put,regular,1,0.3408,71,2745.0
2026-07-29,60000,2026-10-08,put,regular,1739,0.3387,71,2835.0
2026-07-29,60500,2026-10-08,put,regular,102,0.3342,71,3020.0
2026-07-29,60750,2026-10-08,put,regular,48,0.3323,71,3120.0
2026-07-29,61000,2026-10-08,put,regular,202,0.3306,71,3225.0
2026-07-29,62000,2026-10-08,put,regular,523,0.3218,71,3650.0
2026-07-29,64000,2026-10-08,put,regular,950,0.308,71,4675.0
2026-07-29,64500,2026-10-08,put,regular,230,0.3051,71,4965.0
2026-07-29,64750,2026-10-08,put,regular,1,0.3027,71,5105.0
2026-07-29,65000,2026-10-08,put,regular,850,0.3005,71,5250.0
2026-07-29,65500,2026-10-08,put,regular,60,0.2971,71,5560.0
2026-07-29,66000,2026-10-08,put,regular,1,0.2962,71,5905.0
2026-07-29,67000,2026-10-08,put,regular,201,0.2871,71,6560.0
2026-07-29,68000,2026-10-08,put,regular,536,0.2746,71,7235.0
2026-07-29,68500,2026-10-08,put,regular,2,0.2737,71,7635.0
2026-07-29,69000,2026-10-08,put,regular,200,0.271,71,8030.0
2026-07-29,69500,2026-10-08,put,regular,75,0.2661,71,8420.0
2026-07-29,70000,2026-10-08,put,regular,112,0.2642,71,8840.0
2026-07-29,72500,2026-10-08,put,regular,1,0.232,71,10965.0
2026-07-29,79000,2026-10-08,put,regular,2,0.2,71,16985.0
2026-07-29,85000,2026-10-08,put,regular,20,0.2,71,22880.0
2026-07-29,25000,2026-11-12,put,regular,8,0.7262,106,54.0
2026-07-29,30000,2026-11-12,put,regular,1,0.6511,106,109.0
2026-07-29,35000,2026-11-12,put,regular,2,0.5815,106,201.0
2026-07-29,37000,2026-11-12,put,regular,2,0.5555,106,254.0
2026-07-29,38000,2026-11-12,put,regular,1,0.5425,106,284.0
2026-07-29,40000,2026-11-12,put,regular,2,0.5109,106,335.0
2026-07-29,42000,2026-11-12,put,regular,150,0.4801,106,395.0
2026-07-29,43000,2026-11-12,put,regular,1,0.469,106,445.0
2026-07-29,48750,2026-11-12,put,regular,25,0.4079,106,870.0
2026-07-29,51000,2026-11-12,put,regular,100,0.3887,106,1155.0
2026-07-29,51250,2026-11-12,put,regular,25,0.3858,106,1185.0
2026-07-29,52000,2026-11-12,put,regular,25,0.3795,106,1300.0
2026-07-29,53000,2026-11-12,put,regular,55,0.3707,106,1465.0
2026-07-29,53750,2026-11-12,put,regular,1,0.3625,106,1585.0
2026-07-29,56000,2026-11-12,put,regular,150,0.3456,106,2090.0
2026-07-29,58000,2026-11-12,put,regular,125,0.3399,106,2760.0
2026-07-29,59000,2026-11-12,put,regular,125,0.3315,106,3075.0
2026-07-29,59500,2026-11-12,put,regular,459,0.3281,106,3255.0
2026-07-29,60000,2026-11-12,put,regular,470,0.3249,106,3445.0
2026-07-29,60250,2026-11-12,put,regular,17525000,0.3234,106,3545.0
2026-07-29,60500,2026-11-12,put,regular,100,0.3214,106,3640.0
2026-07-29,61000,2026-11-12,put,regular,300,0.3184,106,3850.0
2026-07-29,62000,2026-11-12,put,regular,300,0.3116,106,4285.0
2026-07-29,63000,2026-11-12,put,regular,100,0.3038,106,4745.0
2026-07-29,64000,2026-11-12,put,regular,560,0.2964,106,5250.0
2026-07-29,64500,2026-11-12,put,regular,350,0.293,106,5520.0
2026-07-29,65000,2026-11-12,put,regular,300,0.2903,106,5810.0
2026-07-29,66000,2026-11-12,put,regular,150,0.2845,106,6415.0
2026-07-29,67000,2026-11-12,put,regular,350,0.2787,106,7060.0
2026-07-29,67500,2026-11-12,put,regular,4,0.2757,106,7395.0
2026-07-29,68500,2026-11-12,put,regular,328,0.2639,106,8035.0
2026-07-29,70000,2026-11-12,put,regular,460,0.2515,106,9135.0
2026-07-29,72500,2026-11-12,put,regular,330,0.2248,106,11135.0
2026-07-29,12500,2026-12-10,put,regular,444,0.9361,134,11.0
2026-07-29,13000,2026-12-10,put,regular,4,0.9211,134,12.0
2026-07-29,13500,2026-12-10,put,regular,100,0.8991,134,12.0
2026-07-29,14000,2026-12-10,put,regular,11,0.8849,134,13.0
2026-07-29,14500,2026-12-10,put,regular,1,0.8708,134,14.0
2026-07-29,14750,2026-12-10,put,regular,1,0.8667,134,15.0
2026-07-29,15000,2026-12-10,put,regular,5,0.8624,134,16.0
2026-07-29,16000,2026-12-10,put,regular,3,0.8388,134,19.0
2026-07-29,17000,2026-12-10,put,regular,3,0.8148,134,22.0
2026-07-29,18000,2026-12-10,put,regular,153,0.7976,134,27.0
2026-07-29,19000,2026-12-10,put,regular,650,0.7816,134,33.0
2026-07-29,20000,2026-12-10,put,regular,2350,0.7663,134,40.0
2026-07-29,21000,2026-12-10,put,regular,350,0.7473,134,46.0
2026-07-29,21500,2026-12-10,put,regular,500,0.7376,134,49.0
2026-07-29,22000,2026-12-10,put,regular,1715,0.7278,134,52.0
2026-07-29,22500,2026-12-10,put,regular,150,0.7197,134,56.0
2026-07-29,23000,2026-12-10,put,regular,2105,0.7112,134,60.0
2026-07-29,23500,2026-12-10,put,regular,127,0.7026,134,64.0
2026-07-29,24000,2026-12-10,put,regular,400,0.6939,134,68.0
2026-07-29,24500,2026-12-10,put,regular,250,0.6863,134,73.0
2026-07-29,24750,2026-12-10,put,regular,1,0.6818,134,75.0
2026-07-29,25000,2026-12-10,put,regular,2461,0.6785,134,78.0
2026-07-29,25250,2026-12-10,put,regular,1,0.6751,134,81.0
2026-07-29,25500,2026-12-10,put,regular,2,0.6716,134,84.0
2026-07-29,26000,2026-12-10,put,regular,1425,0.6655,134,91.0
2026-07-29,26500,2026-12-10,put,regular,1,0.659,134,98.0
2026-07-29,27000,2026-12-10,put,regular,2630,0.6503,134,103.0
2026-07-29,27500,2026-12-10,put,regular,25,0.6389,134,105.0
2026-07-29,27750,2026-12-10,put,regular,72,0.6323,134,105.0
2026-07-29,28000,2026-12-10,put,regular,1326,0.6267,134,106.0
2026-07-29,28500,2026-12-10,put,regular,400,0.6173,134,110.0
2026-07-29,29000,2026-12-10,put,regular,1450,0.6112,134,118.0
2026-07-29,30000,2026-12-10,put,regular,5896,0.5988,134,135.0
2026-07-29,30500,2026-12-10,put,regular,51,0.5918,134,143.0
2026-07-29,31000,2026-12-10,put,regular,2237,0.586,134,153.0
2026-07-29,31500,2026-12-10,put,regular,350,0.5792,134,162.0
2026-07-29,32000,2026-12-10,put,regular,4655,0.5734,134,173.0
2026-07-29,32250,2026-12-10,put,regular,600,0.5702,134,178.0
2026-07-29,32500,2026-12-10,put,regular,900,0.5668,134,183.0
2026-07-29,33000,2026-12-10,put,regular,3362,0.5611,134,195.0
2026-07-29,33250,2026-12-10,put,regular,37,0.5581,134,201.0
2026-07-29,33500,2026-12-10,put,regular,72,0.5546,134,206.0
2026-07-29,34000,2026-12-10,put,regular,2820,0.5488,134,219.0
2026-07-29,34500,2026-12-10,put,regular,560,0.5427,134,232.0
2026-07-29,34750,2026-12-10,put,regular,1,0.5398,134,239.0
2026-07-29,35000,2026-12-10,put,regular,4977,0.5369,134,246.0
2026-07-29,36000,2026-12-10,put,regular,2905,0.5253,134,276.0
2026-07-29,36500,2026-12-10,put,regular,225,0.5195,134,292.0
2026-07-29,36750,2026-12-10,put,regular,400,0.5165,134,300.0
2026-07-29,37000,2026-12-10,put,regular,2537,0.5141,134,310.0
2026-07-29,37500,2026-12-10,put,regular,188,0.5091,134,330.0
2026-07-29,37750,2026-12-10,put,regular,100,0.5065,134,340.0
2026-07-29,38000,2026-12-10,put,regular,2686,0.5038,134,350.0
2026-07-29,38500,2026-12-10,put,regular,1150,0.4968,134,365.0
2026-07-29,38750,2026-12-10,put,regular,50,0.4954,134,380.0
2026-07-29,39000,2026-12-10,put,regular,2505,0.4925,134,390.0
2026-07-29,39250,2026-12-10,put,regular,650,0.4895,134,400.0
2026-07-29,39500,2026-12-10,put,regular,1008,0.4865,134,410.0
2026-07-29,40000,2026-12-10,put,regular,6178,0.4815,134,435.0
2026-07-29,40250,2026-12-10,put,regular,5,0.4758,134,435.0
2026-07-29,40500,2026-12-10,put,regular,1469,0.4739,134,450.0
2026-07-29,41000,2026-12-10,put,regular,1825,0.4708,134,485.0
2026-07-29,41250,2026-12-10,put,regular,3,0.4663,134,490.0
2026-07-29,41500,2026-12-10,put,regular,101,0.4629,134,500.0
2026-07-29,42000,2026-12-10,put,regular,3599,0.4602,134,540.0
2026-07-29,42500,2026-12-10,put,regular,300,0.453,134,560.0
2026-07-29,43000,2026-12-10,put,regular,1690,0.4496,134,600.0
2026-07-29,43500,2026-12-10,put,regular,100,0.4439,134,630.0
2026-07-29,43750,2026-12-10,put,regular,9,0.4419,134,650.0
2026-07-29,44000,2026-12-10,put,regular,3390,0.4398,134,670.0
2026-07-29,45000,2026-12-10,put,regular,2923,0.4305,134,750.0
2026-07-29,45250,2026-12-10,put,regular,51,0.428,134,770.0
2026-07-29,45500,2026-12-10,put,regular,350,0.4255,134,790.0
2026-07-29,46000,2026-12-10,put,regular,3657,0.4208,134,835.0
2026-07-29,47000,2026-12-10,put,regular,2846,0.4114,134,930.0
2026-07-29,47500,2026-12-10,put,regular,1102,0.4039,134,960.0
2026-07-29,48000,2026-12-10,put,regular,4167,0.3968,134,995.0
2026-07-29,48500,2026-12-10,put,regular,300,0.3928,134,1055.0
2026-07-29,49000,2026-12-10,put,regular,3177,0.3885,134,1115.0
2026-07-29,49500,2026-12-10,put,regular,2717,0.3844,134,1180.0
2026-07-29,50000,2026-12-10,put,regular,5936,0.3804,134,1250.0
2026-07-29,50250,2026-12-10,put,regular,16,0.3783,134,1285.0
2026-07-29,50500,2026-12-10,put,regular,685,0.3767,134,1325.0
2026-07-29,50750,2026-12-10,put,regular,45,0.3744,134,1360.0
2026-07-29,51000,2026-12-10,put,regular,1680,0.3725,134,1400.0
2026-07-29,51500,2026-12-10,put,regular,20,0.3685,134,1480.0
2026-07-29,52000,2026-12-10,put,regular,2825,0.3646,134,1565.0
2026-07-29,52250,2026-12-10,put,regular,525,0.3627,134,1610.0
2026-07-29,52500,2026-12-10,put,regular,417,0.3607,134,1655.0
2026-07-29,53000,2026-12-10,put,regular,1398,0.3565,134,1745.0
2026-07-29,53250,2026-12-10,put,regular,186,0.3547,134,1795.0
2026-07-29,53500,2026-12-10,put,regular,205,0.3528,134,1845.0
2026-07-29,53750,2026-12-10,put,regular,4,0.3512,134,1900.0
2026-07-29,54000,2026-12-10,put,regular,2817,0.349,134,1950.0
2026-07-29,54500,2026-12-10,put,regular,440,0.347,134,2080.0
2026-07-29,55000,2026-12-10,put,regular,4713,0.3461,134,2230.0
2026-07-29,55500,2026-12-10,put,regular,100,0.3455,134,2390.0
2026-07-29,56000,2026-12-10,put,regular,2276,0.3454,134,2565.0
2026-07-29,56500,2026-12-10,put,regular,151,0.3409,134,2690.0
2026-07-29,57000,2026-12-10,put,regular,1750,0.3371,134,2830.0
2026-07-29,57500,2026-12-10,put,regular,850,0.3335,134,2980.0
2026-07-29,58000,2026-12-10,put,regular,1547,0.3314,134,3155.0
2026-07-29,58500,2026-12-10,put,regular,450,0.3279,134,3320.0
2026-07-29,59000,2026-12-10,put,regular,2240,0.3254,134,3505.0
2026-07-29,59500,2026-12-10,put,regular,250,0.3199,134,3655.0
2026-07-29,60000,2026-12-10,put,regular,9023,0.3171,134,3850.0
2026-07-29,61000,2026-12-10,put,regular,1650,0.3115,134,4265.0
2026-07-29,61500,2026-12-10,put,regular,1,0.3085,134,4480.0
2026-07-29,62000,2026-12-10,put,regular,2231,0.3055,134,4705.0
2026-07-29,62250,2026-12-10,put,regular,350,0.3043,134,4825.0
2026-07-29,62500,2026-12-10,put,regular,385,0.3006,134,4910.0
2026-07-29,63000,2026-12-10,put,regular,1951,0.2985,134,5165.0
2026-07-29,63750,2026-12-10,put,regular,25,0.2935,134,5535.0
2026-07-29,64000,2026-12-10,put,regular,1125,0.2929,134,5680.0
2026-07-29,65000,2026-12-10,put,regular,2979,0.2866,134,6220.0
2026-07-29,65500,2026-12-10,put,regular,580,0.285,134,6525.0
2026-07-29,66000,2026-12-10,put,regular,301,0.2813,134,6810.0
2026-07-29,67000,2026-12-10,put,regular,1405,0.2763,134,7440.0
2026-07-29,67250,2026-12-10,put,regular,25,0.2755,134,7610.0
2026-07-29,67500,2026-12-10,put,regular,25,0.2742,134,7775.0
2026-07-29,68000,2026-12-10,put,regular,1700,0.2712,134,8105.0
2026-07-29,68500,2026-12-10,put,regular,203,0.265,134,8405.0
2026-07-29,68750,2026-12-10,put,regular,100,0.2624,134,8565.0
2026-07-29,69000,2026-12-10,put,regular,1470,0.2604,134,8735.0
2026-07-29,70000,2026-12-10,put,regular,1668,0.2567,134,9490.0
2026-07-29,71000,2026-12-10,put,regular,31,0.2477,134,10220.0
2026-07-29,72000,2026-12-10,put,regular,120,0.2436,134,11035.0
2026-07-29,72500,2026-12-10,put,regular,320,0.2318,134,11370.0
2026-07-29,74000,2026-12-10,put,regular,100,0.2158,134,12615.0
2026-07-29,76000,2026-12-10,put,regular,300,0.1746,134,14350.0
2026-07-29,80000,2026-12-10,put,regular,3700,0.2,134,18010.0
2026-07-29,44000,2027-01-07,put,regular,331,0.425,162,830.0
2026-07-29,45000,2027-01-07,put,regular,600,0.4167,162,925.0
2026-07-29,47000,2027-01-07,put,regular,98,0.3947,162,1095.0
2026-07-29,48000,2027-01-07,put,regular,200,0.3837,162,1190.0
2026-07-29,50000,2027-01-07,put,regular,15,0.3683,162,1470.0
2026-07-29,58000,2027-01-07,put,regular,57,0.3203,162,3440.0
2026-07-29,60000,2027-01-07,put,regular,1,0.309,162,4175.0
2026-07-29,60500,2027-01-07,put,regular,41,0.3063,162,4380.0
2026-07-29,62750,2027-01-07,put,regular,166910000,0.2951,162,5405.0
2026-07-29,64000,2027-01-07,put,regular,100,0.289,162,6045.0
2026-07-29,65000,2027-01-07,put,regular,3,0.2839,162,6590.0
2026-07-29,66000,2027-01-07,put,regular,78,0.2793,162,7175.0
2026-07-29,47000,2027-02-10,put,regular,125,0.3833,196,1325.0
2026-07-29,29000,2027-03-11,put,regular,1,0.5387,225,260.0
2026-07-29,30000,2027-03-11,put,regular,1,0.5282,225,291.0
2026-07-29,33000,2027-03-11,put,regular,113,0.4973,225,400.0
2026-07-29,35000,2027-03-11,put,regular,600,0.4778,225,490.0
2026-07-29,37000,2027-03-11,put,regular,500,0.4596,225,600.0
2026-07-29,38000,2027-03-11,put,regular,265,0.4504,225,660.0
2026-07-29,40000,2027-03-11,put,regular,471,0.4247,225,745.0
2026-07-29,41000,2027-03-11,put,regular,250,0.4127,225,795.0
2026-07-29,42000,2027-03-11,put,regular,749,0.405,225,880.0
2026-07-29,42500,2027-03-11,put,regular,200,0.4012,225,925.0
2026-07-29,43000,2027-03-11,put,regular,62,0.3977,225,975.0
2026-07-29,43500,2027-03-11,put,regular,66,0.394,225,1025.0
2026-07-29,44000,2027-03-11,put,regular,450,0.3907,225,1080.0
2026-07-29,45000,2027-03-11,put,regular,1568,0.3838,225,1195.0
2026-07-29,46000,2027-03-11,put,regular,116,0.377,225,1320.0
2026-07-29,47000,2027-03-11,put,regular,800,0.3701,225,1455.0
2026-07-29,48000,2027-03-11,put,regular,299,0.3636,225,1605.0
2026-07-29,48500,2027-03-11,put,regular,51,0.3604,225,1685.0
2026-07-29,49000,2027-03-11,put,regular,100,0.3574,225,1770.0
2026-07-29,50000,2027-03-11,put,regular,1275,0.3509,225,1945.0
2026-07-29,50250,2027-03-11,put,regular,108,0.3496,225,1995.0
2026-07-29,51000,2027-03-11,put,regular,24,0.3449,225,2140.0
2026-07-29,51250,2027-03-11,put,regular,105,0.3433,225,2190.0
2026-07-29,52000,2027-03-11,put,regular,1570,0.3392,225,2355.0
2026-07-29,53000,2027-03-11,put,regular,525,0.333,225,2580.0
2026-07-29,53500,2027-03-11,put,regular,200,0.3304,225,2705.0
2026-07-29,54000,2027-03-11,put,regular,224,0.3277,225,2835.0
2026-07-29,55000,2027-03-11,put,regular,400,0.3222,225,3105.0
2026-07-29,55500,2027-03-11,put,regular,100,0.3195,225,3250.0
2026-07-29,56000,2027-03-11,put,regular,401,0.3169,225,3400.0
2026-07-29,56250,2027-03-11,put,regular,120,0.3155,225,3475.0
2026-07-29,57000,2027-03-11,put,regular,1640,0.3116,225,3715.0
2026-07-29,58000,2027-03-11,put,regular,1950,0.3067,225,4060.0
2026-07-29,58500,2027-03-11,put,regular,15,0.3044,225,4245.0
2026-07-29,59500,2027-03-11,put,regular,253,0.2997,225,4630.0
2026-07-29,60000,2027-03-11,put,regular,1410,0.2973,225,4830.0
2026-07-29,61000,2027-03-11,put,regular,160,0.2941,225,5280.0
2026-07-29,62000,2027-03-11,put,regular,200,0.2918,225,5775.0
2026-07-29,62500,2027-03-11,put,regular,500,0.2902,225,6025.0
2026-07-29,63000,2027-03-11,put,regular,1070,0.2883,225,6275.0
2026-07-29,64000,2027-03-11,put,regular,800,0.2845,225,6795.0
2026-07-29,65000,2027-03-11,put,regular,150,0.2813,225,7355.0
2026-07-29,66000,2027-03-11,put,regular,300,0.2735,225,7855.0
2026-07-29,66250,2027-03-11,put,regular,15,0.2708,225,7970.0
2026-07-29,66500,2027-03-11,put,regular,6,0.2699,225,8120.0
2026-07-29,67000,2027-03-11,put,regular,150,0.2679,225,8425.0
2026-07-29,68000,2027-03-11,put,regular,130,0.2634,225,9045.0
2026-07-29,69000,2027-03-11,put,regular,350,0.259,225,9695.0
2026-07-29,70000,2027-03-11,put,regular,250,0.255,225,10380.0
2026-07-29,72000,2027-03-11,put,regular,100,0.2488,225,11860.0
2026-07-29,12500,2027-06-10,put,regular,10,0.6572,316,23.0
2026-07-29,14500,2027-06-10,put,regular,4,0.6395,316,42.0
2026-07-29,15000,2027-06-10,put,regular,1,0.6352,316,48.0
2026-07-29,16250,2027-06-10,put,regular,167,0.6212,316,63.0
2026-07-29,23000,2027-06-10,put,regular,140,0.5401,316,172.0
2026-07-29,24000,2027-06-10,put,regular,100,0.5303,316,197.0
2026-07-29,25000,2027-06-10,put,regular,250,0.5218,316,227.0
2026-07-29,26000,2027-06-10,put,regular,200,0.513,316,259.0
2026-07-29,28000,2027-06-10,put,regular,895,0.4953,316,330.0
2026-07-29,28500,2027-06-10,put,regular,100,0.4896,316,345.0
2026-07-29,29000,2027-06-10,put,regular,66,0.4852,316,365.0
2026-07-29,30000,2027-06-10,put,regular,275,0.4772,316,410.0
2026-07-29,31000,2027-06-10,put,regular,100,0.4639,316,435.0
2026-07-29,31500,2027-06-10,put,regular,1,0.4523,316,425.0
2026-07-29,32000,2027-06-10,put,regular,250,0.4486,316,450.0
2026-07-29,33000,2027-06-10,put,regular,150,0.4415,316,505.0
2026-07-29,34000,2027-06-10,put,regular,750,0.4345,316,565.0
2026-07-29,35000,2027-06-10,put,regular,1327,0.4276,316,630.0
2026-07-29,35500,2027-06-10,put,regular,145,0.4235,316,660.0
2026-07-29,36000,2027-06-10,put,regular,300,0.42,316,695.0
2026-07-29,37000,2027-06-10,put,regular,50,0.4138,316,775.0
2026-07-29,38000,2027-06-10,put,regular,200,0.4068,316,855.0
2026-07-29,38500,2027-06-10,put,regular,140,0.4036,316,900.0
2026-07-29,39000,2027-06-10,put,regular,50,0.4003,316,945.0
2026-07-29,39500,2027-06-10,put,regular,101,0.3974,316,995.0
2026-07-29,40000,2027-06-10,put,regular,1095,0.3942,316,1045.0
2026-07-29,41000,2027-06-10,put,regular,100,0.3879,316,1150.0
2026-07-29,42000,2027-06-10,put,regular,400,0.3818,316,1265.0
2026-07-29,42500,2027-06-10,put,regular,61,0.3787,316,1325.0
2026-07-29,43000,2027-06-10,put,regular,35,0.3758,316,1390.0
2026-07-29,44000,2027-06-10,put,regular,196,0.37,316,1525.0
2026-07-29,45000,2027-06-10,put,regular,720,0.3642,316,1670.0
2026-07-29,46000,2027-06-10,put,regular,773,0.3584,316,1825.0
2026-07-29,46500,2027-06-10,put,regular,70,0.3557,316,1910.0
2026-07-29,47000,2027-06-10,put,regular,201,0.3529,316,1995.0
2026-07-29,47750,2027-06-10,put,regular,100,0.3505,316,2155.0
2026-07-29,48000,2027-06-10,put,regular,904,0.3497,316,2210.0
2026-07-29,49000,2027-06-10,put,regular,300,0.3445,316,2410.0
2026-07-29,50000,2027-06-10,put,regular,2067,0.3391,316,2620.0
2026-07-29,50500,2027-06-10,put,regular,175,0.3367,316,2735.0
2026-07-29,51000,2027-06-10,put,regular,100,0.3341,316,2850.0
2026-07-29,51250,2027-06-10,put,regular,3,0.3328,316,2910.0
2026-07-29,52000,2027-06-10,put,regular,1000,0.3293,316,3100.0
2026-07-29,52250,2027-06-10,put,regular,86,0.3282,316,3165.0
2026-07-29,52500,2027-06-10,put,regular,57,0.3269,316,3230.0
2026-07-29,53000,2027-06-10,put,regular,720,0.3246,316,3365.0
2026-07-29,53500,2027-06-10,put,regular,1,0.3223,316,3505.0
2026-07-29,53750,2027-06-10,put,regular,35,0.321,316,3575.0
2026-07-29,54000,2027-06-10,put,regular,1352,0.32,316,3650.0
2026-07-29,55000,2027-06-10,put,regular,1300,0.3155,316,3955.0
2026-07-29,56000,2027-06-10,put,regular,785,0.3112,316,4280.0
2026-07-29,56500,2027-06-10,put,regular,40,0.309,316,4450.0
2026-07-29,57000,2027-06-10,put,regular,775,0.3069,316,4625.0
2026-07-29,57750,2027-06-10,put,regular,103,0.3038,316,4900.0
2026-07-29,58000,2027-06-10,put,regular,317,0.3028,316,4995.0
2026-07-29,59000,2027-06-10,put,regular,400,0.2989,316,5390.0
2026-07-29,59500,2027-06-10,put,regular,112,0.2972,316,5600.0
2026-07-29,60000,2027-06-10,put,regular,895,0.2953,316,5810.0
2026-07-29,61000,2027-06-10,put,regular,3,0.2917,316,6255.0
2026-07-29,62000,2027-06-10,put,regular,805,0.2883,316,6725.0
2026-07-29,63000,2027-06-10,put,regular,725,0.2854,316,7230.0
2026-07-29,64000,2027-06-10,put,regular,150,0.2848,316,7810.0
2026-07-29,64750,2027-06-10,put,regular,95,0.2828,316,8225.0
2026-07-29,65000,2027-06-10,put,regular,1786,0.2821,316,8365.0
2026-07-29,65500,2027-06-10,put,regular,26,0.2792,316,8615.0
2026-07-29,66000,2027-06-10,put,regular,50,0.2763,316,8870.0
2026-07-29,66750,2027-06-10,put,regular,150,0.2739,316,9310.0
2026-07-29,67000,2027-06-10,put,regular,870,0.2731,316,9460.0
2026-07-29,67500,2027-06-10,put,regular,100,0.2716,316,9765.0
2026-07-29,68000,2027-06-10,put,regular,450,0.2702,316,10080.0
2026-07-29,68500,2027-06-10,put,regular,200,0.2687,316,10395.0
2026-07-29,69000,2027-06-10,put,regular,15,0.2671,316,10715.0
2026-07-29,70000,2027-06-10,put,regular,800,0.2642,316,11380.0
2026-07-29,72000,2027-06-10,put,regular,100,0.2586,316,12775.0
2026-07-29,77500,2027-06-10,put,regular,50,0.2392,316,16970.0
2026-07-29,67000,2027-07-08,put,regular,58,0.2797,344,9880.0
2026-07-29,31000,2027-09-09,put,regular,200,0.4321,407,560.0
2026-07-29,48000,2027-09-09,put,regular,100,0.3351,407,2670.0
2026-07-29,50000,2027-09-09,put,regular,25,0.3261,407,3130.0
2026-07-29,54250,2027-09-09,put,regular,200,0.3084,407,4325.0
2026-07-29,58000,2027-09-09,put,regular,1,0.2948,407,5670.0
2026-07-29,60000,2027-09-09,put,regular,225,0.2912,407,6585.0
2026-07-29,68250,2027-09-09,put,regular,200,0.2723,407,11105.0
2026-07-29,68750,2027-09-09,put,regular,81,0.2712,407,11425.0
2026-07-29,12500,2027-12-09,put,regular,11,0.4767,498,9.0
2026-07-29,13000,2027-12-09,put,regular,1,0.4741,498,11.0
2026-07-29,16000,2027-12-09,put,regular,350,0.4732,498,40.0
2026-07-29,19000,2027-12-09,put,regular,300,0.4724,498,107.0
2026-07-29,20000,2027-12-09,put,regular,400,0.472,498,141.0
2026-07-29,21000,2027-12-09,put,regular,50,0.4719,498,183.0
2026-07-29,22000,2027-12-09,put,regular,408,0.4717,498,233.0
2026-07-29,22500,2027-12-09,put,regular,36,0.4715,498,261.0
2026-07-29,23000,2027-12-09,put,regular,132,0.4712,498,291.0
2026-07-29,23750,2027-12-09,put,regular,39,0.472,498,345.0
2026-07-29,24000,2027-12-09,put,regular,1721,0.4711,498,360.0
2026-07-29,25000,2027-12-09,put,regular,1210,0.4712,498,440.0
2026-07-29,26000,2027-12-09,put,regular,200,0.4709,498,530.0
2026-07-29,26500,2027-12-09,put,regular,100,0.4664,498,555.0
2026-07-29,27000,2027-12-09,put,regular,1300,0.4626,498,585.0
2026-07-29,28000,2027-12-09,put,regular,2125,0.4539,498,640.0
2026-07-29,29000,2027-12-09,put,regular,350,0.4463,498,705.0
2026-07-29,29500,2027-12-09,put,regular,249,0.4405,498,725.0
2026-07-29,30000,2027-12-09,put,regular,2445,0.4348,498,745.0
2026-07-29,31000,2027-12-09,put,regular,1750,0.424,498,790.0
2026-07-29,31500,2027-12-09,put,regular,204,0.4182,498,810.0
2026-07-29,32000,2027-12-09,put,regular,1425,0.4138,498,840.0
2026-07-29,32250,2027-12-09,put,regular,30,0.4109,498,850.0
2026-07-29,32750,2027-12-09,put,regular,35,0.4064,498,880.0
2026-07-29,33000,2027-12-09,put,regular,450,0.4041,498,895.0
2026-07-29,34000,2027-12-09,put,regular,1794,0.3949,498,955.0
2026-07-29,34500,2027-12-09,put,regular,100,0.3919,498,1000.0
2026-07-29,35000,2027-12-09,put,regular,1450,0.3892,498,1050.0
2026-07-29,35500,2027-12-09,put,regular,40,0.3864,498,1100.0
2026-07-29,36000,2027-12-09,put,regular,1130,0.3834,498,1150.0
2026-07-29,36500,2027-12-09,put,regular,300,0.3808,498,1205.0
2026-07-29,37000,2027-12-09,put,regular,1150,0.378,498,1260.0
2026-07-29,38000,2027-12-09,put,regular,1175,0.3724,498,1375.0
2026-07-29,39000,2027-12-09,put,regular,800,0.3675,498,1505.0
2026-07-29,39500,2027-12-09,put,regular,50,0.3648,498,1570.0
2026-07-29,40000,2027-12-09,put,regular,2950,0.362,498,1635.0
2026-07-29,40500,2027-12-09,put,regular,450,0.3598,498,1710.0
2026-07-29,42000,2027-12-09,put,regular,550,0.3522,498,1935.0
2026-07-29,43000,2027-12-09,put,regular,240,0.3475,498,2100.0
2026-07-29,44000,2027-12-09,put,regular,100,0.3427,498,2275.0
2026-07-29,45000,2027-12-09,put,regular,1705,0.3383,498,2465.0
2026-07-29,46000,2027-12-09,put,regular,700,0.3338,498,2665.0
2026-07-29,47000,2027-12-09,put,regular,250,0.3296,498,2880.0
2026-07-29,47500,2027-12-09,put,regular,35,0.3274,498,2990.0
2026-07-29,48000,2027-12-09,put,regular,615,0.3255,498,3110.0
2026-07-29,49000,2027-12-09,put,regular,700,0.3213,498,3350.0
2026-07-29,50000,2027-12-09,put,regular,2795,0.3173,498,3605.0
2026-07-29,51000,2027-12-09,put,regular,350,0.3135,498,3880.0
2026-07-29,52000,2027-12-09,put,regular,535,0.3098,498,4170.0
2026-07-29,53000,2027-12-09,put,regular,802,0.3061,498,4475.0
2026-07-29,54000,2027-12-09,put,regular,275,0.3026,498,4800.0
2026-07-29,54500,2027-12-09,put,regular,400,0.3009,498,4970.0
2026-07-29,55000,2027-12-09,put,regular,1062,0.2993,498,5145.0
2026-07-29,55500,2027-12-09,put,regular,75,0.2977,498,5325.0
2026-07-29,56000,2027-12-09,put,regular,270,0.2961,498,5510.0
2026-07-29,57000,2027-12-09,put,regular,220,0.293,498,5895.0
2026-07-29,58000,2027-12-09,put,regular,1000,0.2899,498,6295.0
2026-07-29,58500,2027-12-09,put,regular,210,0.2885,498,6505.0
2026-07-29,59000,2027-12-09,put,regular,100,0.2871,498,6720.0
2026-07-29,60000,2027-12-09,put,regular,500,0.2845,498,7170.0
2026-07-29,62000,2027-12-09,put,regular,300,0.281,498,8170.0
2026-07-29,62500,2027-12-09,put,regular,70,0.2806,498,8445.0
2026-07-29,63000,2027-12-09,put,regular,300,0.2804,498,8730.0
2026-07-29,63500,2027-12-09,put,regular,50,0.2798,498,9010.0
2026-07-29,64000,2027-12-09,put,regular,130,0.2794,498,9300.0
2026-07-29,65000,2027-12-09,put,regular,1100,0.2775,498,9860.0
2026-07-29,66000,2027-12-09,put,regular,600,0.2755,498,10435.0
2026-07-29,67000,2027-12-09,put,regular,400,0.2735,498,11030.0
2026-07-29,68000,2027-12-09,put,regular,200,0.2718,498,11650.0
2026-07-29,69000,2027-12-09,put,regular,750,0.2702,498,12290.0
2026-07-29,70000,2027-12-09,put,regular,550,0.2687,498,12950.0
2026-07-29,75000,2027-12-09,put,regular,175,0.2519,498,16250.0
2026-07-29,80000,2027-12-09,put,regular,400,0.2408,498,20105.0
2026-07-29,15000,2028-06-08,put,regular,3,0.4484,680,63.0
2026-07-29,25000,2028-06-08,put,regular,630,0.4463,680,700.0
2026-07-29,26000,2028-06-08,put,regular,250,0.4457,680,820.0
2026-07-29,27000,2028-06-08,put,regular,100,0.438,680,895.0
2026-07-29,30000,2028-06-08,put,regular,300,0.416,680,1145.0
2026-07-29,32000,2028-06-08,put,regular,250,0.4026,680,1340.0
2026-07-29,33000,2028-06-08,put,regular,100,0.3964,680,1450.0
2026-07-29,35000,2028-06-08,put,regular,200,0.3838,680,1680.0
2026-07-29,40000,2028-06-08,put,regular,250,0.3566,680,2410.0
2026-07-29,41500,2028-06-08,put,regular,100,0.349,680,2670.0
2026-07-29,45000,2028-06-08,put,regular,15,0.3328,680,3375.0
2026-07-29,48000,2028-06-08,put,regular,300,0.3203,680,4100.0
2026-07-29,50000,2028-06-08,put,regular,200,0.3125,680,4650.0
2026-07-29,53000,2028-06-08,put,regular,50,0.2997,680,5530.0
2026-07-29,54000,2028-06-08,put,regular,100,0.2942,680,5810.0
2026-07-29,60000,2028-06-08,put,regular,250,0.2756,680,8195.0
2026-07-29,12000,2028-12-07,put,regular,300,0.4294,862,36.0
2026-07-29,16000,2028-12-07,put,regular,1950,0.4277,862,144.0
2026-07-29,18000,2028-12-07,put,regular,100,0.4272,862,244.0
2026-07-29,20000,2028-12-07,put,regular,200,0.427,862,385.0
2026-07-29,23000,2028-12-07,put,regular,100,0.4263,862,680.0
2026-07-29,23500,2028-12-07,put,regular,38,0.4262,862,740.0
2026-07-29,24000,2028-12-07,put,regular,1000,0.4257,862,800.0
2026-07-29,25000,2028-12-07,put,regular,1200,0.4259,862,940.0
2026-07-29,27000,2028-12-07,put,regular,120,0.418,862,1175.0
2026-07-29,27500,2028-12-07,put,regular,50,0.4147,862,1225.0
2026-07-29,28000,2028-12-07,put,regular,1250,0.411,862,1270.0
2026-07-29,30000,2028-12-07,put,regular,350,0.3979,862,1480.0
2026-07-29,31000,2028-12-07,put,regular,400,0.3914,862,1590.0
2026-07-29,32000,2028-12-07,put,regular,850,0.3854,862,1710.0
2026-07-29,32250,2028-12-07,put,regular,51,0.3838,862,1740.0
2026-07-29,33000,2028-12-07,put,regular,125,0.3794,862,1835.0
2026-07-29,34000,2028-12-07,put,regular,775,0.3738,862,1970.0
2026-07-29,34750,2028-12-07,put,regular,100,0.3696,862,2075.0
2026-07-29,35000,2028-12-07,put,regular,1305,0.3682,862,2110.0
2026-07-29,36000,2028-12-07,put,regular,2750,0.3627,862,2255.0
2026-07-29,37000,2028-12-07,put,regular,580,0.3576,862,2415.0
2026-07-29,38000,2028-12-07,put,regular,2860,0.3523,862,2575.0
2026-07-29,39000,2028-12-07,put,regular,50,0.3475,862,2750.0
2026-07-29,40000,2028-12-07,put,regular,1210,0.3428,862,2935.0
2026-07-29,42000,2028-12-07,put,regular,350,0.3337,862,3330.0
2026-07-29,43000,2028-12-07,put,regular,100,0.3292,862,3540.0
2026-07-29,45000,2028-12-07,put,regular,100,0.3208,862,4000.0
2026-07-29,48000,2028-12-07,put,regular,600,0.3092,862,4780.0
2026-07-29,50000,2028-12-07,put,regular,2450,0.302,862,5365.0
2026-07-29,51000,2028-12-07,put,regular,150,0.2987,862,5680.0
2026-07-29,53000,2028-12-07,put,regular,50,0.2898,862,6275.0
2026-07-29,55000,2028-12-07,put,regular,705,0.279,862,6845.0
2026-07-29,56000,2028-12-07,put,regular,400,0.2764,862,7240.0
2026-07-29,57000,2028-12-07,put,regular,150,0.2737,862,7645.0
2026-07-29,60000,2028-12-07,put,regular,550,0.2666,862,8975.0
2026-07-29,65000,2028-12-07,put,regular,900,0.2567,862,11550.0
2026-07-29,68000,2028-12-07,put,regular,100,0.2515,862,13295.0
2026-07-29,70000,2028-12-07,put,regular,100,0.2485,862,14545.0
2026-07-29,75000,2028-12-07,put,regular,80,0.241,862,17905.0
2026-07-29,15000,2029-06-07,put,regular,1,0.4105,1044,153.0
2026-07-29,15000,2029-12-13,put,regular,1,0.3947,1233,201.0
2026-07-29,23250,2029-12-13,put,regular,40,0.3921,1233,1045.0
2026-07-29,32000,2029-12-13,put,regular,113,0.3557,1233,2295.0
2026-07-29,34250,2029-12-13,put,regular,6,0.3443,1233,2650.0
2026-07-29,44000,2029-12-13,put,regular,100,0.3025,1233,4670.0
2026-07-29,50000,2029-12-13,put,regular,30,0.2735,1233,6095.0
2026-07-29,64000,2029-12-13,put,regular,100,0.2416,1233,12100.0
2026-07-29,65000,2029-12-13,put,regular,50,0.24,1233,12650.0
2026-07-29,70000,2029-12-13,put,regular,100,0.232,1233,15585.0
2026-07-29,19000,2030-06-13,put,regular,2,0.3796,1415,590.0
2026-07-29,23500,2030-12-12,put,regular,100,0.3639,1597,1325.0
2026-07-29,31750,2030-12-12,put,regular,74,0.3322,1597,2645.0
2026-07-29,34000,2030-12-12,call,regular,24,0.2,1597,3035.0
2026-07-29,44000,2030-12-12,call,regular,80,0.2,1597,4860.0
2026-07-29,49500,2030-12-12,call,regular,100,0.2,1597,6505.0
2026-07-29,64000,2030-12-12,call,regular,3,0.2659,1597,12745.0
2026-07-29,31500,2031-12-11,call,regular,52,0.2,1961,3085.0
2026-07-29,68000,2031-12-11,call,regular,100,0.3135,1961,15510.0
2026-07-29,31250,2032-12-09,call,regular,40,0.2,2325,3455.0
2026-07-29,42750,2026-08-13,call,regular,27,1.4354,15,19675.0
2026-07-29,49000,2026-08-13,call,regular,27,1.046,15,13510.0
2026-07-29,55000,2026-08-13,call,regular,1,0.737,15,7795.0
2026-07-29,56000,2026-08-13,call,regular,1,0.6939,15,6895.0
2026-07-29,57000,2026-08-13,call,regular,4,0.6532,15,6020.0
2026-07-29,58000,2026-08-13,call,regular,850,0.6146,15,5175.0
2026-07-29,59500,2026-08-13,call,regular,20,0.5619,15,3985.0
2026-07-29,59750,2026-08-13,call,regular,50,0.5574,15,3815.0
2026-07-29,60000,2026-08-13,call,regular,235,0.5638,15,3700.0
2026-07-29,60500,2026-08-13,call,regular,120,0.5349,15,3280.0
2026-07-29,61000,2026-08-13,call,regular,402,0.5202,15,2940.0
2026-07-29,61500,2026-08-13,call,regular,201,0.5047,15,2610.0
2026-07-29,62000,2026-08-13,call,regular,116,0.4873,15,2285.0
2026-07-29,62250,2026-08-13,call,regular,35,0.4879,15,2175.0
2026-07-29,62500,2026-08-13,call,regular,148,0.4857,15,2055.0
2026-07-29,62625,2026-08-13,call,regular,85,0.4893,15,2020.0
2026-07-29,62750,2026-08-13,call,regular,120,0.4786,15,1915.0
2026-07-29,62875,2026-08-13,call,regular,85,0.4758,15,1850.0
2026-07-29,63000,2026-08-13,call,regular,2370,0.4778,15,1810.0
2026-07-29,63125,2026-08-13,call,regular,85,0.4714,15,1730.0
2026-07-29,63250,2026-08-13,call,regular,1,0.47,15,1675.0
2026-07-29,63375,2026-08-13,call,regular,5,0.4662,15,1610.0
2026-07-29,63500,2026-08-13,call,regular,15,0.4653,15,1560.0
2026-07-29,63625,2026-08-13,call,regular,5,0.4705,15,1540.0
2026-07-29,63750,2026-08-13,call,regular,10,0.4577,15,1435.0
2026-07-29,63875,2026-08-13,call,regular,10,0.4572,15,1390.0
2026-07-29,64000,2026-08-13,call,regular,634,0.4543,15,1335.0
2026-07-29,64125,2026-08-13,call,regular,30,0.4523,15,1285.0
2026-07-29,64250,2026-08-13,call,regular,20,0.4456,15,1215.0
2026-07-29,64375,2026-08-13,call,regular,20,0.4486,15,1190.0
2026-07-29,64500,2026-08-13,call,regular,133,0.4502,15,1160.0
2026-07-29,64625,2026-08-13,call,regular,15,0.4439,15,1095.0
2026-07-29,64750,2026-08-13,call,regular,132,0.444,15,1060.0
2026-07-29,64875,2026-08-13,call,regular,15,0.4405,15,1010.0
2026-07-29,65000,2026-08-13,call,regular,1908,0.4389,15,970.0
2026-07-29,65125,2026-08-13,call,regular,78,0.4372,15,930.0
2026-07-29,65250,2026-08-13,call,regular,120,0.4399,15,910.0
2026-07-29,65375,2026-08-13,call,regular,20,0.4353,15,860.0
2026-07-29,65500,2026-08-13,call,regular,682,0.4316,15,815.0
2026-07-29,65625,2026-08-13,call,regular,10,0.4313,15,785.0
2026-07-29,65750,2026-08-13,call,regular,455,0.4295,15,750.0
2026-07-29,65875,2026-08-13,call,regular,5,0.4274,15,715.0
2026-07-29,66000,2026-08-13,call,regular,857,0.4277,15,690.0
2026-07-29,66125,2026-08-13,call,regular,2,0.4251,15,655.0
2026-07-29,66250,2026-08-13,call,regular,4,0.4236,15,625.0
2026-07-29,66375,2026-08-13,call,regular,3,0.4217,15,595.0
2026-07-29,66500,2026-08-13,call,regular,284,0.4211,15,570.0
2026-07-29,66625,2026-08-13,call,regular,1190000,0.4187,15,540.0
2026-07-29,66750,2026-08-13,call,regular,12,0.4191,15,520.0
2026-07-29,66875,2026-08-13,call,regular,121,0.4177,15,495.0
2026-07-29,67000,2026-08-13,call,regular,1163,0.4191,15,480.0
2026-07-29,67125,2026-08-13,call,regular,248,0.4109,15,435.0
2026-07-29,67250,2026-08-13,call,regular,81,0.4102,15,415.0
2026-07-29,67375,2026-08-13,call,regular,79,0.4092,15,395.0
2026-07-29,67500,2026-08-13,call,regular,301,0.4098,15,380.0
2026-07-29,67625,2026-08-13,call,regular,18,0.4066,15,355.0
2026-07-29,67750,2026-08-13,call,regular,237,0.4103,15,350.0
2026-07-29,67875,2026-08-13,call,regular,2,0.4047,15,320.0
2026-07-29,68000,2026-08-13,call,regular,3540,0.41,15,320.0
2026-07-29,68125,2026-08-13,call,regular,475,0.4028,15,288.0
2026-07-29,68250,2026-08-13,call,regular,284,0.4019,15,273.0
2026-07-29,68375,2026-08-13,call,regular,21,0.4012,15,259.0
2026-07-29,68500,2026-08-13,call,regular,1246,0.4041,15,254.0
2026-07-29,68625,2026-08-13,call,regular,34,0.3999,15,233.0
2026-07-29,68750,2026-08-13,call,regular,101,0.3979,15,218.0
2026-07-29,68875,2026-08-13,call,regular,76,0.3966,15,205.0
2026-07-29,69000,2026-08-13,call,regular,1621,0.4018,15,206.0
2026-07-29,69125,2026-08-13,call,regular,68,0.3939,15,181.0
2026-07-29,69250,2026-08-13,call,regular,65,0.3981,15,180.0
2026-07-29,69375,2026-08-13,call,regular,49,0.3973,15,170.0
2026-07-29,69500,2026-08-13,call,regular,473,0.3991,15,165.0
2026-07-29,69625,2026-08-13,call,regular,21,0.4031,15,164.0
2026-07-29,69750,2026-08-13,call,regular,553,0.403,15,156.0
2026-07-29,69875,2026-08-13,call,regular,16,0.3876,15,124.0
2026-07-29,70000,2026-08-13,call,regular,2790,0.3971,15,132.0
2026-07-29,70125,2026-08-13,call,regular,8,0.3857,15,109.0
2026-07-29,70250,2026-08-13,call,regular,46,0.3848,15,102.0
2026-07-29,70375,2026-08-13,call,regular,39,0.3835,15,95.0
2026-07-29,70500,2026-08-13,call,regular,137,0.396,15,106.0
2026-07-29,70625,2026-08-13,call,regular,6,0.3908,15,94.0
2026-07-29,70750,2026-08-13,call,regular,50,0.3812,15,78.0
2026-07-29,70875,2026-08-13,call,regular,17,0.3806,15,73.0
2026-07-29,71000,2026-08-13,call,regular,2249,0.3962,15,86.0
2026-07-29,71125,2026-08-13,call,regular,3,0.3783,15,63.0
2026-07-29,71250,2026-08-13,call,regular,107,0.3768,15,58.0
2026-07-29,71375,2026-08-13,call,regular,1,0.3759,15,54.0
2026-07-29,71500,2026-08-13,call,regular,241,0.3761,15,51.0
2026-07-29,71625,2026-08-13,call,regular,2,0.3747,15,47.0
2026-07-29,71750,2026-08-13,call,regular,33,0.3688,15,40.0
2026-07-29,71875,2026-08-13,call,regular,35,0.3633,15,34.0
2026-07-29,72000,2026-08-13,call,regular,1631,0.3943,15,54.0
2026-07-29,72125,2026-08-13,call,regular,15,0.3635,15,30.0
2026-07-29,72250,2026-08-13,call,regular,8,0.3632,15,28.0
2026-07-29,72375,2026-08-13,call,regular,1,0.3737,15,32.0
2026-07-29,72500,2026-08-13,call,regular,833,0.3957,15,44.0
2026-07-29,72750,2026-08-13,call,regular,5,0.3983,15,41.0
2026-07-29,72875,2026-08-13,call,regular,2,0.3956,15,37.0
2026-07-29,73000,2026-08-13,call,regular,1999,0.3974,15,36.0
2026-07-29,73125,2026-08-13,call,regular,11,0.3974,15,34.0
2026-07-29,73250,2026-08-13,call,regular,23,0.3973,15,32.0
2026-07-29,73375,2026-08-13,call,regular,1,0.3988,15,31.0
2026-07-29,73500,2026-08-13,call,regular,727,0.3983,15,29.0
2026-07-29,73625,2026-08-13,call,regular,1,0.3996,15,28.0
2026-07-29,73750,2026-08-13,call,regular,27,0.3988,15,26.0
2026-07-29,74000,2026-08-13,call,regular,937,0.4008,15,24.0
2026-07-29,74125,2026-08-13,call,regular,34,0.3994,15,22.0
2026-07-29,74250,2026-08-13,call,regular,7,0.4001,15,21.0
2026-07-29,74375,2026-08-13,call,regular,20,0.4006,15,20.0
2026-07-29,74500,2026-08-13,call,regular,195,0.4087,15,22.0
2026-07-29,74625,2026-08-13,call,regular,28,0.4014,15,18.0
2026-07-29,74750,2026-08-13,call,regular,12,0.4015,15,17.0
2026-07-29,74875,2026-08-13,call,regular,16,0.4015,15,16.0
2026-07-29,75000,2026-08-13,call,regular,1724,0.4045,15,16.0
2026-07-29,75125,2026-08-13,call,regular,17,0.4043,15,15.0
2026-07-29,75250,2026-08-13,call,regular,9,0.4039,15,14.0
2026-07-29,75375,2026-08-13,call,regular,20,0.4068,15,14.0
2026-07-29,75500,2026-08-13,call,regular,361,0.4097,15,14.0
2026-07-29,76000,2026-08-13,call,regular,755,0.4054,15,10.0
2026-07-29,76500,2026-08-13,call,regular,89,0.4117,15,9.0
2026-07-29,77000,2026-08-13,call,regular,711,0.4115,15,7.0
2026-07-29,77500,2026-08-13,call,regular,865,0.4155,15,6.0
2026-07-29,78000,2026-08-13,call,regular,1932,0.4182,15,5.0
2026-07-29,78500,2026-08-13,call,regular,34,0.4193,15,4.0
2026-07-29,79000,2026-08-13,call,regular,230,0.4292,15,4.0
2026-07-29,79500,2026-08-13,call,regular,38,0.4275,15,3.0
2026-07-29,80000,2026-08-13,call,regular,1331,0.437,15,3.0
2026-07-29,80500,2026-08-13,call,regular,58,0.431,15,2.0
2026-07-29,81000,2026-08-13,call,regular,249,0.4401,15,2.0
2026-07-29,81500,2026-08-13,call,regular,17,0.4491,15,2.0
2026-07-29,82000,2026-08-13,call,regular,1189,0.458,15,2.0
2026-07-29,82500,2026-08-13,call,regular,30,0.4418,15,1.0
2026-07-29,83000,2026-08-13,call,regular,283,0.4502,15,1.0
2026-07-29,83500,2026-08-13,call,regular,38,0.4585,15,1.0
2026-07-29,84000,2026-08-13,call,regular,164,0.4668,15,1.0
2026-07-29,84500,2026-08-13,call,regular,53,0.475,15,1.0
2026-07-29,85000,2026-08-13,call,regular,944,0.4831,15,1.0
2026-07-29,85750,2026-08-13,call,regular,140,0.4952,15,1.0
2026-07-29,87500,2026-08-13,call,regular,221,0.5229,15,1.0
2026-07-29,88000,2026-08-13,call,regular,244,0.5306,15,1.0
2026-07-29,90000,2026-08-13,call,regular,682,0.5612,15,1.0
2026-07-29,92000,2026-08-13,call,regular,110,0.591,15,1.0
2026-07-29,94000,2026-08-13,call,regular,96,0.6199,15,1.0
2026-07-29,95000,2026-08-13,call,regular,283,0.6341,15,1.0
2026-07-29,96000,2026-08-13,call,regular,31,0.6482,15,1.0
2026-07-29,98000,2026-08-13,call,regular,37,0.6757,15,1.0
2026-07-29,100000,2026-08-13,call,regular,119,0.7026,15,1.0
2026-07-29,30000,2026-09-10,call,regular,3750,1.4542,43,32390.0
2026-07-29,37000,2026-09-10,call,regular,1,1.1172,43,25460.0
2026-07-29,42000,2026-09-10,call,regular,101,0.9167,43,20545.0
2026-07-29,42500,2026-09-10,call,regular,10,0.8978,43,20055.0
2026-07-29,43000,2026-09-10,call,regular,100,0.8804,43,19570.0
2026-07-29,43500,2026-09-10,call,regular,57,0.8631,43,19085.0
2026-07-29,45000,2026-09-10,call,regular,42,0.8098,43,17625.0
2026-07-29,48000,2026-09-10,call,regular,400,0.7128,43,14745.0
2026-07-29,48500,2026-09-10,call,regular,240,0.6986,43,14275.0
2026-07-29,49000,2026-09-10,call,regular,200,0.6842,43,13805.0
2026-07-29,50000,2026-09-10,call,regular,4650,0.6538,43,12860.0
2026-07-29,50500,2026-09-10,call,regular,50,0.6408,43,12400.0
2026-07-29,51000,2026-09-10,call,regular,141,0.6266,43,11935.0
2026-07-29,51250,2026-09-10,call,regular,210,0.6198,43,11705.0
2026-07-29,52000,2026-09-10,call,regular,350,0.6,43,11020.0
2026-07-29,53000,2026-09-10,call,regular,1100,0.5748,43,10120.0
2026-07-29,53500,2026-09-10,call,regular,400,0.5632,43,9680.0
2026-07-29,53750,2026-09-10,call,regular,150,0.5572,43,9460.0
2026-07-29,54000,2026-09-10,call,regular,1056,0.5503,43,9235.0
2026-07-29,54250,2026-09-10,call,regular,50,0.5449,43,9020.0
2026-07-29,54500,2026-09-10,call,regular,200,0.5394,43,8805.0
2026-07-29,54750,2026-09-10,call,regular,90,0.5337,43,8590.0
2026-07-29,55000,2026-09-10,call,regular,661,0.5286,43,8380.0
2026-07-29,56000,2026-09-10,call,regular,1250,0.5126,43,7580.0
2026-07-29,56500,2026-09-10,call,regular,75,0.4969,43,7135.0
2026-07-29,57000,2026-09-10,call,regular,850,0.4857,43,6725.0
2026-07-29,57500,2026-09-10,call,regular,384,0.4785,43,6350.0
2026-07-29,58000,2026-09-10,call,regular,1101,0.4736,43,6000.0
2026-07-29,59000,2026-09-10,call,regular,1096,0.4479,43,5200.0
2026-07-29,60000,2026-09-10,call,regular,786,0.4336,43,4520.0
2026-07-29,60500,2026-09-10,call,regular,700,0.4266,43,4195.0
2026-07-29,60750,2026-09-10,call,regular,120,0.4217,43,4025.0
2026-07-29,61000,2026-09-10,call,regular,220,0.4184,43,3870.0
2026-07-29,61250,2026-09-10,call,regular,22,0.4147,43,3715.0
2026-07-29,61500,2026-09-10,call,regular,1,0.4119,43,3570.0
2026-07-29,62000,2026-09-10,call,regular,1303,0.4024,43,3255.0
2026-07-29,62500,2026-09-10,call,regular,500,0.4034,43,3040.0
2026-07-29,63000,2026-09-10,call,regular,959,0.3977,43,2780.0
2026-07-29,63250,2026-09-10,call,regular,27,0.3937,43,2645.0
2026-07-29,63500,2026-09-10,call,regular,2,0.3906,43,2520.0
2026-07-29,64000,2026-09-10,call,regular,1215,0.3838,43,2275.0
2026-07-29,64250,2026-09-10,call,regular,100,0.3807,43,2160.0
2026-07-29,64500,2026-09-10,call,regular,102,0.3785,43,2055.0
2026-07-29,64750,2026-09-10,call,regular,2120000,0.3759,43,1950.0
2026-07-29,65000,2026-09-10,call,regular,4256,0.3748,43,1860.0
2026-07-29,65125,2026-09-10,call,regular,6,0.3773,43,1840.0
2026-07-29,65375,2026-09-10,call,regular,9,0.3706,43,1710.0
2026-07-29,65500,2026-09-10,call,regular,160,0.3702,43,1670.0
2026-07-29,65750,2026-09-10,call,regular,2,0.3693,43,1590.0
2026-07-29,66000,2026-09-10,call,regular,1777,0.3673,43,1505.0
2026-07-29,66250,2026-09-10,call,regular,28,0.3697,43,1455.0
2026-07-29,66500,2026-09-10,call,regular,9,0.3704,43,1395.0
2026-07-29,67000,2026-09-10,call,regular,2587,0.361,43,1205.0
2026-07-29,67125,2026-09-10,call,regular,2,0.3609,43,1175.0
2026-07-29,67250,2026-09-10,call,regular,1,0.3592,43,1135.0
2026-07-29,67500,2026-09-10,call,regular,2263,0.3577,43,1070.0
2026-07-29,67750,2026-09-10,call,regular,180,0.3565,43,1010.0
2026-07-29,68000,2026-09-10,call,regular,1694,0.3557,43,955.0
2026-07-29,68250,2026-09-10,call,regular,4,0.3546,43,900.0
2026-07-29,68500,2026-09-10,call,regular,107,0.3523,43,840.0
2026-07-29,68625,2026-09-10,call,regular,1,0.3534,43,825.0
2026-07-29,68750,2026-09-10,call,regular,22,0.352,43,795.0
2026-07-29,69000,2026-09-10,call,regular,1006,0.3514,43,750.0
2026-07-29,69250,2026-09-10,call,regular,8,0.3504,43,705.0
2026-07-29,69500,2026-09-10,call,regular,620,0.349,43,660.0
2026-07-29,69625,2026-09-10,call,regular,3,0.3496,43,645.0
2026-07-29,69750,2026-09-10,call,regular,467,0.3482,43,620.0
2026-07-29,70000,2026-09-10,call,regular,2614,0.347,43,580.0
2026-07-29,70250,2026-09-10,call,regular,8,0.3464,43,545.0
2026-07-29,70500,2026-09-10,call,regular,25,0.3455,43,510.0
2026-07-29,70750,2026-09-10,call,regular,2,0.3441,43,475.0
2026-07-29,71000,2026-09-10,call,regular,1832,0.3446,43,450.0
2026-07-29,71125,2026-09-10,call,regular,16,0.3453,43,440.0
2026-07-29,71250,2026-09-10,call,regular,4,0.3437,43,420.0
2026-07-29,71500,2026-09-10,call,regular,1304,0.3435,43,395.0
2026-07-29,71625,2026-09-10,call,regular,2,0.3402,43,370.0
2026-07-29,71750,2026-09-10,call,regular,1,0.3431,43,370.0
2026-07-29,72000,2026-09-10,call,regular,1702,0.329,43,296.0
2026-07-29,72500,2026-09-10,call,regular,928,0.3423,43,305.0
2026-07-29,72750,2026-09-10,call,regular,3,0.335,43,262.0
2026-07-29,73000,2026-09-10,call,regular,2092,0.3389,43,258.0
2026-07-29,73250,2026-09-10,call,regular,1,0.3421,43,252.0
2026-07-29,73500,2026-09-10,call,regular,405,0.3423,43,237.0
2026-07-29,73625,2026-09-10,call,regular,2,0.3425,43,230.0
2026-07-29,73750,2026-09-10,call,regular,3,0.3412,43,219.0
2026-07-29,74000,2026-09-10,call,regular,1189,0.3426,43,209.0
2026-07-29,74500,2026-09-10,call,regular,102,0.3444,43,188.0
2026-07-29,74750,2026-09-10,call,regular,1,0.3451,43,178.0
2026-07-29,75000,2026-09-10,call,regular,2643,0.3453,43,167.0
2026-07-29,75250,2026-09-10,call,regular,25,0.3455,43,157.0
2026-07-29,75500,2026-09-10,call,regular,120,0.34,43,135.0
2026-07-29,76000,2026-09-10,call,regular,373,0.3401,43,118.0
2026-07-29,76500,2026-09-10,call,regular,24,0.3391,43,101.0
2026-07-29,77000,2026-09-10,call,regular,576,0.3419,43,92.0
2026-07-29,77500,2026-09-10,call,regular,964,0.3433,43,82.0
2026-07-29,78000,2026-09-10,call,regular,2259,0.3447,43,73.0
2026-07-29,78500,2026-09-10,call,regular,7,0.3452,43,64.0
2026-07-29,79000,2026-09-10,call,regular,7,0.342,43,52.0
2026-07-29,79500,2026-09-10,call,regular,200,0.3473,43,50.0
2026-07-29,80000,2026-09-10,call,regular,783,0.3492,43,45.0
2026-07-29,80500,2026-09-10,call,regular,3,0.3516,43,41.0
2026-07-29,81000,2026-09-10,call,regular,184,0.3536,43,37.0
2026-07-29,81500,2026-09-10,call,regular,2,0.355,43,33.0
2026-07-29,82000,2026-09-10,call,regular,32,0.3556,43,29.0
2026-07-29,82500,2026-09-10,call,regular,1,0.35,43,22.0
2026-07-29,83000,2026-09-10,call,regular,820,0.3543,43,21.0
2026-07-29,83500,2026-09-10,call,regular,2,0.3605,43,21.0
2026-07-29,84000,2026-09-10,call,regular,785,0.3624,43,19.0
2026-07-29,84500,2026-09-10,call,regular,4,0.3638,43,17.0
2026-07-29,85000,2026-09-10,call,regular,800,0.3526,43,11.0
2026-07-29,87500,2026-09-10,call,regular,129,0.3685,43,8.0
2026-07-29,90000,2026-09-10,call,regular,272,0.3703,43,4.0
2026-07-29,92000,2026-09-10,call,regular,54,0.3801,43,3.0
2026-07-29,94000,2026-09-10,call,regular,1,0.3985,43,3.0
2026-07-29,95000,2026-09-10,call,regular,11,0.3944,43,2.0
2026-07-29,98000,2026-09-10,call,regular,17,0.399,43,1.0
2026-07-29,100000,2026-09-10,call,regular,79,0.4149,43,1.0
2026-07-29,35000,2026-10-08,call,regular,20,0.8497,71,27185.0
2026-07-29,47500,2026-10-08,call,regular,34,0.5549,71,15160.0
2026-07-29,53000,2026-10-08,call,regular,34,0.4655,71,10260.0
2026-07-29,55000,2026-10-08,call,regular,4,0.4212,71,8465.0
2026-07-29,57000,2026-10-08,call,regular,2,0.4124,71,7050.0
2026-07-29,60500,2026-10-08,call,regular,100,0.3736,71,4640.0
2026-07-29,61000,2026-10-08,call,regular,200,0.3696,71,4345.0
2026-07-29,62000,2026-10-08,call,regular,29,0.3604,71,3770.0
2026-07-29,63000,2026-10-08,call,regular,4,0.3541,71,3265.0
2026-07-29,64000,2026-10-08,call,regular,31,0.3472,71,2795.0
2026-07-29,65000,2026-10-08,call,regular,1,0.3412,71,2375.0
2026-07-29,65250,2026-10-08,call,regular,1,0.3401,71,2280.0
2026-07-29,65500,2026-10-08,call,regular,60,0.3387,71,2185.0
2026-07-29,66000,2026-10-08,call,regular,200,0.3386,71,2030.0
2026-07-29,66250,2026-10-08,call,regular,4,0.3375,71,1945.0
2026-07-29,67000,2026-10-08,call,regular,250,0.3326,71,1690.0
2026-07-29,67500,2026-10-08,call,regular,1,0.3286,71,1525.0
2026-07-29,68000,2026-10-08,call,regular,80,0.3284,71,1405.0
2026-07-29,69000,2026-10-08,call,regular,175,0.3253,71,1165.0
2026-07-29,69500,2026-10-08,call,regular,1,0.3235,71,1055.0
2026-07-29,70000,2026-10-08,call,regular,660,0.3245,71,975.0
2026-07-29,70750,2026-10-08,call,regular,1,0.3239,71,850.0
2026-07-29,71500,2026-10-08,call,regular,2,0.3228,71,735.0
2026-07-29,72000,2026-10-08,call,regular,182,0.3173,71,635.0
2026-07-29,73000,2026-10-08,call,regular,305,0.3218,71,550.0
2026-07-29,74000,2026-10-08,call,regular,2,0.3201,71,445.0
2026-07-29,74500,2026-10-08,call,regular,127,0.3194,71,400.0
2026-07-29,75000,2026-10-08,call,regular,1965,0.319,71,360.0
2026-07-29,76000,2026-10-08,call,regular,301,0.317,71,286.0
2026-07-29,77000,2026-10-08,call,regular,993,0.3159,71,228.0
2026-07-29,77500,2026-10-08,call,regular,1,0.3153,71,203.0
2026-07-29,78000,2026-10-08,call,regular,1,0.3148,71,181.0
2026-07-29,78500,2026-10-08,call,regular,1,0.3144,71,161.0
2026-07-29,79000,2026-10-08,call,regular,4,0.3139,71,143.0
2026-07-29,80000,2026-10-08,call,regular,662,0.3129,71,112.0
2026-07-29,81000,2026-10-08,call,regular,402,0.3173,71,97.0
2026-07-29,82000,2026-10-08,call,regular,2,0.3214,71,84.0
2026-07-29,83000,2026-10-08,call,regular,139000,0.3256,71,73.0
2026-07-29,83500,2026-10-08,call,regular,6,0.3261,71,66.0
2026-07-29,84000,2026-10-08,call,regular,2,0.3269,71,60.0
2026-07-29,85000,2026-10-08,call,regular,100,0.328,71,49.0
2026-07-29,87500,2026-10-08,call,regular,2,0.314,71,19.0
2026-07-29,90000,2026-10-08,call,regular,13,0.3274,71,15.0
2026-07-29,95000,2026-10-08,call,regular,5,0.3414,71,7.0
2026-07-29,100000,2026-10-08,call,regular,27,0.3508,71,3.0
2026-07-29,50250,2026-11-12,call,regular,35,0.4578,106,13005.0
2026-07-29,56000,2026-11-12,call,regular,34,0.3931,106,8325.0
2026-07-29,57500,2026-11-12,call,regular,100,0.3865,106,7325.0
2026-07-29,60500,2026-11-12,call,regular,100,0.3636,106,5395.0
2026-07-29,61000,2026-11-12,call,regular,200,0.3603,106,5105.0
2026-07-29,64000,2026-11-12,call,regular,125,0.3388,106,3515.0
2026-07-29,65000,2026-11-12,call,regular,10,0.3337,106,3080.0
2026-07-29,66000,2026-11-12,call,regular,200,0.3296,106,2690.0
2026-07-29,69000,2026-11-12,call,regular,937,0.3137,106,1680.0
2026-07-29,70000,2026-11-12,call,regular,128,0.31,106,1425.0
2026-07-29,71000,2026-11-12,call,regular,4,0.3064,106,1200.0
2026-07-29,72500,2026-11-12,call,regular,301,0.3041,106,940.0
2026-07-29,74000,2026-11-12,call,regular,100,0.3021,106,730.0
2026-07-29,75000,2026-11-12,call,regular,102,0.3018,106,620.0
2026-07-29,95000,2026-11-12,call,regular,2,0.3051,106,17.0
2026-07-29,100000,2026-11-12,call,regular,3,0.3191,106,10.0
2026-07-29,12500,2026-12-10,call,regular,84,1.4806,134,49540.0
2026-07-29,20000,2026-12-10,call,regular,150,1.0992,134,42115.0
2026-07-29,22000,2026-12-10,call,regular,100,1.0222,134,40135.0
2026-07-29,25000,2026-12-10,call,regular,300,0.9246,134,37180.0
2026-07-29,26000,2026-12-10,call,regular,350,0.8962,134,36200.0
2026-07-29,27000,2026-12-10,call,regular,250,0.8685,134,35220.0
2026-07-29,28000,2026-12-10,call,regular,75,0.8346,134,34220.0
2026-07-29,28500,2026-12-10,call,regular,125,0.8216,134,33730.0
2026-07-29,29000,2026-12-10,call,regular,150,0.8086,134,33240.0
2026-07-29,30000,2026-12-10,call,regular,100,0.7848,134,32265.0
2026-07-29,30500,2026-12-10,call,regular,50,0.7722,134,31775.0
2026-07-29,31000,2026-12-10,call,regular,241,0.7613,134,31290.0
2026-07-29,31500,2026-12-10,call,regular,50,0.7489,134,30800.0
2026-07-29,32000,2026-12-10,call,regular,700,0.7381,134,30315.0
2026-07-29,32500,2026-12-10,call,regular,250,0.726,134,29825.0
2026-07-29,33000,2026-12-10,call,regular,1950,0.7153,134,29340.0
2026-07-29,34000,2026-12-10,call,regular,280,0.694,134,28370.0
2026-07-29,34500,2026-12-10,call,regular,400,0.6834,134,27885.0
2026-07-29,35000,2026-12-10,call,regular,435,0.6741,134,27405.0
2026-07-29,36000,2026-12-10,call,regular,975,0.6542,134,26440.0
2026-07-29,36500,2026-12-10,call,regular,252,0.6448,134,25960.0
2026-07-29,37000,2026-12-10,call,regular,450,0.6354,134,25480.0
2026-07-29,37500,2026-12-10,call,regular,88,0.626,134,25000.0
2026-07-29,37750,2026-12-10,call,regular,100,0.6223,134,24765.0
2026-07-29,38000,2026-12-10,call,regular,1225,0.6176,134,24525.0
2026-07-29,38500,2026-12-10,call,regular,700,0.6081,134,24045.0
2026-07-29,38750,2026-12-10,call,regular,50,0.6043,134,23810.0
2026-07-29,39000,2026-12-10,call,regular,750,0.5996,134,23570.0
2026-07-29,39500,2026-12-10,call,regular,500,0.5909,134,23095.0
2026-07-29,40000,2026-12-10,call,regular,1200,0.5823,134,22620.0
2026-07-29,40500,2026-12-10,call,regular,400,0.5727,134,22140.0
2026-07-29,41000,2026-12-10,call,regular,1300,0.5656,134,21675.0
2026-07-29,41500,2026-12-10,call,regular,100,0.556,134,21195.0
2026-07-29,42000,2026-12-10,call,regular,1071,0.5495,134,20735.0
2026-07-29,42500,2026-12-10,call,regular,250,0.5405,134,20260.0
2026-07-29,43000,2026-12-10,call,regular,1400,0.5345,134,19805.0
2026-07-29,43750,2026-12-10,call,regular,100,0.5226,134,19105.0
2026-07-29,44000,2026-12-10,call,regular,600,0.5198,134,18880.0
2026-07-29,45000,2026-12-10,call,regular,1842,0.5058,134,17965.0
2026-07-29,45250,2026-12-10,call,regular,413,0.5021,134,17735.0
2026-07-29,45500,2026-12-10,call,regular,200,0.4983,134,17505.0
2026-07-29,46000,2026-12-10,call,regular,2300,0.4919,134,17055.0
2026-07-29,46250,2026-12-10,call,regular,315,0.4886,134,16830.0
2026-07-29,47000,2026-12-10,call,regular,350,0.4785,134,16155.0
2026-07-29,47500,2026-12-10,call,regular,200,0.4815,134,15790.0
2026-07-29,48000,2026-12-10,call,regular,750,0.461,134,15225.0
2026-07-29,49000,2026-12-10,call,regular,1000,0.4491,134,14350.0
2026-07-29,49500,2026-12-10,call,regular,260,0.4436,134,13920.0
2026-07-29,50000,2026-12-10,call,regular,3342,0.4511,134,13620.0
2026-07-29,50250,2026-12-10,call,regular,58,0.4354,134,13280.0
2026-07-29,50500,2026-12-10,call,regular,600,0.4328,134,13070.0
2026-07-29,50750,2026-12-10,call,regular,45,0.4297,134,12855.0
2026-07-29,51000,2026-12-10,call,regular,731,0.4275,134,12650.0
2026-07-29,52000,2026-12-10,call,regular,802,0.4169,134,11820.0
2026-07-29,52250,2026-12-10,call,regular,250,0.4143,134,11615.0
2026-07-29,52500,2026-12-10,call,regular,50,0.4116,134,11410.0
2026-07-29,53000,2026-12-10,call,regular,1135,0.4064,134,11005.0
2026-07-29,53500,2026-12-10,call,regular,106,0.4018,134,10610.0
2026-07-29,54000,2026-12-10,call,regular,1941,0.3968,134,10215.0
2026-07-29,54500,2026-12-10,call,regular,540,0.394,134,9850.0
2026-07-29,55000,2026-12-10,call,regular,1829,0.3919,134,9500.0
2026-07-29,55500,2026-12-10,call,regular,300,0.3906,134,9165.0
2026-07-29,56000,2026-12-10,call,regular,791,0.3895,134,8840.0
2026-07-29,56500,2026-12-10,call,regular,283,0.3845,134,8470.0
2026-07-29,57000,2026-12-10,call,regular,500,0.3799,134,8110.0
2026-07-29,57250,2026-12-10,call,regular,113,0.3781,134,7940.0
2026-07-29,57500,2026-12-10,call,regular,90,0.376,134,7765.0
2026-07-29,58000,2026-12-10,call,regular,2603,0.3734,134,7445.0
2026-07-29,58500,2026-12-10,call,regular,350,0.3694,134,7110.0
2026-07-29,59000,2026-12-10,call,regular,1900,0.3667,134,6800.0
2026-07-29,59500,2026-12-10,call,regular,100,0.3607,134,6450.0
2026-07-29,60000,2026-12-10,call,regular,7264,0.3578,134,6150.0
2026-07-29,60500,2026-12-10,call,regular,2,0.3547,134,5855.0
2026-07-29,61000,2026-12-10,call,regular,813,0.3519,134,5570.0
2026-07-29,62000,2026-12-10,call,regular,1350,0.3457,134,5015.0
2026-07-29,62500,2026-12-10,call,regular,385,0.3407,134,4720.0
2026-07-29,63000,2026-12-10,call,regular,1715,0.3386,134,4475.0
2026-07-29,63750,2026-12-10,call,regular,25,0.334,134,4100.0
2026-07-29,64000,2026-12-10,call,regular,1855,0.3335,134,3995.0
2026-07-29,65000,2026-12-10,call,regular,3236,0.3284,134,3545.0
2026-07-29,65500,2026-12-10,call,regular,584,0.3271,134,3350.0
2026-07-29,66000,2026-12-10,call,regular,720,0.3243,134,3140.0
2026-07-29,67000,2026-12-10,call,regular,1077,0.3208,134,2775.0
2026-07-29,67250,2026-12-10,call,regular,25,0.3204,134,2695.0
2026-07-29,67500,2026-12-10,call,regular,25,0.3195,134,2610.0
2026-07-29,68000,2026-12-10,call,regular,3242,0.3178,134,2445.0
2026-07-29,68500,2026-12-10,call,regular,220,0.3132,134,2250.0
2026-07-29,69000,2026-12-10,call,regular,1054,0.3099,134,2080.0
2026-07-29,69250,2026-12-10,call,regular,50,0.3096,134,2015.0
2026-07-29,69750,2026-12-10,call,regular,158,0.3082,134,1880.0
2026-07-29,70000,2026-12-10,call,regular,3189,0.3094,134,1840.0
2026-07-29,71000,2026-12-10,call,regular,200,0.3049,134,1575.0
2026-07-29,72000,2026-12-10,call,regular,659,0.3002,134,1335.0
2026-07-29,72500,2026-12-10,call,regular,2293,0.2988,134,1235.0
2026-07-29,73000,2026-12-10,call,regular,426,0.2982,134,1150.0
2026-07-29,73500,2026-12-10,call,regular,400,0.2977,134,1070.0
2026-07-29,74000,2026-12-10,call,regular,1029,0.2967,134,990.0
2026-07-29,75000,2026-12-10,call,regular,2933,0.2959,134,855.0
2026-07-29,76000,2026-12-10,call,regular,100,0.295,134,735.0
2026-07-29,77000,2026-12-10,call,regular,359,0.2961,134,645.0
2026-07-29,77500,2026-12-10,call,regular,1301,0.2967,134,605.0
2026-07-29,78000,2026-12-10,call,regular,3,0.297,134,565.0
2026-07-29,79000,2026-12-10,call,regular,204,0.2973,134,490.0
2026-07-29,80000,2026-12-10,call,regular,6976,0.2969,134,420.0
2026-07-29,81000,2026-12-10,call,regular,120,0.2966,134,360.0
2026-07-29,82500,2026-12-10,call,regular,401,0.2967,134,287.0
2026-07-29,83000,2026-12-10,call,regular,1143000,0.2968,134,266.0
2026-07-29,84000,2026-12-10,call,regular,401,0.2971,134,229.0
2026-07-29,85000,2026-12-10,call,regular,689,0.2975,134,197.0
2026-07-29,87500,2026-12-10,call,regular,2578,0.2988,134,136.0
2026-07-29,90000,2026-12-10,call,regular,2526,0.3003,134,94.0
2026-07-29,95000,2026-12-10,call,regular,1069,0.31,134,53.0
2026-07-29,100000,2026-12-10,call,regular,501,0.3195,134,31.0
2026-07-29,54250,2027-01-07,call,regular,27,0.3829,162,10345.0
2026-07-29,61000,2027-01-07,call,regular,26,0.3427,162,5940.0
2026-07-29,64000,2027-01-07,call,regular,100,0.3283,162,4405.0
2026-07-29,71000,2027-01-07,call,regular,1,0.3007,162,1890.0
2026-07-29,71500,2027-01-07,call,regular,125,0.2987,162,1760.0
2026-07-29,72000,2027-01-07,call,regular,2,0.2978,162,1650.0
2026-07-29,73000,2027-01-07,call,regular,1,0.2963,162,1450.0
2026-07-29,74000,2027-01-07,call,regular,2,0.2948,162,1270.0
2026-07-29,80000,2027-01-07,call,regular,1,0.2918,162,575.0
2026-07-29,100000,2027-01-07,call,regular,1,0.3107,162,54.0
2026-07-29,56000,2027-02-10,call,regular,8,0.3622,196,9480.0
2026-07-29,56750,2027-02-10,call,regular,60,0.3574,196,8965.0
2026-07-29,64000,2027-02-10,call,regular,60,0.3258,196,4900.0
2026-07-29,66000,2027-02-10,call,regular,8,0.3163,196,3995.0
2026-07-29,52000,2027-03-11,call,regular,560,0.3839,225,12730.0
2026-07-29,52750,2027-03-11,call,regular,8,0.3784,225,12155.0
2026-07-29,53000,2027-03-11,call,regular,275,0.3762,225,11960.0
2026-07-29,53500,2027-03-11,call,regular,202,0.373,225,11590.0
2026-07-29,53750,2027-03-11,call,regular,44,0.3715,225,11410.0
2026-07-29,54000,2027-03-11,call,regular,267,0.3698,225,11225.0
2026-07-29,55000,2027-03-11,call,regular,550,0.3632,225,10505.0
2026-07-29,56000,2027-03-11,call,regular,50,0.3569,225,9805.0
2026-07-29,56500,2027-03-11,call,regular,1,0.3539,225,9465.0
2026-07-29,57000,2027-03-11,call,regular,365,0.3509,225,9130.0
2026-07-29,58000,2027-03-11,call,regular,150,0.3455,225,8485.0
2026-07-29,59500,2027-03-11,call,regular,200,0.3378,225,7565.0
2026-07-29,59750,2027-03-11,call,regular,2,0.3368,225,7420.0
2026-07-29,60000,2027-03-11,call,regular,12,0.3353,225,7270.0
2026-07-29,60250,2027-03-11,call,regular,44,0.3344,225,7130.0
2026-07-29,61000,2027-03-11,call,regular,160,0.332,225,6730.0
2026-07-29,61750,2027-03-11,call,regular,1,0.3303,225,6355.0
2026-07-29,62500,2027-03-11,call,regular,508,0.3285,225,5990.0
2026-07-29,63000,2027-03-11,call,regular,292,0.3262,225,5735.0
2026-07-29,64000,2027-03-11,call,regular,1,0.3229,225,5265.0
2026-07-29,64250,2027-03-11,call,regular,100,0.3222,225,5155.0
2026-07-29,65000,2027-03-11,call,regular,801,0.3204,225,4835.0
2026-07-29,66250,2027-03-11,call,regular,15,0.3109,225,4210.0
2026-07-29,66500,2027-03-11,call,regular,6,0.3101,225,4110.0
2026-07-29,67000,2027-03-11,call,regular,200,0.3087,225,3920.0
2026-07-29,69000,2027-03-11,call,regular,250,0.3029,225,3210.0
2026-07-29,70000,2027-03-11,call,regular,235,0.3005,225,2900.0
2026-07-29,70500,2027-03-11,call,regular,150,0.2994,225,2755.0
2026-07-29,71000,2027-03-11,call,regular,100,0.2983,225,2615.0
2026-07-29,72000,2027-03-11,call,regular,500,0.2991,225,2400.0
2026-07-29,72500,2027-03-11,call,regular,35,0.2956,225,2235.0
2026-07-29,73000,2027-03-11,call,regular,400,0.2949,225,2120.0
2026-07-29,73500,2027-03-11,call,regular,1,0.2941,225,2010.0
2026-07-29,74000,2027-03-11,call,regular,3,0.2934,225,1905.0
2026-07-29,75000,2027-03-11,call,regular,150,0.2924,225,1715.0
2026-07-29,77500,2027-03-11,call,regular,150,0.2902,225,1310.0
2026-07-29,80000,2027-03-11,call,regular,200,0.2899,225,1010.0
2026-07-29,82500,2027-03-11,call,regular,737,0.2892,225,770.0
2026-07-29,90000,2027-03-11,call,regular,328,0.2928,225,360.0
2026-07-29,100000,2027-03-11,call,regular,78,0.2983,225,132.0
2026-07-29,57000,2027-04-08,call,regular,25,0.3391,253,9285.0
2026-07-29,57750,2027-04-08,call,regular,88,0.3356,253,8810.0
2026-07-29,65000,2027-04-08,call,regular,88,0.3101,253,5000.0
2026-07-29,67000,2027-04-08,call,regular,25,0.307,253,4240.0
2026-07-29,60250,2027-05-13,call,regular,8,0.3209,288,7675.0
2026-07-29,61250,2027-05-13,call,regular,23,0.3174,288,7135.0
2026-07-29,71000,2027-05-13,call,regular,23,0.2948,288,3235.0
2026-07-29,72000,2027-05-13,call,regular,8,0.2933,288,2960.0
2026-07-29,16250,2027-06-10,call,regular,114,0.6807,316,45575.0
2026-07-29,30000,2027-06-10,call,regular,300,0.5223,316,32335.0
2026-07-29,33000,2027-06-10,call,regular,50,0.4842,316,29465.0
2026-07-29,36000,2027-06-10,call,regular,150,0.4584,316,26690.0
2026-07-29,37000,2027-06-10,call,regular,50,0.4512,316,25785.0
2026-07-29,37250,2027-06-10,call,regular,480,0.4488,316,25555.0
2026-07-29,38500,2027-06-10,call,regular,140,0.4389,316,24425.0
2026-07-29,39000,2027-06-10,call,regular,50,0.4355,316,23980.0
2026-07-29,44500,2027-06-10,call,regular,300,0.3968,316,19195.0
2026-07-29,50000,2027-06-10,call,regular,300,0.3653,316,14785.0
2026-07-29,50500,2027-06-10,call,regular,175,0.3626,316,14405.0
2026-07-29,53000,2027-06-10,call,regular,100,0.3496,316,12565.0
2026-07-29,54000,2027-06-10,call,regular,1050,0.3449,316,11865.0
2026-07-29,55000,2027-06-10,call,regular,300,0.3401,316,11180.0
2026-07-29,56000,2027-06-10,call,regular,175,0.3355,316,10515.0
2026-07-29,57000,2027-06-10,call,regular,50,0.3312,316,9875.0
2026-07-29,58500,2027-06-10,call,regular,58,0.3251,316,8955.0
2026-07-29,60000,2027-06-10,call,regular,850,0.3197,316,8095.0
2026-07-29,62500,2027-06-10,call,regular,150,0.3117,316,6785.0
2026-07-29,63000,2027-06-10,call,regular,100,0.3104,316,6545.0
2026-07-29,64000,2027-06-10,call,regular,200,0.3104,316,6140.0
2026-07-29,65000,2027-06-10,call,regular,124,0.3081,316,5705.0
2026-07-29,65500,2027-06-10,call,regular,62,0.3055,316,5460.0
2026-07-29,67000,2027-06-10,call,regular,470,0.3005,316,4825.0
2026-07-29,68000,2027-06-10,call,regular,400,0.2984,316,4455.0
2026-07-29,68250,2027-06-10,call,regular,15,0.2978,316,4365.0
2026-07-29,68500,2027-06-10,call,regular,200,0.2972,316,4275.0
2026-07-29,69250,2027-06-10,call,regular,36,0.2957,316,4020.0
2026-07-29,70000,2027-06-10,call,regular,550,0.2945,316,3780.0
2026-07-29,71000,2027-06-10,call,regular,100,0.2929,316,3480.0
2026-07-29,75000,2027-06-10,call,regular,600,0.2881,316,2480.0
2026-07-29,77500,2027-06-10,call,regular,36,0.2839,316,1960.0
2026-07-29,80000,2027-06-10,call,regular,15,0.2855,316,1620.0
2026-07-29,85000,2027-06-10,call,regular,550,0.2855,316,1065.0
2026-07-29,90000,2027-06-10,call,regular,100,0.2858,316,695.0
2026-07-29,65750,2027-07-08,call,regular,20,0.3074,344,5720.0
2026-07-29,66750,2027-07-08,call,regular,32,0.3059,344,5335.0
2026-07-29,75000,2027-07-08,call,regular,32,0.2881,344,2725.0
2026-07-29,77000,2027-07-08,call,regular,20,0.287,344,2325.0
2026-07-29,65000,2027-09-09,call,regular,1,0.3084,407,6670.0
2026-07-29,28000,2027-12-09,call,regular,50,0.4552,498,34375.0
2026-07-29,30000,2027-12-09,call,regular,225,0.4411,498,32520.0
2026-07-29,31500,2027-12-09,call,regular,50,0.4269,498,31110.0
2026-07-29,32000,2027-12-09,call,regular,100,0.4233,498,30650.0
2026-07-29,33000,2027-12-09,call,regular,100,0.4152,498,29725.0
2026-07-29,34000,2027-12-09,call,regular,375,0.4074,498,28805.0
2026-07-29,35000,2027-12-09,call,regular,201,0.4027,498,27920.0
2026-07-29,36000,2027-12-09,call,regular,80,0.3973,498,27035.0
2026-07-29,36750,2027-12-09,call,regular,442,0.3936,498,26380.0
2026-07-29,37000,2027-12-09,call,regular,200,0.3926,498,26165.0
2026-07-29,38000,2027-12-09,call,regular,575,0.3877,498,25300.0
2026-07-29,39000,2027-12-09,call,regular,125,0.3833,498,24450.0
2026-07-29,39250,2027-12-09,call,regular,50,0.3819,498,24235.0
2026-07-29,39500,2027-12-09,call,regular,50,0.3805,498,24020.0
2026-07-29,40000,2027-12-09,call,regular,350,0.3779,498,23595.0
2026-07-29,40500,2027-12-09,call,regular,450,0.3759,498,23180.0
2026-07-29,41000,2027-12-09,call,regular,375,0.3734,498,22760.0
2026-07-29,42000,2027-12-09,call,regular,200,0.3689,498,21935.0
2026-07-29,43000,2027-12-09,call,regular,400,0.3644,498,21120.0
2026-07-29,43500,2027-12-09,call,regular,150,0.3618,498,20710.0
2026-07-29,45000,2027-12-09,call,regular,1950,0.3555,498,19520.0
2026-07-29,46000,2027-12-09,call,regular,500,0.3513,498,18740.0
2026-07-29,48000,2027-12-09,call,regular,225,0.3431,498,17220.0
2026-07-29,49000,2027-12-09,call,regular,700,0.3392,498,16480.0
2026-07-29,50000,2027-12-09,call,regular,1950,0.3353,498,15755.0
2026-07-29,51000,2027-12-09,call,regular,300,0.3317,498,15050.0
2026-07-29,52500,2027-12-09,call,regular,100,0.3262,498,14015.0
2026-07-29,54000,2027-12-09,call,regular,300,0.3213,498,13025.0
2026-07-29,54500,2027-12-09,call,regular,100,0.3197,498,12705.0
2026-07-29,55000,2027-12-09,call,regular,704,0.3182,498,12390.0
2026-07-29,57000,2027-12-09,call,regular,250,0.3124,498,11175.0
2026-07-29,58000,2027-12-09,call,regular,500,0.3096,498,10595.0
2026-07-29,60000,2027-12-09,call,regular,1025,0.305,498,9510.0
2026-07-29,61000,2027-12-09,call,regular,200,0.3026,498,8990.0
2026-07-29,62000,2027-12-09,call,regular,200,0.3022,498,8545.0
2026-07-29,62500,2027-12-09,call,regular,70,0.302,498,8330.0
2026-07-29,63000,2027-12-09,call,regular,300,0.3019,498,8120.0
2026-07-29,63500,2027-12-09,call,regular,50,0.3016,498,7910.0
2026-07-29,64000,2027-12-09,call,regular,780,0.3015,498,7710.0
2026-07-29,65000,2027-12-09,call,regular,550,0.3,498,7285.0
2026-07-29,66000,2027-12-09,call,regular,300,0.2986,498,6880.0
2026-07-29,67000,2027-12-09,call,regular,100,0.2974,498,6495.0
2026-07-29,68000,2027-12-09,call,regular,200,0.2965,498,6135.0
2026-07-29,69000,2027-12-09,call,regular,850,0.2955,498,5790.0
2026-07-29,70000,2027-12-09,call,regular,750,0.2949,498,5470.0
2026-07-29,72500,2027-12-09,call,regular,100,0.2895,498,4625.0
2026-07-29,75000,2027-12-09,call,regular,177,0.2838,498,3865.0
2026-07-29,80000,2027-12-09,call,regular,800,0.2813,498,2815.0
2026-07-29,87500,2027-12-09,call,regular,100,0.281,498,1770.0
2026-07-29,41500,2028-06-08,call,regular,100,0.3595,680,23135.0
2026-07-29,28000,2028-12-07,call,regular,50,0.3956,862,34860.0
2026-07-29,30000,2028-12-07,call,regular,80,0.3894,862,33135.0
2026-07-29,31000,2028-12-07,call,regular,200,0.3859,862,32280.0
2026-07-29,32000,2028-12-07,call,regular,75,0.3822,862,31430.0
2026-07-29,33000,2028-12-07,call,regular,125,0.3786,862,30590.0
2026-07-29,34500,2028-12-07,call,regular,330,0.3726,862,29335.0
2026-07-29,34750,2028-12-07,call,regular,100,0.372,862,29135.0
2026-07-29,35500,2028-12-07,call,regular,443,0.369,862,28515.0
2026-07-29,36000,2028-12-07,call,regular,450,0.367,862,28105.0
2026-07-29,36500,2028-12-07,call,regular,52,0.3652,862,27700.0
2026-07-29,38000,2028-12-07,call,regular,120,0.3594,862,26490.0
2026-07-29,39000,2028-12-07,call,regular,575,0.3556,862,25695.0
2026-07-29,40000,2028-12-07,call,regular,30,0.3522,862,24915.0
2026-07-29,41000,2028-12-07,call,regular,375,0.3483,862,24135.0
2026-07-29,42000,2028-12-07,call,regular,65,0.3449,862,23375.0
2026-07-29,42500,2028-12-07,call,regular,100,0.3431,862,22995.0
2026-07-29,50000,2028-12-07,call,regular,400,0.3185,862,17665.0
2026-07-29,53000,2028-12-07,call,regular,50,0.308,862,15675.0
2026-07-29,55000,2028-12-07,call,regular,50,0.2983,862,14310.0
2026-07-29,56000,2028-12-07,call,regular,650,0.2961,862,13735.0
2026-07-29,60000,2028-12-07,call,regular,250,0.2885,862,11600.0
2026-07-29,67500,2028-12-07,call,regular,100,0.2791,862,8355.0
2026-07-29,75000,2028-12-07,call,regular,80,0.2751,862,6010.0
2026-07-29,80000,2028-12-07,call,regular,200,0.2731,862,4800.0
2026-07-29,50000,2029-12-13,call,regular,100,0.2971,1233,18805.0
2026-07-29,60000,2029-12-13,call,regular,375,0.2789,1233,13255.0
2026-07-29,65000,2029-12-13,call,regular,50,0.2731,1233,11045.0
2026-07-29,57000,2030-12-12,call,regular,300,0.2764,1597,16075.0
2026-07-29,64000,2030-12-12,call,regular,3,0.2682,1597,12860.0
2026-07-29,61125,2026-07-31,put,mini,858,0.4845,2,625.0
2026-07-29,61250,2026-07-31,put,mini,518,0.4467,2,610.0
2026-07-29,61375,2026-07-31,put,mini,56,0.4611,2,690.0
2026-07-29,61500,2026-07-31,put,mini,656,0.4211,2,675.0
2026-07-29,61625,2026-07-31,put,mini,20,0.4376,2,765.0
2026-07-29,61750,2026-07-31,put,mini,283,0.4303,2,815.0
2026-07-29,61875,2026-07-31,put,mini,29,0.413,2,850.0
2026-07-29,62000,2026-07-31,put,mini,658,0.402,2,900.0
2026-07-29,62125,2026-07-31,put,mini,11,0.3974,2,965.0
2026-07-29,62250,2026-07-31,put,mini,22,0.3964,2,1040.0
2026-07-29,62375,2026-07-31,put,mini,7,0.3729,2,1080.0
2026-07-29,62500,2026-07-31,put,mini,1440,0.3642,2,1150.0
2026-07-29,62625,2026-07-31,put,mini,6,0.343,2,1205.0
2026-07-29,62750,2026-07-31,put,mini,236,0.3275,2,1275.0
2026-07-29,62875,2026-07-31,put,mini,6,0.3033,2,1340.0
2026-07-29,63000,2026-07-31,put,mini,2484,0.2796,2,1415.0
2026-07-29,63125,2026-07-31,put,mini,6,0.2441,2,1490.0
2026-07-29,63250,2026-07-31,put,mini,65,0.1927,2,1575.0
2026-07-29,63375,2026-07-31,put,mini,1,0.2,2,1650.0
2026-07-29,63500,2026-07-31,put,mini,286,0.3253,2,1895.0
2026-07-29,63750,2026-07-31,put,mini,19,0.2,2,1905.0
2026-07-29,63875,2026-07-31,put,mini,14,0.2,2,1995.0
2026-07-29,64000,2026-07-31,put,mini,257,0.2,2,2000.0
2026-07-29,64125,2026-07-31,put,mini,1,0.2,2,2175.0
2026-07-29,64250,2026-07-31,put,mini,35,0.2,2,2280.0
2026-07-29,64375,2026-07-31,put,mini,3,0.2,2,2355.0
2026-07-29,64500,2026-07-31,put,mini,225,0.2,2,2470.0
2026-07-29,64625,2026-07-31,put,mini,1,0.2,2,2555.0
2026-07-29,64750,2026-07-31,put,mini,59,0.2,2,2630.0
2026-07-29,64875,2026-07-31,put,mini,5,0.2,2,2760.0
2026-07-29,65000,2026-07-31,put,mini,458,0.2,2,2880.0
2026-07-29,65125,2026-07-31,put,mini,2,0.2,2,2975.0
2026-07-29,65250,2026-07-31,put,mini,16,0.2,2,3080.0
2026-07-29,65375,2026-07-31,put,mini,3,0.2,2,3190.0
2026-07-29,65500,2026-07-31,put,mini,70,0.2,2,3305.0
2026-07-29,65625,2026-07-31,put,mini,12,0.2,2,3415.0
2026-07-29,65750,2026-07-31,put,mini,5,0.2,2,3525.0
2026-07-29,65875,2026-07-31,put,mini,1,0.2,2,3640.0
2026-07-29,66000,2026-07-31,put,mini,63,0.2,2,3730.0
2026-07-29,66125,2026-07-31,put,mini,3870,0.2,2,3870.0
2026-07-29,66250,2026-07-31,put,mini,6,0.2,2,3985.0
2026-07-29,66375,2026-07-31,put,mini,3,0.2,2,4100.0
2026-07-29,66500,2026-07-31,put,mini,23,0.2,2,4215.0
2026-07-29,66750,2026-07-31,put,mini,16,0.2,2,4455.0
2026-07-29,67000,2026-07-31,put,mini,13,0.2,2,4695.0
2026-07-29,67250,2026-07-31,put,mini,4,0.2,2,4935.0
2026-07-29,67500,2026-07-31,put,mini,5,0.2,2,5175.0
2026-07-29,67750,2026-07-31,put,mini,4,0.2,2,5420.0
2026-07-29,68000,2026-07-31,put,mini,1,0.2,2,5670.0
2026-07-29,68500,2026-07-31,put,mini,6160,0.2,2,6160.0
2026-07-29,68750,2026-07-31,put,mini,6410,0.2,2,6410.0
2026-07-29,70750,2026-07-31,put,mini,8405,0.2,2,8405.0
2026-07-29,66500,2026-08-05,put,mini,2,0.2,7,4380.0
2026-07-29,67750,2026-08-05,put,mini,2,0.2,7,5510.0
2026-07-29,61125,2026-08-07,put,mini,70,0.381,9,1200.0
2026-07-29,61250,2026-08-07,put,mini,4,0.3791,9,1250.0
2026-07-29,61500,2026-08-07,put,mini,28,0.3754,9,1355.0
2026-07-29,61625,2026-08-07,put,mini,3,0.3722,9,1405.0
2026-07-29,61750,2026-08-07,put,mini,1,0.3712,9,1465.0
2026-07-29,62000,2026-08-07,put,mini,10,0.3666,9,1580.0
2026-07-29,62500,2026-08-07,put,mini,5,0.3568,9,1830.0
2026-07-29,63000,2026-08-07,put,mini,1,0.3348,9,2065.0
2026-07-29,63125,2026-08-07,put,mini,1,0.3294,9,2130.0
2026-07-29,64000,2026-08-07,put,mini,5,0.2903,9,2650.0
2026-07-29,64375,2026-08-07,put,mini,2,0.2571,9,2875.0
2026-07-29,64500,2026-08-07,put,mini,14,0.2436,9,2955.0
2026-07-29,64875,2026-08-07,put,mini,1,0.164,9,3200.0
2026-07-29,65000,2026-08-07,put,mini,11,0.2,9,3280.0
2026-07-29,65250,2026-08-07,put,mini,3455,0.2,9,3455.0
2026-07-29,65500,2026-08-07,put,mini,3630,0.2,9,3630.0
2026-07-29,66000,2026-08-07,put,mini,4050,0.2,9,4050.0
2026-07-29,66500,2026-08-07,put,mini,2,0.2,9,4400.0
2026-07-29,67750,2026-08-07,put,mini,4,0.2,9,5545.0
2026-07-29,68500,2026-08-07,put,mini,20,0.2,9,6260.0
2026-07-29,68750,2026-08-07,put,mini,8,0.2,9,6485.0
2026-07-29,56750,2026-08-14,put,mini,709,0.4578,16,600.0
2026-07-29,56875,2026-08-14,put,mini,2,0.4575,16,625.0
2026-07-29,57000,2026-08-14,put,mini,678,0.4541,16,640.0
2026-07-29,57125,2026-08-14,put,mini,655,0.4506,16,655.0
2026-07-29,57250,2026-08-14,put,mini,29,0.4484,16,675.0
2026-07-29,57375,2026-08-14,put,mini,695,0.446,16,695.0
2026-07-29,57500,2026-08-14,put,mini,186,0.4421,16,710.0
2026-07-29,57750,2026-08-14,put,mini,23,0.4379,16,755.0
2026-07-29,57875,2026-08-14,put,mini,4,0.4362,16,780.0
2026-07-29,58000,2026-08-14,put,mini,489,0.4317,16,795.0
2026-07-29,58125,2026-08-14,put,mini,7,0.4297,16,820.0
2026-07-29,58250,2026-08-14,put,mini,43,0.4287,16,850.0
2026-07-29,58375,2026-08-14,put,mini,870,0.4251,16,870.0
2026-07-29,58500,2026-08-14,put,mini,77,0.4237,16,900.0
2026-07-29,58625,2026-08-14,put,mini,920,0.4197,16,920.0
2026-07-29,58750,2026-08-14,put,mini,63,0.4168,16,945.0
2026-07-29,58875,2026-08-14,put,mini,1,0.4149,16,975.0
2026-07-29,59000,2026-08-14,put,mini,480,0.4128,16,1005.0
2026-07-29,59250,2026-08-14,put,mini,11,0.4091,16,1070.0
2026-07-29,59375,2026-08-14,put,mini,1,0.4042,16,1090.0
2026-07-29,59500,2026-08-14,put,mini,130,0.3981,16,1105.0
2026-07-29,59625,2026-08-14,put,mini,1155,0.3994,16,1155.0
2026-07-29,59750,2026-08-14,put,mini,58,0.3961,16,1185.0
2026-07-29,59875,2026-08-14,put,mini,4,0.3938,16,1220.0
2026-07-29,60000,2026-08-14,put,mini,745,0.386,16,1230.0
2026-07-29,60125,2026-08-14,put,mini,1290,0.3884,16,1290.0
2026-07-29,60250,2026-08-14,put,mini,25,0.3844,16,1320.0
2026-07-29,60375,2026-08-14,put,mini,2,0.3812,16,1355.0
2026-07-29,60500,2026-08-14,put,mini,67,0.3799,16,1400.0
2026-07-29,60625,2026-08-14,put,mini,1,0.3783,16,1445.0
2026-07-29,60750,2026-08-14,put,mini,19,0.3734,16,1475.0
2026-07-29,60875,2026-08-14,put,mini,3,0.3734,16,1530.0
2026-07-29,61000,2026-08-14,put,mini,519,0.3681,16,1560.0
2026-07-29,61125,2026-08-14,put,mini,1,0.3646,16,1600.0
2026-07-29,61250,2026-08-14,put,mini,11,0.3619,16,1645.0
2026-07-29,61375,2026-08-14,put,mini,1715,0.3638,16,1715.0
2026-07-29,61500,2026-08-14,put,mini,121,0.3547,16,1730.0
2026-07-29,61625,2026-08-14,put,mini,1,0.356,16,1800.0
2026-07-29,61750,2026-08-14,put,mini,33,0.3494,16,1830.0
2026-07-29,61875,2026-08-14,put,mini,2,0.3512,16,1905.0
2026-07-29,62000,2026-08-14,put,mini,884,0.3382,16,1905.0
2026-07-29,62125,2026-08-14,put,mini,2,0.3443,16,2005.0
2026-07-29,62250,2026-08-14,put,mini,508,0.3385,16,2045.0
2026-07-29,62375,2026-08-14,put,mini,507,0.3392,16,2120.0
2026-07-29,62500,2026-08-14,put,mini,169,0.3358,16,2175.0
2026-07-29,62625,2026-08-14,put,mini,2,0.3389,16,2265.0
2026-07-29,62750,2026-08-14,put,mini,49,0.3279,16,2285.0
2026-07-29,62875,2026-08-14,put,mini,2345,0.3245,16,2345.0
2026-07-29,63000,2026-08-14,put,mini,477,0.3258,16,2430.0
2026-07-29,63125,2026-08-14,put,mini,4,0.3187,16,2475.0
2026-07-29,63250,2026-08-14,put,mini,128,0.3163,16,2545.0
2026-07-29,63375,2026-08-14,put,mini,1,0.3115,16,2605.0
2026-07-29,63500,2026-08-14,put,mini,256,0.3095,16,2680.0
2026-07-29,63625,2026-08-14,put,mini,3,0.3135,16,2785.0
2026-07-29,63750,2026-08-14,put,mini,31,0.2989,16,2805.0
2026-07-29,63875,2026-08-14,put,mini,2885,0.2968,16,2885.0
2026-07-29,64000,2026-08-14,put,mini,325,0.292,16,2955.0
2026-07-29,64125,2026-08-14,put,mini,2,0.2879,16,3030.0
2026-07-29,64250,2026-08-14,put,mini,44,0.2784,16,3085.0
2026-07-29,64375,2026-08-14,put,mini,3185,0.2793,16,3185.0
2026-07-29,64500,2026-08-14,put,mini,72,0.2787,16,3280.0
2026-07-29,64625,2026-08-14,put,mini,4,0.2684,16,3340.0
2026-07-29,64750,2026-08-14,put,mini,31,0.2654,16,3430.0
2026-07-29,64875,2026-08-14,put,mini,2,0.2574,16,3505.0
2026-07-29,65000,2026-08-14,put,mini,276,0.2515,16,3590.0
2026-07-29,65125,2026-08-14,put,mini,1,0.2445,16,3675.0
2026-07-29,65250,2026-08-14,put,mini,4,0.2435,16,3780.0
2026-07-29,65375,2026-08-14,put,mini,3855,0.2307,16,3855.0
2026-07-29,65500,2026-08-14,put,mini,58,0.2172,16,3935.0
2026-07-29,65625,2026-08-14,put,mini,4,0.2078,16,4030.0
2026-07-29,65750,2026-08-14,put,mini,30,0.1922,16,4120.0
2026-07-29,65875,2026-08-14,put,mini,1,0.1678,16,4210.0
2026-07-29,66000,2026-08-14,put,mini,275,0.2,16,4280.0
2026-07-29,66125,2026-08-14,put,mini,4400,0.2,16,4400.0
2026-07-29,66250,2026-08-14,put,mini,24,0.2,16,4495.0
2026-07-29,66375,2026-08-14,put,mini,1,0.2,16,4590.0
2026-07-29,66500,2026-08-14,put,mini,60,0.2,16,4690.0
2026-07-29,66625,2026-08-14,put,mini,4785,0.2,16,4785.0
2026-07-29,66750,2026-08-14,put,mini,16,0.2,16,4890.0
2026-07-29,66875,2026-08-14,put,mini,10,0.2,16,4990.0
2026-07-29,67000,2026-08-14,put,mini,140,0.2,16,5100.0
2026-07-29,67125,2026-08-14,put,mini,5180,0.2,16,5180.0
2026-07-29,67250,2026-08-14,put,mini,32,0.2,16,5285.0
2026-07-29,67375,2026-08-14,put,mini,1,0.2,16,5390.0
2026-07-29,67500,2026-08-14,put,mini,125,0.2,16,5500.0
2026-07-29,67625,2026-08-14,put,mini,1,0.2,16,5600.0
2026-07-29,67750,2026-08-14,put,mini,472,0.2,16,5720.0
2026-07-29,67875,2026-08-14,put,mini,5815,0.2,16,5815.0
2026-07-29,68000,2026-08-14,put,mini,688,0.2,16,5940.0
2026-07-29,68125,2026-08-14,put,mini,6030,0.2,16,6030.0
2026-07-29,68250,2026-08-14,put,mini,60,0.2,16,6140.0
2026-07-29,68375,2026-08-14,put,mini,6255,0.2,16,6255.0
2026-07-29,68500,2026-08-14,put,mini,572,0.2,16,6375.0
2026-07-29,68625,2026-08-14,put,mini,6475,0.2,16,6475.0
2026-07-29,68750,2026-08-14,put,mini,1132,0.2,16,6585.0
2026-07-29,68875,2026-08-14,put,mini,6700,0.2,16,6700.0
2026-07-29,69000,2026-08-14,put,mini,1117,0.2,16,6825.0
2026-07-29,69125,2026-08-14,put,mini,2,0.2,16,6925.0
2026-07-29,69250,2026-08-14,put,mini,42,0.2,16,7050.0
2026-07-29,69375,2026-08-14,put,mini,7155,0.2,16,7155.0
2026-07-29,69500,2026-08-14,put,mini,17,0.2,16,7285.0
2026-07-29,69625,2026-08-14,put,mini,7410,0.2,16,7410.0
2026-07-29,69750,2026-08-14,put,mini,5,0.2,16,7525.0
2026-07-29,70000,2026-08-14,put,mini,48,0.2,16,7750.0
2026-07-29,70125,2026-08-14,put,mini,7850,0.2,16,7850.0
2026-07-29,70250,2026-08-14,put,mini,72,0.2,16,7970.0
2026-07-29,70500,2026-08-14,put,mini,254,0.2,16,8225.0
2026-07-29,70750,2026-08-14,put,mini,70,0.2,16,8445.0
2026-07-29,70875,2026-08-14,put,mini,8600,0.2,16,8600.0
2026-07-29,71000,2026-08-14,put,mini,642,0.2,16,8705.0
2026-07-29,71250,2026-08-14,put,mini,503,0.2,16,8925.0
2026-07-29,71375,2026-08-14,put,mini,483,0.2,16,9045.0
2026-07-29,71500,2026-08-14,put,mini,1,0.2,16,9185.0
2026-07-29,71750,2026-08-14,put,mini,2,0.2,16,9405.0
2026-07-29,72000,2026-08-14,put,mini,12,0.2,16,9670.0
2026-07-29,72125,2026-08-14,put,mini,9770,0.2,16,9770.0
2026-07-29,72250,2026-08-14,put,mini,14,0.2,16,9895.0
2026-07-29,72500,2026-08-14,put,mini,10,0.2,16,10160.0
2026-07-29,72750,2026-08-14,put,mini,2,0.2,16,10410.0
2026-07-29,73000,2026-08-14,put,mini,24,0.2,16,10655.0
2026-07-29,73250,2026-08-14,put,mini,24,0.2,16,10900.0
2026-07-29,73375,2026-08-14,put,mini,5,0.2,16,11025.0
2026-07-29,73500,2026-08-14,put,mini,266,0.2,16,11145.0
2026-07-29,73750,2026-08-14,put,mini,460,0.2,16,11390.0
2026-07-29,74000,2026-08-14,put,mini,39,0.2,16,11640.0
2026-07-29,74250,2026-08-14,put,mini,45,0.2,16,11885.0
2026-07-29,74500,2026-08-14,put,mini,25,0.2,16,12140.0
2026-07-29,74750,2026-08-14,put,mini,132,0.2,16,12385.0
2026-07-29,75000,2026-08-14,put,mini,11,0.2,16,12630.0
2026-07-29,75250,2026-08-14,put,mini,5,0.2,16,12880.0
2026-07-29,64500,2026-08-21,put,mini,4,0.2915,23,3575.0
2026-07-29,61125,2026-09-11,put,mini,4,0.3278,44,2510.0
2026-07-29,61250,2026-09-11,put,mini,77,0.327,44,2565.0
2026-07-29,61375,2026-09-11,put,mini,3,0.3249,44,2610.0
2026-07-29,61500,2026-09-11,put,mini,42,0.3245,44,2670.0
2026-07-29,61625,2026-09-11,put,mini,1,0.3217,44,2710.0
2026-07-29,61750,2026-09-11,put,mini,6,0.3199,44,2760.0
2026-07-29,62000,2026-09-11,put,mini,280,0.3154,44,2855.0
2026-07-29,62250,2026-09-11,put,mini,400,0.3129,44,2970.0
2026-07-29,62500,2026-09-11,put,mini,85,0.3164,44,3140.0
2026-07-29,62750,2026-09-11,put,mini,75,0.3124,44,3250.0
2026-07-29,63000,2026-09-11,put,mini,129,0.3103,44,3380.0
2026-07-29,63125,2026-09-11,put,mini,3425,0.3067,44,3425.0
2026-07-29,63250,2026-09-11,put,mini,201,0.306,44,3495.0
2026-07-29,63500,2026-09-11,put,mini,136,0.3024,44,3620.0
2026-07-29,63625,2026-09-11,put,mini,3685,0.3007,44,3685.0
2026-07-29,63750,2026-09-11,put,mini,46,0.2977,44,3740.0
2026-07-29,64000,2026-09-11,put,mini,146,0.2943,44,3875.0
2026-07-29,64125,2026-09-11,put,mini,20,0.2933,44,3950.0
2026-07-29,64250,2026-09-11,put,mini,340,0.2904,44,4010.0
2026-07-29,64375,2026-09-11,put,mini,4095,0.2904,44,4095.0
2026-07-29,64500,2026-09-11,put,mini,164,0.2872,44,4155.0
2026-07-29,64750,2026-09-11,put,mini,3,0.2834,44,4300.0
2026-07-29,65000,2026-09-11,put,mini,103,0.281,44,4460.0
2026-07-29,65125,2026-09-11,put,mini,1,0.283,44,4565.0
2026-07-29,65250,2026-09-11,put,mini,16,0.2768,44,4610.0
2026-07-29,65375,2026-09-11,put,mini,6,0.2744,44,4685.0
2026-07-29,65500,2026-09-11,put,mini,9,0.2732,44,4770.0
2026-07-29,65625,2026-09-11,put,mini,4840,0.2698,44,4840.0
2026-07-29,65750,2026-09-11,put,mini,42,0.2705,44,4940.0
2026-07-29,65875,2026-09-11,put,mini,5070,0.2754,44,5070.0
2026-07-29,66000,2026-09-11,put,mini,108,0.2656,44,5100.0
2026-07-29,66250,2026-09-11,put,mini,203,0.2608,44,5265.0
2026-07-29,66500,2026-09-11,put,mini,274,0.2567,44,5440.0
2026-07-29,66750,2026-09-11,put,mini,2,0.2517,44,5615.0
2026-07-29,66875,2026-09-11,put,mini,5745,0.2562,44,5745.0
2026-07-29,67000,2026-09-11,put,mini,46,0.2476,44,5800.0
2026-07-29,67125,2026-09-11,put,mini,5895,0.2457,44,5895.0
2026-07-29,67250,2026-09-11,put,mini,46,0.2417,44,5980.0
2026-07-29,67500,2026-09-11,put,mini,162,0.2355,44,6165.0
2026-07-29,67750,2026-09-11,put,mini,849,0.2291,44,6355.0
2026-07-29,68000,2026-09-11,put,mini,1023,0.2223,44,6550.0
2026-07-29,68250,2026-09-11,put,mini,108,0.2137,44,6745.0
2026-07-29,68500,2026-09-11,put,mini,1004,0.2007,44,6935.0
2026-07-29,68750,2026-09-11,put,mini,1988,0.1886,44,7140.0
2026-07-29,68875,2026-09-11,put,mini,7225,0.1705,44,7225.0
2026-07-29,69000,2026-09-11,put,mini,1739,0.1695,44,7345.0
2026-07-29,69250,2026-09-11,put,mini,48,0.2,44,7550.0
2026-07-29,69500,2026-09-11,put,mini,6,0.2,44,7750.0
2026-07-29,69750,2026-09-11,put,mini,7960,0.2,44,7960.0
2026-07-29,70000,2026-09-11,put,mini,4,0.2,44,8170.0
2026-07-29,71000,2026-09-11,put,mini,9040,0.2,44,9040.0
2026-07-29,71250,2026-09-11,put,mini,4,0.2,44,9260.0
2026-07-29,71500,2026-09-11,put,mini,4,0.2,44,9485.0
2026-07-29,71750,2026-09-11,put,mini,3,0.2,44,9710.0
2026-07-29,72000,2026-09-11,put,mini,9,0.2,44,9940.0
2026-07-29,72250,2026-09-11,put,mini,63,0.2,44,10165.0
2026-07-29,72375,2026-09-11,put,mini,10230,0.2,44,10230.0
2026-07-29,72500,2026-09-11,put,mini,53,0.2,44,10395.0
2026-07-29,72750,2026-09-11,put,mini,24,0.2,44,10625.0
2026-07-29,73000,2026-09-11,put,mini,79,0.2,44,10850.0
2026-07-29,73250,2026-09-11,put,mini,333,0.2,44,11090.0
2026-07-29,73500,2026-09-11,put,mini,162,0.2,44,11325.0
2026-07-29,73750,2026-09-11,call,mini,3,1.8375,44,11555.0
2026-07-29,74000,2026-09-11,call,mini,99,1.8724,44,11785.0
2026-07-29,74250,2026-09-11,call,mini,1,1.9085,44,12025.0
2026-07-29,75000,2026-09-11,call,mini,67,2.0153,44,12735.0
2026-07-29,75250,2026-09-11,call,mini,10,2.0518,44,12980.0
2026-07-29,61125,2026-10-09,call,mini,9,0.2739,72,3275.0
2026-07-29,61250,2026-10-09,call,mini,1,0.2848,72,3330.0
2026-07-29,61500,2026-10-09,call,mini,1,0.3052,72,3430.0
2026-07-29,62000,2026-10-09,call,mini,3,0.3469,72,3650.0
2026-07-29,63000,2026-10-09,call,mini,8,0.4322,72,4145.0
2026-07-29,64000,2026-10-09,call,mini,3,0.5177,72,4675.0
2026-07-29,64750,2026-10-09,call,mini,5,0.5835,72,5105.0
2026-07-29,65000,2026-10-09,call,mini,12,0.6053,72,5250.0
2026-07-29,66000,2026-10-09,call,mini,5905,0.6986,72,5905.0
2026-07-29,71750,2026-10-09,call,mini,10,1.2706,72,10310.0
2026-07-29,62000,2026-07-31,call,mini,8,0.7693,2,1255.0
2026-07-29,62250,2026-07-31,call,mini,6,0.772,2,1150.0
2026-07-29,62375,2026-07-31,call,mini,1,0.7511,2,1060.0
2026-07-29,62500,2026-07-31,call,mini,24,0.7625,2,1030.0
2026-07-29,62750,2026-07-31,call,mini,24,0.7289,2,875.0
2026-07-29,62875,2026-07-31,call,mini,1,0.7201,2,815.0
2026-07-29,63000,2026-07-31,call,mini,56,0.716,2,765.0
2026-07-29,63125,2026-07-31,call,mini,2,0.7107,2,715.0
2026-07-29,63250,2026-07-31,call,mini,5,0.7103,2,675.0
2026-07-29,63375,2026-07-31,call,mini,625,0.7027,2,625.0
2026-07-29,63500,2026-07-31,call,mini,71,0.7063,2,595.0
2026-07-29,63625,2026-07-31,call,mini,17,0.693,2,540.0
2026-07-29,63750,2026-07-31,call,mini,9,0.6913,2,505.0
2026-07-29,63875,2026-07-31,call,mini,470,0.6884,2,470.0
2026-07-29,64000,2026-07-31,call,mini,912,0.6948,2,450.0
2026-07-29,64125,2026-07-31,call,mini,400,0.6789,2,400.0
2026-07-29,64250,2026-07-31,call,mini,31,0.6833,2,380.0
2026-07-29,64375,2026-07-31,call,mini,330,0.6638,2,330.0
2026-07-29,64500,2026-07-31,call,mini,181,0.6739,2,320.0
2026-07-29,64625,2026-07-31,call,mini,4,0.6579,2,279.0
2026-07-29,64750,2026-07-31,call,mini,130,0.6717,2,275.0
2026-07-29,64875,2026-07-31,call,mini,3,0.6501,2,232.0
2026-07-29,65000,2026-07-31,call,mini,3668,0.6646,2,230.0
2026-07-29,65125,2026-07-31,call,mini,4,0.6515,2,200.0
2026-07-29,65250,2026-07-31,call,mini,90,0.6432,2,177.0
2026-07-29,65375,2026-07-31,call,mini,8,0.6408,2,161.0
2026-07-29,65500,2026-07-31,call,mini,345,0.6464,2,153.0
2026-07-29,65625,2026-07-31,call,mini,1,0.6454,2,140.0
2026-07-29,65750,2026-07-31,call,mini,61,0.6353,2,121.0
2026-07-29,65875,2026-07-31,call,mini,3,0.6383,2,113.0
2026-07-29,66000,2026-07-31,call,mini,475,0.639,2,104.0
2026-07-29,66125,2026-07-31,call,mini,27,0.634,2,92.0
2026-07-29,66250,2026-07-31,call,mini,47,0.6323,2,83.0
2026-07-29,66375,2026-07-31,call,mini,55,0.6292,2,74.0
2026-07-29,66500,2026-07-31,call,mini,314,0.6246,2,65.0
2026-07-29,66625,2026-07-31,call,mini,20,0.6245,2,59.0
2026-07-29,66750,2026-07-31,call,mini,37,0.6233,2,53.0
2026-07-29,66875,2026-07-31,call,mini,6,0.6209,2,47.0
2026-07-29,67000,2026-07-31,call,mini,2524,0.6222,2,43.0
2026-07-29,67125,2026-07-31,call,mini,3,0.6169,2,37.0
2026-07-29,67250,2026-07-31,call,mini,100,0.6158,2,33.0
2026-07-29,67375,2026-07-31,call,mini,1,0.6134,2,29.0
2026-07-29,67500,2026-07-31,call,mini,554,0.6015,2,23.0
2026-07-29,67625,2026-07-31,call,mini,1,0.6077,2,22.0
2026-07-29,67750,2026-07-31,call,mini,80,0.6091,2,20.0
2026-07-29,67875,2026-07-31,call,mini,3,0.6047,2,17.0
2026-07-29,68000,2026-07-31,call,mini,718,0.6145,2,17.0
2026-07-29,68125,2026-07-31,call,mini,13,0.6015,2,13.0
2026-07-29,68250,2026-07-31,call,mini,147,0.6046,2,12.0
2026-07-29,68375,2026-07-31,call,mini,13,0.5996,2,10.0
2026-07-29,68500,2026-07-31,call,mini,407,0.5826,2,7.0
2026-07-29,68625,2026-07-31,call,mini,3,0.5915,2,7.0
2026-07-29,68750,2026-07-31,call,mini,48,0.5896,2,6.0
2026-07-29,68875,2026-07-31,call,mini,6,0.586,2,5.0
2026-07-29,69000,2026-07-31,call,mini,983,0.5802,2,4.0
2026-07-29,69125,2026-07-31,call,mini,7,0.571,2,3.0
2026-07-29,69250,2026-07-31,call,mini,198,0.5791,2,3.0
2026-07-29,69375,2026-07-31,call,mini,4,0.5642,2,2.0
2026-07-29,69500,2026-07-31,call,mini,1722,0.5719,2,2.0
2026-07-29,69625,2026-07-31,call,mini,45,0.5797,2,2.0
2026-07-29,69750,2026-07-31,call,mini,181,0.5874,2,2.0
2026-07-29,69875,2026-07-31,call,mini,5,0.5951,2,2.0
2026-07-29,70000,2026-07-31,call,mini,670,0.6028,2,2.0
2026-07-29,70125,2026-07-31,call,mini,6,0.6104,2,2.0
2026-07-29,70250,2026-07-31,call,mini,125,0.5809,2,1.0
2026-07-29,70375,2026-07-31,call,mini,118,0.5881,2,1.0
2026-07-29,70500,2026-07-31,call,mini,382,0.5953,2,1.0
2026-07-29,70625,2026-07-31,call,mini,45,0.6025,2,1.0
2026-07-29,70750,2026-07-31,call,mini,104,0.6097,2,1.0
2026-07-29,70875,2026-07-31,call,mini,30,0.6168,2,1.0
2026-07-29,71000,2026-07-31,call,mini,977,0.6239,2,1.0
2026-07-29,71125,2026-07-31,call,mini,23,0.631,2,1.0
2026-07-29,71250,2026-07-31,call,mini,30,0.6381,2,1.0
2026-07-29,71375,2026-07-31,call,mini,22,0.6452,2,1.0
2026-07-29,71500,2026-07-31,call,mini,337,0.6522,2,1.0
2026-07-29,71625,2026-07-31,call,mini,22,0.6592,2,1.0
2026-07-29,71750,2026-07-31,call,mini,31,0.6662,2,1.0
2026-07-29,71875,2026-07-31,call,mini,1,0.6732,2,1.0
2026-07-29,72000,2026-07-31,call,mini,615,0.6802,2,1.0
2026-07-29,72125,2026-07-31,call,mini,15,0.6871,2,1.0
2026-07-29,72250,2026-07-31,call,mini,52,0.694,2,1.0
2026-07-29,72375,2026-07-31,call,mini,5,0.701,2,1.0
2026-07-29,72500,2026-07-31,call,mini,800,0.7078,2,1.0
2026-07-29,72625,2026-07-31,call,mini,1,0.7147,2,1.0
2026-07-29,72750,2026-07-31,call,mini,18,0.7216,2,1.0
2026-07-29,72875,2026-07-31,call,mini,2,0.7284,2,1.0
2026-07-29,73000,2026-07-31,call,mini,2179,0.7352,2,1.0
2026-07-29,73125,2026-07-31,call,mini,10,0.742,2,1.0
2026-07-29,73250,2026-07-31,call,mini,244,0.7488,2,1.0
2026-07-29,73375,2026-07-31,call,mini,1,0.7556,2,1.0
2026-07-29,73500,2026-07-31,call,mini,21,0.7624,2,1.0
2026-07-29,73625,2026-07-31,call,mini,15,0.7691,2,1.0
2026-07-29,73750,2026-07-31,call,mini,11,0.7758,2,1.0
2026-07-29,73875,2026-07-31,call,mini,1,0.7825,2,1.0
2026-07-29,74000,2026-07-31,call,mini,115,0.7892,2,1.0
2026-07-29,74125,2026-07-31,call,mini,2,0.7959,2,1.0
2026-07-29,74250,2026-07-31,call,mini,6,0.8025,2,1.0
2026-07-29,74375,2026-07-31,call,mini,1,0.8092,2,1.0
2026-07-29,74500,2026-07-31,call,mini,15,0.8158,2,1.0
2026-07-29,74625,2026-07-31,call,mini,15,0.8224,2,1.0
2026-07-29,74750,2026-07-31,call,mini,15,0.829,2,1.0
2026-07-29,74875,2026-07-31,call,mini,1,0.8356,2,1.0
2026-07-29,75000,2026-07-31,call,mini,100,0.8421,2,1.0
2026-07-29,75125,2026-07-31,call,mini,10,0.8487,2,1.0
2026-07-29,75250,2026-07-31,call,mini,10,0.8552,2,1.0
2026-07-29,75375,2026-07-31,call,mini,30,0.8617,2,1.0
2026-07-29,66000,2026-08-05,call,mini,1,0.4691,7,320.0
2026-07-29,66250,2026-08-05,call,mini,1,0.4622,7,273.0
2026-07-29,66500,2026-08-05,call,mini,2,0.4577,7,235.0
2026-07-29,67750,2026-08-05,call,mini,2,0.4499,7,117.0
2026-07-29,61500,2026-08-07,call,mini,20,0.5505,9,2220.0
2026-07-29,62250,2026-08-07,call,mini,909,0.5367,9,1815.0
2026-07-29,62500,2026-08-07,call,mini,22,0.5322,9,1690.0
2026-07-29,62625,2026-08-07,call,mini,11,0.5275,9,1620.0
2026-07-29,62750,2026-08-07,call,mini,10,0.5238,9,1555.0
2026-07-29,62875,2026-08-07,call,mini,13,0.5198,9,1490.0
2026-07-29,63000,2026-08-07,call,mini,36,0.5154,9,1425.0
2026-07-29,63125,2026-08-07,call,mini,14,0.512,9,1365.0
2026-07-29,63250,2026-08-07,call,mini,11,0.5096,9,1310.0
2026-07-29,63375,2026-08-07,call,mini,9,0.5081,9,1260.0
2026-07-29,63625,2026-08-07,call,mini,7,0.5043,9,1160.0
2026-07-29,63750,2026-08-07,call,mini,5,0.5018,9,1110.0
2026-07-29,63875,2026-08-07,call,mini,5,0.5004,9,1065.0
2026-07-29,64000,2026-08-07,call,mini,28,0.4958,9,1010.0
2026-07-29,64500,2026-08-07,call,mini,9,0.4804,9,815.0
2026-07-29,64750,2026-08-07,call,mini,5,0.4724,9,725.0
2026-07-29,65000,2026-08-07,call,mini,5,0.464,9,640.0
2026-07-29,65250,2026-08-07,call,mini,5,0.457,9,565.0
2026-07-29,65500,2026-08-07,call,mini,5,0.448,9,490.0
2026-07-29,65750,2026-08-07,call,mini,5,0.4404,9,425.0
2026-07-29,66000,2026-08-07,call,mini,29,0.4507,9,410.0
2026-07-29,66500,2026-08-07,call,mini,57,0.415,9,258.0
2026-07-29,67000,2026-08-07,call,mini,53,0.4245,9,222.0
2026-07-29,67500,2026-08-07,call,mini,10,0.424,9,175.0
2026-07-29,67750,2026-08-07,call,mini,4,0.4245,9,156.0
2026-07-29,67875,2026-08-07,call,mini,1,0.4239,9,146.0
2026-07-29,68000,2026-08-07,call,mini,14,0.4244,9,138.0
2026-07-29,68500,2026-08-07,call,mini,81,0.4345,9,120.0
2026-07-29,68750,2026-08-07,call,mini,8,0.4245,9,95.0
2026-07-29,69000,2026-08-07,call,mini,18,0.425,9,84.0
2026-07-29,70000,2026-08-07,call,mini,15,0.4231,9,48.0
2026-07-29,70500,2026-08-07,call,mini,1,0.4244,9,37.0
2026-07-29,72000,2026-08-07,call,mini,3,0.4231,9,15.0
2026-07-29,72500,2026-08-07,call,mini,3,0.423,9,11.0
2026-07-29,72750,2026-08-07,call,mini,4,0.426,9,10.0
2026-07-29,56750,2026-08-14,call,mini,25,0.6406,16,6230.0
2026-07-29,57000,2026-08-14,call,mini,6020,0.6324,16,6020.0
2026-07-29,57250,2026-08-14,call,mini,9,0.6227,16,5805.0
2026-07-29,57875,2026-08-14,call,mini,1,0.6011,16,5285.0
2026-07-29,58000,2026-08-14,call,mini,7,0.5951,16,5175.0
2026-07-29,58500,2026-08-14,call,mini,4780,0.5803,16,4780.0
2026-07-29,58875,2026-08-14,call,mini,1,0.5671,16,4480.0
2026-07-29,59000,2026-08-14,call,mini,9,0.5636,16,4385.0
2026-07-29,60000,2026-08-14,call,mini,25,0.5459,16,3700.0
2026-07-29,60250,2026-08-14,call,mini,1,0.5241,16,3450.0
2026-07-29,60500,2026-08-14,call,mini,3280,0.5179,16,3280.0
2026-07-29,60625,2026-08-14,call,mini,3200,0.5156,16,3200.0
2026-07-29,60750,2026-08-14,call,mini,3105,0.5101,16,3105.0
2026-07-29,61000,2026-08-14,call,mini,32,0.5037,16,2940.0
2026-07-29,61250,2026-08-14,call,mini,2775,0.4965,16,2775.0
2026-07-29,61500,2026-08-14,call,mini,51,0.4887,16,2610.0
2026-07-29,61750,2026-08-14,call,mini,40,0.483,16,2460.0
2026-07-29,62000,2026-08-14,call,mini,870,0.4718,16,2285.0
2026-07-29,62250,2026-08-14,call,mini,976,0.4724,16,2175.0
2026-07-29,62375,2026-08-14,call,mini,483,0.4734,16,2125.0
2026-07-29,62500,2026-08-14,call,mini,76,0.4702,16,2055.0
2026-07-29,62750,2026-08-14,call,mini,32,0.4634,16,1915.0
2026-07-29,63000,2026-08-14,call,mini,81,0.4626,16,1810.0
2026-07-29,63250,2026-08-14,call,mini,126,0.455,16,1675.0
2026-07-29,63375,2026-08-14,call,mini,1610,0.4514,16,1610.0
2026-07-29,63500,2026-08-14,call,mini,35,0.4505,16,1560.0
2026-07-29,63625,2026-08-14,call,mini,1,0.4555,16,1540.0
2026-07-29,63750,2026-08-14,call,mini,21,0.4431,16,1435.0
2026-07-29,64000,2026-08-14,call,mini,120,0.4399,16,1335.0
2026-07-29,64125,2026-08-14,call,mini,1285,0.4379,16,1285.0
2026-07-29,64250,2026-08-14,call,mini,13,0.4315,16,1215.0
2026-07-29,64500,2026-08-14,call,mini,59,0.4359,16,1160.0
2026-07-29,64625,2026-08-14,call,mini,2,0.4298,16,1095.0
2026-07-29,64750,2026-08-14,call,mini,8,0.4299,16,1060.0
2026-07-29,64875,2026-08-14,call,mini,1,0.4265,16,1010.0
2026-07-29,65000,2026-08-14,call,mini,281,0.425,16,970.0
2026-07-29,65125,2026-08-14,call,mini,29,0.4233,16,930.0
2026-07-29,65250,2026-08-14,call,mini,21,0.426,16,910.0
2026-07-29,65375,2026-08-14,call,mini,860,0.4215,16,860.0
2026-07-29,65500,2026-08-14,call,mini,60,0.4179,16,815.0
2026-07-29,65625,2026-08-14,call,mini,10,0.4176,16,785.0
2026-07-29,65750,2026-08-14,call,mini,42,0.4158,16,750.0
2026-07-29,65875,2026-08-14,call,mini,1,0.4138,16,715.0
2026-07-29,66000,2026-08-14,call,mini,210,0.4141,16,690.0
2026-07-29,66125,2026-08-14,call,mini,1,0.4116,16,655.0
2026-07-29,66250,2026-08-14,call,mini,20,0.4101,16,625.0
2026-07-29,66375,2026-08-14,call,mini,2,0.4083,16,595.0
2026-07-29,66500,2026-08-14,call,mini,81,0.4077,16,570.0
2026-07-29,66625,2026-08-14,call,mini,540,0.4054,16,540.0
2026-07-29,66750,2026-08-14,call,mini,24,0.4058,16,520.0
2026-07-29,66875,2026-08-14,call,mini,10,0.4044,16,495.0
2026-07-29,67000,2026-08-14,call,mini,280,0.4058,16,480.0
2026-07-29,67125,2026-08-14,call,mini,1,0.3978,16,435.0
2026-07-29,67250,2026-08-14,call,mini,126,0.3971,16,415.0
2026-07-29,67375,2026-08-14,call,mini,395,0.3962,16,395.0
2026-07-29,67500,2026-08-14,call,mini,428,0.3968,16,380.0
2026-07-29,67625,2026-08-14,call,mini,5,0.3937,16,355.0
2026-07-29,67750,2026-08-14,call,mini,562,0.3973,16,350.0
2026-07-29,67875,2026-08-14,call,mini,2,0.3918,16,320.0
2026-07-29,68000,2026-08-14,call,mini,776,0.397,16,320.0
2026-07-29,68125,2026-08-14,call,mini,288,0.39,16,288.0
2026-07-29,68250,2026-08-14,call,mini,123,0.3892,16,273.0
2026-07-29,68375,2026-08-14,call,mini,259,0.3885,16,259.0
2026-07-29,68500,2026-08-14,call,mini,867,0.3913,16,254.0
2026-07-29,68625,2026-08-14,call,mini,1,0.3872,16,233.0
2026-07-29,68750,2026-08-14,call,mini,1442,0.3853,16,218.0
2026-07-29,68875,2026-08-14,call,mini,10,0.384,16,205.0
2026-07-29,69000,2026-08-14,call,mini,1607,0.3891,16,206.0
2026-07-29,69125,2026-08-14,call,mini,1,0.3814,16,181.0
2026-07-29,69250,2026-08-14,call,mini,87,0.3854,16,180.0
2026-07-29,69375,2026-08-14,call,mini,15,0.3847,16,170.0
2026-07-29,69500,2026-08-14,call,mini,170,0.3865,16,165.0
2026-07-29,69625,2026-08-14,call,mini,1,0.3903,16,164.0
2026-07-29,69750,2026-08-14,call,mini,66,0.3902,16,156.0
2026-07-29,69875,2026-08-14,call,mini,5,0.3752,16,124.0
2026-07-29,70000,2026-08-14,call,mini,654,0.3845,16,132.0
2026-07-29,70125,2026-08-14,call,mini,7,0.3735,16,109.0
2026-07-29,70250,2026-08-14,call,mini,24,0.3725,16,102.0
2026-07-29,70375,2026-08-14,call,mini,95,0.3713,16,95.0
2026-07-29,70500,2026-08-14,call,mini,144,0.3835,16,106.0
2026-07-29,70750,2026-08-14,call,mini,40,0.3691,16,78.0
2026-07-29,70875,2026-08-14,call,mini,73,0.3685,16,73.0
2026-07-29,71000,2026-08-14,call,mini,991,0.3836,16,86.0
2026-07-29,71125,2026-08-14,call,mini,15,0.3663,16,63.0
2026-07-29,71250,2026-08-14,call,mini,525,0.3648,16,58.0
2026-07-29,71375,2026-08-14,call,mini,492,0.364,16,54.0
2026-07-29,71500,2026-08-14,call,mini,169,0.3641,16,51.0
2026-07-29,71625,2026-08-14,call,mini,4,0.3628,16,47.0
2026-07-29,71750,2026-08-14,call,mini,69,0.3571,16,40.0
2026-07-29,71875,2026-08-14,call,mini,1,0.3517,16,34.0
2026-07-29,72000,2026-08-14,call,mini,441,0.3818,16,54.0
2026-07-29,72125,2026-08-14,call,mini,2,0.3519,16,30.0
2026-07-29,72250,2026-08-14,call,mini,43,0.3517,16,28.0
2026-07-29,72375,2026-08-14,call,mini,3,0.3619,16,32.0
2026-07-29,72500,2026-08-14,call,mini,213,0.3831,16,44.0
2026-07-29,72625,2026-08-14,call,mini,1,0.3733,16,35.0
2026-07-29,72750,2026-08-14,call,mini,34,0.3857,16,41.0
2026-07-29,72875,2026-08-14,call,mini,11,0.383,16,37.0
2026-07-29,73000,2026-08-14,call,mini,353,0.3848,16,36.0
2026-07-29,73125,2026-08-14,call,mini,1,0.3848,16,34.0
2026-07-29,73250,2026-08-14,call,mini,26,0.3847,16,32.0
2026-07-29,73375,2026-08-14,call,mini,1,0.3861,16,31.0
2026-07-29,73500,2026-08-14,call,mini,215,0.3857,16,29.0
2026-07-29,73625,2026-08-14,call,mini,3,0.3869,16,28.0
2026-07-29,73750,2026-08-14,call,mini,240,0.3861,16,26.0
2026-07-29,73875,2026-08-14,call,mini,1,0.3872,16,25.0
2026-07-29,74000,2026-08-14,call,mini,405,0.3881,16,24.0
2026-07-29,74125,2026-08-14,call,mini,22,0.3867,16,22.0
2026-07-29,74250,2026-08-14,call,mini,84,0.3873,16,21.0
2026-07-29,74375,2026-08-14,call,mini,20,0.3879,16,20.0
2026-07-29,74500,2026-08-14,call,mini,242,0.3958,16,22.0
2026-07-29,74625,2026-08-14,call,mini,1,0.3886,16,18.0
2026-07-29,74750,2026-08-14,call,mini,117,0.3888,16,17.0
2026-07-29,74875,2026-08-14,call,mini,4,0.3888,16,16.0
2026-07-29,75000,2026-08-14,call,mini,532,0.3917,16,16.0
2026-07-29,75125,2026-08-14,call,mini,11,0.3915,16,15.0
2026-07-29,75250,2026-08-14,call,mini,138,0.3911,16,14.0
2026-07-29,75375,2026-08-14,call,mini,93,0.3939,16,14.0
2026-07-29,64500,2026-08-21,call,mini,4,0.4171,23,1465.0
2026-07-29,61250,2026-09-11,call,mini,32,0.4099,44,3715.0
2026-07-29,61500,2026-09-11,call,mini,3570,0.4072,44,3570.0
2026-07-29,62000,2026-09-11,call,mini,7,0.3978,44,3255.0
2026-07-29,62250,2026-09-11,call,mini,3,0.3952,44,3120.0
2026-07-29,62500,2026-09-11,call,mini,9,0.3988,44,3040.0
2026-07-29,62750,2026-09-11,call,mini,3,0.3949,44,2900.0
2026-07-29,62875,2026-09-11,call,mini,2825,0.3923,44,2825.0
2026-07-29,63000,2026-09-11,call,mini,54,0.3931,44,2780.0
2026-07-29,63250,2026-09-11,call,mini,63,0.3892,44,2645.0
2026-07-29,63500,2026-09-11,call,mini,66,0.3861,44,2520.0
2026-07-29,63750,2026-09-11,call,mini,24,0.382,44,2390.0
2026-07-29,64000,2026-09-11,call,mini,123,0.3794,44,2275.0
2026-07-29,64250,2026-09-11,call,mini,328,0.3764,44,2160.0
2026-07-29,64500,2026-09-11,call,mini,164,0.3742,44,2055.0
2026-07-29,64750,2026-09-11,call,mini,9,0.3716,44,1950.0
2026-07-29,65000,2026-09-11,call,mini,62,0.3705,44,1860.0
2026-07-29,65125,2026-09-11,call,mini,3,0.373,44,1840.0
2026-07-29,65250,2026-09-11,call,mini,2,0.3678,44,1760.0
2026-07-29,65500,2026-09-11,call,mini,18,0.366,44,1670.0
2026-07-29,65750,2026-09-11,call,mini,1,0.3651,44,1590.0
2026-07-29,66000,2026-09-11,call,mini,71,0.3631,44,1505.0
2026-07-29,66125,2026-09-11,call,mini,2,0.3643,44,1480.0
2026-07-29,66250,2026-09-11,call,mini,24,0.3655,44,1455.0
2026-07-29,66500,2026-09-11,call,mini,34,0.3662,44,1395.0
2026-07-29,66625,2026-09-11,call,mini,1355,0.3651,44,1355.0
2026-07-29,66750,2026-09-11,call,mini,1315,0.3639,44,1315.0
2026-07-29,66875,2026-09-11,call,mini,1275,0.3625,44,1275.0
2026-07-29,67000,2026-09-11,call,mini,36,0.3569,44,1205.0
2026-07-29,67125,2026-09-11,call,mini,1,0.3568,44,1175.0
2026-07-29,67250,2026-09-11,call,mini,43,0.3551,44,1135.0
2026-07-29,67375,2026-09-11,call,mini,1110,0.3555,44,1110.0
2026-07-29,67500,2026-09-11,call,mini,166,0.3536,44,1070.0
2026-07-29,67625,2026-09-11,call,mini,1050,0.3545,44,1050.0
2026-07-29,67750,2026-09-11,call,mini,858,0.3524,44,1010.0
2026-07-29,68000,2026-09-11,call,mini,1034,0.3517,44,955.0
2026-07-29,68125,2026-09-11,call,mini,3,0.3508,44,925.0
2026-07-29,68250,2026-09-11,call,mini,110,0.3505,44,900.0
2026-07-29,68500,2026-09-11,call,mini,1090,0.3482,44,840.0
2026-07-29,68625,2026-09-11,call,mini,825,0.3494,44,825.0
2026-07-29,68750,2026-09-11,call,mini,2054,0.348,44,795.0
2026-07-29,68875,2026-09-11,call,mini,2,0.3447,44,755.0
2026-07-29,69000,2026-09-11,call,mini,1936,0.3473,44,750.0
2026-07-29,69125,2026-09-11,call,mini,3,0.3473,44,730.0
2026-07-29,69250,2026-09-11,call,mini,85,0.3464,44,705.0
2026-07-29,69375,2026-09-11,call,mini,685,0.3462,44,685.0
2026-07-29,69500,2026-09-11,call,mini,9,0.345,44,660.0
2026-07-29,69625,2026-09-11,call,mini,645,0.3456,44,645.0
2026-07-29,69750,2026-09-11,call,mini,5,0.3442,44,620.0
2026-07-29,69875,2026-09-11,call,mini,605,0.3446,44,605.0
2026-07-29,70000,2026-09-11,call,mini,77,0.343,44,580.0
2026-07-29,70125,2026-09-11,call,mini,2,0.3442,44,570.0
2026-07-29,70250,2026-09-11,call,mini,3,0.3424,44,545.0
2026-07-29,70500,2026-09-11,call,mini,16,0.3415,44,510.0
2026-07-29,70625,2026-09-11,call,mini,500,0.3425,44,500.0
2026-07-29,70750,2026-09-11,call,mini,20,0.3402,44,475.0
2026-07-29,71000,2026-09-11,call,mini,38,0.3407,44,450.0
2026-07-29,71125,2026-09-11,call,mini,440,0.3414,44,440.0
2026-07-29,71250,2026-09-11,call,mini,7,0.3397,44,420.0
2026-07-29,71375,2026-09-11,call,mini,415,0.3414,44,415.0
2026-07-29,71500,2026-09-11,call,mini,7,0.3396,44,395.0
2026-07-29,71625,2026-09-11,call,mini,370,0.3363,44,370.0
2026-07-29,71750,2026-09-11,call,mini,12,0.3391,44,370.0
2026-07-29,71875,2026-09-11,call,mini,320,0.3291,44,320.0
2026-07-29,72000,2026-09-11,call,mini,54,0.3253,44,296.0
2026-07-29,72250,2026-09-11,call,mini,71,0.3232,44,270.0
2026-07-29,72500,2026-09-11,call,mini,76,0.3384,44,305.0
2026-07-29,72750,2026-09-11,call,mini,30,0.3312,44,262.0
2026-07-29,72875,2026-09-11,call,mini,260,0.3331,44,260.0
2026-07-29,73000,2026-09-11,call,mini,128,0.335,44,258.0
2026-07-29,73125,2026-09-11,call,mini,1,0.337,44,256.0
2026-07-29,73250,2026-09-11,call,mini,346,0.3382,44,252.0
2026-07-29,73375,2026-09-11,call,mini,4,0.3385,44,245.0
2026-07-29,73500,2026-09-11,call,mini,359,0.3384,44,237.0
2026-07-29,73750,2026-09-11,call,mini,384,0.3373,44,219.0
2026-07-29,73875,2026-09-11,call,mini,3,0.3384,44,215.0
2026-07-29,74000,2026-09-11,call,mini,179,0.3387,44,209.0
2026-07-29,74250,2026-09-11,call,mini,84,0.3391,44,197.0
2026-07-29,74375,2026-09-11,call,mini,192,0.3396,44,192.0
2026-07-29,74500,2026-09-11,call,mini,110,0.3404,44,188.0
2026-07-29,74625,2026-09-11,call,mini,183,0.3408,44,183.0
2026-07-29,74750,2026-09-11,call,mini,151,0.3412,44,178.0
2026-07-29,74875,2026-09-11,call,mini,1,0.3411,44,172.0
2026-07-29,75000,2026-09-11,call,mini,204,0.3413,44,167.0
2026-07-29,75250,2026-09-11,call,mini,21,0.3416,44,157.0
2026-07-29,75375,2026-09-11,call,mini,7,0.3416,44,152.0
2026-07-29,61250,2026-10-09,call,mini,10,0.365,72,4200.0
2026-07-29,61875,2026-10-09,call,mini,4,0.3595,72,3845.0
2026-07-29,62500,2026-10-09,call,mini,3,0.3568,72,3535.0
2026-07-29,63875,2026-10-09,call,mini,12,0.346,72,2855.0
2026-07-29,64000,2026-10-09,call,mini,1,0.3448,72,2795.0
2026-07-29,64250,2026-10-09,call,mini,4,0.3446,72,2700.0
2026-07-29,65000,2026-10-09,call,mini,3,0.3389,72,2375.0
2026-07-29,66000,2026-10-09,call,mini,5,0.3362,72,2030.0
2026-07-29,67000,2026-10-09,call,mini,5,0.3303,72,1690.0
2026-07-29,67500,2026-10-09,call,mini,1,0.3263,72,1525.0
2026-07-29,68000,2026-10-09,call,mini,4,0.3261,72,1405.0
2026-07-29,69000,2026-10-09,call,mini,1,0.323,72,1165.0
2026-07-29,70000,2026-10-09,call,mini,8,0.3222,72,975.0
2026-07-29,70125,2026-10-09,call,mini,1,0.3224,72,955.0
2026-07-29,70500,2026-10-09,call,mini,1,0.3218,72,890.0
2026-07-29,70750,2026-10-09,call,mini,2,0.3217,72,850.0
2026-07-29,71000,2026-10-09,call,mini,5,0.3213,72,810.0
2026-07-29,71750,2026-10-09,call,mini,21,0.3202,72,700.0
